g CityWall_1_4
v -2.9983797 0.08479433 -0.09775924
v -2.9983797 -8.404254E-06 -0.07158508
v -2.99838 0.00015763043 -0.09897327
v -2.9633403 -8.428096E-06 0.15099066
v -2.99838 0.05078783 0.14744757
v -2.9633403 0.060935874 0.14744757
v -2.99838 0.05078783 0.14744757
v -2.9633403 -8.428096E-06 0.15099066
v -2.9983797 -8.416176E-06 0.15099066
v -2.9633403 -8.404254E-06 -0.09953327
v -2.9983797 0.08479433 -0.09775924
v -2.99838 0.00015763043 -0.09897327
v -2.9983797 0.08479433 -0.09775924
v -2.9633403 -8.404254E-06 -0.09953327
v -2.9633403 0.08479431 -0.09775924
v -2.9983797 0.0851244 0.0923397
v -2.9633403 0.060935874 0.14744757
v -2.99838 0.05078783 0.14744757
v -2.9633403 0.060935874 0.14744757
v -2.9983797 0.0851244 0.0923397
v -2.9633403 0.08512439 0.095813364
v -2.9633403 -8.404254E-06 -0.09953327
v -2.99838 0.00015763043 -0.09897327
v -2.9983797 -8.404254E-06 -0.07158508
v -0.09775886 0.084794305 -2.674303
v -0.071584694 -8.428096E-06 -2.6743033
v -0.09897308 0.0001576066 -2.6743033
v 0.15099105 -8.440017E-06 -2.7093427
v 0.14744776 0.050787803 -2.6743033
v 0.14744796 0.060935862 -2.7093427
v 0.14744776 0.050787803 -2.6743033
v 0.15099105 -8.440017E-06 -2.7093427
v 0.15099086 -8.440017E-06 -2.674303
v -0.09953307 -8.428096E-06 -2.709343
v -0.09775886 0.084794305 -2.674303
v -0.09897308 0.0001576066 -2.6743033
v -0.09775886 0.084794305 -2.674303
v -0.09953307 -8.428096E-06 -2.709343
v -0.09775886 0.084794305 -2.7093427
v 0.09234008 0.08512438 -2.6743033
v 0.14744796 0.060935862 -2.7093427
v 0.14744776 0.050787803 -2.6743033
v 0.14744796 0.060935862 -2.7093427
v 0.09234008 0.08512438 -2.6743033
v 0.095813744 0.08512437 -2.7093427
v -0.09953307 -8.428096E-06 -2.709343
v -0.09897308 0.0001576066 -2.6743033
v -0.071584694 -8.428096E-06 -2.6743033
v 2.6743028 -8.761882E-06 0.071584694
v 2.6743028 0.08479396 0.09775886
v 2.6743033 0.00015726089 0.09897308
v 2.7093432 -8.749961E-06 -0.15099066
v 2.6743033 0.050787494 -0.14744796
v 2.6743033 -8.749961E-06 -0.15099086
v 2.6743033 0.050787494 -0.14744796
v 2.7093432 -8.749961E-06 -0.15099066
v 2.7093427 0.060935542 -0.14744796
v 2.7093427 -8.7738035E-06 0.09953307
v 2.6743028 0.08479396 0.09775886
v 2.7093427 0.08479395 0.097758666
v 2.6743028 0.08479396 0.09775886
v 2.7093427 -8.7738035E-06 0.09953307
v 2.6743033 0.00015726089 0.09897308
v 2.6743033 0.08512407 -0.09234008
v 2.7093427 0.060935542 -0.14744796
v 2.7093427 0.085124046 -0.095813744
v 2.7093427 0.060935542 -0.14744796
v 2.6743033 0.08512407 -0.09234008
v 2.6743033 0.050787494 -0.14744796
v 2.7093427 -8.7738035E-06 0.09953307
v 2.6743028 -8.761882E-06 0.071584694
v 2.6743033 0.00015726089 0.09897308
v -2.6606996 0.08512502 -2.0809176
v -2.5015023 0.084794916 -2.190561
v -2.6383789 0.085125 -2.0536847
v -2.5015023 0.084794916 -2.190561
v -2.6606996 0.08512502 -2.0809176
v -2.5262792 0.08479493 -2.2153378
v -2.677395 -0.0012956499 -2.0146682
v -2.6996665 0.050788436 -2.0419505
v -2.6748896 0.060936496 -2.0171738
v -2.6996665 0.050788436 -2.0419505
v -2.677395 -0.0012956499 -2.0146682
v -2.702172 -0.0012956499 -2.0394452
v -2.500248 -0.0012956499 -2.1918159
v -2.5262792 0.08479493 -2.2153378
v -2.5254207 0.024627326 -2.2161965
v -2.5262792 0.08479493 -2.2153378
v -2.500248 -0.0012956499 -2.1918159
v -2.5015023 0.084794916 -2.190561
v -2.6606996 0.08512502 -2.0809176
v -2.6748896 0.060936496 -2.0171738
v -2.6996665 0.050788436 -2.0419505
v -2.6748896 0.060936496 -2.0171738
v -2.6606996 0.08512502 -2.0809176
v -2.6383789 0.085125 -2.0536847
v -2.500248 -0.0012956499 -2.1918159
v -2.5254207 0.024627326 -2.2161965
v -2.5447872 -0.0012956499 -2.19683
v -1.7529413 -0.0012959361 -2.5648658
v -1.7306697 0.05078815 -2.5375838
v -1.7554466 0.06093621 -2.5623605
v -1.7306697 0.05078815 -2.5375838
v -1.7529413 -0.0012959361 -2.5648658
v -1.7281646 -0.0012959361 -2.5400891
v -1.9300883 -0.0012959241 -2.3877184
v -1.904057 0.084794655 -2.3641963
v -1.9049155 0.024627052 -2.3633375
v -1.904057 0.084794655 -2.3641963
v -1.9300883 -0.0012959241 -2.3877184
v -1.9288336 0.08479464 -2.388973
v -1.7696369 0.08512473 -2.4986167
v -1.7554466 0.06093621 -2.5623605
v -1.7306697 0.05078815 -2.5375838
v -1.7554466 0.06093621 -2.5623605
v -1.7696369 0.08512473 -2.4986167
v -1.7919574 0.085124716 -2.5258496
v -1.9300883 -0.0012959241 -2.3877184
v -1.9049155 0.024627052 -2.3633375
v -1.8855491 -0.0012959241 -2.3827043
v 1.7696372 0.08512429 -2.498617
v 1.9288336 0.08479416 -2.388973
v 1.9040571 0.08479418 -2.3641965
v 1.9288336 0.08479416 -2.388973
v 1.7696372 0.08512429 -2.498617
v 1.7919577 0.08512428 -2.52585
v 1.7529414 -0.0012963652 -2.564866
v 1.7306701 0.05078772 -2.537584
v 1.7281646 -0.0012963652 -2.5400894
v 1.7306701 0.05078772 -2.537584
v 1.7529414 -0.0012963652 -2.564866
v 1.7554466 0.06093578 -2.5623608
v 1.9300886 -0.0012964009 -2.3877187
v 1.9040571 0.08479418 -2.3641965
v 1.9288336 0.08479416 -2.388973
v 1.9040571 0.08479418 -2.3641965
v 1.9300886 -0.0012964009 -2.3877187
v 1.9049155 0.024626575 -2.3633378
v 1.7696372 0.08512429 -2.498617
v 1.7554466 0.06093578 -2.5623608
v 1.7919577 0.08512428 -2.52585
v 1.7554466 0.06093578 -2.5623608
v 1.7696372 0.08512429 -2.498617
v 1.7306701 0.05078772 -2.537584
v 1.9300886 -0.0012964009 -2.3877187
v 1.8855491 -0.0012964009 -2.3827045
v 1.9049155 0.024626575 -2.3633378
v 2.6773956 -0.0012968181 2.0146682
v 2.6996667 0.050787266 2.0419505
v 2.67489 0.060935326 2.0171735
v 2.6996667 0.050787266 2.0419505
v 2.6773956 -0.0012968181 2.0146682
v 2.702172 -0.0012968181 2.0394454
v 2.5002482 -0.0012968181 2.1918154
v 2.5262792 0.084793754 2.215338
v 2.525421 0.024626158 2.2161963
v 2.5262792 0.084793754 2.215338
v 2.5002482 -0.0012968181 2.1918154
v 2.501502 0.08479376 2.1905608
v 2.6606996 0.085123844 2.0809176
v 2.67489 0.060935326 2.0171735
v 2.6996667 0.050787266 2.0419505
v 2.67489 0.060935326 2.0171735
v 2.6606996 0.085123844 2.0809176
v 2.638379 0.085123844 2.0536845
v 2.5002482 -0.0012968181 2.1918154
v 2.525421 0.024626158 2.2161963
v 2.5447874 -0.0012968181 2.1968298
v 1.752941 -0.001297009 2.5648658
v 1.7306701 0.0507871 2.5375838
v 1.7554466 0.060935136 2.5623603
v 1.7306701 0.0507871 2.5375838
v 1.752941 -0.001297009 2.5648658
v 1.7281646 -0.0012969851 2.5400894
v 1.9300886 -0.001296997 2.387718
v 1.9040571 0.08479359 2.3641958
v 1.9049159 0.024626004 2.3633373
v 1.9040571 0.08479359 2.3641958
v 1.9300886 -0.001296997 2.387718
v 1.9288341 0.08479358 2.3889728
v 1.7696369 0.08512367 2.4986162
v 1.7554466 0.060935136 2.5623603
v 1.7306701 0.0507871 2.5375838
v 1.7554466 0.060935136 2.5623603
v 1.7696369 0.08512367 2.4986162
v 1.7919574 0.08512365 2.5258493
v 1.9300886 -0.001296997 2.387718
v 1.9049159 0.024626004 2.3633373
v 1.8855491 -0.0012969732 2.382704
v -2.6773946 -0.0012961506 2.0146682
v -2.6996665 0.050787933 2.0419505
v -2.7021718 -0.0012961506 2.0394454
v -2.6996665 0.050787933 2.0419505
v -2.6773946 -0.0012961506 2.0146682
v -2.6748893 0.060935993 2.0171735
v -2.5002477 -0.0012961983 2.1918159
v -2.5262792 0.08479439 2.215338
v -2.501502 0.08479438 2.1905608
v -2.5262792 0.08479439 2.215338
v -2.5002477 -0.0012961983 2.1918159
v -2.5254204 0.024626778 2.2161963
v -2.6606994 0.085124515 2.0809176
v -2.6748893 0.060935993 2.0171735
v -2.6383784 0.0851245 2.0536845
v -2.6748893 0.060935993 2.0171735
v -2.6606994 0.085124515 2.0809176
v -2.6996665 0.050787933 2.0419505
v -2.5002477 -0.0012961983 2.1918159
v -2.5447872 -0.0012961745 2.1968298
v -2.5254204 0.024626778 2.2161963
v -2.9085793 0.3388397 -1.4252061
v -2.9642682 0.33883974 -0.914281
v -2.9642682 0.3388397 -1.4252061
v -2.9086123 0.33883974 -0.914281
v -2.9086123 0.28538176 -0.914281
v -2.9642682 0.28538173 -0.26163042
v -2.9642682 0.28538176 -0.914281
v -2.9086123 0.28538173 -0.26163042
v -2.9086123 0.33916208 0.13472041
v -2.9642682 0.33916205 0.5346916
v -2.9642682 0.33916208 0.13472041
v -2.9086123 0.33916205 0.534692
v -2.9086123 0.3105597 -0.26163062
v -2.9642682 0.31055966 0.13472041
v -2.9642682 0.31055972 -0.26163042
v -2.9086123 0.3105597 0.13472041
v -2.9086123 0.28538164 0.534692
v -2.9642682 0.28538162 0.8987793
v -2.9642682 0.28538164 0.5346916
v -2.9086123 0.28538164 0.8987793
v -2.9642682 0.33883974 -0.914281
v -2.9642682 -0.0005642771 -1.4252061
v -2.9642682 0.3388397 -1.4252061
v -2.9642682 0.28538176 -0.914281
v -2.9642682 0.28538173 -0.26163042
v -2.9642682 -8.428096E-06 0.13472041
v -2.9642682 0.31055966 0.13472041
v -2.9642682 0.31055972 -0.26163042
v -2.9642682 0.28538164 0.5346916
v -2.9642682 0.33916205 0.5346916
v -2.9642682 0.33916208 0.13472041
v -2.9642682 0.28538162 0.8987793
v -2.9642682 -0.0005471229 1.4138725
v -2.9642682 0.3237358 1.4138777
v -2.9642682 0.3237358 0.89877886
v -2.9642682 0.28538176 -0.914281
v -2.9086123 0.33883974 -0.914281
v -2.9086123 0.28538176 -0.914281
v -2.9642682 0.33883974 -0.914281
v -2.9642682 0.28538164 0.5346916
v -2.9086123 0.33916205 0.534692
v -2.9086123 0.28538164 0.534692
v -2.9642682 0.33916205 0.5346916
v -3.0125468 0.09270972 -1.0350899
v -2.9633403 0.10582174 -1.3299003
v -2.9633403 0.09270971 -1.0350899
v -3.0125468 0.10582174 -1.3299004
v -3.0125468 0.09270972 -1.0350899
v -3.0125468 -8.273124E-06 -1.3399278
v -3.0125468 0.10582174 -1.3299004
v -3.0125468 -8.296966E-06 -1.0182607
v -2.9633403 -8.308887E-06 -1.0182607
v -3.0125468 0.09270972 -1.0350899
v -2.9633403 0.09270971 -1.0350899
v -3.0125468 -8.296966E-06 -1.0182607
v -2.9633403 -8.273124E-06 -1.3399277
v -3.0125468 0.10582174 -1.3299004
v -3.0125468 -8.273124E-06 -1.3399278
v -2.9633403 0.10582174 -1.3299003
v -3.0057523 0.10374885 -0.47812095
v -2.9633403 0.11568166 -0.624768
v -2.9633403 0.10374884 -0.47812095
v -3.0057523 0.11568166 -0.624768
v -3.0057523 0.10374885 -0.47812095
v -3.0057523 -8.344649E-06 -0.62510794
v -3.0057523 0.11568166 -0.624768
v -3.0057523 -8.356571E-06 -0.4929571
v -2.9633403 -8.356571E-06 -0.49295726
v -3.0057523 0.10374885 -0.47812095
v -2.9633403 0.10374884 -0.47812095
v -3.0057523 -8.356571E-06 -0.4929571
v -2.9633403 -8.356571E-06 -0.62510794
v -3.0057523 0.11568166 -0.624768
v -3.0057523 -8.344649E-06 -0.62510794
v -2.9633403 0.11568166 -0.624768
v -2.9983797 0.0851244 0.0923397
v -2.9633403 0.08479431 -0.09775924
v -2.9633403 0.08512439 0.095813364
v -2.9983797 0.08479433 -0.09775924
v -2.9983797 0.0851244 0.0923397
v -2.9983797 -8.404254E-06 -0.07158508
v -2.9983797 0.08479433 -0.09775924
v -2.9983797 -8.416176E-06 0.15099066
v -2.99838 0.05078783 0.14744757
v -3.0125468 0.08332449 1.0657862
v -2.9633403 0.076024614 0.7731937
v -2.9633403 0.083324485 1.0657862
v -3.0125468 0.076024614 0.7731937
v -3.0125468 0.08332449 1.0657862
v -3.0125468 -8.487701E-06 0.75697744
v -3.0125468 0.076024614 0.7731937
v -3.0125468 -8.511543E-06 1.0757102
v -2.9633403 -8.511543E-06 1.0757098
v -3.0125468 0.08332449 1.0657862
v -2.9633403 0.083324485 1.0657862
v -3.0125468 -8.511543E-06 1.0757102
v -2.9633403 -8.487701E-06 0.75697744
v -3.0125468 0.076024614 0.7731937
v -3.0125468 -8.487701E-06 0.75697744
v -2.9633403 0.076024614 0.7731937
v -2.908579 0.3237358 1.4138744
v -2.9642682 0.3237358 0.89877886
v -2.9086123 0.3237358 0.8987793
v -2.9642682 0.3237358 1.4138777
v -2.7083461 0.32373166 1.6082107
v -2.7640707 0.32373178 1.1623615
v -2.7084146 0.32373178 1.162361
v -2.764062 0.32373163 1.6311198
v -2.7084146 0.28538162 1.162361
v -2.7640707 0.28538167 0.26163024
v -2.7084148 0.28538167 0.26163024
v -2.7640707 0.28538162 1.1623615
v -2.7084148 0.33916208 -0.13472061
v -2.7640707 0.33916208 -0.37115133
v -2.7084148 0.33916208 -0.3711515
v -2.7640707 0.33916208 -0.13472061
v -2.7084148 0.31055963 0.26163024
v -2.7640707 0.3105597 -0.13472061
v -2.7084148 0.3105597 -0.13472061
v -2.7640707 0.3105597 0.26163024
v -2.7084148 0.28538176 -0.7126771
v -2.7640707 0.28538173 -1.0916218
v -2.7084148 0.28538176 -1.0916218
v -2.7640707 0.28538173 -0.7126771
v -2.7640617 0.24169186 1.6311195
v -2.7640707 0.32373178 1.1623615
v -2.764062 0.32373163 1.6311198
v -2.7640707 0.28538162 1.1623615
v -2.7640707 0.28538167 0.26163024
v -2.7640707 0.2419629 -0.13472061
v -2.7640707 0.3105597 -0.13472061
v -2.7640707 0.3105597 0.26163024
v -2.7640707 0.2853817 -0.37115133
v -2.7640707 0.24179748 -0.5963779
v -2.7640707 0.28538173 -0.59637755
v -2.7640707 0.33916208 -0.37115133
v -2.7640707 0.33916208 -0.13472061
v -2.7083461 0.3237339 -1.6082326
v -2.7640707 0.32373592 -1.0916216
v -2.7640622 0.3237339 -1.6311263
v -2.7084148 0.32373592 -1.0916218
v -2.7640707 0.28538173 -1.0916218
v -2.7640622 0.3237339 -1.6311263
v -2.7640707 0.32373592 -1.0916216
v -2.7640617 0.24170072 -1.6311257
v -2.7640707 0.24172436 -0.71267736
v -2.7640707 0.28538173 -0.7126771
v -2.7640707 0.32373592 -1.0916216
v -2.7084148 0.28538176 -1.0916218
v -2.7640707 0.28538173 -1.0916218
v -2.7084148 0.32373592 -1.0916218
v -2.7640707 0.33916208 -0.13472061
v -2.7084148 0.3105597 -0.13472061
v -2.7640707 0.3105597 -0.13472061
v -2.7084148 0.33916208 -0.13472061
v -2.7640707 0.3105597 0.26163024
v -2.7084148 0.28538167 0.26163024
v -2.7640707 0.28538167 0.26163024
v -2.7084148 0.31055963 0.26163024
v -2.7084148 0.2853817 -0.3711515
v -2.7640707 0.28538173 -0.59637755
v -2.7084148 0.28538173 -0.59637755
v -2.7640707 0.2853817 -0.37115133
v -2.7640707 0.28538173 -0.7126771
v -2.7084148 0.24451192 -0.71267736
v -2.7640707 0.24452104 -0.7126771
v -2.7084148 0.28538176 -0.7126771
v 1.425206 0.3388395 -2.9085793
v 0.9142814 0.33883962 -2.9642684
v 1.425206 0.33883953 -2.9642684
v 0.914281 0.33883962 -2.9086123
v 0.914281 0.28538164 -2.9086123
v 0.26163042 0.2853817 -2.9642684
v 0.9142814 0.28538164 -2.9642684
v 0.26163062 0.2853817 -2.9086123
v -0.13472041 0.33916208 -2.9086125
v -0.534692 0.3391621 -2.9642687
v -0.13472041 0.3391621 -2.9642684
v -0.534692 0.3391621 -2.9086125
v 0.26163062 0.31055966 -2.9086123
v -0.13472041 0.3105597 -2.9642684
v 0.26163042 0.3105597 -2.9642684
v -0.13472041 0.31055972 -2.9086125
v -0.534692 0.28538173 -2.9086125
v -0.89877915 0.28538173 -2.9642687
v -0.534692 0.28538173 -2.9642687
v -0.8987793 0.28538176 -2.9086125
v 0.9142814 0.28538164 -2.9642684
v 0.914281 0.33883962 -2.9086123
v 0.914281 0.28538164 -2.9086123
v 0.9142814 0.33883962 -2.9642684
v -0.534692 0.28538173 -2.9642687
v -0.534692 0.3391621 -2.9086125
v -0.534692 0.28538173 -2.9086125
v -0.534692 0.3391621 -2.9642687
v -1.4138744 0.32373595 -2.9085793
v -0.89877903 0.32373592 -2.9642684
v -0.8987793 0.32373592 -2.9086125
v -1.4138777 0.32373595 -2.9642684
v 1.425206 0.23699366 -2.9086123
v 0.914281 0.33883962 -2.9086123
v 1.425206 0.3388395 -2.9085793
v 0.914281 0.28538164 -2.9086123
v 0.26163062 0.2853817 -2.9086123
v -0.13472041 0.23754969 -2.9086123
v -0.13472041 0.31055972 -2.9086125
v 0.26163062 0.31055966 -2.9086123
v -0.534692 0.28538173 -2.9086125
v -0.534692 0.3391621 -2.9086125
v -0.13472041 0.33916208 -2.9086125
v -0.8987793 0.28538176 -2.9086125
v -1.4138724 0.23701115 -2.9086125
v -1.4138744 0.32373595 -2.9085793
v -0.8987793 0.32373592 -2.9086125
v -1.607764 0.3238743 -2.709194
v -1.162361 0.32373193 -2.7642403
v -1.1623613 0.32373193 -2.7084148
v -1.6301379 0.32387432 -2.7642834
v -1.1623613 0.28538176 -2.7084148
v -0.26162985 0.28538173 -2.7642405
v -0.26163024 0.28538173 -2.7084148
v -1.162361 0.28538176 -2.7642403
v 0.13472061 0.33916205 -2.7084148
v 0.37115172 0.33916205 -2.7642403
v 0.3711515 0.33916205 -2.7084148
v 0.13472098 0.33916208 -2.7642405
v -0.26163024 0.3105597 -2.7084148
v 0.13472098 0.31055963 -2.7642405
v 0.13472079 0.3105597 -2.7084148
v -0.26162985 0.3105597 -2.7642405
v 0.71267736 0.28538164 -2.7084148
v 1.0916221 0.2853816 -2.7642403
v 1.0916221 0.28538164 -2.7084148
v 0.7126777 0.28538164 -2.76424
v 1.607786 0.3238761 -2.7091937
v 1.0916221 0.3237358 -2.7642403
v 1.6301448 0.32387614 -2.7642832
v 1.0916221 0.3237358 -2.7084148
v -1.1623613 0.32373193 -2.7084148
v -1.6077647 -0.00046792027 -2.7092109
v -1.607764 0.3238743 -2.709194
v -1.1623613 0.28538176 -2.7084148
v -0.26163024 0.28538173 -2.7084148
v 0.13472061 -8.440017E-06 -2.7084148
v 0.13472079 0.3105597 -2.7084148
v -0.26163024 0.3105597 -2.7084148
v 0.3711515 0.28538164 -2.7084148
v 0.36816382 -9.212039E-05 -2.7084148
v 0.71267736 -0.00024706122 -2.7084148
v 0.71267736 0.24451183 -2.7084148
v 0.71267736 0.28538164 -2.7084148
v 0.3711515 0.33916205 -2.7084148
v 0.13472061 0.33916205 -2.7084148
v -1.0350895 0.0927097 -2.6601362
v -1.3299001 0.10582172 -2.709343
v -1.0350895 0.0927097 -2.7093427
v -1.3299001 0.10582172 -2.6601365
v -1.0350895 0.0927097 -2.6601362
v -1.3399274 -8.285045E-06 -2.6601365
v -1.3299001 0.10582172 -2.6601365
v -1.0182605 -8.320808E-06 -2.6601365
v -1.0182605 -8.320808E-06 -2.709343
v -1.0350895 0.0927097 -2.6601362
v -1.0350895 0.0927097 -2.7093427
v -1.0182605 -8.320808E-06 -2.6601365
v -1.3399274 -8.285045E-06 -2.709343
v -1.3299001 0.10582172 -2.6601365
v -1.3399274 -8.285045E-06 -2.6601365
v -1.3299001 0.10582172 -2.709343
v -0.4781206 0.10374883 -2.6669307
v -0.62476784 0.115681656 -2.709343
v -0.47812077 0.10374884 -2.7093427
v -0.62476766 0.115681656 -2.6669307
v -0.4781206 0.10374883 -2.6669307
v -0.6251075 -8.368492E-06 -2.6669307
v -0.62476766 0.115681656 -2.6669307
v -0.4929569 -8.3804125E-06 -2.6669307
v -0.4929569 -8.3804125E-06 -2.709343
v -0.4781206 0.10374883 -2.6669307
v -0.47812077 0.10374884 -2.7093427
v -0.4929569 -8.3804125E-06 -2.6669307
v -0.6251075 -8.368492E-06 -2.7093427
v -0.62476766 0.115681656 -2.6669307
v -0.6251075 -8.368492E-06 -2.6669307
v -0.62476784 0.115681656 -2.709343
v 0.09234008 0.08512438 -2.6743033
v -0.09775886 0.084794305 -2.7093427
v 0.095813744 0.08512437 -2.7093427
v -0.09775886 0.084794305 -2.674303
v 0.09234008 0.08512438 -2.6743033
v -0.071584694 -8.428096E-06 -2.6743033
v -0.09775886 0.084794305 -2.674303
v 0.15099086 -8.440017E-06 -2.674303
v 0.14744776 0.050787803 -2.6743033
v 1.3195633 0.083324455 -2.6601365
v 1.0269706 0.076024584 -2.7093427
v 1.3195633 0.083324455 -2.7093427
v 1.0269706 0.07602458 -2.6601362
v 1.3195633 0.083324455 -2.6601365
v 1.0107543 -8.535385E-06 -2.6601362
v 1.0269706 0.07602458 -2.6601362
v 1.3294867 -8.547306E-06 -2.6601362
v 1.3294867 -8.547306E-06 -2.7093427
v 1.3195633 0.083324455 -2.6601365
v 1.3195633 0.083324455 -2.7093427
v 1.3294867 -8.547306E-06 -2.6601362
v 1.0107543 -8.523463E-06 -2.709343
v 1.0269706 0.07602458 -2.6601362
v 1.0107543 -8.535385E-06 -2.6601362
v 1.0269706 0.076024584 -2.7093427
v 1.607786 0.3238761 -2.7091937
v 1.0916221 0.28538164 -2.7084148
v 1.0916221 0.3237358 -2.7084148
v 1.6077869 -0.0004594564 -2.7092109
v 0.71267736 -0.00024706122 -2.7084148
v 0.71267736 0.24451183 -2.7084148
v 0.71267736 0.28538164 -2.7084148
v 1.0916221 0.3237358 -2.7642403
v 1.0916221 0.28538164 -2.7084148
v 1.0916221 0.2853816 -2.7642403
v 1.0916221 0.3237358 -2.7084148
v 0.13472098 0.33916208 -2.7642405
v 0.13472079 0.3105597 -2.7084148
v 0.13472098 0.31055963 -2.7642405
v 0.13472061 0.33916205 -2.7084148
v -0.26162985 0.3105597 -2.7642405
v -0.26163024 0.28538173 -2.7084148
v -0.26162985 0.28538173 -2.7642405
v -0.26163024 0.3105597 -2.7084148
v 0.3711515 0.28538164 -2.7084148
v 0.7126777 0.28538164 -2.76424
v 0.71267736 0.28538164 -2.7084148
v 0.37115172 0.28538164 -2.7642403
v 2.9085793 0.33883935 -1.4252063
v 2.9642687 0.33883938 -0.914281
v 2.9086123 0.33883938 -0.914281
v 2.9642682 0.33883935 -1.4252063
v 2.9086123 0.2853814 -0.914281
v 2.9642682 0.28538138 -0.26163042
v 2.9086123 0.28538138 -0.26163062
v 2.9642687 0.2853814 -0.914281
v 2.9086123 0.33916172 0.13472022
v 2.9642687 0.3391617 0.534692
v 2.9086123 0.3391617 0.534692
v 2.9642682 0.33916172 0.13472041
v 2.9086123 0.31055933 -0.26163062
v 2.9642682 0.3105593 0.13472041
v 2.9086123 0.31055933 0.13472022
v 2.9642682 0.31055936 -0.26163042
v 2.9086123 0.2853813 0.534692
v 2.9642682 0.28538126 0.8987793
v 2.9086127 0.2853813 0.8987793
v 2.9642687 0.2853813 0.534692
v 2.9642687 0.2853814 -0.914281
v 2.9086123 0.33883938 -0.914281
v 2.9642687 0.33883938 -0.914281
v 2.9086123 0.2853814 -0.914281
v 2.9642687 0.2853813 0.534692
v 2.9086123 0.3391617 0.534692
v 2.9642687 0.3391617 0.534692
v 2.9086123 0.2853813 0.534692
v 2.9085793 0.32373542 1.4138744
v 2.9642682 0.32373545 0.8987793
v 2.9642682 0.32373542 1.4138777
v 2.9086127 0.32373545 0.8987793
v 2.9086123 0.33883938 -0.914281
v 2.9086118 0.23699346 -1.4252061
v 2.9085793 0.33883935 -1.4252063
v 2.9086123 0.2853814 -0.914281
v 2.9086123 0.28538138 -0.26163062
v 2.9086123 0.23754932 0.13472022
v 2.9086123 0.31055933 0.13472022
v 2.9086123 0.31055933 -0.26163062
v 2.9086123 0.2853813 0.534692
v 2.9086123 0.3391617 0.534692
v 2.9086123 0.33916172 0.13472022
v 2.9086127 0.2853813 0.8987793
v 2.9086127 0.23701063 1.4138725
v 2.9085793 0.32373542 1.4138744
v 2.9086127 0.32373545 0.8987793
v 2.7083464 0.32373133 1.6082107
v 2.7640712 0.32373145 1.1623615
v 2.764062 0.3237313 1.6311198
v 2.7084148 0.32373145 1.1623615
v 2.7084148 0.2853813 1.1623615
v 2.7640715 0.28538135 0.26163042
v 2.7640712 0.28538126 1.1623615
v 2.7084148 0.28538135 0.26162985
v 2.7084148 0.33916172 -0.13472098
v 2.7640707 0.33916175 -0.37115172
v 2.7640715 0.33916175 -0.13472041
v 2.708415 0.33916175 -0.3711515
v 2.7084148 0.3105593 0.26162985
v 2.7640715 0.31055933 -0.13472041
v 2.7640715 0.31055933 0.26163042
v 2.7084148 0.31055936 -0.13472098
v 2.7084148 0.2853814 -0.71267736
v 2.7640707 0.2853814 -1.0916219
v 2.7640707 0.2853814 -0.7126771
v 2.708415 0.28538144 -1.0916219
v 2.7083464 0.32373354 -1.608233
v 2.7640707 0.3237356 -1.0916215
v 2.708415 0.3237356 -1.0916219
v 2.7640624 0.32373354 -1.6311263
v 2.7083633 -0.0006088137 1.6082107
v 2.7084148 0.32373145 1.1623615
v 2.7083464 0.32373133 1.6082107
v 2.7084148 0.2853813 1.1623615
v 2.7084148 0.28538135 0.26162985
v 2.7084148 -8.761882E-06 -0.13472098
v 2.7084148 0.31055936 -0.13472098
v 2.7084148 0.3105593 0.26162985
v 2.708415 0.28538138 -0.3711515
v 2.7084148 -0.00017418861 -0.5963779
v 2.7084148 0.24452676 -0.5963779
v 2.708415 0.2853814 -0.59637755
v 2.708415 0.33916175 -0.3711515
v 2.7084148 0.33916172 -0.13472098
v 2.6601362 0.092709236 1.0350899
v 2.7093427 0.10582124 1.3299003
v 2.6601362 0.10582124 1.3299003
v 2.7093427 0.092709236 1.0350899
v 2.6601362 0.092709236 1.0350899
v 2.6601362 -8.785724E-06 1.3399276
v 2.6601362 -8.7738035E-06 1.0182608
v 2.6601362 0.10582124 1.3299003
v 2.7093427 -8.785724E-06 1.0182601
v 2.6601362 0.092709236 1.0350899
v 2.6601362 -8.7738035E-06 1.0182608
v 2.7093427 0.092709236 1.0350899
v 2.7093427 -8.785724E-06 1.3399276
v 2.6601362 0.10582124 1.3299003
v 2.7093427 0.10582124 1.3299003
v 2.6601362 -8.785724E-06 1.3399276
v 2.6669307 0.10374843 0.47812077
v 2.7093427 0.11568124 0.62476784
v 2.6669307 0.115681246 0.62476766
v 2.7093432 0.10374843 0.47812077
v 2.6669307 0.10374843 0.47812077
v 2.6669307 -8.7738035E-06 0.62510794
v 2.6669307 -8.7738035E-06 0.4929569
v 2.6669307 0.115681246 0.62476766
v 2.7093427 -8.7738035E-06 0.49295652
v 2.6669307 0.10374843 0.47812077
v 2.6669307 -8.7738035E-06 0.4929569
v 2.7093432 0.10374843 0.47812077
v 2.7093427 -8.785724E-06 0.6251075
v 2.6669307 0.115681246 0.62476766
v 2.7093427 0.11568124 0.62476784
v 2.6669307 -8.7738035E-06 0.62510794
v 2.6743033 0.08512407 -0.09234008
v 2.7093427 0.08479395 0.097758666
v 2.6743028 0.08479396 0.09775886
v 2.7093427 0.085124046 -0.095813744
v 2.6743028 -8.761882E-06 0.071584694
v 2.6743033 0.08512407 -0.09234008
v 2.6743028 0.08479396 0.09775886
v 2.6743033 -8.749961E-06 -0.15099086
v 2.6743033 0.050787494 -0.14744796
v 2.6601362 0.08332429 -1.319563
v 2.7093427 0.076024376 -1.0269706
v 2.6601362 0.076024376 -1.0269706
v 2.7093427 0.08332428 -1.3195628
v 2.6601362 0.08332429 -1.319563
v 2.6601362 -8.73804E-06 -1.0107543
v 2.6601362 -8.714199E-06 -1.3294872
v 2.6601362 0.076024376 -1.0269706
v 2.7093432 -8.714199E-06 -1.3294867
v 2.6601362 0.08332429 -1.319563
v 2.6601362 -8.714199E-06 -1.3294872
v 2.7093427 0.08332428 -1.3195628
v 2.7093427 -8.73804E-06 -1.0107545
v 2.6601362 0.076024376 -1.0269706
v 2.7093427 0.076024376 -1.0269706
v 2.6601362 -8.73804E-06 -1.0107543
v 2.708415 0.28538144 -1.0916219
v 2.7083464 0.32373354 -1.608233
v 2.708415 0.3237356 -1.0916219
v 2.7083633 -0.00059994456 -1.6082332
v 2.7084148 -0.00024731157 -0.71267736
v 2.7084148 0.24451159 -0.71267736
v 2.7084148 0.2853814 -0.71267736
v 2.7640707 0.3237356 -1.0916215
v 2.708415 0.28538144 -1.0916219
v 2.708415 0.3237356 -1.0916219
v 2.7640707 0.2853814 -1.0916219
v 2.7640715 0.33916175 -0.13472041
v 2.7084148 0.31055936 -0.13472098
v 2.7084148 0.33916172 -0.13472098
v 2.7640715 0.31055933 -0.13472041
v 2.7640715 0.31055933 0.26163042
v 2.7084148 0.28538135 0.26162985
v 2.7084148 0.3105593 0.26162985
v 2.7640715 0.28538135 0.26163042
v 2.708415 0.28538138 -0.3711515
v 2.7640707 0.2853814 -0.59637755
v 2.7640707 0.28538135 -0.37115172
v 2.708415 0.2853814 -0.59637755
v 2.7640707 0.2853814 -0.7126771
v 2.7084148 0.24451159 -0.71267736
v 2.7084148 0.2853814 -0.71267736
v 2.7640707 0.2445207 -0.71267694
v 0.9162719 0.33883926 2.9662588
v 1.4662788 0.33883917 2.9104629
v 1.4662783 0.33883917 2.9662592
v 0.9162715 0.33883926 2.9106028
v -0.5327011 0.28538135 2.910603
v -0.8967882 0.28538135 2.9662588
v -0.8967882 0.28538135 2.910603
v -0.5327007 0.28538135 2.9662592
v 0.9162719 0.2853813 2.9662588
v 0.9162715 0.33883926 2.9106028
v 0.9162719 0.33883926 2.9662588
v 0.9162715 0.2853813 2.9106028
v -0.5327007 -4.4107435E-07 2.9662592
v -0.8967882 0.28538135 2.9662588
v -0.5327007 0.28538135 2.9662592
v -1.459241 -0.00050382613 2.9662592
v -1.4592412 0.32373565 2.9662595
v -0.8967882 0.32373556 2.9662588
v 1.0370803 0.09270922 3.0145369
v 1.3318905 0.10582122 2.9653306
v 1.3318905 0.10582121 3.0145373
v 1.0370803 0.09270922 2.965331
v 1.0370803 0.09270922 3.0145369
v 1.3419185 -5.6028364E-07 3.0145373
v 1.0202514 -5.3644175E-07 3.0145376
v 1.3318905 0.10582121 3.0145373
v 1.020251 -5.3644175E-07 2.9653306
v 1.0370803 0.09270922 3.0145369
v 1.0202514 -5.3644175E-07 3.0145376
v 1.0370803 0.09270922 2.965331
v 1.3419181 -5.6028364E-07 2.9653304
v 1.3318905 0.10582121 3.0145373
v 1.3318905 0.10582122 2.9653306
v 1.3419185 -5.6028364E-07 3.0145373
v -1.0637958 0.083324246 3.0145373
v -0.77120316 0.076024346 2.9653306
v -0.7712028 0.07602434 3.0145376
v -1.0637958 0.08332425 2.9653306
v -1.0637958 0.083324246 3.0145373
v -0.7549869 -4.2915343E-07 3.0145373
v -1.0737194 -4.0531157E-07 3.0145373
v -0.7712028 0.07602434 3.0145376
v -1.0737194 -4.0531157E-07 2.9653306
v -1.0637958 0.083324246 3.0145373
v -1.0737194 -4.0531157E-07 3.0145373
v -1.0637958 0.08332425 2.9653306
v -0.7549865 -4.2915343E-07 2.965331
v -0.7712028 0.07602434 3.0145376
v -0.77120316 0.076024346 2.9653306
v -0.7549869 -4.2915343E-07 3.0145373
v 0.9162715 0.2853813 2.9106028
v 0.5093216 0.28538132 2.9662588
v 0.50932175 0.28538132 2.910603
v 0.9162719 0.2853813 2.9662588
v -0.8967882 0.32373556 2.9662588
v -1.4592412 0.32373565 2.910456
v -0.8967882 0.32373556 2.910603
v -1.4592412 0.32373565 2.9662595
v 1.4662783 0.33883917 2.9662592
v 0.9162719 0.2853813 2.9662588
v 0.9162719 0.33883926 2.9662588
v 1.4662783 -0.0005085587 2.9662592
v 0.50932175 -5.00679E-07 2.9662588
v 0.5093216 0.28538132 2.9662588
v 1.1384009 0.33883926 2.7656257
v 1.606317 0.33142766 2.709918
v 1.6286575 0.3314277 2.7658231
v 1.1384006 0.33883926 2.7099702
v -0.53270125 0.28538138 2.70997
v -1.2194384 0.2853814 2.765626
v -1.2194389 0.2853814 2.7099702
v -0.53270125 0.28538138 2.7656257
v 1.1384009 0.2853813 2.7656257
v 1.1384006 0.33883926 2.7099702
v 1.1384009 0.33883926 2.7656257
v 1.1384006 0.2853813 2.7099702
v -0.53270143 0.23752755 2.765626
v -1.2194384 0.2853814 2.765626
v -0.53270125 0.28538138 2.7656257
v -1.62914 0.23702417 2.7656264
v -1.629148 0.32387602 2.7658224
v -1.2194384 0.3237356 2.765626
v 1.1384006 0.2853813 2.7099702
v 0.5093221 0.28538135 2.7656257
v 0.5093219 0.28538135 2.7099702
v 1.1384009 0.2853813 2.7656257
v -1.2194384 0.3237356 2.765626
v -1.6073102 0.323876 2.7099884
v -1.2194389 0.3237356 2.7099702
v -1.629148 0.32387602 2.7658224
v 1.6286575 0.3314277 2.7658231
v 1.1384009 0.2853813 2.7656257
v 1.1384009 0.33883926 2.7656257
v 1.6286563 0.23963836 2.7658222
v 0.5093219 0.2375275 2.765626
v 0.5093221 0.28538135 2.7656257
v -1.686172 0.32373658 -2.9285245
v -1.9247906 0.32373652 -2.7685857
v -1.725497 0.32373652 -2.9678495
v -1.8854359 0.32373655 -2.7292306
v -1.8854359 0.28538233 -2.7292306
v -2.386284 0.28538233 -2.3070922
v -1.9247906 0.2853823 -2.7685857
v -2.3469296 0.28538233 -2.2677374
v -2.6271923 0.32373643 -1.987475
v -2.9658592 0.3237365 -1.7270434
v -2.6665466 0.32373646 -2.0268295
v -2.926978 0.32373643 -1.6881626
v -2.3469296 0.30510125 -2.2677374
v -2.6665466 0.30510128 -2.0268295
v -2.386284 0.30510128 -2.3070922
v -2.6271923 0.30510125 -1.987475
v -1.9247906 0.32373652 -2.7685857
v -1.7254955 -0.00064756867 -2.9678495
v -1.725497 0.32373652 -2.9678495
v -1.9247906 0.2853823 -2.7685857
v -2.386284 0.28538233 -2.3070922
v -2.6665466 -0.0012956499 -2.0268295
v -2.6665466 0.30510128 -2.0268295
v -2.386284 0.30510128 -2.3070922
v -2.9658592 -0.00065176486 -1.7270415
v -2.6665466 0.32373646 -2.0268295
v -2.9658592 0.3237365 -1.7270434
v -1.9247906 0.2853823 -2.7685857
v -1.8854359 0.32373655 -2.7292306
v -1.8854359 0.28538233 -2.7292306
v -1.9247906 0.32373652 -2.7685857
v -2.262536 0.10374944 -2.4895074
v -2.128851 0.11568224 -2.5632126
v -2.232546 0.103749424 -2.4595172
v -2.158841 0.11568225 -2.5932028
v -2.262536 0.10374944 -2.4895074
v -2.1586006 -0.0012956499 -2.5934427
v -2.158841 0.11568225 -2.5932028
v -2.2520452 -0.0012956499 -2.4999986
v -2.2220552 -0.0012956499 -2.4700084
v -2.262536 0.10374944 -2.4895074
v -2.232546 0.103749424 -2.4595172
v -2.2520452 -0.0012956499 -2.4999986
v -2.1286108 -0.0012956499 -2.563453
v -2.158841 0.11568225 -2.5932028
v -2.1586006 -0.0012956499 -2.5934427
v -2.128851 0.11568224 -2.5632126
v -2.5262792 0.08479493 -2.2153378
v -2.5447872 -0.0012956499 -2.19683
v -2.5254207 0.024627326 -2.2161965
v -2.6606996 0.08512502 -2.0809176
v -2.702172 -0.0012956499 -2.0394452
v -2.6996665 0.050788436 -2.0419505
v -1.686172 0.2376005 -2.9285262
v -1.8854359 0.32373655 -2.7292306
v -1.686172 0.32373658 -2.9285245
v -1.8854359 0.28538233 -2.7292306
v -2.3469296 0.28538233 -2.2677374
v -2.6271925 0.23695236 -1.9874753
v -2.6271923 0.30510125 -1.987475
v -2.3469296 0.30510125 -2.2677374
v -2.9269803 0.23695238 -1.6881627
v -2.6271923 0.32373643 -1.987475
v -2.926978 0.32373643 -1.6881626
v -2.7083461 0.32373416 -1.6082326
v -2.5449 0.32373628 -1.8503032
v -2.5055451 0.32373628 -1.8109485
v -2.764062 0.32373416 -1.6311263
v -2.5055451 0.28538206 -1.8109485
v -2.0834064 0.2853821 -2.3117967
v -2.044052 0.28538206 -2.272442
v -2.5449 0.28538206 -1.8503032
v -1.7637897 0.32373616 -2.5527046
v -1.6301379 0.3238746 -2.7642832
v -1.607764 0.32387456 -2.709194
v -1.803144 0.32373622 -2.5920591
v -2.044052 0.305101 -2.272442
v -1.803144 0.30510104 -2.5920591
v -1.7637897 0.305101 -2.5527046
v -2.0834064 0.30510104 -2.3117967
v -2.7640617 0.24170099 -1.6311257
v -2.5449 0.32373628 -1.8503032
v -2.764062 0.32373416 -1.6311263
v -2.5449 0.28538206 -1.8503032
v -2.0834064 0.2853821 -2.3117967
v -1.8031437 0.24133344 -2.5920591
v -1.803144 0.30510104 -2.5920591
v -2.0834064 0.30510104 -2.3117967
v -1.6301373 0.24183272 -2.7642832
v -1.803144 0.32373622 -2.5920591
v -1.6301379 0.3238746 -2.7642832
v -2.044052 0.28538206 -2.272442
v -2.0834064 0.30510104 -2.3117967
v -2.044052 0.305101 -2.272442
v -2.0834064 0.2853821 -2.3117967
v -1.7637897 0.305101 -2.5527046
v -1.803144 0.32373622 -2.5920591
v -1.7637897 0.32373616 -2.5527046
v -1.803144 0.30510104 -2.5920591
v -2.5055451 0.32373628 -1.8109485
v -2.708363 -0.0005993485 -1.608233
v -2.7083461 0.32373416 -1.6082326
v -2.5055451 0.28538206 -1.8109485
v -2.044052 0.28538206 -2.272442
v -1.7637897 -0.0012959361 -2.552705
v -1.7637897 0.305101 -2.5527046
v -2.044052 0.305101 -2.272442
v -1.6077647 -0.000467658 -2.7092109
v -1.7637897 0.32373616 -2.5527046
v -1.607764 0.32387456 -2.709194
v -2.1678 0.10374917 -2.0900264
v -2.301485 0.115682 -2.0163214
v -2.19779 0.10374917 -2.1200168
v -2.271495 0.115682 -1.9863311
v -2.1678 0.10374917 -2.0900264
v -2.2717354 -0.0012958883 -1.9860911
v -2.271495 0.115682 -1.9863311
v -2.178291 -0.0012958883 -2.0795357
v -2.2082808 -0.0012959003 -2.1095257
v -2.1678 0.10374917 -2.0900264
v -2.19779 0.10374917 -2.1200168
v -2.178291 -0.0012958883 -2.0795357
v -2.3017256 -0.0012958883 -2.016081
v -2.271495 0.115682 -1.9863311
v -2.2717354 -0.0012958883 -1.9860911
v -2.301485 0.115682 -2.0163214
v -1.7696369 0.08512473 -2.4986167
v -1.9288336 0.08479464 -2.388973
v -1.7919574 0.085124716 -2.5258496
v -1.904057 0.084794655 -2.3641963
v -1.904057 0.084794655 -2.3641963
v -1.8855491 -0.0012959241 -2.3827043
v -1.9049155 0.024627052 -2.3633375
v -1.7696369 0.08512473 -2.4986167
v -1.7281646 -0.0012959361 -2.5400891
v -1.7306697 0.05078815 -2.5375838
v 1.6861724 0.32373616 -2.9285247
v 1.9247909 0.32373604 -2.7685857
v 1.8854362 0.32373607 -2.7292306
v 1.7254974 0.3237361 -2.9678497
v 1.8854362 0.28538185 -2.7292306
v 2.3862846 0.28538173 -2.3070924
v 2.3469298 0.28538173 -2.2677374
v 1.9247909 0.28538182 -2.7685857
v 2.6271925 0.32373577 -1.9874755
v 2.9658594 0.32373574 -1.7270439
v 2.926978 0.32373568 -1.6881629
v 2.6665466 0.3237358 -2.0268295
v 2.3469298 0.30510065 -2.2677374
v 2.6665466 0.30510062 -2.0268295
v 2.6271925 0.3051006 -1.9874755
v 2.3862846 0.30510068 -2.3070924
v 1.9247909 0.28538182 -2.7685857
v 1.8854362 0.32373607 -2.7292306
v 1.9247909 0.32373604 -2.7685857
v 1.8854362 0.28538185 -2.7292306
v 2.3469298 0.28538173 -2.2677374
v 2.3862846 0.30510068 -2.3070924
v 2.3469298 0.30510065 -2.2677374
v 2.3862846 0.28538173 -2.3070924
v 2.6271925 0.3051006 -1.9874755
v 2.6665466 0.3237358 -2.0268295
v 2.6271925 0.32373577 -1.9874755
v 2.6665466 0.30510062 -2.0268295
v 1.8854362 0.32373607 -2.7292306
v 1.686172 0.2376001 -2.9285262
v 1.6861724 0.32373616 -2.9285247
v 1.8854362 0.28538185 -2.7292306
v 2.3469298 0.28538173 -2.2677374
v 2.6271925 0.23695172 -1.9874756
v 2.6271925 0.3051006 -1.9874755
v 2.3469298 0.30510065 -2.2677374
v 2.9269805 0.23695166 -1.6881629
v 2.6271925 0.32373577 -1.9874755
v 2.926978 0.32373568 -1.6881629
v 2.7083464 0.3237335 -1.608233
v 2.5449004 0.32373565 -1.8503033
v 2.7640624 0.32373345 -1.6311263
v 2.5055454 0.32373568 -1.8109488
v 2.5055454 0.28538144 -1.8109488
v 2.0834067 0.28538156 -2.311797
v 2.5449004 0.2853814 -1.8503033
v 2.044052 0.28538156 -2.2724423
v 1.7637897 0.32373574 -2.5527048
v 1.6301448 0.32387623 -2.7642832
v 1.803144 0.32373577 -2.5920591
v 1.607786 0.32387617 -2.7091937
v 2.044052 0.3051005 -2.2724423
v 1.803144 0.3051006 -2.5920591
v 2.0834067 0.30510053 -2.311797
v 1.7637897 0.30510056 -2.5527048
v 2.5449004 0.2853814 -1.8503033
v 2.5055454 0.32373568 -1.8109488
v 2.5055454 0.28538144 -1.8109488
v 2.5449004 0.32373565 -1.8503033
v 2.044052 0.28538156 -2.2724423
v 2.0834067 0.30510053 -2.311797
v 2.0834067 0.28538156 -2.311797
v 2.044052 0.3051005 -2.2724423
v 1.7637897 0.30510056 -2.5527048
v 1.803144 0.32373577 -2.5920591
v 1.803144 0.3051006 -2.5920591
v 1.7637897 0.32373574 -2.5527048
v 2.7083633 -0.0006000161 -1.6082332
v 2.5055454 0.32373568 -1.8109488
v 2.7083464 0.3237335 -1.608233
v 2.5055454 0.28538144 -1.8109488
v 2.044052 0.28538156 -2.2724423
v 1.76379 -0.0012963652 -2.5527053
v 1.7637897 0.30510056 -2.5527048
v 2.044052 0.3051005 -2.2724423
v 1.6077869 -0.0004593968 -2.7092109
v 1.7637897 0.32373574 -2.5527048
v 1.607786 0.32387617 -2.7091937
v 2.1678004 0.103748634 -2.0900266
v 2.3014853 0.115681425 -2.0163217
v 2.2714949 0.115681425 -1.9863316
v 2.1977904 0.103748634 -2.1200168
v 2.1678004 0.103748634 -2.0900266
v 2.2717357 -0.0012964605 -1.9860915
v 2.178291 -0.0012964368 -2.0795362
v 2.2714949 0.115681425 -1.9863316
v 2.2082808 -0.0012964486 -2.109526
v 2.1678004 0.103748634 -2.0900266
v 2.178291 -0.0012964368 -2.0795362
v 2.1977904 0.103748634 -2.1200168
v 2.3017256 -0.0012964605 -2.0160816
v 2.2714949 0.115681425 -1.9863316
v 2.3014853 0.115681425 -2.0163217
v 2.2717357 -0.0012964605 -1.9860915
v 1.8855491 -0.0012964009 -2.3827045
v 1.9040571 0.08479418 -2.3641965
v 1.9049155 0.024626575 -2.3633378
v 1.7696372 0.08512429 -2.498617
v 1.7281646 -0.0012963652 -2.5400894
v 1.7306701 0.05078772 -2.537584
v 1.686172 0.32373545 2.9285243
v 1.9247909 0.32373536 2.768585
v 1.7254974 0.32373536 2.9678495
v 1.8854365 0.32373542 2.7292306
v 1.8854365 0.28538117 2.7292306
v 2.386284 0.28538117 2.3070917
v 1.9247909 0.28538114 2.768585
v 2.3469298 0.28538117 2.2677374
v 2.6271923 0.3237353 1.987475
v 2.965859 0.32373533 1.727043
v 2.6665468 0.3237353 2.026829
v 2.9269786 0.3237353 1.6881626
v 2.3469298 0.3051001 2.2677374
v 2.6665468 0.3051001 2.026829
v 2.386284 0.3051001 2.3070917
v 2.6271923 0.3051001 1.987475
v 1.9247909 0.32373536 2.768585
v 1.7254955 -0.0006487369 2.9678493
v 1.7254974 0.32373536 2.9678495
v 1.9247909 0.28538114 2.768585
v 2.386284 0.28538117 2.3070917
v 2.6665468 -0.0012968181 2.026829
v 2.6665468 0.3051001 2.026829
v 2.386284 0.3051001 2.3070917
v 2.96586 -0.0006529331 1.7270415
v 2.6665468 0.3237353 2.026829
v 2.965859 0.32373533 1.727043
v 2.3469298 0.28538117 2.2677374
v 2.386284 0.3051001 2.3070917
v 2.386284 0.28538117 2.3070917
v 2.3469298 0.3051001 2.2677374
v 2.6271923 0.3051001 1.987475
v 2.6665468 0.3237353 2.026829
v 2.6665468 0.3051001 2.026829
v 2.6271923 0.3237353 1.987475
v 2.262536 0.103748254 2.4895074
v 2.1288512 0.11568108 2.5632124
v 2.232546 0.10374827 2.4595175
v 2.158841 0.11568107 2.5932028
v 2.262536 0.103748254 2.4895074
v 2.1586008 -0.0012968181 2.5934427
v 2.158841 0.11568107 2.5932028
v 2.2520454 -0.0012968181 2.4999983
v 2.2220552 -0.0012968181 2.4700084
v 2.262536 0.103748254 2.4895074
v 2.232546 0.10374827 2.4595175
v 2.2520454 -0.0012968181 2.4999983
v 2.1286108 -0.0012968181 2.5634527
v 2.158841 0.11568107 2.5932028
v 2.1586008 -0.0012968181 2.5934427
v 2.1288512 0.11568108 2.5632124
v 2.6606996 0.085123844 2.0809176
v 2.501502 0.08479376 2.1905608
v 2.638379 0.085123844 2.0536845
v 2.5262792 0.084793754 2.215338
v 2.5262792 0.084793754 2.215338
v 2.5447874 -0.0012968181 2.1968298
v 2.525421 0.024626158 2.2161963
v 2.6606996 0.085123844 2.0809176
v 2.702172 -0.0012968181 2.0394454
v 2.6996667 0.050787266 2.0419505
v 1.6861724 0.23759939 2.9285262
v 1.8854365 0.32373542 2.7292306
v 1.686172 0.32373545 2.9285243
v 1.8854365 0.28538117 2.7292306
v 2.3469298 0.28538117 2.2677374
v 2.627193 0.23695125 1.987475
v 2.6271923 0.3051001 1.987475
v 2.3469298 0.3051001 2.2677374
v 2.9269805 0.23695125 1.6881621
v 2.6271923 0.3237353 1.987475
v 2.9269786 0.3237353 1.6881626
v 2.7083464 0.32373106 1.6082107
v 2.5449004 0.3237352 1.8503028
v 2.505545 0.3237352 1.810948
v 2.764062 0.32373103 1.6311198
v 2.505545 0.285381 1.810948
v 2.0834067 0.285381 2.3117964
v 2.044052 0.285381 2.2724416
v 2.5449004 0.28538096 1.8503028
v 1.76379 0.3237351 2.5527046
v 1.6286575 0.33142743 2.7658231
v 1.606317 0.3314274 2.709918
v 1.803144 0.32373512 2.5920591
v 2.044052 0.30509993 2.2724416
v 1.803144 0.30509993 2.5920591
v 1.76379 0.30509993 2.5527046
v 2.0834067 0.30509993 2.3117964
v 2.7640624 0.24169125 1.6311195
v 2.5449004 0.3237352 1.8503028
v 2.764062 0.32373103 1.6311198
v 2.5449004 0.28538096 1.8503028
v 2.0834067 0.285381 2.3117964
v 1.803144 0.24133237 2.5920591
v 1.803144 0.30509993 2.5920591
v 2.0834067 0.30509993 2.3117964
v 1.6286563 0.2396381 2.7658222
v 1.803144 0.32373512 2.5920591
v 1.6286575 0.33142743 2.7658231
v 2.5449004 0.28538096 1.8503028
v 2.505545 0.3237352 1.810948
v 2.5449004 0.3237352 1.8503028
v 2.505545 0.285381 1.810948
v 2.505545 0.3237352 1.810948
v 2.7083633 -0.00060908793 1.6082107
v 2.7083464 0.32373106 1.6082107
v 2.505545 0.285381 1.810948
v 2.044052 0.285381 2.2724416
v 1.7637897 -0.001297009 2.5527048
v 1.76379 0.30509993 2.5527046
v 2.044052 0.30509993 2.2724416
v 1.6063182 -0.0004405975 2.7099893
v 1.76379 0.3237351 2.5527046
v 1.606317 0.3314274 2.709918
v 2.1678004 0.10374811 2.0900264
v 2.3014853 0.11568094 2.0163214
v 2.1977904 0.10374811 2.1200163
v 2.2714953 0.11568095 1.9863306
v 2.1678004 0.10374811 2.0900264
v 2.2717357 -0.0012969373 1.9860911
v 2.2714953 0.11568095 1.9863306
v 2.178291 -0.0012969373 2.0795355
v 2.2082813 -0.0012969732 2.1095254
v 2.1678004 0.10374811 2.0900264
v 2.1977904 0.10374811 2.1200163
v 2.178291 -0.0012969373 2.0795355
v 2.3017256 -0.0012969612 2.016081
v 2.2714953 0.11568095 1.9863306
v 2.2717357 -0.0012969373 1.9860911
v 2.3014853 0.11568094 2.0163214
v 1.7696369 0.08512367 2.4986162
v 1.9288341 0.08479358 2.3889728
v 1.7919574 0.08512365 2.5258493
v 1.9040571 0.08479359 2.3641958
v 1.9040571 0.08479359 2.3641958
v 1.8855491 -0.0012969732 2.382704
v 1.9049159 0.024626004 2.3633373
v 1.7696369 0.08512367 2.4986162
v 1.7281646 -0.0012969851 2.5400894
v 1.7306701 0.0507871 2.5375838
v -1.6861718 0.32373583 2.9285245
v -1.9247905 0.32373583 2.768585
v -1.8854357 0.32373586 2.7292304
v -1.7254965 0.3237358 2.9678493
v -1.8854357 0.28538164 2.7292304
v -2.386284 0.28538176 2.3070922
v -2.3469293 0.28538176 2.2677372
v -1.9247905 0.28538162 2.768585
v -2.627192 0.32373592 1.9874755
v -2.965859 0.32373604 1.7270434
v -2.9269776 0.323736 1.6881626
v -2.6665463 0.32373595 2.0268295
v -2.3469293 0.30510068 2.2677372
v -2.6665463 0.30510077 2.0268295
v -2.627192 0.30510077 1.9874755
v -2.386284 0.3051007 2.3070922
v -1.7254955 -0.0006483078 2.9678495
v -1.9247905 0.32373583 2.768585
v -1.7254965 0.3237358 2.9678493
v -1.9247905 0.28538162 2.768585
v -2.386284 0.28538176 2.3070922
v -2.6665463 -0.0012961506 2.0268295
v -2.6665463 0.30510077 2.0268295
v -2.386284 0.3051007 2.3070922
v -2.965859 -0.00065219396 1.7270415
v -2.6665463 0.32373595 2.0268295
v -2.965859 0.32373604 1.7270434
v -1.9247905 0.28538162 2.768585
v -1.8854357 0.32373586 2.7292304
v -1.9247905 0.32373583 2.768585
v -1.8854357 0.28538164 2.7292304
v -2.3469293 0.28538176 2.2677372
v -2.386284 0.3051007 2.3070922
v -2.3469293 0.30510068 2.2677372
v -2.386284 0.28538176 2.3070922
v -2.627192 0.30510077 1.9874755
v -2.6665463 0.32373595 2.0268295
v -2.627192 0.32373592 1.9874755
v -2.6665463 0.30510077 2.0268295
v -2.2625358 0.10374881 2.4895072
v -2.1288505 0.1156816 2.5632124
v -2.1588407 0.1156816 2.5932028
v -2.2325456 0.10374881 2.4595172
v -2.2625358 0.10374881 2.4895072
v -2.1586003 -0.0012962698 2.5934424
v -2.2520447 -0.0012962698 2.4999983
v -2.1588407 0.1156816 2.5932028
v -2.2220547 -0.0012962698 2.470008
v -2.2625358 0.10374881 2.4895072
v -2.2520447 -0.0012962698 2.4999983
v -2.2325456 0.10374881 2.4595172
v -2.1286104 -0.0012962698 2.5634527
v -2.1588407 0.1156816 2.5932028
v -2.1288505 0.1156816 2.5632124
v -2.1586003 -0.0012962698 2.5934424
v -2.6606994 0.085124515 2.0809176
v -2.501502 0.08479438 2.1905608
v -2.5262792 0.08479439 2.215338
v -2.6383784 0.0851245 2.0536845
v -2.5447872 -0.0012961745 2.1968298
v -2.5262792 0.08479439 2.215338
v -2.5254204 0.024626778 2.2161963
v -2.6606994 0.085124515 2.0809176
v -2.7021718 -0.0012961506 2.0394454
v -2.6996665 0.050787933 2.0419505
v -2.7083461 0.32373175 1.6082107
v -2.5448997 0.3237358 1.8503028
v -2.764062 0.32373175 1.6311198
v -2.505545 0.32373583 1.8109485
v -2.505545 0.28538162 1.8109485
v -2.0834064 0.28538153 2.3117964
v -2.5448997 0.2853816 1.8503028
v -2.0440514 0.28538153 2.2724416
v -1.7637893 0.32373556 2.5527046
v -1.629148 0.32387596 2.7658224
v -1.8031434 0.32373556 2.5920591
v -1.6073102 0.32387593 2.7099884
v -2.0440514 0.30510044 2.2724416
v -1.8031434 0.3051004 2.5920591
v -2.0834064 0.30510047 2.3117964
v -1.7637893 0.30510038 2.5527046
v -2.5448997 0.3237358 1.8503028
v -2.7640617 0.2416919 1.6311195
v -2.764062 0.32373175 1.6311198
v -2.5448997 0.2853816 1.8503028
v -2.0834064 0.28538153 2.3117964
v -1.8031436 0.2413328 2.5920591
v -1.8031434 0.3051004 2.5920591
v -2.0834064 0.30510047 2.3117964
v -1.6291549 0.24225743 2.7660182
v -1.8031434 0.32373556 2.5920591
v -1.629148 0.32387596 2.7658224
v -2.5448997 0.2853816 1.8503028
v -2.505545 0.32373583 1.8109485
v -2.505545 0.28538162 1.8109485
v -2.5448997 0.3237358 1.8503028
v -2.0440514 0.28538153 2.2724416
v -2.0834064 0.30510047 2.3117964
v -2.0834064 0.28538153 2.3117964
v -2.0440514 0.30510044 2.2724416
v -1.7637893 0.30510038 2.5527046
v -1.8031434 0.32373556 2.5920591
v -1.8031434 0.3051004 2.5920591
v -1.7637893 0.32373556 2.5527046
v -2.9103122 0.24196292 1.7043284
v -2.7640712 0.24196337 -1.6314477
v -2.7640712 0.24196298 1.631132
v -2.9103117 0.24196333 -1.7046443
v -2.9103117 0.24196333 -1.7046443
v -1.6296964 0.24196337 -2.764071
v -2.7640712 0.24196337 -1.6314477
v -1.7060653 0.24196333 -2.9086125
v -1.7023387 0.24196261 2.912329
v -2.7640712 0.24196298 1.631132
v -1.6291416 0.2419627 2.766062
v -2.9103122 0.24196292 1.7043284
v -0.53270125 0.24196245 2.9124618
v -1.6291416 0.2419627 2.766062
v -0.5334146 0.2419625 2.7646568
v -1.7023387 0.24196261 2.912329
v 2.9103117 0.24196221 1.7043281
v 2.7640715 0.2419627 -1.6314477
v 2.9103131 0.24196261 -1.7046443
v 2.7640712 0.2419623 1.631132
v 2.9103131 0.24196261 -1.7046443
v 1.6296966 0.24196298 -2.7640712
v 1.7060653 0.24196292 -2.9086123
v 2.7640715 0.2419627 -1.6314477
v 1.7023375 0.24196221 2.9123282
v 2.7640712 0.2419623 1.631132
v 2.9103117 0.24196221 1.7043281
v 1.6291411 0.2419623 2.766062
v 0.36646077 0.24196218 2.9124613
v 1.6291411 0.2419623 2.766062
v 1.7023375 0.24196221 2.9123282
v 0.3731647 0.24196222 2.764657
v -1.7060653 0.24196333 -2.9086125
v 1.6296966 0.24196298 -2.7640712
v -1.6296964 0.24196337 -2.764071
v 1.7060653 0.24196292 -2.9086123
v -2.6228678 0.0697513 -0.37029606
v -2.7084148 0.06975134 -0.28391835
v -2.7084148 0.06975127 -0.37029606
v -2.6228678 0.06975135 -0.28391856
v -2.7640707 0.24452125 -0.7126771
v -2.7084148 0.24452728 -0.59637755
v -2.7640707 0.24452117 -0.59637755
v -2.6228676 0.24452117 -0.7126771
v -2.6228678 0.24452117 -0.59637755
v -2.6228678 7.152557E-08 -0.28391856
v -2.7084148 0.06975134 -0.28391835
v -2.6228678 0.06975135 -0.28391856
v -2.7084148 7.152557E-08 -0.28391835
v -2.6228678 0.12577663 -0.37029606
v -2.7084148 0.06975127 -0.37029606
v -2.7084148 0.12577657 -0.37029606
v -2.6228678 0.0697513 -0.37029606
v -2.6228678 0.12577657 -0.4782726
v -2.7084148 0.12577657 -0.37029606
v -2.7084148 0.12577654 -0.4782726
v -2.6228678 0.12577663 -0.37029606
v -2.6228678 0.18492092 -0.4782726
v -2.7084148 0.12577654 -0.4782726
v -2.7084148 0.18492092 -0.4782726
v -2.6228678 0.12577657 -0.4782726
v -2.6228678 0.18492085 -0.59637755
v -2.7084148 0.18492092 -0.4782726
v -2.7084148 0.18492086 -0.59637755
v -2.6228678 0.18492092 -0.4782726
v -2.6228678 0.24452117 -0.59637755
v -2.7084148 0.18492086 -0.59637755
v -2.7084148 0.24452728 -0.59637755
v -2.6228678 0.18492085 -0.59637755
v 2.6228678 0.069750644 -0.37029606
v 2.708415 0.06975066 -0.28391856
v 2.6228678 0.0697507 -0.28391835
v 2.708415 0.0697506 -0.37029627
v 2.7084148 0.24452661 -0.5963779
v 2.7640707 0.24452056 -0.71267694
v 2.7640707 0.2445205 -0.59637755
v 2.6228673 0.24452053 -0.7126771
v 2.6228678 0.2445205 -0.5963779
v 2.6228678 -5.7220456E-07 -0.28391835
v 2.708415 0.06975066 -0.28391856
v 2.708415 -5.960464E-07 -0.28391856
v 2.6228678 0.0697507 -0.28391835
v 2.6228678 0.12577598 -0.37029606
v 2.708415 0.0697506 -0.37029627
v 2.6228678 0.069750644 -0.37029606
v 2.708415 0.1257759 -0.37029627
v 2.6228678 0.12577592 -0.4782726
v 2.708415 0.1257759 -0.37029627
v 2.6228678 0.12577598 -0.37029606
v 2.708415 0.12577587 -0.47827223
v 2.6228678 0.18492027 -0.4782726
v 2.708415 0.12577587 -0.47827223
v 2.6228678 0.12577592 -0.4782726
v 2.708415 0.18492025 -0.4782728
v 2.6228678 0.1849202 -0.5963779
v 2.708415 0.18492025 -0.4782728
v 2.6228678 0.18492027 -0.4782726
v 2.708415 0.18492019 -0.59637755
v 2.6228678 0.2445205 -0.5963779
v 2.708415 0.18492019 -0.59637755
v 2.6228678 0.1849202 -0.5963779
v 2.7084148 0.24452661 -0.5963779
v 2.6228678 -5.7220456E-07 -0.28391835
v 2.6228678 0.069750644 -0.37029606
v 2.6228678 0.0697507 -0.28391835
v 2.6228673 -5.2452083E-07 -0.7126771
v 2.6228678 0.12577592 -0.4782726
v 2.6228678 0.12577598 -0.37029606
v 2.6228678 0.1849202 -0.5963779
v 2.6228678 0.18492027 -0.4782726
v 2.6228678 0.2445205 -0.5963779
v 2.6228673 0.24452053 -0.7126771
v 0.8589247 0.08415116 -2.6803803
v 0.7122772 0.096084 -2.7227926
v 0.8589243 0.08415118 -2.7227924
v 0.7122775 0.096084 -2.6803803
v 0.8589247 0.08415116 -2.6803803
v 0.71193784 -0.0011183284 -2.6803803
v 0.7122775 0.096084 -2.6803803
v 0.8440884 -0.0011183284 -2.6803803
v 0.84408826 -0.0011183247 -2.7227926
v 0.8589247 0.08415116 -2.6803803
v 0.8589243 0.08415118 -2.7227924
v 0.8440884 -0.0011183284 -2.6803803
v 0.7119375 -0.0011183247 -2.7227924
v 0.7122775 0.096084 -2.6803803
v 0.71193784 -0.0011183284 -2.6803803
v 0.7122772 0.096084 -2.7227926
vt 0.89746094 0.14440918
vt 0.9013672 0.13000488
vt 0.89697266 0.13439941
vt 0.94091797 0.1303711
vt 0.9355469 0.13879395
vt 0.93896484 0.1418457
vt 0.9355469 0.13879395
vt 0.94091797 0.1303711
vt 0.93603516 0.13000488
vt 0.89404297 0.12915039
vt 0.89746094 0.14440918
vt 0.89697266 0.13439941
vt 0.89746094 0.14440918
vt 0.89404297 0.12915039
vt 0.8925781 0.14440918
vt 0.9272461 0.14428711
vt 0.93896484 0.1418457
vt 0.9355469 0.13879395
vt 0.93896484 0.1418457
vt 0.9272461 0.14428711
vt 0.9291992 0.14868164
vt 0.89404297 0.12915039
vt 0.89697266 0.13439941
vt 0.9013672 0.13000488
vt 0.87597656 0.4494629
vt 0.87060547 0.46923828
vt 0.87646484 0.46313477
vt 0.81591797 0.46875
vt 0.82373047 0.45703125
vt 0.8183594 0.45288086
vt 0.82373047 0.45703125
vt 0.81591797 0.46875
vt 0.8227539 0.46923828
vt 0.8808594 0.47021484
vt 0.87597656 0.4494629
vt 0.87646484 0.46313477
vt 0.87597656 0.4494629
vt 0.8808594 0.47021484
vt 0.8828125 0.44921875
vt 0.83496094 0.4494629
vt 0.8183594 0.45288086
vt 0.82373047 0.45703125
vt 0.8183594 0.45288086
vt 0.83496094 0.4494629
vt 0.83203125 0.44335938
vt 0.8808594 0.47021484
vt 0.87646484 0.46313477
vt 0.87060547 0.46923828
vt 0.828125 0.4753418
vt 0.8222656 0.49536133
vt 0.8222656 0.4814453
vt 0.8823242 0.47583008
vt 0.875 0.48754883
vt 0.87597656 0.4753418
vt 0.875 0.48754883
vt 0.8823242 0.47583008
vt 0.8798828 0.49169922
vt 0.8173828 0.47436523
vt 0.8222656 0.49536133
vt 0.81591797 0.49536133
vt 0.8222656 0.49536133
vt 0.8173828 0.47436523
vt 0.8222656 0.4814453
vt 0.86328125 0.4951172
vt 0.8798828 0.49169922
vt 0.86621094 0.50097656
vt 0.8798828 0.49169922
vt 0.86328125 0.4951172
vt 0.875 0.48754883
vt 0.8173828 0.47436523
vt 0.828125 0.4753418
vt 0.8222656 0.4814453
vt 0.7583008 0.06854248
vt 0.7631836 0.03555298
vt 0.7626953 0.070739746
vt 0.7631836 0.03555298
vt 0.7583008 0.06854248
vt 0.7583008 0.035583496
vt 0.7426758 0.0836792
vt 0.7519531 0.07763672
vt 0.7553711 0.08178711
vt 0.7519531 0.07763672
vt 0.7426758 0.0836792
vt 0.7421875 0.07849121
vt 0.74121094 0.031677246
vt 0.7583008 0.035583496
vt 0.7470703 0.035369873
vt 0.7583008 0.035583496
vt 0.74121094 0.031677246
vt 0.7583008 0.030380249
vt 0.7583008 0.06854248
vt 0.7553711 0.08178711
vt 0.7519531 0.07763672
vt 0.7553711 0.08178711
vt 0.7583008 0.06854248
vt 0.7626953 0.070739746
vt 0.74121094 0.031677246
vt 0.7470703 0.035369873
vt 0.7421875 0.040100098
vt 0.91552734 0.17004395
vt 0.91015625 0.1616211
vt 0.9140625 0.15844727
vt 0.91015625 0.1616211
vt 0.91552734 0.17004395
vt 0.9111328 0.17041016
vt 0.86865234 0.17114258
vt 0.8720703 0.15600586
vt 0.8720703 0.16601562
vt 0.8720703 0.15600586
vt 0.86865234 0.17114258
vt 0.8676758 0.15588379
vt 0.90185547 0.15612793
vt 0.9140625 0.15844727
vt 0.91015625 0.1616211
vt 0.9140625 0.15844727
vt 0.90185547 0.15612793
vt 0.9038086 0.1517334
vt 0.86865234 0.17114258
vt 0.8720703 0.16601562
vt 0.87646484 0.17041016
vt 0.73095703 0.05984497
vt 0.7368164 0.095336914
vt 0.73095703 0.095336914
vt 0.7368164 0.095336914
vt 0.73095703 0.05984497
vt 0.7363281 0.057525635
vt 0.71435547 0.043640137
vt 0.7241211 0.050079346
vt 0.7138672 0.049194336
vt 0.7241211 0.050079346
vt 0.71435547 0.043640137
vt 0.72802734 0.04562378
vt 0.7128906 0.099487305
vt 0.73095703 0.095336914
vt 0.73095703 0.10089111
vt 0.73095703 0.095336914
vt 0.7128906 0.099487305
vt 0.7192383 0.09552002
vt 0.73095703 0.05984497
vt 0.72802734 0.04562378
vt 0.7363281 0.057525635
vt 0.72802734 0.04562378
vt 0.73095703 0.05984497
vt 0.7241211 0.050079346
vt 0.7128906 0.099487305
vt 0.7138672 0.0904541
vt 0.7192383 0.09552002
vt 0.7133789 0.024673462
vt 0.71972656 0.014602661
vt 0.71533203 0.01084137
vt 0.71972656 0.014602661
vt 0.7133789 0.024673462
vt 0.71875 0.025024414
vt 0.76953125 0.026031494
vt 0.7651367 0.007873535
vt 0.7651367 0.01979065
vt 0.7651367 0.007873535
vt 0.76953125 0.026031494
vt 0.7705078 0.0077705383
vt 0.7294922 0.0079574585
vt 0.71533203 0.01084137
vt 0.71972656 0.014602661
vt 0.71533203 0.01084137
vt 0.7294922 0.0079574585
vt 0.7270508 0.002784729
vt 0.76953125 0.026031494
vt 0.7651367 0.01979065
vt 0.7602539 0.025024414
vt 0.81640625 0.43847656
vt 0.82421875 0.42700195
vt 0.81884766 0.42260742
vt 0.82421875 0.42700195
vt 0.81640625 0.43847656
vt 0.8232422 0.43896484
vt 0.88134766 0.44018555
vt 0.87646484 0.41918945
vt 0.8769531 0.43286133
vt 0.87646484 0.41918945
vt 0.88134766 0.44018555
vt 0.8828125 0.4189453
vt 0.8354492 0.41918945
vt 0.81884766 0.42260742
vt 0.82421875 0.42700195
vt 0.81884766 0.42260742
vt 0.8354492 0.41918945
vt 0.83251953 0.41333008
vt 0.88134766 0.44018555
vt 0.8769531 0.43286133
vt 0.87109375 0.43896484
vt 0.9448242 0.2524414
vt 0.9506836 0.24304199
vt 0.94970703 0.25268555
vt 0.9506836 0.24304199
vt 0.9448242 0.2524414
vt 0.94628906 0.23950195
vt 0.9970703 0.2536621
vt 0.99316406 0.23669434
vt 0.99853516 0.23657227
vt 0.99316406 0.23669434
vt 0.9970703 0.2536621
vt 0.99365234 0.24780273
vt 0.95996094 0.23669434
vt 0.94628906 0.23950195
vt 0.95751953 0.2319336
vt 0.94628906 0.23950195
vt 0.95996094 0.23669434
vt 0.9506836 0.24304199
vt 0.9970703 0.2536621
vt 0.98876953 0.25268555
vt 0.99365234 0.24780273
vt 0.0020008087 0.10223389
vt 0.1361084 0.09057617
vt 0.0020008087 0.09057617
vt 0.1361084 0.10223389
vt 0.1361084 0.088134766
vt 0.2932129 0.07659912
vt 0.1361084 0.07659912
vt 0.2932129 0.088134766
vt 0.38867188 0.10223389
vt 0.48510742 0.09069824
vt 0.38867188 0.09069824
vt 0.48510742 0.10223389
vt 0.2932129 0.09472656
vt 0.38867188 0.08319092
vt 0.2932129 0.08319092
vt 0.38867188 0.09472656
vt 0.48510742 0.088134766
vt 0.5727539 0.07659912
vt 0.48510742 0.07659912
vt 0.5727539 0.088134766
vt 0.1361084 0.09057617
vt 0.0020008087 0.001742363
vt 0.0020008087 0.09057617
vt 0.1361084 0.07659912
vt 0.2932129 0.07659912
vt 0.38867188 0.0018873215
vt 0.38867188 0.08319092
vt 0.2932129 0.08319092
vt 0.48510742 0.07659912
vt 0.48510742 0.09069824
vt 0.38867188 0.09069824
vt 0.5727539 0.07659912
vt 0.7084961 0.0017471313
vt 0.7084961 0.08660889
vt 0.5727539 0.08660889
vt 0.15014648 0.09057617
vt 0.1361084 0.10223389
vt 0.15014648 0.10217285
vt 0.1361084 0.09057617
vt 0.49902344 0.09069824
vt 0.48510742 0.10223389
vt 0.49902344 0.10223389
vt 0.48510742 0.09069824
vt 0.8051758 0.38500977
vt 0.8676758 0.37304688
vt 0.8051758 0.37597656
vt 0.8676758 0.38183594
vt 0.8051758 0.38500977
vt 0.8701172 0.40625
vt 0.8676758 0.38183594
vt 0.8017578 0.40625
vt 0.79296875 0.40478516
vt 0.8051758 0.38500977
vt 0.7963867 0.38354492
vt 0.8017578 0.40625
vt 0.87890625 0.40551758
vt 0.8676758 0.38183594
vt 0.8701172 0.40625
vt 0.8769531 0.38110352
vt 0.9658203 0.1685791
vt 0.9916992 0.16088867
vt 0.96533203 0.16210938
vt 0.9921875 0.1673584
vt 0.9658203 0.1685791
vt 0.99121094 0.1895752
vt 0.9921875 0.1673584
vt 0.96777344 0.1887207
vt 0.9614258 0.18933105
vt 0.9658203 0.1685791
vt 0.95947266 0.16918945
vt 0.96777344 0.1887207
vt 0.9975586 0.18981934
vt 0.9921875 0.1673584
vt 0.99121094 0.1895752
vt 0.99853516 0.16760254
vt 0.9272461 0.14428711
vt 0.89746094 0.14904785
vt 0.9291992 0.14868164
vt 0.89746094 0.14440918
vt 0.9272461 0.14428711
vt 0.9013672 0.13000488
vt 0.89746094 0.14440918
vt 0.93603516 0.13000488
vt 0.9355469 0.13879395
vt 0.8076172 0.27294922
vt 0.8666992 0.2800293
vt 0.8076172 0.28149414
vt 0.86621094 0.27148438
vt 0.8076172 0.27294922
vt 0.8696289 0.2548828
vt 0.86621094 0.27148438
vt 0.80566406 0.2548828
vt 0.7973633 0.25585938
vt 0.8076172 0.27294922
vt 0.7993164 0.27392578
vt 0.80566406 0.2548828
vt 0.8779297 0.2565918
vt 0.86621094 0.27148438
vt 0.8696289 0.2548828
vt 0.8745117 0.27319336
vt 0.7084961 0.09814453
vt 0.5727539 0.08660889
vt 0.5727539 0.09814453
vt 0.7084961 0.08660889
vt 0.00983429 0.8852539
vt 0.11437988 0.8964844
vt 0.11437988 0.8852539
vt 0.004459381 0.8964844
vt 0.11437988 0.89501953
vt 0.3256836 0.90625
vt 0.3256836 0.89501953
vt 0.11437988 0.90625
vt 0.41870117 0.88134766
vt 0.4741211 0.8925781
vt 0.4741211 0.88134766
vt 0.41870117 0.8925781
vt 0.3256836 0.8886719
vt 0.41870117 0.89990234
vt 0.41870117 0.8886719
vt 0.3256836 0.89990234
vt 0.46533203 0.7792969
vt 0.5576172 0.76953125
vt 0.5576172 0.7792969
vt 0.46533203 0.76953125
vt 0.004459381 0.91748047
vt 0.11437988 0.8964844
vt 0.004459381 0.8964844
vt 0.11437988 0.90625
vt 0.3256836 0.90625
vt 0.41870117 0.91748047
vt 0.41870117 0.89990234
vt 0.3256836 0.89990234
vt 0.4741211 0.90625
vt 0.52685547 0.91748047
vt 0.52685547 0.90625
vt 0.4741211 0.8925781
vt 0.41870117 0.8925781
vt 0.68896484 0.7910156
vt 0.5576172 0.7792969
vt 0.68896484 0.7792969
vt 0.5576172 0.7910156
vt 0.5576172 0.76953125
vt 0.68896484 0.7792969
vt 0.5576172 0.7792969
vt 0.68896484 0.7578125
vt 0.46533203 0.7578125
vt 0.46533203 0.76953125
vt 0.5576172 0.7792969
vt 0.5473633 0.7910156
vt 0.5473633 0.7792969
vt 0.5576172 0.7910156
vt 0.8769531 0.20007324
vt 0.8569336 0.21313477
vt 0.8769531 0.21313477
vt 0.8569336 0.20007324
vt 0.7988281 0.20043945
vt 0.7788086 0.21191406
vt 0.7988281 0.21191406
vt 0.7788086 0.20043945
vt 0.4741211 0.89501953
vt 0.52685547 0.90625
vt 0.52685547 0.89501953
vt 0.4741211 0.90625
vt 0.46533203 0.76953125
vt 0.4543457 0.7792969
vt 0.4543457 0.76953125
vt 0.46533203 0.7792969
vt 0.0031909943 0.80615234
vt 0.13134766 0.79541016
vt 0.0031909943 0.79541016
vt 0.13134766 0.80615234
vt 0.13134766 0.8198242
vt 0.28149414 0.80859375
vt 0.13134766 0.80859375
vt 0.28149414 0.8198242
vt 0.37280273 0.80615234
vt 0.46484375 0.79541016
vt 0.37280273 0.79541016
vt 0.46484375 0.80615234
vt 0.28149414 0.81347656
vt 0.37280273 0.8027344
vt 0.28149414 0.8027344
vt 0.37280273 0.81347656
vt 0.46484375 0.8198242
vt 0.5488281 0.80859375
vt 0.46484375 0.80859375
vt 0.5488281 0.8198242
vt 0.14477539 0.79541016
vt 0.13134766 0.80615234
vt 0.14477539 0.80615234
vt 0.13134766 0.79541016
vt 0.47827148 0.79541016
vt 0.46484375 0.80615234
vt 0.47827148 0.80615234
vt 0.46484375 0.79541016
vt 0.67871094 0.8100586
vt 0.5488281 0.7993164
vt 0.5488281 0.8100586
vt 0.67871094 0.7993164
vt 0.0031909943 0.83203125
vt 0.13134766 0.80615234
vt 0.0031909943 0.80615234
vt 0.13134766 0.8198242
vt 0.28149414 0.8198242
vt 0.37280273 0.83203125
vt 0.37280273 0.81347656
vt 0.28149414 0.81347656
vt 0.46484375 0.8198242
vt 0.46484375 0.80615234
vt 0.37280273 0.80615234
vt 0.5488281 0.8198242
vt 0.67871094 0.83203125
vt 0.67871094 0.8100586
vt 0.5488281 0.8100586
vt 0.007587433 0.2993164
vt 0.117004395 0.31103516
vt 0.117004395 0.2993164
vt 0.0019664764 0.31103516
vt 0.117004395 0.2890625
vt 0.33813477 0.30078125
vt 0.33813477 0.2890625
vt 0.117004395 0.30078125
vt 0.43530273 0.3034668
vt 0.4934082 0.31518555
vt 0.4934082 0.3034668
vt 0.43530273 0.31518555
vt 0.33813477 0.2956543
vt 0.43530273 0.3076172
vt 0.43530273 0.2956543
vt 0.33813477 0.3076172
vt 0.46606445 0.42016602
vt 0.5571289 0.43017578
vt 0.5571289 0.42016602
vt 0.46606445 0.43017578
vt 0.68847656 0.43017578
vt 0.5571289 0.44189453
vt 0.68847656 0.44189453
vt 0.5571289 0.43017578
vt 0.117004395 0.2993164
vt 0.007587433 0.21276855
vt 0.007587433 0.2993164
vt 0.117004395 0.2890625
vt 0.33813477 0.2890625
vt 0.43530273 0.21289062
vt 0.43530273 0.2956543
vt 0.33813477 0.2956543
vt 0.4934082 0.2890625
vt 0.49267578 0.21289062
vt 0.5493164 0.21289062
vt 0.5493164 0.27807617
vt 0.5493164 0.2890625
vt 0.4934082 0.3034668
vt 0.43530273 0.3034668
vt 0.94921875 0.14025879
vt 0.99121094 0.13208008
vt 0.94921875 0.13415527
vt 0.9916992 0.1381836
vt 0.94921875 0.14025879
vt 0.99316406 0.15466309
vt 0.9916992 0.1381836
vt 0.94677734 0.15466309
vt 0.94091797 0.15368652
vt 0.94921875 0.14025879
vt 0.9433594 0.13916016
vt 0.94677734 0.15466309
vt 0.99902344 0.1541748
vt 0.9916992 0.1381836
vt 0.99316406 0.15466309
vt 0.9975586 0.13769531
vt 0.8754883 0.5263672
vt 0.8486328 0.53466797
vt 0.8754883 0.5332031
vt 0.84814453 0.52783203
vt 0.8754883 0.5263672
vt 0.8491211 0.50439453
vt 0.84814453 0.52783203
vt 0.87353516 0.5053711
vt 0.8798828 0.5048828
vt 0.8754883 0.5263672
vt 0.88183594 0.5258789
vt 0.87353516 0.5053711
vt 0.84228516 0.50439453
vt 0.84814453 0.52783203
vt 0.8491211 0.50439453
vt 0.8413086 0.52734375
vt 0.83496094 0.4494629
vt 0.87597656 0.4428711
vt 0.83203125 0.44335938
vt 0.87597656 0.4494629
vt 0.83496094 0.4494629
vt 0.87060547 0.46923828
vt 0.87597656 0.4494629
vt 0.8227539 0.46923828
vt 0.82373047 0.45703125
vt 0.84228516 0.29370117
vt 0.7832031 0.28686523
vt 0.84228516 0.28515625
vt 0.7836914 0.29516602
vt 0.84228516 0.29370117
vt 0.78027344 0.31176758
vt 0.7836914 0.29516602
vt 0.8442383 0.31176758
vt 0.85253906 0.31103516
vt 0.84228516 0.29370117
vt 0.85058594 0.2927246
vt 0.8442383 0.31176758
vt 0.77197266 0.31030273
vt 0.7836914 0.29516602
vt 0.78027344 0.31176758
vt 0.7753906 0.29370117
vt 0.68847656 0.43017578
vt 0.5571289 0.42016602
vt 0.5571289 0.43017578
vt 0.68847656 0.34423828
vt 0.46606445 0.34448242
vt 0.46606445 0.4091797
vt 0.46606445 0.42016602
vt 0.5571289 0.44189453
vt 0.546875 0.43017578
vt 0.546875 0.44189453
vt 0.5571289 0.43017578
vt 0.60595703 0.20715332
vt 0.5859375 0.22021484
vt 0.60595703 0.22021484
vt 0.5859375 0.20715332
vt 0.87109375 0.13146973
vt 0.84228516 0.14807129
vt 0.87109375 0.14807129
vt 0.84228516 0.13146973
vt 0.4934082 0.2890625
vt 0.5493164 0.30078125
vt 0.5493164 0.2890625
vt 0.4934082 0.30078125
vt 0.0031909943 0.8491211
vt 0.13134766 0.8378906
vt 0.13134766 0.8491211
vt 0.0031909943 0.8378906
vt 0.13134766 0.86279297
vt 0.28149414 0.8515625
vt 0.28149414 0.86279297
vt 0.13134766 0.8515625
vt 0.37280273 0.8491211
vt 0.46484375 0.8383789
vt 0.46484375 0.8491211
vt 0.37280273 0.8383789
vt 0.28149414 0.8564453
vt 0.37280273 0.84521484
vt 0.37280273 0.8564453
vt 0.28149414 0.84521484
vt 0.46484375 0.86279297
vt 0.5488281 0.8515625
vt 0.5488281 0.86279297
vt 0.46484375 0.8515625
vt 0.14477539 0.8378906
vt 0.13134766 0.8491211
vt 0.13134766 0.8378906
vt 0.14477539 0.8491211
vt 0.47827148 0.8383789
vt 0.46484375 0.8491211
vt 0.46484375 0.8383789
vt 0.47827148 0.8491211
vt 0.67871094 0.85302734
vt 0.5488281 0.8417969
vt 0.67871094 0.8417969
vt 0.5488281 0.85302734
vt 0.13134766 0.8491211
vt 0.0031909943 0.8745117
vt 0.0031909943 0.8491211
vt 0.13134766 0.86279297
vt 0.28149414 0.86279297
vt 0.37280273 0.8745117
vt 0.37280273 0.8564453
vt 0.28149414 0.8564453
vt 0.46484375 0.86279297
vt 0.46484375 0.8491211
vt 0.37280273 0.8491211
vt 0.5488281 0.86279297
vt 0.67871094 0.8745117
vt 0.67871094 0.85302734
vt 0.5488281 0.85302734
vt 0.006362915 0.19311523
vt 0.11578369 0.20483398
vt 0.0007429123 0.20483398
vt 0.11578369 0.19311523
vt 0.11578369 0.18286133
vt 0.33691406 0.19458008
vt 0.11578369 0.19458008
vt 0.33691406 0.18286133
vt 0.43408203 0.19714355
vt 0.4921875 0.20898438
vt 0.43408203 0.20898438
vt 0.4921875 0.19714355
vt 0.33691406 0.1895752
vt 0.43408203 0.20129395
vt 0.33691406 0.20129395
vt 0.43408203 0.1895752
vt 0.77490234 0.07739258
vt 0.8671875 0.087524414
vt 0.77490234 0.087524414
vt 0.8671875 0.07739258
vt 0.99853516 0.08758545
vt 0.8671875 0.099243164
vt 0.8671875 0.08758545
vt 0.99853516 0.099243164
vt 0.006362915 0.10656738
vt 0.11578369 0.19311523
vt 0.006362915 0.19311523
vt 0.11578369 0.18286133
vt 0.33691406 0.18286133
vt 0.43408203 0.10675049
vt 0.43408203 0.1895752
vt 0.33691406 0.1895752
vt 0.4921875 0.18286133
vt 0.5473633 0.10668945
vt 0.5473633 0.17199707
vt 0.5473633 0.18286133
vt 0.4921875 0.19714355
vt 0.43408203 0.19714355
vt 0.89404297 0.19897461
vt 0.9448242 0.18920898
vt 0.9448242 0.1965332
vt 0.8935547 0.19165039
vt 0.89404297 0.19897461
vt 0.94677734 0.21643066
vt 0.8911133 0.21643066
vt 0.9448242 0.1965332
vt 0.88378906 0.21520996
vt 0.89404297 0.19897461
vt 0.8911133 0.21643066
vt 0.88671875 0.1977539
vt 0.95410156 0.21582031
vt 0.9448242 0.1965332
vt 0.95214844 0.19592285
vt 0.94677734 0.21643066
vt 0.5078125 0.31420898
vt 0.5390625 0.30493164
vt 0.5395508 0.31274414
vt 0.5073242 0.30639648
vt 0.5078125 0.31420898
vt 0.5385742 0.33984375
vt 0.5097656 0.3388672
vt 0.5395508 0.31274414
vt 0.5019531 0.3395996
vt 0.5078125 0.31420898
vt 0.5097656 0.3388672
vt 0.49975586 0.3149414
vt 0.5463867 0.3400879
vt 0.5395508 0.31274414
vt 0.5473633 0.31298828
vt 0.5385742 0.33984375
vt 0.86328125 0.4951172
vt 0.8222656 0.5019531
vt 0.8222656 0.49536133
vt 0.86621094 0.50097656
vt 0.828125 0.4753418
vt 0.86328125 0.4951172
vt 0.8222656 0.49536133
vt 0.87597656 0.4753418
vt 0.875 0.48754883
vt 0.8696289 0.3239746
vt 0.8105469 0.31713867
vt 0.8105469 0.3256836
vt 0.8691406 0.31567383
vt 0.8696289 0.3239746
vt 0.8076172 0.34228516
vt 0.87158203 0.34228516
vt 0.8105469 0.3256836
vt 0.8798828 0.3413086
vt 0.8696289 0.3239746
vt 0.87158203 0.34228516
vt 0.8779297 0.3232422
vt 0.7993164 0.34057617
vt 0.8105469 0.3256836
vt 0.8022461 0.3239746
vt 0.8076172 0.34228516
vt 0.8671875 0.07739258
vt 0.99853516 0.08758545
vt 0.8671875 0.08758545
vt 0.99853516 0.0016994476
vt 0.77490234 0.0017786026
vt 0.77490234 0.066589355
vt 0.77490234 0.07739258
vt 0.8671875 0.099243164
vt 0.8569336 0.08758545
vt 0.8671875 0.08758545
vt 0.8569336 0.099243164
vt 0.71484375 0.82128906
vt 0.6948242 0.83447266
vt 0.6948242 0.82128906
vt 0.71484375 0.83447266
vt 0.72021484 0.7729492
vt 0.7001953 0.7841797
vt 0.7001953 0.7729492
vt 0.72021484 0.7841797
vt 0.4921875 0.18286133
vt 0.5473633 0.19458008
vt 0.4921875 0.19458008
vt 0.5473633 0.18286133
vt 0.77490234 0.087524414
vt 0.76416016 0.07739258
vt 0.77490234 0.07739258
vt 0.76416016 0.087524414
vt 0.64697266 0.20239258
vt 0.7709961 0.21704102
vt 0.7709961 0.20239258
vt 0.64697266 0.21691895
vt 0.7661133 0.3215332
vt 0.68408203 0.30688477
vt 0.68408203 0.3215332
vt 0.7661133 0.30688477
vt 0.63183594 0.20239258
vt 0.64697266 0.21691895
vt 0.64697266 0.20239258
vt 0.63183594 0.21691895
vt 0.7661133 0.22570801
vt 0.68408203 0.30688477
vt 0.7661133 0.30688477
vt 0.5576172 0.22546387
vt 0.5576172 0.3178711
vt 0.68408203 0.3178711
vt 0.78466797 0.2286377
vt 0.8432617 0.21728516
vt 0.84375 0.22570801
vt 0.7841797 0.22021484
vt 0.78466797 0.2286377
vt 0.8457031 0.2487793
vt 0.78125 0.2487793
vt 0.84375 0.22570801
vt 0.7729492 0.24731445
vt 0.78466797 0.2286377
vt 0.78125 0.2487793
vt 0.7763672 0.22717285
vt 0.8540039 0.24804688
vt 0.84375 0.22570801
vt 0.8520508 0.22497559
vt 0.8457031 0.2487793
vt 0.9326172 0.2409668
vt 0.87109375 0.24816895
vt 0.87109375 0.23925781
vt 0.9326172 0.24987793
vt 0.9326172 0.2409668
vt 0.8676758 0.22180176
vt 0.9350586 0.22180176
vt 0.87109375 0.23925781
vt 0.94384766 0.22277832
vt 0.9326172 0.2409668
vt 0.9350586 0.22180176
vt 0.94140625 0.24194336
vt 0.8588867 0.22363281
vt 0.87109375 0.23925781
vt 0.8623047 0.2409668
vt 0.8676758 0.22180176
vt 0.64697266 0.20178223
vt 0.5551758 0.18713379
vt 0.5551758 0.20178223
vt 0.64697266 0.18713379
vt 0.68408203 0.3178711
vt 0.5576172 0.33251953
vt 0.68408203 0.3322754
vt 0.5576172 0.3178711
vt 0.7709961 0.20239258
vt 0.64697266 0.18713379
vt 0.64697266 0.20239258
vt 0.7709961 0.10583496
vt 0.5551758 0.10595703
vt 0.5551758 0.18713379
vt 0.6010742 0.70214844
vt 0.71533203 0.7167969
vt 0.7207031 0.70214844
vt 0.6010742 0.7167969
vt 0.71777344 0.72265625
vt 0.5541992 0.7368164
vt 0.5541992 0.72265625
vt 0.71777344 0.7368164
vt 0.58496094 0.70214844
vt 0.6010742 0.7167969
vt 0.6010742 0.70214844
vt 0.58496094 0.7167969
vt 0.71777344 0.7504883
vt 0.5541992 0.7368164
vt 0.71777344 0.7368164
vt 0.4567871 0.75097656
vt 0.4567871 0.7260742
vt 0.5541992 0.7260742
vt 0.6010742 0.70166016
vt 0.45166016 0.6870117
vt 0.45166016 0.70166016
vt 0.6010742 0.6870117
vt 0.5541992 0.7260742
vt 0.4621582 0.7114258
vt 0.5541992 0.7114258
vt 0.4567871 0.7260742
vt 0.7207031 0.70214844
vt 0.6010742 0.6870117
vt 0.6010742 0.70214844
vt 0.7207031 0.67333984
vt 0.45166016 0.67333984
vt 0.45166016 0.6870117
vt 0.4453125 0.76708984
vt 0.37426758 0.7524414
vt 0.4453125 0.7524414
vt 0.37426758 0.76708984
vt 0.37426758 0.75683594
vt 0.2097168 0.74316406
vt 0.37426758 0.74316406
vt 0.2097168 0.75683594
vt 0.10986328 0.76660156
vt 0.0030937195 0.7524414
vt 0.10986328 0.7524414
vt 0.0030841827 0.76660156
vt 0.2097168 0.76220703
vt 0.10986328 0.7480469
vt 0.2097168 0.7480469
vt 0.10986328 0.76220703
vt 0.37426758 0.7524414
vt 0.4453125 0.67089844
vt 0.4453125 0.7524414
vt 0.37426758 0.74316406
vt 0.2097168 0.74316406
vt 0.10986328 0.67089844
vt 0.10986328 0.7480469
vt 0.2097168 0.7480469
vt 0.0030937195 0.67089844
vt 0.10986328 0.7524414
vt 0.0030937195 0.7524414
vt 0.36010742 0.77685547
vt 0.37426758 0.76708984
vt 0.37426758 0.77685547
vt 0.36010742 0.76708984
vt 0.92578125 0.16516113
vt 0.94873047 0.15844727
vt 0.92578125 0.1595459
vt 0.94873047 0.1640625
vt 0.92578125 0.16516113
vt 0.9482422 0.18371582
vt 0.94873047 0.1640625
vt 0.9277344 0.18286133
vt 0.921875 0.18334961
vt 0.92578125 0.16516113
vt 0.92041016 0.16577148
vt 0.9277344 0.18286133
vt 0.9536133 0.18383789
vt 0.94873047 0.1640625
vt 0.9482422 0.18371582
vt 0.95458984 0.16430664
vt 0.7583008 0.035583496
vt 0.7421875 0.040100098
vt 0.7470703 0.035369873
vt 0.7583008 0.06854248
vt 0.7421875 0.07849121
vt 0.7519531 0.07763672
vt 0.4453125 0.7890625
vt 0.37426758 0.76708984
vt 0.4453125 0.76708984
vt 0.37426758 0.77685547
vt 0.2097168 0.7763672
vt 0.109802246 0.7885742
vt 0.10986328 0.7714844
vt 0.2097168 0.7714844
vt 0.003047943 0.7885742
vt 0.10986328 0.76660156
vt 0.0030841827 0.76660156
vt 0.40063477 0.52783203
vt 0.32836914 0.5419922
vt 0.32836914 0.52783203
vt 0.40649414 0.5419922
vt 0.32836914 0.53759766
vt 0.16369629 0.55126953
vt 0.16369629 0.53759766
vt 0.32836914 0.55126953
vt 0.06378174 0.52783203
vt 0.0017690659 0.5415039
vt 0.007873535 0.52783203
vt 0.06378174 0.5419922
vt 0.16369629 0.53222656
vt 0.06384277 0.5463867
vt 0.06384277 0.53222656
vt 0.16369629 0.5463867
vt 0.40649414 0.5625
vt 0.32836914 0.5419922
vt 0.40649414 0.5419922
vt 0.32836914 0.55126953
vt 0.16369629 0.55126953
vt 0.06384277 0.5625
vt 0.06384277 0.5463867
vt 0.16369629 0.5463867
vt 0.0017795563 0.5625
vt 0.06378174 0.5419922
vt 0.0017690659 0.5415039
vt 0.16369629 0.5180664
vt 0.17773438 0.5229492
vt 0.16369629 0.5229492
vt 0.17773438 0.5180664
vt 0.06378174 0.5229492
vt 0.077819824 0.52783203
vt 0.06378174 0.52783203
vt 0.077819824 0.5229492
vt 0.32836914 0.52783203
vt 0.40063477 0.44604492
vt 0.40063477 0.52783203
vt 0.32836914 0.5180664
vt 0.16369629 0.5180664
vt 0.06378174 0.44580078
vt 0.06378174 0.5229492
vt 0.16369629 0.5229492
vt 0.007873535 0.44604492
vt 0.06378174 0.52783203
vt 0.007873535 0.52783203
vt 0.87353516 0.63916016
vt 0.88134766 0.66552734
vt 0.8798828 0.6386719
vt 0.875 0.66552734
vt 0.87353516 0.63916016
vt 0.8520508 0.66503906
vt 0.875 0.66552734
vt 0.85302734 0.640625
vt 0.85253906 0.63427734
vt 0.87353516 0.63916016
vt 0.8730469 0.6323242
vt 0.85302734 0.640625
vt 0.8515625 0.6713867
vt 0.875 0.66552734
vt 0.8520508 0.66503906
vt 0.8745117 0.6723633
vt 0.90185547 0.15612793
vt 0.8720703 0.15136719
vt 0.9038086 0.1517334
vt 0.8720703 0.15600586
vt 0.8720703 0.15600586
vt 0.87646484 0.17041016
vt 0.8720703 0.16601562
vt 0.90185547 0.15612793
vt 0.9111328 0.17041016
vt 0.91015625 0.1616211
vt 0.42773438 0.9379883
vt 0.35986328 0.9243164
vt 0.35986328 0.9379883
vt 0.42773438 0.9243164
vt 0.35986328 0.9472656
vt 0.20263672 0.93359375
vt 0.20263672 0.9472656
vt 0.35986328 0.93408203
vt 0.107177734 0.9379883
vt 0.0051498413 0.9243164
vt 0.005138397 0.9375
vt 0.107177734 0.9243164
vt 0.20263672 0.9423828
vt 0.107177734 0.92871094
vt 0.107177734 0.9423828
vt 0.20263672 0.9291992
vt 0.69189453 0.8588867
vt 0.7158203 0.84228516
vt 0.69189453 0.84228516
vt 0.7158203 0.8588867
vt 0.69628906 0.765625
vt 0.72021484 0.7573242
vt 0.69628906 0.7573242
vt 0.72021484 0.765625
vt 0.8154297 0.20922852
vt 0.83935547 0.20117188
vt 0.8154297 0.20117188
vt 0.83935547 0.20922852
vt 0.35986328 0.9379883
vt 0.42773438 0.9589844
vt 0.42773438 0.9379883
vt 0.35986328 0.9472656
vt 0.20263672 0.9472656
vt 0.1071167 0.9584961
vt 0.107177734 0.9423828
vt 0.20263672 0.9423828
vt 0.005104065 0.9584961
vt 0.107177734 0.9379883
vt 0.005138397 0.9375
vt 0.39672852 0.6508789
vt 0.3244629 0.6645508
vt 0.39819336 0.6645508
vt 0.3244629 0.6508789
vt 0.3244629 0.6411133
vt 0.15991211 0.65478516
vt 0.3244629 0.65478516
vt 0.15991211 0.6411133
vt 0.060028076 0.6508789
vt 0.0023097992 0.6645508
vt 0.060028076 0.6645508
vt 0.004081726 0.6508789
vt 0.15991211 0.6459961
vt 0.060028076 0.66015625
vt 0.15991211 0.66015625
vt 0.060028076 0.6459961
vt 0.46240234 0.32177734
vt 0.48632812 0.3383789
vt 0.48632812 0.32177734
vt 0.46240234 0.3383789
vt 0.515625 0.43530273
vt 0.5395508 0.44384766
vt 0.5395508 0.43530273
vt 0.515625 0.44384766
vt 0.4724121 0.43530273
vt 0.4963379 0.44335938
vt 0.4963379 0.43530273
vt 0.4724121 0.44335938
vt 0.39672852 0.56884766
vt 0.3244629 0.6508789
vt 0.39672852 0.6508789
vt 0.3244629 0.6411133
vt 0.15991211 0.6411133
vt 0.060028076 0.56884766
vt 0.060028076 0.6459961
vt 0.15991211 0.6459961
vt 0.004081726 0.56884766
vt 0.060028076 0.6508789
vt 0.004081726 0.6508789
vt 0.9638672 0.109558105
vt 0.9897461 0.10272217
vt 0.9902344 0.10845947
vt 0.9633789 0.103881836
vt 0.9638672 0.109558105
vt 0.9892578 0.12805176
vt 0.9658203 0.12719727
vt 0.9902344 0.10845947
vt 0.9589844 0.12768555
vt 0.9638672 0.109558105
vt 0.9658203 0.12719727
vt 0.95703125 0.11004639
vt 0.99609375 0.1282959
vt 0.9902344 0.10845947
vt 0.99658203 0.10864258
vt 0.9892578 0.12805176
vt 0.7138672 0.0904541
vt 0.73095703 0.095336914
vt 0.7192383 0.09552002
vt 0.73095703 0.05984497
vt 0.7138672 0.049194336
vt 0.7241211 0.050079346
vt 0.4465332 0.4169922
vt 0.37573242 0.4025879
vt 0.4465332 0.4025879
vt 0.37573242 0.4169922
vt 0.37573242 0.40698242
vt 0.21118164 0.3930664
vt 0.37573242 0.3930664
vt 0.21118164 0.40698242
vt 0.111206055 0.41674805
vt 0.0044784546 0.4025879
vt 0.11126709 0.4025879
vt 0.0044670105 0.4165039
vt 0.21118164 0.41210938
vt 0.11126709 0.39794922
vt 0.21118164 0.39794922
vt 0.11126709 0.41210938
vt 0.37573242 0.4025879
vt 0.4465332 0.32104492
vt 0.4465332 0.4025879
vt 0.37573242 0.3930664
vt 0.21118164 0.3930664
vt 0.11126709 0.32080078
vt 0.11126709 0.39794922
vt 0.21118164 0.39794922
vt 0.0044784546 0.32104492
vt 0.11126709 0.4025879
vt 0.0044784546 0.4025879
vt 0.21105957 0.42651367
vt 0.22509766 0.42163086
vt 0.22509766 0.42651367
vt 0.21105957 0.42163086
vt 0.111206055 0.42138672
vt 0.12524414 0.41674805
vt 0.12524414 0.42138672
vt 0.111206055 0.41674805
vt 0.87402344 0.58447266
vt 0.88183594 0.61083984
vt 0.8803711 0.58447266
vt 0.875 0.6113281
vt 0.87402344 0.58447266
vt 0.85253906 0.61035156
vt 0.875 0.6113281
vt 0.8535156 0.5864258
vt 0.85253906 0.5800781
vt 0.87402344 0.58447266
vt 0.8730469 0.578125
vt 0.8535156 0.5864258
vt 0.8520508 0.6171875
vt 0.875 0.6113281
vt 0.85253906 0.61035156
vt 0.875 0.61816406
vt 0.7294922 0.0079574585
vt 0.7651367 0.0022621155
vt 0.7270508 0.002784729
vt 0.7651367 0.007873535
vt 0.7651367 0.007873535
vt 0.7602539 0.025024414
vt 0.7651367 0.01979065
vt 0.7294922 0.0079574585
vt 0.71875 0.025024414
vt 0.71972656 0.014602661
vt 0.4465332 0.43896484
vt 0.37573242 0.4169922
vt 0.4465332 0.4169922
vt 0.37548828 0.4267578
vt 0.21105957 0.42651367
vt 0.111206055 0.43847656
vt 0.111206055 0.42138672
vt 0.21105957 0.42163086
vt 0.004432678 0.43847656
vt 0.111206055 0.41674805
vt 0.0044670105 0.4165039
vt 0.8125 0.53027344
vt 0.7397461 0.5444336
vt 0.7397461 0.53027344
vt 0.8183594 0.5444336
vt 0.7397461 0.54003906
vt 0.5751953 0.55371094
vt 0.5751953 0.54003906
vt 0.7397461 0.55371094
vt 0.47558594 0.53027344
vt 0.41333008 0.5439453
vt 0.4194336 0.53027344
vt 0.47558594 0.5444336
vt 0.5751953 0.53515625
vt 0.47558594 0.5488281
vt 0.47558594 0.53515625
vt 0.5751953 0.5488281
vt 0.8183594 0.5649414
vt 0.7397461 0.5444336
vt 0.8183594 0.5444336
vt 0.7397461 0.55371094
vt 0.5751953 0.55371094
vt 0.47558594 0.5649414
vt 0.47558594 0.5488281
vt 0.5751953 0.5488281
vt 0.41357422 0.5649414
vt 0.47558594 0.5444336
vt 0.41333008 0.5439453
vt 0.7260742 0.5205078
vt 0.7397461 0.53027344
vt 0.7260742 0.53027344
vt 0.7397461 0.5205078
vt 0.7397461 0.53027344
vt 0.8125 0.44848633
vt 0.8125 0.53027344
vt 0.7397461 0.5205078
vt 0.5751953 0.5205078
vt 0.47558594 0.4482422
vt 0.47558594 0.5253906
vt 0.5751953 0.5253906
vt 0.4194336 0.44848633
vt 0.47558594 0.53027344
vt 0.4194336 0.53027344
vt 0.83251953 0.54589844
vt 0.8598633 0.53808594
vt 0.83203125 0.5390625
vt 0.86035156 0.5449219
vt 0.83251953 0.54589844
vt 0.859375 0.5683594
vt 0.86035156 0.5449219
vt 0.83447266 0.5673828
vt 0.8276367 0.5678711
vt 0.83251953 0.54589844
vt 0.8256836 0.546875
vt 0.83447266 0.5673828
vt 0.86621094 0.5683594
vt 0.86035156 0.5449219
vt 0.859375 0.5683594
vt 0.8671875 0.5449219
vt 0.8354492 0.41918945
vt 0.87646484 0.41259766
vt 0.83251953 0.41333008
vt 0.87646484 0.41918945
vt 0.87646484 0.41918945
vt 0.87109375 0.43896484
vt 0.8769531 0.43286133
vt 0.8354492 0.41918945
vt 0.8232422 0.43896484
vt 0.82421875 0.42700195
vt 0.84521484 0.66748047
vt 0.77441406 0.6533203
vt 0.77441406 0.66748047
vt 0.84521484 0.6533203
vt 0.77441406 0.65771484
vt 0.6098633 0.6435547
vt 0.6098633 0.65771484
vt 0.77441406 0.6435547
vt 0.5097656 0.6669922
vt 0.40307617 0.6533203
vt 0.40307617 0.6669922
vt 0.5097656 0.6533203
vt 0.6098633 0.66259766
vt 0.5097656 0.6484375
vt 0.5097656 0.66259766
vt 0.6098633 0.6484375
vt 0.84521484 0.57128906
vt 0.77441406 0.6533203
vt 0.84521484 0.6533203
vt 0.77441406 0.6435547
vt 0.6098633 0.6435547
vt 0.5097656 0.57128906
vt 0.5097656 0.6484375
vt 0.6098633 0.6484375
vt 0.40307617 0.57128906
vt 0.5097656 0.6533203
vt 0.40307617 0.6533203
vt 0.6958008 0.8095703
vt 0.72021484 0.79296875
vt 0.69628906 0.79296875
vt 0.72021484 0.8095703
vt 0.63964844 0.9199219
vt 0.6635742 0.9116211
vt 0.63964844 0.9116211
vt 0.6635742 0.92041016
vt 0.60595703 0.9189453
vt 0.6298828 0.9111328
vt 0.60595703 0.9111328
vt 0.6298828 0.9189453
vt 0.96484375 0.20397949
vt 0.99121094 0.19604492
vt 0.99121094 0.20263672
vt 0.96435547 0.1973877
vt 0.96484375 0.20397949
vt 0.99072266 0.22558594
vt 0.9663086 0.22460938
vt 0.99121094 0.20263672
vt 0.95996094 0.22521973
vt 0.96484375 0.20397949
vt 0.9663086 0.22460938
vt 0.9580078 0.20458984
vt 0.9970703 0.22583008
vt 0.99121094 0.20263672
vt 0.9980469 0.20288086
vt 0.99072266 0.22558594
vt 0.95996094 0.23669434
vt 0.99316406 0.23144531
vt 0.99316406 0.23669434
vt 0.95751953 0.2319336
vt 0.98876953 0.25268555
vt 0.99316406 0.23669434
vt 0.99365234 0.24780273
vt 0.95996094 0.23669434
vt 0.94970703 0.25268555
vt 0.9506836 0.24304199
vt 0.3869629 0.9614258
vt 0.3178711 0.9746094
vt 0.39257812 0.9746094
vt 0.3178711 0.9614258
vt 0.3178711 0.9707031
vt 0.16064453 0.9838867
vt 0.3178711 0.9838867
vt 0.16064453 0.9707031
vt 0.06512451 0.9614258
vt 0.005836487 0.9746094
vt 0.06512451 0.9746094
vt 0.011672974 0.9614258
vt 0.16064453 0.9658203
vt 0.06512451 0.9790039
vt 0.16064453 0.9790039
vt 0.06512451 0.9658203
vt 0.3178711 0.9746094
vt 0.39257812 0.9946289
vt 0.39257812 0.9746094
vt 0.3178711 0.9838867
vt 0.16064453 0.9838867
vt 0.06512451 0.9946289
vt 0.06512451 0.9790039
vt 0.16064453 0.9790039
vt 0.005847931 0.9941406
vt 0.06512451 0.9746094
vt 0.005836487 0.9746094
vt 0.7626953 0.37451172
vt 0.7866211 0.39111328
vt 0.7866211 0.37451172
vt 0.7626953 0.39111328
vt 0.5727539 0.91064453
vt 0.5966797 0.9189453
vt 0.5966797 0.91064453
vt 0.5727539 0.9189453
vt 0.53808594 0.9121094
vt 0.5620117 0.9199219
vt 0.5620117 0.9121094
vt 0.53808594 0.9199219
vt 0.96533203 0.25878906
vt 0.9980469 0.9819336
vt 0.9980469 0.2746582
vt 0.96533203 0.9980469
vt 0.765625 0.67529297
vt 0.80078125 0.98779297
vt 0.80029297 0.6850586
vt 0.765625 0.9970703
vt 0.84033203 0.9975586
vt 0.80566406 0.6845703
vt 0.80566406 0.98779297
vt 0.84033203 0.6748047
vt 0.71875 0.92626953
vt 0.46142578 0.9589844
vt 0.71875 0.9589844
vt 0.44433594 0.92626953
vt 0.9584961 0.25732422
vt 0.92578125 0.98095703
vt 0.9584961 0.99658203
vt 0.92578125 0.27319336
vt 0.7270508 0.9921875
vt 0.76171875 0.6796875
vt 0.7270508 0.67041016
vt 0.76171875 0.9824219
vt 0.8808594 0.67578125
vt 0.8461914 0.98876953
vt 0.8808594 0.99853516
vt 0.8461914 0.6855469
vt 0.40795898 0.96484375
vt 0.7036133 0.9975586
vt 0.7211914 0.96484375
vt 0.40966797 0.9975586
vt 0.88671875 0.25878906
vt 0.9189453 0.9819336
vt 0.9189453 0.27514648
vt 0.88671875 0.99853516
vt 0.58691406 0.90527344
vt 0.5654297 0.88427734
vt 0.58691406 0.88427734
vt 0.5654297 0.90527344
vt 0.7167969 0.87060547
vt 0.68847656 0.88427734
vt 0.68847656 0.87060547
vt 0.7167969 0.90527344
vt 0.68847656 0.90527344
vt 0.5473633 0.90527344
vt 0.5654297 0.88427734
vt 0.5654297 0.90527344
vt 0.5473633 0.88427734
vt 0.6015625 0.90527344
vt 0.58691406 0.88427734
vt 0.6015625 0.88427734
vt 0.58691406 0.90527344
vt 0.6279297 0.90527344
vt 0.6015625 0.88427734
vt 0.6279297 0.88427734
vt 0.6015625 0.90527344
vt 0.6435547 0.90527344
vt 0.6279297 0.88427734
vt 0.6435547 0.88427734
vt 0.6279297 0.90527344
vt 0.6723633 0.90527344
vt 0.6435547 0.88427734
vt 0.6723633 0.88427734
vt 0.6435547 0.90527344
vt 0.68847656 0.90527344
vt 0.6723633 0.88427734
vt 0.68847656 0.88427734
vt 0.6723633 0.90527344
vt 0.9086914 0.12719727
vt 0.9296875 0.10632324
vt 0.9296875 0.12719727
vt 0.9086914 0.10632324
vt 0.8071289 0.10632324
vt 0.7783203 0.0927124
vt 0.8071289 0.0927124
vt 0.7783203 0.12719727
vt 0.8071289 0.12719727
vt 0.9482422 0.12719727
vt 0.9296875 0.10632324
vt 0.9482422 0.10632324
vt 0.9296875 0.12719727
vt 0.8935547 0.12719727
vt 0.9086914 0.10632324
vt 0.9086914 0.12719727
vt 0.8935547 0.10632324
vt 0.8671875 0.12719727
vt 0.8935547 0.10632324
vt 0.8935547 0.12719727
vt 0.8671875 0.10632324
vt 0.8515625 0.12719727
vt 0.8671875 0.10632324
vt 0.8671875 0.12719727
vt 0.8515625 0.10632324
vt 0.8227539 0.12719727
vt 0.8515625 0.10632324
vt 0.8515625 0.12719727
vt 0.8227539 0.10632324
vt 0.8071289 0.12719727
vt 0.8227539 0.10632324
vt 0.8227539 0.12719727
vt 0.8071289 0.10632324
vt 0.8833008 0.19213867
vt 0.8623047 0.17358398
vt 0.8833008 0.17358398
vt 0.7783203 0.19213867
vt 0.8359375 0.1586914
vt 0.8623047 0.1586914
vt 0.8071289 0.1430664
vt 0.8359375 0.1430664
vt 0.8071289 0.12719727
vt 0.7783203 0.12719727
vt 0.8754883 0.5263672
vt 0.8486328 0.53466797
vt 0.8754883 0.5332031
vt 0.84814453 0.52783203
vt 0.8754883 0.5263672
vt 0.8491211 0.50439453
vt 0.84814453 0.52783203
vt 0.87353516 0.5053711
vt 0.8798828 0.5048828
vt 0.8754883 0.5263672
vt 0.88183594 0.5258789
vt 0.87353516 0.5053711
vt 0.84228516 0.50439453
vt 0.84814453 0.52783203
vt 0.8491211 0.50439453
vt 0.8413086 0.52734375
vn -1 0 0
vn -1 0 0
vn -1 0 0
vn -0.016799927 0.058044434 0.9980469
vn -0.016799927 0.058044434 0.9980469
vn -0.016799927 0.058044434 0.9980469
vn -0 0.06958008 0.9975586
vn -0 0.06958008 0.9975586
vn -0 0.06958008 0.9975586
vn -0.015914917 0.014343262 -1
vn -0.015914917 0.014343262 -1
vn -0.015914917 0.014343262 -1
vn -0 0.0209198 -1
vn -0 0.0209198 -1
vn -0 0.0209198 -1
vn -0.23864746 0.82421875 0.5136719
vn -0.23864746 0.82421875 0.5136719
vn -0.23864746 0.82421875 0.5136719
vn -0.042022705 0.90478516 0.42382812
vn -0.042022705 0.90478516 0.42382812
vn -0.042022705 0.90478516 0.42382812
vn -0.004837036 -1 -0.006061554
vn -0.004837036 -1 -0.006061554
vn -0.004837036 -1 -0.006061554
vn -0 0 1
vn -0 0 1
vn -0 0 1
vn 0.9980469 0.058044434 0.016815186
vn 0.9980469 0.058044434 0.016815186
vn 0.9980469 0.058044434 0.016815186
vn 0.9975586 0.06958008 0
vn 0.9975586 0.06958008 0
vn 0.9975586 0.06958008 0
vn -1 0.014343262 0.015914917
vn -1 0.014343262 0.015914917
vn -1 0.014343262 0.015914917
vn -1 0.0209198 0
vn -1 0.0209198 0
vn -1 0.0209198 0
vn 0.5136719 0.82421875 0.23864746
vn 0.5136719 0.82421875 0.23864746
vn 0.5136719 0.82421875 0.23864746
vn 0.42382812 0.90478516 0.042022705
vn 0.42382812 0.90478516 0.042022705
vn 0.42382812 0.90478516 0.042022705
vn -0.006061554 -1 0.004837036
vn -0.006061554 -1 0.004837036
vn -0.006061554 -1 0.004837036
vn -1 0 1.7464161E-05
vn -1 0 1.7464161E-05
vn -1 0 1.7464161E-05
vn -0 0.06958008 -0.9975586
vn -0 0.06958008 -0.9975586
vn -0 0.06958008 -0.9975586
vn -0.016799927 0.058013916 -0.9980469
vn -0.016799927 0.058013916 -0.9980469
vn -0.016799927 0.058013916 -0.9980469
vn -0 0.0209198 1
vn -0 0.0209198 1
vn -0 0.0209198 1
vn -0.015914917 0.014343262 1
vn -0.015914917 0.014343262 1
vn -0.015914917 0.014343262 1
vn -0.042022705 0.90478516 -0.42382812
vn -0.042022705 0.90478516 -0.42382812
vn -0.042022705 0.90478516 -0.42382812
vn -0.23864746 0.82421875 -0.5136719
vn -0.23864746 0.82421875 -0.5136719
vn -0.23864746 0.82421875 -0.5136719
vn -0.004837036 -1 0.006061554
vn -0.004837036 -1 0.006061554
vn -0.004837036 -1 0.006061554
vn 0.0013256073 1 -0.001086235
vn 0.0013256073 1 -0.001086235
vn 0.0013256073 1 -0.001086235
vn 0.0012283325 1 -0.0012273788
vn 0.0012283325 1 -0.0012273788
vn 0.0012283325 1 -0.0012273788
vn -0.71728516 0.05682373 0.69433594
vn -0.71728516 0.05682373 0.69433594
vn -0.71728516 0.05682373 0.69433594
vn -0.7055664 0.067871094 0.7055664
vn -0.7055664 0.067871094 0.7055664
vn -0.7055664 0.067871094 0.7055664
vn 0.7060547 0.02017212 -0.70751953
vn 0.7060547 0.02017212 -0.70751953
vn 0.7060547 0.02017212 -0.70751953
vn 0.70703125 0.020599365 -0.70703125
vn 0.70703125 0.020599365 -0.70703125
vn 0.70703125 0.020599365 -0.70703125
vn -0.5317383 0.82421875 0.19433594
vn -0.5317383 0.82421875 0.19433594
vn -0.5317383 0.82421875 0.19433594
vn -0.3293457 0.90478516 0.27001953
vn -0.3293457 0.90478516 0.27001953
vn -0.3293457 0.90478516 0.27001953
vn 0.086242676 -0.63671875 -0.7661133
vn 0.086242676 -0.63671875 -0.7661133
vn 0.086242676 -0.63671875 -0.7661133
vn 0.71728516 0.05682373 -0.69433594
vn 0.71728516 0.05682373 -0.69433594
vn 0.71728516 0.05682373 -0.69433594
vn 0.7055664 0.067871094 -0.7055664
vn 0.7055664 0.067871094 -0.7055664
vn 0.7055664 0.067871094 -0.7055664
vn -0.7060547 0.02017212 0.70751953
vn -0.7060547 0.02017212 0.70751953
vn -0.7060547 0.02017212 0.70751953
vn -0.70703125 0.020599365 0.70703125
vn -0.70703125 0.020599365 0.70703125
vn -0.70703125 0.020599365 0.70703125
vn 0.5317383 0.82421875 -0.19433594
vn 0.5317383 0.82421875 -0.19433594
vn 0.5317383 0.82421875 -0.19433594
vn 0.3293457 0.90478516 -0.27001953
vn 0.3293457 0.90478516 -0.27001953
vn 0.3293457 0.90478516 -0.27001953
vn -0.086242676 -0.63671875 0.7661133
vn -0.086242676 -0.63671875 0.7661133
vn -0.086242676 -0.63671875 0.7661133
vn 0.0012283325 1 0.0012273788
vn 0.0012283325 1 0.0012273788
vn 0.0012283325 1 0.0012273788
vn 0.0013256073 1 0.001086235
vn 0.0013256073 1 0.001086235
vn 0.0013256073 1 0.001086235
vn -0.7055664 0.067871094 -0.7055664
vn -0.7055664 0.067871094 -0.7055664
vn -0.7055664 0.067871094 -0.7055664
vn -0.71728516 0.05682373 -0.69433594
vn -0.71728516 0.05682373 -0.69433594
vn -0.71728516 0.05682373 -0.69433594
vn 0.70703125 0.020599365 0.70703125
vn 0.70703125 0.020599365 0.70703125
vn 0.70703125 0.020599365 0.70703125
vn 0.7060547 0.02017212 0.70751953
vn 0.7060547 0.02017212 0.70751953
vn 0.7060547 0.02017212 0.70751953
vn -0.3293457 0.90478516 -0.27001953
vn -0.3293457 0.90478516 -0.27001953
vn -0.3293457 0.90478516 -0.27001953
vn -0.5317383 0.82421875 -0.19433594
vn -0.5317383 0.82421875 -0.19433594
vn -0.5317383 0.82421875 -0.19433594
vn 0.086242676 -0.63671875 0.7661133
vn 0.086242676 -0.63671875 0.7661133
vn 0.086242676 -0.63671875 0.7661133
vn 0.71728516 0.05682373 -0.69433594
vn 0.71728516 0.05682373 -0.69433594
vn 0.71728516 0.05682373 -0.69433594
vn 0.7055664 0.067871094 -0.7055664
vn 0.7055664 0.067871094 -0.7055664
vn 0.7055664 0.067871094 -0.7055664
vn -0.7060547 0.02017212 0.70751953
vn -0.7060547 0.02017212 0.70751953
vn -0.7060547 0.02017212 0.70751953
vn -0.70703125 0.020599365 0.70703125
vn -0.70703125 0.020599365 0.70703125
vn -0.70703125 0.020599365 0.70703125
vn 0.5317383 0.82421875 -0.19433594
vn 0.5317383 0.82421875 -0.19433594
vn 0.5317383 0.82421875 -0.19433594
vn 0.3293457 0.90478516 -0.27001953
vn 0.3293457 0.90478516 -0.27001953
vn 0.3293457 0.90478516 -0.27001953
vn -0.086242676 -0.63671875 0.7661133
vn -0.086242676 -0.63671875 0.7661133
vn -0.086242676 -0.63671875 0.7661133
vn -0.71728516 0.05682373 0.69433594
vn -0.71728516 0.05682373 0.69433594
vn -0.71728516 0.05682373 0.69433594
vn -0.7055664 0.067871094 0.7055664
vn -0.7055664 0.067871094 0.7055664
vn -0.7055664 0.067871094 0.7055664
vn 0.7060547 0.02017212 -0.70751953
vn 0.7060547 0.02017212 -0.70751953
vn 0.7060547 0.02017212 -0.70751953
vn 0.70703125 0.020599365 -0.70703125
vn 0.70703125 0.020599365 -0.70703125
vn 0.70703125 0.020599365 -0.70703125
vn -0.5317383 0.82421875 0.19433594
vn -0.5317383 0.82421875 0.19433594
vn -0.5317383 0.82421875 0.19433594
vn -0.3293457 0.90478516 0.27001953
vn -0.3293457 0.90478516 0.27001953
vn -0.3293457 0.90478516 0.27001953
vn 0.086242676 -0.63671875 -0.7661133
vn 0.086242676 -0.63671875 -0.7661133
vn 0.086242676 -0.63671875 -0.7661133
vn -0.7055664 0.067871094 -0.7055664
vn -0.7055664 0.067871094 -0.7055664
vn -0.7055664 0.067871094 -0.7055664
vn -0.71728516 0.05682373 -0.69433594
vn -0.71728516 0.05682373 -0.69433594
vn -0.71728516 0.05682373 -0.69433594
vn 0.70703125 0.020599365 0.70703125
vn 0.70703125 0.020599365 0.70703125
vn 0.70703125 0.020599365 0.70703125
vn 0.7060547 0.02017212 0.70751953
vn 0.7060547 0.02017212 0.70751953
vn 0.7060547 0.02017212 0.70751953
vn -0.3293457 0.90478516 -0.27001953
vn -0.3293457 0.90478516 -0.27001953
vn -0.3293457 0.90478516 -0.27001953
vn -0.5317383 0.82421875 -0.19433594
vn -0.5317383 0.82421875 -0.19433594
vn -0.5317383 0.82421875 -0.19433594
vn 0.086242676 -0.63671875 0.7661133
vn 0.086242676 -0.63671875 0.7661133
vn 0.086242676 -0.63671875 0.7661133
vn -0 1 0
vn -0 1 0
vn -0 1 0
vn -0 1 0
vn -0 1 0
vn -0 1 0
vn -0 1 0
vn -0 1 0
vn -0 1 0
vn -0 1 0
vn -0 1 0
vn -0 1 0
vn -0 1 0
vn -0 1 0
vn -0 1 0
vn -0 1 0
vn -0 1 0
vn -0 1 0
vn -0 1 0
vn -0 1 0
vn -1 0 0
vn -1 0 0
vn -1 0 0
vn -1 0 0
vn -1 0 0
vn -1 0 0
vn -1 0 0
vn -1 0 0
vn -1 0 0
vn -1 0 0
vn -1 0 0
vn -1 0 0
vn -1 0 0
vn -1 0 0
vn -1 0 0
vn -0 0 1
vn -0 0 1
vn -0 0 1
vn -0 0 1
vn -0 0 1
vn -0 0 1
vn -0 0 1
vn -0 0 1
vn -0 0.99902344 0.044433594
vn -0 0.99902344 0.044433594
vn -0 0.99902344 0.044433594
vn -0 0.99902344 0.044433594
vn -1 0 0
vn -1 0 0
vn -1 0 0
vn -1 0 0
vn -0 0.17858887 0.9838867
vn -0 0.17858887 0.9838867
vn -0 0.17858887 0.9838867
vn -0 0.17858887 0.9838867
vn -0 0.09429932 -0.99560547
vn -0 0.09429932 -0.99560547
vn -0 0.09429932 -0.99560547
vn -0 0.09429932 -0.99560547
vn -0 0.99658203 0.08111572
vn -0 0.99658203 0.08111572
vn -0 0.99658203 0.08111572
vn -0 0.99658203 0.08111572
vn -1 0 0
vn -1 0 0
vn -1 0 0
vn -1 0 0
vn -0 -0.14160156 0.9897461
vn -0 -0.14160156 0.9897461
vn -0 -0.14160156 0.9897461
vn -0 -0.14160156 0.9897461
vn -0 0.002937317 -1
vn -0 0.002937317 -1
vn -0 0.002937317 -1
vn -0 0.002937317 -1
vn 0.00016951561 1 -0.0017051697
vn 0.00016951561 1 -0.0017051697
vn 0.00016951561 1 -0.0017051697
vn -0 1 -0.0017366409
vn -1 0 0
vn -1 0 0
vn -1 0 0
vn -1 0 0
vn -1 0 0
vn -0 0.9995117 -0.02494812
vn -0 0.9995117 -0.02494812
vn -0 0.9995117 -0.02494812
vn -0 0.9995117 -0.02494812
vn -1 0 0
vn -1 0 0
vn -1 0 0
vn -1 0 0
vn -0 0.1182251 0.99316406
vn -0 0.1182251 0.99316406
vn -0 0.1182251 0.99316406
vn -0 0.1182251 0.99316406
vn -0 0.20861816 -0.97802734
vn -0 0.20861816 -0.97802734
vn -0 0.20861816 -0.97802734
vn -0 0.20861816 -0.97802734
vn -0 1 0
vn -0 1 0
vn -0 1 0
vn -0 1 0
vn -0 1 0
vn -0 1 0
vn -0 1 0
vn -0 1 0
vn -0 1 0
vn -0 1 0
vn -0 1 0
vn -0 1 0
vn -0 1 0
vn -0 1 0
vn -0 1 0
vn -0 1 0
vn -0 1 0
vn -0 1 0
vn -0 1 0
vn -0 1 0
vn -0 1 0
vn -0 1 0
vn -0 1 0
vn -0 1 0
vn -1 0 1.8835068E-05
vn -1 0 1.8835068E-05
vn -1 0 1.8835068E-05
vn -1 0 1.9311905E-05
vn -1 0 0
vn -1 0 0
vn -1 0 0
vn -1 0 0
vn -1 0 0
vn -1 0 0
vn -1 0 0
vn -1 0 0
vn -1 0 0
vn -0 1 0
vn -0 1 0
vn -0 1 0
vn -0 1 0
vn -1 0 -1.6331673E-05
vn -1 0 -1.6331673E-05
vn -1 0 -1.591444E-05
vn -1 0 -1.6331673E-05
vn -1 -8.559227E-05 0
vn -1 0 0
vn -0 0 1
vn -0 0 1
vn -0 0 1
vn -0 0 1
vn -0 0 1
vn -0 0 1
vn -0 0 1
vn -0 0 1
vn -0 0 1
vn -0 0 1
vn -0 0 1
vn -0 0 1
vn -0 1 0
vn -0 1 0
vn -0 1 0
vn -0 1 0
vn -0 0 1
vn -0 0 1
vn -0 0 1
vn -0 0 1
vn -0 1 0
vn -0 1 0
vn -0 1 0
vn -0 1 0
vn -0 1 0
vn -0 1 0
vn -0 1 0
vn -0 1 0
vn -0 1 0
vn -0 1 0
vn -0 1 0
vn -0 1 0
vn -0 1 0
vn -0 1 0
vn -0 1 0
vn -0 1 0
vn -0 1 0
vn -0 1 0
vn -0 1 0
vn -0 1 0
vn -1 0 0
vn -1 0 0
vn -1 0 0
vn -1 0 0
vn -1 0 0
vn -1 0 0
vn -1 0 0
vn -1 0 0
vn -0 1 0
vn -0 1 0
vn -0 1 0
vn -0 1 0
vn -6.4373016E-05 -0.00032305717 1
vn -6.4373016E-05 -0.00032305717 1
vn -6.4373016E-05 -0.00032305717 1
vn -0 0 1
vn -0 0 1
vn -0 0 1
vn -0 0 1
vn -0 0 1
vn -0 0 1
vn -0 0 1
vn -0 0 1
vn 3.5881996E-05 -0.00038218498 1
vn 3.5881996E-05 -0.00038218498 1
vn 3.5881996E-05 -0.00038218498 1
vn 6.431341E-05 0 1
vn 0.00031971931 1 0
vn 0.00031971931 1 0
vn 0.00031971931 1 0
vn 0.00030446053 1 -0.0001231432
vn -0 1 0
vn -0 1 0
vn -0 1 0
vn -0 1 0
vn -0 1 0
vn -0 1 0
vn -0 1 0
vn -0 1 0
vn -0 1 0
vn -0 1 0
vn -0 1 0
vn -0 1 0
vn -0 1 0
vn -0 1 0
vn -0 1 0
vn -0 1 0
vn -0.0002605915 1 -0.0001052022
vn -0.0002605915 1 -0.0001052022
vn -0.0002605915 1 -0.0001052022
vn -0.00027179718 1 0
vn -0.0017871857 0 1
vn -0.0017871857 0 1
vn -0.0017490387 -5.221367E-05 1
vn -0.0017871857 0 1
vn -0 0 1
vn -0 0 1
vn -0 0 1
vn -0 0 1
vn -0 0 1
vn -0 0 1
vn -0 0 1
vn -0 0 1
vn -0 0 1
vn -0 0 1
vn -0 0 1
vn 0.044433594 0.99902344 0
vn 0.044433594 0.99902344 0
vn 0.044433594 0.99902344 0
vn 0.044433594 0.99902344 0
vn -0 0 1
vn -0 0 1
vn -0 0 1
vn -0 0 1
vn 0.9838867 0.17858887 0
vn 0.9838867 0.17858887 0
vn 0.9838867 0.17858887 0
vn 0.9838867 0.17858887 0
vn -0.99560547 0.09429932 0
vn -0.99560547 0.09429932 0
vn -0.99560547 0.09429932 0
vn -0.99560547 0.09429932 0
vn 0.08111572 0.99658203 0
vn 0.08111572 0.99658203 0
vn 0.08111572 0.99658203 0
vn 0.08111572 0.99658203 0
vn -0 0 1
vn -0 0 1
vn -0 0 1
vn -0 0 1
vn 0.9897461 -0.14160156 0
vn 0.9897461 -0.14160156 0
vn 0.9897461 -0.14160156 0
vn 0.9897461 -0.14160156 0
vn -1 0.002937317 0
vn -1 0.002937317 0
vn -1 0.002937317 0
vn -1 0.0029354095 0
vn -0.0017051697 1 -0.00016927719
vn -0.0017051697 1 -0.00016927719
vn -0.0017051697 1 -0.00016927719
vn -0.0017366409 1 0
vn -0 0 1
vn -0 0 1
vn -0 0 1
vn -0 0 1
vn -0 0 1
vn -0.02494812 0.9995117 0
vn -0.02494812 0.9995117 0
vn -0.02494812 0.9995117 0
vn -0.02494812 0.9995117 0
vn -0 0 1
vn -0 0 1
vn -0 0 1
vn -0 0 1
vn 0.99316406 0.1182251 0
vn 0.99316406 0.1182251 0
vn 0.99316406 0.1182251 0
vn 0.99316406 0.1182251 0
vn -0.97802734 0.20861816 0
vn -0.97802734 0.20861816 0
vn -0.97802734 0.20861816 0
vn -0.97802734 0.20861816 0
vn 0.0015087128 0 1
vn 0.0015087128 0 1
vn 0.0015087128 0 1
vn 0.0015125275 -5.2928925E-05 1
vn -0 0 1
vn -0 0 1
vn -0 0 1
vn -1 0 0
vn -1 0 0
vn -1 0 0
vn -1 0 0
vn -1 0 0
vn -1 0 0
vn -1 0 0
vn -1 0 0
vn -1 0 0
vn -1 0 0
vn -1 0 0
vn -1 0 0
vn -0 1 0
vn -0 1 0
vn -0 1 0
vn -0 1 0
vn -0 1 0
vn -0 1 0
vn -0 1 0
vn -0 1 0
vn -0 1 0
vn -0 1 0
vn -0 1 0
vn -0 1 0
vn -0 1 0
vn -0 1 0
vn -0 1 0
vn -0 1 0
vn -0 1 0
vn -0 1 0
vn -0 1 0
vn -0 1 0
vn -0 1 0
vn -0 1 0
vn -0 1 0
vn -0 1 0
vn -0 0 1
vn -0 0 1
vn -0 0 1
vn -0 0 1
vn -0 0 1
vn -0 0 1
vn -0 0 1
vn -0 0 1
vn -0 1 0
vn -0 1 0
vn -0 1 0
vn -0 1 0
vn -1 0 0
vn -1 0 0
vn -1 -0.0003182888 6.4373016E-05
vn -1 0 0
vn -1 0 0
vn -1 0 0
vn -1 0 0
vn -1 0 0
vn -1 0 0
vn -1 0 0
vn -1 0 0
vn -1 0 -6.479025E-05
vn -1 -0.0003848076 -3.6120415E-05
vn -1 0 -6.479025E-05
vn -1 0 -6.479025E-05
vn -0 1 0
vn -0 1 0
vn -0 1 0
vn -0 1 0
vn -0 1 0
vn -0 1 0
vn -0 1 0
vn -0 1 0
vn -0 1 0
vn -0 1 0
vn -0 1 0
vn -0 1 0
vn -0 1 0
vn -0 1 0
vn -0 1 0
vn -0 1 0
vn -0 1 0
vn -0 1 0
vn -0 1 0
vn -0 1 0
vn -0 1 0
vn -0 1 0
vn -0 1 0
vn -0 1 0
vn -1 -5.221367E-05 -0.00015342236
vn -1 -5.221367E-05 -0.00015342236
vn -1 -5.221367E-05 -0.00015342236
vn -1 0 -0.0001155138
vn -1 0 0
vn -1 0 0
vn -1 0 0
vn -1 0 0
vn -1 0 0
vn -1 0 0
vn -1 0 0
vn -1 0 0
vn -1 0 0
vn -1 0 0
vn -0 0.99902344 -0.044433594
vn -0 0.99902344 -0.044433594
vn -0 0.99902344 -0.044433594
vn -0 0.99902344 -0.044433594
vn -1 0 0
vn -1 0 0
vn -1 0 0
vn -1 0 0
vn -1.424551E-05 0.17858887 -0.9838867
vn -1.424551E-05 0.17858887 -0.9838867
vn -1.424551E-05 0.17858887 -0.9838867
vn -0 0.17858887 -0.9838867
vn -0 0.09429932 0.99560547
vn -0 0.09429932 0.99560547
vn -0 0.09429932 0.99560547
vn -0 0.09429932 0.99560547
vn -0 0.99658203 -0.08111572
vn -0 0.99658203 -0.08111572
vn -0 0.99658203 -0.08111572
vn -0 0.99658203 -0.08111572
vn -1 0 0
vn -1 0 0
vn -1 0 0
vn -1 0 0
vn -0 -0.14160156 -0.9897461
vn -0 -0.14160156 -0.9897461
vn -0 -0.14160156 -0.9897461
vn -0 -0.14160156 -0.9897461
vn -0 0.0029354095 1
vn -0 0.0029354095 1
vn -0 0.0029354095 1
vn -0 0.0029411316 1
vn -0 1 0.0017366409
vn -0 1 0.0017366409
vn -0 1 0.0017366409
vn 0.00016963482 1 0.0017051697
vn -1 0 0
vn -1 0 0
vn -1 0 0
vn -1 0 0
vn -1 0 0
vn -0 0.9995117 0.02494812
vn -0 0.9995117 0.02494812
vn -0 0.9995117 0.02494812
vn -0 0.9995117 0.02494812
vn -1 0 0
vn -1 0 0
vn -1 0 0
vn -1 0 0
vn -0 0.1182251 -0.99316406
vn -0 0.1182251 -0.99316406
vn -0 0.1182251 -0.99316406
vn -0 0.1182251 -0.99316406
vn -0 0.20861816 0.97802734
vn -0 0.20861816 0.97802734
vn -0 0.20861816 0.97802734
vn -0 0.20861816 0.97802734
vn -1 -5.221367E-05 0.00012898445
vn -1 -5.221367E-05 0.00012898445
vn -1 0 0.00013291836
vn -1 -5.221367E-05 0.00012898445
vn -1 7.7068806E-05 5.7458878E-05
vn -1 0 0
vn -1 0 0
vn -0 0 1
vn -0 0 1
vn -0 0 1
vn -0 0 1
vn -1.0192394E-05 0 1
vn -1.0192394E-05 0 1
vn -1.0192394E-05 0 1
vn -1.0192394E-05 0 1
vn -1.0192394E-05 0 1
vn -1.0192394E-05 0 1
vn -1.0192394E-05 0 1
vn -1.0192394E-05 0 1
vn -0 1 0
vn -0 1 0
vn -0 1 0
vn -0 1 0
vn -0 0 1
vn -0 0 1
vn -0 0 1
vn -0 0 1
vn -0 1 0
vn -0 1 0
vn -0 1 0
vn -0 1 0
vn -0 1 0
vn -0 1 0
vn -0 1 0
vn -0 1 0
vn -1 0 0
vn -1 0 0
vn -1 0 0
vn -1 0 0
vn -0 0 1
vn -0 0 1
vn -0 0 1
vn -0 0 1
vn -0 0 1
vn -0 0 1
vn -0.044433594 0.99902344 0
vn -0.044433594 0.99902344 0
vn -0.044433594 0.99902344 0
vn -0.044433594 0.99902344 0
vn -0 0 1
vn -0 0 1
vn -0 0 1
vn -0 0 1
vn -0.9838867 0.17858887 0
vn -0.9838867 0.17858887 0
vn -0.9838867 0.17858887 0
vn -0.9838867 0.17858887 0
vn 0.99560547 0.09436035 0
vn 0.99560547 0.09436035 0
vn 0.99560547 0.09436035 0
vn 0.99560547 0.09436035 0
vn 0.02494812 0.9995117 0
vn 0.02494812 0.9995117 0
vn 0.02494812 0.9995117 0
vn 0.02494812 0.9995117 0
vn -0 0 1
vn -0 0 1
vn -0 0 1
vn -0 0 1
vn -0.99316406 0.11828613 0
vn -0.99316406 0.11828613 0
vn -0.99316406 0.11828613 0
vn -0.99316406 0.11828613 0
vn 0.97802734 0.20861816 0
vn 0.97802734 0.20861816 0
vn 0.97802734 0.20861816 0
vn 0.97802734 0.20861816 0
vn -0 1 0
vn -0 1 0
vn -0 1 0
vn -0 1 0
vn -0 1 0
vn -0 1 0
vn -0 1 0
vn -0 1 0
vn -0 0 1
vn -0 0 1
vn -0 0 1
vn -0 0 1
vn -0 0 1
vn -0 0 1
vn 0.01512146 1 -0.0060424805
vn 0.01512146 1 -0.0060424805
vn 0.01512146 1 -0.0060424805
vn 0.015838623 1 0
vn -0 1 0
vn -0 1 0
vn -0 1 0
vn -0 1 0
vn -1 0 0
vn -1 0 0
vn -1 0 0
vn -1 0 0
vn -0 0 1
vn -0 0 1
vn -0 0 1
vn -0 0 1
vn 0.00047945976 0 1
vn 0.00047945976 0 1
vn -0 1 0
vn -0 1 0
vn -0 1 0
vn -0 1 0
vn 0.0003619194 1 0
vn 0.0003619194 1 0
vn 0.0003619194 1 0
vn 0.00034284592 1 0.0001335144
vn -0.00040268898 0 1
vn -0.00040268898 0 1
vn -0.00040268898 0 1
vn -0.0004017353 -1.0371208E-05 1
vn -0 0 1
vn -0 0 1
vn -0 1 0
vn -0 1 0
vn -0 1 0
vn -0 1 0
vn -0 1 0
vn -0 1 0
vn -0 1 0
vn -0 1 0
vn -0 1 0
vn -0 1 0
vn -0 1 0
vn -0 1 0
vn -0 1 0
vn -0 1 0
vn -0 1 0
vn -0 1 0
vn -0.70703125 0 -0.70703125
vn -0.70703125 0 -0.70703125
vn -0.70703125 0 -0.70703125
vn -0.70703125 0 -0.70703125
vn -0.70703125 0 -0.70703125
vn -0.70703125 0 -0.70703125
vn -0.70703125 0 -0.70703125
vn -0.70703125 0 -0.70703125
vn -0.70751953 0 -0.70654297
vn -0.70751953 0 -0.70654297
vn -0.70751953 0 -0.70654297
vn -0.70703125 0 0.70703125
vn -0.70703125 0 0.70703125
vn -0.70703125 0 0.70703125
vn -0.70703125 0 0.70703125
vn -0.05734253 0.99658203 0.05734253
vn -0.05734253 0.99658203 0.05734253
vn -0.05734253 0.99658203 0.05734253
vn -0.05734253 0.99658203 0.05734253
vn -0.70703125 0 -0.70703125
vn -0.70703125 0 -0.70703125
vn -0.70703125 0 -0.70703125
vn -0.70703125 0 -0.70703125
vn -0.7001953 -0.13989258 0.7001953
vn -0.7001953 -0.13989258 0.7001953
vn -0.7001953 -0.13989258 0.7001953
vn -0.7001953 -0.13989258 0.7001953
vn 0.70703125 0.0029029846 -0.70703125
vn 0.70703125 0.0029029846 -0.70703125
vn 0.70703125 0.0029029846 -0.70703125
vn 0.70703125 0.002904892 -0.70703125
vn -0.70703125 0 -0.70703125
vn -0.70703125 0 -0.70703125
vn -0.70703125 0 -0.70703125
vn -0.70703125 0 -0.70703125
vn -0.70703125 0 -0.70703125
vn -0.70703125 0 -0.70703125
vn 0.70703125 -1.3709068E-05 0.70703125
vn 0.70703125 -1.3709068E-05 0.70703125
vn 0.70703125 -1.3709068E-05 0.70703125
vn 0.70703125 0 0.70703125
vn 0.70703125 0 0.70703125
vn 0.70703125 0 0.70703125
vn 0.70703125 0 0.70703125
vn 0.70703125 0 0.70703125
vn 0.70654297 0 0.70751953
vn 0.70654297 0 0.70751953
vn 0.70654297 -1.8417835E-05 0.70751953
vn -0 1 0
vn -0 1 0
vn -0 1 0
vn -0 1 0
vn -0 1 0
vn -0 1 0
vn -0 1 0
vn -0 1 0
vn -0.0006299019 1 0.00025629997
vn -0.0006299019 1 0.00025629997
vn -0.0006299019 1 0.00025629997
vn -0.00040006638 1 0.0004014969
vn -0 1 0
vn -0 1 0
vn -0 1 0
vn -0 1 0
vn -0.70703125 0 -0.70703125
vn -0.70703125 0 -0.70703125
vn -0.70703125 0 -0.70703125
vn -0.70703125 0 -0.70703125
vn -0.70703125 0 -0.70703125
vn -0.70703125 0 -0.70703125
vn -0.70703125 0 -0.70703125
vn -0.70703125 0 -0.70703125
vn -0.7055664 0 -0.7084961
vn -0.7055664 0 -0.7084961
vn -0.7055664 0 -0.7084961
vn -0.70703125 0 0.70703125
vn -0.70703125 0 0.70703125
vn -0.70703125 0 0.70703125
vn -0.70703125 0 0.70703125
vn -0.70703125 0 0.70703125
vn -0.70703125 0 0.70703125
vn -0.70703125 0 0.70703125
vn -0.70703125 0 0.70703125
vn 0.70703125 0 0.70751953
vn 0.70703125 0 0.70751953
vn 0.70703125 -3.7670135E-05 0.70703125
vn 0.70703125 0 0.70751953
vn 0.70703125 0 0.70703125
vn 0.70703125 0 0.70703125
vn 0.70703125 0 0.70703125
vn 0.70703125 0 0.70703125
vn 0.7080078 0 0.7060547
vn 0.7080078 -3.838539E-05 0.7060547
vn 0.7080078 -3.838539E-05 0.7060547
vn 0.05734253 0.99658203 -0.05734253
vn 0.05734253 0.99658203 -0.05734253
vn 0.05734253 0.99658203 -0.05734253
vn 0.05734253 0.99658203 -0.05734253
vn 0.70703125 0 0.70703125
vn 0.70703125 0 0.70703125
vn 0.70703125 0 0.70703125
vn 0.70703125 0 0.70703125
vn 0.7001953 -0.13989258 -0.7001953
vn 0.7001953 -0.13989258 -0.7001953
vn 0.7001953 -0.13989258 -0.7001953
vn 0.7001953 -0.13989258 -0.7001953
vn -0.70703125 0.0029029846 0.70703125
vn -0.70703125 0.0029029846 0.70703125
vn -0.70703125 0.0029029846 0.70703125
vn -0.70703125 0.0029067993 0.70703125
vn -0.0013256073 1 0.001086235
vn -0.0013256073 1 0.001086235
vn -0.0013256073 1 0.001086235
vn -0.0012283325 1 0.0012273788
vn 0.70703125 0 0.70703125
vn 0.70703125 0 0.70703125
vn 0.70703125 0 0.70703125
vn 0.70703125 0 0.70703125
vn 0.70703125 0 0.70703125
vn 0.70703125 0 0.70703125
vn -0 1 0
vn -0 1 0
vn -0 1 0
vn -0 1 0
vn -0 1 0
vn -0 1 0
vn -0 1 0
vn -0 1 0
vn -0 1 0
vn -0 1 0
vn -0 1 0
vn -0 1 0
vn -0 1 0
vn -0 1 0
vn -0 1 0
vn -0 1 0
vn 0.70703125 0 0.70703125
vn 0.70703125 0 0.70703125
vn 0.70703125 0 0.70703125
vn 0.70703125 0 0.70703125
vn -0.70703125 0 -0.70703125
vn -0.70703125 0 -0.70703125
vn -0.70703125 0 -0.70703125
vn -0.70703125 0 -0.70703125
vn -0.70703125 0 -0.70703125
vn -0.70703125 0 -0.70703125
vn -0.70703125 0 -0.70703125
vn -0.70703125 0 -0.70703125
vn -0.70703125 0 0.70703125
vn -0.70703125 0 0.70703125
vn -0.70703125 0 0.70703125
vn -0.70703125 0 0.70703125
vn -0.70703125 0 0.70703125
vn -0.70703125 0 0.70703125
vn -0.70703125 0 0.70703125
vn -0.70703125 0 0.70703125
vn -0.70654297 0 0.70751953
vn -0.70654297 -1.9431114E-05 0.70751953
vn -0.70654297 -1.9431114E-05 0.70751953
vn -0 1 0
vn -0 1 0
vn -0 1 0
vn -0 1 0
vn -0 1 0
vn -0 1 0
vn -0 1 0
vn -0 1 0
vn 0.00040650368 1 0.00040721893
vn 0.00040650368 1 0.00040721893
vn 0.00040650368 1 0.00040721893
vn 0.0006389618 1 0.0002603531
vn -0 1 0
vn -0 1 0
vn -0 1 0
vn -0 1 0
vn -0.70703125 0 -0.70703125
vn -0.70703125 0 -0.70703125
vn -0.70703125 0 -0.70703125
vn -0.70703125 0 -0.70703125
vn 0.70703125 0 0.70703125
vn 0.70703125 0 0.70703125
vn 0.70703125 0 0.70703125
vn 0.70703125 0 0.70703125
vn 0.70703125 0 0.70703125
vn 0.70703125 0 0.70703125
vn 0.70703125 0 0.70703125
vn 0.70703125 0 0.70703125
vn -0.70703125 -3.7431717E-05 0.70703125
vn -0.70703125 -3.7431717E-05 0.70703125
vn -0.70703125 -3.7431717E-05 0.70703125
vn -0.70703125 0 0.70751953
vn -0.70703125 0 0.70703125
vn -0.70703125 0 0.70703125
vn -0.70703125 0 0.70703125
vn -0.70703125 0 0.70703125
vn -0.7080078 0 0.7060547
vn -0.7080078 0 0.7060547
vn -0.7080078 -3.916025E-05 0.7060547
vn -0.05734253 0.99658203 -0.05734253
vn -0.05734253 0.99658203 -0.05734253
vn -0.05734253 0.99658203 -0.05734253
vn -0.05734253 0.99658203 -0.05734253
vn -0.70703125 0 0.70703125
vn -0.70703125 0 0.70703125
vn -0.70703125 0 0.70703125
vn -0.70703125 0 0.70703125
vn -0.7001953 -0.13989258 -0.7001953
vn -0.7001953 -0.13989258 -0.7001953
vn -0.7001953 -0.13989258 -0.7001953
vn -0.7001953 -0.13989258 -0.7001953
vn 0.70703125 0.002904892 0.70703125
vn 0.70703125 0.002904892 0.70703125
vn 0.70703125 0.002904892 0.70703125
vn 0.70703125 0.0029067993 0.70703125
vn -0.70703125 0 0.70703125
vn -0.70703125 0 0.70703125
vn -0.70703125 0 0.70703125
vn -0.70703125 0 0.70703125
vn -0.70703125 0 0.70703125
vn -0.70703125 0 0.70703125
vn -0 1 0
vn -0 1 0
vn -0 1 0
vn -0 1 0
vn -0 1 0
vn -0 1 0
vn -0 1 0
vn -0 1 0
vn -0 1 0
vn -0 1 0
vn -0 1 0
vn -0 1 0
vn -0 1 0
vn -0 1 0
vn -0 1 0
vn -0 1 0
vn 0.70703125 0 0.70703125
vn 0.70703125 0 0.70703125
vn 0.70703125 0 0.70703125
vn 0.70703125 0 0.70703125
vn 0.70703125 0 0.70703125
vn 0.70703125 0 0.70703125
vn 0.70703125 0 0.70703125
vn 0.70703125 0 0.70703125
vn 0.70751953 0 0.70654297
vn 0.70751953 0 0.70654297
vn 0.70751953 0 0.70654297
vn -0.70703125 0 0.70703125
vn -0.70703125 0 0.70703125
vn -0.70703125 0 0.70703125
vn -0.70703125 0 0.70703125
vn -0.70703125 0 0.70703125
vn -0.70703125 0 0.70703125
vn -0.70703125 0 0.70703125
vn -0.70703125 0 0.70703125
vn 0.05734253 0.99658203 -0.05734253
vn 0.05734253 0.99658203 -0.05734253
vn 0.05734253 0.99658203 -0.05734253
vn 0.05734253 0.99658203 -0.05734253
vn 0.70703125 0 0.70703125
vn 0.70703125 0 0.70703125
vn 0.70703125 0 0.70703125
vn 0.70703125 0 0.70703125
vn 0.7001953 -0.13989258 -0.7001953
vn 0.7001953 -0.13989258 -0.7001953
vn 0.7001953 -0.13989258 -0.7001953
vn 0.7001953 -0.13989258 -0.7001953
vn -0.70703125 0.0029010773 0.70703125
vn -0.70703125 0.0029010773 0.70703125
vn -0.70703125 0.0029010773 0.70703125
vn -0.70703125 0.002904892 0.70703125
vn -0.0013256073 1 0.001086235
vn -0.0013256073 1 0.001086235
vn -0.0013256073 1 0.001086235
vn -0.0012273788 1 0.0012283325
vn 0.70703125 0 0.70703125
vn 0.70703125 0 0.70703125
vn 0.70703125 0 0.70703125
vn 0.70703125 0 0.70703125
vn 0.70703125 0 0.70703125
vn 0.70703125 0 0.70703125
vn -0.70703125 -1.859665E-05 -0.70703125
vn -0.70703125 -1.859665E-05 -0.70703125
vn -0.70703125 -1.859665E-05 -0.70703125
vn -0.70703125 0 -0.70703125
vn -0.70703125 0 -0.70703125
vn -0.70703125 0 -0.70703125
vn -0.70703125 0 -0.70703125
vn -0.70703125 0 -0.70703125
vn -0.70654297 0 -0.70751953
vn -0.70654297 0 -0.70751953
vn -0.70654297 -1.1622906E-05 -0.70751953
vn 1.0192394E-05 1 -1.0192394E-05
vn 1.0192394E-05 1 -1.0192394E-05
vn 1.0192394E-05 1 -1.0192394E-05
vn -0 1 -1.3113022E-05
vn -0 1 0
vn -0 1 0
vn -0 1 0
vn -0 1 0
vn 0.03488159 0.9995117 -0.013946533
vn 0.03488159 0.9995117 -0.013946533
vn 0.03488159 0.9995117 -0.013946533
vn 0.022079468 0.9995117 -0.022079468
vn -0 1 0
vn -0 1 0
vn -0 1 0
vn -0 1 0
vn 0.70703125 0 0.70703125
vn 0.70703125 0 0.70703125
vn 0.70703125 0 0.70703125
vn 0.70703125 0 0.70703125
vn 0.70703125 0 0.70703125
vn 0.70703125 0 0.70703125
vn 0.70703125 0 0.70703125
vn 0.70703125 0 0.70703125
vn 0.7055664 0 0.7084961
vn 0.7055664 0 0.7084961
vn 0.7055664 -1.6510487E-05 0.7084961
vn -0.70703125 0 0.70703125
vn -0.70703125 0 0.70703125
vn -0.70703125 0 0.70703125
vn -0.70703125 0 0.70703125
vn -0.70703125 0 -0.70703125
vn -0.70703125 0 -0.70703125
vn -0.70703125 -3.6895275E-05 -0.70703125
vn -0.70703125 0 -0.70703125
vn -0.70703125 0 -0.70703125
vn -0.70703125 0 -0.70703125
vn -0.70703125 0 -0.70703125
vn -0.70703125 0 -0.70703125
vn -0.70654297 0 -0.70751953
vn -0.70654297 -0.00015449524 -0.70751953
vn -0.70654297 -0.00015449524 -0.70751953
vn -0.05734253 0.99658203 0.05734253
vn -0.05734253 0.99658203 0.05734253
vn -0.05734253 0.99658203 0.05734253
vn -0.05734253 0.99658203 0.05734253
vn -0.70703125 0 -0.70703125
vn -0.70703125 0 -0.70703125
vn -0.70703125 0 -0.70703125
vn -0.70703125 0 -0.70703125
vn -0.7001953 -0.13989258 0.7001953
vn -0.7001953 -0.13989258 0.7001953
vn -0.7001953 -0.13989258 0.7001953
vn -0.7001953 -0.13989258 0.7001953
vn 0.70703125 0.0029010773 -0.70703125
vn 0.70703125 0.0029010773 -0.70703125
vn 0.70703125 0.0029010773 -0.70703125
vn 0.70703125 0.002904892 -0.70703125
vn 0.0013256073 1 -0.0010852814
vn 0.0013256073 1 -0.0010852814
vn 0.0013256073 1 -0.0010852814
vn 0.0012283325 1 -0.0012273788
vn -0.70703125 0 -0.70703125
vn -0.70703125 0 -0.70703125
vn -0.70703125 0 -0.70703125
vn -0.70703125 0 -0.70703125
vn -0.70703125 0 -0.70703125
vn -0.70703125 0 -0.70703125
vn -0 1 0
vn -0 1 0
vn -0 1 0
vn -0 1 0
vn -0 1 0
vn -0 1 0
vn -0 1 0
vn -0 1 0
vn -0 1 0
vn -0 1 0
vn -0 1 0
vn -0 1 0
vn -0 1 0
vn -0 1 0
vn -0 1 0
vn -0 1 0
vn -0.70703125 0 0.70703125
vn -0.70703125 0 0.70703125
vn -0.70703125 0 0.70703125
vn -0.70703125 0 0.70703125
vn -0.70703125 0 0.70703125
vn -0.70703125 0 0.70703125
vn -0.70703125 0 0.70703125
vn -0.70703125 0 0.70703125
vn -0.70751953 0 0.70654297
vn -0.70751953 0 0.70654297
vn -0.70751953 0 0.70654297
vn -0.70703125 0 -0.70703125
vn -0.70703125 0 -0.70703125
vn -0.70703125 0 -0.70703125
vn -0.70703125 0 -0.70703125
vn 0.70703125 0 0.70703125
vn 0.70703125 0 0.70703125
vn 0.70703125 0 0.70703125
vn 0.70703125 0 0.70703125
vn 0.70703125 0 0.70703125
vn 0.70703125 0 0.70703125
vn 0.70703125 0 0.70703125
vn 0.70703125 0 0.70703125
vn -0.05734253 0.99658203 -0.05734253
vn -0.05734253 0.99658203 -0.05734253
vn -0.05734253 0.99658203 -0.05734253
vn -0.05734253 0.99658203 -0.05734253
vn -0.70703125 0 0.70703125
vn -0.70703125 0 0.70703125
vn -0.70703125 0 0.70703125
vn -0.70703125 0 0.70703125
vn -0.7001953 -0.13989258 -0.7001953
vn -0.7001953 -0.13989258 -0.7001953
vn -0.7001953 -0.13989258 -0.7001953
vn -0.7001953 -0.13989258 -0.7001953
vn 0.70703125 0.002904892 0.70703125
vn 0.70703125 0.002904892 0.70703125
vn 0.70703125 0.002904892 0.70703125
vn 0.70703125 0.0029010773 0.70703125
vn 0.0012283325 1 0.0012273788
vn 0.0012283325 1 0.0012273788
vn 0.0012283325 1 0.0012273788
vn 0.0013256073 1 0.001086235
vn -0.70703125 0 0.70703125
vn -0.70703125 0 0.70703125
vn -0.70703125 0 0.70703125
vn -0.70703125 0 0.70703125
vn -0.70703125 0 0.70703125
vn -0.70703125 0 0.70703125
vn -0 1 -1.3113022E-05
vn -0 1 -1.3113022E-05
vn -0 1 -1.3113022E-05
vn -1.0430813E-05 1 0
vn -0 1 0
vn -0 1 0
vn -0 1 0
vn -0 1 0
vn -0.00040364265 1 -0.00040364265
vn -0.00040364265 1 -0.00040364265
vn -0.00040364265 1 -0.00040364265
vn -0.00064373016 1 -0.00025224686
vn -0 1 0
vn -0 1 0
vn -0 1 0
vn -0 1 0
vn -0.70703125 0 0.70703125
vn -0.70703125 0 0.70703125
vn -0.70703125 0 0.70703125
vn -0.70703125 0 0.70703125
vn -0.70703125 0 0.70703125
vn -0.70703125 0 0.70703125
vn -0.70703125 0 0.70703125
vn -0.70703125 0 0.70703125
vn -0.70703125 0 0.70703125
vn -0.70654297 0.0017566681 0.70751953
vn -0.70654297 0.0017566681 0.70751953
vn 0.70703125 0 0.70703125
vn 0.70703125 0 0.70703125
vn 0.70703125 0 0.70703125
vn 0.70703125 0 0.70703125
vn -0.70703125 0 -0.70703125
vn -0.70703125 0 -0.70703125
vn -0.70703125 0 -0.70703125
vn -0.70703125 0 -0.70703125
vn -0.70703125 0 -0.70703125
vn -0.70703125 0 -0.70703125
vn -0.70703125 0 -0.70703125
vn -0.70703125 0 -0.70703125
vn -0 1 0
vn -0 1 0
vn -0 1 0
vn -0 1 0
vn -0 1 0
vn -0 1 0
vn -0 1 0
vn -0 1 0
vn -0 1 0
vn -0 1 0
vn -0 1 0
vn -0 1 0
vn -0 1 0
vn -0 1 0
vn -0 1 0
vn -0 1 0
vn -0 1 0
vn -0 1 0
vn -0 1 0
vn -0 1 0
vn -0 1 0
vn -0 1 0
vn -0 1 0
vn -0 1 0
vn -0 1 0
vn -0 1 0
vn -0 1 0
vn -0 1 0
vn -0 1 0
vn -0 1 0
vn -0 1 0
vn -0 1 0
vn -0 1 0
vn -0 1 0
vn -0 1 0
vn -0 1 0
vn -0 1 0
vn -0 1 0
vn -0 1 0
vn -0 1 0
vn -0 1 -5.2154064E-05
vn -0 1 -5.2154064E-05
vn -0.000109791756 1 0
vn -0 1 -5.2154064E-05
vn 7.1406364E-05 1 0
vn -0 0 1
vn -0 0 1
vn -0 0 1
vn -0 0 1
vn -0 0 1
vn -0 0 1
vn -0 0 1
vn -0 0 1
vn -0 1 0
vn -0 1 0
vn -0 1 0
vn -0 1 0
vn -0 0 1
vn -0 0 1
vn -0 0 1
vn -0 0 1
vn -0 1 0
vn -0 1 0
vn -0 1 0
vn -0 1 0
vn -0 0 1
vn -0 0 1
vn -0 0 1
vn -0 0 1
vn -0 1 0
vn -0 1 0
vn -0 1 0
vn -0 1 0
vn 0.000109791756 1 0
vn 0.000109791756 1 0
vn 0.000109791756 1 0
vn -0 1 -5.209446E-05
vn -7.1406364E-05 1 0
vn -0 0 1
vn -0 0 1
vn -0 0 1
vn -0 0 1
vn -0 0 1
vn -0 0 1
vn -0 0 1
vn -0 0 1
vn -0 1 0
vn -0 1 0
vn -0 1 0
vn -0 1 0
vn -0 0 1
vn -0 0 1
vn -0 0 1
vn -0 0 1
vn -0 1 0
vn -0 1 0
vn -0 1 0
vn -0 1 0
vn -0 0 1
vn -0 0 1
vn -0 0 1
vn -0 0 1
vn -1 0 0
vn -1 0 0
vn -1 0 0
vn -1 0 0
vn -1 0 0
vn -1 0 0
vn -1 0 0
vn -1 0 0
vn -1 0 0
vn -1 0 0
vn 0.08111572 0.99658203 0
vn 0.08111572 0.99658203 0
vn 0.08111572 0.99658203 0
vn 0.08111572 0.99658203 0
vn -0 0 1
vn -0 0 1
vn -0 0 1
vn -0 0 1
vn 0.9897461 -0.14160156 0
vn 0.9897461 -0.14160156 0
vn 0.9897461 -0.14160156 0
vn 0.9897461 -0.14160156 0
vn -1 0.002937317 0
vn -1 0.002937317 0
vn -1 0.002937317 0
vn -1 0.0029354095 0
g CityWall_1_4_0
f 3/3/3 2/2/2 1/1/1
f 6/6/6 5/5/5 4/4/4
f 9/9/9 8/8/8 7/7/7
f 12/12/12 11/11/11 10/10/10
f 15/15/15 14/14/14 13/13/13
f 18/18/18 17/17/17 16/16/16
f 21/21/21 20/20/20 19/19/19
f 24/24/24 23/23/23 22/22/22
f 27/27/27 26/26/26 25/25/25
f 30/30/30 29/29/29 28/28/28
f 33/33/33 32/32/32 31/31/31
f 36/36/36 35/35/35 34/34/34
f 39/39/39 38/38/38 37/37/37
f 42/42/42 41/41/41 40/40/40
f 45/45/45 44/44/44 43/43/43
f 48/48/48 47/47/47 46/46/46
f 51/51/51 50/50/50 49/49/49
f 54/54/54 53/53/53 52/52/52
f 57/57/57 56/56/56 55/55/55
f 60/60/60 59/59/59 58/58/58
f 63/63/63 62/62/62 61/61/61
f 66/66/66 65/65/65 64/64/64
f 69/69/69 68/68/68 67/67/67
f 72/72/72 71/71/71 70/70/70
f 75/75/75 74/74/74 73/73/73
f 78/78/78 77/77/77 76/76/76
f 81/81/81 80/80/80 79/79/79
f 84/84/84 83/83/83 82/82/82
f 87/87/87 86/86/86 85/85/85
f 90/90/90 89/89/89 88/88/88
f 93/93/93 92/92/92 91/91/91
f 96/96/96 95/95/95 94/94/94
f 99/99/99 98/98/98 97/97/97
f 102/102/102 101/101/101 100/100/100
f 105/105/105 104/104/104 103/103/103
f 108/108/108 107/107/107 106/106/106
f 111/111/111 110/110/110 109/109/109
f 114/114/114 113/113/113 112/112/112
f 117/117/117 116/116/116 115/115/115
f 120/120/120 119/119/119 118/118/118
f 123/123/123 122/122/122 121/121/121
f 126/126/126 125/125/125 124/124/124
f 129/129/129 128/128/128 127/127/127
f 132/132/132 131/131/131 130/130/130
f 135/135/135 134/134/134 133/133/133
f 138/138/138 137/137/137 136/136/136
f 141/141/141 140/140/140 139/139/139
f 144/144/144 143/143/143 142/142/142
f 147/147/147 146/146/146 145/145/145
f 150/150/150 149/149/149 148/148/148
f 153/153/153 152/152/152 151/151/151
f 156/156/156 155/155/155 154/154/154
f 159/159/159 158/158/158 157/157/157
f 162/162/162 161/161/161 160/160/160
f 165/165/165 164/164/164 163/163/163
f 168/168/168 167/167/167 166/166/166
f 171/171/171 170/170/170 169/169/169
f 174/174/174 173/173/173 172/172/172
f 177/177/177 176/176/176 175/175/175
f 180/180/180 179/179/179 178/178/178
f 183/183/183 182/182/182 181/181/181
f 186/186/186 185/185/185 184/184/184
f 189/189/189 188/188/188 187/187/187
f 192/192/192 191/191/191 190/190/190
f 195/195/195 194/194/194 193/193/193
f 198/198/198 197/197/197 196/196/196
f 201/201/201 200/200/200 199/199/199
f 204/204/204 203/203/203 202/202/202
f 207/207/207 206/206/206 205/205/205
f 210/210/210 209/209/209 208/208/208
f 213/213/213 212/212/212 211/211/211
f 214/214/214 211/211/211 212/212/212
f 217/217/217 216/216/216 215/215/215
f 218/218/218 215/215/215 216/216/216
f 221/221/221 220/220/220 219/219/219
f 222/222/222 219/219/219 220/220/220
f 225/225/225 224/224/224 223/223/223
f 226/226/226 223/223/223 224/224/224
f 229/229/229 228/228/228 227/227/227
f 230/230/230 227/227/227 228/228/228
f 233/233/233 232/232/232 231/231/231
f 234/234/234 231/231/231 232/232/232
f 234/234/234 232/232/232 235/235/235
f 236/236/236 235/235/235 232/232/232
f 236/236/236 237/237/237 235/235/235
f 238/238/238 235/235/235 237/237/237
f 239/239/239 237/237/237 236/236/236
f 239/239/239 240/240/240 237/237/237
f 241/241/241 237/237/237 240/240/240
f 239/239/239 236/236/236 242/242/242
f 243/243/243 242/242/242 236/236/236
f 243/243/243 244/244/244 242/242/242
f 245/245/245 242/242/242 244/244/244
f 248/248/248 247/247/247 246/246/246
f 249/249/249 246/246/246 247/247/247
f 252/252/252 251/251/251 250/250/250
f 253/253/253 250/250/250 251/251/251
f 256/256/256 255/255/255 254/254/254
f 257/257/257 254/254/254 255/255/255
f 260/260/260 259/259/259 258/258/258
f 261/261/261 258/258/258 259/259/259
f 264/264/264 263/263/263 262/262/262
f 265/265/265 262/262/262 263/263/263
f 268/268/268 267/267/267 266/266/266
f 269/269/269 266/266/266 267/267/267
f 272/272/272 271/271/271 270/270/270
f 273/273/273 270/270/270 271/271/271
f 276/276/276 275/275/275 274/274/274
f 277/277/277 274/274/274 275/275/275
f 280/280/280 279/279/279 278/278/278
f 281/281/281 278/278/278 279/279/279
f 284/284/284 283/283/283 282/282/282
f 285/285/285 282/282/282 283/283/283
f 288/288/288 287/287/287 286/286/286
f 289/289/289 286/286/286 287/287/287
f 292/292/292 291/291/291 290/290/290
f 291/291/291 293/293/293 290/290/290
f 290/290/290 293/293/293 294/294/294
f 297/297/297 296/296/296 295/295/295
f 298/298/298 295/295/295 296/296/296
f 301/301/301 300/300/300 299/299/299
f 302/302/302 299/299/299 300/300/300
f 305/305/305 304/304/304 303/303/303
f 306/306/306 303/303/303 304/304/304
f 309/309/309 308/308/308 307/307/307
f 310/310/310 307/307/307 308/308/308
f 313/313/313 312/312/312 311/311/311
f 314/314/314 311/311/311 312/312/312
f 317/317/317 316/316/316 315/315/315
f 318/318/318 315/315/315 316/316/316
f 321/321/321 320/320/320 319/319/319
f 322/322/322 319/319/319 320/320/320
f 325/325/325 324/324/324 323/323/323
f 326/326/326 323/323/323 324/324/324
f 329/329/329 328/328/328 327/327/327
f 330/330/330 327/327/327 328/328/328
f 333/333/333 332/332/332 331/331/331
f 334/334/334 331/331/331 332/332/332
f 337/337/337 336/336/336 335/335/335
f 338/338/338 335/335/335 336/336/336
f 338/338/338 339/339/339 335/335/335
f 340/340/340 335/335/335 339/339/339
f 340/340/340 339/339/339 341/341/341
f 342/342/342 341/341/341 339/339/339
f 341/341/341 343/343/343 340/340/340
f 340/340/340 343/343/343 344/344/344
f 345/345/345 344/344/344 343/343/343
f 343/343/343 341/341/341 346/346/346
f 347/347/347 346/346/346 341/341/341
f 350/350/350 349/349/349 348/348/348
f 351/351/351 348/348/348 349/349/349
f 354/354/354 353/353/353 352/352/352
f 355/355/355 352/352/352 353/353/353
f 355/355/355 356/356/356 352/352/352
f 357/357/357 352/352/352 356/356/356
f 360/360/360 359/359/359 358/358/358
f 361/361/361 358/358/358 359/359/359
f 364/364/364 363/363/363 362/362/362
f 365/365/365 362/362/362 363/363/363
f 368/368/368 367/367/367 366/366/366
f 369/369/369 366/366/366 367/367/367
f 372/372/372 371/371/371 370/370/370
f 373/373/373 370/370/370 371/371/371
f 376/376/376 375/375/375 374/374/374
f 377/377/377 374/374/374 375/375/375
f 380/380/380 379/379/379 378/378/378
f 381/381/381 378/378/378 379/379/379
f 384/384/384 383/383/383 382/382/382
f 385/385/385 382/382/382 383/383/383
f 388/388/388 387/387/387 386/386/386
f 389/389/389 386/386/386 387/387/387
f 392/392/392 391/391/391 390/390/390
f 393/393/393 390/390/390 391/391/391
f 396/396/396 395/395/395 394/394/394
f 397/397/397 394/394/394 395/395/395
f 400/400/400 399/399/399 398/398/398
f 401/401/401 398/398/398 399/399/399
f 404/404/404 403/403/403 402/402/402
f 405/405/405 402/402/402 403/403/403
f 408/408/408 407/407/407 406/406/406
f 409/409/409 406/406/406 407/407/407
f 412/412/412 411/411/411 410/410/410
f 413/413/413 410/410/410 411/411/411
f 413/413/413 414/414/414 410/410/410
f 415/415/415 410/410/410 414/414/414
f 415/415/415 414/414/414 416/416/416
f 417/417/417 416/416/416 414/414/414
f 416/416/416 418/418/418 415/415/415
f 418/418/418 416/416/416 419/419/419
f 420/420/420 419/419/419 416/416/416
f 418/418/418 421/421/421 415/415/415
f 422/422/422 415/415/415 421/421/421
f 422/422/422 421/421/421 423/423/423
f 424/424/424 423/423/423 421/421/421
f 427/427/427 426/426/426 425/425/425
f 428/428/428 425/425/425 426/426/426
f 431/431/431 430/430/430 429/429/429
f 432/432/432 429/429/429 430/430/430
f 435/435/435 434/434/434 433/433/433
f 436/436/436 433/433/433 434/434/434
f 439/439/439 438/438/438 437/437/437
f 440/440/440 437/437/437 438/438/438
f 443/443/443 442/442/442 441/441/441
f 444/444/444 441/441/441 442/442/442
f 447/447/447 446/446/446 445/445/445
f 448/448/448 445/445/445 446/446/446
f 451/451/451 450/450/450 449/449/449
f 452/452/452 449/449/449 450/450/450
f 452/452/452 450/450/450 453/453/453
f 454/454/454 453/453/453 450/450/450
f 454/454/454 455/455/455 453/453/453
f 456/456/456 453/453/453 455/455/455
f 457/457/457 455/455/455 454/454/454
f 454/454/454 458/458/458 457/457/457
f 457/457/457 458/458/458 459/459/459
f 460/460/460 457/457/457 459/459/459
f 461/461/461 457/457/457 460/460/460
f 457/457/457 462/462/462 455/455/455
f 463/463/463 455/455/455 462/462/462
f 466/466/466 465/465/465 464/464/464
f 467/467/467 464/464/464 465/465/465
f 470/470/470 469/469/469 468/468/468
f 471/471/471 468/468/468 469/469/469
f 474/474/474 473/473/473 472/472/472
f 475/475/475 472/472/472 473/473/473
f 478/478/478 477/477/477 476/476/476
f 479/479/479 476/476/476 477/477/477
f 482/482/482 481/481/481 480/480/480
f 483/483/483 480/480/480 481/481/481
f 486/486/486 485/485/485 484/484/484
f 487/487/487 484/484/484 485/485/485
f 490/490/490 489/489/489 488/488/488
f 491/491/491 488/488/488 489/489/489
f 494/494/494 493/493/493 492/492/492
f 495/495/495 492/492/492 493/493/493
f 498/498/498 497/497/497 496/496/496
f 499/499/499 496/496/496 497/497/497
f 502/502/502 501/501/501 500/500/500
f 501/501/501 503/503/503 500/500/500
f 500/500/500 503/503/503 504/504/504
f 507/507/507 506/506/506 505/505/505
f 508/508/508 505/505/505 506/506/506
f 511/511/511 510/510/510 509/509/509
f 512/512/512 509/509/509 510/510/510
f 515/515/515 514/514/514 513/513/513
f 516/516/516 513/513/513 514/514/514
f 519/519/519 518/518/518 517/517/517
f 520/520/520 517/517/517 518/518/518
f 523/523/523 522/522/522 521/521/521
f 524/524/524 521/521/521 522/522/522
f 525/525/525 524/524/524 522/522/522
f 526/526/526 525/525/525 522/522/522
f 527/527/527 526/526/526 522/522/522
f 530/530/530 529/529/529 528/528/528
f 531/531/531 528/528/528 529/529/529
f 534/534/534 533/533/533 532/532/532
f 535/535/535 532/532/532 533/533/533
f 538/538/538 537/537/537 536/536/536
f 539/539/539 536/536/536 537/537/537
f 542/542/542 541/541/541 540/540/540
f 543/543/543 540/540/540 541/541/541
f 546/546/546 545/545/545 544/544/544
f 547/547/547 544/544/544 545/545/545
f 550/550/550 549/549/549 548/548/548
f 551/551/551 548/548/548 549/549/549
f 554/554/554 553/553/553 552/552/552
f 555/555/555 552/552/552 553/553/553
f 558/558/558 557/557/557 556/556/556
f 559/559/559 556/556/556 557/557/557
f 562/562/562 561/561/561 560/560/560
f 563/563/563 560/560/560 561/561/561
f 566/566/566 565/565/565 564/564/564
f 567/567/567 564/564/564 565/565/565
f 570/570/570 569/569/569 568/568/568
f 571/571/571 568/568/568 569/569/569
f 574/574/574 573/573/573 572/572/572
f 575/575/575 572/572/572 573/573/573
f 578/578/578 577/577/577 576/576/576
f 579/579/579 576/576/576 577/577/577
f 579/579/579 577/577/577 580/580/580
f 581/581/581 580/580/580 577/577/577
f 581/581/581 582/582/582 580/580/580
f 583/583/583 580/580/580 582/582/582
f 584/584/584 582/582/582 581/581/581
f 584/584/584 585/585/585 582/582/582
f 586/586/586 582/582/582 585/585/585
f 584/584/584 581/581/581 587/587/587
f 588/588/588 587/587/587 581/581/581
f 588/588/588 589/589/589 587/587/587
f 590/590/590 587/587/587 589/589/589
f 593/593/593 592/592/592 591/591/591
f 594/594/594 591/591/591 592/592/592
f 597/597/597 596/596/596 595/595/595
f 598/598/598 595/595/595 596/596/596
f 601/601/601 600/600/600 599/599/599
f 602/602/602 599/599/599 600/600/600
f 605/605/605 604/604/604 603/603/603
f 606/606/606 603/603/603 604/604/604
f 609/609/609 608/608/608 607/607/607
f 610/610/610 607/607/607 608/608/608
f 613/613/613 612/612/612 611/611/611
f 614/614/614 611/611/611 612/612/612
f 617/617/617 616/616/616 615/615/615
f 618/618/618 615/615/615 616/616/616
f 618/618/618 619/619/619 615/615/615
f 620/620/620 615/615/615 619/619/619
f 620/620/620 619/619/619 621/621/621
f 622/622/622 621/621/621 619/619/619
f 621/621/621 623/623/623 620/620/620
f 620/620/620 623/623/623 624/624/624
f 623/623/623 625/625/625 624/624/624
f 626/626/626 625/625/625 623/623/623
f 623/623/623 621/621/621 627/627/627
f 628/628/628 627/627/627 621/621/621
f 631/631/631 630/630/630 629/629/629
f 632/632/632 629/629/629 630/630/630
f 635/635/635 634/634/634 633/633/633
f 636/636/636 633/633/633 634/634/634
f 639/639/639 638/638/638 637/637/637
f 640/640/640 637/637/637 638/638/638
f 643/643/643 642/642/642 641/641/641
f 644/644/644 641/641/641 642/642/642
f 647/647/647 646/646/646 645/645/645
f 648/648/648 645/645/645 646/646/646
f 651/651/651 650/650/650 649/649/649
f 652/652/652 649/649/649 650/650/650
f 655/655/655 654/654/654 653/653/653
f 656/656/656 653/653/653 654/654/654
f 659/659/659 658/658/658 657/657/657
f 660/660/660 657/657/657 658/658/658
f 663/663/663 662/662/662 661/661/661
f 664/664/664 661/661/661 662/662/662
f 667/667/667 666/666/666 665/665/665
f 665/665/665 666/666/666 668/668/668
f 668/668/668 666/666/666 669/669/669
f 672/672/672 671/671/671 670/670/670
f 673/673/673 670/670/670 671/671/671
f 676/676/676 675/675/675 674/674/674
f 677/677/677 674/674/674 675/675/675
f 680/680/680 679/679/679 678/678/678
f 681/681/681 678/678/678 679/679/679
f 684/684/684 683/683/683 682/682/682
f 685/685/685 682/682/682 683/683/683
f 688/688/688 687/687/687 686/686/686
f 689/689/689 686/686/686 687/687/687
f 689/689/689 690/690/690 686/686/686
f 690/690/690 691/691/691 686/686/686
f 691/691/691 692/692/692 686/686/686
f 695/695/695 694/694/694 693/693/693
f 696/696/696 693/693/693 694/694/694
f 699/699/699 698/698/698 697/697/697
f 700/700/700 697/697/697 698/698/698
f 703/703/703 702/702/702 701/701/701
f 704/704/704 701/701/701 702/702/702
f 707/707/707 706/706/706 705/705/705
f 708/708/708 705/705/705 706/706/706
f 711/711/711 710/710/710 709/709/709
f 712/712/712 709/709/709 710/710/710
f 715/715/715 714/714/714 713/713/713
f 716/716/716 713/713/713 714/714/714
f 719/719/719 718/718/718 717/717/717
f 720/720/720 717/717/717 718/718/718
f 723/723/723 722/722/722 721/721/721
f 724/724/724 721/721/721 722/722/722
f 727/727/727 726/726/726 725/725/725
f 728/728/728 725/725/725 726/726/726
f 728/728/728 726/726/726 729/729/729
f 730/730/730 729/729/729 726/726/726
f 733/733/733 732/732/732 731/731/731
f 734/734/734 731/731/731 732/732/732
f 737/737/737 736/736/736 735/735/735
f 738/738/738 735/735/735 736/736/736
f 741/741/741 740/740/740 739/739/739
f 742/742/742 739/739/739 740/740/740
f 745/745/745 744/744/744 743/743/743
f 746/746/746 743/743/743 744/744/744
f 749/749/749 748/748/748 747/747/747
f 750/750/750 747/747/747 748/748/748
f 753/753/753 752/752/752 751/751/751
f 754/754/754 751/751/751 752/752/752
f 757/757/757 756/756/756 755/755/755
f 758/758/758 755/755/755 756/756/756
f 761/761/761 760/760/760 759/759/759
f 762/762/762 759/759/759 760/760/760
f 765/765/765 764/764/764 763/763/763
f 766/766/766 763/763/763 764/764/764
f 769/769/769 768/768/768 767/767/767
f 770/770/770 767/767/767 768/768/768
f 773/773/773 772/772/772 771/771/771
f 774/774/774 771/771/771 772/772/772
f 774/774/774 772/772/772 775/775/775
f 776/776/776 775/775/775 772/772/772
f 779/779/779 778/778/778 777/777/777
f 780/780/780 777/777/777 778/778/778
f 783/783/783 782/782/782 781/781/781
f 784/784/784 781/781/781 782/782/782
f 787/787/787 786/786/786 785/785/785
f 788/788/788 785/785/785 786/786/786
f 791/791/791 790/790/790 789/789/789
f 792/792/792 789/789/789 790/790/790
f 792/792/792 790/790/790 793/793/793
f 794/794/794 793/793/793 790/790/790
f 797/797/797 796/796/796 795/795/795
f 798/798/798 795/795/795 796/796/796
f 801/801/801 800/800/800 799/799/799
f 802/802/802 799/799/799 800/800/800
f 805/805/805 804/804/804 803/803/803
f 806/806/806 803/803/803 804/804/804
f 806/806/806 804/804/804 807/807/807
f 808/808/808 807/807/807 804/804/804
f 811/811/811 810/810/810 809/809/809
f 812/812/812 809/809/809 810/810/810
f 815/815/815 814/814/814 813/813/813
f 816/816/816 813/813/813 814/814/814
f 819/819/819 818/818/818 817/817/817
f 820/820/820 817/817/817 818/818/818
f 823/823/823 822/822/822 821/821/821
f 824/824/824 821/821/821 822/822/822
f 827/827/827 826/826/826 825/825/825
f 828/828/828 825/825/825 826/826/826
f 828/828/828 826/826/826 829/829/829
f 830/830/830 829/829/829 826/826/826
f 830/830/830 831/831/831 829/829/829
f 832/832/832 829/829/829 831/831/831
f 833/833/833 831/831/831 830/830/830
f 831/831/831 833/833/833 834/834/834
f 835/835/835 834/834/834 833/833/833
f 838/838/838 837/837/837 836/836/836
f 839/839/839 836/836/836 837/837/837
f 842/842/842 841/841/841 840/840/840
f 843/843/843 840/840/840 841/841/841
f 846/846/846 845/845/845 844/844/844
f 847/847/847 844/844/844 845/845/845
f 850/850/850 849/849/849 848/848/848
f 851/851/851 848/848/848 849/849/849
f 854/854/854 853/853/853 852/852/852
f 855/855/855 852/852/852 853/853/853
f 858/858/858 857/857/857 856/856/856
f 856/856/856 857/857/857 859/859/859
f 857/857/857 860/860/860 859/859/859
f 859/859/859 860/860/860 861/861/861
f 864/864/864 863/863/863 862/862/862
f 865/865/865 862/862/862 863/863/863
f 865/865/865 866/866/866 862/862/862
f 867/867/867 862/862/862 866/866/866
f 867/867/867 866/866/866 868/868/868
f 869/869/869 868/868/868 866/866/866
f 868/868/868 870/870/870 867/867/867
f 868/868/868 871/871/871 870/870/870
f 872/872/872 870/870/870 871/871/871
f 875/875/875 874/874/874 873/873/873
f 876/876/876 873/873/873 874/874/874
f 879/879/879 878/878/878 877/877/877
f 880/880/880 877/877/877 878/878/878
f 883/883/883 882/882/882 881/881/881
f 884/884/884 881/881/881 882/882/882
f 887/887/887 886/886/886 885/885/885
f 888/888/888 885/885/885 886/886/886
f 891/891/891 890/890/890 889/889/889
f 892/892/892 889/889/889 890/890/890
f 892/892/892 893/893/893 889/889/889
f 894/894/894 889/889/889 893/893/893
f 894/894/894 893/893/893 895/895/895
f 896/896/896 895/895/895 893/893/893
f 895/895/895 897/897/897 894/894/894
f 895/895/895 898/898/898 897/897/897
f 899/899/899 897/897/897 898/898/898
f 902/902/902 901/901/901 900/900/900
f 903/903/903 900/900/900 901/901/901
f 906/906/906 905/905/905 904/904/904
f 907/907/907 904/904/904 905/905/905
f 910/910/910 909/909/909 908/908/908
f 911/911/911 908/908/908 909/909/909
f 911/911/911 909/909/909 912/912/912
f 913/913/913 912/912/912 909/909/909
f 913/913/913 914/914/914 912/912/912
f 915/915/915 912/912/912 914/914/914
f 916/916/916 914/914/914 913/913/913
f 914/914/914 916/916/916 917/917/917
f 918/918/918 917/917/917 916/916/916
f 921/921/921 920/920/920 919/919/919
f 922/922/922 919/919/919 920/920/920
f 925/925/925 924/924/924 923/923/923
f 926/926/926 923/923/923 924/924/924
f 929/929/929 928/928/928 927/927/927
f 930/930/930 927/927/927 928/928/928
f 933/933/933 932/932/932 931/931/931
f 934/934/934 931/931/931 932/932/932
f 937/937/937 936/936/936 935/935/935
f 938/938/938 935/935/935 936/936/936
f 941/941/941 940/940/940 939/939/939
f 939/939/939 940/940/940 942/942/942
f 940/940/940 943/943/943 942/942/942
f 942/942/942 943/943/943 944/944/944
f 947/947/947 946/946/946 945/945/945
f 948/948/948 945/945/945 946/946/946
f 951/951/951 950/950/950 949/949/949
f 952/952/952 949/949/949 950/950/950
f 955/955/955 954/954/954 953/953/953
f 956/956/956 953/953/953 954/954/954
f 959/959/959 958/958/958 957/957/957
f 960/960/960 957/957/957 958/958/958
f 963/963/963 962/962/962 961/961/961
f 964/964/964 961/961/961 962/962/962
f 967/967/967 966/966/966 965/965/965
f 968/968/968 965/965/965 966/966/966
f 971/971/971 970/970/970 969/969/969
f 972/972/972 969/969/969 970/970/970
f 975/975/975 974/974/974 973/973/973
f 976/976/976 973/973/973 974/974/974
f 976/976/976 974/974/974 977/977/977
f 978/978/978 977/977/977 974/974/974
f 978/978/978 979/979/979 977/977/977
f 980/980/980 977/977/977 979/979/979
f 981/981/981 979/979/979 978/978/978
f 979/979/979 981/981/981 982/982/982
f 983/983/983 982/982/982 981/981/981
f 986/986/986 985/985/985 984/984/984
f 987/987/987 984/984/984 985/985/985
f 990/990/990 989/989/989 988/988/988
f 991/991/991 988/988/988 989/989/989
f 994/994/994 993/993/993 992/992/992
f 995/995/995 992/992/992 993/993/993
f 998/998/998 997/997/997 996/996/996
f 999/999/999 996/996/996 997/997/997
f 1002/1002/1002 1001/1001/1001 1000/1000/1000
f 1003/1003/1003 1000/1000/1000 1001/1001/1001
f 1006/1006/1006 1005/1005/1005 1004/1004/1004
f 1007/1007/1007 1004/1004/1004 1005/1005/1005
f 1010/1010/1010 1009/1009/1009 1008/1008/1008
f 1011/1011/1011 1008/1008/1008 1009/1009/1009
f 1014/1014/1014 1013/1013/1013 1012/1012/1012
f 1015/1015/1015 1012/1012/1012 1013/1013/1013
f 1015/1015/1015 1016/1016/1016 1012/1012/1012
f 1017/1017/1017 1012/1012/1012 1016/1016/1016
f 1017/1017/1017 1016/1016/1016 1018/1018/1018
f 1019/1019/1019 1018/1018/1018 1016/1016/1016
f 1018/1018/1018 1020/1020/1020 1017/1017/1017
f 1018/1018/1018 1021/1021/1021 1020/1020/1020
f 1022/1022/1022 1020/1020/1020 1021/1021/1021
f 1025/1025/1025 1024/1024/1024 1023/1023/1023
f 1026/1026/1026 1023/1023/1023 1024/1024/1024
f 1029/1029/1029 1028/1028/1028 1027/1027/1027
f 1030/1030/1030 1027/1027/1027 1028/1028/1028
f 1033/1033/1033 1032/1032/1032 1031/1031/1031
f 1034/1034/1034 1031/1031/1031 1032/1032/1032
f 1037/1037/1037 1036/1036/1036 1035/1035/1035
f 1038/1038/1038 1035/1035/1035 1036/1036/1036
f 1041/1041/1041 1040/1040/1040 1039/1039/1039
f 1040/1040/1040 1042/1042/1042 1039/1039/1039
f 1039/1039/1039 1042/1042/1042 1043/1043/1043
f 1043/1043/1043 1042/1042/1042 1044/1044/1044
f 1047/1047/1047 1046/1046/1046 1045/1045/1045
f 1048/1048/1048 1045/1045/1045 1046/1046/1046
f 1051/1051/1051 1050/1050/1050 1049/1049/1049
f 1052/1052/1052 1049/1049/1049 1050/1050/1050
f 1055/1055/1055 1054/1054/1054 1053/1053/1053
f 1056/1056/1056 1053/1053/1053 1054/1054/1054
f 1059/1059/1059 1058/1058/1058 1057/1057/1057
f 1060/1060/1060 1057/1057/1057 1058/1058/1058
f 1063/1063/1063 1062/1062/1062 1061/1061/1061
f 1064/1064/1064 1061/1061/1061 1062/1062/1062
f 1064/1064/1064 1062/1062/1062 1065/1065/1065
f 1066/1066/1066 1065/1065/1065 1062/1062/1062
f 1066/1066/1066 1067/1067/1067 1065/1065/1065
f 1068/1068/1068 1065/1065/1065 1067/1067/1067
f 1069/1069/1069 1067/1067/1067 1066/1066/1066
f 1067/1067/1067 1069/1069/1069 1070/1070/1070
f 1071/1071/1071 1070/1070/1070 1069/1069/1069
f 1074/1074/1074 1073/1073/1073 1072/1072/1072
f 1075/1075/1075 1072/1072/1072 1073/1073/1073
f 1078/1078/1078 1077/1077/1077 1076/1076/1076
f 1079/1079/1079 1076/1076/1076 1077/1077/1077
f 1082/1082/1082 1081/1081/1081 1080/1080/1080
f 1083/1083/1083 1080/1080/1080 1081/1081/1081
f 1086/1086/1086 1085/1085/1085 1084/1084/1084
f 1087/1087/1087 1084/1084/1084 1085/1085/1085
f 1090/1090/1090 1089/1089/1089 1088/1088/1088
f 1091/1091/1091 1088/1088/1088 1089/1089/1089
f 1094/1094/1094 1093/1093/1093 1092/1092/1092
f 1095/1095/1095 1092/1092/1092 1093/1093/1093
f 1098/1098/1098 1097/1097/1097 1096/1096/1096
f 1099/1099/1099 1096/1096/1096 1097/1097/1097
f 1102/1102/1102 1101/1101/1101 1100/1100/1100
f 1100/1100/1100 1101/1101/1101 1103/1103/1103
f 1101/1101/1101 1104/1104/1104 1103/1103/1103
f 1103/1103/1103 1104/1104/1104 1105/1105/1105
f 1108/1108/1108 1107/1107/1107 1106/1106/1106
f 1109/1109/1109 1106/1106/1106 1107/1107/1107
f 1109/1109/1109 1110/1110/1110 1106/1106/1106
f 1111/1111/1111 1106/1106/1106 1110/1110/1110
f 1111/1111/1111 1110/1110/1110 1112/1112/1112
f 1113/1113/1113 1112/1112/1112 1110/1110/1110
f 1112/1112/1112 1114/1114/1114 1111/1111/1111
f 1112/1112/1112 1115/1115/1115 1114/1114/1114
f 1116/1116/1116 1114/1114/1114 1115/1115/1115
f 1119/1119/1119 1118/1118/1118 1117/1117/1117
f 1120/1120/1120 1117/1117/1117 1118/1118/1118
f 1123/1123/1123 1122/1122/1122 1121/1121/1121
f 1124/1124/1124 1121/1121/1121 1122/1122/1122
f 1127/1127/1127 1126/1126/1126 1125/1125/1125
f 1128/1128/1128 1125/1125/1125 1126/1126/1126
f 1131/1131/1131 1130/1130/1130 1129/1129/1129
f 1132/1132/1132 1129/1129/1129 1130/1130/1130
f 1135/1135/1135 1134/1134/1134 1133/1133/1133
f 1136/1136/1136 1133/1133/1133 1134/1134/1134
f 1136/1136/1136 1137/1137/1137 1133/1133/1133
f 1138/1138/1138 1133/1133/1133 1137/1137/1137
f 1138/1138/1138 1137/1137/1137 1139/1139/1139
f 1140/1140/1140 1139/1139/1139 1137/1137/1137
f 1139/1139/1139 1141/1141/1141 1138/1138/1138
f 1139/1139/1139 1142/1142/1142 1141/1141/1141
f 1143/1143/1143 1141/1141/1141 1142/1142/1142
f 1146/1146/1146 1145/1145/1145 1144/1144/1144
f 1147/1147/1147 1144/1144/1144 1145/1145/1145
f 1150/1150/1150 1149/1149/1149 1148/1148/1148
f 1151/1151/1151 1148/1148/1148 1149/1149/1149
f 1151/1151/1151 1149/1149/1149 1152/1152/1152
f 1153/1153/1153 1152/1152/1152 1149/1149/1149
f 1153/1153/1153 1154/1154/1154 1152/1152/1152
f 1155/1155/1155 1152/1152/1152 1154/1154/1154
f 1156/1156/1156 1154/1154/1154 1153/1153/1153
f 1154/1154/1154 1156/1156/1156 1157/1157/1157
f 1158/1158/1158 1157/1157/1157 1156/1156/1156
f 1161/1161/1161 1160/1160/1160 1159/1159/1159
f 1162/1162/1162 1159/1159/1159 1160/1160/1160
f 1165/1165/1165 1164/1164/1164 1163/1163/1163
f 1166/1166/1166 1163/1163/1163 1164/1164/1164
f 1169/1169/1169 1168/1168/1168 1167/1167/1167
f 1170/1170/1170 1167/1167/1167 1168/1168/1168
f 1173/1173/1173 1172/1172/1172 1171/1171/1171
f 1174/1174/1174 1171/1171/1171 1172/1172/1172
f 1177/1177/1177 1176/1176/1176 1175/1175/1175
f 1178/1178/1178 1175/1175/1175 1176/1176/1176
f 1181/1181/1181 1180/1180/1180 1179/1179/1179
f 1179/1179/1179 1180/1180/1180 1182/1182/1182
f 1180/1180/1180 1183/1183/1183 1182/1182/1182
f 1182/1182/1182 1183/1183/1183 1184/1184/1184
f 1187/1187/1187 1186/1186/1186 1185/1185/1185
f 1188/1188/1188 1185/1185/1185 1186/1186/1186
f 1191/1191/1191 1190/1190/1190 1189/1189/1189
f 1192/1192/1192 1189/1189/1189 1190/1190/1190
f 1195/1195/1195 1194/1194/1194 1193/1193/1193
f 1196/1196/1196 1193/1193/1193 1194/1194/1194
f 1199/1199/1199 1198/1198/1198 1197/1197/1197
f 1200/1200/1200 1197/1197/1197 1198/1198/1198
f 1203/1203/1203 1202/1202/1202 1201/1201/1201
f 1204/1204/1204 1201/1201/1201 1202/1202/1202
f 1204/1204/1204 1205/1205/1205 1201/1201/1201
f 1206/1206/1206 1201/1201/1201 1205/1205/1205
f 1206/1206/1206 1205/1205/1205 1207/1207/1207
f 1208/1208/1208 1207/1207/1207 1205/1205/1205
f 1207/1207/1207 1209/1209/1209 1206/1206/1206
f 1207/1207/1207 1210/1210/1210 1209/1209/1209
f 1211/1211/1211 1209/1209/1209 1210/1210/1210
f 1214/1214/1214 1213/1213/1213 1212/1212/1212
f 1215/1215/1215 1212/1212/1212 1213/1213/1213
f 1218/1218/1218 1217/1217/1217 1216/1216/1216
f 1219/1219/1219 1216/1216/1216 1217/1217/1217
f 1222/1222/1222 1221/1221/1221 1220/1220/1220
f 1223/1223/1223 1220/1220/1220 1221/1221/1221
f 1226/1226/1226 1225/1225/1225 1224/1224/1224
f 1227/1227/1227 1224/1224/1224 1225/1225/1225
f 1230/1230/1230 1229/1229/1229 1228/1228/1228
f 1231/1231/1231 1228/1228/1228 1229/1229/1229
f 1234/1234/1234 1233/1233/1233 1232/1232/1232
f 1235/1235/1235 1232/1232/1232 1233/1233/1233
f 1238/1238/1238 1237/1237/1237 1236/1236/1236
f 1239/1239/1239 1236/1236/1236 1237/1237/1237
f 1242/1242/1242 1241/1241/1241 1240/1240/1240
f 1243/1243/1243 1240/1240/1240 1241/1241/1241
f 1246/1246/1246 1245/1245/1245 1244/1244/1244
f 1245/1245/1245 1247/1247/1247 1244/1244/1244
f 1244/1244/1244 1247/1247/1247 1248/1248/1248
f 1248/1248/1248 1247/1247/1247 1249/1249/1249
f 1252/1252/1252 1251/1251/1251 1250/1250/1250
f 1253/1253/1253 1250/1250/1250 1251/1251/1251
f 1256/1256/1256 1255/1255/1255 1254/1254/1254
f 1257/1257/1257 1254/1254/1254 1255/1255/1255
f 1260/1260/1260 1259/1259/1259 1258/1258/1258
f 1261/1261/1261 1258/1258/1258 1259/1259/1259
f 1264/1264/1264 1263/1263/1263 1262/1262/1262
f 1265/1265/1265 1262/1262/1262 1263/1263/1263
f 1268/1268/1268 1267/1267/1267 1266/1266/1266
f 1269/1269/1269 1266/1266/1266 1267/1267/1267
f 1269/1269/1269 1267/1267/1267 1270/1270/1270
f 1271/1271/1271 1270/1270/1270 1267/1267/1267
f 1271/1271/1271 1272/1272/1272 1270/1270/1270
f 1273/1273/1273 1270/1270/1270 1272/1272/1272
f 1274/1274/1274 1272/1272/1272 1271/1271/1271
f 1272/1272/1272 1274/1274/1274 1275/1275/1275
f 1276/1276/1276 1275/1275/1275 1274/1274/1274
f 1279/1279/1279 1278/1278/1278 1277/1277/1277
f 1280/1280/1280 1277/1277/1277 1278/1278/1278
f 1283/1283/1283 1282/1282/1282 1281/1281/1281
f 1284/1284/1284 1281/1281/1281 1282/1282/1282
f 1287/1287/1287 1286/1286/1286 1285/1285/1285
f 1288/1288/1288 1285/1285/1285 1286/1286/1286
f 1291/1291/1291 1290/1290/1290 1289/1289/1289
f 1292/1292/1292 1289/1289/1289 1290/1290/1290
f 1295/1295/1295 1294/1294/1294 1293/1293/1293
f 1296/1296/1296 1293/1293/1293 1294/1294/1294
f 1299/1299/1299 1298/1298/1298 1297/1297/1297
f 1300/1300/1300 1297/1297/1297 1298/1298/1298
f 1303/1303/1303 1302/1302/1302 1301/1301/1301
f 1304/1304/1304 1301/1301/1301 1302/1302/1302
f 1307/1307/1307 1306/1306/1306 1305/1305/1305
f 1308/1308/1308 1305/1305/1305 1306/1306/1306
f 1311/1311/1311 1310/1310/1310 1309/1309/1309
f 1312/1312/1312 1309/1309/1309 1310/1310/1310
f 1315/1315/1315 1314/1314/1314 1313/1313/1313
f 1316/1316/1316 1313/1313/1313 1314/1314/1314
f 1319/1319/1319 1318/1318/1318 1317/1317/1317
f 1320/1320/1320 1317/1317/1317 1318/1318/1318
f 1323/1323/1323 1322/1322/1322 1321/1321/1321
f 1324/1324/1324 1321/1321/1321 1322/1322/1322
f 1327/1327/1327 1326/1326/1326 1325/1325/1325
f 1328/1328/1328 1325/1325/1325 1326/1326/1326
f 1331/1331/1331 1330/1330/1330 1329/1329/1329
f 1332/1332/1332 1329/1329/1329 1330/1330/1330
f 1333/1333/1333 1332/1332/1332 1330/1330/1330
f 1336/1336/1336 1335/1335/1335 1334/1334/1334
f 1337/1337/1337 1334/1334/1334 1335/1335/1335
f 1340/1340/1340 1339/1339/1339 1338/1338/1338
f 1341/1341/1341 1338/1338/1338 1339/1339/1339
f 1344/1344/1344 1343/1343/1343 1342/1342/1342
f 1345/1345/1345 1342/1342/1342 1343/1343/1343
f 1348/1348/1348 1347/1347/1347 1346/1346/1346
f 1349/1349/1349 1346/1346/1346 1347/1347/1347
f 1352/1352/1352 1351/1351/1351 1350/1350/1350
f 1353/1353/1353 1350/1350/1350 1351/1351/1351
f 1356/1356/1356 1355/1355/1355 1354/1354/1354
f 1357/1357/1357 1354/1354/1354 1355/1355/1355
f 1360/1360/1360 1359/1359/1359 1358/1358/1358
f 1361/1361/1361 1358/1358/1358 1359/1359/1359
f 1364/1364/1364 1363/1363/1363 1362/1362/1362
f 1365/1365/1365 1362/1362/1362 1363/1363/1363
f 1365/1365/1365 1366/1366/1366 1362/1362/1362
f 1369/1369/1369 1368/1368/1368 1367/1367/1367
f 1370/1370/1370 1367/1367/1367 1368/1368/1368
f 1373/1373/1373 1372/1372/1372 1371/1371/1371
f 1374/1374/1374 1371/1371/1371 1372/1372/1372
f 1377/1377/1377 1376/1376/1376 1375/1375/1375
f 1378/1378/1378 1375/1375/1375 1376/1376/1376
f 1381/1381/1381 1380/1380/1380 1379/1379/1379
f 1382/1382/1382 1379/1379/1379 1380/1380/1380
f 1385/1385/1385 1384/1384/1384 1383/1383/1383
f 1386/1386/1386 1383/1383/1383 1384/1384/1384
f 1389/1389/1389 1388/1388/1388 1387/1387/1387
f 1390/1390/1390 1387/1387/1387 1388/1388/1388
f 1393/1393/1393 1392/1392/1392 1391/1391/1391
f 1394/1394/1394 1391/1391/1391 1392/1392/1392
f 1394/1394/1394 1392/1392/1392 1395/1395/1395
f 1396/1396/1396 1395/1395/1395 1392/1392/1392
f 1394/1394/1394 1395/1395/1395 1397/1397/1397
f 1398/1398/1398 1397/1397/1397 1395/1395/1395
f 1397/1397/1397 1399/1399/1399 1394/1394/1394
f 1400/1400/1400 1394/1394/1394 1399/1399/1399
f 1403/1403/1403 1402/1402/1402 1401/1401/1401
f 1404/1404/1404 1401/1401/1401 1402/1402/1402
f 1407/1407/1407 1406/1406/1406 1405/1405/1405
f 1408/1408/1408 1405/1405/1405 1406/1406/1406
f 1411/1411/1411 1410/1410/1410 1409/1409/1409
f 1412/1412/1412 1409/1409/1409 1410/1410/1410
f 1415/1415/1415 1414/1414/1414 1413/1413/1413
f 1416/1416/1416 1413/1413/1413 1414/1414/1414
