v  -30.5 0 42.66667
v  -42.66667 0 42.66667
v  -42.66667 0 30.5
v  -30.5 0 30.5
v  -42.66667 0 42.66667
v  -85.33334 0 42.66667
v  -85.33334 0 30.5
v  -42.66667 0 30.5
v  -85.33334 0 42.66667
v  -128 0 42.66667
v  -128 0 30.5
v  -85.33334 0 30.5
v  -128 0 42.66667
v  -170.6667 0 42.66667
v  -170.6667 0 30.5
v  -128 0 30.5
v  -170.6667 0 42.66667
v  -213.3333 0 42.66667
v  -213.3333 0 30.5
v  -170.6667 0 30.5
v  -213.3333 0 42.66667
v  -256 0 42.66667
v  -256 0 30.5
v  -213.3333 0 30.5
v  -256 0 42.66667
v  -298.6667 0 42.66667
v  -298.6667 0 30.5
v  -256 0 30.5
v  -298.6667 0 42.66667
v  -341.3333 0 42.66667
v  -341.3333 0 30.5
v  -298.6667 0 30.5
v  -341.3333 0 42.66667
v  -384 0 42.66667
v  -384 0 30.5
v  -341.3333 0 30.5
v  -384 0 42.66667
v  -426.6667 0 42.66667
v  -426.6667 0 30.5
v  -384 0 30.5
v  -426.6667 0 42.66667
v  -469.3333 0 42.66667
v  -469.3333 0 30.5
v  -426.6667 0 30.5
v  -469.3333 0 42.66667
v  -512 0 42.66667
v  -512 0 30.5
v  -469.3333 0 30.5
v  -512 0 42.66667
v  -554.6667 0 42.66667
v  -554.6667 0 30.5
v  -512 0 30.5
v  -554.6667 0 42.66667
v  -597.3334 0 42.66667
v  -597.3334 0 30.5
v  -554.6667 0 30.5
v  -597.3334 0 42.66667
v  -640.0001 0 42.66667
v  -640.0001 0 30.5
v  -597.3334 0 30.5
v  -640 0 42.66667
v  -682.6667 0 42.66667
v  -682.6667 0 30.5
v  -640 0 30.5
v  -682.6667 0 42.66667
v  -725.3334 0 42.66667
v  -725.3334 0 30.5
v  -682.6667 0 30.5
v  -757.8334 0 42.66667
v  -768.0001 0 42.66667
v  -768.0001 0 30.5
v  -757.6667 0 42.66667
v  -757.8334 0 42.66667
v  -768.0001 0 30.5
v  -757.6667 0 42.66667
v  -768.0001 0 30.5
v  -725.3334 0 30.5
v  -725.3334 0 42.66667
v  -786.1667 0 42.66667
v  -786.3333 0 42.66667
v  -786.8333 0 42.16667
v  -792.8333 0 41
v  -794.1667 0 42.66667
v  -794.3333 0 42.66667
v  -792.8333 0 41
v  -794.3333 0 42.66667
v  -810.6667 0 42.66667
v  -810.6667 0 30.5
v  -768 0 42.66667
v  -786.1667 0 42.66667
v  -786.8333 0 42.16667
v  -790.8333 0 41
v  -792.8333 0 41
v  -810.6667 0 30.5
v  -768 0 30.5
v  -768 0 42.66667
v  -786.8333 0 42.16667
v  -790.8333 0 41
v  -810.6667 0 30.5
v  -794.1667 0 42.66667
v  -792.8333 0 41
v  -790.8333 0 41
v  -786.8333 0 42.16667
v  -786.3333 0 42.66667
v  -810.6667 0 42.66667
v  -853.3334 0 42.66667
v  -853.3334 0 30.5
v  -810.6667 0 30.5
v  -853.3334 0 42.66667
v  -869.3334 0 42.66667
v  -869.3334 0 30.5
v  -853.3334 0 30.5
v  -37 0 82.66667
v  -42.16667 0 85.33334
v  -42.5 0 85.33334
v  -37 0 82.66667
v  -42.5 0 85.33334
v  -42.66667 0 85.33334
v  -42.66667 0 42.66667
v  -37 0 82.66667
v  -42.66667 0 42.66667
v  -30.5 0 42.66667
v  -30.5 0 82.66667
v  -35.33334 0 85.33334
v  -37 0 82.66667
v  -30.5 0 82.66667
v  -30.5 0 85.33334
v  -35.33334 0 85.33334
v  -42.16667 0 85.33334
v  -37 0 82.66667
v  -63.66667 0 85.33334
v  -64.16667 0 85.33334
v  -68.33334 0 83.5
v  -68.33334 0 83.5
v  -73.66667 0 83.66667
v  -80.16667 0 79.33334
v  -42.66667 0 85.33334
v  -63.66667 0 85.33334
v  -68.33334 0 83.5
v  -80.16667 0 79.33334
v  -85.33334 0 80.83334
v  -85.33334 0 42.66667
v  -42.66667 0 85.33334
v  -68.33334 0 83.5
v  -80.16667 0 79.33334
v  -85.33334 0 42.66667
v  -42.66667 0 42.66667
v  -85.33334 0 85.33334
v  -85.33334 0 80.83334
v  -80.16667 0 79.33334
v  -73.66667 0 83.66667
v  -73.66667 0 83.66667
v  -68.33334 0 83.5
v  -64.16667 0 85.33334
v  -85.33334 0 85.33334
v  -85.33334 0 80.83334
v  -88 0 81.66667
v  -92.33334 0 82.33334
v  -121.6667 0 75.66667
v  -124.8333 0 79
v  -128 0 80.16667
v  -128 0 42.66667
v  -115.8333 0 65.16667
v  -118.8333 0 71.5
v  -105.3333 0 79.83334
v  -108.3333 0 76.33334
v  -110.3333 0 71.33334
v  -85.33334 0 80.83334
v  -92.33334 0 82.33334
v  -98.83334 0 82.33334
v  -85.33334 0 80.83334
v  -110.3333 0 71.33334
v  -112.8333 0 67.16667
v  -112.8333 0 67.16667
v  -114.6667 0 65
v  -128 0 42.66667
v  -85.33334 0 42.66667
v  -85.33334 0 80.83334
v  -114.6667 0 65
v  -115.8333 0 65.16667
v  -128 0 42.66667
v  -128 0 80.33334
v  -128 0 80.16667
v  -124.8333 0 79
v  -115.8333 0 65.16667
v  -114.6667 0 65
v  -112.8333 0 67.16667
v  -110.3333 0 71.33334
v  -108.3333 0 76.33334
v  -118.8333 0 71.5
v  -88 0 81.66667
v  -85.33334 0 80.83334
v  -85.33334 0 85.33334
v  -128 0 85.33334
v  -128 0 80.33334
v  -124.8333 0 79
v  -98.83334 0 82.33334
v  -92.33334 0 82.33334
v  -85.33334 0 85.33334
v  -128 0 85.33334
v  -92.33334 0 82.33334
v  -88 0 81.66667
v  -85.33334 0 85.33334
v  -121.6667 0 75.66667
v  -118.8333 0 71.5
v  -108.3333 0 76.33334
v  -105.3333 0 79.83334
v  -128 0 85.33334
v  -124.8333 0 79
v  -121.6667 0 75.66667
v  -105.3333 0 79.83334
v  -98.83334 0 82.33334
v  -168.6667 0 77.33334
v  -170.6667 0 76.5
v  -170.6667 0 76.33334
v  -128 0 80.16667
v  -128 0 80.33334
v  -130.3333 0 81.33334
v  -148.6667 0 80.16667
v  -151.5 0 80.16667
v  -153 0 80
v  -157.8333 0 78.5
v  -159.5 0 77.33334
v  -138.6667 0 77.83334
v  -165.1667 0 76.33334
v  -168.6667 0 77.33334
v  -170.6667 0 76.33334
v  -170.6667 0 42.66667
v  -128 0 80.16667
v  -130.3333 0 81.33334
v  -133.8333 0 80.66667
v  -138.6667 0 77.83334
v  -128 0 42.66667
v  -164 0 76.33334
v  -165.1667 0 76.33334
v  -170.6667 0 42.66667
v  -138.6667 0 77.83334
v  -159.5 0 77.33334
v  -164 0 76.33334
v  -170.6667 0 42.66667
v  -128 0 42.66667
v  -130.3333 0 81.33334
v  -128 0 80.33334
v  -128 0 85.33334
v  -168.6667 0 77.33334
v  -165.1667 0 76.33334
v  -164 0 76.33334
v  -159.5 0 77.33334
v  -157.8333 0 78.5
v  -170.6667 0 85.33334
v  -151.5 0 80.16667
v  -148.6667 0 80.16667
v  -128 0 85.33334
v  -133.8333 0 80.66667
v  -130.3333 0 81.33334
v  -128 0 85.33334
v  -170.6667 0 85.33334
v  -170.6667 0 76.5
v  -168.6667 0 77.33334
v  -170.6667 0 85.33334
v  -153 0 80
v  -151.5 0 80.16667
v  -138.6667 0 77.83334
v  -133.8333 0 80.66667
v  -128 0 85.33334
v  -148.6667 0 80.16667
v  -170.6667 0 85.33334
v  -168.6667 0 77.33334
v  -157.8333 0 78.5
v  -153 0 80
v  -196.6667 0 79
v  -199.3333 0 76.16667
v  -200.5 0 73.16667
v  -190.8333 0 80.33334
v  -200.5 0 73.16667
v  -201.8333 0 73.5
v  -208.5 0 73.5
v  -213.3333 0 42.66667
v  -182.3333 0 78.16667
v  -186 0 79.5
v  -190.8333 0 80.33334
v  -208.5 0 73.5
v  -213.3333 0 74.5
v  -213.3333 0 42.66667
v  -175.1667 0 74.33334
v  -182.3333 0 78.16667
v  -190.8333 0 80.33334
v  -200.5 0 73.16667
v  -213.3333 0 42.66667
v  -170.6667 0 42.66667
v  -170.6667 0 42.66667
v  -170.6667 0 76.33334
v  -175.1667 0 74.33334
v  -201.8333 0 73.5
v  -200.5 0 73.16667
v  -199.3333 0 76.16667
v  -175.1667 0 74.33334
v  -170.6667 0 76.33334
v  -170.6667 0 76.5
v  -182.3333 0 78.16667
v  -208.5 0 73.5
v  -201.8333 0 73.5
v  -199.3333 0 76.16667
v  -213.3333 0 85.33334
v  -196.6667 0 79
v  -190.8333 0 80.33334
v  -170.6667 0 85.33334
v  -213.3333 0 85.33334
v  -213.3333 0 74.5
v  -208.5 0 73.5
v  -199.3333 0 76.16667
v  -196.6667 0 79
v  -190.8333 0 80.33334
v  -186 0 79.5
v  -170.6667 0 85.33334
v  -182.3333 0 78.16667
v  -170.6667 0 76.5
v  -170.6667 0 85.33334
v  -186 0 79.5
v  -213.3333 0 74.5
v  -215.5 0 74.33334
v  -217 0 73.5
v  -213.3333 0 42.66667
v  -244.1667 0 74
v  -247.5 0 74.5
v  -250.1667 0 74.5
v  -256 0 73.83334
v  -220.8333 0 73.33334
v  -223.8333 0 74.33334
v  -229.6667 0 75.33334
v  -237.5 0 75.83334
v  -244.1667 0 74
v  -244.1667 0 74
v  -256 0 73.83334
v  -256 0 42.66667
v  -213.3333 0 42.66667
v  -220.8333 0 73.33334
v  -213.3333 0 42.66667
v  -217 0 73.5
v  -220.8333 0 73.33334
v  -220.8333 0 73.33334
v  -217 0 73.5
v  -215.5 0 74.33334
v  -223.8333 0 74.33334
v  -213.3333 0 85.33334
v  -256 0 85.33334
v  -237.5 0 75.83334
v  -229.6667 0 75.33334
v  -247.5 0 74.5
v  -244.1667 0 74
v  -237.5 0 75.83334
v  -223.8333 0 74.33334
v  -215.5 0 74.33334
v  -213.3333 0 74.5
v  -213.3333 0 85.33334
v  -229.6667 0 75.33334
v  -256 0 85.33334
v  -256 0 73.83334
v  -250.1667 0 74.5
v  -250.1667 0 74.5
v  -247.5 0 74.5
v  -237.5 0 75.83334
v  -256 0 85.33334
v  -291.6667 0 65.5
v  -294 0 62.66667
v  -294.3333 0 61.83334
v  -273.6667 0 74.16667
v  -278.3333 0 74.66667
v  -279.5 0 74.66667
v  -265.6667 0 71.66667
v  -268.5 0 72.83334
v  -273.6667 0 74.16667
v  -285.8333 0 73
v  -289.5 0 69.83334
v  -291.6667 0 65.5
v  -256 0 73.83334
v  -263.1667 0 74.33334
v  -265.6667 0 71.66667
v  -273.6667 0 74.16667
v  -279.5 0 74.66667
v  -285.8333 0 73
v  -291.6667 0 65.5
v  -294.3333 0 61.83334
v  -265.6667 0 71.66667
v  -294.3333 0 61.83334
v  -296.8333 0 59.16667
v  -298.6667 0 42.66667
v  -256 0 42.66667
v  -256 0 73.83334
v  -265.6667 0 71.66667
v  -298 0 59.33334
v  -298.6667 0 60.5
v  -298.6667 0 42.66667
v  -296.8333 0 59.16667
v  -298 0 59.33334
v  -298.6667 0 42.66667
v  -298.6667 0 61
v  -298.6667 0 60.5
v  -298 0 59.33334
v  -296.8333 0 59.16667
v  -294.3333 0 61.83334
v  -294 0 62.66667
v  -278.3333 0 74.66667
v  -273.6667 0 74.16667
v  -263.1667 0 74.33334
v  -256 0 85.33334
v  -298.6667 0 85.33334
v  -298.6667 0 85.33334
v  -279.5 0 74.66667
v  -278.3333 0 74.66667
v  -298.6667 0 85.33334
v  -289.5 0 69.83334
v  -285.8333 0 73
v  -268.5 0 72.83334
v  -265.6667 0 71.66667
v  -263.1667 0 74.33334
v  -298.6667 0 61
v  -294 0 62.66667
v  -291.6667 0 65.5
v  -289.5 0 69.83334
v  -298.6667 0 85.33334
v  -273.6667 0 74.16667
v  -268.5 0 72.83334
v  -263.1667 0 74.33334
v  -298.6667 0 85.33334
v  -285.8333 0 73
v  -279.5 0 74.66667
v  -263.1667 0 74.33334
v  -256 0 73.83334
v  -256 0 85.33334
v  -319.8333 0 74.33334
v  -320 0 74.66667
v  -321.5 0 75.16667
v  -326 0 76.33334
v  -335.1667 0 78.33334
v  -341.3333 0 77
v  -298.6667 0 60.5
v  -298.6667 0 61
v  -300.5 0 65.83334
v  -303.1667 0 70.83334
v  -303.1667 0 70.83334
v  -318.5 0 74.66667
v  -319.8333 0 74.33334
v  -328.1667 0 77.5
v  -333.6667 0 78.33334
v  -335.1667 0 78.33334
v  -326 0 76.33334
v  -310.6667 0 76.83334
v  -315.1667 0 76.5
v  -318.5 0 74.66667
v  -303.1667 0 70.83334
v  -305.8333 0 74.16667
v  -298.6667 0 60.5
v  -303.1667 0 70.83334
v  -319.8333 0 74.33334
v  -341.3333 0 77
v  -341.3333 0 42.66667
v  -298.6667 0 42.66667
v  -320 0 74.66667
v  -319.8333 0 74.33334
v  -318.5 0 74.66667
v  -321.5 0 75.16667
v  -320 0 74.66667
v  -318.5 0 74.66667
v  -321.5 0 75.16667
v  -318.5 0 74.66667
v  -315.1667 0 76.5
v  -328.1667 0 77.5
v  -326 0 76.33334
v  -303.1667 0 70.83334
v  -300.5 0 65.83334
v  -298.6667 0 85.33334
v  -341.3333 0 85.33334
v  -341.3333 0 77
v  -335.1667 0 78.33334
v  -341.3333 0 85.33334
v  -335.1667 0 78.33334
v  -333.6667 0 78.33334
v  -305.8333 0 74.16667
v  -303.1667 0 70.83334
v  -298.6667 0 85.33334
v  -341.3333 0 85.33334
v  -333.6667 0 78.33334
v  -328.1667 0 77.5
v  -315.1667 0 76.5
v  -310.6667 0 76.83334
v  -298.6667 0 85.33334
v  -310.6667 0 76.83334
v  -305.8333 0 74.16667
v  -298.6667 0 85.33334
v  -300.5 0 65.83334
v  -298.6667 0 61
v  -298.6667 0 85.33334
v  -376.6667 0 79
v  -379.3333 0 76.16667
v  -380.5 0 73.16667
v  -362.3333 0 78.16667
v  -366 0 79.5
v  -370.8333 0 80.33334
v  -376.6667 0 79
v  -380.5 0 73.16667
v  -355.1667 0 74.33334
v  -345.1667 0 76.33334
v  -349 0 77.33334
v  -354.6667 0 74.33334
v  -380.5 0 73.16667
v  -384 0 73.5
v  -384 0 42.66667
v  -341.3333 0 77
v  -345.1667 0 76.33334
v  -354.6667 0 74.33334
v  -341.3333 0 42.66667
v  -354.6667 0 74.33334
v  -355.1667 0 74.33334
v  -380.5 0 73.16667
v  -384 0 42.66667
v  -341.3333 0 42.66667
v  -384 0 73.5
v  -380.5 0 73.16667
v  -379.3333 0 76.16667
v  -355.1667 0 74.33334
v  -354.6667 0 74.33334
v  -349 0 77.33334
v  -362.3333 0 78.16667
v  -349 0 77.33334
v  -345.1667 0 76.33334
v  -341.3333 0 77
v  -384 0 73.5
v  -379.3333 0 76.16667
v  -376.6667 0 79
v  -384 0 85.33334
v  -366 0 79.5
v  -362.3333 0 78.16667
v  -349 0 77.33334
v  -349 0 77.33334
v  -341.3333 0 77
v  -341.3333 0 85.33334
v  -384 0 85.33334
v  -370.8333 0 80.33334
v  -366 0 79.5
v  -384 0 85.33334
v  -376.6667 0 79
v  -370.8333 0 80.33334
v  -394 0 74.5
v  -395.5 0 74.33334
v  -397 0 73.5
v  -386.8333 0 73.33334
v  -409.6667 0 75.33334
v  -416.3333 0 75.83334
v  -417.5 0 75.83334
v  -400.8333 0 73.33334
v  -403.8333 0 74.33334
v  -409.6667 0 75.33334
v  -384 0 42.66667
v  -384 0 73.5
v  -386.8333 0 73.33334
v  -386.8333 0 73.33334
v  -397 0 73.5
v  -400.8333 0 73.33334
v  -384 0 42.66667
v  -409.6667 0 75.33334
v  -417.5 0 75.83334
v  -424.1667 0 74
v  -426.6667 0 42.66667
v  -384 0 42.66667
v  -400.8333 0 73.33334
v  -424.1667 0 74
v  -426.6667 0 74.33334
v  -426.6667 0 42.66667
v  -400.8333 0 73.33334
v  -397 0 73.5
v  -395.5 0 74.33334
v  -403.8333 0 74.33334
v  -426.6667 0 85.33334
v  -417.5 0 75.83334
v  -416.3333 0 75.83334
v  -426.6667 0 74.33334
v  -424.1667 0 74
v  -417.5 0 75.83334
v  -426.6667 0 85.33334
v  -403.8333 0 74.33334
v  -395.5 0 74.33334
v  -394 0 74.5
v  -409.6667 0 75.33334
v  -394 0 74.5
v  -386.8333 0 73.33334
v  -384 0 73.5
v  -384 0 85.33334
v  -426.6667 0 85.33334
v  -416.3333 0 75.83334
v  -409.6667 0 75.33334
v  -394 0 74.5
v  -384 0 85.33334
v  -468.8333 0 70.16667
v  -469.3333 0 70
v  -469.3333 0 69.83334
v  -446.1667 0 71.66667
v  -448.5 0 72.83334
v  -453.6667 0 74.16667
v  -459.5 0 74.66667
v  -468.8333 0 70.16667
v  -469.3333 0 69.83334
v  -426.6667 0 74.33334
v  -430.1667 0 74.5
v  -435.8333 0 73.83334
v  -445.6667 0 71.66667
v  -426.6667 0 42.66667
v  -435.8333 0 73.83334
v  -443.1667 0 74.33334
v  -445.6667 0 71.66667
v  -459.5 0 74.66667
v  -466.3333 0 72.83334
v  -468.8333 0 70.16667
v  -445.6667 0 71.66667
v  -446.1667 0 71.66667
v  -469.3333 0 69.83334
v  -469.3333 0 42.66667
v  -426.6667 0 42.66667
v  -448.5 0 72.83334
v  -446.1667 0 71.66667
v  -445.6667 0 71.66667
v  -443.1667 0 74.33334
v  -469.3333 0 70
v  -468.8333 0 70.16667
v  -466.3333 0 72.83334
v  -469.3333 0 85.33334
v  -459.5 0 74.66667
v  -453.6667 0 74.16667
v  -443.1667 0 74.33334
v  -453.6667 0 74.16667
v  -448.5 0 72.83334
v  -443.1667 0 74.33334
v  -430.1667 0 74.5
v  -426.6667 0 74.33334
v  -426.6667 0 85.33334
v  -443.1667 0 74.33334
v  -430.1667 0 74.5
v  -426.6667 0 85.33334
v  -469.3333 0 85.33334
v  -459.5 0 74.66667
v  -443.1667 0 74.33334
v  -435.8333 0 73.83334
v  -430.1667 0 74.5
v  -469.3333 0 85.33334
v  -466.3333 0 72.83334
v  -459.5 0 74.66667
v  -499.8333 0 74.33334
v  -500 0 74.66667
v  -501.5 0 75.16667
v  -506 0 76.33334
v  -471.6667 0 65.5
v  -474 0 62.66667
v  -474.3333 0 61.83334
v  -469.3333 0 42.66667
v  -490.3333 0 76.66667
v  -492.6667 0 76.83334
v  -495.1667 0 76.5
v  -498.5 0 74.66667
v  -506 0 76.33334
v  -508.1667 0 77.5
v  -512 0 78
v  -469.3333 0 42.66667
v  -469.3333 0 69.83334
v  -471.6667 0 65.5
v  -469.3333 0 42.66667
v  -474.3333 0 61.83334
v  -476.8333 0 59.16667
v  -483.1667 0 70.83334
v  -485.8333 0 74.16667
v  -490.3333 0 76.66667
v  -490.3333 0 76.66667
v  -498.5 0 74.66667
v  -499.8333 0 74.33334
v  -478.3333 0 59.66667
v  -480.5 0 65.83334
v  -483.1667 0 70.83334
v  -469.3333 0 42.66667
v  -476.8333 0 59.16667
v  -477.3333 0 59.16667
v  -499.8333 0 74.33334
v  -506 0 76.33334
v  -512 0 78
v  -512 0 42.66667
v  -469.3333 0 42.66667
v  -478.3333 0 59.66667
v  -469.3333 0 42.66667
v  -477.3333 0 59.16667
v  -478.3333 0 59.66667
v  -500 0 74.66667
v  -499.8333 0 74.33334
v  -498.5 0 74.66667
v  -478.3333 0 59.66667
v  -477.3333 0 59.16667
v  -476.8333 0 59.16667
v  -474.3333 0 61.83334
v  -474 0 62.66667
v  -480.5 0 65.83334
v  -501.5 0 75.16667
v  -500 0 74.66667
v  -498.5 0 74.66667
v  -485.8333 0 74.16667
v  -483.1667 0 70.83334
v  -469.3333 0 70
v  -471.6667 0 65.5
v  -469.3333 0 69.83334
v  -469.3333 0 70
v  -483.1667 0 70.83334
v  -480.5 0 65.83334
v  -474 0 62.66667
v  -512 0 85.33334
v  -512 0 78
v  -508.1667 0 77.5
v  -495.1667 0 76.5
v  -492.6667 0 76.83334
v  -501.5 0 75.16667
v  -498.5 0 74.66667
v  -495.1667 0 76.5
v  -508.1667 0 77.5
v  -506 0 76.33334
v  -512 0 85.33334
v  -492.6667 0 76.83334
v  -490.3333 0 76.66667
v  -469.3333 0 85.33334
v  -485.8333 0 74.16667
v  -469.3333 0 70
v  -469.3333 0 85.33334
v  -490.3333 0 76.66667
v  -550.5 0 80.33334
v  -554.6667 0 79.5
v  -554.6667 0 79.33334
v  -546 0 79.5
v  -550.5 0 80.33334
v  -554.6667 0 79.33334
v  -554.6667 0 42.66667
v  -535.1667 0 74.33334
v  -541.5 0 77.83334
v  -525.1667 0 76.33334
v  -529 0 77.33334
v  -534.6667 0 74.33334
v  -524 0 76.33334
v  -525.1667 0 76.33334
v  -534.6667 0 74.33334
v  -512 0 78
v  -524 0 76.33334
v  -534.6667 0 74.33334
v  -554.6667 0 42.66667
v  -512 0 42.66667
v  -512 0 78
v  -515.1667 0 78.33334
v  -524 0 76.33334
v  -534.6667 0 74.33334
v  -535.1667 0 74.33334
v  -554.6667 0 42.66667
v  -529 0 77.33334
v  -525.1667 0 76.33334
v  -524 0 76.33334
v  -515.1667 0 78.33334
v  -554.6667 0 85.33334
v  -554.6667 0 79.5
v  -550.5 0 80.33334
v  -535.1667 0 74.33334
v  -534.6667 0 74.33334
v  -529 0 77.33334
v  -541.5 0 77.83334
v  -515.1667 0 78.33334
v  -512 0 78
v  -512 0 85.33334
v  -554.6667 0 85.33334
v  -550.5 0 80.33334
v  -546 0 79.5
v  -554.6667 0 85.33334
v  -546 0 79.5
v  -541.5 0 77.83334
v  -529 0 77.33334
v  -515.1667 0 78.33334
v  -512 0 85.33334
v  -558.8334 0 76.83334
v  -559.8334 0 75.16667
v  -560.5 0 73.16667
v  -554.6667 0 42.66667
v  -554.6667 0 79.33334
v  -556.6667 0 79
v  -572.8334 0 74.5
v  -575.5 0 74.33334
v  -577 0 73.5
v  -568.5 0 73.5
v  -580.8334 0 73.33334
v  -583.8334 0 74.33334
v  -589.6667 0 75.33334
v  -597.3334 0 75.83334
v  -597.3334 0 42.66667
v  -560.5 0 73.16667
v  -561.8334 0 73.5
v  -568.5 0 73.5
v  -568.5 0 73.5
v  -577 0 73.5
v  -580.8334 0 73.33334
v  -597.3334 0 42.66667
v  -554.6667 0 42.66667
v  -560.5 0 73.16667
v  -556.6667 0 79
v  -554.6667 0 79.33334
v  -554.6667 0 79.5
v  -561.8334 0 73.5
v  -560.5 0 73.16667
v  -559.8334 0 75.16667
v  -561.8334 0 73.5
v  -559.8334 0 75.16667
v  -558.8334 0 76.83334
v  -572.8334 0 74.5
v  -568.5 0 73.5
v  -580.8334 0 73.33334
v  -577 0 73.5
v  -575.5 0 74.33334
v  -583.8334 0 74.33334
v  -556.6667 0 79
v  -554.6667 0 79.5
v  -554.6667 0 85.33334
v  -589.6667 0 75.33334
v  -583.8334 0 74.33334
v  -572.8334 0 74.5
v  -558.8334 0 76.83334
v  -554.6667 0 85.33334
v  -597.3334 0 85.33334
v  -558.8334 0 76.83334
v  -556.6667 0 79
v  -554.6667 0 85.33334
v  -597.3334 0 85.33334
v  -597.3334 0 75.83334
v  -589.6667 0 75.33334
v  -583.8334 0 74.33334
v  -575.5 0 74.33334
v  -572.8334 0 74.5
v  -633.6667 0 74.16667
v  -638.3334 0 74.66667
v  -640.0001 0 74.5
v  -640.0001 0 42.66667
v  -625.6667 0 71.66667
v  -628.5001 0 72.83334
v  -597.3334 0 42.66667
v  -597.3334 0 75.83334
v  -604.1667 0 74
v  -615.8334 0 73.83334
v  -623.1667 0 74.33334
v  -625.6667 0 71.66667
v  -604.1667 0 74
v  -607.5001 0 74.5
v  -615.8334 0 73.83334
v  -625.6667 0 71.66667
v  -640.0001 0 42.66667
v  -597.3334 0 42.66667
v  -628.5001 0 72.83334
v  -625.6667 0 71.66667
v  -623.1667 0 74.33334
v  -607.5001 0 74.5
v  -604.1667 0 74
v  -597.3334 0 75.83334
v  -633.6667 0 74.16667
v  -628.5001 0 72.83334
v  -623.1667 0 74.33334
v  -640.0001 0 85.33334
v  -640.0001 0 74.5
v  -638.3334 0 74.66667
v  -640.0001 0 85.33334
v  -638.3334 0 74.66667
v  -633.6667 0 74.16667
v  -623.1667 0 74.33334
v  -607.5001 0 74.5
v  -597.3334 0 75.83334
v  -597.3334 0 85.33334
v  -640.0001 0 85.33334
v  -623.1667 0 74.33334
v  -615.8334 0 73.83334
v  -651.6667 0 65.5
v  -654 0 62.66667
v  -654.3333 0 61.83334
v  -640 0 74.5
v  -646.3333 0 72.83334
v  -649.5 0 69.83334
v  -651.6667 0 65.5
v  -640 0 74.5
v  -670.6667 0 76.83334
v  -675.1667 0 76.5
v  -679.6667 0 74.33334
v  -660.5 0 65.83334
v  -662.6667 0 70
v  -665.8333 0 74.16667
v  -670.6667 0 76.83334
v  -679.6667 0 74.33334
v  -658.3333 0 59.66667
v  -640 0 42.66667
v  -656.8333 0 59.16667
v  -657.3333 0 59.16667
v  -658.3333 0 59.66667
v  -679.6667 0 74.33334
v  -682.6667 0 75.33334
v  -682.6667 0 42.66667
v  -640 0 42.66667
v  -640 0 42.66667
v  -657.3333 0 59.16667
v  -658.3333 0 59.66667
v  -640 0 74.5
v  -654.3333 0 61.83334
v  -656.8333 0 59.16667
v  -640 0 42.66667
v  -658.3333 0 59.66667
v  -657.3333 0 59.16667
v  -656.8333 0 59.16667
v  -654.3333 0 61.83334
v  -654 0 62.66667
v  -660.5 0 65.83334
v  -682.6667 0 75.5
v  -682.6667 0 75.33334
v  -679.6667 0 74.33334
v  -682.6667 0 85.33334
v  -675.1667 0 76.5
v  -670.6667 0 76.83334
v  -646.3333 0 72.83334
v  -640 0 74.5
v  -640 0 85.33334
v  -682.6667 0 85.33334
v  -670.6667 0 76.83334
v  -665.8333 0 74.16667
v  -662.6667 0 70
v  -649.5 0 69.83334
v  -646.3333 0 72.83334
v  -665.8333 0 74.16667
v  -682.6667 0 75.5
v  -679.6667 0 74.33334
v  -675.1667 0 76.5
v  -682.6667 0 85.33334
v  -654 0 62.66667
v  -651.6667 0 65.5
v  -649.5 0 69.83334
v  -662.6667 0 70
v  -660.5 0 65.83334
v  -682.6667 0 75.33334
v  -682.6667 0 75.5
v  -686 0 76.33334
v  -693.5 0 78
v  -686 0 76.33334
v  -689.1667 0 77.66667
v  -693.5 0 78
v  -706.5 0 72
v  -710.6667 0 71.5
v  -714.5 0 67.33334
v  -698.5 0 77
v  -704 0 73.83334
v  -706.5 0 72
v  -693.5 0 78
v  -714.5 0 67.33334
v  -720.6667 0 68.16667
v  -725.3334 0 68.16667
v  -725.3334 0 42.66667
v  -693.5 0 78
v  -706.5 0 72
v  -714.5 0 67.33334
v  -725.3334 0 42.66667
v  -682.6667 0 42.66667
v  -682.6667 0 75.33334
v  -689.1667 0 77.66667
v  -686 0 76.33334
v  -682.6667 0 75.5
v  -682.6667 0 85.33334
v  -710.6667 0 71.5
v  -706.5 0 72
v  -704 0 73.83334
v  -698.5 0 77
v  -693.5 0 78
v  -682.6667 0 85.33334
v  -720.6667 0 68.16667
v  -714.5 0 67.33334
v  -710.6667 0 71.5
v  -693.5 0 78
v  -689.1667 0 77.66667
v  -682.6667 0 85.33334
v  -710.6667 0 71.5
v  -704 0 73.83334
v  -698.5 0 77
v  -725.3334 0 68.16667
v  -720.6667 0 68.16667
v  -710.6667 0 71.5
v  -698.5 0 77
v  -682.6667 0 85.33334
v  -725.3334 0 85.33334
v  -743.5001 0 58.66667
v  -744.8334 0 58.5
v  -747.3334 0 56.66667
v  -750.0001 0 52.66667
v  -755.5001 0 47.66667
v  -756.8334 0 45.66667
v  -757.1667 0 43.33334
v  -753.3334 0 49.16667
v  -750.0001 0 52.66667
v  -753.3334 0 49.16667
v  -757.1667 0 43.33334
v  -733.8334 0 64.83334
v  -735.6667 0 61.5
v  -736.0001 0 57.83334
v  -725.3334 0 42.66667
v  -725.3334 0 68.16667
v  -729.5001 0 67.5
v  -736.0001 0 57.83334
v  -738.0001 0 58.66667
v  -743.5001 0 58.66667
v  -750.0001 0 52.66667
v  -757.1667 0 43.33334
v  -757.6667 0 42.66667
v  -725.3334 0 42.66667
v  -736.0001 0 57.83334
v  -743.5001 0 58.66667
v  -758.3334 0 43.33334
v  -757.8334 0 42.66667
v  -757.6667 0 42.66667
v  -757.1667 0 43.33334
v  -768.0001 0 46.33334
v  -747.3334 0 56.66667
v  -744.8334 0 58.5
v  -758.3334 0 43.33334
v  -757.1667 0 43.33334
v  -756.8334 0 45.66667
v  -764.6667 0 46.33334
v  -738.0001 0 58.66667
v  -736.0001 0 57.83334
v  -735.6667 0 61.5
v  -755.5001 0 47.66667
v  -753.3334 0 49.16667
v  -750.0001 0 52.66667
v  -747.3334 0 56.66667
v  -768.0001 0 46.33334
v  -764.6667 0 46.33334
v  -738.0001 0 58.66667
v  -735.6667 0 61.5
v  -733.8334 0 64.83334
v  -743.5001 0 58.66667
v  -744.8334 0 58.5
v  -743.5001 0 58.66667
v  -733.8334 0 64.83334
v  -764.6667 0 46.33334
v  -756.8334 0 45.66667
v  -755.5001 0 47.66667
v  -729.5001 0 67.5
v  -725.3334 0 68.16667
v  -725.3334 0 85.33334
v  -744.8334 0 58.5
v  -733.8334 0 64.83334
v  -729.5001 0 67.5
v  -725.3334 0 85.33334
v  -768.0001 0 85.33334
v  -768.0001 0 46.33334
v  -764.6667 0 46.33334
v  -768.0001 0 46.33334
v  -768.0001 0 42.66667
v  -757.8334 0 42.66667
v  -758.3334 0 43.33334
v  -782.8333 0 44.33334
v  -785.1667 0 43.66667
v  -786.1667 0 42.66667
v  -777.6667 0 44.5
v  -768 0 42.66667
v  -768 0 46.33334
v  -770.1667 0 46.33334
v  -773.6667 0 45.16667
v  -777.6667 0 44.5
v  -786.1667 0 42.66667
v  -768 0 42.66667
v  -773.6667 0 45.16667
v  -786.3333 0 42.66667
v  -786.1667 0 42.66667
v  -785.1667 0 43.66667
v  -798.1667 0 47.33334
v  -794.3333 0 42.66667
v  -794.1667 0 42.66667
v  -785.1667 0 43.66667
v  -782.8333 0 44.33334
v  -777.6667 0 44.5
v  -773.6667 0 45.16667
v  -770.1667 0 46.33334
v  -807.1667 0 51.66667
v  -801.5 0 49.66667
v  -782.8333 0 44.33334
v  -794.1667 0 42.66667
v  -786.3333 0 42.66667
v  -785.1667 0 43.66667
v  -801.5 0 49.66667
v  -798.1667 0 47.33334
v  -782.8333 0 44.33334
v  -770.1667 0 46.33334
v  -768 0 46.33334
v  -768 0 85.33334
v  -810.6667 0 85.33334
v  -807.1667 0 51.66667
v  -810.6667 0 85.33334
v  -810.6667 0 51.66667
v  -807.1667 0 51.66667
v  -801.5 0 49.66667
v  -807.1667 0 51.66667
v  -810.6667 0 51.66667
v  -810.6667 0 42.66667
v  -794.3333 0 42.66667
v  -798.1667 0 47.33334
v  -816.6667 0 57.33334
v  -818.3334 0 59.5
v  -819 0 59.66667
v  -830 0 80.66667
v  -828.6667 0 83.33334
v  -829 0 85.33334
v  -853.3334 0 85.33334
v  -816.6667 0 57.33334
v  -819 0 59.66667
v  -821.1667 0 61.33334
v  -814.6667 0 51.66667
v  -810.6667 0 42.66667
v  -810.6667 0 51.66667
v  -814.6667 0 51.66667
v  -825 0 69.83334
v  -827.6667 0 76.33334
v  -830 0 80
v  -853.3334 0 85.33334
v  -823.6667 0 64.83334
v  -830 0 80
v  -830 0 80.66667
v  -853.3334 0 85.33334
v  -814.6667 0 51.66667
v  -821.1667 0 61.33334
v  -823.6667 0 64.83334
v  -853.3334 0 85.33334
v  -853.3334 0 42.66667
v  -810.6667 0 42.66667
v  -821.1667 0 61.33334
v  -819 0 59.66667
v  -818.3334 0 59.5
v  -825 0 69.83334
v  -823.6667 0 64.83334
v  -828.6667 0 83.33334
v  -830 0 80.66667
v  -830 0 80
v  -827.6667 0 76.33334
v  -828.6667 0 83.33334
v  -827.6667 0 76.33334
v  -825 0 69.83334
v  -829 0 85.33334
v  -828.6667 0 83.33334
v  -825 0 69.83334
v  -818.3334 0 59.5
v  -810.6667 0 51.66667
v  -810.6667 0 85.33334
v  -816.6667 0 57.33334
v  -814.6667 0 51.66667
v  -810.6667 0 51.66667
v  -818.3334 0 59.5
v  -816.6667 0 57.33334
v  -810.6667 0 51.66667
v  -853.3334 0 85.33334
v  -869.3334 0 85.33334
v  -869.3334 0 42.66667
v  -853.3334 0 42.66667
v  -34.83334 0 86
v  -35.33334 0 85.33334
v  -30.5 0 85.33334
v  -33.66667 0 96.66667
v  -34.83334 0 86
v  -30.5 0 85.33334
v  -30.5 0 102.3333
v  -42.66667 0 85.5
v  -42.5 0 85.33334
v  -42.16667 0 85.33334
v  -39.16667 0 127.1667
v  -39.16667 0 128
v  -39.33334 0 128
v  -39.16667 0 127.1667
v  -39.33334 0 128
v  -42.66667 0 128
v  -30.5 0 107.1667
v  -32.33334 0 111
v  -34 0 112.3333
v  -30.5 0 102.3333
v  -37.16667 0 123.1667
v  -39.16667 0 127.1667
v  -42.66667 0 128
v  -34.83334 0 114
v  -35.83334 0 119
v  -42.66667 0 85.5
v  -42.16667 0 85.33334
v  -35.33334 0 85.33334
v  -34.83334 0 86
v  -33.66667 0 96.66667
v  -30.5 0 102.3333
v  -34 0 112.3333
v  -34.83334 0 114
v  -42.66667 0 128
v  -42.66667 0 85.5
v  -33.66667 0 96.66667
v  -34.83334 0 114
v  -34 0 112.3333
v  -32.33334 0 111
v  -35.83334 0 119
v  -39.16667 0 128
v  -39.16667 0 127.1667
v  -37.16667 0 123.1667
v  -30.5 0 128
v  -30.5 0 128
v  -37.16667 0 123.1667
v  -35.83334 0 119
v  -32.33334 0 111
v  -30.5 0 107.1667
v  -42.66667 0 85.33334
v  -42.66667 0 85.5
v  -45.33334 0 87.16667
v  -50.66667 0 88.16667
v  -57.16667 0 87.83334
v  -63.66667 0 85.33334
v  -64.16667 0 85.33334
v  -63.66667 0 85.33334
v  -57.16667 0 87.83334
v  -85.33334 0 85.33334
v  -64.16667 0 85.33334
v  -57.16667 0 87.83334
v  -42.66667 0 128
v  -85.33334 0 128
v  -45.33334 0 87.16667
v  -42.66667 0 85.5
v  -42.66667 0 128
v  -50.66667 0 88.16667
v  -45.33334 0 87.16667
v  -42.66667 0 128
v  -57.16667 0 87.83334
v  -50.66667 0 88.16667
v  -42.66667 0 128
v  -85.33334 0 128
v  -128 0 128
v  -128 0 85.33334
v  -85.33334 0 85.33334
v  -128 0 128
v  -170.6667 0 128
v  -170.6667 0 85.33334
v  -128 0 85.33334
v  -170.6667 0 128
v  -213.3333 0 128
v  -213.3333 0 85.33334
v  -170.6667 0 85.33334
v  -213.3333 0 128
v  -256 0 128
v  -256 0 85.33334
v  -213.3333 0 85.33334
v  -256 0 128
v  -298.6667 0 128
v  -298.6667 0 85.33334
v  -256 0 85.33334
v  -298.6667 0 128
v  -341.3333 0 128
v  -341.3333 0 85.33334
v  -298.6667 0 85.33334
v  -341.3333 0 128
v  -384 0 128
v  -384 0 85.33334
v  -341.3333 0 85.33334
v  -384 0 128
v  -426.6667 0 128
v  -426.6667 0 85.33334
v  -384 0 85.33334
v  -426.6667 0 128
v  -469.3333 0 128
v  -469.3333 0 85.33334
v  -426.6667 0 85.33334
v  -469.3333 0 128
v  -512 0 128
v  -512 0 85.33334
v  -469.3333 0 85.33334
v  -512 0 128
v  -554.6667 0 128
v  -554.6667 0 85.33334
v  -512 0 85.33334
v  -554.6667 0 128
v  -597.3334 0 128
v  -597.3334 0 85.33334
v  -554.6667 0 85.33334
v  -597.3334 0 128
v  -640.0001 0 128
v  -640.0001 0 85.33334
v  -597.3334 0 85.33334
v  -640 0 128
v  -682.6667 0 128
v  -682.6667 0 85.33334
v  -640 0 85.33334
v  -682.6667 0 128
v  -725.3334 0 128
v  -725.3334 0 85.33334
v  -682.6667 0 85.33334
v  -725.3334 0 128
v  -768.0001 0 128
v  -768.0001 0 85.33334
v  -725.3334 0 85.33334
v  -768 0 128
v  -810.6667 0 128
v  -810.6667 0 85.33334
v  -768 0 85.33334
v  -831 0 128
v  -829.5 0 125.5
v  -826.8334 0 122.1667
v  -823 0 118.6667
v  -810.6667 0 128
v  -825.8334 0 97.16667
v  -830.3334 0 91.66667
v  -829 0 85.33334
v  -822.6667 0 102.6667
v  -829 0 85.33334
v  -810.6667 0 85.33334
v  -810.6667 0 128
v  -821 0 107.1667
v  -810.6667 0 128
v  -821 0 115
v  -821 0 107.1667
v  -810.6667 0 128
v  -823 0 118.6667
v  -821 0 115
v  -822.6667 0 102.6667
v  -825.8334 0 97.16667
v  -829 0 85.33334
v  -821 0 115
v  -823 0 118.6667
v  -826.8334 0 122.1667
v  -821 0 107.1667
v  -825.8334 0 97.16667
v  -822.6667 0 102.6667
v  -821 0 107.1667
v  -830.3334 0 91.66667
v  -821 0 107.1667
v  -829.5 0 125.5
v  -831 0 128
v  -853.3334 0 128
v  -853.3334 0 85.33334
v  -830.3334 0 91.66667
v  -853.3334 0 85.33334
v  -829 0 85.33334
v  -830.3334 0 91.66667
v  -821 0 107.1667
v  -826.8334 0 122.1667
v  -829.5 0 125.5
v  -853.3334 0 128
v  -869.3334 0 128
v  -869.3334 0 85.33334
v  -853.3334 0 85.33334
v  -42.66667 0 144.5
v  -42.66667 0 144.3333
v  -40.83334 0 143
v  -39.83334 0 132
v  -39.33334 0 128
v  -39.16667 0 128
v  -40.83334 0 143
v  -39.66667 0 141.6667
v  -36.66667 0 140.6667
v  -42.66667 0 144.5
v  -40.83334 0 143
v  -36.66667 0 140.6667
v  -30.5 0 170.6667
v  -42.66667 0 170.6667
v  -36.66667 0 140.6667
v  -38 0 138.5
v  -39.83334 0 132
v  -39.16667 0 128
v  -30.5 0 128
v  -30.5 0 170.6667
v  -36.66667 0 140.6667
v  -30.5 0 128
v  -38 0 138.5
v  -36.66667 0 140.6667
v  -39.66667 0 141.6667
v  -39.66667 0 141.6667
v  -40.83334 0 143
v  -42.66667 0 144.3333
v  -42.66667 0 128
v  -39.83334 0 132
v  -38 0 138.5
v  -42.66667 0 128
v  -39.33334 0 128
v  -39.83334 0 132
v  -42.66667 0 144.3333
v  -42.66667 0 144.5
v  -43.33334 0 144.6667
v  -43.33334 0 144.6667
v  -45.5 0 146.3333
v  -49.5 0 148
v  -42.66667 0 128
v  -52.16667 0 150.6667
v  -53.33334 0 157.3333
v  -54.16667 0 157.6667
v  -52.16667 0 150.6667
v  -54.16667 0 157.6667
v  -57.16667 0 162
v  -42.66667 0 128
v  -42.66667 0 144.3333
v  -43.33334 0 144.6667
v  -42.66667 0 128
v  -52.16667 0 150.6667
v  -57.16667 0 162
v  -85.33334 0 170.6667
v  -85.33334 0 128
v  -42.66667 0 128
v  -49.5 0 148
v  -52.16667 0 150.6667
v  -58 0 165.6667
v  -58.16667 0 170.6667
v  -85.33334 0 170.6667
v  -57.16667 0 162
v  -58 0 165.6667
v  -85.33334 0 170.6667
v  -45.5 0 146.3333
v  -43.33334 0 144.6667
v  -42.66667 0 144.5
v  -57.16667 0 162
v  -54.16667 0 157.6667
v  -53.33334 0 157.3333
v  -52.16667 0 150.6667
v  -49.5 0 148
v  -45.5 0 146.3333
v  -58.16667 0 170.6667
v  -58 0 165.6667
v  -57.16667 0 162
v  -53.33334 0 157.3333
v  -42.66667 0 144.5
v  -42.66667 0 170.6667
v  -52.16667 0 150.6667
v  -45.5 0 146.3333
v  -42.66667 0 144.5
v  -53.33334 0 157.3333
v  -85.33334 0 170.6667
v  -128 0 170.6667
v  -128 0 128
v  -85.33334 0 128
v  -128 0 170.6667
v  -170.6667 0 170.6667
v  -170.6667 0 128
v  -128 0 128
v  -170.6667 0 170.6667
v  -213.3333 0 170.6667
v  -213.3333 0 128
v  -170.6667 0 128
v  -213.3333 0 170.6667
v  -256 0 170.6667
v  -256 0 128
v  -213.3333 0 128
v  -256 0 170.6667
v  -298.6667 0 170.6667
v  -298.6667 0 128
v  -256 0 128
v  -298.6667 0 170.6667
v  -341.3333 0 170.6667
v  -341.3333 0 128
v  -298.6667 0 128
v  -341.3333 0 170.6667
v  -384 0 170.6667
v  -384 0 128
v  -341.3333 0 128
v  -384 0 170.6667
v  -426.6667 0 170.6667
v  -426.6667 0 128
v  -384 0 128
v  -426.6667 0 170.6667
v  -469.3333 0 170.6667
v  -469.3333 0 128
v  -426.6667 0 128
v  -469.3333 0 170.6667
v  -512 0 170.6667
v  -512 0 128
v  -469.3333 0 128
v  -512 0 170.6667
v  -554.6667 0 170.6667
v  -554.6667 0 128
v  -512 0 128
v  -554.6667 0 170.6667
v  -597.3334 0 170.6667
v  -597.3334 0 128
v  -554.6667 0 128
v  -597.3334 0 170.6667
v  -640.0001 0 170.6667
v  -640.0001 0 128
v  -597.3334 0 128
v  -640 0 170.6667
v  -682.6667 0 170.6667
v  -682.6667 0 128
v  -640 0 128
v  -682.6667 0 170.6667
v  -725.3334 0 170.6667
v  -725.3334 0 128
v  -682.6667 0 128
v  -725.3334 0 170.6667
v  -768.0001 0 170.6667
v  -768.0001 0 128
v  -725.3334 0 128
v  -768 0 170.6667
v  -810.6667 0 170.6667
v  -810.6667 0 128
v  -768 0 128
v  -841.8334 0 142.1667
v  -842.1667 0 142
v  -842.5 0 140.8333
v  -842.3334 0 140
v  -841 0 138.3333
v  -835 0 144.1667
v  -833.8334 0 131.3333
v  -831.6667 0 129.3333
v  -810.6667 0 170.6667
v  -827.8334 0 170.6667
v  -827 0 168.8333
v  -839.5 0 135.1667
v  -836 0 132
v  -833.8334 0 131.3333
v  -835 0 144.1667
v  -841.8334 0 142.1667
v  -841 0 138.3333
v  -827 0 168.8333
v  -826.8334 0 165.5
v  -825.8334 0 161.6667
v  -824.1667 0 158
v  -810.6667 0 170.6667
v  -835 0 144.1667
v  -831.6667 0 129.3333
v  -831 0 128
v  -830.5 0 146.3333
v  -810.6667 0 170.6667
v  -824.1667 0 158
v  -824 0 153.6667
v  -827 0 148.8333
v  -831 0 128
v  -810.6667 0 128
v  -810.6667 0 170.6667
v  -824 0 153.6667
v  -827 0 148.8333
v  -830.5 0 146.3333
v  -831 0 128
v  -827 0 168.8333
v  -827.8334 0 170.6667
v  -828 0 170.6667
v  -831 0 128
v  -831.6667 0 129.3333
v  -833.8334 0 131.3333
v  -836 0 132
v  -853.3334 0 128
v  -826.8334 0 165.5
v  -827 0 168.8333
v  -828 0 170.6667
v  -853.3334 0 170.6667
v  -853.3334 0 128
v  -842.1667 0 142
v  -839.5 0 135.1667
v  -841 0 138.3333
v  -842.3334 0 140
v  -853.3334 0 128
v  -853.3334 0 128
v  -836 0 132
v  -839.5 0 135.1667
v  -824 0 153.6667
v  -824.1667 0 158
v  -825.8334 0 161.6667
v  -835 0 144.1667
v  -830.5 0 146.3333
v  -827 0 148.8333
v  -824 0 153.6667
v  -841.8334 0 142.1667
v  -824 0 153.6667
v  -825.8334 0 161.6667
v  -826.8334 0 165.5
v  -842.1667 0 142
v  -841.8334 0 142.1667
v  -853.3334 0 128
v  -842.3334 0 140
v  -842.5 0 140.8333
v  -853.3334 0 128
v  -842.5 0 140.8333
v  -842.1667 0 142
v  -853.3334 0 170.6667
v  -869.3334 0 170.6667
v  -869.3334 0 128
v  -853.3334 0 128
v  -30.5 0 213.3333
v  -42.66667 0 213.3333
v  -42.66667 0 170.6667
v  -30.5 0 170.6667
v  -68.66667 0 204.1667
v  -69.66667 0 201.5
v  -69.66667 0 197
v  -68.33334 0 192
v  -68.33334 0 192
v  -64 0 185.6667
v  -63 0 184.6667
v  -63 0 184.6667
v  -62.33334 0 180.5
v  -57.83334 0 176.8333
v  -42.66667 0 170.6667
v  -42.66667 0 213.3333
v  -67 0 211.6667
v  -67 0 211
v  -57.83334 0 176.8333
v  -58.16667 0 170.6667
v  -42.66667 0 170.6667
v  -67 0 211
v  -68.66667 0 204.1667
v  -68.33334 0 192
v  -63 0 184.6667
v  -42.66667 0 170.6667
v  -42.66667 0 213.3333
v  -42.66667 0 213.3333
v  -67.83334 0 213.3333
v  -67 0 211.6667
v  -67 0 211.6667
v  -67.83334 0 213.3333
v  -68 0 213.3333
v  -67 0 211
v  -67 0 211.6667
v  -68 0 213.3333
v  -85.33334 0 213.3333
v  -69.66667 0 201.5
v  -68.66667 0 204.1667
v  -62.33334 0 180.5
v  -63 0 184.6667
v  -64 0 185.6667
v  -69.66667 0 197
v  -69.66667 0 201.5
v  -85.33334 0 213.3333
v  -58.16667 0 170.6667
v  -57.83334 0 176.8333
v  -62.33334 0 180.5
v  -58.16667 0 170.6667
v  -62.33334 0 180.5
v  -68.33334 0 192
v  -85.33334 0 213.3333
v  -85.33334 0 170.6667
v  -62.33334 0 180.5
v  -64 0 185.6667
v  -68.33334 0 192
v  -85.33334 0 213.3333
v  -68.33334 0 192
v  -69.66667 0 197
v  -85.33334 0 213.3333
v  -128 0 213.3333
v  -128 0 170.6667
v  -85.33334 0 170.6667
v  -128 0 213.3333
v  -170.6667 0 213.3333
v  -170.6667 0 170.6667
v  -128 0 170.6667
v  -170.6667 0 213.3333
v  -213.3333 0 213.3333
v  -213.3333 0 170.6667
v  -170.6667 0 170.6667
v  -213.3333 0 213.3333
v  -256 0 213.3333
v  -256 0 170.6667
v  -213.3333 0 170.6667
v  -256 0 213.3333
v  -298.6667 0 213.3333
v  -298.6667 0 170.6667
v  -256 0 170.6667
v  -326.5 0 207.1667
v  -325.8333 0 208.1667
v  -325.6667 0 209.3333
v  -328.3333 0 211.6667
v  -320 0 200
v  -321.1667 0 199.8333
v  -341.3333 0 170.6667
v  -298.6667 0 170.6667
v  -326.5 0 207.1667
v  -328.3333 0 211.6667
v  -329.5 0 213.3333
v  -327.3333 0 204.5
v  -321.1667 0 199.8333
v  -325.6667 0 200
v  -341.3333 0 170.6667
v  -327.3333 0 203
v  -327.3333 0 204.5
v  -329.5 0 213.3333
v  -341.3333 0 213.3333
v  -298.6667 0 213.3333
v  -313.8333 0 213.3333
v  -314.1667 0 208.5
v  -318.8333 0 200.6667
v  -320 0 200
v  -298.6667 0 170.6667
v  -298.6667 0 213.3333
v  -314.1667 0 208.5
v  -314.6667 0 206.1667
v  -326.6667 0 201.3333
v  -327.3333 0 203
v  -341.3333 0 213.3333
v  -325.6667 0 200
v  -326.6667 0 201.3333
v  -341.3333 0 213.3333
v  -341.3333 0 170.6667
v  -298.6667 0 213.3333
v  -314.6667 0 206.1667
v  -318.8333 0 200.6667
v  -298.6667 0 170.6667
v  -315.6667 0 213.3333
v  -316 0 212.3333
v  -315.6667 0 211.8333
v  -313.8333 0 213.3333
v  -321.1667 0 199.8333
v  -321.6667 0 200.8333
v  -324 0 201
v  -325.6667 0 200
v  -320.5 0 201.5
v  -321.1667 0 199.8333
v  -320 0 200
v  -318.8333 0 200.6667
v  -317.8333 0 203.8333
v  -318.8333 0 203.3333
v  -324 0 201
v  -324.5 0 201.6667
v  -326.1667 0 202.6667
v  -326.6667 0 201.3333
v  -325.6667 0 200
v  -316.5 0 206.3333
v  -317.1667 0 205.6667
v  -317.8333 0 203.8333
v  -318.8333 0 200.6667
v  -314.6667 0 206.1667
v  -327.3333 0 204.5
v  -327.3333 0 203
v  -326.6667 0 201.3333
v  -326.1667 0 202.6667
v  -326.6667 0 203.8333
v  -321.1667 0 199.8333
v  -320.5 0 201.5
v  -321.6667 0 200.8333
v  -314.1667 0 208.5
v  -313.8333 0 213.3333
v  -315.6667 0 211.8333
v  -315.8333 0 209.1667
v  -324.6667 0 208.3333
v  -324.8333 0 211.3333
v  -325.6667 0 209.3333
v  -325.8333 0 208.1667
v  -314.1667 0 208.5
v  -315.8333 0 209.1667
v  -316.5 0 206.3333
v  -314.6667 0 206.1667
v  -328.3333 0 211.6667
v  -325.6667 0 209.3333
v  -324.8333 0 211.3333
v  -326.6667 0 205
v  -325.5 0 206.3333
v  -324.6667 0 208.3333
v  -325.8333 0 208.1667
v  -326.5 0 207.1667
v  -327.3333 0 204.5
v  -327.3333 0 204.5
v  -326.6667 0 203.8333
v  -326.6667 0 205
v  -324 0 213.3333
v  -329.5 0 213.3333
v  -328.3333 0 211.6667
v  -324.8333 0 211.3333
v  -326.6667 0 205
v  -326.6667 0 203.8333
v  -326.1667 0 202.6667
v  -325.5 0 206.3333
v  -318.8333 0 203.3333
v  -317.8333 0 203.8333
v  -317.1667 0 205.6667
v  -324.5 0 201.6667
v  -324 0 201
v  -321.6667 0 200.8333
v  -320.5 0 201.5
v  -318.8333 0 203.3333
v  -315.8333 0 209.1667
v  -315.6667 0 211.8333
v  -316 0 212.3333
v  -318.8333 0 203.3333
v  -317.1667 0 205.6667
v  -315.8333 0 209.1667
v  -317.1667 0 205.6667
v  -316.5 0 206.3333
v  -315.8333 0 209.1667
v  -316 0 212.3333
v  -315.6667 0 213.3333
v  -324 0 213.3333
v  -325.5 0 206.3333
v  -326.1667 0 202.6667
v  -324.5 0 201.6667
v  -324.6667 0 208.3333
v  -324 0 213.3333
v  -324.8333 0 211.3333
v  -324.6667 0 208.3333
v  -324.6667 0 208.3333
v  -324.5 0 201.6667
v  -318.8333 0 203.3333
v  -315.8333 0 209.1667
v  -316 0 212.3333
v  -324 0 213.3333
v  -341.3333 0 213.3333
v  -384 0 213.3333
v  -384 0 170.6667
v  -341.3333 0 170.6667
v  -384 0 213.3333
v  -426.6667 0 213.3333
v  -426.6667 0 170.6667
v  -384 0 170.6667
v  -467.3333 0 194.5
v  -469.3333 0 195.1667
v  -469.3333 0 170.6667
v  -464.1667 0 194.8333
v  -467.3333 0 194.5
v  -469.3333 0 170.6667
v  -462.1667 0 195.5
v  -464.1667 0 194.8333
v  -469.3333 0 170.6667
v  -460.3333 0 197.8333
v  -462.1667 0 195.5
v  -469.3333 0 170.6667
v  -426.6667 0 170.6667
v  -426.6667 0 213.3333
v  -426.6667 0 213.3333
v  -462.3333 0 213.3333
v  -459.8333 0 209.1667
v  -426.6667 0 213.3333
v  -459.8333 0 209.1667
v  -459.3333 0 207.1667
v  -426.6667 0 213.3333
v  -459.3333 0 207.1667
v  -459.3333 0 203.8333
v  -426.6667 0 213.3333
v  -459.3333 0 203.8333
v  -460.3333 0 197.8333
v  -464.1667 0 194.8333
v  -462.1667 0 195.5
v  -460.3333 0 197.8333
v  -469.3333 0 195.1667
v  -467.3333 0 194.5
v  -459.8333 0 209.1667
v  -462.3333 0 213.3333
v  -462.5 0 213.3333
v  -459.3333 0 203.8333
v  -459.8333 0 209.1667
v  -462.5 0 213.3333
v  -469.3333 0 213.3333
v  -469.3333 0 195.1667
v  -460.3333 0 197.8333
v  -459.3333 0 203.8333
v  -459.3333 0 207.1667
v  -459.8333 0 209.1667
v  -471.3333 0 196.3333
v  -471.3333 0 196.6667
v  -473.1667 0 198.3333
v  -469.3333 0 170.6667
v  -469.3333 0 195.1667
v  -471.3333 0 196.3333
v  -469.3333 0 170.6667
v  -471.3333 0 196.3333
v  -473.1667 0 198.3333
v  -469.3333 0 170.6667
v  -473.1667 0 198.3333
v  -474.1667 0 199.8333
v  -469.3333 0 170.6667
v  -474.1667 0 199.8333
v  -475 0 202.5
v  -512 0 213.3333
v  -512 0 170.6667
v  -473.8333 0 212.1667
v  -473.1667 0 213.3333
v  -512 0 213.3333
v  -474.5 0 209.1667
v  -473.8333 0 212.1667
v  -512 0 213.3333
v  -475 0 202.5
v  -474.5 0 209.1667
v  -512 0 213.3333
v  -471.3333 0 196.6667
v  -471.3333 0 196.3333
v  -469.3333 0 195.1667
v  -474.1667 0 199.8333
v  -473.1667 0 198.3333
v  -471.3333 0 196.6667
v  -473.1667 0 213.3333
v  -473.8333 0 212.1667
v  -474.5 0 209.1667
v  -469.3333 0 213.3333
v  -474.1667 0 199.8333
v  -471.3333 0 196.6667
v  -469.3333 0 195.1667
v  -469.3333 0 213.3333
v  -474.5 0 209.1667
v  -475 0 202.5
v  -512 0 213.3333
v  -554.6667 0 213.3333
v  -554.6667 0 170.6667
v  -512 0 170.6667
v  -554.6667 0 213.3333
v  -597.3334 0 213.3333
v  -597.3334 0 170.6667
v  -554.6667 0 170.6667
v  -597.3334 0 213.3333
v  -640.0001 0 213.3333
v  -640.0001 0 170.6667
v  -597.3334 0 170.6667
v  -640 0 213.3333
v  -682.6667 0 213.3333
v  -682.6667 0 170.6667
v  -640 0 170.6667
v  -682.6667 0 213.3333
v  -725.3334 0 213.3333
v  -725.3334 0 170.6667
v  -682.6667 0 170.6667
v  -725.3334 0 213.3333
v  -768.0001 0 213.3333
v  -768.0001 0 170.6667
v  -725.3334 0 170.6667
v  -768 0 213.3333
v  -810.6667 0 213.3333
v  -810.6667 0 170.6667
v  -768 0 170.6667
v  -828 0 171
v  -828 0 170.6667
v  -827.8334 0 170.6667
v  -828.1667 0 175.6667
v  -829 0 171.8333
v  -828 0 171
v  -828.1667 0 175.6667
v  -828 0 171
v  -827.8334 0 170.6667
v  -810.6667 0 170.6667
v  -828.1667 0 178.3333
v  -829.3334 0 190.8333
v  -829.3334 0 187
v  -828.5 0 185
v  -827 0 199.1667
v  -810.6667 0 213.3333
v  -829.1667 0 213.3333
v  -827 0 200.6667
v  -827 0 199.1667
v  -830 0 193
v  -829.3334 0 190.8333
v  -827 0 199.1667
v  -828.5 0 185
v  -828.1667 0 178.3333
v  -810.6667 0 170.6667
v  -810.6667 0 213.3333
v  -810.6667 0 213.3333
v  -827 0 200.6667
v  -827 0 199.1667
v  -828 0 170.6667
v  -828 0 171
v  -829 0 171.8333
v  -853.3334 0 170.6667
v  -829.3334 0 187
v  -829.3334 0 190.8333
v  -830 0 193
v  -829 0 171.8333
v  -828.1667 0 175.6667
v  -828.1667 0 178.3333
v  -828.5 0 185
v  -829.3334 0 187
v  -830 0 193
v  -827 0 199.1667
v  -827 0 200.6667
v  -829.1667 0 213.3333
v  -853.3334 0 213.3333
v  -829 0 171.8333
v  -829.3334 0 187
v  -830 0 193
v  -853.3334 0 213.3333
v  -853.3334 0 170.6667
v  -853.3334 0 213.3333
v  -869.3334 0 213.3333
v  -869.3334 0 170.6667
v  -853.3334 0 170.6667
v  -30.5 0 256
v  -42.66667 0 256
v  -42.66667 0 213.3333
v  -30.5 0 213.3333
v  -69.33334 0 215.6667
v  -68 0 213.3333
v  -67.83334 0 213.3333
v  -70 0 219.8333
v  -69.33334 0 256
v  -69.5 0 256
v  -69.5 0 251.1667
v  -67.33334 0 244.6667
v  -64 0 241.5
v  -58.83334 0 239.1667
v  -42.66667 0 256
v  -55.5 0 237
v  -53 0 234.8333
v  -60 0 230.6667
v  -64 0 228.1667
v  -67.5 0 225
v  -42.66667 0 213.3333
v  -42.66667 0 256
v  -53 0 234.8333
v  -53.33334 0 233.5
v  -42.66667 0 256
v  -69.33334 0 256
v  -58.83334 0 239.1667
v  -55.5 0 237
v  -67.5 0 225
v  -70 0 219.8333
v  -67.83334 0 213.3333
v  -42.66667 0 213.3333
v  -53.33334 0 233.5
v  -60 0 230.6667
v  -53.33334 0 233.5
v  -53 0 234.8333
v  -55.5 0 237
v  -60 0 230.6667
v  -85.33334 0 213.3333
v  -69.33334 0 215.6667
v  -70 0 219.8333
v  -60 0 230.6667
v  -55.5 0 237
v  -58.83334 0 239.1667
v  -64 0 241.5
v  -64 0 228.1667
v  -64 0 228.1667
v  -64 0 241.5
v  -67.33334 0 244.6667
v  -67.5 0 225
v  -67.33334 0 244.6667
v  -69.5 0 251.1667
v  -85.33334 0 256
v  -85.33334 0 213.3333
v  -70 0 219.8333
v  -67.5 0 225
v  -85.33334 0 213.3333
v  -68 0 213.3333
v  -69.33334 0 215.6667
v  -69.5 0 251.1667
v  -69.5 0 256
v  -85.33334 0 256
v  -85.33334 0 256
v  -128 0 256
v  -128 0 213.3333
v  -85.33334 0 213.3333
v  -128 0 256
v  -170.6667 0 256
v  -170.6667 0 213.3333
v  -128 0 213.3333
v  -170.6667 0 256
v  -213.3333 0 256
v  -213.3333 0 213.3333
v  -170.6667 0 213.3333
v  -243.5 0 249.5
v  -245.5 0 248.8333
v  -245.6667 0 246.8333
v  -242.3333 0 250.5
v  -243.5 0 249.5
v  -245.6667 0 246.8333
v  -242.3333 0 250.5
v  -245.6667 0 246.8333
v  -246.3333 0 244.8333
v  -256 0 213.3333
v  -213.3333 0 213.3333
v  -213.3333 0 256
v  -247.6667 0 244
v  -250.8333 0 243.6667
v  -256 0 242.1667
v  -256 0 213.3333
v  -213.3333 0 256
v  -239.1667 0 256
v  -242.3333 0 250.5
v  -246.3333 0 244.8333
v  -247.6667 0 244
v  -256 0 213.3333
v  -254.5 0 253.6667
v  -256 0 252
v  -256 0 251.8333
v  -247.6667 0 244
v  -246.3333 0 244.8333
v  -245.6667 0 246.8333
v  -245.5 0 248.8333
v  -250.8333 0 243.6667
v  -245.5 0 248.8333
v  -243.5 0 249.5
v  -242.3333 0 250.5
v  -239.1667 0 256
v  -254.3333 0 256
v  -254.1667 0 254.8333
v  -256 0 251.8333
v  -256 0 242.1667
v  -250.8333 0 243.6667
v  -245.5 0 248.8333
v  -254.5 0 253.6667
v  -254.1667 0 254.8333
v  -254.5 0 253.6667
v  -245.5 0 248.8333
v  -254.1667 0 254.8333
v  -254.3333 0 256
v  -256 0 256
v  -256 0 252
v  -254.5 0 253.6667
v  -256.3333 0 251.3333
v  -256 0 251.8333
v  -256 0 252
v  -289.5 0 254.3333
v  -290.3333 0 256
v  -290.5 0 256
v  -288.3333 0 252.1667
v  -288.8333 0 253.8333
v  -289.5 0 254.3333
v  -280.5 0 245
v  -282.1667 0 246.3333
v  -282.8333 0 246.3333
v  -298.6667 0 213.3333
v  -258.1667 0 250.3333
v  -256.3333 0 251.3333
v  -256 0 252
v  -256 0 256
v  -288.3333 0 252.1667
v  -289.5 0 254.3333
v  -290.5 0 256
v  -298.6667 0 256
v  -286.8333 0 249.3333
v  -260.8333 0 246.6667
v  -258.5 0 249.5
v  -258.1667 0 250.3333
v  -256 0 256
v  -276.6667 0 256
v  -273 0 252.6667
v  -260.3333 0 243.5
v  -260.8333 0 245.8333
v  -271.3333 0 246.3333
v  -272.3333 0 244.3333
v  -256 0 213.3333
v  -256 0 242.1667
v  -257.6667 0 242
v  -260.3333 0 243.5
v  -272.3333 0 244.3333
v  -273.6667 0 244
v  -257.6667 0 242
v  -260.3333 0 243.5
v  -273.6667 0 244
v  -277 0 244
v  -256 0 213.3333
v  -277 0 244
v  -280.5 0 245
v  -298.6667 0 213.3333
v  -256 0 213.3333
v  -282.8333 0 246.3333
v  -286.8333 0 249.3333
v  -298.6667 0 256
v  -298.6667 0 213.3333
v  -260.8333 0 246.6667
v  -273 0 252.6667
v  -271.1667 0 249.5
v  -260.8333 0 246.6667
v  -271.1667 0 249.5
v  -271.3333 0 246.3333
v  -260.8333 0 245.8333
v  -256.3333 0 251.3333
v  -258.1667 0 250.3333
v  -258.5 0 249.5
v  -260.8333 0 246.6667
v  -260.8333 0 245.8333
v  -260.3333 0 243.5
v  -260.3333 0 243.5
v  -257.6667 0 242
v  -256 0 242.1667
v  -256.3333 0 251.3333
v  -258.5 0 249.5
v  -260.8333 0 246.6667
v  -256 0 242.1667
v  -256 0 251.8333
v  -256.3333 0 251.3333
v  -287.5 0 254.6667
v  -288 0 256
v  -290.3333 0 256
v  -289.5 0 254.3333
v  -288.8333 0 253.8333
v  -287.5 0 253.5
v  -272.6667 0 248
v  -273.6667 0 246.8333
v  -271.3333 0 246.3333
v  -271.1667 0 249.5
v  -275.8333 0 245.8333
v  -278 0 245.8333
v  -277 0 244
v  -272.6667 0 248.6667
v  -272.6667 0 248
v  -271.1667 0 249.5
v  -287.5 0 253.5
v  -288.8333 0 253.8333
v  -288.3333 0 252.1667
v  -286.8333 0 249.3333
v  -285.1667 0 250.1667
v  -273.6667 0 246.8333
v  -274.5 0 246.8333
v  -275.8333 0 245.8333
v  -273.6667 0 244
v  -272.3333 0 244.3333
v  -271.3333 0 246.3333
v  -273.6667 0 246.8333
v  -275.8333 0 245.8333
v  -277 0 244
v  -273 0 252.6667
v  -276.6667 0 256
v  -277 0 256
v  -271.1667 0 249.5
v  -273 0 252.6667
v  -273.3333 0 251
v  -272.6667 0 248.6667
v  -278.8333 0 246.1667
v  -280.8333 0 247.6667
v  -282.1667 0 248
v  -282.1667 0 246.3333
v  -280.5 0 245
v  -282.1667 0 248
v  -285.1667 0 250.1667
v  -286.8333 0 249.3333
v  -282.8333 0 246.3333
v  -282.1667 0 246.3333
v  -277.5 0 256
v  -273.3333 0 251
v  -273 0 252.6667
v  -277 0 256
v  -278 0 245.8333
v  -278.8333 0 246.1667
v  -280.5 0 245
v  -277 0 244
v  -273.6667 0 246.8333
v  -272.6667 0 248
v  -272.6667 0 248.6667
v  -274.5 0 246.8333
v  -288 0 256
v  -287.5 0 254.6667
v  -285.1667 0 250.1667
v  -278.8333 0 246.1667
v  -278 0 245.8333
v  -275.8333 0 245.8333
v  -280.8333 0 247.6667
v  -275.8333 0 245.8333
v  -274.5 0 246.8333
v  -272.6667 0 248.6667
v  -273.3333 0 251
v  -285.1667 0 250.1667
v  -282.1667 0 248
v  -280.8333 0 247.6667
v  -287.5 0 254.6667
v  -287.5 0 253.5
v  -285.1667 0 250.1667
v  -273.3333 0 251
v  -277.5 0 256
v  -277.6667 0 256
v  -280.8333 0 247.6667
v  -275.8333 0 245.8333
v  -273.3333 0 251
v  -277.6667 0 256
v  -288 0 256
v  -285.1667 0 250.1667
v  -316 0 222.3333
v  -315.6667 0 219.5
v  -314.5 0 217.3333
v  -298.6667 0 213.3333
v  -341.3333 0 213.3333
v  -329.5 0 213.3333
v  -330.8333 0 216
v  -341.3333 0 213.3333
v  -330.8333 0 216
v  -331.8333 0 221.1667
v  -341.3333 0 213.3333
v  -331.8333 0 221.1667
v  -332.1667 0 225.3333
v  -314.5 0 217.3333
v  -313.8333 0 213.3333
v  -298.6667 0 213.3333
v  -341.3333 0 213.3333
v  -332.1667 0 225.3333
v  -332 0 229.8333
v  -321.6667 0 231.8333
v  -320.1667 0 230.3333
v  -298.6667 0 213.3333
v  -298.6667 0 256
v  -341.3333 0 256
v  -341.3333 0 213.3333
v  -332 0 229.8333
v  -330.6667 0 232.3333
v  -341.3333 0 256
v  -317.1667 0 225.8333
v  -316 0 222.3333
v  -298.6667 0 213.3333
v  -341.3333 0 256
v  -325.8333 0 233.8333
v  -321.6667 0 231.8333
v  -341.3333 0 256
v  -330.6667 0 232.3333
v  -329.1667 0 233.3333
v  -341.3333 0 256
v  -329.1667 0 233.3333
v  -325.8333 0 233.8333
v  -320.1667 0 230.3333
v  -317.1667 0 225.8333
v  -298.6667 0 213.3333
v  -322.3333 0 217.5
v  -321.3333 0 218.3333
v  -321.3333 0 218.6667
v  -315.6667 0 219.5
v  -318.5 0 219
v  -318.1667 0 218.3333
v  -316.5 0 217.5
v  -314.5 0 217.3333
v  -315.6667 0 215.6667
v  -315.6667 0 213.3333
v  -313.8333 0 213.3333
v  -314.5 0 217.3333
v  -322.3333 0 217.5
v  -321.3333 0 218.6667
v  -317.1667 0 225.8333
v  -316.5 0 217.5
v  -315.6667 0 215.6667
v  -314.5 0 217.3333
v  -330.8333 0 216
v  -329.5 0 213.3333
v  -324 0 213.3333
v  -322.3333 0 217.5
v  -331.8333 0 221.1667
v  -332 0 229.8333
v  -332.1667 0 225.3333
v  -331.8333 0 221.1667
v  -318.5 0 219
v  -315.6667 0 219.5
v  -316 0 222.3333
v  -319.8333 0 219.3333
v  -329.1667 0 233.3333
v  -330.6667 0 232.3333
v  -332 0 229.8333
v  -325.8333 0 233.8333
v  -317.1667 0 225.8333
v  -320.1667 0 230.3333
v  -325.8333 0 233.8333
v  -332 0 229.8333
v  -331.8333 0 221.1667
v  -322.3333 0 217.5
v  -321.3333 0 218.6667
v  -319.8333 0 219.3333
v  -316 0 222.3333
v  -317.1667 0 225.8333
v  -320.1667 0 230.3333
v  -321.6667 0 231.8333
v  -325.8333 0 233.8333
v  -319.8333 0 219.3333
v  -321.3333 0 218.6667
v  -321.3333 0 218.3333
v  -318.1667 0 218.3333
v  -318.5 0 219
v  -319.8333 0 219.3333
v  -319.8333 0 219.3333
v  -321.3333 0 218.3333
v  -322.3333 0 217.5
v  -315.6667 0 215.6667
v  -316.5 0 217.5
v  -318.1667 0 218.3333
v  -318.1667 0 218.3333
v  -319.8333 0 219.3333
v  -322.3333 0 217.5
v  -324 0 213.3333
v  -315.6667 0 213.3333
v  -315.6667 0 215.6667
v  -341.3333 0 256
v  -384 0 256
v  -384 0 213.3333
v  -341.3333 0 213.3333
v  -424.3333 0 248.8333
v  -424.3333 0 251
v  -425 0 253
v  -426.6667 0 255.1667
v  -426.6667 0 213.3333
v  -419.6667 0 243.6667
v  -422.6667 0 244.8333
v  -426.6667 0 213.3333
v  -413.6667 0 254.3333
v  -414.8333 0 252.1667
v  -416.6667 0 245.5
v  -384 0 256
v  -413.6667 0 256
v  -413.6667 0 254.3333
v  -384 0 256
v  -413.6667 0 254.3333
v  -416.6667 0 245.5
v  -426.6667 0 213.3333
v  -384 0 213.3333
v  -416.6667 0 245.5
v  -419.6667 0 243.6667
v  -426.6667 0 213.3333
v  -422.6667 0 244.8333
v  -424.3333 0 248.8333
v  -426.6667 0 213.3333
v  -426.6667 0 255.3333
v  -426.6667 0 255.1667
v  -425 0 253
v  -426.6667 0 256
v  -426.6667 0 255.3333
v  -425 0 253
v  -414.8333 0 252.1667
v  -413.6667 0 254.3333
v  -413.6667 0 256
v  -424.3333 0 251
v  -416.6667 0 245.5
v  -414.8333 0 252.1667
v  -425 0 253
v  -422.6667 0 244.8333
v  -419.6667 0 243.6667
v  -416.6667 0 245.5
v  -424.3333 0 251
v  -424.3333 0 248.8333
v  -426.6667 0 255.3333
v  -427.1667 0 256
v  -427.3333 0 256
v  -426.6667 0 255.1667
v  -426.6667 0 255.3333
v  -427.3333 0 256
v  -448.8333 0 244.3333
v  -449 0 241.6667
v  -447.5 0 240.8333
v  -463.3333 0 214.3333
v  -462.5 0 213.3333
v  -462.3333 0 213.3333
v  -451 0 226.8333
v  -453.8333 0 227.3333
v  -448.3333 0 229.1667
v  -451 0 226.8333
v  -462.3333 0 213.3333
v  -426.6667 0 213.3333
v  -456.8333 0 233.1667
v  -458.1667 0 235.5
v  -459.5 0 236.6667
v  -463 0 238.5
v  -456.3333 0 231
v  -451.5 0 248.1667
v  -448.8333 0 244.3333
v  -427.3333 0 256
v  -447.3333 0 237
v  -447.6667 0 236.6667
v  -448.3333 0 229.1667
v  -447 0 238.8333
v  -447.3333 0 237
v  -448.3333 0 229.1667
v  -426.6667 0 213.3333
v  -426.6667 0 255.1667
v  -427.3333 0 256
v  -461.1667 0 255
v  -453.6667 0 250.3333
v  -453.8333 0 227.3333
v  -456.3333 0 231
v  -463 0 238.5
v  -469.3333 0 243.6667
v  -469.3333 0 215.8333
v  -465.8333 0 215.6667
v  -447.5 0 240.8333
v  -447 0 238.8333
v  -426.6667 0 255.1667
v  -453.6667 0 250.3333
v  -451.5 0 248.1667
v  -427.3333 0 256
v  -427.3333 0 256
v  -463.5 0 256
v  -461.1667 0 255
v  -453.8333 0 227.3333
v  -465.8333 0 215.6667
v  -463.3333 0 214.3333
v  -462.5 0 213.3333
v  -463.3333 0 214.3333
v  -465.8333 0 215.6667
v  -469.3333 0 215.8333
v  -469.3333 0 213.3333
v  -447.6667 0 236.6667
v  -447.3333 0 237
v  -447 0 238.8333
v  -461.1667 0 255
v  -463.5 0 256
v  -464 0 256
v  -447 0 238.8333
v  -447.5 0 240.8333
v  -449 0 241.6667
v  -459.5 0 236.6667
v  -458.1667 0 235.5
v  -447.6667 0 236.6667
v  -461.1667 0 255
v  -469.3333 0 256
v  -469.3333 0 243.8333
v  -459.5 0 236.6667
v  -449 0 241.6667
v  -453.6667 0 250.3333
v  -453.8333 0 227.3333
v  -451 0 226.8333
v  -448.3333 0 229.1667
v  -456.8333 0 233.1667
v  -456.3333 0 231
v  -456.8333 0 233.1667
v  -448.3333 0 229.1667
v  -447.6667 0 236.6667
v  -458.1667 0 235.5
v  -449 0 241.6667
v  -448.8333 0 244.3333
v  -451.5 0 248.1667
v  -453.6667 0 250.3333
v  -461.1667 0 255
v  -464 0 256
v  -469.3333 0 256
v  -469.3333 0 243.8333
v  -469.3333 0 243.6667
v  -463 0 238.5
v  -459.5 0 236.6667
v  -426.6667 0 256
v  -427.1667 0 256
v  -426.6667 0 255.3333
v  -471.5 0 215.1667
v  -473.1667 0 213.3333
v  -469.3333 0 213.3333
v  -469.3333 0 215.8333
v  -469.3333 0 243.6667
v  -469.3333 0 243.8333
v  -471.1667 0 246.1667
v  -475 0 249.3333
v  -477 0 250.3333
v  -471.1667 0 246.1667
v  -472.1667 0 248.6667
v  -475 0 249.3333
v  -479.3333 0 252.6667
v  -480.8333 0 256
v  -512 0 256
v  -477 0 250.3333
v  -479.3333 0 252.6667
v  -512 0 256
v  -471.5 0 215.1667
v  -469.3333 0 215.8333
v  -469.3333 0 243.6667
v  -473.1667 0 213.3333
v  -471.5 0 215.1667
v  -469.3333 0 243.6667
v  -477 0 250.3333
v  -512 0 256
v  -512 0 213.3333
v  -477 0 250.3333
v  -475 0 249.3333
v  -472.1667 0 248.6667
v  -469.3333 0 256
v  -480.8333 0 256
v  -479.3333 0 252.6667
v  -472.1667 0 248.6667
v  -471.1667 0 246.1667
v  -469.3333 0 243.8333
v  -469.3333 0 256
v  -512 0 256
v  -554.6667 0 256
v  -554.6667 0 213.3333
v  -512 0 213.3333
v  -554.6667 0 256
v  -555 0 256
v  -555 0 250
v  -554.6667 0 213.3333
v  -588.8334 0 248.5
v  -592.3334 0 250
v  -595.3334 0 247.6667
v  -587.8334 0 248.5
v  -588.8334 0 248.5
v  -595.3334 0 247.6667
v  -569.5 0 247.5
v  -573.8334 0 250
v  -577.3334 0 249.3333
v  -577.3334 0 249.3333
v  -583.1667 0 249.5
v  -587.8334 0 248.5
v  -577.3334 0 249.3333
v  -587.8334 0 248.5
v  -595.3334 0 247.6667
v  -569.5 0 247.5
v  -554.6667 0 213.3333
v  -558.5 0 247.5
v  -569.5 0 247.5
v  -569.5 0 247.5
v  -595.3334 0 247.6667
v  -597.3334 0 247.5
v  -597.3334 0 213.3333
v  -554.6667 0 213.3333
v  -554.6667 0 213.3333
v  -555 0 250
v  -558.5 0 247.5
v  -592.3334 0 250
v  -588.8334 0 248.5
v  -587.8334 0 248.5
v  -583.1667 0 249.5
v  -597.3334 0 247.5
v  -595.3334 0 247.6667
v  -592.3334 0 250
v  -597.3334 0 256
v  -583.1667 0 249.5
v  -577.3334 0 249.3333
v  -573.8334 0 250
v  -555 0 256
v  -597.3334 0 256
v  -592.3334 0 250
v  -558.5 0 247.5
v  -555 0 250
v  -555 0 256
v  -573.8334 0 250
v  -569.5 0 247.5
v  -606.6667 0 247.5
v  -611.0001 0 250
v  -614.0001 0 248.1667
v  -618.1667 0 248
v  -622.5001 0 249
v  -626.5001 0 249
v  -640.0001 0 213.3333
v  -597.3334 0 213.3333
v  -626.5001 0 249
v  -630.5001 0 250.3333
v  -636.3334 0 250.5
v  -640.0001 0 213.3333
v  -606.6667 0 247.5
v  -614.0001 0 248.1667
v  -618.1667 0 248
v  -597.3334 0 213.3333
v  -597.3334 0 213.3333
v  -597.3334 0 247.5
v  -606.6667 0 247.5
v  -636.3334 0 250.5
v  -640.0001 0 251.6667
v  -640.0001 0 213.3333
v  -640.0001 0 251.8333
v  -640.0001 0 251.6667
v  -636.3334 0 250.5
v  -640.0001 0 256
v  -640.0001 0 251.8333
v  -636.3334 0 250.5
v  -630.5001 0 250.3333
v  -618.1667 0 248
v  -614.0001 0 248.1667
v  -611.0001 0 250
v  -622.5001 0 249
v  -630.5001 0 250.3333
v  -626.5001 0 249
v  -622.5001 0 249
v  -611.0001 0 250
v  -597.3334 0 256
v  -640.0001 0 256
v  -606.6667 0 247.5
v  -597.3334 0 247.5
v  -597.3334 0 256
v  -611.0001 0 250
v  -640 0 251.6667
v  -640 0 251.8333
v  -642.5 0 253.3333
v  -643.6667 0 254.8333
v  -644 0 256
v  -682.6667 0 256
v  -640 0 213.3333
v  -640 0 251.6667
v  -642.5 0 253.3333
v  -642.5 0 253.3333
v  -643.6667 0 254.8333
v  -682.6667 0 256
v  -682.6667 0 213.3333
v  -640 0 213.3333
v  -644 0 256
v  -643.6667 0 254.8333
v  -642.5 0 253.3333
v  -640 0 251.8333
v  -640 0 256
v  -682.6667 0 256
v  -725.3334 0 256
v  -725.3334 0 213.3333
v  -682.6667 0 213.3333
v  -725.3334 0 256
v  -768.0001 0 256
v  -768.0001 0 213.3333
v  -725.3334 0 213.3333
v  -768 0 256
v  -810.6667 0 256
v  -810.6667 0 213.3333
v  -768 0 213.3333
v  -836 0 244.1667
v  -836 0 243.6667
v  -835.3334 0 243.3333
v  -833.6667 0 249.3333
v  -828.6667 0 256
v  -828.8334 0 256
v  -829.3334 0 254.3333
v  -829.3334 0 254.3333
v  -831.1667 0 234.5
v  -831.1667 0 233.3333
v  -829.1667 0 213.3333
v  -810.6667 0 213.3333
v  -810.6667 0 256
v  -831.1667 0 233.3333
v  -832.5 0 229.1667
v  -832.5 0 225
v  -829.1667 0 213.3333
v  -833.6667 0 249.3333
v  -835.3334 0 243.3333
v  -832.5 0 239.1667
v  -833.6667 0 249.3333
v  -832.5 0 239.1667
v  -831.1667 0 234.5
v  -829.3334 0 254.3333
v  -810.6667 0 256
v  -828.6667 0 256
v  -829.3334 0 254.3333
v  -832.5 0 229.1667
v  -831.1667 0 233.3333
v  -831.1667 0 234.5
v  -832.5 0 239.1667
v  -835.3334 0 243.3333
v  -836 0 243.6667
v  -836 0 243.6667
v  -836 0 244.1667
v  -853.3334 0 256
v  -833.6667 0 249.3333
v  -829.3334 0 254.3333
v  -828.8334 0 256
v  -853.3334 0 256
v  -836 0 244.1667
v  -833.6667 0 249.3333
v  -853.3334 0 256
v  -853.3334 0 213.3333
v  -829.1667 0 213.3333
v  -832.5 0 225
v  -832.5 0 225
v  -832.5 0 229.1667
v  -836 0 243.6667
v  -853.3334 0 256
v  -853.3334 0 213.3333
v  -853.3334 0 256
v  -869.3334 0 256
v  -869.3334 0 213.3333
v  -853.3334 0 213.3333
v  -30.5 0 298.6667
v  -42.66667 0 298.6667
v  -42.66667 0 256
v  -30.5 0 256
v  -68.33334 0 262.5
v  -69.33334 0 257.5
v  -69.33334 0 256
v  -42.66667 0 256
v  -67.33334 0 265.1667
v  -73.16667 0 298.6667
v  -73.16667 0 293
v  -70.83334 0 286.1667
v  -42.66667 0 298.6667
v  -70 0 274.1667
v  -70.16667 0 267.6667
v  -67.33334 0 265.1667
v  -70.83334 0 286.1667
v  -71.33334 0 282
v  -70 0 274.1667
v  -67.33334 0 265.1667
v  -42.66667 0 256
v  -42.66667 0 298.6667
v  -69.5 0 256
v  -69.33334 0 256
v  -69.33334 0 257.5
v  -70.16667 0 267.6667
v  -68.33334 0 262.5
v  -67.33334 0 265.1667
v  -70.16667 0 267.6667
v  -69.33334 0 257.5
v  -68.33334 0 262.5
v  -70.16667 0 267.6667
v  -71.33334 0 282
v  -70.83334 0 286.1667
v  -73.16667 0 293
v  -85.33334 0 256
v  -69.5 0 256
v  -70.16667 0 267.6667
v  -71.33334 0 282
v  -73.16667 0 293
v  -85.33334 0 298.6667
v  -73.16667 0 293
v  -73.16667 0 298.6667
v  -85.33334 0 298.6667
v  -70.16667 0 267.6667
v  -70 0 274.1667
v  -71.33334 0 282
v  -85.33334 0 298.6667
v  -128 0 298.6667
v  -128 0 256
v  -85.33334 0 256
v  -128 0 298.6667
v  -170.6667 0 298.6667
v  -170.6667 0 256
v  -128 0 256
v  -197 0 298.6667
v  -197.1667 0 298.6667
v  -198.6667 0 296.1667
v  -170.6667 0 298.6667
v  -197 0 298.6667
v  -198.6667 0 296.1667
v  -170.6667 0 298.6667
v  -198.6667 0 296.1667
v  -202.3333 0 292.5
v  -170.6667 0 298.6667
v  -202.3333 0 292.5
v  -205.1667 0 290.6667
v  -213.3333 0 256
v  -170.6667 0 256
v  -211.6667 0 292.6667
v  -213.3333 0 295.5
v  -213.3333 0 256
v  -209.5 0 291.3333
v  -211.6667 0 292.6667
v  -213.3333 0 256
v  -207.3333 0 290.5
v  -209.5 0 291.3333
v  -213.3333 0 256
v  -205.1667 0 290.6667
v  -207.3333 0 290.5
v  -213.3333 0 256
v  -213.3333 0 296.1667
v  -213.3333 0 295.5
v  -211.6667 0 292.6667
v  -209.5 0 291.3333
v  -209.5 0 291.3333
v  -207.3333 0 290.5
v  -205.1667 0 290.6667
v  -202.3333 0 292.5
v  -202.3333 0 292.5
v  -198.6667 0 296.1667
v  -197.1667 0 298.6667
v  -213.3333 0 298.6667
v  -213.3333 0 296.1667
v  -209.5 0 291.3333
v  -213.3333 0 295.5
v  -213.3333 0 296.1667
v  -213.6667 0 297
v  -234.5 0 286
v  -232.5 0 278.8333
v  -213.6667 0 297
v  -213.6667 0 298.6667
v  -213.8333 0 298.6667
v  -243.6667 0 297
v  -234.5 0 286
v  -235.6667 0 262.5
v  -238 0 260.8333
v  -238 0 259.3333
v  -234 0 276.3333
v  -236 0 275.6667
v  -234.8333 0 270.6667
v  -235.6667 0 262.5
v  -238 0 259.3333
v  -239.1667 0 256
v  -213.3333 0 256
v  -232.5 0 278.3333
v  -234 0 276.3333
v  -234.8333 0 270.6667
v  -234.8333 0 267
v  -213.8333 0 298.6667
v  -247.5 0 298.6667
v  -243.6667 0 297
v  -232.5 0 278.3333
v  -234.8333 0 267
v  -235.6667 0 262.5
v  -213.3333 0 256
v  -213.3333 0 295.5
v  -232.5 0 278.8333
v  -232.5 0 278.3333
v  -213.3333 0 295.5
v  -234 0 276.3333
v  -232.5 0 278.3333
v  -232.5 0 278.8333
v  -234.5 0 286
v  -236 0 275.6667
v  -243.6667 0 297
v  -247.5 0 298.6667
v  -247.8333 0 298.6667
v  -254.3333 0 260.5
v  -254.6667 0 257
v  -254.3333 0 256
v  -249.6667 0 269.8333
v  -249.6667 0 268.5
v  -238 0 260.8333
v  -239.1667 0 256
v  -238 0 259.3333
v  -238 0 260.8333
v  -256 0 275.1667
v  -253.5 0 274.1667
v  -250.3333 0 274.5
v  -238 0 260.8333
v  -235.6667 0 262.5
v  -234.8333 0 267
v  -252.6667 0 264.1667
v  -254.3333 0 260.5
v  -254.3333 0 256
v  -239.1667 0 256
v  -238 0 260.8333
v  -249.6667 0 268.5
v  -234.8333 0 267
v  -234.8333 0 270.6667
v  -236 0 275.6667
v  -250.3333 0 274.5
v  -249.6667 0 269.8333
v  -238 0 260.8333
v  -250.3333 0 274.5
v  -236 0 275.6667
v  -234.5 0 286
v  -243.6667 0 297
v  -256 0 298.6667
v  -256 0 275.1667
v  -243.6667 0 297
v  -247.8333 0 298.6667
v  -256 0 298.6667
v  -256 0 256
v  -254.3333 0 256
v  -254.6667 0 257
v  -256 0 256
v  -254.6667 0 257
v  -254.3333 0 260.5
v  -256 0 275.1667
v  -249.6667 0 269.8333
v  -250.3333 0 274.5
v  -253.5 0 274.1667
v  -252.6667 0 264.1667
v  -249.6667 0 268.5
v  -249.6667 0 269.8333
v  -253.5 0 274.1667
v  -256 0 275.1667
v  -256 0 275.1667
v  -254.3333 0 260.5
v  -252.6667 0 264.1667
v  -213.3333 0 298.6667
v  -213.6667 0 298.6667
v  -213.6667 0 297
v  -213.3333 0 296.1667
v  -292.3333 0 269
v  -292 0 271
v  -293 0 273.3333
v  -276.6667 0 261.5
v  -277 0 256
v  -276.6667 0 256
v  -274.6667 0 279
v  -276.6667 0 277.8333
v  -277.3333 0 274.1667
v  -292 0 280
v  -290.5 0 282.8333
v  -289.6667 0 286.3333
v  -298.6667 0 298.6667
v  -273.5 0 280.3333
v  -274.6667 0 279
v  -277.3333 0 274.1667
v  -278.8333 0 271
v  -298.6667 0 256
v  -290.5 0 256
v  -291.5 0 259.5
v  -292.1667 0 264.5
v  -292.3333 0 269
v  -293 0 273.3333
v  -298.6667 0 256
v  -298.6667 0 256
v  -291.5 0 259.5
v  -292.1667 0 264.5
v  -268.3333 0 285.6667
v  -271.1667 0 289.3333
v  -271 0 285.6667
v  -267.5 0 284.1667
v  -271.6667 0 283.3333
v  -273.5 0 280.3333
v  -278.8333 0 271
v  -271.5 0 294.8333
v  -276.3333 0 293.8333
v  -274 0 293
v  -256 0 256
v  -256 0 275.1667
v  -257.1667 0 275.5
v  -276.6667 0 261.5
v  -276.6667 0 256
v  -256 0 256
v  -298.6667 0 256
v  -293 0 273.3333
v  -293 0 277
v  -298.6667 0 298.6667
v  -271.6667 0 283.3333
v  -278.8333 0 271
v  -276.6667 0 261.5
v  -256 0 256
v  -257.1667 0 275.5
v  -263 0 280.1667
v  -298.6667 0 298.6667
v  -293 0 277
v  -292 0 280
v  -271.3333 0 291.6667
v  -272.1667 0 291.1667
v  -271.1667 0 289.3333
v  -268.3333 0 285.6667
v  -298.6667 0 298.6667
v  -289.6667 0 286.3333
v  -288.8333 0 288
v  -298.6667 0 298.6667
v  -288.8333 0 288
v  -286.6667 0 290.1667
v  -298.6667 0 298.6667
v  -286.6667 0 290.1667
v  -285.5 0 290.8333
v  -269 0 298.6667
v  -298.6667 0 298.6667
v  -285.5 0 290.8333
v  -281 0 292.8333
v  -271.6667 0 283.3333
v  -263 0 280.1667
v  -267.5 0 284.1667
v  -271 0 285.6667
v  -269 0 298.6667
v  -281 0 292.8333
v  -278.3333 0 293.6667
v  -270.3333 0 297.8333
v  -274 0 293
v  -272.1667 0 291.1667
v  -271.3333 0 291.6667
v  -271.5 0 294.8333
v  -271.5 0 294.8333
v  -270.3333 0 297.8333
v  -278.3333 0 293.6667
v  -276.3333 0 293.8333
v  -277.8333 0 256.3333
v  -277.6667 0 256
v  -277.5 0 256
v  -277.8333 0 256.3333
v  -277.5 0 256
v  -277 0 256
v  -276.6667 0 261.5
v  -290.3333 0 256
v  -288 0 256
v  -288.1667 0 258.5
v  -290.5 0 256
v  -290.3333 0 256
v  -288.1667 0 258.5
v  -287.5 0 259.8333
v  -291.5 0 259.5
v  -292 0 271
v  -292.3333 0 269
v  -292.1667 0 264.5
v  -282 0 260.1667
v  -281.6667 0 258.8333
v  -280 0 257
v  -277.8333 0 256.3333
v  -276.6667 0 261.5
v  -292.1667 0 264.5
v  -291.5 0 259.5
v  -287.5 0 259.8333
v  -284.3333 0 261.1667
v  -276.6667 0 277.8333
v  -274.6667 0 279
v  -273.5 0 280.3333
v  -271.6667 0 283.3333
v  -271 0 285.6667
v  -285.5 0 290.8333
v  -286.6667 0 290.1667
v  -288.8333 0 288
v  -281 0 292.8333
v  -274 0 293
v  -276.3333 0 293.8333
v  -278.3333 0 293.6667
v  -281 0 292.8333
v  -271.1667 0 289.3333
v  -272.1667 0 291.1667
v  -274 0 293
v  -271 0 285.6667
v  -292 0 271
v  -292.1667 0 264.5
v  -284.3333 0 261.1667
v  -278.8333 0 271
v  -276.6667 0 277.8333
v  -290.5 0 282.8333
v  -288.8333 0 288
v  -289.6667 0 286.3333
v  -290.5 0 282.8333
v  -271 0 285.6667
v  -274 0 293
v  -281 0 292.8333
v  -288.8333 0 288
v  -290.5 0 282.8333
v  -276.6667 0 277.8333
v  -284.3333 0 261.1667
v  -282.8333 0 261
v  -276.6667 0 261.5
v  -278.8333 0 271
v  -278.8333 0 271
v  -277.3333 0 274.1667
v  -276.6667 0 277.8333
v  -293 0 277
v  -293 0 273.3333
v  -292 0 271
v  -290.5 0 282.8333
v  -292 0 280
v  -282.8333 0 261
v  -282 0 260.1667
v  -276.6667 0 261.5
v  -281.6667 0 258.8333
v  -282 0 260.1667
v  -282.8333 0 261
v  -284.3333 0 261.1667
v  -277.6667 0 256
v  -277.8333 0 256.3333
v  -280 0 257
v  -288 0 256
v  -287.5 0 259.8333
v  -288.1667 0 258.5
v  -288 0 256
v  -280 0 257
v  -281.6667 0 258.8333
v  -284.3333 0 261.1667
v  -268.6667 0 298.6667
v  -269 0 298.6667
v  -270.3333 0 297.8333
v  -271.5 0 294.8333
v  -271.3333 0 291.6667
v  -263 0 280.1667
v  -257.1667 0 275.5
v  -256 0 275.1667
v  -268.6667 0 298.6667
v  -271.3333 0 291.6667
v  -268.3333 0 285.6667
v  -263 0 280.1667
v  -256 0 275.1667
v  -256 0 298.6667
v  -268.3333 0 285.6667
v  -267.5 0 284.1667
v  -263 0 280.1667
v  -298.6667 0 298.6667
v  -341.3333 0 298.6667
v  -341.3333 0 256
v  -298.6667 0 256
v  -341.3333 0 298.6667
v  -384 0 298.6667
v  -384 0 256
v  -341.3333 0 256
v  -413.8333 0 258
v  -414.5 0 257.5
v  -413.6667 0 256.6667
v  -413.3333 0 261.8333
v  -413.8333 0 258
v  -413.6667 0 256.6667
v  -413.3333 0 261.8333
v  -413.6667 0 256.6667
v  -413.6667 0 256
v  -384 0 256
v  -426.6667 0 298.6667
v  -418.1667 0 268
v  -416.1667 0 266
v  -384 0 256
v  -384 0 298.6667
v  -426.6667 0 298.6667
v  -426.6667 0 273
v  -418.1667 0 268
v  -416.1667 0 266
v  -413.3333 0 261.8333
v  -384 0 256
v  -413.6667 0 256
v  -413.6667 0 256.6667
v  -414.5 0 257.5
v  -426.6667 0 256
v  -414.5 0 257.5
v  -413.8333 0 258
v  -413.3333 0 261.8333
v  -413.3333 0 261.8333
v  -416.1667 0 266
v  -418.1667 0 268
v  -426.6667 0 273
v  -426.6667 0 256
v  -414.5 0 257.5
v  -440 0 266.8333
v  -440 0 266.5
v  -437.6667 0 265.3333
v  -436.1667 0 265
v  -467 0 293.1667
v  -469.3333 0 291.5
v  -469.3333 0 290.8333
v  -443 0 295.1667
v  -448 0 296.3333
v  -455.6667 0 296.5
v  -461.3333 0 294.5
v  -427.5 0 273.5
v  -427.5 0 274.1667
v  -429.1667 0 277.8333
v  -436.1667 0 265
v  -436.1667 0 265
v  -434.3333 0 261.8333
v  -432.5 0 260
v  -443.5 0 272.1667
v  -442 0 268.6667
v  -440 0 266.8333
v  -432.5 0 260
v  -427.3333 0 256
v  -427.1667 0 256
v  -452.5 0 271.6667
v  -448.1667 0 271
v  -445.5 0 272
v  -432.5 0 260
v  -427.1667 0 256
v  -426.6667 0 256
v  -426.6667 0 273
v  -427.5 0 273.5
v  -436.1667 0 265
v  -429.1667 0 277.8333
v  -428.8333 0 279.3333
v  -431.5 0 285.3333
v  -443.5 0 272.1667
v  -440 0 266.8333
v  -436.1667 0 265
v  -467 0 293.1667
v  -469.3333 0 290.8333
v  -469.3333 0 285.5
v  -467 0 293.1667
v  -469.3333 0 285.5
v  -469.3333 0 285
v  -464 0 278.1667
v  -461.3333 0 294.5
v  -452.5 0 271.6667
v  -445.5 0 272
v  -443.5 0 272.1667
v  -464 0 278.1667
v  -452.5 0 271.6667
v  -443.5 0 272.1667
v  -431.5 0 285.3333
v  -443 0 295.1667
v  -461.3333 0 294.5
v  -464.5 0 256.5
v  -464 0 256
v  -463.5 0 256
v  -464.8333 0 258.1667
v  -469.3333 0 265.6667
v  -469.3333 0 265.5
v  -467.8333 0 264.3333
v  -464 0 278.1667
v  -467.8333 0 264.3333
v  -466.8333 0 262.8333
v  -440 0 266.5
v  -440 0 266.8333
v  -442 0 268.6667
v  -448.1667 0 271
v  -443.5 0 272.1667
v  -445.5 0 272
v  -448.1667 0 271
v  -442 0 268.6667
v  -434.3333 0 261.8333
v  -436.1667 0 265
v  -437.6667 0 265.3333
v  -452.5 0 271.6667
v  -464 0 278.1667
v  -466.8333 0 262.8333
v  -463.5 0 256
v  -427.3333 0 256
v  -432.5 0 260
v  -434.3333 0 261.8333
v  -437.6667 0 265.3333
v  -440 0 266.5
v  -466.8333 0 262.8333
v  -464.8333 0 258.1667
v  -463.5 0 256
v  -464 0 278.1667
v  -469.3333 0 285
v  -469.3333 0 265.6667
v  -467.8333 0 264.3333
v  -432.5 0 260
v  -434.3333 0 261.8333
v  -440 0 266.5
v  -448.1667 0 271
v  -452.5 0 271.6667
v  -466.8333 0 262.8333
v  -467.8333 0 264.3333
v  -469.3333 0 265.5
v  -469.3333 0 256
v  -464.5 0 256.5
v  -464.8333 0 258.1667
v  -469.3333 0 256
v  -464 0 256
v  -464.5 0 256.5
v  -427.5 0 274.1667
v  -427.5 0 273.5
v  -426.6667 0 273
v  -428.8333 0 279.3333
v  -429.1667 0 277.8333
v  -427.5 0 274.1667
v  -469.3333 0 298.6667
v  -469.3333 0 291.5
v  -467 0 293.1667
v  -428.8333 0 279.3333
v  -427.5 0 274.1667
v  -426.6667 0 273
v  -426.6667 0 298.6667
v  -469.3333 0 298.6667
v  -467 0 293.1667
v  -461.3333 0 294.5
v  -455.6667 0 296.5
v  -426.6667 0 298.6667
v  -448 0 296.3333
v  -443 0 295.1667
v  -469.3333 0 298.6667
v  -455.6667 0 296.5
v  -448 0 296.3333
v  -426.6667 0 298.6667
v  -431.5 0 285.3333
v  -428.8333 0 279.3333
v  -426.6667 0 298.6667
v  -443 0 295.1667
v  -431.5 0 285.3333
v  -426.6667 0 298.6667
v  -474.8333 0 268.1667
v  -475.1667 0 269
v  -476.3333 0 270.1667
v  -480 0 270.1667
v  -484.5 0 269.6667
v  -469.3333 0 265.5
v  -469.3333 0 265.6667
v  -472.5 0 267.6667
v  -474.8333 0 268.1667
v  -490.3333 0 265.6667
v  -490.6667 0 263
v  -489 0 261.6667
v  -474.8333 0 268.1667
v  -484.5 0 269.6667
v  -482 0 259.6667
v  -480.8333 0 256
v  -469.3333 0 256
v  -469.3333 0 265.5
v  -490.3333 0 265.6667
v  -489 0 261.6667
v  -487 0 260.6667
v  -482 0 259.6667
v  -484.5 0 269.6667
v  -488 0 268.3333
v  -470 0 288.8333
v  -469.3333 0 290.8333
v  -469.3333 0 291.5
v  -469.3333 0 285
v  -469.3333 0 285.5
v  -470 0 287.8333
v  -480 0 270.1667
v  -476.3333 0 270.1667
v  -475.1667 0 269
v  -474.8333 0 268.1667
v  -472.5 0 267.6667
v  -476.3333 0 270.1667
v  -475.1667 0 269
v  -472.5 0 267.6667
v  -480.8333 0 256
v  -482 0 259.6667
v  -487 0 260.6667
v  -476.3333 0 270.1667
v  -472.5 0 267.6667
v  -469.3333 0 265.6667
v  -469.3333 0 285
v  -470 0 288.8333
v  -469.3333 0 291.5
v  -469.3333 0 298.6667
v  -512 0 298.6667
v  -512 0 256
v  -488 0 268.3333
v  -480.8333 0 256
v  -487 0 260.6667
v  -489 0 261.6667
v  -512 0 256
v  -512 0 256
v  -490.6667 0 263
v  -490.3333 0 265.6667
v  -512 0 256
v  -489 0 261.6667
v  -490.6667 0 263
v  -488 0 268.3333
v  -484.5 0 269.6667
v  -470 0 288.8333
v  -480 0 270.1667
v  -470 0 287.8333
v  -470 0 288.8333
v  -484.5 0 269.6667
v  -512 0 256
v  -490.3333 0 265.6667
v  -488 0 268.3333
v  -469.3333 0 290.8333
v  -470 0 288.8333
v  -470 0 287.8333
v  -469.3333 0 285.5
v  -512 0 298.6667
v  -554.6667 0 298.6667
v  -554.6667 0 256
v  -512 0 256
v  -597.3334 0 262.5
v  -594.6667 0 262.5
v  -592.1667 0 263
v  -589.3334 0 264.5
v  -587.5 0 266.1667
v  -597.3334 0 298.6667
v  -597.3334 0 298.6667
v  -585 0 266.6667
v  -579 0 266.1667
v  -577.8334 0 265.6667
v  -574.1667 0 263
v  -572.3334 0 262.5
v  -557.6667 0 262.5
v  -555 0 263
v  -555 0 263
v  -555 0 256
v  -554.6667 0 256
v  -554.6667 0 298.6667
v  -579 0 266.1667
v  -577.8334 0 265.6667
v  -555 0 263
v  -554.6667 0 298.6667
v  -597.3334 0 298.6667
v  -597.3334 0 298.6667
v  -587.5 0 266.1667
v  -585 0 266.6667
v  -585 0 266.6667
v  -587.5 0 266.1667
v  -589.3334 0 264.5
v  -574.1667 0 263
v  -577.8334 0 265.6667
v  -579 0 266.1667
v  -585 0 266.6667
v  -555 0 256
v  -555 0 263
v  -557.6667 0 262.5
v  -594.6667 0 262.5
v  -597.3334 0 262.5
v  -597.3334 0 256
v  -585 0 266.6667
v  -589.3334 0 264.5
v  -592.1667 0 263
v  -597.3334 0 256
v  -555 0 256
v  -574.1667 0 263
v  -592.1667 0 263
v  -594.6667 0 262.5
v  -597.3334 0 256
v  -555 0 256
v  -557.6667 0 262.5
v  -572.3334 0 262.5
v  -555 0 256
v  -572.3334 0 262.5
v  -574.1667 0 263
v  -628.1667 0 262.8333
v  -629.3334 0 262.8333
v  -629.3334 0 262.5
v  -609.5001 0 262.5
v  -611.3334 0 263
v  -612.3334 0 262.5
v  -609.5001 0 262.5
v  -612.3334 0 262.5
v  -616.1667 0 262.1667
v  -622.1667 0 262.8333
v  -628.1667 0 262.8333
v  -629.3334 0 262.5
v  -640.0001 0 256
v  -597.3334 0 256
v  -616.1667 0 262.1667
v  -639.5001 0 298.6667
v  -640.0001 0 298.6667
v  -640.0001 0 293.6667
v  -597.3334 0 256
v  -597.3334 0 262.5
v  -609.5001 0 262.5
v  -616.1667 0 262.1667
v  -629.3334 0 262.5
v  -629.6667 0 262.5
v  -640.0001 0 256
v  -627.8334 0 265.3333
v  -629.1667 0 263.1667
v  -628.1667 0 262.8333
v  -627.3334 0 267.3333
v  -627.8334 0 265.3333
v  -628.1667 0 262.8333
v  -622.1667 0 262.8333
v  -624.8334 0 271.8333
v  -626.1667 0 269.6667
v  -616.1667 0 262.1667
v  -612.3334 0 262.5
v  -611.3334 0 263
v  -624.8334 0 283.1667
v  -624.8334 0 274
v  -622.1667 0 262.8333
v  -624.8334 0 274
v  -624.8334 0 271.8333
v  -622.1667 0 262.8333
v  -626.1667 0 289.6667
v  -627.1667 0 286.1667
v  -624.8334 0 283.1667
v  -611.3334 0 263
v  -609.5001 0 262.5
v  -597.3334 0 262.5
v  -625.1667 0 298.6667
v  -626.1667 0 293.1667
v  -626.1667 0 289.6667
v  -625.1667 0 298.6667
v  -626.1667 0 289.6667
v  -624.8334 0 283.1667
v  -611.3334 0 263
v  -597.3334 0 262.5
v  -597.3334 0 298.6667
v  -629.5001 0 262.8333
v  -629.6667 0 262.5
v  -629.3334 0 262.5
v  -629.3334 0 262.8333
v  -629.3334 0 262.8333
v  -628.1667 0 262.8333
v  -629.1667 0 263.1667
v  -629.5001 0 262.8333
v  -629.3334 0 262.8333
v  -629.1667 0 263.1667
v  -639.6667 0 269.3333
v  -640.0001 0 268.6667
v  -640.0001 0 268
v  -639.6667 0 268.5
v  -629.5001 0 262.8333
v  -629.1667 0 263.1667
v  -627.8334 0 265.3333
v  -628.1667 0 265.3333
v  -624.8334 0 274
v  -637.6667 0 274
v  -626.6667 0 270.8333
v  -624.8334 0 271.8333
v  -639.6667 0 283.5
v  -638.1667 0 274
v  -637.6667 0 274
v  -626.1667 0 269.6667
v  -624.8334 0 271.8333
v  -626.6667 0 270.8333
v  -627.3334 0 267.3333
v  -626.1667 0 269.6667
v  -626.6667 0 270.8333
v  -627.3334 0 267.3333
v  -626.6667 0 270.8333
v  -628.1667 0 265.3333
v  -627.8334 0 265.3333
v  -639.6667 0 268.5
v  -638.1667 0 274
v  -639.6667 0 269.3333
v  -638.1667 0 274
v  -639.6667 0 274
v  -639.6667 0 269.3333
v  -637.6667 0 274
v  -638.1667 0 274
v  -639.6667 0 268.5
v  -628.1667 0 265.3333
v  -626.6667 0 270.8333
v  -640.0001 0 268.6667
v  -639.6667 0 269.3333
v  -639.6667 0 274
v  -639.6667 0 274
v  -639.6667 0 283.5
v  -640.0001 0 284.5
v  -640.0001 0 268.6667
v  -640.0001 0 285.5
v  -640.0001 0 284.5
v  -639.6667 0 283.5
v  -640.0001 0 287.6667
v  -640.0001 0 285.5
v  -639.6667 0 283.5
v  -640.0001 0 288
v  -640.0001 0 287.6667
v  -639.6667 0 283.5
v  -639.5001 0 298.6667
v  -640.0001 0 293.6667
v  -640.0001 0 291.8333
v  -626.1667 0 293.1667
v  -625.1667 0 298.6667
v  -627.1667 0 286.1667
v  -626.1667 0 289.6667
v  -626.1667 0 293.1667
v  -640.0001 0 291.8333
v  -640.0001 0 288
v  -639.6667 0 283.5
v  -624.8334 0 274
v  -624.8334 0 283.1667
v  -627.1667 0 286.1667
v  -639.6667 0 283.5
v  -637.6667 0 274
v  -639.6667 0 283.5
v  -639.6667 0 274
v  -638.1667 0 274
v  -629.5001 0 262.8333
v  -628.1667 0 265.3333
v  -639.6667 0 268.5
v  -629.6667 0 262.5
v  -629.5001 0 262.8333
v  -639.6667 0 268.5
v  -640.0001 0 268
v  -640.0001 0 256
v  -644.5 0 257.6667
v  -644 0 256
v  -640 0 256
v  -640.1667 0 267.5
v  -643.1667 0 263.3333
v  -640.1667 0 267.5
v  -642.5 0 266.6667
v  -643.1667 0 263.3333
v  -643.1667 0 263.3333
v  -644.6667 0 261.5
v  -644.5 0 257.6667
v  -640 0 268
v  -640.1667 0 267.5
v  -640 0 256
v  -640.1667 0 267.5
v  -640 0 268
v  -640 0 268.6667
v  -642.5 0 266.6667
v  -640.1667 0 267.5
v  -640 0 268.6667
v  -640 0 284.5
v  -644.6667 0 261.5
v  -643.1667 0 263.3333
v  -642.5 0 266.6667
v  -682.6667 0 256
v  -644 0 256
v  -644.5 0 257.6667
v  -642.5 0 266.6667
v  -640 0 284.5
v  -640 0 285.5
v  -642.5 0 266.6667
v  -640 0 285.5
v  -640 0 287.6667
v  -642.5 0 266.6667
v  -640 0 287.6667
v  -640 0 288
v  -642.5 0 266.6667
v  -640 0 288
v  -640 0 291.8333
v  -642.5 0 266.6667
v  -640 0 291.8333
v  -640 0 293.6667
v  -642.5 0 266.6667
v  -640 0 293.6667
v  -640 0 298.6667
v  -682.6667 0 298.6667
v  -682.6667 0 256
v  -644.6667 0 261.5
v  -682.6667 0 256
v  -644.5 0 257.6667
v  -644.6667 0 261.5
v  -682.6667 0 298.6667
v  -725.3334 0 298.6667
v  -725.3334 0 256
v  -682.6667 0 256
v  -725.3334 0 298.6667
v  -768.0001 0 298.6667
v  -768.0001 0 256
v  -725.3334 0 256
v  -768 0 298.6667
v  -810.6667 0 298.6667
v  -810.6667 0 256
v  -768 0 256
v  -830.3334 0 286.5
v  -832.1667 0 284.8333
v  -832.1667 0 284
v  -829.8334 0 277.3333
v  -826.8334 0 264.6667
v  -826.8334 0 263.3333
v  -810.6667 0 256
v  -829 0 288.6667
v  -830.3334 0 286.5
v  -829.8334 0 277.3333
v  -810.6667 0 298.6667
v  -825.5 0 298.6667
v  -826 0 295.1667
v  -826.8334 0 263.3333
v  -828.6667 0 256
v  -810.6667 0 256
v  -826 0 295.1667
v  -829 0 288.6667
v  -829.8334 0 277.3333
v  -826.8334 0 264.6667
v  -810.6667 0 256
v  -810.6667 0 298.6667
v  -832.1667 0 284.8333
v  -830.3334 0 286.5
v  -829 0 288.6667
v  -826 0 295.1667
v  -825.5 0 298.6667
v  -853.3334 0 298.6667
v  -828.8334 0 256
v  -828.6667 0 256
v  -826.8334 0 263.3333
v  -826.8334 0 264.6667
v  -826.8334 0 264.6667
v  -829.8334 0 277.3333
v  -832.1667 0 284
v  -853.3334 0 298.6667
v  -853.3334 0 256
v  -828.8334 0 256
v  -832.1667 0 284
v  -832.1667 0 284.8333
v  -853.3334 0 298.6667
v  -853.3334 0 298.6667
v  -869.3334 0 298.6667
v  -869.3334 0 256
v  -853.3334 0 256
v  -30.5 0 341.3333
v  -42.66667 0 341.3333
v  -42.66667 0 298.6667
v  -30.5 0 298.6667
v  -73.16667 0 316.1667
v  -73 0 315.1667
v  -72 0 313.6667
v  -72.66667 0 320.5
v  -73.16667 0 318.6667
v  -72.5 0 323.6667
v  -72.66667 0 320.5
v  -72 0 313.6667
v  -72.66667 0 330.1667
v  -72.83334 0 326.8333
v  -72.5 0 323.6667
v  -71.66667 0 309.8333
v  -72.5 0 306.8333
v  -73.16667 0 298.6667
v  -42.66667 0 298.6667
v  -78.83334 0 333.8333
v  -76 0 331.3333
v  -72.66667 0 330.1667
v  -42.66667 0 341.3333
v  -80.16667 0 341.3333
v  -80.33334 0 339.1667
v  -72.5 0 323.6667
v  -72 0 313.6667
v  -71.66667 0 309.8333
v  -42.66667 0 298.6667
v  -42.66667 0 341.3333
v  -72.66667 0 330.1667
v  -73.16667 0 318.6667
v  -72.66667 0 320.5
v  -72.5 0 323.6667
v  -72.83334 0 326.8333
v  -76 0 331.3333
v  -78.83334 0 333.8333
v  -80.33334 0 339.1667
v  -80.16667 0 341.3333
v  -85.33334 0 341.3333
v  -71.66667 0 309.8333
v  -72 0 313.6667
v  -73 0 315.1667
v  -72.5 0 306.8333
v  -72.83334 0 326.8333
v  -72.66667 0 330.1667
v  -76 0 331.3333
v  -78.83334 0 333.8333
v  -80.33334 0 339.1667
v  -85.33334 0 341.3333
v  -85.33334 0 298.6667
v  -73.16667 0 298.6667
v  -72.5 0 306.8333
v  -73.16667 0 316.1667
v  -78.83334 0 333.8333
v  -85.33334 0 341.3333
v  -73.16667 0 316.1667
v  -73.16667 0 318.6667
v  -78.83334 0 333.8333
v  -72.5 0 306.8333
v  -73 0 315.1667
v  -73.16667 0 316.1667
v  -85.33334 0 341.3333
v  -128 0 341.3333
v  -128 0 298.6667
v  -85.33334 0 298.6667
v  -128 0 341.3333
v  -170.6667 0 341.3333
v  -170.6667 0 298.6667
v  -128 0 298.6667
v  -184.8333 0 332.3333
v  -186.1667 0 331.1667
v  -186.1667 0 330.8333
v  -201.6667 0 328
v  -201.5 0 330.3333
v  -206 0 330.3333
v  -201.6667 0 328
v  -206 0 330.3333
v  -207.5 0 331
v  -186.1667 0 330.8333
v  -187.6667 0 330.3333
v  -186.3333 0 323.6667
v  -184.8333 0 332.3333
v  -186.1667 0 330.8333
v  -186.3333 0 323.6667
v  -186.3333 0 320
v  -170.6667 0 298.6667
v  -170.6667 0 341.3333
v  -201.6667 0 328
v  -207.5 0 331
v  -209.5 0 332
v  -201 0 320.5
v  -199.8333 0 310.8333
v  -197.1667 0 314.1667
v  -199.3333 0 316.1667
v  -201.8333 0 311.5
v  -199.8333 0 310.8333
v  -198.3333 0 309.6667
v  -197.1667 0 314.1667
v  -170.6667 0 341.3333
v  -186.8333 0 341.3333
v  -185.6667 0 339.1667
v  -170.6667 0 341.3333
v  -185.6667 0 339.1667
v  -184.8333 0 333.1667
v  -200.3333 0 318
v  -201 0 320.5
v  -209.5 0 332
v  -170.6667 0 341.3333
v  -184.8333 0 333.1667
v  -184.8333 0 332.3333
v  -199.3333 0 316.1667
v  -200.3333 0 318
v  -209.5 0 332
v  -213.3333 0 335.8333
v  -206.5 0 310.1667
v  -204.5 0 311.3333
v  -211.5 0 305.5
v  -206.5 0 310.1667
v  -213.3333 0 335.8333
v  -196.1667 0 302.6667
v  -197 0 298.6667
v  -170.6667 0 298.6667
v  -196.1667 0 305.5
v  -196.1667 0 302.6667
v  -170.6667 0 298.6667
v  -187.5 0 315.1667
v  -190.5 0 313
v  -204.5 0 311.3333
v  -201.8333 0 311.5
v  -199.3333 0 316.1667
v  -213.3333 0 335.8333
v  -212.6667 0 304
v  -211.5 0 305.5
v  -170.6667 0 298.6667
v  -186.3333 0 320
v  -187.5 0 315.1667
v  -213.3333 0 335.8333
v  -213.3333 0 302.3333
v  -212.6667 0 304
v  -198.3333 0 309.6667
v  -196.8333 0 307.5
v  -195 0 313
v  -197.1667 0 314.1667
v  -196.1667 0 305.5
v  -190.5 0 313
v  -195 0 313
v  -196.8333 0 307.5
v  -212.6667 0 304
v  -213.3333 0 302.3333
v  -213.3333 0 301.8333
v  -198.3333 0 309.6667
v  -199.8333 0 310.8333
v  -201.8333 0 311.5
v  -204.5 0 311.3333
v  -206.5 0 310.1667
v  -211.5 0 305.5
v  -212.6667 0 304
v  -213.3333 0 301.8333
v  -213.3333 0 298.6667
v  -197.1667 0 298.6667
v  -197 0 298.6667
v  -196.1667 0 302.6667
v  -196.1667 0 305.5
v  -196.1667 0 305.5
v  -196.8333 0 307.5
v  -198.3333 0 309.6667
v  -197.1667 0 298.6667
v  -196.1667 0 305.5
v  -198.3333 0 309.6667
v  -206.5 0 310.1667
v  -211.5 0 305.5
v  -213.3333 0 298.6667
v  -187.6667 0 330.3333
v  -186.1667 0 330.8333
v  -186.1667 0 331.1667
v  -186.1667 0 331.1667
v  -184.8333 0 332.3333
v  -184.8333 0 333.1667
v  -187.6667 0 330.3333
v  -185.6667 0 339.1667
v  -186.8333 0 341.3333
v  -187 0 341.3333
v  -184.8333 0 333.1667
v  -209.5 0 332
v  -207.5 0 331
v  -206 0 330.3333
v  -201.5 0 330.3333
v  -195 0 313
v  -187.5 0 315.1667
v  -186.3333 0 323.6667
v  -187.6667 0 330.3333
v  -201.5 0 330.3333
v  -201 0 320.5
v  -201 0 320.5
v  -200.3333 0 318
v  -199.3333 0 316.1667
v  -197.1667 0 314.1667
v  -195 0 313
v  -187.6667 0 330.3333
v  -184.8333 0 333.1667
v  -187 0 341.3333
v  -213.3333 0 341.3333
v  -209.5 0 332
v  -201.5 0 330.3333
v  -213.3333 0 336
v  -213.3333 0 335.8333
v  -209.5 0 332
v  -195 0 313
v  -190.5 0 313
v  -187.5 0 315.1667
v  -213.3333 0 341.3333
v  -213.3333 0 336
v  -209.5 0 332
v  -201.5 0 330.3333
v  -201.6667 0 328
v  -201 0 320.5
v  -187.5 0 315.1667
v  -186.3333 0 320
v  -186.3333 0 323.6667
v  -213.6667 0 301.5
v  -213.8333 0 298.6667
v  -213.6667 0 298.6667
v  -213.6667 0 301.5
v  -213.6667 0 298.6667
v  -213.3333 0 298.6667
v  -213.3333 0 301.8333
v  -213.6667 0 301.5
v  -213.3333 0 301.8333
v  -213.3333 0 302.3333
v  -213.3333 0 335.8333
v  -213.3333 0 336
v  -214.6667 0 337
v  -214.6667 0 337.3333
v  -218.5 0 341.3333
v  -218.6667 0 341.3333
v  -214.6667 0 337
v  -253 0 300.1667
v  -247.8333 0 298.6667
v  -247.5 0 298.6667
v  -213.6667 0 301.5
v  -214.6667 0 337
v  -218.6667 0 341.3333
v  -256 0 341.3333
v  -256 0 300.5
v  -253 0 300.1667
v  -247.5 0 298.6667
v  -213.8333 0 298.6667
v  -213.6667 0 301.5
v  -253 0 300.1667
v  -213.6667 0 301.5
v  -213.3333 0 302.3333
v  -213.3333 0 335.8333
v  -214.6667 0 337
v  -256 0 298.6667
v  -247.8333 0 298.6667
v  -253 0 300.1667
v  -256 0 300.5
v  -214.6667 0 337.3333
v  -214.6667 0 337
v  -213.3333 0 336
v  -213.3333 0 341.3333
v  -218.5 0 341.3333
v  -214.6667 0 337.3333
v  -213.3333 0 336
v  -262.5 0 299.5
v  -268 0 299.1667
v  -268.6667 0 298.6667
v  -256 0 298.6667
v  -256 0 300.5
v  -262.5 0 299.5
v  -256 0 298.6667
v  -269 0 298.6667
v  -268.6667 0 298.6667
v  -268 0 299.1667
v  -268 0 299.1667
v  -262.5 0 299.5
v  -256 0 300.5
v  -256 0 341.3333
v  -298.6667 0 341.3333
v  -298.6667 0 298.6667
v  -298.6667 0 298.6667
v  -269 0 298.6667
v  -268 0 299.1667
v  -298.6667 0 341.3333
v  -341.3333 0 341.3333
v  -341.3333 0 298.6667
v  -298.6667 0 298.6667
v  -384 0 332
v  -384 0 331.8333
v  -382.6667 0 331
v  -379.8333 0 304.5
v  -384 0 305
v  -384 0 298.6667
v  -377.5 0 305.6667
v  -379.8333 0 304.5
v  -384 0 298.6667
v  -341.3333 0 298.6667
v  -384 0 341.3333
v  -384 0 332
v  -382.6667 0 331
v  -384 0 341.3333
v  -382.6667 0 331
v  -379.5 0 327
v  -341.3333 0 341.3333
v  -341.3333 0 341.3333
v  -379.5 0 327
v  -376 0 312.6667
v  -341.3333 0 298.6667
v  -376 0 312.6667
v  -377.5 0 305.6667
v  -341.3333 0 298.6667
v  -384 0 305
v  -379.8333 0 304.5
v  -377.5 0 305.6667
v  -379.5 0 327
v  -382.6667 0 331
v  -384 0 331.8333
v  -384 0 305
v  -377.5 0 305.6667
v  -376 0 312.6667
v  -384 0 298.6667
v  -384 0 305
v  -386.1667 0 305.1667
v  -388.6667 0 335.6667
v  -384 0 332
v  -384 0 341.3333
v  -400 0 339.6667
v  -396.1667 0 338
v  -388.6667 0 335.6667
v  -384 0 341.3333
v  -386.1667 0 305.1667
v  -395.5 0 310.1667
v  -398.1667 0 310.8333
v  -426.6667 0 298.6667
v  -384 0 298.6667
v  -406.5 0 325.8333
v  -406.6667 0 335
v  -426.6667 0 341.3333
v  -426.6667 0 298.6667
v  -398.1667 0 310.8333
v  -400.8333 0 313.5
v  -403.1667 0 339.6667
v  -400 0 339.6667
v  -384 0 341.3333
v  -426.6667 0 341.3333
v  -406.5 0 325.8333
v  -426.6667 0 341.3333
v  -426.6667 0 298.6667
v  -400.8333 0 313.5
v  -405.5 0 337.6667
v  -403.1667 0 339.6667
v  -426.6667 0 341.3333
v  -406.6667 0 335
v  -405.5 0 337.6667
v  -426.6667 0 341.3333
v  -403.1667 0 339.6667
v  -405.5 0 337.6667
v  -406.6667 0 335
v  -406.5 0 325.8333
v  -396.1667 0 338
v  -400 0 339.6667
v  -384 0 331.8333
v  -384 0 332
v  -388.6667 0 335.6667
v  -396.1667 0 338
v  -400.8333 0 313.5
v  -398.1667 0 310.8333
v  -395.5 0 310.1667
v  -395.5 0 310.1667
v  -386.1667 0 305.1667
v  -384 0 305
v  -400.8333 0 313.5
v  -395.5 0 310.1667
v  -384 0 305
v  -384 0 331.8333
v  -396.1667 0 338
v  -406.5 0 325.8333
v  -426.6667 0 341.3333
v  -469.3333 0 341.3333
v  -469.3333 0 298.6667
v  -426.6667 0 298.6667
v  -494.6667 0 322
v  -496.8333 0 320
v  -497 0 319.5
v  -511.5 0 337.6667
v  -510.1667 0 341.3333
v  -512 0 341.3333
v  -511.5 0 333.6667
v  -511.5 0 337.6667
v  -512 0 341.3333
v  -512 0 298.6667
v  -469.3333 0 341.3333
v  -500.3333 0 341.3333
v  -498.6667 0 339
v  -469.3333 0 341.3333
v  -498.6667 0 339
v  -495 0 330.1667
v  -469.3333 0 341.3333
v  -495 0 330.1667
v  -494.6667 0 328.3333
v  -469.3333 0 341.3333
v  -494.6667 0 328.3333
v  -494.6667 0 322
v  -512 0 298.6667
v  -469.3333 0 298.6667
v  -469.3333 0 341.3333
v  -494.6667 0 322
v  -497 0 319.5
v  -509 0 324.6667
v  -511.5 0 333.6667
v  -512 0 298.6667
v  -512 0 298.6667
v  -507.8333 0 322.3333
v  -509 0 324.6667
v  -512 0 298.6667
v  -497 0 319.5
v  -501.1667 0 318.5
v  -512 0 298.6667
v  -501.1667 0 318.5
v  -504.1667 0 319.3333
v  -512 0 298.6667
v  -504.1667 0 319.3333
v  -506.1667 0 320.5
v  -512 0 298.6667
v  -506.1667 0 320.5
v  -507.8333 0 322.3333
v  -510 0 341.3333
v  -510.1667 0 341.3333
v  -511.5 0 337.6667
v  -501.1667 0 318.5
v  -497 0 319.5
v  -496.8333 0 320
v  -507.8333 0 322.3333
v  -506.1667 0 320.5
v  -504.1667 0 319.3333
v  -509 0 324.6667
v  -504.1667 0 319.3333
v  -494.6667 0 322
v  -495 0 330.1667
v  -498.6667 0 339
v  -511.5 0 333.6667
v  -509 0 324.6667
v  -504.1667 0 319.3333
v  -501.1667 0 318.5
v  -496.8333 0 320
v  -494.6667 0 322
v  -510 0 341.3333
v  -511.5 0 337.6667
v  -511.5 0 333.6667
v  -498.6667 0 339
v  -500.3333 0 341.3333
v  -494.6667 0 322
v  -494.6667 0 328.3333
v  -495 0 330.1667
v  -512 0 341.3333
v  -554.6667 0 341.3333
v  -554.6667 0 298.6667
v  -512 0 298.6667
v  -554.6667 0 341.3333
v  -597.3334 0 341.3333
v  -597.3334 0 298.6667
v  -554.6667 0 298.6667
v  -627.5001 0 324.5
v  -627.6667 0 323.3333
v  -627.1667 0 322.6667
v  -624.1667 0 323.8333
v  -625.5001 0 325
v  -626.5001 0 319.1667
v  -626.6667 0 313.3333
v  -625.6667 0 308.6667
v  -612.3334 0 322.1667
v  -616.5001 0 321.5
v  -597.3334 0 298.6667
v  -606.5001 0 326.6667
v  -608.8334 0 324
v  -605.6667 0 338.3333
v  -607.6667 0 337.5
v  -604.8334 0 334.6667
v  -625.8334 0 307.5
v  -627.1667 0 304.3333
v  -626.3334 0 303.5
v  -604.6667 0 339.1667
v  -605.6667 0 338.3333
v  -604.8334 0 334.6667
v  -625.6667 0 308.6667
v  -625.8334 0 307.5
v  -626.3334 0 303.5
v  -625.3334 0 301.3333
v  -624.1667 0 323.8333
v  -627.1667 0 322.6667
v  -626.5001 0 319.1667
v  -620.3334 0 322
v  -597.3334 0 341.3333
v  -604.8334 0 330.1667
v  -606.5001 0 326.6667
v  -597.3334 0 298.6667
v  -610.5001 0 322.8333
v  -612.3334 0 322.1667
v  -625.6667 0 308.6667
v  -597.3334 0 341.3333
v  -604.6667 0 341.3333
v  -604.6667 0 339.1667
v  -604.6667 0 339.1667
v  -604.8334 0 334.6667
v  -604.8334 0 330.1667
v  -597.3334 0 341.3333
v  -625.6667 0 308.6667
v  -625.3334 0 301.3333
v  -625.1667 0 298.6667
v  -597.3334 0 298.6667
v  -608.8334 0 324
v  -610.5001 0 322.8333
v  -616.5001 0 321.5
v  -620.3334 0 322
v  -626.5001 0 319.1667
v  -627.5001 0 339.3333
v  -627.3334 0 341.1667
v  -627.6667 0 341.3333
v  -640.0001 0 341.3333
v  -640.0001 0 340.5
v  -639.3334 0 336.1667
v  -640.0001 0 304
v  -640.0001 0 303.6667
v  -639.3334 0 301
v  -627.3334 0 341.3333
v  -627.3334 0 341.1667
v  -624.6667 0 339.6667
v  -605.6667 0 338.3333
v  -604.6667 0 339.1667
v  -604.6667 0 341.3333
v  -625.3334 0 301.3333
v  -626.3334 0 303.5
v  -627.1667 0 304.3333
v  -639.3334 0 301
v  -639.5001 0 298.6667
v  -625.1667 0 298.6667
v  -639.3334 0 326.8333
v  -640.0001 0 323.8333
v  -640.0001 0 323
v  -627.6667 0 323.3333
v  -627.5001 0 324.5
v  -612.3334 0 322.1667
v  -610.5001 0 322.8333
v  -608.8334 0 324
v  -606.5001 0 326.6667
v  -604.8334 0 330.1667
v  -626.5001 0 319.1667
v  -627.1667 0 322.6667
v  -627.6667 0 323.3333
v  -626.6667 0 313.3333
v  -640.0001 0 340.5
v  -640.0001 0 339.3333
v  -639.3334 0 336.1667
v  -627.1667 0 304.3333
v  -625.8334 0 307.5
v  -625.6667 0 308.6667
v  -626.6667 0 313.3333
v  -607.6667 0 337.5
v  -605.6667 0 338.3333
v  -604.6667 0 341.3333
v  -627.3334 0 341.3333
v  -624.6667 0 339.6667
v  -619.3334 0 338
v  -627.1667 0 338.6667
v  -627.5001 0 339.3333
v  -639.3334 0 336.1667
v  -625.5001 0 325
v  -624.1667 0 323.8333
v  -620.3334 0 322
v  -616.5001 0 321.5
v  -612.3334 0 322.1667
v  -612.3334 0 322.1667
v  -604.8334 0 330.1667
v  -607.6667 0 337.5
v  -621.8334 0 337.1667
v  -624.1667 0 336.8333
v  -625.5001 0 325
v  -640.0001 0 304
v  -639.3334 0 301
v  -627.1667 0 304.3333
v  -626.6667 0 313.3333
v  -627.6667 0 323.3333
v  -640.0001 0 323
v  -604.8334 0 330.1667
v  -604.8334 0 334.6667
v  -607.6667 0 337.5
v  -607.6667 0 337.5
v  -619.3334 0 338
v  -621.8334 0 337.1667
v  -625.5001 0 325
v  -624.1667 0 336.8333
v  -627.1667 0 338.6667
v  -639.3334 0 336.1667
v  -639.3334 0 326.8333
v  -627.5001 0 324.5
v  -640.0001 0 298.6667
v  -639.5001 0 298.6667
v  -639.3334 0 301
v  -640.0001 0 303.6667
v  -640.0001 0 323.8333
v  -639.3334 0 326.8333
v  -639.3334 0 336.1667
v  -640.0001 0 339.3333
v  -627.5001 0 339.8333
v  -627.1667 0 338.6667
v  -626.6667 0 338.1667
v  -624.6667 0 339.6667
v  -627.1667 0 341.1667
v  -624.6667 0 339.6667
v  -626.6667 0 338.1667
v  -624.1667 0 336.8333
v  -621.8334 0 337.1667
v  -619.3334 0 338
v  -627.3334 0 341.3333
v  -627.5001 0 341.3333
v  -627.6667 0 341.3333
v  -640 0 339.3333
v  -640 0 340.5
v  -640.1667 0 341.3333
v  -640 0 303.6667
v  -640 0 304
v  -641.5 0 307
v  -640 0 303.6667
v  -641.5 0 307
v  -643.3333 0 309.1667
v  -682.6667 0 298.6667
v  -640 0 298.6667
v  -643.3333 0 317.6667
v  -640 0 323
v  -640 0 323.8333
v  -682.6667 0 298.6667
v  -643.3333 0 309.1667
v  -643.8333 0 311.5
v  -640 0 323.8333
v  -640 0 339.3333
v  -640.1667 0 341.3333
v  -682.6667 0 341.3333
v  -682.6667 0 298.6667
v  -643.3333 0 317.6667
v  -682.6667 0 298.6667
v  -643.8333 0 311.5
v  -643.3333 0 317.6667
v  -643.8333 0 311.5
v  -643.3333 0 309.1667
v  -641.5 0 307
v  -643.3333 0 317.6667
v  -643.3333 0 317.6667
v  -641.5 0 307
v  -640 0 304
v  -640 0 323
v  -640 0 341.3333
v  -640.1667 0 341.3333
v  -640 0 340.5
v  -682.6667 0 341.3333
v  -725.3334 0 341.3333
v  -725.3334 0 298.6667
v  -682.6667 0 298.6667
v  -725.3334 0 341.3333
v  -768.0001 0 341.3333
v  -768.0001 0 298.6667
v  -725.3334 0 298.6667
v  -768 0 341.3333
v  -810.6667 0 341.3333
v  -810.6667 0 298.6667
v  -768 0 298.6667
v  -810.6667 0 341.3333
v  -820.6667 0 341.3333
v  -817.5 0 329.8333
v  -821.8334 0 309.3333
v  -825.5 0 298.6667
v  -810.6667 0 298.6667
v  -818 0 314.8333
v  -816.3334 0 323.8333
v  -818 0 314.8333
v  -810.6667 0 298.6667
v  -810.6667 0 341.3333
v  -810.6667 0 341.3333
v  -817.5 0 329.8333
v  -816.3334 0 323.8333
v  -818 0 314.8333
v  -816.3334 0 323.8333
v  -817.5 0 329.8333
v  -821.8334 0 309.3333
v  -821.8334 0 309.3333
v  -817.5 0 329.8333
v  -820.6667 0 341.3333
v  -853.3334 0 341.3333
v  -853.3334 0 298.6667
v  -825.5 0 298.6667
v  -853.3334 0 341.3333
v  -869.3334 0 341.3333
v  -869.3334 0 298.6667
v  -853.3334 0 298.6667
v  -30.5 0 384
v  -42.66667 0 384
v  -42.66667 0 341.3333
v  -30.5 0 341.3333
v  -78.33334 0 349.3333
v  -79.83334 0 344.3333
v  -80.16667 0 341.3333
v  -42.66667 0 341.3333
v  -75.33334 0 355.5
v  -79.33334 0 384
v  -80 0 382.5
v  -80.66667 0 375.8333
v  -78 0 366.5
v  -78 0 366.5
v  -78.66667 0 361.3333
v  -75.33334 0 356
v  -79.33334 0 384
v  -78 0 366.5
v  -75.33334 0 356
v  -42.66667 0 341.3333
v  -42.66667 0 384
v  -75.33334 0 356
v  -75.33334 0 355.5
v  -42.66667 0 341.3333
v  -80 0 382.5
v  -79.33334 0 384
v  -85.33334 0 384
v  -85.33334 0 341.3333
v  -80.16667 0 341.3333
v  -79.83334 0 344.3333
v  -75.33334 0 355.5
v  -75.33334 0 356
v  -78.66667 0 361.3333
v  -78.33334 0 349.3333
v  -80.66667 0 375.8333
v  -80 0 382.5
v  -85.33334 0 384
v  -85.33334 0 341.3333
v  -79.83334 0 344.3333
v  -78.33334 0 349.3333
v  -78.66667 0 361.3333
v  -80.66667 0 375.8333
v  -85.33334 0 384
v  -78.66667 0 361.3333
v  -78 0 366.5
v  -80.66667 0 375.8333
v  -85.33334 0 384
v  -128 0 384
v  -128 0 341.3333
v  -85.33334 0 341.3333
v  -128 0 384
v  -170.6667 0 384
v  -170.6667 0 341.3333
v  -128 0 341.3333
v  -192.3333 0 349.8333
v  -187 0 341.3333
v  -186.8333 0 341.3333
v  -192.3333 0 349.8333
v  -186.8333 0 341.3333
v  -170.6667 0 341.3333
v  -193.8333 0 351.8333
v  -192.3333 0 349.8333
v  -170.6667 0 341.3333
v  -195 0 352.6667
v  -193.8333 0 351.8333
v  -170.6667 0 341.3333
v  -213.3333 0 384
v  -213.3333 0 356.6667
v  -205 0 356.8333
v  -198.6667 0 354.6667
v  -195 0 352.6667
v  -170.6667 0 341.3333
v  -170.6667 0 384
v  -213.3333 0 384
v  -213.3333 0 384
v  -205 0 356.8333
v  -198.6667 0 354.6667
v  -192.3333 0 349.8333
v  -193.8333 0 351.8333
v  -195 0 352.6667
v  -198.6667 0 354.6667
v  -192.3333 0 349.8333
v  -198.6667 0 354.6667
v  -205 0 356.8333
v  -213.3333 0 356.6667
v  -213.3333 0 341.3333
v  -187 0 341.3333
v  -218.3333 0 356.6667
v  -219.1667 0 356.3333
v  -220.3333 0 355.8333
v  -221.8333 0 353.1667
v  -222 0 349.3333
v  -218.6667 0 341.3333
v  -218.5 0 341.3333
v  -218.3333 0 356.6667
v  -221.8333 0 353.1667
v  -222 0 349.3333
v  -218.5 0 341.3333
v  -213.3333 0 341.3333
v  -213.3333 0 356.6667
v  -216 0 384
v  -216.3333 0 384
v  -219.1667 0 382.5
v  -228.1667 0 382.8333
v  -231.6667 0 384
v  -232.1667 0 384
v  -213.3333 0 384
v  -216 0 384
v  -219.1667 0 382.5
v  -218.3333 0 356.6667
v  -213.3333 0 356.6667
v  -228.1667 0 382.8333
v  -232.1667 0 384
v  -256 0 384
v  -256 0 341.3333
v  -222 0 349.3333
v  -221.8333 0 353.1667
v  -256 0 341.3333
v  -218.6667 0 341.3333
v  -222 0 349.3333
v  -218.3333 0 356.6667
v  -219.1667 0 382.5
v  -223.1667 0 382
v  -219.1667 0 356.3333
v  -220.3333 0 355.8333
v  -223.1667 0 382
v  -228.1667 0 382.8333
v  -221.8333 0 353.1667
v  -220.3333 0 355.8333
v  -219.1667 0 356.3333
v  -223.1667 0 382
v  -223.1667 0 382
v  -219.1667 0 382.5
v  -216.3333 0 384
v  -231.6667 0 384
v  -228.1667 0 382.8333
v  -256 0 384
v  -298.6667 0 384
v  -298.6667 0 341.3333
v  -256 0 341.3333
v  -323 0 373.3333
v  -324.3333 0 372.1667
v  -324.3333 0 371.8333
v  -298.6667 0 384
v  -298.6667 0 384
v  -319.1667 0 384
v  -321.1667 0 377.5
v  -298.6667 0 384
v  -321.1667 0 377.5
v  -323 0 373.3333
v  -326.5 0 370.5
v  -328.5 0 370.1667
v  -341.3333 0 341.3333
v  -298.6667 0 384
v  -324.3333 0 371.8333
v  -326.5 0 370.5
v  -341.3333 0 341.3333
v  -298.6667 0 341.3333
v  -338.5 0 372.8333
v  -341.3333 0 376.8333
v  -341.3333 0 341.3333
v  -336.5 0 371.3333
v  -338.5 0 372.8333
v  -341.3333 0 341.3333
v  -334.3333 0 370.3333
v  -336.5 0 371.3333
v  -341.3333 0 341.3333
v  -328.5 0 370.1667
v  -334.3333 0 370.3333
v  -341.3333 0 341.3333
v  -326.5 0 370.5
v  -324.3333 0 371.8333
v  -324.3333 0 372.1667
v  -326.5 0 370.5
v  -324.3333 0 372.1667
v  -323 0 373.3333
v  -321.1667 0 377.5
v  -328.5 0 370.1667
v  -338.5 0 372.8333
v  -336.5 0 371.3333
v  -334.3333 0 370.3333
v  -341.3333 0 377
v  -341.3333 0 376.8333
v  -341.3333 0 377
v  -334.3333 0 370.3333
v  -328.5 0 370.1667
v  -321.1667 0 377.5
v  -319.1667 0 384
v  -341.3333 0 384
v  -341.3333 0 376.8333
v  -341.3333 0 377
v  -341.8333 0 377.5
v  -341.3333 0 341.3333
v  -341.3333 0 376.8333
v  -341.8333 0 377.5
v  -341.3333 0 341.3333
v  -341.8333 0 377.5
v  -343.1667 0 380.6667
v  -343.1667 0 380.6667
v  -343.3333 0 384
v  -384 0 384
v  -384 0 341.3333
v  -341.3333 0 341.3333
v  -341.3333 0 384
v  -343.3333 0 384
v  -343.1667 0 380.6667
v  -341.8333 0 377.5
v  -341.3333 0 377
v  -384 0 384
v  -426.6667 0 384
v  -426.6667 0 341.3333
v  -384 0 341.3333
v  -426.6667 0 384
v  -469.3333 0 384
v  -469.3333 0 341.3333
v  -426.6667 0 341.3333
v  -510.1667 0 341.3333
v  -510 0 341.3333
v  -508.8333 0 343.3333
v  -512 0 341.3333
v  -510.1667 0 341.3333
v  -508.8333 0 343.3333
v  -512 0 384
v  -503 0 344.5
v  -500.3333 0 341.3333
v  -469.3333 0 341.3333
v  -469.3333 0 384
v  -512 0 384
v  -512 0 384
v  -505.3333 0 344.6667
v  -503 0 344.5
v  -512 0 384
v  -508.8333 0 343.3333
v  -506.5 0 344.6667
v  -512 0 384
v  -506.5 0 344.6667
v  -505.3333 0 344.6667
v  -503 0 344.5
v  -505.3333 0 344.6667
v  -506.5 0 344.6667
v  -508.8333 0 343.3333
v  -510 0 341.3333
v  -500.3333 0 341.3333
v  -512 0 384
v  -554.6667 0 384
v  -554.6667 0 341.3333
v  -512 0 341.3333
v  -554.6667 0 384
v  -597.3334 0 384
v  -597.3334 0 341.3333
v  -554.6667 0 341.3333
v  -626.5001 0 368.1667
v  -626.5001 0 367.5
v  -625.8334 0 366.8333
v  -625.6667 0 370
v  -625.6667 0 356.8333
v  -625.6667 0 354.8333
v  -623.6667 0 354.5
v  -624.6667 0 361.1667
v  -623.6667 0 354.5
v  -622.8334 0 352.1667
v  -621.8334 0 352
v  -615.8334 0 352
v  -597.3334 0 384
v  -625.3334 0 384
v  -624.6667 0 382.6667
v  -625.6667 0 370
v  -625.8334 0 366.8333
v  -624.8334 0 364.6667
v  -624.8334 0 364.6667
v  -623.6667 0 354.5
v  -615.8334 0 352
v  -604.6667 0 352.1667
v  -597.3334 0 384
v  -624.5001 0 378.8333
v  -597.3334 0 384
v  -624.6667 0 382.6667
v  -624.5001 0 378.8333
v  -624.6667 0 363
v  -624.6667 0 361.1667
v  -623.6667 0 354.5
v  -624.5001 0 378.8333
v  -625.5001 0 374.6667
v  -625.6667 0 370
v  -624.8334 0 364.6667
v  -624.8334 0 364.6667
v  -624.6667 0 363
v  -623.6667 0 354.5
v  -615.8334 0 352
v  -607.8334 0 351.3333
v  -604.6667 0 352.1667
v  -604.6667 0 352.1667
v  -604.6667 0 341.3333
v  -597.3334 0 341.3333
v  -597.3334 0 384
v  -627.5001 0 341.6667
v  -627.5001 0 341.3333
v  -627.3334 0 341.3333
v  -621.8334 0 352
v  -622.8334 0 352.1667
v  -624.6667 0 382.6667
v  -625.3334 0 384
v  -625.5001 0 384
v  -625.5001 0 374.6667
v  -624.5001 0 378.8333
v  -639.3334 0 349.1667
v  -639.8334 0 348
v  -640.0001 0 346.1667
v  -640.0001 0 342
v  -624.8334 0 364.6667
v  -625.8334 0 366.8333
v  -626.5001 0 367.5
v  -625.6667 0 356.8333
v  -624.6667 0 361.1667
v  -624.6667 0 363
v  -626.5001 0 368.1667
v  -625.5001 0 374.6667
v  -625.5001 0 384
v  -638.6667 0 381.1667
v  -639.5001 0 373.3333
v  -638.8334 0 363.5
v  -622.8334 0 352.1667
v  -623.6667 0 354.5
v  -625.6667 0 354.8333
v  -627.5001 0 341.6667
v  -625.6667 0 354.8333
v  -625.6667 0 356.8333
v  -626.5001 0 367.5
v  -639.6667 0 355.6667
v  -639.6667 0 349.6667
v  -639.3334 0 349.6667
v  -638.8334 0 363.5
v  -639.5001 0 373.3333
v  -639.6667 0 367.3333
v  -639.3334 0 367
v  -626.5001 0 368.1667
v  -625.6667 0 370
v  -625.5001 0 374.6667
v  -626.5001 0 367.5
v  -626.5001 0 368.1667
v  -638.8334 0 363.5
v  -625.5001 0 384
v  -639.0001 0 384
v  -638.6667 0 381.1667
v  -639.3334 0 349.1667
v  -640.0001 0 342
v  -640.0001 0 341.3333
v  -627.6667 0 341.3333
v  -627.5001 0 341.6667
v  -639.3334 0 349.6667
v  -639.3334 0 349.1667
v  -627.5001 0 341.6667
v  -625.6667 0 354.8333
v  -626.5001 0 367.5
v  -638.8334 0 363.5
v  -639.5001 0 373.3333
v  -639.3334 0 367
v  -638.8334 0 363.5
v  -604.6667 0 341.3333
v  -604.6667 0 352.1667
v  -607.8334 0 351.3333
v  -607.8334 0 351.3333
v  -615.8334 0 352
v  -621.8334 0 352
v  -627.3334 0 341.3333
v  -604.6667 0 341.3333
v  -627.6667 0 341.3333
v  -627.5001 0 341.3333
v  -627.5001 0 341.6667
v  -639.3334 0 349.1667
v  -639.3334 0 349.6667
v  -639.6667 0 349.6667
v  -639.8334 0 348
v  -639.6667 0 367.3333
v  -639.5001 0 373.3333
v  -640.0001 0 384
v  -638.6667 0 381.1667
v  -639.0001 0 384
v  -640.0001 0 384
v  -639.5001 0 373.3333
v  -638.8334 0 363.5
v  -639.3334 0 367
v  -639.6667 0 367.3333
v  -639.6667 0 355.6667
v  -639.8334 0 348
v  -639.6667 0 349.6667
v  -639.6667 0 355.6667
v  -640.0001 0 346.1667
v  -639.8334 0 348
v  -639.6667 0 355.6667
v  -639.6667 0 367.3333
v  -640.0001 0 384
v  -640 0 342
v  -640.1667 0 341.3333
v  -640 0 341.3333
v  -640.1667 0 341.3333
v  -640 0 342
v  -640 0 346.1667
v  -640.1667 0 341.3333
v  -640 0 346.1667
v  -640 0 384
v  -682.6667 0 384
v  -682.6667 0 341.3333
v  -682.6667 0 384
v  -725.3334 0 384
v  -725.3334 0 341.3333
v  -682.6667 0 341.3333
v  -725.3334 0 384
v  -768.0001 0 384
v  -768.0001 0 341.3333
v  -725.3334 0 341.3333
v  -768 0 384
v  -810.6667 0 384
v  -810.6667 0 341.3333
v  -768 0 341.3333
v  -828.6667 0 376
v  -829 0 374.3333
v  -828.8334 0 373.6667
v  -827.1667 0 371.5
v  -810.6667 0 384
v  -827.5 0 384
v  -827 0 379.1667
v  -825.1667 0 365.6667
v  -825.5 0 357.5
v  -825.1667 0 354.6667
v  -824.3334 0 351.5
v  -822.8334 0 348.1667
v  -827 0 379.1667
v  -828.6667 0 376
v  -827.1667 0 371.5
v  -825.1667 0 365.6667
v  -822.8334 0 348.1667
v  -820.6667 0 341.3333
v  -810.6667 0 341.3333
v  -810.6667 0 384
v  -825.1667 0 365.6667
v  -825.5 0 357.5
v  -828.6667 0 376
v  -827 0 379.1667
v  -827.5 0 384
v  -825.1667 0 365.6667
v  -827.1667 0 371.5
v  -828.8334 0 373.6667
v  -825.5 0 357.5
v  -829 0 374.3333
v  -828.6667 0 376
v  -827.5 0 384
v  -853.3334 0 384
v  -820.6667 0 341.3333
v  -822.8334 0 348.1667
v  -824.3334 0 351.5
v  -853.3334 0 341.3333
v  -853.3334 0 341.3333
v  -824.3334 0 351.5
v  -825.1667 0 354.6667
v  -825.5 0 357.5
v  -828.8334 0 373.6667
v  -829 0 374.3333
v  -853.3334 0 384
v  -853.3334 0 341.3333
v  -825.1667 0 354.6667
v  -853.3334 0 384
v  -869.3334 0 384
v  -869.3334 0 341.3333
v  -853.3334 0 341.3333
v  -30.5 0 426.6667
v  -42.66667 0 426.6667
v  -42.66667 0 384
v  -30.5 0 384
v  -76.16667 0 389
v  -78.5 0 386.1667
v  -79.33334 0 384
v  -42.66667 0 384
v  -53.16667 0 413.6667
v  -69.5 0 396.8333
v  -67.83334 0 426.6667
v  -67.33334 0 424.6667
v  -64 0 421.5
v  -59.66667 0 419.6667
v  -67.5 0 405
v  -70 0 399.8333
v  -69.5 0 396.8333
v  -53.16667 0 413.6667
v  -60 0 410.6667
v  -64 0 408.1667
v  -42.66667 0 426.6667
v  -53 0 414.8333
v  -53.16667 0 413.6667
v  -42.66667 0 384
v  -69.5 0 396.8333
v  -72.33334 0 395.1667
v  -76.16667 0 389
v  -42.66667 0 426.6667
v  -55.5 0 417
v  -53 0 414.8333
v  -67.83334 0 426.6667
v  -59.66667 0 419.6667
v  -55.5 0 417
v  -42.66667 0 426.6667
v  -67.33334 0 424.6667
v  -67.83334 0 426.6667
v  -68 0 426.6667
v  -53.16667 0 413.6667
v  -53 0 414.8333
v  -55.5 0 417
v  -60 0 410.6667
v  -72.33334 0 395.1667
v  -69.5 0 396.8333
v  -70 0 399.8333
v  -85.33334 0 384
v  -79.33334 0 384
v  -78.5 0 386.1667
v  -67.33334 0 424.6667
v  -68 0 426.6667
v  -85.33334 0 426.6667
v  -85.33334 0 384
v  -72.33334 0 395.1667
v  -67.5 0 405
v  -60 0 410.6667
v  -55.5 0 417
v  -59.66667 0 419.6667
v  -64 0 421.5
v  -64 0 408.1667
v  -85.33334 0 384
v  -78.5 0 386.1667
v  -76.16667 0 389
v  -72.33334 0 395.1667
v  -72.33334 0 395.1667
v  -70 0 399.8333
v  -67.5 0 405
v  -64 0 408.1667
v  -64 0 421.5
v  -67.33334 0 424.6667
v  -67.5 0 405
v  -85.33334 0 426.6667
v  -128 0 426.6667
v  -128 0 384
v  -85.33334 0 384
v  -128 0 426.6667
v  -170.6667 0 426.6667
v  -170.6667 0 384
v  -128 0 384
v  -211.1667 0 387.8333
v  -213.3333 0 386
v  -213.3333 0 385.8333
v  -211.1667 0 387.8333
v  -213.3333 0 385.8333
v  -213.3333 0 384
v  -170.6667 0 384
v  -207.6667 0 390.6667
v  -207.6667 0 390.6667
v  -210.6667 0 388.8333
v  -211.1667 0 387.8333
v  -205.8333 0 394.5
v  -207.6667 0 390.6667
v  -170.6667 0 384
v  -213.3333 0 426.6667
v  -213.3333 0 403.5
v  -210.5 0 402.1667
v  -213.3333 0 426.6667
v  -210.5 0 402.1667
v  -206.3333 0 398.6667
v  -170.6667 0 384
v  -170.6667 0 426.6667
v  -206.3333 0 398.6667
v  -205.8333 0 394.5
v  -170.6667 0 384
v  -213.3333 0 386
v  -211.1667 0 387.8333
v  -210.6667 0 388.8333
v  -210.6667 0 388.8333
v  -207.6667 0 390.6667
v  -205.8333 0 394.5
v  -206.3333 0 398.6667
v  -210.5 0 402.1667
v  -213.3333 0 403.5
v  -213.3333 0 386
v  -210.6667 0 388.8333
v  -205.8333 0 394.5
v  -213.3333 0 385.8333
v  -216 0 384
v  -213.3333 0 384
v  -216 0 384
v  -213.3333 0 385.8333
v  -213.3333 0 386
v  -216.3333 0 384
v  -213.3333 0 386
v  -213.3333 0 403.5
v  -215.8333 0 404.3333
v  -244.8333 0 416.5
v  -244.8333 0 415.1667
v  -244.5 0 412.8333
v  -229.5 0 423.6667
v  -231.5 0 424.3333
v  -233.6667 0 424.5
v  -215.8333 0 404.3333
v  -215.8333 0 405.3333
v  -217.3333 0 409.6667
v  -237.3333 0 386
v  -232.1667 0 384
v  -231.6667 0 384
v  -242 0 421.8333
v  -244 0 419.1667
v  -244.8333 0 416.5
v  -242.1667 0 393.3333
v  -241.6667 0 390.8333
v  -239.8333 0 387.6667
v  -244.5 0 412.8333
v  -243.1667 0 408.6667
v  -242 0 405.6667
v  -239.5 0 401.1667
v  -219.8333 0 415.3333
v  -222.1667 0 418.8333
v  -225 0 421.1667
v  -229.5 0 423.6667
v  -215.8333 0 404.3333
v  -217.3333 0 409.6667
v  -239.5 0 401.1667
v  -241.6667 0 397.5
v  -242.1667 0 393.3333
v  -239.8333 0 387.6667
v  -237.3333 0 386
v  -231.6667 0 384
v  -229.5 0 423.6667
v  -233.6667 0 424.5
v  -238 0 424.1667
v  -242 0 421.8333
v  -244.8333 0 416.5
v  -244.5 0 412.8333
v  -215.8333 0 404.3333
v  -229.5 0 423.6667
v  -244.5 0 412.8333
v  -239.5 0 401.1667
v  -231.6667 0 384
v  -213.3333 0 386
v  -231.6667 0 384
v  -216.3333 0 384
v  -213.3333 0 386
v  -215.8333 0 405.3333
v  -215.8333 0 404.3333
v  -213.3333 0 403.5
v  -217.3333 0 409.6667
v  -215.8333 0 405.3333
v  -213.3333 0 403.5
v  -241.6667 0 397.5
v  -239.5 0 401.1667
v  -242 0 405.6667
v  -241.6667 0 397.5
v  -242 0 405.6667
v  -243.1667 0 408.6667
v  -219.8333 0 415.3333
v  -217.3333 0 409.6667
v  -213.3333 0 403.5
v  -213.3333 0 426.6667
v  -244 0 419.1667
v  -242 0 421.8333
v  -256 0 426.6667
v  -222.1667 0 418.8333
v  -219.8333 0 415.3333
v  -213.3333 0 426.6667
v  -225 0 421.1667
v  -222.1667 0 418.8333
v  -213.3333 0 426.6667
v  -242.1667 0 393.3333
v  -241.6667 0 397.5
v  -243.1667 0 408.6667
v  -244.5 0 412.8333
v  -229.5 0 423.6667
v  -225 0 421.1667
v  -213.3333 0 426.6667
v  -231.5 0 424.3333
v  -229.5 0 423.6667
v  -213.3333 0 426.6667
v  -256 0 384
v  -232.1667 0 384
v  -237.3333 0 386
v  -256 0 384
v  -237.3333 0 386
v  -239.8333 0 387.6667
v  -256 0 384
v  -239.8333 0 387.6667
v  -241.6667 0 390.8333
v  -256 0 384
v  -241.6667 0 390.8333
v  -242.1667 0 393.3333
v  -244.8333 0 416.5
v  -244 0 419.1667
v  -256 0 426.6667
v  -233.6667 0 424.5
v  -231.5 0 424.3333
v  -213.3333 0 426.6667
v  -242.1667 0 393.3333
v  -244.5 0 412.8333
v  -244.8333 0 415.1667
v  -256 0 426.6667
v  -256 0 384
v  -233.6667 0 424.5
v  -213.3333 0 426.6667
v  -256 0 426.6667
v  -238 0 424.1667
v  -244.8333 0 415.1667
v  -244.8333 0 416.5
v  -256 0 426.6667
v  -242 0 421.8333
v  -238 0 424.1667
v  -256 0 426.6667
v  -256 0 426.6667
v  -298.6667 0 426.6667
v  -298.6667 0 384
v  -256 0 384
v  -309.5 0 401.1667
v  -310.8333 0 400
v  -310.8333 0 399.6667
v  -318.6667 0 396.6667
v  -321.1667 0 397.3333
v  -320.1667 0 395.3333
v  -330.3333 0 403.3333
v  -328.3333 0 402.8333
v  -330 0 406.3333
v  -333.8333 0 403
v  -330.3333 0 403.3333
v  -330 0 406.3333
v  -314.3333 0 397.1667
v  -318.6667 0 396.6667
v  -320.1667 0 395.3333
v  -318.5 0 388.8333
v  -337 0 401.3333
v  -333.8333 0 403
v  -330 0 406.3333
v  -331.8333 0 412.6667
v  -314 0 417.3333
v  -312.5 0 415.3333
v  -298.6667 0 426.6667
v  -318.6667 0 420.6667
v  -314 0 417.3333
v  -298.6667 0 426.6667
v  -310.8333 0 399.6667
v  -314.3333 0 397.1667
v  -318.5 0 388.8333
v  -337 0 401.3333
v  -331.8333 0 412.6667
v  -332 0 415.5
v  -338.6667 0 399.1667
v  -309.5 0 401.1667
v  -310.8333 0 399.6667
v  -318.5 0 388.8333
v  -319.1667 0 384
v  -298.6667 0 384
v  -322.1667 0 421.6667
v  -318.6667 0 420.6667
v  -298.6667 0 426.6667
v  -322.1667 0 421.6667
v  -298.6667 0 426.6667
v  -341.3333 0 426.6667
v  -326.3333 0 421.5
v  -329 0 420.1667
v  -326.3333 0 421.5
v  -341.3333 0 426.6667
v  -338.6667 0 399.1667
v  -332 0 415.5
v  -331 0 418.1667
v  -341.3333 0 426.6667
v  -341.3333 0 393.1667
v  -308.8333 0 403.1667
v  -309.5 0 401.1667
v  -298.6667 0 384
v  -308.8333 0 405.3333
v  -308.8333 0 403.1667
v  -298.6667 0 384
v  -298.6667 0 426.6667
v  -331 0 418.1667
v  -329 0 420.1667
v  -341.3333 0 426.6667
v  -309.6667 0 408.5
v  -308.8333 0 405.3333
v  -298.6667 0 426.6667
v  -312.5 0 415.3333
v  -309.6667 0 408.5
v  -298.6667 0 426.6667
v  -310.8333 0 400
v  -309.5 0 401.1667
v  -308.8333 0 403.1667
v  -308.8333 0 405.3333
v  -309.6667 0 408.5
v  -314.3333 0 397.1667
v  -314.3333 0 397.1667
v  -310.8333 0 399.6667
v  -310.8333 0 400
v  -318.5 0 388.8333
v  -320.1667 0 395.3333
v  -321.1667 0 397.3333
v  -319.1667 0 384
v  -328.3333 0 402.8333
v  -330.3333 0 403.3333
v  -333.8333 0 403
v  -337 0 401.3333
v  -338.6667 0 399.1667
v  -329 0 420.1667
v  -331 0 418.1667
v  -332 0 415.5
v  -331.8333 0 412.6667
v  -330 0 406.3333
v  -328.3333 0 402.8333
v  -321.1667 0 397.3333
v  -318.6667 0 396.6667
v  -314.3333 0 397.1667
v  -322.1667 0 421.6667
v  -326.3333 0 421.5
v  -329 0 420.1667
v  -332 0 415.5
v  -331.8333 0 412.6667
v  -318.6667 0 420.6667
v  -338.6667 0 399.1667
v  -341.3333 0 393.1667
v  -341.3333 0 392.6667
v  -338.6667 0 399.1667
v  -341.3333 0 392.6667
v  -341.3333 0 384
v  -319.1667 0 384
v  -321.1667 0 397.3333
v  -328.3333 0 402.8333
v  -321.1667 0 397.3333
v  -314.3333 0 397.1667
v  -309.6667 0 408.5
v  -318.6667 0 420.6667
v  -331.8333 0 412.6667
v  -328.3333 0 402.8333
v  -312.5 0 415.3333
v  -314 0 417.3333
v  -318.6667 0 420.6667
v  -309.6667 0 408.5
v  -343.5 0 385.5
v  -343.3333 0 384
v  -341.3333 0 384
v  -341.3333 0 392.6667
v  -342.8333 0 388.5
v  -342.8333 0 388.5
v  -341.3333 0 392.6667
v  -341.3333 0 393.1667
v  -342.8333 0 388.5
v  -341.3333 0 393.1667
v  -341.3333 0 426.6667
v  -384 0 384
v  -343.3333 0 384
v  -343.5 0 385.5
v  -343.5 0 385.5
v  -342.8333 0 388.5
v  -341.3333 0 426.6667
v  -384 0 426.6667
v  -384 0 384
v  -408.8333 0 417
v  -414.1667 0 414.6667
v  -416.1667 0 412.5
v  -419.3333 0 406.1667
v  -419.1667 0 402
v  -408.8333 0 417
v  -419.1667 0 402
v  -420.5 0 398.6667
v  -425 0 396.1667
v  -426.6667 0 396
v  -426.6667 0 384
v  -420.5 0 398.6667
v  -425 0 396.1667
v  -426.6667 0 384
v  -384 0 426.6667
v  -404 0 421.6667
v  -408.8333 0 417
v  -420.5 0 398.6667
v  -426.6667 0 384
v  -384 0 384
v  -384 0 426.6667
v  -403.5 0 426.6667
v  -404 0 421.6667
v  -426.6667 0 396
v  -425 0 396.1667
v  -420.5 0 398.6667
v  -419.1667 0 402
v  -419.3333 0 406.1667
v  -426.6667 0 396
v  -419.3333 0 406.1667
v  -416.1667 0 412.5
v  -426.6667 0 426.6667
v  -408.8333 0 417
v  -404 0 421.6667
v  -403.5 0 426.6667
v  -414.1667 0 414.6667
v  -414.1667 0 414.6667
v  -403.5 0 426.6667
v  -426.6667 0 426.6667
v  -416.1667 0 412.5
v  -465.5 0 426.6667
v  -465 0 424
v  -462.6667 0 423.8333
v  -465.5 0 426.6667
v  -462.6667 0 423.8333
v  -457.6667 0 422
v  -438.6667 0 424.1667
v  -436 0 426.6667
v  -426.6667 0 384
v  -426.6667 0 396
v  -429.8333 0 395.6667
v  -446 0 414.3333
v  -439.5 0 420.8333
v  -438.6667 0 424.1667
v  -457.6667 0 422
v  -454.5 0 418.8333
v  -467 0 399.6667
v  -469.3333 0 401.1667
v  -469.3333 0 384
v  -464.6667 0 399.1667
v  -467 0 399.6667
v  -469.3333 0 384
v  -459 0 399.3333
v  -464.6667 0 399.1667
v  -469.3333 0 384
v  -426.6667 0 384
v  -439.6667 0 397.6667
v  -443.8333 0 399
v  -426.6667 0 384
v  -429.8333 0 395.6667
v  -439.6667 0 397.6667
v  -452.1667 0 404.3333
v  -446.5 0 401.5
v  -447.3333 0 408.1667
v  -450.5 0 407.3333
v  -455 0 401.1667
v  -459 0 399.3333
v  -443.8333 0 399
v  -445.5 0 400
v  -452.1667 0 404.3333
v  -455 0 401.1667
v  -445.5 0 400
v  -446.5 0 401.5
v  -450.5 0 411.3333
v  -450.5 0 407.3333
v  -447.3333 0 408.1667
v  -447 0 411.3333
v  -446 0 414.3333
v  -454.5 0 418.8333
v  -450.5 0 411.3333
v  -447 0 411.3333
v  -446.5 0 401.5
v  -445.5 0 400
v  -443.8333 0 399
v  -439.6667 0 397.6667
v  -435.8333 0 426.6667
v  -436 0 426.6667
v  -438.6667 0 424.1667
v  -446 0 414.3333
v  -447 0 411.3333
v  -447.3333 0 408.1667
v  -446.5 0 401.5
v  -435.8333 0 426.6667
v  -438.6667 0 424.1667
v  -439.5 0 420.8333
v  -426.6667 0 426.6667
v  -439.6667 0 397.6667
v  -429.8333 0 395.6667
v  -426.6667 0 396
v  -446 0 414.3333
v  -446.5 0 401.5
v  -439.6667 0 397.6667
v  -426.6667 0 396
v  -426.6667 0 426.6667
v  -439.5 0 420.8333
v  -469.3333 0 401.1667
v  -467 0 399.6667
v  -464.6667 0 399.1667
v  -459 0 399.3333
v  -465 0 424
v  -465.5 0 426.6667
v  -469.3333 0 426.6667
v  -469.3333 0 401.1667
v  -452.1667 0 404.3333
v  -450.5 0 407.3333
v  -450.5 0 411.3333
v  -457.6667 0 422
v  -462.6667 0 423.8333
v  -465 0 424
v  -454.5 0 418.8333
v  -459 0 399.3333
v  -455 0 401.1667
v  -452.1667 0 404.3333
v  -452.1667 0 404.3333
v  -450.5 0 411.3333
v  -454.5 0 418.8333
v  -465 0 424
v  -469.3333 0 401.1667
v  -459 0 399.3333
v  -476.3333 0 413.6667
v  -476.1667 0 415.1667
v  -478.8333 0 416.1667
v  -476 0 411.8333
v  -476.3333 0 413.6667
v  -478.8333 0 416.1667
v  -481 0 416.5
v  -485.5 0 424.6667
v  -485.3333 0 426.6667
v  -512 0 426.6667
v  -476 0 411.8333
v  -481 0 416.5
v  -482.6667 0 418
v  -474.5 0 408.3333
v  -482.6667 0 418
v  -485.5 0 424.6667
v  -512 0 426.6667
v  -469.3333 0 384
v  -469.3333 0 401.1667
v  -470 0 401.5
v  -471.5 0 403.3333
v  -474.5 0 408.3333
v  -482.6667 0 418
v  -512 0 426.6667
v  -512 0 384
v  -469.3333 0 384
v  -469.3333 0 384
v  -470 0 401.5
v  -471.5 0 403.3333
v  -471.5 0 403.3333
v  -470 0 401.5
v  -469.3333 0 401.1667
v  -476.1667 0 415.1667
v  -476.3333 0 413.6667
v  -476 0 411.8333
v  -482.6667 0 418
v  -481 0 416.5
v  -478.8333 0 416.1667
v  -476.1667 0 415.1667
v  -476 0 411.8333
v  -474.5 0 408.3333
v  -471.5 0 403.3333
v  -469.3333 0 401.1667
v  -469.3333 0 426.6667
v  -482.6667 0 418
v  -478.8333 0 416.1667
v  -476.1667 0 415.1667
v  -469.3333 0 426.6667
v  -485.3333 0 426.6667
v  -485.5 0 424.6667
v  -512 0 426.6667
v  -554.6667 0 426.6667
v  -554.6667 0 384
v  -512 0 384
v  -554.6667 0 426.6667
v  -597.3334 0 426.6667
v  -597.3334 0 384
v  -554.6667 0 384
v  -625.5001 0 384.5
v  -625.5001 0 384
v  -625.3334 0 384
v  -627.0001 0 387.6667
v  -626.6667 0 385.8333
v  -625.5001 0 384.5
v  -627.0001 0 403.1667
v  -625.6667 0 425
v  -626.5001 0 422.5
v  -625.1667 0 420
v  -625.5001 0 426.6667
v  -625.6667 0 425
v  -625.1667 0 420
v  -623.3334 0 417.8333
v  -597.3334 0 426.6667
v  -623.5001 0 409.3333
v  -626.5001 0 404.8333
v  -627.0001 0 403.1667
v  -625.5001 0 384.5
v  -625.3334 0 384
v  -623.0001 0 413
v  -623.5001 0 409.3333
v  -625.3334 0 384
v  -597.3334 0 384
v  -597.3334 0 426.6667
v  -597.3334 0 426.6667
v  -623.3334 0 417.8333
v  -623.0001 0 413
v  -639.5001 0 404.5
v  -640.0001 0 404
v  -640.0001 0 403.6667
v  -640.0001 0 386.3333
v  -640.0001 0 386.1667
v  -639.3334 0 385.3333
v  -639.5001 0 422.6667
v  -640.0001 0 422
v  -640.0001 0 421.5
v  -625.5001 0 384
v  -625.5001 0 384.5
v  -626.6667 0 385.8333
v  -639.0001 0 384
v  -640.0001 0 407.5
v  -640.0001 0 406.5
v  -639.5001 0 404.5
v  -626.5001 0 422.5
v  -625.6667 0 425
v  -625.5001 0 426.6667
v  -639.5001 0 426.6667
v  -639.3334 0 424
v  -623.0001 0 413
v  -623.3334 0 417.8333
v  -625.1667 0 420
v  -640.0001 0 412.5
v  -640.0001 0 407.5
v  -639.5001 0 404.5
v  -640.0001 0 413.3333
v  -640.0001 0 412.5
v  -639.5001 0 404.5
v  -626.5001 0 404.8333
v  -623.5001 0 409.3333
v  -623.0001 0 413
v  -639.5001 0 422.6667
v  -640.0001 0 421.5
v  -640.0001 0 413.3333
v  -623.0001 0 413
v  -625.1667 0 420
v  -626.5001 0 422.5
v  -639.3334 0 424
v  -639.5001 0 422.6667
v  -640.0001 0 413.3333
v  -627.0001 0 403.1667
v  -626.5001 0 404.8333
v  -639.5001 0 404.5
v  -639.0001 0 384
v  -626.6667 0 385.8333
v  -627.0001 0 387.6667
v  -639.3334 0 385.3333
v  -626.5001 0 404.8333
v  -623.0001 0 413
v  -626.5001 0 422.5
v  -639.3334 0 424
v  -640.0001 0 413.3333
v  -639.5001 0 404.5
v  -640.0001 0 403.6667
v  -640.0001 0 386.3333
v  -639.3334 0 385.3333
v  -627.0001 0 387.6667
v  -627.0001 0 403.1667
v  -639.5001 0 404.5
v  -640.0001 0 384
v  -639.0001 0 384
v  -639.3334 0 385.3333
v  -640.0001 0 386.1667
v  -640.0001 0 406.5
v  -640.0001 0 404
v  -639.5001 0 404.5
v  -640.0001 0 422
v  -639.5001 0 422.6667
v  -639.3334 0 424
v  -639.5001 0 426.6667
v  -640.0001 0 426.6667
v  -640 0 406.5
v  -640 0 407.5
v  -640.3333 0 408.3333
v  -641.1667 0 418.8333
v  -640 0 421.5
v  -640 0 422
v  -640 0 386.1667
v  -640 0 386.3333
v  -642 0 389
v  -642 0 400.1667
v  -640 0 403.6667
v  -640 0 404
v  -640 0 404
v  -640 0 406.5
v  -640.3333 0 408.3333
v  -642 0 400.1667
v  -640.3333 0 408.3333
v  -640 0 412.5
v  -640 0 413.3333
v  -640 0 384
v  -640 0 386.1667
v  -642 0 389
v  -682.6667 0 384
v  -641.1667 0 418.8333
v  -640 0 422
v  -640 0 426.6667
v  -682.6667 0 426.6667
v  -682.6667 0 384
v  -642 0 389
v  -642 0 400.1667
v  -640.3333 0 408.3333
v  -640 0 413.3333
v  -641.1667 0 418.8333
v  -682.6667 0 426.6667
v  -682.6667 0 384
v  -642 0 400.1667
v  -642 0 400.1667
v  -642 0 389
v  -640 0 386.3333
v  -640 0 403.6667
v  -640 0 412.5
v  -640.3333 0 408.3333
v  -640 0 407.5
v  -640 0 421.5
v  -641.1667 0 418.8333
v  -640 0 413.3333
v  -682.6667 0 426.6667
v  -725.3334 0 426.6667
v  -725.3334 0 384
v  -682.6667 0 384
v  -725.3334 0 426.6667
v  -768.0001 0 426.6667
v  -768.0001 0 384
v  -725.3334 0 384
v  -768 0 426.6667
v  -810.6667 0 426.6667
v  -810.6667 0 384
v  -768 0 384
v  -834.6667 0 426.6667
v  -834.8334 0 426.6667
v  -836 0 423.6667
v  -835.3334 0 423.3333
v  -828.6667 0 391.5
v  -827.5 0 384
v  -810.6667 0 384
v  -810.6667 0 426.6667
v  -831.1667 0 414.5
v  -831.1667 0 413.3333
v  -834.6667 0 426.6667
v  -835.3334 0 423.3333
v  -832.6667 0 419.5
v  -831.1667 0 413.3333
v  -832.5 0 409.1667
v  -832.5 0 405
v  -828.6667 0 391.5
v  -834.6667 0 426.6667
v  -832.6667 0 419.5
v  -831.1667 0 414.5
v  -810.6667 0 426.6667
v  -832.6667 0 419.5
v  -835.3334 0 423.3333
v  -836 0 423.6667
v  -832.5 0 409.1667
v  -831.1667 0 413.3333
v  -831.1667 0 414.5
v  -832.6667 0 419.5
v  -827.5 0 384
v  -828.6667 0 391.5
v  -832.5 0 405
v  -853.3334 0 384
v  -832.5 0 405
v  -832.5 0 409.1667
v  -832.6667 0 419.5
v  -836 0 423.6667
v  -853.3334 0 426.6667
v  -853.3334 0 384
v  -836 0 423.6667
v  -834.8334 0 426.6667
v  -853.3334 0 426.6667
v  -853.3334 0 426.6667
v  -869.3334 0 426.6667
v  -869.3334 0 384
v  -853.3334 0 384
v  -30.5 0 469.3333
v  -42.66667 0 469.3333
v  -42.66667 0 426.6667
v  -30.5 0 426.6667
v  -69.5 0 431.1667
v  -68 0 426.6667
v  -67.83334 0 426.6667
v  -70 0 454.1667
v  -70.16667 0 447.6667
v  -67.33334 0 445.1667
v  -67.33334 0 445.1667
v  -68.33334 0 442.5
v  -69.5 0 436
v  -69.5 0 431.1667
v  -67.83334 0 426.6667
v  -42.66667 0 426.6667
v  -42.66667 0 469.3333
v  -71.83334 0 469.3333
v  -70.83334 0 466.1667
v  -70.83334 0 466.1667
v  -71.33334 0 462
v  -70 0 454.1667
v  -67.33334 0 445.1667
v  -42.66667 0 426.6667
v  -42.66667 0 469.3333
v  -70.83334 0 466.1667
v  -71.83334 0 469.3333
v  -72 0 469.3333
v  -68.33334 0 442.5
v  -67.33334 0 445.1667
v  -70.16667 0 447.6667
v  -71.33334 0 462
v  -70.83334 0 466.1667
v  -72 0 469.3333
v  -85.33334 0 469.3333
v  -69.5 0 436
v  -68.33334 0 442.5
v  -70.16667 0 447.6667
v  -70.16667 0 447.6667
v  -70 0 454.1667
v  -71.33334 0 462
v  -69.5 0 431.1667
v  -69.5 0 436
v  -70.16667 0 447.6667
v  -71.33334 0 462
v  -85.33334 0 469.3333
v  -85.33334 0 426.6667
v  -85.33334 0 426.6667
v  -68 0 426.6667
v  -69.5 0 431.1667
v  -85.33334 0 469.3333
v  -128 0 469.3333
v  -128 0 426.6667
v  -85.33334 0 426.6667
v  -128 0 469.3333
v  -170.6667 0 469.3333
v  -170.6667 0 426.6667
v  -128 0 426.6667
v  -207.5 0 428.5
v  -213.3333 0 431
v  -213.3333 0 426.6667
v  -200.1667 0 427.1667
v  -207.5 0 428.5
v  -213.3333 0 426.6667
v  -170.6667 0 469.3333
v  -193.3333 0 469.3333
v  -187.6667 0 458.8333
v  -170.6667 0 469.3333
v  -187.6667 0 458.8333
v  -185.8333 0 453
v  -200.1667 0 427.1667
v  -213.3333 0 426.6667
v  -170.6667 0 426.6667
v  -189.6667 0 431
v  -200.1667 0 427.1667
v  -170.6667 0 426.6667
v  -184.1667 0 438.5
v  -189.6667 0 431
v  -170.6667 0 426.6667
v  -185.8333 0 453
v  -184.1667 0 438.5
v  -170.6667 0 426.6667
v  -170.6667 0 469.3333
v  -213.3333 0 431.1667
v  -213.3333 0 431
v  -207.5 0 428.5
v  -200.1667 0 427.1667
v  -187.6667 0 458.8333
v  -193.3333 0 469.3333
v  -193.5 0 469.3333
v  -185.8333 0 453
v  -200.1667 0 427.1667
v  -189.6667 0 431
v  -184.1667 0 438.5
v  -200.1667 0 427.1667
v  -184.1667 0 438.5
v  -185.8333 0 453
v  -193.5 0 469.3333
v  -213.3333 0 469.3333
v  -213.3333 0 431.1667
v  -213.3333 0 431
v  -213.3333 0 431.1667
v  -214.5 0 431.8333
v  -250 0 467.5
v  -253.8333 0 469.3333
v  -254.1667 0 469.3333
v  -213.3333 0 426.6667
v  -213.3333 0 431
v  -214.5 0 431.8333
v  -250 0 467.5
v  -254.1667 0 469.3333
v  -256 0 469.3333
v  -229.1667 0 457.5
v  -231.3333 0 464.5
v  -233.6667 0 464.3333
v  -213.3333 0 426.6667
v  -214.5 0 431.8333
v  -218.1667 0 435.1667
v  -242.5 0 464.8333
v  -250 0 467.5
v  -256 0 469.3333
v  -223.5 0 444.1667
v  -224.5 0 447.3333
v  -229.1667 0 457.5
v  -233.6667 0 464.3333
v  -242.5 0 464.8333
v  -221.6667 0 440.6667
v  -223.5 0 444.1667
v  -242.5 0 464.8333
v  -213.3333 0 426.6667
v  -218.1667 0 435.1667
v  -221.6667 0 440.6667
v  -242.5 0 464.8333
v  -256 0 469.3333
v  -256 0 426.6667
v  -218.1667 0 435.1667
v  -214.5 0 431.8333
v  -213.3333 0 431.1667
v  -224.5 0 447.3333
v  -223.5 0 444.1667
v  -221.6667 0 440.6667
v  -242.5 0 464.8333
v  -233.6667 0 464.3333
v  -231.3333 0 464.5
v  -213.3333 0 469.3333
v  -253.8333 0 469.3333
v  -250 0 467.5
v  -231.3333 0 464.5
v  -229.1667 0 457.5
v  -224.5 0 447.3333
v  -221.6667 0 440.6667
v  -218.1667 0 435.1667
v  -213.3333 0 431.1667
v  -213.3333 0 469.3333
v  -231.3333 0 464.5
v  -224.5 0 447.3333
v  -278.1667 0 459.5
v  -277.1667 0 459
v  -275.3333 0 459.3333
v  -261.8333 0 442.1667
v  -263.6667 0 439.5
v  -264.1667 0 437.5
v  -256 0 426.6667
v  -259.1667 0 444.5
v  -275.3333 0 459.3333
v  -272.8333 0 459
v  -256 0 469.3333
v  -265.5 0 436.1667
v  -269.1667 0 435.5
v  -272.6667 0 433.1667
v  -256 0 426.6667
v  -256 0 426.6667
v  -258.1667 0 446.1667
v  -259.1667 0 444.5
v  -256 0 426.6667
v  -264.1667 0 437.5
v  -265.5 0 436.1667
v  -260.1667 0 450.5
v  -258.1667 0 447.8333
v  -256 0 469.3333
v  -256 0 469.3333
v  -298.6667 0 469.3333
v  -278.1667 0 459.5
v  -275.3333 0 459.3333
v  -281.5 0 458.3333
v  -279.3333 0 459.5
v  -298.6667 0 469.3333
v  -256 0 426.6667
v  -272.6667 0 433.1667
v  -273.5 0 433
v  -258.1667 0 447.8333
v  -258.1667 0 446.1667
v  -256 0 426.6667
v  -256 0 469.3333
v  -279.3333 0 459.5
v  -278.1667 0 459.5
v  -298.6667 0 469.3333
v  -272.8333 0 459
v  -269.6667 0 457.8333
v  -256 0 469.3333
v  -277.1667 0 459
v  -278.1667 0 459.5
v  -279.3333 0 459.5
v  -281.5 0 458.3333
v  -282.3333 0 454.6667
v  -281.3333 0 453.3333
v  -280.5 0 453
v  -281.5 0 458.3333
v  -259.1667 0 444.5
v  -258.1667 0 446.1667
v  -258.1667 0 447.8333
v  -262.5 0 451.6667
v  -265.1667 0 453.6667
v  -261.8333 0 442.1667
v  -276.3333 0 433.5
v  -273.5 0 433
v  -272.6667 0 433.1667
v  -269.1667 0 435.5
v  -278.5 0 436.5
v  -265.5 0 436.1667
v  -264.1667 0 437.5
v  -263.6667 0 439.5
v  -269.1667 0 435.5
v  -272.8333 0 459
v  -275.3333 0 459.3333
v  -277.1667 0 459
v  -269.1667 0 435.5
v  -263.6667 0 439.5
v  -261.8333 0 442.1667
v  -278.8333 0 449.5
v  -280.3333 0 447.6667
v  -280.3333 0 445.1667
v  -278.5 0 436.5
v  -277.1667 0 459
v  -281.5 0 458.3333
v  -280.5 0 453
v  -278.5 0 450.8333
v  -269.6667 0 457.8333
v  -272.8333 0 459
v  -258.1667 0 447.8333
v  -260.1667 0 450.5
v  -262.5 0 451.6667
v  -269.6667 0 457.8333
v  -278.5 0 450.8333
v  -278.8333 0 449.5
v  -265.1667 0 453.6667
v  -269.6667 0 457.8333
v  -278.8333 0 449.5
v  -278.5 0 436.5
v  -269.1667 0 435.5
v  -261.8333 0 442.1667
v  -280.3333 0 447.6667
v  -278.8333 0 449.5
v  -278.5 0 450.8333
v  -280.5 0 453
v  -281.3333 0 453.3333
v  -282.3333 0 454.6667
v  -281.5 0 458.3333
v  -298.6667 0 469.3333
v  -265.1667 0 453.6667
v  -262.5 0 451.6667
v  -260.1667 0 450.5
v  -256 0 469.3333
v  -269.6667 0 457.8333
v  -280.3333 0 447.6667
v  -281.3333 0 453.3333
v  -282.3333 0 454.6667
v  -298.6667 0 469.3333
v  -298.6667 0 426.6667
v  -280.3333 0 445.1667
v  -298.6667 0 426.6667
v  -276.3333 0 433.5
v  -278.5 0 436.5
v  -256 0 426.6667
v  -273.5 0 433
v  -276.3333 0 433.5
v  -298.6667 0 426.6667
v  -298.6667 0 426.6667
v  -278.5 0 436.5
v  -280.3333 0 445.1667
v  -298.6667 0 469.3333
v  -341.3333 0 469.3333
v  -341.3333 0 426.6667
v  -298.6667 0 426.6667
v  -341.3333 0 469.3333
v  -384 0 469.3333
v  -384 0 426.6667
v  -341.3333 0 426.6667
v  -408.8333 0 455
v  -409.3333 0 455.8333
v  -411.5 0 456.5
v  -407.5 0 454
v  -408.8333 0 455
v  -411.5 0 456.5
v  -399.1667 0 469.3333
v  -395.8333 0 464.1667
v  -393.6667 0 463.6667
v  -426.6667 0 432
v  -425.8333 0 432.3333
v  -425.1667 0 439.8333
v  -426.6667 0 460.6667
v  -411.5 0 456.5
v  -414.6667 0 458.8333
v  -419.6667 0 460.5
v  -424 0 460.3333
v  -384 0 469.3333
v  -399.1667 0 469.3333
v  -393.6667 0 463.6667
v  -390 0 462
v  -408.1667 0 446.8333
v  -398.5 0 451.8333
v  -405.3333 0 453
v  -409.5 0 447.8333
v  -384 0 469.3333
v  -390 0 462
v  -388.8333 0 459.3333
v  -403 0 438
v  -403.5 0 434
v  -403.5 0 426.6667
v  -384 0 426.6667
v  -389.8333 0 454.8333
v  -392 0 452.8333
v  -407.5 0 454
v  -412.6667 0 448.8333
v  -409.5 0 447.8333
v  -405.3333 0 453
v  -384 0 469.3333
v  -388.8333 0 459.3333
v  -389.3333 0 455.6667
v  -384 0 426.6667
v  -407.5 0 454
v  -411.5 0 456.5
v  -424 0 460.3333
v  -426.6667 0 460.6667
v  -418.5 0 448.5
v  -412.6667 0 448.8333
v  -398.5 0 451.8333
v  -408.1667 0 446.8333
v  -403.8333 0 441.1667
v  -394.3333 0 451.8333
v  -394.3333 0 451.8333
v  -403.8333 0 441.1667
v  -403 0 438
v  -392 0 452.8333
v  -426.6667 0 460.6667
v  -425.1667 0 439.8333
v  -423.1667 0 444.6667
v  -426.6667 0 460.6667
v  -423.1667 0 444.6667
v  -418.5 0 448.5
v  -389.3333 0 455.6667
v  -389.8333 0 454.8333
v  -384 0 426.6667
v  -425.8333 0 432.3333
v  -426.6667 0 432
v  -426.6667 0 431.8333
v  -408.1667 0 446.8333
v  -409.5 0 447.8333
v  -412.6667 0 448.8333
v  -418.5 0 448.5
v  -425.8333 0 432.3333
v  -426.6667 0 431.8333
v  -426.6667 0 426.6667
v  -403.5 0 434
v  -403 0 438
v  -403.8333 0 441.1667
v  -408.1667 0 446.8333
v  -403.5 0 426.6667
v  -403.5 0 434
v  -408.1667 0 446.8333
v  -418.5 0 448.5
v  -425.8333 0 432.3333
v  -426.6667 0 426.6667
v  -418.5 0 448.5
v  -423.1667 0 444.6667
v  -425.1667 0 439.8333
v  -425.8333 0 432.3333
v  -409.3333 0 455.8333
v  -408.8333 0 455
v  -407.5 0 454
v  -405.3333 0 453
v  -398.5 0 451.8333
v  -392 0 452.8333
v  -389.8333 0 454.8333
v  -389.3333 0 455.6667
v  -394.3333 0 451.8333
v  -426.6667 0 469.3333
v  -419.6667 0 460.5
v  -414.6667 0 458.8333
v  -414.6667 0 458.8333
v  -411.5 0 456.5
v  -409.3333 0 455.8333
v  -390 0 462
v  -393.6667 0 463.6667
v  -395.8333 0 464.1667
v  -395.8333 0 464.1667
v  -399.1667 0 469.3333
v  -399.3333 0 469.3333
v  -409.3333 0 455.8333
v  -398.5 0 451.8333
v  -395.8333 0 464.1667
v  -399.3333 0 469.3333
v  -426.6667 0 469.3333
v  -414.6667 0 458.8333
v  -389.3333 0 455.6667
v  -388.8333 0 459.3333
v  -390 0 462
v  -395.8333 0 464.1667
v  -398.5 0 451.8333
v  -394.3333 0 451.8333
v  -426.6667 0 460.6667
v  -424 0 460.3333
v  -419.6667 0 460.5
v  -426.6667 0 469.3333
v  -434.3333 0 428
v  -435.8333 0 426.6667
v  -426.6667 0 426.6667
v  -426.6667 0 431.8333
v  -436 0 426.6667
v  -435.8333 0 426.6667
v  -434.3333 0 428
v  -467.3333 0 429.1667
v  -467.3333 0 428.8333
v  -465.5 0 427.1667
v  -469.3333 0 430.5
v  -469.3333 0 430.3333
v  -467.3333 0 429.1667
v  -426.6667 0 432
v  -426.6667 0 460.6667
v  -432 0 462
v  -434.3333 0 428
v  -466.5 0 469.3333
v  -466.6667 0 469.3333
v  -469.3333 0 465.8333
v  -466.5 0 469.3333
v  -469.3333 0 465.8333
v  -469.3333 0 465.6667
v  -437.1667 0 465
v  -436.8333 0 469.3333
v  -434.3333 0 428
v  -426.6667 0 431.8333
v  -426.6667 0 432
v  -465.5 0 427.1667
v  -465.5 0 426.6667
v  -436 0 426.6667
v  -469.3333 0 430.5
v  -467.3333 0 429.1667
v  -434.3333 0 428
v  -432 0 462
v  -437.1667 0 465
v  -469.3333 0 465.6667
v  -467.3333 0 428.8333
v  -467.3333 0 429.1667
v  -469.3333 0 430.3333
v  -465.5 0 426.6667
v  -465.5 0 427.1667
v  -467.3333 0 428.8333
v  -469.3333 0 430.3333
v  -469.3333 0 426.6667
v  -436.8333 0 469.3333
v  -437.1667 0 465
v  -432 0 462
v  -426.6667 0 460.6667
v  -426.6667 0 469.3333
v  -466.6667 0 469.3333
v  -469.3333 0 469.3333
v  -469.3333 0 465.8333
v  -469.3333 0 430.3333
v  -469.3333 0 430.5
v  -471.3333 0 431.6667
v  -479.6667 0 433.5
v  -481.3333 0 433.3333
v  -483.6667 0 432
v  -476.3333 0 432.5
v  -469.3333 0 426.6667
v  -469.3333 0 430.3333
v  -471.3333 0 431.6667
v  -483.6667 0 432
v  -484.8333 0 430.3333
v  -485.3333 0 426.6667
v  -469.3333 0 426.6667
v  -471.3333 0 431.6667
v  -476.3333 0 432.5
v  -469.3333 0 465.6667
v  -470.3333 0 464.5
v  -470.3333 0 463.5
v  -492.6667 0 448.5
v  -494 0 449.8333
v  -495 0 450.3333
v  -483.6667 0 432
v  -496.5 0 466.6667
v  -494.1667 0 469
v  -494.1667 0 469.3333
v  -512 0 469.3333
v  -469.3333 0 465.6667
v  -470.3333 0 463.5
v  -471.1667 0 460.8333
v  -469.3333 0 430.5
v  -479.6667 0 433.5
v  -476.3333 0 432.5
v  -471.3333 0 431.6667
v  -474.8333 0 454.8333
v  -478.5 0 452.1667
v  -487.6667 0 448.1667
v  -490.5 0 448
v  -483.6667 0 432
v  -481.3333 0 433.3333
v  -497.8333 0 463.3333
v  -496.5 0 466.6667
v  -512 0 469.3333
v  -498.6667 0 459.1667
v  -497.8333 0 463.3333
v  -512 0 469.3333
v  -498.3333 0 455.3333
v  -498.6667 0 459.1667
v  -512 0 469.3333
v  -497.5 0 453.3333
v  -498.3333 0 455.3333
v  -512 0 469.3333
v  -495 0 450.3333
v  -497.5 0 453.3333
v  -512 0 469.3333
v  -512 0 426.6667
v  -484.8333 0 430.3333
v  -483.6667 0 432
v  -512 0 426.6667
v  -485.3333 0 426.6667
v  -484.8333 0 430.3333
v  -474.8333 0 454.8333
v  -471.3333 0 431.6667
v  -469.3333 0 430.5
v  -471.1667 0 460.8333
v  -479.6667 0 433.5
v  -478.5 0 452.1667
v  -483.6667 0 449.6667
v  -481.3333 0 433.3333
v  -483.6667 0 449.6667
v  -487.6667 0 448.1667
v  -481.3333 0 433.3333
v  -490.5 0 448
v  -492.6667 0 448.5
v  -483.6667 0 432
v  -494 0 469.3333
v  -494.1667 0 469.3333
v  -494.1667 0 469
v  -470.3333 0 464.5
v  -469.3333 0 465.6667
v  -469.3333 0 465.8333
v  -471.1667 0 460.8333
v  -470.3333 0 463.5
v  -470.3333 0 464.5
v  -494 0 449.8333
v  -492.6667 0 448.5
v  -490.5 0 448
v  -470.3333 0 464.5
v  -469.3333 0 465.8333
v  -469.3333 0 469.3333
v  -497.5 0 453.3333
v  -495 0 450.3333
v  -494 0 449.8333
v  -498.6667 0 459.1667
v  -498.3333 0 455.3333
v  -497.5 0 453.3333
v  -494.1667 0 469
v  -496.5 0 466.6667
v  -497.8333 0 463.3333
v  -494 0 449.8333
v  -490.5 0 448
v  -487.6667 0 448.1667
v  -497.5 0 453.3333
v  -478.5 0 452.1667
v  -474.8333 0 454.8333
v  -471.1667 0 460.8333
v  -471.1667 0 460.8333
v  -470.3333 0 464.5
v  -469.3333 0 469.3333
v  -487.6667 0 448.1667
v  -483.6667 0 449.6667
v  -478.5 0 452.1667
v  -494 0 469.3333
v  -494.1667 0 469
v  -497.5 0 453.3333
v  -497.5 0 453.3333
v  -487.6667 0 448.1667
v  -478.5 0 452.1667
v  -471.1667 0 460.8333
v  -469.3333 0 469.3333
v  -494 0 469.3333
v  -512 0 469.3333
v  -554.6667 0 469.3333
v  -554.6667 0 426.6667
v  -512 0 426.6667
v  -554.6667 0 469.3333
v  -597.3334 0 469.3333
v  -597.3334 0 426.6667
v  -554.6667 0 426.6667
v  -625.5001 0 462.5
v  -626.5001 0 460.1667
v  -626.0001 0 458.8333
v  -624.1667 0 456.6667
v  -624.1667 0 445.1667
v  -626.5001 0 441
v  -625.3334 0 439.3333
v  -597.3334 0 469.3333
v  -624.1667 0 456.6667
v  -624.1667 0 445.1667
v  -597.3334 0 426.6667
v  -624.8334 0 469.3333
v  -625.5001 0 466.5
v  -625.5001 0 462.5
v  -624.1667 0 456.6667
v  -597.3334 0 469.3333
v  -624.5001 0 434
v  -625.5001 0 429.6667
v  -625.5001 0 426.6667
v  -597.3334 0 426.6667
v  -624.1667 0 445.1667
v  -625.3334 0 439.3333
v  -624.5001 0 436.8333
v  -624.1667 0 445.1667
v  -624.5001 0 436.8333
v  -624.5001 0 434
v  -597.3334 0 426.6667
v  -639.0001 0 442.6667
v  -639.5001 0 440.5
v  -639.0001 0 439.5
v  -624.5001 0 436.8333
v  -625.3334 0 439.3333
v  -626.5001 0 441
v  -625.5001 0 429.6667
v  -624.5001 0 434
v  -626.5001 0 460.1667
v  -625.5001 0 462.5
v  -625.5001 0 466.5
v  -639.0001 0 469.3333
v  -639.5001 0 459.1667
v  -639.0001 0 457.1667
v  -639.0001 0 442.6667
v  -639.0001 0 439.5
v  -638.6667 0 436
v  -626.5001 0 441
v  -625.5001 0 466.5
v  -624.8334 0 469.3333
v  -639.0001 0 469.3333
v  -639.0001 0 442.6667
v  -626.5001 0 441
v  -624.1667 0 445.1667
v  -626.0001 0 458.8333
v  -626.5001 0 460.1667
v  -639.0001 0 457.1667
v  -639.5001 0 426.6667
v  -625.5001 0 426.6667
v  -625.5001 0 429.6667
v  -626.5001 0 441
v  -638.6667 0 436
v  -624.1667 0 445.1667
v  -624.1667 0 456.6667
v  -626.0001 0 458.8333
v  -638.6667 0 436
v  -639.0001 0 439.5
v  -639.5001 0 440.5
v  -640.0001 0 426.6667
v  -639.5001 0 426.6667
v  -639.0001 0 442.6667
v  -639.0001 0 457.1667
v  -639.5001 0 459.1667
v  -639.5001 0 440.5
v  -639.5001 0 459.1667
v  -639.0001 0 469.3333
v  -640.0001 0 469.3333
v  -640.0001 0 469.3333
v  -640.0001 0 426.6667
v  -639.5001 0 440.5
v  -639.5001 0 459.1667
v  -640 0 469.3333
v  -682.6667 0 469.3333
v  -682.6667 0 426.6667
v  -640 0 426.6667
v  -682.6667 0 469.3333
v  -725.3334 0 469.3333
v  -725.3334 0 426.6667
v  -682.6667 0 426.6667
v  -725.3334 0 469.3333
v  -768.0001 0 469.3333
v  -768.0001 0 426.6667
v  -725.3334 0 426.6667
v  -768 0 469.3333
v  -810.6667 0 469.3333
v  -810.6667 0 426.6667
v  -768 0 426.6667
v  -829.6667 0 467.3333
v  -832.1667 0 464.8333
v  -832.1667 0 464
v  -830.1667 0 458.5
v  -826.8334 0 443.3333
v  -829 0 434.8333
v  -810.6667 0 426.6667
v  -829 0 434.8333
v  -833.3334 0 429.8333
v  -834.6667 0 426.6667
v  -810.6667 0 426.6667
v  -828.8334 0 469.3333
v  -829.6667 0 467.3333
v  -830.1667 0 458.5
v  -828 0 450.3333
v  -828.8334 0 469.3333
v  -828 0 450.3333
v  -826.8334 0 444.6667
v  -810.6667 0 426.6667
v  -810.6667 0 469.3333
v  -826.8334 0 444.6667
v  -826.8334 0 443.3333
v  -810.6667 0 426.6667
v  -834.8334 0 426.6667
v  -834.6667 0 426.6667
v  -833.3334 0 429.8333
v  -832.1667 0 464.8333
v  -829.6667 0 467.3333
v  -828.8334 0 469.3333
v  -853.3334 0 469.3333
v  -826.8334 0 443.3333
v  -826.8334 0 444.6667
v  -828 0 450.3333
v  -828 0 450.3333
v  -830.1667 0 458.5
v  -832.1667 0 464
v  -833.3334 0 429.8333
v  -829 0 434.8333
v  -826.8334 0 443.3333
v  -853.3334 0 426.6667
v  -834.8334 0 426.6667
v  -833.3334 0 429.8333
v  -833.3334 0 429.8333
v  -826.8334 0 443.3333
v  -828 0 450.3333
v  -832.1667 0 464
v  -853.3334 0 469.3333
v  -853.3334 0 426.6667
v  -832.1667 0 464
v  -832.1667 0 464.8333
v  -853.3334 0 469.3333
v  -853.3334 0 469.3333
v  -869.3334 0 469.3333
v  -869.3334 0 426.6667
v  -853.3334 0 426.6667
v  -30.5 0 512
v  -42.66667 0 512
v  -42.66667 0 469.3333
v  -30.5 0 469.3333
v  -73.16667 0 496.1667
v  -73 0 495.1667
v  -72 0 493.6667
v  -72.66667 0 500.5
v  -73.16667 0 498.6667
v  -73.16667 0 473
v  -72 0 469.3333
v  -71.83334 0 469.3333
v  -76.5 0 512
v  -75.66667 0 511.1667
v  -72.66667 0 510.1667
v  -42.66667 0 512
v  -72.5 0 503.6667
v  -72.66667 0 500.5
v  -72 0 493.6667
v  -72.66667 0 510.1667
v  -72.83334 0 506.8333
v  -72.5 0 503.6667
v  -72.5 0 503.6667
v  -72 0 493.6667
v  -71.66667 0 489.8333
v  -42.66667 0 469.3333
v  -42.66667 0 512
v  -72.66667 0 510.1667
v  -71.66667 0 489.8333
v  -72.5 0 486.8333
v  -73.16667 0 480.8333
v  -73.16667 0 473
v  -71.83334 0 469.3333
v  -42.66667 0 469.3333
v  -75.66667 0 511.1667
v  -76.5 0 512
v  -76.66667 0 512
v  -73.16667 0 498.6667
v  -72.66667 0 500.5
v  -72.5 0 503.6667
v  -72.83334 0 506.8333
v  -72.66667 0 510.1667
v  -75.66667 0 511.1667
v  -71.66667 0 489.8333
v  -72 0 493.6667
v  -73 0 495.1667
v  -72.5 0 486.8333
v  -72.83334 0 506.8333
v  -75.66667 0 511.1667
v  -76.66667 0 512
v  -85.33334 0 512
v  -73.16667 0 498.6667
v  -72.5 0 503.6667
v  -73.16667 0 496.1667
v  -73.16667 0 498.6667
v  -85.33334 0 512
v  -85.33334 0 469.3333
v  -73.16667 0 473
v  -73.16667 0 480.8333
v  -72.5 0 486.8333
v  -73 0 495.1667
v  -73.16667 0 496.1667
v  -85.33334 0 512
v  -85.33334 0 469.3333
v  -73.16667 0 480.8333
v  -85.33334 0 469.3333
v  -72 0 469.3333
v  -73.16667 0 473
v  -85.33334 0 512
v  -128 0 512
v  -128 0 469.3333
v  -85.33334 0 469.3333
v  -128 0 512
v  -170.6667 0 512
v  -170.6667 0 469.3333
v  -128 0 469.3333
v  -208.3333 0 508.6667
v  -208.3333 0 508.3333
v  -205.3333 0 505.1667
v  -170.6667 0 512
v  -213.3333 0 511.8333
v  -213.3333 0 511.6667
v  -208.3333 0 508.6667
v  -213.3333 0 512
v  -213.3333 0 511.8333
v  -208.3333 0 508.6667
v  -170.6667 0 512
v  -202.8333 0 491.8333
v  -204.3333 0 485.3333
v  -199.8333 0 480.3333
v  -199.8333 0 480.3333
v  -193.5 0 469.3333
v  -193.3333 0 469.3333
v  -202.8333 0 499.8333
v  -202.8333 0 491.8333
v  -199.8333 0 480.3333
v  -193.3333 0 469.3333
v  -170.6667 0 469.3333
v  -170.6667 0 512
v  -170.6667 0 512
v  -203.5 0 501.3333
v  -202.8333 0 499.8333
v  -170.6667 0 512
v  -205.3333 0 505.1667
v  -203.5 0 501.3333
v  -202.8333 0 499.8333
v  -203.5 0 501.3333
v  -205.3333 0 505.1667
v  -208.3333 0 508.3333
v  -208.3333 0 508.3333
v  -208.3333 0 508.6667
v  -213.3333 0 511.6667
v  -213.3333 0 469.3333
v  -193.5 0 469.3333
v  -199.8333 0 480.3333
v  -204.3333 0 485.3333
v  -204.3333 0 485.3333
v  -202.8333 0 491.8333
v  -202.8333 0 499.8333
v  -208.3333 0 508.3333
v  -213.3333 0 511.6667
v  -213.3333 0 469.3333
v  -213.3333 0 511.6667
v  -213.3333 0 511.8333
v  -213.6667 0 512
v  -213.8333 0 512
v  -213.3333 0 511.6667
v  -213.8333 0 512
v  -256 0 512
v  -256 0 470.3333
v  -253.8333 0 469.3333
v  -213.3333 0 469.3333
v  -256 0 470.3333
v  -256 0 470.1667
v  -254.1667 0 469.3333
v  -253.8333 0 469.3333
v  -256 0 470.1667
v  -256 0 469.3333
v  -254.1667 0 469.3333
v  -213.3333 0 512
v  -213.6667 0 512
v  -213.3333 0 511.8333
v  -256 0 470.1667
v  -256 0 470.3333
v  -265 0 475
v  -256 0 469.3333
v  -256 0 470.1667
v  -265 0 475
v  -292.8333 0 480.1667
v  -298.6667 0 481.1667
v  -298.6667 0 469.3333
v  -265 0 475
v  -271.1667 0 479.1667
v  -277.8333 0 479
v  -277.8333 0 479
v  -280.6667 0 479.5
v  -292.8333 0 480.1667
v  -298.6667 0 469.3333
v  -256 0 469.3333
v  -265 0 475
v  -280.6667 0 479.5
v  -277.8333 0 479
v  -271.1667 0 479.1667
v  -271.1667 0 479.1667
v  -265 0 475
v  -256 0 470.3333
v  -256 0 512
v  -298.6667 0 481.1667
v  -292.8333 0 480.1667
v  -280.6667 0 479.5
v  -271.1667 0 479.1667
v  -256 0 512
v  -298.6667 0 512
v  -298.6667 0 469.3333
v  -298.6667 0 481.1667
v  -306.8333 0 484.1667
v  -298.6667 0 469.3333
v  -306.8333 0 484.1667
v  -310.6667 0 486.6667
v  -316.3333 0 511.1667
v  -314.1667 0 512
v  -341.3333 0 512
v  -319.6667 0 503.5
v  -316.3333 0 511.1667
v  -341.3333 0 512
v  -319.3333 0 499.1667
v  -319.6667 0 503.5
v  -341.3333 0 512
v  -298.6667 0 469.3333
v  -310.6667 0 486.6667
v  -315.6667 0 491.6667
v  -341.3333 0 512
v  -341.3333 0 469.3333
v  -318.3333 0 495.6667
v  -319.3333 0 499.1667
v  -341.3333 0 512
v  -315.6667 0 491.6667
v  -318.3333 0 495.6667
v  -341.3333 0 512
v  -313.6667 0 512
v  -314.1667 0 512
v  -316.3333 0 511.1667
v  -319.6667 0 503.5
v  -319.6667 0 503.5
v  -319.3333 0 499.1667
v  -318.3333 0 495.6667
v  -315.6667 0 491.6667
v  -315.6667 0 491.6667
v  -306.8333 0 484.1667
v  -298.6667 0 481.1667
v  -298.6667 0 512
v  -313.6667 0 512
v  -319.6667 0 503.5
v  -315.6667 0 491.6667
v  -310.6667 0 486.6667
v  -306.8333 0 484.1667
v  -341.3333 0 512
v  -384 0 512
v  -384 0 469.3333
v  -341.3333 0 469.3333
v  -419.6667 0 493.6667
v  -419.6667 0 491.8333
v  -418 0 487.5
v  -404.1667 0 475.8333
v  -399.3333 0 469.3333
v  -399.1667 0 469.3333
v  -404.8333 0 477.8333
v  -420.1667 0 495.8333
v  -419.6667 0 493.6667
v  -418 0 487.5
v  -410 0 483.1667
v  -409.3333 0 482.8333
v  -418 0 487.5
v  -416.5 0 482
v  -410 0 483.1667
v  -426.6667 0 512
v  -421.8333 0 498.1667
v  -420.1667 0 495.8333
v  -420.1667 0 495.8333
v  -409.3333 0 482.8333
v  -406.3333 0 480.5
v  -384 0 469.3333
v  -384 0 512
v  -426.6667 0 512
v  -406.3333 0 480.5
v  -404.8333 0 477.8333
v  -399.1667 0 469.3333
v  -384 0 469.3333
v  -426.6667 0 512
v  -426.6667 0 498.8333
v  -421.8333 0 498.1667
v  -419.6667 0 491.8333
v  -419.6667 0 493.6667
v  -420.1667 0 495.8333
v  -421.8333 0 498.1667
v  -426.6667 0 498.8333
v  -406.3333 0 480.5
v  -409.3333 0 482.8333
v  -410 0 483.1667
v  -404.1667 0 475.8333
v  -404.8333 0 477.8333
v  -404.1667 0 475.8333
v  -410 0 483.1667
v  -416.5 0 482
v  -426.6667 0 469.3333
v  -399.3333 0 469.3333
v  -416.5 0 482
v  -418 0 487.5
v  -419.6667 0 491.8333
v  -426.6667 0 498.8333
v  -426.6667 0 469.3333
v  -443.8333 0 495
v  -445 0 492.1667
v  -444.8333 0 491.1667
v  -442.5 0 488.8333
v  -430.5 0 482
v  -428.8333 0 479.5
v  -427.6667 0 479
v  -426.6667 0 498.8333
v  -442.5 0 488.8333
v  -442.5 0 488.5
v  -438.3333 0 485.8333
v  -439.3333 0 498.5
v  -441.8333 0 496.8333
v  -443.8333 0 495
v  -426.6667 0 498.8333
v  -435.1667 0 499.3333
v  -433.8333 0 484.5
v  -430.5 0 482
v  -433 0 475.8333
v  -436.6667 0 470.3333
v  -436.8333 0 469.3333
v  -426.6667 0 469.3333
v  -427.6667 0 479
v  -426.6667 0 498.8333
v  -427.6667 0 479
v  -426.6667 0 469.3333
v  -433.8333 0 484.5
v  -435.1667 0 499.3333
v  -439.3333 0 498.5
v  -443.8333 0 495
v  -442.5 0 488.8333
v  -438.3333 0 485.8333
v  -442.5 0 488.5
v  -442.5 0 488.8333
v  -444.8333 0 491.1667
v  -433 0 475.8333
v  -427.6667 0 479
v  -428.8333 0 479.5
v  -433 0 475.8333
v  -428.8333 0 479.5
v  -430.5 0 482
v  -433 0 475.8333
v  -430.5 0 482
v  -433.8333 0 484.5
v  -438.3333 0 485.8333
v  -436.6667 0 470.3333
v  -469.3333 0 512
v  -469.3333 0 501.6667
v  -467.1667 0 501.3333
v  -461.1667 0 486.5
v  -461.1667 0 480.8333
v  -444.8333 0 491.1667
v  -465.5 0 499.5
v  -463.5 0 493
v  -461.3333 0 487.8333
v  -469.3333 0 512
v  -467.1667 0 501.3333
v  -465.5 0 499.5
v  -435.1667 0 499.3333
v  -426.6667 0 498.8333
v  -426.6667 0 512
v  -461.3333 0 487.8333
v  -445 0 492.1667
v  -443.8333 0 495
v  -436.8333 0 469.3333
v  -436.6667 0 470.3333
v  -438.3333 0 485.8333
v  -442.5 0 488.5
v  -439.3333 0 498.5
v  -435.1667 0 499.3333
v  -426.6667 0 512
v  -461.1667 0 480.8333
v  -462 0 475.6667
v  -444.8333 0 491.1667
v  -441.8333 0 496.8333
v  -439.3333 0 498.5
v  -426.6667 0 512
v  -436.8333 0 469.3333
v  -442.5 0 488.5
v  -444.8333 0 491.1667
v  -462 0 475.6667
v  -463.8333 0 472.6667
v  -443.8333 0 495
v  -441.8333 0 496.8333
v  -426.6667 0 512
v  -469.3333 0 512
v  -465.5 0 499.5
v  -461.3333 0 487.8333
v  -444.8333 0 491.1667
v  -445 0 492.1667
v  -461.3333 0 487.8333
v  -461.1667 0 486.5
v  -463.8333 0 472.6667
v  -466.5 0 469.3333
v  -436.8333 0 469.3333
v  -466.6667 0 469.3333
v  -466.5 0 469.3333
v  -463.8333 0 472.6667
v  -465.5 0 499.5
v  -467.1667 0 501.3333
v  -469.3333 0 501.6667
v  -463.5 0 493
v  -469.3333 0 469.3333
v  -466.6667 0 469.3333
v  -463.8333 0 472.6667
v  -461.1667 0 486.5
v  -461.3333 0 487.8333
v  -463.5 0 493
v  -463.8333 0 472.6667
v  -462 0 475.6667
v  -461.1667 0 480.8333
v  -461.1667 0 480.8333
v  -461.1667 0 486.5
v  -463.5 0 493
v  -469.3333 0 501.6667
v  -469.3333 0 469.3333
v  -463.8333 0 472.6667
v  -469.3333 0 501.6667
v  -470.8333 0 501.8333
v  -473.6667 0 501
v  -480.1667 0 495.3333
v  -486.1667 0 483
v  -486.5 0 479.3333
v  -485.5 0 477.1667
v  -486.1667 0 483
v  -485.5 0 477.1667
v  -485 0 474.1667
v  -485 0 474.1667
v  -491 0 471.5
v  -494 0 469.3333
v  -469.3333 0 469.3333
v  -480.1667 0 495.3333
v  -483.3333 0 489.3333
v  -486.1667 0 483
v  -485 0 474.1667
v  -469.3333 0 469.3333
v  -469.3333 0 501.6667
v  -494.1667 0 469.3333
v  -494 0 469.3333
v  -491 0 471.5
v  -486.5 0 479.3333
v  -486.1667 0 483
v  -485 0 474.1667
v  -485.5 0 477.1667
v  -486.5 0 479.3333
v  -491 0 471.5
v  -494.1667 0 469.3333
v  -486.1667 0 483
v  -483.3333 0 489.3333
v  -470.8333 0 501.8333
v  -469.3333 0 501.6667
v  -469.3333 0 512
v  -473.6667 0 501
v  -470.8333 0 501.8333
v  -469.3333 0 512
v  -480.1667 0 495.3333
v  -473.6667 0 501
v  -469.3333 0 512
v  -512 0 512
v  -494.1667 0 469.3333
v  -483.3333 0 489.3333
v  -480.1667 0 495.3333
v  -512 0 512
v  -512 0 469.3333
v  -512 0 512
v  -554.6667 0 512
v  -554.6667 0 469.3333
v  -512 0 469.3333
v  -554.6667 0 512
v  -597.3334 0 512
v  -597.3334 0 469.3333
v  -554.6667 0 469.3333
v  -625.0001 0 481.3333
v  -626.5001 0 477.6667
v  -625.5001 0 476.6667
v  -625.0001 0 481.3333
v  -625.5001 0 476.6667
v  -624.5001 0 474.1667
v  -624.0001 0 500.5
v  -626.5001 0 496.1667
v  -625.8334 0 492.6667
v  -625.8334 0 492.6667
v  -626.0001 0 486.8333
v  -625.0001 0 481.3333
v  -624.0001 0 500.5
v  -597.3334 0 512
v  -624.0001 0 511.5
v  -624.0001 0 500.5
v  -624.0001 0 500.5
v  -625.0001 0 481.3333
v  -624.5001 0 474.1667
v  -597.3334 0 512
v  -624.3334 0 512
v  -624.0001 0 511.5
v  -624.5001 0 470.8333
v  -624.8334 0 469.3333
v  -597.3334 0 469.3333
v  -624.5001 0 474.1667
v  -624.5001 0 470.8333
v  -597.3334 0 469.3333
v  -597.3334 0 512
v  -624.0001 0 500.5
v  -624.0001 0 511.5
v  -624.3334 0 512
v  -624.5001 0 512
v  -639.5001 0 495.8333
v  -640.0001 0 495.3333
v  -640.0001 0 495.1667
v  -626.5001 0 496.1667
v  -640.0001 0 478.8333
v  -640.0001 0 478.5
v  -639.1667 0 477.1667
v  -624.5001 0 474.1667
v  -625.5001 0 476.6667
v  -626.5001 0 477.6667
v  -624.8334 0 469.3333
v  -624.5001 0 470.8333
v  -624.5001 0 474.1667
v  -626.5001 0 477.6667
v  -638.6667 0 474.6667
v  -639.0001 0 469.3333
v  -640.0001 0 478.8333
v  -639.1667 0 477.1667
v  -626.5001 0 477.6667
v  -626.0001 0 486.8333
v  -626.5001 0 496.1667
v  -640.0001 0 495.1667
v  -626.5001 0 477.6667
v  -625.0001 0 481.3333
v  -626.0001 0 486.8333
v  -626.0001 0 486.8333
v  -625.8334 0 492.6667
v  -626.5001 0 496.1667
v  -624.0001 0 500.5
v  -624.0001 0 511.5
v  -624.5001 0 512
v  -639.0001 0 512
v  -639.0001 0 497.6667
v  -626.5001 0 496.1667
v  -639.0001 0 497.6667
v  -639.5001 0 495.8333
v  -626.5001 0 496.1667
v  -639.1667 0 477.1667
v  -638.6667 0 474.6667
v  -626.5001 0 477.6667
v  -638.6667 0 474.6667
v  -639.1667 0 477.1667
v  -640.0001 0 478.5
v  -640.0001 0 469.3333
v  -639.0001 0 469.3333
v  -640.0001 0 495.3333
v  -639.5001 0 495.8333
v  -639.0001 0 497.6667
v  -639.0001 0 512
v  -640.0001 0 512
v  -640 0 478.5
v  -640 0 478.8333
v  -641.3333 0 481.1667
v  -640 0 478.5
v  -641.3333 0 481.1667
v  -642.5 0 482.3333
v  -640 0 469.3333
v  -642.6667 0 491
v  -640 0 495.1667
v  -640 0 495.3333
v  -642.6667 0 491
v  -682.6667 0 512
v  -682.6667 0 469.3333
v  -643.1667 0 485
v  -640 0 469.3333
v  -642.5 0 482.3333
v  -643.1667 0 485
v  -682.6667 0 469.3333
v  -642.6667 0 491
v  -640 0 495.3333
v  -640 0 512
v  -682.6667 0 512
v  -643.1667 0 485
v  -642.5 0 482.3333
v  -641.3333 0 481.1667
v  -643.1667 0 485
v  -641.3333 0 481.1667
v  -640 0 478.8333
v  -640 0 495.1667
v  -642.6667 0 491
v  -682.6667 0 512
v  -725.3334 0 512
v  -725.3334 0 469.3333
v  -682.6667 0 469.3333
v  -725.3334 0 512
v  -768.0001 0 512
v  -768.0001 0 469.3333
v  -725.3334 0 469.3333
v  -768 0 512
v  -810.6667 0 512
v  -810.6667 0 469.3333
v  -768 0 469.3333
v  -810.6667 0 512
v  -818.1667 0 512
v  -816.3334 0 504
v  -821.8334 0 489.3333
v  -825.5 0 479
v  -826 0 475.1667
v  -818 0 494.8333
v  -826 0 475.1667
v  -828.8334 0 469.3333
v  -810.6667 0 469.3333
v  -810.6667 0 512
v  -816.3334 0 504
v  -818 0 494.8333
v  -818 0 494.8333
v  -826 0 475.1667
v  -810.6667 0 469.3333
v  -810.6667 0 512
v  -828.8334 0 469.3333
v  -826 0 475.1667
v  -825.5 0 479
v  -853.3334 0 469.3333
v  -821.8334 0 489.3333
v  -818 0 494.8333
v  -816.3334 0 504
v  -818.1667 0 512
v  -825.5 0 479
v  -821.8334 0 489.3333
v  -818.1667 0 512
v  -853.3334 0 512
v  -853.3334 0 469.3333
v  -853.3334 0 512
v  -869.3334 0 512
v  -869.3334 0 469.3333
v  -853.3334 0 469.3333
v  -30.5 0 554.6667
v  -42.66667 0 554.6667
v  -42.66667 0 512
v  -30.5 0 512
v  -78.83334 0 513.8333
v  -76.66667 0 512
v  -76.5 0 512
v  -80.33334 0 519.1667
v  -79.83334 0 524.3333
v  -80.33334 0 520.6667
v  -80.33334 0 519.1667
v  -78.66667 0 528.3333
v  -78.66667 0 528.3333
v  -80.33334 0 519.1667
v  -76.5 0 512
v  -42.66667 0 512
v  -42.66667 0 554.6667
v  -75.33334 0 536
v  -42.66667 0 554.6667
v  -80.33334 0 554.6667
v  -78 0 546.5
v  -78 0 546.5
v  -78.66667 0 541.3333
v  -75.33334 0 536
v  -42.66667 0 554.6667
v  -85.33334 0 512
v  -76.66667 0 512
v  -78.83334 0 513.8333
v  -85.33334 0 512
v  -78.83334 0 513.8333
v  -80.33334 0 519.1667
v  -85.33334 0 512
v  -80.33334 0 519.1667
v  -80.33334 0 520.6667
v  -78 0 546.5
v  -80.33334 0 554.6667
v  -85.33334 0 554.6667
v  -78.66667 0 541.3333
v  -78.66667 0 528.3333
v  -75.33334 0 536
v  -78.66667 0 541.3333
v  -85.33334 0 512
v  -80.33334 0 520.6667
v  -79.83334 0 524.3333
v  -79.83334 0 524.3333
v  -78.66667 0 528.3333
v  -78.66667 0 541.3333
v  -85.33334 0 554.6667
v  -85.33334 0 512
v  -85.33334 0 554.6667
v  -128 0 554.6667
v  -128 0 512
v  -85.33334 0 512
v  -128 0 554.6667
v  -170.6667 0 554.6667
v  -170.6667 0 512
v  -128 0 512
v  -170.6667 0 554.6667
v  -213.3333 0 554.6667
v  -213.3333 0 512
v  -170.6667 0 512
v  -230.6667 0 554.6667
v  -230.8333 0 554.6667
v  -231 0 554.1667
v  -217.6667 0 514.5
v  -213.8333 0 512
v  -213.6667 0 512
v  -217.6667 0 514.5
v  -213.6667 0 512
v  -213.3333 0 512
v  -213.3333 0 554.6667
v  -231 0 554.1667
v  -232 0 553.6667
v  -236.1667 0 550.1667
v  -230.3333 0 520.8333
v  -217.6667 0 514.5
v  -213.3333 0 554.6667
v  -213.3333 0 554.6667
v  -230.6667 0 554.6667
v  -231 0 554.1667
v  -256 0 544.5
v  -256 0 522.8333
v  -250.3333 0 523.8333
v  -250 0 545.1667
v  -236.1667 0 550.1667
v  -241.5 0 547.6667
v  -236.6667 0 523
v  -230.3333 0 520.8333
v  -250 0 545.1667
v  -250.3333 0 523.8333
v  -243 0 524.3333
v  -241.5 0 547.6667
v  -250 0 545.1667
v  -243 0 524.3333
v  -236.6667 0 523
v  -243 0 524.3333
v  -250.3333 0 523.8333
v  -256 0 522.8333
v  -230.3333 0 520.8333
v  -236.6667 0 523
v  -243 0 524.3333
v  -243 0 524.3333
v  -256 0 522.8333
v  -256 0 512
v  -213.8333 0 512
v  -217.6667 0 514.5
v  -230.3333 0 520.8333
v  -232 0 553.6667
v  -231 0 554.1667
v  -230.8333 0 554.6667
v  -236.1667 0 550.1667
v  -232 0 553.6667
v  -230.8333 0 554.6667
v  -256 0 554.6667
v  -256 0 544.5
v  -250 0 545.1667
v  -241.5 0 547.6667
v  -236.1667 0 550.1667
v  -230.8333 0 554.6667
v  -256 0 522.8333
v  -260.3333 0 522.1667
v  -266.3333 0 519.8333
v  -270.3333 0 516.8333
v  -256 0 512
v  -270.3333 0 516.8333
v  -273.1667 0 517.3333
v  -284.8333 0 517.3333
v  -298.6667 0 516.5
v  -298.6667 0 512
v  -256 0 512
v  -273.1667 0 517.3333
v  -270.3333 0 516.8333
v  -266.3333 0 519.8333
v  -278.1667 0 550.3333
v  -284.8333 0 554.6667
v  -285 0 554.6667
v  -273.1667 0 517.3333
v  -266.3333 0 519.8333
v  -260.3333 0 522.1667
v  -284.8333 0 517.3333
v  -278.1667 0 550.3333
v  -285 0 554.6667
v  -298.6667 0 554.6667
v  -256 0 522.8333
v  -256 0 544.5
v  -259.5 0 544
v  -260.3333 0 522.1667
v  -256 0 522.8333
v  -259.5 0 544
v  -270.8333 0 546.3333
v  -270.8333 0 546.3333
v  -278.1667 0 550.3333
v  -298.6667 0 554.6667
v  -298.6667 0 516.5
v  -284.8333 0 517.3333
v  -260.3333 0 522.1667
v  -259.5 0 544
v  -256 0 544.5
v  -256 0 554.6667
v  -284.8333 0 554.6667
v  -278.1667 0 550.3333
v  -270.8333 0 546.3333
v  -307.6667 0 514.5
v  -313.6667 0 512
v  -298.6667 0 512
v  -298.6667 0 516.5
v  -314.1667 0 512
v  -313.6667 0 512
v  -307.6667 0 514.5
v  -341.3333 0 512
v  -314.1667 0 512
v  -307.6667 0 514.5
v  -307.6667 0 514.5
v  -298.6667 0 516.5
v  -298.6667 0 554.6667
v  -341.3333 0 554.6667
v  -341.3333 0 512
v  -341.3333 0 554.6667
v  -384 0 554.6667
v  -384 0 512
v  -341.3333 0 512
v  -384 0 554.6667
v  -426.6667 0 554.6667
v  -426.6667 0 512
v  -384 0 512
v  -426.6667 0 554.6667
v  -469.3333 0 554.6667
v  -469.3333 0 512
v  -426.6667 0 512
v  -503 0 553.3333
v  -504.3333 0 552.1667
v  -504.3333 0 551.8333
v  -469.3333 0 554.6667
v  -469.3333 0 554.6667
v  -502.5 0 554.6667
v  -503 0 553.3333
v  -506.5 0 550.5
v  -512 0 550.1667
v  -512 0 512
v  -469.3333 0 554.6667
v  -504.3333 0 551.8333
v  -506.5 0 550.5
v  -512 0 512
v  -469.3333 0 512
v  -506.5 0 550.5
v  -504.3333 0 551.8333
v  -504.3333 0 552.1667
v  -504.3333 0 552.1667
v  -503 0 553.3333
v  -502.5 0 554.6667
v  -512 0 554.6667
v  -512 0 550.3333
v  -506.5 0 550.5
v  -512 0 550.3333
v  -512 0 550.1667
v  -506.5 0 550.5
v  -512 0 550.1667
v  -512 0 550.3333
v  -514.3333 0 550.3333
v  -518.5 0 552.8333
v  -519.8333 0 554.6667
v  -520 0 554.6667
v  -518.5 0 552.8333
v  -520 0 554.6667
v  -554.6667 0 554.6667
v  -516.5 0 551.3333
v  -518.5 0 552.8333
v  -554.6667 0 554.6667
v  -512 0 512
v  -512 0 550.1667
v  -514.3333 0 550.3333
v  -512 0 512
v  -514.3333 0 550.3333
v  -516.5 0 551.3333
v  -554.6667 0 554.6667
v  -554.6667 0 512
v  -516.5 0 551.3333
v  -514.3333 0 550.3333
v  -512 0 550.3333
v  -512 0 554.6667
v  -519.8333 0 554.6667
v  -518.5 0 552.8333
v  -554.6667 0 554.6667
v  -597.3334 0 554.6667
v  -597.3334 0 512
v  -554.6667 0 512
v  -640.0001 0 512
v  -639.0001 0 512
v  -639.5001 0 515
v  -626.5001 0 515
v  -624.5001 0 512
v  -624.3334 0 512
v  -626.5001 0 515
v  -624.3334 0 512
v  -597.3334 0 512
v  -597.3334 0 554.6667
v  -640.0001 0 554.6667
v  -640.0001 0 554.6667
v  -640.0001 0 512
v  -639.5001 0 515
v  -640.0001 0 554.6667
v  -639.5001 0 515
v  -626.5001 0 515
v  -639.0001 0 512
v  -624.5001 0 512
v  -626.5001 0 515
v  -639.5001 0 515
v  -682.5 0 554.6667
v  -682.6667 0 554.5
v  -682.6667 0 554.1667
v  -682.5 0 554.6667
v  -682.6667 0 554.1667
v  -682.6667 0 512
v  -640 0 512
v  -640 0 554.6667
v  -698.5 0 552.8333
v  -699.8334 0 554.6667
v  -700 0 554.6667
v  -698.5 0 552.8333
v  -700 0 554.6667
v  -725.3334 0 554.6667
v  -696.5 0 551.3333
v  -698.5 0 552.8333
v  -725.3334 0 554.6667
v  -694.3334 0 550.3333
v  -696.5 0 551.3333
v  -725.3334 0 554.6667
v  -725.3334 0 512
v  -682.6667 0 512
v  -682.6667 0 512
v  -682.6667 0 554.1667
v  -684.3334 0 551.8333
v  -682.6667 0 512
v  -684.3334 0 551.8333
v  -686.5 0 550.5
v  -682.6667 0 512
v  -686.5 0 550.5
v  -692 0 550.1667
v  -682.6667 0 512
v  -692 0 550.1667
v  -694.3334 0 550.3333
v  -684.3334 0 551.8333
v  -682.6667 0 554.1667
v  -682.6667 0 554.5
v  -684.3334 0 551.8333
v  -682.6667 0 554.5
v  -682.6667 0 554.6667
v  -696.5 0 551.3333
v  -694.3334 0 550.3333
v  -692 0 550.1667
v  -699.8334 0 554.6667
v  -698.5 0 552.8333
v  -696.5 0 551.3333
v  -686.5 0 550.5
v  -684.3334 0 551.8333
v  -682.6667 0 554.6667
v  -699.8334 0 554.6667
v  -696.5 0 551.3333
v  -692 0 550.1667
v  -725.3334 0 554.6667
v  -768.0001 0 554.6667
v  -768.0001 0 512
v  -725.3334 0 512
v  -768 0 554.6667
v  -810.6667 0 554.6667
v  -810.6667 0 512
v  -768 0 512
v  -829 0 554.6667
v  -828.8334 0 553.6667
v  -827.1667 0 551.5
v  -810.6667 0 554.6667
v  -825.5 0 537.5
v  -825.1667 0 534.6667
v  -824.3334 0 531.5
v  -822.8334 0 528.1667
v  -825.1667 0 545.6667
v  -825.5 0 537.5
v  -822.8334 0 528.1667
v  -820.3334 0 520.5
v  -810.6667 0 512
v  -810.6667 0 554.6667
v  -820.3334 0 520.5
v  -818.1667 0 512
v  -810.6667 0 512
v  -810.6667 0 554.6667
v  -827.1667 0 551.5
v  -825.1667 0 545.6667
v  -825.1667 0 545.6667
v  -827.1667 0 551.5
v  -828.8334 0 553.6667
v  -825.5 0 537.5
v  -820.3334 0 520.5
v  -822.8334 0 528.1667
v  -824.3334 0 531.5
v  -853.3334 0 512
v  -818.1667 0 512
v  -828.8334 0 553.6667
v  -829 0 554.6667
v  -853.3334 0 554.6667
v  -825.1667 0 534.6667
v  -825.5 0 537.5
v  -828.8334 0 553.6667
v  -853.3334 0 554.6667
v  -853.3334 0 512
v  -824.3334 0 531.5
v  -825.1667 0 534.6667
v  -853.3334 0 554.6667
v  -853.3334 0 554.6667
v  -869.3334 0 554.6667
v  -869.3334 0 512
v  -853.3334 0 512
v  -30.5 0 597.3334
v  -42.66667 0 597.3334
v  -42.66667 0 554.6667
v  -30.5 0 554.6667
v  -80.16667 0 561.3334
v  -80.66667 0 556
v  -80.33334 0 554.6667
v  -76.16667 0 569
v  -78.83334 0 565.5
v  -67.5 0 585
v  -70 0 579.8334
v  -69.5 0 576.8334
v  -53.16667 0 593.6667
v  -60 0 590.6667
v  -64 0 588.1667
v  -42.66667 0 597.3334
v  -53 0 594.8334
v  -53.16667 0 593.6667
v  -69.5 0 576.8334
v  -76.16667 0 569
v  -80.33334 0 554.6667
v  -42.66667 0 554.6667
v  -42.66667 0 597.3334
v  -53.16667 0 593.6667
v  -69.5 0 576.8334
v  -72.33334 0 575.1667
v  -76.16667 0 569
v  -42.66667 0 597.3334
v  -56 0 597.3334
v  -53 0 594.8334
v  -53 0 594.8334
v  -56 0 597.3334
v  -56.33334 0 597.3334
v  -60 0 590.6667
v  -53.16667 0 593.6667
v  -85.33334 0 554.6667
v  -80.16667 0 561.3334
v  -78.83334 0 565.5
v  -85.33334 0 554.6667
v  -80.33334 0 554.6667
v  -80.66667 0 556
v  -72.33334 0 575.1667
v  -69.5 0 576.8334
v  -70 0 579.8334
v  -67.5 0 585
v  -64 0 588.1667
v  -56.33334 0 597.3334
v  -85.33334 0 597.3334
v  -85.33334 0 554.6667
v  -80.66667 0 556
v  -80.16667 0 561.3334
v  -72.33334 0 575.1667
v  -70 0 579.8334
v  -67.5 0 585
v  -78.83334 0 565.5
v  -76.16667 0 569
v  -85.33334 0 597.3334
v  -85.33334 0 554.6667
v  -78.83334 0 565.5
v  -67.5 0 585
v  -64 0 588.1667
v  -60 0 590.6667
v  -56.33334 0 597.3334
v  -85.33334 0 597.3334
v  -128 0 597.3334
v  -128 0 554.6667
v  -85.33334 0 554.6667
v  -128 0 597.3334
v  -170.6667 0 597.3334
v  -170.6667 0 554.6667
v  -128 0 554.6667
v  -170.6667 0 597.3334
v  -213.3333 0 597.3334
v  -213.3333 0 554.6667
v  -170.6667 0 554.6667
v  -227.1667 0 558.8334
v  -230.6667 0 554.6667
v  -213.3333 0 554.6667
v  -226.6667 0 560.1667
v  -227.1667 0 558.8334
v  -213.3333 0 554.6667
v  -213.3333 0 597.3334
v  -238 0 597.3334
v  -227 0 588.5
v  -213.3333 0 597.3334
v  -227 0 588.5
v  -224 0 583.6667
v  -223.3333 0 569.3334
v  -226.6667 0 560.1667
v  -213.3333 0 554.6667
v  -213.3333 0 597.3334
v  -224 0 583.6667
v  -222.1667 0 577.8334
v  -222.1667 0 577.8334
v  -223.3333 0 569.3334
v  -213.3333 0 554.6667
v  -213.3333 0 597.3334
v  -230.8333 0 554.6667
v  -230.6667 0 554.6667
v  -227.1667 0 558.8334
v  -226.6667 0 560.1667
v  -223.3333 0 569.3334
v  -227 0 588.5
v  -238.3333 0 597.3334
v  -256 0 597.3334
v  -256 0 554.6667
v  -230.8333 0 554.6667
v  -223.3333 0 569.3334
v  -222.1667 0 577.8334
v  -224 0 583.6667
v  -227 0 588.5
v  -223.3333 0 569.3334
v  -227 0 588.5
v  -238 0 597.3334
v  -238.3333 0 597.3334
v  -298.6667 0 565.6667
v  -298.6667 0 565.5
v  -292.6667 0 560.3334
v  -292.6667 0 560.3334
v  -285 0 554.6667
v  -284.8333 0 554.6667
v  -298.6667 0 565.6667
v  -292.6667 0 560.3334
v  -284.8333 0 554.6667
v  -256 0 554.6667
v  -256 0 597.3334
v  -298.6667 0 597.3334
v  -298.6667 0 554.6667
v  -285 0 554.6667
v  -292.6667 0 560.3334
v  -298.6667 0 565.5
v  -298.6667 0 554.6667
v  -292.6667 0 560.3334
v  -298.6667 0 565.5
v  -298.6667 0 565.6667
v  -301.3333 0 567.8334
v  -298.6667 0 554.6667
v  -298.6667 0 565.5
v  -301.3333 0 567.8334
v  -298.6667 0 554.6667
v  -301.3333 0 567.8334
v  -305.5 0 573.3334
v  -341.3333 0 554.6667
v  -306.5 0 590.3334
v  -302.8333 0 597.3334
v  -341.3333 0 597.3334
v  -307.5 0 581.3334
v  -306.5 0 590.3334
v  -341.3333 0 597.3334
v  -307.5 0 581.3334
v  -341.3333 0 597.3334
v  -341.3333 0 554.6667
v  -305.5 0 573.3334
v  -302.6667 0 597.3334
v  -302.8333 0 597.3334
v  -306.5 0 590.3334
v  -305.5 0 573.3334
v  -301.3333 0 567.8334
v  -298.6667 0 565.6667
v  -298.6667 0 597.3334
v  -302.6667 0 597.3334
v  -306.5 0 590.3334
v  -307.5 0 581.3334
v  -305.5 0 573.3334
v  -298.6667 0 565.6667
v  -341.3333 0 597.3334
v  -384 0 597.3334
v  -384 0 554.6667
v  -341.3333 0 554.6667
v  -424.8333 0 595.1667
v  -424.5 0 597.3334
v  -426.6667 0 597.3334
v  -395.8333 0 585.3334
v  -395.8333 0 584.3334
v  -393 0 583.5
v  -387.6667 0 570.6667
v  -390.6667 0 568.8334
v  -391.1667 0 567.8334
v  -390.5 0 582.1667
v  -389.8333 0 581.3334
v  -386.6667 0 579
v  -395.8333 0 585.3334
v  -393 0 583.5
v  -390.5 0 582.1667
v  -397.6667 0 590.5
v  -424 0 591.1667
v  -424.8333 0 595.1667
v  -426.6667 0 597.3334
v  -387.6667 0 570.6667
v  -391.1667 0 567.8334
v  -393 0 566
v  -384 0 554.6667
v  -421.6667 0 577.5
v  -419.5 0 581.1667
v  -422 0 585.6667
v  -419.8333 0 567.6667
v  -421.5 0 570.3334
v  -426.6667 0 554.6667
v  -422.1667 0 573.3334
v  -421.6667 0 577.5
v  -422 0 585.6667
v  -424 0 591.1667
v  -426.6667 0 597.3334
v  -426.6667 0 554.6667
v  -421.5 0 570.3334
v  -422.1667 0 573.3334
v  -426.6667 0 554.6667
v  -397.6667 0 590.5
v  -390.5 0 582.1667
v  -386.6667 0 579
v  -384 0 597.3334
v  -399.8333 0 595.3334
v  -384 0 597.3334
v  -401.1667 0 597.3334
v  -399.8333 0 595.3334
v  -417.3333 0 566
v  -419.8333 0 567.6667
v  -426.6667 0 554.6667
v  -409.5 0 563.1667
v  -417.3333 0 566
v  -426.6667 0 554.6667
v  -384 0 597.3334
v  -386.6667 0 579
v  -386.1667 0 577.8334
v  -384 0 597.3334
v  -386.1667 0 577.8334
v  -385.8333 0 574.5
v  -384 0 554.6667
v  -384 0 597.3334
v  -385.8333 0 574.5
v  -384 0 554.6667
v  -385.8333 0 574.5
v  -387.6667 0 570.6667
v  -403.1667 0 562
v  -409.5 0 563.1667
v  -426.6667 0 554.6667
v  -384 0 554.6667
v  -384 0 554.6667
v  -393 0 566
v  -395.6667 0 564.1667
v  -384 0 554.6667
v  -395.6667 0 564.1667
v  -398.6667 0 562.6667
v  -384 0 554.6667
v  -398.6667 0 562.6667
v  -403.1667 0 562
v  -393 0 566
v  -391.1667 0 567.8334
v  -390.6667 0 568.8334
v  -389.8333 0 581.3334
v  -390.5 0 582.1667
v  -393 0 583.5
v  -395.8333 0 584.3334
v  -385.8333 0 574.5
v  -386.1667 0 577.8334
v  -386.6667 0 579
v  -421.5 0 570.3334
v  -419.8333 0 567.6667
v  -417.3333 0 566
v  -424.5 0 597.3334
v  -424.8333 0 595.1667
v  -424 0 591.1667
v  -422 0 585.6667
v  -419.5 0 581.1667
v  -395.8333 0 584.3334
v  -395.8333 0 585.3334
v  -397.6667 0 590.5
v  -399.8333 0 595.3334
v  -401.1667 0 597.3334
v  -398.6667 0 562.6667
v  -395.6667 0 564.1667
v  -393 0 566
v  -390.6667 0 568.8334
v  -409.5 0 563.1667
v  -403.1667 0 562
v  -395.8333 0 584.3334
v  -401.1667 0 597.3334
v  -424.5 0 597.3334
v  -419.5 0 581.1667
v  -409.5 0 563.1667
v  -390.6667 0 568.8334
v  -421.6667 0 577.5
v  -422.1667 0 573.3334
v  -421.5 0 570.3334
v  -417.3333 0 566
v  -409.5 0 563.1667
v  -419.5 0 581.1667
v  -390.6667 0 568.8334
v  -387.6667 0 570.6667
v  -385.8333 0 574.5
v  -386.6667 0 579
v  -389.8333 0 581.3334
v  -395.8333 0 584.3334
v  -426.6667 0 597.3334
v  -469.3333 0 597.3334
v  -469.3333 0 554.6667
v  -426.6667 0 554.6667
v  -498.6667 0 576.6667
v  -501.1667 0 577.3334
v  -500.3333 0 575.8334
v  -489.5 0 581.1667
v  -490.8333 0 580
v  -490.8333 0 579.6667
v  -498.6667 0 576.6667
v  -500.3333 0 575.8334
v  -499 0 571.5
v  -494.3333 0 577.1667
v  -469.3333 0 597.3334
v  -488.8333 0 583.1667
v  -489.5 0 581.1667
v  -494.3333 0 577.1667
v  -499 0 571.5
v  -498.5 0 567.8334
v  -490.8333 0 579.6667
v  -489.5 0 581.1667
v  -499.3333 0 562.8334
v  -501.1667 0 557.5
v  -489.5 0 581.1667
v  -490.8333 0 579.6667
v  -498.5 0 567.8334
v  -499.3333 0 562.8334
v  -489.5 0 581.1667
v  -501.1667 0 557.5
v  -502.5 0 554.6667
v  -469.3333 0 554.6667
v  -469.3333 0 597.3334
v  -469.3333 0 597.3334
v  -494 0 597.3334
v  -492.5 0 595.3334
v  -469.3333 0 597.3334
v  -492.5 0 595.3334
v  -490.5 0 590.8334
v  -469.3333 0 597.3334
v  -490.5 0 590.8334
v  -488.8333 0 585.3334
v  -469.3333 0 597.3334
v  -488.8333 0 585.3334
v  -488.8333 0 583.1667
v  -511.1667 0 597.3334
v  -511.3333 0 597.3334
v  -512 0 595.5
v  -512 0 594.5
v  -511 0 589.3334
v  -492.5 0 595.3334
v  -494 0 597.3334
v  -494.3333 0 597.3334
v  -488.8333 0 585.3334
v  -490.5 0 590.8334
v  -499.3333 0 562.8334
v  -498.5 0 567.8334
v  -499 0 571.5
v  -508.3333 0 582.8334
v  -510.3333 0 583.3334
v  -512 0 583.1667
v  -501.1667 0 577.3334
v  -490.8333 0 580
v  -489.5 0 581.1667
v  -488.8333 0 583.1667
v  -494.3333 0 577.1667
v  -490.8333 0 579.6667
v  -490.8333 0 580
v  -490.8333 0 580
v  -488.8333 0 583.1667
v  -488.8333 0 585.3334
v  -501.1667 0 577.3334
v  -498.6667 0 576.6667
v  -494.3333 0 577.1667
v  -499 0 571.5
v  -500.3333 0 575.8334
v  -501.1667 0 577.3334
v  -499.3333 0 562.8334
v  -499 0 571.5
v  -501.1667 0 577.3334
v  -512 0 583.1667
v  -512 0 554.6667
v  -502.5 0 554.6667
v  -511 0 589.3334
v  -509.6667 0 585.5
v  -508.3333 0 582.8334
v  -502.5 0 554.6667
v  -501.1667 0 557.5
v  -499.3333 0 562.8334
v  -511.1667 0 597.3334
v  -511 0 589.3334
v  -508.3333 0 582.8334
v  -501.1667 0 577.3334
v  -488.8333 0 585.3334
v  -494.3333 0 597.3334
v  -510.3333 0 583.3334
v  -508.3333 0 582.8334
v  -509.6667 0 585.5
v  -512 0 583.1667
v  -510.3333 0 583.3334
v  -509.6667 0 585.5
v  -511 0 589.3334
v  -512 0 594.5
v  -512 0 583.1667
v  -511 0 589.3334
v  -511.3333 0 597.3334
v  -512 0 597.3334
v  -512 0 595.5
v  -521.8333 0 557.5
v  -520 0 554.6667
v  -519.8333 0 554.6667
v  -523.1667 0 560.6667
v  -512 0 583.1667
v  -514.3333 0 582.8334
v  -517 0 581.3334
v  -518.6667 0 579.1667
v  -518.6667 0 579.1667
v  -520.8333 0 574.5
v  -522.8333 0 568.5
v  -523.1667 0 560.6667
v  -519.8333 0 554.6667
v  -512 0 554.6667
v  -512 0 583.1667
v  -518.6667 0 579.1667
v  -522.8333 0 568.5
v  -522.8333 0 568.5
v  -523.5 0 565.5
v  -523.1667 0 560.6667
v  -514.3333 0 582.8334
v  -512 0 583.1667
v  -512 0 594.5
v  -514.3333 0 582.8334
v  -512 0 594.5
v  -512 0 595.5
v  -514.3333 0 582.8334
v  -512 0 595.5
v  -512 0 597.3334
v  -517 0 581.3334
v  -554.6667 0 554.6667
v  -522.8333 0 568.5
v  -520.8333 0 574.5
v  -518.6667 0 579.1667
v  -517 0 581.3334
v  -512 0 597.3334
v  -520.8333 0 574.5
v  -518.6667 0 579.1667
v  -512 0 597.3334
v  -554.6667 0 597.3334
v  -554.6667 0 554.6667
v  -554.6667 0 554.6667
v  -520 0 554.6667
v  -521.8333 0 557.5
v  -554.6667 0 554.6667
v  -521.8333 0 557.5
v  -523.1667 0 560.6667
v  -554.6667 0 554.6667
v  -523.1667 0 560.6667
v  -523.5 0 565.5
v  -554.6667 0 554.6667
v  -523.5 0 565.5
v  -522.8333 0 568.5
v  -575.8334 0 585.3334
v  -575.8334 0 584.3334
v  -573 0 583.5
v  -567.6667 0 570.6667
v  -570.6667 0 568.8334
v  -571.1667 0 567.8334
v  -575.8334 0 585.3334
v  -573 0 583.5
v  -570.5 0 582.1667
v  -577.6667 0 590.5
v  -567.6667 0 570.6667
v  -571.1667 0 567.8334
v  -573 0 566
v  -554.6667 0 554.6667
v  -591.6667 0 563.8334
v  -597.3334 0 566
v  -597.3334 0 554.6667
v  -575.6667 0 564.1667
v  -579.1667 0 562.5
v  -554.6667 0 554.6667
v  -586.6667 0 562.5
v  -591.6667 0 563.8334
v  -597.3334 0 554.6667
v  -583.1667 0 562
v  -586.6667 0 562.5
v  -597.3334 0 554.6667
v  -579.8334 0 595.3334
v  -577.6667 0 590.5
v  -570.5 0 582.1667
v  -581.1667 0 597.3334
v  -579.8334 0 595.3334
v  -570.5 0 582.1667
v  -566.3334 0 578.6667
v  -554.6667 0 597.3334
v  -579.1667 0 562.5
v  -583.1667 0 562
v  -597.3334 0 554.6667
v  -554.6667 0 554.6667
v  -554.6667 0 554.6667
v  -565.8334 0 574.5
v  -567.6667 0 570.6667
v  -554.6667 0 554.6667
v  -573 0 566
v  -575.6667 0 564.1667
v  -554.6667 0 597.3334
v  -566.3334 0 578.6667
v  -565.8334 0 574.5
v  -554.6667 0 554.6667
v  -573 0 566
v  -571.1667 0 567.8334
v  -570.6667 0 568.8334
v  -570.5 0 582.1667
v  -573 0 583.5
v  -575.8334 0 584.3334
v  -597.3334 0 566.1667
v  -597.3334 0 566
v  -591.6667 0 563.8334
v  -586.6667 0 562.5
v  -575.8334 0 584.3334
v  -575.8334 0 585.3334
v  -577.6667 0 590.5
v  -579.8334 0 595.3334
v  -581.1667 0 597.3334
v  -575.6667 0 564.1667
v  -573 0 566
v  -570.6667 0 568.8334
v  -586.6667 0 562.5
v  -583.1667 0 562
v  -579.1667 0 562.5
v  -570.6667 0 568.8334
v  -567.6667 0 570.6667
v  -565.8334 0 574.5
v  -566.3334 0 578.6667
v  -570.5 0 582.1667
v  -575.8334 0 584.3334
v  -586.6667 0 562.5
v  -570.6667 0 568.8334
v  -575.8334 0 584.3334
v  -581.1667 0 597.3334
v  -597.3334 0 597.3334
v  -597.3334 0 566.1667
v  -597.3334 0 566
v  -597.3334 0 566.1667
v  -599.8334 0 567.6667
v  -601.6667 0 577.5
v  -599.5001 0 581.1667
v  -602.0001 0 585.6667
v  -602.1667 0 573.3334
v  -601.6667 0 577.5
v  -602.0001 0 585.6667
v  -604.0001 0 591.1667
v  -597.3334 0 554.6667
v  -597.3334 0 566
v  -599.8334 0 567.6667
v  -597.3334 0 554.6667
v  -599.8334 0 567.6667
v  -601.6667 0 570.8334
v  -640.0001 0 554.6667
v  -640.0001 0 554.6667
v  -601.6667 0 570.8334
v  -602.1667 0 573.3334
v  -602.1667 0 573.3334
v  -604.0001 0 591.1667
v  -604.8334 0 595.1667
v  -640.0001 0 597.3334
v  -640.0001 0 554.6667
v  -604.8334 0 595.1667
v  -604.5001 0 597.3334
v  -640.0001 0 597.3334
v  -602.1667 0 573.3334
v  -601.6667 0 570.8334
v  -599.8334 0 567.6667
v  -597.3334 0 566.1667
v  -599.5001 0 581.1667
v  -601.6667 0 577.5
v  -604.5001 0 597.3334
v  -604.8334 0 595.1667
v  -604.0001 0 591.1667
v  -602.0001 0 585.6667
v  -599.5001 0 581.1667
v  -597.3334 0 597.3334
v  -597.3334 0 597.3334
v  -599.5001 0 581.1667
v  -597.3334 0 566.1667
v  -678.6667 0 576.6667
v  -681.1667 0 577.3334
v  -680.3333 0 575.8334
v  -669.5 0 581.1667
v  -670.8333 0 580
v  -670.8333 0 579.6667
v  -678.6667 0 576.6667
v  -680.3333 0 575.8334
v  -679 0 571.5
v  -674.3333 0 577.1667
v  -640 0 597.3334
v  -670.5 0 590.8334
v  -668.8333 0 585.3334
v  -674.3333 0 577.1667
v  -679 0 571.5
v  -678.5 0 567.8334
v  -670.8333 0 579.6667
v  -640 0 597.3334
v  -668.8333 0 585.3334
v  -668.8333 0 583.1667
v  -669.5 0 581.1667
v  -670.8333 0 579.6667
v  -678.5 0 567.8334
v  -679.3333 0 562.8334
v  -640 0 597.3334
v  -668.8333 0 583.1667
v  -669.5 0 581.1667
v  -669.5 0 581.1667
v  -679.3333 0 562.8334
v  -681.1667 0 557.5
v  -669.5 0 581.1667
v  -681.1667 0 557.5
v  -682.5 0 554.6667
v  -640 0 554.6667
v  -640 0 597.3334
v  -640 0 597.3334
v  -674 0 597.3334
v  -672.5 0 595.3334
v  -640 0 597.3334
v  -672.5 0 595.3334
v  -670.5 0 590.8334
v  -672.5 0 595.3334
v  -674 0 597.3334
v  -674.3333 0 597.3334
v  -670.5 0 590.8334
v  -682.6667 0 554.6667
v  -682.5 0 554.6667
v  -681.1667 0 557.5
v  -670.8333 0 580
v  -669.5 0 581.1667
v  -668.8333 0 583.1667
v  -668.8333 0 585.3334
v  -674.3333 0 577.1667
v  -674.3333 0 577.1667
v  -670.8333 0 579.6667
v  -670.8333 0 580
v  -668.8333 0 585.3334
v  -670.5 0 590.8334
v  -674.3333 0 597.3334
v  -682.6667 0 597.3334
v  -681.1667 0 577.3334
v  -674.3333 0 577.1667
v  -679 0 571.5
v  -680.3333 0 575.8334
v  -681.1667 0 577.3334
v  -681.1667 0 577.3334
v  -678.6667 0 576.6667
v  -674.3333 0 577.1667
v  -682.6667 0 597.3334
v  -682.6667 0 554.6667
v  -681.1667 0 577.3334
v  -679.3333 0 562.8334
v  -678.5 0 567.8334
v  -679 0 571.5
v  -681.1667 0 577.3334
v  -682.6667 0 554.6667
v  -681.1667 0 557.5
v  -691.1667 0 597.3334
v  -691.3334 0 597.3334
v  -692 0 595.5
v  -701.8334 0 557.5
v  -700 0 554.6667
v  -699.8334 0 554.6667
v  -703.1667 0 560.6667
v  -691.1667 0 597.3334
v  -692 0 595.5
v  -691.8334 0 592.6667
v  -690 0 586.3334
v  -688.3334 0 582.8334
v  -682.6667 0 597.3334
v  -688.3334 0 582.8334
v  -690.3334 0 583.3334
v  -693.8334 0 583
v  -697 0 581.3334
v  -698.6667 0 579.1667
v  -682.6667 0 597.3334
v  -688.3334 0 582.8334
v  -682.6667 0 554.6667
v  -702.1667 0 570.8334
v  -703.1667 0 560.6667
v  -699.8334 0 554.6667
v  -682.6667 0 554.6667
v  -688.3334 0 582.8334
v  -698.6667 0 579.1667
v  -698.6667 0 579.1667
v  -700.5 0 575.3334
v  -702.1667 0 570.8334
v  -702.1667 0 570.8334
v  -703.5 0 564.8334
v  -703.1667 0 560.6667
v  -690.3334 0 583.3334
v  -688.3334 0 582.8334
v  -690 0 586.3334
v  -693.8334 0 583
v  -690.3334 0 583.3334
v  -690 0 586.3334
v  -697 0 581.3334
v  -693.8334 0 583
v  -690 0 586.3334
v  -691.8334 0 592.6667
v  -725.3334 0 554.6667
v  -703.1667 0 560.6667
v  -703.5 0 564.8334
v  -697 0 581.3334
v  -691.8334 0 592.6667
v  -692 0 595.5
v  -698.6667 0 579.1667
v  -725.3334 0 554.6667
v  -703.5 0 564.8334
v  -702.1667 0 570.8334
v  -698.6667 0 579.1667
v  -692 0 595.5
v  -691.3334 0 597.3334
v  -725.3334 0 597.3334
v  -725.3334 0 554.6667
v  -700.5 0 575.3334
v  -725.3334 0 554.6667
v  -700 0 554.6667
v  -701.8334 0 557.5
v  -725.3334 0 554.6667
v  -701.8334 0 557.5
v  -703.1667 0 560.6667
v  -725.3334 0 554.6667
v  -702.1667 0 570.8334
v  -700.5 0 575.3334
v  -725.3334 0 597.3334
v  -768.0001 0 597.3334
v  -768.0001 0 554.6667
v  -725.3334 0 554.6667
v  -768 0 597.3334
v  -810.6667 0 597.3334
v  -810.6667 0 554.6667
v  -768 0 554.6667
v  -827 0 559.1667
v  -828.6667 0 556
v  -829 0 554.6667
v  -810.6667 0 554.6667
v  -831.1667 0 593.3334
v  -832.5 0 589.1667
v  -832.5 0 585
v  -828.6667 0 571.5
v  -810.6667 0 597.3334
v  -831.1667 0 594.5
v  -831.1667 0 593.3334
v  -828.6667 0 571.5
v  -827 0 560.6667
v  -810.6667 0 554.6667
v  -827 0 560.6667
v  -827 0 559.1667
v  -810.6667 0 554.6667
v  -810.6667 0 597.3334
v  -832 0 597.3334
v  -831.1667 0 594.5
v  -831.1667 0 594.5
v  -832 0 597.3334
v  -832.1667 0 597.3334
v  -831.1667 0 593.3334
v  -831.1667 0 594.5
v  -832.1667 0 597.3334
v  -853.3334 0 597.3334
v  -832.5 0 589.1667
v  -828.6667 0 556
v  -827 0 559.1667
v  -827 0 560.6667
v  -828.6667 0 571.5
v  -829 0 554.6667
v  -828.6667 0 556
v  -828.6667 0 571.5
v  -832.5 0 585
v  -853.3334 0 597.3334
v  -853.3334 0 554.6667
v  -832.5 0 585
v  -832.5 0 589.1667
v  -853.3334 0 597.3334
v  -853.3334 0 597.3334
v  -869.3334 0 597.3334
v  -869.3334 0 554.6667
v  -853.3334 0 554.6667
v  -30.5 0 640.0001
v  -42.66667 0 640.0001
v  -42.66667 0 597.3334
v  -30.5 0 597.3334
v  -59.66667 0 599.6667
v  -56.33334 0 597.3334
v  -56 0 597.3334
v  -70 0 634.1667
v  -70.16667 0 627.6667
v  -67.33334 0 625.1667
v  -67.33334 0 625.1667
v  -68.33334 0 622.5001
v  -69.5 0 616.0001
v  -67.5 0 605.0001
v  -64 0 601.5001
v  -59.66667 0 599.6667
v  -69.5 0 616.0001
v  -69.5 0 611.1667
v  -67.5 0 605.0001
v  -67.5 0 605.0001
v  -59.66667 0 599.6667
v  -56 0 597.3334
v  -71 0 640.0001
v  -70 0 634.1667
v  -67.33334 0 625.1667
v  -42.66667 0 640.0001
v  -67.33334 0 625.1667
v  -69.5 0 616.0001
v  -67.5 0 605.0001
v  -56 0 597.3334
v  -42.66667 0 597.3334
v  -42.66667 0 640.0001
v  -68.33334 0 622.5001
v  -67.33334 0 625.1667
v  -70.16667 0 627.6667
v  -56.33334 0 597.3334
v  -59.66667 0 599.6667
v  -64 0 601.5001
v  -85.33334 0 597.3334
v  -69.5 0 616.0001
v  -68.33334 0 622.5001
v  -70.16667 0 627.6667
v  -70.16667 0 627.6667
v  -70 0 634.1667
v  -71 0 640.0001
v  -69.5 0 611.1667
v  -69.5 0 616.0001
v  -70.16667 0 627.6667
v  -71 0 640.0001
v  -85.33334 0 640.0001
v  -85.33334 0 597.3334
v  -85.33334 0 597.3334
v  -67.5 0 605.0001
v  -69.5 0 611.1667
v  -85.33334 0 597.3334
v  -64 0 601.5001
v  -67.5 0 605.0001
v  -85.33334 0 640.0001
v  -128 0 640.0001
v  -128 0 597.3334
v  -85.33334 0 597.3334
v  -128 0 640.0001
v  -170.6667 0 640.0001
v  -170.6667 0 597.3334
v  -128 0 597.3334
v  -209.1667 0 605.8334
v  -213.3333 0 609.1667
v  -213.3333 0 597.3334
v  -204 0 605.3334
v  -209.1667 0 605.8334
v  -213.3333 0 597.3334
v  -170.6667 0 597.3334
v  -170.6667 0 640.0001
v  -185.8333 0 640.0001
v  -187.1667 0 635.0001
v  -170.6667 0 640.0001
v  -187.1667 0 635.0001
v  -194.5 0 614.8334
v  -170.6667 0 597.3334
v  -194.5 0 614.8334
v  -204 0 605.3334
v  -170.6667 0 597.3334
v  -213.3333 0 609.3334
v  -213.3333 0 609.1667
v  -209.1667 0 605.8334
v  -204 0 605.3334
v  -213.3333 0 609.3334
v  -204 0 605.3334
v  -194.5 0 614.8334
v  -187.1667 0 635.0001
v  -185.8333 0 640.0001
v  -213.3333 0 640.0001
v  -213.3333 0 609.1667
v  -213.3333 0 609.3334
v  -217.8333 0 612.6667
v  -248.6667 0 604.6667
v  -238.3333 0 597.3334
v  -238 0 597.3334
v  -213.3333 0 597.3334
v  -213.3333 0 609.1667
v  -217.8333 0 612.6667
v  -248.6667 0 604.6667
v  -238 0 597.3334
v  -231.1667 0 634.3334
v  -232.3333 0 640.0001
v  -256 0 640.0001
v  -217.8333 0 612.6667
v  -227.8333 0 630.5001
v  -231.1667 0 634.3334
v  -256 0 640.0001
v  -256 0 608.1667
v  -248.6667 0 604.6667
v  -256 0 597.3334
v  -238.3333 0 597.3334
v  -248.6667 0 604.6667
v  -256 0 608.1667
v  -232.3333 0 640.0001
v  -231.1667 0 634.3334
v  -227.8333 0 630.5001
v  -213.3333 0 640.0001
v  -232.3333 0 640.0001
v  -227.8333 0 630.5001
v  -217.8333 0 612.6667
v  -213.3333 0 609.3334
v  -297.3333 0 603.0001
v  -298.6667 0 602.1667
v  -298.6667 0 602.0001
v  -297.3333 0 603.0001
v  -298.6667 0 602.0001
v  -298.6667 0 597.3334
v  -295.5 0 604.8334
v  -297.3333 0 603.0001
v  -298.6667 0 597.3334
v  -288.1667 0 608.8334
v  -256 0 608.1667
v  -261.6667 0 610.3334
v  -267.8333 0 610.8334
v  -256 0 597.3334
v  -256 0 608.1667
v  -267.8333 0 610.8334
v  -280 0 610.6667
v  -288.1667 0 608.8334
v  -298.6667 0 597.3334
v  -298.6667 0 602.1667
v  -297.3333 0 603.0001
v  -295.5 0 604.8334
v  -298.6667 0 640.0001
v  -261.6667 0 610.3334
v  -256 0 608.1667
v  -256 0 640.0001
v  -267.8333 0 610.8334
v  -261.6667 0 610.3334
v  -256 0 640.0001
v  -256 0 640.0001
v  -298.6667 0 640.0001
v  -280 0 610.6667
v  -267.8333 0 610.8334
v  -298.6667 0 640.0001
v  -295.5 0 604.8334
v  -288.1667 0 608.8334
v  -298.6667 0 640.0001
v  -288.1667 0 608.8334
v  -280 0 610.6667
v  -301.6667 0 599.5001
v  -302.6667 0 597.3334
v  -298.6667 0 597.3334
v  -298.6667 0 602.0001
v  -302.8333 0 597.3334
v  -302.6667 0 597.3334
v  -301.6667 0 599.5001
v  -312.1667 0 604.1667
v  -320.6667 0 598.6667
v  -321.5 0 597.8334
v  -301.6667 0 599.5001
v  -298.6667 0 602.0001
v  -298.6667 0 602.1667
v  -298.6667 0 640.0001
v  -304.8333 0 640.0001
v  -304.3333 0 635.0001
v  -305.6667 0 630.6667
v  -307.3333 0 627.5001
v  -308 0 623.0001
v  -321.5 0 597.8334
v  -341.3333 0 597.3334
v  -302.8333 0 597.3334
v  -298.6667 0 640.0001
v  -304.3333 0 635.0001
v  -305.6667 0 630.6667
v  -337.6667 0 614.1667
v  -338.3333 0 620.6667
v  -341.3333 0 627.1667
v  -341.3333 0 597.3334
v  -330.6667 0 600.5001
v  -333.6667 0 606.8334
v  -337.6667 0 614.1667
v  -341.3333 0 597.3334
v  -321.5 0 597.8334
v  -330.6667 0 600.5001
v  -341.3333 0 597.3334
v  -312.1667 0 604.1667
v  -301.6667 0 599.5001
v  -298.6667 0 602.1667
v  -298.6667 0 640.0001
v  -305.6667 0 630.6667
v  -308 0 623.0001
v  -341.3333 0 627.5001
v  -341.3333 0 627.1667
v  -338.3333 0 620.6667
v  -307.3333 0 627.5001
v  -305.6667 0 630.6667
v  -304.3333 0 635.0001
v  -304.8333 0 640.0001
v  -330.6667 0 600.5001
v  -321.5 0 597.8334
v  -320.6667 0 598.6667
v  -312.1667 0 604.1667
v  -308 0 623.0001
v  -307.3333 0 627.5001
v  -338.3333 0 620.6667
v  -337.6667 0 614.1667
v  -333.6667 0 606.8334
v  -333.6667 0 606.8334
v  -330.6667 0 600.5001
v  -320.6667 0 598.6667
v  -312.1667 0 604.1667
v  -341.3333 0 640.0001
v  -341.3333 0 627.5001
v  -338.3333 0 620.6667
v  -338.3333 0 620.6667
v  -333.6667 0 606.8334
v  -312.1667 0 604.1667
v  -307.3333 0 627.5001
v  -304.8333 0 640.0001
v  -341.3333 0 640.0001
v  -341.3333 0 627.1667
v  -341.3333 0 627.5001
v  -342.1667 0 629.3334
v  -346.3333 0 633.3334
v  -346.3333 0 633.3334
v  -347.6667 0 635.3334
v  -348.5 0 636.0001
v  -348.5 0 636.0001
v  -350.8333 0 640.0001
v  -351 0 640.0001
v  -365.5 0 631.5001
v  -364.1667 0 618.5001
v  -369.6667 0 611.0001
v  -380.1667 0 607.1667
v  -384 0 597.3334
v  -341.3333 0 597.3334
v  -380.1667 0 607.1667
v  -384 0 607.8334
v  -384 0 597.3334
v  -341.3333 0 627.1667
v  -346.3333 0 633.3334
v  -348.5 0 636.0001
v  -364.1667 0 618.5001
v  -369.6667 0 611.0001
v  -341.3333 0 597.3334
v  -351 0 640.0001
v  -368.3333 0 640.0001
v  -367.5 0 638.3334
v  -351 0 640.0001
v  -367.5 0 638.3334
v  -365.5 0 631.5001
v  -367.5 0 638.3334
v  -368.3333 0 640.0001
v  -368.5 0 640.0001
v  -365.5 0 631.5001
v  -365.5 0 631.5001
v  -368.5 0 640.0001
v  -384 0 640.0001
v  -384 0 607.8334
v  -369.6667 0 611.0001
v  -364.1667 0 618.5001
v  -384 0 607.8334
v  -380.1667 0 607.1667
v  -369.6667 0 611.0001
v  -350.8333 0 640.0001
v  -348.5 0 636.0001
v  -347.6667 0 635.3334
v  -341.3333 0 640.0001
v  -341.3333 0 640.0001
v  -342.1667 0 629.3334
v  -341.3333 0 627.5001
v  -347.6667 0 635.3334
v  -346.3333 0 633.3334
v  -342.1667 0 629.3334
v  -341.3333 0 640.0001
v  -426.6667 0 597.3334
v  -424.5 0 597.3334
v  -423.8333 0 599.5001
v  -426.6667 0 597.3334
v  -423.8333 0 599.5001
v  -421.3333 0 602.3334
v  -403.5 0 624.1667
v  -404.5 0 627.3334
v  -407 0 632.3334
v  -426.6667 0 640.0001
v  -426.6667 0 597.3334
v  -421.3333 0 602.3334
v  -384 0 597.3334
v  -384 0 607.8334
v  -387.5 0 608.5001
v  -401.1667 0 597.3334
v  -384 0 597.3334
v  -387.5 0 608.5001
v  -393.6667 0 611.1667
v  -403 0 599.6667
v  -407 0 632.3334
v  -410 0 640.0001
v  -426.6667 0 640.0001
v  -413.6667 0 604.5001
v  -398.1667 0 615.1667
v  -403.5 0 624.1667
v  -418 0 604.1667
v  -403 0 599.6667
v  -393.6667 0 611.1667
v  -398.1667 0 615.1667
v  -408.6667 0 603.3334
v  -421.3333 0 602.3334
v  -418 0 604.1667
v  -403.5 0 624.1667
v  -411.5 0 604.3334
v  -408.6667 0 603.3334
v  -398.1667 0 615.1667
v  -413.6667 0 604.5001
v  -411.5 0 604.3334
v  -398.1667 0 615.1667
v  -408.6667 0 603.3334
v  -411.5 0 604.3334
v  -413.6667 0 604.5001
v  -421.3333 0 602.3334
v  -423.8333 0 599.5001
v  -424.5 0 597.3334
v  -413.6667 0 604.5001
v  -418 0 604.1667
v  -421.3333 0 602.3334
v  -401.1667 0 597.3334
v  -403 0 599.6667
v  -408.6667 0 603.3334
v  -413.6667 0 604.5001
v  -421.3333 0 602.3334
v  -424.5 0 597.3334
v  -393.6667 0 611.1667
v  -387.5 0 608.5001
v  -384 0 607.8334
v  -404.5 0 627.3334
v  -403.5 0 624.1667
v  -398.1667 0 615.1667
v  -410 0 640.0001
v  -407 0 632.3334
v  -404.5 0 627.3334
v  -398.1667 0 615.1667
v  -393.6667 0 611.1667
v  -384 0 607.8334
v  -384 0 640.0001
v  -410 0 640.0001
v  -404.5 0 627.3334
v  -460.3333 0 627.6667
v  -458.8333 0 629.5001
v  -458.5 0 630.8334
v  -460.5 0 633.0001
v  -461.3333 0 633.3334
v  -469.3333 0 640.0001
v  -459.3333 0 639.5001
v  -458.1667 0 639.5001
v  -469.3333 0 640.0001
v  -461.5 0 638.3334
v  -459.3333 0 639.5001
v  -460.3333 0 627.6667
v  -461.3333 0 633.3334
v  -462.3333 0 634.6667
v  -469.3333 0 640.0001
v  -460.3333 0 625.1667
v  -469.3333 0 640.0001
v  -462.3333 0 634.6667
v  -461.5 0 638.3334
v  -457.1667 0 639.0001
v  -461.5 0 638.3334
v  -460.5 0 633.0001
v  -458.5 0 630.8334
v  -449.6667 0 637.8334
v  -452.8333 0 639.0001
v  -426.6667 0 597.3334
v  -444.1667 0 617.5001
v  -445.5 0 616.1667
v  -469.3333 0 597.3334
v  -453 0 613.0001
v  -456.3333 0 613.5001
v  -469.3333 0 597.3334
v  -456.3333 0 613.5001
v  -458.5 0 616.5001
v  -469.3333 0 640.0001
v  -469.3333 0 597.3334
v  -458.5 0 616.5001
v  -460.3333 0 625.1667
v  -458.1667 0 639.5001
v  -457.1667 0 639.0001
v  -455.3333 0 639.3334
v  -449.1667 0 615.5001
v  -443.6667 0 619.5001
v  -442.8333 0 620.8334
v  -458.5 0 616.5001
v  -456.3333 0 613.5001
v  -453 0 613.0001
v  -449.1667 0 615.5001
v  -445.5 0 616.1667
v  -449.1667 0 615.5001
v  -453 0 613.0001
v  -469.3333 0 597.3334
v  -426.6667 0 597.3334
v  -438.1667 0 627.8334
v  -440.1667 0 630.5001
v  -442.5 0 631.6667
v  -442.8333 0 620.8334
v  -443.6667 0 619.5001
v  -444.1667 0 617.5001
v  -439.1667 0 624.5001
v  -439.6667 0 624.3334
v  -445.1667 0 633.6667
v  -449.6667 0 637.8334
v  -458.8333 0 629.5001
v  -458.5 0 616.5001
v  -449.1667 0 615.5001
v  -439.6667 0 624.3334
v  -452.8333 0 639.0001
v  -455.3333 0 639.3334
v  -457.1667 0 639.0001
v  -449.1667 0 615.5001
v  -442.8333 0 620.8334
v  -439.6667 0 624.3334
v  -449.6667 0 637.8334
v  -458.5 0 630.8334
v  -458.8333 0 629.5001
v  -458.8333 0 629.5001
v  -460.3333 0 627.6667
v  -460.3333 0 625.1667
v  -458.5 0 616.5001
v  -439.6667 0 624.3334
v  -439.1667 0 624.5001
v  -438.3333 0 625.8334
v  -438.1667 0 627.8334
v  -442.5 0 631.6667
v  -445.1667 0 633.6667
v  -457.1667 0 639.0001
v  -458.1667 0 639.5001
v  -459.3333 0 639.5001
v  -461.5 0 638.3334
v  -462.3333 0 634.6667
v  -461.3333 0 633.3334
v  -460.5 0 633.0001
v  -461.5 0 638.3334
v  -445.5 0 616.1667
v  -444.1667 0 617.5001
v  -443.6667 0 619.5001
v  -449.1667 0 615.5001
v  -445.1667 0 633.6667
v  -442.5 0 631.6667
v  -440.1667 0 630.5001
v  -426.6667 0 640.0001
v  -449.6667 0 637.8334
v  -455.3333 0 639.3334
v  -452.8333 0 639.0001
v  -426.6667 0 640.0001
v  -444.1667 0 617.5001
v  -426.6667 0 597.3334
v  -426.6667 0 640.0001
v  -439.1667 0 624.5001
v  -426.6667 0 640.0001
v  -458.1667 0 639.5001
v  -455.3333 0 639.3334
v  -438.3333 0 625.8334
v  -439.1667 0 624.5001
v  -426.6667 0 640.0001
v  -438.1667 0 627.8334
v  -438.3333 0 625.8334
v  -426.6667 0 640.0001
v  -440.1667 0 630.5001
v  -438.1667 0 627.8334
v  -426.6667 0 640.0001
v  -426.6667 0 640.0001
v  -469.3333 0 640.0001
v  -458.1667 0 639.5001
v  -452.8333 0 639.0001
v  -449.6667 0 637.8334
v  -426.6667 0 640.0001
v  -511.3333 0 597.3334
v  -511.1667 0 597.3334
v  -511 0 598.1667
v  -512 0 597.3334
v  -511.3333 0 597.3334
v  -511 0 598.1667
v  -495 0 598.1667
v  -494.3333 0 597.3334
v  -494 0 597.3334
v  -498.3333 0 600.5001
v  -498 0 600.0001
v  -495 0 598.1667
v  -469.3333 0 597.3334
v  -512 0 597.3334
v  -511 0 598.1667
v  -509 0 600.1667
v  -512 0 640.0001
v  -495 0 598.1667
v  -494 0 597.3334
v  -469.3333 0 597.3334
v  -512 0 640.0001
v  -506.3333 0 601.5001
v  -502.1667 0 601.6667
v  -500.8333 0 601.5001
v  -498.3333 0 600.5001
v  -469.3333 0 597.3334
v  -469.3333 0 640.0001
v  -512 0 640.0001
v  -512 0 640.0001
v  -502.1667 0 601.6667
v  -500.8333 0 601.5001
v  -512 0 640.0001
v  -509 0 600.1667
v  -506.3333 0 601.5001
v  -498 0 600.0001
v  -498.3333 0 600.5001
v  -500.8333 0 601.5001
v  -502.1667 0 601.6667
v  -509 0 600.1667
v  -511 0 598.1667
v  -511.1667 0 597.3334
v  -506.3333 0 601.5001
v  -509 0 600.1667
v  -511.1667 0 597.3334
v  -494.3333 0 597.3334
v  -498 0 600.0001
v  -502.1667 0 601.6667
v  -494.3333 0 597.3334
v  -495 0 598.1667
v  -498 0 600.0001
v  -549.6667 0 611.0001
v  -554.6667 0 609.3334
v  -554.6667 0 609.1667
v  -549.6667 0 611.0001
v  -554.6667 0 609.1667
v  -554.6667 0 597.3334
v  -544.1667 0 618.5001
v  -549.6667 0 611.0001
v  -554.6667 0 597.3334
v  -512 0 597.3334
v  -512 0 640.0001
v  -548.3333 0 640.0001
v  -547.5 0 638.3334
v  -512 0 640.0001
v  -547.5 0 638.3334
v  -545.5 0 631.5001
v  -512 0 640.0001
v  -545.5 0 631.5001
v  -544.1667 0 618.5001
v  -512 0 597.3334
v  -547.5 0 638.3334
v  -548.3333 0 640.0001
v  -548.5 0 640.0001
v  -547.5 0 638.3334
v  -548.5 0 640.0001
v  -554.6667 0 640.0001
v  -545.5 0 631.5001
v  -547.5 0 638.3334
v  -554.6667 0 640.0001
v  -554.6667 0 609.3334
v  -549.6667 0 611.0001
v  -544.1667 0 618.5001
v  -583.5 0 624.1667
v  -584.5 0 627.3334
v  -587 0 632.3334
v  -597.3334 0 640.0001
v  -554.6667 0 597.3334
v  -554.6667 0 609.1667
v  -560.5 0 607.1667
v  -587 0 632.3334
v  -590 0 640.0001
v  -597.3334 0 640.0001
v  -554.6667 0 597.3334
v  -560.5 0 607.1667
v  -567.5 0 608.5001
v  -581.1667 0 597.3334
v  -554.6667 0 597.3334
v  -567.5 0 608.5001
v  -573.3334 0 611.0001
v  -583 0 599.6667
v  -597.3334 0 604.1667
v  -595.6667 0 604.5001
v  -581.6667 0 620.6667
v  -583.5 0 624.1667
v  -597.3334 0 640.0001
v  -591.5 0 604.3334
v  -578.1667 0 615.1667
v  -581.6667 0 620.6667
v  -595.6667 0 604.5001
v  -583 0 599.6667
v  -573.3334 0 611.0001
v  -574.5 0 611.8334
v  -583 0 599.6667
v  -574.5 0 611.8334
v  -578.1667 0 615.1667
v  -588.6667 0 603.3334
v  -591.5 0 604.3334
v  -588.6667 0 603.3334
v  -578.1667 0 615.1667
v  -591.5 0 604.3334
v  -595.6667 0 604.5001
v  -597.3334 0 604.1667
v  -588.6667 0 603.3334
v  -591.5 0 604.3334
v  -597.3334 0 604.1667
v  -597.3334 0 597.3334
v  -581.1667 0 597.3334
v  -583 0 599.6667
v  -560.5 0 607.1667
v  -554.6667 0 609.1667
v  -554.6667 0 609.3334
v  -567.5 0 608.5001
v  -578.1667 0 615.1667
v  -574.5 0 611.8334
v  -573.3334 0 611.0001
v  -567.5 0 608.5001
v  -584.5 0 627.3334
v  -583.5 0 624.1667
v  -581.6667 0 620.6667
v  -578.1667 0 615.1667
v  -590 0 640.0001
v  -587 0 632.3334
v  -584.5 0 627.3334
v  -578.1667 0 615.1667
v  -567.5 0 608.5001
v  -554.6667 0 609.3334
v  -554.6667 0 640.0001
v  -590 0 640.0001
v  -584.5 0 627.3334
v  -597.3334 0 604.1667
v  -598.5001 0 604.0001
v  -601.8334 0 602.0001
v  -603.8334 0 599.5001
v  -604.5001 0 597.3334
v  -597.3334 0 597.3334
v  -640.0001 0 640.0001
v  -640.0001 0 639.1667
v  -638.1667 0 639.5001
v  -638.1667 0 639.5001
v  -637.1667 0 639.0001
v  -635.6667 0 639.3334
v  -622.8334 0 620.8334
v  -623.6667 0 619.5001
v  -624.1667 0 617.5001
v  -640.0001 0 640.0001
v  -638.1667 0 639.5001
v  -635.6667 0 639.3334
v  -619.1667 0 624.5001
v  -619.6667 0 624.3334
v  -622.8334 0 620.8334
v  -624.1667 0 617.5001
v  -601.8334 0 602.0001
v  -598.5001 0 604.0001
v  -638.8334 0 617.3334
v  -639.5001 0 622.0001
v  -640.0001 0 623.3334
v  -640.0001 0 597.3334
v  -640.0001 0 640.0001
v  -635.6667 0 639.3334
v  -633.8334 0 639.1667
v  -597.3334 0 640.0001
v  -625.5001 0 616.1667
v  -629.1667 0 615.5001
v  -633.0001 0 613.0001
v  -640.0001 0 597.3334
v  -624.1667 0 617.5001
v  -603.8334 0 599.5001
v  -601.8334 0 602.0001
v  -629.6667 0 637.8334
v  -625.1667 0 633.6667
v  -619.5001 0 629.8334
v  -597.3334 0 640.0001
v  -597.3334 0 640.0001
v  -633.8334 0 639.1667
v  -629.6667 0 637.8334
v  -638.0001 0 615.5001
v  -638.8334 0 617.3334
v  -640.0001 0 597.3334
v  -636.0001 0 613.3334
v  -638.0001 0 615.5001
v  -640.0001 0 597.3334
v  -633.0001 0 613.0001
v  -636.0001 0 613.3334
v  -640.0001 0 597.3334
v  -618.1667 0 626.1667
v  -619.1667 0 624.5001
v  -598.5001 0 604.0001
v  -597.3334 0 604.1667
v  -597.3334 0 640.0001
v  -624.1667 0 617.5001
v  -625.5001 0 616.1667
v  -640.0001 0 597.3334
v  -604.5001 0 597.3334
v  -603.8334 0 599.5001
v  -618.1667 0 627.8334
v  -618.1667 0 626.1667
v  -597.3334 0 640.0001
v  -619.5001 0 629.8334
v  -618.1667 0 627.8334
v  -597.3334 0 640.0001
v  -640.0001 0 632.5001
v  -640.0001 0 632.3334
v  -638.6667 0 631.1667
v  -640.0001 0 624.0001
v  -640.0001 0 623.3334
v  -639.5001 0 622.0001
v  -619.6667 0 624.3334
v  -619.1667 0 624.5001
v  -618.1667 0 626.1667
v  -638.5001 0 630.1667
v  -640.0001 0 628.1667
v  -640.0001 0 628.0001
v  -637.1667 0 639.0001
v  -638.1667 0 639.5001
v  -640.0001 0 639.1667
v  -640.0001 0 632.5001
v  -638.6667 0 631.1667
v  -633.8334 0 639.1667
v  -635.6667 0 639.3334
v  -637.1667 0 639.0001
v  -638.6667 0 631.1667
v  -638.5001 0 630.1667
v  -629.6667 0 637.8334
v  -625.5001 0 616.1667
v  -624.1667 0 617.5001
v  -623.6667 0 619.5001
v  -629.1667 0 615.5001
v  -619.6667 0 624.3334
v  -618.1667 0 626.1667
v  -618.1667 0 627.8334
v  -619.5001 0 629.8334
v  -625.1667 0 633.6667
v  -622.8334 0 620.8334
v  -638.8334 0 617.3334
v  -638.0001 0 615.5001
v  -636.0001 0 613.3334
v  -633.0001 0 613.0001
v  -629.1667 0 615.5001
v  -639.5001 0 622.0001
v  -629.1667 0 615.5001
v  -623.6667 0 619.5001
v  -622.8334 0 620.8334
v  -640.0001 0 628.0001
v  -640.0001 0 624.0001
v  -639.5001 0 622.0001
v  -638.5001 0 630.1667
v  -625.1667 0 633.6667
v  -629.6667 0 637.8334
v  -638.5001 0 630.1667
v  -639.5001 0 622.0001
v  -629.1667 0 615.5001
v  -622.8334 0 620.8334
v  -640.0001 0 632.3334
v  -640.0001 0 628.1667
v  -638.5001 0 630.1667
v  -638.6667 0 631.1667
v  -640.3333 0 627.6667
v  -640 0 628.0001
v  -640 0 628.1667
v  -675 0 598.1667
v  -674.3333 0 597.3334
v  -674 0 597.3334
v  -640 0 632.3334
v  -640 0 632.5001
v  -641.3333 0 633.3334
v  -640 0 623.3334
v  -640 0 624.0001
v  -640.3333 0 625.1667
v  -641.5 0 638.3334
v  -640 0 639.1667
v  -640 0 640.0001
v  -682.6667 0 640.0001
v  -678.3333 0 600.5001
v  -678 0 600.0001
v  -675 0 598.1667
v  -640 0 597.3334
v  -640.3333 0 627.6667
v  -640 0 628.1667
v  -640 0 632.3334
v  -641.3333 0 633.3334
v  -642.3333 0 634.6667
v  -641.5 0 638.3334
v  -682.6667 0 640.0001
v  -640.3333 0 627.6667
v  -641.3333 0 633.3334
v  -642.3333 0 634.6667
v  -640.3333 0 625.1667
v  -682.6667 0 640.0001
v  -682.6667 0 601.6667
v  -680.8333 0 601.5001
v  -640 0 623.3334
v  -640.3333 0 625.1667
v  -642.3333 0 634.6667
v  -675 0 598.1667
v  -674 0 597.3334
v  -640 0 597.3334
v  -640 0 597.3334
v  -640 0 623.3334
v  -642.3333 0 634.6667
v  -682.6667 0 640.0001
v  -680.8333 0 601.5001
v  -678.3333 0 600.5001
v  -678 0 600.0001
v  -678.3333 0 600.5001
v  -680.8333 0 601.5001
v  -674.3333 0 597.3334
v  -675 0 598.1667
v  -678 0 600.0001
v  -680.8333 0 601.5001
v  -682.6667 0 601.6667
v  -682.6667 0 597.3334
v  -640 0 628.0001
v  -640.3333 0 627.6667
v  -640.3333 0 625.1667
v  -640 0 624.0001
v  -642.3333 0 634.6667
v  -641.3333 0 633.3334
v  -640 0 632.5001
v  -640 0 639.1667
v  -641.5 0 638.3334
v  -689 0 600.1667
v  -691 0 598.1667
v  -691.1667 0 597.3334
v  -682.6667 0 597.3334
v  -682.6667 0 601.6667
v  -686.3334 0 601.5001
v  -691.3334 0 597.3334
v  -691.1667 0 597.3334
v  -691 0 598.1667
v  -725.3334 0 597.3334
v  -691.3334 0 597.3334
v  -691 0 598.1667
v  -725.3334 0 597.3334
v  -691 0 598.1667
v  -689 0 600.1667
v  -686.3334 0 601.5001
v  -682.6667 0 601.6667
v  -682.6667 0 640.0001
v  -725.3334 0 597.3334
v  -689 0 600.1667
v  -686.3334 0 601.5001
v  -682.6667 0 640.0001
v  -725.3334 0 640.0001
v  -725.3334 0 640.0001
v  -768.0001 0 640.0001
v  -768.0001 0 597.3334
v  -725.3334 0 597.3334
v  -768 0 640.0001
v  -810.6667 0 640.0001
v  -810.6667 0 597.3334
v  -768 0 597.3334
v  -836 0 604.1667
v  -836 0 603.6667
v  -835.3334 0 603.3334
v  -833.6667 0 609.3334
v  -832.6667 0 599.5001
v  -832.1667 0 597.3334
v  -832 0 597.3334
v  -829 0 614.8334
v  -833.6667 0 609.3334
v  -810.6667 0 640.0001
v  -828 0 630.3334
v  -826.8334 0 624.6667
v  -833.6667 0 609.3334
v  -835.3334 0 603.3334
v  -832.6667 0 599.5001
v  -810.6667 0 640.0001
v  -826.8334 0 624.6667
v  -826.8334 0 623.3334
v  -829 0 614.8334
v  -832 0 597.3334
v  -810.6667 0 597.3334
v  -810.6667 0 640.0001
v  -826.8334 0 623.3334
v  -810.6667 0 640.0001
v  -830.6667 0 640.0001
v  -828 0 630.3334
v  -832.6667 0 599.5001
v  -835.3334 0 603.3334
v  -836 0 603.6667
v  -853.3334 0 597.3334
v  -832.1667 0 597.3334
v  -826.8334 0 623.3334
v  -826.8334 0 624.6667
v  -828 0 630.3334
v  -833.6667 0 609.3334
v  -829 0 614.8334
v  -853.3334 0 597.3334
v  -836 0 604.1667
v  -833.6667 0 609.3334
v  -828 0 630.3334
v  -830.8334 0 640.0001
v  -853.3334 0 640.0001
v  -828 0 630.3334
v  -830.6667 0 640.0001
v  -830.8334 0 640.0001
v  -853.3334 0 597.3334
v  -836 0 603.6667
v  -836 0 604.1667
v  -853.3334 0 640.0001
v  -869.3334 0 640.0001
v  -869.3334 0 597.3334
v  -853.3334 0 597.3334
v  -30.5 0 682.6667
v  -42.66667 0 682.6667
v  -42.66667 0 640
v  -30.5 0 640
v  -73.16667 0 676.1667
v  -73 0 675.1667
v  -72 0 673.6667
v  -72.66667 0 682.6667
v  -70.83334 0 646.1667
v  -71.33334 0 642.6667
v  -71 0 640
v  -42.66667 0 640
v  -73.16667 0 660.8333
v  -73.16667 0 653
v  -70.83334 0 646.1667
v  -42.66667 0 640
v  -42.66667 0 682.6667
v  -71.66667 0 669.8333
v  -71.66667 0 669.8333
v  -72.5 0 666.8333
v  -73.16667 0 660.8333
v  -72.66667 0 682.6667
v  -72 0 673.6667
v  -71.66667 0 669.8333
v  -42.66667 0 682.6667
v  -71.66667 0 669.8333
v  -72 0 673.6667
v  -73 0 675.1667
v  -72.5 0 666.8333
v  -85.33334 0 640
v  -73.16667 0 653
v  -73.16667 0 660.8333
v  -72.5 0 666.8333
v  -73 0 675.1667
v  -73.16667 0 676.1667
v  -85.33334 0 682.6667
v  -85.33334 0 640
v  -73.16667 0 660.8333
v  -71.33334 0 642.6667
v  -70.83334 0 646.1667
v  -73.16667 0 653
v  -71 0 640
v  -71.33334 0 642.6667
v  -73.16667 0 653
v  -85.33334 0 640
v  -73.16667 0 676.1667
v  -72.66667 0 682.6667
v  -85.33334 0 682.6667
v  -85.33334 0 682.6667
v  -128 0 682.6667
v  -128 0 640
v  -85.33334 0 640
v  -128 0 682.6667
v  -170.6667 0 682.6667
v  -170.6667 0 640
v  -128 0 640
v  -185.3333 0 641.8333
v  -185.8333 0 640
v  -170.6667 0 640
v  -186.5 0 650.8333
v  -185.3333 0 641.8333
v  -170.6667 0 640
v  -205.3333 0 682.6667
v  -198.3333 0 672.8333
v  -190.8333 0 663.8333
v  -170.6667 0 682.6667
v  -190.8333 0 663.8333
v  -186.5 0 650.8333
v  -170.6667 0 640
v  -170.6667 0 682.6667
v  -185.8333 0 640
v  -185.3333 0 641.8333
v  -186.5 0 650.8333
v  -198.3333 0 672.8333
v  -205.3333 0 682.6667
v  -205.5 0 682.6667
v  -198.3333 0 672.8333
v  -205.5 0 682.6667
v  -213.3333 0 682.6667
v  -185.8333 0 640
v  -186.5 0 650.8333
v  -190.8333 0 663.8333
v  -198.3333 0 672.8333
v  -213.3333 0 682.6667
v  -213.3333 0 640
v  -232.6667 0 643
v  -232.6667 0 641
v  -232.3333 0 640
v  -231.1667 0 654.8333
v  -217.8333 0 682.6667
v  -218 0 682.6667
v  -220.6667 0 680.8333
v  -213.3333 0 682.6667
v  -217.8333 0 682.6667
v  -220.6667 0 680.8333
v  -213.3333 0 682.6667
v  -220.6667 0 680.8333
v  -229 0 667.1667
v  -231.1667 0 654.8333
v  -232.3333 0 640
v  -213.3333 0 640
v  -256 0 640
v  -232.3333 0 640
v  -232.6667 0 641
v  -256 0 640
v  -232.6667 0 641
v  -232.6667 0 643
v  -220.6667 0 680.8333
v  -218 0 682.6667
v  -247.3333 0 682.6667
v  -229 0 667.1667
v  -220.6667 0 680.8333
v  -247.3333 0 682.6667
v  -249.6667 0 678.5
v  -256 0 640
v  -232.6667 0 643
v  -231.1667 0 654.8333
v  -229 0 667.1667
v  -249.6667 0 678.5
v  -252.6667 0 675.3333
v  -229 0 667.1667
v  -252.6667 0 675.3333
v  -256 0 672.8333
v  -256 0 640
v  -231.1667 0 654.8333
v  -249.6667 0 678.5
v  -247.3333 0 682.6667
v  -256 0 682.6667
v  -256 0 672.8333
v  -252.6667 0 675.3333
v  -294.3333 0 669.5
v  -298.6667 0 671
v  -298.6667 0 640
v  -286.6667 0 667.5
v  -294.3333 0 669.5
v  -298.6667 0 640
v  -256 0 640
v  -256 0 672.8333
v  -258.3333 0 670.8333
v  -256 0 640
v  -258.3333 0 670.8333
v  -264.6667 0 667.3333
v  -256 0 640
v  -264.6667 0 667.3333
v  -273.5 0 665.6667
v  -280 0 666.3333
v  -286.6667 0 667.5
v  -298.6667 0 640
v  -280 0 666.3333
v  -298.6667 0 640
v  -256 0 640
v  -273.5 0 665.6667
v  -264.6667 0 667.3333
v  -258.3333 0 670.8333
v  -256 0 672.8333
v  -256 0 682.6667
v  -298.6667 0 671
v  -294.3333 0 669.5
v  -286.6667 0 667.5
v  -286.6667 0 667.5
v  -280 0 666.3333
v  -273.5 0 665.6667
v  -298.6667 0 682.6667
v  -298.6667 0 671
v  -286.6667 0 667.5
v  -273.5 0 665.6667
v  -264.6667 0 667.3333
v  -256 0 682.6667
v  -305 0 642
v  -304.8333 0 640
v  -298.6667 0 640
v  -306.8333 0 643.1667
v  -305 0 642
v  -298.6667 0 640
v  -298.6667 0 671
v  -302.3333 0 672.1667
v  -312.8333 0 648.1667
v  -312.8333 0 648.1667
v  -302.3333 0 672.1667
v  -307.5 0 675.1667
v  -326.5 0 657.3333
v  -341.3333 0 682.6667
v  -341.3333 0 660.8333
v  -337 0 661
v  -326.5 0 657.3333
v  -311.5 0 680.6667
v  -312 0 682.6667
v  -341.3333 0 682.6667
v  -337 0 661
v  -326.5 0 657.3333
v  -307.5 0 675.1667
v  -311.5 0 680.6667
v  -304.8333 0 640
v  -305 0 642
v  -306.8333 0 643.1667
v  -304.8333 0 640
v  -306.8333 0 643.1667
v  -312.8333 0 648.1667
v  -326.5 0 657.3333
v  -337 0 661
v  -341.3333 0 660.8333
v  -341.3333 0 640
v  -304.8333 0 640
v  -312.8333 0 648.1667
v  -312 0 682.6667
v  -311.5 0 680.6667
v  -307.5 0 675.1667
v  -302.3333 0 672.1667
v  -298.6667 0 671
v  -298.6667 0 682.6667
v  -353.6667 0 645.8333
v  -351 0 640
v  -350.8333 0 640
v  -354.3333 0 655.1667
v  -355.3333 0 654.6667
v  -353.6667 0 645.8333
v  -353.6667 0 645.8333
v  -350.8333 0 640
v  -341.3333 0 640
v  -341.3333 0 660.8333
v  -349.3333 0 659.3333
v  -354.3333 0 655.1667
v  -384 0 682.3333
v  -384 0 682
v  -382.8333 0 679.8333
v  -384 0 682.6667
v  -384 0 682.3333
v  -382.8333 0 679.8333
v  -349.3333 0 659.3333
v  -341.3333 0 660.8333
v  -341.3333 0 682.6667
v  -382.8333 0 671.8333
v  -384 0 667.1667
v  -384 0 666.3333
v  -384 0 665.1667
v  -384 0 665
v  -379.8333 0 660.3333
v  -382.8333 0 671.8333
v  -384 0 666.3333
v  -384 0 665.1667
v  -379.8333 0 660.3333
v  -355.3333 0 654.6667
v  -354.3333 0 655.1667
v  -349.3333 0 659.3333
v  -372.5 0 648
v  -368.5 0 640
v  -368.3333 0 640
v  -353.6667 0 645.8333
v  -355.3333 0 654.6667
v  -382.8333 0 679.8333
v  -382.8333 0 671.8333
v  -379.8333 0 660.3333
v  -372.5 0 648
v  -355.3333 0 654.6667
v  -349.3333 0 659.3333
v  -379.8333 0 660.3333
v  -376.8333 0 654.8333
v  -372.5 0 648
v  -368.3333 0 640
v  -351 0 640
v  -353.6667 0 645.8333
v  -376.8333 0 654.8333
v  -379.8333 0 660.3333
v  -384 0 665
v  -384 0 640
v  -368.5 0 640
v  -372.5 0 648
v  -376.8333 0 654.8333
v  -384 0 665
v  -384 0 682
v  -384 0 667.1667
v  -382.8333 0 671.8333
v  -382.8333 0 679.8333
v  -384 0 665
v  -384 0 665.1667
v  -384.3333 0 665.3333
v  -384 0 682.3333
v  -384.1667 0 682.6667
v  -384.3333 0 682.6667
v  -384 0 682
v  -384.3333 0 665.3333
v  -384 0 667.1667
v  -384.3333 0 682.6667
v  -426.6667 0 682.6667
v  -426.6667 0 646.3333
v  -411.3333 0 644.5
v  -384.3333 0 665.3333
v  -384 0 666.3333
v  -384 0 667.1667
v  -422.5 0 644.8333
v  -413.6667 0 644.3333
v  -411.3333 0 644.5
v  -426.6667 0 646.3333
v  -384 0 640
v  -384 0 665
v  -384.3333 0 665.3333
v  -411.3333 0 644.5
v  -410 0 640
v  -384 0 667.1667
v  -384 0 682
v  -384.3333 0 682.6667
v  -410 0 640
v  -411.3333 0 644.5
v  -413.6667 0 644.3333
v  -422.5 0 644.8333
v  -426.6667 0 646.3333
v  -426.6667 0 640
v  -410 0 640
v  -413.6667 0 644.3333
v  -422.5 0 644.8333
v  -426.6667 0 640
v  -384 0 666.3333
v  -384.3333 0 665.3333
v  -384 0 665.1667
v  -384 0 682.6667
v  -384.1667 0 682.6667
v  -384 0 682.3333
v  -426.6667 0 640
v  -426.6667 0 646.3333
v  -430 0 647.5
v  -457.8333 0 659
v  -460.6667 0 659.5
v  -469.3333 0 660
v  -445 0 655
v  -451.1667 0 659.1667
v  -457.8333 0 659
v  -426.6667 0 640
v  -430 0 647.5
v  -438.3333 0 651.3333
v  -438.3333 0 651.3333
v  -445 0 655
v  -457.8333 0 659
v  -469.3333 0 660
v  -469.3333 0 640
v  -426.6667 0 640
v  -460.6667 0 659.5
v  -457.8333 0 659
v  -451.1667 0 659.1667
v  -438.3333 0 651.3333
v  -430 0 647.5
v  -426.6667 0 646.3333
v  -451.1667 0 659.1667
v  -445 0 655
v  -438.3333 0 651.3333
v  -426.6667 0 646.3333
v  -426.6667 0 682.6667
v  -469.3333 0 682.6667
v  -469.3333 0 660
v  -460.6667 0 659.5
v  -451.1667 0 659.1667
v  -469.3333 0 682.6667
v  -499.3333 0 679.1667
v  -499.5 0 682.6667
v  -512 0 682.6667
v  -498.3333 0 675.6667
v  -499.3333 0 679.1667
v  -512 0 682.6667
v  -495.6667 0 671.6667
v  -498.3333 0 675.6667
v  -512 0 682.6667
v  -469.3333 0 640
v  -469.3333 0 660
v  -474.1667 0 660.3333
v  -469.3333 0 640
v  -474.1667 0 660.3333
v  -479.5 0 661.3333
v  -490.6667 0 666.6667
v  -495.6667 0 671.6667
v  -512 0 682.6667
v  -512 0 640
v  -469.3333 0 640
v  -469.3333 0 640
v  -479.5 0 661.3333
v  -486.8333 0 664.1667
v  -486.8333 0 664.1667
v  -490.6667 0 666.6667
v  -469.3333 0 640
v  -499.5 0 682.6667
v  -499.3333 0 679.1667
v  -498.3333 0 675.6667
v  -495.6667 0 671.6667
v  -479.5 0 661.3333
v  -474.1667 0 660.3333
v  -469.3333 0 660
v  -495.6667 0 671.6667
v  -490.6667 0 666.6667
v  -486.8333 0 664.1667
v  -486.8333 0 664.1667
v  -479.5 0 661.3333
v  -469.3333 0 660
v  -469.3333 0 682.6667
v  -499.5 0 682.6667
v  -495.6667 0 671.6667
v  -554.6667 0 651.5
v  -554.6667 0 651.3333
v  -551.5 0 646.1667
v  -551.5 0 646.1667
v  -548.5 0 640
v  -548.3333 0 640
v  -554.6667 0 682.6667
v  -554.6667 0 651.5
v  -551.5 0 646.1667
v  -551.5 0 646.1667
v  -548.3333 0 640
v  -512 0 640
v  -512 0 682.6667
v  -554.6667 0 682.6667
v  -554.6667 0 640
v  -548.5 0 640
v  -551.5 0 646.1667
v  -554.6667 0 651.3333
v  -562.8334 0 679.8333
v  -564.1667 0 682.6667
v  -564.3334 0 682.6667
v  -562.8334 0 671.8333
v  -597.3334 0 644.6667
v  -593.6667 0 644.3333
v  -591.3334 0 644.5
v  -554.6667 0 651.3333
v  -554.6667 0 651.5
v  -559.8334 0 660.3333
v  -564.3334 0 665.3333
v  -562.8334 0 671.8333
v  -564.3334 0 682.6667
v  -597.3334 0 682.6667
v  -597.3334 0 644.6667
v  -591.3334 0 644.5
v  -554.6667 0 651.3333
v  -559.8334 0 660.3333
v  -564.3334 0 665.3333
v  -591.3334 0 644.5
v  -590 0 640
v  -554.6667 0 640
v  -590 0 640
v  -591.3334 0 644.5
v  -593.6667 0 644.3333
v  -597.3334 0 640
v  -597.3334 0 644.6667
v  -597.3334 0 640
v  -593.6667 0 644.3333
v  -554.6667 0 682.6667
v  -564.1667 0 682.6667
v  -562.8334 0 679.8333
v  -562.8334 0 671.8333
v  -564.3334 0 665.3333
v  -559.8334 0 660.3333
v  -554.6667 0 682.6667
v  -562.8334 0 679.8333
v  -562.8334 0 671.8333
v  -559.8334 0 660.3333
v  -554.6667 0 651.5
v  -597.3334 0 640
v  -597.3334 0 644.6667
v  -602.5001 0 644.8333
v  -597.3334 0 640
v  -602.5001 0 644.8333
v  -610.0001 0 647.5
v  -623.8334 0 654.3333
v  -631.1667 0 659.1667
v  -637.8334 0 659
v  -623.8334 0 654.3333
v  -637.8334 0 659
v  -640.0001 0 659.3333
v  -640.0001 0 640
v  -597.3334 0 640
v  -615.6667 0 650
v  -597.3334 0 640
v  -610.0001 0 647.5
v  -615.6667 0 650
v  -640.0001 0 659.3333
v  -637.8334 0 659
v  -631.1667 0 659.1667
v  -640.0001 0 682.6667
v  -610.0001 0 647.5
v  -602.5001 0 644.8333
v  -597.3334 0 644.6667
v  -623.8334 0 654.3333
v  -615.6667 0 650
v  -610.0001 0 647.5
v  -631.1667 0 659.1667
v  -623.8334 0 654.3333
v  -610.0001 0 647.5
v  -597.3334 0 644.6667
v  -597.3334 0 682.6667
v  -640.0001 0 682.6667
v  -679.5 0 680.1667
v  -679.5 0 682.6667
v  -682.6667 0 682.6667
v  -678.5 0 676
v  -679.5 0 680.1667
v  -682.6667 0 682.6667
v  -682.6667 0 640
v  -640 0 640
v  -640 0 659.3333
v  -655.1667 0 660.5
v  -640 0 640
v  -655.1667 0 660.5
v  -659.5 0 661.3333
v  -682.6667 0 640
v  -640 0 640
v  -659.5 0 661.3333
v  -666.8333 0 664.1667
v  -675.6667 0 671.6667
v  -678.5 0 676
v  -682.6667 0 640
v  -682.6667 0 640
v  -666.8333 0 664.1667
v  -670.6667 0 666.6667
v  -682.6667 0 640
v  -670.6667 0 666.6667
v  -675.6667 0 671.6667
v  -679.5 0 682.6667
v  -679.5 0 680.1667
v  -678.5 0 676
v  -675.6667 0 671.6667
v  -675.6667 0 671.6667
v  -670.6667 0 666.6667
v  -666.8333 0 664.1667
v  -679.5 0 682.6667
v  -675.6667 0 671.6667
v  -666.8333 0 664.1667
v  -655.1667 0 660.5
v  -640 0 659.3333
v  -640 0 682.6667
v  -666.8333 0 664.1667
v  -659.5 0 661.3333
v  -655.1667 0 660.5
v  -682.6667 0 682.6667
v  -725.3334 0 682.6667
v  -725.3334 0 640
v  -682.6667 0 640
v  -725.3334 0 682.6667
v  -768.0001 0 682.6667
v  -768.0001 0 640
v  -725.3334 0 640
v  -768 0 682.6667
v  -810.6667 0 682.6667
v  -810.6667 0 640
v  -768 0 640
v  -829.6667 0 647.3333
v  -832.1667 0 644.8333
v  -832.1667 0 644
v  -830.8334 0 640
v  -830.6667 0 640
v  -821.8334 0 669.3333
v  -825.5 0 659
v  -826 0 655.1667
v  -810.6667 0 640
v  -810.6667 0 682.6667
v  -818 0 674.8333
v  -826 0 655.1667
v  -829.6667 0 647.3333
v  -830.6667 0 640
v  -810.6667 0 640
v  -810.6667 0 682.6667
v  -816.6667 0 682.6667
v  -818 0 674.8333
v  -832.1667 0 644.8333
v  -829.6667 0 647.3333
v  -826 0 655.1667
v  -825.5 0 659
v  -821.8334 0 669.3333
v  -818 0 674.8333
v  -816.6667 0 682.6667
v  -821.8334 0 669.3333
v  -816.6667 0 682.6667
v  -853.3334 0 682.6667
v  -853.3334 0 640
v  -832.1667 0 644.8333
v  -853.3334 0 640
v  -830.8334 0 640
v  -832.1667 0 644
v  -853.3334 0 640
v  -832.1667 0 644
v  -832.1667 0 644.8333
v  -832.1667 0 644.8333
v  -825.5 0 659
v  -821.8334 0 669.3333
v  -853.3334 0 682.6667
v  -869.3334 0 682.6667
v  -869.3334 0 640
v  -853.3334 0 640
v  -30.5 0 725.3334
v  -42.66667 0 725.3334
v  -42.66667 0 682.6667
v  -30.5 0 682.6667
v  -78.83334 0 693.8334
v  -76 0 691.3334
v  -72.66667 0 690.1667
v  -78.66667 0 708.3334
v  -79.83334 0 704.3334
v  -80.33334 0 699.1667
v  -78.83334 0 693.8334
v  -72.66667 0 690.1667
v  -75.33334 0 715.5
v  -78 0 725.3334
v  -78.66667 0 721.3334
v  -75.33334 0 716
v  -42.66667 0 725.3334
v  -75.33334 0 716
v  -75.33334 0 715.5
v  -72.66667 0 690.1667
v  -42.66667 0 682.6667
v  -42.66667 0 725.3334
v  -72.66667 0 690.1667
v  -72.66667 0 682.6667
v  -42.66667 0 682.6667
v  -75.33334 0 715.5
v  -75.33334 0 716
v  -78.66667 0 721.3334
v  -78.66667 0 708.3334
v  -78.66667 0 721.3334
v  -78 0 725.3334
v  -85.33334 0 725.3334
v  -72.66667 0 682.6667
v  -72.66667 0 690.1667
v  -76 0 691.3334
v  -85.33334 0 682.6667
v  -72.66667 0 682.6667
v  -76 0 691.3334
v  -78.83334 0 693.8334
v  -79.83334 0 704.3334
v  -78.66667 0 721.3334
v  -85.33334 0 725.3334
v  -85.33334 0 682.6667
v  -80.33334 0 699.1667
v  -85.33334 0 682.6667
v  -78.83334 0 693.8334
v  -80.33334 0 699.1667
v  -79.83334 0 704.3334
v  -78.66667 0 708.3334
v  -78.66667 0 721.3334
v  -85.33334 0 725.3334
v  -128 0 725.3334
v  -128 0 682.6667
v  -85.33334 0 682.6667
v  -128 0 725.3334
v  -170.6667 0 725.3334
v  -170.6667 0 682.6667
v  -128 0 682.6667
v  -209.3333 0 685
v  -205.5 0 682.6667
v  -205.3333 0 682.6667
v  -209.3333 0 685
v  -205.3333 0 682.6667
v  -170.6667 0 682.6667
v  -170.6667 0 725.3334
v  -213.3333 0 725.3334
v  -213.3333 0 725.3334
v  -213.3333 0 684.5
v  -209.3333 0 685
v  -213.3333 0 682.6667
v  -205.5 0 682.6667
v  -209.3333 0 685
v  -213.3333 0 684.5
v  -215.5 0 684.3334
v  -217.8333 0 682.6667
v  -213.3333 0 682.6667
v  -213.3333 0 684.5
v  -256 0 710.3334
v  -256 0 710.1667
v  -254 0 709.6667
v  -218 0 682.6667
v  -217.8333 0 682.6667
v  -215.5 0 684.3334
v  -256 0 725.3334
v  -256 0 710.3334
v  -254 0 709.6667
v  -256 0 725.3334
v  -254 0 709.6667
v  -251.1667 0 707.6667
v  -256 0 725.3334
v  -251.1667 0 707.6667
v  -247.3333 0 703.1667
v  -213.3333 0 684.5
v  -213.3333 0 725.3334
v  -245.5 0 687.6667
v  -247.3333 0 682.6667
v  -218 0 682.6667
v  -215.5 0 684.3334
v  -247.3333 0 703.1667
v  -245.8333 0 697
v  -213.3333 0 684.5
v  -245.5 0 687.6667
v  -215.5 0 684.3334
v  -213.3333 0 684.5
v  -245.8333 0 697
v  -251.1667 0 707.6667
v  -254 0 709.6667
v  -256 0 710.1667
v  -247.3333 0 703.1667
v  -256 0 682.6667
v  -247.3333 0 682.6667
v  -245.5 0 687.6667
v  -245.8333 0 697
v  -247.3333 0 703.1667
v  -256 0 710.1667
v  -256 0 710.1667
v  -256 0 710.3334
v  -262.8333 0 712.5
v  -270.1667 0 714.1667
v  -291.6667 0 713.8334
v  -298.6667 0 710.8334
v  -298.6667 0 710.6667
v  -280.3333 0 715.6667
v  -286.3333 0 715.5
v  -270.1667 0 714.1667
v  -274.8333 0 715.1667
v  -280.3333 0 715.6667
v  -256 0 710.1667
v  -270.1667 0 714.1667
v  -280.3333 0 715.6667
v  -298.6667 0 710.6667
v  -298.6667 0 682.6667
v  -256 0 682.6667
v  -298.6667 0 725.3334
v  -298.6667 0 710.8334
v  -291.6667 0 713.8334
v  -262.8333 0 712.5
v  -256 0 710.3334
v  -256 0 725.3334
v  -298.6667 0 725.3334
v  -291.6667 0 713.8334
v  -286.3333 0 715.5
v  -270.1667 0 714.1667
v  -262.8333 0 712.5
v  -256 0 725.3334
v  -298.6667 0 725.3334
v  -286.3333 0 715.5
v  -280.3333 0 715.6667
v  -274.8333 0 715.1667
v  -270.1667 0 714.1667
v  -256 0 725.3334
v  -298.6667 0 725.3334
v  -280.3333 0 715.6667
v  -274.8333 0 715.1667
v  -256 0 725.3334
v  -298.6667 0 710.6667
v  -300.1667 0 710.1667
v  -305.3333 0 706.5
v  -305.3333 0 706.5
v  -309.1667 0 701.8334
v  -312.3333 0 696
v  -312.3333 0 696
v  -313.1667 0 687
v  -312 0 682.6667
v  -298.6667 0 682.6667
v  -298.6667 0 710.6667
v  -305.3333 0 706.5
v  -300.1667 0 710.1667
v  -298.6667 0 710.6667
v  -298.6667 0 710.8334
v  -300.1667 0 710.1667
v  -298.6667 0 710.8334
v  -298.6667 0 725.3334
v  -305.3333 0 706.5
v  -300.1667 0 710.1667
v  -298.6667 0 725.3334
v  -309.1667 0 701.8334
v  -305.3333 0 706.5
v  -298.6667 0 725.3334
v  -341.3333 0 682.6667
v  -312 0 682.6667
v  -313.1667 0 687
v  -341.3333 0 682.6667
v  -313.1667 0 687
v  -312.3333 0 696
v  -312.3333 0 696
v  -309.1667 0 701.8334
v  -298.6667 0 725.3334
v  -341.3333 0 725.3334
v  -341.3333 0 682.6667
v  -341.3333 0 725.3334
v  -384 0 725.3334
v  -384 0 682.6667
v  -341.3333 0 682.6667
v  -385.3333 0 685.1667
v  -384.3333 0 682.6667
v  -384.1667 0 682.6667
v  -385.3333 0 685.1667
v  -384.1667 0 682.6667
v  -384 0 682.6667
v  -384 0 725.3334
v  -426.6667 0 725.3334
v  -426.6667 0 704
v  -422.5 0 704.3334
v  -426.6667 0 725.3334
v  -422.5 0 704.3334
v  -416.6667 0 703
v  -426.6667 0 725.3334
v  -416.6667 0 703
v  -410.3333 0 700.8334
v  -384 0 725.3334
v  -426.6667 0 725.3334
v  -410.3333 0 700.8334
v  -397.6667 0 694.5
v  -384 0 725.3334
v  -388.8333 0 689.1667
v  -385.3333 0 685.1667
v  -384 0 725.3334
v  -397.6667 0 694.5
v  -388.8333 0 689.1667
v  -384.3333 0 682.6667
v  -385.3333 0 685.1667
v  -388.8333 0 689.1667
v  -416.6667 0 703
v  -422.5 0 704.3334
v  -426.6667 0 704
v  -410.3333 0 700.8334
v  -384.3333 0 682.6667
v  -388.8333 0 689.1667
v  -397.6667 0 694.5
v  -410.3333 0 700.8334
v  -426.6667 0 704
v  -426.6667 0 682.6667
v  -440.3333 0 702.1667
v  -447 0 699.5
v  -450.3333 0 696.8334
v  -426.6667 0 704
v  -430.3333 0 703.8334
v  -440.3333 0 702.1667
v  -450.3333 0 696.8334
v  -469.3333 0 682.6667
v  -426.6667 0 682.6667
v  -450.3333 0 696.8334
v  -453.1667 0 697.3334
v  -464.8333 0 697.3334
v  -469.3333 0 697
v  -469.3333 0 682.6667
v  -453.1667 0 697.3334
v  -450.3333 0 696.8334
v  -447 0 699.5
v  -453.1667 0 697.3334
v  -447 0 699.5
v  -440.3333 0 702.1667
v  -464.8333 0 697.3334
v  -430.3333 0 703.8334
v  -426.6667 0 704
v  -426.6667 0 725.3334
v  -469.3333 0 725.3334
v  -469.3333 0 697
v  -464.8333 0 697.3334
v  -440.3333 0 702.1667
v  -426.6667 0 725.3334
v  -440.3333 0 702.1667
v  -430.3333 0 703.8334
v  -426.6667 0 725.3334
v  -496.3333 0 691.1667
v  -499.5 0 684
v  -499.5 0 682.6667
v  -487.6667 0 694.5
v  -496.3333 0 691.1667
v  -499.5 0 682.6667
v  -469.3333 0 682.6667
v  -469.3333 0 697
v  -479 0 696.5
v  -512 0 682.6667
v  -499.5 0 682.6667
v  -499.5 0 684
v  -512 0 682.6667
v  -499.5 0 684
v  -496.3333 0 691.1667
v  -512 0 725.3334
v  -479 0 696.5
v  -469.3333 0 697
v  -469.3333 0 725.3334
v  -487.6667 0 694.5
v  -479 0 696.5
v  -469.3333 0 725.3334
v  -512 0 725.3334
v  -496.3333 0 691.1667
v  -487.6667 0 694.5
v  -469.3333 0 725.3334
v  -512 0 725.3334
v  -554.6667 0 725.3334
v  -554.6667 0 682.6667
v  -512 0 682.6667
v  -565.3334 0 685.1667
v  -564.3334 0 682.6667
v  -564.1667 0 682.6667
v  -597.3334 0 703.1667
v  -597.3334 0 703
v  -590.3334 0 700.8334
v  -565.3334 0 685.1667
v  -564.1667 0 682.6667
v  -554.6667 0 682.6667
v  -568.8334 0 689.1667
v  -565.3334 0 685.1667
v  -554.6667 0 682.6667
v  -597.3334 0 725.3334
v  -597.3334 0 703.1667
v  -590.3334 0 700.8334
v  -577.6667 0 694.5
v  -568.8334 0 689.1667
v  -554.6667 0 682.6667
v  -554.6667 0 725.3334
v  -597.3334 0 725.3334
v  -597.3334 0 725.3334
v  -590.3334 0 700.8334
v  -577.6667 0 694.5
v  -564.3334 0 682.6667
v  -565.3334 0 685.1667
v  -568.8334 0 689.1667
v  -564.3334 0 682.6667
v  -568.8334 0 689.1667
v  -577.6667 0 694.5
v  -590.3334 0 700.8334
v  -597.3334 0 703
v  -597.3334 0 682.6667
v  -597.3334 0 703
v  -597.3334 0 703.1667
v  -602.5001 0 704.3334
v  -610.3334 0 703.8334
v  -630.3334 0 696.8334
v  -633.1667 0 697.3334
v  -640.0001 0 697.3334
v  -640.0001 0 682.6667
v  -620.3334 0 702.1667
v  -627.0001 0 699.5
v  -630.3334 0 696.8334
v  -610.3334 0 703.8334
v  -620.3334 0 702.1667
v  -630.3334 0 696.8334
v  -640.0001 0 682.6667
v  -597.3334 0 682.6667
v  -597.3334 0 703
v  -633.1667 0 697.3334
v  -630.3334 0 696.8334
v  -627.0001 0 699.5
v  -640.0001 0 697.3334
v  -633.1667 0 697.3334
v  -627.0001 0 699.5
v  -620.3334 0 702.1667
v  -640.0001 0 725.3334
v  -597.3334 0 725.3334
v  -640.0001 0 725.3334
v  -620.3334 0 702.1667
v  -610.3334 0 703.8334
v  -602.5001 0 704.3334
v  -597.3334 0 703.1667
v  -597.3334 0 725.3334
v  -610.3334 0 703.8334
v  -602.5001 0 704.3334
v  -597.3334 0 725.3334
v  -676.3333 0 691.1667
v  -679.5 0 684
v  -679.5 0 682.6667
v  -668.1667 0 694.3334
v  -676.3333 0 691.1667
v  -679.5 0 682.6667
v  -640 0 682.6667
v  -640 0 697.3334
v  -659 0 696.5
v  -682.6667 0 682.6667
v  -679.5 0 682.6667
v  -679.5 0 684
v  -682.6667 0 682.6667
v  -679.5 0 684
v  -676.3333 0 691.1667
v  -682.6667 0 725.3334
v  -659 0 696.5
v  -640 0 697.3334
v  -640 0 725.3334
v  -682.6667 0 725.3334
v  -668.1667 0 694.3334
v  -659 0 696.5
v  -640 0 725.3334
v  -682.6667 0 725.3334
v  -676.3333 0 691.1667
v  -668.1667 0 694.3334
v  -682.6667 0 725.3334
v  -725.3334 0 725.3334
v  -725.3334 0 682.6667
v  -682.6667 0 682.6667
v  -725.3334 0 725.3334
v  -768.0001 0 725.3334
v  -768.0001 0 682.6667
v  -725.3334 0 682.6667
v  -768 0 725.3334
v  -810.6667 0 725.3334
v  -810.6667 0 682.6667
v  -768 0 682.6667
v  -816.3334 0 684
v  -816.6667 0 682.6667
v  -810.6667 0 682.6667
v  -825.5 0 717.5
v  -825.1667 0 714.6667
v  -824.3334 0 711.5
v  -822.8334 0 708.1667
v  -819.6667 0 698.3334
v  -816.3334 0 684
v  -810.6667 0 682.6667
v  -810.6667 0 725.3334
v  -825.1667 0 725.3334
v  -825.5 0 717.5
v  -822.8334 0 708.1667
v  -819.6667 0 698.3334
v  -810.6667 0 682.6667
v  -819.6667 0 698.3334
v  -822.8334 0 708.1667
v  -824.3334 0 711.5
v  -816.6667 0 682.6667
v  -816.3334 0 684
v  -819.6667 0 698.3334
v  -824.3334 0 711.5
v  -853.3334 0 725.3334
v  -853.3334 0 682.6667
v  -825.5 0 717.5
v  -825.1667 0 725.3334
v  -853.3334 0 725.3334
v  -824.3334 0 711.5
v  -825.1667 0 714.6667
v  -853.3334 0 725.3334
v  -825.1667 0 714.6667
v  -825.5 0 717.5
v  -853.3334 0 725.3334
v  -853.3334 0 725.3334
v  -869.3334 0 725.3334
v  -869.3334 0 682.6667
v  -853.3334 0 682.6667
v  -30.5 0 768.0001
v  -42.66667 0 768.0001
v  -42.66667 0 725.3334
v  -30.5 0 725.3334
v  -64 0 768.0001
v  -64.16667 0 768.0001
v  -67.5 0 765.0001
v  -67.5 0 765.0001
v  -68.66667 0 762.6667
v  -70 0 759.8334
v  -69.5 0 756.8334
v  -42.66667 0 768.0001
v  -64 0 768.0001
v  -76.16667 0 749.0001
v  -78.5 0 746.1667
v  -80 0 742.5001
v  -80.66667 0 735.8334
v  -78.83334 0 728.6667
v  -78.16667 0 727.1667
v  -69.5 0 756.8334
v  -72.33334 0 755.1667
v  -76.16667 0 749.0001
v  -76.16667 0 749.0001
v  -78.16667 0 727.1667
v  -78 0 725.3334
v  -42.66667 0 725.3334
v  -42.66667 0 768.0001
v  -69.5 0 756.8334
v  -78 0 725.3334
v  -78.16667 0 727.1667
v  -78.83334 0 728.6667
v  -72.33334 0 755.1667
v  -69.5 0 756.8334
v  -70 0 759.8334
v  -85.33334 0 725.3334
v  -78 0 725.3334
v  -78.83334 0 728.6667
v  -80.66667 0 735.8334
v  -72.33334 0 755.1667
v  -70 0 759.8334
v  -68.66667 0 762.6667
v  -85.33334 0 768.0001
v  -78.5 0 746.1667
v  -76.16667 0 749.0001
v  -85.33334 0 768.0001
v  -80 0 742.5001
v  -78.5 0 746.1667
v  -68.66667 0 762.6667
v  -67.5 0 765.0001
v  -85.33334 0 768.0001
v  -85.33334 0 725.3334
v  -80.66667 0 735.8334
v  -80 0 742.5001
v  -85.33334 0 768.0001
v  -67.5 0 765.0001
v  -64.16667 0 768.0001
v  -85.33334 0 768.0001
v  -85.33334 0 768.0001
v  -128 0 768.0001
v  -128 0 725.3334
v  -85.33334 0 725.3334
v  -128 0 768.0001
v  -170.6667 0 768.0001
v  -170.6667 0 725.3334
v  -128 0 725.3334
v  -170.6667 0 768.0001
v  -213.3333 0 768.0001
v  -213.3333 0 725.3334
v  -170.6667 0 725.3334
v  -213.3333 0 768.0001
v  -256 0 768.0001
v  -256 0 725.3334
v  -213.3333 0 725.3334
v  -256 0 768.0001
v  -298.6667 0 768.0001
v  -298.6667 0 725.3334
v  -256 0 725.3334
v  -298.6667 0 768.0001
v  -341.3333 0 768.0001
v  -341.3333 0 725.3334
v  -298.6667 0 725.3334
v  -341.3333 0 768.0001
v  -384 0 768.0001
v  -384 0 725.3334
v  -341.3333 0 725.3334
v  -384 0 768.0001
v  -426.6667 0 768.0001
v  -426.6667 0 725.3334
v  -384 0 725.3334
v  -426.6667 0 768.0001
v  -469.3333 0 768.0001
v  -469.3333 0 725.3334
v  -426.6667 0 725.3334
v  -469.3333 0 768.0001
v  -512 0 768.0001
v  -512 0 725.3334
v  -469.3333 0 725.3334
v  -512 0 768.0001
v  -554.6667 0 768.0001
v  -554.6667 0 725.3334
v  -512 0 725.3334
v  -554.6667 0 768.0001
v  -597.3334 0 768.0001
v  -597.3334 0 725.3334
v  -554.6667 0 725.3334
v  -597.3334 0 768.0001
v  -640.0001 0 768.0001
v  -640.0001 0 725.3334
v  -597.3334 0 725.3334
v  -640 0 768.0001
v  -682.6667 0 768.0001
v  -682.6667 0 725.3334
v  -640 0 725.3334
v  -682.6667 0 768.0001
v  -725.3334 0 768.0001
v  -725.3334 0 725.3334
v  -682.6667 0 725.3334
v  -725.3334 0 768.0001
v  -768.0001 0 768.0001
v  -768.0001 0 725.3334
v  -725.3334 0 725.3334
v  -768 0 768.0001
v  -810.6667 0 768.0001
v  -810.6667 0 725.3334
v  -768 0 725.3334
v  -853.3334 0 757.6667
v  -853.3334 0 757.3334
v  -852.3334 0 756.3334
v  -850.6667 0 755.5001
v  -852.1667 0 764.6667
v  -853.3334 0 762.1667
v  -853.3334 0 761.8334
v  -852.3334 0 768.0001
v  -852.1667 0 764.6667
v  -847.1667 0 753.1667
v  -839.6667 0 748.0001
v  -850.6667 0 755.5001
v  -850.1667 0 754.6667
v  -847.1667 0 753.1667
v  -853.3334 0 761.8334
v  -853.3334 0 757.6667
v  -850.6667 0 755.5001
v  -847.1667 0 753.1667
v  -852.1667 0 764.6667
v  -827.1667 0 731.5001
v  -825.1667 0 725.3334
v  -810.6667 0 725.3334
v  -830.6667 0 740.3334
v  -828.8334 0 733.6667
v  -827.1667 0 731.5001
v  -810.6667 0 725.3334
v  -830.6667 0 740.3334
v  -810.6667 0 725.3334
v  -810.6667 0 768.0001
v  -852.3334 0 768.0001
v  -839.6667 0 748.0001
v  -850.1667 0 754.6667
v  -850.6667 0 755.5001
v  -852.3334 0 756.3334
v  -853.3334 0 725.3334
v  -825.1667 0 725.3334
v  -827.1667 0 731.5001
v  -828.8334 0 733.6667
v  -839.6667 0 748.0001
v  -847.1667 0 753.1667
v  -850.1667 0 754.6667
v  -853.3334 0 725.3334
v  -825.1667 0 725.3334
v  -828.8334 0 733.6667
v  -828.8334 0 733.6667
v  -830.6667 0 740.3334
v  -839.6667 0 748.0001
v  -853.3334 0 757.3334
v  -853.3334 0 725.3334
v  -852.3334 0 756.3334
v  -853.3334 0 768.0001
v  -853.3334 0 762.1667
v  -852.1667 0 764.6667
v  -852.3334 0 768.0001
v  -853.3334 0 757.3334
v  -853.3334 0 757.6667
v  -854.5001 0 758.8334
v  -854.5001 0 758.8334
v  -853.3334 0 761.8334
v  -853.3334 0 762.1667
v  -854.5001 0 758.8334
v  -853.3334 0 762.1667
v  -853.3334 0 768.0001
v  -869.3334 0 768.0001
v  -853.3334 0 757.3334
v  -854.5001 0 758.8334
v  -869.3334 0 768.0001
v  -869.3334 0 725.3334
v  -853.3334 0 725.3334
v  -853.3334 0 761.8334
v  -854.5001 0 758.8334
v  -853.3334 0 757.6667
v  -30.5 0 810.6667
v  -42.66667 0 810.6667
v  -42.66667 0 768
v  -30.5 0 768
v  -67.5 0 785
v  -64 0 781.5
v  -58.83334 0 779.1667
v  -69.5 0 796
v  -69.5 0 791.1667
v  -67.5 0 785
v  -58.83334 0 779.1667
v  -55.5 0 777
v  -53.33334 0 773.5
v  -60 0 770.6667
v  -64 0 768
v  -42.66667 0 768
v  -42.66667 0 810.6667
v  -66.16667 0 810.6667
v  -65.66667 0 809.6667
v  -53 0 774.8333
v  -53.33334 0 773.5
v  -42.66667 0 768
v  -65.66667 0 809.6667
v  -68.33334 0 802.5
v  -69.5 0 796
v  -55.5 0 777
v  -53 0 774.8333
v  -42.66667 0 768
v  -42.66667 0 810.6667
v  -65.66667 0 809.6667
v  -69.5 0 796
v  -65.66667 0 809.6667
v  -66.16667 0 810.6667
v  -66.33334 0 810.6667
v  -53.33334 0 773.5
v  -53 0 774.8333
v  -55.5 0 777
v  -58.83334 0 779.1667
v  -64 0 781.5
v  -60 0 770.6667
v  -64.16667 0 768
v  -64 0 768
v  -60 0 770.6667
v  -64 0 781.5
v  -67.5 0 785
v  -69.5 0 791.1667
v  -69.5 0 796
v  -85.33334 0 810.6667
v  -68.33334 0 802.5
v  -65.66667 0 809.6667
v  -66.33334 0 810.6667
v  -85.33334 0 810.6667
v  -69.5 0 796
v  -68.33334 0 802.5
v  -85.33334 0 810.6667
v  -64.16667 0 768
v  -67.5 0 785
v  -69.5 0 791.1667
v  -85.33334 0 810.6667
v  -85.33334 0 768
v  -85.33334 0 810.6667
v  -128 0 810.6667
v  -128 0 768
v  -85.33334 0 768
v  -128 0 810.6667
v  -170.6667 0 810.6667
v  -170.6667 0 768
v  -128 0 768
v  -170.6667 0 810.6667
v  -213.3333 0 810.6667
v  -213.3333 0 768
v  -170.6667 0 768
v  -213.3333 0 810.6667
v  -256 0 810.6667
v  -256 0 768
v  -213.3333 0 768
v  -256 0 810.6667
v  -298.6667 0 810.6667
v  -298.6667 0 768
v  -256 0 768
v  -298.6667 0 810.6667
v  -341.3333 0 810.6667
v  -341.3333 0 768
v  -298.6667 0 768
v  -341.3333 0 810.6667
v  -384 0 810.6667
v  -384 0 768
v  -341.3333 0 768
v  -384 0 810.6667
v  -426.6667 0 810.6667
v  -426.6667 0 768
v  -384 0 768
v  -426.6667 0 810.6667
v  -469.3333 0 810.6667
v  -469.3333 0 768
v  -426.6667 0 768
v  -469.3333 0 810.6667
v  -512 0 810.6667
v  -512 0 768
v  -469.3333 0 768
v  -512 0 810.6667
v  -554.6667 0 810.6667
v  -554.6667 0 768
v  -512 0 768
v  -554.6667 0 810.6667
v  -597.3334 0 810.6667
v  -597.3334 0 768
v  -554.6667 0 768
v  -597.3334 0 810.6667
v  -640.0001 0 810.6667
v  -640.0001 0 768
v  -597.3334 0 768
v  -640 0 810.6667
v  -682.6667 0 810.6667
v  -682.6667 0 768
v  -640 0 768
v  -682.6667 0 810.6667
v  -725.3334 0 810.6667
v  -725.3334 0 768
v  -682.6667 0 768
v  -725.3334 0 810.6667
v  -768.0001 0 810.6667
v  -768.0001 0 768
v  -725.3334 0 768
v  -768 0 810.6667
v  -810.6667 0 810.6667
v  -810.6667 0 768
v  -768 0 768
v  -853.3334 0 772.6667
v  -853.3334 0 772.1667
v  -852.3334 0 769.6667
v  -853.3334 0 810.6667
v  -853.3334 0 772.6667
v  -852.3334 0 769.6667
v  -810.6667 0 768
v  -810.6667 0 810.6667
v  -852.3334 0 769.6667
v  -852.3334 0 768
v  -810.6667 0 768
v  -853.3334 0 768
v  -852.3334 0 768
v  -852.3334 0 769.6667
v  -853.3334 0 772.1667
v  -853.3334 0 772.1667
v  -853.3334 0 772.6667
v  -853.8334 0 773.6667
v  -855.0001 0 782.6667
v  -855.8334 0 785
v  -857.3334 0 786.5
v  -854.6667 0 777.8333
v  -853.3334 0 768
v  -853.3334 0 772.1667
v  -853.8334 0 773.6667
v  -862.3334 0 808.8333
v  -862.3334 0 810.6667
v  -869.3334 0 810.6667
v  -859.5001 0 800.6667
v  -861.0001 0 806.8333
v  -862.3334 0 808.8333
v  -869.3334 0 810.6667
v  -858.6667 0 790.5
v  -858.8334 0 795.6667
v  -854.6667 0 777.8333
v  -857.3334 0 786.5
v  -858.6667 0 790.5
v  -869.3334 0 810.6667
v  -869.3334 0 768
v  -853.3334 0 768
v  -853.3334 0 768
v  -853.8334 0 773.6667
v  -854.6667 0 777.8333
v  -862.3334 0 810.6667
v  -862.3334 0 808.8333
v  -861.0001 0 806.8333
v  -853.3334 0 810.6667
v  -854.6667 0 777.8333
v  -853.8334 0 773.6667
v  -853.3334 0 772.6667
v  -853.3334 0 810.6667
v  -855.0001 0 782.6667
v  -858.6667 0 790.5
v  -857.3334 0 786.5
v  -855.8334 0 785
v  -858.8334 0 795.6667
v  -858.8334 0 795.6667
v  -855.8334 0 785
v  -855.0001 0 782.6667
v  -853.3334 0 810.6667
v  -859.5001 0 800.6667
v  -853.3334 0 810.6667
v  -861.0001 0 806.8333
v  -859.5001 0 800.6667
v  -30.5 0 853.3334
v  -42.66667 0 853.3334
v  -42.66667 0 810.6667
v  -30.5 0 810.6667
v  -69.83334 0 816.5
v  -66.33334 0 810.6667
v  -66.16667 0 810.6667
v  -69.5 0 822.1667
v  -85.33334 0 853.3334
v  -85.33334 0 845
v  -82.66667 0 846.3334
v  -85.33334 0 853.3334
v  -82.66667 0 846.3334
v  -78.83334 0 847.3334
v  -78.83334 0 847.3334
v  -77.33334 0 843.6667
v  -73.16667 0 839.5
v  -42.66667 0 853.3334
v  -42.66667 0 853.3334
v  -85.33334 0 853.3334
v  -78.83334 0 847.3334
v  -73.16667 0 839.5
v  -73.16667 0 833
v  -69.5 0 822.1667
v  -69.5 0 822.1667
v  -66.16667 0 810.6667
v  -42.66667 0 810.6667
v  -42.66667 0 853.3334
v  -73.16667 0 839.5
v  -77.33334 0 843.6667
v  -78.83334 0 847.3334
v  -82.66667 0 846.3334
v  -85.33334 0 845
v  -69.83334 0 816.5
v  -69.5 0 822.1667
v  -73.16667 0 833
v  -77.33334 0 843.6667
v  -85.33334 0 845
v  -85.33334 0 810.6667
v  -73.16667 0 833
v  -73.16667 0 839.5
v  -77.33334 0 843.6667
v  -85.33334 0 810.6667
v  -66.33334 0 810.6667
v  -69.83334 0 816.5
v  -94.66667 0 851
v  -95.16667 0 853.3334
v  -95.33334 0 853.3334
v  -126.1667 0 853.3334
v  -128 0 851.5
v  -128 0 851.3334
v  -92.83334 0 847.3334
v  -94.66667 0 851
v  -94.66667 0 851
v  -95.33334 0 853.3334
v  -126.1667 0 853.3334
v  -85.33334 0 810.6667
v  -89.33334 0 844.5
v  -92.83334 0 847.3334
v  -128 0 851.3334
v  -128 0 810.6667
v  -85.33334 0 810.6667
v  -85.33334 0 845
v  -85.83334 0 844.6667
v  -85.33334 0 810.6667
v  -85.83334 0 844.6667
v  -89.33334 0 844.5
v  -89.33334 0 844.5
v  -85.83334 0 844.6667
v  -85.33334 0 845
v  -95.16667 0 853.3334
v  -94.66667 0 851
v  -92.83334 0 847.3334
v  -89.33334 0 844.5
v  -85.33334 0 845
v  -85.33334 0 853.3334
v  -126.1667 0 853.3334
v  -128 0 853.3334
v  -128 0 851.5
v  -141 0 840.1667
v  -143.3333 0 840.5
v  -144.6667 0 837.3334
v  -128 0 851.3334
v  -131.1667 0 847.3334
v  -133 0 843.5
v  -128 0 810.6667
v  -135.8333 0 841
v  -141 0 840.1667
v  -144.6667 0 837.3334
v  -159 0 833.8334
v  -164.3333 0 834.6667
v  -168.5 0 830.3334
v  -135.8333 0 841
v  -144.6667 0 837.3334
v  -149.5 0 834.3334
v  -170.6667 0 810.6667
v  -128 0 810.6667
v  -152.3333 0 833.8334
v  -159 0 833.8334
v  -168.5 0 830.3334
v  -149.5 0 834.3334
v  -152.3333 0 833.8334
v  -168.5 0 830.3334
v  -170.6667 0 810.6667
v  -168.5 0 830.3334
v  -170.6667 0 830.1667
v  -170.6667 0 810.6667
v  -133 0 843.5
v  -135.8333 0 841
v  -128 0 810.6667
v  -131.1667 0 847.3334
v  -128 0 851.3334
v  -128 0 851.5
v  -131.1667 0 847.3334
v  -128 0 851.5
v  -128 0 853.3334
v  -143.3333 0 840.5
v  -141 0 840.1667
v  -135.8333 0 841
v  -131.1667 0 847.3334
v  -128 0 853.3334
v  -170.6667 0 830.1667
v  -168.5 0 830.3334
v  -164.3333 0 834.6667
v  -170.6667 0 853.3334
v  -135.8333 0 841
v  -133 0 843.5
v  -131.1667 0 847.3334
v  -152.3333 0 833.8334
v  -149.5 0 834.3334
v  -144.6667 0 837.3334
v  -143.3333 0 840.5
v  -164.3333 0 834.6667
v  -159 0 833.8334
v  -152.3333 0 833.8334
v  -143.3333 0 840.5
v  -128 0 853.3334
v  -170.6667 0 853.3334
v  -170.6667 0 830.1667
v  -172.8333 0 829.8334
v  -174.8333 0 828.3334
v  -199.1667 0 827.8334
v  -201.1667 0 827.3334
v  -203.8333 0 825.8334
v  -189.8333 0 824.5
v  -170.6667 0 830.1667
v  -174.8333 0 828.3334
v  -180.3333 0 825.1667
v  -170.6667 0 810.6667
v  -170.6667 0 810.6667
v  -180.3333 0 825.1667
v  -185.3333 0 824.1667
v  -208.3333 0 825.5
v  -213.3333 0 828.5
v  -213.3333 0 810.6667
v  -170.6667 0 810.6667
v  -185.3333 0 824.1667
v  -189.8333 0 824.5
v  -203.8333 0 825.8334
v  -208.3333 0 825.5
v  -213.3333 0 810.6667
v  -170.6667 0 810.6667
v  -189.8333 0 824.5
v  -213.3333 0 828.6667
v  -213.3333 0 828.5
v  -208.3333 0 825.5
v  -203.8333 0 825.8334
v  -201.1667 0 827.3334
v  -213.3333 0 828.6667
v  -201.1667 0 827.3334
v  -199.1667 0 827.8334
v  -180.3333 0 825.1667
v  -174.8333 0 828.3334
v  -172.8333 0 829.8334
v  -199.1667 0 827.8334
v  -189.8333 0 824.5
v  -185.3333 0 824.1667
v  -172.8333 0 829.8334
v  -170.6667 0 830.1667
v  -170.6667 0 853.3334
v  -213.3333 0 853.3334
v  -213.3333 0 828.6667
v  -199.1667 0 827.8334
v  -213.3333 0 828.5
v  -213.3333 0 828.6667
v  -215.5 0 831.1667
v  -229.1667 0 833.1667
v  -233 0 829.6667
v  -220.6667 0 843
v  -222 0 843.3334
v  -224.3333 0 841
v  -227.1667 0 837.1667
v  -217.5 0 834.6667
v  -251.1667 0 830.1667
v  -253.1667 0 831.1667
v  -256 0 828.5
v  -240.6667 0 828
v  -246.5 0 828.8334
v  -256 0 828.5
v  -256 0 810.6667
v  -246.5 0 828.8334
v  -251.1667 0 830.1667
v  -256 0 828.5
v  -213.3333 0 828.5
v  -233 0 829.6667
v  -239.5 0 828
v  -256 0 810.6667
v  -213.3333 0 810.6667
v  -217.5 0 834.6667
v  -227.1667 0 837.1667
v  -229.1667 0 833.1667
v  -215.5 0 831.1667
v  -239.5 0 828
v  -240.6667 0 828
v  -256 0 810.6667
v  -246.5 0 828.8334
v  -240.6667 0 828
v  -239.5 0 828
v  -253.1667 0 831.1667
v  -251.1667 0 830.1667
v  -246.5 0 828.8334
v  -217.5 0 834.6667
v  -215.5 0 831.1667
v  -213.3333 0 828.6667
v  -213.3333 0 853.3334
v  -220.6667 0 843
v  -233 0 829.6667
v  -229.1667 0 833.1667
v  -227.1667 0 837.1667
v  -246.5 0 828.8334
v  -239.5 0 828
v  -233 0 829.6667
v  -227.1667 0 837.1667
v  -224.3333 0 841
v  -253.1667 0 831.1667
v  -224.3333 0 841
v  -222 0 843.3334
v  -213.3333 0 853.3334
v  -256 0 853.3334
v  -253.1667 0 831.1667
v  -222 0 843.3334
v  -220.6667 0 843
v  -213.3333 0 853.3334
v  -256 0 853.3334
v  -256 0 828.5
v  -253.1667 0 831.1667
v  -270.8333 0 828.3334
v  -274.6667 0 829
v  -281.8333 0 827.1667
v  -256 0 828.5
v  -263.8333 0 829
v  -270.8333 0 828.3334
v  -281.8333 0 827.1667
v  -298.6667 0 810.6667
v  -256 0 810.6667
v  -295.1667 0 828.8334
v  -298.6667 0 829.8334
v  -298.6667 0 810.6667
v  -288.8333 0 827.6667
v  -295.1667 0 828.8334
v  -298.6667 0 810.6667
v  -281.8333 0 827.1667
v  -288.8333 0 827.6667
v  -298.6667 0 810.6667
v  -298.6667 0 829.8334
v  -295.1667 0 828.8334
v  -288.8333 0 827.6667
v  -281.8333 0 827.1667
v  -274.6667 0 829
v  -274.6667 0 829
v  -270.8333 0 828.3334
v  -263.8333 0 829
v  -263.8333 0 829
v  -256 0 828.5
v  -256 0 853.3334
v  -274.6667 0 829
v  -263.8333 0 829
v  -256 0 853.3334
v  -298.6667 0 853.3334
v  -298.6667 0 829.8334
v  -317 0 829.8334
v  -318.5 0 830.3334
v  -319.6667 0 827.1667
v  -298.6667 0 829.8334
v  -302.1667 0 829.6667
v  -303.6667 0 828.8334
v  -298.6667 0 810.6667
v  -306.3333 0 828.8334
v  -309.1667 0 829.6667
v  -312.1667 0 830
v  -319.6667 0 827.1667
v  -322.3333 0 824.5
v  -312.1667 0 830
v  -317 0 829.8334
v  -319.6667 0 827.1667
v  -303.6667 0 828.8334
v  -306.3333 0 828.8334
v  -322.3333 0 824.5
v  -341.3333 0 810.6667
v  -298.6667 0 810.6667
v  -337.8333 0 825.8334
v  -341.3333 0 827.8334
v  -341.3333 0 810.6667
v  -333.8333 0 824.3334
v  -337.8333 0 825.8334
v  -341.3333 0 810.6667
v  -322.3333 0 824.5
v  -328.1667 0 823.1667
v  -341.3333 0 810.6667
v  -328.1667 0 823.1667
v  -333.8333 0 824.3334
v  -341.3333 0 810.6667
v  -306.3333 0 828.8334
v  -303.6667 0 828.8334
v  -302.1667 0 829.6667
v  -309.1667 0 829.6667
v  -318.5 0 830.3334
v  -317 0 829.8334
v  -312.1667 0 830
v  -322.3333 0 824.5
v  -319.6667 0 827.1667
v  -318.5 0 830.3334
v  -333.8333 0 824.3334
v  -328.1667 0 823.1667
v  -312.1667 0 830
v  -302.1667 0 829.6667
v  -298.6667 0 829.8334
v  -298.6667 0 853.3334
v  -318.5 0 830.3334
v  -341.3333 0 827.8334
v  -337.8333 0 825.8334
v  -333.8333 0 824.3334
v  -318.5 0 830.3334
v  -298.6667 0 853.3334
v  -341.3333 0 853.3334
v  -312.1667 0 830
v  -309.1667 0 829.6667
v  -302.1667 0 829.6667
v  -379.1667 0 827.8334
v  -381.1667 0 827.3334
v  -384 0 825.8334
v  -384 0 810.6667
v  -369.8333 0 824.5
v  -354.6667 0 827.5
v  -357.6667 0 826.8334
v  -360.3333 0 825.1667
v  -350.8333 0 826.5
v  -341.3333 0 827.8334
v  -344.3333 0 829.3334
v  -349.6667 0 826.5
v  -341.3333 0 810.6667
v  -365.3333 0 824.1667
v  -369.8333 0 824.5
v  -384 0 810.6667
v  -349.6667 0 826.5
v  -350.8333 0 826.5
v  -360.3333 0 825.1667
v  -365.3333 0 824.1667
v  -384 0 810.6667
v  -341.3333 0 810.6667
v  -354.6667 0 827.5
v  -350.8333 0 826.5
v  -349.6667 0 826.5
v  -344.3333 0 829.3334
v  -365.3333 0 824.1667
v  -360.3333 0 825.1667
v  -357.6667 0 826.8334
v  -369.8333 0 824.5
v  -384 0 853.3334
v  -384 0 825.8334
v  -381.1667 0 827.3334
v  -384 0 853.3334
v  -381.1667 0 827.3334
v  -379.1667 0 827.8334
v  -369.8333 0 824.5
v  -357.6667 0 826.8334
v  -354.6667 0 827.5
v  -379.1667 0 827.8334
v  -344.3333 0 829.3334
v  -341.3333 0 827.8334
v  -341.3333 0 853.3334
v  -354.6667 0 827.5
v  -344.3333 0 829.3334
v  -341.3333 0 853.3334
v  -384 0 853.3334
v  -379.1667 0 827.8334
v  -400.8333 0 843.1667
v  -401.5 0 843.3334
v  -402 0 843.3334
v  -400.5 0 842.6667
v  -393 0 828.1667
v  -396.1667 0 832.1667
v  -412.6667 0 829.8334
v  -419.5 0 828
v  -426.6667 0 810.6667
v  -384 0 810.6667
v  -400.5 0 842.6667
v  -402 0 843.3334
v  -404.3333 0 841
v  -407.1667 0 837.1667
v  -409.1667 0 833.1667
v  -398.3333 0 836.3334
v  -424 0 828.3334
v  -426.6667 0 829
v  -426.6667 0 810.6667
v  -419.5 0 828
v  -424 0 828.3334
v  -426.6667 0 810.6667
v  -384 0 810.6667
v  -388.3333 0 825.5
v  -393 0 828.1667
v  -396.1667 0 832.1667
v  -398.3333 0 836.3334
v  -409.1667 0 833.1667
v  -412.6667 0 829.8334
v  -384 0 810.6667
v  -384 0 825.8334
v  -388.3333 0 825.5
v  -426.6667 0 829
v  -424 0 828.3334
v  -419.5 0 828
v  -412.6667 0 829.8334
v  -407.1667 0 837.1667
v  -404.3333 0 841
v  -412.6667 0 829.8334
v  -409.1667 0 833.1667
v  -407.1667 0 837.1667
v  -393 0 828.1667
v  -388.3333 0 825.5
v  -384 0 825.8334
v  -398.3333 0 836.3334
v  -396.1667 0 832.1667
v  -393 0 828.1667
v  -384 0 825.8334
v  -384 0 853.3334
v  -400.5 0 842.6667
v  -384 0 853.3334
v  -426.6667 0 853.3334
v  -402 0 843.3334
v  -401.5 0 843.3334
v  -401.5 0 843.3334
v  -400.8333 0 843.1667
v  -384 0 853.3334
v  -400.8333 0 843.1667
v  -400.5 0 842.6667
v  -384 0 853.3334
v  -426.6667 0 853.3334
v  -426.6667 0 829
v  -404.3333 0 841
v  -402 0 843.3334
v  -430.1667 0 829.8334
v  -433.1667 0 831.1667
v  -435.8333 0 828.5
v  -426.6667 0 829
v  -430.1667 0 829.8334
v  -435.8333 0 828.5
v  -426.6667 0 810.6667
v  -450.8333 0 828.3334
v  -454.6667 0 829
v  -461.6667 0 827.1667
v  -435.8333 0 828.5
v  -443.8333 0 829
v  -450.8333 0 828.3334
v  -461.6667 0 827.1667
v  -469.3333 0 810.6667
v  -426.6667 0 810.6667
v  -461.6667 0 827.1667
v  -469.3333 0 827.8334
v  -469.3333 0 810.6667
v  -433.1667 0 831.1667
v  -430.1667 0 829.8334
v  -426.6667 0 829
v  -426.6667 0 853.3334
v  -454.6667 0 829
v  -450.8333 0 828.3334
v  -443.8333 0 829
v  -433.1667 0 831.1667
v  -443.8333 0 829
v  -435.8333 0 828.5
v  -433.1667 0 831.1667
v  -469.3333 0 827.8334
v  -461.6667 0 827.1667
v  -454.6667 0 829
v  -469.3333 0 853.3334
v  -469.3333 0 827.8334
v  -454.6667 0 829
v  -433.1667 0 831.1667
v  -426.6667 0 853.3334
v  -481 0 829.8334
v  -482.1667 0 829.6667
v  -483.6667 0 828.8334
v  -475.1667 0 828.8334
v  -478 0 829.8334
v  -497 0 829.8334
v  -498.5 0 830.3334
v  -499.6667 0 827.1667
v  -469.3333 0 827.8334
v  -475.1667 0 828.8334
v  -483.6667 0 828.8334
v  -486.3333 0 828.8334
v  -489.1667 0 829.6667
v  -492.1667 0 830
v  -499.6667 0 827.1667
v  -502.6667 0 824.3334
v  -492.1667 0 830
v  -497 0 829.8334
v  -499.6667 0 827.1667
v  -502.6667 0 824.3334
v  -508.1667 0 823.1667
v  -512 0 810.6667
v  -469.3333 0 827.8334
v  -483.6667 0 828.8334
v  -486.3333 0 828.8334
v  -502.6667 0 824.3334
v  -512 0 810.6667
v  -469.3333 0 810.6667
v  -508.1667 0 823.1667
v  -512 0 823.8334
v  -512 0 810.6667
v  -512 0 824
v  -512 0 823.8334
v  -508.1667 0 823.1667
v  -486.3333 0 828.8334
v  -483.6667 0 828.8334
v  -482.1667 0 829.6667
v  -489.1667 0 829.6667
v  -498.5 0 830.3334
v  -497 0 829.8334
v  -492.1667 0 830
v  -492.1667 0 830
v  -481 0 829.8334
v  -478 0 829.8334
v  -469.3333 0 853.3334
v  -512 0 853.3334
v  -498.5 0 830.3334
v  -502.6667 0 824.3334
v  -499.6667 0 827.1667
v  -498.5 0 830.3334
v  -512 0 853.3334
v  -512 0 824
v  -508.1667 0 823.1667
v  -489.1667 0 829.6667
v  -482.1667 0 829.6667
v  -481 0 829.8334
v  -492.1667 0 830
v  -478 0 829.8334
v  -475.1667 0 828.8334
v  -469.3333 0 827.8334
v  -469.3333 0 853.3334
v  -512 0 823.8334
v  -512 0 824
v  -512.8333 0 824
v  -534.6667 0 827.5
v  -537.6667 0 826.8334
v  -540.3333 0 825.1667
v  -530.8333 0 826.5
v  -512 0 810.6667
v  -512.8333 0 824
v  -517.8333 0 825.8334
v  -529.6667 0 826.5
v  -545.3333 0 824.1667
v  -554.6667 0 810.6667
v  -529.6667 0 826.5
v  -530.8333 0 826.5
v  -540.3333 0 825.1667
v  -545.3333 0 824.1667
v  -517.8333 0 825.8334
v  -524 0 829.3334
v  -529.6667 0 826.5
v  -512 0 810.6667
v  -512 0 823.8334
v  -512.8333 0 824
v  -549.8333 0 824.5
v  -554.6667 0 826.3334
v  -554.6667 0 810.6667
v  -545.3333 0 824.1667
v  -549.8333 0 824.5
v  -554.6667 0 810.6667
v  -534.6667 0 827.5
v  -530.8333 0 826.5
v  -529.6667 0 826.5
v  -524 0 829.3334
v  -517.8333 0 825.8334
v  -512.8333 0 824
v  -512 0 824
v  -512 0 853.3334
v  -524 0 829.3334
v  -545.3333 0 824.1667
v  -540.3333 0 825.1667
v  -537.6667 0 826.8334
v  -554.6667 0 826.3334
v  -549.8333 0 824.5
v  -554.6667 0 826.3334
v  -537.6667 0 826.8334
v  -534.6667 0 827.5
v  -554.6667 0 826.3334
v  -534.6667 0 827.5
v  -524 0 829.3334
v  -512 0 853.3334
v  -554.6667 0 853.3334
v  -580.8334 0 843.1667
v  -581.5 0 843.3334
v  -582 0 843.3334
v  -580.5 0 842.6667
v  -554.6667 0 826.3334
v  -563.8334 0 825.8334
v  -568.3334 0 825.5
v  -554.6667 0 810.6667
v  -580.5 0 842.6667
v  -582 0 843.3334
v  -584.3334 0 841
v  -587.1667 0 837.1667
v  -589.1667 0 833.1667
v  -578.3334 0 836.3334
v  -593 0 829.6667
v  -597.3334 0 828.6667
v  -597.3334 0 810.6667
v  -554.6667 0 810.6667
v  -568.3334 0 825.5
v  -572.5 0 827.8334
v  -576.1667 0 832.1667
v  -591.5 0 830.8334
v  -593 0 829.6667
v  -573.8334 0 829
v  -554.6667 0 826.3334
v  -559.8334 0 827.8334
v  -563.8334 0 825.8334
v  -572.5 0 827.8334
v  -573.8334 0 829
v  -593 0 829.6667
v  -576.1667 0 832.1667
v  -578.3334 0 836.3334
v  -589.1667 0 833.1667
v  -591.5 0 830.8334
v  -593 0 829.6667
v  -591.5 0 830.8334
v  -589.1667 0 833.1667
v  -587.1667 0 837.1667
v  -597.3334 0 828.6667
v  -576.1667 0 832.1667
v  -573.8334 0 829
v  -572.5 0 827.8334
v  -568.3334 0 825.5
v  -563.8334 0 825.8334
v  -559.8334 0 827.8334
v  -580.8334 0 843.1667
v  -580.5 0 842.6667
v  -559.8334 0 827.8334
v  -554.6667 0 826.3334
v  -554.6667 0 853.3334
v  -576.1667 0 832.1667
v  -572.5 0 827.8334
v  -568.3334 0 825.5
v  -559.8334 0 827.8334
v  -580.5 0 842.6667
v  -578.3334 0 836.3334
v  -597.3334 0 853.3334
v  -582 0 843.3334
v  -581.5 0 843.3334
v  -597.3334 0 853.3334
v  -584.3334 0 841
v  -582 0 843.3334
v  -597.3334 0 853.3334
v  -581.5 0 843.3334
v  -580.8334 0 843.1667
v  -554.6667 0 853.3334
v  -597.3334 0 828.6667
v  -587.1667 0 837.1667
v  -584.3334 0 841
v  -597.3334 0 853.3334
v  -610.1667 0 829.8334
v  -613.1667 0 831.1667
v  -615.8334 0 828.5
v  -630.8334 0 828.3334
v  -634.6667 0 829
v  -640.0001 0 827.6667
v  -605.1667 0 828.5
v  -610.1667 0 829.8334
v  -615.8334 0 828.5
v  -615.8334 0 828.5
v  -623.8334 0 829
v  -630.8334 0 828.3334
v  -599.5001 0 828
v  -605.1667 0 828.5
v  -615.8334 0 828.5
v  -597.3334 0 810.6667
v  -597.3334 0 828.6667
v  -599.5001 0 828
v  -630.8334 0 828.3334
v  -640.0001 0 827.6667
v  -640.0001 0 810.6667
v  -597.3334 0 810.6667
v  -599.5001 0 828
v  -615.8334 0 828.5
v  -605.1667 0 828.5
v  -599.5001 0 828
v  -597.3334 0 828.6667
v  -597.3334 0 853.3334
v  -613.1667 0 831.1667
v  -610.1667 0 829.8334
v  -640.0001 0 853.3334
v  -640.0001 0 827.6667
v  -634.6667 0 829
v  -634.6667 0 829
v  -630.8334 0 828.3334
v  -623.8334 0 829
v  -613.1667 0 831.1667
v  -597.3334 0 853.3334
v  -640.0001 0 853.3334
v  -623.8334 0 829
v  -615.8334 0 828.5
v  -613.1667 0 831.1667
v  -682.3333 0 824.5
v  -682.6667 0 824.5
v  -682.6667 0 824.3334
v  -661 0 829.8334
v  -662.1667 0 829.6667
v  -663.6667 0 828.8334
v  -655.1667 0 828.8334
v  -658 0 829.8334
v  -677 0 829.8334
v  -678.5 0 830.3334
v  -679.6667 0 827.1667
v  -640 0 810.6667
v  -641.6667 0 827.1667
v  -648.8333 0 827.6667
v  -666.3333 0 828.8334
v  -682.3333 0 824.5
v  -682.6667 0 810.6667
v  -666.3333 0 828.8334
v  -669.1667 0 829.6667
v  -672.1667 0 830
v  -679.6667 0 827.1667
v  -682.3333 0 824.5
v  -672.1667 0 830
v  -677 0 829.8334
v  -679.6667 0 827.1667
v  -640 0 810.6667
v  -640 0 827.6667
v  -641.6667 0 827.1667
v  -648.8333 0 827.6667
v  -663.6667 0 828.8334
v  -666.3333 0 828.8334
v  -682.3333 0 824.5
v  -682.6667 0 824.3334
v  -682.6667 0 810.6667
v  -648.8333 0 827.6667
v  -655.1667 0 828.8334
v  -663.6667 0 828.8334
v  -682.6667 0 824.5
v  -682.3333 0 824.5
v  -679.6667 0 827.1667
v  -678.5 0 830.3334
v  -682.6667 0 853.3334
v  -666.3333 0 828.8334
v  -663.6667 0 828.8334
v  -662.1667 0 829.6667
v  -669.1667 0 829.6667
v  -678.5 0 830.3334
v  -677 0 829.8334
v  -672.1667 0 830
v  -672.1667 0 830
v  -661 0 829.8334
v  -658 0 829.8334
v  -640 0 853.3334
v  -682.6667 0 853.3334
v  -678.5 0 830.3334
v  -648.8333 0 827.6667
v  -641.6667 0 827.1667
v  -640 0 827.6667
v  -640 0 853.3334
v  -658 0 829.8334
v  -655.1667 0 828.8334
v  -669.1667 0 829.6667
v  -662.1667 0 829.6667
v  -661 0 829.8334
v  -672.1667 0 830
v  -710.8334 0 826.5
v  -714.6667 0 827.5
v  -719.3334 0 826.3334
v  -709.6667 0 826.5
v  -710.8334 0 826.5
v  -719.3334 0 826.3334
v  -725.3334 0 825.5
v  -697.8334 0 825.8334
v  -704 0 829.3334
v  -709.6667 0 826.5
v  -682.6667 0 810.6667
v  -682.6667 0 824.3334
v  -688.1667 0 823.1667
v  -692.8334 0 824
v  -697.8334 0 825.8334
v  -709.6667 0 826.5
v  -725.3334 0 825.5
v  -725.3334 0 810.6667
v  -682.6667 0 810.6667
v  -682.6667 0 810.6667
v  -688.1667 0 823.1667
v  -692.8334 0 824
v  -714.6667 0 827.5
v  -710.8334 0 826.5
v  -709.6667 0 826.5
v  -704 0 829.3334
v  -682.6667 0 853.3334
v  -725.3334 0 853.3334
v  -688.1667 0 823.1667
v  -682.6667 0 824.3334
v  -682.6667 0 824.5
v  -725.3334 0 825.6667
v  -725.3334 0 825.5
v  -719.3334 0 826.3334
v  -697.8334 0 825.8334
v  -692.8334 0 824
v  -688.1667 0 823.1667
v  -682.6667 0 824.5
v  -682.6667 0 853.3334
v  -704 0 829.3334
v  -725.3334 0 825.6667
v  -719.3334 0 826.3334
v  -714.6667 0 827.5
v  -725.3334 0 853.3334
v  -763.0001 0 840.8334
v  -763.3334 0 840.1667
v  -763.5001 0 837.6667
v  -757.5001 0 839
v  -759.6667 0 845.3334
v  -761.1667 0 844.1667
v  -764.6667 0 835.5
v  -768.0001 0 832.1667
v  -768.0001 0 831.8334
v  -752.3334 0 831
v  -764.6667 0 835.5
v  -768.0001 0 831.8334
v  -768.0001 0 810.6667
v  -747.3334 0 828.1667
v  -734.6667 0 828.1667
v  -737.5001 0 830.8334
v  -739.8334 0 830.3334
v  -731.5001 0 826.6667
v  -743.3334 0 828.5
v  -747.3334 0 828.1667
v  -768.0001 0 810.6667
v  -725.3334 0 810.6667
v  -725.3334 0 825.5
v  -752.3334 0 831
v  -755.1667 0 834.6667
v  -764.6667 0 835.5
v  -725.3334 0 825.5
v  -725.3334 0 825.6667
v  -731.5001 0 826.6667
v  -757.5001 0 839
v  -763.5001 0 837.6667
v  -764.6667 0 835.5
v  -755.1667 0 834.6667
v  -734.6667 0 828.1667
v  -739.8334 0 830.3334
v  -743.3334 0 828.5
v  -731.5001 0 826.6667
v  -764.6667 0 835.5
v  -763.5001 0 837.6667
v  -763.3334 0 840.1667
v  -768.0001 0 832.1667
v  -737.5001 0 830.8334
v  -734.6667 0 828.1667
v  -731.5001 0 826.6667
v  -725.3334 0 825.6667
v  -747.3334 0 828.1667
v  -743.3334 0 828.5
v  -739.8334 0 830.3334
v  -752.3334 0 831
v  -768.0001 0 853.3334
v  -768.0001 0 832.1667
v  -763.0001 0 840.8334
v  -761.1667 0 844.1667
v  -757.5001 0 839
v  -755.1667 0 834.6667
v  -752.3334 0 831
v  -739.8334 0 830.3334
v  -737.5001 0 830.8334
v  -759.6667 0 845.3334
v  -768.0001 0 832.1667
v  -763.3334 0 840.1667
v  -763.0001 0 840.8334
v  -768.0001 0 853.3334
v  -761.1667 0 844.1667
v  -759.6667 0 845.3334
v  -737.5001 0 830.8334
v  -725.3334 0 825.6667
v  -725.3334 0 853.3334
v  -768.0001 0 853.3334
v  -759.6667 0 845.3334
v  -772.8333 0 824.3334
v  -773.3333 0 824.1667
v  -775.3333 0 822
v  -768 0 810.6667
v  -768 0 831.8334
v  -770.8333 0 828.3334
v  -772.8333 0 824.3334
v  -768 0 810.6667
v  -808.1667 0 821
v  -810.6667 0 821.3334
v  -810.6667 0 810.6667
v  -794 0 821.5
v  -801 0 824.6667
v  -808.1667 0 821
v  -768 0 810.6667
v  -783.1667 0 819.5
v  -788.5 0 820
v  -808.1667 0 821
v  -810.6667 0 810.6667
v  -788.5 0 820
v  -794 0 821.5
v  -808.1667 0 821
v  -768 0 810.6667
v  -775.3333 0 822
v  -776.5 0 821.1667
v  -768 0 810.6667
v  -776.5 0 821.1667
v  -783.1667 0 819.5
v  -776.5 0 821.1667
v  -775.3333 0 822
v  -773.3333 0 824.1667
v  -770.8333 0 828.3334
v  -770.8333 0 828.3334
v  -768 0 831.8334
v  -768 0 832.1667
v  -773.3333 0 824.1667
v  -772.8333 0 824.3334
v  -770.8333 0 828.3334
v  -801 0 824.6667
v  -794 0 821.5
v  -776.5 0 821.1667
v  -768 0 832.1667
v  -768 0 853.3334
v  -810.6667 0 853.3334
v  -810.6667 0 821.3334
v  -808.1667 0 821
v  -801 0 824.6667
v  -810.6667 0 853.3334
v  -794 0 821.5
v  -788.5 0 820
v  -783.1667 0 819.5
v  -776.5 0 821.1667
v  -776.5 0 821.1667
v  -770.8333 0 828.3334
v  -768 0 832.1667
v  -836.6667 0 820.8334
v  -838.8334 0 822.6667
v  -839.5 0 822.6667
v  -841.3334 0 820
v  -843.8334 0 818.3334
v  -848.5 0 817.1667
v  -853.3334 0 810.6667
v  -810.6667 0 810.6667
v  -826.1667 0 818.8334
v  -832.5 0 819.3334
v  -848.5 0 817.1667
v  -853.3334 0 815
v  -853.3334 0 814.8334
v  -836.6667 0 820.8334
v  -841.3334 0 820
v  -843.8334 0 818.3334
v  -832.5 0 819.3334
v  -848.5 0 817.1667
v  -853.3334 0 814.8334
v  -853.3334 0 810.6667
v  -810.6667 0 810.6667
v  -824.8334 0 818.8334
v  -826.1667 0 818.8334
v  -810.6667 0 810.6667
v  -810.6667 0 821.3334
v  -813.5 0 821.8334
v  -824.8334 0 818.8334
v  -843.8334 0 818.3334
v  -841.3334 0 820
v  -839.5 0 822.6667
v  -848.5 0 817.1667
v  -838.8334 0 822.6667
v  -836.6667 0 820.8334
v  -832.5 0 819.3334
v  -832.5 0 819.3334
v  -826.1667 0 818.8334
v  -824.8334 0 818.8334
v  -813.5 0 821.8334
v  -810.6667 0 821.3334
v  -810.6667 0 853.3334
v  -838.8334 0 822.6667
v  -832.5 0 819.3334
v  -824.8334 0 818.8334
v  -813.5 0 821.8334
v  -810.6667 0 853.3334
v  -853.3334 0 853.3334
v  -853.3334 0 815
v  -848.5 0 817.1667
v  -839.5 0 822.6667
v  -853.3334 0 853.3334
v  -853.3334 0 853.3334
v  -839.5 0 822.6667
v  -838.8334 0 822.6667
v  -858.1667 0 811.8334
v  -862.0001 0 811.1667
v  -862.3334 0 810.6667
v  -853.3334 0 810.6667
v  -853.3334 0 814.8334
v  -858.1667 0 811.8334
v  -853.3334 0 810.6667
v  -858.1667 0 811.8334
v  -853.3334 0 814.8334
v  -853.3334 0 815
v  -869.3334 0 810.6667
v  -862.3334 0 810.6667
v  -862.0001 0 811.1667
v  -862.0001 0 811.1667
v  -858.1667 0 811.8334
v  -853.3334 0 815
v  -853.3334 0 853.3334
v  -869.3334 0 853.3334
v  -869.3334 0 810.6667
v  -42.66667 0 869.5001
v  -42.66667 0 853.3334
v  -30.5 0 853.3334
v  -30.5 0 869.5001
v  -42.66667 0 869.5001
v  -85.33334 0 869.5001
v  -85.33334 0 853.3334
v  -42.66667 0 853.3334
v  -102 0 865.0001
v  -101.8333 0 864.5001
v  -101.1667 0 864.1667
v  -96.83334 0 862.6667
v  -85.33334 0 869.5001
v  -96 0 855.8334
v  -95.33334 0 853.3334
v  -95.16667 0 853.3334
v  -128 0 853.3334
v  -126.1667 0 853.3334
v  -125.1667 0 855.1667
v  -125 0 857.0001
v  -128 0 869.5001
v  -116.5 0 859.8334
v  -107 0 863.5001
v  -103.6667 0 864.8334
v  -128 0 869.5001
v  -125 0 857.0001
v  -111.1667 0 860.6667
v  -109.1667 0 861.5001
v  -107 0 863.5001
v  -116.5 0 859.8334
v  -103.6667 0 864.8334
v  -102 0 865.0001
v  -85.33334 0 869.5001
v  -128 0 869.5001
v  -96.83334 0 862.6667
v  -96 0 855.8334
v  -95.16667 0 853.3334
v  -85.33334 0 853.3334
v  -85.33334 0 869.5001
v  -101.8333 0 864.5001
v  -102 0 865.0001
v  -103.6667 0 864.8334
v  -101.1667 0 864.1667
v  -101.8333 0 864.5001
v  -103.6667 0 864.8334
v  -107 0 863.5001
v  -109.1667 0 861.5001
v  -101.1667 0 864.1667
v  -109.1667 0 861.5001
v  -111.1667 0 860.6667
v  -126.1667 0 853.3334
v  -95.33334 0 853.3334
v  -96 0 855.8334
v  -116.5 0 859.8334
v  -125.1667 0 855.1667
v  -126.1667 0 853.3334
v  -111.1667 0 860.6667
v  -96 0 855.8334
v  -96.83334 0 862.6667
v  -101.1667 0 864.1667
v  -116.5 0 859.8334
v  -125 0 857.0001
v  -125.1667 0 855.1667
v  -128 0 869.5001
v  -170.6667 0 869.5001
v  -170.6667 0 853.3334
v  -128 0 853.3334
v  -170.6667 0 869.5001
v  -213.3333 0 869.5001
v  -213.3333 0 853.3334
v  -170.6667 0 853.3334
v  -213.3333 0 869.5001
v  -256 0 869.5001
v  -256 0 853.3334
v  -213.3333 0 853.3334
v  -256 0 869.5001
v  -298.6667 0 869.5001
v  -298.6667 0 853.3334
v  -256 0 853.3334
v  -298.6667 0 869.5001
v  -341.3333 0 869.5001
v  -341.3333 0 853.3334
v  -298.6667 0 853.3334
v  -341.3333 0 869.5001
v  -384 0 869.5001
v  -384 0 853.3334
v  -341.3333 0 853.3334
v  -384 0 869.5001
v  -426.6667 0 869.5001
v  -426.6667 0 853.3334
v  -384 0 853.3334
v  -426.6667 0 869.5001
v  -469.3333 0 869.5001
v  -469.3333 0 853.3334
v  -426.6667 0 853.3334
v  -469.3333 0 869.5001
v  -512 0 869.5001
v  -512 0 853.3334
v  -469.3333 0 853.3334
v  -512 0 869.5001
v  -554.6667 0 869.5001
v  -554.6667 0 853.3334
v  -512 0 853.3334
v  -554.6667 0 869.5001
v  -597.3334 0 869.5001
v  -597.3334 0 853.3334
v  -554.6667 0 853.3334
v  -597.3334 0 869.5001
v  -640.0001 0 869.5001
v  -640.0001 0 853.3334
v  -597.3334 0 853.3334
v  -640 0 869.5001
v  -682.6667 0 869.5001
v  -682.6667 0 853.3334
v  -640 0 853.3334
v  -682.6667 0 869.5001
v  -725.3334 0 869.5001
v  -725.3334 0 853.3334
v  -682.6667 0 853.3334
v  -725.3334 0 869.5001
v  -768.0001 0 869.5001
v  -768.0001 0 853.3334
v  -725.3334 0 853.3334
v  -768 0 869.5001
v  -810.6667 0 869.5001
v  -810.6667 0 853.3334
v  -768 0 853.3334
v  -810.6667 0 869.5001
v  -853.3334 0 869.5001
v  -853.3334 0 853.3334
v  -810.6667 0 853.3334
v  -853.3334 0 869.5001
v  -869.3334 0 869.5001
v  -869.3334 0 853.3334
v  -853.3334 0 853.3334
g navmesh
f 100 102 101
f 100 103 102
f 100 104 103
f 128 130 129
f 148 150 149
f 148 151 150
f 152 154 153
f 152 155 154
f 182 184 183
f 185 187 186
f 185 188 187
f 185 189 188
f 185 190 189
f 191 193 192
f 194 196 195
f 197 199 198
f 197 200 199
f 201 203 202
f 204 206 205
f 204 207 206
f 208 210 209
f 208 211 210
f 208 212 211
f 242 244 243
f 245 247 246
f 245 248 247
f 245 249 248
f 250 252 251
f 250 253 252
f 254 256 255
f 257 259 258
f 260 262 261
f 263 265 264
f 263 266 265
f 267 269 268
f 267 270 269
f 294 296 295
f 297 299 298
f 297 300 299
f 301 303 302
f 304 306 305
f 304 307 306
f 308 310 309
f 308 311 310
f 308 312 311
f 313 315 314
f 316 318 317
f 316 319 318
f 341 343 342
f 341 344 343
f 345 347 346
f 345 348 347
f 349 351 350
f 352 354 353
f 352 355 354
f 352 356 355
f 357 359 358
f 360 362 361
f 360 363 362
f 397 399 398
f 397 400 399
f 397 401 400
f 397 402 401
f 403 405 404
f 403 406 405
f 403 407 406
f 408 410 409
f 411 413 412
f 414 416 415
f 417 419 418
f 417 420 419
f 417 421 420
f 422 424 423
f 425 427 426
f 428 430 429
f 459 461 460
f 462 464 463
f 465 467 466
f 465 468 467
f 465 469 468
f 470 472 471
f 473 475 474
f 476 478 477
f 479 481 480
f 482 484 483
f 482 485 484
f 482 486 485
f 482 487 486
f 488 490 489
f 491 493 492
f 518 520 519
f 521 523 522
f 521 524 523
f 525 527 526
f 528 530 529
f 528 531 530
f 532 534 533
f 535 537 536
f 535 538 537
f 535 539 538
f 535 540 539
f 541 543 542
f 570 572 571
f 570 573 572
f 574 576 575
f 577 579 578
f 577 580 579
f 581 583 582
f 581 584 583
f 585 587 586
f 585 588 587
f 589 591 590
f 589 592 591
f 589 593 592
f 619 621 620
f 619 622 621
f 623 625 624
f 623 626 625
f 627 629 628
f 630 632 631
f 633 635 634
f 636 638 637
f 636 639 638
f 636 640 639
f 641 643 642
f 644 646 645
f 689 691 690
f 692 694 693
f 692 695 694
f 692 696 695
f 692 697 696
f 698 700 699
f 701 703 702
f 704 706 705
f 704 707 706
f 704 708 707
f 704 709 708
f 710 712 711
f 710 713 712
f 710 714 713
f 715 717 716
f 715 718 717
f 715 719 718
f 720 722 721
f 720 723 722
f 724 726 725
f 724 727 726
f 754 756 755
f 754 757 756
f 758 760 759
f 761 763 762
f 761 764 763
f 765 767 766
f 768 770 769
f 771 773 772
f 771 774 773
f 771 775 774
f 771 776 775
f 801 803 802
f 804 806 805
f 807 809 808
f 807 810 809
f 807 811 810
f 812 814 813
f 812 815 814
f 816 818 817
f 819 821 820
f 819 822 821
f 819 823 822
f 819 824 823
f 825 827 826
f 828 830 829
f 831 833 832
f 852 854 853
f 855 857 856
f 858 860 859
f 861 863 862
f 864 866 865
f 864 867 866
f 868 870 869
f 868 871 870
f 868 872 871
f 868 873 872
f 906 908 907
f 906 909 908
f 906 910 909
f 906 911 910
f 912 914 913
f 915 917 916
f 918 920 919
f 918 921 920
f 918 922 921
f 918 923 922
f 924 926 925
f 924 927 926
f 928 930 929
f 928 931 930
f 932 934 933
f 932 935 934
f 932 936 935
f 961 963 962
f 961 964 963
f 965 967 966
f 968 970 969
f 971 973 972
f 974 976 975
f 977 979 978
f 980 982 981
f 980 983 982
f 980 984 983
f 980 985 984
f 1012 1014 1013
f 1012 1015 1014
f 1016 1018 1017
f 1019 1021 1020
f 1019 1022 1021
f 1023 1025 1024
f 1026 1028 1027
f 1026 1029 1028
f 1026 1030 1029
f 1026 1031 1030
f 1032 1034 1033
f 1032 1035 1034
f 1036 1038 1037
f 1039 1041 1040
f 1042 1044 1043
f 1045 1047 1046
f 1045 1048 1047
f 1045 1049 1048
f 1045 1050 1049
f 1068 1070 1069
f 1071 1073 1072
f 1071 1074 1073
f 1071 1075 1074
f 1076 1078 1077
f 1076 1079 1078
f 1076 1080 1079
f 1076 1081 1080
f 1082 1084 1083
f 1085 1087 1086
f 1088 1090 1089
f 1088 1091 1090
f 1088 1092 1091
f 1093 1095 1094
f 1130 1132 1131
f 1130 1133 1132
f 1130 1134 1133
f 1135 1137 1136
f 1135 1138 1137
f 1139 1141 1140
f 1142 1144 1143
f 1142 1145 1144
f 1142 1146 1145
f 1142 1147 1146
f 1148 1150 1149
f 1151 1153 1152
f 1165 1167 1166
f 1168 1170 1169
f 1171 1173 1172
f 1174 1176 1175
f 1174 1177 1176
f 1178 1180 1179
f 1178 1181 1180
f 1178 1182 1181
f 1183 1185 1184
f 1183 1186 1185
f 1183 1187 1186
f 1188 1190 1189
f 1188 1191 1190
f 1188 1192 1191
f 1188 1193 1192
f 1213 1215 1214
f 1216 1218 1217
f 1216 1219 1218
f 1216 1220 1219
f 1221 1223 1222
f 1224 1226 1225
f 1227 1229 1228
f 1230 1232 1231
f 1230 1233 1232
f 1234 1236 1235
f 1234 1237 1236
f 1238 1240 1239
f 1238 1241 1240
f 1242 1244 1243
f 1242 1245 1244
f 1246 1248 1247
f 1246 1249 1248
f 1250 1252 1251
f 1250 1253 1252
f 1254 1256 1255
f 1254 1257 1256
f 1258 1260 1259
f 1258 1261 1260
f 1262 1264 1263
f 1262 1265 1264
f 1266 1268 1267
f 1266 1269 1268
f 1270 1272 1271
f 1270 1273 1272
f 1274 1276 1275
f 1274 1277 1276
f 1278 1280 1279
f 1278 1281 1280
f 1282 1284 1283
f 1282 1285 1284
f 1286 1288 1287
f 1286 1289 1288
f 1290 1292 1291
f 1290 1293 1292
f 1294 1296 1295
f 1294 1297 1296
f 1298 1300 1299
f 1298 1301 1300
f 1298 1302 1301
f 1303 1305 1304
f 1306 1308 1307
f 1306 1309 1308
f 1306 1310 1309
f 1311 1313 1312
f 1314 1316 1315
f 1317 1319 1318
f 1366 1368 1367
f 1369 1371 1370
f 1369 1372 1371
f 1369 1373 1372
f 1369 1374 1373
f 1375 1377 1376
f 1378 1380 1379
f 1381 1383 1382
f 1381 1384 1383
f 1385 1387 1386
f 1388 1390 1389
f 1391 1393 1392
f 1394 1396 1395
f 1394 1397 1396
f 1394 1398 1397
f 1399 1401 1400
f 1402 1404 1403
f 1405 1407 1406
f 1427 1429 1428
f 1427 1430 1429
f 1431 1433 1432
f 1431 1434 1433
f 1435 1437 1436
f 1435 1438 1437
f 1439 1441 1440
f 1439 1442 1441
f 1443 1445 1444
f 1443 1446 1445
f 1447 1449 1448
f 1447 1450 1449
f 1451 1453 1452
f 1451 1454 1453
f 1455 1457 1456
f 1455 1458 1457
f 1459 1461 1460
f 1459 1462 1461
f 1463 1465 1464
f 1463 1466 1465
f 1467 1469 1468
f 1467 1470 1469
f 1471 1473 1472
f 1471 1474 1473
f 1475 1477 1476
f 1475 1478 1477
f 1479 1481 1480
f 1479 1482 1481
f 1483 1485 1484
f 1483 1486 1485
f 1487 1489 1488
f 1487 1490 1489
f 1491 1493 1492
f 1491 1494 1493
f 1495 1497 1496
f 1495 1498 1497
f 1495 1499 1498
f 1500 1502 1501
f 1503 1505 1504
f 1506 1508 1507
f 1506 1509 1508
f 1506 1510 1509
f 1506 1511 1510
f 1512 1514 1513
f 1512 1515 1514
f 1512 1516 1515
f 1517 1519 1518
f 1517 1520 1519
f 1521 1523 1522
f 1524 1526 1525
f 1524 1527 1526
f 1524 1528 1527
f 1529 1531 1530
f 1606 1608 1607
f 1609 1611 1610
f 1609 1612 1611
f 1609 1613 1612
f 1609 1614 1613
f 1615 1617 1616
f 1618 1620 1619
f 1621 1623 1622
f 1624 1626 1625
f 1624 1627 1626
f 1624 1628 1627
f 1629 1631 1630
f 1632 1634 1633
f 1635 1637 1636
f 1635 1638 1637
f 1639 1641 1640
f 1639 1642 1641
f 1643 1645 1644
f 1643 1646 1645
f 1647 1649 1648
f 1647 1650 1649
f 1651 1653 1652
f 1651 1654 1653
f 1655 1657 1656
f 1655 1658 1657
f 1659 1661 1660
f 1659 1662 1661
f 1663 1665 1664
f 1663 1666 1665
f 1667 1669 1668
f 1670 1672 1671
f 1670 1673 1672
f 1674 1676 1675
f 1677 1679 1678
f 1680 1682 1681
f 1683 1685 1684
f 1686 1688 1687
f 1686 1689 1688
f 1690 1692 1691
f 1690 1693 1692
f 1791 1793 1792
f 1791 1794 1793
f 1795 1797 1796
f 1795 1798 1797
f 1799 1801 1800
f 1802 1804 1803
f 1805 1807 1806
f 1808 1810 1809
f 1808 1811 1810
f 1808 1812 1811
f 1813 1815 1814
f 1816 1818 1817
f 1819 1821 1820
f 1822 1824 1823
f 1842 1844 1843
f 1845 1847 1846
f 1848 1850 1849
f 1851 1853 1852
f 1854 1856 1855
f 1854 1857 1856
f 1854 1858 1857
f 1859 1861 1860
f 1862 1864 1863
f 1865 1867 1866
f 1884 1886 1885
f 1884 1887 1886
f 1888 1890 1889
f 1888 1891 1890
f 1892 1894 1893
f 1892 1895 1894
f 1896 1898 1897
f 1896 1899 1898
f 1900 1902 1901
f 1900 1903 1902
f 1904 1906 1905
f 1904 1907 1906
f 1908 1910 1909
f 1908 1911 1910
f 1912 1914 1913
f 1915 1917 1916
f 1918 1920 1919
f 1918 1921 1920
f 1918 1922 1921
f 1923 1925 1924
f 1923 1926 1925
f 1927 1929 1928
f 1930 1932 1931
f 1933 1935 1934
f 1933 1936 1935
f 1933 1937 1936
f 1938 1940 1939
f 2001 2003 2002
f 2001 2004 2003
f 2005 2007 2006
f 2008 2010 2009
f 2008 2011 2010
f 2008 2012 2011
f 2013 2015 2014
f 2013 2016 2015
f 2017 2019 2018
f 2017 2020 2019
f 2017 2021 2020
f 2017 2022 2021
f 2023 2025 2024
f 2026 2028 2027
f 2029 2031 2030
f 2029 2032 2031
f 2033 2035 2034
f 2033 2036 2035
f 2037 2039 2038
f 2037 2040 2039
f 2041 2043 2042
f 2044 2046 2045
f 2047 2049 2048
f 2047 2050 2049
f 2047 2051 2050
f 2047 2052 2051
f 2053 2055 2054
f 2053 2056 2055
f 2057 2059 2058
f 2060 2062 2061
f 2085 2087 2086
f 2085 2088 2087
f 2085 2089 2088
f 2090 2092 2091
f 2093 2095 2094
f 2096 2098 2097
f 2099 2101 2100
f 2099 2102 2101
f 2103 2105 2104
f 2103 2106 2105
f 2107 2109 2108
f 2107 2110 2109
f 2107 2111 2110
f 2112 2114 2113
f 2112 2115 2114
f 2112 2116 2115
f 2112 2117 2116
f 2118 2120 2119
f 2118 2121 2120
f 2122 2124 2123
f 2125 2127 2126
f 2128 2130 2129
f 2128 2131 2130
f 2128 2132 2131
f 2133 2135 2134
f 2133 2136 2135
f 2137 2139 2138
f 2137 2140 2139
f 2141 2143 2142
f 2144 2146 2145
f 2144 2147 2146
f 2248 2250 2249
f 2248 2251 2250
f 2252 2254 2253
f 2255 2257 2256
f 2258 2260 2259
f 2261 2263 2262
f 2264 2266 2265
f 2267 2269 2268
f 2267 2270 2269
f 2267 2271 2270
f 2272 2274 2273
f 2272 2275 2274
f 2276 2278 2277
f 2279 2281 2280
f 2282 2284 2283
f 2285 2287 2286
f 2288 2290 2289
f 2356 2358 2357
f 2356 2359 2358
f 2360 2362 2361
f 2360 2363 2362
f 2360 2364 2363
f 2365 2367 2366
f 2368 2370 2369
f 2371 2373 2372
f 2374 2376 2375
f 2374 2377 2376
f 2374 2378 2377
f 2379 2381 2380
f 2382 2384 2383
f 2403 2405 2404
f 2406 2408 2407
f 2406 2409 2408
f 2406 2410 2409
f 2406 2411 2410
f 2412 2414 2413
f 2412 2415 2414
f 2412 2416 2415
f 2417 2419 2418
f 2417 2420 2419
f 2421 2423 2422
f 2421 2424 2423
f 2421 2425 2424
f 2426 2428 2427
f 2429 2431 2430
f 2432 2434 2433
f 2432 2435 2434
f 2432 2436 2435
f 2437 2439 2438
f 2440 2442 2441
f 2440 2443 2442
f 2440 2444 2443
f 2440 2445 2444
f 2446 2448 2447
f 2449 2451 2450
f 2452 2454 2453
f 2455 2457 2456
f 2508 2510 2509
f 2508 2511 2510
f 2508 2512 2511
f 2513 2515 2514
f 2516 2518 2517
f 2519 2521 2520
f 2522 2524 2523
f 2525 2527 2526
f 2525 2528 2527
f 2525 2529 2528
f 2525 2530 2529
f 2541 2543 2542
f 2541 2544 2543
f 2545 2547 2546
f 2545 2548 2547
f 2549 2551 2550
f 2552 2554 2553
f 2555 2557 2556
f 2558 2560 2559
f 2561 2563 2562
f 2561 2564 2563
f 2565 2567 2566
f 2568 2570 2569
f 2568 2571 2570
f 2568 2572 2571
f 2573 2575 2574
f 2595 2597 2596
f 2598 2600 2599
f 2598 2601 2600
f 2598 2602 2601
f 2603 2605 2604
f 2603 2606 2605
f 2607 2609 2608
f 2607 2610 2609
f 2611 2613 2612
f 2614 2616 2615
f 2638 2640 2639
f 2641 2643 2642
f 2644 2646 2645
f 2647 2649 2648
f 2647 2650 2649
f 2647 2651 2650
f 2657 2659 2658
f 2657 2660 2659
f 2661 2663 2662
f 2661 2664 2663
f 2665 2667 2666
f 2665 2668 2667
f 2669 2671 2670
f 2669 2672 2671
f 2673 2675 2674
f 2676 2678 2677
f 2676 2679 2678
f 2676 2680 2679
f 2676 2681 2680
f 2682 2684 2683
f 2682 2685 2684
f 2686 2688 2687
f 2689 2691 2690
f 2689 2692 2691
f 2693 2695 2694
f 2746 2748 2747
f 2746 2749 2748
f 2750 2752 2751
f 2753 2755 2754
f 2756 2758 2757
f 2759 2761 2760
f 2759 2762 2761
f 2759 2763 2762
f 2759 2764 2763
f 2765 2767 2766
f 2768 2770 2769
f 2771 2773 2772
f 2771 2774 2773
f 2775 2777 2776
f 2775 2778 2777
f 2779 2781 2780
f 2782 2784 2783
f 2785 2787 2786
f 2788 2790 2789
f 2788 2791 2790
f 2788 2792 2791
f 2793 2795 2794
f 2796 2798 2797
f 2799 2801 2800
f 2802 2804 2803
f 2819 2821 2820
f 2819 2822 2821
f 2819 2823 2822
f 2824 2826 2825
f 2824 2827 2826
f 2824 2828 2827
f 2829 2831 2830
f 2832 2834 2833
f 2835 2837 2836
f 2835 2838 2837
f 2839 2841 2840
f 2839 2842 2841
f 2843 2845 2844
f 2846 2848 2847
f 2846 2849 2848
f 2846 2850 2849
f 2851 2853 2852
f 2898 2900 2899
f 2901 2903 2902
f 2901 2904 2903
f 2905 2907 2906
f 2908 2910 2909
f 2908 2911 2910
f 2908 2912 2911
f 2913 2915 2914
f 2920 2922 2921
f 2923 2925 2924
f 2926 2928 2927
f 2929 2931 2930
f 2929 2932 2931
f 2933 2935 2934
f 2933 2936 2935
f 2937 2939 2938
f 2940 2942 2941
f 2940 2943 2942
f 2944 2946 2945
f 2947 2949 2948
f 2947 2950 2949
f 2951 2953 2952
f 2954 2956 2955
f 2957 2959 2958
f 2960 2962 2961
f 2963 2965 2964
f 2963 2966 2965
f 2967 2969 2968
f 2967 2970 2969
f 2967 2971 2970
f 2967 2972 2971
f 2973 2975 2974
f 2976 2978 2977
f 2976 2979 2978
f 2980 2982 2981
f 2983 2985 2984
f 2986 2988 2987
f 2989 2991 2990
f 2989 2992 2991
f 2993 2995 2994
f 2993 2996 2995
f 2997 2999 2998
f 2997 3000 2999
f 3001 3003 3002
f 3001 3004 3003
f 3005 3007 3006
f 3005 3008 3007
f 3114 3116 3115
f 3114 3117 3116
f 3118 3120 3119
f 3118 3121 3120
f 3122 3124 3123
f 3125 3127 3126
f 3128 3130 3129
f 3128 3131 3130
f 3132 3134 3133
f 3132 3135 3134
f 3132 3136 3135
f 3137 3139 3138
f 3140 3142 3141
f 3212 3214 3213
f 3212 3215 3214
f 3216 3218 3217
f 3219 3221 3220
f 3222 3224 3223
f 3222 3225 3224
f 3226 3228 3227
f 3226 3229 3228
f 3230 3232 3231
f 3233 3235 3234
f 3233 3236 3235
f 3233 3237 3236
f 3233 3238 3237
f 3239 3241 3240
f 3242 3244 3243
f 3245 3247 3246
f 3245 3248 3247
f 3249 3251 3250
f 3249 3252 3251
f 3249 3253 3252
f 3263 3265 3264
f 3266 3268 3267
f 3269 3271 3270
f 3272 3274 3273
f 3272 3275 3274
f 3276 3278 3277
f 3276 3279 3278
f 3280 3282 3281
f 3283 3285 3284
f 3283 3286 3285
f 3287 3289 3288
f 3290 3292 3291
f 3317 3319 3318
f 3320 3322 3321
f 3320 3323 3322
f 3320 3324 3323
f 3325 3327 3326
f 3328 3330 3329
f 3331 3333 3332
f 3334 3336 3335
f 3334 3337 3336
f 3338 3340 3339
f 3338 3341 3340
f 3338 3342 3341
f 3338 3343 3342
f 3344 3346 3345
f 3344 3347 3346
f 3348 3350 3349
f 3351 3353 3352
f 3354 3356 3355
f 3357 3359 3358
f 3357 3360 3359
f 3361 3363 3362
f 3368 3370 3369
f 3368 3371 3370
f 3372 3374 3373
f 3372 3375 3374
f 3372 3376 3375
f 3372 3377 3376
f 3378 3380 3379
f 3381 3383 3382
f 3381 3384 3383
f 3381 3385 3384
f 3386 3388 3387
f 3386 3389 3388
f 3390 3392 3391
f 3390 3393 3392
f 3390 3394 3393
f 3395 3397 3396
f 3441 3443 3442
f 3451 3453 3452
f 3454 3456 3455
f 3454 3457 3456
f 3454 3458 3457
f 3454 3459 3458
f 3460 3462 3461
f 3460 3463 3462
f 3460 3464 3463
f 3460 3465 3464
f 3466 3468 3467
f 3469 3471 3470
f 3472 3474 3473
f 3475 3477 3476
f 3478 3480 3479
f 3478 3481 3480
f 3478 3482 3481
f 3478 3483 3482
f 3484 3486 3485
f 3484 3487 3486
f 3530 3532 3531
f 3533 3535 3534
f 3533 3536 3535
f 3587 3589 3588
f 3590 3592 3591
f 3590 3593 3592
f 3594 3596 3595
f 3597 3599 3598
f 3600 3602 3601
f 3603 3605 3604
f 3606 3608 3607
f 3609 3611 3610
f 3612 3614 3613
f 3615 3617 3616
f 3615 3618 3617
f 3615 3619 3618
f 3615 3620 3619
f 3621 3623 3622
f 3624 3626 3625
f 3624 3627 3626
f 3628 3630 3629
f 3628 3631 3630
f 3632 3634 3633
f 3632 3635 3634
f 3636 3638 3637
f 3636 3639 3638
f 3640 3642 3641
f 3643 3645 3644
f 3646 3648 3647
f 3649 3651 3650
f 3652 3654 3653
f 3652 3655 3654
f 3652 3656 3655
f 3652 3657 3656
f 3712 3714 3713
f 3712 3715 3714
f 3712 3716 3715
f 3712 3717 3716
f 3718 3720 3719
f 3721 3723 3722
f 3721 3724 3723
f 3725 3727 3726
f 3728 3730 3729
f 3731 3733 3732
f 3731 3734 3733
f 3731 3735 3734
f 3731 3736 3735
f 3737 3739 3738
f 3740 3742 3741
f 3743 3745 3744
f 3743 3746 3745
f 3747 3749 3748
f 3747 3750 3749
f 3751 3753 3752
f 3754 3756 3755
f 3757 3759 3758
f 3760 3762 3761
f 3763 3765 3764
f 3763 3766 3765
f 3763 3767 3766
f 3763 3768 3767
f 3769 3771 3770
f 3769 3772 3771
f 3773 3775 3774
f 3773 3776 3775
f 3777 3779 3778
f 3780 3782 3781
f 3783 3785 3784
f 3786 3788 3787
f 3789 3791 3790
f 3792 3794 3793
f 3792 3795 3794
f 3792 3796 3795
f 3792 3797 3796
f 3798 3800 3799
f 3801 3803 3802
f 3804 3806 3805
f 3804 3807 3806
f 3804 3808 3807
f 3809 3811 3810
f 3812 3814 3813
f 3815 3817 3816
f 3818 3820 3819
f 3821 3823 3822
f 3821 3824 3823
f 3825 3827 3826
f 3825 3828 3827
f 3908 3910 3909
f 3911 3913 3912
f 3914 3916 3915
f 3914 3917 3916
f 3918 3920 3919
f 3921 3923 3922
f 3921 3924 3923
f 3921 3925 3924
f 3921 3926 3925
f 3927 3929 3928
f 3927 3930 3929
f 3931 3933 3932
f 3931 3934 3933
f 3953 3955 3954
f 3956 3958 3957
f 3956 3959 3958
f 3956 3960 3959
f 3956 3961 3960
f 3962 3964 3963
f 3965 3967 3966
f 3965 3968 3967
f 3969 3971 3970
f 3972 3974 3973
f 3975 3977 3976
f 3975 3978 3977
f 3979 3981 3980
f 3982 3984 3983
f 3982 3985 3984
f 3986 3988 3987
f 3986 3989 3988
f 3990 3992 3991
f 4002 4004 4003
f 4005 4007 4006
f 4008 4010 4009
f 4008 4011 4010
f 4012 4014 4013
f 4012 4015 4014
f 4012 4016 4015
f 4017 4019 4018
f 4020 4022 4021
f 4023 4025 4024
f 4023 4026 4025
f 4027 4029 4028
f 4027 4030 4029
f 4031 4033 4032
f 4034 4036 4035
f 4059 4061 4060
f 4059 4062 4061
f 4063 4065 4064
f 4066 4068 4067
f 4069 4071 4070
f 4069 4072 4071
f 4073 4075 4074
f 4076 4078 4077
f 4079 4081 4080
f 4082 4084 4083
f 4085 4087 4086
f 4085 4088 4087
f 4085 4089 4088
f 4090 4092 4091
f 4093 4095 4094
f 4096 4098 4097
f 4099 4101 4100
f 4102 4104 4103
f 4105 4107 4106
f 4136 4138 4137
f 4136 4139 4138
f 4140 4142 4141
f 4140 4143 4142
f 4144 4146 4145
f 4144 4147 4146
f 4144 4148 4147
f 4149 4151 4150
f 4149 4152 4151
f 4149 4153 4152
f 4154 4156 4155
f 4157 4159 4158
f 4160 4162 4161
f 4163 4165 4164
f 4166 4168 4167
f 4166 4169 4168
f 4170 4172 4171
f 4170 4173 4172
f 4174 4176 4175
f 4174 4177 4176
f 4178 4180 4179
f 4181 4183 4182
f 4184 4186 4185
f 4184 4187 4186
f 4188 4190 4189
f 4188 4191 4190
f 4188 4192 4191
f 4188 4193 4192
f 4194 4196 4195
f 4277 4279 4278
f 4277 4280 4279
f 4281 4283 4282
f 4281 4284 4283
f 4285 4287 4286
f 4285 4288 4287
f 4285 4289 4288
f 4290 4292 4291
f 4290 4293 4292
f 4290 4294 4293
f 4295 4297 4296
f 4298 4300 4299
f 4301 4303 4302
f 4304 4306 4305
f 4304 4307 4306
f 4304 4308 4307
f 4309 4311 4310
f 4312 4314 4313
f 4315 4317 4316
f 4315 4318 4317
f 4315 4319 4318
f 4315 4320 4319
f 4321 4323 4322
f 4335 4337 4336
f 4335 4338 4337
f 4339 4341 4340
f 4339 4342 4341
f 4343 4345 4344
f 4343 4346 4345
f 4347 4349 4348
f 4350 4352 4351
f 4350 4353 4352
f 4354 4356 4355
f 4354 4357 4356
f 4358 4360 4359
f 4399 4401 4400
f 4402 4404 4403
f 4405 4407 4406
f 4405 4408 4407
f 4409 4411 4410
f 4412 4414 4413
f 4412 4415 4414
f 4412 4416 4415
f 4412 4417 4416
f 4418 4420 4419
f 4421 4423 4422
f 4421 4424 4423
f 4425 4427 4426
f 4425 4428 4427
f 4429 4431 4430
f 4432 4434 4433
f 4435 4437 4436
f 4438 4440 4439
f 4441 4443 4442
f 4444 4446 4445
f 4444 4447 4446
f 4444 4448 4447
f 4449 4451 4450
f 4475 4477 4476
f 4478 4480 4479
f 4481 4483 4482
f 4481 4484 4483
f 4481 4485 4484
f 4486 4488 4487
f 4486 4489 4488
f 4486 4490 4489
f 4486 4491 4490
f 4492 4494 4493
f 4495 4497 4496
f 4495 4498 4497
f 4499 4501 4500
f 4499 4502 4501
f 4503 4505 4504
f 4511 4513 4512
f 4511 4514 4513
f 4515 4517 4516
f 4515 4518 4517
f 4519 4521 4520
f 4522 4524 4523
f 4525 4527 4526
f 4528 4530 4529
f 4528 4531 4530
f 4528 4532 4531
f 4533 4535 4534
f 4536 4538 4537
f 4539 4541 4540
f 4542 4544 4543
f 4564 4566 4565
f 4567 4569 4568
f 4570 4572 4571
f 4573 4575 4574
f 4573 4576 4575
f 4573 4577 4576
f 4583 4585 4584
f 4583 4586 4585
f 4587 4589 4588
f 4587 4590 4589
f 4591 4593 4592
f 4594 4596 4595
f 4594 4597 4596
f 4598 4600 4599
f 4598 4601 4600
f 4598 4602 4601
f 4603 4605 4604
f 4606 4608 4607
f 4609 4611 4610
f 4618 4620 4619
f 4618 4621 4620
f 4622 4624 4623
f 4622 4625 4624
f 4626 4628 4627
f 4626 4629 4628
f 4630 4632 4631
f 4630 4633 4632
f 4634 4636 4635
f 4634 4637 4636
f 4638 4640 4639
f 4641 4643 4642
f 4644 4646 4645
f 4644 4647 4646
f 4644 4648 4647
f 4644 4649 4648
f 4650 4652 4651
f 4653 4655 4654
f 4656 4658 4657
f 4656 4659 4658
f 4660 4662 4661
f 4663 4665 4664
f 4666 4668 4667
f 4666 4669 4668
f 4741 4743 4742
f 4744 4746 4745
f 4744 4747 4746
f 4748 4750 4749
f 4751 4753 4752
f 4751 4754 4753
f 4755 4757 4756
f 4755 4758 4757
f 4759 4761 4760
f 4762 4764 4763
f 4762 4765 4764
f 4762 4766 4765
f 4770 4772 4771
f 4773 4775 4774
f 4773 4776 4775
f 4773 4777 4776
f 4778 4780 4779
f 4778 4781 4780
f 4782 4784 4783
f 4782 4785 4784
f 4786 4788 4787
f 4786 4789 4788
f 4790 4792 4791
f 4790 4793 4792
f 4794 4796 4795
f 4794 4797 4796
f 4798 4800 4799
f 4798 4801 4800
f 4802 4804 4803
f 4802 4805 4804
f 4806 4808 4807
f 4806 4809 4808
f 4806 4810 4809
f 4806 4811 4810
f 4874 4876 4875
f 4877 4879 4878
f 4877 4880 4879
f 4881 4883 4882
f 4884 4886 4885
f 4887 4889 4888
f 4887 4890 4889
f 4887 4891 4890
f 4887 4892 4891
f 4893 4895 4894
f 4893 4896 4895
f 4893 4897 4896
f 4898 4900 4899
f 4898 4901 4900
f 4902 4904 4903
f 4905 4907 4906
f 4905 4908 4907
f 4909 4911 4910
f 4909 4912 4911
f 4913 4915 4914
f 4913 4916 4915
f 4917 4919 4918
f 4920 4922 4921
f 4920 4923 4922
f 4920 4924 4923
f 4925 4927 4926
f 4928 4930 4929
f 4931 4933 4932
f 4934 4936 4935
f 4934 4937 4936
f 4934 4938 4937
f 4939 4941 4940
f 4954 4956 4955
f 5013 5015 5014
f 5016 5018 5017
f 5019 5021 5020
f 5022 5024 5023
f 5025 5027 5026
f 5025 5028 5027
f 5029 5031 5030
f 5032 5034 5033
f 5035 5037 5036
f 5038 5040 5039
f 5038 5041 5040
f 5042 5044 5043
f 5045 5047 5046
f 5048 5050 5049
f 5051 5053 5052
f 5054 5056 5055
f 5057 5059 5058
f 5060 5062 5061
f 5063 5065 5064
f 5066 5068 5067
f 5066 5069 5068
f 5066 5070 5069
f 5071 5073 5072
f 5071 5074 5073
f 5075 5077 5076
f 5078 5080 5079
f 5081 5083 5082
f 5081 5084 5083
f 5085 5087 5086
f 5088 5090 5089
f 5091 5093 5092
f 5094 5096 5095
f 5097 5099 5098
f 5097 5100 5099
f 5101 5103 5102
f 5101 5104 5103
f 5105 5107 5106
f 5108 5110 5109
f 5111 5113 5112
f 5114 5116 5115
f 5114 5117 5116
f 5118 5120 5119
f 5118 5121 5120
f 5118 5122 5121
f 5123 5125 5124
f 5126 5128 5127
f 5126 5129 5128
f 5130 5132 5131
f 5133 5135 5134
f 5133 5136 5135
f 5133 5137 5136
f 5138 5140 5139
f 5141 5143 5142
f 5141 5144 5143
f 5145 5147 5146
f 5148 5150 5149
f 5151 5153 5152
f 5211 5213 5212
f 5214 5216 5215
f 5217 5219 5218
f 5220 5222 5221
f 5220 5223 5222
f 5220 5224 5223
f 5225 5227 5226
f 5225 5228 5227
f 5225 5229 5228
f 5230 5232 5231
f 5233 5235 5234
f 5236 5238 5237
f 5239 5241 5240
f 5239 5242 5241
f 5239 5243 5242
f 5239 5244 5243
f 5245 5247 5246
f 5265 5267 5266
f 5268 5270 5269
f 5268 5271 5270
f 5268 5272 5271
f 5273 5275 5274
f 5276 5278 5277
f 5276 5279 5278
f 5276 5280 5279
f 5281 5283 5282
f 5284 5286 5285
f 5287 5289 5288
f 5287 5290 5289
f 5287 5291 5290
f 5287 5292 5291
f 5293 5295 5294
f 5296 5298 5297
f 5296 5299 5298
f 5300 5302 5301
f 5300 5303 5302
f 5304 5306 5305
f 5304 5307 5306
f 5308 5310 5309
f 5308 5311 5310
f 5312 5314 5313
f 5312 5315 5314
f 5364 5366 5365
f 5367 5369 5368
f 5367 5370 5369
f 5371 5373 5372
f 5374 5376 5375
f 5374 5377 5376
f 5378 5380 5379
f 5381 5383 5382
f 5384 5386 5385
f 5384 5387 5386
f 5384 5388 5387
f 5384 5389 5388
f 5390 5392 5391
f 5414 5416 5415
f 5414 5417 5416
f 5418 5420 5419
f 5418 5421 5420
f 5422 5424 5423
f 5425 5427 5426
f 5425 5428 5427
f 5429 5431 5430
f 5432 5434 5433
f 5432 5435 5434
f 5432 5436 5435
f 5437 5439 5438
f 5437 5440 5439
f 5437 5441 5440
f 5442 5444 5443
f 5442 5445 5444
f 5442 5446 5445
f 5447 5449 5448
f 5511 5513 5512
f 5511 5514 5513
f 5515 5517 5516
f 5518 5520 5519
f 5518 5521 5520
f 5518 5522 5521
f 5523 5525 5524
f 5526 5528 5527
f 5529 5531 5530
f 5532 5534 5533
f 5535 5537 5536
f 5535 5538 5537
f 5539 5541 5540
f 5542 5544 5543
f 5542 5545 5544
f 5546 5548 5547
f 5546 5549 5548
f 5550 5552 5551
f 5553 5555 5554
f 5553 5556 5555
f 5553 5557 5556
f 5553 5558 5557
f 5569 5571 5570
f 5569 5572 5571
f 5573 5575 5574
f 5573 5576 5575
f 5577 5579 5578
f 5577 5580 5579
f 5581 5583 5582
f 5581 5584 5583
f 5585 5587 5586
f 5585 5588 5587
f 5585 5589 5588
f 5585 5590 5589
f 5591 5593 5592
f 5594 5596 5595
f 5594 5597 5596
f 5598 5600 5599
f 5598 5601 5600
f 5651 5653 5652
f 5654 5656 5655
f 5657 5659 5658
f 5657 5660 5659
f 5661 5663 5662
f 5664 5666 5665
f 5667 5669 5668
f 5667 5670 5669
f 5667 5671 5670
f 5667 5672 5671
f 5673 5675 5674
f 5676 5678 5677
f 5676 5679 5678
f 5680 5682 5681
f 5680 5683 5682
f 5684 5686 5685
f 5687 5689 5688
f 5690 5692 5691
f 5693 5695 5694
f 5696 5698 5697
f 5699 5701 5700
f 5702 5704 5703
f 5705 5707 5706
f 5705 5708 5707
f 5726 5728 5727
f 5729 5731 5730
f 5732 5734 5733
f 5735 5737 5736
f 5738 5740 5739
f 5741 5743 5742
f 5744 5746 5745
f 5747 5749 5748
f 5747 5750 5749
f 5747 5751 5750
f 5752 5754 5753
f 5755 5757 5756
f 5755 5758 5757
f 5755 5759 5758
f 5755 5760 5759
f 5782 5784 5783
f 5785 5787 5786
f 5785 5788 5787
f 5785 5789 5788
f 5790 5792 5791
f 5793 5795 5794
f 5793 5796 5795
f 5797 5799 5798
f 5800 5802 5801
f 5803 5805 5804
f 5806 5808 5807
f 5806 5809 5808
f 5810 5812 5811
f 5813 5815 5814
f 5816 5818 5817
f 5816 5819 5818
f 5820 5822 5821
f 5823 5825 5824
f 5877 5879 5878
f 5877 5880 5879
f 5877 5881 5880
f 5882 5884 5883
f 5885 5887 5886
f 5885 5888 5887
f 5885 5889 5888
f 5890 5892 5891
f 5890 5893 5892
f 5890 5894 5893
f 5890 5895 5894
f 5896 5898 5897
f 5899 5901 5900
f 5899 5902 5901
f 5903 5905 5904
f 5906 5908 5907
f 5906 5909 5908
f 5910 5912 5911
f 5910 5913 5912
f 5914 5916 5915
f 5917 5919 5918
f 5920 5922 5921
f 5923 5925 5924
f 5923 5926 5925
f 5927 5929 5928
f 5927 5930 5929
f 5931 5933 5932
f 5931 5934 5933
f 5935 5937 5936
f 5935 5938 5937
f 5939 5941 5940
f 5942 5944 5943
f 5942 5945 5944
f 5942 5946 5945
f 5942 5947 5946
f 5948 5950 5949
f 5948 5951 5950
f 5952 5954 5953
f 5952 5955 5954
f 5956 5958 5957
f 5956 5959 5958
f 5956 5960 5959
f 5956 5961 5960
f 5962 5964 5963
f 5962 5965 5964
f 5966 5968 5967
f 5966 5969 5968
f 5970 5972 5971
f 5973 5975 5974
f 5976 5978 5977
f 6044 6046 6045
f 6044 6047 6046
f 6044 6048 6047
f 6044 6049 6048
f 6050 6052 6051
f 6053 6055 6054
f 6053 6056 6055
f 6057 6059 6058
f 6060 6062 6061
f 6060 6063 6062
f 6060 6064 6063
f 6065 6067 6066
f 6068 6070 6069
f 6071 6073 6072
f 6071 6074 6073
f 6071 6075 6074
f 6071 6076 6075
f 6109 6111 6110
f 6112 6114 6113
f 6112 6115 6114
f 6116 6118 6117
f 6116 6119 6118
f 6120 6122 6121
f 6120 6123 6122
f 6124 6126 6125
f 6124 6127 6126
f 6124 6128 6127
f 6129 6131 6130
f 6129 6132 6131
f 6133 6135 6134
f 6136 6138 6137
f 6139 6141 6140
f 6142 6144 6143
f 6145 6147 6146
f 6145 6148 6147
f 6145 6149 6148
f 6145 6150 6149
f 6151 6153 6152
f 6154 6156 6155
f 6154 6157 6156
f 6158 6160 6159
f 6158 6161 6160
f 6162 6164 6163
f 6165 6167 6166
f 6214 6216 6215
f 6214 6217 6216
f 6218 6220 6219
f 6218 6221 6220
f 6222 6224 6223
f 6222 6225 6224
f 6226 6228 6227
f 6229 6231 6230
f 6229 6232 6231
f 6233 6235 6234
f 6233 6236 6235
f 6233 6237 6236
f 6238 6240 6239
f 6238 6241 6240
f 6242 6244 6243
f 6245 6247 6246
f 6245 6248 6247
f 6284 6286 6285
f 6284 6287 6286
f 6284 6288 6287
f 6289 6291 6290
f 6289 6292 6291
f 6293 6295 6294
f 6296 6298 6297
f 6296 6299 6298
f 6300 6302 6301
f 6300 6303 6302
f 6304 6306 6305
f 6304 6307 6306
f 6308 6310 6309
f 6308 6311 6310
f 6312 6314 6313
f 6312 6315 6314
f 6316 6318 6317
f 6316 6319 6318
f 6320 6322 6321
f 6323 6325 6324
f 6323 6326 6325
f 6327 6329 6328
f 6327 6330 6329
f 6331 6333 6332
f 6331 6334 6333
f 6331 6335 6334
f 6336 6338 6337
f 6405 6407 6406
f 6408 6410 6409
f 6411 6413 6412
f 6414 6416 6415
f 6414 6417 6416
f 6418 6420 6419
f 6418 6421 6420
f 6418 6422 6421
f 6418 6423 6422
f 6424 6426 6425
f 6427 6429 6428
f 6430 6432 6431
f 6430 6433 6432
f 6430 6434 6433
f 6430 6435 6434
f 6436 6438 6437
f 6439 6441 6440
f 6439 6442 6441
f 6443 6445 6444
f 6443 6446 6445
f 6447 6449 6448
f 6447 6450 6449
f 6451 6453 6452
f 6454 6456 6455
f 6454 6457 6456
f 6458 6460 6459
f 6461 6463 6462
f 6464 6466 6465
f 6464 6467 6466
f 6464 6468 6467
f 6464 6469 6468
f 6470 6472 6471
f 6473 6475 6474
f 6507 6509 6508
f 6510 6512 6511
f 6513 6515 6514
f 6516 6518 6517
f 6519 6521 6520
f 6522 6524 6523
f 6525 6527 6526
f 6525 6528 6527
f 6525 6529 6528
f 6525 6530 6529
f 6544 6546 6545
f 6547 6549 6548
f 6550 6552 6551
f 6553 6555 6554
f 6556 6558 6557
f 6559 6561 6560
f 6559 6562 6561
f 6559 6563 6562
f 6564 6566 6565
f 6567 6569 6568
f 6587 6589 6588
f 6587 6590 6589
f 6591 6593 6592
f 6594 6596 6595
f 6594 6597 6596
f 6598 6600 6599
f 6598 6601 6600
f 6598 6602 6601
f 6603 6605 6604
f 6606 6608 6607
f 6609 6611 6610
f 6609 6612 6611
f 6609 6613 6612
f 6609 6614 6613
f 6615 6617 6616
f 6615 6618 6617
f 6619 6621 6620
f 6674 6676 6675
f 6677 6679 6678
f 6680 6682 6681
f 6683 6685 6684
f 6683 6686 6685
f 6683 6687 6686
f 6688 6690 6689
f 6691 6693 6692
f 6694 6696 6695
f 6697 6699 6698
f 6700 6702 6701
f 6703 6705 6704
f 6706 6708 6707
f 6706 6709 6708
f 6710 6712 6711
f 6713 6715 6714
f 6716 6718 6717
f 6719 6721 6720
f 6719 6722 6721
f 6719 6723 6722
f 6724 6726 6725
f 6724 6727 6726
f 6724 6728 6727
f 6724 6729 6728
f 6730 6732 6731
f 6730 6733 6732
f 6734 6736 6735
f 6779 6781 6780
f 6779 6782 6781
f 6779 6783 6782
f 6784 6786 6785
f 6784 6787 6786
f 6788 6790 6789
f 6791 6793 6792
f 6794 6796 6795
f 6797 6799 6798
f 6797 6800 6799
f 6801 6803 6802
f 6801 6804 6803
f 6801 6805 6804
f 6806 6808 6807
f 6806 6809 6808
f 6810 6812 6811
f 6810 6813 6812
f 6814 6816 6815
f 6817 6819 6818
f 6820 6822 6821
f 6823 6825 6824
f 6823 6826 6825
f 6827 6829 6828
f 6830 6832 6831
f 6833 6835 6834
f 6836 6838 6837
f 6839 6841 6840
f 6839 6842 6841
f 6839 6843 6842
f 6887 6889 6888
f 6887 6890 6889
f 6887 6891 6890
f 6892 6894 6893
f 6892 6895 6894
f 6892 6896 6895
f 6897 6899 6898
f 6900 6902 6901
f 6900 6903 6902
f 6904 6906 6905
f 6907 6909 6908
f 6907 6910 6909
f 6911 6913 6912
f 6911 6914 6913
f 6915 6917 6916
f 6915 6918 6917
f 6927 6929 6928
f 6927 6930 6929
f 6931 6933 6932
f 6931 6934 6933
f 6935 6937 6936
f 6935 6938 6937
f 6939 6941 6940
f 6942 6944 6943
f 6942 6945 6944
f 6946 6948 6947
f 6949 6951 6950
f 6952 6954 6953
f 6952 6955 6954
f 6998 7000 6999
f 7001 7003 7002
f 7004 7006 7005
f 7007 7009 7008
f 7007 7010 7009
f 7011 7013 7012
f 7014 7016 7015
f 7017 7019 7018
f 7017 7020 7019
f 7017 7021 7020
f 7022 7024 7023
f 7022 7025 7024
f 7026 7028 7027
f 7026 7029 7028
f 7030 7032 7031
f 7030 7033 7032
f 7034 7036 7035
f 7037 7039 7038
f 7040 7042 7041
f 7040 7043 7042
f 7044 7046 7045
f 7044 7047 7046
f 7044 7048 7047
f 7044 7049 7048
f 7050 7052 7051
f 7053 7055 7054
f 7053 7056 7055
f 7057 7059 7058
f 7057 7060 7059
f 7061 7063 7062
f 7064 7066 7065
f 7064 7067 7066
f 7103 7105 7104
f 7106 7108 7107
f 7109 7111 7110
f 7109 7112 7111
f 7113 7115 7114
f 7116 7118 7117
f 7119 7121 7120
f 7119 7122 7121
f 7123 7125 7124
f 7123 7126 7125
f 7123 7127 7126
f 7123 7128 7127
f 7139 7141 7140
f 7142 7144 7143
f 7145 7147 7146
f 7145 7148 7147
f 7145 7149 7148
f 7150 7152 7151
f 7150 7153 7152
f 7154 7156 7155
f 7154 7157 7156
f 7158 7160 7159
f 7158 7161 7160
f 7162 7164 7163
f 7162 7165 7164
f 7166 7168 7167
f 7169 7171 7170
f 7172 7174 7173
f 7172 7175 7174
f 7172 7176 7175
f 7189 7191 7190
f 7192 7194 7193
f 7195 7197 7196
f 7198 7200 7199
f 7201 7203 7202
f 7204 7206 7205
f 7204 7207 7206
f 7204 7208 7207
f 7215 7217 7216
f 7215 7218 7217
f 7219 7221 7220
f 7222 7224 7223
f 7225 7227 7226
f 7225 7228 7227
f 7225 7229 7228
f 7230 7232 7231
f 7233 7235 7234
f 7240 7242 7241
f 7243 7245 7244
f 7243 7246 7245
f 7243 7247 7246
f 7248 7250 7249
f 7251 7253 7252
f 7254 7256 7255
f 7257 7259 7258
f 7257 7260 7259
f 7257 7261 7260
f 7262 7264 7263
f 7265 7267 7266
f 7268 7270 7269
f 7271 7273 7272
f 7292 7294 7293
f 7292 7295 7294
f 7296 7298 7297
f 7296 7299 7298
f 7300 7302 7301
f 7300 7303 7302
f 7304 7306 7305
f 7304 7307 7306
f 7308 7310 7309
f 7308 7311 7310
f 7308 7312 7311
f 7308 7313 7312
f 7314 7316 7315
f 7317 7319 7318
f 7374 7376 7375
f 7374 7377 7376
f 7374 7378 7377
f 7379 7381 7380
f 7382 7384 7383
f 7385 7387 7386
f 7388 7390 7389
f 7388 7391 7390
f 7392 7394 7393
f 7395 7397 7396
f 7395 7398 7397
f 7395 7399 7398
f 7400 7402 7401
f 7400 7403 7402
f 7404 7406 7405
f 7407 7409 7408
f 7407 7410 7409
f 7411 7413 7412
f 7411 7414 7413
f 7415 7417 7416
f 7415 7418 7417
f 7419 7421 7420
f 7422 7424 7423
f 7425 7427 7426
f 7428 7430 7429
f 7431 7433 7432
f 7434 7436 7435
f 7437 7439 7438
f 7437 7440 7439
f 7471 7473 7472
f 7474 7476 7475
f 7477 7479 7478
f 7480 7482 7481
f 7483 7485 7484
f 7483 7486 7485
f 7487 7489 7488
f 7490 7492 7491
f 7493 7495 7494
f 7493 7496 7495
f 7509 7511 7510
f 7509 7512 7511
f 7513 7515 7514
f 7516 7518 7517
f 7519 7521 7520
f 7522 7524 7523
f 7525 7527 7526
f 7525 7528 7527
f 7529 7531 7530
f 7532 7534 7533
f 7532 7535 7534
f 7536 7538 7537
f 7539 7541 7540
f 7542 7544 7543
f 7542 7545 7544
f 7542 7546 7545
f 7542 7547 7546
f 7548 7550 7549
f 7551 7553 7552
f 7551 7554 7553
f 7551 7555 7554
f 7556 7558 7557
f 7559 7561 7560
f 7562 7564 7563
f 7565 7567 7566
f 7568 7570 7569
f 7571 7573 7572
f 7574 7576 7575
f 7577 7579 7578
f 7577 7580 7579
f 7581 7583 7582
f 7584 7586 7585
f 7587 7589 7588
f 7637 7639 7638
f 7637 7640 7639
f 7641 7643 7642
f 7644 7646 7645
f 7647 7649 7648
f 7647 7650 7649
f 7651 7653 7652
f 7654 7656 7655
f 7654 7657 7656
f 7658 7660 7659
f 7661 7663 7662
f 7661 7664 7663
f 7665 7667 7666
f 7665 7668 7667
f 7665 7669 7668
f 7670 7672 7671
f 7673 7675 7674
f 7676 7678 7677
f 7679 7681 7680
f 7732 7734 7733
f 7735 7737 7736
f 7735 7738 7737
f 7739 7741 7740
f 7742 7744 7743
f 7765 7767 7766
f 7768 7770 7769
f 7771 7773 7772
f 7771 7774 7773
f 7775 7777 7776
f 7778 7780 7779
f 7781 7783 7782
f 7781 7784 7783
f 7781 7785 7784
f 7786 7788 7787
f 7789 7791 7790
f 7792 7794 7793
f 7795 7797 7796
f 7798 7800 7799
f 7801 7803 7802
f 7804 7806 7805
f 7804 7807 7806
f 7808 7810 7809
f 7808 7811 7810
f 7812 7814 7813
f 7815 7817 7816
f 7818 7820 7819
f 7821 7823 7822
f 7824 7826 7825
f 7827 7829 7828
f 7827 7830 7829
f 7827 7831 7830
f 7832 7834 7833
f 7832 7835 7834
f 7836 7838 7837
f 7839 7841 7840
f 7842 7844 7843
f 7842 7845 7844
f 7879 7881 7880
f 7882 7884 7883
f 7885 7887 7886
f 7885 7888 7887
f 7889 7891 7890
f 7892 7894 7893
f 7892 7895 7894
f 7896 7898 7897
f 7899 7901 7900
f 7899 7902 7901
f 7899 7903 7902
f 7904 7906 7905
f 7922 7924 7923
f 7925 7927 7926
f 7928 7930 7929
f 7928 7931 7930
f 7932 7934 7933
f 7935 7937 7936
f 7935 7938 7937
f 7939 7941 7940
f 7942 7944 7943
f 7942 7945 7944
f 7946 7948 7947
f 7949 7951 7950
f 7952 7954 7953
f 7952 7955 7954
f 7952 7956 7955
f 7957 7959 7958
f 7960 7962 7961
f 8032 8034 8033
f 8035 8037 8036
f 8038 8040 8039
f 8038 8041 8040
f 8042 8044 8043
f 8045 8047 8046
f 8045 8048 8047
f 8049 8051 8050
f 8052 8054 8053
f 8052 8055 8054
f 8052 8056 8055
f 8052 8057 8056
f 8058 8060 8059
f 8061 8063 8062
f 8064 8066 8065
f 8067 8069 8068
f 8067 8070 8069
f 8071 8073 8072
f 8071 8074 8073
f 8075 8077 8076
f 8075 8078 8077
f 8079 8081 8080
f 8079 8082 8081
f 8083 8085 8084
f 8083 8086 8085
f 8083 8087 8086
f 8083 8088 8087
f 8089 8091 8090
f 8092 8094 8093
f 8152 8154 8153
f 8155 8157 8156
f 8155 8158 8157
f 8159 8161 8160
f 8162 8164 8163
f 8165 8167 8166
f 8165 8168 8167
f 8165 8169 8168
f 8165 8170 8169
f 8171 8173 8172
f 8174 8176 8175
f 8177 8179 8178
f 8177 8180 8179
f 8181 8183 8182
f 8181 8184 8183
f 8185 8187 8186
f 8188 8190 8189
f 8188 8191 8190
f 8192 8194 8193
f 8195 8197 8196
f 8195 8198 8197
f 8199 8201 8200
f 8212 8214 8213
f 8215 8217 8216
f 8218 8220 8219
f 8218 8221 8220
f 8218 8222 8221
f 8223 8225 8224
f 8226 8228 8227
f 8226 8229 8228
f 8226 8230 8229
f 8226 8231 8230
f 8263 8265 8264
f 8263 8266 8265
f 8267 8269 8268
f 8270 8272 8271
f 8273 8275 8274
f 8273 8276 8275
f 8277 8279 8278
f 8280 8282 8281
f 8287 8289 8288
f 8287 8290 8289
f 8287 8291 8290
f 8287 8292 8291
f 8293 8295 8294
f 8296 8298 8297
f 8299 8301 8300
f 8302 8304 8303
f 8305 8307 8306
f 8308 8310 8309
f 8308 8311 8310
f 8312 8314 8313
f 8312 8315 8314
f 8316 8318 8317
f 8319 8321 8320
f 8319 8322 8321
f 8319 8323 8322
f 8319 8324 8323
f 8354 8356 8355
f 8354 8357 8356
f 8358 8360 8359
f 8361 8363 8362
f 8361 8364 8363
f 8361 8365 8364
f 8366 8368 8367
f 8366 8369 8368
f 8370 8372 8371
f 8373 8375 8374
f 8373 8376 8375
f 8373 8377 8376
f 8373 8378 8377
f 8379 8381 8380
f 8382 8384 8383
f 8409 8411 8410
f 8412 8414 8413
f 8415 8417 8416
f 8415 8418 8417
f 8415 8419 8418
f 8415 8420 8419
f 8421 8423 8422
f 8424 8426 8425
f 8424 8427 8426
f 8424 8428 8427
f 8429 8431 8430
f 8432 8434 8433
f 8432 8435 8434
f 8436 8438 8437
f 8436 8439 8438
f 8440 8442 8441
f 8443 8445 8444
f 8446 8448 8447
f 8479 8481 8480
f 8479 8482 8481
f 8479 8483 8482
f 8484 8486 8485
f 8487 8489 8488
f 8490 8492 8491
f 8490 8493 8492
f 8490 8494 8493
f 8495 8497 8496
f 8504 8506 8505
f 8507 8509 8508
f 8510 8512 8511
f 8513 8515 8514
f 8513 8516 8515
f 8517 8519 8518
f 8527 8529 8528
f 8527 8530 8529
f 8527 8531 8530
f 8535 8537 8536
f 8535 8538 8537
f 8535 8539 8538
f 8577 8579 8578
f 8577 8580 8579
f 8577 8581 8580
f 8582 8584 8583
f 8585 8587 8586
f 8585 8588 8587
f 8589 8591 8590
f 8592 8594 8593
f 8595 8597 8596
f 8598 8600 8599
f 8601 8603 8602
f 8604 8606 8605
f 8607 8609 8608
f 8610 8612 8611
f 8613 8615 8614
f 8616 8618 8617
f 8616 8619 8618
f 8620 8622 8621
f 8620 8623 8622
f 8624 8626 8625
f 8627 8629 8628
f 8630 8632 8631
f 8630 8633 8632
f 8630 8634 8633
f 8635 8637 8636
f 8638 8640 8639
f 8657 8659 8658
f 8660 8662 8661
f 8663 8665 8664
f 8663 8666 8665
f 8667 8669 8668
f 8670 8672 8671
f 8673 8675 8674
f 8673 8676 8675
f 8689 8691 8690
f 8689 8692 8691
f 8693 8695 8694
f 8696 8698 8697
f 8699 8701 8700
f 8702 8704 8703
f 8702 8705 8704
f 8702 8706 8705
f 8707 8709 8708
f 8707 8710 8709
f 8707 8711 8710
f 8712 8714 8713
f 8712 8715 8714
f 8716 8718 8717
f 8719 8721 8720
f 8719 8722 8721
f 8723 8725 8724
f 8762 8764 8763
f 8765 8767 8766
f 8768 8770 8769
f 8771 8773 8772
f 8774 8776 8775
f 8774 8777 8776
f 8774 8778 8777
f 8774 8779 8778
f 8780 8782 8781
f 8780 8783 8782
f 8784 8786 8785
f 8784 8787 8786
f 8788 8790 8789
f 8788 8791 8790
f 8792 8794 8793
f 8795 8797 8796
f 8795 8798 8797
f 8799 8801 8800
f 8802 8804 8803
f 8805 8807 8806
f 8808 8810 8809
f 8811 8813 8812
f 8811 8814 8813
f 8811 8815 8814
f 8816 8818 8817
f 8816 8819 8818
f 8816 8820 8819
f 8821 8823 8822
f 8824 8826 8825
f 8879 8881 8880
f 8879 8882 8881
f 8883 8885 8884
f 8886 8888 8887
f 8889 8891 8890
f 8892 8894 8893
f 8895 8897 8896
f 8895 8898 8897
f 8899 8901 8900
f 8899 8902 8901
f 8903 8905 8904
f 8903 8906 8905
f 8907 8909 8908
f 8910 8912 8911
f 8910 8913 8912
f 8914 8916 8915
f 8917 8919 8918
f 8920 8922 8921
f 8923 8925 8924
f 8923 8926 8925
f 8923 8927 8926
f 8923 8928 8927
f 8953 8955 8954
f 8956 8958 8957
f 8959 8961 8960
f 8962 8964 8963
f 8965 8967 8966
f 8965 8968 8967
f 8965 8969 8968
f 8970 8972 8971
f 8970 8973 8972
f 8974 8976 8975
f 8974 8977 8976
f 8978 8980 8979
f 8978 8981 8980
f 8982 8984 8983
f 8982 8985 8984
f 8982 8986 8985
f 8987 8989 8988
f 8990 8992 8991
f 8993 8995 8994
f 8996 8998 8997
f 8996 8999 8998
f 8996 9000 8999
f 9001 9003 9002
f 9055 9057 9056
f 9055 9058 9057
f 9059 9061 9060
f 9062 9064 9063
f 9062 9065 9064
f 9062 9066 9065
f 9062 9067 9066
f 9068 9070 9069
f 9071 9073 9072
f 9071 9074 9073
f 9075 9077 9076
f 9078 9080 9079
f 9078 9081 9080
f 9082 9084 9083
f 9082 9085 9084
f 9086 9088 9087
f 9089 9091 9090
f 9092 9094 9093
f 9092 9095 9094
f 9096 9098 9097
f 9096 9099 9098
f 9131 9133 9132
f 9134 9136 9135
f 9137 9139 9138
f 9140 9142 9141
f 9140 9143 9142
f 9144 9146 9145
f 9147 9149 9148
f 9150 9152 9151
f 9150 9153 9152
f 9150 9154 9153
f 9160 9162 9161
f 9163 9165 9164
f 9166 9168 9167
f 9169 9171 9170
f 9172 9174 9173
f 9175 9177 9176
f 9178 9180 9179
f 9178 9181 9180
f 9198 9200 9199
f 9201 9203 9202
f 9201 9204 9203
f 9201 9205 9204
f 9201 9206 9205
f 9207 9209 9208
f 9207 9210 9209
f 9211 9213 9212
f 9214 9216 9215
f 9214 9217 9216
f 9214 9218 9217
f 9219 9221 9220
f 9252 9254 9253
f 9255 9257 9256
f 9255 9258 9257
f 9255 9259 9258
f 9255 9260 9259
f 9261 9263 9262
f 9264 9266 9265
f 9267 9269 9268
f 9267 9270 9269
f 9271 9273 9272
f 9274 9276 9275
f 9274 9277 9276
f 9274 9278 9277
f 9279 9281 9280
f 9279 9282 9281
f 9279 9283 9282
f 9279 9284 9283
f 9285 9287 9286
f 9288 9290 9289
f 9331 9333 9332
f 9334 9336 9335
f 9337 9339 9338
f 9337 9340 9339
f 9341 9343 9342
f 9344 9346 9345
f 9347 9349 9348
f 9350 9352 9351
f 9353 9355 9354
f 9356 9358 9357
f 9359 9361 9360
f 9359 9362 9361
f 9359 9363 9362
f 9359 9364 9363
f 9381 9383 9382
f 9384 9386 9385
f 9387 9389 9388
f 9390 9392 9391
f 9393 9395 9394
f 9396 9398 9397
f 9396 9399 9398
f 9396 9400 9399
f 9401 9403 9402
f 9404 9406 9405
f 9423 9425 9424
f 9426 9428 9427
f 9429 9431 9430
f 9432 9434 9433
f 9432 9435 9434
f 9432 9436 9435
f 9463 9465 9464
f 9463 9466 9465
f 9467 9469 9468
f 9470 9472 9471
f 9473 9475 9474
f 9476 9478 9477
f 9476 9479 9478
f 9476 9480 9479
f 9481 9483 9482
f 9484 9486 9485
f 9487 9489 9488
f 9490 9492 9491
f 9490 9493 9492
f 9490 9494 9493
f 9490 9495 9494
f 9496 9498 9497
f 9515 9517 9516
f 9518 9520 9519
f 9518 9521 9520
f 9522 9524 9523
f 9525 9527 9526
f 9528 9530 9529
f 9528 9531 9530
f 9532 9534 9533
f 9535 9537 9536
f 9538 9540 9539
f 9557 9559 9558
f 9557 9560 9559
f 9561 9563 9562
f 9561 9564 9563
f 9565 9567 9566
f 9565 9568 9567
f 9569 9571 9570
f 9569 9572 9571
f 9569 9573 9572
f 9574 9576 9575
f 9574 9577 9576
f 9574 9578 9577
f 9574 9579 9578
f 9580 9582 9581
f 9580 9583 9582
f 9584 9586 9585
f 9637 9639 9638
f 9637 9640 9639
f 9641 9643 9642
f 9644 9646 9645
f 9647 9649 9648
f 9647 9650 9649
f 9651 9653 9652
f 9651 9654 9653
f 9651 9655 9654
f 9656 9658 9657
f 9659 9661 9660
f 9662 9664 9663
f 9662 9665 9664
f 9666 9668 9667
f 9666 9669 9668
f 9670 9672 9671
f 9673 9675 9674
f 9673 9676 9675
f 9673 9677 9676
f 9678 9680 9679
f 9689 9691 9690
f 9692 9694 9693
f 9695 9697 9696
f 9698 9700 9699
f 9701 9703 9702
f 9701 9704 9703
f 9701 9705 9704
f 9706 9708 9707
f 9706 9709 9708
f 9710 9712 9711
f 9713 9715 9714
f 9713 9716 9715
f 9745 9747 9746
f 9748 9750 9749
f 9751 9753 9752
f 9754 9756 9755
f 9757 9759 9758
f 9760 9762 9761
f 9763 9765 9764
f 9763 9766 9765
f 9779 9781 9780
f 9782 9784 9783
f 9785 9787 9786
f 9788 9790 9789
f 9791 9793 9792
f 9794 9796 9795
f 9797 9799 9798
f 9797 9800 9799
f 9797 9801 9800
f 9802 9804 9803
f 9802 9805 9804
f 9806 9808 9807
f 9809 9811 9810
f 9809 9812 9811
f 9813 9815 9814
f 9816 9818 9817
f 9819 9821 9820
f 9822 9824 9823
f 9822 9825 9824
f 9826 9828 9827
f 9829 9831 9830
f 9859 9861 9860
f 9862 9864 9863
f 9862 9865 9864
f 9866 9868 9867
f 9869 9871 9870
f 9869 9872 9871
f 9869 9873 9872
f 9874 9876 9875
f 9886 9888 9887
f 9889 9891 9890
f 9889 9892 9891
f 9893 9895 9894
f 9896 9898 9897
f 9899 9901 9900
f 9899 9902 9901
f 9903 9905 9904
f 9903 9906 9905
f 9907 9909 9908
f 9910 9912 9911
f 9913 9915 9914
f 9916 9918 9917
f 9919 9921 9920
f 9922 9924 9923
f 9922 9925 9924
f 9922 9926 9925
f 9927 9929 9928
f 9956 9958 9957
f 9959 9961 9960
f 9959 9962 9961
f 9959 9963 9962
f 9964 9966 9965
f 9964 9967 9966
f 9968 9970 9969
f 9971 9973 9972
f 9983 9985 9984
f 9986 9988 9987
f 9986 9989 9988
f 9990 9992 9991
f 9993 9995 9994
f 9993 9996 9995
f 9997 9999 9998
f 10000 10002 10001
f 10000 10003 10002
f 10004 10006 10005
f 10004 10007 10006
f 10008 10010 10009
f 10008 10011 10010
f 10012 10014 10013
f 10015 10017 10016
f 10015 10018 10017
f 10019 10021 10020
f 10022 10024 10023
f 10022 10025 10024
f 10022 10026 10025
f 10022 10027 10026
f 10078 10080 10079
f 10081 10083 10082
f 10084 10086 10085
f 10084 10087 10086
f 10088 10090 10089
f 10088 10091 10090
f 10088 10092 10091
f 10088 10093 10092
f 10094 10096 10095
f 10097 10099 10098
f 10100 10102 10101
f 10100 10103 10102
f 10104 10106 10105
f 10107 10109 10108
f 10107 10110 10109
f 10111 10113 10112
f 10111 10114 10113
f 10115 10117 10116
f 10115 10118 10117
f 10119 10121 10120
f 10119 10122 10121
f 10123 10125 10124
f 10123 10126 10125
f 10127 10129 10128
f 10127 10130 10129
f 10131 10133 10132
f 10131 10134 10133
f 10135 10137 10136
f 10135 10138 10137
f 10139 10141 10140
f 10139 10142 10141
f 10143 10145 10144
f 10143 10146 10145
f 10147 10149 10148
f 10147 10150 10149
f 10151 10153 10152
f 10151 10154 10153
f 10155 10157 10156
f 10155 10158 10157
f 10159 10161 10160
f 10159 10162 10161
f 10163 10165 10164
f 10163 10166 10165
f 10167 10169 10168
f 10167 10170 10169
f 10171 10173 10172
f 10171 10174 10173
f 10175 10177 10176
f 10175 10178 10177
f 10179 10181 10180
f 10182 10184 10183
f 10182 10185 10184
f 10186 10188 10187
f 10189 10191 10190
f 10189 10192 10191
f 10189 10193 10192
f 10194 10196 10195
f 10197 10199 10198
f 10197 10200 10199
f 10201 10203 10202
f 10201 10204 10203
f 10201 10205 10204
f 10244 10246 10245
f 10278 10280 10279
f 10281 10283 10282
f 10281 10284 10283
f 10281 10285 10284
f 10281 10286 10285
f 10287 10289 10288
f 10287 10290 10289
f 10287 10291 10290
f 10292 10294 10293
f 10295 10297 10296
f 10295 10298 10297
f 10299 10301 10300
f 10302 10304 10303
f 10302 10305 10304
f 10302 10306 10305
f 10307 10309 10308
f 10307 10310 10309
f 10311 10313 10312
f 10311 10314 10313
f 10315 10317 10316
f 10315 10318 10317
f 10319 10321 10320
f 10319 10322 10321
f 10323 10325 10324
f 10323 10326 10325
f 10327 10329 10328
f 10327 10330 10329
f 10331 10333 10332
f 10331 10334 10333
f 10335 10337 10336
f 10335 10338 10337
f 10339 10341 10340
f 10339 10342 10341
f 10343 10345 10344
f 10343 10346 10345
f 10347 10349 10348
f 10347 10350 10349
f 10351 10353 10352
f 10351 10354 10353
f 10355 10357 10356
f 10355 10358 10357
f 10359 10361 10360
f 10359 10362 10361
f 10363 10365 10364
f 10363 10366 10365
f 10367 10369 10368
f 10367 10370 10369
f 10371 10373 10372
f 10371 10374 10373
f 10375 10377 10376
f 10378 10380 10379
f 10378 10381 10380
f 10378 10382 10381
f 10383 10385 10384
f 10418 10420 10419
f 10418 10421 10420
f 10422 10424 10423
f 10422 10425 10424
f 10422 10426 10425
f 10427 10429 10428
f 10427 10430 10429
f 10431 10433 10432
f 10431 10434 10433
f 10431 10435 10434
f 10436 10438 10437
f 10468 10470 10469
f 10468 10471 10470
f 10472 10474 10473
f 10472 10475 10474
f 10472 10476 10475
f 10472 10477 10476
f 10478 10480 10479
f 10481 10483 10482
f 10484 10486 10485
f 10487 10489 10488
f 10487 10490 10489
f 10487 10491 10490
f 10492 10494 10493
f 10495 10497 10496
f 10495 10498 10497
f 10495 10499 10498
f 10500 10502 10501
f 10503 10505 10504
f 10518 10520 10519
f 10521 10523 10522
f 10521 10524 10523
f 10525 10527 10526
f 10528 10530 10529
f 10531 10533 10532
f 10531 10534 10533
f 10531 10535 10534
f 10536 10538 10537
f 10539 10541 10540
f 10539 10542 10541
f 10543 10545 10544
f 10546 10548 10547
f 10577 10579 10578
f 10580 10582 10581
f 10580 10583 10582
f 10584 10586 10585
f 10584 10587 10586
f 10588 10590 10589
f 10591 10593 10592
f 10594 10596 10595
f 10597 10599 10598
f 10597 10600 10599
f 10597 10601 10600
f 10622 10624 10623
f 10622 10625 10624
f 10622 10626 10625
f 10627 10629 10628
f 10627 10630 10629
f 10627 10631 10630
f 10632 10634 10633
f 10635 10637 10636
f 10635 10638 10637
f 10639 10641 10640
f 10642 10644 10643
f 10642 10645 10644
f 10642 10646 10645
f 10647 10649 10648
f 10647 10650 10649
f 10651 10653 10652
f 10685 10687 10686
f 10688 10690 10689
f 10688 10691 10690
f 10688 10692 10691
f 10688 10693 10692
f 10694 10696 10695
f 10697 10699 10698
f 10700 10702 10701
f 10719 10721 10720
f 10722 10724 10723
f 10722 10725 10724
f 10726 10728 10727
f 10726 10729 10728
f 10726 10730 10729
f 10731 10733 10732
f 10734 10736 10735
f 10734 10737 10736
f 10734 10738 10737
f 10739 10741 10740
f 10742 10744 10743
f 10745 10747 10746
f 10748 10750 10749
f 10777 10779 10778
f 10777 10780 10779
f 10777 10781 10780
f 10782 10784 10783
f 10782 10785 10784
f 10786 10788 10787
f 10786 10789 10788
f 10790 10792 10791
f 10793 10795 10794
f 10793 10796 10795
f 10793 10797 10796
f 10793 10798 10797
f 10825 10827 10826
f 10825 10828 10827
f 10829 10831 10830
f 10829 10832 10831
f 10829 10833 10832
f 10829 10834 10833
f 10835 10837 10836
f 10835 10838 10837
f 10835 10839 10838
f 10835 10840 10839
f 10841 10843 10842
f 10844 10846 10845
f 10847 10849 10848
f 10850 10852 10851
f 10850 10853 10852
f 10854 10856 10855
f 10889 10891 10890
f 10892 10894 10893
f 10892 10895 10894
f 10896 10898 10897
f 10899 10901 10900
f 10899 10902 10901
f 10899 10903 10902
f 10899 10904 10903
f 10905 10907 10906
f 10927 10929 10928
f 10927 10930 10929
f 10927 10931 10930
f 10932 10934 10933
f 10935 10937 10936
f 10938 10940 10939
f 10938 10941 10940
f 10938 10942 10941
f 10943 10945 10944
f 10946 10948 10947
f 10949 10951 10950
f 10949 10952 10951
f 10949 10953 10952
f 10949 10954 10953
f 10955 10957 10956
f 10988 10990 10989
f 10991 10993 10992
f 10991 10994 10993
f 10995 10997 10996
f 10995 10998 10997
f 10995 10999 10998
f 10995 11000 10999
f 11001 11003 11002
f 11001 11004 11003
f 11005 11007 11006
f 11008 11010 11009
f 11011 11013 11012
f 11014 11016 11015
f 11039 11041 11040
f 11039 11042 11041
f 11043 11045 11044
f 11043 11046 11045
f 11047 11049 11048
f 11047 11050 11049
f 11047 11051 11050
f 11047 11052 11051
f 11053 11055 11054
f 11053 11056 11055
f 11053 11057 11056
f 11053 11058 11057
f 11059 11061 11060
f 11059 11062 11061
f 11063 11065 11064
f 11066 11068 11067
f 11069 11071 11070
f 11069 11072 11071
f 11109 11111 11110
f 11112 11114 11113
f 11115 11117 11116
f 11118 11120 11119
f 11121 11123 11122
f 11124 11126 11125
f 11127 11129 11128
f 11127 11130 11129
f 11127 11131 11130
f 11127 11132 11131
f 11151 11153 11152
f 11154 11156 11155
f 11154 11157 11156
f 11154 11158 11157
f 11159 11161 11160
f 11162 11164 11163
f 11162 11165 11164
f 11162 11166 11165
f 11162 11167 11166
f 11168 11170 11169
f 11168 11171 11170
f 11168 11172 11171
f 11173 11175 11174
f 11176 11178 11177
f 11179 11181 11180
f 11182 11184 11183
f 11185 11187 11186
f 11216 11218 11217
f 11219 11221 11220
f 11219 11222 11221
f 11223 11225 11224
f 11226 11228 11227
f 11229 11231 11230
f 11229 11232 11231
f 11229 11233 11232
f 11229 11234 11233
f 11235 11237 11236
f 11260 11262 11261
f 11260 11263 11262
f 11260 11264 11263
f 11260 11265 11264
f 11266 11268 11267
f 11269 11271 11270
f 11269 11272 11271
f 11269 11273 11272
f 11274 11276 11275
f 11277 11279 11278
f 11277 11280 11279
f 11277 11281 11280
f 11277 11282 11281
f 11283 11285 11284
f 11286 11288 11287
f 11289 11291 11290
f 11289 11292 11291
f 11293 11295 11294
f 11293 11296 11295
f 11330 11332 11331
f 11330 11333 11332
f 11334 11336 11335
f 11334 11337 11336
f 11338 11340 11339
f 11341 11343 11342
f 11344 11346 11345
f 11344 11347 11346
f 11344 11348 11347
f 11349 11351 11350
f 11352 11354 11353
f 11355 11357 11356
f 11385 11387 11386
f 11385 11388 11387
f 11389 11391 11390
f 11389 11392 11391
f 11389 11393 11392
f 11389 11394 11393
f 11395 11397 11396
f 11398 11400 11399
f 11398 11401 11400
f 11402 11404 11403
f 11405 11407 11406
f 11408 11410 11409
f 11408 11411 11410
f 11438 11440 11439
f 11438 11441 11440
f 11442 11444 11443
f 11496 11498 11497
f 11499 11501 11500
f 11499 11502 11501
f 11499 11503 11502
f 11504 11506 11505
f 11504 11507 11506
f 11504 11508 11507
f 11504 11509 11508
f 11510 11512 11511
f 11510 11513 11512
f 11514 11516 11515
f 11517 11519 11518
