v  -30.5 0 42.66667
v  -42.66667 0 42.66667
v  -42.66667 0 30.5
v  -30.5 0 30.5
v  -42.66667 0 42.66667
v  -85.33334 0 42.66667
v  -85.33334 0 30.5
v  -42.66667 0 30.5
v  -85.33334 0 42.66667
v  -128 0 42.66667
v  -128 0 30.5
v  -85.33334 0 30.5
v  -128 0 42.66667
v  -170.6667 0 42.66667
v  -170.6667 0 30.5
v  -128 0 30.5
v  -170.6667 0 42.66667
v  -213.3333 0 42.66667
v  -213.3333 0 30.5
v  -170.6667 0 30.5
v  -213.3333 0 42.66667
v  -256 0 42.66667
v  -256 0 30.5
v  -213.3333 0 30.5
v  -256 0 42.66667
v  -298.6667 0 42.66667
v  -298.6667 0 30.5
v  -256 0 30.5
v  -298.6667 0 42.66667
v  -341.3333 0 42.66667
v  -341.3333 0 30.5
v  -298.6667 0 30.5
v  -341.3333 0 42.66667
v  -384 0 42.66667
v  -384 0 30.5
v  -341.3333 0 30.5
v  -384 0 42.66667
v  -426.6667 0 42.66667
v  -426.6667 0 30.5
v  -384 0 30.5
v  -426.6667 0 42.66667
v  -469.3333 0 42.66667
v  -469.3333 0 30.5
v  -426.6667 0 30.5
v  -469.3333 0 42.66667
v  -512 0 42.66667
v  -512 0 30.5
v  -469.3333 0 30.5
v  -512 0 42.66667
v  -554.6667 0 42.66667
v  -554.6667 0 30.5
v  -512 0 30.5
v  -554.6667 0 42.66667
v  -597.3334 0 42.66667
v  -597.3334 0 30.5
v  -554.6667 0 30.5
v  -597.3334 0 42.66667
v  -640.0001 0 42.66667
v  -640.0001 0 30.5
v  -597.3334 0 30.5
v  -640 0 42.66667
v  -682.6667 0 42.66667
v  -682.6667 0 30.5
v  -640 0 30.5
v  -682.6667 0 42.66667
v  -725.3334 0 42.66667
v  -725.3334 0 30.5
v  -682.6667 0 30.5
v  -757.8334 0 42.66667
v  -768.0001 0 42.66667
v  -768.0001 0 30.5
v  -757.6667 0 42.66667
v  -757.8334 0 42.66667
v  -768.0001 0 30.5
v  -757.6667 0 42.66667
v  -768.0001 0 30.5
v  -725.3334 0 30.5
v  -725.3334 0 42.66667
v  -786.1667 0 42.66667
v  -786.3333 0 42.66667
v  -786.8333 0 42.16667
v  -792.8333 0 41
v  -794.1667 0 42.66667
v  -794.3333 0 42.66667
v  -792.8333 0 41
v  -794.3333 0 42.66667
v  -810.6667 0 42.66667
v  -810.6667 0 30.5
v  -768 0 42.66667
v  -786.1667 0 42.66667
v  -786.8333 0 42.16667
v  -790.8333 0 41
v  -792.8333 0 41
v  -810.6667 0 30.5
v  -768 0 30.5
v  -768 0 42.66667
v  -786.8333 0 42.16667
v  -790.8333 0 41
v  -810.6667 0 30.5
v  -794.1667 0 42.66667
v  -792.8333 0 41
v  -790.8333 0 41
v  -786.8333 0 42.16667
v  -786.3333 0 42.66667
v  -810.6667 0 42.66667
v  -853.3334 0 42.66667
v  -853.3334 0 30.5
v  -810.6667 0 30.5
v  -853.3334 0 42.66667
v  -869.3334 0 42.66667
v  -869.3334 0 30.5
v  -853.3334 0 30.5
v  -37 0 82.66667
v  -42.16667 0 85.33334
v  -42.5 0 85.33334
v  -37 0 82.66667
v  -42.5 0 85.33334
v  -42.66667 0 85.33334
v  -42.66667 0 42.66667
v  -37 0 82.66667
v  -42.66667 0 42.66667
v  -30.5 0 42.66667
v  -30.5 0 82.66667
v  -35.33334 0 85.33334
v  -37 0 82.66667
v  -30.5 0 82.66667
v  -30.5 0 85.33334
v  -35.33334 0 85.33334
v  -42.16667 0 85.33334
v  -37 0 82.66667
v  -63.66667 0 85.33334
v  -64.16667 0 85.33334
v  -68.33334 0 83.5
v  -68.33334 0 83.5
v  -73.66667 0 83.66667
v  -80.16667 0 79.33334
v  -42.66667 0 85.33334
v  -63.66667 0 85.33334
v  -68.33334 0 83.5
v  -80.16667 0 79.33334
v  -85.33334 0 80.83334
v  -85.33334 0 42.66667
v  -42.66667 0 85.33334
v  -68.33334 0 83.5
v  -80.16667 0 79.33334
v  -85.33334 0 42.66667
v  -42.66667 0 42.66667
v  -85.33334 0 85.33334
v  -85.33334 0 80.83334
v  -80.16667 0 79.33334
v  -73.66667 0 83.66667
v  -73.66667 0 83.66667
v  -68.33334 0 83.5
v  -64.16667 0 85.33334
v  -85.33334 0 85.33334
v  -85.33334 0 80.83334
v  -88 0 81.66667
v  -92.33334 0 82.33334
v  -121.6667 0 75.66667
v  -124.8333 0 79
v  -128 0 80.16667
v  -128 0 42.66667
v  -115.8333 0 65.16667
v  -118.8333 0 71.5
v  -105.3333 0 79.83334
v  -108.3333 0 76.33334
v  -110.3333 0 71.33334
v  -85.33334 0 80.83334
v  -92.33334 0 82.33334
v  -98.83334 0 82.33334
v  -85.33334 0 80.83334
v  -110.3333 0 71.33334
v  -112.8333 0 67.16667
v  -112.8333 0 67.16667
v  -114.6667 0 65
v  -128 0 42.66667
v  -85.33334 0 42.66667
v  -85.33334 0 80.83334
v  -114.6667 0 65
v  -115.8333 0 65.16667
v  -128 0 42.66667
v  -128 0 80.33334
v  -128 0 80.16667
v  -124.8333 0 79
v  -115.8333 0 65.16667
v  -114.6667 0 65
v  -112.8333 0 67.16667
v  -110.3333 0 71.33334
v  -108.3333 0 76.33334
v  -118.8333 0 71.5
v  -88 0 81.66667
v  -85.33334 0 80.83334
v  -85.33334 0 85.33334
v  -128 0 85.33334
v  -128 0 80.33334
v  -124.8333 0 79
v  -98.83334 0 82.33334
v  -92.33334 0 82.33334
v  -85.33334 0 85.33334
v  -128 0 85.33334
v  -92.33334 0 82.33334
v  -88 0 81.66667
v  -85.33334 0 85.33334
v  -121.6667 0 75.66667
v  -118.8333 0 71.5
v  -108.3333 0 76.33334
v  -105.3333 0 79.83334
v  -128 0 85.33334
v  -124.8333 0 79
v  -121.6667 0 75.66667
v  -105.3333 0 79.83334
v  -98.83334 0 82.33334
v  -168.6667 0 77.33334
v  -170.6667 0 76.5
v  -170.6667 0 76.33334
v  -128 0 80.16667
v  -128 0 80.33334
v  -130.3333 0 81.33334
v  -148.6667 0 80.16667
v  -151.5 0 80.16667
v  -153 0 80
v  -157.8333 0 78.5
v  -159.5 0 77.33334
v  -138.6667 0 77.83334
v  -165.1667 0 76.33334
v  -168.6667 0 77.33334
v  -170.6667 0 76.33334
v  -170.6667 0 42.66667
v  -128 0 80.16667
v  -130.3333 0 81.33334
v  -133.8333 0 80.66667
v  -138.6667 0 77.83334
v  -128 0 42.66667
v  -164 0 76.33334
v  -165.1667 0 76.33334
v  -170.6667 0 42.66667
v  -138.6667 0 77.83334
v  -159.5 0 77.33334
v  -164 0 76.33334
v  -170.6667 0 42.66667
v  -128 0 42.66667
v  -130.3333 0 81.33334
v  -128 0 80.33334
v  -128 0 85.33334
v  -168.6667 0 77.33334
v  -165.1667 0 76.33334
v  -164 0 76.33334
v  -159.5 0 77.33334
v  -157.8333 0 78.5
v  -170.6667 0 85.33334
v  -151.5 0 80.16667
v  -148.6667 0 80.16667
v  -128 0 85.33334
v  -133.8333 0 80.66667
v  -130.3333 0 81.33334
v  -128 0 85.33334
v  -170.6667 0 85.33334
v  -170.6667 0 76.5
v  -168.6667 0 77.33334
v  -170.6667 0 85.33334
v  -153 0 80
v  -151.5 0 80.16667
v  -138.6667 0 77.83334
v  -133.8333 0 80.66667
v  -128 0 85.33334
v  -148.6667 0 80.16667
v  -170.6667 0 85.33334
v  -168.6667 0 77.33334
v  -157.8333 0 78.5
v  -153 0 80
v  -196.6667 0 79
v  -199.3333 0 76.16667
v  -200.5 0 73.16667
v  -190.8333 0 80.33334
v  -200.5 0 73.16667
v  -201.8333 0 73.5
v  -208.5 0 73.5
v  -213.3333 0 42.66667
v  -182.3333 0 78.16667
v  -186 0 79.5
v  -190.8333 0 80.33334
v  -208.5 0 73.5
v  -213.3333 0 74.5
v  -213.3333 0 42.66667
v  -175.1667 0 74.33334
v  -182.3333 0 78.16667
v  -190.8333 0 80.33334
v  -200.5 0 73.16667
v  -213.3333 0 42.66667
v  -170.6667 0 42.66667
v  -170.6667 0 42.66667
v  -170.6667 0 76.33334
v  -175.1667 0 74.33334
v  -201.8333 0 73.5
v  -200.5 0 73.16667
v  -199.3333 0 76.16667
v  -175.1667 0 74.33334
v  -170.6667 0 76.33334
v  -170.6667 0 76.5
v  -182.3333 0 78.16667
v  -208.5 0 73.5
v  -201.8333 0 73.5
v  -199.3333 0 76.16667
v  -213.3333 0 85.33334
v  -196.6667 0 79
v  -190.8333 0 80.33334
v  -170.6667 0 85.33334
v  -213.3333 0 85.33334
v  -213.3333 0 74.5
v  -208.5 0 73.5
v  -199.3333 0 76.16667
v  -196.6667 0 79
v  -190.8333 0 80.33334
v  -186 0 79.5
v  -170.6667 0 85.33334
v  -182.3333 0 78.16667
v  -170.6667 0 76.5
v  -170.6667 0 85.33334
v  -186 0 79.5
v  -213.3333 0 74.5
v  -215.5 0 74.33334
v  -217 0 73.5
v  -213.3333 0 42.66667
v  -244.1667 0 74
v  -247.5 0 74.5
v  -250.1667 0 74.5
v  -256 0 73.83334
v  -220.8333 0 73.33334
v  -223.8333 0 74.33334
v  -229.6667 0 75.33334
v  -237.5 0 75.83334
v  -244.1667 0 74
v  -244.1667 0 74
v  -256 0 73.83334
v  -256 0 42.66667
v  -213.3333 0 42.66667
v  -220.8333 0 73.33334
v  -213.3333 0 42.66667
v  -217 0 73.5
v  -220.8333 0 73.33334
v  -220.8333 0 73.33334
v  -217 0 73.5
v  -215.5 0 74.33334
v  -223.8333 0 74.33334
v  -213.3333 0 85.33334
v  -256 0 85.33334
v  -237.5 0 75.83334
v  -229.6667 0 75.33334
v  -247.5 0 74.5
v  -244.1667 0 74
v  -237.5 0 75.83334
v  -223.8333 0 74.33334
v  -215.5 0 74.33334
v  -213.3333 0 74.5
v  -213.3333 0 85.33334
v  -229.6667 0 75.33334
v  -256 0 85.33334
v  -256 0 73.83334
v  -250.1667 0 74.5
v  -250.1667 0 74.5
v  -247.5 0 74.5
v  -237.5 0 75.83334
v  -256 0 85.33334
v  -291.6667 0 65.5
v  -294 0 62.66667
v  -294.3333 0 61.83334
v  -273.6667 0 74.16667
v  -278.3333 0 74.66667
v  -279.5 0 74.66667
v  -265.6667 0 71.66667
v  -268.5 0 72.83334
v  -273.6667 0 74.16667
v  -285.8333 0 73
v  -289.5 0 69.83334
v  -291.6667 0 65.5
v  -256 0 73.83334
v  -263.1667 0 74.33334
v  -265.6667 0 71.66667
v  -273.6667 0 74.16667
v  -279.5 0 74.66667
v  -285.8333 0 73
v  -291.6667 0 65.5
v  -294.3333 0 61.83334
v  -265.6667 0 71.66667
v  -294.3333 0 61.83334
v  -296.8333 0 59.16667
v  -298.6667 0 42.66667
v  -256 0 42.66667
v  -256 0 73.83334
v  -265.6667 0 71.66667
v  -298 0 59.33334
v  -298.6667 0 60.5
v  -298.6667 0 42.66667
v  -296.8333 0 59.16667
v  -298 0 59.33334
v  -298.6667 0 42.66667
v  -298.6667 0 61
v  -298.6667 0 60.5
v  -298 0 59.33334
v  -296.8333 0 59.16667
v  -294.3333 0 61.83334
v  -294 0 62.66667
v  -278.3333 0 74.66667
v  -273.6667 0 74.16667
v  -263.1667 0 74.33334
v  -256 0 85.33334
v  -298.6667 0 85.33334
v  -298.6667 0 85.33334
v  -279.5 0 74.66667
v  -278.3333 0 74.66667
v  -298.6667 0 85.33334
v  -289.5 0 69.83334
v  -285.8333 0 73
v  -268.5 0 72.83334
v  -265.6667 0 71.66667
v  -263.1667 0 74.33334
v  -298.6667 0 61
v  -294 0 62.66667
v  -291.6667 0 65.5
v  -289.5 0 69.83334
v  -298.6667 0 85.33334
v  -273.6667 0 74.16667
v  -268.5 0 72.83334
v  -263.1667 0 74.33334
v  -298.6667 0 85.33334
v  -285.8333 0 73
v  -279.5 0 74.66667
v  -263.1667 0 74.33334
v  -256 0 73.83334
v  -256 0 85.33334
v  -319.8333 0 74.33334
v  -320 0 74.66667
v  -321.5 0 75.16667
v  -326 0 76.33334
v  -335.1667 0 78.33334
v  -341.3333 0 77
v  -298.6667 0 60.5
v  -298.6667 0 61
v  -300.5 0 65.83334
v  -303.1667 0 70.83334
v  -303.1667 0 70.83334
v  -318.5 0 74.66667
v  -319.8333 0 74.33334
v  -328.1667 0 77.5
v  -333.6667 0 78.33334
v  -335.1667 0 78.33334
v  -326 0 76.33334
v  -310.6667 0 76.83334
v  -315.1667 0 76.5
v  -318.5 0 74.66667
v  -303.1667 0 70.83334
v  -305.8333 0 74.16667
v  -298.6667 0 60.5
v  -303.1667 0 70.83334
v  -319.8333 0 74.33334
v  -341.3333 0 77
v  -341.3333 0 42.66667
v  -298.6667 0 42.66667
v  -320 0 74.66667
v  -319.8333 0 74.33334
v  -318.5 0 74.66667
v  -321.5 0 75.16667
v  -320 0 74.66667
v  -318.5 0 74.66667
v  -321.5 0 75.16667
v  -318.5 0 74.66667
v  -315.1667 0 76.5
v  -328.1667 0 77.5
v  -326 0 76.33334
v  -303.1667 0 70.83334
v  -300.5 0 65.83334
v  -298.6667 0 85.33334
v  -341.3333 0 85.33334
v  -341.3333 0 77
v  -335.1667 0 78.33334
v  -341.3333 0 85.33334
v  -335.1667 0 78.33334
v  -333.6667 0 78.33334
v  -305.8333 0 74.16667
v  -303.1667 0 70.83334
v  -298.6667 0 85.33334
v  -341.3333 0 85.33334
v  -333.6667 0 78.33334
v  -328.1667 0 77.5
v  -315.1667 0 76.5
v  -310.6667 0 76.83334
v  -298.6667 0 85.33334
v  -310.6667 0 76.83334
v  -305.8333 0 74.16667
v  -298.6667 0 85.33334
v  -300.5 0 65.83334
v  -298.6667 0 61
v  -298.6667 0 85.33334
v  -376.6667 0 79
v  -379.3333 0 76.16667
v  -380.5 0 73.16667
v  -362.3333 0 78.16667
v  -366 0 79.5
v  -370.8333 0 80.33334
v  -376.6667 0 79
v  -380.5 0 73.16667
v  -355.1667 0 74.33334
v  -345.1667 0 76.33334
v  -349 0 77.33334
v  -354.6667 0 74.33334
v  -380.5 0 73.16667
v  -384 0 73.5
v  -384 0 42.66667
v  -341.3333 0 77
v  -345.1667 0 76.33334
v  -354.6667 0 74.33334
v  -341.3333 0 42.66667
v  -354.6667 0 74.33334
v  -355.1667 0 74.33334
v  -380.5 0 73.16667
v  -384 0 42.66667
v  -341.3333 0 42.66667
v  -384 0 73.5
v  -380.5 0 73.16667
v  -379.3333 0 76.16667
v  -355.1667 0 74.33334
v  -354.6667 0 74.33334
v  -349 0 77.33334
v  -362.3333 0 78.16667
v  -349 0 77.33334
v  -345.1667 0 76.33334
v  -341.3333 0 77
v  -384 0 73.5
v  -379.3333 0 76.16667
v  -376.6667 0 79
v  -384 0 85.33334
v  -366 0 79.5
v  -362.3333 0 78.16667
v  -349 0 77.33334
v  -349 0 77.33334
v  -341.3333 0 77
v  -341.3333 0 85.33334
v  -384 0 85.33334
v  -370.8333 0 80.33334
v  -366 0 79.5
v  -384 0 85.33334
v  -376.6667 0 79
v  -370.8333 0 80.33334
v  -394 0 74.5
v  -395.5 0 74.33334
v  -397 0 73.5
v  -386.8333 0 73.33334
v  -409.6667 0 75.33334
v  -416.3333 0 75.83334
v  -417.5 0 75.83334
v  -400.8333 0 73.33334
v  -403.8333 0 74.33334
v  -409.6667 0 75.33334
v  -384 0 42.66667
v  -384 0 73.5
v  -386.8333 0 73.33334
v  -386.8333 0 73.33334
v  -397 0 73.5
v  -400.8333 0 73.33334
v  -384 0 42.66667
v  -409.6667 0 75.33334
v  -417.5 0 75.83334
v  -424.1667 0 74
v  -426.6667 0 42.66667
v  -384 0 42.66667
v  -400.8333 0 73.33334
v  -424.1667 0 74
v  -426.6667 0 74.33334
v  -426.6667 0 42.66667
v  -400.8333 0 73.33334
v  -397 0 73.5
v  -395.5 0 74.33334
v  -403.8333 0 74.33334
v  -426.6667 0 85.33334
v  -417.5 0 75.83334
v  -416.3333 0 75.83334
v  -426.6667 0 74.33334
v  -424.1667 0 74
v  -417.5 0 75.83334
v  -426.6667 0 85.33334
v  -403.8333 0 74.33334
v  -395.5 0 74.33334
v  -394 0 74.5
v  -409.6667 0 75.33334
v  -394 0 74.5
v  -386.8333 0 73.33334
v  -384 0 73.5
v  -384 0 85.33334
v  -426.6667 0 85.33334
v  -416.3333 0 75.83334
v  -409.6667 0 75.33334
v  -394 0 74.5
v  -384 0 85.33334
v  -468.8333 0 70.16667
v  -469.3333 0 70
v  -469.3333 0 69.83334
v  -446.1667 0 71.66667
v  -448.5 0 72.83334
v  -453.6667 0 74.16667
v  -459.5 0 74.66667
v  -468.8333 0 70.16667
v  -469.3333 0 69.83334
v  -426.6667 0 74.33334
v  -430.1667 0 74.5
v  -435.8333 0 73.83334
v  -445.6667 0 71.66667
v  -426.6667 0 42.66667
v  -435.8333 0 73.83334
v  -443.1667 0 74.33334
v  -445.6667 0 71.66667
v  -459.5 0 74.66667
v  -466.3333 0 72.83334
v  -468.8333 0 70.16667
v  -445.6667 0 71.66667
v  -446.1667 0 71.66667
v  -469.3333 0 69.83334
v  -469.3333 0 42.66667
v  -426.6667 0 42.66667
v  -448.5 0 72.83334
v  -446.1667 0 71.66667
v  -445.6667 0 71.66667
v  -443.1667 0 74.33334
v  -469.3333 0 70
v  -468.8333 0 70.16667
v  -466.3333 0 72.83334
v  -469.3333 0 85.33334
v  -459.5 0 74.66667
v  -453.6667 0 74.16667
v  -443.1667 0 74.33334
v  -453.6667 0 74.16667
v  -448.5 0 72.83334
v  -443.1667 0 74.33334
v  -430.1667 0 74.5
v  -426.6667 0 74.33334
v  -426.6667 0 85.33334
v  -443.1667 0 74.33334
v  -430.1667 0 74.5
v  -426.6667 0 85.33334
v  -469.3333 0 85.33334
v  -459.5 0 74.66667
v  -443.1667 0 74.33334
v  -435.8333 0 73.83334
v  -430.1667 0 74.5
v  -469.3333 0 85.33334
v  -466.3333 0 72.83334
v  -459.5 0 74.66667
v  -499.8333 0 74.33334
v  -500 0 74.66667
v  -501.5 0 75.16667
v  -506 0 76.33334
v  -471.6667 0 65.5
v  -474 0 62.66667
v  -474.3333 0 61.83334
v  -469.3333 0 42.66667
v  -490.3333 0 76.66667
v  -492.6667 0 76.83334
v  -495.1667 0 76.5
v  -498.5 0 74.66667
v  -506 0 76.33334
v  -508.1667 0 77.5
v  -512 0 78
v  -469.3333 0 42.66667
v  -469.3333 0 69.83334
v  -471.6667 0 65.5
v  -469.3333 0 42.66667
v  -474.3333 0 61.83334
v  -476.8333 0 59.16667
v  -483.1667 0 70.83334
v  -485.8333 0 74.16667
v  -490.3333 0 76.66667
v  -490.3333 0 76.66667
v  -498.5 0 74.66667
v  -499.8333 0 74.33334
v  -478.3333 0 59.66667
v  -480.5 0 65.83334
v  -483.1667 0 70.83334
v  -469.3333 0 42.66667
v  -476.8333 0 59.16667
v  -477.3333 0 59.16667
v  -499.8333 0 74.33334
v  -506 0 76.33334
v  -512 0 78
v  -512 0 42.66667
v  -469.3333 0 42.66667
v  -478.3333 0 59.66667
v  -469.3333 0 42.66667
v  -477.3333 0 59.16667
v  -478.3333 0 59.66667
v  -500 0 74.66667
v  -499.8333 0 74.33334
v  -498.5 0 74.66667
v  -478.3333 0 59.66667
v  -477.3333 0 59.16667
v  -476.8333 0 59.16667
v  -474.3333 0 61.83334
v  -474 0 62.66667
v  -480.5 0 65.83334
v  -501.5 0 75.16667
v  -500 0 74.66667
v  -498.5 0 74.66667
v  -485.8333 0 74.16667
v  -483.1667 0 70.83334
v  -469.3333 0 70
v  -471.6667 0 65.5
v  -469.3333 0 69.83334
v  -469.3333 0 70
v  -483.1667 0 70.83334
v  -480.5 0 65.83334
v  -474 0 62.66667
v  -512 0 85.33334
v  -512 0 78
v  -508.1667 0 77.5
v  -495.1667 0 76.5
v  -492.6667 0 76.83334
v  -501.5 0 75.16667
v  -498.5 0 74.66667
v  -495.1667 0 76.5
v  -508.1667 0 77.5
v  -506 0 76.33334
v  -512 0 85.33334
v  -492.6667 0 76.83334
v  -490.3333 0 76.66667
v  -469.3333 0 85.33334
v  -485.8333 0 74.16667
v  -469.3333 0 70
v  -469.3333 0 85.33334
v  -490.3333 0 76.66667
v  -550.5 0 80.33334
v  -554.6667 0 79.5
v  -554.6667 0 79.33334
v  -546 0 79.5
v  -550.5 0 80.33334
v  -554.6667 0 79.33334
v  -554.6667 0 42.66667
v  -535.1667 0 74.33334
v  -541.5 0 77.83334
v  -525.1667 0 76.33334
v  -529 0 77.33334
v  -534.6667 0 74.33334
v  -524 0 76.33334
v  -525.1667 0 76.33334
v  -534.6667 0 74.33334
v  -512 0 78
v  -524 0 76.33334
v  -534.6667 0 74.33334
v  -554.6667 0 42.66667
v  -512 0 42.66667
v  -512 0 78
v  -515.1667 0 78.33334
v  -524 0 76.33334
v  -534.6667 0 74.33334
v  -535.1667 0 74.33334
v  -554.6667 0 42.66667
v  -529 0 77.33334
v  -525.1667 0 76.33334
v  -524 0 76.33334
v  -515.1667 0 78.33334
v  -554.6667 0 85.33334
v  -554.6667 0 79.5
v  -550.5 0 80.33334
v  -535.1667 0 74.33334
v  -534.6667 0 74.33334
v  -529 0 77.33334
v  -541.5 0 77.83334
v  -515.1667 0 78.33334
v  -512 0 78
v  -512 0 85.33334
v  -554.6667 0 85.33334
v  -550.5 0 80.33334
v  -546 0 79.5
v  -554.6667 0 85.33334
v  -546 0 79.5
v  -541.5 0 77.83334
v  -529 0 77.33334
v  -515.1667 0 78.33334
v  -512 0 85.33334
v  -558.8334 0 76.83334
v  -559.8334 0 75.16667
v  -560.5 0 73.16667
v  -554.6667 0 42.66667
v  -554.6667 0 79.33334
v  -556.6667 0 79
v  -572.8334 0 74.5
v  -575.5 0 74.33334
v  -577 0 73.5
v  -568.5 0 73.5
v  -580.8334 0 73.33334
v  -583.8334 0 74.33334
v  -589.6667 0 75.33334
v  -597.3334 0 75.83334
v  -597.3334 0 42.66667
v  -560.5 0 73.16667
v  -561.8334 0 73.5
v  -568.5 0 73.5
v  -568.5 0 73.5
v  -577 0 73.5
v  -580.8334 0 73.33334
v  -597.3334 0 42.66667
v  -554.6667 0 42.66667
v  -560.5 0 73.16667
v  -556.6667 0 79
v  -554.6667 0 79.33334
v  -554.6667 0 79.5
v  -561.8334 0 73.5
v  -560.5 0 73.16667
v  -559.8334 0 75.16667
v  -561.8334 0 73.5
v  -559.8334 0 75.16667
v  -558.8334 0 76.83334
v  -572.8334 0 74.5
v  -568.5 0 73.5
v  -580.8334 0 73.33334
v  -577 0 73.5
v  -575.5 0 74.33334
v  -583.8334 0 74.33334
v  -556.6667 0 79
v  -554.6667 0 79.5
v  -554.6667 0 85.33334
v  -589.6667 0 75.33334
v  -583.8334 0 74.33334
v  -572.8334 0 74.5
v  -558.8334 0 76.83334
v  -554.6667 0 85.33334
v  -597.3334 0 85.33334
v  -558.8334 0 76.83334
v  -556.6667 0 79
v  -554.6667 0 85.33334
v  -597.3334 0 85.33334
v  -597.3334 0 75.83334
v  -589.6667 0 75.33334
v  -583.8334 0 74.33334
v  -575.5 0 74.33334
v  -572.8334 0 74.5
v  -633.6667 0 74.16667
v  -638.3334 0 74.66667
v  -640.0001 0 74.5
v  -640.0001 0 42.66667
v  -625.6667 0 71.66667
v  -628.5001 0 72.83334
v  -597.3334 0 42.66667
v  -597.3334 0 75.83334
v  -604.1667 0 74
v  -615.8334 0 73.83334
v  -623.1667 0 74.33334
v  -625.6667 0 71.66667
v  -604.1667 0 74
v  -607.5001 0 74.5
v  -615.8334 0 73.83334
v  -625.6667 0 71.66667
v  -640.0001 0 42.66667
v  -597.3334 0 42.66667
v  -628.5001 0 72.83334
v  -625.6667 0 71.66667
v  -623.1667 0 74.33334
v  -607.5001 0 74.5
v  -604.1667 0 74
v  -597.3334 0 75.83334
v  -633.6667 0 74.16667
v  -628.5001 0 72.83334
v  -623.1667 0 74.33334
v  -640.0001 0 85.33334
v  -640.0001 0 74.5
v  -638.3334 0 74.66667
v  -640.0001 0 85.33334
v  -638.3334 0 74.66667
v  -633.6667 0 74.16667
v  -623.1667 0 74.33334
v  -607.5001 0 74.5
v  -597.3334 0 75.83334
v  -597.3334 0 85.33334
v  -640.0001 0 85.33334
v  -623.1667 0 74.33334
v  -615.8334 0 73.83334
v  -651.6667 0 65.5
v  -654 0 62.66667
v  -654.3333 0 61.83334
v  -640 0 74.5
v  -646.3333 0 72.83334
v  -649.5 0 69.83334
v  -651.6667 0 65.5
v  -640 0 74.5
v  -670.6667 0 76.83334
v  -675.1667 0 76.5
v  -679.6667 0 74.33334
v  -660.5 0 65.83334
v  -662.6667 0 70
v  -665.8333 0 74.16667
v  -670.6667 0 76.83334
v  -679.6667 0 74.33334
v  -658.3333 0 59.66667
v  -640 0 42.66667
v  -656.8333 0 59.16667
v  -657.3333 0 59.16667
v  -658.3333 0 59.66667
v  -679.6667 0 74.33334
v  -682.6667 0 75.33334
v  -682.6667 0 42.66667
v  -640 0 42.66667
v  -640 0 42.66667
v  -657.3333 0 59.16667
v  -658.3333 0 59.66667
v  -640 0 74.5
v  -654.3333 0 61.83334
v  -656.8333 0 59.16667
v  -640 0 42.66667
v  -658.3333 0 59.66667
v  -657.3333 0 59.16667
v  -656.8333 0 59.16667
v  -654.3333 0 61.83334
v  -654 0 62.66667
v  -660.5 0 65.83334
v  -682.6667 0 75.5
v  -682.6667 0 75.33334
v  -679.6667 0 74.33334
v  -682.6667 0 85.33334
v  -675.1667 0 76.5
v  -670.6667 0 76.83334
v  -646.3333 0 72.83334
v  -640 0 74.5
v  -640 0 85.33334
v  -682.6667 0 85.33334
v  -670.6667 0 76.83334
v  -665.8333 0 74.16667
v  -662.6667 0 70
v  -649.5 0 69.83334
v  -646.3333 0 72.83334
v  -665.8333 0 74.16667
v  -682.6667 0 75.5
v  -679.6667 0 74.33334
v  -675.1667 0 76.5
v  -682.6667 0 85.33334
v  -654 0 62.66667
v  -651.6667 0 65.5
v  -649.5 0 69.83334
v  -662.6667 0 70
v  -660.5 0 65.83334
v  -682.6667 0 75.33334
v  -682.6667 0 75.5
v  -686 0 76.33334
v  -693.5 0 78
v  -686 0 76.33334
v  -689.1667 0 77.66667
v  -693.5 0 78
v  -706.5 0 72
v  -710.6667 0 71.5
v  -714.5 0 67.33334
v  -698.5 0 77
v  -704 0 73.83334
v  -706.5 0 72
v  -693.5 0 78
v  -714.5 0 67.33334
v  -720.6667 0 68.16667
v  -725.3334 0 68.16667
v  -725.3334 0 42.66667
v  -693.5 0 78
v  -706.5 0 72
v  -714.5 0 67.33334
v  -725.3334 0 42.66667
v  -682.6667 0 42.66667
v  -682.6667 0 75.33334
v  -689.1667 0 77.66667
v  -686 0 76.33334
v  -682.6667 0 75.5
v  -682.6667 0 85.33334
v  -710.6667 0 71.5
v  -706.5 0 72
v  -704 0 73.83334
v  -698.5 0 77
v  -693.5 0 78
v  -682.6667 0 85.33334
v  -720.6667 0 68.16667
v  -714.5 0 67.33334
v  -710.6667 0 71.5
v  -693.5 0 78
v  -689.1667 0 77.66667
v  -682.6667 0 85.33334
v  -710.6667 0 71.5
v  -704 0 73.83334
v  -698.5 0 77
v  -725.3334 0 68.16667
v  -720.6667 0 68.16667
v  -710.6667 0 71.5
v  -698.5 0 77
v  -682.6667 0 85.33334
v  -725.3334 0 85.33334
v  -743.5001 0 58.66667
v  -744.8334 0 58.5
v  -747.3334 0 56.66667
v  -750.0001 0 52.66667
v  -755.5001 0 47.66667
v  -756.8334 0 45.66667
v  -757.1667 0 43.33334
v  -753.3334 0 49.16667
v  -750.0001 0 52.66667
v  -753.3334 0 49.16667
v  -757.1667 0 43.33334
v  -733.8334 0 64.83334
v  -735.6667 0 61.5
v  -736.0001 0 57.83334
v  -725.3334 0 42.66667
v  -725.3334 0 68.16667
v  -729.5001 0 67.5
v  -736.0001 0 57.83334
v  -738.0001 0 58.66667
v  -743.5001 0 58.66667
v  -750.0001 0 52.66667
v  -757.1667 0 43.33334
v  -757.6667 0 42.66667
v  -725.3334 0 42.66667
v  -736.0001 0 57.83334
v  -743.5001 0 58.66667
v  -758.3334 0 43.33334
v  -757.8334 0 42.66667
v  -757.6667 0 42.66667
v  -757.1667 0 43.33334
v  -768.0001 0 46.33334
v  -747.3334 0 56.66667
v  -744.8334 0 58.5
v  -758.3334 0 43.33334
v  -757.1667 0 43.33334
v  -756.8334 0 45.66667
v  -764.6667 0 46.33334
v  -738.0001 0 58.66667
v  -736.0001 0 57.83334
v  -735.6667 0 61.5
v  -755.5001 0 47.66667
v  -753.3334 0 49.16667
v  -750.0001 0 52.66667
v  -747.3334 0 56.66667
v  -768.0001 0 46.33334
v  -764.6667 0 46.33334
v  -738.0001 0 58.66667
v  -735.6667 0 61.5
v  -733.8334 0 64.83334
v  -743.5001 0 58.66667
v  -744.8334 0 58.5
v  -743.5001 0 58.66667
v  -733.8334 0 64.83334
v  -764.6667 0 46.33334
v  -756.8334 0 45.66667
v  -755.5001 0 47.66667
v  -729.5001 0 67.5
v  -725.3334 0 68.16667
v  -725.3334 0 85.33334
v  -744.8334 0 58.5
v  -733.8334 0 64.83334
v  -729.5001 0 67.5
v  -725.3334 0 85.33334
v  -768.0001 0 85.33334
v  -768.0001 0 46.33334
v  -764.6667 0 46.33334
v  -768.0001 0 46.33334
v  -768.0001 0 42.66667
v  -757.8334 0 42.66667
v  -758.3334 0 43.33334
v  -782.8333 0 44.33334
v  -785.1667 0 43.66667
v  -786.1667 0 42.66667
v  -777.6667 0 44.5
v  -768 0 42.66667
v  -768 0 46.33334
v  -770.1667 0 46.33334
v  -773.6667 0 45.16667
v  -777.6667 0 44.5
v  -786.1667 0 42.66667
v  -768 0 42.66667
v  -773.6667 0 45.16667
v  -786.3333 0 42.66667
v  -786.1667 0 42.66667
v  -785.1667 0 43.66667
v  -798.1667 0 47.33334
v  -794.3333 0 42.66667
v  -794.1667 0 42.66667
v  -785.1667 0 43.66667
v  -782.8333 0 44.33334
v  -777.6667 0 44.5
v  -773.6667 0 45.16667
v  -770.1667 0 46.33334
v  -807.1667 0 51.66667
v  -801.5 0 49.66667
v  -782.8333 0 44.33334
v  -794.1667 0 42.66667
v  -786.3333 0 42.66667
v  -785.1667 0 43.66667
v  -801.5 0 49.66667
v  -798.1667 0 47.33334
v  -782.8333 0 44.33334
v  -770.1667 0 46.33334
v  -768 0 46.33334
v  -768 0 85.33334
v  -810.6667 0 85.33334
v  -807.1667 0 51.66667
v  -810.6667 0 85.33334
v  -810.6667 0 51.66667
v  -807.1667 0 51.66667
v  -801.5 0 49.66667
v  -807.1667 0 51.66667
v  -810.6667 0 51.66667
v  -810.6667 0 42.66667
v  -794.3333 0 42.66667
v  -798.1667 0 47.33334
v  -816.6667 0 57.33334
v  -818.3334 0 59.5
v  -819 0 59.66667
v  -830 0 80.66667
v  -828.6667 0 83.33334
v  -829 0 85.33334
v  -853.3334 0 85.33334
v  -816.6667 0 57.33334
v  -819 0 59.66667
v  -821.1667 0 61.33334
v  -814.6667 0 51.66667
v  -810.6667 0 42.66667
v  -810.6667 0 51.66667
v  -814.6667 0 51.66667
v  -825 0 69.83334
v  -827.6667 0 76.33334
v  -830 0 80
v  -853.3334 0 85.33334
v  -823.6667 0 64.83334
v  -830 0 80
v  -830 0 80.66667
v  -853.3334 0 85.33334
v  -814.6667 0 51.66667
v  -821.1667 0 61.33334
v  -823.6667 0 64.83334
v  -853.3334 0 85.33334
v  -853.3334 0 42.66667
v  -810.6667 0 42.66667
v  -821.1667 0 61.33334
v  -819 0 59.66667
v  -818.3334 0 59.5
v  -825 0 69.83334
v  -823.6667 0 64.83334
v  -828.6667 0 83.33334
v  -830 0 80.66667
v  -830 0 80
v  -827.6667 0 76.33334
v  -828.6667 0 83.33334
v  -827.6667 0 76.33334
v  -825 0 69.83334
v  -829 0 85.33334
v  -828.6667 0 83.33334
v  -825 0 69.83334
v  -818.3334 0 59.5
v  -810.6667 0 51.66667
v  -810.6667 0 85.33334
v  -816.6667 0 57.33334
v  -814.6667 0 51.66667
v  -810.6667 0 51.66667
v  -818.3334 0 59.5
v  -816.6667 0 57.33334
v  -810.6667 0 51.66667
v  -853.3334 0 85.33334
v  -869.3334 0 85.33334
v  -869.3334 0 42.66667
v  -853.3334 0 42.66667
v  -34.83334 0 86
v  -35.33334 0 85.33334
v  -30.5 0 85.33334
v  -33.66667 0 96.66667
v  -34.83334 0 86
v  -30.5 0 85.33334
v  -30.5 0 102.3333
v  -42.66667 0 85.5
v  -42.5 0 85.33334
v  -42.16667 0 85.33334
v  -39.16667 0 127.1667
v  -39.16667 0 128
v  -39.33334 0 128
v  -39.16667 0 127.1667
v  -39.33334 0 128
v  -42.66667 0 128
v  -30.5 0 107.1667
v  -32.33334 0 111
v  -34 0 112.3333
v  -30.5 0 102.3333
v  -37.16667 0 123.1667
v  -39.16667 0 127.1667
v  -42.66667 0 128
v  -34.83334 0 114
v  -35.83334 0 119
v  -42.66667 0 85.5
v  -42.16667 0 85.33334
v  -35.33334 0 85.33334
v  -34.83334 0 86
v  -33.66667 0 96.66667
v  -30.5 0 102.3333
v  -34 0 112.3333
v  -34.83334 0 114
v  -42.66667 0 128
v  -42.66667 0 85.5
v  -33.66667 0 96.66667
v  -34.83334 0 114
v  -34 0 112.3333
v  -32.33334 0 111
v  -35.83334 0 119
v  -39.16667 0 128
v  -39.16667 0 127.1667
v  -37.16667 0 123.1667
v  -30.5 0 128
v  -30.5 0 128
v  -37.16667 0 123.1667
v  -35.83334 0 119
v  -32.33334 0 111
v  -30.5 0 107.1667
v  -42.66667 0 85.33334
v  -42.66667 0 85.5
v  -45.33334 0 87.16667
v  -50.66667 0 88.16667
v  -57.16667 0 87.83334
v  -63.66667 0 85.33334
v  -64.16667 0 85.33334
v  -63.66667 0 85.33334
v  -57.16667 0 87.83334
v  -85.33334 0 85.33334
v  -64.16667 0 85.33334
v  -57.16667 0 87.83334
v  -42.66667 0 128
v  -85.33334 0 128
v  -45.33334 0 87.16667
v  -42.66667 0 85.5
v  -42.66667 0 128
v  -50.66667 0 88.16667
v  -45.33334 0 87.16667
v  -42.66667 0 128
v  -57.16667 0 87.83334
v  -50.66667 0 88.16667
v  -42.66667 0 128
v  -85.33334 0 128
v  -128 0 128
v  -128 0 85.33334
v  -85.33334 0 85.33334
v  -128 0 128
v  -170.6667 0 128
v  -170.6667 0 85.33334
v  -128 0 85.33334
v  -170.6667 0 128
v  -213.3333 0 128
v  -213.3333 0 85.33334
v  -170.6667 0 85.33334
v  -213.3333 0 128
v  -256 0 128
v  -256 0 85.33334
v  -213.3333 0 85.33334
v  -256 0 128
v  -298.6667 0 128
v  -298.6667 0 85.33334
v  -256 0 85.33334
v  -298.6667 0 128
v  -341.3333 0 128
v  -341.3333 0 85.33334
v  -298.6667 0 85.33334
v  -341.3333 0 128
v  -384 0 128
v  -384 0 85.33334
v  -341.3333 0 85.33334
v  -384 0 128
v  -426.6667 0 128
v  -426.6667 0 85.33334
v  -384 0 85.33334
v  -426.6667 0 128
v  -469.3333 0 128
v  -469.3333 0 85.33334
v  -426.6667 0 85.33334
v  -469.3333 0 128
v  -512 0 128
v  -512 0 85.33334
v  -469.3333 0 85.33334
v  -512 0 128
v  -554.6667 0 128
v  -554.6667 0 85.33334
v  -512 0 85.33334
v  -554.6667 0 128
v  -597.3334 0 128
v  -597.3334 0 85.33334
v  -554.6667 0 85.33334
v  -597.3334 0 128
v  -640.0001 0 128
v  -640.0001 0 85.33334
v  -597.3334 0 85.33334
v  -640 0 128
v  -682.6667 0 128
v  -682.6667 0 85.33334
v  -640 0 85.33334
v  -682.6667 0 128
v  -725.3334 0 128
v  -725.3334 0 85.33334
v  -682.6667 0 85.33334
v  -725.3334 0 128
v  -768.0001 0 128
v  -768.0001 0 85.33334
v  -725.3334 0 85.33334
v  -768 0 128
v  -810.6667 0 128
v  -810.6667 0 85.33334
v  -768 0 85.33334
v  -831 0 128
v  -829.5 0 125.5
v  -826.8334 0 122.1667
v  -823 0 118.6667
v  -810.6667 0 128
v  -825.8334 0 97.16667
v  -830.3334 0 91.66667
v  -829 0 85.33334
v  -822.6667 0 102.6667
v  -829 0 85.33334
v  -810.6667 0 85.33334
v  -810.6667 0 128
v  -821 0 107.1667
v  -810.6667 0 128
v  -821 0 115
v  -821 0 107.1667
v  -810.6667 0 128
v  -823 0 118.6667
v  -821 0 115
v  -822.6667 0 102.6667
v  -825.8334 0 97.16667
v  -829 0 85.33334
v  -821 0 115
v  -823 0 118.6667
v  -826.8334 0 122.1667
v  -821 0 107.1667
v  -825.8334 0 97.16667
v  -822.6667 0 102.6667
v  -821 0 107.1667
v  -830.3334 0 91.66667
v  -821 0 107.1667
v  -829.5 0 125.5
v  -831 0 128
v  -853.3334 0 128
v  -853.3334 0 85.33334
v  -830.3334 0 91.66667
v  -853.3334 0 85.33334
v  -829 0 85.33334
v  -830.3334 0 91.66667
v  -821 0 107.1667
v  -826.8334 0 122.1667
v  -829.5 0 125.5
v  -853.3334 0 128
v  -869.3334 0 128
v  -869.3334 0 85.33334
v  -853.3334 0 85.33334
v  -42.66667 0 144.5
v  -42.66667 0 144.3333
v  -40.83334 0 143
v  -39.83334 0 132
v  -39.33334 0 128
v  -39.16667 0 128
v  -40.83334 0 143
v  -39.66667 0 141.6667
v  -36.66667 0 140.6667
v  -42.66667 0 144.5
v  -40.83334 0 143
v  -36.66667 0 140.6667
v  -30.5 0 170.6667
v  -42.66667 0 170.6667
v  -36.66667 0 140.6667
v  -38 0 138.5
v  -39.83334 0 132
v  -39.16667 0 128
v  -30.5 0 128
v  -30.5 0 170.6667
v  -36.66667 0 140.6667
v  -30.5 0 128
v  -38 0 138.5
v  -36.66667 0 140.6667
v  -39.66667 0 141.6667
v  -39.66667 0 141.6667
v  -40.83334 0 143
v  -42.66667 0 144.3333
v  -42.66667 0 128
v  -39.83334 0 132
v  -38 0 138.5
v  -42.66667 0 128
v  -39.33334 0 128
v  -39.83334 0 132
v  -42.66667 0 144.3333
v  -42.66667 0 144.5
v  -43.33334 0 144.6667
v  -43.33334 0 144.6667
v  -45.5 0 146.3333
v  -49.5 0 148
v  -42.66667 0 128
v  -52.16667 0 150.6667
v  -53.33334 0 157.3333
v  -54.16667 0 157.6667
v  -52.16667 0 150.6667
v  -54.16667 0 157.6667
v  -57.16667 0 162
v  -42.66667 0 128
v  -42.66667 0 144.3333
v  -43.33334 0 144.6667
v  -42.66667 0 128
v  -52.16667 0 150.6667
v  -57.16667 0 162
v  -85.33334 0 170.6667
v  -85.33334 0 128
v  -42.66667 0 128
v  -49.5 0 148
v  -52.16667 0 150.6667
v  -58 0 165.6667
v  -58.16667 0 170.6667
v  -85.33334 0 170.6667
v  -57.16667 0 162
v  -58 0 165.6667
v  -85.33334 0 170.6667
v  -45.5 0 146.3333
v  -43.33334 0 144.6667
v  -42.66667 0 144.5
v  -57.16667 0 162
v  -54.16667 0 157.6667
v  -53.33334 0 157.3333
v  -52.16667 0 150.6667
v  -49.5 0 148
v  -45.5 0 146.3333
v  -58.16667 0 170.6667
v  -58 0 165.6667
v  -57.16667 0 162
v  -53.33334 0 157.3333
v  -42.66667 0 144.5
v  -42.66667 0 170.6667
v  -52.16667 0 150.6667
v  -45.5 0 146.3333
v  -42.66667 0 144.5
v  -53.33334 0 157.3333
v  -85.33334 0 170.6667
v  -128 0 170.6667
v  -128 0 128
v  -85.33334 0 128
v  -128 0 170.6667
v  -170.6667 0 170.6667
v  -170.6667 0 128
v  -128 0 128
v  -170.6667 0 170.6667
v  -213.3333 0 170.6667
v  -213.3333 0 128
v  -170.6667 0 128
v  -213.3333 0 170.6667
v  -256 0 170.6667
v  -256 0 128
v  -213.3333 0 128
v  -256 0 170.6667
v  -298.6667 0 170.6667
v  -298.6667 0 128
v  -256 0 128
v  -298.6667 0 170.6667
v  -341.3333 0 170.6667
v  -341.3333 0 128
v  -298.6667 0 128
v  -341.3333 0 170.6667
v  -384 0 170.6667
v  -384 0 128
v  -341.3333 0 128
v  -384 0 170.6667
v  -426.6667 0 170.6667
v  -426.6667 0 128
v  -384 0 128
v  -426.6667 0 170.6667
v  -469.3333 0 170.6667
v  -469.3333 0 128
v  -426.6667 0 128
v  -469.3333 0 170.6667
v  -512 0 170.6667
v  -512 0 128
v  -469.3333 0 128
v  -512 0 170.6667
v  -554.6667 0 170.6667
v  -554.6667 0 128
v  -512 0 128
v  -554.6667 0 170.6667
v  -597.3334 0 170.6667
v  -597.3334 0 128
v  -554.6667 0 128
v  -597.3334 0 170.6667
v  -640.0001 0 170.6667
v  -640.0001 0 128
v  -597.3334 0 128
v  -640 0 170.6667
v  -682.6667 0 170.6667
v  -682.6667 0 128
v  -640 0 128
v  -682.6667 0 170.6667
v  -725.3334 0 170.6667
v  -725.3334 0 128
v  -682.6667 0 128
v  -725.3334 0 170.6667
v  -768.0001 0 170.6667
v  -768.0001 0 128
v  -725.3334 0 128
v  -768 0 170.6667
v  -810.6667 0 170.6667
v  -810.6667 0 128
v  -768 0 128
v  -841.8334 0 142.1667
v  -842.1667 0 142
v  -842.5 0 140.8333
v  -842.3334 0 140
v  -841 0 138.3333
v  -835 0 144.1667
v  -833.8334 0 131.3333
v  -831.6667 0 129.3333
v  -810.6667 0 170.6667
v  -827.8334 0 170.6667
v  -827 0 168.8333
v  -839.5 0 135.1667
v  -836 0 132
v  -833.8334 0 131.3333
v  -835 0 144.1667
v  -841.8334 0 142.1667
v  -841 0 138.3333
v  -827 0 168.8333
v  -826.8334 0 165.5
v  -825.8334 0 161.6667
v  -824.1667 0 158
v  -810.6667 0 170.6667
v  -835 0 144.1667
v  -831.6667 0 129.3333
v  -831 0 128
v  -830.5 0 146.3333
v  -810.6667 0 170.6667
v  -824.1667 0 158
v  -824 0 153.6667
v  -827 0 148.8333
v  -831 0 128
v  -810.6667 0 128
v  -810.6667 0 170.6667
v  -824 0 153.6667
v  -827 0 148.8333
v  -830.5 0 146.3333
v  -831 0 128
v  -827 0 168.8333
v  -827.8334 0 170.6667
v  -828 0 170.6667
v  -831 0 128
v  -831.6667 0 129.3333
v  -833.8334 0 131.3333
v  -836 0 132
v  -853.3334 0 128
v  -826.8334 0 165.5
v  -827 0 168.8333
v  -828 0 170.6667
v  -853.3334 0 170.6667
v  -853.3334 0 128
v  -842.1667 0 142
v  -839.5 0 135.1667
v  -841 0 138.3333
v  -842.3334 0 140
v  -853.3334 0 128
v  -853.3334 0 128
v  -836 0 132
v  -839.5 0 135.1667
v  -824 0 153.6667
v  -824.1667 0 158
v  -825.8334 0 161.6667
v  -835 0 144.1667
v  -830.5 0 146.3333
v  -827 0 148.8333
v  -824 0 153.6667
v  -841.8334 0 142.1667
v  -824 0 153.6667
v  -825.8334 0 161.6667
v  -826.8334 0 165.5
v  -842.1667 0 142
v  -841.8334 0 142.1667
v  -853.3334 0 128
v  -842.3334 0 140
v  -842.5 0 140.8333
v  -853.3334 0 128
v  -842.5 0 140.8333
v  -842.1667 0 142
v  -853.3334 0 170.6667
v  -869.3334 0 170.6667
v  -869.3334 0 128
v  -853.3334 0 128
v  -30.5 0 213.3333
v  -42.66667 0 213.3333
v  -42.66667 0 170.6667
v  -30.5 0 170.6667
v  -68.66667 0 204.1667
v  -69.66667 0 201.5
v  -69.66667 0 197
v  -68.33334 0 192
v  -68.33334 0 192
v  -64 0 185.6667
v  -63 0 184.6667
v  -63 0 184.6667
v  -62.33334 0 180.5
v  -57.83334 0 176.8333
v  -42.66667 0 170.6667
v  -42.66667 0 213.3333
v  -67 0 211.6667
v  -67 0 211
v  -57.83334 0 176.8333
v  -58.16667 0 170.6667
v  -42.66667 0 170.6667
v  -67 0 211
v  -68.66667 0 204.1667
v  -68.33334 0 192
v  -63 0 184.6667
v  -42.66667 0 170.6667
v  -42.66667 0 213.3333
v  -42.66667 0 213.3333
v  -67.83334 0 213.3333
v  -67 0 211.6667
v  -67 0 211.6667
v  -67.83334 0 213.3333
v  -68 0 213.3333
v  -67 0 211
v  -67 0 211.6667
v  -68 0 213.3333
v  -85.33334 0 213.3333
v  -69.66667 0 201.5
v  -68.66667 0 204.1667
v  -62.33334 0 180.5
v  -63 0 184.6667
v  -64 0 185.6667
v  -69.66667 0 197
v  -69.66667 0 201.5
v  -85.33334 0 213.3333
v  -58.16667 0 170.6667
v  -57.83334 0 176.8333
v  -62.33334 0 180.5
v  -58.16667 0 170.6667
v  -62.33334 0 180.5
v  -68.33334 0 192
v  -85.33334 0 213.3333
v  -85.33334 0 170.6667
v  -62.33334 0 180.5
v  -64 0 185.6667
v  -68.33334 0 192
v  -85.33334 0 213.3333
v  -68.33334 0 192
v  -69.66667 0 197
v  -85.33334 0 213.3333
v  -128 0 213.3333
v  -128 0 170.6667
v  -85.33334 0 170.6667
v  -128 0 213.3333
v  -170.6667 0 213.3333
v  -170.6667 0 170.6667
v  -128 0 170.6667
v  -170.6667 0 213.3333
v  -213.3333 0 213.3333
v  -213.3333 0 170.6667
v  -170.6667 0 170.6667
v  -213.3333 0 213.3333
v  -256 0 213.3333
v  -256 0 170.6667
v  -213.3333 0 170.6667
v  -256 0 213.3333
v  -298.6667 0 213.3333
v  -298.6667 0 170.6667
v  -256 0 170.6667
v  -326.5 0 207.1667
v  -325.8333 0 208.1667
v  -325.6667 0 209.3333
v  -328.3333 0 211.6667
v  -320 0 200
v  -321.1667 0 199.8333
v  -341.3333 0 170.6667
v  -298.6667 0 170.6667
v  -326.5 0 207.1667
v  -328.3333 0 211.6667
v  -329.5 0 213.3333
v  -327.3333 0 204.5
v  -321.1667 0 199.8333
v  -325.6667 0 200
v  -341.3333 0 170.6667
v  -327.3333 0 203
v  -327.3333 0 204.5
v  -329.5 0 213.3333
v  -341.3333 0 213.3333
v  -298.6667 0 213.3333
v  -313.8333 0 213.3333
v  -314.1667 0 208.5
v  -318.8333 0 200.6667
v  -320 0 200
v  -298.6667 0 170.6667
v  -298.6667 0 213.3333
v  -314.1667 0 208.5
v  -314.6667 0 206.1667
v  -326.6667 0 201.3333
v  -327.3333 0 203
v  -341.3333 0 213.3333
v  -325.6667 0 200
v  -326.6667 0 201.3333
v  -341.3333 0 213.3333
v  -341.3333 0 170.6667
v  -298.6667 0 213.3333
v  -314.6667 0 206.1667
v  -318.8333 0 200.6667
v  -298.6667 0 170.6667
v  -315.6667 0 213.3333
v  -316 0 212.3333
v  -315.6667 0 211.8333
v  -313.8333 0 213.3333
v  -321.1667 0 199.8333
v  -321.6667 0 200.8333
v  -324 0 201
v  -325.6667 0 200
v  -320.5 0 201.5
v  -321.1667 0 199.8333
v  -320 0 200
v  -318.8333 0 200.6667
v  -317.8333 0 203.8333
v  -318.8333 0 203.3333
v  -324 0 201
v  -324.5 0 201.6667
v  -326.1667 0 202.6667
v  -326.6667 0 201.3333
v  -325.6667 0 200
v  -316.5 0 206.3333
v  -317.1667 0 205.6667
v  -317.8333 0 203.8333
v  -318.8333 0 200.6667
v  -314.6667 0 206.1667
v  -327.3333 0 204.5
v  -327.3333 0 203
v  -326.6667 0 201.3333
v  -326.1667 0 202.6667
v  -326.6667 0 203.8333
v  -321.1667 0 199.8333
v  -320.5 0 201.5
v  -321.6667 0 200.8333
v  -314.1667 0 208.5
v  -313.8333 0 213.3333
v  -315.6667 0 211.8333
v  -315.8333 0 209.1667
v  -324.6667 0 208.3333
v  -324.8333 0 211.3333
v  -325.6667 0 209.3333
v  -325.8333 0 208.1667
v  -314.1667 0 208.5
v  -315.8333 0 209.1667
v  -316.5 0 206.3333
v  -314.6667 0 206.1667
v  -328.3333 0 211.6667
v  -325.6667 0 209.3333
v  -324.8333 0 211.3333
v  -326.6667 0 205
v  -325.5 0 206.3333
v  -324.6667 0 208.3333
v  -325.8333 0 208.1667
v  -326.5 0 207.1667
v  -327.3333 0 204.5
v  -327.3333 0 204.5
v  -326.6667 0 203.8333
v  -326.6667 0 205
v  -324 0 213.3333
v  -329.5 0 213.3333
v  -328.3333 0 211.6667
v  -324.8333 0 211.3333
v  -326.6667 0 205
v  -326.6667 0 203.8333
v  -326.1667 0 202.6667
v  -325.5 0 206.3333
v  -318.8333 0 203.3333
v  -317.8333 0 203.8333
v  -317.1667 0 205.6667
v  -324.5 0 201.6667
v  -324 0 201
v  -321.6667 0 200.8333
v  -320.5 0 201.5
v  -318.8333 0 203.3333
v  -315.8333 0 209.1667
v  -315.6667 0 211.8333
v  -316 0 212.3333
v  -318.8333 0 203.3333
v  -317.1667 0 205.6667
v  -315.8333 0 209.1667
v  -317.1667 0 205.6667
v  -316.5 0 206.3333
v  -315.8333 0 209.1667
v  -316 0 212.3333
v  -315.6667 0 213.3333
v  -324 0 213.3333
v  -325.5 0 206.3333
v  -326.1667 0 202.6667
v  -324.5 0 201.6667
v  -324.6667 0 208.3333
v  -324 0 213.3333
v  -324.8333 0 211.3333
v  -324.6667 0 208.3333
v  -324.6667 0 208.3333
v  -324.5 0 201.6667
v  -318.8333 0 203.3333
v  -315.8333 0 209.1667
v  -316 0 212.3333
v  -324 0 213.3333
v  -341.3333 0 213.3333
v  -384 0 213.3333
v  -384 0 170.6667
v  -341.3333 0 170.6667
v  -384 0 213.3333
v  -426.6667 0 213.3333
v  -426.6667 0 170.6667
v  -384 0 170.6667
v  -467.3333 0 194.5
v  -469.3333 0 195.1667
v  -469.3333 0 170.6667
v  -464.1667 0 194.8333
v  -467.3333 0 194.5
v  -469.3333 0 170.6667
v  -462.1667 0 195.5
v  -464.1667 0 194.8333
v  -469.3333 0 170.6667
v  -460.3333 0 197.8333
v  -462.1667 0 195.5
v  -469.3333 0 170.6667
v  -426.6667 0 170.6667
v  -426.6667 0 213.3333
v  -426.6667 0 213.3333
v  -462.3333 0 213.3333
v  -459.8333 0 209.1667
v  -426.6667 0 213.3333
v  -459.8333 0 209.1667
v  -459.3333 0 207.1667
v  -426.6667 0 213.3333
v  -459.3333 0 207.1667
v  -459.3333 0 203.8333
v  -426.6667 0 213.3333
v  -459.3333 0 203.8333
v  -460.3333 0 197.8333
v  -464.1667 0 194.8333
v  -462.1667 0 195.5
v  -460.3333 0 197.8333
v  -469.3333 0 195.1667
v  -467.3333 0 194.5
v  -459.8333 0 209.1667
v  -462.3333 0 213.3333
v  -462.5 0 213.3333
v  -459.3333 0 203.8333
v  -459.8333 0 209.1667
v  -462.5 0 213.3333
v  -469.3333 0 213.3333
v  -469.3333 0 195.1667
v  -460.3333 0 197.8333
v  -459.3333 0 203.8333
v  -459.3333 0 207.1667
v  -459.8333 0 209.1667
v  -471.3333 0 196.3333
v  -471.3333 0 196.6667
v  -473.1667 0 198.3333
v  -469.3333 0 170.6667
v  -469.3333 0 195.1667
v  -471.3333 0 196.3333
v  -469.3333 0 170.6667
v  -471.3333 0 196.3333
v  -473.1667 0 198.3333
v  -469.3333 0 170.6667
v  -473.1667 0 198.3333
v  -474.1667 0 199.8333
v  -469.3333 0 170.6667
v  -474.1667 0 199.8333
v  -475 0 202.5
v  -512 0 213.3333
v  -512 0 170.6667
v  -473.8333 0 212.1667
v  -473.1667 0 213.3333
v  -512 0 213.3333
v  -474.5 0 209.1667
v  -473.8333 0 212.1667
v  -512 0 213.3333
v  -475 0 202.5
v  -474.5 0 209.1667
v  -512 0 213.3333
v  -471.3333 0 196.6667
v  -471.3333 0 196.3333
v  -469.3333 0 195.1667
v  -474.1667 0 199.8333
v  -473.1667 0 198.3333
v  -471.3333 0 196.6667
v  -473.1667 0 213.3333
v  -473.8333 0 212.1667
v  -474.5 0 209.1667
v  -469.3333 0 213.3333
v  -474.1667 0 199.8333
v  -471.3333 0 196.6667
v  -469.3333 0 195.1667
v  -469.3333 0 213.3333
v  -474.5 0 209.1667
v  -475 0 202.5
v  -512 0 213.3333
v  -554.6667 0 213.3333
v  -554.6667 0 170.6667
v  -512 0 170.6667
v  -554.6667 0 213.3333
v  -597.3334 0 213.3333
v  -597.3334 0 170.6667
v  -554.6667 0 170.6667
v  -597.3334 0 213.3333
v  -640.0001 0 213.3333
v  -640.0001 0 170.6667
v  -597.3334 0 170.6667
v  -640 0 213.3333
v  -682.6667 0 213.3333
v  -682.6667 0 170.6667
v  -640 0 170.6667
v  -682.6667 0 213.3333
v  -725.3334 0 213.3333
v  -725.3334 0 170.6667
v  -682.6667 0 170.6667
v  -725.3334 0 213.3333
v  -768.0001 0 213.3333
v  -768.0001 0 170.6667
v  -725.3334 0 170.6667
v  -768 0 213.3333
v  -810.6667 0 213.3333
v  -810.6667 0 170.6667
v  -768 0 170.6667
v  -828 0 171
v  -828 0 170.6667
v  -827.8334 0 170.6667
v  -828.1667 0 175.6667
v  -829 0 171.8333
v  -828 0 171
v  -828.1667 0 175.6667
v  -828 0 171
v  -827.8334 0 170.6667
v  -810.6667 0 170.6667
v  -828.1667 0 178.3333
v  -829.3334 0 190.8333
v  -829.3334 0 187
v  -828.5 0 185
v  -827 0 199.1667
v  -810.6667 0 213.3333
v  -829.1667 0 213.3333
v  -827 0 200.6667
v  -827 0 199.1667
v  -830 0 193
v  -829.3334 0 190.8333
v  -827 0 199.1667
v  -828.5 0 185
v  -828.1667 0 178.3333
v  -810.6667 0 170.6667
v  -810.6667 0 213.3333
v  -810.6667 0 213.3333
v  -827 0 200.6667
v  -827 0 199.1667
v  -828 0 170.6667
v  -828 0 171
v  -829 0 171.8333
v  -853.3334 0 170.6667
v  -829.3334 0 187
v  -829.3334 0 190.8333
v  -830 0 193
v  -829 0 171.8333
v  -828.1667 0 175.6667
v  -828.1667 0 178.3333
v  -828.5 0 185
v  -829.3334 0 187
v  -830 0 193
v  -827 0 199.1667
v  -827 0 200.6667
v  -829.1667 0 213.3333
v  -853.3334 0 213.3333
v  -829 0 171.8333
v  -829.3334 0 187
v  -830 0 193
v  -853.3334 0 213.3333
v  -853.3334 0 170.6667
v  -853.3334 0 213.3333
v  -869.3334 0 213.3333
v  -869.3334 0 170.6667
v  -853.3334 0 170.6667
v  -30.5 0 256
v  -42.66667 0 256
v  -42.66667 0 213.3333
v  -30.5 0 213.3333
v  -69.33334 0 215.6667
v  -68 0 213.3333
v  -67.83334 0 213.3333
v  -70 0 219.8333
v  -69.33334 0 256
v  -69.5 0 256
v  -69.5 0 251.1667
v  -67.33334 0 244.6667
v  -64 0 241.5
v  -58.83334 0 239.1667
v  -42.66667 0 256
v  -55.5 0 237
v  -53 0 234.8333
v  -60 0 230.6667
v  -64 0 228.1667
v  -67.5 0 225
v  -42.66667 0 213.3333
v  -42.66667 0 256
v  -53 0 234.8333
v  -53.33334 0 233.5
v  -42.66667 0 256
v  -69.33334 0 256
v  -58.83334 0 239.1667
v  -55.5 0 237
v  -67.5 0 225
v  -70 0 219.8333
v  -67.83334 0 213.3333
v  -42.66667 0 213.3333
v  -53.33334 0 233.5
v  -60 0 230.6667
v  -53.33334 0 233.5
v  -53 0 234.8333
v  -55.5 0 237
v  -60 0 230.6667
v  -85.33334 0 213.3333
v  -69.33334 0 215.6667
v  -70 0 219.8333
v  -60 0 230.6667
v  -55.5 0 237
v  -58.83334 0 239.1667
v  -64 0 241.5
v  -64 0 228.1667
v  -64 0 228.1667
v  -64 0 241.5
v  -67.33334 0 244.6667
v  -67.5 0 225
v  -67.33334 0 244.6667
v  -69.5 0 251.1667
v  -85.33334 0 256
v  -85.33334 0 213.3333
v  -70 0 219.8333
v  -67.5 0 225
v  -85.33334 0 213.3333
v  -68 0 213.3333
v  -69.33334 0 215.6667
v  -69.5 0 251.1667
v  -69.5 0 256
v  -85.33334 0 256
v  -85.33334 0 256
v  -128 0 256
v  -128 0 213.3333
v  -85.33334 0 213.3333
v  -128 0 256
v  -170.6667 0 256
v  -170.6667 0 213.3333
v  -128 0 213.3333
v  -170.6667 0 256
v  -213.3333 0 256
v  -213.3333 0 213.3333
v  -170.6667 0 213.3333
v  -243.5 0 249.5
v  -245.5 0 248.8333
v  -245.6667 0 246.8333
v  -242.3333 0 250.5
v  -243.5 0 249.5
v  -245.6667 0 246.8333
v  -242.3333 0 250.5
v  -245.6667 0 246.8333
v  -246.3333 0 244.8333
v  -256 0 213.3333
v  -213.3333 0 213.3333
v  -213.3333 0 256
v  -247.6667 0 244
v  -250.8333 0 243.6667
v  -256 0 242.1667
v  -256 0 213.3333
v  -213.3333 0 256
v  -239.1667 0 256
v  -242.3333 0 250.5
v  -246.3333 0 244.8333
v  -247.6667 0 244
v  -256 0 213.3333
v  -254.5 0 253.6667
v  -256 0 252
v  -256 0 251.8333
v  -247.6667 0 244
v  -246.3333 0 244.8333
v  -245.6667 0 246.8333
v  -245.5 0 248.8333
v  -250.8333 0 243.6667
v  -245.5 0 248.8333
v  -243.5 0 249.5
v  -242.3333 0 250.5
v  -239.1667 0 256
v  -254.3333 0 256
v  -254.1667 0 254.8333
v  -256 0 251.8333
v  -256 0 242.1667
v  -250.8333 0 243.6667
v  -245.5 0 248.8333
v  -254.5 0 253.6667
v  -254.1667 0 254.8333
v  -254.5 0 253.6667
v  -245.5 0 248.8333
v  -254.1667 0 254.8333
v  -254.3333 0 256
v  -256 0 256
v  -256 0 252
v  -254.5 0 253.6667
v  -256.3333 0 251.3333
v  -256 0 251.8333
v  -256 0 252
v  -289.5 0 254.3333
v  -290.3333 0 256
v  -290.5 0 256
v  -288.3333 0 252.1667
v  -288.8333 0 253.8333
v  -289.5 0 254.3333
v  -280.5 0 245
v  -282.1667 0 246.3333
v  -282.8333 0 246.3333
v  -298.6667 0 213.3333
v  -258.1667 0 250.3333
v  -256.3333 0 251.3333
v  -256 0 252
v  -256 0 256
v  -288.3333 0 252.1667
v  -289.5 0 254.3333
v  -290.5 0 256
v  -298.6667 0 256
v  -286.8333 0 249.3333
v  -260.8333 0 246.6667
v  -258.5 0 249.5
v  -258.1667 0 250.3333
v  -256 0 256
v  -276.6667 0 256
v  -273 0 252.6667
v  -260.3333 0 243.5
v  -260.8333 0 245.8333
v  -271.3333 0 246.3333
v  -272.3333 0 244.3333
v  -256 0 213.3333
v  -256 0 242.1667
v  -257.6667 0 242
v  -260.3333 0 243.5
v  -272.3333 0 244.3333
v  -273.6667 0 244
v  -257.6667 0 242
v  -260.3333 0 243.5
v  -273.6667 0 244
v  -277 0 244
v  -256 0 213.3333
v  -277 0 244
v  -280.5 0 245
v  -298.6667 0 213.3333
v  -256 0 213.3333
v  -282.8333 0 246.3333
v  -286.8333 0 249.3333
v  -298.6667 0 256
v  -298.6667 0 213.3333
v  -260.8333 0 246.6667
v  -273 0 252.6667
v  -271.1667 0 249.5
v  -260.8333 0 246.6667
v  -271.1667 0 249.5
v  -271.3333 0 246.3333
v  -260.8333 0 245.8333
v  -256.3333 0 251.3333
v  -258.1667 0 250.3333
v  -258.5 0 249.5
v  -260.8333 0 246.6667
v  -260.8333 0 245.8333
v  -260.3333 0 243.5
v  -260.3333 0 243.5
v  -257.6667 0 242
v  -256 0 242.1667
v  -256.3333 0 251.3333
v  -258.5 0 249.5
v  -260.8333 0 246.6667
v  -256 0 242.1667
v  -256 0 251.8333
v  -256.3333 0 251.3333
v  -287.5 0 254.6667
v  -288 0 256
v  -290.3333 0 256
v  -289.5 0 254.3333
v  -288.8333 0 253.8333
v  -287.5 0 253.5
v  -272.6667 0 248
v  -273.6667 0 246.8333
v  -271.3333 0 246.3333
v  -271.1667 0 249.5
v  -275.8333 0 245.8333
v  -278 0 245.8333
v  -277 0 244
v  -272.6667 0 248.6667
v  -272.6667 0 248
v  -271.1667 0 249.5
v  -287.5 0 253.5
v  -288.8333 0 253.8333
v  -288.3333 0 252.1667
v  -286.8333 0 249.3333
v  -285.1667 0 250.1667
v  -273.6667 0 246.8333
v  -274.5 0 246.8333
v  -275.8333 0 245.8333
v  -273.6667 0 244
v  -272.3333 0 244.3333
v  -271.3333 0 246.3333
v  -273.6667 0 246.8333
v  -275.8333 0 245.8333
v  -277 0 244
v  -273 0 252.6667
v  -276.6667 0 256
v  -277 0 256
v  -271.1667 0 249.5
v  -273 0 252.6667
v  -273.3333 0 251
v  -272.6667 0 248.6667
v  -278.8333 0 246.1667
v  -280.8333 0 247.6667
v  -282.1667 0 248
v  -282.1667 0 246.3333
v  -280.5 0 245
v  -282.1667 0 248
v  -285.1667 0 250.1667
v  -286.8333 0 249.3333
v  -282.8333 0 246.3333
v  -282.1667 0 246.3333
v  -277.5 0 256
v  -273.3333 0 251
v  -273 0 252.6667
v  -277 0 256
v  -278 0 245.8333
v  -278.8333 0 246.1667
v  -280.5 0 245
v  -277 0 244
v  -273.6667 0 246.8333
v  -272.6667 0 248
v  -272.6667 0 248.6667
v  -274.5 0 246.8333
v  -288 0 256
v  -287.5 0 254.6667
v  -285.1667 0 250.1667
v  -278.8333 0 246.1667
v  -278 0 245.8333
v  -275.8333 0 245.8333
v  -280.8333 0 247.6667
v  -275.8333 0 245.8333
v  -274.5 0 246.8333
v  -272.6667 0 248.6667
v  -273.3333 0 251
v  -285.1667 0 250.1667
v  -282.1667 0 248
v  -280.8333 0 247.6667
v  -287.5 0 254.6667
v  -287.5 0 253.5
v  -285.1667 0 250.1667
v  -273.3333 0 251
v  -277.5 0 256
v  -277.6667 0 256
v  -280.8333 0 247.6667
v  -275.8333 0 245.8333
v  -273.3333 0 251
v  -277.6667 0 256
v  -288 0 256
v  -285.1667 0 250.1667
v  -316 0 222.3333
v  -315.6667 0 219.5
v  -314.5 0 217.3333
v  -298.6667 0 213.3333
v  -341.3333 0 213.3333
v  -329.5 0 213.3333
v  -330.8333 0 216
v  -341.3333 0 213.3333
v  -330.8333 0 216
v  -331.8333 0 221.1667
v  -341.3333 0 213.3333
v  -331.8333 0 221.1667
v  -332.1667 0 225.3333
v  -314.5 0 217.3333
v  -313.8333 0 213.3333
v  -298.6667 0 213.3333
v  -341.3333 0 213.3333
v  -332.1667 0 225.3333
v  -332 0 229.8333
v  -321.6667 0 231.8333
v  -320.1667 0 230.3333
v  -298.6667 0 213.3333
v  -298.6667 0 256
v  -341.3333 0 256
v  -341.3333 0 213.3333
v  -332 0 229.8333
v  -330.6667 0 232.3333
v  -341.3333 0 256
v  -317.1667 0 225.8333
v  -316 0 222.3333
v  -298.6667 0 213.3333
v  -341.3333 0 256
v  -325.8333 0 233.8333
v  -321.6667 0 231.8333
v  -341.3333 0 256
v  -330.6667 0 232.3333
v  -329.1667 0 233.3333
v  -341.3333 0 256
v  -329.1667 0 233.3333
v  -325.8333 0 233.8333
v  -320.1667 0 230.3333
v  -317.1667 0 225.8333
v  -298.6667 0 213.3333
v  -322.3333 0 217.5
v  -321.3333 0 218.3333
v  -321.3333 0 218.6667
v  -315.6667 0 219.5
v  -318.5 0 219
v  -318.1667 0 218.3333
v  -316.5 0 217.5
v  -314.5 0 217.3333
v  -315.6667 0 215.6667
v  -315.6667 0 213.3333
v  -313.8333 0 213.3333
v  -314.5 0 217.3333
v  -322.3333 0 217.5
v  -321.3333 0 218.6667
v  -317.1667 0 225.8333
v  -316.5 0 217.5
v  -315.6667 0 215.6667
v  -314.5 0 217.3333
v  -330.8333 0 216
v  -329.5 0 213.3333
v  -324 0 213.3333
v  -322.3333 0 217.5
v  -331.8333 0 221.1667
v  -332 0 229.8333
v  -332.1667 0 225.3333
v  -331.8333 0 221.1667
v  -318.5 0 219
v  -315.6667 0 219.5
v  -316 0 222.3333
v  -319.8333 0 219.3333
v  -329.1667 0 233.3333
v  -330.6667 0 232.3333
v  -332 0 229.8333
v  -325.8333 0 233.8333
v  -317.1667 0 225.8333
v  -320.1667 0 230.3333
v  -325.8333 0 233.8333
v  -332 0 229.8333
v  -331.8333 0 221.1667
v  -322.3333 0 217.5
v  -321.3333 0 218.6667
v  -319.8333 0 219.3333
v  -316 0 222.3333
v  -317.1667 0 225.8333
v  -320.1667 0 230.3333
v  -321.6667 0 231.8333
v  -325.8333 0 233.8333
v  -319.8333 0 219.3333
v  -321.3333 0 218.6667
v  -321.3333 0 218.3333
v  -318.1667 0 218.3333
v  -318.5 0 219
v  -319.8333 0 219.3333
v  -319.8333 0 219.3333
v  -321.3333 0 218.3333
v  -322.3333 0 217.5
v  -315.6667 0 215.6667
v  -316.5 0 217.5
v  -318.1667 0 218.3333
v  -318.1667 0 218.3333
v  -319.8333 0 219.3333
v  -322.3333 0 217.5
v  -324 0 213.3333
v  -315.6667 0 213.3333
v  -315.6667 0 215.6667
v  -341.3333 0 256
v  -384 0 256
v  -384 0 213.3333
v  -341.3333 0 213.3333
v  -424.3333 0 248.8333
v  -424.3333 0 251
v  -425 0 253
v  -426.6667 0 255.1667
v  -426.6667 0 213.3333
v  -419.6667 0 243.6667
v  -422.6667 0 244.8333
v  -426.6667 0 213.3333
v  -413.6667 0 254.3333
v  -414.8333 0 252.1667
v  -416.6667 0 245.5
v  -384 0 256
v  -413.6667 0 256
v  -413.6667 0 254.3333
v  -384 0 256
v  -413.6667 0 254.3333
v  -416.6667 0 245.5
v  -426.6667 0 213.3333
v  -384 0 213.3333
v  -416.6667 0 245.5
v  -419.6667 0 243.6667
v  -426.6667 0 213.3333
v  -422.6667 0 244.8333
v  -424.3333 0 248.8333
v  -426.6667 0 213.3333
v  -426.6667 0 255.3333
v  -426.6667 0 255.1667
v  -425 0 253
v  -426.6667 0 256
v  -426.6667 0 255.3333
v  -425 0 253
v  -414.8333 0 252.1667
v  -413.6667 0 254.3333
v  -413.6667 0 256
v  -424.3333 0 251
v  -416.6667 0 245.5
v  -414.8333 0 252.1667
v  -425 0 253
v  -422.6667 0 244.8333
v  -419.6667 0 243.6667
v  -416.6667 0 245.5
v  -424.3333 0 251
v  -424.3333 0 248.8333
v  -426.6667 0 255.3333
v  -427.1667 0 256
v  -427.3333 0 256
v  -426.6667 0 255.1667
v  -426.6667 0 255.3333
v  -427.3333 0 256
v  -448.8333 0 244.3333
v  -449 0 241.6667
v  -447.5 0 240.8333
v  -463.3333 0 214.3333
v  -462.5 0 213.3333
v  -462.3333 0 213.3333
v  -451 0 226.8333
v  -453.8333 0 227.3333
v  -448.3333 0 229.1667
v  -451 0 226.8333
v  -462.3333 0 213.3333
v  -426.6667 0 213.3333
v  -456.8333 0 233.1667
v  -458.1667 0 235.5
v  -459.5 0 236.6667
v  -463 0 238.5
v  -456.3333 0 231
v  -451.5 0 248.1667
v  -448.8333 0 244.3333
v  -427.3333 0 256
v  -447.3333 0 237
v  -447.6667 0 236.6667
v  -448.3333 0 229.1667
v  -447 0 238.8333
v  -447.3333 0 237
v  -448.3333 0 229.1667
v  -426.6667 0 213.3333
v  -426.6667 0 255.1667
v  -427.3333 0 256
v  -461.1667 0 255
v  -453.6667 0 250.3333
v  -453.8333 0 227.3333
v  -456.3333 0 231
v  -463 0 238.5
v  -469.3333 0 243.6667
v  -469.3333 0 215.8333
v  -465.8333 0 215.6667
v  -447.5 0 240.8333
v  -447 0 238.8333
v  -426.6667 0 255.1667
v  -453.6667 0 250.3333
v  -451.5 0 248.1667
v  -427.3333 0 256
v  -427.3333 0 256
v  -463.5 0 256
v  -461.1667 0 255
v  -453.8333 0 227.3333
v  -465.8333 0 215.6667
v  -463.3333 0 214.3333
v  -462.5 0 213.3333
v  -463.3333 0 214.3333
v  -465.8333 0 215.6667
v  -469.3333 0 215.8333
v  -469.3333 0 213.3333
v  -447.6667 0 236.6667
v  -447.3333 0 237
v  -447 0 238.8333
v  -461.1667 0 255
v  -463.5 0 256
v  -464 0 256
v  -447 0 238.8333
v  -447.5 0 240.8333
v  -449 0 241.6667
v  -459.5 0 236.6667
v  -458.1667 0 235.5
v  -447.6667 0 236.6667
v  -461.1667 0 255
v  -469.3333 0 256
v  -469.3333 0 243.8333
v  -459.5 0 236.6667
v  -449 0 241.6667
v  -453.6667 0 250.3333
v  -453.8333 0 227.3333
v  -451 0 226.8333
v  -448.3333 0 229.1667
v  -456.8333 0 233.1667
v  -456.3333 0 231
v  -456.8333 0 233.1667
v  -448.3333 0 229.1667
v  -447.6667 0 236.6667
v  -458.1667 0 235.5
v  -449 0 241.6667
v  -448.8333 0 244.3333
v  -451.5 0 248.1667
v  -453.6667 0 250.3333
v  -461.1667 0 255
v  -464 0 256
v  -469.3333 0 256
v  -469.3333 0 243.8333
v  -469.3333 0 243.6667
v  -463 0 238.5
v  -459.5 0 236.6667
v  -426.6667 0 256
v  -427.1667 0 256
v  -426.6667 0 255.3333
v  -471.5 0 215.1667
v  -473.1667 0 213.3333
v  -469.3333 0 213.3333
v  -469.3333 0 215.8333
v  -469.3333 0 243.6667
v  -469.3333 0 243.8333
v  -471.1667 0 246.1667
v  -475 0 249.3333
v  -477 0 250.3333
v  -471.1667 0 246.1667
v  -472.1667 0 248.6667
v  -475 0 249.3333
v  -479.3333 0 252.6667
v  -480.8333 0 256
v  -512 0 256
v  -477 0 250.3333
v  -479.3333 0 252.6667
v  -512 0 256
v  -471.5 0 215.1667
v  -469.3333 0 215.8333
v  -469.3333 0 243.6667
v  -473.1667 0 213.3333
v  -471.5 0 215.1667
v  -469.3333 0 243.6667
v  -477 0 250.3333
v  -512 0 256
v  -512 0 213.3333
v  -477 0 250.3333
v  -475 0 249.3333
v  -472.1667 0 248.6667
v  -469.3333 0 256
v  -480.8333 0 256
v  -479.3333 0 252.6667
v  -472.1667 0 248.6667
v  -471.1667 0 246.1667
v  -469.3333 0 243.8333
v  -469.3333 0 256
v  -512 0 256
v  -554.6667 0 256
v  -554.6667 0 213.3333
v  -512 0 213.3333
v  -554.6667 0 256
v  -555 0 256
v  -555 0 250
v  -554.6667 0 213.3333
v  -588.8334 0 248.5
v  -592.3334 0 250
v  -595.3334 0 247.6667
v  -587.8334 0 248.5
v  -588.8334 0 248.5
v  -595.3334 0 247.6667
v  -569.5 0 247.5
v  -573.8334 0 250
v  -577.3334 0 249.3333
v  -577.3334 0 249.3333
v  -583.1667 0 249.5
v  -587.8334 0 248.5
v  -577.3334 0 249.3333
v  -587.8334 0 248.5
v  -595.3334 0 247.6667
v  -569.5 0 247.5
v  -554.6667 0 213.3333
v  -558.5 0 247.5
v  -569.5 0 247.5
v  -569.5 0 247.5
v  -595.3334 0 247.6667
v  -597.3334 0 247.5
v  -597.3334 0 213.3333
v  -554.6667 0 213.3333
v  -554.6667 0 213.3333
v  -555 0 250
v  -558.5 0 247.5
v  -592.3334 0 250
v  -588.8334 0 248.5
v  -587.8334 0 248.5
v  -583.1667 0 249.5
v  -597.3334 0 247.5
v  -595.3334 0 247.6667
v  -592.3334 0 250
v  -597.3334 0 256
v  -583.1667 0 249.5
v  -577.3334 0 249.3333
v  -573.8334 0 250
v  -555 0 256
v  -597.3334 0 256
v  -592.3334 0 250
v  -558.5 0 247.5
v  -555 0 250
v  -555 0 256
v  -573.8334 0 250
v  -569.5 0 247.5
v  -606.6667 0 247.5
v  -611.0001 0 250
v  -614.0001 0 248.1667
v  -618.1667 0 248
v  -622.5001 0 249
v  -626.5001 0 249
v  -640.0001 0 213.3333
v  -597.3334 0 213.3333
v  -626.5001 0 249
v  -630.5001 0 250.3333
v  -636.3334 0 250.5
v  -640.0001 0 213.3333
v  -606.6667 0 247.5
v  -614.0001 0 248.1667
v  -618.1667 0 248
v  -597.3334 0 213.3333
v  -597.3334 0 213.3333
v  -597.3334 0 247.5
v  -606.6667 0 247.5
v  -636.3334 0 250.5
v  -640.0001 0 251.6667
v  -640.0001 0 213.3333
v  -640.0001 0 251.8333
v  -640.0001 0 251.6667
v  -636.3334 0 250.5
v  -640.0001 0 256
v  -640.0001 0 251.8333
v  -636.3334 0 250.5
v  -630.5001 0 250.3333
v  -618.1667 0 248
v  -614.0001 0 248.1667
v  -611.0001 0 250
v  -622.5001 0 249
v  -630.5001 0 250.3333
v  -626.5001 0 249
v  -622.5001 0 249
v  -611.0001 0 250
v  -597.3334 0 256
v  -640.0001 0 256
v  -606.6667 0 247.5
v  -597.3334 0 247.5
v  -597.3334 0 256
v  -611.0001 0 250
v  -640 0 251.6667
v  -640 0 251.8333
v  -642.5 0 253.3333
v  -643.6667 0 254.8333
v  -644 0 256
v  -682.6667 0 256
v  -640 0 213.3333
v  -640 0 251.6667
v  -642.5 0 253.3333
v  -642.5 0 253.3333
v  -643.6667 0 254.8333
v  -682.6667 0 256
v  -682.6667 0 213.3333
v  -640 0 213.3333
v  -644 0 256
v  -643.6667 0 254.8333
v  -642.5 0 253.3333
v  -640 0 251.8333
v  -640 0 256
v  -682.6667 0 256
v  -725.3334 0 256
v  -725.3334 0 213.3333
v  -682.6667 0 213.3333
v  -725.3334 0 256
v  -768.0001 0 256
v  -768.0001 0 213.3333
v  -725.3334 0 213.3333
v  -768 0 256
v  -810.6667 0 256
v  -810.6667 0 213.3333
v  -768 0 213.3333
v  -836 0 244.1667
v  -836 0 243.6667
v  -835.3334 0 243.3333
v  -833.6667 0 249.3333
v  -828.6667 0 256
v  -828.8334 0 256
v  -829.3334 0 254.3333
v  -829.3334 0 254.3333
v  -831.1667 0 234.5
v  -831.1667 0 233.3333
v  -829.1667 0 213.3333
v  -810.6667 0 213.3333
v  -810.6667 0 256
v  -831.1667 0 233.3333
v  -832.5 0 229.1667
v  -832.5 0 225
v  -829.1667 0 213.3333
v  -833.6667 0 249.3333
v  -835.3334 0 243.3333
v  -832.5 0 239.1667
v  -833.6667 0 249.3333
v  -832.5 0 239.1667
v  -831.1667 0 234.5
v  -829.3334 0 254.3333
v  -810.6667 0 256
v  -828.6667 0 256
v  -829.3334 0 254.3333
v  -832.5 0 229.1667
v  -831.1667 0 233.3333
v  -831.1667 0 234.5
v  -832.5 0 239.1667
v  -835.3334 0 243.3333
v  -836 0 243.6667
v  -836 0 243.6667
v  -836 0 244.1667
v  -853.3334 0 256
v  -833.6667 0 249.3333
v  -829.3334 0 254.3333
v  -828.8334 0 256
v  -853.3334 0 256
v  -836 0 244.1667
v  -833.6667 0 249.3333
v  -853.3334 0 256
v  -853.3334 0 213.3333
v  -829.1667 0 213.3333
v  -832.5 0 225
v  -832.5 0 225
v  -832.5 0 229.1667
v  -836 0 243.6667
v  -853.3334 0 256
v  -853.3334 0 213.3333
v  -853.3334 0 256
v  -869.3334 0 256
v  -869.3334 0 213.3333
v  -853.3334 0 213.3333
v  -30.5 0 298.6667
v  -42.66667 0 298.6667
v  -42.66667 0 256
v  -30.5 0 256
v  -68.33334 0 262.5
v  -69.33334 0 257.5
v  -69.33334 0 256
v  -42.66667 0 256
v  -67.33334 0 265.1667
v  -73.16667 0 298.6667
v  -73.16667 0 293
v  -70.83334 0 286.1667
v  -42.66667 0 298.6667
v  -70 0 274.1667
v  -70.16667 0 267.6667
v  -67.33334 0 265.1667
v  -70.83334 0 286.1667
v  -71.33334 0 282
v  -70 0 274.1667
v  -67.33334 0 265.1667
v  -42.66667 0 256
v  -42.66667 0 298.6667
v  -69.5 0 256
v  -69.33334 0 256
v  -69.33334 0 257.5
v  -70.16667 0 267.6667
v  -68.33334 0 262.5
v  -67.33334 0 265.1667
v  -70.16667 0 267.6667
v  -69.33334 0 257.5
v  -68.33334 0 262.5
v  -70.16667 0 267.6667
v  -71.33334 0 282
v  -70.83334 0 286.1667
v  -73.16667 0 293
v  -85.33334 0 256
v  -69.5 0 256
v  -70.16667 0 267.6667
v  -71.33334 0 282
v  -73.16667 0 293
v  -85.33334 0 298.6667
v  -73.16667 0 293
v  -73.16667 0 298.6667
v  -85.33334 0 298.6667
v  -70.16667 0 267.6667
v  -70 0 274.1667
v  -71.33334 0 282
v  -85.33334 0 298.6667
v  -128 0 298.6667
v  -128 0 256
v  -85.33334 0 256
v  -128 0 298.6667
v  -170.6667 0 298.6667
v  -170.6667 0 256
v  -128 0 256
v  -197 0 298.6667
v  -197.1667 0 298.6667
v  -198.6667 0 296.1667
v  -170.6667 0 298.6667
v  -197 0 298.6667
v  -198.6667 0 296.1667
v  -170.6667 0 298.6667
v  -198.6667 0 296.1667
v  -202.3333 0 292.5
v  -170.6667 0 298.6667
v  -202.3333 0 292.5
v  -205.1667 0 290.6667
v  -213.3333 0 256
v  -170.6667 0 256
v  -211.6667 0 292.6667
v  -213.3333 0 295.5
v  -213.3333 0 256
v  -209.5 0 291.3333
v  -211.6667 0 292.6667
v  -213.3333 0 256
v  -207.3333 0 290.5
v  -209.5 0 291.3333
v  -213.3333 0 256
v  -205.1667 0 290.6667
v  -207.3333 0 290.5
v  -213.3333 0 256
v  -213.3333 0 296.1667
v  -213.3333 0 295.5
v  -211.6667 0 292.6667
v  -209.5 0 291.3333
v  -209.5 0 291.3333
v  -207.3333 0 290.5
v  -205.1667 0 290.6667
v  -202.3333 0 292.5
v  -202.3333 0 292.5
v  -198.6667 0 296.1667
v  -197.1667 0 298.6667
v  -213.3333 0 298.6667
v  -213.3333 0 296.1667
v  -209.5 0 291.3333
v  -213.3333 0 295.5
v  -213.3333 0 296.1667
v  -213.6667 0 297
v  -234.5 0 286
v  -232.5 0 278.8333
v  -213.6667 0 297
v  -213.6667 0 298.6667
v  -213.8333 0 298.6667
v  -243.6667 0 297
v  -234.5 0 286
v  -235.6667 0 262.5
v  -238 0 260.8333
v  -238 0 259.3333
v  -234 0 276.3333
v  -236 0 275.6667
v  -234.8333 0 270.6667
v  -235.6667 0 262.5
v  -238 0 259.3333
v  -239.1667 0 256
v  -213.3333 0 256
v  -232.5 0 278.3333
v  -234 0 276.3333
v  -234.8333 0 270.6667
v  -234.8333 0 267
v  -213.8333 0 298.6667
v  -247.5 0 298.6667
v  -243.6667 0 297
v  -232.5 0 278.3333
v  -234.8333 0 267
v  -235.6667 0 262.5
v  -213.3333 0 256
v  -213.3333 0 295.5
v  -232.5 0 278.8333
v  -232.5 0 278.3333
v  -213.3333 0 295.5
v  -234 0 276.3333
v  -232.5 0 278.3333
v  -232.5 0 278.8333
v  -234.5 0 286
v  -236 0 275.6667
v  -243.6667 0 297
v  -247.5 0 298.6667
v  -247.8333 0 298.6667
v  -254.3333 0 260.5
v  -254.6667 0 257
v  -254.3333 0 256
v  -249.6667 0 269.8333
v  -249.6667 0 268.5
v  -238 0 260.8333
v  -239.1667 0 256
v  -238 0 259.3333
v  -238 0 260.8333
v  -256 0 275.1667
v  -253.5 0 274.1667
v  -250.3333 0 274.5
v  -238 0 260.8333
v  -235.6667 0 262.5
v  -234.8333 0 267
v  -252.6667 0 264.1667
v  -254.3333 0 260.5
v  -254.3333 0 256
v  -239.1667 0 256
v  -238 0 260.8333
v  -249.6667 0 268.5
v  -234.8333 0 267
v  -234.8333 0 270.6667
v  -236 0 275.6667
v  -250.3333 0 274.5
v  -249.6667 0 269.8333
v  -238 0 260.8333
v  -250.3333 0 274.5
v  -236 0 275.6667
v  -234.5 0 286
v  -243.6667 0 297
v  -256 0 298.6667
v  -256 0 275.1667
v  -243.6667 0 297
v  -247.8333 0 298.6667
v  -256 0 298.6667
v  -256 0 256
v  -254.3333 0 256
v  -254.6667 0 257
v  -256 0 256
v  -254.6667 0 257
v  -254.3333 0 260.5
v  -256 0 275.1667
v  -249.6667 0 269.8333
v  -250.3333 0 274.5
v  -253.5 0 274.1667
v  -252.6667 0 264.1667
v  -249.6667 0 268.5
v  -249.6667 0 269.8333
v  -253.5 0 274.1667
v  -256 0 275.1667
v  -256 0 275.1667
v  -254.3333 0 260.5
v  -252.6667 0 264.1667
v  -213.3333 0 298.6667
v  -213.6667 0 298.6667
v  -213.6667 0 297
v  -213.3333 0 296.1667
v  -292.3333 0 269
v  -292 0 271
v  -293 0 273.3333
v  -276.6667 0 261.5
v  -277 0 256
v  -276.6667 0 256
v  -274.6667 0 279
v  -276.6667 0 277.8333
v  -277.3333 0 274.1667
v  -292 0 280
v  -290.5 0 282.8333
v  -289.6667 0 286.3333
v  -298.6667 0 298.6667
v  -273.5 0 280.3333
v  -274.6667 0 279
v  -277.3333 0 274.1667
v  -278.8333 0 271
v  -298.6667 0 256
v  -290.5 0 256
v  -291.5 0 259.5
v  -292.1667 0 264.5
v  -292.3333 0 269
v  -293 0 273.3333
v  -298.6667 0 256
v  -298.6667 0 256
v  -291.5 0 259.5
v  -292.1667 0 264.5
v  -268.3333 0 285.6667
v  -271.1667 0 289.3333
v  -271 0 285.6667
v  -267.5 0 284.1667
v  -271.6667 0 283.3333
v  -273.5 0 280.3333
v  -278.8333 0 271
v  -271.5 0 294.8333
v  -276.3333 0 293.8333
v  -274 0 293
v  -256 0 256
v  -256 0 275.1667
v  -257.1667 0 275.5
v  -276.6667 0 261.5
v  -276.6667 0 256
v  -256 0 256
v  -298.6667 0 256
v  -293 0 273.3333
v  -293 0 277
v  -298.6667 0 298.6667
v  -271.6667 0 283.3333
v  -278.8333 0 271
v  -276.6667 0 261.5
v  -256 0 256
v  -257.1667 0 275.5
v  -263 0 280.1667
v  -298.6667 0 298.6667
v  -293 0 277
v  -292 0 280
v  -271.3333 0 291.6667
v  -272.1667 0 291.1667
v  -271.1667 0 289.3333
v  -268.3333 0 285.6667
v  -298.6667 0 298.6667
v  -289.6667 0 286.3333
v  -288.8333 0 288
v  -298.6667 0 298.6667
v  -288.8333 0 288
v  -286.6667 0 290.1667
v  -298.6667 0 298.6667
v  -286.6667 0 290.1667
v  -285.5 0 290.8333
v  -269 0 298.6667
v  -298.6667 0 298.6667
v  -285.5 0 290.8333
v  -281 0 292.8333
v  -271.6667 0 283.3333
v  -263 0 280.1667
v  -267.5 0 284.1667
v  -271 0 285.6667
v  -269 0 298.6667
v  -281 0 292.8333
v  -278.3333 0 293.6667
v  -270.3333 0 297.8333
v  -274 0 293
v  -272.1667 0 291.1667
v  -271.3333 0 291.6667
v  -271.5 0 294.8333
v  -271.5 0 294.8333
v  -270.3333 0 297.8333
v  -278.3333 0 293.6667
v  -276.3333 0 293.8333
v  -277.8333 0 256.3333
v  -277.6667 0 256
v  -277.5 0 256
v  -277.8333 0 256.3333
v  -277.5 0 256
v  -277 0 256
v  -276.6667 0 261.5
v  -290.3333 0 256
v  -288 0 256
v  -288.1667 0 258.5
v  -290.5 0 256
v  -290.3333 0 256
v  -288.1667 0 258.5
v  -287.5 0 259.8333
v  -291.5 0 259.5
v  -292 0 271
v  -292.3333 0 269
v  -292.1667 0 264.5
v  -282 0 260.1667
v  -281.6667 0 258.8333
v  -280 0 257
v  -277.8333 0 256.3333
v  -276.6667 0 261.5
v  -292.1667 0 264.5
v  -291.5 0 259.5
v  -287.5 0 259.8333
v  -284.3333 0 261.1667
v  -276.6667 0 277.8333
v  -274.6667 0 279
v  -273.5 0 280.3333
v  -271.6667 0 283.3333
v  -271 0 285.6667
v  -285.5 0 290.8333
v  -286.6667 0 290.1667
v  -288.8333 0 288
v  -281 0 292.8333
v  -274 0 293
v  -276.3333 0 293.8333
v  -278.3333 0 293.6667
v  -281 0 292.8333
v  -271.1667 0 289.3333
v  -272.1667 0 291.1667
v  -274 0 293
v  -271 0 285.6667
v  -292 0 271
v  -292.1667 0 264.5
v  -284.3333 0 261.1667
v  -278.8333 0 271
v  -276.6667 0 277.8333
v  -290.5 0 282.8333
v  -288.8333 0 288
v  -289.6667 0 286.3333
v  -290.5 0 282.8333
v  -271 0 285.6667
v  -274 0 293
v  -281 0 292.8333
v  -288.8333 0 288
v  -290.5 0 282.8333
v  -276.6667 0 277.8333
v  -284.3333 0 261.1667
v  -282.8333 0 261
v  -276.6667 0 261.5
v  -278.8333 0 271
v  -278.8333 0 271
v  -277.3333 0 274.1667
v  -276.6667 0 277.8333
v  -293 0 277
v  -293 0 273.3333
v  -292 0 271
v  -290.5 0 282.8333
v  -292 0 280
v  -282.8333 0 261
v  -282 0 260.1667
v  -276.6667 0 261.5
v  -281.6667 0 258.8333
v  -282 0 260.1667
v  -282.8333 0 261
v  -284.3333 0 261.1667
v  -277.6667 0 256
v  -277.8333 0 256.3333
v  -280 0 257
v  -288 0 256
v  -287.5 0 259.8333
v  -288.1667 0 258.5
v  -288 0 256
v  -280 0 257
v  -281.6667 0 258.8333
v  -284.3333 0 261.1667
v  -268.6667 0 298.6667
v  -269 0 298.6667
v  -270.3333 0 297.8333
v  -271.5 0 294.8333
v  -271.3333 0 291.6667
v  -263 0 280.1667
v  -257.1667 0 275.5
v  -256 0 275.1667
v  -268.6667 0 298.6667
v  -271.3333 0 291.6667
v  -268.3333 0 285.6667
v  -263 0 280.1667
v  -256 0 275.1667
v  -256 0 298.6667
v  -268.3333 0 285.6667
v  -267.5 0 284.1667
v  -263 0 280.1667
v  -298.6667 0 298.6667
v  -341.3333 0 298.6667
v  -341.3333 0 256
v  -298.6667 0 256
v  -341.3333 0 298.6667
v  -384 0 298.6667
v  -384 0 256
v  -341.3333 0 256
v  -413.8333 0 258
v  -414.5 0 257.5
v  -413.6667 0 256.6667
v  -413.3333 0 261.8333
v  -413.8333 0 258
v  -413.6667 0 256.6667
v  -413.3333 0 261.8333
v  -413.6667 0 256.6667
v  -413.6667 0 256
v  -384 0 256
v  -426.6667 0 298.6667
v  -418.1667 0 268
v  -416.1667 0 266
v  -384 0 256
v  -384 0 298.6667
v  -426.6667 0 298.6667
v  -426.6667 0 273
v  -418.1667 0 268
v  -416.1667 0 266
v  -413.3333 0 261.8333
v  -384 0 256
v  -413.6667 0 256
v  -413.6667 0 256.6667
v  -414.5 0 257.5
v  -426.6667 0 256
v  -414.5 0 257.5
v  -413.8333 0 258
v  -413.3333 0 261.8333
v  -413.3333 0 261.8333
v  -416.1667 0 266
v  -418.1667 0 268
v  -426.6667 0 273
v  -426.6667 0 256
v  -414.5 0 257.5
v  -440 0 266.8333
v  -440 0 266.5
v  -437.6667 0 265.3333
v  -436.1667 0 265
v  -467 0 293.1667
v  -469.3333 0 291.5
v  -469.3333 0 290.8333
v  -443 0 295.1667
v  -448 0 296.3333
v  -455.6667 0 296.5
v  -461.3333 0 294.5
v  -427.5 0 273.5
v  -427.5 0 274.1667
v  -429.1667 0 277.8333
v  -436.1667 0 265
v  -436.1667 0 265
v  -434.3333 0 261.8333
v  -432.5 0 260
v  -443.5 0 272.1667
v  -442 0 268.6667
v  -440 0 266.8333
v  -432.5 0 260
v  -427.3333 0 256
v  -427.1667 0 256
v  -452.5 0 271.6667
v  -448.1667 0 271
v  -445.5 0 272
v  -432.5 0 260
v  -427.1667 0 256
v  -426.6667 0 256
v  -426.6667 0 273
v  -427.5 0 273.5
v  -436.1667 0 265
v  -429.1667 0 277.8333
v  -428.8333 0 279.3333
v  -431.5 0 285.3333
v  -443.5 0 272.1667
v  -440 0 266.8333
v  -436.1667 0 265
v  -467 0 293.1667
v  -469.3333 0 290.8333
v  -469.3333 0 285.5
v  -467 0 293.1667
v  -469.3333 0 285.5
v  -469.3333 0 285
v  -464 0 278.1667
v  -461.3333 0 294.5
v  -452.5 0 271.6667
v  -445.5 0 272
v  -443.5 0 272.1667
v  -464 0 278.1667
v  -452.5 0 271.6667
v  -443.5 0 272.1667
v  -431.5 0 285.3333
v  -443 0 295.1667
v  -461.3333 0 294.5
v  -464.5 0 256.5
v  -464 0 256
v  -463.5 0 256
v  -464.8333 0 258.1667
v  -469.3333 0 265.6667
v  -469.3333 0 265.5
v  -467.8333 0 264.3333
v  -464 0 278.1667
v  -467.8333 0 264.3333
v  -466.8333 0 262.8333
v  -440 0 266.5
v  -440 0 266.8333
v  -442 0 268.6667
v  -448.1667 0 271
v  -443.5 0 272.1667
v  -445.5 0 272
v  -448.1667 0 271
v  -442 0 268.6667
v  -434.3333 0 261.8333
v  -436.1667 0 265
v  -437.6667 0 265.3333
v  -452.5 0 271.6667
v  -464 0 278.1667
v  -466.8333 0 262.8333
v  -463.5 0 256
v  -427.3333 0 256
v  -432.5 0 260
v  -434.3333 0 261.8333
v  -437.6667 0 265.3333
v  -440 0 266.5
v  -466.8333 0 262.8333
v  -464.8333 0 258.1667
v  -463.5 0 256
v  -464 0 278.1667
v  -469.3333 0 285
v  -469.3333 0 265.6667
v  -467.8333 0 264.3333
v  -432.5 0 260
v  -434.3333 0 261.8333
v  -440 0 266.5
v  -448.1667 0 271
v  -452.5 0 271.6667
v  -466.8333 0 262.8333
v  -467.8333 0 264.3333
v  -469.3333 0 265.5
v  -469.3333 0 256
v  -464.5 0 256.5
v  -464.8333 0 258.1667
v  -469.3333 0 256
v  -464 0 256
v  -464.5 0 256.5
v  -427.5 0 274.1667
v  -427.5 0 273.5
v  -426.6667 0 273
v  -428.8333 0 279.3333
v  -429.1667 0 277.8333
v  -427.5 0 274.1667
v  -469.3333 0 298.6667
v  -469.3333 0 291.5
v  -467 0 293.1667
v  -428.8333 0 279.3333
v  -427.5 0 274.1667
v  -426.6667 0 273
v  -426.6667 0 298.6667
v  -469.3333 0 298.6667
v  -467 0 293.1667
v  -461.3333 0 294.5
v  -455.6667 0 296.5
v  -426.6667 0 298.6667
v  -448 0 296.3333
v  -443 0 295.1667
v  -469.3333 0 298.6667
v  -455.6667 0 296.5
v  -448 0 296.3333
v  -426.6667 0 298.6667
v  -431.5 0 285.3333
v  -428.8333 0 279.3333
v  -426.6667 0 298.6667
v  -443 0 295.1667
v  -431.5 0 285.3333
v  -426.6667 0 298.6667
v  -474.8333 0 268.1667
v  -475.1667 0 269
v  -476.3333 0 270.1667
v  -480 0 270.1667
v  -484.5 0 269.6667
v  -469.3333 0 265.5
v  -469.3333 0 265.6667
v  -472.5 0 267.6667
v  -474.8333 0 268.1667
v  -490.3333 0 265.6667
v  -490.6667 0 263
v  -489 0 261.6667
v  -474.8333 0 268.1667
v  -484.5 0 269.6667
v  -482 0 259.6667
v  -480.8333 0 256
v  -469.3333 0 256
v  -469.3333 0 265.5
v  -490.3333 0 265.6667
v  -489 0 261.6667
v  -487 0 260.6667
v  -482 0 259.6667
v  -484.5 0 269.6667
v  -488 0 268.3333
v  -470 0 288.8333
v  -469.3333 0 290.8333
v  -469.3333 0 291.5
v  -469.3333 0 285
v  -469.3333 0 285.5
v  -470 0 287.8333
v  -480 0 270.1667
v  -476.3333 0 270.1667
v  -475.1667 0 269
v  -474.8333 0 268.1667
v  -472.5 0 267.6667
v  -476.3333 0 270.1667
v  -475.1667 0 269
v  -472.5 0 267.6667
v  -480.8333 0 256
v  -482 0 259.6667
v  -487 0 260.6667
v  -476.3333 0 270.1667
v  -472.5 0 267.6667
v  -469.3333 0 265.6667
v  -469.3333 0 285
v  -470 0 288.8333
v  -469.3333 0 291.5
v  -469.3333 0 298.6667
v  -512 0 298.6667
v  -512 0 256
v  -488 0 268.3333
v  -480.8333 0 256
v  -487 0 260.6667
v  -489 0 261.6667
v  -512 0 256
v  -512 0 256
v  -490.6667 0 263
v  -490.3333 0 265.6667
v  -512 0 256
v  -489 0 261.6667
v  -490.6667 0 263
v  -488 0 268.3333
v  -484.5 0 269.6667
v  -470 0 288.8333
v  -480 0 270.1667
v  -470 0 287.8333
v  -470 0 288.8333
v  -484.5 0 269.6667
v  -512 0 256
v  -490.3333 0 265.6667
v  -488 0 268.3333
v  -469.3333 0 290.8333
v  -470 0 288.8333
v  -470 0 287.8333
v  -469.3333 0 285.5
v  -512 0 298.6667
v  -554.6667 0 298.6667
v  -554.6667 0 256
v  -512 0 256
v  -597.3334 0 262.5
v  -594.6667 0 262.5
v  -592.1667 0 263
v  -589.3334 0 264.5
v  -587.5 0 266.1667
v  -597.3334 0 298.6667
v  -597.3334 0 298.6667
v  -585 0 266.6667
v  -579 0 266.1667
v  -577.8334 0 265.6667
v  -574.1667 0 263
v  -572.3334 0 262.5
v  -557.6667 0 262.5
v  -555 0 263
v  -555 0 263
v  -555 0 256
v  -554.6667 0 256
v  -554.6667 0 298.6667
v  -579 0 266.1667
v  -577.8334 0 265.6667
v  -555 0 263
v  -554.6667 0 298.6667
v  -597.3334 0 298.6667
v  -597.3334 0 298.6667
v  -587.5 0 266.1667
v  -585 0 266.6667
v  -585 0 266.6667
v  -587.5 0 266.1667
v  -589.3334 0 264.5
v  -574.1667 0 263
v  -577.8334 0 265.6667
v  -579 0 266.1667
v  -585 0 266.6667
v  -555 0 256
v  -555 0 263
v  -557.6667 0 262.5
v  -594.6667 0 262.5
v  -597.3334 0 262.5
v  -597.3334 0 256
v  -585 0 266.6667
v  -589.3334 0 264.5
v  -592.1667 0 263
v  -597.3334 0 256
v  -555 0 256
v  -574.1667 0 263
v  -592.1667 0 263
v  -594.6667 0 262.5
v  -597.3334 0 256
v  -555 0 256
v  -557.6667 0 262.5
v  -572.3334 0 262.5
v  -555 0 256
v  -572.3334 0 262.5
v  -574.1667 0 263
v  -628.1667 0 262.8333
v  -629.3334 0 262.8333
v  -629.3334 0 262.5
v  -609.5001 0 262.5
v  -611.3334 0 263
v  -612.3334 0 262.5
v  -609.5001 0 262.5
v  -612.3334 0 262.5
v  -616.1667 0 262.1667
v  -622.1667 0 262.8333
v  -628.1667 0 262.8333
v  -629.3334 0 262.5
v  -640.0001 0 256
v  -597.3334 0 256
v  -616.1667 0 262.1667
v  -639.5001 0 298.6667
v  -640.0001 0 298.6667
v  -640.0001 0 293.6667
v  -597.3334 0 256
v  -597.3334 0 262.5
v  -609.5001 0 262.5
v  -616.1667 0 262.1667
v  -629.3334 0 262.5
v  -629.6667 0 262.5
v  -640.0001 0 256
v  -627.8334 0 265.3333
v  -629.1667 0 263.1667
v  -628.1667 0 262.8333
v  -627.3334 0 267.3333
v  -627.8334 0 265.3333
v  -628.1667 0 262.8333
v  -622.1667 0 262.8333
v  -624.8334 0 271.8333
v  -626.1667 0 269.6667
v  -616.1667 0 262.1667
v  -612.3334 0 262.5
v  -611.3334 0 263
v  -624.8334 0 283.1667
v  -624.8334 0 274
v  -622.1667 0 262.8333
v  -624.8334 0 274
v  -624.8334 0 271.8333
v  -622.1667 0 262.8333
v  -626.1667 0 289.6667
v  -627.1667 0 286.1667
v  -624.8334 0 283.1667
v  -611.3334 0 263
v  -609.5001 0 262.5
v  -597.3334 0 262.5
v  -625.1667 0 298.6667
v  -626.1667 0 293.1667
v  -626.1667 0 289.6667
v  -625.1667 0 298.6667
v  -626.1667 0 289.6667
v  -624.8334 0 283.1667
v  -611.3334 0 263
v  -597.3334 0 262.5
v  -597.3334 0 298.6667
v  -629.5001 0 262.8333
v  -629.6667 0 262.5
v  -629.3334 0 262.5
v  -629.3334 0 262.8333
v  -629.3334 0 262.8333
v  -628.1667 0 262.8333
v  -629.1667 0 263.1667
v  -629.5001 0 262.8333
v  -629.3334 0 262.8333
v  -629.1667 0 263.1667
v  -639.6667 0 269.3333
v  -640.0001 0 268.6667
v  -640.0001 0 268
v  -639.6667 0 268.5
v  -629.5001 0 262.8333
v  -629.1667 0 263.1667
v  -627.8334 0 265.3333
v  -628.1667 0 265.3333
v  -624.8334 0 274
v  -637.6667 0 274
v  -626.6667 0 270.8333
v  -624.8334 0 271.8333
v  -639.6667 0 283.5
v  -638.1667 0 274
v  -637.6667 0 274
v  -626.1667 0 269.6667
v  -624.8334 0 271.8333
v  -626.6667 0 270.8333
v  -627.3334 0 267.3333
v  -626.1667 0 269.6667
v  -626.6667 0 270.8333
v  -627.3334 0 267.3333
v  -626.6667 0 270.8333
v  -628.1667 0 265.3333
v  -627.8334 0 265.3333
v  -639.6667 0 268.5
v  -638.1667 0 274
v  -639.6667 0 269.3333
v  -638.1667 0 274
v  -639.6667 0 274
v  -639.6667 0 269.3333
v  -637.6667 0 274
v  -638.1667 0 274
v  -639.6667 0 268.5
v  -628.1667 0 265.3333
v  -626.6667 0 270.8333
v  -640.0001 0 268.6667
v  -639.6667 0 269.3333
v  -639.6667 0 274
v  -639.6667 0 274
v  -639.6667 0 283.5
v  -640.0001 0 284.5
v  -640.0001 0 268.6667
v  -640.0001 0 285.5
v  -640.0001 0 284.5
v  -639.6667 0 283.5
v  -640.0001 0 287.6667
v  -640.0001 0 285.5
v  -639.6667 0 283.5
v  -640.0001 0 288
v  -640.0001 0 287.6667
v  -639.6667 0 283.5
v  -639.5001 0 298.6667
v  -640.0001 0 293.6667
v  -640.0001 0 291.8333
v  -626.1667 0 293.1667
v  -625.1667 0 298.6667
v  -627.1667 0 286.1667
v  -626.1667 0 289.6667
v  -626.1667 0 293.1667
v  -640.0001 0 291.8333
v  -640.0001 0 288
v  -639.6667 0 283.5
v  -624.8334 0 274
v  -624.8334 0 283.1667
v  -627.1667 0 286.1667
v  -639.6667 0 283.5
v  -637.6667 0 274
v  -639.6667 0 283.5
v  -639.6667 0 274
v  -638.1667 0 274
v  -629.5001 0 262.8333
v  -628.1667 0 265.3333
v  -639.6667 0 268.5
v  -629.6667 0 262.5
v  -629.5001 0 262.8333
v  -639.6667 0 268.5
v  -640.0001 0 268
v  -640.0001 0 256
v  -644.5 0 257.6667
v  -644 0 256
v  -640 0 256
v  -640.1667 0 267.5
v  -643.1667 0 263.3333
v  -640.1667 0 267.5
v  -642.5 0 266.6667
v  -643.1667 0 263.3333
v  -643.1667 0 263.3333
v  -644.6667 0 261.5
v  -644.5 0 257.6667
v  -640 0 268
v  -640.1667 0 267.5
v  -640 0 256
v  -640.1667 0 267.5
v  -640 0 268
v  -640 0 268.6667
v  -642.5 0 266.6667
v  -640.1667 0 267.5
v  -640 0 268.6667
v  -640 0 284.5
v  -644.6667 0 261.5
v  -643.1667 0 263.3333
v  -642.5 0 266.6667
v  -682.6667 0 256
v  -644 0 256
v  -644.5 0 257.6667
v  -642.5 0 266.6667
v  -640 0 284.5
v  -640 0 285.5
v  -642.5 0 266.6667
v  -640 0 285.5
v  -640 0 287.6667
v  -642.5 0 266.6667
v  -640 0 287.6667
v  -640 0 288
v  -642.5 0 266.6667
v  -640 0 288
v  -640 0 291.8333
v  -642.5 0 266.6667
v  -640 0 291.8333
v  -640 0 293.6667
v  -642.5 0 266.6667
v  -640 0 293.6667
v  -640 0 298.6667
v  -682.6667 0 298.6667
v  -682.6667 0 256
v  -644.6667 0 261.5
v  -682.6667 0 256
v  -644.5 0 257.6667
v  -644.6667 0 261.5
v  -682.6667 0 298.6667
v  -725.3334 0 298.6667
v  -725.3334 0 256
v  -682.6667 0 256
v  -725.3334 0 298.6667
v  -768.0001 0 298.6667
v  -768.0001 0 256
v  -725.3334 0 256
v  -768 0 298.6667
v  -810.6667 0 298.6667
v  -810.6667 0 256
v  -768 0 256
v  -830.3334 0 286.5
v  -832.1667 0 284.8333
v  -832.1667 0 284
v  -829.8334 0 277.3333
v  -826.8334 0 264.6667
v  -826.8334 0 263.3333
v  -810.6667 0 256
v  -829 0 288.6667
v  -830.3334 0 286.5
v  -829.8334 0 277.3333
v  -810.6667 0 298.6667
v  -825.5 0 298.6667
v  -826 0 295.1667
v  -826.8334 0 263.3333
v  -828.6667 0 256
v  -810.6667 0 256
v  -826 0 295.1667
v  -829 0 288.6667
v  -829.8334 0 277.3333
v  -826.8334 0 264.6667
v  -810.6667 0 256
v  -810.6667 0 298.6667
v  -832.1667 0 284.8333
v  -830.3334 0 286.5
v  -829 0 288.6667
v  -826 0 295.1667
v  -825.5 0 298.6667
v  -853.3334 0 298.6667
v  -828.8334 0 256
v  -828.6667 0 256
v  -826.8334 0 263.3333
v  -826.8334 0 264.6667
v  -826.8334 0 264.6667
v  -829.8334 0 277.3333
v  -832.1667 0 284
v  -853.3334 0 298.6667
v  -853.3334 0 256
v  -828.8334 0 256
v  -832.1667 0 284
v  -832.1667 0 284.8333
v  -853.3334 0 298.6667
v  -853.3334 0 298.6667
v  -869.3334 0 298.6667
v  -869.3334 0 256
v  -853.3334 0 256
v  -30.5 0 341.3333
v  -42.66667 0 341.3333
v  -42.66667 0 298.6667
v  -30.5 0 298.6667
v  -73.16667 0 316.1667
v  -73 0 315.1667
v  -72 0 313.6667
v  -72.66667 0 320.5
v  -73.16667 0 318.6667
v  -72.5 0 323.6667
v  -72.66667 0 320.5
v  -72 0 313.6667
v  -72.66667 0 330.1667
v  -72.83334 0 326.8333
v  -72.5 0 323.6667
v  -71.66667 0 309.8333
v  -72.5 0 306.8333
v  -73.16667 0 298.6667
v  -42.66667 0 298.6667
v  -78.83334 0 333.8333
v  -76 0 331.3333
v  -72.66667 0 330.1667
v  -42.66667 0 341.3333
v  -80.16667 0 341.3333
v  -80.33334 0 339.1667
v  -72.5 0 323.6667
v  -72 0 313.6667
v  -71.66667 0 309.8333
v  -42.66667 0 298.6667
v  -42.66667 0 341.3333
v  -72.66667 0 330.1667
v  -73.16667 0 318.6667
v  -72.66667 0 320.5
v  -72.5 0 323.6667
v  -72.83334 0 326.8333
v  -76 0 331.3333
v  -78.83334 0 333.8333
v  -80.33334 0 339.1667
v  -80.16667 0 341.3333
v  -85.33334 0 341.3333
v  -71.66667 0 309.8333
v  -72 0 313.6667
v  -73 0 315.1667
v  -72.5 0 306.8333
v  -72.83334 0 326.8333
v  -72.66667 0 330.1667
v  -76 0 331.3333
v  -78.83334 0 333.8333
v  -80.33334 0 339.1667
v  -85.33334 0 341.3333
v  -85.33334 0 298.6667
v  -73.16667 0 298.6667
v  -72.5 0 306.8333
v  -73.16667 0 316.1667
v  -78.83334 0 333.8333
v  -85.33334 0 341.3333
v  -73.16667 0 316.1667
v  -73.16667 0 318.6667
v  -78.83334 0 333.8333
v  -72.5 0 306.8333
v  -73 0 315.1667
v  -73.16667 0 316.1667
v  -85.33334 0 341.3333
v  -128 0 341.3333
v  -128 0 298.6667
v  -85.33334 0 298.6667
v  -128 0 341.3333
v  -170.6667 0 341.3333
v  -170.6667 0 298.6667
v  -128 0 298.6667
v  -184.8333 0 332.3333
v  -186.1667 0 331.1667
v  -186.1667 0 330.8333
v  -201.6667 0 328
v  -201.5 0 330.3333
v  -206 0 330.3333
v  -201.6667 0 328
v  -206 0 330.3333
v  -207.5 0 331
v  -186.1667 0 330.8333
v  -187.6667 0 330.3333
v  -186.3333 0 323.6667
v  -184.8333 0 332.3333
v  -186.1667 0 330.8333
v  -186.3333 0 323.6667
v  -186.3333 0 320
v  -170.6667 0 298.6667
v  -170.6667 0 341.3333
v  -201.6667 0 328
v  -207.5 0 331
v  -209.5 0 332
v  -201 0 320.5
v  -199.8333 0 310.8333
v  -197.1667 0 314.1667
v  -199.3333 0 316.1667
v  -201.8333 0 311.5
v  -199.8333 0 310.8333
v  -198.3333 0 309.6667
v  -197.1667 0 314.1667
v  -170.6667 0 341.3333
v  -186.8333 0 341.3333
v  -185.6667 0 339.1667
v  -170.6667 0 341.3333
v  -185.6667 0 339.1667
v  -184.8333 0 333.1667
v  -200.3333 0 318
v  -201 0 320.5
v  -209.5 0 332
v  -170.6667 0 341.3333
v  -184.8333 0 333.1667
v  -184.8333 0 332.3333
v  -199.3333 0 316.1667
v  -200.3333 0 318
v  -209.5 0 332
v  -213.3333 0 335.8333
v  -206.5 0 310.1667
v  -204.5 0 311.3333
v  -211.5 0 305.5
v  -206.5 0 310.1667
v  -213.3333 0 335.8333
v  -196.1667 0 302.6667
v  -197 0 298.6667
v  -170.6667 0 298.6667
v  -196.1667 0 305.5
v  -196.1667 0 302.6667
v  -170.6667 0 298.6667
v  -187.5 0 315.1667
v  -190.5 0 313
v  -204.5 0 311.3333
v  -201.8333 0 311.5
v  -199.3333 0 316.1667
v  -213.3333 0 335.8333
v  -212.6667 0 304
v  -211.5 0 305.5
v  -170.6667 0 298.6667
v  -186.3333 0 320
v  -187.5 0 315.1667
v  -213.3333 0 335.8333
v  -213.3333 0 302.3333
v  -212.6667 0 304
v  -198.3333 0 309.6667
v  -196.8333 0 307.5
v  -195 0 313
v  -197.1667 0 314.1667
v  -196.1667 0 305.5
v  -190.5 0 313
v  -195 0 313
v  -196.8333 0 307.5
v  -212.6667 0 304
v  -213.3333 0 302.3333
v  -213.3333 0 301.8333
v  -198.3333 0 309.6667
v  -199.8333 0 310.8333
v  -201.8333 0 311.5
v  -204.5 0 311.3333
v  -206.5 0 310.1667
v  -211.5 0 305.5
v  -212.6667 0 304
v  -213.3333 0 301.8333
v  -213.3333 0 298.6667
v  -197.1667 0 298.6667
v  -197 0 298.6667
v  -196.1667 0 302.6667
v  -196.1667 0 305.5
v  -196.1667 0 305.5
v  -196.8333 0 307.5
v  -198.3333 0 309.6667
v  -197.1667 0 298.6667
v  -196.1667 0 305.5
v  -198.3333 0 309.6667
v  -206.5 0 310.1667
v  -211.5 0 305.5
v  -213.3333 0 298.6667
v  -187.6667 0 330.3333
v  -186.1667 0 330.8333
v  -186.1667 0 331.1667
v  -186.1667 0 331.1667
v  -184.8333 0 332.3333
v  -184.8333 0 333.1667
v  -187.6667 0 330.3333
v  -185.6667 0 339.1667
v  -186.8333 0 341.3333
v  -187 0 341.3333
v  -184.8333 0 333.1667
v  -209.5 0 332
v  -207.5 0 331
v  -206 0 330.3333
v  -201.5 0 330.3333
v  -195 0 313
v  -187.5 0 315.1667
v  -186.3333 0 323.6667
v  -187.6667 0 330.3333
v  -201.5 0 330.3333
v  -201 0 320.5
v  -201 0 320.5
v  -200.3333 0 318
v  -199.3333 0 316.1667
v  -197.1667 0 314.1667
v  -195 0 313
v  -187.6667 0 330.3333
v  -184.8333 0 333.1667
v  -187 0 341.3333
v  -213.3333 0 341.3333
v  -209.5 0 332
v  -201.5 0 330.3333
v  -213.3333 0 336
v  -213.3333 0 335.8333
v  -209.5 0 332
v  -195 0 313
v  -190.5 0 313
v  -187.5 0 315.1667
v  -213.3333 0 341.3333
v  -213.3333 0 336
v  -209.5 0 332
v  -201.5 0 330.3333
v  -201.6667 0 328
v  -201 0 320.5
v  -187.5 0 315.1667
v  -186.3333 0 320
v  -186.3333 0 323.6667
v  -213.6667 0 301.5
v  -213.8333 0 298.6667
v  -213.6667 0 298.6667
v  -213.6667 0 301.5
v  -213.6667 0 298.6667
v  -213.3333 0 298.6667
v  -213.3333 0 301.8333
v  -213.6667 0 301.5
v  -213.3333 0 301.8333
v  -213.3333 0 302.3333
v  -213.3333 0 335.8333
v  -213.3333 0 336
v  -214.6667 0 337
v  -214.6667 0 337.3333
v  -218.5 0 341.3333
v  -218.6667 0 341.3333
v  -214.6667 0 337
v  -253 0 300.1667
v  -247.8333 0 298.6667
v  -247.5 0 298.6667
v  -213.6667 0 301.5
v  -214.6667 0 337
v  -218.6667 0 341.3333
v  -256 0 341.3333
v  -256 0 300.5
v  -253 0 300.1667
v  -247.5 0 298.6667
v  -213.8333 0 298.6667
v  -213.6667 0 301.5
v  -253 0 300.1667
v  -213.6667 0 301.5
v  -213.3333 0 302.3333
v  -213.3333 0 335.8333
v  -214.6667 0 337
v  -256 0 298.6667
v  -247.8333 0 298.6667
v  -253 0 300.1667
v  -256 0 300.5
v  -214.6667 0 337.3333
v  -214.6667 0 337
v  -213.3333 0 336
v  -213.3333 0 341.3333
v  -218.5 0 341.3333
v  -214.6667 0 337.3333
v  -213.3333 0 336
v  -262.5 0 299.5
v  -268 0 299.1667
v  -268.6667 0 298.6667
v  -256 0 298.6667
v  -256 0 300.5
v  -262.5 0 299.5
v  -256 0 298.6667
v  -269 0 298.6667
v  -268.6667 0 298.6667
v  -268 0 299.1667
v  -268 0 299.1667
v  -262.5 0 299.5
v  -256 0 300.5
v  -256 0 341.3333
v  -298.6667 0 341.3333
v  -298.6667 0 298.6667
v  -298.6667 0 298.6667
v  -269 0 298.6667
v  -268 0 299.1667
v  -298.6667 0 341.3333
v  -341.3333 0 341.3333
v  -341.3333 0 298.6667
v  -298.6667 0 298.6667
v  -384 0 332
v  -384 0 331.8333
v  -382.6667 0 331
v  -379.8333 0 304.5
v  -384 0 305
v  -384 0 298.6667
v  -377.5 0 305.6667
v  -379.8333 0 304.5
v  -384 0 298.6667
v  -341.3333 0 298.6667
v  -384 0 341.3333
v  -384 0 332
v  -382.6667 0 331
v  -384 0 341.3333
v  -382.6667 0 331
v  -379.5 0 327
v  -341.3333 0 341.3333
v  -341.3333 0 341.3333
v  -379.5 0 327
v  -376 0 312.6667
v  -341.3333 0 298.6667
v  -376 0 312.6667
v  -377.5 0 305.6667
v  -341.3333 0 298.6667
v  -384 0 305
v  -379.8333 0 304.5
v  -377.5 0 305.6667
v  -379.5 0 327
v  -382.6667 0 331
v  -384 0 331.8333
v  -384 0 305
v  -377.5 0 305.6667
v  -376 0 312.6667
v  -384 0 298.6667
v  -384 0 305
v  -386.1667 0 305.1667
v  -388.6667 0 335.6667
v  -384 0 332
v  -384 0 341.3333
v  -400 0 339.6667
v  -396.1667 0 338
v  -388.6667 0 335.6667
v  -384 0 341.3333
v  -386.1667 0 305.1667
v  -395.5 0 310.1667
v  -398.1667 0 310.8333
v  -426.6667 0 298.6667
v  -384 0 298.6667
v  -406.5 0 325.8333
v  -406.6667 0 335
v  -426.6667 0 341.3333
v  -426.6667 0 298.6667
v  -398.1667 0 310.8333
v  -400.8333 0 313.5
v  -403.1667 0 339.6667
v  -400 0 339.6667
v  -384 0 341.3333
v  -426.6667 0 341.3333
v  -406.5 0 325.8333
v  -426.6667 0 341.3333
v  -426.6667 0 298.6667
v  -400.8333 0 313.5
v  -405.5 0 337.6667
v  -403.1667 0 339.6667
v  -426.6667 0 341.3333
v  -406.6667 0 335
v  -405.5 0 337.6667
v  -426.6667 0 341.3333
v  -403.1667 0 339.6667
v  -405.5 0 337.6667
v  -406.6667 0 335
v  -406.5 0 325.8333
v  -396.1667 0 338
v  -400 0 339.6667
v  -384 0 331.8333
v  -384 0 332
v  -388.6667 0 335.6667
v  -396.1667 0 338
v  -400.8333 0 313.5
v  -398.1667 0 310.8333
v  -395.5 0 310.1667
v  -395.5 0 310.1667
v  -386.1667 0 305.1667
v  -384 0 305
v  -400.8333 0 313.5
v  -395.5 0 310.1667
v  -384 0 305
v  -384 0 331.8333
v  -396.1667 0 338
v  -406.5 0 325.8333
v  -426.6667 0 341.3333
v  -469.3333 0 341.3333
v  -469.3333 0 298.6667
v  -426.6667 0 298.6667
v  -494.6667 0 322
v  -496.8333 0 320
v  -497 0 319.5
v  -511.5 0 337.6667
v  -510.1667 0 341.3333
v  -512 0 341.3333
v  -511.5 0 333.6667
v  -511.5 0 337.6667
v  -512 0 341.3333
v  -512 0 298.6667
v  -469.3333 0 341.3333
v  -500.3333 0 341.3333
v  -498.6667 0 339
v  -469.3333 0 341.3333
v  -498.6667 0 339
v  -495 0 330.1667
v  -469.3333 0 341.3333
v  -495 0 330.1667
v  -494.6667 0 328.3333
v  -469.3333 0 341.3333
v  -494.6667 0 328.3333
v  -494.6667 0 322
v  -512 0 298.6667
v  -469.3333 0 298.6667
v  -469.3333 0 341.3333
v  -494.6667 0 322
v  -497 0 319.5
v  -509 0 324.6667
v  -511.5 0 333.6667
v  -512 0 298.6667
v  -512 0 298.6667
v  -507.8333 0 322.3333
v  -509 0 324.6667
v  -512 0 298.6667
v  -497 0 319.5
v  -501.1667 0 318.5
v  -512 0 298.6667
v  -501.1667 0 318.5
v  -504.1667 0 319.3333
v  -512 0 298.6667
v  -504.1667 0 319.3333
v  -506.1667 0 320.5
v  -512 0 298.6667
v  -506.1667 0 320.5
v  -507.8333 0 322.3333
v  -510 0 341.3333
v  -510.1667 0 341.3333
v  -511.5 0 337.6667
v  -501.1667 0 318.5
v  -497 0 319.5
v  -496.8333 0 320
v  -507.8333 0 322.3333
v  -506.1667 0 320.5
v  -504.1667 0 319.3333
v  -509 0 324.6667
v  -504.1667 0 319.3333
v  -494.6667 0 322
v  -495 0 330.1667
v  -498.6667 0 339
v  -511.5 0 333.6667
v  -509 0 324.6667
v  -504.1667 0 319.3333
v  -501.1667 0 318.5
v  -496.8333 0 320
v  -494.6667 0 322
v  -510 0 341.3333
v  -511.5 0 337.6667
v  -511.5 0 333.6667
v  -498.6667 0 339
v  -500.3333 0 341.3333
v  -494.6667 0 322
v  -494.6667 0 328.3333
v  -495 0 330.1667
v  -512 0 341.3333
v  -554.6667 0 341.3333
v  -554.6667 0 298.6667
v  -512 0 298.6667
v  -554.6667 0 341.3333
v  -597.3334 0 341.3333
v  -597.3334 0 298.6667
v  -554.6667 0 298.6667
v  -627.5001 0 324.5
v  -627.6667 0 323.3333
v  -627.1667 0 322.6667
v  -624.1667 0 323.8333
v  -625.5001 0 325
v  -626.5001 0 319.1667
v  -626.6667 0 313.3333
v  -625.6667 0 308.6667
v  -612.3334 0 322.1667
v  -616.5001 0 321.5
v  -597.3334 0 298.6667
v  -606.5001 0 326.6667
v  -608.8334 0 324
v  -605.6667 0 338.3333
v  -607.6667 0 337.5
v  -604.8334 0 334.6667
v  -625.8334 0 307.5
v  -627.1667 0 304.3333
v  -626.3334 0 303.5
v  -604.6667 0 339.1667
v  -605.6667 0 338.3333
v  -604.8334 0 334.6667
v  -625.6667 0 308.6667
v  -625.8334 0 307.5
v  -626.3334 0 303.5
v  -625.3334 0 301.3333
v  -624.1667 0 323.8333
v  -627.1667 0 322.6667
v  -626.5001 0 319.1667
v  -620.3334 0 322
v  -597.3334 0 341.3333
v  -604.8334 0 330.1667
v  -606.5001 0 326.6667
v  -597.3334 0 298.6667
v  -610.5001 0 322.8333
v  -612.3334 0 322.1667
v  -625.6667 0 308.6667
v  -597.3334 0 341.3333
v  -604.6667 0 341.3333
v  -604.6667 0 339.1667
v  -604.6667 0 339.1667
v  -604.8334 0 334.6667
v  -604.8334 0 330.1667
v  -597.3334 0 341.3333
v  -625.6667 0 308.6667
v  -625.3334 0 301.3333
v  -625.1667 0 298.6667
v  -597.3334 0 298.6667
v  -608.8334 0 324
v  -610.5001 0 322.8333
v  -616.5001 0 321.5
v  -620.3334 0 322
v  -626.5001 0 319.1667
v  -627.5001 0 339.3333
v  -627.3334 0 341.1667
v  -627.6667 0 341.3333
v  -640.0001 0 341.3333
v  -640.0001 0 340.5
v  -639.3334 0 336.1667
v  -640.0001 0 304
v  -640.0001 0 303.6667
v  -639.3334 0 301
v  -627.3334 0 341.3333
v  -627.3334 0 341.1667
v  -624.6667 0 339.6667
v  -605.6667 0 338.3333
v  -604.6667 0 339.1667
v  -604.6667 0 341.3333
v  -625.3334 0 301.3333
v  -626.3334 0 303.5
v  -627.1667 0 304.3333
v  -639.3334 0 301
v  -639.5001 0 298.6667
v  -625.1667 0 298.6667
v  -639.3334 0 326.8333
v  -640.0001 0 323.8333
v  -640.0001 0 323
v  -627.6667 0 323.3333
v  -627.5001 0 324.5
v  -612.3334 0 322.1667
v  -610.5001 0 322.8333
v  -608.8334 0 324
v  -606.5001 0 326.6667
v  -604.8334 0 330.1667
v  -626.5001 0 319.1667
v  -627.1667 0 322.6667
v  -627.6667 0 323.3333
v  -626.6667 0 313.3333
v  -640.0001 0 340.5
v  -640.0001 0 339.3333
v  -639.3334 0 336.1667
v  -627.1667 0 304.3333
v  -625.8334 0 307.5
v  -625.6667 0 308.6667
v  -626.6667 0 313.3333
v  -607.6667 0 337.5
v  -605.6667 0 338.3333
v  -604.6667 0 341.3333
v  -627.3334 0 341.3333
v  -624.6667 0 339.6667
v  -619.3334 0 338
v  -627.1667 0 338.6667
v  -627.5001 0 339.3333
v  -639.3334 0 336.1667
v  -625.5001 0 325
v  -624.1667 0 323.8333
v  -620.3334 0 322
v  -616.5001 0 321.5
v  -612.3334 0 322.1667
v  -612.3334 0 322.1667
v  -604.8334 0 330.1667
v  -607.6667 0 337.5
v  -621.8334 0 337.1667
v  -624.1667 0 336.8333
v  -625.5001 0 325
v  -640.0001 0 304
v  -639.3334 0 301
v  -627.1667 0 304.3333
v  -626.6667 0 313.3333
v  -627.6667 0 323.3333
v  -640.0001 0 323
v  -604.8334 0 330.1667
v  -604.8334 0 334.6667
v  -607.6667 0 337.5
v  -607.6667 0 337.5
v  -619.3334 0 338
v  -621.8334 0 337.1667
v  -625.5001 0 325
v  -624.1667 0 336.8333
v  -627.1667 0 338.6667
v  -639.3334 0 336.1667
v  -639.3334 0 326.8333
v  -627.5001 0 324.5
v  -640.0001 0 298.6667
v  -639.5001 0 298.6667
v  -639.3334 0 301
v  -640.0001 0 303.6667
v  -640.0001 0 323.8333
v  -639.3334 0 326.8333
v  -639.3334 0 336.1667
v  -640.0001 0 339.3333
v  -627.5001 0 339.8333
v  -627.1667 0 338.6667
v  -626.6667 0 338.1667
v  -624.6667 0 339.6667
v  -627.1667 0 341.1667
v  -624.6667 0 339.6667
v  -626.6667 0 338.1667
v  -624.1667 0 336.8333
v  -621.8334 0 337.1667
v  -619.3334 0 338
v  -627.3334 0 341.3333
v  -627.5001 0 341.3333
v  -627.6667 0 341.3333
v  -640 0 339.3333
v  -640 0 340.5
v  -640.1667 0 341.3333
v  -640 0 303.6667
v  -640 0 304
v  -641.5 0 307
v  -640 0 303.6667
v  -641.5 0 307
v  -643.3333 0 309.1667
v  -682.6667 0 298.6667
v  -640 0 298.6667
v  -643.3333 0 317.6667
v  -640 0 323
v  -640 0 323.8333
v  -682.6667 0 298.6667
v  -643.3333 0 309.1667
v  -643.8333 0 311.5
v  -640 0 323.8333
v  -640 0 339.3333
v  -640.1667 0 341.3333
v  -682.6667 0 341.3333
v  -682.6667 0 298.6667
v  -643.3333 0 317.6667
v  -682.6667 0 298.6667
v  -643.8333 0 311.5
v  -643.3333 0 317.6667
v  -643.8333 0 311.5
v  -643.3333 0 309.1667
v  -641.5 0 307
v  -643.3333 0 317.6667
v  -643.3333 0 317.6667
v  -641.5 0 307
v  -640 0 304
v  -640 0 323
v  -640 0 341.3333
v  -640.1667 0 341.3333
v  -640 0 340.5
v  -682.6667 0 341.3333
v  -725.3334 0 341.3333
v  -725.3334 0 298.6667
v  -682.6667 0 298.6667
v  -725.3334 0 341.3333
v  -768.0001 0 341.3333
v  -768.0001 0 298.6667
v  -725.3334 0 298.6667
v  -768 0 341.3333
v  -810.6667 0 341.3333
v  -810.6667 0 298.6667
v  -768 0 298.6667
v  -810.6667 0 341.3333
v  -820.6667 0 341.3333
v  -817.5 0 329.8333
v  -821.8334 0 309.3333
v  -825.5 0 298.6667
v  -810.6667 0 298.6667
v  -818 0 314.8333
v  -816.3334 0 323.8333
v  -818 0 314.8333
v  -810.6667 0 298.6667
v  -810.6667 0 341.3333
v  -810.6667 0 341.3333
v  -817.5 0 329.8333
v  -816.3334 0 323.8333
v  -818 0 314.8333
v  -816.3334 0 323.8333
v  -817.5 0 329.8333
v  -821.8334 0 309.3333
v  -821.8334 0 309.3333
v  -817.5 0 329.8333
v  -820.6667 0 341.3333
v  -853.3334 0 341.3333
v  -853.3334 0 298.6667
v  -825.5 0 298.6667
v  -853.3334 0 341.3333
v  -869.3334 0 341.3333
v  -869.3334 0 298.6667
v  -853.3334 0 298.6667
v  -30.5 0 384
v  -42.66667 0 384
v  -42.66667 0 341.3333
v  -30.5 0 341.3333
v  -78.33334 0 349.3333
v  -79.83334 0 344.3333
v  -80.16667 0 341.3333
v  -42.66667 0 341.3333
v  -75.33334 0 355.5
v  -79.33334 0 384
v  -80 0 382.5
v  -80.66667 0 375.8333
v  -78 0 366.5
v  -78 0 366.5
v  -78.66667 0 361.3333
v  -75.33334 0 356
v  -79.33334 0 384
v  -78 0 366.5
v  -75.33334 0 356
v  -42.66667 0 341.3333
v  -42.66667 0 384
v  -75.33334 0 356
v  -75.33334 0 355.5
v  -42.66667 0 341.3333
v  -80 0 382.5
v  -79.33334 0 384
v  -85.33334 0 384
v  -85.33334 0 341.3333
v  -80.16667 0 341.3333
v  -79.83334 0 344.3333
v  -75.33334 0 355.5
v  -75.33334 0 356
v  -78.66667 0 361.3333
v  -78.33334 0 349.3333
v  -80.66667 0 375.8333
v  -80 0 382.5
v  -85.33334 0 384
v  -85.33334 0 341.3333
v  -79.83334 0 344.3333
v  -78.33334 0 349.3333
v  -78.66667 0 361.3333
v  -80.66667 0 375.8333
v  -85.33334 0 384
v  -78.66667 0 361.3333
v  -78 0 366.5
v  -80.66667 0 375.8333
v  -85.33334 0 384
v  -128 0 384
v  -128 0 341.3333
v  -85.33334 0 341.3333
v  -128 0 384
v  -170.6667 0 384
v  -170.6667 0 341.3333
v  -128 0 341.3333
v  -192.3333 0 349.8333
v  -187 0 341.3333
v  -186.8333 0 341.3333
v  -192.3333 0 349.8333
v  -186.8333 0 341.3333
v  -170.6667 0 341.3333
v  -193.8333 0 351.8333
v  -192.3333 0 349.8333
v  -170.6667 0 341.3333
v  -195 0 352.6667
v  -193.8333 0 351.8333
v  -170.6667 0 341.3333
v  -213.3333 0 384
v  -213.3333 0 356.6667
v  -205 0 356.8333
v  -198.6667 0 354.6667
v  -195 0 352.6667
v  -170.6667 0 341.3333
v  -170.6667 0 384
v  -213.3333 0 384
v  -213.3333 0 384
v  -205 0 356.8333
v  -198.6667 0 354.6667
v  -192.3333 0 349.8333
v  -193.8333 0 351.8333
v  -195 0 352.6667
v  -198.6667 0 354.6667
v  -192.3333 0 349.8333
v  -198.6667 0 354.6667
v  -205 0 356.8333
v  -213.3333 0 356.6667
v  -213.3333 0 341.3333
v  -187 0 341.3333
v  -218.3333 0 356.6667
v  -219.1667 0 356.3333
v  -220.3333 0 355.8333
v  -221.8333 0 353.1667
v  -222 0 349.3333
v  -218.6667 0 341.3333
v  -218.5 0 341.3333
v  -218.3333 0 356.6667
v  -221.8333 0 353.1667
v  -222 0 349.3333
v  -218.5 0 341.3333
v  -213.3333 0 341.3333
v  -213.3333 0 356.6667
v  -216 0 384
v  -216.3333 0 384
v  -219.1667 0 382.5
v  -228.1667 0 382.8333
v  -231.6667 0 384
v  -232.1667 0 384
v  -213.3333 0 384
v  -216 0 384
v  -219.1667 0 382.5
v  -218.3333 0 356.6667
v  -213.3333 0 356.6667
v  -228.1667 0 382.8333
v  -232.1667 0 384
v  -256 0 384
v  -256 0 341.3333
v  -222 0 349.3333
v  -221.8333 0 353.1667
v  -256 0 341.3333
v  -218.6667 0 341.3333
v  -222 0 349.3333
v  -218.3333 0 356.6667
v  -219.1667 0 382.5
v  -223.1667 0 382
v  -219.1667 0 356.3333
v  -220.3333 0 355.8333
v  -223.1667 0 382
v  -228.1667 0 382.8333
v  -221.8333 0 353.1667
v  -220.3333 0 355.8333
v  -219.1667 0 356.3333
v  -223.1667 0 382
v  -223.1667 0 382
v  -219.1667 0 382.5
v  -216.3333 0 384
v  -231.6667 0 384
v  -228.1667 0 382.8333
v  -256 0 384
v  -298.6667 0 384
v  -298.6667 0 341.3333
v  -256 0 341.3333
v  -323 0 373.3333
v  -324.3333 0 372.1667
v  -324.3333 0 371.8333
v  -298.6667 0 384
v  -298.6667 0 384
v  -319.1667 0 384
v  -321.1667 0 377.5
v  -298.6667 0 384
v  -321.1667 0 377.5
v  -323 0 373.3333
v  -326.5 0 370.5
v  -328.5 0 370.1667
v  -341.3333 0 341.3333
v  -298.6667 0 384
v  -324.3333 0 371.8333
v  -326.5 0 370.5
v  -341.3333 0 341.3333
v  -298.6667 0 341.3333
v  -338.5 0 372.8333
v  -341.3333 0 376.8333
v  -341.3333 0 341.3333
v  -336.5 0 371.3333
v  -338.5 0 372.8333
v  -341.3333 0 341.3333
v  -334.3333 0 370.3333
v  -336.5 0 371.3333
v  -341.3333 0 341.3333
v  -328.5 0 370.1667
v  -334.3333 0 370.3333
v  -341.3333 0 341.3333
v  -326.5 0 370.5
v  -324.3333 0 371.8333
v  -324.3333 0 372.1667
v  -326.5 0 370.5
v  -324.3333 0 372.1667
v  -323 0 373.3333
v  -321.1667 0 377.5
v  -328.5 0 370.1667
v  -338.5 0 372.8333
v  -336.5 0 371.3333
v  -334.3333 0 370.3333
v  -341.3333 0 377
v  -341.3333 0 376.8333
v  -341.3333 0 377
v  -334.3333 0 370.3333
v  -328.5 0 370.1667
v  -321.1667 0 377.5
v  -319.1667 0 384
v  -341.3333 0 384
v  -341.3333 0 376.8333
v  -341.3333 0 377
v  -341.8333 0 377.5
v  -341.3333 0 341.3333
v  -341.3333 0 376.8333
v  -341.8333 0 377.5
v  -341.3333 0 341.3333
v  -341.8333 0 377.5
v  -343.1667 0 380.6667
v  -343.1667 0 380.6667
v  -343.3333 0 384
v  -384 0 384
v  -384 0 341.3333
v  -341.3333 0 341.3333
v  -341.3333 0 384
v  -343.3333 0 384
v  -343.1667 0 380.6667
v  -341.8333 0 377.5
v  -341.3333 0 377
v  -384 0 384
v  -426.6667 0 384
v  -426.6667 0 341.3333
v  -384 0 341.3333
v  -426.6667 0 384
v  -469.3333 0 384
v  -469.3333 0 341.3333
v  -426.6667 0 341.3333
v  -510.1667 0 341.3333
v  -510 0 341.3333
v  -508.8333 0 343.3333
v  -512 0 341.3333
v  -510.1667 0 341.3333
v  -508.8333 0 343.3333
v  -512 0 384
v  -503 0 344.5
v  -500.3333 0 341.3333
v  -469.3333 0 341.3333
v  -469.3333 0 384
v  -512 0 384
v  -512 0 384
v  -505.3333 0 344.6667
v  -503 0 344.5
v  -512 0 384
v  -508.8333 0 343.3333
v  -506.5 0 344.6667
v  -512 0 384
v  -506.5 0 344.6667
v  -505.3333 0 344.6667
v  -503 0 344.5
v  -505.3333 0 344.6667
v  -506.5 0 344.6667
v  -508.8333 0 343.3333
v  -510 0 341.3333
v  -500.3333 0 341.3333
v  -512 0 384
v  -554.6667 0 384
v  -554.6667 0 341.3333
v  -512 0 341.3333
v  -554.6667 0 384
v  -597.3334 0 384
v  -597.3334 0 341.3333
v  -554.6667 0 341.3333
v  -626.5001 0 368.1667
v  -626.5001 0 367.5
v  -625.8334 0 366.8333
v  -625.6667 0 370
v  -625.6667 0 356.8333
v  -625.6667 0 354.8333
v  -623.6667 0 354.5
v  -624.6667 0 361.1667
v  -623.6667 0 354.5
v  -622.8334 0 352.1667
v  -621.8334 0 352
v  -615.8334 0 352
v  -597.3334 0 384
v  -625.3334 0 384
v  -624.6667 0 382.6667
v  -625.6667 0 370
v  -625.8334 0 366.8333
v  -624.8334 0 364.6667
v  -624.8334 0 364.6667
v  -623.6667 0 354.5
v  -615.8334 0 352
v  -604.6667 0 352.1667
v  -597.3334 0 384
v  -624.5001 0 378.8333
v  -597.3334 0 384
v  -624.6667 0 382.6667
v  -624.5001 0 378.8333
v  -624.6667 0 363
v  -624.6667 0 361.1667
v  -623.6667 0 354.5
v  -624.5001 0 378.8333
v  -625.5001 0 374.6667
v  -625.6667 0 370
v  -624.8334 0 364.6667
v  -624.8334 0 364.6667
v  -624.6667 0 363
v  -623.6667 0 354.5
v  -615.8334 0 352
v  -607.8334 0 351.3333
v  -604.6667 0 352.1667
v  -604.6667 0 352.1667
v  -604.6667 0 341.3333
v  -597.3334 0 341.3333
v  -597.3334 0 384
v  -627.5001 0 341.6667
v  -627.5001 0 341.3333
v  -627.3334 0 341.3333
v  -621.8334 0 352
v  -622.8334 0 352.1667
v  -624.6667 0 382.6667
v  -625.3334 0 384
v  -625.5001 0 384
v  -625.5001 0 374.6667
v  -624.5001 0 378.8333
v  -639.3334 0 349.1667
v  -639.8334 0 348
v  -640.0001 0 346.1667
v  -640.0001 0 342
v  -624.8334 0 364.6667
v  -625.8334 0 366.8333
v  -626.5001 0 367.5
v  -625.6667 0 356.8333
v  -624.6667 0 361.1667
v  -624.6667 0 363
v  -626.5001 0 368.1667
v  -625.5001 0 374.6667
v  -625.5001 0 384
v  -638.6667 0 381.1667
v  -639.5001 0 373.3333
v  -638.8334 0 363.5
v  -622.8334 0 352.1667
v  -623.6667 0 354.5
v  -625.6667 0 354.8333
v  -627.5001 0 341.6667
v  -625.6667 0 354.8333
v  -625.6667 0 356.8333
v  -626.5001 0 367.5
v  -639.6667 0 355.6667
v  -639.6667 0 349.6667
v  -639.3334 0 349.6667
v  -638.8334 0 363.5
v  -639.5001 0 373.3333
v  -639.6667 0 367.3333
v  -639.3334 0 367
v  -626.5001 0 368.1667
v  -625.6667 0 370
v  -625.5001 0 374.6667
v  -626.5001 0 367.5
v  -626.5001 0 368.1667
v  -638.8334 0 363.5
v  -625.5001 0 384
v  -639.0001 0 384
v  -638.6667 0 381.1667
v  -639.3334 0 349.1667
v  -640.0001 0 342
v  -640.0001 0 341.3333
v  -627.6667 0 341.3333
v  -627.5001 0 341.6667
v  -639.3334 0 349.6667
v  -639.3334 0 349.1667
v  -627.5001 0 341.6667
v  -625.6667 0 354.8333
v  -626.5001 0 367.5
v  -638.8334 0 363.5
v  -639.5001 0 373.3333
v  -639.3334 0 367
v  -638.8334 0 363.5
v  -604.6667 0 341.3333
v  -604.6667 0 352.1667
v  -607.8334 0 351.3333
v  -607.8334 0 351.3333
v  -615.8334 0 352
v  -621.8334 0 352
v  -627.3334 0 341.3333
v  -604.6667 0 341.3333
v  -627.6667 0 341.3333
v  -627.5001 0 341.3333
v  -627.5001 0 341.6667
v  -639.3334 0 349.1667
v  -639.3334 0 349.6667
v  -639.6667 0 349.6667
v  -639.8334 0 348
v  -639.6667 0 367.3333
v  -639.5001 0 373.3333
v  -640.0001 0 384
v  -638.6667 0 381.1667
v  -639.0001 0 384
v  -640.0001 0 384
v  -639.5001 0 373.3333
v  -638.8334 0 363.5
v  -639.3334 0 367
v  -639.6667 0 367.3333
v  -639.6667 0 355.6667
v  -639.8334 0 348
v  -639.6667 0 349.6667
v  -639.6667 0 355.6667
v  -640.0001 0 346.1667
v  -639.8334 0 348
v  -639.6667 0 355.6667
v  -639.6667 0 367.3333
v  -640.0001 0 384
v  -640 0 342
v  -640.1667 0 341.3333
v  -640 0 341.3333
v  -640.1667 0 341.3333
v  -640 0 342
v  -640 0 346.1667
v  -640.1667 0 341.3333
v  -640 0 346.1667
v  -640 0 384
v  -682.6667 0 384
v  -682.6667 0 341.3333
v  -682.6667 0 384
v  -725.3334 0 384
v  -725.3334 0 341.3333
v  -682.6667 0 341.3333
v  -725.3334 0 384
v  -768.0001 0 384
v  -768.0001 0 341.3333
v  -725.3334 0 341.3333
v  -768 0 384
v  -810.6667 0 384
v  -810.6667 0 341.3333
v  -768 0 341.3333
v  -828.6667 0 376
v  -829 0 374.3333
v  -828.8334 0 373.6667
v  -827.1667 0 371.5
v  -810.6667 0 384
v  -827.5 0 384
v  -827 0 379.1667
v  -825.1667 0 365.6667
v  -825.5 0 357.5
v  -825.1667 0 354.6667
v  -824.3334 0 351.5
v  -822.8334 0 348.1667
v  -827 0 379.1667
v  -828.6667 0 376
v  -827.1667 0 371.5
v  -825.1667 0 365.6667
v  -822.8334 0 348.1667
v  -820.6667 0 341.3333
v  -810.6667 0 341.3333
v  -810.6667 0 384
v  -825.1667 0 365.6667
v  -825.5 0 357.5
v  -828.6667 0 376
v  -827 0 379.1667
v  -827.5 0 384
v  -825.1667 0 365.6667
v  -827.1667 0 371.5
v  -828.8334 0 373.6667
v  -825.5 0 357.5
v  -829 0 374.3333
v  -828.6667 0 376
v  -827.5 0 384
v  -853.3334 0 384
v  -820.6667 0 341.3333
v  -822.8334 0 348.1667
v  -824.3334 0 351.5
v  -853.3334 0 341.3333
v  -853.3334 0 341.3333
v  -824.3334 0 351.5
v  -825.1667 0 354.6667
v  -825.5 0 357.5
v  -828.8334 0 373.6667
v  -829 0 374.3333
v  -853.3334 0 384
v  -853.3334 0 341.3333
v  -825.1667 0 354.6667
v  -853.3334 0 384
v  -869.3334 0 384
v  -869.3334 0 341.3333
v  -853.3334 0 341.3333
v  -30.5 0 426.6667
v  -42.66667 0 426.6667
v  -42.66667 0 384
v  -30.5 0 384
v  -76.16667 0 389
v  -78.5 0 386.1667
v  -79.33334 0 384
v  -42.66667 0 384
v  -53.16667 0 413.6667
v  -69.5 0 396.8333
v  -67.83334 0 426.6667
v  -67.33334 0 424.6667
v  -64 0 421.5
v  -59.66667 0 419.6667
v  -67.5 0 405
v  -70 0 399.8333
v  -69.5 0 396.8333
v  -53.16667 0 413.6667
v  -60 0 410.6667
v  -64 0 408.1667
v  -42.66667 0 426.6667
v  -53 0 414.8333
v  -53.16667 0 413.6667
v  -42.66667 0 384
v  -69.5 0 396.8333
v  -72.33334 0 395.1667
v  -76.16667 0 389
v  -42.66667 0 426.6667
v  -55.5 0 417
v  -53 0 414.8333
v  -67.83334 0 426.6667
v  -59.66667 0 419.6667
v  -55.5 0 417
v  -42.66667 0 426.6667
v  -67.33334 0 424.6667
v  -67.83334 0 426.6667
v  -68 0 426.6667
v  -53.16667 0 413.6667
v  -53 0 414.8333
v  -55.5 0 417
v  -60 0 410.6667
v  -72.33334 0 395.1667
v  -69.5 0 396.8333
v  -70 0 399.8333
v  -85.33334 0 384
v  -79.33334 0 384
v  -78.5 0 386.1667
v  -67.33334 0 424.6667
v  -68 0 426.6667
v  -85.33334 0 426.6667
v  -85.33334 0 384
v  -72.33334 0 395.1667
v  -67.5 0 405
v  -60 0 410.6667
v  -55.5 0 417
v  -59.66667 0 419.6667
v  -64 0 421.5
v  -64 0 408.1667
v  -85.33334 0 384
v  -78.5 0 386.1667
v  -76.16667 0 389
v  -72.33334 0 395.1667
v  -72.33334 0 395.1667
v  -70 0 399.8333
v  -67.5 0 405
v  -64 0 408.1667
v  -64 0 421.5
v  -67.33334 0 424.6667
v  -67.5 0 405
v  -85.33334 0 426.6667
v  -128 0 426.6667
v  -128 0 384
v  -85.33334 0 384
v  -128 0 426.6667
v  -170.6667 0 426.6667
v  -170.6667 0 384
v  -128 0 384
v  -211.1667 0 387.8333
v  -213.3333 0 386
v  -213.3333 0 385.8333
v  -211.1667 0 387.8333
v  -213.3333 0 385.8333
v  -213.3333 0 384
v  -170.6667 0 384
v  -207.6667 0 390.6667
v  -207.6667 0 390.6667
v  -210.6667 0 388.8333
v  -211.1667 0 387.8333
v  -205.8333 0 394.5
v  -207.6667 0 390.6667
v  -170.6667 0 384
v  -213.3333 0 426.6667
v  -213.3333 0 403.5
v  -210.5 0 402.1667
v  -213.3333 0 426.6667
v  -210.5 0 402.1667
v  -206.3333 0 398.6667
v  -170.6667 0 384
v  -170.6667 0 426.6667
v  -206.3333 0 398.6667
v  -205.8333 0 394.5
v  -170.6667 0 384
v  -213.3333 0 386
v  -211.1667 0 387.8333
v  -210.6667 0 388.8333
v  -210.6667 0 388.8333
v  -207.6667 0 390.6667
v  -205.8333 0 394.5
v  -206.3333 0 398.6667
v  -210.5 0 402.1667
v  -213.3333 0 403.5
v  -213.3333 0 386
v  -210.6667 0 388.8333
v  -205.8333 0 394.5
v  -213.3333 0 385.8333
v  -216 0 384
v  -213.3333 0 384
v  -216 0 384
v  -213.3333 0 385.8333
v  -213.3333 0 386
v  -216.3333 0 384
v  -213.3333 0 386
v  -213.3333 0 403.5
v  -215.8333 0 404.3333
v  -244.8333 0 416.5
v  -244.8333 0 415.1667
v  -244.5 0 412.8333
v  -229.5 0 423.6667
v  -231.5 0 424.3333
v  -233.6667 0 424.5
v  -215.8333 0 404.3333
v  -215.8333 0 405.3333
v  -217.3333 0 409.6667
v  -237.3333 0 386
v  -232.1667 0 384
v  -231.6667 0 384
v  -242 0 421.8333
v  -244 0 419.1667
v  -244.8333 0 416.5
v  -242.1667 0 393.3333
v  -241.6667 0 390.8333
v  -239.8333 0 387.6667
v  -244.5 0 412.8333
v  -243.1667 0 408.6667
v  -242 0 405.6667
v  -239.5 0 401.1667
v  -219.8333 0 415.3333
v  -222.1667 0 418.8333
v  -225 0 421.1667
v  -229.5 0 423.6667
v  -215.8333 0 404.3333
v  -217.3333 0 409.6667
v  -239.5 0 401.1667
v  -241.6667 0 397.5
v  -242.1667 0 393.3333
v  -239.8333 0 387.6667
v  -237.3333 0 386
v  -231.6667 0 384
v  -229.5 0 423.6667
v  -233.6667 0 424.5
v  -238 0 424.1667
v  -242 0 421.8333
v  -244.8333 0 416.5
v  -244.5 0 412.8333
v  -215.8333 0 404.3333
v  -229.5 0 423.6667
v  -244.5 0 412.8333
v  -239.5 0 401.1667
v  -231.6667 0 384
v  -213.3333 0 386
v  -231.6667 0 384
v  -216.3333 0 384
v  -213.3333 0 386
v  -215.8333 0 405.3333
v  -215.8333 0 404.3333
v  -213.3333 0 403.5
v  -217.3333 0 409.6667
v  -215.8333 0 405.3333
v  -213.3333 0 403.5
v  -241.6667 0 397.5
v  -239.5 0 401.1667
v  -242 0 405.6667
v  -241.6667 0 397.5
v  -242 0 405.6667
v  -243.1667 0 408.6667
v  -219.8333 0 415.3333
v  -217.3333 0 409.6667
v  -213.3333 0 403.5
v  -213.3333 0 426.6667
v  -244 0 419.1667
v  -242 0 421.8333
v  -256 0 426.6667
v  -222.1667 0 418.8333
v  -219.8333 0 415.3333
v  -213.3333 0 426.6667
v  -225 0 421.1667
v  -222.1667 0 418.8333
v  -213.3333 0 426.6667
v  -242.1667 0 393.3333
v  -241.6667 0 397.5
v  -243.1667 0 408.6667
v  -244.5 0 412.8333
v  -229.5 0 423.6667
v  -225 0 421.1667
v  -213.3333 0 426.6667
v  -231.5 0 424.3333
v  -229.5 0 423.6667
v  -213.3333 0 426.6667
v  -256 0 384
v  -232.1667 0 384
v  -237.3333 0 386
v  -256 0 384
v  -237.3333 0 386
v  -239.8333 0 387.6667
v  -256 0 384
v  -239.8333 0 387.6667
v  -241.6667 0 390.8333
v  -256 0 384
v  -241.6667 0 390.8333
v  -242.1667 0 393.3333
v  -244.8333 0 416.5
v  -244 0 419.1667
v  -256 0 426.6667
v  -233.6667 0 424.5
v  -231.5 0 424.3333
v  -213.3333 0 426.6667
v  -242.1667 0 393.3333
v  -244.5 0 412.8333
v  -244.8333 0 415.1667
v  -256 0 426.6667
v  -256 0 384
v  -233.6667 0 424.5
v  -213.3333 0 426.6667
v  -256 0 426.6667
v  -238 0 424.1667
v  -244.8333 0 415.1667
v  -244.8333 0 416.5
v  -256 0 426.6667
v  -242 0 421.8333
v  -238 0 424.1667
v  -256 0 426.6667
v  -256 0 426.6667
v  -298.6667 0 426.6667
v  -298.6667 0 384
v  -256 0 384
v  -309.5 0 401.1667
v  -310.8333 0 400
v  -310.8333 0 399.6667
v  -318.6667 0 396.6667
v  -321.1667 0 397.3333
v  -320.1667 0 395.3333
v  -330.3333 0 403.3333
v  -328.3333 0 402.8333
v  -330 0 406.3333
v  -333.8333 0 403
v  -330.3333 0 403.3333
v  -330 0 406.3333
v  -314.3333 0 397.1667
v  -318.6667 0 396.6667
v  -320.1667 0 395.3333
v  -318.5 0 388.8333
v  -337 0 401.3333
v  -333.8333 0 403
v  -330 0 406.3333
v  -331.8333 0 412.6667
v  -314 0 417.3333
v  -312.5 0 415.3333
v  -298.6667 0 426.6667
v  -318.6667 0 420.6667
v  -314 0 417.3333
v  -298.6667 0 426.6667
v  -310.8333 0 399.6667
v  -314.3333 0 397.1667
v  -318.5 0 388.8333
v  -337 0 401.3333
v  -331.8333 0 412.6667
v  -332 0 415.5
v  -338.6667 0 399.1667
v  -309.5 0 401.1667
v  -310.8333 0 399.6667
v  -318.5 0 388.8333
v  -319.1667 0 384
v  -298.6667 0 384
v  -322.1667 0 421.6667
v  -318.6667 0 420.6667
v  -298.6667 0 426.6667
v  -322.1667 0 421.6667
v  -298.6667 0 426.6667
v  -341.3333 0 426.6667
v  -326.3333 0 421.5
v  -329 0 420.1667
v  -326.3333 0 421.5
v  -341.3333 0 426.6667
v  -338.6667 0 399.1667
v  -332 0 415.5
v  -331 0 418.1667
v  -341.3333 0 426.6667
v  -341.3333 0 393.1667
v  -308.8333 0 403.1667
v  -309.5 0 401.1667
v  -298.6667 0 384
v  -308.8333 0 405.3333
v  -308.8333 0 403.1667
v  -298.6667 0 384
v  -298.6667 0 426.6667
v  -331 0 418.1667
v  -329 0 420.1667
v  -341.3333 0 426.6667
v  -309.6667 0 408.5
v  -308.8333 0 405.3333
v  -298.6667 0 426.6667
v  -312.5 0 415.3333
v  -309.6667 0 408.5
v  -298.6667 0 426.6667
v  -310.8333 0 400
v  -309.5 0 401.1667
v  -308.8333 0 403.1667
v  -308.8333 0 405.3333
v  -309.6667 0 408.5
v  -314.3333 0 397.1667
v  -314.3333 0 397.1667
v  -310.8333 0 399.6667
v  -310.8333 0 400
v  -318.5 0 388.8333
v  -320.1667 0 395.3333
v  -321.1667 0 397.3333
v  -319.1667 0 384
v  -328.3333 0 402.8333
v  -330.3333 0 403.3333
v  -333.8333 0 403
v  -337 0 401.3333
v  -338.6667 0 399.1667
v  -329 0 420.1667
v  -331 0 418.1667
v  -332 0 415.5
v  -331.8333 0 412.6667
v  -330 0 406.3333
v  -328.3333 0 402.8333
v  -321.1667 0 397.3333
v  -318.6667 0 396.6667
v  -314.3333 0 397.1667
v  -322.1667 0 421.6667
v  -326.3333 0 421.5
v  -329 0 420.1667
v  -332 0 415.5
v  -331.8333 0 412.6667
v  -318.6667 0 420.6667
v  -338.6667 0 399.1667
v  -341.3333 0 393.1667
v  -341.3333 0 392.6667
v  -338.6667 0 399.1667
v  -341.3333 0 392.6667
v  -341.3333 0 384
v  -319.1667 0 384
v  -321.1667 0 397.3333
v  -328.3333 0 402.8333
v  -321.1667 0 397.3333
v  -314.3333 0 397.1667
v  -309.6667 0 408.5
v  -318.6667 0 420.6667
v  -331.8333 0 412.6667
v  -328.3333 0 402.8333
v  -312.5 0 415.3333
v  -314 0 417.3333
v  -318.6667 0 420.6667
v  -309.6667 0 408.5
v  -343.5 0 385.5
v  -343.3333 0 384
v  -341.3333 0 384
v  -341.3333 0 392.6667
v  -342.8333 0 388.5
v  -342.8333 0 388.5
v  -341.3333 0 392.6667
v  -341.3333 0 393.1667
v  -342.8333 0 388.5
v  -341.3333 0 393.1667
v  -341.3333 0 426.6667
v  -384 0 384
v  -343.3333 0 384
v  -343.5 0 385.5
v  -343.5 0 385.5
v  -342.8333 0 388.5
v  -341.3333 0 426.6667
v  -384 0 426.6667
v  -384 0 384
v  -408.8333 0 417
v  -414.1667 0 414.6667
v  -416.1667 0 412.5
v  -419.3333 0 406.1667
v  -419.1667 0 402
v  -408.8333 0 417
v  -419.1667 0 402
v  -420.5 0 398.6667
v  -425 0 396.1667
v  -426.6667 0 396
v  -426.6667 0 384
v  -420.5 0 398.6667
v  -425 0 396.1667
v  -426.6667 0 384
v  -384 0 426.6667
v  -404 0 421.6667
v  -408.8333 0 417
v  -420.5 0 398.6667
v  -426.6667 0 384
v  -384 0 384
v  -384 0 426.6667
v  -403.5 0 426.6667
v  -404 0 421.6667
v  -426.6667 0 396
v  -425 0 396.1667
v  -420.5 0 398.6667
v  -419.1667 0 402
v  -419.3333 0 406.1667
v  -426.6667 0 396
v  -419.3333 0 406.1667
v  -416.1667 0 412.5
v  -426.6667 0 426.6667
v  -408.8333 0 417
v  -404 0 421.6667
v  -403.5 0 426.6667
v  -414.1667 0 414.6667
v  -414.1667 0 414.6667
v  -403.5 0 426.6667
v  -426.6667 0 426.6667
v  -416.1667 0 412.5
v  -465.5 0 426.6667
v  -465 0 424
v  -462.6667 0 423.8333
v  -465.5 0 426.6667
v  -462.6667 0 423.8333
v  -457.6667 0 422
v  -438.6667 0 424.1667
v  -436 0 426.6667
v  -426.6667 0 384
v  -426.6667 0 396
v  -429.8333 0 395.6667
v  -446 0 414.3333
v  -439.5 0 420.8333
v  -438.6667 0 424.1667
v  -457.6667 0 422
v  -454.5 0 418.8333
v  -467 0 399.6667
v  -469.3333 0 401.1667
v  -469.3333 0 384
v  -464.6667 0 399.1667
v  -467 0 399.6667
v  -469.3333 0 384
v  -459 0 399.3333
v  -464.6667 0 399.1667
v  -469.3333 0 384
v  -426.6667 0 384
v  -439.6667 0 397.6667
v  -443.8333 0 399
v  -426.6667 0 384
v  -429.8333 0 395.6667
v  -439.6667 0 397.6667
v  -452.1667 0 404.3333
v  -446.5 0 401.5
v  -447.3333 0 408.1667
v  -450.5 0 407.3333
v  -455 0 401.1667
v  -459 0 399.3333
v  -443.8333 0 399
v  -445.5 0 400
v  -452.1667 0 404.3333
v  -455 0 401.1667
v  -445.5 0 400
v  -446.5 0 401.5
v  -450.5 0 411.3333
v  -450.5 0 407.3333
v  -447.3333 0 408.1667
v  -447 0 411.3333
v  -446 0 414.3333
v  -454.5 0 418.8333
v  -450.5 0 411.3333
v  -447 0 411.3333
v  -446.5 0 401.5
v  -445.5 0 400
v  -443.8333 0 399
v  -439.6667 0 397.6667
v  -435.8333 0 426.6667
v  -436 0 426.6667
v  -438.6667 0 424.1667
v  -446 0 414.3333
v  -447 0 411.3333
v  -447.3333 0 408.1667
v  -446.5 0 401.5
v  -435.8333 0 426.6667
v  -438.6667 0 424.1667
v  -439.5 0 420.8333
v  -426.6667 0 426.6667
v  -439.6667 0 397.6667
v  -429.8333 0 395.6667
v  -426.6667 0 396
v  -446 0 414.3333
v  -446.5 0 401.5
v  -439.6667 0 397.6667
v  -426.6667 0 396
v  -426.6667 0 426.6667
v  -439.5 0 420.8333
v  -469.3333 0 401.1667
v  -467 0 399.6667
v  -464.6667 0 399.1667
v  -459 0 399.3333
v  -465 0 424
v  -465.5 0 426.6667
v  -469.3333 0 426.6667
v  -469.3333 0 401.1667
v  -452.1667 0 404.3333
v  -450.5 0 407.3333
v  -450.5 0 411.3333
v  -457.6667 0 422
v  -462.6667 0 423.8333
v  -465 0 424
v  -454.5 0 418.8333
v  -459 0 399.3333
v  -455 0 401.1667
v  -452.1667 0 404.3333
v  -452.1667 0 404.3333
v  -450.5 0 411.3333
v  -454.5 0 418.8333
v  -465 0 424
v  -469.3333 0 401.1667
v  -459 0 399.3333
v  -476.3333 0 413.6667
v  -476.1667 0 415.1667
v  -478.8333 0 416.1667
v  -476 0 411.8333
v  -476.3333 0 413.6667
v  -478.8333 0 416.1667
v  -481 0 416.5
v  -485.5 0 424.6667
v  -485.3333 0 426.6667
v  -512 0 426.6667
v  -476 0 411.8333
v  -481 0 416.5
v  -482.6667 0 418
v  -474.5 0 408.3333
v  -482.6667 0 418
v  -485.5 0 424.6667
v  -512 0 426.6667
v  -469.3333 0 384
v  -469.3333 0 401.1667
v  -470 0 401.5
v  -471.5 0 403.3333
v  -474.5 0 408.3333
v  -482.6667 0 418
v  -512 0 426.6667
v  -512 0 384
v  -469.3333 0 384
v  -469.3333 0 384
v  -470 0 401.5
v  -471.5 0 403.3333
v  -471.5 0 403.3333
v  -470 0 401.5
v  -469.3333 0 401.1667
v  -476.1667 0 415.1667
v  -476.3333 0 413.6667
v  -476 0 411.8333
v  -482.6667 0 418
v  -481 0 416.5
v  -478.8333 0 416.1667
v  -476.1667 0 415.1667
v  -476 0 411.8333
v  -474.5 0 408.3333
v  -471.5 0 403.3333
v  -469.3333 0 401.1667
v  -469.3333 0 426.6667
v  -482.6667 0 418
v  -478.8333 0 416.1667
v  -476.1667 0 415.1667
v  -469.3333 0 426.6667
v  -485.3333 0 426.6667
v  -485.5 0 424.6667
v  -512 0 426.6667
v  -554.6667 0 426.6667
v  -554.6667 0 384
v  -512 0 384
v  -554.6667 0 426.6667
v  -597.3334 0 426.6667
v  -597.3334 0 384
v  -554.6667 0 384
v  -625.5001 0 384.5
v  -625.5001 0 384
v  -625.3334 0 384
v  -627.0001 0 387.6667
v  -626.6667 0 385.8333
v  -625.5001 0 384.5
v  -627.0001 0 403.1667
v  -625.6667 0 425
v  -626.5001 0 422.5
v  -625.1667 0 420
v  -625.5001 0 426.6667
v  -625.6667 0 425
v  -625.1667 0 420
v  -623.3334 0 417.8333
v  -597.3334 0 426.6667
v  -623.5001 0 409.3333
v  -626.5001 0 404.8333
v  -627.0001 0 403.1667
v  -625.5001 0 384.5
v  -625.3334 0 384
v  -623.0001 0 413
v  -623.5001 0 409.3333
v  -625.3334 0 384
v  -597.3334 0 384
v  -597.3334 0 426.6667
v  -597.3334 0 426.6667
v  -623.3334 0 417.8333
v  -623.0001 0 413
v  -639.5001 0 404.5
v  -640.0001 0 404
v  -640.0001 0 403.6667
v  -640.0001 0 386.3333
v  -640.0001 0 386.1667
v  -639.3334 0 385.3333
v  -639.5001 0 422.6667
v  -640.0001 0 422
v  -640.0001 0 421.5
v  -625.5001 0 384
v  -625.5001 0 384.5
v  -626.6667 0 385.8333
v  -639.0001 0 384
v  -640.0001 0 407.5
v  -640.0001 0 406.5
v  -639.5001 0 404.5
v  -626.5001 0 422.5
v  -625.6667 0 425
v  -625.5001 0 426.6667
v  -639.5001 0 426.6667
v  -639.3334 0 424
v  -623.0001 0 413
v  -623.3334 0 417.8333
v  -625.1667 0 420
v  -640.0001 0 412.5
v  -640.0001 0 407.5
v  -639.5001 0 404.5
v  -640.0001 0 413.3333
v  -640.0001 0 412.5
v  -639.5001 0 404.5
v  -626.5001 0 404.8333
v  -623.5001 0 409.3333
v  -623.0001 0 413
v  -639.5001 0 422.6667
v  -640.0001 0 421.5
v  -640.0001 0 413.3333
v  -623.0001 0 413
v  -625.1667 0 420
v  -626.5001 0 422.5
v  -639.3334 0 424
v  -639.5001 0 422.6667
v  -640.0001 0 413.3333
v  -627.0001 0 403.1667
v  -626.5001 0 404.8333
v  -639.5001 0 404.5
v  -639.0001 0 384
v  -626.6667 0 385.8333
v  -627.0001 0 387.6667
v  -639.3334 0 385.3333
v  -626.5001 0 404.8333
v  -623.0001 0 413
v  -626.5001 0 422.5
v  -639.3334 0 424
v  -640.0001 0 413.3333
v  -639.5001 0 404.5
v  -640.0001 0 403.6667
v  -640.0001 0 386.3333
v  -639.3334 0 385.3333
v  -627.0001 0 387.6667
v  -627.0001 0 403.1667
v  -639.5001 0 404.5
v  -640.0001 0 384
v  -639.0001 0 384
v  -639.3334 0 385.3333
v  -640.0001 0 386.1667
v  -640.0001 0 406.5
v  -640.0001 0 404
v  -639.5001 0 404.5
v  -640.0001 0 422
v  -639.5001 0 422.6667
v  -639.3334 0 424
v  -639.5001 0 426.6667
v  -640.0001 0 426.6667
v  -640 0 406.5
v  -640 0 407.5
v  -640.3333 0 408.3333
v  -641.1667 0 418.8333
v  -640 0 421.5
v  -640 0 422
v  -640 0 386.1667
v  -640 0 386.3333
v  -642 0 389
v  -642 0 400.1667
v  -640 0 403.6667
v  -640 0 404
v  -640 0 404
v  -640 0 406.5
v  -640.3333 0 408.3333
v  -642 0 400.1667
v  -640.3333 0 408.3333
v  -640 0 412.5
v  -640 0 413.3333
v  -640 0 384
v  -640 0 386.1667
v  -642 0 389
v  -682.6667 0 384
v  -641.1667 0 418.8333
v  -640 0 422
v  -640 0 426.6667
v  -682.6667 0 426.6667
v  -682.6667 0 384
v  -642 0 389
v  -642 0 400.1667
v  -640.3333 0 408.3333
v  -640 0 413.3333
v  -641.1667 0 418.8333
v  -682.6667 0 426.6667
v  -682.6667 0 384
v  -642 0 400.1667
v  -642 0 400.1667
v  -642 0 389
v  -640 0 386.3333
v  -640 0 403.6667
v  -640 0 412.5
v  -640.3333 0 408.3333
v  -640 0 407.5
v  -640 0 421.5
v  -641.1667 0 418.8333
v  -640 0 413.3333
v  -682.6667 0 426.6667
v  -725.3334 0 426.6667
v  -725.3334 0 384
v  -682.6667 0 384
v  -725.3334 0 426.6667
v  -768.0001 0 426.6667
v  -768.0001 0 384
v  -725.3334 0 384
v  -768 0 426.6667
v  -810.6667 0 426.6667
v  -810.6667 0 384
v  -768 0 384
v  -834.6667 0 426.6667
v  -834.8334 0 426.6667
v  -836 0 423.6667
v  -835.3334 0 423.3333
v  -828.6667 0 391.5
v  -827.5 0 384
v  -810.6667 0 384
v  -810.6667 0 426.6667
v  -831.1667 0 414.5
v  -831.1667 0 413.3333
v  -834.6667 0 426.6667
v  -835.3334 0 423.3333
v  -832.6667 0 419.5
v  -831.1667 0 413.3333
v  -832.5 0 409.1667
v  -832.5 0 405
v  -828.6667 0 391.5
v  -834.6667 0 426.6667
v  -832.6667 0 419.5
v  -831.1667 0 414.5
v  -810.6667 0 426.6667
v  -832.6667 0 419.5
v  -835.3334 0 423.3333
v  -836 0 423.6667
v  -832.5 0 409.1667
v  -831.1667 0 413.3333
v  -831.1667 0 414.5
v  -832.6667 0 419.5
v  -827.5 0 384
v  -828.6667 0 391.5
v  -832.5 0 405
v  -853.3334 0 384
v  -832.5 0 405
v  -832.5 0 409.1667
v  -832.6667 0 419.5
v  -836 0 423.6667
v  -853.3334 0 426.6667
v  -853.3334 0 384
v  -836 0 423.6667
v  -834.8334 0 426.6667
v  -853.3334 0 426.6667
v  -853.3334 0 426.6667
v  -869.3334 0 426.6667
v  -869.3334 0 384
v  -853.3334 0 384
v  -30.5 0 469.3333
v  -42.66667 0 469.3333
v  -42.66667 0 426.6667
v  -30.5 0 426.6667
v  -69.5 0 431.1667
v  -68 0 426.6667
v  -67.83334 0 426.6667
v  -70 0 454.1667
v  -70.16667 0 447.6667
v  -67.33334 0 445.1667
v  -67.33334 0 445.1667
v  -68.33334 0 442.5
v  -69.5 0 436
v  -69.5 0 431.1667
v  -67.83334 0 426.6667
v  -42.66667 0 426.6667
v  -42.66667 0 469.3333
v  -71.83334 0 469.3333
v  -70.83334 0 466.1667
v  -70.83334 0 466.1667
v  -71.33334 0 462
v  -70 0 454.1667
v  -67.33334 0 445.1667
v  -42.66667 0 426.6667
v  -42.66667 0 469.3333
v  -70.83334 0 466.1667
v  -71.83334 0 469.3333
v  -72 0 469.3333
v  -68.33334 0 442.5
v  -67.33334 0 445.1667
v  -70.16667 0 447.6667
v  -71.33334 0 462
v  -70.83334 0 466.1667
v  -72 0 469.3333
v  -85.33334 0 469.3333
v  -69.5 0 436
v  -68.33334 0 442.5
v  -70.16667 0 447.6667
v  -70.16667 0 447.6667
v  -70 0 454.1667
v  -71.33334 0 462
v  -69.5 0 431.1667
v  -69.5 0 436
v  -70.16667 0 447.6667
v  -71.33334 0 462
v  -85.33334 0 469.3333
v  -85.33334 0 426.6667
v  -85.33334 0 426.6667
v  -68 0 426.6667
v  -69.5 0 431.1667
v  -85.33334 0 469.3333
v  -128 0 469.3333
v  -128 0 426.6667
v  -85.33334 0 426.6667
v  -128 0 469.3333
v  -170.6667 0 469.3333
v  -170.6667 0 426.6667
v  -128 0 426.6667
v  -207.5 0 428.5
v  -213.3333 0 431
v  -213.3333 0 426.6667
v  -200.1667 0 427.1667
v  -207.5 0 428.5
v  -213.3333 0 426.6667
v  -170.6667 0 469.3333
v  -193.3333 0 469.3333
v  -187.6667 0 458.8333
v  -170.6667 0 469.3333
v  -187.6667 0 458.8333
v  -185.8333 0 453
v  -200.1667 0 427.1667
v  -213.3333 0 426.6667
v  -170.6667 0 426.6667
v  -189.6667 0 431
v  -200.1667 0 427.1667
v  -170.6667 0 426.6667
v  -184.1667 0 438.5
v  -189.6667 0 431
v  -170.6667 0 426.6667
v  -185.8333 0 453
v  -184.1667 0 438.5
v  -170.6667 0 426.6667
v  -170.6667 0 469.3333
v  -213.3333 0 431.1667
v  -213.3333 0 431
v  -207.5 0 428.5
v  -200.1667 0 427.1667
v  -187.6667 0 458.8333
v  -193.3333 0 469.3333
v  -193.5 0 469.3333
v  -185.8333 0 453
v  -200.1667 0 427.1667
v  -189.6667 0 431
v  -184.1667 0 438.5
v  -200.1667 0 427.1667
v  -184.1667 0 438.5
v  -185.8333 0 453
v  -193.5 0 469.3333
v  -213.3333 0 469.3333
v  -213.3333 0 431.1667
v  -213.3333 0 431
v  -213.3333 0 431.1667
v  -214.5 0 431.8333
v  -250 0 467.5
v  -253.8333 0 469.3333
v  -254.1667 0 469.3333
v  -213.3333 0 426.6667
v  -213.3333 0 431
v  -214.5 0 431.8333
v  -250 0 467.5
v  -254.1667 0 469.3333
v  -256 0 469.3333
v  -229.1667 0 457.5
v  -231.3333 0 464.5
v  -233.6667 0 464.3333
v  -213.3333 0 426.6667
v  -214.5 0 431.8333
v  -218.1667 0 435.1667
v  -242.5 0 464.8333
v  -250 0 467.5
v  -256 0 469.3333
v  -223.5 0 444.1667
v  -224.5 0 447.3333
v  -229.1667 0 457.5
v  -233.6667 0 464.3333
v  -242.5 0 464.8333
v  -221.6667 0 440.6667
v  -223.5 0 444.1667
v  -242.5 0 464.8333
v  -213.3333 0 426.6667
v  -218.1667 0 435.1667
v  -221.6667 0 440.6667
v  -242.5 0 464.8333
v  -256 0 469.3333
v  -256 0 426.6667
v  -218.1667 0 435.1667
v  -214.5 0 431.8333
v  -213.3333 0 431.1667
v  -224.5 0 447.3333
v  -223.5 0 444.1667
v  -221.6667 0 440.6667
v  -242.5 0 464.8333
v  -233.6667 0 464.3333
v  -231.3333 0 464.5
v  -213.3333 0 469.3333
v  -253.8333 0 469.3333
v  -250 0 467.5
v  -231.3333 0 464.5
v  -229.1667 0 457.5
v  -224.5 0 447.3333
v  -221.6667 0 440.6667
v  -218.1667 0 435.1667
v  -213.3333 0 431.1667
v  -213.3333 0 469.3333
v  -231.3333 0 464.5
v  -224.5 0 447.3333
v  -278.1667 0 459.5
v  -277.1667 0 459
v  -275.3333 0 459.3333
v  -261.8333 0 442.1667
v  -263.6667 0 439.5
v  -264.1667 0 437.5
v  -256 0 426.6667
v  -259.1667 0 444.5
v  -275.3333 0 459.3333
v  -272.8333 0 459
v  -256 0 469.3333
v  -265.5 0 436.1667
v  -269.1667 0 435.5
v  -272.6667 0 433.1667
v  -256 0 426.6667
v  -256 0 426.6667
v  -258.1667 0 446.1667
v  -259.1667 0 444.5
v  -256 0 426.6667
v  -264.1667 0 437.5
v  -265.5 0 436.1667
v  -260.1667 0 450.5
v  -258.1667 0 447.8333
v  -256 0 469.3333
v  -256 0 469.3333
v  -298.6667 0 469.3333
v  -278.1667 0 459.5
v  -275.3333 0 459.3333
v  -281.5 0 458.3333
v  -279.3333 0 459.5
v  -298.6667 0 469.3333
v  -256 0 426.6667
v  -272.6667 0 433.1667
v  -273.5 0 433
v  -258.1667 0 447.8333
v  -258.1667 0 446.1667
v  -256 0 426.6667
v  -256 0 469.3333
v  -279.3333 0 459.5
v  -278.1667 0 459.5
v  -298.6667 0 469.3333
v  -272.8333 0 459
v  -269.6667 0 457.8333
v  -256 0 469.3333
v  -277.1667 0 459
v  -278.1667 0 459.5
v  -279.3333 0 459.5
v  -281.5 0 458.3333
v  -282.3333 0 454.6667
v  -281.3333 0 453.3333
v  -280.5 0 453
v  -281.5 0 458.3333
v  -259.1667 0 444.5
v  -258.1667 0 446.1667
v  -258.1667 0 447.8333
v  -262.5 0 451.6667
v  -265.1667 0 453.6667
v  -261.8333 0 442.1667
v  -276.3333 0 433.5
v  -273.5 0 433
v  -272.6667 0 433.1667
v  -269.1667 0 435.5
v  -278.5 0 436.5
v  -265.5 0 436.1667
v  -264.1667 0 437.5
v  -263.6667 0 439.5
v  -269.1667 0 435.5
v  -272.8333 0 459
v  -275.3333 0 459.3333
v  -277.1667 0 459
v  -269.1667 0 435.5
v  -263.6667 0 439.5
v  -261.8333 0 442.1667
v  -278.8333 0 449.5
v  -280.3333 0 447.6667
v  -280.3333 0 445.1667
v  -278.5 0 436.5
v  -277.1667 0 459
v  -281.5 0 458.3333
v  -280.5 0 453
v  -278.5 0 450.8333
v  -269.6667 0 457.8333
v  -272.8333 0 459
v  -258.1667 0 447.8333
v  -260.1667 0 450.5
v  -262.5 0 451.6667
v  -269.6667 0 457.8333
v  -278.5 0 450.8333
v  -278.8333 0 449.5
v  -265.1667 0 453.6667
v  -269.6667 0 457.8333
v  -278.8333 0 449.5
v  -278.5 0 436.5
v  -269.1667 0 435.5
v  -261.8333 0 442.1667
v  -280.3333 0 447.6667
v  -278.8333 0 449.5
v  -278.5 0 450.8333
v  -280.5 0 453
v  -281.3333 0 453.3333
v  -282.3333 0 454.6667
v  -281.5 0 458.3333
v  -298.6667 0 469.3333
v  -265.1667 0 453.6667
v  -262.5 0 451.6667
v  -260.1667 0 450.5
v  -256 0 469.3333
v  -269.6667 0 457.8333
v  -280.3333 0 447.6667
v  -281.3333 0 453.3333
v  -282.3333 0 454.6667
v  -298.6667 0 469.3333
v  -298.6667 0 426.6667
v  -280.3333 0 445.1667
v  -298.6667 0 426.6667
v  -276.3333 0 433.5
v  -278.5 0 436.5
v  -256 0 426.6667
v  -273.5 0 433
v  -276.3333 0 433.5
v  -298.6667 0 426.6667
v  -298.6667 0 426.6667
v  -278.5 0 436.5
v  -280.3333 0 445.1667
v  -298.6667 0 469.3333
v  -341.3333 0 469.3333
v  -341.3333 0 426.6667
v  -298.6667 0 426.6667
v  -341.3333 0 469.3333
v  -384 0 469.3333
v  -384 0 426.6667
v  -341.3333 0 426.6667
v  -408.8333 0 455
v  -409.3333 0 455.8333
v  -411.5 0 456.5
v  -407.5 0 454
v  -408.8333 0 455
v  -411.5 0 456.5
v  -399.1667 0 469.3333
v  -395.8333 0 464.1667
v  -393.6667 0 463.6667
v  -426.6667 0 432
v  -425.8333 0 432.3333
v  -425.1667 0 439.8333
v  -426.6667 0 460.6667
v  -411.5 0 456.5
v  -414.6667 0 458.8333
v  -419.6667 0 460.5
v  -424 0 460.3333
v  -384 0 469.3333
v  -399.1667 0 469.3333
v  -393.6667 0 463.6667
v  -390 0 462
v  -408.1667 0 446.8333
v  -398.5 0 451.8333
v  -405.3333 0 453
v  -409.5 0 447.8333
v  -384 0 469.3333
v  -390 0 462
v  -388.8333 0 459.3333
v  -403 0 438
v  -403.5 0 434
v  -403.5 0 426.6667
v  -384 0 426.6667
v  -389.8333 0 454.8333
v  -392 0 452.8333
v  -407.5 0 454
v  -412.6667 0 448.8333
v  -409.5 0 447.8333
v  -405.3333 0 453
v  -384 0 469.3333
v  -388.8333 0 459.3333
v  -389.3333 0 455.6667
v  -384 0 426.6667
v  -407.5 0 454
v  -411.5 0 456.5
v  -424 0 460.3333
v  -426.6667 0 460.6667
v  -418.5 0 448.5
v  -412.6667 0 448.8333
v  -398.5 0 451.8333
v  -408.1667 0 446.8333
v  -403.8333 0 441.1667
v  -394.3333 0 451.8333
v  -394.3333 0 451.8333
v  -403.8333 0 441.1667
v  -403 0 438
v  -392 0 452.8333
v  -426.6667 0 460.6667
v  -425.1667 0 439.8333
v  -423.1667 0 444.6667
v  -426.6667 0 460.6667
v  -423.1667 0 444.6667
v  -418.5 0 448.5
v  -389.3333 0 455.6667
v  -389.8333 0 454.8333
v  -384 0 426.6667
v  -425.8333 0 432.3333
v  -426.6667 0 432
v  -426.6667 0 431.8333
v  -408.1667 0 446.8333
v  -409.5 0 447.8333
v  -412.6667 0 448.8333
v  -418.5 0 448.5
v  -425.8333 0 432.3333
v  -426.6667 0 431.8333
v  -426.6667 0 426.6667
v  -403.5 0 434
v  -403 0 438
v  -403.8333 0 441.1667
v  -408.1667 0 446.8333
v  -403.5 0 426.6667
v  -403.5 0 434
v  -408.1667 0 446.8333
v  -418.5 0 448.5
v  -425.8333 0 432.3333
v  -426.6667 0 426.6667
v  -418.5 0 448.5
v  -423.1667 0 444.6667
v  -425.1667 0 439.8333
v  -425.8333 0 432.3333
v  -409.3333 0 455.8333
v  -408.8333 0 455
v  -407.5 0 454
v  -405.3333 0 453
v  -398.5 0 451.8333
v  -392 0 452.8333
v  -389.8333 0 454.8333
v  -389.3333 0 455.6667
v  -394.3333 0 451.8333
v  -426.6667 0 469.3333
v  -419.6667 0 460.5
v  -414.6667 0 458.8333
v  -414.6667 0 458.8333
v  -411.5 0 456.5
v  -409.3333 0 455.8333
v  -390 0 462
v  -393.6667 0 463.6667
v  -395.8333 0 464.1667
v  -395.8333 0 464.1667
v  -399.1667 0 469.3333
v  -399.3333 0 469.3333
v  -409.3333 0 455.8333
v  -398.5 0 451.8333
v  -395.8333 0 464.1667
v  -399.3333 0 469.3333
v  -426.6667 0 469.3333
v  -414.6667 0 458.8333
v  -389.3333 0 455.6667
v  -388.8333 0 459.3333
v  -390 0 462
v  -395.8333 0 464.1667
v  -398.5 0 451.8333
v  -394.3333 0 451.8333
v  -426.6667 0 460.6667
v  -424 0 460.3333
v  -419.6667 0 460.5
v  -426.6667 0 469.3333
v  -434.3333 0 428
v  -435.8333 0 426.6667
v  -426.6667 0 426.6667
v  -426.6667 0 431.8333
v  -436 0 426.6667
v  -435.8333 0 426.6667
v  -434.3333 0 428
v  -467.3333 0 429.1667
v  -467.3333 0 428.8333
v  -465.5 0 427.1667
v  -469.3333 0 430.5
v  -469.3333 0 430.3333
v  -467.3333 0 429.1667
v  -426.6667 0 432
v  -426.6667 0 460.6667
v  -432 0 462
v  -434.3333 0 428
v  -466.5 0 469.3333
v  -466.6667 0 469.3333
v  -469.3333 0 465.8333
v  -466.5 0 469.3333
v  -469.3333 0 465.8333
v  -469.3333 0 465.6667
v  -437.1667 0 465
v  -436.8333 0 469.3333
v  -434.3333 0 428
v  -426.6667 0 431.8333
v  -426.6667 0 432
v  -465.5 0 427.1667
v  -465.5 0 426.6667
v  -436 0 426.6667
v  -469.3333 0 430.5
v  -467.3333 0 429.1667
v  -434.3333 0 428
v  -432 0 462
v  -437.1667 0 465
v  -469.3333 0 465.6667
v  -467.3333 0 428.8333
v  -467.3333 0 429.1667
v  -469.3333 0 430.3333
v  -465.5 0 426.6667
v  -465.5 0 427.1667
v  -467.3333 0 428.8333
v  -469.3333 0 430.3333
v  -469.3333 0 426.6667
v  -436.8333 0 469.3333
v  -437.1667 0 465
v  -432 0 462
v  -426.6667 0 460.6667
v  -426.6667 0 469.3333
v  -466.6667 0 469.3333
v  -469.3333 0 469.3333
v  -469.3333 0 465.8333
v  -469.3333 0 430.3333
v  -469.3333 0 430.5
v  -471.3333 0 431.6667
v  -479.6667 0 433.5
v  -481.3333 0 433.3333
v  -483.6667 0 432
v  -476.3333 0 432.5
v  -469.3333 0 426.6667
v  -469.3333 0 430.3333
v  -471.3333 0 431.6667
v  -483.6667 0 432
v  -484.8333 0 430.3333
v  -485.3333 0 426.6667
v  -469.3333 0 426.6667
v  -471.3333 0 431.6667
v  -476.3333 0 432.5
v  -469.3333 0 465.6667
v  -470.3333 0 464.5
v  -470.3333 0 463.5
v  -492.6667 0 448.5
v  -494 0 449.8333
v  -495 0 450.3333
v  -483.6667 0 432
v  -496.5 0 466.6667
v  -494.1667 0 469
v  -494.1667 0 469.3333
v  -512 0 469.3333
v  -469.3333 0 465.6667
v  -470.3333 0 463.5
v  -471.1667 0 460.8333
v  -469.3333 0 430.5
v  -479.6667 0 433.5
v  -476.3333 0 432.5
v  -471.3333 0 431.6667
v  -474.8333 0 454.8333
v  -478.5 0 452.1667
v  -487.6667 0 448.1667
v  -490.5 0 448
v  -483.6667 0 432
v  -481.3333 0 433.3333
v  -497.8333 0 463.3333
v  -496.5 0 466.6667
v  -512 0 469.3333
v  -498.6667 0 459.1667
v  -497.8333 0 463.3333
v  -512 0 469.3333
v  -498.3333 0 455.3333
v  -498.6667 0 459.1667
v  -512 0 469.3333
v  -497.5 0 453.3333
v  -498.3333 0 455.3333
v  -512 0 469.3333
v  -495 0 450.3333
v  -497.5 0 453.3333
v  -512 0 469.3333
v  -512 0 426.6667
v  -484.8333 0 430.3333
v  -483.6667 0 432
v  -512 0 426.6667
v  -485.3333 0 426.6667
v  -484.8333 0 430.3333
v  -474.8333 0 454.8333
v  -471.3333 0 431.6667
v  -469.3333 0 430.5
v  -471.1667 0 460.8333
v  -479.6667 0 433.5
v  -478.5 0 452.1667
v  -483.6667 0 449.6667
v  -481.3333 0 433.3333
v  -483.6667 0 449.6667
v  -487.6667 0 448.1667
v  -481.3333 0 433.3333
v  -490.5 0 448
v  -492.6667 0 448.5
v  -483.6667 0 432
v  -494 0 469.3333
v  -494.1667 0 469.3333
v  -494.1667 0 469
v  -470.3333 0 464.5
v  -469.3333 0 465.6667
v  -469.3333 0 465.8333
v  -471.1667 0 460.8333
v  -470.3333 0 463.5
v  -470.3333 0 464.5
v  -494 0 449.8333
v  -492.6667 0 448.5
v  -490.5 0 448
v  -470.3333 0 464.5
v  -469.3333 0 465.8333
v  -469.3333 0 469.3333
v  -497.5 0 453.3333
v  -495 0 450.3333
v  -494 0 449.8333
v  -498.6667 0 459.1667
v  -498.3333 0 455.3333
v  -497.5 0 453.3333
v  -494.1667 0 469
v  -496.5 0 466.6667
v  -497.8333 0 463.3333
v  -494 0 449.8333
v  -490.5 0 448
v  -487.6667 0 448.1667
v  -497.5 0 453.3333
v  -478.5 0 452.1667
v  -474.8333 0 454.8333
v  -471.1667 0 460.8333
v  -471.1667 0 460.8333
v  -470.3333 0 464.5
v  -469.3333 0 469.3333
v  -487.6667 0 448.1667
v  -483.6667 0 449.6667
v  -478.5 0 452.1667
v  -494 0 469.3333
v  -494.1667 0 469
v  -497.5 0 453.3333
v  -497.5 0 453.3333
v  -487.6667 0 448.1667
v  -478.5 0 452.1667
v  -471.1667 0 460.8333
v  -469.3333 0 469.3333
v  -494 0 469.3333
v  -512 0 469.3333
v  -554.6667 0 469.3333
v  -554.6667 0 426.6667
v  -512 0 426.6667
v  -554.6667 0 469.3333
v  -597.3334 0 469.3333
v  -597.3334 0 426.6667
v  -554.6667 0 426.6667
v  -625.5001 0 462.5
v  -626.5001 0 460.1667
v  -626.0001 0 458.8333
v  -624.1667 0 456.6667
v  -624.1667 0 445.1667
v  -626.5001 0 441
v  -625.3334 0 439.3333
v  -597.3334 0 469.3333
v  -624.1667 0 456.6667
v  -624.1667 0 445.1667
v  -597.3334 0 426.6667
v  -624.8334 0 469.3333
v  -625.5001 0 466.5
v  -625.5001 0 462.5
v  -624.1667 0 456.6667
v  -597.3334 0 469.3333
v  -624.5001 0 434
v  -625.5001 0 429.6667
v  -625.5001 0 426.6667
v  -597.3334 0 426.6667
v  -624.1667 0 445.1667
v  -625.3334 0 439.3333
v  -624.5001 0 436.8333
v  -624.1667 0 445.1667
v  -624.5001 0 436.8333
v  -624.5001 0 434
v  -597.3334 0 426.6667
v  -639.0001 0 442.6667
v  -639.5001 0 440.5
v  -639.0001 0 439.5
v  -624.5001 0 436.8333
v  -625.3334 0 439.3333
v  -626.5001 0 441
v  -625.5001 0 429.6667
v  -624.5001 0 434
v  -626.5001 0 460.1667
v  -625.5001 0 462.5
v  -625.5001 0 466.5
v  -639.0001 0 469.3333
v  -639.5001 0 459.1667
v  -639.0001 0 457.1667
v  -639.0001 0 442.6667
v  -639.0001 0 439.5
v  -638.6667 0 436
v  -626.5001 0 441
v  -625.5001 0 466.5
v  -624.8334 0 469.3333
v  -639.0001 0 469.3333
v  -639.0001 0 442.6667
v  -626.5001 0 441
v  -624.1667 0 445.1667
v  -626.0001 0 458.8333
v  -626.5001 0 460.1667
v  -639.0001 0 457.1667
v  -639.5001 0 426.6667
v  -625.5001 0 426.6667
v  -625.5001 0 429.6667
v  -626.5001 0 441
v  -638.6667 0 436
v  -624.1667 0 445.1667
v  -624.1667 0 456.6667
v  -626.0001 0 458.8333
v  -638.6667 0 436
v  -639.0001 0 439.5
v  -639.5001 0 440.5
v  -640.0001 0 426.6667
v  -639.5001 0 426.6667
v  -639.0001 0 442.6667
v  -639.0001 0 457.1667
v  -639.5001 0 459.1667
v  -639.5001 0 440.5
v  -639.5001 0 459.1667
v  -639.0001 0 469.3333
v  -640.0001 0 469.3333
v  -640.0001 0 469.3333
v  -640.0001 0 426.6667
v  -639.5001 0 440.5
v  -639.5001 0 459.1667
v  -640 0 469.3333
v  -682.6667 0 469.3333
v  -682.6667 0 426.6667
v  -640 0 426.6667
v  -682.6667 0 469.3333
v  -725.3334 0 469.3333
v  -725.3334 0 426.6667
v  -682.6667 0 426.6667
v  -725.3334 0 469.3333
v  -768.0001 0 469.3333
v  -768.0001 0 426.6667
v  -725.3334 0 426.6667
v  -768 0 469.3333
v  -810.6667 0 469.3333
v  -810.6667 0 426.6667
v  -768 0 426.6667
v  -829.6667 0 467.3333
v  -832.1667 0 464.8333
v  -832.1667 0 464
v  -830.1667 0 458.5
v  -826.8334 0 443.3333
v  -829 0 434.8333
v  -810.6667 0 426.6667
v  -829 0 434.8333
v  -833.3334 0 429.8333
v  -834.6667 0 426.6667
v  -810.6667 0 426.6667
v  -828.8334 0 469.3333
v  -829.6667 0 467.3333
v  -830.1667 0 458.5
v  -828 0 450.3333
v  -828.8334 0 469.3333
v  -828 0 450.3333
v  -826.8334 0 444.6667
v  -810.6667 0 426.6667
v  -810.6667 0 469.3333
v  -826.8334 0 444.6667
v  -826.8334 0 443.3333
v  -810.6667 0 426.6667
v  -834.8334 0 426.6667
v  -834.6667 0 426.6667
v  -833.3334 0 429.8333
v  -832.1667 0 464.8333
v  -829.6667 0 467.3333
v  -828.8334 0 469.3333
v  -853.3334 0 469.3333
v  -826.8334 0 443.3333
v  -826.8334 0 444.6667
v  -828 0 450.3333
v  -828 0 450.3333
v  -830.1667 0 458.5
v  -832.1667 0 464
v  -833.3334 0 429.8333
v  -829 0 434.8333
v  -826.8334 0 443.3333
v  -853.3334 0 426.6667
v  -834.8334 0 426.6667
v  -833.3334 0 429.8333
v  -833.3334 0 429.8333
v  -826.8334 0 443.3333
v  -828 0 450.3333
v  -832.1667 0 464
v  -853.3334 0 469.3333
v  -853.3334 0 426.6667
v  -832.1667 0 464
v  -832.1667 0 464.8333
v  -853.3334 0 469.3333
v  -853.3334 0 469.3333
v  -869.3334 0 469.3333
v  -869.3334 0 426.6667
v  -853.3334 0 426.6667
v  -30.5 0 512
v  -42.66667 0 512
v  -42.66667 0 469.3333
v  -30.5 0 469.3333
v  -73.16667 0 496.1667
v  -73 0 495.1667
v  -72 0 493.6667
v  -72.66667 0 500.5
v  -73.16667 0 498.6667
v  -73.16667 0 473
v  -72 0 469.3333
v  -71.83334 0 469.3333
v  -76.5 0 512
v  -75.66667 0 511.1667
v  -72.66667 0 510.1667
v  -42.66667 0 512
v  -72.5 0 503.6667
v  -72.66667 0 500.5
v  -72 0 493.6667
v  -72.66667 0 510.1667
v  -72.83334 0 506.8333
v  -72.5 0 503.6667
v  -72.5 0 503.6667
v  -72 0 493.6667
v  -71.66667 0 489.8333
v  -42.66667 0 469.3333
v  -42.66667 0 512
v  -72.66667 0 510.1667
v  -71.66667 0 489.8333
v  -72.5 0 486.8333
v  -73.16667 0 480.8333
v  -73.16667 0 473
v  -71.83334 0 469.3333
v  -42.66667 0 469.3333
v  -75.66667 0 511.1667
v  -76.5 0 512
v  -76.66667 0 512
v  -73.16667 0 498.6667
v  -72.66667 0 500.5
v  -72.5 0 503.6667
v  -72.83334 0 506.8333
v  -72.66667 0 510.1667
v  -75.66667 0 511.1667
v  -71.66667 0 489.8333
v  -72 0 493.6667
v  -73 0 495.1667
v  -72.5 0 486.8333
v  -72.83334 0 506.8333
v  -75.66667 0 511.1667
v  -76.66667 0 512
v  -85.33334 0 512
v  -73.16667 0 498.6667
v  -72.5 0 503.6667
v  -73.16667 0 496.1667
v  -73.16667 0 498.6667
v  -85.33334 0 512
v  -85.33334 0 469.3333
v  -73.16667 0 473
v  -73.16667 0 480.8333
v  -72.5 0 486.8333
v  -73 0 495.1667
v  -73.16667 0 496.1667
v  -85.33334 0 512
v  -85.33334 0 469.3333
v  -73.16667 0 480.8333
v  -85.33334 0 469.3333
v  -72 0 469.3333
v  -73.16667 0 473
v  -85.33334 0 512
v  -128 0 512
v  -128 0 469.3333
v  -85.33334 0 469.3333
v  -128 0 512
v  -170.6667 0 512
v  -170.6667 0 469.3333
v  -128 0 469.3333
v  -208.3333 0 508.6667
v  -208.3333 0 508.3333
v  -205.3333 0 505.1667
v  -170.6667 0 512
v  -213.3333 0 511.8333
v  -213.3333 0 511.6667
v  -208.3333 0 508.6667
v  -213.3333 0 512
v  -213.3333 0 511.8333
v  -208.3333 0 508.6667
v  -170.6667 0 512
v  -202.8333 0 491.8333
v  -204.3333 0 485.3333
v  -199.8333 0 480.3333
v  -199.8333 0 480.3333
v  -193.5 0 469.3333
v  -193.3333 0 469.3333
v  -202.8333 0 499.8333
v  -202.8333 0 491.8333
v  -199.8333 0 480.3333
v  -193.3333 0 469.3333
v  -170.6667 0 469.3333
v  -170.6667 0 512
v  -170.6667 0 512
v  -203.5 0 501.3333
v  -202.8333 0 499.8333
v  -170.6667 0 512
v  -205.3333 0 505.1667
v  -203.5 0 501.3333
v  -202.8333 0 499.8333
v  -203.5 0 501.3333
v  -205.3333 0 505.1667
v  -208.3333 0 508.3333
v  -208.3333 0 508.3333
v  -208.3333 0 508.6667
v  -213.3333 0 511.6667
v  -213.3333 0 469.3333
v  -193.5 0 469.3333
v  -199.8333 0 480.3333
v  -204.3333 0 485.3333
v  -204.3333 0 485.3333
v  -202.8333 0 491.8333
v  -202.8333 0 499.8333
v  -208.3333 0 508.3333
v  -213.3333 0 511.6667
v  -213.3333 0 469.3333
v  -213.3333 0 511.6667
v  -213.3333 0 511.8333
v  -213.6667 0 512
v  -213.8333 0 512
v  -213.3333 0 511.6667
v  -213.8333 0 512
v  -256 0 512
v  -256 0 470.3333
v  -253.8333 0 469.3333
v  -213.3333 0 469.3333
v  -256 0 470.3333
v  -256 0 470.1667
v  -254.1667 0 469.3333
v  -253.8333 0 469.3333
v  -256 0 470.1667
v  -256 0 469.3333
v  -254.1667 0 469.3333
v  -213.3333 0 512
v  -213.6667 0 512
v  -213.3333 0 511.8333
v  -256 0 470.1667
v  -256 0 470.3333
v  -265 0 475
v  -256 0 469.3333
v  -256 0 470.1667
v  -265 0 475
v  -292.8333 0 480.1667
v  -298.6667 0 481.1667
v  -298.6667 0 469.3333
v  -265 0 475
v  -271.1667 0 479.1667
v  -277.8333 0 479
v  -277.8333 0 479
v  -280.6667 0 479.5
v  -292.8333 0 480.1667
v  -298.6667 0 469.3333
v  -256 0 469.3333
v  -265 0 475
v  -280.6667 0 479.5
v  -277.8333 0 479
v  -271.1667 0 479.1667
v  -271.1667 0 479.1667
v  -265 0 475
v  -256 0 470.3333
v  -256 0 512
v  -298.6667 0 481.1667
v  -292.8333 0 480.1667
v  -280.6667 0 479.5
v  -271.1667 0 479.1667
v  -256 0 512
v  -298.6667 0 512
v  -298.6667 0 469.3333
v  -298.6667 0 481.1667
v  -306.8333 0 484.1667
v  -298.6667 0 469.3333
v  -306.8333 0 484.1667
v  -310.6667 0 486.6667
v  -316.3333 0 511.1667
v  -314.1667 0 512
v  -341.3333 0 512
v  -319.6667 0 503.5
v  -316.3333 0 511.1667
v  -341.3333 0 512
v  -319.3333 0 499.1667
v  -319.6667 0 503.5
v  -341.3333 0 512
v  -298.6667 0 469.3333
v  -310.6667 0 486.6667
v  -315.6667 0 491.6667
v  -341.3333 0 512
v  -341.3333 0 469.3333
v  -318.3333 0 495.6667
v  -319.3333 0 499.1667
v  -341.3333 0 512
v  -315.6667 0 491.6667
v  -318.3333 0 495.6667
v  -341.3333 0 512
v  -313.6667 0 512
v  -314.1667 0 512
v  -316.3333 0 511.1667
v  -319.6667 0 503.5
v  -319.6667 0 503.5
v  -319.3333 0 499.1667
v  -318.3333 0 495.6667
v  -315.6667 0 491.6667
v  -315.6667 0 491.6667
v  -306.8333 0 484.1667
v  -298.6667 0 481.1667
v  -298.6667 0 512
v  -313.6667 0 512
v  -319.6667 0 503.5
v  -315.6667 0 491.6667
v  -310.6667 0 486.6667
v  -306.8333 0 484.1667
v  -341.3333 0 512
v  -384 0 512
v  -384 0 469.3333
v  -341.3333 0 469.3333
v  -419.6667 0 493.6667
v  -419.6667 0 491.8333
v  -418 0 487.5
v  -404.1667 0 475.8333
v  -399.3333 0 469.3333
v  -399.1667 0 469.3333
v  -404.8333 0 477.8333
v  -420.1667 0 495.8333
v  -419.6667 0 493.6667
v  -418 0 487.5
v  -410 0 483.1667
v  -409.3333 0 482.8333
v  -418 0 487.5
v  -416.5 0 482
v  -410 0 483.1667
v  -426.6667 0 512
v  -421.8333 0 498.1667
v  -420.1667 0 495.8333
v  -420.1667 0 495.8333
v  -409.3333 0 482.8333
v  -406.3333 0 480.5
v  -384 0 469.3333
v  -384 0 512
v  -426.6667 0 512
v  -406.3333 0 480.5
v  -404.8333 0 477.8333
v  -399.1667 0 469.3333
v  -384 0 469.3333
v  -426.6667 0 512
v  -426.6667 0 498.8333
v  -421.8333 0 498.1667
v  -419.6667 0 491.8333
v  -419.6667 0 493.6667
v  -420.1667 0 495.8333
v  -421.8333 0 498.1667
v  -426.6667 0 498.8333
v  -406.3333 0 480.5
v  -409.3333 0 482.8333
v  -410 0 483.1667
v  -404.1667 0 475.8333
v  -404.8333 0 477.8333
v  -404.1667 0 475.8333
v  -410 0 483.1667
v  -416.5 0 482
v  -426.6667 0 469.3333
v  -399.3333 0 469.3333
v  -416.5 0 482
v  -418 0 487.5
v  -419.6667 0 491.8333
v  -426.6667 0 498.8333
v  -426.6667 0 469.3333
v  -443.8333 0 495
v  -445 0 492.1667
v  -444.8333 0 491.1667
v  -442.5 0 488.8333
v  -430.5 0 482
v  -428.8333 0 479.5
v  -427.6667 0 479
v  -426.6667 0 498.8333
v  -442.5 0 488.8333
v  -442.5 0 488.5
v  -438.3333 0 485.8333
v  -439.3333 0 498.5
v  -441.8333 0 496.8333
v  -443.8333 0 495
v  -426.6667 0 498.8333
v  -435.1667 0 499.3333
v  -433.8333 0 484.5
v  -430.5 0 482
v  -433 0 475.8333
v  -436.6667 0 470.3333
v  -436.8333 0 469.3333
v  -426.6667 0 469.3333
v  -427.6667 0 479
v  -426.6667 0 498.8333
v  -427.6667 0 479
v  -426.6667 0 469.3333
v  -433.8333 0 484.5
v  -435.1667 0 499.3333
v  -439.3333 0 498.5
v  -443.8333 0 495
v  -442.5 0 488.8333
v  -438.3333 0 485.8333
v  -442.5 0 488.5
v  -442.5 0 488.8333
v  -444.8333 0 491.1667
v  -433 0 475.8333
v  -427.6667 0 479
v  -428.8333 0 479.5
v  -433 0 475.8333
v  -428.8333 0 479.5
v  -430.5 0 482
v  -433 0 475.8333
v  -430.5 0 482
v  -433.8333 0 484.5
v  -438.3333 0 485.8333
v  -436.6667 0 470.3333
v  -469.3333 0 512
v  -469.3333 0 501.6667
v  -467.1667 0 501.3333
v  -461.1667 0 486.5
v  -461.1667 0 480.8333
v  -444.8333 0 491.1667
v  -465.5 0 499.5
v  -463.5 0 493
v  -461.3333 0 487.8333
v  -469.3333 0 512
v  -467.1667 0 501.3333
v  -465.5 0 499.5
v  -435.1667 0 499.3333
v  -426.6667 0 498.8333
v  -426.6667 0 512
v  -461.3333 0 487.8333
v  -445 0 492.1667
v  -443.8333 0 495
v  -436.8333 0 469.3333
v  -436.6667 0 470.3333
v  -438.3333 0 485.8333
v  -442.5 0 488.5
v  -439.3333 0 498.5
v  -435.1667 0 499.3333
v  -426.6667 0 512
v  -461.1667 0 480.8333
v  -462 0 475.6667
v  -444.8333 0 491.1667
v  -441.8333 0 496.8333
v  -439.3333 0 498.5
v  -426.6667 0 512
v  -436.8333 0 469.3333
v  -442.5 0 488.5
v  -444.8333 0 491.1667
v  -462 0 475.6667
v  -463.8333 0 472.6667
v  -443.8333 0 495
v  -441.8333 0 496.8333
v  -426.6667 0 512
v  -469.3333 0 512
v  -465.5 0 499.5
v  -461.3333 0 487.8333
v  -444.8333 0 491.1667
v  -445 0 492.1667
v  -461.3333 0 487.8333
v  -461.1667 0 486.5
v  -463.8333 0 472.6667
v  -466.5 0 469.3333
v  -436.8333 0 469.3333
v  -466.6667 0 469.3333
v  -466.5 0 469.3333
v  -463.8333 0 472.6667
v  -465.5 0 499.5
v  -467.1667 0 501.3333
v  -469.3333 0 501.6667
v  -463.5 0 493
v  -469.3333 0 469.3333
v  -466.6667 0 469.3333
v  -463.8333 0 472.6667
v  -461.1667 0 486.5
v  -461.3333 0 487.8333
v  -463.5 0 493
v  -463.8333 0 472.6667
v  -462 0 475.6667
v  -461.1667 0 480.8333
v  -461.1667 0 480.8333
v  -461.1667 0 486.5
v  -463.5 0 493
v  -469.3333 0 501.6667
v  -469.3333 0 469.3333
v  -463.8333 0 472.6667
v  -469.3333 0 501.6667
v  -470.8333 0 501.8333
v  -473.6667 0 501
v  -480.1667 0 495.3333
v  -486.1667 0 483
v  -486.5 0 479.3333
v  -485.5 0 477.1667
v  -486.1667 0 483
v  -485.5 0 477.1667
v  -485 0 474.1667
v  -485 0 474.1667
v  -491 0 471.5
v  -494 0 469.3333
v  -469.3333 0 469.3333
v  -480.1667 0 495.3333
v  -483.3333 0 489.3333
v  -486.1667 0 483
v  -485 0 474.1667
v  -469.3333 0 469.3333
v  -469.3333 0 501.6667
v  -494.1667 0 469.3333
v  -494 0 469.3333
v  -491 0 471.5
v  -486.5 0 479.3333
v  -486.1667 0 483
v  -485 0 474.1667
v  -485.5 0 477.1667
v  -486.5 0 479.3333
v  -491 0 471.5
v  -494.1667 0 469.3333
v  -486.1667 0 483
v  -483.3333 0 489.3333
v  -470.8333 0 501.8333
v  -469.3333 0 501.6667
v  -469.3333 0 512
v  -473.6667 0 501
v  -470.8333 0 501.8333
v  -469.3333 0 512
v  -480.1667 0 495.3333
v  -473.6667 0 501
v  -469.3333 0 512
v  -512 0 512
v  -494.1667 0 469.3333
v  -483.3333 0 489.3333
v  -480.1667 0 495.3333
v  -512 0 512
v  -512 0 469.3333
v  -512 0 512
v  -554.6667 0 512
v  -554.6667 0 469.3333
v  -512 0 469.3333
v  -554.6667 0 512
v  -597.3334 0 512
v  -597.3334 0 469.3333
v  -554.6667 0 469.3333
v  -625.0001 0 481.3333
v  -626.5001 0 477.6667
v  -625.5001 0 476.6667
v  -625.0001 0 481.3333
v  -625.5001 0 476.6667
v  -624.5001 0 474.1667
v  -624.0001 0 500.5
v  -626.5001 0 496.1667
v  -625.8334 0 492.6667
v  -625.8334 0 492.6667
v  -626.0001 0 486.8333
v  -625.0001 0 481.3333
v  -624.0001 0 500.5
v  -597.3334 0 512
v  -624.0001 0 511.5
v  -624.0001 0 500.5
v  -624.0001 0 500.5
v  -625.0001 0 481.3333
v  -624.5001 0 474.1667
v  -597.3334 0 512
v  -624.3334 0 512
v  -624.0001 0 511.5
v  -624.5001 0 470.8333
v  -624.8334 0 469.3333
v  -597.3334 0 469.3333
v  -624.5001 0 474.1667
v  -624.5001 0 470.8333
v  -597.3334 0 469.3333
v  -597.3334 0 512
v  -624.0001 0 500.5
v  -624.0001 0 511.5
v  -624.3334 0 512
v  -624.5001 0 512
v  -639.5001 0 495.8333
v  -640.0001 0 495.3333
v  -640.0001 0 495.1667
v  -626.5001 0 496.1667
v  -640.0001 0 478.8333
v  -640.0001 0 478.5
v  -639.1667 0 477.1667
v  -624.5001 0 474.1667
v  -625.5001 0 476.6667
v  -626.5001 0 477.6667
v  -624.8334 0 469.3333
v  -624.5001 0 470.8333
v  -624.5001 0 474.1667
v  -626.5001 0 477.6667
v  -638.6667 0 474.6667
v  -639.0001 0 469.3333
v  -640.0001 0 478.8333
v  -639.1667 0 477.1667
v  -626.5001 0 477.6667
v  -626.0001 0 486.8333
v  -626.5001 0 496.1667
v  -640.0001 0 495.1667
v  -626.5001 0 477.6667
v  -625.0001 0 481.3333
v  -626.0001 0 486.8333
v  -626.0001 0 486.8333
v  -625.8334 0 492.6667
v  -626.5001 0 496.1667
v  -624.0001 0 500.5
v  -624.0001 0 511.5
v  -624.5001 0 512
v  -639.0001 0 512
v  -639.0001 0 497.6667
v  -626.5001 0 496.1667
v  -639.0001 0 497.6667
v  -639.5001 0 495.8333
v  -626.5001 0 496.1667
v  -639.1667 0 477.1667
v  -638.6667 0 474.6667
v  -626.5001 0 477.6667
v  -638.6667 0 474.6667
v  -639.1667 0 477.1667
v  -640.0001 0 478.5
v  -640.0001 0 469.3333
v  -639.0001 0 469.3333
v  -640.0001 0 495.3333
v  -639.5001 0 495.8333
v  -639.0001 0 497.6667
v  -639.0001 0 512
v  -640.0001 0 512
v  -640 0 478.5
v  -640 0 478.8333
v  -641.3333 0 481.1667
v  -640 0 478.5
v  -641.3333 0 481.1667
v  -642.5 0 482.3333
v  -640 0 469.3333
v  -642.6667 0 491
v  -640 0 495.1667
v  -640 0 495.3333
v  -642.6667 0 491
v  -682.6667 0 512
v  -682.6667 0 469.3333
v  -643.1667 0 485
v  -640 0 469.3333
v  -642.5 0 482.3333
v  -643.1667 0 485
v  -682.6667 0 469.3333
v  -642.6667 0 491
v  -640 0 495.3333
v  -640 0 512
v  -682.6667 0 512
v  -643.1667 0 485
v  -642.5 0 482.3333
v  -641.3333 0 481.1667
v  -643.1667 0 485
v  -641.3333 0 481.1667
v  -640 0 478.8333
v  -640 0 495.1667
v  -642.6667 0 491
v  -682.6667 0 512
v  -725.3334 0 512
v  -725.3334 0 469.3333
v  -682.6667 0 469.3333
v  -725.3334 0 512
v  -768.0001 0 512
v  -768.0001 0 469.3333
v  -725.3334 0 469.3333
v  -768 0 512
v  -810.6667 0 512
v  -810.6667 0 469.3333
v  -768 0 469.3333
v  -810.6667 0 512
v  -818.1667 0 512
v  -816.3334 0 504
v  -821.8334 0 489.3333
v  -825.5 0 479
v  -826 0 475.1667
v  -818 0 494.8333
v  -826 0 475.1667
v  -828.8334 0 469.3333
v  -810.6667 0 469.3333
v  -810.6667 0 512
v  -816.3334 0 504
v  -818 0 494.8333
v  -818 0 494.8333
v  -826 0 475.1667
v  -810.6667 0 469.3333
v  -810.6667 0 512
v  -828.8334 0 469.3333
v  -826 0 475.1667
v  -825.5 0 479
v  -853.3334 0 469.3333
v  -821.8334 0 489.3333
v  -818 0 494.8333
v  -816.3334 0 504
v  -818.1667 0 512
v  -825.5 0 479
v  -821.8334 0 489.3333
v  -818.1667 0 512
v  -853.3334 0 512
v  -853.3334 0 469.3333
v  -853.3334 0 512
v  -869.3334 0 512
v  -869.3334 0 469.3333
v  -853.3334 0 469.3333
v  -30.5 0 554.6667
v  -42.66667 0 554.6667
v  -42.66667 0 512
v  -30.5 0 512
v  -78.83334 0 513.8333
v  -76.66667 0 512
v  -76.5 0 512
v  -80.33334 0 519.1667
v  -79.83334 0 524.3333
v  -80.33334 0 520.6667
v  -80.33334 0 519.1667
v  -78.66667 0 528.3333
v  -78.66667 0 528.3333
v  -80.33334 0 519.1667
v  -76.5 0 512
v  -42.66667 0 512
v  -42.66667 0 554.6667
v  -75.33334 0 536
v  -42.66667 0 554.6667
v  -80.33334 0 554.6667
v  -78 0 546.5
v  -78 0 546.5
v  -78.66667 0 541.3333
v  -75.33334 0 536
v  -42.66667 0 554.6667
v  -85.33334 0 512
v  -76.66667 0 512
v  -78.83334 0 513.8333
v  -85.33334 0 512
v  -78.83334 0 513.8333
v  -80.33334 0 519.1667
v  -85.33334 0 512
v  -80.33334 0 519.1667
v  -80.33334 0 520.6667
v  -78 0 546.5
v  -80.33334 0 554.6667
v  -85.33334 0 554.6667
v  -78.66667 0 541.3333
v  -78.66667 0 528.3333
v  -75.33334 0 536
v  -78.66667 0 541.3333
v  -85.33334 0 512
v  -80.33334 0 520.6667
v  -79.83334 0 524.3333
v  -79.83334 0 524.3333
v  -78.66667 0 528.3333
v  -78.66667 0 541.3333
v  -85.33334 0 554.6667
v  -85.33334 0 512
v  -85.33334 0 554.6667
v  -128 0 554.6667
v  -128 0 512
v  -85.33334 0 512
v  -128 0 554.6667
v  -170.6667 0 554.6667
v  -170.6667 0 512
v  -128 0 512
v  -170.6667 0 554.6667
v  -213.3333 0 554.6667
v  -213.3333 0 512
v  -170.6667 0 512
v  -230.6667 0 554.6667
v  -230.8333 0 554.6667
v  -231 0 554.1667
v  -217.6667 0 514.5
v  -213.8333 0 512
v  -213.6667 0 512
v  -217.6667 0 514.5
v  -213.6667 0 512
v  -213.3333 0 512
v  -213.3333 0 554.6667
v  -231 0 554.1667
v  -232 0 553.6667
v  -236.1667 0 550.1667
v  -230.3333 0 520.8333
v  -217.6667 0 514.5
v  -213.3333 0 554.6667
v  -213.3333 0 554.6667
v  -230.6667 0 554.6667
v  -231 0 554.1667
v  -256 0 544.5
v  -256 0 522.8333
v  -250.3333 0 523.8333
v  -250 0 545.1667
v  -236.1667 0 550.1667
v  -241.5 0 547.6667
v  -236.6667 0 523
v  -230.3333 0 520.8333
v  -250 0 545.1667
v  -250.3333 0 523.8333
v  -243 0 524.3333
v  -241.5 0 547.6667
v  -250 0 545.1667
v  -243 0 524.3333
v  -236.6667 0 523
v  -243 0 524.3333
v  -250.3333 0 523.8333
v  -256 0 522.8333
v  -230.3333 0 520.8333
v  -236.6667 0 523
v  -243 0 524.3333
v  -243 0 524.3333
v  -256 0 522.8333
v  -256 0 512
v  -213.8333 0 512
v  -217.6667 0 514.5
v  -230.3333 0 520.8333
v  -232 0 553.6667
v  -231 0 554.1667
v  -230.8333 0 554.6667
v  -236.1667 0 550.1667
v  -232 0 553.6667
v  -230.8333 0 554.6667
v  -256 0 554.6667
v  -256 0 544.5
v  -250 0 545.1667
v  -241.5 0 547.6667
v  -236.1667 0 550.1667
v  -230.8333 0 554.6667
v  -256 0 522.8333
v  -260.3333 0 522.1667
v  -266.3333 0 519.8333
v  -270.3333 0 516.8333
v  -256 0 512
v  -270.3333 0 516.8333
v  -273.1667 0 517.3333
v  -284.8333 0 517.3333
v  -298.6667 0 516.5
v  -298.6667 0 512
v  -256 0 512
v  -273.1667 0 517.3333
v  -270.3333 0 516.8333
v  -266.3333 0 519.8333
v  -278.1667 0 550.3333
v  -284.8333 0 554.6667
v  -285 0 554.6667
v  -273.1667 0 517.3333
v  -266.3333 0 519.8333
v  -260.3333 0 522.1667
v  -284.8333 0 517.3333
v  -278.1667 0 550.3333
v  -285 0 554.6667
v  -298.6667 0 554.6667
v  -256 0 522.8333
v  -256 0 544.5
v  -259.5 0 544
v  -260.3333 0 522.1667
v  -256 0 522.8333
v  -259.5 0 544
v  -270.8333 0 546.3333
v  -270.8333 0 546.3333
v  -278.1667 0 550.3333
v  -298.6667 0 554.6667
v  -298.6667 0 516.5
v  -284.8333 0 517.3333
v  -260.3333 0 522.1667
v  -259.5 0 544
v  -256 0 544.5
v  -256 0 554.6667
v  -284.8333 0 554.6667
v  -278.1667 0 550.3333
v  -270.8333 0 546.3333
v  -307.6667 0 514.5
v  -313.6667 0 512
v  -298.6667 0 512
v  -298.6667 0 516.5
v  -314.1667 0 512
v  -313.6667 0 512
v  -307.6667 0 514.5
v  -341.3333 0 512
v  -314.1667 0 512
v  -307.6667 0 514.5
v  -307.6667 0 514.5
v  -298.6667 0 516.5
v  -298.6667 0 554.6667
v  -341.3333 0 554.6667
v  -341.3333 0 512
v  -341.3333 0 554.6667
v  -384 0 554.6667
v  -384 0 512
v  -341.3333 0 512
v  -384 0 554.6667
v  -426.6667 0 554.6667
v  -426.6667 0 512
v  -384 0 512
v  -426.6667 0 554.6667
v  -469.3333 0 554.6667
v  -469.3333 0 512
v  -426.6667 0 512
v  -503 0 553.3333
v  -504.3333 0 552.1667
v  -504.3333 0 551.8333
v  -469.3333 0 554.6667
v  -469.3333 0 554.6667
v  -502.5 0 554.6667
v  -503 0 553.3333
v  -506.5 0 550.5
v  -512 0 550.1667
v  -512 0 512
v  -469.3333 0 554.6667
v  -504.3333 0 551.8333
v  -506.5 0 550.5
v  -512 0 512
v  -469.3333 0 512
v  -506.5 0 550.5
v  -504.3333 0 551.8333
v  -504.3333 0 552.1667
v  -504.3333 0 552.1667
v  -503 0 553.3333
v  -502.5 0 554.6667
v  -512 0 554.6667
v  -512 0 550.3333
v  -506.5 0 550.5
v  -512 0 550.3333
v  -512 0 550.1667
v  -506.5 0 550.5
v  -512 0 550.1667
v  -512 0 550.3333
v  -514.3333 0 550.3333
v  -518.5 0 552.8333
v  -519.8333 0 554.6667
v  -520 0 554.6667
v  -518.5 0 552.8333
v  -520 0 554.6667
v  -554.6667 0 554.6667
v  -516.5 0 551.3333
v  -518.5 0 552.8333
v  -554.6667 0 554.6667
v  -512 0 512
v  -512 0 550.1667
v  -514.3333 0 550.3333
v  -512 0 512
v  -514.3333 0 550.3333
v  -516.5 0 551.3333
v  -554.6667 0 554.6667
v  -554.6667 0 512
v  -516.5 0 551.3333
v  -514.3333 0 550.3333
v  -512 0 550.3333
v  -512 0 554.6667
v  -519.8333 0 554.6667
v  -518.5 0 552.8333
v  -554.6667 0 554.6667
v  -597.3334 0 554.6667
v  -597.3334 0 512
v  -554.6667 0 512
v  -640.0001 0 512
v  -639.0001 0 512
v  -639.5001 0 515
v  -626.5001 0 515
v  -624.5001 0 512
v  -624.3334 0 512
v  -626.5001 0 515
v  -624.3334 0 512
v  -597.3334 0 512
v  -597.3334 0 554.6667
v  -640.0001 0 554.6667
v  -640.0001 0 554.6667
v  -640.0001 0 512
v  -639.5001 0 515
v  -640.0001 0 554.6667
v  -639.5001 0 515
v  -626.5001 0 515
v  -639.0001 0 512
v  -624.5001 0 512
v  -626.5001 0 515
v  -639.5001 0 515
v  -682.5 0 554.6667
v  -682.6667 0 554.5
v  -682.6667 0 554.1667
v  -682.5 0 554.6667
v  -682.6667 0 554.1667
v  -682.6667 0 512
v  -640 0 512
v  -640 0 554.6667
v  -698.5 0 552.8333
v  -699.8334 0 554.6667
v  -700 0 554.6667
v  -698.5 0 552.8333
v  -700 0 554.6667
v  -725.3334 0 554.6667
v  -696.5 0 551.3333
v  -698.5 0 552.8333
v  -725.3334 0 554.6667
v  -694.3334 0 550.3333
v  -696.5 0 551.3333
v  -725.3334 0 554.6667
v  -725.3334 0 512
v  -682.6667 0 512
v  -682.6667 0 512
v  -682.6667 0 554.1667
v  -684.3334 0 551.8333
v  -682.6667 0 512
v  -684.3334 0 551.8333
v  -686.5 0 550.5
v  -682.6667 0 512
v  -686.5 0 550.5
v  -692 0 550.1667
v  -682.6667 0 512
v  -692 0 550.1667
v  -694.3334 0 550.3333
v  -684.3334 0 551.8333
v  -682.6667 0 554.1667
v  -682.6667 0 554.5
v  -684.3334 0 551.8333
v  -682.6667 0 554.5
v  -682.6667 0 554.6667
v  -696.5 0 551.3333
v  -694.3334 0 550.3333
v  -692 0 550.1667
v  -699.8334 0 554.6667
v  -698.5 0 552.8333
v  -696.5 0 551.3333
v  -686.5 0 550.5
v  -684.3334 0 551.8333
v  -682.6667 0 554.6667
v  -699.8334 0 554.6667
v  -696.5 0 551.3333
v  -692 0 550.1667
v  -725.3334 0 554.6667
v  -768.0001 0 554.6667
v  -768.0001 0 512
v  -725.3334 0 512
v  -768 0 554.6667
v  -810.6667 0 554.6667
v  -810.6667 0 512
v  -768 0 512
v  -829 0 554.6667
v  -828.8334 0 553.6667
v  -827.1667 0 551.5
v  -810.6667 0 554.6667
v  -825.5 0 537.5
v  -825.1667 0 534.6667
v  -824.3334 0 531.5
v  -822.8334 0 528.1667
v  -825.1667 0 545.6667
v  -825.5 0 537.5
v  -822.8334 0 528.1667
v  -820.3334 0 520.5
v  -810.6667 0 512
v  -810.6667 0 554.6667
v  -820.3334 0 520.5
v  -818.1667 0 512
v  -810.6667 0 512
v  -810.6667 0 554.6667
v  -827.1667 0 551.5
v  -825.1667 0 545.6667
v  -825.1667 0 545.6667
v  -827.1667 0 551.5
v  -828.8334 0 553.6667
v  -825.5 0 537.5
v  -820.3334 0 520.5
v  -822.8334 0 528.1667
v  -824.3334 0 531.5
v  -853.3334 0 512
v  -818.1667 0 512
v  -828.8334 0 553.6667
v  -829 0 554.6667
v  -853.3334 0 554.6667
v  -825.1667 0 534.6667
v  -825.5 0 537.5
v  -828.8334 0 553.6667
v  -853.3334 0 554.6667
v  -853.3334 0 512
v  -824.3334 0 531.5
v  -825.1667 0 534.6667
v  -853.3334 0 554.6667
v  -853.3334 0 554.6667
v  -869.3334 0 554.6667
v  -869.3334 0 512
v  -853.3334 0 512
v  -30.5 0 597.3334
v  -42.66667 0 597.3334
v  -42.66667 0 554.6667
v  -30.5 0 554.6667
v  -80.16667 0 561.3334
v  -80.66667 0 556
v  -80.33334 0 554.6667
v  -76.16667 0 569
v  -78.83334 0 565.5
v  -67.5 0 585
v  -70 0 579.8334
v  -69.5 0 576.8334
v  -53.16667 0 593.6667
v  -60 0 590.6667
v  -64 0 588.1667
v  -42.66667 0 597.3334
v  -53 0 594.8334
v  -53.16667 0 593.6667
v  -69.5 0 576.8334
v  -76.16667 0 569
v  -80.33334 0 554.6667
v  -42.66667 0 554.6667
v  -42.66667 0 597.3334
v  -53.16667 0 593.6667
v  -69.5 0 576.8334
v  -72.33334 0 575.1667
v  -76.16667 0 569
v  -42.66667 0 597.3334
v  -56 0 597.3334
v  -53 0 594.8334
v  -53 0 594.8334
v  -56 0 597.3334
v  -56.33334 0 597.3334
v  -60 0 590.6667
v  -53.16667 0 593.6667
v  -85.33334 0 554.6667
v  -80.16667 0 561.3334
v  -78.83334 0 565.5
v  -85.33334 0 554.6667
v  -80.33334 0 554.6667
v  -80.66667 0 556
v  -72.33334 0 575.1667
v  -69.5 0 576.8334
v  -70 0 579.8334
v  -67.5 0 585
v  -64 0 588.1667
v  -56.33334 0 597.3334
v  -85.33334 0 597.3334
v  -85.33334 0 554.6667
v  -80.66667 0 556
v  -80.16667 0 561.3334
v  -72.33334 0 575.1667
v  -70 0 579.8334
v  -67.5 0 585
v  -78.83334 0 565.5
v  -76.16667 0 569
v  -85.33334 0 597.3334
v  -85.33334 0 554.6667
v  -78.83334 0 565.5
v  -67.5 0 585
v  -64 0 588.1667
v  -60 0 590.6667
v  -56.33334 0 597.3334
v  -85.33334 0 597.3334
v  -128 0 597.3334
v  -128 0 554.6667
v  -85.33334 0 554.6667
v  -128 0 597.3334
v  -170.6667 0 597.3334
v  -170.6667 0 554.6667
v  -128 0 554.6667
v  -170.6667 0 597.3334
v  -213.3333 0 597.3334
v  -213.3333 0 554.6667
v  -170.6667 0 554.6667
v  -227.1667 0 558.8334
v  -230.6667 0 554.6667
v  -213.3333 0 554.6667
v  -226.6667 0 560.1667
v  -227.1667 0 558.8334
v  -213.3333 0 554.6667
v  -213.3333 0 597.3334
v  -238 0 597.3334
v  -227 0 588.5
v  -213.3333 0 597.3334
v  -227 0 588.5
v  -224 0 583.6667
v  -223.3333 0 569.3334
v  -226.6667 0 560.1667
v  -213.3333 0 554.6667
v  -213.3333 0 597.3334
v  -224 0 583.6667
v  -222.1667 0 577.8334
v  -222.1667 0 577.8334
v  -223.3333 0 569.3334
v  -213.3333 0 554.6667
v  -213.3333 0 597.3334
v  -230.8333 0 554.6667
v  -230.6667 0 554.6667
v  -227.1667 0 558.8334
v  -226.6667 0 560.1667
v  -223.3333 0 569.3334
v  -227 0 588.5
v  -238.3333 0 597.3334
v  -256 0 597.3334
v  -256 0 554.6667
v  -230.8333 0 554.6667
v  -223.3333 0 569.3334
v  -222.1667 0 577.8334
v  -224 0 583.6667
v  -227 0 588.5
v  -223.3333 0 569.3334
v  -227 0 588.5
v  -238 0 597.3334
v  -238.3333 0 597.3334
v  -298.6667 0 565.6667
v  -298.6667 0 565.5
v  -292.6667 0 560.3334
v  -292.6667 0 560.3334
v  -285 0 554.6667
v  -284.8333 0 554.6667
v  -298.6667 0 565.6667
v  -292.6667 0 560.3334
v  -284.8333 0 554.6667
v  -256 0 554.6667
v  -256 0 597.3334
v  -298.6667 0 597.3334
v  -298.6667 0 554.6667
v  -285 0 554.6667
v  -292.6667 0 560.3334
v  -298.6667 0 565.5
v  -298.6667 0 554.6667
v  -292.6667 0 560.3334
v  -298.6667 0 565.5
v  -298.6667 0 565.6667
v  -301.3333 0 567.8334
v  -298.6667 0 554.6667
v  -298.6667 0 565.5
v  -301.3333 0 567.8334
v  -298.6667 0 554.6667
v  -301.3333 0 567.8334
v  -305.5 0 573.3334
v  -341.3333 0 554.6667
v  -306.5 0 590.3334
v  -302.8333 0 597.3334
v  -341.3333 0 597.3334
v  -307.5 0 581.3334
v  -306.5 0 590.3334
v  -341.3333 0 597.3334
v  -307.5 0 581.3334
v  -341.3333 0 597.3334
v  -341.3333 0 554.6667
v  -305.5 0 573.3334
v  -302.6667 0 597.3334
v  -302.8333 0 597.3334
v  -306.5 0 590.3334
v  -305.5 0 573.3334
v  -301.3333 0 567.8334
v  -298.6667 0 565.6667
v  -298.6667 0 597.3334
v  -302.6667 0 597.3334
v  -306.5 0 590.3334
v  -307.5 0 581.3334
v  -305.5 0 573.3334
v  -298.6667 0 565.6667
v  -341.3333 0 597.3334
v  -384 0 597.3334
v  -384 0 554.6667
v  -341.3333 0 554.6667
v  -424.8333 0 595.1667
v  -424.5 0 597.3334
v  -426.6667 0 597.3334
v  -395.8333 0 585.3334
v  -395.8333 0 584.3334
v  -393 0 583.5
v  -387.6667 0 570.6667
v  -390.6667 0 568.8334
v  -391.1667 0 567.8334
v  -390.5 0 582.1667
v  -389.8333 0 581.3334
v  -386.6667 0 579
v  -395.8333 0 585.3334
v  -393 0 583.5
v  -390.5 0 582.1667
v  -397.6667 0 590.5
v  -424 0 591.1667
v  -424.8333 0 595.1667
v  -426.6667 0 597.3334
v  -387.6667 0 570.6667
v  -391.1667 0 567.8334
v  -393 0 566
v  -384 0 554.6667
v  -421.6667 0 577.5
v  -419.5 0 581.1667
v  -422 0 585.6667
v  -419.8333 0 567.6667
v  -421.5 0 570.3334
v  -426.6667 0 554.6667
v  -422.1667 0 573.3334
v  -421.6667 0 577.5
v  -422 0 585.6667
v  -424 0 591.1667
v  -426.6667 0 597.3334
v  -426.6667 0 554.6667
v  -421.5 0 570.3334
v  -422.1667 0 573.3334
v  -426.6667 0 554.6667
v  -397.6667 0 590.5
v  -390.5 0 582.1667
v  -386.6667 0 579
v  -384 0 597.3334
v  -399.8333 0 595.3334
v  -384 0 597.3334
v  -401.1667 0 597.3334
v  -399.8333 0 595.3334
v  -417.3333 0 566
v  -419.8333 0 567.6667
v  -426.6667 0 554.6667
v  -409.5 0 563.1667
v  -417.3333 0 566
v  -426.6667 0 554.6667
v  -384 0 597.3334
v  -386.6667 0 579
v  -386.1667 0 577.8334
v  -384 0 597.3334
v  -386.1667 0 577.8334
v  -385.8333 0 574.5
v  -384 0 554.6667
v  -384 0 597.3334
v  -385.8333 0 574.5
v  -384 0 554.6667
v  -385.8333 0 574.5
v  -387.6667 0 570.6667
v  -403.1667 0 562
v  -409.5 0 563.1667
v  -426.6667 0 554.6667
v  -384 0 554.6667
v  -384 0 554.6667
v  -393 0 566
v  -395.6667 0 564.1667
v  -384 0 554.6667
v  -395.6667 0 564.1667
v  -398.6667 0 562.6667
v  -384 0 554.6667
v  -398.6667 0 562.6667
v  -403.1667 0 562
v  -393 0 566
v  -391.1667 0 567.8334
v  -390.6667 0 568.8334
v  -389.8333 0 581.3334
v  -390.5 0 582.1667
v  -393 0 583.5
v  -395.8333 0 584.3334
v  -385.8333 0 574.5
v  -386.1667 0 577.8334
v  -386.6667 0 579
v  -421.5 0 570.3334
v  -419.8333 0 567.6667
v  -417.3333 0 566
v  -424.5 0 597.3334
v  -424.8333 0 595.1667
v  -424 0 591.1667
v  -422 0 585.6667
v  -419.5 0 581.1667
v  -395.8333 0 584.3334
v  -395.8333 0 585.3334
v  -397.6667 0 590.5
v  -399.8333 0 595.3334
v  -401.1667 0 597.3334
v  -398.6667 0 562.6667
v  -395.6667 0 564.1667
v  -393 0 566
v  -390.6667 0 568.8334
v  -409.5 0 563.1667
v  -403.1667 0 562
v  -395.8333 0 584.3334
v  -401.1667 0 597.3334
v  -424.5 0 597.3334
v  -419.5 0 581.1667
v  -409.5 0 563.1667
v  -390.6667 0 568.8334
v  -421.6667 0 577.5
v  -422.1667 0 573.3334
v  -421.5 0 570.3334
v  -417.3333 0 566
v  -409.5 0 563.1667
v  -419.5 0 581.1667
v  -390.6667 0 568.8334
v  -387.6667 0 570.6667
v  -385.8333 0 574.5
v  -386.6667 0 579
v  -389.8333 0 581.3334
v  -395.8333 0 584.3334
v  -426.6667 0 597.3334
v  -469.3333 0 597.3334
v  -469.3333 0 554.6667
v  -426.6667 0 554.6667
v  -498.6667 0 576.6667
v  -501.1667 0 577.3334
v  -500.3333 0 575.8334
v  -489.5 0 581.1667
v  -490.8333 0 580
v  -490.8333 0 579.6667
v  -498.6667 0 576.6667
v  -500.3333 0 575.8334
v  -499 0 571.5
v  -494.3333 0 577.1667
v  -469.3333 0 597.3334
v  -488.8333 0 583.1667
v  -489.5 0 581.1667
v  -494.3333 0 577.1667
v  -499 0 571.5
v  -498.5 0 567.8334
v  -490.8333 0 579.6667
v  -489.5 0 581.1667
v  -499.3333 0 562.8334
v  -501.1667 0 557.5
v  -489.5 0 581.1667
v  -490.8333 0 579.6667
v  -498.5 0 567.8334
v  -499.3333 0 562.8334
v  -489.5 0 581.1667
v  -501.1667 0 557.5
v  -502.5 0 554.6667
v  -469.3333 0 554.6667
v  -469.3333 0 597.3334
v  -469.3333 0 597.3334
v  -494 0 597.3334
v  -492.5 0 595.3334
v  -469.3333 0 597.3334
v  -492.5 0 595.3334
v  -490.5 0 590.8334
v  -469.3333 0 597.3334
v  -490.5 0 590.8334
v  -488.8333 0 585.3334
v  -469.3333 0 597.3334
v  -488.8333 0 585.3334
v  -488.8333 0 583.1667
v  -511.1667 0 597.3334
v  -511.3333 0 597.3334
v  -512 0 595.5
v  -512 0 594.5
v  -511 0 589.3334
v  -492.5 0 595.3334
v  -494 0 597.3334
v  -494.3333 0 597.3334
v  -488.8333 0 585.3334
v  -490.5 0 590.8334
v  -499.3333 0 562.8334
v  -498.5 0 567.8334
v  -499 0 571.5
v  -508.3333 0 582.8334
v  -510.3333 0 583.3334
v  -512 0 583.1667
v  -501.1667 0 577.3334
v  -490.8333 0 580
v  -489.5 0 581.1667
v  -488.8333 0 583.1667
v  -494.3333 0 577.1667
v  -490.8333 0 579.6667
v  -490.8333 0 580
v  -490.8333 0 580
v  -488.8333 0 583.1667
v  -488.8333 0 585.3334
v  -501.1667 0 577.3334
v  -498.6667 0 576.6667
v  -494.3333 0 577.1667
v  -499 0 571.5
v  -500.3333 0 575.8334
v  -501.1667 0 577.3334
v  -499.3333 0 562.8334
v  -499 0 571.5
v  -501.1667 0 577.3334
v  -512 0 583.1667
v  -512 0 554.6667
v  -502.5 0 554.6667
v  -511 0 589.3334
v  -509.6667 0 585.5
v  -508.3333 0 582.8334
v  -502.5 0 554.6667
v  -501.1667 0 557.5
v  -499.3333 0 562.8334
v  -511.1667 0 597.3334
v  -511 0 589.3334
v  -508.3333 0 582.8334
v  -501.1667 0 577.3334
v  -488.8333 0 585.3334
v  -494.3333 0 597.3334
v  -510.3333 0 583.3334
v  -508.3333 0 582.8334
v  -509.6667 0 585.5
v  -512 0 583.1667
v  -510.3333 0 583.3334
v  -509.6667 0 585.5
v  -511 0 589.3334
v  -512 0 594.5
v  -512 0 583.1667
v  -511 0 589.3334
v  -511.3333 0 597.3334
v  -512 0 597.3334
v  -512 0 595.5
v  -521.8333 0 557.5
v  -520 0 554.6667
v  -519.8333 0 554.6667
v  -523.1667 0 560.6667
v  -512 0 583.1667
v  -514.3333 0 582.8334
v  -517 0 581.3334
v  -518.6667 0 579.1667
v  -518.6667 0 579.1667
v  -520.8333 0 574.5
v  -522.8333 0 568.5
v  -523.1667 0 560.6667
v  -519.8333 0 554.6667
v  -512 0 554.6667
v  -512 0 583.1667
v  -518.6667 0 579.1667
v  -522.8333 0 568.5
v  -522.8333 0 568.5
v  -523.5 0 565.5
v  -523.1667 0 560.6667
v  -514.3333 0 582.8334
v  -512 0 583.1667
v  -512 0 594.5
v  -514.3333 0 582.8334
v  -512 0 594.5
v  -512 0 595.5
v  -514.3333 0 582.8334
v  -512 0 595.5
v  -512 0 597.3334
v  -517 0 581.3334
v  -554.6667 0 554.6667
v  -522.8333 0 568.5
v  -520.8333 0 574.5
v  -518.6667 0 579.1667
v  -517 0 581.3334
v  -512 0 597.3334
v  -520.8333 0 574.5
v  -518.6667 0 579.1667
v  -512 0 597.3334
v  -554.6667 0 597.3334
v  -554.6667 0 554.6667
v  -554.6667 0 554.6667
v  -520 0 554.6667
v  -521.8333 0 557.5
v  -554.6667 0 554.6667
v  -521.8333 0 557.5
v  -523.1667 0 560.6667
v  -554.6667 0 554.6667
v  -523.1667 0 560.6667
v  -523.5 0 565.5
v  -554.6667 0 554.6667
v  -523.5 0 565.5
v  -522.8333 0 568.5
v  -575.8334 0 585.3334
v  -575.8334 0 584.3334
v  -573 0 583.5
v  -567.6667 0 570.6667
v  -570.6667 0 568.8334
v  -571.1667 0 567.8334
v  -575.8334 0 585.3334
v  -573 0 583.5
v  -570.5 0 582.1667
v  -577.6667 0 590.5
v  -567.6667 0 570.6667
v  -571.1667 0 567.8334
v  -573 0 566
v  -554.6667 0 554.6667
v  -591.6667 0 563.8334
v  -597.3334 0 566
v  -597.3334 0 554.6667
v  -575.6667 0 564.1667
v  -579.1667 0 562.5
v  -554.6667 0 554.6667
v  -586.6667 0 562.5
v  -591.6667 0 563.8334
v  -597.3334 0 554.6667
v  -583.1667 0 562
v  -586.6667 0 562.5
v  -597.3334 0 554.6667
v  -579.8334 0 595.3334
v  -577.6667 0 590.5
v  -570.5 0 582.1667
v  -581.1667 0 597.3334
v  -579.8334 0 595.3334
v  -570.5 0 582.1667
v  -566.3334 0 578.6667
v  -554.6667 0 597.3334
v  -579.1667 0 562.5
v  -583.1667 0 562
v  -597.3334 0 554.6667
v  -554.6667 0 554.6667
v  -554.6667 0 554.6667
v  -565.8334 0 574.5
v  -567.6667 0 570.6667
v  -554.6667 0 554.6667
v  -573 0 566
v  -575.6667 0 564.1667
v  -554.6667 0 597.3334
v  -566.3334 0 578.6667
v  -565.8334 0 574.5
v  -554.6667 0 554.6667
v  -573 0 566
v  -571.1667 0 567.8334
v  -570.6667 0 568.8334
v  -570.5 0 582.1667
v  -573 0 583.5
v  -575.8334 0 584.3334
v  -597.3334 0 566.1667
v  -597.3334 0 566
v  -591.6667 0 563.8334
v  -586.6667 0 562.5
v  -575.8334 0 584.3334
v  -575.8334 0 585.3334
v  -577.6667 0 590.5
v  -579.8334 0 595.3334
v  -581.1667 0 597.3334
v  -575.6667 0 564.1667
v  -573 0 566
v  -570.6667 0 568.8334
v  -586.6667 0 562.5
v  -583.1667 0 562
v  -579.1667 0 562.5
v  -570.6667 0 568.8334
v  -567.6667 0 570.6667
v  -565.8334 0 574.5
v  -566.3334 0 578.6667
v  -570.5 0 582.1667
v  -575.8334 0 584.3334
v  -586.6667 0 562.5
v  -570.6667 0 568.8334
v  -575.8334 0 584.3334
v  -581.1667 0 597.3334
v  -597.3334 0 597.3334
v  -597.3334 0 566.1667
v  -597.3334 0 566
v  -597.3334 0 566.1667
v  -599.8334 0 567.6667
v  -601.6667 0 577.5
v  -599.5001 0 581.1667
v  -602.0001 0 585.6667
v  -602.1667 0 573.3334
v  -601.6667 0 577.5
v  -602.0001 0 585.6667
v  -604.0001 0 591.1667
v  -597.3334 0 554.6667
v  -597.3334 0 566
v  -599.8334 0 567.6667
v  -597.3334 0 554.6667
v  -599.8334 0 567.6667
v  -601.6667 0 570.8334
v  -640.0001 0 554.6667
v  -640.0001 0 554.6667
v  -601.6667 0 570.8334
v  -602.1667 0 573.3334
v  -602.1667 0 573.3334
v  -604.0001 0 591.1667
v  -604.8334 0 595.1667
v  -640.0001 0 597.3334
v  -640.0001 0 554.6667
v  -604.8334 0 595.1667
v  -604.5001 0 597.3334
v  -640.0001 0 597.3334
v  -602.1667 0 573.3334
v  -601.6667 0 570.8334
v  -599.8334 0 567.6667
v  -597.3334 0 566.1667
v  -599.5001 0 581.1667
v  -601.6667 0 577.5
v  -604.5001 0 597.3334
v  -604.8334 0 595.1667
v  -604.0001 0 591.1667
v  -602.0001 0 585.6667
v  -599.5001 0 581.1667
v  -597.3334 0 597.3334
v  -597.3334 0 597.3334
v  -599.5001 0 581.1667
v  -597.3334 0 566.1667
v  -678.6667 0 576.6667
v  -681.1667 0 577.3334
v  -680.3333 0 575.8334
v  -669.5 0 581.1667
v  -670.8333 0 580
v  -670.8333 0 579.6667
v  -678.6667 0 576.6667
v  -680.3333 0 575.8334
v  -679 0 571.5
v  -674.3333 0 577.1667
v  -640 0 597.3334
v  -670.5 0 590.8334
v  -668.8333 0 585.3334
v  -674.3333 0 577.1667
v  -679 0 571.5
v  -678.5 0 567.8334
v  -670.8333 0 579.6667
v  -640 0 597.3334
v  -668.8333 0 585.3334
v  -668.8333 0 583.1667
v  -669.5 0 581.1667
v  -670.8333 0 579.6667
v  -678.5 0 567.8334
v  -679.3333 0 562.8334
v  -640 0 597.3334
v  -668.8333 0 583.1667
v  -669.5 0 581.1667
v  -669.5 0 581.1667
v  -679.3333 0 562.8334
v  -681.1667 0 557.5
v  -669.5 0 581.1667
v  -681.1667 0 557.5
v  -682.5 0 554.6667
v  -640 0 554.6667
v  -640 0 597.3334
v  -640 0 597.3334
v  -674 0 597.3334
v  -672.5 0 595.3334
v  -640 0 597.3334
v  -672.5 0 595.3334
v  -670.5 0 590.8334
v  -672.5 0 595.3334
v  -674 0 597.3334
v  -674.3333 0 597.3334
v  -670.5 0 590.8334
v  -682.6667 0 554.6667
v  -682.5 0 554.6667
v  -681.1667 0 557.5
v  -670.8333 0 580
v  -669.5 0 581.1667
v  -668.8333 0 583.1667
v  -668.8333 0 585.3334
v  -674.3333 0 577.1667
v  -674.3333 0 577.1667
v  -670.8333 0 579.6667
v  -670.8333 0 580
v  -668.8333 0 585.3334
v  -670.5 0 590.8334
v  -674.3333 0 597.3334
v  -682.6667 0 597.3334
v  -681.1667 0 577.3334
v  -674.3333 0 577.1667
v  -679 0 571.5
v  -680.3333 0 575.8334
v  -681.1667 0 577.3334
v  -681.1667 0 577.3334
v  -678.6667 0 576.6667
v  -674.3333 0 577.1667
v  -682.6667 0 597.3334
v  -682.6667 0 554.6667
v  -681.1667 0 577.3334
v  -679.3333 0 562.8334
v  -678.5 0 567.8334
v  -679 0 571.5
v  -681.1667 0 577.3334
v  -682.6667 0 554.6667
v  -681.1667 0 557.5
v  -691.1667 0 597.3334
v  -691.3334 0 597.3334
v  -692 0 595.5
v  -701.8334 0 557.5
v  -700 0 554.6667
v  -699.8334 0 554.6667
v  -703.1667 0 560.6667
v  -691.1667 0 597.3334
v  -692 0 595.5
v  -691.8334 0 592.6667
v  -690 0 586.3334
v  -688.3334 0 582.8334
v  -682.6667 0 597.3334
v  -688.3334 0 582.8334
v  -690.3334 0 583.3334
v  -693.8334 0 583
v  -697 0 581.3334
v  -698.6667 0 579.1667
v  -682.6667 0 597.3334
v  -688.3334 0 582.8334
v  -682.6667 0 554.6667
v  -702.1667 0 570.8334
v  -703.1667 0 560.6667
v  -699.8334 0 554.6667
v  -682.6667 0 554.6667
v  -688.3334 0 582.8334
v  -698.6667 0 579.1667
v  -698.6667 0 579.1667
v  -700.5 0 575.3334
v  -702.1667 0 570.8334
v  -702.1667 0 570.8334
v  -703.5 0 564.8334
v  -703.1667 0 560.6667
v  -690.3334 0 583.3334
v  -688.3334 0 582.8334
v  -690 0 586.3334
v  -693.8334 0 583
v  -690.3334 0 583.3334
v  -690 0 586.3334
v  -697 0 581.3334
v  -693.8334 0 583
v  -690 0 586.3334
v  -691.8334 0 592.6667
v  -725.3334 0 554.6667
v  -703.1667 0 560.6667
v  -703.5 0 564.8334
v  -697 0 581.3334
v  -691.8334 0 592.6667
v  -692 0 595.5
v  -698.6667 0 579.1667
v  -725.3334 0 554.6667
v  -703.5 0 564.8334
v  -702.1667 0 570.8334
v  -698.6667 0 579.1667
v  -692 0 595.5
v  -691.3334 0 597.3334
v  -725.3334 0 597.3334
v  -725.3334 0 554.6667
v  -700.5 0 575.3334
v  -725.3334 0 554.6667
v  -700 0 554.6667
v  -701.8334 0 557.5
v  -725.3334 0 554.6667
v  -701.8334 0 557.5
v  -703.1667 0 560.6667
v  -725.3334 0 554.6667
v  -702.1667 0 570.8334
v  -700.5 0 575.3334
v  -725.3334 0 597.3334
v  -768.0001 0 597.3334
v  -768.0001 0 554.6667
v  -725.3334 0 554.6667
v  -768 0 597.3334
v  -810.6667 0 597.3334
v  -810.6667 0 554.6667
v  -768 0 554.6667
v  -827 0 559.1667
v  -828.6667 0 556
v  -829 0 554.6667
v  -810.6667 0 554.6667
v  -831.1667 0 593.3334
v  -832.5 0 589.1667
v  -832.5 0 585
v  -828.6667 0 571.5
v  -810.6667 0 597.3334
v  -831.1667 0 594.5
v  -831.1667 0 593.3334
v  -828.6667 0 571.5
v  -827 0 560.6667
v  -810.6667 0 554.6667
v  -827 0 560.6667
v  -827 0 559.1667
v  -810.6667 0 554.6667
v  -810.6667 0 597.3334
v  -832 0 597.3334
v  -831.1667 0 594.5
v  -831.1667 0 594.5
v  -832 0 597.3334
v  -832.1667 0 597.3334
v  -831.1667 0 593.3334
v  -831.1667 0 594.5
v  -832.1667 0 597.3334
v  -853.3334 0 597.3334
v  -832.5 0 589.1667
v  -828.6667 0 556
v  -827 0 559.1667
v  -827 0 560.6667
v  -828.6667 0 571.5
v  -829 0 554.6667
v  -828.6667 0 556
v  -828.6667 0 571.5
v  -832.5 0 585
v  -853.3334 0 597.3334
v  -853.3334 0 554.6667
v  -832.5 0 585
v  -832.5 0 589.1667
v  -853.3334 0 597.3334
v  -853.3334 0 597.3334
v  -869.3334 0 597.3334
v  -869.3334 0 554.6667
v  -853.3334 0 554.6667
v  -30.5 0 640.0001
v  -42.66667 0 640.0001
v  -42.66667 0 597.3334
v  -30.5 0 597.3334
v  -59.66667 0 599.6667
v  -56.33334 0 597.3334
v  -56 0 597.3334
v  -70 0 634.1667
v  -70.16667 0 627.6667
v  -67.33334 0 625.1667
v  -67.33334 0 625.1667
v  -68.33334 0 622.5001
v  -69.5 0 616.0001
v  -67.5 0 605.0001
v  -64 0 601.5001
v  -59.66667 0 599.6667
v  -69.5 0 616.0001
v  -69.5 0 611.1667
v  -67.5 0 605.0001
v  -67.5 0 605.0001
v  -59.66667 0 599.6667
v  -56 0 597.3334
v  -71 0 640.0001
v  -70 0 634.1667
v  -67.33334 0 625.1667
v  -42.66667 0 640.0001
v  -67.33334 0 625.1667
v  -69.5 0 616.0001
v  -67.5 0 605.0001
v  -56 0 597.3334
v  -42.66667 0 597.3334
v  -42.66667 0 640.0001
v  -68.33334 0 622.5001
v  -67.33334 0 625.1667
v  -70.16667 0 627.6667
v  -56.33334 0 597.3334
v  -59.66667 0 599.6667
v  -64 0 601.5001
v  -85.33334 0 597.3334
v  -69.5 0 616.0001
v  -68.33334 0 622.5001
v  -70.16667 0 627.6667
v  -70.16667 0 627.6667
v  -70 0 634.1667
v  -71 0 640.0001
v  -69.5 0 611.1667
v  -69.5 0 616.0001
v  -70.16667 0 627.6667
v  -71 0 640.0001
v  -85.33334 0 640.0001
v  -85.33334 0 597.3334
v  -85.33334 0 597.3334
v  -67.5 0 605.0001
v  -69.5 0 611.1667
v  -85.33334 0 597.3334
v  -64 0 601.5001
v  -67.5 0 605.0001
v  -85.33334 0 640.0001
v  -128 0 640.0001
v  -128 0 597.3334
v  -85.33334 0 597.3334
v  -128 0 640.0001
v  -170.6667 0 640.0001
v  -170.6667 0 597.3334
v  -128 0 597.3334
v  -209.1667 0 605.8334
v  -213.3333 0 609.1667
v  -213.3333 0 597.3334
v  -204 0 605.3334
v  -209.1667 0 605.8334
v  -213.3333 0 597.3334
v  -170.6667 0 597.3334
v  -170.6667 0 640.0001
v  -185.8333 0 640.0001
v  -187.1667 0 635.0001
v  -170.6667 0 640.0001
v  -187.1667 0 635.0001
v  -194.5 0 614.8334
v  -170.6667 0 597.3334
v  -194.5 0 614.8334
v  -204 0 605.3334
v  -170.6667 0 597.3334
v  -213.3333 0 609.3334
v  -213.3333 0 609.1667
v  -209.1667 0 605.8334
v  -204 0 605.3334
v  -213.3333 0 609.3334
v  -204 0 605.3334
v  -194.5 0 614.8334
v  -187.1667 0 635.0001
v  -185.8333 0 640.0001
v  -213.3333 0 640.0001
v  -213.3333 0 609.1667
v  -213.3333 0 609.3334
v  -217.8333 0 612.6667
v  -248.6667 0 604.6667
v  -238.3333 0 597.3334
v  -238 0 597.3334
v  -213.3333 0 597.3334
v  -213.3333 0 609.1667
v  -217.8333 0 612.6667
v  -248.6667 0 604.6667
v  -238 0 597.3334
v  -231.1667 0 634.3334
v  -232.3333 0 640.0001
v  -256 0 640.0001
v  -217.8333 0 612.6667
v  -227.8333 0 630.5001
v  -231.1667 0 634.3334
v  -256 0 640.0001
v  -256 0 608.1667
v  -248.6667 0 604.6667
v  -256 0 597.3334
v  -238.3333 0 597.3334
v  -248.6667 0 604.6667
v  -256 0 608.1667
v  -232.3333 0 640.0001
v  -231.1667 0 634.3334
v  -227.8333 0 630.5001
v  -213.3333 0 640.0001
v  -232.3333 0 640.0001
v  -227.8333 0 630.5001
v  -217.8333 0 612.6667
v  -213.3333 0 609.3334
v  -297.3333 0 603.0001
v  -298.6667 0 602.1667
v  -298.6667 0 602.0001
v  -297.3333 0 603.0001
v  -298.6667 0 602.0001
v  -298.6667 0 597.3334
v  -295.5 0 604.8334
v  -297.3333 0 603.0001
v  -298.6667 0 597.3334
v  -288.1667 0 608.8334
v  -256 0 608.1667
v  -261.6667 0 610.3334
v  -267.8333 0 610.8334
v  -256 0 597.3334
v  -256 0 608.1667
v  -267.8333 0 610.8334
v  -280 0 610.6667
v  -288.1667 0 608.8334
v  -298.6667 0 597.3334
v  -298.6667 0 602.1667
v  -297.3333 0 603.0001
v  -295.5 0 604.8334
v  -298.6667 0 640.0001
v  -261.6667 0 610.3334
v  -256 0 608.1667
v  -256 0 640.0001
v  -267.8333 0 610.8334
v  -261.6667 0 610.3334
v  -256 0 640.0001
v  -256 0 640.0001
v  -298.6667 0 640.0001
v  -280 0 610.6667
v  -267.8333 0 610.8334
v  -298.6667 0 640.0001
v  -295.5 0 604.8334
v  -288.1667 0 608.8334
v  -298.6667 0 640.0001
v  -288.1667 0 608.8334
v  -280 0 610.6667
v  -301.6667 0 599.5001
v  -302.6667 0 597.3334
v  -298.6667 0 597.3334
v  -298.6667 0 602.0001
v  -302.8333 0 597.3334
v  -302.6667 0 597.3334
v  -301.6667 0 599.5001
v  -312.1667 0 604.1667
v  -320.6667 0 598.6667
v  -321.5 0 597.8334
v  -301.6667 0 599.5001
v  -298.6667 0 602.0001
v  -298.6667 0 602.1667
v  -298.6667 0 640.0001
v  -304.8333 0 640.0001
v  -304.3333 0 635.0001
v  -305.6667 0 630.6667
v  -307.3333 0 627.5001
v  -308 0 623.0001
v  -321.5 0 597.8334
v  -341.3333 0 597.3334
v  -302.8333 0 597.3334
v  -298.6667 0 640.0001
v  -304.3333 0 635.0001
v  -305.6667 0 630.6667
v  -337.6667 0 614.1667
v  -338.3333 0 620.6667
v  -341.3333 0 627.1667
v  -341.3333 0 597.3334
v  -330.6667 0 600.5001
v  -333.6667 0 606.8334
v  -337.6667 0 614.1667
v  -341.3333 0 597.3334
v  -321.5 0 597.8334
v  -330.6667 0 600.5001
v  -341.3333 0 597.3334
v  -312.1667 0 604.1667
v  -301.6667 0 599.5001
v  -298.6667 0 602.1667
v  -298.6667 0 640.0001
v  -305.6667 0 630.6667
v  -308 0 623.0001
v  -341.3333 0 627.5001
v  -341.3333 0 627.1667
v  -338.3333 0 620.6667
v  -307.3333 0 627.5001
v  -305.6667 0 630.6667
v  -304.3333 0 635.0001
v  -304.8333 0 640.0001
v  -330.6667 0 600.5001
v  -321.5 0 597.8334
v  -320.6667 0 598.6667
v  -312.1667 0 604.1667
v  -308 0 623.0001
v  -307.3333 0 627.5001
v  -338.3333 0 620.6667
v  -337.6667 0 614.1667
v  -333.6667 0 606.8334
v  -333.6667 0 606.8334
v  -330.6667 0 600.5001
v  -320.6667 0 598.6667
v  -312.1667 0 604.1667
v  -341.3333 0 640.0001
v  -341.3333 0 627.5001
v  -338.3333 0 620.6667
v  -338.3333 0 620.6667
v  -333.6667 0 606.8334
v  -312.1667 0 604.1667
v  -307.3333 0 627.5001
v  -304.8333 0 640.0001
v  -341.3333 0 640.0001
v  -341.3333 0 627.1667
v  -341.3333 0 627.5001
v  -342.1667 0 629.3334
v  -346.3333 0 633.3334
v  -346.3333 0 633.3334
v  -347.6667 0 635.3334
v  -348.5 0 636.0001
v  -348.5 0 636.0001
v  -350.8333 0 640.0001
v  -351 0 640.0001
v  -365.5 0 631.5001
v  -364.1667 0 618.5001
v  -369.6667 0 611.0001
v  -380.1667 0 607.1667
v  -384 0 597.3334
v  -341.3333 0 597.3334
v  -380.1667 0 607.1667
v  -384 0 607.8334
v  -384 0 597.3334
v  -341.3333 0 627.1667
v  -346.3333 0 633.3334
v  -348.5 0 636.0001
v  -364.1667 0 618.5001
v  -369.6667 0 611.0001
v  -341.3333 0 597.3334
v  -351 0 640.0001
v  -368.3333 0 640.0001
v  -367.5 0 638.3334
v  -351 0 640.0001
v  -367.5 0 638.3334
v  -365.5 0 631.5001
v  -367.5 0 638.3334
v  -368.3333 0 640.0001
v  -368.5 0 640.0001
v  -365.5 0 631.5001
v  -365.5 0 631.5001
v  -368.5 0 640.0001
v  -384 0 640.0001
v  -384 0 607.8334
v  -369.6667 0 611.0001
v  -364.1667 0 618.5001
v  -384 0 607.8334
v  -380.1667 0 607.1667
v  -369.6667 0 611.0001
v  -350.8333 0 640.0001
v  -348.5 0 636.0001
v  -347.6667 0 635.3334
v  -341.3333 0 640.0001
v  -341.3333 0 640.0001
v  -342.1667 0 629.3334
v  -341.3333 0 627.5001
v  -347.6667 0 635.3334
v  -346.3333 0 633.3334
v  -342.1667 0 629.3334
v  -341.3333 0 640.0001
v  -426.6667 0 597.3334
v  -424.5 0 597.3334
v  -423.8333 0 599.5001
v  -426.6667 0 597.3334
v  -423.8333 0 599.5001
v  -421.3333 0 602.3334
v  -403.5 0 624.1667
v  -404.5 0 627.3334
v  -407 0 632.3334
v  -426.6667 0 640.0001
v  -426.6667 0 597.3334
v  -421.3333 0 602.3334
v  -384 0 597.3334
v  -384 0 607.8334
v  -387.5 0 608.5001
v  -401.1667 0 597.3334
v  -384 0 597.3334
v  -387.5 0 608.5001
v  -393.6667 0 611.1667
v  -403 0 599.6667
v  -407 0 632.3334
v  -410 0 640.0001
v  -426.6667 0 640.0001
v  -413.6667 0 604.5001
v  -398.1667 0 615.1667
v  -403.5 0 624.1667
v  -418 0 604.1667
v  -403 0 599.6667
v  -393.6667 0 611.1667
v  -398.1667 0 615.1667
v  -408.6667 0 603.3334
v  -421.3333 0 602.3334
v  -418 0 604.1667
v  -403.5 0 624.1667
v  -411.5 0 604.3334
v  -408.6667 0 603.3334
v  -398.1667 0 615.1667
v  -413.6667 0 604.5001
v  -411.5 0 604.3334
v  -398.1667 0 615.1667
v  -408.6667 0 603.3334
v  -411.5 0 604.3334
v  -413.6667 0 604.5001
v  -421.3333 0 602.3334
v  -423.8333 0 599.5001
v  -424.5 0 597.3334
v  -413.6667 0 604.5001
v  -418 0 604.1667
v  -421.3333 0 602.3334
v  -401.1667 0 597.3334
v  -403 0 599.6667
v  -408.6667 0 603.3334
v  -413.6667 0 604.5001
v  -421.3333 0 602.3334
v  -424.5 0 597.3334
v  -393.6667 0 611.1667
v  -387.5 0 608.5001
v  -384 0 607.8334
v  -404.5 0 627.3334
v  -403.5 0 624.1667
v  -398.1667 0 615.1667
v  -410 0 640.0001
v  -407 0 632.3334
v  -404.5 0 627.3334
v  -398.1667 0 615.1667
v  -393.6667 0 611.1667
v  -384 0 607.8334
v  -384 0 640.0001
v  -410 0 640.0001
v  -404.5 0 627.3334
v  -460.3333 0 627.6667
v  -458.8333 0 629.5001
v  -458.5 0 630.8334
v  -460.5 0 633.0001
v  -461.3333 0 633.3334
v  -469.3333 0 640.0001
v  -459.3333 0 639.5001
v  -458.1667 0 639.5001
v  -469.3333 0 640.0001
v  -461.5 0 638.3334
v  -459.3333 0 639.5001
v  -460.3333 0 627.6667
v  -461.3333 0 633.3334
v  -462.3333 0 634.6667
v  -469.3333 0 640.0001
v  -460.3333 0 625.1667
v  -469.3333 0 640.0001
v  -462.3333 0 634.6667
v  -461.5 0 638.3334
v  -457.1667 0 639.0001
v  -461.5 0 638.3334
v  -460.5 0 633.0001
v  -458.5 0 630.8334
v  -449.6667 0 637.8334
v  -452.8333 0 639.0001
v  -426.6667 0 597.3334
v  -444.1667 0 617.5001
v  -445.5 0 616.1667
v  -469.3333 0 597.3334
v  -453 0 613.0001
v  -456.3333 0 613.5001
v  -469.3333 0 597.3334
v  -456.3333 0 613.5001
v  -458.5 0 616.5001
v  -469.3333 0 640.0001
v  -469.3333 0 597.3334
v  -458.5 0 616.5001
v  -460.3333 0 625.1667
v  -458.1667 0 639.5001
v  -457.1667 0 639.0001
v  -455.3333 0 639.3334
v  -449.1667 0 615.5001
v  -443.6667 0 619.5001
v  -442.8333 0 620.8334
v  -458.5 0 616.5001
v  -456.3333 0 613.5001
v  -453 0 613.0001
v  -449.1667 0 615.5001
v  -445.5 0 616.1667
v  -449.1667 0 615.5001
v  -453 0 613.0001
v  -469.3333 0 597.3334
v  -426.6667 0 597.3334
v  -438.1667 0 627.8334
v  -440.1667 0 630.5001
v  -442.5 0 631.6667
v  -442.8333 0 620.8334
v  -443.6667 0 619.5001
v  -444.1667 0 617.5001
v  -439.1667 0 624.5001
v  -439.6667 0 624.3334
v  -445.1667 0 633.6667
v  -449.6667 0 637.8334
v  -458.8333 0 629.5001
v  -458.5 0 616.5001
v  -449.1667 0 615.5001
v  -439.6667 0 624.3334
v  -452.8333 0 639.0001
v  -455.3333 0 639.3334
v  -457.1667 0 639.0001
v  -449.1667 0 615.5001
v  -442.8333 0 620.8334
v  -439.6667 0 624.3334
v  -449.6667 0 637.8334
v  -458.5 0 630.8334
v  -458.8333 0 629.5001
v  -458.8333 0 629.5001
v  -460.3333 0 627.6667
v  -460.3333 0 625.1667
v  -458.5 0 616.5001
v  -439.6667 0 624.3334
v  -439.1667 0 624.5001
v  -438.3333 0 625.8334
v  -438.1667 0 627.8334
v  -442.5 0 631.6667
v  -445.1667 0 633.6667
v  -457.1667 0 639.0001
v  -458.1667 0 639.5001
v  -459.3333 0 639.5001
v  -461.5 0 638.3334
v  -462.3333 0 634.6667
v  -461.3333 0 633.3334
v  -460.5 0 633.0001
v  -461.5 0 638.3334
v  -445.5 0 616.1667
v  -444.1667 0 617.5001
v  -443.6667 0 619.5001
v  -449.1667 0 615.5001
v  -445.1667 0 633.6667
v  -442.5 0 631.6667
v  -440.1667 0 630.5001
v  -426.6667 0 640.0001
v  -449.6667 0 637.8334
v  -455.3333 0 639.3334
v  -452.8333 0 639.0001
v  -426.6667 0 640.0001
v  -444.1667 0 617.5001
v  -426.6667 0 597.3334
v  -426.6667 0 640.0001
v  -439.1667 0 624.5001
v  -426.6667 0 640.0001
v  -458.1667 0 639.5001
v  -455.3333 0 639.3334
v  -438.3333 0 625.8334
v  -439.1667 0 624.5001
v  -426.6667 0 640.0001
v  -438.1667 0 627.8334
v  -438.3333 0 625.8334
v  -426.6667 0 640.0001
v  -440.1667 0 630.5001
v  -438.1667 0 627.8334
v  -426.6667 0 640.0001
v  -426.6667 0 640.0001
v  -469.3333 0 640.0001
v  -458.1667 0 639.5001
v  -452.8333 0 639.0001
v  -449.6667 0 637.8334
v  -426.6667 0 640.0001
v  -511.3333 0 597.3334
v  -511.1667 0 597.3334
v  -511 0 598.1667
v  -512 0 597.3334
v  -511.3333 0 597.3334
v  -511 0 598.1667
v  -495 0 598.1667
v  -494.3333 0 597.3334
v  -494 0 597.3334
v  -498.3333 0 600.5001
v  -498 0 600.0001
v  -495 0 598.1667
v  -469.3333 0 597.3334
v  -512 0 597.3334
v  -511 0 598.1667
v  -509 0 600.1667
v  -512 0 640.0001
v  -495 0 598.1667
v  -494 0 597.3334
v  -469.3333 0 597.3334
v  -512 0 640.0001
v  -506.3333 0 601.5001
v  -502.1667 0 601.6667
v  -500.8333 0 601.5001
v  -498.3333 0 600.5001
v  -469.3333 0 597.3334
v  -469.3333 0 640.0001
v  -512 0 640.0001
v  -512 0 640.0001
v  -502.1667 0 601.6667
v  -500.8333 0 601.5001
v  -512 0 640.0001
v  -509 0 600.1667
v  -506.3333 0 601.5001
v  -498 0 600.0001
v  -498.3333 0 600.5001
v  -500.8333 0 601.5001
v  -502.1667 0 601.6667
v  -509 0 600.1667
v  -511 0 598.1667
v  -511.1667 0 597.3334
v  -506.3333 0 601.5001
v  -509 0 600.1667
v  -511.1667 0 597.3334
v  -494.3333 0 597.3334
v  -498 0 600.0001
v  -502.1667 0 601.6667
v  -494.3333 0 597.3334
v  -495 0 598.1667
v  -498 0 600.0001
v  -549.6667 0 611.0001
v  -554.6667 0 609.3334
v  -554.6667 0 609.1667
v  -549.6667 0 611.0001
v  -554.6667 0 609.1667
v  -554.6667 0 597.3334
v  -544.1667 0 618.5001
v  -549.6667 0 611.0001
v  -554.6667 0 597.3334
v  -512 0 597.3334
v  -512 0 640.0001
v  -548.3333 0 640.0001
v  -547.5 0 638.3334
v  -512 0 640.0001
v  -547.5 0 638.3334
v  -545.5 0 631.5001
v  -512 0 640.0001
v  -545.5 0 631.5001
v  -544.1667 0 618.5001
v  -512 0 597.3334
v  -547.5 0 638.3334
v  -548.3333 0 640.0001
v  -548.5 0 640.0001
v  -547.5 0 638.3334
v  -548.5 0 640.0001
v  -554.6667 0 640.0001
v  -545.5 0 631.5001
v  -547.5 0 638.3334
v  -554.6667 0 640.0001
v  -554.6667 0 609.3334
v  -549.6667 0 611.0001
v  -544.1667 0 618.5001
v  -583.5 0 624.1667
v  -584.5 0 627.3334
v  -587 0 632.3334
v  -597.3334 0 640.0001
v  -554.6667 0 597.3334
v  -554.6667 0 609.1667
v  -560.5 0 607.1667
v  -587 0 632.3334
v  -590 0 640.0001
v  -597.3334 0 640.0001
v  -554.6667 0 597.3334
v  -560.5 0 607.1667
v  -567.5 0 608.5001
v  -581.1667 0 597.3334
v  -554.6667 0 597.3334
v  -567.5 0 608.5001
v  -573.3334 0 611.0001
v  -583 0 599.6667
v  -597.3334 0 604.1667
v  -595.6667 0 604.5001
v  -581.6667 0 620.6667
v  -583.5 0 624.1667
v  -597.3334 0 640.0001
v  -591.5 0 604.3334
v  -578.1667 0 615.1667
v  -581.6667 0 620.6667
v  -595.6667 0 604.5001
v  -583 0 599.6667
v  -573.3334 0 611.0001
v  -574.5 0 611.8334
v  -583 0 599.6667
v  -574.5 0 611.8334
v  -578.1667 0 615.1667
v  -588.6667 0 603.3334
v  -591.5 0 604.3334
v  -588.6667 0 603.3334
v  -578.1667 0 615.1667
v  -591.5 0 604.3334
v  -595.6667 0 604.5001
v  -597.3334 0 604.1667
v  -588.6667 0 603.3334
v  -591.5 0 604.3334
v  -597.3334 0 604.1667
v  -597.3334 0 597.3334
v  -581.1667 0 597.3334
v  -583 0 599.6667
v  -560.5 0 607.1667
v  -554.6667 0 609.1667
v  -554.6667 0 609.3334
v  -567.5 0 608.5001
v  -578.1667 0 615.1667
v  -574.5 0 611.8334
v  -573.3334 0 611.0001
v  -567.5 0 608.5001
v  -584.5 0 627.3334
v  -583.5 0 624.1667
v  -581.6667 0 620.6667
v  -578.1667 0 615.1667
v  -590 0 640.0001
v  -587 0 632.3334
v  -584.5 0 627.3334
v  -578.1667 0 615.1667
v  -567.5 0 608.5001
v  -554.6667 0 609.3334
v  -554.6667 0 640.0001
v  -590 0 640.0001
v  -584.5 0 627.3334
v  -597.3334 0 604.1667
v  -598.5001 0 604.0001
v  -601.8334 0 602.0001
v  -603.8334 0 599.5001
v  -604.5001 0 597.3334
v  -597.3334 0 597.3334
v  -640.0001 0 640.0001
v  -640.0001 0 639.1667
v  -638.1667 0 639.5001
v  -638.1667 0 639.5001
v  -637.1667 0 639.0001
v  -635.6667 0 639.3334
v  -622.8334 0 620.8334
v  -623.6667 0 619.5001
v  -624.1667 0 617.5001
v  -640.0001 0 640.0001
v  -638.1667 0 639.5001
v  -635.6667 0 639.3334
v  -619.1667 0 624.5001
v  -619.6667 0 624.3334
v  -622.8334 0 620.8334
v  -624.1667 0 617.5001
v  -601.8334 0 602.0001
v  -598.5001 0 604.0001
v  -638.8334 0 617.3334
v  -639.5001 0 622.0001
v  -640.0001 0 623.3334
v  -640.0001 0 597.3334
v  -640.0001 0 640.0001
v  -635.6667 0 639.3334
v  -633.8334 0 639.1667
v  -597.3334 0 640.0001
v  -625.5001 0 616.1667
v  -629.1667 0 615.5001
v  -633.0001 0 613.0001
v  -640.0001 0 597.3334
v  -624.1667 0 617.5001
v  -603.8334 0 599.5001
v  -601.8334 0 602.0001
v  -629.6667 0 637.8334
v  -625.1667 0 633.6667
v  -619.5001 0 629.8334
v  -597.3334 0 640.0001
v  -597.3334 0 640.0001
v  -633.8334 0 639.1667
v  -629.6667 0 637.8334
v  -638.0001 0 615.5001
v  -638.8334 0 617.3334
v  -640.0001 0 597.3334
v  -636.0001 0 613.3334
v  -638.0001 0 615.5001
v  -640.0001 0 597.3334
v  -633.0001 0 613.0001
v  -636.0001 0 613.3334
v  -640.0001 0 597.3334
v  -618.1667 0 626.1667
v  -619.1667 0 624.5001
v  -598.5001 0 604.0001
v  -597.3334 0 604.1667
v  -597.3334 0 640.0001
v  -624.1667 0 617.5001
v  -625.5001 0 616.1667
v  -640.0001 0 597.3334
v  -604.5001 0 597.3334
v  -603.8334 0 599.5001
v  -618.1667 0 627.8334
v  -618.1667 0 626.1667
v  -597.3334 0 640.0001
v  -619.5001 0 629.8334
v  -618.1667 0 627.8334
v  -597.3334 0 640.0001
v  -640.0001 0 632.5001
v  -640.0001 0 632.3334
v  -638.6667 0 631.1667
v  -640.0001 0 624.0001
v  -640.0001 0 623.3334
v  -639.5001 0 622.0001
v  -619.6667 0 624.3334
v  -619.1667 0 624.5001
v  -618.1667 0 626.1667
v  -638.5001 0 630.1667
v  -640.0001 0 628.1667
v  -640.0001 0 628.0001
v  -637.1667 0 639.0001
v  -638.1667 0 639.5001
v  -640.0001 0 639.1667
v  -640.0001 0 632.5001
v  -638.6667 0 631.1667
v  -633.8334 0 639.1667
v  -635.6667 0 639.3334
v  -637.1667 0 639.0001
v  -638.6667 0 631.1667
v  -638.5001 0 630.1667
v  -629.6667 0 637.8334
v  -625.5001 0 616.1667
v  -624.1667 0 617.5001
v  -623.6667 0 619.5001
v  -629.1667 0 615.5001
v  -619.6667 0 624.3334
v  -618.1667 0 626.1667
v  -618.1667 0 627.8334
v  -619.5001 0 629.8334
v  -625.1667 0 633.6667
v  -622.8334 0 620.8334
v  -638.8334 0 617.3334
v  -638.0001 0 615.5001
v  -636.0001 0 613.3334
v  -633.0001 0 613.0001
v  -629.1667 0 615.5001
v  -639.5001 0 622.0001
v  -629.1667 0 615.5001
v  -623.6667 0 619.5001
v  -622.8334 0 620.8334
v  -640.0001 0 628.0001
v  -640.0001 0 624.0001
v  -639.5001 0 622.0001
v  -638.5001 0 630.1667
v  -625.1667 0 633.6667
v  -629.6667 0 637.8334
v  -638.5001 0 630.1667
v  -639.5001 0 622.0001
v  -629.1667 0 615.5001
v  -622.8334 0 620.8334
v  -640.0001 0 632.3334
v  -640.0001 0 628.1667
v  -638.5001 0 630.1667
v  -638.6667 0 631.1667
v  -640.3333 0 627.6667
v  -640 0 628.0001
v  -640 0 628.1667
v  -675 0 598.1667
v  -674.3333 0 597.3334
v  -674 0 597.3334
v  -640 0 632.3334
v  -640 0 632.5001
v  -641.3333 0 633.3334
v  -640 0 623.3334
v  -640 0 624.0001
v  -640.3333 0 625.1667
v  -641.5 0 638.3334
v  -640 0 639.1667
v  -640 0 640.0001
v  -682.6667 0 640.0001
v  -678.3333 0 600.5001
v  -678 0 600.0001
v  -675 0 598.1667
v  -640 0 597.3334
v  -640.3333 0 627.6667
v  -640 0 628.1667
v  -640 0 632.3334
v  -641.3333 0 633.3334
v  -642.3333 0 634.6667
v  -641.5 0 638.3334
v  -682.6667 0 640.0001
v  -640.3333 0 627.6667
v  -641.3333 0 633.3334
v  -642.3333 0 634.6667
v  -640.3333 0 625.1667
v  -682.6667 0 640.0001
v  -682.6667 0 601.6667
v  -680.8333 0 601.5001
v  -640 0 623.3334
v  -640.3333 0 625.1667
v  -642.3333 0 634.6667
v  -675 0 598.1667
v  -674 0 597.3334
v  -640 0 597.3334
v  -640 0 597.3334
v  -640 0 623.3334
v  -642.3333 0 634.6667
v  -682.6667 0 640.0001
v  -680.8333 0 601.5001
v  -678.3333 0 600.5001
v  -678 0 600.0001
v  -678.3333 0 600.5001
v  -680.8333 0 601.5001
v  -674.3333 0 597.3334
v  -675 0 598.1667
v  -678 0 600.0001
v  -680.8333 0 601.5001
v  -682.6667 0 601.6667
v  -682.6667 0 597.3334
v  -640 0 628.0001
v  -640.3333 0 627.6667
v  -640.3333 0 625.1667
v  -640 0 624.0001
v  -642.3333 0 634.6667
v  -641.3333 0 633.3334
v  -640 0 632.5001
v  -640 0 639.1667
v  -641.5 0 638.3334
v  -689 0 600.1667
v  -691 0 598.1667
v  -691.1667 0 597.3334
v  -682.6667 0 597.3334
v  -682.6667 0 601.6667
v  -686.3334 0 601.5001
v  -691.3334 0 597.3334
v  -691.1667 0 597.3334
v  -691 0 598.1667
v  -725.3334 0 597.3334
v  -691.3334 0 597.3334
v  -691 0 598.1667
v  -725.3334 0 597.3334
v  -691 0 598.1667
v  -689 0 600.1667
v  -686.3334 0 601.5001
v  -682.6667 0 601.6667
v  -682.6667 0 640.0001
v  -725.3334 0 597.3334
v  -689 0 600.1667
v  -686.3334 0 601.5001
v  -682.6667 0 640.0001
v  -725.3334 0 640.0001
v  -725.3334 0 640.0001
v  -768.0001 0 640.0001
v  -768.0001 0 597.3334
v  -725.3334 0 597.3334
v  -768 0 640.0001
v  -810.6667 0 640.0001
v  -810.6667 0 597.3334
v  -768 0 597.3334
v  -836 0 604.1667
v  -836 0 603.6667
v  -835.3334 0 603.3334
v  -833.6667 0 609.3334
v  -832.6667 0 599.5001
v  -832.1667 0 597.3334
v  -832 0 597.3334
v  -829 0 614.8334
v  -833.6667 0 609.3334
v  -810.6667 0 640.0001
v  -828 0 630.3334
v  -826.8334 0 624.6667
v  -833.6667 0 609.3334
v  -835.3334 0 603.3334
v  -832.6667 0 599.5001
v  -810.6667 0 640.0001
v  -826.8334 0 624.6667
v  -826.8334 0 623.3334
v  -829 0 614.8334
v  -832 0 597.3334
v  -810.6667 0 597.3334
v  -810.6667 0 640.0001
v  -826.8334 0 623.3334
v  -810.6667 0 640.0001
v  -830.6667 0 640.0001
v  -828 0 630.3334
v  -832.6667 0 599.5001
v  -835.3334 0 603.3334
v  -836 0 603.6667
v  -853.3334 0 597.3334
v  -832.1667 0 597.3334
v  -826.8334 0 623.3334
v  -826.8334 0 624.6667
v  -828 0 630.3334
v  -833.6667 0 609.3334
v  -829 0 614.8334
v  -853.3334 0 597.3334
v  -836 0 604.1667
v  -833.6667 0 609.3334
v  -828 0 630.3334
v  -830.8334 0 640.0001
v  -853.3334 0 640.0001
v  -828 0 630.3334
v  -830.6667 0 640.0001
v  -830.8334 0 640.0001
v  -853.3334 0 597.3334
v  -836 0 603.6667
v  -836 0 604.1667
v  -853.3334 0 640.0001
v  -869.3334 0 640.0001
v  -869.3334 0 597.3334
v  -853.3334 0 597.3334
v  -30.5 0 682.6667
v  -42.66667 0 682.6667
v  -42.66667 0 640
v  -30.5 0 640
v  -73.16667 0 676.1667
v  -73 0 675.1667
v  -72 0 673.6667
v  -72.66667 0 682.6667
v  -70.83334 0 646.1667
v  -71.33334 0 642.6667
v  -71 0 640
v  -42.66667 0 640
v  -73.16667 0 660.8333
v  -73.16667 0 653
v  -70.83334 0 646.1667
v  -42.66667 0 640
v  -42.66667 0 682.6667
v  -71.66667 0 669.8333
v  -71.66667 0 669.8333
v  -72.5 0 666.8333
v  -73.16667 0 660.8333
v  -72.66667 0 682.6667
v  -72 0 673.6667
v  -71.66667 0 669.8333
v  -42.66667 0 682.6667
v  -71.66667 0 669.8333
v  -72 0 673.6667
v  -73 0 675.1667
v  -72.5 0 666.8333
v  -85.33334 0 640
v  -73.16667 0 653
v  -73.16667 0 660.8333
v  -72.5 0 666.8333
v  -73 0 675.1667
v  -73.16667 0 676.1667
v  -85.33334 0 682.6667
v  -85.33334 0 640
v  -73.16667 0 660.8333
v  -71.33334 0 642.6667
v  -70.83334 0 646.1667
v  -73.16667 0 653
v  -71 0 640
v  -71.33334 0 642.6667
v  -73.16667 0 653
v  -85.33334 0 640
v  -73.16667 0 676.1667
v  -72.66667 0 682.6667
v  -85.33334 0 682.6667
v  -85.33334 0 682.6667
v  -128 0 682.6667
v  -128 0 640
v  -85.33334 0 640
v  -128 0 682.6667
v  -170.6667 0 682.6667
v  -170.6667 0 640
v  -128 0 640
v  -185.3333 0 641.8333
v  -185.8333 0 640
v  -170.6667 0 640
v  -186.5 0 650.8333
v  -185.3333 0 641.8333
v  -170.6667 0 640
v  -205.3333 0 682.6667
v  -198.3333 0 672.8333
v  -190.8333 0 663.8333
v  -170.6667 0 682.6667
v  -190.8333 0 663.8333
v  -186.5 0 650.8333
v  -170.6667 0 640
v  -170.6667 0 682.6667
v  -185.8333 0 640
v  -185.3333 0 641.8333
v  -186.5 0 650.8333
v  -198.3333 0 672.8333
v  -205.3333 0 682.6667
v  -205.5 0 682.6667
v  -198.3333 0 672.8333
v  -205.5 0 682.6667
v  -213.3333 0 682.6667
v  -185.8333 0 640
v  -186.5 0 650.8333
v  -190.8333 0 663.8333
v  -198.3333 0 672.8333
v  -213.3333 0 682.6667
v  -213.3333 0 640
v  -232.6667 0 643
v  -232.6667 0 641
v  -232.3333 0 640
v  -231.1667 0 654.8333
v  -217.8333 0 682.6667
v  -218 0 682.6667
v  -220.6667 0 680.8333
v  -213.3333 0 682.6667
v  -217.8333 0 682.6667
v  -220.6667 0 680.8333
v  -213.3333 0 682.6667
v  -220.6667 0 680.8333
v  -229 0 667.1667
v  -231.1667 0 654.8333
v  -232.3333 0 640
v  -213.3333 0 640
v  -256 0 640
v  -232.3333 0 640
v  -232.6667 0 641
v  -256 0 640
v  -232.6667 0 641
v  -232.6667 0 643
v  -220.6667 0 680.8333
v  -218 0 682.6667
v  -247.3333 0 682.6667
v  -229 0 667.1667
v  -220.6667 0 680.8333
v  -247.3333 0 682.6667
v  -249.6667 0 678.5
v  -256 0 640
v  -232.6667 0 643
v  -231.1667 0 654.8333
v  -229 0 667.1667
v  -249.6667 0 678.5
v  -252.6667 0 675.3333
v  -229 0 667.1667
v  -252.6667 0 675.3333
v  -256 0 672.8333
v  -256 0 640
v  -231.1667 0 654.8333
v  -249.6667 0 678.5
v  -247.3333 0 682.6667
v  -256 0 682.6667
v  -256 0 672.8333
v  -252.6667 0 675.3333
v  -294.3333 0 669.5
v  -298.6667 0 671
v  -298.6667 0 640
v  -286.6667 0 667.5
v  -294.3333 0 669.5
v  -298.6667 0 640
v  -256 0 640
v  -256 0 672.8333
v  -258.3333 0 670.8333
v  -256 0 640
v  -258.3333 0 670.8333
v  -264.6667 0 667.3333
v  -256 0 640
v  -264.6667 0 667.3333
v  -273.5 0 665.6667
v  -280 0 666.3333
v  -286.6667 0 667.5
v  -298.6667 0 640
v  -280 0 666.3333
v  -298.6667 0 640
v  -256 0 640
v  -273.5 0 665.6667
v  -264.6667 0 667.3333
v  -258.3333 0 670.8333
v  -256 0 672.8333
v  -256 0 682.6667
v  -298.6667 0 671
v  -294.3333 0 669.5
v  -286.6667 0 667.5
v  -286.6667 0 667.5
v  -280 0 666.3333
v  -273.5 0 665.6667
v  -298.6667 0 682.6667
v  -298.6667 0 671
v  -286.6667 0 667.5
v  -273.5 0 665.6667
v  -264.6667 0 667.3333
v  -256 0 682.6667
v  -305 0 642
v  -304.8333 0 640
v  -298.6667 0 640
v  -306.8333 0 643.1667
v  -305 0 642
v  -298.6667 0 640
v  -298.6667 0 671
v  -302.3333 0 672.1667
v  -312.8333 0 648.1667
v  -312.8333 0 648.1667
v  -302.3333 0 672.1667
v  -307.5 0 675.1667
v  -326.5 0 657.3333
v  -341.3333 0 682.6667
v  -341.3333 0 660.8333
v  -337 0 661
v  -326.5 0 657.3333
v  -311.5 0 680.6667
v  -312 0 682.6667
v  -341.3333 0 682.6667
v  -337 0 661
v  -326.5 0 657.3333
v  -307.5 0 675.1667
v  -311.5 0 680.6667
v  -304.8333 0 640
v  -305 0 642
v  -306.8333 0 643.1667
v  -304.8333 0 640
v  -306.8333 0 643.1667
v  -312.8333 0 648.1667
v  -326.5 0 657.3333
v  -337 0 661
v  -341.3333 0 660.8333
v  -341.3333 0 640
v  -304.8333 0 640
v  -312.8333 0 648.1667
v  -312 0 682.6667
v  -311.5 0 680.6667
v  -307.5 0 675.1667
v  -302.3333 0 672.1667
v  -298.6667 0 671
v  -298.6667 0 682.6667
v  -353.6667 0 645.8333
v  -351 0 640
v  -350.8333 0 640
v  -354.3333 0 655.1667
v  -355.3333 0 654.6667
v  -353.6667 0 645.8333
v  -353.6667 0 645.8333
v  -350.8333 0 640
v  -341.3333 0 640
v  -341.3333 0 660.8333
v  -349.3333 0 659.3333
v  -354.3333 0 655.1667
v  -384 0 682.3333
v  -384 0 682
v  -382.8333 0 679.8333
v  -384 0 682.6667
v  -384 0 682.3333
v  -382.8333 0 679.8333
v  -349.3333 0 659.3333
v  -341.3333 0 660.8333
v  -341.3333 0 682.6667
v  -382.8333 0 671.8333
v  -384 0 667.1667
v  -384 0 666.3333
v  -384 0 665.1667
v  -384 0 665
v  -379.8333 0 660.3333
v  -382.8333 0 671.8333
v  -384 0 666.3333
v  -384 0 665.1667
v  -379.8333 0 660.3333
v  -355.3333 0 654.6667
v  -354.3333 0 655.1667
v  -349.3333 0 659.3333
v  -372.5 0 648
v  -368.5 0 640
v  -368.3333 0 640
v  -353.6667 0 645.8333
v  -355.3333 0 654.6667
v  -382.8333 0 679.8333
v  -382.8333 0 671.8333
v  -379.8333 0 660.3333
v  -372.5 0 648
v  -355.3333 0 654.6667
v  -349.3333 0 659.3333
v  -379.8333 0 660.3333
v  -376.8333 0 654.8333
v  -372.5 0 648
v  -368.3333 0 640
v  -351 0 640
v  -353.6667 0 645.8333
v  -376.8333 0 654.8333
v  -379.8333 0 660.3333
v  -384 0 665
v  -384 0 640
v  -368.5 0 640
v  -372.5 0 648
v  -376.8333 0 654.8333
v  -384 0 665
v  -384 0 682
v  -384 0 667.1667
v  -382.8333 0 671.8333
v  -382.8333 0 679.8333
v  -384 0 665
v  -384 0 665.1667
v  -384.3333 0 665.3333
v  -384 0 682.3333
v  -384.1667 0 682.6667
v  -384.3333 0 682.6667
v  -384 0 682
v  -384.3333 0 665.3333
v  -384 0 667.1667
v  -384.3333 0 682.6667
v  -426.6667 0 682.6667
v  -426.6667 0 646.3333
v  -411.3333 0 644.5
v  -384.3333 0 665.3333
v  -384 0 666.3333
v  -384 0 667.1667
v  -422.5 0 644.8333
v  -413.6667 0 644.3333
v  -411.3333 0 644.5
v  -426.6667 0 646.3333
v  -384 0 640
v  -384 0 665
v  -384.3333 0 665.3333
v  -411.3333 0 644.5
v  -410 0 640
v  -384 0 667.1667
v  -384 0 682
v  -384.3333 0 682.6667
v  -410 0 640
v  -411.3333 0 644.5
v  -413.6667 0 644.3333
v  -422.5 0 644.8333
v  -426.6667 0 646.3333
v  -426.6667 0 640
v  -410 0 640
v  -413.6667 0 644.3333
v  -422.5 0 644.8333
v  -426.6667 0 640
v  -384 0 666.3333
v  -384.3333 0 665.3333
v  -384 0 665.1667
v  -384 0 682.6667
v  -384.1667 0 682.6667
v  -384 0 682.3333
v  -426.6667 0 640
v  -426.6667 0 646.3333
v  -430 0 647.5
v  -457.8333 0 659
v  -460.6667 0 659.5
v  -469.3333 0 660
v  -445 0 655
v  -451.1667 0 659.1667
v  -457.8333 0 659
v  -426.6667 0 640
v  -430 0 647.5
v  -438.3333 0 651.3333
v  -438.3333 0 651.3333
v  -445 0 655
v  -457.8333 0 659
v  -469.3333 0 660
v  -469.3333 0 640
v  -426.6667 0 640
v  -460.6667 0 659.5
v  -457.8333 0 659
v  -451.1667 0 659.1667
v  -438.3333 0 651.3333
v  -430 0 647.5
v  -426.6667 0 646.3333
v  -451.1667 0 659.1667
v  -445 0 655
v  -438.3333 0 651.3333
v  -426.6667 0 646.3333
v  -426.6667 0 682.6667
v  -469.3333 0 682.6667
v  -469.3333 0 660
v  -460.6667 0 659.5
v  -451.1667 0 659.1667
v  -469.3333 0 682.6667
v  -499.3333 0 679.1667
v  -499.5 0 682.6667
v  -512 0 682.6667
v  -498.3333 0 675.6667
v  -499.3333 0 679.1667
v  -512 0 682.6667
v  -495.6667 0 671.6667
v  -498.3333 0 675.6667
v  -512 0 682.6667
v  -469.3333 0 640
v  -469.3333 0 660
v  -474.1667 0 660.3333
v  -469.3333 0 640
v  -474.1667 0 660.3333
v  -479.5 0 661.3333
v  -490.6667 0 666.6667
v  -495.6667 0 671.6667
v  -512 0 682.6667
v  -512 0 640
v  -469.3333 0 640
v  -469.3333 0 640
v  -479.5 0 661.3333
v  -486.8333 0 664.1667
v  -486.8333 0 664.1667
v  -490.6667 0 666.6667
v  -469.3333 0 640
v  -499.5 0 682.6667
v  -499.3333 0 679.1667
v  -498.3333 0 675.6667
v  -495.6667 0 671.6667
v  -479.5 0 661.3333
v  -474.1667 0 660.3333
v  -469.3333 0 660
v  -495.6667 0 671.6667
v  -490.6667 0 666.6667
v  -486.8333 0 664.1667
v  -486.8333 0 664.1667
v  -479.5 0 661.3333
v  -469.3333 0 660
v  -469.3333 0 682.6667
v  -499.5 0 682.6667
v  -495.6667 0 671.6667
v  -554.6667 0 651.5
v  -554.6667 0 651.3333
v  -551.5 0 646.1667
v  -551.5 0 646.1667
v  -548.5 0 640
v  -548.3333 0 640
v  -554.6667 0 682.6667
v  -554.6667 0 651.5
v  -551.5 0 646.1667
v  -551.5 0 646.1667
v  -548.3333 0 640
v  -512 0 640
v  -512 0 682.6667
v  -554.6667 0 682.6667
v  -554.6667 0 640
v  -548.5 0 640
v  -551.5 0 646.1667
v  -554.6667 0 651.3333
v  -562.8334 0 679.8333
v  -564.1667 0 682.6667
v  -564.3334 0 682.6667
v  -562.8334 0 671.8333
v  -597.3334 0 644.6667
v  -593.6667 0 644.3333
v  -591.3334 0 644.5
v  -554.6667 0 651.3333
v  -554.6667 0 651.5
v  -559.8334 0 660.3333
v  -564.3334 0 665.3333
v  -562.8334 0 671.8333
v  -564.3334 0 682.6667
v  -597.3334 0 682.6667
v  -597.3334 0 644.6667
v  -591.3334 0 644.5
v  -554.6667 0 651.3333
v  -559.8334 0 660.3333
v  -564.3334 0 665.3333
v  -591.3334 0 644.5
v  -590 0 640
v  -554.6667 0 640
v  -590 0 640
v  -591.3334 0 644.5
v  -593.6667 0 644.3333
v  -597.3334 0 640
v  -597.3334 0 644.6667
v  -597.3334 0 640
v  -593.6667 0 644.3333
v  -554.6667 0 682.6667
v  -564.1667 0 682.6667
v  -562.8334 0 679.8333
v  -562.8334 0 671.8333
v  -564.3334 0 665.3333
v  -559.8334 0 660.3333
v  -554.6667 0 682.6667
v  -562.8334 0 679.8333
v  -562.8334 0 671.8333
v  -559.8334 0 660.3333
v  -554.6667 0 651.5
v  -597.3334 0 640
v  -597.3334 0 644.6667
v  -602.5001 0 644.8333
v  -597.3334 0 640
v  -602.5001 0 644.8333
v  -610.0001 0 647.5
v  -623.8334 0 654.3333
v  -631.1667 0 659.1667
v  -637.8334 0 659
v  -623.8334 0 654.3333
v  -637.8334 0 659
v  -640.0001 0 659.3333
v  -640.0001 0 640
v  -597.3334 0 640
v  -615.6667 0 650
v  -597.3334 0 640
v  -610.0001 0 647.5
v  -615.6667 0 650
v  -640.0001 0 659.3333
v  -637.8334 0 659
v  -631.1667 0 659.1667
v  -640.0001 0 682.6667
v  -610.0001 0 647.5
v  -602.5001 0 644.8333
v  -597.3334 0 644.6667
v  -623.8334 0 654.3333
v  -615.6667 0 650
v  -610.0001 0 647.5
v  -631.1667 0 659.1667
v  -623.8334 0 654.3333
v  -610.0001 0 647.5
v  -597.3334 0 644.6667
v  -597.3334 0 682.6667
v  -640.0001 0 682.6667
v  -679.5 0 680.1667
v  -679.5 0 682.6667
v  -682.6667 0 682.6667
v  -678.5 0 676
v  -679.5 0 680.1667
v  -682.6667 0 682.6667
v  -682.6667 0 640
v  -640 0 640
v  -640 0 659.3333
v  -655.1667 0 660.5
v  -640 0 640
v  -655.1667 0 660.5
v  -659.5 0 661.3333
v  -682.6667 0 640
v  -640 0 640
v  -659.5 0 661.3333
v  -666.8333 0 664.1667
v  -675.6667 0 671.6667
v  -678.5 0 676
v  -682.6667 0 640
v  -682.6667 0 640
v  -666.8333 0 664.1667
v  -670.6667 0 666.6667
v  -682.6667 0 640
v  -670.6667 0 666.6667
v  -675.6667 0 671.6667
v  -679.5 0 682.6667
v  -679.5 0 680.1667
v  -678.5 0 676
v  -675.6667 0 671.6667
v  -675.6667 0 671.6667
v  -670.6667 0 666.6667
v  -666.8333 0 664.1667
v  -679.5 0 682.6667
v  -675.6667 0 671.6667
v  -666.8333 0 664.1667
v  -655.1667 0 660.5
v  -640 0 659.3333
v  -640 0 682.6667
v  -666.8333 0 664.1667
v  -659.5 0 661.3333
v  -655.1667 0 660.5
v  -682.6667 0 682.6667
v  -725.3334 0 682.6667
v  -725.3334 0 640
v  -682.6667 0 640
v  -725.3334 0 682.6667
v  -768.0001 0 682.6667
v  -768.0001 0 640
v  -725.3334 0 640
v  -768 0 682.6667
v  -810.6667 0 682.6667
v  -810.6667 0 640
v  -768 0 640
v  -829.6667 0 647.3333
v  -832.1667 0 644.8333
v  -832.1667 0 644
v  -830.8334 0 640
v  -830.6667 0 640
v  -821.8334 0 669.3333
v  -825.5 0 659
v  -826 0 655.1667
v  -810.6667 0 640
v  -810.6667 0 682.6667
v  -818 0 674.8333
v  -826 0 655.1667
v  -829.6667 0 647.3333
v  -830.6667 0 640
v  -810.6667 0 640
v  -810.6667 0 682.6667
v  -816.6667 0 682.6667
v  -818 0 674.8333
v  -832.1667 0 644.8333
v  -829.6667 0 647.3333
v  -826 0 655.1667
v  -825.5 0 659
v  -821.8334 0 669.3333
v  -818 0 674.8333
v  -816.6667 0 682.6667
v  -821.8334 0 669.3333
v  -816.6667 0 682.6667
v  -853.3334 0 682.6667
v  -853.3334 0 640
v  -832.1667 0 644.8333
v  -853.3334 0 640
v  -830.8334 0 640
v  -832.1667 0 644
v  -853.3334 0 640
v  -832.1667 0 644
v  -832.1667 0 644.8333
v  -832.1667 0 644.8333
v  -825.5 0 659
v  -821.8334 0 669.3333
v  -853.3334 0 682.6667
v  -869.3334 0 682.6667
v  -869.3334 0 640
v  -853.3334 0 640
v  -30.5 0 725.3334
v  -42.66667 0 725.3334
v  -42.66667 0 682.6667
v  -30.5 0 682.6667
v  -78.83334 0 693.8334
v  -76 0 691.3334
v  -72.66667 0 690.1667
v  -78.66667 0 708.3334
v  -79.83334 0 704.3334
v  -80.33334 0 699.1667
v  -78.83334 0 693.8334
v  -72.66667 0 690.1667
v  -75.33334 0 715.5
v  -78 0 725.3334
v  -78.66667 0 721.3334
v  -75.33334 0 716
v  -42.66667 0 725.3334
v  -75.33334 0 716
v  -75.33334 0 715.5
v  -72.66667 0 690.1667
v  -42.66667 0 682.6667
v  -42.66667 0 725.3334
v  -72.66667 0 690.1667
v  -72.66667 0 682.6667
v  -42.66667 0 682.6667
v  -75.33334 0 715.5
v  -75.33334 0 716
v  -78.66667 0 721.3334
v  -78.66667 0 708.3334
v  -78.66667 0 721.3334
v  -78 0 725.3334
v  -85.33334 0 725.3334
v  -72.66667 0 682.6667
v  -72.66667 0 690.1667
v  -76 0 691.3334
v  -85.33334 0 682.6667
v  -72.66667 0 682.6667
v  -76 0 691.3334
v  -78.83334 0 693.8334
v  -79.83334 0 704.3334
v  -78.66667 0 721.3334
v  -85.33334 0 725.3334
v  -85.33334 0 682.6667
v  -80.33334 0 699.1667
v  -85.33334 0 682.6667
v  -78.83334 0 693.8334
v  -80.33334 0 699.1667
v  -79.83334 0 704.3334
v  -78.66667 0 708.3334
v  -78.66667 0 721.3334
v  -85.33334 0 725.3334
v  -128 0 725.3334
v  -128 0 682.6667
v  -85.33334 0 682.6667
v  -128 0 725.3334
v  -170.6667 0 725.3334
v  -170.6667 0 682.6667
v  -128 0 682.6667
v  -209.3333 0 685
v  -205.5 0 682.6667
v  -205.3333 0 682.6667
v  -209.3333 0 685
v  -205.3333 0 682.6667
v  -170.6667 0 682.6667
v  -170.6667 0 725.3334
v  -213.3333 0 725.3334
v  -213.3333 0 725.3334
v  -213.3333 0 684.5
v  -209.3333 0 685
v  -213.3333 0 682.6667
v  -205.5 0 682.6667
v  -209.3333 0 685
v  -213.3333 0 684.5
v  -215.5 0 684.3334
v  -217.8333 0 682.6667
v  -213.3333 0 682.6667
v  -213.3333 0 684.5
v  -256 0 710.3334
v  -256 0 710.1667
v  -254 0 709.6667
v  -218 0 682.6667
v  -217.8333 0 682.6667
v  -215.5 0 684.3334
v  -256 0 725.3334
v  -256 0 710.3334
v  -254 0 709.6667
v  -256 0 725.3334
v  -254 0 709.6667
v  -251.1667 0 707.6667
v  -256 0 725.3334
v  -251.1667 0 707.6667
v  -247.3333 0 703.1667
v  -213.3333 0 684.5
v  -213.3333 0 725.3334
v  -245.5 0 687.6667
v  -247.3333 0 682.6667
v  -218 0 682.6667
v  -215.5 0 684.3334
v  -247.3333 0 703.1667
v  -245.8333 0 697
v  -213.3333 0 684.5
v  -245.5 0 687.6667
v  -215.5 0 684.3334
v  -213.3333 0 684.5
v  -245.8333 0 697
v  -251.1667 0 707.6667
v  -254 0 709.6667
v  -256 0 710.1667
v  -247.3333 0 703.1667
v  -256 0 682.6667
v  -247.3333 0 682.6667
v  -245.5 0 687.6667
v  -245.8333 0 697
v  -247.3333 0 703.1667
v  -256 0 710.1667
v  -256 0 710.1667
v  -256 0 710.3334
v  -262.8333 0 712.5
v  -270.1667 0 714.1667
v  -291.6667 0 713.8334
v  -298.6667 0 710.8334
v  -298.6667 0 710.6667
v  -280.3333 0 715.6667
v  -286.3333 0 715.5
v  -270.1667 0 714.1667
v  -274.8333 0 715.1667
v  -280.3333 0 715.6667
v  -256 0 710.1667
v  -270.1667 0 714.1667
v  -280.3333 0 715.6667
v  -298.6667 0 710.6667
v  -298.6667 0 682.6667
v  -256 0 682.6667
v  -298.6667 0 725.3334
v  -298.6667 0 710.8334
v  -291.6667 0 713.8334
v  -262.8333 0 712.5
v  -256 0 710.3334
v  -256 0 725.3334
v  -298.6667 0 725.3334
v  -291.6667 0 713.8334
v  -286.3333 0 715.5
v  -270.1667 0 714.1667
v  -262.8333 0 712.5
v  -256 0 725.3334
v  -298.6667 0 725.3334
v  -286.3333 0 715.5
v  -280.3333 0 715.6667
v  -274.8333 0 715.1667
v  -270.1667 0 714.1667
v  -256 0 725.3334
v  -298.6667 0 725.3334
v  -280.3333 0 715.6667
v  -274.8333 0 715.1667
v  -256 0 725.3334
v  -298.6667 0 710.6667
v  -300.1667 0 710.1667
v  -305.3333 0 706.5
v  -305.3333 0 706.5
v  -309.1667 0 701.8334
v  -312.3333 0 696
v  -312.3333 0 696
v  -313.1667 0 687
v  -312 0 682.6667
v  -298.6667 0 682.6667
v  -298.6667 0 710.6667
v  -305.3333 0 706.5
v  -300.1667 0 710.1667
v  -298.6667 0 710.6667
v  -298.6667 0 710.8334
v  -300.1667 0 710.1667
v  -298.6667 0 710.8334
v  -298.6667 0 725.3334
v  -305.3333 0 706.5
v  -300.1667 0 710.1667
v  -298.6667 0 725.3334
v  -309.1667 0 701.8334
v  -305.3333 0 706.5
v  -298.6667 0 725.3334
v  -341.3333 0 682.6667
v  -312 0 682.6667
v  -313.1667 0 687
v  -341.3333 0 682.6667
v  -313.1667 0 687
v  -312.3333 0 696
v  -312.3333 0 696
v  -309.1667 0 701.8334
v  -298.6667 0 725.3334
v  -341.3333 0 725.3334
v  -341.3333 0 682.6667
v  -341.3333 0 725.3334
v  -384 0 725.3334
v  -384 0 682.6667
v  -341.3333 0 682.6667
v  -385.3333 0 685.1667
v  -384.3333 0 682.6667
v  -384.1667 0 682.6667
v  -385.3333 0 685.1667
v  -384.1667 0 682.6667
v  -384 0 682.6667
v  -384 0 725.3334
v  -426.6667 0 725.3334
v  -426.6667 0 704
v  -422.5 0 704.3334
v  -426.6667 0 725.3334
v  -422.5 0 704.3334
v  -416.6667 0 703
v  -426.6667 0 725.3334
v  -416.6667 0 703
v  -410.3333 0 700.8334
v  -384 0 725.3334
v  -426.6667 0 725.3334
v  -410.3333 0 700.8334
v  -397.6667 0 694.5
v  -384 0 725.3334
v  -388.8333 0 689.1667
v  -385.3333 0 685.1667
v  -384 0 725.3334
v  -397.6667 0 694.5
v  -388.8333 0 689.1667
v  -384.3333 0 682.6667
v  -385.3333 0 685.1667
v  -388.8333 0 689.1667
v  -416.6667 0 703
v  -422.5 0 704.3334
v  -426.6667 0 704
v  -410.3333 0 700.8334
v  -384.3333 0 682.6667
v  -388.8333 0 689.1667
v  -397.6667 0 694.5
v  -410.3333 0 700.8334
v  -426.6667 0 704
v  -426.6667 0 682.6667
v  -440.3333 0 702.1667
v  -447 0 699.5
v  -450.3333 0 696.8334
v  -426.6667 0 704
v  -430.3333 0 703.8334
v  -440.3333 0 702.1667
v  -450.3333 0 696.8334
v  -469.3333 0 682.6667
v  -426.6667 0 682.6667
v  -450.3333 0 696.8334
v  -453.1667 0 697.3334
v  -464.8333 0 697.3334
v  -469.3333 0 697
v  -469.3333 0 682.6667
v  -453.1667 0 697.3334
v  -450.3333 0 696.8334
v  -447 0 699.5
v  -453.1667 0 697.3334
v  -447 0 699.5
v  -440.3333 0 702.1667
v  -464.8333 0 697.3334
v  -430.3333 0 703.8334
v  -426.6667 0 704
v  -426.6667 0 725.3334
v  -469.3333 0 725.3334
v  -469.3333 0 697
v  -464.8333 0 697.3334
v  -440.3333 0 702.1667
v  -426.6667 0 725.3334
v  -440.3333 0 702.1667
v  -430.3333 0 703.8334
v  -426.6667 0 725.3334
v  -496.3333 0 691.1667
v  -499.5 0 684
v  -499.5 0 682.6667
v  -487.6667 0 694.5
v  -496.3333 0 691.1667
v  -499.5 0 682.6667
v  -469.3333 0 682.6667
v  -469.3333 0 697
v  -479 0 696.5
v  -512 0 682.6667
v  -499.5 0 682.6667
v  -499.5 0 684
v  -512 0 682.6667
v  -499.5 0 684
v  -496.3333 0 691.1667
v  -512 0 725.3334
v  -479 0 696.5
v  -469.3333 0 697
v  -469.3333 0 725.3334
v  -487.6667 0 694.5
v  -479 0 696.5
v  -469.3333 0 725.3334
v  -512 0 725.3334
v  -496.3333 0 691.1667
v  -487.6667 0 694.5
v  -469.3333 0 725.3334
v  -512 0 725.3334
v  -554.6667 0 725.3334
v  -554.6667 0 682.6667
v  -512 0 682.6667
v  -565.3334 0 685.1667
v  -564.3334 0 682.6667
v  -564.1667 0 682.6667
v  -597.3334 0 703.1667
v  -597.3334 0 703
v  -590.3334 0 700.8334
v  -565.3334 0 685.1667
v  -564.1667 0 682.6667
v  -554.6667 0 682.6667
v  -568.8334 0 689.1667
v  -565.3334 0 685.1667
v  -554.6667 0 682.6667
v  -597.3334 0 725.3334
v  -597.3334 0 703.1667
v  -590.3334 0 700.8334
v  -577.6667 0 694.5
v  -568.8334 0 689.1667
v  -554.6667 0 682.6667
v  -554.6667 0 725.3334
v  -597.3334 0 725.3334
v  -597.3334 0 725.3334
v  -590.3334 0 700.8334
v  -577.6667 0 694.5
v  -564.3334 0 682.6667
v  -565.3334 0 685.1667
v  -568.8334 0 689.1667
v  -564.3334 0 682.6667
v  -568.8334 0 689.1667
v  -577.6667 0 694.5
v  -590.3334 0 700.8334
v  -597.3334 0 703
v  -597.3334 0 682.6667
v  -597.3334 0 703
v  -597.3334 0 703.1667
v  -602.5001 0 704.3334
v  -610.3334 0 703.8334
v  -630.3334 0 696.8334
v  -633.1667 0 697.3334
v  -640.0001 0 697.3334
v  -640.0001 0 682.6667
v  -620.3334 0 702.1667
v  -627.0001 0 699.5
v  -630.3334 0 696.8334
v  -610.3334 0 703.8334
v  -620.3334 0 702.1667
v  -630.3334 0 696.8334
v  -640.0001 0 682.6667
v  -597.3334 0 682.6667
v  -597.3334 0 703
v  -633.1667 0 697.3334
v  -630.3334 0 696.8334
v  -627.0001 0 699.5
v  -640.0001 0 697.3334
v  -633.1667 0 697.3334
v  -627.0001 0 699.5
v  -620.3334 0 702.1667
v  -640.0001 0 725.3334
v  -597.3334 0 725.3334
v  -640.0001 0 725.3334
v  -620.3334 0 702.1667
v  -610.3334 0 703.8334
v  -602.5001 0 704.3334
v  -597.3334 0 703.1667
v  -597.3334 0 725.3334
v  -610.3334 0 703.8334
v  -602.5001 0 704.3334
v  -597.3334 0 725.3334
v  -676.3333 0 691.1667
v  -679.5 0 684
v  -679.5 0 682.6667
v  -668.1667 0 694.3334
v  -676.3333 0 691.1667
v  -679.5 0 682.6667
v  -640 0 682.6667
v  -640 0 697.3334
v  -659 0 696.5
v  -682.6667 0 682.6667
v  -679.5 0 682.6667
v  -679.5 0 684
v  -682.6667 0 682.6667
v  -679.5 0 684
v  -676.3333 0 691.1667
v  -682.6667 0 725.3334
v  -659 0 696.5
v  -640 0 697.3334
v  -640 0 725.3334
v  -682.6667 0 725.3334
v  -668.1667 0 694.3334
v  -659 0 696.5
v  -640 0 725.3334
v  -682.6667 0 725.3334
v  -676.3333 0 691.1667
v  -668.1667 0 694.3334
v  -682.6667 0 725.3334
v  -725.3334 0 725.3334
v  -725.3334 0 682.6667
v  -682.6667 0 682.6667
v  -725.3334 0 725.3334
v  -768.0001 0 725.3334
v  -768.0001 0 682.6667
v  -725.3334 0 682.6667
v  -768 0 725.3334
v  -810.6667 0 725.3334
v  -810.6667 0 682.6667
v  -768 0 682.6667
v  -816.3334 0 684
v  -816.6667 0 682.6667
v  -810.6667 0 682.6667
v  -825.5 0 717.5
v  -825.1667 0 714.6667
v  -824.3334 0 711.5
v  -822.8334 0 708.1667
v  -819.6667 0 698.3334
v  -816.3334 0 684
v  -810.6667 0 682.6667
v  -810.6667 0 725.3334
v  -825.1667 0 725.3334
v  -825.5 0 717.5
v  -822.8334 0 708.1667
v  -819.6667 0 698.3334
v  -810.6667 0 682.6667
v  -819.6667 0 698.3334
v  -822.8334 0 708.1667
v  -824.3334 0 711.5
v  -816.6667 0 682.6667
v  -816.3334 0 684
v  -819.6667 0 698.3334
v  -824.3334 0 711.5
v  -853.3334 0 725.3334
v  -853.3334 0 682.6667
v  -825.5 0 717.5
v  -825.1667 0 725.3334
v  -853.3334 0 725.3334
v  -824.3334 0 711.5
v  -825.1667 0 714.6667
v  -853.3334 0 725.3334
v  -825.1667 0 714.6667
v  -825.5 0 717.5
v  -853.3334 0 725.3334
v  -853.3334 0 725.3334
v  -869.3334 0 725.3334
v  -869.3334 0 682.6667
v  -853.3334 0 682.6667
v  -30.5 0 768.0001
v  -42.66667 0 768.0001
v  -42.66667 0 725.3334
v  -30.5 0 725.3334
v  -64 0 768.0001
v  -64.16667 0 768.0001
v  -67.5 0 765.0001
v  -67.5 0 765.0001
v  -68.66667 0 762.6667
v  -70 0 759.8334
v  -69.5 0 756.8334
v  -42.66667 0 768.0001
v  -64 0 768.0001
v  -76.16667 0 749.0001
v  -78.5 0 746.1667
v  -80 0 742.5001
v  -80.66667 0 735.8334
v  -78.83334 0 728.6667
v  -78.16667 0 727.1667
v  -69.5 0 756.8334
v  -72.33334 0 755.1667
v  -76.16667 0 749.0001
v  -76.16667 0 749.0001
v  -78.16667 0 727.1667
v  -78 0 725.3334
v  -42.66667 0 725.3334
v  -42.66667 0 768.0001
v  -69.5 0 756.8334
v  -78 0 725.3334
v  -78.16667 0 727.1667
v  -78.83334 0 728.6667
v  -72.33334 0 755.1667
v  -69.5 0 756.8334
v  -70 0 759.8334
v  -85.33334 0 725.3334
v  -78 0 725.3334
v  -78.83334 0 728.6667
v  -80.66667 0 735.8334
v  -72.33334 0 755.1667
v  -70 0 759.8334
v  -68.66667 0 762.6667
v  -85.33334 0 768.0001
v  -78.5 0 746.1667
v  -76.16667 0 749.0001
v  -85.33334 0 768.0001
v  -80 0 742.5001
v  -78.5 0 746.1667
v  -68.66667 0 762.6667
v  -67.5 0 765.0001
v  -85.33334 0 768.0001
v  -85.33334 0 725.3334
v  -80.66667 0 735.8334
v  -80 0 742.5001
v  -85.33334 0 768.0001
v  -67.5 0 765.0001
v  -64.16667 0 768.0001
v  -85.33334 0 768.0001
v  -85.33334 0 768.0001
v  -128 0 768.0001
v  -128 0 725.3334
v  -85.33334 0 725.3334
v  -128 0 768.0001
v  -170.6667 0 768.0001
v  -170.6667 0 725.3334
v  -128 0 725.3334
v  -170.6667 0 768.0001
v  -213.3333 0 768.0001
v  -213.3333 0 725.3334
v  -170.6667 0 725.3334
v  -213.3333 0 768.0001
v  -256 0 768.0001
v  -256 0 725.3334
v  -213.3333 0 725.3334
v  -256 0 768.0001
v  -298.6667 0 768.0001
v  -298.6667 0 725.3334
v  -256 0 725.3334
v  -298.6667 0 768.0001
v  -341.3333 0 768.0001
v  -341.3333 0 725.3334
v  -298.6667 0 725.3334
v  -341.3333 0 768.0001
v  -384 0 768.0001
v  -384 0 725.3334
v  -341.3333 0 725.3334
v  -384 0 768.0001
v  -426.6667 0 768.0001
v  -426.6667 0 725.3334
v  -384 0 725.3334
v  -426.6667 0 768.0001
v  -469.3333 0 768.0001
v  -469.3333 0 725.3334
v  -426.6667 0 725.3334
v  -469.3333 0 768.0001
v  -512 0 768.0001
v  -512 0 725.3334
v  -469.3333 0 725.3334
v  -512 0 768.0001
v  -554.6667 0 768.0001
v  -554.6667 0 725.3334
v  -512 0 725.3334
v  -554.6667 0 768.0001
v  -597.3334 0 768.0001
v  -597.3334 0 725.3334
v  -554.6667 0 725.3334
v  -597.3334 0 768.0001
v  -640.0001 0 768.0001
v  -640.0001 0 725.3334
v  -597.3334 0 725.3334
v  -640 0 768.0001
v  -682.6667 0 768.0001
v  -682.6667 0 725.3334
v  -640 0 725.3334
v  -682.6667 0 768.0001
v  -725.3334 0 768.0001
v  -725.3334 0 725.3334
v  -682.6667 0 725.3334
v  -725.3334 0 768.0001
v  -768.0001 0 768.0001
v  -768.0001 0 725.3334
v  -725.3334 0 725.3334
v  -768 0 768.0001
v  -810.6667 0 768.0001
v  -810.6667 0 725.3334
v  -768 0 725.3334
v  -853.3334 0 757.6667
v  -853.3334 0 757.3334
v  -852.3334 0 756.3334
v  -850.6667 0 755.5001
v  -852.1667 0 764.6667
v  -853.3334 0 762.1667
v  -853.3334 0 761.8334
v  -852.3334 0 768.0001
v  -852.1667 0 764.6667
v  -847.1667 0 753.1667
v  -839.6667 0 748.0001
v  -850.6667 0 755.5001
v  -850.1667 0 754.6667
v  -847.1667 0 753.1667
v  -853.3334 0 761.8334
v  -853.3334 0 757.6667
v  -850.6667 0 755.5001
v  -847.1667 0 753.1667
v  -852.1667 0 764.6667
v  -827.1667 0 731.5001
v  -825.1667 0 725.3334
v  -810.6667 0 725.3334
v  -830.6667 0 740.3334
v  -828.8334 0 733.6667
v  -827.1667 0 731.5001
v  -810.6667 0 725.3334
v  -830.6667 0 740.3334
v  -810.6667 0 725.3334
v  -810.6667 0 768.0001
v  -852.3334 0 768.0001
v  -839.6667 0 748.0001
v  -850.1667 0 754.6667
v  -850.6667 0 755.5001
v  -852.3334 0 756.3334
v  -853.3334 0 725.3334
v  -825.1667 0 725.3334
v  -827.1667 0 731.5001
v  -828.8334 0 733.6667
v  -839.6667 0 748.0001
v  -847.1667 0 753.1667
v  -850.1667 0 754.6667
v  -853.3334 0 725.3334
v  -825.1667 0 725.3334
v  -828.8334 0 733.6667
v  -828.8334 0 733.6667
v  -830.6667 0 740.3334
v  -839.6667 0 748.0001
v  -853.3334 0 757.3334
v  -853.3334 0 725.3334
v  -852.3334 0 756.3334
v  -853.3334 0 768.0001
v  -853.3334 0 762.1667
v  -852.1667 0 764.6667
v  -852.3334 0 768.0001
v  -853.3334 0 757.3334
v  -853.3334 0 757.6667
v  -854.5001 0 758.8334
v  -854.5001 0 758.8334
v  -853.3334 0 761.8334
v  -853.3334 0 762.1667
v  -854.5001 0 758.8334
v  -853.3334 0 762.1667
v  -853.3334 0 768.0001
v  -869.3334 0 768.0001
v  -853.3334 0 757.3334
v  -854.5001 0 758.8334
v  -869.3334 0 768.0001
v  -869.3334 0 725.3334
v  -853.3334 0 725.3334
v  -853.3334 0 761.8334
v  -854.5001 0 758.8334
v  -853.3334 0 757.6667
v  -30.5 0 810.6667
v  -42.66667 0 810.6667
v  -42.66667 0 768
v  -30.5 0 768
v  -67.5 0 785
v  -64 0 781.5
v  -58.83334 0 779.1667
v  -69.5 0 796
v  -69.5 0 791.1667
v  -67.5 0 785
v  -58.83334 0 779.1667
v  -55.5 0 777
v  -53.33334 0 773.5
v  -60 0 770.6667
v  -64 0 768
v  -42.66667 0 768
v  -42.66667 0 810.6667
v  -66.16667 0 810.6667
v  -65.66667 0 809.6667
v  -53 0 774.8333
v  -53.33334 0 773.5
v  -42.66667 0 768
v  -65.66667 0 809.6667
v  -68.33334 0 802.5
v  -69.5 0 796
v  -55.5 0 777
v  -53 0 774.8333
v  -42.66667 0 768
v  -42.66667 0 810.6667
v  -65.66667 0 809.6667
v  -69.5 0 796
v  -65.66667 0 809.6667
v  -66.16667 0 810.6667
v  -66.33334 0 810.6667
v  -53.33334 0 773.5
v  -53 0 774.8333
v  -55.5 0 777
v  -58.83334 0 779.1667
v  -64 0 781.5
v  -60 0 770.6667
v  -64.16667 0 768
v  -64 0 768
v  -60 0 770.6667
v  -64 0 781.5
v  -67.5 0 785
v  -69.5 0 791.1667
v  -69.5 0 796
v  -85.33334 0 810.6667
v  -68.33334 0 802.5
v  -65.66667 0 809.6667
v  -66.33334 0 810.6667
v  -85.33334 0 810.6667
v  -69.5 0 796
v  -68.33334 0 802.5
v  -85.33334 0 810.6667
v  -64.16667 0 768
v  -67.5 0 785
v  -69.5 0 791.1667
v  -85.33334 0 810.6667
v  -85.33334 0 768
v  -85.33334 0 810.6667
v  -128 0 810.6667
v  -128 0 768
v  -85.33334 0 768
v  -128 0 810.6667
v  -170.6667 0 810.6667
v  -170.6667 0 768
v  -128 0 768
v  -170.6667 0 810.6667
v  -213.3333 0 810.6667
v  -213.3333 0 768
v  -170.6667 0 768
v  -213.3333 0 810.6667
v  -256 0 810.6667
v  -256 0 768
v  -213.3333 0 768
v  -256 0 810.6667
v  -298.6667 0 810.6667
v  -298.6667 0 768
v  -256 0 768
v  -298.6667 0 810.6667
v  -341.3333 0 810.6667
v  -341.3333 0 768
v  -298.6667 0 768
v  -341.3333 0 810.6667
v  -384 0 810.6667
v  -384 0 768
v  -341.3333 0 768
v  -384 0 810.6667
v  -426.6667 0 810.6667
v  -426.6667 0 768
v  -384 0 768
v  -426.6667 0 810.6667
v  -469.3333 0 810.6667
v  -469.3333 0 768
v  -426.6667 0 768
v  -469.3333 0 810.6667
v  -512 0 810.6667
v  -512 0 768
v  -469.3333 0 768
v  -512 0 810.6667
v  -554.6667 0 810.6667
v  -554.6667 0 768
v  -512 0 768
v  -554.6667 0 810.6667
v  -597.3334 0 810.6667
v  -597.3334 0 768
v  -554.6667 0 768
v  -597.3334 0 810.6667
v  -640.0001 0 810.6667
v  -640.0001 0 768
v  -597.3334 0 768
v  -640 0 810.6667
v  -682.6667 0 810.6667
v  -682.6667 0 768
v  -640 0 768
v  -682.6667 0 810.6667
v  -725.3334 0 810.6667
v  -725.3334 0 768
v  -682.6667 0 768
v  -725.3334 0 810.6667
v  -768.0001 0 810.6667
v  -768.0001 0 768
v  -725.3334 0 768
v  -768 0 810.6667
v  -810.6667 0 810.6667
v  -810.6667 0 768
v  -768 0 768
v  -853.3334 0 772.6667
v  -853.3334 0 772.1667
v  -852.3334 0 769.6667
v  -853.3334 0 810.6667
v  -853.3334 0 772.6667
v  -852.3334 0 769.6667
v  -810.6667 0 768
v  -810.6667 0 810.6667
v  -852.3334 0 769.6667
v  -852.3334 0 768
v  -810.6667 0 768
v  -853.3334 0 768
v  -852.3334 0 768
v  -852.3334 0 769.6667
v  -853.3334 0 772.1667
v  -853.3334 0 772.1667
v  -853.3334 0 772.6667
v  -853.8334 0 773.6667
v  -855.0001 0 782.6667
v  -855.8334 0 785
v  -857.3334 0 786.5
v  -854.6667 0 777.8333
v  -853.3334 0 768
v  -853.3334 0 772.1667
v  -853.8334 0 773.6667
v  -862.3334 0 808.8333
v  -862.3334 0 810.6667
v  -869.3334 0 810.6667
v  -859.5001 0 800.6667
v  -861.0001 0 806.8333
v  -862.3334 0 808.8333
v  -869.3334 0 810.6667
v  -858.6667 0 790.5
v  -858.8334 0 795.6667
v  -854.6667 0 777.8333
v  -857.3334 0 786.5
v  -858.6667 0 790.5
v  -869.3334 0 810.6667
v  -869.3334 0 768
v  -853.3334 0 768
v  -853.3334 0 768
v  -853.8334 0 773.6667
v  -854.6667 0 777.8333
v  -862.3334 0 810.6667
v  -862.3334 0 808.8333
v  -861.0001 0 806.8333
v  -853.3334 0 810.6667
v  -854.6667 0 777.8333
v  -853.8334 0 773.6667
v  -853.3334 0 772.6667
v  -853.3334 0 810.6667
v  -855.0001 0 782.6667
v  -858.6667 0 790.5
v  -857.3334 0 786.5
v  -855.8334 0 785
v  -858.8334 0 795.6667
v  -858.8334 0 795.6667
v  -855.8334 0 785
v  -855.0001 0 782.6667
v  -853.3334 0 810.6667
v  -859.5001 0 800.6667
v  -853.3334 0 810.6667
v  -861.0001 0 806.8333
v  -859.5001 0 800.6667
v  -30.5 0 853.3334
v  -42.66667 0 853.3334
v  -42.66667 0 810.6667
v  -30.5 0 810.6667
v  -69.83334 0 816.5
v  -66.33334 0 810.6667
v  -66.16667 0 810.6667
v  -69.5 0 822.1667
v  -85.33334 0 853.3334
v  -85.33334 0 845
v  -82.66667 0 846.3334
v  -85.33334 0 853.3334
v  -82.66667 0 846.3334
v  -78.83334 0 847.3334
v  -78.83334 0 847.3334
v  -77.33334 0 843.6667
v  -73.16667 0 839.5
v  -42.66667 0 853.3334
v  -42.66667 0 853.3334
v  -85.33334 0 853.3334
v  -78.83334 0 847.3334
v  -73.16667 0 839.5
v  -73.16667 0 833
v  -69.5 0 822.1667
v  -69.5 0 822.1667
v  -66.16667 0 810.6667
v  -42.66667 0 810.6667
v  -42.66667 0 853.3334
v  -73.16667 0 839.5
v  -77.33334 0 843.6667
v  -78.83334 0 847.3334
v  -82.66667 0 846.3334
v  -85.33334 0 845
v  -69.83334 0 816.5
v  -69.5 0 822.1667
v  -73.16667 0 833
v  -77.33334 0 843.6667
v  -85.33334 0 845
v  -85.33334 0 810.6667
v  -73.16667 0 833
v  -73.16667 0 839.5
v  -77.33334 0 843.6667
v  -85.33334 0 810.6667
v  -66.33334 0 810.6667
v  -69.83334 0 816.5
v  -94.66667 0 851
v  -95.16667 0 853.3334
v  -95.33334 0 853.3334
v  -126.1667 0 853.3334
v  -128 0 851.5
v  -128 0 851.3334
v  -92.83334 0 847.3334
v  -94.66667 0 851
v  -94.66667 0 851
v  -95.33334 0 853.3334
v  -126.1667 0 853.3334
v  -85.33334 0 810.6667
v  -89.33334 0 844.5
v  -92.83334 0 847.3334
v  -128 0 851.3334
v  -128 0 810.6667
v  -85.33334 0 810.6667
v  -85.33334 0 845
v  -85.83334 0 844.6667
v  -85.33334 0 810.6667
v  -85.83334 0 844.6667
v  -89.33334 0 844.5
v  -89.33334 0 844.5
v  -85.83334 0 844.6667
v  -85.33334 0 845
v  -95.16667 0 853.3334
v  -94.66667 0 851
v  -92.83334 0 847.3334
v  -89.33334 0 844.5
v  -85.33334 0 845
v  -85.33334 0 853.3334
v  -126.1667 0 853.3334
v  -128 0 853.3334
v  -128 0 851.5
v  -141 0 840.1667
v  -143.3333 0 840.5
v  -144.6667 0 837.3334
v  -128 0 851.3334
v  -131.1667 0 847.3334
v  -133 0 843.5
v  -128 0 810.6667
v  -135.8333 0 841
v  -141 0 840.1667
v  -144.6667 0 837.3334
v  -159 0 833.8334
v  -164.3333 0 834.6667
v  -168.5 0 830.3334
v  -135.8333 0 841
v  -144.6667 0 837.3334
v  -149.5 0 834.3334
v  -170.6667 0 810.6667
v  -128 0 810.6667
v  -152.3333 0 833.8334
v  -159 0 833.8334
v  -168.5 0 830.3334
v  -149.5 0 834.3334
v  -152.3333 0 833.8334
v  -168.5 0 830.3334
v  -170.6667 0 810.6667
v  -168.5 0 830.3334
v  -170.6667 0 830.1667
v  -170.6667 0 810.6667
v  -133 0 843.5
v  -135.8333 0 841
v  -128 0 810.6667
v  -131.1667 0 847.3334
v  -128 0 851.3334
v  -128 0 851.5
v  -131.1667 0 847.3334
v  -128 0 851.5
v  -128 0 853.3334
v  -143.3333 0 840.5
v  -141 0 840.1667
v  -135.8333 0 841
v  -131.1667 0 847.3334
v  -128 0 853.3334
v  -170.6667 0 830.1667
v  -168.5 0 830.3334
v  -164.3333 0 834.6667
v  -170.6667 0 853.3334
v  -135.8333 0 841
v  -133 0 843.5
v  -131.1667 0 847.3334
v  -152.3333 0 833.8334
v  -149.5 0 834.3334
v  -144.6667 0 837.3334
v  -143.3333 0 840.5
v  -164.3333 0 834.6667
v  -159 0 833.8334
v  -152.3333 0 833.8334
v  -143.3333 0 840.5
v  -128 0 853.3334
v  -170.6667 0 853.3334
v  -170.6667 0 830.1667
v  -172.8333 0 829.8334
v  -174.8333 0 828.3334
v  -199.1667 0 827.8334
v  -201.1667 0 827.3334
v  -203.8333 0 825.8334
v  -189.8333 0 824.5
v  -170.6667 0 830.1667
v  -174.8333 0 828.3334
v  -180.3333 0 825.1667
v  -170.6667 0 810.6667
v  -170.6667 0 810.6667
v  -180.3333 0 825.1667
v  -185.3333 0 824.1667
v  -208.3333 0 825.5
v  -213.3333 0 828.5
v  -213.3333 0 810.6667
v  -170.6667 0 810.6667
v  -185.3333 0 824.1667
v  -189.8333 0 824.5
v  -203.8333 0 825.8334
v  -208.3333 0 825.5
v  -213.3333 0 810.6667
v  -170.6667 0 810.6667
v  -189.8333 0 824.5
v  -213.3333 0 828.6667
v  -213.3333 0 828.5
v  -208.3333 0 825.5
v  -203.8333 0 825.8334
v  -201.1667 0 827.3334
v  -213.3333 0 828.6667
v  -201.1667 0 827.3334
v  -199.1667 0 827.8334
v  -180.3333 0 825.1667
v  -174.8333 0 828.3334
v  -172.8333 0 829.8334
v  -199.1667 0 827.8334
v  -189.8333 0 824.5
v  -185.3333 0 824.1667
v  -172.8333 0 829.8334
v  -170.6667 0 830.1667
v  -170.6667 0 853.3334
v  -213.3333 0 853.3334
v  -213.3333 0 828.6667
v  -199.1667 0 827.8334
v  -213.3333 0 828.5
v  -213.3333 0 828.6667
v  -215.5 0 831.1667
v  -229.1667 0 833.1667
v  -233 0 829.6667
v  -220.6667 0 843
v  -222 0 843.3334
v  -224.3333 0 841
v  -227.1667 0 837.1667
v  -217.5 0 834.6667
v  -251.1667 0 830.1667
v  -253.1667 0 831.1667
v  -256 0 828.5
v  -240.6667 0 828
v  -246.5 0 828.8334
v  -256 0 828.5
v  -256 0 810.6667
v  -246.5 0 828.8334
v  -251.1667 0 830.1667
v  -256 0 828.5
v  -213.3333 0 828.5
v  -233 0 829.6667
v  -239.5 0 828
v  -256 0 810.6667
v  -213.3333 0 810.6667
v  -217.5 0 834.6667
v  -227.1667 0 837.1667
v  -229.1667 0 833.1667
v  -215.5 0 831.1667
v  -239.5 0 828
v  -240.6667 0 828
v  -256 0 810.6667
v  -246.5 0 828.8334
v  -240.6667 0 828
v  -239.5 0 828
v  -253.1667 0 831.1667
v  -251.1667 0 830.1667
v  -246.5 0 828.8334
v  -217.5 0 834.6667
v  -215.5 0 831.1667
v  -213.3333 0 828.6667
v  -213.3333 0 853.3334
v  -220.6667 0 843
v  -233 0 829.6667
v  -229.1667 0 833.1667
v  -227.1667 0 837.1667
v  -246.5 0 828.8334
v  -239.5 0 828
v  -233 0 829.6667
v  -227.1667 0 837.1667
v  -224.3333 0 841
v  -253.1667 0 831.1667
v  -224.3333 0 841
v  -222 0 843.3334
v  -213.3333 0 853.3334
v  -256 0 853.3334
v  -253.1667 0 831.1667
v  -222 0 843.3334
v  -220.6667 0 843
v  -213.3333 0 853.3334
v  -256 0 853.3334
v  -256 0 828.5
v  -253.1667 0 831.1667
v  -270.8333 0 828.3334
v  -274.6667 0 829
v  -281.8333 0 827.1667
v  -256 0 828.5
v  -263.8333 0 829
v  -270.8333 0 828.3334
v  -281.8333 0 827.1667
v  -298.6667 0 810.6667
v  -256 0 810.6667
v  -295.1667 0 828.8334
v  -298.6667 0 829.8334
v  -298.6667 0 810.6667
v  -288.8333 0 827.6667
v  -295.1667 0 828.8334
v  -298.6667 0 810.6667
v  -281.8333 0 827.1667
v  -288.8333 0 827.6667
v  -298.6667 0 810.6667
v  -298.6667 0 829.8334
v  -295.1667 0 828.8334
v  -288.8333 0 827.6667
v  -281.8333 0 827.1667
v  -274.6667 0 829
v  -274.6667 0 829
v  -270.8333 0 828.3334
v  -263.8333 0 829
v  -263.8333 0 829
v  -256 0 828.5
v  -256 0 853.3334
v  -274.6667 0 829
v  -263.8333 0 829
v  -256 0 853.3334
v  -298.6667 0 853.3334
v  -298.6667 0 829.8334
v  -317 0 829.8334
v  -318.5 0 830.3334
v  -319.6667 0 827.1667
v  -298.6667 0 829.8334
v  -302.1667 0 829.6667
v  -303.6667 0 828.8334
v  -298.6667 0 810.6667
v  -306.3333 0 828.8334
v  -309.1667 0 829.6667
v  -312.1667 0 830
v  -319.6667 0 827.1667
v  -322.3333 0 824.5
v  -312.1667 0 830
v  -317 0 829.8334
v  -319.6667 0 827.1667
v  -303.6667 0 828.8334
v  -306.3333 0 828.8334
v  -322.3333 0 824.5
v  -341.3333 0 810.6667
v  -298.6667 0 810.6667
v  -337.8333 0 825.8334
v  -341.3333 0 827.8334
v  -341.3333 0 810.6667
v  -333.8333 0 824.3334
v  -337.8333 0 825.8334
v  -341.3333 0 810.6667
v  -322.3333 0 824.5
v  -328.1667 0 823.1667
v  -341.3333 0 810.6667
v  -328.1667 0 823.1667
v  -333.8333 0 824.3334
v  -341.3333 0 810.6667
v  -306.3333 0 828.8334
v  -303.6667 0 828.8334
v  -302.1667 0 829.6667
v  -309.1667 0 829.6667
v  -318.5 0 830.3334
v  -317 0 829.8334
v  -312.1667 0 830
v  -322.3333 0 824.5
v  -319.6667 0 827.1667
v  -318.5 0 830.3334
v  -333.8333 0 824.3334
v  -328.1667 0 823.1667
v  -312.1667 0 830
v  -302.1667 0 829.6667
v  -298.6667 0 829.8334
v  -298.6667 0 853.3334
v  -318.5 0 830.3334
v  -341.3333 0 827.8334
v  -337.8333 0 825.8334
v  -333.8333 0 824.3334
v  -318.5 0 830.3334
v  -298.6667 0 853.3334
v  -341.3333 0 853.3334
v  -312.1667 0 830
v  -309.1667 0 829.6667
v  -302.1667 0 829.6667
v  -379.1667 0 827.8334
v  -381.1667 0 827.3334
v  -384 0 825.8334
v  -384 0 810.6667
v  -369.8333 0 824.5
v  -354.6667 0 827.5
v  -357.6667 0 826.8334
v  -360.3333 0 825.1667
v  -350.8333 0 826.5
v  -341.3333 0 827.8334
v  -344.3333 0 829.3334
v  -349.6667 0 826.5
v  -341.3333 0 810.6667
v  -365.3333 0 824.1667
v  -369.8333 0 824.5
v  -384 0 810.6667
v  -349.6667 0 826.5
v  -350.8333 0 826.5
v  -360.3333 0 825.1667
v  -365.3333 0 824.1667
v  -384 0 810.6667
v  -341.3333 0 810.6667
v  -354.6667 0 827.5
v  -350.8333 0 826.5
v  -349.6667 0 826.5
v  -344.3333 0 829.3334
v  -365.3333 0 824.1667
v  -360.3333 0 825.1667
v  -357.6667 0 826.8334
v  -369.8333 0 824.5
v  -384 0 853.3334
v  -384 0 825.8334
v  -381.1667 0 827.3334
v  -384 0 853.3334
v  -381.1667 0 827.3334
v  -379.1667 0 827.8334
v  -369.8333 0 824.5
v  -357.6667 0 826.8334
v  -354.6667 0 827.5
v  -379.1667 0 827.8334
v  -344.3333 0 829.3334
v  -341.3333 0 827.8334
v  -341.3333 0 853.3334
v  -354.6667 0 827.5
v  -344.3333 0 829.3334
v  -341.3333 0 853.3334
v  -384 0 853.3334
v  -379.1667 0 827.8334
v  -400.8333 0 843.1667
v  -401.5 0 843.3334
v  -402 0 843.3334
v  -400.5 0 842.6667
v  -393 0 828.1667
v  -396.1667 0 832.1667
v  -412.6667 0 829.8334
v  -419.5 0 828
v  -426.6667 0 810.6667
v  -384 0 810.6667
v  -400.5 0 842.6667
v  -402 0 843.3334
v  -404.3333 0 841
v  -407.1667 0 837.1667
v  -409.1667 0 833.1667
v  -398.3333 0 836.3334
v  -424 0 828.3334
v  -426.6667 0 829
v  -426.6667 0 810.6667
v  -419.5 0 828
v  -424 0 828.3334
v  -426.6667 0 810.6667
v  -384 0 810.6667
v  -388.3333 0 825.5
v  -393 0 828.1667
v  -396.1667 0 832.1667
v  -398.3333 0 836.3334
v  -409.1667 0 833.1667
v  -412.6667 0 829.8334
v  -384 0 810.6667
v  -384 0 825.8334
v  -388.3333 0 825.5
v  -426.6667 0 829
v  -424 0 828.3334
v  -419.5 0 828
v  -412.6667 0 829.8334
v  -407.1667 0 837.1667
v  -404.3333 0 841
v  -412.6667 0 829.8334
v  -409.1667 0 833.1667
v  -407.1667 0 837.1667
v  -393 0 828.1667
v  -388.3333 0 825.5
v  -384 0 825.8334
v  -398.3333 0 836.3334
v  -396.1667 0 832.1667
v  -393 0 828.1667
v  -384 0 825.8334
v  -384 0 853.3334
v  -400.5 0 842.6667
v  -384 0 853.3334
v  -426.6667 0 853.3334
v  -402 0 843.3334
v  -401.5 0 843.3334
v  -401.5 0 843.3334
v  -400.8333 0 843.1667
v  -384 0 853.3334
v  -400.8333 0 843.1667
v  -400.5 0 842.6667
v  -384 0 853.3334
v  -426.6667 0 853.3334
v  -426.6667 0 829
v  -404.3333 0 841
v  -402 0 843.3334
v  -430.1667 0 829.8334
v  -433.1667 0 831.1667
v  -435.8333 0 828.5
v  -426.6667 0 829
v  -430.1667 0 829.8334
v  -435.8333 0 828.5
v  -426.6667 0 810.6667
v  -450.8333 0 828.3334
v  -454.6667 0 829
v  -461.6667 0 827.1667
v  -435.8333 0 828.5
v  -443.8333 0 829
v  -450.8333 0 828.3334
v  -461.6667 0 827.1667
v  -469.3333 0 810.6667
v  -426.6667 0 810.6667
v  -461.6667 0 827.1667
v  -469.3333 0 827.8334
v  -469.3333 0 810.6667
v  -433.1667 0 831.1667
v  -430.1667 0 829.8334
v  -426.6667 0 829
v  -426.6667 0 853.3334
v  -454.6667 0 829
v  -450.8333 0 828.3334
v  -443.8333 0 829
v  -433.1667 0 831.1667
v  -443.8333 0 829
v  -435.8333 0 828.5
v  -433.1667 0 831.1667
v  -469.3333 0 827.8334
v  -461.6667 0 827.1667
v  -454.6667 0 829
v  -469.3333 0 853.3334
v  -469.3333 0 827.8334
v  -454.6667 0 829
v  -433.1667 0 831.1667
v  -426.6667 0 853.3334
v  -481 0 829.8334
v  -482.1667 0 829.6667
v  -483.6667 0 828.8334
v  -475.1667 0 828.8334
v  -478 0 829.8334
v  -497 0 829.8334
v  -498.5 0 830.3334
v  -499.6667 0 827.1667
v  -469.3333 0 827.8334
v  -475.1667 0 828.8334
v  -483.6667 0 828.8334
v  -486.3333 0 828.8334
v  -489.1667 0 829.6667
v  -492.1667 0 830
v  -499.6667 0 827.1667
v  -502.6667 0 824.3334
v  -492.1667 0 830
v  -497 0 829.8334
v  -499.6667 0 827.1667
v  -502.6667 0 824.3334
v  -508.1667 0 823.1667
v  -512 0 810.6667
v  -469.3333 0 827.8334
v  -483.6667 0 828.8334
v  -486.3333 0 828.8334
v  -502.6667 0 824.3334
v  -512 0 810.6667
v  -469.3333 0 810.6667
v  -508.1667 0 823.1667
v  -512 0 823.8334
v  -512 0 810.6667
v  -512 0 824
v  -512 0 823.8334
v  -508.1667 0 823.1667
v  -486.3333 0 828.8334
v  -483.6667 0 828.8334
v  -482.1667 0 829.6667
v  -489.1667 0 829.6667
v  -498.5 0 830.3334
v  -497 0 829.8334
v  -492.1667 0 830
v  -492.1667 0 830
v  -481 0 829.8334
v  -478 0 829.8334
v  -469.3333 0 853.3334
v  -512 0 853.3334
v  -498.5 0 830.3334
v  -502.6667 0 824.3334
v  -499.6667 0 827.1667
v  -498.5 0 830.3334
v  -512 0 853.3334
v  -512 0 824
v  -508.1667 0 823.1667
v  -489.1667 0 829.6667
v  -482.1667 0 829.6667
v  -481 0 829.8334
v  -492.1667 0 830
v  -478 0 829.8334
v  -475.1667 0 828.8334
v  -469.3333 0 827.8334
v  -469.3333 0 853.3334
v  -512 0 823.8334
v  -512 0 824
v  -512.8333 0 824
v  -534.6667 0 827.5
v  -537.6667 0 826.8334
v  -540.3333 0 825.1667
v  -530.8333 0 826.5
v  -512 0 810.6667
v  -512.8333 0 824
v  -517.8333 0 825.8334
v  -529.6667 0 826.5
v  -545.3333 0 824.1667
v  -554.6667 0 810.6667
v  -529.6667 0 826.5
v  -530.8333 0 826.5
v  -540.3333 0 825.1667
v  -545.3333 0 824.1667
v  -517.8333 0 825.8334
v  -524 0 829.3334
v  -529.6667 0 826.5
v  -512 0 810.6667
v  -512 0 823.8334
v  -512.8333 0 824
v  -549.8333 0 824.5
v  -554.6667 0 826.3334
v  -554.6667 0 810.6667
v  -545.3333 0 824.1667
v  -549.8333 0 824.5
v  -554.6667 0 810.6667
v  -534.6667 0 827.5
v  -530.8333 0 826.5
v  -529.6667 0 826.5
v  -524 0 829.3334
v  -517.8333 0 825.8334
v  -512.8333 0 824
v  -512 0 824
v  -512 0 853.3334
v  -524 0 829.3334
v  -545.3333 0 824.1667
v  -540.3333 0 825.1667
v  -537.6667 0 826.8334
v  -554.6667 0 826.3334
v  -549.8333 0 824.5
v  -554.6667 0 826.3334
v  -537.6667 0 826.8334
v  -534.6667 0 827.5
v  -554.6667 0 826.3334
v  -534.6667 0 827.5
v  -524 0 829.3334
v  -512 0 853.3334
v  -554.6667 0 853.3334
v  -580.8334 0 843.1667
v  -581.5 0 843.3334
v  -582 0 843.3334
v  -580.5 0 842.6667
v  -554.6667 0 826.3334
v  -563.8334 0 825.8334
v  -568.3334 0 825.5
v  -554.6667 0 810.6667
v  -580.5 0 842.6667
v  -582 0 843.3334
v  -584.3334 0 841
v  -587.1667 0 837.1667
v  -589.1667 0 833.1667
v  -578.3334 0 836.3334
v  -593 0 829.6667
v  -597.3334 0 828.6667
v  -597.3334 0 810.6667
v  -554.6667 0 810.6667
v  -568.3334 0 825.5
v  -572.5 0 827.8334
v  -576.1667 0 832.1667
v  -591.5 0 830.8334
v  -593 0 829.6667
v  -573.8334 0 829
v  -554.6667 0 826.3334
v  -559.8334 0 827.8334
v  -563.8334 0 825.8334
v  -572.5 0 827.8334
v  -573.8334 0 829
v  -593 0 829.6667
v  -576.1667 0 832.1667
v  -578.3334 0 836.3334
v  -589.1667 0 833.1667
v  -591.5 0 830.8334
v  -593 0 829.6667
v  -591.5 0 830.8334
v  -589.1667 0 833.1667
v  -587.1667 0 837.1667
v  -597.3334 0 828.6667
v  -576.1667 0 832.1667
v  -573.8334 0 829
v  -572.5 0 827.8334
v  -568.3334 0 825.5
v  -563.8334 0 825.8334
v  -559.8334 0 827.8334
v  -580.8334 0 843.1667
v  -580.5 0 842.6667
v  -559.8334 0 827.8334
v  -554.6667 0 826.3334
v  -554.6667 0 853.3334
v  -576.1667 0 832.1667
v  -572.5 0 827.8334
v  -568.3334 0 825.5
v  -559.8334 0 827.8334
v  -580.5 0 842.6667
v  -578.3334 0 836.3334
v  -597.3334 0 853.3334
v  -582 0 843.3334
v  -581.5 0 843.3334
v  -597.3334 0 853.3334
v  -584.3334 0 841
v  -582 0 843.3334
v  -597.3334 0 853.3334
v  -581.5 0 843.3334
v  -580.8334 0 843.1667
v  -554.6667 0 853.3334
v  -597.3334 0 828.6667
v  -587.1667 0 837.1667
v  -584.3334 0 841
v  -597.3334 0 853.3334
v  -610.1667 0 829.8334
v  -613.1667 0 831.1667
v  -615.8334 0 828.5
v  -630.8334 0 828.3334
v  -634.6667 0 829
v  -640.0001 0 827.6667
v  -605.1667 0 828.5
v  -610.1667 0 829.8334
v  -615.8334 0 828.5
v  -615.8334 0 828.5
v  -623.8334 0 829
v  -630.8334 0 828.3334
v  -599.5001 0 828
v  -605.1667 0 828.5
v  -615.8334 0 828.5
v  -597.3334 0 810.6667
v  -597.3334 0 828.6667
v  -599.5001 0 828
v  -630.8334 0 828.3334
v  -640.0001 0 827.6667
v  -640.0001 0 810.6667
v  -597.3334 0 810.6667
v  -599.5001 0 828
v  -615.8334 0 828.5
v  -605.1667 0 828.5
v  -599.5001 0 828
v  -597.3334 0 828.6667
v  -597.3334 0 853.3334
v  -613.1667 0 831.1667
v  -610.1667 0 829.8334
v  -640.0001 0 853.3334
v  -640.0001 0 827.6667
v  -634.6667 0 829
v  -634.6667 0 829
v  -630.8334 0 828.3334
v  -623.8334 0 829
v  -613.1667 0 831.1667
v  -597.3334 0 853.3334
v  -640.0001 0 853.3334
v  -623.8334 0 829
v  -615.8334 0 828.5
v  -613.1667 0 831.1667
v  -682.3333 0 824.5
v  -682.6667 0 824.5
v  -682.6667 0 824.3334
v  -661 0 829.8334
v  -662.1667 0 829.6667
v  -663.6667 0 828.8334
v  -655.1667 0 828.8334
v  -658 0 829.8334
v  -677 0 829.8334
v  -678.5 0 830.3334
v  -679.6667 0 827.1667
v  -640 0 810.6667
v  -641.6667 0 827.1667
v  -648.8333 0 827.6667
v  -666.3333 0 828.8334
v  -682.3333 0 824.5
v  -682.6667 0 810.6667
v  -666.3333 0 828.8334
v  -669.1667 0 829.6667
v  -672.1667 0 830
v  -679.6667 0 827.1667
v  -682.3333 0 824.5
v  -672.1667 0 830
v  -677 0 829.8334
v  -679.6667 0 827.1667
v  -640 0 810.6667
v  -640 0 827.6667
v  -641.6667 0 827.1667
v  -648.8333 0 827.6667
v  -663.6667 0 828.8334
v  -666.3333 0 828.8334
v  -682.3333 0 824.5
v  -682.6667 0 824.3334
v  -682.6667 0 810.6667
v  -648.8333 0 827.6667
v  -655.1667 0 828.8334
v  -663.6667 0 828.8334
v  -682.6667 0 824.5
v  -682.3333 0 824.5
v  -679.6667 0 827.1667
v  -678.5 0 830.3334
v  -682.6667 0 853.3334
v  -666.3333 0 828.8334
v  -663.6667 0 828.8334
v  -662.1667 0 829.6667
v  -669.1667 0 829.6667
v  -678.5 0 830.3334
v  -677 0 829.8334
v  -672.1667 0 830
v  -672.1667 0 830
v  -661 0 829.8334
v  -658 0 829.8334
v  -640 0 853.3334
v  -682.6667 0 853.3334
v  -678.5 0 830.3334
v  -648.8333 0 827.6667
v  -641.6667 0 827.1667
v  -640 0 827.6667
v  -640 0 853.3334
v  -658 0 829.8334
v  -655.1667 0 828.8334
v  -669.1667 0 829.6667
v  -662.1667 0 829.6667
v  -661 0 829.8334
v  -672.1667 0 830
v  -710.8334 0 826.5
v  -714.6667 0 827.5
v  -719.3334 0 826.3334
v  -709.6667 0 826.5
v  -710.8334 0 826.5
v  -719.3334 0 826.3334
v  -725.3334 0 825.5
v  -697.8334 0 825.8334
v  -704 0 829.3334
v  -709.6667 0 826.5
v  -682.6667 0 810.6667
v  -682.6667 0 824.3334
v  -688.1667 0 823.1667
v  -692.8334 0 824
v  -697.8334 0 825.8334
v  -709.6667 0 826.5
v  -725.3334 0 825.5
v  -725.3334 0 810.6667
v  -682.6667 0 810.6667
v  -682.6667 0 810.6667
v  -688.1667 0 823.1667
v  -692.8334 0 824
v  -714.6667 0 827.5
v  -710.8334 0 826.5
v  -709.6667 0 826.5
v  -704 0 829.3334
v  -682.6667 0 853.3334
v  -725.3334 0 853.3334
v  -688.1667 0 823.1667
v  -682.6667 0 824.3334
v  -682.6667 0 824.5
v  -725.3334 0 825.6667
v  -725.3334 0 825.5
v  -719.3334 0 826.3334
v  -697.8334 0 825.8334
v  -692.8334 0 824
v  -688.1667 0 823.1667
v  -682.6667 0 824.5
v  -682.6667 0 853.3334
v  -704 0 829.3334
v  -725.3334 0 825.6667
v  -719.3334 0 826.3334
v  -714.6667 0 827.5
v  -725.3334 0 853.3334
v  -763.0001 0 840.8334
v  -763.3334 0 840.1667
v  -763.5001 0 837.6667
v  -757.5001 0 839
v  -759.6667 0 845.3334
v  -761.1667 0 844.1667
v  -764.6667 0 835.5
v  -768.0001 0 832.1667
v  -768.0001 0 831.8334
v  -752.3334 0 831
v  -764.6667 0 835.5
v  -768.0001 0 831.8334
v  -768.0001 0 810.6667
v  -747.3334 0 828.1667
v  -734.6667 0 828.1667
v  -737.5001 0 830.8334
v  -739.8334 0 830.3334
v  -731.5001 0 826.6667
v  -743.3334 0 828.5
v  -747.3334 0 828.1667
v  -768.0001 0 810.6667
v  -725.3334 0 810.6667
v  -725.3334 0 825.5
v  -752.3334 0 831
v  -755.1667 0 834.6667
v  -764.6667 0 835.5
v  -725.3334 0 825.5
v  -725.3334 0 825.6667
v  -731.5001 0 826.6667
v  -757.5001 0 839
v  -763.5001 0 837.6667
v  -764.6667 0 835.5
v  -755.1667 0 834.6667
v  -734.6667 0 828.1667
v  -739.8334 0 830.3334
v  -743.3334 0 828.5
v  -731.5001 0 826.6667
v  -764.6667 0 835.5
v  -763.5001 0 837.6667
v  -763.3334 0 840.1667
v  -768.0001 0 832.1667
v  -737.5001 0 830.8334
v  -734.6667 0 828.1667
v  -731.5001 0 826.6667
v  -725.3334 0 825.6667
v  -747.3334 0 828.1667
v  -743.3334 0 828.5
v  -739.8334 0 830.3334
v  -752.3334 0 831
v  -768.0001 0 853.3334
v  -768.0001 0 832.1667
v  -763.0001 0 840.8334
v  -761.1667 0 844.1667
v  -757.5001 0 839
v  -755.1667 0 834.6667
v  -752.3334 0 831
v  -739.8334 0 830.3334
v  -737.5001 0 830.8334
v  -759.6667 0 845.3334
v  -768.0001 0 832.1667
v  -763.3334 0 840.1667
v  -763.0001 0 840.8334
v  -768.0001 0 853.3334
v  -761.1667 0 844.1667
v  -759.6667 0 845.3334
v  -737.5001 0 830.8334
v  -725.3334 0 825.6667
v  -725.3334 0 853.3334
v  -768.0001 0 853.3334
v  -759.6667 0 845.3334
v  -772.8333 0 824.3334
v  -773.3333 0 824.1667
v  -775.3333 0 822
v  -768 0 810.6667
v  -768 0 831.8334
v  -770.8333 0 828.3334
v  -772.8333 0 824.3334
v  -768 0 810.6667
v  -808.1667 0 821
v  -810.6667 0 821.3334
v  -810.6667 0 810.6667
v  -794 0 821.5
v  -801 0 824.6667
v  -808.1667 0 821
v  -768 0 810.6667
v  -783.1667 0 819.5
v  -788.5 0 820
v  -808.1667 0 821
v  -810.6667 0 810.6667
v  -788.5 0 820
v  -794 0 821.5
v  -808.1667 0 821
v  -768 0 810.6667
v  -775.3333 0 822
v  -776.5 0 821.1667
v  -768 0 810.6667
v  -776.5 0 821.1667
v  -783.1667 0 819.5
v  -776.5 0 821.1667
v  -775.3333 0 822
v  -773.3333 0 824.1667
v  -770.8333 0 828.3334
v  -770.8333 0 828.3334
v  -768 0 831.8334
v  -768 0 832.1667
v  -773.3333 0 824.1667
v  -772.8333 0 824.3334
v  -770.8333 0 828.3334
v  -801 0 824.6667
v  -794 0 821.5
v  -776.5 0 821.1667
v  -768 0 832.1667
v  -768 0 853.3334
v  -810.6667 0 853.3334
v  -810.6667 0 821.3334
v  -808.1667 0 821
v  -801 0 824.6667
v  -810.6667 0 853.3334
v  -794 0 821.5
v  -788.5 0 820
v  -783.1667 0 819.5
v  -776.5 0 821.1667
v  -776.5 0 821.1667
v  -770.8333 0 828.3334
v  -768 0 832.1667
v  -836.6667 0 820.8334
v  -838.8334 0 822.6667
v  -839.5 0 822.6667
v  -841.3334 0 820
v  -843.8334 0 818.3334
v  -848.5 0 817.1667
v  -853.3334 0 810.6667
v  -810.6667 0 810.6667
v  -826.1667 0 818.8334
v  -832.5 0 819.3334
v  -848.5 0 817.1667
v  -853.3334 0 815
v  -853.3334 0 814.8334
v  -836.6667 0 820.8334
v  -841.3334 0 820
v  -843.8334 0 818.3334
v  -832.5 0 819.3334
v  -848.5 0 817.1667
v  -853.3334 0 814.8334
v  -853.3334 0 810.6667
v  -810.6667 0 810.6667
v  -824.8334 0 818.8334
v  -826.1667 0 818.8334
v  -810.6667 0 810.6667
v  -810.6667 0 821.3334
v  -813.5 0 821.8334
v  -824.8334 0 818.8334
v  -843.8334 0 818.3334
v  -841.3334 0 820
v  -839.5 0 822.6667
v  -848.5 0 817.1667
v  -838.8334 0 822.6667
v  -836.6667 0 820.8334
v  -832.5 0 819.3334
v  -832.5 0 819.3334
v  -826.1667 0 818.8334
v  -824.8334 0 818.8334
v  -813.5 0 821.8334
v  -810.6667 0 821.3334
v  -810.6667 0 853.3334
v  -838.8334 0 822.6667
v  -832.5 0 819.3334
v  -824.8334 0 818.8334
v  -813.5 0 821.8334
v  -810.6667 0 853.3334
v  -853.3334 0 853.3334
v  -853.3334 0 815
v  -848.5 0 817.1667
v  -839.5 0 822.6667
v  -853.3334 0 853.3334
v  -853.3334 0 853.3334
v  -839.5 0 822.6667
v  -838.8334 0 822.6667
v  -858.1667 0 811.8334
v  -862.0001 0 811.1667
v  -862.3334 0 810.6667
v  -853.3334 0 810.6667
v  -853.3334 0 814.8334
v  -858.1667 0 811.8334
v  -853.3334 0 810.6667
v  -858.1667 0 811.8334
v  -853.3334 0 814.8334
v  -853.3334 0 815
v  -869.3334 0 810.6667
v  -862.3334 0 810.6667
v  -862.0001 0 811.1667
v  -862.0001 0 811.1667
v  -858.1667 0 811.8334
v  -853.3334 0 815
v  -853.3334 0 853.3334
v  -869.3334 0 853.3334
v  -869.3334 0 810.6667
v  -42.66667 0 869.5001
v  -42.66667 0 853.3334
v  -30.5 0 853.3334
v  -30.5 0 869.5001
v  -42.66667 0 869.5001
v  -85.33334 0 869.5001
v  -85.33334 0 853.3334
v  -42.66667 0 853.3334
v  -102 0 865.0001
v  -101.8333 0 864.5001
v  -101.1667 0 864.1667
v  -96.83334 0 862.6667
v  -85.33334 0 869.5001
v  -96 0 855.8334
v  -95.33334 0 853.3334
v  -95.16667 0 853.3334
v  -128 0 853.3334
v  -126.1667 0 853.3334
v  -125.1667 0 855.1667
v  -125 0 857.0001
v  -128 0 869.5001
v  -116.5 0 859.8334
v  -107 0 863.5001
v  -103.6667 0 864.8334
v  -128 0 869.5001
v  -125 0 857.0001
v  -111.1667 0 860.6667
v  -109.1667 0 861.5001
v  -107 0 863.5001
v  -116.5 0 859.8334
v  -103.6667 0 864.8334
v  -102 0 865.0001
v  -85.33334 0 869.5001
v  -128 0 869.5001
v  -96.83334 0 862.6667
v  -96 0 855.8334
v  -95.16667 0 853.3334
v  -85.33334 0 853.3334
v  -85.33334 0 869.5001
v  -101.8333 0 864.5001
v  -102 0 865.0001
v  -103.6667 0 864.8334
v  -101.1667 0 864.1667
v  -101.8333 0 864.5001
v  -103.6667 0 864.8334
v  -107 0 863.5001
v  -109.1667 0 861.5001
v  -101.1667 0 864.1667
v  -109.1667 0 861.5001
v  -111.1667 0 860.6667
v  -126.1667 0 853.3334
v  -95.33334 0 853.3334
v  -96 0 855.8334
v  -116.5 0 859.8334
v  -125.1667 0 855.1667
v  -126.1667 0 853.3334
v  -111.1667 0 860.6667
v  -96 0 855.8334
v  -96.83334 0 862.6667
v  -101.1667 0 864.1667
v  -116.5 0 859.8334
v  -125 0 857.0001
v  -125.1667 0 855.1667
v  -128 0 869.5001
v  -170.6667 0 869.5001
v  -170.6667 0 853.3334
v  -128 0 853.3334
v  -170.6667 0 869.5001
v  -213.3333 0 869.5001
v  -213.3333 0 853.3334
v  -170.6667 0 853.3334
v  -213.3333 0 869.5001
v  -256 0 869.5001
v  -256 0 853.3334
v  -213.3333 0 853.3334
v  -256 0 869.5001
v  -298.6667 0 869.5001
v  -298.6667 0 853.3334
v  -256 0 853.3334
v  -298.6667 0 869.5001
v  -341.3333 0 869.5001
v  -341.3333 0 853.3334
v  -298.6667 0 853.3334
v  -341.3333 0 869.5001
v  -384 0 869.5001
v  -384 0 853.3334
v  -341.3333 0 853.3334
v  -384 0 869.5001
v  -426.6667 0 869.5001
v  -426.6667 0 853.3334
v  -384 0 853.3334
v  -426.6667 0 869.5001
v  -469.3333 0 869.5001
v  -469.3333 0 853.3334
v  -426.6667 0 853.3334
v  -469.3333 0 869.5001
v  -512 0 869.5001
v  -512 0 853.3334
v  -469.3333 0 853.3334
v  -512 0 869.5001
v  -554.6667 0 869.5001
v  -554.6667 0 853.3334
v  -512 0 853.3334
v  -554.6667 0 869.5001
v  -597.3334 0 869.5001
v  -597.3334 0 853.3334
v  -554.6667 0 853.3334
v  -597.3334 0 869.5001
v  -640.0001 0 869.5001
v  -640.0001 0 853.3334
v  -597.3334 0 853.3334
v  -640 0 869.5001
v  -682.6667 0 869.5001
v  -682.6667 0 853.3334
v  -640 0 853.3334
v  -682.6667 0 869.5001
v  -725.3334 0 869.5001
v  -725.3334 0 853.3334
v  -682.6667 0 853.3334
v  -725.3334 0 869.5001
v  -768.0001 0 869.5001
v  -768.0001 0 853.3334
v  -725.3334 0 853.3334
v  -768 0 869.5001
v  -810.6667 0 869.5001
v  -810.6667 0 853.3334
v  -768 0 853.3334
v  -810.6667 0 869.5001
v  -853.3334 0 869.5001
v  -853.3334 0 853.3334
v  -810.6667 0 853.3334
v  -853.3334 0 869.5001
v  -869.3334 0 869.5001
v  -869.3334 0 853.3334
v  -853.3334 0 853.3334
g navmesh
f 1 3 2
f 1 4 3
f 5 7 6
f 5 8 7
f 9 11 10
f 9 12 11
f 13 15 14
f 13 16 15
f 17 19 18
f 17 20 19
f 21 23 22
f 21 24 23
f 25 27 26
f 25 28 27
f 29 31 30
f 29 32 31
f 33 35 34
f 33 36 35
f 37 39 38
f 37 40 39
f 41 43 42
f 41 44 43
f 45 47 46
f 45 48 47
f 49 51 50
f 49 52 51
f 53 55 54
f 53 56 55
f 57 59 58
f 57 60 59
f 61 63 62
f 61 64 63
f 65 67 66
f 65 68 67
f 69 71 70
f 72 74 73
f 75 77 76
f 75 78 77
f 79 81 80
f 82 84 83
f 85 87 86
f 85 88 87
f 89 91 90
f 92 94 93
f 95 97 96
f 95 98 97
f 95 99 98
f 105 107 106
f 105 108 107
f 109 111 110
f 109 112 111
f 113 115 114
f 116 118 117
f 116 119 118
f 120 122 121
f 120 123 122
f 124 126 125
f 124 127 126
f 131 133 132
f 134 136 135
f 137 139 138
f 140 142 141
f 143 145 144
f 143 146 145
f 143 147 146
f 156 158 157
f 159 161 160
f 159 162 161
f 159 163 162
f 159 164 163
f 165 167 166
f 165 168 167
f 165 169 168
f 165 170 169
f 171 173 172
f 174 176 175
f 174 177 176
f 174 178 177
f 179 181 180
f 213 215 214
f 216 218 217
f 219 221 220
f 219 222 221
f 219 223 222
f 219 224 223
f 225 227 226
f 225 228 227
f 229 231 230
f 229 232 231
f 229 233 232
f 234 236 235
f 237 239 238
f 237 240 239
f 237 241 240
f 271 273 272
f 271 274 273
f 275 277 276
f 275 278 277
f 279 281 280
f 282 284 283
f 285 287 286
f 285 288 287
f 285 289 288
f 285 290 289
f 291 293 292
f 320 322 321
f 320 323 322
f 324 326 325
f 324 327 326
f 328 330 329
f 328 331 330
f 328 332 331
f 333 335 334
f 333 336 335
f 333 337 336
f 338 340 339
f 364 366 365
f 367 369 368
f 370 372 371
f 373 375 374
f 376 378 377
f 379 381 380
f 379 382 381
f 379 383 382
f 379 384 383
f 385 387 386
f 385 388 387
f 385 389 388
f 385 390 389
f 391 393 392
f 394 396 395
f 431 433 432
f 431 434 433
f 431 435 434
f 431 436 435
f 437 439 438
f 437 440 439
f 441 443 442
f 444 446 445
f 444 447 446
f 448 450 449
f 448 451 450
f 448 452 451
f 453 455 454
f 453 456 455
f 453 457 456
f 453 458 457
f 494 496 495
f 497 499 498
f 497 500 499
f 497 501 500
f 497 502 501
f 503 505 504
f 506 508 507
f 509 511 510
f 509 512 511
f 513 515 514
f 513 516 515
f 513 517 516
f 544 546 545
f 544 547 546
f 548 550 549
f 551 553 552
f 554 556 555
f 557 559 558
f 557 560 559
f 561 563 562
f 561 564 563
f 561 565 564
f 561 566 565
f 567 569 568
f 594 596 595
f 597 599 598
f 597 600 599
f 597 601 600
f 597 602 601
f 603 605 604
f 603 606 605
f 603 607 606
f 608 610 609
f 611 613 612
f 614 616 615
f 614 617 616
f 614 618 617
f 647 649 648
f 647 650 649
f 651 653 652
f 651 654 653
f 655 657 656
f 655 658 657
f 659 661 660
f 662 664 663
f 665 667 666
f 668 670 669
f 671 673 672
f 671 674 673
f 671 675 674
f 671 676 675
f 677 679 678
f 680 682 681
f 680 683 682
f 680 684 683
f 680 685 684
f 686 688 687
f 728 730 729
f 731 733 732
f 731 734 733
f 731 735 734
f 731 736 735
f 737 739 738
f 740 742 741
f 743 745 744
f 743 746 745
f 743 747 746
f 748 750 749
f 751 753 752
f 777 779 778
f 777 780 779
f 777 781 780
f 777 782 781
f 783 785 784
f 783 786 785
f 787 789 788
f 787 790 789
f 787 791 790
f 792 794 793
f 795 797 796
f 795 798 797
f 795 799 798
f 795 800 799
f 834 836 835
f 834 837 836
f 834 838 837
f 834 839 838
f 840 842 841
f 843 845 844
f 846 848 847
f 846 849 848
f 846 850 849
f 846 851 850
f 874 876 875
f 874 877 876
f 878 880 879
f 878 881 880
f 882 884 883
f 885 887 886
f 885 888 887
f 885 889 888
f 885 890 889
f 891 893 892
f 894 896 895
f 894 897 896
f 894 898 897
f 899 901 900
f 902 904 903
f 902 905 904
f 937 939 938
f 937 940 939
f 941 943 942
f 944 946 945
f 947 949 948
f 947 950 949
f 951 953 952
f 951 954 953
f 955 957 956
f 955 958 957
f 955 959 958
f 955 960 959
f 986 988 987
f 986 989 988
f 990 992 991
f 990 993 992
f 994 996 995
f 997 999 998
f 997 1000 999
f 997 1001 1000
f 997 1002 1001
f 1003 1005 1004
f 1006 1008 1007
f 1006 1009 1008
f 1006 1010 1009
f 1006 1011 1010
f 1051 1053 1052
f 1051 1054 1053
f 1051 1055 1054
f 1056 1058 1057
f 1056 1059 1058
f 1060 1062 1061
f 1060 1063 1062
f 1064 1066 1065
f 1064 1067 1066
f 1096 1098 1097
f 1096 1099 1098
f 1096 1100 1099
f 1096 1101 1100
f 1102 1104 1103
f 1105 1107 1106
f 1105 1108 1107
f 1109 1111 1110
f 1109 1112 1111
f 1113 1115 1114
f 1116 1118 1117
f 1116 1119 1118
f 1116 1120 1119
f 1121 1123 1122
f 1124 1126 1125
f 1124 1127 1126
f 1124 1128 1127
f 1124 1129 1128
f 1154 1156 1155
f 1154 1157 1156
f 1158 1160 1159
f 1161 1163 1162
f 1161 1164 1163
f 1194 1196 1195
f 1194 1197 1196
f 1198 1200 1199
f 1198 1201 1200
f 1202 1204 1203
f 1202 1205 1204
f 1202 1206 1205
f 1207 1209 1208
f 1207 1210 1209
f 1207 1211 1210
f 1207 1212 1211
f 1320 1322 1321
f 1320 1323 1322
f 1324 1326 1325
f 1324 1327 1326
f 1328 1330 1329
f 1328 1331 1330
f 1328 1332 1331
f 1328 1333 1332
f 1334 1336 1335
f 1337 1339 1338
f 1340 1342 1341
f 1340 1343 1342
f 1344 1346 1345
f 1347 1349 1348
f 1350 1352 1351
f 1353 1355 1354
f 1353 1356 1355
f 1353 1357 1356
f 1358 1360 1359
f 1358 1361 1360
f 1358 1362 1361
f 1363 1365 1364
f 1408 1410 1409
f 1411 1413 1412
f 1414 1416 1415
f 1417 1419 1418
f 1417 1420 1419
f 1417 1421 1420
f 1417 1422 1421
f 1423 1425 1424
f 1423 1426 1425
f 1532 1534 1533
f 1535 1537 1536
f 1535 1538 1537
f 1535 1539 1538
f 1540 1542 1541
f 1540 1543 1542
f 1540 1544 1543
f 1540 1545 1544
f 1546 1548 1547
f 1546 1549 1548
f 1550 1552 1551
f 1553 1555 1554
f 1556 1558 1557
f 1556 1559 1558
f 1556 1560 1559
f 1561 1563 1562
f 1561 1564 1563
f 1561 1565 1564
f 1566 1568 1567
f 1569 1571 1570
f 1572 1574 1573
f 1572 1575 1574
f 1576 1578 1577
f 1576 1579 1578
f 1580 1582 1581
f 1580 1583 1582
f 1584 1586 1585
f 1587 1589 1588
f 1587 1590 1589
f 1591 1593 1592
f 1594 1596 1595
f 1597 1599 1598
f 1597 1600 1599
f 1597 1601 1600
f 1597 1602 1601
f 1603 1605 1604
f 1694 1696 1695
f 1694 1697 1696
f 1698 1700 1699
f 1698 1701 1700
f 1702 1704 1703
f 1702 1705 1704
f 1702 1706 1705
f 1702 1707 1706
f 1708 1710 1709
f 1708 1711 1710
f 1708 1712 1711
f 1713 1715 1714
f 1713 1716 1715
f 1713 1717 1716
f 1718 1720 1719
f 1718 1721 1720
f 1718 1722 1721
f 1723 1725 1724
f 1726 1728 1727
f 1726 1729 1728
f 1730 1732 1731
f 1730 1733 1732
f 1734 1736 1735
f 1734 1737 1736
f 1738 1740 1739
f 1741 1743 1742
f 1741 1744 1743
f 1741 1745 1744
f 1741 1746 1745
f 1747 1749 1748
f 1750 1752 1751
f 1750 1753 1752
f 1754 1756 1755
f 1754 1757 1756
f 1758 1760 1759
f 1761 1763 1762
f 1761 1764 1763
f 1761 1765 1764
f 1766 1768 1767
f 1769 1771 1770
f 1772 1774 1773
f 1775 1777 1776
f 1778 1780 1779
f 1778 1781 1780
f 1782 1784 1783
f 1785 1787 1786
f 1785 1788 1787
f 1785 1789 1788
f 1785 1790 1789
f 1825 1827 1826
f 1825 1828 1827
f 1825 1829 1828
f 1830 1832 1831
f 1833 1835 1834
f 1833 1836 1835
f 1833 1837 1836
f 1833 1838 1837
f 1839 1841 1840
f 1868 1870 1869
f 1871 1873 1872
f 1874 1876 1875
f 1874 1877 1876
f 1878 1880 1879
f 1878 1881 1880
f 1878 1882 1881
f 1878 1883 1882
f 1941 1943 1942
f 1941 1944 1943
f 1945 1947 1946
f 1948 1950 1949
f 1948 1951 1950
f 1948 1952 1951
f 1953 1955 1954
f 1953 1956 1955
f 1953 1957 1956
f 1958 1960 1959
f 1958 1961 1960
f 1958 1962 1961
f 1963 1965 1964
f 1963 1966 1965
f 1967 1969 1968
f 1967 1970 1969
f 1971 1973 1972
f 1971 1974 1973
f 1975 1977 1976
f 1975 1978 1977
f 1975 1979 1978
f 1975 1980 1979
f 1981 1983 1982
f 1984 1986 1985
f 1987 1989 1988
f 1987 1990 1989
f 1991 1993 1992
f 1991 1994 1993
f 1995 1997 1996
f 1995 1998 1997
f 1995 1999 1998
f 1995 2000 1999
f 2063 2065 2064
f 2066 2068 2067
f 2066 2069 2068
f 2066 2070 2069
f 2071 2073 2072
f 2071 2074 2073
f 2071 2075 2074
f 2071 2076 2075
f 2077 2079 2078
f 2077 2080 2079
f 2077 2081 2080
f 2082 2084 2083
f 2148 2150 2149
f 2151 2153 2152
f 2154 2156 2155
f 2154 2157 2156
f 2154 2158 2157
f 2154 2159 2158
f 2160 2162 2161
f 2163 2165 2164
f 2163 2166 2165
f 2163 2167 2166
f 2163 2168 2167
f 2169 2171 2170
f 2169 2172 2171
f 2173 2175 2174
f 2176 2178 2177
f 2179 2181 2180
f 2179 2182 2181
f 2179 2183 2182
f 2184 2186 2185
f 2187 2189 2188
f 2187 2190 2189
f 2187 2191 2190
f 2187 2192 2191
f 2193 2195 2194
f 2196 2198 2197
f 2196 2199 2198
f 2200 2202 2201
f 2200 2203 2202
f 2200 2204 2203
f 2205 2207 2206
f 2205 2208 2207
f 2205 2209 2208
f 2210 2212 2211
f 2210 2213 2212
f 2214 2216 2215
f 2214 2217 2216
f 2218 2220 2219
f 2218 2221 2220
f 2222 2224 2223
f 2225 2227 2226
f 2225 2228 2227
f 2229 2231 2230
f 2229 2232 2231
f 2233 2235 2234
f 2236 2238 2237
f 2239 2241 2240
f 2242 2244 2243
f 2242 2245 2244
f 2242 2246 2245
f 2242 2247 2246
f 2291 2293 2292
f 2294 2296 2295
f 2294 2297 2296
f 2294 2298 2297
f 2299 2301 2300
f 2299 2302 2301
f 2303 2305 2304
f 2306 2308 2307
f 2309 2311 2310
f 2309 2312 2311
f 2309 2313 2312
f 2314 2316 2315
f 2317 2319 2318
f 2317 2320 2319
f 2321 2323 2322
f 2321 2324 2323
f 2325 2327 2326
f 2325 2328 2327
f 2325 2329 2328
f 2325 2330 2329
f 2331 2333 2332
f 2331 2334 2333
f 2335 2337 2336
f 2338 2340 2339
f 2341 2343 2342
f 2344 2346 2345
f 2347 2349 2348
f 2350 2352 2351
f 2350 2353 2352
f 2350 2354 2353
f 2350 2355 2354
f 2385 2387 2386
f 2388 2390 2389
f 2388 2391 2390
f 2388 2392 2391
f 2388 2393 2392
f 2394 2396 2395
f 2394 2397 2396
f 2398 2400 2399
f 2398 2401 2400
f 2398 2402 2401
f 2458 2460 2459
f 2458 2461 2460
f 2458 2462 2461
f 2463 2465 2464
f 2466 2468 2467
f 2469 2471 2470
f 2469 2472 2471
f 2469 2473 2472
f 2469 2474 2473
f 2475 2477 2476
f 2475 2478 2477
f 2475 2479 2478
f 2475 2480 2479
f 2481 2483 2482
f 2481 2484 2483
f 2481 2485 2484
f 2486 2488 2487
f 2486 2489 2488
f 2490 2492 2491
f 2490 2493 2492
f 2494 2496 2495
f 2497 2499 2498
f 2497 2500 2499
f 2501 2503 2502
f 2504 2506 2505
f 2504 2507 2506
f 2531 2533 2532
f 2531 2534 2533
f 2531 2535 2534
f 2531 2536 2535
f 2537 2539 2538
f 2537 2540 2539
f 2576 2578 2577
f 2576 2579 2578
f 2580 2582 2581
f 2580 2583 2582
f 2584 2586 2585
f 2584 2587 2586
f 2584 2588 2587
f 2584 2589 2588
f 2590 2592 2591
f 2590 2593 2592
f 2590 2594 2593
f 2617 2619 2618
f 2620 2622 2621
f 2620 2623 2622
f 2624 2626 2625
f 2624 2627 2626
f 2628 2630 2629
f 2628 2631 2630
f 2628 2632 2631
f 2628 2633 2632
f 2634 2636 2635
f 2634 2637 2636
f 2652 2654 2653
f 2652 2655 2654
f 2652 2656 2655
f 2696 2698 2697
f 2696 2699 2698
f 2696 2700 2699
f 2696 2701 2700
f 2702 2704 2703
f 2705 2707 2706
f 2705 2708 2707
f 2709 2711 2710
f 2712 2714 2713
f 2715 2717 2716
f 2715 2718 2717
f 2715 2719 2718
f 2720 2722 2721
f 2720 2723 2722
f 2724 2726 2725
f 2724 2727 2726
f 2728 2730 2729
f 2728 2731 2730
f 2728 2732 2731
f 2733 2735 2734
f 2733 2736 2735
f 2737 2739 2738
f 2740 2742 2741
f 2740 2743 2742
f 2740 2744 2743
f 2740 2745 2744
f 2805 2807 2806
f 2805 2808 2807
f 2809 2811 2810
f 2809 2812 2811
f 2813 2815 2814
f 2813 2816 2815
f 2813 2817 2816
f 2813 2818 2817
f 2854 2856 2855
f 2854 2857 2856
f 2854 2858 2857
f 2859 2861 2860
f 2862 2864 2863
f 2865 2867 2866
f 2868 2870 2869
f 2871 2873 2872
f 2874 2876 2875
f 2877 2879 2878
f 2877 2880 2879
f 2877 2881 2880
f 2877 2882 2881
f 2883 2885 2884
f 2883 2886 2885
f 2883 2887 2886
f 2883 2888 2887
f 2889 2891 2890
f 2889 2892 2891
f 2889 2893 2892
f 2889 2894 2893
f 2895 2897 2896
f 2916 2918 2917
f 2916 2919 2918
f 3009 3011 3010
f 3012 3014 3013
f 3012 3015 3014
f 3016 3018 3017
f 3019 3021 3020
f 3019 3022 3021
f 3019 3023 3022
f 3024 3026 3025
f 3027 3029 3028
f 3027 3030 3029
f 3027 3031 3030
f 3032 3034 3033
f 3032 3035 3034
f 3036 3038 3037
f 3036 3039 3038
f 3036 3040 3039
f 3041 3043 3042
f 3041 3044 3043
f 3045 3047 3046
f 3045 3048 3047
f 3049 3051 3050
f 3049 3052 3051
f 3053 3055 3054
f 3053 3056 3055
f 3053 3057 3056
f 3053 3058 3057
f 3059 3061 3060
f 3062 3064 3063
f 3062 3065 3064
f 3062 3066 3065
f 3062 3067 3066
f 3068 3070 3069
f 3068 3071 3070
f 3072 3074 3073
f 3075 3077 3076
f 3075 3078 3077
f 3075 3079 3078
f 3080 3082 3081
f 3083 3085 3084
f 3083 3086 3085
f 3087 3089 3088
f 3087 3090 3089
f 3091 3093 3092
f 3091 3094 3093
f 3091 3095 3094
f 3091 3096 3095
f 3097 3099 3098
f 3097 3100 3099
f 3097 3101 3100
f 3102 3104 3103
f 3105 3107 3106
f 3105 3108 3107
f 3105 3109 3108
f 3105 3110 3109
f 3111 3113 3112
f 3143 3145 3144
f 3143 3146 3145
f 3147 3149 3148
f 3150 3152 3151
f 3150 3153 3152
f 3150 3154 3153
f 3150 3155 3154
f 3156 3158 3157
f 3156 3159 3158
f 3160 3162 3161
f 3163 3165 3164
f 3163 3166 3165
f 3167 3169 3168
f 3167 3170 3169
f 3171 3173 3172
f 3174 3176 3175
f 3177 3179 3178
f 3180 3182 3181
f 3183 3185 3184
f 3183 3186 3185
f 3183 3187 3186
f 3183 3188 3187
f 3189 3191 3190
f 3189 3192 3191
f 3189 3193 3192
f 3189 3194 3193
f 3195 3197 3196
f 3198 3200 3199
f 3198 3201 3200
f 3198 3202 3201
f 3203 3205 3204
f 3206 3208 3207
f 3206 3209 3208
f 3206 3210 3209
f 3206 3211 3210
f 3254 3256 3255
f 3254 3257 3256
f 3254 3258 3257
f 3254 3259 3258
f 3260 3262 3261
f 3293 3295 3294
f 3293 3296 3295
f 3293 3297 3296
f 3298 3300 3299
f 3298 3301 3300
f 3302 3304 3303
f 3305 3307 3306
f 3305 3308 3307
f 3305 3309 3308
f 3305 3310 3309
f 3311 3313 3312
f 3311 3314 3313
f 3311 3315 3314
f 3311 3316 3315
f 3364 3366 3365
f 3364 3367 3366
f 3398 3400 3399
f 3401 3403 3402
f 3401 3404 3403
f 3405 3407 3406
f 3408 3410 3409
f 3411 3413 3412
f 3411 3414 3413
f 3411 3415 3414
f 3411 3416 3415
f 3417 3419 3418
f 3420 3422 3421
f 3423 3425 3424
f 3426 3428 3427
f 3429 3431 3430
f 3432 3434 3433
f 3435 3437 3436
f 3435 3438 3437
f 3435 3439 3438
f 3435 3440 3439
f 3444 3446 3445
f 3444 3447 3446
f 3448 3450 3449
f 3488 3490 3489
f 3491 3493 3492
f 3494 3496 3495
f 3494 3497 3496
f 3498 3500 3499
f 3498 3501 3500
f 3502 3504 3503
f 3502 3505 3504
f 3506 3508 3507
f 3509 3511 3510
f 3512 3514 3513
f 3515 3517 3516
f 3515 3518 3517
f 3519 3521 3520
f 3522 3524 3523
f 3525 3527 3526
f 3525 3528 3527
f 3525 3529 3528
f 3537 3539 3538
f 3540 3542 3541
f 3543 3545 3544
f 3546 3548 3547
f 3546 3549 3548
f 3546 3550 3549
f 3551 3553 3552
f 3551 3554 3553
f 3551 3555 3554
f 3551 3556 3555
f 3557 3559 3558
f 3557 3560 3559
f 3557 3561 3560
f 3562 3564 3563
f 3565 3567 3566
f 3568 3570 3569
f 3568 3571 3570
f 3568 3572 3571
f 3573 3575 3574
f 3573 3576 3575
f 3573 3577 3576
f 3578 3580 3579
f 3581 3583 3582
f 3584 3586 3585
f 3658 3660 3659
f 3658 3661 3660
f 3658 3662 3661
f 3658 3663 3662
f 3664 3666 3665
f 3664 3667 3666
f 3668 3670 3669
f 3668 3671 3670
f 3668 3672 3671
f 3668 3673 3672
f 3674 3676 3675
f 3677 3679 3678
f 3677 3680 3679
f 3681 3683 3682
f 3681 3684 3683
f 3685 3687 3686
f 3685 3688 3687
f 3685 3689 3688
f 3690 3692 3691
f 3693 3695 3694
f 3696 3698 3697
f 3696 3699 3698
f 3700 3702 3701
f 3700 3703 3702
f 3700 3704 3703
f 3700 3705 3704
f 3706 3708 3707
f 3706 3709 3708
f 3706 3710 3709
f 3706 3711 3710
f 3829 3831 3830
f 3832 3834 3833
f 3832 3835 3834
f 3832 3836 3835
f 3837 3839 3838
f 3837 3840 3839
f 3841 3843 3842
f 3841 3844 3843
f 3845 3847 3846
f 3848 3850 3849
f 3848 3851 3850
f 3848 3852 3851
f 3848 3853 3852
f 3854 3856 3855
f 3857 3859 3858
f 3857 3860 3859
f 3861 3863 3862
f 3861 3864 3863
f 3865 3867 3866
f 3865 3868 3867
f 3869 3871 3870
f 3869 3872 3871
f 3869 3873 3872
f 3869 3874 3873
f 3875 3877 3876
f 3875 3878 3877
f 3875 3879 3878
f 3880 3882 3881
f 3880 3883 3882
f 3880 3884 3883
f 3880 3885 3884
f 3886 3888 3887
f 3889 3891 3890
f 3892 3894 3893
f 3895 3897 3896
f 3898 3900 3899
f 3901 3903 3902
f 3904 3906 3905
f 3904 3907 3906
f 3935 3937 3936
f 3935 3938 3937
f 3939 3941 3940
f 3942 3944 3943
f 3942 3945 3944
f 3946 3948 3947
f 3946 3949 3948
f 3950 3952 3951
f 3993 3995 3994
f 3996 3998 3997
f 3996 3999 3998
f 3996 4000 3999
f 3996 4001 4000
f 4037 4039 4038
f 4037 4040 4039
f 4037 4041 4040
f 4037 4042 4041
f 4043 4045 4044
f 4043 4046 4045
f 4047 4049 4048
f 4050 4052 4051
f 4053 4055 4054
f 4053 4056 4055
f 4053 4057 4056
f 4053 4058 4057
f 4108 4110 4109
f 4111 4113 4112
f 4114 4116 4115
f 4114 4117 4116
f 4118 4120 4119
f 4118 4121 4120
f 4118 4122 4121
f 4118 4123 4122
f 4124 4126 4125
f 4124 4127 4126
f 4128 4130 4129
f 4128 4131 4130
f 4128 4132 4131
f 4133 4135 4134
f 4197 4199 4198
f 4197 4200 4199
f 4197 4201 4200
f 4197 4202 4201
f 4203 4205 4204
f 4206 4208 4207
f 4209 4211 4210
f 4212 4214 4213
f 4212 4215 4214
f 4212 4216 4215
f 4212 4217 4216
f 4218 4220 4219
f 4218 4221 4220
f 4218 4222 4221
f 4223 4225 4224
f 4223 4226 4225
f 4223 4227 4226
f 4228 4230 4229
f 4228 4231 4230
f 4232 4234 4233
f 4235 4237 4236
f 4235 4238 4237
f 4239 4241 4240
f 4239 4242 4241
f 4239 4243 4242
f 4239 4244 4243
f 4245 4247 4246
f 4248 4250 4249
f 4248 4251 4250
f 4248 4252 4251
f 4253 4255 4254
f 4253 4256 4255
f 4253 4257 4256
f 4253 4258 4257
f 4259 4261 4260
f 4259 4262 4261
f 4259 4263 4262
f 4259 4264 4263
f 4265 4267 4266
f 4268 4270 4269
f 4271 4273 4272
f 4271 4274 4273
f 4271 4275 4274
f 4271 4276 4275
f 4324 4326 4325
f 4324 4327 4326
f 4328 4330 4329
f 4328 4331 4330
f 4332 4334 4333
f 4361 4363 4362
f 4361 4364 4363
f 4365 4367 4366
f 4365 4368 4367
f 4365 4369 4368
f 4365 4370 4369
f 4371 4373 4372
f 4371 4374 4373
f 4375 4377 4376
f 4375 4378 4377
f 4379 4381 4380
f 4379 4382 4381
f 4379 4383 4382
f 4384 4386 4385
f 4384 4387 4386
f 4388 4390 4389
f 4391 4393 4392
f 4391 4394 4393
f 4391 4395 4394
f 4396 4398 4397
f 4452 4454 4453
f 4452 4455 4454
f 4456 4458 4457
f 4456 4459 4458
f 4456 4460 4459
f 4456 4461 4460
f 4462 4464 4463
f 4462 4465 4464
f 4466 4468 4467
f 4469 4471 4470
f 4469 4472 4471
f 4469 4473 4472
f 4469 4474 4473
f 4506 4508 4507
f 4506 4509 4508
f 4506 4510 4509
f 4545 4547 4546
f 4548 4550 4549
f 4548 4551 4550
f 4548 4552 4551
f 4553 4555 4554
f 4553 4556 4555
f 4553 4557 4556
f 4558 4560 4559
f 4558 4561 4560
f 4558 4562 4561
f 4558 4563 4562
f 4578 4580 4579
f 4578 4581 4580
f 4578 4582 4581
f 4612 4614 4613
f 4612 4615 4614
f 4612 4616 4615
f 4612 4617 4616
f 4670 4672 4671
f 4670 4673 4672
f 4670 4674 4673
f 4675 4677 4676
f 4675 4678 4677
f 4675 4679 4678
f 4680 4682 4681
f 4680 4683 4682
f 4684 4686 4685
f 4684 4687 4686
f 4684 4688 4687
f 4684 4689 4688
f 4690 4692 4691
f 4690 4693 4692
f 4690 4694 4693
f 4690 4695 4694
f 4696 4698 4697
f 4696 4699 4698
f 4700 4702 4701
f 4703 4705 4704
f 4703 4706 4705
f 4707 4709 4708
f 4710 4712 4711
f 4713 4715 4714
f 4716 4718 4717
f 4719 4721 4720
f 4719 4722 4721
f 4719 4723 4722
f 4724 4726 4725
f 4724 4727 4726
f 4724 4728 4727
f 4724 4729 4728
f 4730 4732 4731
f 4733 4735 4734
f 4736 4738 4737
f 4736 4739 4738
f 4736 4740 4739
f 4767 4769 4768
f 4812 4814 4813
f 4815 4817 4816
f 4815 4818 4817
f 4819 4821 4820
f 4819 4822 4821
f 4823 4825 4824
f 4823 4826 4825
f 4827 4829 4828
f 4830 4832 4831
f 4830 4833 4832
f 4830 4834 4833
f 4830 4835 4834
f 4836 4838 4837
f 4836 4839 4838
f 4840 4842 4841
f 4840 4843 4842
f 4844 4846 4845
f 4844 4847 4846
f 4844 4848 4847
f 4844 4849 4848
f 4850 4852 4851
f 4850 4853 4852
f 4854 4856 4855
f 4854 4857 4856
f 4854 4858 4857
f 4854 4859 4858
f 4860 4862 4861
f 4860 4863 4862
f 4864 4866 4865
f 4867 4869 4868
f 4870 4872 4871
f 4870 4873 4872
f 4942 4944 4943
f 4945 4947 4946
f 4948 4950 4949
f 4948 4951 4950
f 4948 4952 4951
f 4948 4953 4952
f 4957 4959 4958
f 4957 4960 4959
f 4961 4963 4962
f 4964 4966 4965
f 4967 4969 4968
f 4970 4972 4971
f 4973 4975 4974
f 4976 4978 4977
f 4979 4981 4980
f 4982 4984 4983
f 4982 4985 4984
f 4986 4988 4987
f 4986 4989 4988
f 4986 4990 4989
f 4986 4991 4990
f 4992 4994 4993
f 4992 4995 4994
f 4992 4996 4995
f 4992 4997 4996
f 4998 5000 4999
f 4998 5001 5000
f 4998 5002 5001
f 4998 5003 5002
f 5004 5006 5005
f 5004 5007 5006
f 5004 5008 5007
f 5004 5009 5008
f 5010 5012 5011
f 5154 5156 5155
f 5154 5157 5156
f 5154 5158 5157
f 5154 5159 5158
f 5160 5162 5161
f 5163 5165 5164
f 5163 5166 5165
f 5167 5169 5168
f 5167 5170 5169
f 5167 5171 5170
f 5172 5174 5173
f 5175 5177 5176
f 5178 5180 5179
f 5181 5183 5182
f 5181 5184 5183
f 5181 5185 5184
f 5181 5186 5185
f 5187 5189 5188
f 5190 5192 5191
f 5190 5193 5192
f 5190 5194 5193
f 5190 5195 5194
f 5196 5198 5197
f 5196 5199 5198
f 5196 5200 5199
f 5196 5201 5200
f 5202 5204 5203
f 5202 5205 5204
f 5206 5208 5207
f 5206 5209 5208
f 5206 5210 5209
f 5248 5250 5249
f 5248 5251 5250
f 5248 5252 5251
f 5253 5255 5254
f 5253 5256 5255
f 5257 5259 5258
f 5257 5260 5259
f 5261 5263 5262
f 5261 5264 5263
f 5316 5318 5317
f 5316 5319 5318
f 5320 5322 5321
f 5323 5325 5324
f 5323 5326 5325
f 5327 5329 5328
f 5327 5330 5329
f 5331 5333 5332
f 5334 5336 5335
f 5334 5337 5336
f 5334 5338 5337
f 5334 5339 5338
f 5340 5342 5341
f 5340 5343 5342
f 5344 5346 5345
f 5344 5347 5346
f 5348 5350 5349
f 5351 5353 5352
f 5351 5354 5353
f 5355 5357 5356
f 5358 5360 5359
f 5358 5361 5360
f 5358 5362 5361
f 5358 5363 5362
f 5393 5395 5394
f 5396 5398 5397
f 5399 5401 5400
f 5402 5404 5403
f 5402 5405 5404
f 5402 5406 5405
f 5402 5407 5406
f 5408 5410 5409
f 5408 5411 5410
f 5408 5412 5411
f 5408 5413 5412
f 5450 5452 5451
f 5453 5455 5454
f 5456 5458 5457
f 5459 5461 5460
f 5459 5462 5461
f 5463 5465 5464
f 5466 5468 5467
f 5466 5469 5468
f 5466 5470 5469
f 5471 5473 5472
f 5474 5476 5475
f 5477 5479 5478
f 5480 5482 5481
f 5483 5485 5484
f 5486 5488 5487
f 5489 5491 5490
f 5492 5494 5493
f 5495 5497 5496
f 5495 5498 5497
f 5499 5501 5500
f 5499 5502 5501
f 5499 5503 5502
f 5499 5504 5503
f 5505 5507 5506
f 5505 5508 5507
f 5505 5509 5508
f 5505 5510 5509
f 5559 5561 5560
f 5559 5562 5561
f 5563 5565 5564
f 5566 5568 5567
f 5602 5604 5603
f 5605 5607 5606
f 5605 5608 5607
f 5609 5611 5610
f 5609 5612 5611
f 5613 5615 5614
f 5613 5616 5615
f 5613 5617 5616
f 5613 5618 5617
f 5619 5621 5620
f 5622 5624 5623
f 5622 5625 5624
f 5626 5628 5627
f 5626 5629 5628
f 5630 5632 5631
f 5633 5635 5634
f 5636 5638 5637
f 5636 5639 5638
f 5636 5640 5639
f 5636 5641 5640
f 5642 5644 5643
f 5645 5647 5646
f 5645 5648 5647
f 5645 5649 5648
f 5645 5650 5649
f 5709 5711 5710
f 5709 5712 5711
f 5713 5715 5714
f 5713 5716 5715
f 5717 5719 5718
f 5720 5722 5721
f 5720 5723 5722
f 5720 5724 5723
f 5720 5725 5724
f 5761 5763 5762
f 5764 5766 5765
f 5767 5769 5768
f 5767 5770 5769
f 5767 5771 5770
f 5767 5772 5771
f 5773 5775 5774
f 5776 5778 5777
f 5776 5779 5778
f 5776 5780 5779
f 5776 5781 5780
f 5826 5828 5827
f 5826 5829 5828
f 5830 5832 5831
f 5830 5833 5832
f 5834 5836 5835
f 5834 5837 5836
f 5834 5838 5837
f 5834 5839 5838
f 5840 5842 5841
f 5840 5843 5842
f 5840 5844 5843
f 5845 5847 5846
f 5845 5848 5847
f 5849 5851 5850
f 5852 5854 5853
f 5855 5857 5856
f 5855 5858 5857
f 5859 5861 5860
f 5859 5862 5861
f 5859 5863 5862
f 5859 5864 5863
f 5865 5867 5866
f 5868 5870 5869
f 5871 5873 5872
f 5871 5874 5873
f 5871 5875 5874
f 5871 5876 5875
f 5979 5981 5980
f 5982 5984 5983
f 5982 5985 5984
f 5986 5988 5987
f 5989 5991 5990
f 5989 5992 5991
f 5993 5995 5994
f 5993 5996 5995
f 5993 5997 5996
f 5993 5998 5997
f 5999 6001 6000
f 5999 6002 6001
f 6003 6005 6004
f 6003 6006 6005
f 6003 6007 6006
f 6008 6010 6009
f 6008 6011 6010
f 6012 6014 6013
f 6015 6017 6016
f 6018 6020 6019
f 6021 6023 6022
f 6024 6026 6025
f 6024 6027 6026
f 6024 6028 6027
f 6024 6029 6028
f 6030 6032 6031
f 6030 6033 6032
f 6030 6034 6033
f 6030 6035 6034
f 6036 6038 6037
f 6036 6039 6038
f 6040 6042 6041
f 6040 6043 6042
f 6077 6079 6078
f 6080 6082 6081
f 6080 6083 6082
f 6080 6084 6083
f 6085 6087 6086
f 6085 6088 6087
f 6085 6089 6088
f 6090 6092 6091
f 6093 6095 6094
f 6096 6098 6097
f 6096 6099 6098
f 6100 6102 6101
f 6103 6105 6104
f 6103 6106 6105
f 6103 6107 6106
f 6103 6108 6107
f 6168 6170 6169
f 6171 6173 6172
f 6174 6176 6175
f 6177 6179 6178
f 6180 6182 6181
f 6183 6185 6184
f 6186 6188 6187
f 6186 6189 6188
f 6186 6190 6189
f 6186 6191 6190
f 6192 6194 6193
f 6192 6195 6194
f 6196 6198 6197
f 6199 6201 6200
f 6202 6204 6203
f 6205 6207 6206
f 6208 6210 6209
f 6208 6211 6210
f 6208 6212 6211
f 6208 6213 6212
f 6249 6251 6250
f 6252 6254 6253
f 6252 6255 6254
f 6252 6256 6255
f 6257 6259 6258
f 6257 6260 6259
f 6257 6261 6260
f 6257 6262 6261
f 6263 6265 6264
f 6263 6266 6265
f 6267 6269 6268
f 6270 6272 6271
f 6270 6273 6272
f 6270 6274 6273
f 6270 6275 6274
f 6276 6278 6277
f 6276 6279 6278
f 6276 6280 6279
f 6281 6283 6282
f 6339 6341 6340
f 6342 6344 6343
f 6342 6345 6344
f 6346 6348 6347
f 6349 6351 6350
f 6352 6354 6353
f 6355 6357 6356
f 6358 6360 6359
f 6358 6361 6360
f 6358 6362 6361
f 6358 6363 6362
f 6364 6366 6365
f 6367 6369 6368
f 6367 6370 6369
f 6371 6373 6372
f 6371 6374 6373
f 6375 6377 6376
f 6375 6378 6377
f 6375 6379 6378
f 6380 6382 6381
f 6383 6385 6384
f 6383 6386 6385
f 6387 6389 6388
f 6390 6392 6391
f 6393 6395 6394
f 6393 6396 6395
f 6393 6397 6396
f 6393 6398 6397
f 6399 6401 6400
f 6399 6402 6401
f 6399 6403 6402
f 6399 6404 6403
f 6476 6478 6477
f 6476 6479 6478
f 6480 6482 6481
f 6483 6485 6484
f 6483 6486 6485
f 6487 6489 6488
f 6487 6490 6489
f 6487 6491 6490
f 6487 6492 6491
f 6493 6495 6494
f 6493 6496 6495
f 6497 6499 6498
f 6497 6500 6499
f 6497 6501 6500
f 6497 6502 6501
f 6503 6505 6504
f 6503 6506 6505
f 6531 6533 6532
f 6534 6536 6535
f 6534 6537 6536
f 6538 6540 6539
f 6538 6541 6540
f 6538 6542 6541
f 6538 6543 6542
f 6570 6572 6571
f 6570 6573 6572
f 6574 6576 6575
f 6574 6577 6576
f 6578 6580 6579
f 6578 6581 6580
f 6578 6582 6581
f 6578 6583 6582
f 6584 6586 6585
f 6622 6624 6623
f 6622 6625 6624
f 6622 6626 6625
f 6627 6629 6628
f 6627 6630 6629
f 6627 6631 6630
f 6632 6634 6633
f 6632 6635 6634
f 6632 6636 6635
f 6637 6639 6638
f 6637 6640 6639
f 6637 6641 6640
f 6642 6644 6643
f 6642 6645 6644
f 6646 6648 6647
f 6646 6649 6648
f 6650 6652 6651
f 6653 6655 6654
f 6656 6658 6657
f 6656 6659 6658
f 6660 6662 6661
f 6660 6663 6662
f 6660 6664 6663
f 6665 6667 6666
f 6668 6670 6669
f 6668 6671 6670
f 6668 6672 6671
f 6668 6673 6672
f 6737 6739 6738
f 6740 6742 6741
f 6740 6743 6742
f 6744 6746 6745
f 6747 6749 6748
f 6750 6752 6751
f 6753 6755 6754
f 6753 6756 6755
f 6753 6757 6756
f 6753 6758 6757
f 6759 6761 6760
f 6759 6762 6761
f 6763 6765 6764
f 6766 6768 6767
f 6769 6771 6770
f 6769 6772 6771
f 6773 6775 6774
f 6773 6776 6775
f 6773 6777 6776
f 6773 6778 6777
f 6844 6846 6845
f 6847 6849 6848
f 6847 6850 6849
f 6851 6853 6852
f 6854 6856 6855
f 6857 6859 6858
f 6857 6860 6859
f 6857 6861 6860
f 6857 6862 6861
f 6863 6865 6864
f 6863 6866 6865
f 6863 6867 6866
f 6863 6868 6867
f 6869 6871 6870
f 6872 6874 6873
f 6875 6877 6876
f 6875 6878 6877
f 6875 6879 6878
f 6875 6880 6879
f 6881 6883 6882
f 6884 6886 6885
f 6919 6921 6920
f 6922 6924 6923
f 6922 6925 6924
f 6922 6926 6925
f 6956 6958 6957
f 6956 6959 6958
f 6960 6962 6961
f 6960 6963 6962
f 6964 6966 6965
f 6964 6967 6966
f 6964 6968 6967
f 6969 6971 6970
f 6969 6972 6971
f 6973 6975 6974
f 6973 6976 6975
f 6977 6979 6978
f 6977 6980 6979
f 6981 6983 6982
f 6981 6984 6983
f 6985 6987 6986
f 6985 6988 6987
f 6985 6989 6988
f 6985 6990 6989
f 6991 6993 6992
f 6994 6996 6995
f 6994 6997 6996
f 7068 7070 7069
f 7071 7073 7072
f 7074 7076 7075
f 7074 7077 7076
f 7074 7078 7077
f 7074 7079 7078
f 7080 7082 7081
f 7083 7085 7084
f 7086 7088 7087
f 7086 7089 7088
f 7086 7090 7089
f 7086 7091 7090
f 7092 7094 7093
f 7092 7095 7094
f 7092 7096 7095
f 7097 7099 7098
f 7097 7100 7099
f 7097 7101 7100
f 7097 7102 7101
f 7129 7131 7130
f 7129 7132 7131
f 7129 7133 7132
f 7129 7134 7133
f 7135 7137 7136
f 7135 7138 7137
f 7177 7179 7178
f 7180 7182 7181
f 7180 7183 7182
f 7180 7184 7183
f 7180 7185 7184
f 7186 7188 7187
f 7209 7211 7210
f 7209 7212 7211
f 7209 7213 7212
f 7209 7214 7213
f 7236 7238 7237
f 7236 7239 7238
f 7274 7276 7275
f 7277 7279 7278
f 7280 7282 7281
f 7283 7285 7284
f 7286 7288 7287
f 7286 7289 7288
f 7286 7290 7289
f 7286 7291 7290
f 7320 7322 7321
f 7320 7323 7322
f 7324 7326 7325
f 7324 7327 7326
f 7324 7328 7327
f 7329 7331 7330
f 7332 7334 7333
f 7332 7335 7334
f 7336 7338 7337
f 7336 7339 7338
f 7340 7342 7341
f 7340 7343 7342
f 7344 7346 7345
f 7344 7347 7346
f 7348 7350 7349
f 7348 7351 7350
f 7348 7352 7351
f 7353 7355 7354
f 7353 7356 7355
f 7353 7357 7356
f 7353 7358 7357
f 7359 7361 7360
f 7362 7364 7363
f 7362 7365 7364
f 7362 7366 7365
f 7362 7367 7366
f 7368 7370 7369
f 7371 7373 7372
f 7441 7443 7442
f 7441 7444 7443
f 7441 7445 7444
f 7446 7448 7447
f 7446 7449 7448
f 7446 7450 7449
f 7446 7451 7450
f 7452 7454 7453
f 7452 7455 7454
f 7456 7458 7457
f 7459 7461 7460
f 7462 7464 7463
f 7465 7467 7466
f 7465 7468 7467
f 7465 7469 7468
f 7465 7470 7469
f 7497 7499 7498
f 7500 7502 7501
f 7503 7505 7504
f 7503 7506 7505
f 7503 7507 7506
f 7503 7508 7507
f 7590 7592 7591
f 7593 7595 7594
f 7593 7596 7595
f 7597 7599 7598
f 7600 7602 7601
f 7603 7605 7604
f 7603 7606 7605
f 7603 7607 7606
f 7608 7610 7609
f 7608 7611 7610
f 7608 7612 7611
f 7613 7615 7614
f 7613 7616 7615
f 7613 7617 7616
f 7613 7618 7617
f 7619 7621 7620
f 7619 7622 7621
f 7619 7623 7622
f 7619 7624 7623
f 7625 7627 7626
f 7625 7628 7627
f 7625 7629 7628
f 7625 7630 7629
f 7631 7633 7632
f 7631 7634 7633
f 7631 7635 7634
f 7631 7636 7635
f 7682 7684 7683
f 7682 7685 7684
f 7682 7686 7685
f 7687 7689 7688
f 7687 7690 7689
f 7687 7691 7690
f 7692 7694 7693
f 7695 7697 7696
f 7695 7698 7697
f 7699 7701 7700
f 7702 7704 7703
f 7705 7707 7706
f 7705 7708 7707
f 7705 7709 7708
f 7705 7710 7709
f 7711 7713 7712
f 7714 7716 7715
f 7714 7717 7716
f 7714 7718 7717
f 7714 7719 7718
f 7720 7722 7721
f 7723 7725 7724
f 7726 7728 7727
f 7726 7729 7728
f 7726 7730 7729
f 7726 7731 7730
f 7745 7747 7746
f 7745 7748 7747
f 7749 7751 7750
f 7749 7752 7751
f 7753 7755 7754
f 7756 7758 7757
f 7756 7759 7758
f 7756 7760 7759
f 7756 7761 7760
f 7762 7764 7763
f 7846 7848 7847
f 7849 7851 7850
f 7852 7854 7853
f 7852 7855 7854
f 7856 7858 7857
f 7856 7859 7858
f 7856 7860 7859
f 7861 7863 7862
f 7861 7864 7863
f 7861 7865 7864
f 7861 7866 7865
f 7867 7869 7868
f 7867 7870 7869
f 7867 7871 7870
f 7867 7872 7871
f 7873 7875 7874
f 7873 7876 7875
f 7873 7877 7876
f 7873 7878 7877
f 7907 7909 7908
f 7907 7910 7909
f 7907 7911 7910
f 7907 7912 7911
f 7913 7915 7914
f 7913 7916 7915
f 7913 7917 7916
f 7913 7918 7917
f 7919 7921 7920
f 7963 7965 7964
f 7963 7966 7965
f 7967 7969 7968
f 7970 7972 7971
f 7970 7973 7972
f 7970 7974 7973
f 7975 7977 7976
f 7978 7980 7979
f 7978 7981 7980
f 7978 7982 7981
f 7978 7983 7982
f 7984 7986 7985
f 7987 7989 7988
f 7990 7992 7991
f 7993 7995 7994
f 7993 7996 7995
f 7993 7997 7996
f 7993 7998 7997
f 7999 8001 8000
f 8002 8004 8003
f 8002 8005 8004
f 8006 8008 8007
f 8006 8009 8008
f 8006 8010 8009
f 8006 8011 8010
f 8012 8014 8013
f 8012 8015 8014
f 8012 8016 8015
f 8017 8019 8018
f 8020 8022 8021
f 8020 8023 8022
f 8020 8024 8023
f 8020 8025 8024
f 8026 8028 8027
f 8029 8031 8030
f 8095 8097 8096
f 8098 8100 8099
f 8098 8101 8100
f 8098 8102 8101
f 8103 8105 8104
f 8103 8106 8105
f 8107 8109 8108
f 8107 8110 8109
f 8107 8111 8110
f 8107 8112 8111
f 8113 8115 8114
f 8116 8118 8117
f 8116 8119 8118
f 8120 8122 8121
f 8120 8123 8122
f 8124 8126 8125
f 8127 8129 8128
f 8130 8132 8131
f 8133 8135 8134
f 8136 8138 8137
f 8139 8141 8140
f 8142 8144 8143
f 8142 8145 8144
f 8146 8148 8147
f 8146 8149 8148
f 8146 8150 8149
f 8146 8151 8150
f 8202 8204 8203
f 8202 8205 8204
f 8206 8208 8207
f 8206 8209 8208
f 8206 8210 8209
f 8206 8211 8210
f 8232 8234 8233
f 8232 8235 8234
f 8236 8238 8237
f 8239 8241 8240
f 8239 8242 8241
f 8239 8243 8242
f 8244 8246 8245
f 8247 8249 8248
f 8250 8252 8251
f 8250 8253 8252
f 8254 8256 8255
f 8257 8259 8258
f 8257 8260 8259
f 8257 8261 8260
f 8257 8262 8261
f 8283 8285 8284
f 8283 8286 8285
f 8325 8327 8326
f 8328 8330 8329
f 8328 8331 8330
f 8332 8334 8333
f 8335 8337 8336
f 8338 8340 8339
f 8341 8343 8342
f 8341 8344 8343
f 8345 8347 8346
f 8348 8350 8349
f 8348 8351 8350
f 8348 8352 8351
f 8348 8353 8352
f 8385 8387 8386
f 8385 8388 8387
f 8389 8391 8390
f 8389 8392 8391
f 8389 8393 8392
f 8389 8394 8393
f 8395 8397 8396
f 8398 8400 8399
f 8398 8401 8400
f 8402 8404 8403
f 8405 8407 8406
f 8405 8408 8407
f 8449 8451 8450
f 8452 8454 8453
f 8455 8457 8456
f 8458 8460 8459
f 8458 8461 8460
f 8458 8462 8461
f 8458 8463 8462
f 8464 8466 8465
f 8467 8469 8468
f 8470 8472 8471
f 8473 8475 8474
f 8473 8476 8475
f 8473 8477 8476
f 8473 8478 8477
f 8498 8500 8499
f 8498 8501 8500
f 8498 8502 8501
f 8498 8503 8502
f 8520 8522 8521
f 8523 8525 8524
f 8523 8526 8525
f 8532 8534 8533
f 8540 8542 8541
f 8540 8543 8542
f 8540 8544 8543
f 8540 8545 8544
f 8546 8548 8547
f 8549 8551 8550
f 8552 8554 8553
f 8555 8557 8556
f 8555 8558 8557
f 8559 8561 8560
f 8559 8562 8561
f 8559 8563 8562
f 8559 8564 8563
f 8565 8567 8566
f 8565 8568 8567
f 8569 8571 8570
f 8569 8572 8571
f 8573 8575 8574
f 8573 8576 8575
f 8641 8643 8642
f 8641 8644 8643
f 8645 8647 8646
f 8648 8650 8649
f 8648 8651 8650
f 8648 8652 8651
f 8648 8653 8652
f 8654 8656 8655
f 8677 8679 8678
f 8680 8682 8681
f 8683 8685 8684
f 8683 8686 8685
f 8683 8687 8686
f 8683 8688 8687
f 8726 8728 8727
f 8729 8731 8730
f 8729 8732 8731
f 8729 8733 8732
f 8729 8734 8733
f 8735 8737 8736
f 8735 8738 8737
f 8739 8741 8740
f 8739 8742 8741
f 8743 8745 8744
f 8743 8746 8745
f 8747 8749 8748
f 8750 8752 8751
f 8750 8753 8752
f 8750 8754 8753
f 8750 8755 8754
f 8756 8758 8757
f 8756 8759 8758
f 8756 8760 8759
f 8756 8761 8760
f 8827 8829 8828
f 8830 8832 8831
f 8833 8835 8834
f 8836 8838 8837
f 8839 8841 8840
f 8839 8842 8841
f 8839 8843 8842
f 8844 8846 8845
f 8844 8847 8846
f 8844 8848 8847
f 8844 8849 8848
f 8850 8852 8851
f 8850 8853 8852
f 8854 8856 8855
f 8854 8857 8856
f 8854 8858 8857
f 8854 8859 8858
f 8860 8862 8861
f 8860 8863 8862
f 8860 8864 8863
f 8860 8865 8864
f 8866 8868 8867
f 8869 8871 8870
f 8869 8872 8871
f 8873 8875 8874
f 8873 8876 8875
f 8873 8877 8876
f 8873 8878 8877
f 8929 8931 8930
f 8932 8934 8933
f 8932 8935 8934
f 8932 8936 8935
f 8932 8937 8936
f 8938 8940 8939
f 8938 8941 8940
f 8942 8944 8943
f 8942 8945 8944
f 8942 8946 8945
f 8947 8949 8948
f 8947 8950 8949
f 8947 8951 8950
f 8947 8952 8951
f 9004 9006 9005
f 9004 9007 9006
f 9004 9008 9007
f 9009 9011 9010
f 9009 9012 9011
f 9009 9013 9012
f 9014 9016 9015
f 9014 9017 9016
f 9014 9018 9017
f 9014 9019 9018
f 9020 9022 9021
f 9023 9025 9024
f 9026 9028 9027
f 9026 9029 9028
f 9030 9032 9031
f 9030 9033 9032
f 9034 9036 9035
f 9034 9037 9036
f 9038 9040 9039
f 9038 9041 9040
f 9042 9044 9043
f 9042 9045 9044
f 9042 9046 9045
f 9042 9047 9046
f 9048 9050 9049
f 9051 9053 9052
f 9051 9054 9053
f 9100 9102 9101
f 9103 9105 9104
f 9106 9108 9107
f 9109 9111 9110
f 9109 9112 9111
f 9109 9113 9112
f 9109 9114 9113
f 9115 9117 9116
f 9115 9118 9117
f 9119 9121 9120
f 9122 9124 9123
f 9125 9127 9126
f 9125 9128 9127
f 9125 9129 9128
f 9125 9130 9129
f 9155 9157 9156
f 9155 9158 9157
f 9155 9159 9158
f 9182 9184 9183
f 9182 9185 9184
f 9186 9188 9187
f 9189 9191 9190
f 9192 9194 9193
f 9192 9195 9194
f 9192 9196 9195
f 9192 9197 9196
f 9222 9224 9223
f 9225 9227 9226
f 9228 9230 9229
f 9228 9231 9230
f 9228 9232 9231
f 9228 9233 9232
f 9234 9236 9235
f 9234 9237 9236
f 9234 9238 9237
f 9234 9239 9238
f 9240 9242 9241
f 9243 9245 9244
f 9246 9248 9247
f 9246 9249 9248
f 9246 9250 9249
f 9246 9251 9250
f 9291 9293 9292
f 9294 9296 9295
f 9294 9297 9296
f 9294 9298 9297
f 9299 9301 9300
f 9299 9302 9301
f 9303 9305 9304
f 9306 9308 9307
f 9306 9309 9308
f 9310 9312 9311
f 9310 9313 9312
f 9310 9314 9313
f 9310 9315 9314
f 9316 9318 9317
f 9319 9321 9320
f 9319 9322 9321
f 9323 9325 9324
f 9323 9326 9325
f 9323 9327 9326
f 9328 9330 9329
f 9365 9367 9366
f 9368 9370 9369
f 9371 9373 9372
f 9371 9374 9373
f 9371 9375 9374
f 9371 9376 9375
f 9377 9379 9378
f 9377 9380 9379
f 9407 9409 9408
f 9407 9410 9409
f 9411 9413 9412
f 9414 9416 9415
f 9417 9419 9418
f 9417 9420 9419
f 9417 9421 9420
f 9417 9422 9421
f 9437 9439 9438
f 9437 9440 9439
f 9441 9443 9442
f 9441 9444 9443
f 9445 9447 9446
f 9448 9450 9449
f 9451 9453 9452
f 9451 9454 9453
f 9451 9455 9454
f 9451 9456 9455
f 9457 9459 9458
f 9457 9460 9459
f 9457 9461 9460
f 9457 9462 9461
f 9499 9501 9500
f 9499 9502 9501
f 9503 9505 9504
f 9506 9508 9507
f 9509 9511 9510
f 9509 9512 9511
f 9509 9513 9512
f 9509 9514 9513
f 9541 9543 9542
f 9541 9544 9543
f 9545 9547 9546
f 9548 9550 9549
f 9548 9551 9550
f 9548 9552 9551
f 9548 9553 9552
f 9554 9556 9555
f 9587 9589 9588
f 9587 9590 9589
f 9591 9593 9592
f 9594 9596 9595
f 9594 9597 9596
f 9594 9598 9597
f 9599 9601 9600
f 9602 9604 9603
f 9605 9607 9606
f 9608 9610 9609
f 9608 9611 9610
f 9612 9614 9613
f 9612 9615 9614
f 9616 9618 9617
f 9619 9621 9620
f 9619 9622 9621
f 9619 9623 9622
f 9619 9624 9623
f 9625 9627 9626
f 9625 9628 9627
f 9629 9631 9630
f 9629 9632 9631
f 9629 9633 9632
f 9634 9636 9635
f 9681 9683 9682
f 9681 9684 9683
f 9685 9687 9686
f 9685 9688 9687
f 9717 9719 9718
f 9717 9720 9719
f 9721 9723 9722
f 9721 9724 9723
f 9721 9725 9724
f 9721 9726 9725
f 9727 9729 9728
f 9727 9730 9729
f 9731 9733 9732
f 9731 9734 9733
f 9731 9735 9734
f 9736 9738 9737
f 9739 9741 9740
f 9739 9742 9741
f 9739 9743 9742
f 9739 9744 9743
f 9767 9769 9768
f 9770 9772 9771
f 9773 9775 9774
f 9773 9776 9775
f 9773 9777 9776
f 9773 9778 9777
f 9832 9834 9833
f 9835 9837 9836
f 9835 9838 9837
f 9839 9841 9840
f 9839 9842 9841
f 9839 9843 9842
f 9839 9844 9843
f 9845 9847 9846
f 9848 9850 9849
f 9848 9851 9850
f 9848 9852 9851
f 9848 9853 9852
f 9854 9856 9855
f 9854 9857 9856
f 9854 9858 9857
f 9877 9879 9878
f 9880 9882 9881
f 9880 9883 9882
f 9880 9884 9883
f 9880 9885 9884
f 9930 9932 9931
f 9933 9935 9934
f 9933 9936 9935
f 9933 9937 9936
f 9933 9938 9937
f 9939 9941 9940
f 9939 9942 9941
f 9943 9945 9944
f 9943 9946 9945
f 9947 9949 9948
f 9950 9952 9951
f 9950 9953 9952
f 9950 9954 9953
f 9950 9955 9954
f 9974 9976 9975
f 9977 9979 9978
f 9977 9980 9979
f 9977 9981 9980
f 9977 9982 9981
f 10028 10030 10029
f 10031 10033 10032
f 10031 10034 10033
f 10031 10035 10034
f 10031 10036 10035
f 10037 10039 10038
f 10040 10042 10041
f 10043 10045 10044
f 10046 10048 10047
f 10046 10049 10048
f 10050 10052 10051
f 10050 10053 10052
f 10054 10056 10055
f 10057 10059 10058
f 10057 10060 10059
f 10057 10061 10060
f 10057 10062 10061
f 10063 10065 10064
f 10063 10066 10065
f 10063 10067 10066
f 10063 10068 10067
f 10069 10071 10070
f 10072 10074 10073
f 10072 10075 10074
f 10072 10076 10075
f 10072 10077 10076
f 10206 10208 10207
f 10206 10209 10208
f 10210 10212 10211
f 10213 10215 10214
f 10213 10216 10215
f 10213 10217 10216
f 10213 10218 10217
f 10219 10221 10220
f 10222 10224 10223
f 10225 10227 10226
f 10225 10228 10227
f 10229 10231 10230
f 10232 10234 10233
f 10235 10237 10236
f 10235 10238 10237
f 10239 10241 10240
f 10239 10242 10241
f 10239 10243 10242
f 10247 10249 10248
f 10247 10250 10249
f 10251 10253 10252
f 10254 10256 10255
f 10254 10257 10256
f 10254 10258 10257
f 10259 10261 10260
f 10259 10262 10261
f 10263 10265 10264
f 10266 10268 10267
f 10269 10271 10270
f 10272 10274 10273
f 10272 10275 10274
f 10272 10276 10275
f 10272 10277 10276
f 10386 10388 10387
f 10386 10389 10388
f 10390 10392 10391
f 10393 10395 10394
f 10393 10396 10395
f 10397 10399 10398
f 10400 10402 10401
f 10403 10405 10404
f 10403 10406 10405
f 10403 10407 10406
f 10403 10408 10407
f 10409 10411 10410
f 10409 10412 10411
f 10409 10413 10412
f 10409 10414 10413
f 10415 10417 10416
f 10439 10441 10440
f 10439 10442 10441
f 10443 10445 10444
f 10443 10446 10445
f 10447 10449 10448
f 10450 10452 10451
f 10453 10455 10454
f 10453 10456 10455
f 10457 10459 10458
f 10460 10462 10461
f 10463 10465 10464
f 10463 10466 10465
f 10463 10467 10466
f 10506 10508 10507
f 10509 10511 10510
f 10509 10512 10511
f 10509 10513 10512
f 10509 10514 10513
f 10515 10517 10516
f 10549 10551 10550
f 10552 10554 10553
f 10555 10557 10556
f 10555 10558 10557
f 10555 10559 10558
f 10560 10562 10561
f 10560 10563 10562
f 10564 10566 10565
f 10567 10569 10568
f 10567 10570 10569
f 10571 10573 10572
f 10571 10574 10573
f 10571 10575 10574
f 10571 10576 10575
f 10602 10604 10603
f 10602 10605 10604
f 10602 10606 10605
f 10607 10609 10608
f 10610 10612 10611
f 10610 10613 10612
f 10610 10614 10613
f 10610 10615 10614
f 10616 10618 10617
f 10616 10619 10618
f 10616 10620 10619
f 10616 10621 10620
f 10654 10656 10655
f 10657 10659 10658
f 10660 10662 10661
f 10660 10663 10662
f 10660 10664 10663
f 10665 10667 10666
f 10668 10670 10669
f 10668 10671 10670
f 10668 10672 10671
f 10668 10673 10672
f 10674 10676 10675
f 10674 10677 10676
f 10674 10678 10677
f 10679 10681 10680
f 10682 10684 10683
f 10703 10705 10704
f 10703 10706 10705
f 10703 10707 10706
f 10708 10710 10709
f 10711 10713 10712
f 10714 10716 10715
f 10714 10717 10716
f 10714 10718 10717
f 10751 10753 10752
f 10751 10754 10753
f 10755 10757 10756
f 10758 10760 10759
f 10758 10761 10760
f 10758 10762 10761
f 10763 10765 10764
f 10763 10766 10765
f 10763 10767 10766
f 10768 10770 10769
f 10768 10771 10770
f 10768 10772 10771
f 10768 10773 10772
f 10774 10776 10775
f 10799 10801 10800
f 10799 10802 10801
f 10803 10805 10804
f 10803 10806 10805
f 10807 10809 10808
f 10810 10812 10811
f 10813 10815 10814
f 10813 10816 10815
f 10817 10819 10818
f 10820 10822 10821
f 10820 10823 10822
f 10820 10824 10823
f 10857 10859 10858
f 10857 10860 10859
f 10857 10861 10860
f 10857 10862 10861
f 10863 10865 10864
f 10866 10868 10867
f 10869 10871 10870
f 10869 10872 10871
f 10869 10873 10872
f 10869 10874 10873
f 10875 10877 10876
f 10875 10878 10877
f 10879 10881 10880
f 10882 10884 10883
f 10885 10887 10886
f 10885 10888 10887
f 10908 10910 10909
f 10908 10911 10910
f 10912 10914 10913
f 10912 10915 10914
f 10916 10918 10917
f 10919 10921 10920
f 10922 10924 10923
f 10922 10925 10924
f 10922 10926 10925
f 10958 10960 10959
f 10961 10963 10962
f 10961 10964 10963
f 10965 10967 10966
f 10968 10970 10969
f 10968 10971 10970
f 10968 10972 10971
f 10968 10973 10972
f 10974 10976 10975
f 10974 10977 10976
f 10974 10978 10977
f 10974 10979 10978
f 10980 10982 10981
f 10980 10983 10982
f 10984 10986 10985
f 10984 10987 10986
f 11017 11019 11018
f 11017 11020 11019
f 11021 11023 11022
f 11021 11024 11023
f 11021 11025 11024
f 11026 11028 11027
f 11026 11029 11028
f 11026 11030 11029
f 11031 11033 11032
f 11034 11036 11035
f 11034 11037 11036
f 11034 11038 11037
f 11073 11075 11074
f 11073 11076 11075
f 11073 11077 11076
f 11078 11080 11079
f 11081 11083 11082
f 11084 11086 11085
f 11084 11087 11086
f 11084 11088 11087
f 11089 11091 11090
f 11089 11092 11091
f 11089 11093 11092
f 11089 11094 11093
f 11095 11097 11096
f 11098 11100 11099
f 11101 11103 11102
f 11101 11104 11103
f 11105 11107 11106
f 11105 11108 11107
f 11133 11135 11134
f 11133 11136 11135
f 11133 11137 11136
f 11133 11138 11137
f 11139 11141 11140
f 11142 11144 11143
f 11142 11145 11144
f 11142 11146 11145
f 11142 11147 11146
f 11148 11150 11149
f 11188 11190 11189
f 11188 11191 11190
f 11188 11192 11191
f 11193 11195 11194
f 11193 11196 11195
f 11197 11199 11198
f 11200 11202 11201
f 11200 11203 11202
f 11200 11204 11203
f 11200 11205 11204
f 11206 11208 11207
f 11206 11209 11208
f 11206 11210 11209
f 11206 11211 11210
f 11212 11214 11213
f 11212 11215 11214
f 11238 11240 11239
f 11238 11241 11240
f 11238 11242 11241
f 11238 11243 11242
f 11244 11246 11245
f 11247 11249 11248
f 11250 11252 11251
f 11250 11253 11252
f 11250 11254 11253
f 11250 11255 11254
f 11256 11258 11257
f 11256 11259 11258
f 11297 11299 11298
f 11297 11300 11299
f 11301 11303 11302
f 11301 11304 11303
f 11305 11307 11306
f 11305 11308 11307
f 11309 11311 11310
f 11309 11312 11311
f 11313 11315 11314
f 11313 11316 11315
f 11313 11317 11316
f 11313 11318 11317
f 11319 11321 11320
f 11322 11324 11323
f 11325 11327 11326
f 11325 11328 11327
f 11325 11329 11328
f 11358 11360 11359
f 11358 11361 11360
f 11362 11364 11363
f 11365 11367 11366
f 11368 11370 11369
f 11368 11371 11370
f 11368 11372 11371
f 11368 11373 11372
f 11374 11376 11375
f 11374 11377 11376
f 11378 11380 11379
f 11378 11381 11380
f 11382 11384 11383
f 11412 11414 11413
f 11412 11415 11414
f 11416 11418 11417
f 11419 11421 11420
f 11422 11424 11423
f 11425 11427 11426
f 11425 11428 11427
f 11425 11429 11428
f 11425 11430 11429
f 11431 11433 11432
f 11431 11434 11433
f 11435 11437 11436
f 11445 11447 11446
f 11448 11450 11449
f 11451 11453 11452
f 11451 11454 11453
f 11451 11455 11454
f 11451 11456 11455
f 11457 11459 11458
f 11457 11460 11459
f 11461 11463 11462
f 11461 11464 11463
f 11465 11467 11466
f 11465 11468 11467
f 11465 11469 11468
f 11470 11472 11471
f 11473 11475 11474
f 11473 11476 11475
f 11473 11477 11476
f 11478 11480 11479
f 11478 11481 11480
f 11478 11482 11481
f 11483 11485 11484
f 11483 11486 11485
f 11487 11489 11488
f 11487 11490 11489
f 11491 11493 11492
f 11491 11494 11493
f 11491 11495 11494
f 11520 11522 11521
f 11520 11523 11522
f 11524 11526 11525
f 11524 11527 11526
f 11528 11530 11529
f 11528 11531 11530
f 11532 11534 11533
f 11532 11535 11534
f 11536 11538 11537
f 11536 11539 11538
f 11540 11542 11541
f 11540 11543 11542
f 11544 11546 11545
f 11544 11547 11546
f 11548 11550 11549
f 11548 11551 11550
f 11552 11554 11553
f 11552 11555 11554
f 11556 11558 11557
f 11556 11559 11558
f 11560 11562 11561
f 11560 11563 11562
f 11564 11566 11565
f 11564 11567 11566
f 11568 11570 11569
f 11568 11571 11570
f 11572 11574 11573
f 11572 11575 11574
f 11576 11578 11577
f 11576 11579 11578
f 11580 11582 11581
f 11580 11583 11582
f 11584 11586 11585
f 11584 11587 11586
f 11588 11590 11589
f 11588 11591 11590
