g CityWall_1_1
v -2.2893999 0.12080999 0.17663924
v -2.2927396 0.19048999 0.18162923
v -2.3144796 0.11819999 0.18115921
v -0.730057 0.19580986 -2.1519191
v -0.7253205 0.17604989 -2.1217394
v -0.7421794 0.19837989 -2.1292198
v -0.730057 0.19580986 -2.1519191
v -0.60403746 0.19679987 -2.1260195
v -0.7253205 0.17604989 -2.1217394
v -2.0144289 0.11588991 -1.6676205
v -2.0099092 0.1996299 -1.6695503
v -2.052219 0.1375899 -1.6328704
v -2.0813093 0.10380992 -1.6338806
v -2.0144289 0.11588991 -1.6676205
v -2.085339 0.1318399 -1.6330504
v -2.085339 0.1318399 -1.6330504
v -2.0144289 0.11588991 -1.6676205
v -2.052219 0.1375899 -1.6328704
v -1.9435892 0.09456991 -1.7912705
v -1.8887492 0.11135992 -1.7933905
v -1.9443493 0.1110399 -1.7902803
v -1.5996891 0.19563992 -1.8641304
v -1.7021791 0.19601987 -1.9374304
v -1.5477092 0.20115988 -1.8968004
v -1.7420692 0.113469906 -1.9263204
v -1.6483793 0.10487989 -2.0174603
v -1.7021791 0.19601987 -1.9374304
v -1.8702593 0.1933499 -1.6193603
v -1.6859691 0.19699991 -1.7647203
v -1.8155891 0.1774299 -1.6489302
v -1.493059 0.1948899 -2.1645803
v -1.3804791 0.20012991 -2.1279902
v -1.571579 0.2001499 -2.0858104
v -1.3354391 0.14039987 -2.32372
v -1.354609 0.19456987 -2.3226202
v -1.3768592 0.108729884 -2.3347003
v -1.360499 0.1365699 -2.1263702
v -1.3111792 0.12803991 -2.10302
v -1.366539 0.1364599 -2.0884602
v -1.259359 0.12694988 -2.23176
v -1.2117791 0.11943988 -2.27484
v -1.2465191 0.11804989 -2.20066
v -1.4775192 0.1078199 -1.9294205
v -1.5394093 0.115319915 -1.9000403
v -1.4850993 0.12762988 -1.9255701
v -1.8157293 0.1746099 -1.6320105
v -1.8702593 0.1933499 -1.6193603
v -1.8155891 0.1774299 -1.6489302
v -2.1830993 0.13165991 -1.2302107
v -2.249609 0.13041992 -1.2196807
v -2.1942394 0.14295994 -1.2639506
v -2.2077193 0.10443993 -1.2164806
v -2.249609 0.13041992 -1.2196807
v -2.1830993 0.13165991 -1.2302107
v -2.105009 0.10691993 -1.2931906
v -2.0784793 0.13130991 -1.3377706
v -2.0923393 0.073439926 -1.3109506
v -2.0447893 0.089989915 -1.6985804
v -2.058909 0.07131991 -1.6792507
v -2.068289 0.08729992 -1.7054906
v -1.6289189 0.07930989 -2.1344204
v -1.605099 0.09766991 -2.1205604
v -1.663859 0.094539896 -2.0775204
v -1.3768592 0.108729884 -2.3347003
v -1.5095991 0.11404988 -2.1694205
v -1.4533991 0.1049499 -2.2691803
v -1.4533991 0.1049499 -2.2691803
v -1.5095991 0.11404988 -2.1694205
v -1.464589 0.0719399 -2.2564204
v -1.9147792 0.07768993 -1.4745604
v -1.9831891 0.09681993 -1.4188305
v -1.8946292 0.09492992 -1.4966704
v -1.9856492 0.06581994 -1.3440505
v -2.071249 0.06662993 -1.2840806
v -2.0144393 0.10238994 -1.3620205
v -2.0784793 0.13130991 -1.3377706
v -2.068649 0.13319992 -1.3875207
v -2.047319 0.11525992 -1.4016906
v -2.0923393 0.073439926 -1.3109506
v -2.0784793 0.13130991 -1.3377706
v -2.047319 0.11525992 -1.4016906
v -1.9831891 0.09681993 -1.4188305
v -2.0144393 0.10238994 -1.3620205
v -2.047319 0.11525992 -1.4016906
v -2.069059 0.10761991 -1.6599708
v -2.0144289 0.11588991 -1.6676205
v -2.0813093 0.10380992 -1.6338806
v -1.9435892 0.09456991 -1.7912705
v -1.8728992 0.10709991 -1.8789304
v -1.8887492 0.11135992 -1.7933905
v -2.132959 -6.917677E-08 -1.5825806
v -2.0813093 0.10380992 -1.6338806
v -2.085339 0.1318399 -1.6330504
v -2.058909 0.07131991 -1.6792507
v -2.069059 0.10761991 -1.6599708
v -2.0689993 -7.2510204E-08 -1.6588407
v -1.9733192 0.08073992 -1.7676604
v -1.9864693 -7.639659E-08 -1.7477506
v -1.9435892 0.09456991 -1.7912705
v -1.485579 0.0698399 -2.2858703
v -1.478999 -1.0030713E-07 -2.2947602
v -1.4723891 0.1027999 -2.2952104
v -1.5474092 0.07768991 -1.8255202
v -1.5552193 -8.0134775E-08 -1.8332704
v -1.5521194 0.11155991 -1.8386202
v -1.6992092 -7.198128E-08 -1.6467403
v -1.7962091 0.10183992 -1.6074104
v -1.6903492 0.108239904 -1.6815704
v -2.0799193 -5.5406804E-08 -1.2675606
v -2.0878294 0.10372994 -1.2643607
v -2.071249 0.06662993 -1.2840806
v -1.9109793 0.10805993 -1.5422904
v -2.047319 0.11525992 -1.4016906
v -2.011519 0.17569992 -1.4483105
v -2.068649 0.13319992 -1.3875207
v -2.2001991 0.17678991 -1.2646207
v -2.1942394 0.14295994 -1.2639506
v -2.192019 0.13624991 -1.4765806
v -2.200799 0.13603991 -1.4419806
v -2.1987891 0.13113993 -1.5092206
v -1.4893093 0.11096991 -1.9044403
v -1.5394093 0.115319915 -1.9000403
v -1.4775192 0.1078199 -1.9294205
v -1.485579 0.0698399 -2.2858703
v -1.5433091 0.10379989 -2.1989603
v -1.5735391 0.062399894 -2.2235103
v -2.011519 0.17569992 -1.4483105
v -2.047319 0.11525992 -1.4016906
v -2.068649 0.13319992 -1.3875207
v -1.6483793 0.10487989 -2.0174603
v -1.6635091 0.0824399 -2.0444405
v -1.663859 0.094539896 -2.0775204
v -1.9109793 0.10805993 -1.5422904
v -1.8927593 0.08216992 -1.5203904
v -1.8946292 0.09492992 -1.4966704
v -1.8927593 0.08216992 -1.5203904
v -1.8754191 -6.6443924E-08 -1.5200603
v -1.8946292 0.09492992 -1.4966704
v -2.2651994 0.17947993 -1.2846706
v -2.2597594 0.19212992 -1.2143106
v -2.2875192 0.18350992 -1.2758306
v -2.3848894 0.04979995 -0.90469056
v -2.4027593 0.071439944 -0.97459066
v -2.3716795 0.07060996 -0.9333106
v -2.3058195 0.113509946 -0.8506306
v -2.3209295 0.10101995 -0.76976067
v -2.3198993 0.119889945 -0.8774806
v -2.3412397 0.07696995 -0.7830506
v -2.3562396 0.049629956 -0.8187206
v -2.3209295 0.10101995 -0.76976067
v -2.3315296 0.10028996 -0.7203106
v -2.3209295 0.10101995 -0.76976067
v -2.29858 0.13575996 -0.7346806
v -2.2487793 0.20098992 -1.2149607
v -2.2607193 0.19139993 -1.1474106
v -2.2597594 0.19212992 -1.2143106
v -2.265309 0.15555994 -1.3172407
v -2.2503593 0.2004199 -1.3479306
v -2.2651994 0.17947993 -1.2846706
v -2.2952697 0.19584996 -0.73500067
v -2.2628 0.19201994 -0.7215906
v -2.3128698 0.19339997 -0.7069606
v -2.1298294 0.11332994 -0.91817045
v -2.1278894 0.10350995 -1.0016706
v -2.1014395 0.111869946 -0.88736063
v -2.1336296 0.13327995 -0.53181064
v -2.1295795 0.11933995 -0.61546063
v -2.1143298 0.12745994 -0.5204206
v -2.3412797 0.12914994 -0.54076064
v -2.34181 0.13133995 -0.5804306
v -2.3067796 0.13391995 -0.5432507
v -2.3374298 0.09898996 -0.5114907
v -2.3250997 0.09916996 -0.4764007
v -2.3499696 0.09757996 -0.5014206
v -2.29487 0.11408997 -0.11946076
v -2.3500197 0.10959997 -0.10898077
v -2.3152099 0.11335999 -0.16303074
v -2.0954397 -6.702712E-09 -0.15334067
v -2.0965097 0.11212997 -0.08777068
v -2.0987797 0.11208999 -0.19204065
v -2.3144796 0.11819999 0.18115921
v -2.30228 0.12214999 0.14417922
v -2.2893999 0.12080999 0.17663924
v -2.3649795 0.10634001 0.29209918
v -2.3144796 0.11819999 0.18115921
v -2.3422198 0.12121 0.30098918
v -2.3049998 0.19612002 0.5190692
v -2.1566296 0.19919002 0.55166924
v -2.27486 0.18677002 0.5385392
v -2.3143196 0.13402002 0.5206592
v -2.32052 0.13228 0.53831923
v -2.34761 0.107750006 0.49370918
v -2.3280096 0.12015003 0.6161292
v -2.3267896 0.11397002 0.7369092
v -2.3281 0.10020002 0.65219915
v -2.3143196 0.13402002 0.5206592
v -2.2953596 0.13662001 0.5360492
v -2.32052 0.13228 0.53831923
v -2.27486 0.18677002 0.5385392
v -2.1566296 0.19919002 0.55166924
v -2.31052 0.19967002 0.5425192
v -2.3218496 0.11703001 0.75289917
v -2.3587298 0.11244001 0.7558692
v -2.3267896 0.11397002 0.7369092
v -2.1508696 0.13349001 0.74021924
v -2.1424396 0.19314 0.7167692
v -2.1253097 0.103640005 0.7266692
v -2.1245196 0.07538003 0.77466923
v -2.0997698 0.108990036 0.8643892
v -2.1308298 0.105630025 0.8041393
v -2.1253097 0.103640005 0.7266692
v -2.1308298 0.105630025 0.8041393
v -2.1508696 0.13349001 0.74021924
v -2.08401 0.07412003 1.056169
v -2.09677 0.112390034 1.042119
v -2.0918999 0.07546003 1.027369
v -2.0827599 0.073120035 0.95571935
v -2.0720198 0.05350004 0.91384923
v -2.05365 0.06962004 0.9836492
v -2.0827599 0.073120035 0.95571935
v -2.09998 3.779897E-08 0.8647392
v -2.0720198 0.05350004 0.91384923
v -2.0720198 0.05350004 0.91384923
v -2.09998 3.779897E-08 0.8647392
v -2.0683699 3.957715E-08 0.90541923
v -2.1169698 2.404912E-08 0.55017924
v -2.1085596 0.09757001 0.51014924
v -2.0966299 2.4155337E-08 0.55260926
v -2.1113298 0.107000016 0.6987192
v -2.0760696 0.10620002 0.73514926
v -2.1253097 0.103640005 0.7266692
v -2.3250997 0.09916996 -0.4764007
v -2.3503497 0.09522998 -0.4015407
v -2.3499696 0.09757996 -0.5014206
v -2.2880192 0.15014993 -1.3137306
v -2.314249 0.15461992 -1.2511307
v -2.2922893 0.11731992 -1.3112307
v -2.2875192 0.18350992 -1.2758306
v -2.2597594 0.19212992 -1.2143106
v -2.3063393 0.18473992 -1.2316107
v -2.3604598 0.10777995 -0.93438053
v -2.3509893 0.10388995 -1.0517007
v -2.3293796 0.12828994 -0.9785706
v -2.1447694 0.20066991 -1.3003707
v -2.2503593 0.2004199 -1.3479306
v -2.1758592 0.19945993 -1.3370606
v -2.16028 0.18584996 -0.73750055
v -2.2952697 0.19584996 -0.73500067
v -2.1446197 0.19926995 -0.7547906
v -2.16028 0.18584996 -0.73750055
v -2.1333196 0.17497994 -0.72973055
v -2.1540296 0.19263995 -0.7297506
v -2.1476896 0.20001994 -0.5353106
v -2.1303098 0.17780994 -0.6426706
v -2.1382098 0.17066994 -0.5353506
v -2.29487 0.11408997 -0.11946076
v -2.3199596 0.110559985 -0.02522076
v -2.3500197 0.10959997 -0.10898077
v -2.1452296 0.09775001 0.28048927
v -2.14183 0.09765001 0.47731927
v -2.15237 0.20017998 0.34981927
v -2.32147 0.13146001 0.33371916
v -2.3143196 0.13402002 0.5206592
v -2.3422198 0.12121 0.30098918
v -2.3605497 0.14988002 1.0717292
v -2.33137 0.10212002 1.0033292
v -2.32995 0.15099002 1.044139
v -2.3027601 0.19404002 1.106959
v -2.31124 0.19827004 0.9158191
v -2.27921 0.19430001 1.1198691
v -2.3052301 0.19517002 1.1524892
v -2.27921 0.19430001 1.1198691
v -2.28636 0.19271001 1.168799
v -2.0712497 4.678122E-08 1.070229
v -2.09677 0.112390034 1.042119
v -2.08401 0.07412003 1.056169
v -2.0997896 0.09762001 0.30868927
v -2.1070697 0.109519996 0.11732929
v -2.08973 1.1846213E-08 0.27100927
v -2.2607894 0.19062994 -1.1056806
v -2.3284194 0.1823499 -1.1936606
v -2.2607193 0.19139993 -1.1474106
v -2.3293796 0.12828994 -0.9785706
v -2.3198993 0.119889945 -0.8774806
v -2.3604598 0.10777995 -0.93438053
v -2.1476896 0.20001994 -0.5353106
v -2.1382098 0.17066994 -0.5353506
v -2.16969 0.18271995 -0.5296606
v -2.3570497 0.09755997 -0.29810074
v -2.3151698 0.112319976 -0.27368072
v -2.3405397 0.08430997 -0.27959076
v -2.09998 3.779897E-08 0.8647392
v -2.0827599 0.073120035 0.95571935
v -2.0997698 0.108990036 0.8643892
v -2.3157797 0.11997996 -0.47624072
v -2.3412797 0.12914994 -0.54076064
v -2.3067796 0.13391995 -0.5432507
v -2.3250997 0.09916996 -0.4764007
v -2.3157797 0.11997996 -0.47624072
v -2.3503497 0.09522998 -0.4015407
v -2.3157797 0.11997996 -0.47624072
v -2.3138099 0.10965997 -0.39754072
v -2.3503497 0.09522998 -0.4015407
v -2.265309 0.15555994 -1.3172407
v -2.2880192 0.15014993 -1.3137306
v -2.2390294 0.08752993 -1.3612406
v -2.1285093 0.13573991 -1.3063706
v -2.1373594 0.14173993 -1.3017007
v -2.1953793 0.083239935 -1.3577605
v -2.3369396 0.108620025 0.6174592
v -2.3280096 0.12015003 0.6161292
v -2.3281 0.10020002 0.65219915
v -2.1363795 0.19840991 -0.89595056
v -2.2579794 0.19739993 -0.8744007
v -2.2523994 0.19931993 -0.93923056
v -2.1127899 0.12775996 -0.38866067
v -2.1332996 0.13845997 -0.32877067
v -2.12672 0.13523996 -0.40205064
v -2.1303098 0.17780994 -0.6426706
v -2.1289196 0.10011995 -0.64359057
v -2.1295795 0.11933995 -0.61546063
v -2.0975091 0.15080994 -1.1644607
v -2.0958395 0.15202993 -1.0637007
v -2.1313894 0.16081995 -1.0976506
v -2.275 0.13143003 1.3386191
v -2.3091402 0.11927006 1.362209
v -2.3401802 0.12002004 1.289319
v -2.0813105 0.10381007 1.633879
v -2.0853405 0.13184005 1.6330489
v -2.0144303 0.11589007 1.6676191
v -2.0853405 0.13184005 1.6330489
v -2.0522203 0.13759005 1.632869
v -2.0144303 0.11589007 1.6676191
v -1.9435902 0.09457008 1.7912693
v -1.9443502 0.11104006 1.7902792
v -1.8887504 0.11136008 1.7933894
v -1.5996903 0.19564006 1.8641292
v -1.5477104 0.20116007 1.8967992
v -1.7021803 0.19602007 1.9374292
v -1.8702602 0.19335006 1.6193591
v -1.8155903 0.17743005 1.6489292
v -1.6859703 0.19700007 1.7647191
v -1.4930606 0.19489007 2.164579
v -1.5715806 0.20015004 2.0858092
v -1.3804806 0.20013006 2.127989
v -1.3605006 0.13657007 2.1263692
v -1.3665406 0.13646007 2.0884588
v -1.3111807 0.12804008 2.1030192
v -1.2593607 0.1269501 2.2317593
v -1.2465206 0.11805008 2.2006593
v -1.2117807 0.119440086 2.2748392
v -1.4775203 0.107820064 1.9294193
v -1.4851004 0.12763007 1.925569
v -1.5394104 0.115320064 1.9000392
v -1.8157305 0.17461006 1.6320093
v -1.8155903 0.17743005 1.6489292
v -1.8702602 0.19335006 1.6193591
v -2.1831 0.13166003 1.230209
v -2.1942403 0.14296006 1.263949
v -2.24961 0.13042007 1.2196791
v -2.20772 0.10444004 1.216479
v -2.1831 0.13166003 1.230209
v -2.24961 0.13042007 1.2196791
v -2.10501 0.10692005 1.293189
v -2.0923402 0.073440045 1.310949
v -2.07848 0.13131003 1.337769
v -2.0447905 0.08999007 1.6985792
v -2.0682902 0.08730006 1.705489
v -2.0589104 0.071320064 1.679249
v -1.6289206 0.07931009 2.134419
v -1.6638604 0.094540074 2.077519
v -1.6051006 0.09767007 2.1205592
v -1.3768607 0.10873008 2.3346992
v -1.4534006 0.10495009 2.2691789
v -1.5096006 0.114050075 2.1694193
v -1.4534006 0.10495009 2.2691789
v -1.4645905 0.07194009 2.2564192
v -1.5096006 0.114050075 2.1694193
v -1.4893104 0.11097006 1.9044391
v -1.5129004 0.09069007 1.8648992
v -1.4831504 8.307959E-08 1.900639
v -1.9147803 0.077690065 1.4745593
v -1.8946304 0.09493005 1.4966693
v -1.9831903 0.09682005 1.4188291
v -1.9856504 0.06582006 1.3440492
v -2.0144403 0.10239006 1.3620192
v -2.07125 0.06663006 1.2840791
v -2.07848 0.13131003 1.337769
v -2.0473204 0.11526004 1.401689
v -2.0686505 0.13320003 1.3875191
v -2.0923402 0.073440045 1.310949
v -2.0473204 0.11526004 1.401689
v -2.07848 0.13131003 1.337769
v -1.9831903 0.09682005 1.4188291
v -2.0473204 0.11526004 1.401689
v -2.0144403 0.10239006 1.3620192
v -2.0690603 0.10762007 1.6599692
v -2.0813105 0.10381007 1.633879
v -2.0144303 0.11589007 1.6676191
v -1.9435902 0.09457008 1.7912693
v -1.8887504 0.11136008 1.7933894
v -1.8729004 0.10710008 1.8789293
v -1.5474104 0.07769008 1.8255191
v -1.5521204 0.11156008 1.8386192
v -1.5552204 8.013476E-08 1.8332692
v -1.6992104 7.198127E-08 1.6467391
v -1.6903502 0.10824007 1.6815692
v -1.7962103 0.10184004 1.6074092
v -2.07992 5.5406794E-08 1.267559
v -2.07125 0.06663006 1.2840791
v -2.08783 0.10373003 1.2643591
v -1.9109802 0.108060054 1.5422894
v -2.0115204 0.17570004 1.4483091
v -2.0473204 0.11526004 1.401689
v -2.0686505 0.13320003 1.3875191
v -2.2002 0.17679003 1.2646191
v -2.1942403 0.14296006 1.263949
v -2.1920204 0.13625003 1.4765791
v -2.1987903 0.13114004 1.509219
v -2.2008002 0.13604003 1.4419789
v -1.4893104 0.11097006 1.9044391
v -1.4775203 0.107820064 1.9294193
v -1.5394104 0.115320064 1.9000392
v -1.4855806 0.06984009 2.2858691
v -1.5735407 0.062400095 2.223509
v -1.5433106 0.10380008 2.1989589
v -2.26153 0.19479004 1.329189
v -2.2002 0.17679003 1.2646191
v -2.20685 0.19835004 1.2698292
v -2.0115204 0.17570004 1.4483091
v -2.0686505 0.13320003 1.3875191
v -2.0473204 0.11526004 1.401689
v -1.6483806 0.10488008 2.0174592
v -1.6638604 0.094540074 2.077519
v -1.6635103 0.08244008 2.044439
v -1.9109802 0.108060054 1.5422894
v -1.8946304 0.09493005 1.4966693
v -1.8927603 0.08217006 1.5203892
v -1.8927603 0.08217006 1.5203892
v -1.8946304 0.09493005 1.4966693
v -1.8754202 6.644392E-08 1.5200592
v 1.2846689 0.17948009 2.2652001
v 1.275829 0.18351008 2.2875202
v 1.214309 0.1921301 2.2597601
v 0.9046891 0.049800098 2.3848898
v 0.933309 0.0706101 2.37168
v 0.97458905 0.07144009 2.4027598
v 0.8506291 0.113510095 2.3058202
v 0.87747914 0.11989009 2.3199
v 0.76975906 0.10102009 2.3209295
v 0.7830491 0.0769701 2.3412397
v 0.76975906 0.10102009 2.3209295
v 0.8187191 0.049630098 2.35624
v 0.7203091 0.10029009 2.3315296
v 0.73467904 0.1357601 2.29858
v 0.76975906 0.10102009 2.3209295
v 1.2149588 0.20901832 2.2487803
v 1.214309 0.1921301 2.2597601
v 1.147409 0.1914001 2.2607203
v 0.73499906 0.19585009 2.2952697
v 0.70695907 0.1934001 2.3128698
v 0.7215891 0.19202007 2.2628
v 0.9181691 0.113330066 2.1298301
v 0.8873591 0.11187007 2.1014402
v 1.0016689 0.10351007 2.1278899
v 0.53180915 0.13328007 2.1336296
v 0.5204191 0.12746006 2.1143298
v 0.61545914 0.11934007 2.1295795
v 0.5407591 0.12915008 2.3412797
v 0.54324913 0.1339201 2.3067796
v 0.5804291 0.13134009 2.34181
v 0.5114891 0.09899009 2.3374298
v 0.5014191 0.0975801 2.3499696
v 0.4763991 0.09917009 2.3250997
v 0.11945914 0.11409009 2.29487
v 0.16302913 0.1133601 2.3152099
v 0.10897912 0.10960008 2.3500197
v 0.15333924 9.159458E-08 2.0954397
v 0.19203922 0.11209007 2.0987797
v 0.08776922 0.11213007 2.0965097
v -0.18116082 0.1182001 2.3144796
v -0.1766408 0.12081008 2.2893999
v -0.14418083 0.1221501 2.30228
v -0.29210085 0.10634009 2.3649795
v -0.30099085 0.12121009 2.3422198
v -0.18116082 0.1182001 2.3144796
v -0.51907074 0.1961201 2.3049998
v -0.5385407 0.1867701 2.27486
v -0.5516707 0.19919007 2.1566296
v -0.52066076 0.13402009 2.3143196
v -0.4937108 0.10775009 2.34761
v -0.5383208 0.13228008 2.32052
v -0.6161307 0.12015009 2.3280096
v -0.65220076 0.10020009 2.3281
v -0.7369107 0.11397009 2.3267896
v -0.52066076 0.13402009 2.3143196
v -0.5383208 0.13228008 2.32052
v -0.5360507 0.13662009 2.2953596
v -0.5385407 0.1867701 2.27486
v -0.54252076 0.19967009 2.31052
v -0.5516707 0.19919007 2.1566296
v -0.75290066 0.117030084 2.3218496
v -0.7369107 0.11397009 2.3267896
v -0.7558707 0.11244009 2.3587298
v -0.74022067 0.13349007 2.1508696
v -0.7266706 0.103640065 2.1253097
v -0.7167707 0.19314006 2.1424396
v -0.77467066 0.07538007 2.1245196
v -0.8041406 0.105630085 2.1308296
v -0.8643906 0.10899007 2.0997694
v -0.7266706 0.103640065 2.1253097
v -0.74022067 0.13349007 2.1508696
v -0.8041406 0.105630085 2.1308296
v -1.0561707 0.074120075 2.0840094
v -1.0273707 0.07546008 2.0918996
v -1.0421207 0.11239008 2.0967693
v -0.95572066 0.07312008 2.0827596
v -0.9836506 0.06962008 2.0536497
v -0.9138507 0.05350009 2.0720193
v -0.95572066 0.07312008 2.0827596
v -0.9138507 0.05350009 2.0720193
v -0.8647406 9.179302E-08 2.0999794
v -0.9138507 0.05350009 2.0720193
v -0.9054207 9.041132E-08 2.0683696
v -0.8647406 9.179302E-08 2.0999794
v -0.55018073 9.253569E-08 2.1169698
v -0.55261075 9.16466E-08 2.0966299
v -0.51015073 0.09757008 2.1085596
v -0.6987207 0.107000075 2.1113298
v -0.7266706 0.103640065 2.1253097
v -0.73515064 0.10620008 2.0760696
v 0.4763991 0.09917009 2.3250997
v 0.5014191 0.0975801 2.3499696
v 0.4015391 0.0952301 2.3503497
v 1.3137289 0.15015009 2.2880201
v 1.311229 0.117320076 2.29229
v 1.251129 0.1546201 2.31425
v 1.275829 0.18351008 2.2875202
v 1.231609 0.18474008 2.3063402
v 1.214309 0.1921301 2.2597601
v 0.93437904 0.10778009 2.36046
v 0.978569 0.12829007 2.3293798
v 1.051699 0.10389009 2.35099
v 1.3003688 0.21056278 2.14477
v 1.3370589 0.2093528 2.1758602
v 1.3479289 0.21031281 2.2503603
v 0.7374991 0.18585007 2.16028
v 0.7547892 0.19927005 2.1446197
v 0.73499906 0.19585009 2.2952697
v 0.7374991 0.18585007 2.16028
v 0.72974914 0.19264005 2.1540296
v 0.7297291 0.17498006 2.1333196
v 0.53530914 0.20002006 2.1476896
v 0.53534913 0.17067006 2.1382098
v 0.6426692 0.17781006 2.1303098
v 0.11945914 0.11409009 2.29487
v 0.10897912 0.10960008 2.3500197
v 0.02521914 0.11056009 2.3199596
v -0.28049076 0.09775009 2.1452296
v -0.34982076 0.20018005 2.15237
v -0.47732073 0.09765008 2.14183
v -0.33372083 0.13146009 2.32147
v -0.30099085 0.12121009 2.3422198
v -0.52066076 0.13402009 2.3143196
v -1.0717307 0.14988008 2.3605494
v -1.0441407 0.1509901 2.3299494
v -1.0033308 0.10212008 2.3313694
v -1.1069608 0.19404007 2.3027592
v -1.1198708 0.19430007 2.2792091
v -0.9158207 0.1982701 2.3112395
v -1.1524907 0.19517009 2.3052292
v -1.1688007 0.19271009 2.2863593
v -1.1198708 0.19430007 2.2792091
v -1.0702307 9.053719E-08 2.0712492
v -1.0561707 0.074120075 2.0840094
v -1.0421207 0.11239008 2.0967693
v -0.30869076 0.09762008 2.0997896
v -0.27101076 9.134499E-08 2.08973
v -0.11733077 0.10952006 2.1070697
v 1.105679 0.1906301 2.26079
v 1.147409 0.1914001 2.2607203
v 1.193659 0.18235008 2.3284204
v 0.978569 0.12829007 2.3293798
v 0.93437904 0.10778009 2.36046
v 0.87747914 0.11989009 2.3199
v 0.53530914 0.20002006 2.1476896
v 0.52965915 0.18272007 2.16969
v 0.53534913 0.17067006 2.1382098
v 0.29809907 0.0975601 2.3570497
v 0.2795891 0.0843101 2.3405397
v 0.2736791 0.1123201 2.3151698
v -0.8647406 9.179302E-08 2.0999794
v -0.8643906 0.10899007 2.0997694
v -0.95572066 0.07312008 2.0827596
v 0.47623911 0.1199801 2.3157797
v 0.54324913 0.1339201 2.3067796
v 0.5407591 0.12915008 2.3412797
v 0.4763991 0.09917009 2.3250997
v 0.4015391 0.0952301 2.3503497
v 0.47623911 0.1199801 2.3157797
v 0.47623911 0.1199801 2.3157797
v 0.4015391 0.0952301 2.3503497
v 0.3975391 0.109660104 2.3138099
v 1.317239 0.1555601 2.26531
v 1.361239 0.087530084 2.2390301
v 1.3137289 0.15015009 2.2880201
v 1.306369 0.13574006 2.1285102
v 1.357759 0.08324009 2.1953802
v 1.301699 0.14174007 2.13736
v -0.6174608 0.108620085 2.3369396
v -0.65220076 0.10020009 2.3281
v -0.6161307 0.12015009 2.3280096
v 0.8959491 0.19841006 2.13638
v 0.93922895 0.1993201 2.2524002
v 0.8743991 0.1974001 2.25798
v 0.38865918 0.12776007 2.1127899
v 0.40204918 0.13524006 2.12672
v 0.32876918 0.13846007 2.1332996
v 0.6426692 0.17781006 2.1303098
v 0.61545914 0.11934007 2.1295795
v 0.6435892 0.10012007 2.1289196
v 1.1644589 0.15081006 2.09751
v 1.097649 0.16082007 2.13139
v 1.063699 0.15203007 2.0958402
v 2.2749994 0.13143003 1.3386207
v 2.3401792 0.12002004 1.2893206
v 2.3091393 0.11927006 1.3622106
v 2.0144289 0.11589007 1.6676205
v 2.0099092 0.19963007 1.6695503
v 2.052219 0.13759005 1.6328704
v 2.0813093 0.10381007 1.6338806
v 2.0144289 0.11589007 1.6676205
v 2.085339 0.13184005 1.6330504
v 2.085339 0.13184005 1.6330504
v 2.0144289 0.11589007 1.6676205
v 2.052219 0.13759005 1.6328704
v 1.9435892 0.09457008 1.7912705
v 1.8887492 0.11136008 1.7933905
v 1.9443493 0.11104006 1.7902803
v 1.5996891 0.19564006 1.8641304
v 1.7021791 0.19602007 1.9374304
v 1.5477092 0.20116007 1.8968004
v 1.7420692 0.113470055 1.9263204
v 1.6483793 0.10488008 2.0174603
v 1.7021791 0.19602007 1.9374304
v 1.8702593 0.19335006 1.6193603
v 1.6859691 0.19700007 1.7647203
v 1.8155891 0.17743005 1.6489302
v 1.493059 0.19489007 2.1645803
v 1.3804791 0.20013006 2.1279902
v 1.571579 0.20015004 2.0858104
v 1.360499 0.13657007 2.1263702
v 1.3111792 0.12804008 2.10302
v 1.366539 0.13646007 2.0884602
v 1.259359 0.1269501 2.23176
v 1.2117791 0.119440086 2.27484
v 1.2465191 0.11805008 2.20066
v 1.4775192 0.107820064 1.9294205
v 1.5394093 0.115320064 1.9000403
v 1.4850993 0.12763007 1.9255701
v 1.8157293 0.17461006 1.6320105
v 1.8702593 0.19335006 1.6193603
v 1.8155891 0.17743005 1.6489302
v 2.1830993 0.13166003 1.2302107
v 2.249609 0.13042007 1.2196807
v 2.1942394 0.14296006 1.2639506
v 2.2077193 0.10444004 1.2164806
v 2.249609 0.13042007 1.2196807
v 2.1830993 0.13166003 1.2302107
v 2.105009 0.10692005 1.2931906
v 2.0784793 0.13131003 1.3377706
v 2.0923393 0.073440045 1.3109506
v 2.0447893 0.08999007 1.6985804
v 2.058909 0.071320064 1.6792507
v 2.068289 0.08730006 1.7054906
v 1.6289189 0.07931009 2.1344204
v 1.605099 0.09767007 2.1205604
v 1.663859 0.094540074 2.0775204
v 1.3768592 0.10873008 2.3347003
v 1.5095991 0.114050075 2.1694205
v 1.4533991 0.10495009 2.2691803
v 1.4533991 0.10495009 2.2691803
v 1.5095991 0.114050075 2.1694205
v 1.464589 0.07194009 2.2564204
v 1.4893093 0.11097006 1.9044403
v 1.4831492 8.3079605E-08 1.9006402
v 1.5128992 0.09069007 1.8649004
v 1.9147792 0.077690065 1.4745604
v 1.9831891 0.09682005 1.4188305
v 1.8946292 0.09493005 1.4966704
v 1.9856492 0.06582006 1.3440505
v 2.071249 0.06663006 1.2840806
v 2.0144393 0.10239006 1.3620205
v 2.0784793 0.13131003 1.3377706
v 2.068649 0.13320003 1.3875207
v 2.047319 0.11526004 1.4016906
v 2.0923393 0.073440045 1.3109506
v 2.0784793 0.13131003 1.3377706
v 2.047319 0.11526004 1.4016906
v 1.9831891 0.09682005 1.4188305
v 2.0144393 0.10239006 1.3620205
v 2.047319 0.11526004 1.4016906
v 2.069059 0.10762007 1.6599708
v 2.0144289 0.11589007 1.6676205
v 2.0813093 0.10381007 1.6338806
v 1.9435892 0.09457008 1.7912705
v 1.8728992 0.10710008 1.8789304
v 1.8887492 0.11136008 1.7933905
v 2.132959 6.917677E-08 1.5825806
v 2.0813093 0.10381007 1.6338806
v 2.085339 0.13184005 1.6330504
v 2.058909 0.071320064 1.6792507
v 2.069059 0.10762007 1.6599708
v 2.0689993 7.2510204E-08 1.6588407
v 1.9733192 0.080740064 1.7676604
v 1.9864693 7.639659E-08 1.7477506
v 1.9435892 0.09457008 1.7912705
v 1.485579 0.06984009 2.2858703
v 1.478999 1.0030713E-07 2.2947602
v 1.4723891 0.10280009 2.2952104
v 1.5474092 0.07769008 1.8255202
v 1.5552193 8.0134775E-08 1.8332704
v 1.5521194 0.11156008 1.8386202
v 1.6992092 7.198128E-08 1.6467403
v 1.7962091 0.10184004 1.6074104
v 1.6903492 0.10824007 1.6815704
v 2.0799193 5.5406804E-08 1.2675606
v 2.0878294 0.10373003 1.2643607
v 2.071249 0.06663006 1.2840806
v 1.9109793 0.108060054 1.5422904
v 2.047319 0.11526004 1.4016906
v 2.011519 0.17570004 1.4483105
v 2.068649 0.13320003 1.3875207
v 2.2001991 0.17679003 1.2646207
v 2.1942394 0.14296006 1.2639506
v 2.192019 0.13625003 1.4765806
v 2.200799 0.13604003 1.4419806
v 2.1987891 0.13114004 1.5092206
v 1.4893093 0.11097006 1.9044403
v 1.5394093 0.115320064 1.9000403
v 1.4775192 0.107820064 1.9294205
v 1.485579 0.06984009 2.2858703
v 1.5433091 0.10380008 2.1989603
v 1.5735391 0.062400095 2.2235103
v 2.2615292 0.19479004 1.3291906
v 2.2068493 0.19835004 1.2698307
v 2.2001991 0.17679003 1.2646207
v 2.011519 0.17570004 1.4483105
v 2.047319 0.11526004 1.4016906
v 2.068649 0.13320003 1.3875207
v 1.6483793 0.10488008 2.0174603
v 1.6635091 0.08244008 2.0444405
v 1.663859 0.094540074 2.0775204
v 1.9109793 0.108060054 1.5422904
v 1.8927593 0.08217006 1.5203904
v 1.8946292 0.09493005 1.4966704
v 1.8927593 0.08217006 1.5203904
v 1.8754191 6.6443924E-08 1.5200603
v 1.8946292 0.09493005 1.4966704
v -1.3501189 0.19522989 -2.14492
v -1.264485 0.19946991 -2.1268198
v -1.3551561 0.17486991 -2.12229
v -1.3501189 0.19522989 -2.14492
v -1.3551561 0.17486991 -2.12229
v -1.3634254 0.1749499 -2.1483498
v -1.3543214 0.17559986 -2.27653
v -1.2671056 0.19989984 -2.27122
v -1.3529531 0.19283989 -2.25669
v -1.3634545 0.17419986 -2.2461598
v -1.3543214 0.17559986 -2.27653
v -1.3529531 0.19283989 -2.25669
v -1.3551561 0.17486991 -2.12229
v -1.357738 0.10952991 -2.1240199
v -1.3634254 0.1749499 -2.1483498
v -1.3634545 0.17419986 -2.2461598
v -1.3575339 0.11173989 -2.27762
v -1.3543214 0.17559986 -2.27653
v -1.357738 0.10952991 -2.1240199
v -1.3048705 0.1100299 -2.1194298
v -1.3352593 0.1009499 -2.13552
v -1.3358803 0.0996499 -2.26171
v -1.304366 0.10973988 -2.2784598
v -1.3575339 0.11173989 -2.27762
v -1.293505 0.13746987 -2.2779198
v -1.2223717 0.14933987 -2.30883
v -1.2634269 0.14771986 -2.28383
v -1.0162894 0.15667987 -2.2524698
v -1.0212101 0.20000985 -2.2624495
v -1.0202202 0.15207987 -2.2740996
v -1.0162894 0.15667987 -2.2524698
v -1.0202202 0.15207987 -2.2740996
v -1.0010706 0.15197986 -2.2601995
v -1.1577702 0.15884988 -2.2784598
v -1.1511023 0.19878986 -2.2636201
v -1.1595755 0.16026989 -2.27223
v -1.1516069 0.15211989 -2.0875099
v -1.2242546 0.1502399 -2.0895298
v -1.1577507 0.1587699 -2.11963
v -1.2649218 0.1457299 -2.1148896
v -1.2242546 0.1502399 -2.0895298
v -1.2987075 0.1323999 -2.1197202
v -1.2242546 0.1502399 -2.0895298
v -1.1516069 0.15211989 -2.0875099
v -1.2259142 0.1078799 -2.07985
v -1.0019054 0.076129906 -2.1067495
v -0.9237354 0.0765599 -2.07954
v -1.0063409 0.054059897 -2.09774
v -1.0019054 0.076129906 -2.1067495
v -1.0198126 0.1526899 -2.1247299
v -0.99333537 0.10301991 -2.1174998
v -0.8592407 0.11051991 -2.0861394
v -0.7498276 0.112279914 -2.0848596
v -0.851078 0.0793499 -2.0725799
v -0.7412283 0.19937985 -2.2661593
v -0.7289892 0.17640987 -2.2744596
v -0.73026067 0.19556986 -2.2456396
v -0.75079805 0.11197985 -2.3130796
v -0.732299 0.11460989 -2.2791498
v -0.7774501 0.11606988 -2.2903993
v -0.92638487 0.11182985 -2.30805
v -0.9087788 0.11545989 -2.25751
v -0.96318907 0.1117799 -2.2776496
v -0.60460997 0.114519894 -2.2869298
v -0.60359097 0.20017986 -2.2694795
v -0.64829564 0.10146989 -2.2788198
v -0.5912646 0.12777987 -2.2834394
v -0.60359097 0.20017986 -2.2694795
v -0.60460997 0.114519894 -2.2869298
v -0.4364674 0.13859987 -2.2764297
v -0.43894243 0.2000399 -2.2618196
v -0.60359097 0.20017986 -2.2694795
v -0.64829564 0.10146989 -2.2788198
v -0.6304856 -1.0010518E-07 -2.2901397
v -0.60460997 0.114519894 -2.2869298
v -0.54460907 0.13113992 -2.1044493
v -0.5939046 0.1266699 -2.1138093
v -0.54369676 0.1342199 -2.1222599
v -0.6034842 0.09636991 -2.1089094
v -0.64546156 0.1000499 -2.1186996
v -0.603523 0.11368991 -2.1106594
v -0.5939046 0.1266699 -2.1138093
v -0.6034842 0.09636991 -2.1089094
v -0.603523 0.11368991 -2.1106594
v -0.39543158 0.13578992 -2.1161194
v -0.34906718 0.14493991 -2.1433597
v -0.3720699 0.12928988 -2.1010299
v -0.60460997 0.114519894 -2.2869298
v -0.53990173 0.12654987 -2.2943594
v -0.5912646 0.12777987 -2.2834394
v -0.30367336 0.13152988 -2.1009595
v -0.32703516 0.14396991 -2.1386297
v -0.27824426 0.1634499 -2.0948997
v -0.27800158 0.1625099 -2.3368278
v -0.32691863 0.14427987 -2.2581794
v -0.32876718 0.13062988 -2.347769
v -1.304366 0.10973988 -2.2784598
v -1.3142754 -1.0053006E-07 -2.29986
v -1.293505 0.13746987 -2.2779198
v -1.0202202 0.15207987 -2.2740996
v -1.0282856 -1.00046584E-07 -2.2887995
v -0.99710107 0.1003399 -2.2828195
v -1.0017502 0.1511399 -2.1364696
v -1.0198126 0.1526899 -2.1247299
v -1.0156195 0.1562799 -2.1474097
v -0.7412283 0.19937985 -2.2661593
v -0.7774308 0.19965987 -2.2768192
v -0.7289892 0.17640987 -2.2744596
v -1.0251505 -1.0051475E-07 -2.2995098
v -0.99710107 0.1003399 -2.2828195
v -1.0282856 -1.00046584E-07 -2.2887995
v -0.4335267 0.13903989 -2.1313798
v -0.44045666 0.12704988 -2.1010895
v -0.43715662 0.13669991 -2.1219594
v -0.7289892 0.17640987 -2.2744596
v -0.732299 0.11460989 -2.2791498
v -0.73026067 0.19556986 -2.2456396
v -0.41281453 0.19906986 -2.2746894
v -0.37705854 0.19836986 -2.2755096
v -0.4360114 0.19828987 -2.2535799
v -1.0198126 0.1526899 -2.1247299
v -1.0209384 0.20005994 -2.1358097
v -1.0156195 0.1562799 -2.1474097
v 0.98065305 0.17797987 -2.2698495
v 0.962813 0.19736986 -2.2618494
v 0.96234286 0.11821988 -2.2767196
v 1.0887629 0.1118899 -2.1132896
v 1.0622531 0.11164991 -2.0848596
v 0.96564287 0.119079895 -2.1210394
v 0.89899296 0.11259991 -2.1140096
v 0.9015529 0.11501989 -2.1356597
v 0.94498295 0.1170699 -2.1169295
v 0.7855831 0.0870099 -2.26486
v 0.8144329 0.10215989 -2.2840896
v 0.74318296 0.104089886 -2.28596
v 0.74318296 0.104089886 -2.28596
v 0.71157295 0.10684989 -2.2981997
v 0.751663 0.10693988 -2.3314695
v 0.614603 0.10686988 -2.3018897
v 0.595533 0.085589886 -2.3021796
v 0.61979306 0.10463989 -2.3367596
v 0.595533 0.085589886 -2.3021796
v 0.56282294 0.09745988 -2.3025796
v 0.50796306 0.08053988 -2.3331096
v 0.55060303 0.109949894 -2.2977297
v 0.56282294 0.09745988 -2.3025796
v 0.56400305 0.121039875 -2.3057399
v 0.539813 0.11301988 -2.2879798
v 0.55060303 0.109949894 -2.2977297
v 0.56400305 0.121039875 -2.3057399
v 0.34792307 0.112339884 -2.2854996
v 0.37950307 0.10990989 -2.3586993
v 0.42814305 0.10995988 -2.2925396
v 0.46708307 0.10881987 -2.3127692
v 0.42814305 0.10995988 -2.2925396
v 0.47257307 0.11239988 -2.2847297
v 0.50989306 -1.0193844E-07 -2.3320796
v 0.50796306 0.08053988 -2.3331096
v 0.44626307 -1.02340586E-07 -2.3412797
v 0.19381312 0.09879988 -2.3259735
v 0.17067309 0.0797799 -2.29543
v 0.17097309 -1.0163093E-07 -2.3250444
v 0.43478307 0.20052986 -2.2766197
v 0.478593 0.20085986 -2.2691696
v 0.434153 0.2007899 -2.1221397
v 0.34792307 0.112339884 -2.2854996
v 0.34370306 0.11127988 -2.2580996
v 0.30949306 0.10995988 -2.28353
v 0.345043 0.110759884 -2.1362495
v 0.34899297 0.11265991 -2.1119597
v 0.309933 0.11288991 -2.1144998
v 0.25808302 0.1003299 -2.0930898
v 0.27678636 0.082019895 -2.07126
v 0.17035303 0.082529895 -2.1045597
v 0.276933 0.10721988 -2.1447496
v 0.309933 0.11288991 -2.1144998
v 0.25808302 0.1003299 -2.0930898
v 0.78356296 0.20086989 -2.1238399
v 0.751453 0.18356991 -2.1209495
v 0.7097729 0.19553989 -2.1364095
v 0.79549295 0.0969099 -2.1193695
v 0.7864629 0.1136199 -2.1050797
v 0.89899296 0.11259991 -2.1140096
v 0.7127429 0.1312799 -2.1002395
v 0.718323 0.1354599 -2.11357
v 0.7345229 0.1175499 -2.1112897
v 0.705323 0.17819989 -2.11791
v 0.7097729 0.19553989 -2.1364095
v 0.751453 0.18356991 -2.1209495
v 0.696463 0.20003991 -2.1238596
v 0.7097729 0.19553989 -2.1364095
v 0.705323 0.17819989 -2.11791
v 0.5489129 0.109069906 -2.09883
v 0.5382229 0.11165991 -2.1102798
v 0.56552297 0.1203099 -2.0917995
v 0.5489129 0.109069906 -2.09883
v 0.56552297 0.1203099 -2.0917995
v 0.6064829 0.07430991 -2.0947597
v 0.6064829 0.07430991 -2.0947597
v 0.56552297 0.1203099 -2.0917995
v 0.6437329 0.13042988 -2.10132
v 0.8579328 0.0722099 -2.0668197
v 0.85430294 0.0648699 -2.0897694
v 0.9070728 0.09850989 -2.0825095
v 0.9070728 0.09850989 -2.0825095
v 0.92138284 0.07797991 -2.0716894
v 0.8579328 0.0722099 -2.0668197
v 0.89899296 0.11259991 -2.1140096
v 0.8888929 0.1121199 -2.0912695
v 0.79549295 0.0969099 -2.1193695
v 0.78567296 0.08232989 -2.1339796
v 0.79549295 0.0969099 -2.1193695
v 0.79637295 0.057549898 -2.0996795
v 0.79637295 0.057549898 -2.0996795
v 0.79549295 0.0969099 -2.1193695
v 0.85430294 0.0648699 -2.0897694
v 0.56400305 0.121039875 -2.3057399
v 0.614603 0.10686988 -2.3018897
v 0.563913 0.20029986 -2.2804096
v 0.55060303 0.109949894 -2.2977297
v 0.539813 0.11301988 -2.2879798
v 0.508323 0.10993988 -2.3131397
v 0.17067309 0.0797799 -2.29543
v 0.19381312 0.09879988 -2.3259735
v 0.15474303 0.08206989 -2.1993797
v 0.9070728 0.09850989 -2.0825095
v 0.8888929 0.1121199 -2.0912695
v 0.92138284 0.07797991 -2.0716894
v 1.063733 0.0705399 -2.0841293
v 1.0622531 0.11164991 -2.0848596
v 1.0887629 0.1118899 -2.1132896
v 0.8144329 0.10215989 -2.2840896
v 0.8529531 0.06638989 -2.3018694
v 0.88094294 0.11068988 -2.3082793
v 1.024233 -1.0225098E-07 -2.3392293
v 0.857663 0.07292989 -2.3308597
v 0.851163 -1.0181693E-07 -2.3292994
v 0.941033 0.11629988 -2.2773495
v 0.962533 0.111399874 -2.3100395
v 0.96234286 0.11821988 -2.2767196
v 0.941033 0.11629988 -2.2773495
v 0.9028929 0.116729885 -2.2628593
v 0.898773 0.11263988 -2.2850695
v 0.962533 0.111399874 -2.3100395
v 1.0606129 0.0571199 -2.3156195
v 1.058333 0.11224986 -2.3121092
v 2.275 0.13142991 -1.3386191
v 2.3091402 0.11926994 -1.362209
v 2.3401802 0.12001992 -1.289319
v 2.0144303 0.11588991 -1.6676191
v 2.0522203 0.1375899 -1.632869
v 2.0099106 0.1996299 -1.6695491
v 2.0813105 0.10380992 -1.633879
v 2.0853405 0.1318399 -1.6330489
v 2.0144303 0.11588991 -1.6676191
v 2.0853405 0.1318399 -1.6330489
v 2.0522203 0.1375899 -1.632869
v 2.0144303 0.11588991 -1.6676191
v 1.9435902 0.09456991 -1.7912693
v 1.9443502 0.1110399 -1.7902792
v 1.8887504 0.11135992 -1.7933894
v 1.5996903 0.19563992 -1.8641292
v 1.5477104 0.20115988 -1.8967992
v 1.7021803 0.19601987 -1.9374292
v 1.7420704 0.113469906 -1.9263192
v 1.7021803 0.19601987 -1.9374292
v 1.6483806 0.10487989 -2.0174592
v 1.8702602 0.1933499 -1.6193591
v 1.8155903 0.1774299 -1.6489292
v 1.6859703 0.19699991 -1.7647191
v 1.4930606 0.1948899 -2.164579
v 1.5715806 0.2001499 -2.0858092
v 1.3804806 0.20012991 -2.127989
v 1.3354406 0.14039987 -2.323719
v 1.3768607 0.108729884 -2.3346992
v 1.3546106 0.19456987 -2.3226192
v 1.3605006 0.1365699 -2.1263692
v 1.3665406 0.1364599 -2.0884588
v 1.3111807 0.12803991 -2.1030192
v 1.2593607 0.12694988 -2.2317593
v 1.2465206 0.11804989 -2.2006593
v 1.2117807 0.11943988 -2.2748392
v 1.4775203 0.1078199 -1.9294193
v 1.4851004 0.12762988 -1.925569
v 1.5394104 0.115319915 -1.9000392
v 1.8157305 0.1746099 -1.6320093
v 1.8155903 0.1774299 -1.6489292
v 1.8702602 0.1933499 -1.6193591
v 2.1831 0.13165991 -1.230209
v 2.1942403 0.14295994 -1.263949
v 2.24961 0.13041992 -1.2196791
v 2.20772 0.10443993 -1.216479
v 2.1831 0.13165991 -1.230209
v 2.24961 0.13041992 -1.2196791
v 2.10501 0.10691993 -1.293189
v 2.0923402 0.073439926 -1.310949
v 2.07848 0.13130991 -1.337769
v 2.0447905 0.089989915 -1.6985792
v 2.0682902 0.08729992 -1.705489
v 2.0589104 0.07131991 -1.679249
v 1.6289206 0.07930989 -2.134419
v 1.6638604 0.094539896 -2.077519
v 1.6051006 0.09766991 -2.1205592
v 1.3768607 0.108729884 -2.3346992
v 1.4534006 0.1049499 -2.2691789
v 1.5096006 0.11404988 -2.1694193
v 1.4534006 0.1049499 -2.2691789
v 1.4645905 0.0719399 -2.2564192
v 1.5096006 0.11404988 -2.1694193
v 1.4893104 0.11096991 -1.9044391
v 1.5129004 0.090689905 -1.8648992
v 1.4831504 -8.307959E-08 -1.900639
v 1.9147803 0.07768993 -1.4745593
v 1.8946304 0.09492992 -1.4966693
v 1.9831903 0.09681993 -1.4188291
v 1.9856504 0.06581994 -1.3440492
v 2.0144403 0.10238994 -1.3620192
v 2.07125 0.06662993 -1.2840791
v 2.07848 0.13130991 -1.337769
v 2.0473204 0.11525992 -1.401689
v 2.0686505 0.13319992 -1.3875191
v 2.0923402 0.073439926 -1.310949
v 2.0473204 0.11525992 -1.401689
v 2.07848 0.13130991 -1.337769
v 1.9831903 0.09681993 -1.4188291
v 2.0473204 0.11525992 -1.401689
v 2.0144403 0.10238994 -1.3620192
v 2.0690603 0.10761991 -1.6599692
v 2.0813105 0.10380992 -1.633879
v 2.0144303 0.11588991 -1.6676191
v 1.9435902 0.09456991 -1.7912693
v 1.8887504 0.11135992 -1.7933894
v 1.8729004 0.10709991 -1.8789293
v 2.1329603 -6.917675E-08 -1.582579
v 2.0853405 0.1318399 -1.6330489
v 2.0813105 0.10380992 -1.633879
v 2.0589104 0.07131991 -1.679249
v 2.0690005 -7.251018E-08 -1.6588391
v 2.0690603 0.10761991 -1.6599692
v 1.9733204 0.08073992 -1.7676593
v 1.9435902 0.09456991 -1.7912693
v 1.9864702 -7.639657E-08 -1.7477493
v 1.4855806 0.0698399 -2.2858691
v 1.4723907 0.1027999 -2.2952092
v 1.4790006 -1.00307126E-07 -2.294759
v 1.5474104 0.07768991 -1.8255191
v 1.5521204 0.11155991 -1.8386192
v 1.5552204 -8.013476E-08 -1.8332692
v 1.6992104 -7.198127E-08 -1.6467391
v 1.6903502 0.108239904 -1.6815692
v 1.7962103 0.10183992 -1.6074092
v 2.07992 -5.5406794E-08 -1.267559
v 2.07125 0.06662993 -1.2840791
v 2.08783 0.10372994 -1.2643591
v 1.9109802 0.10805993 -1.5422894
v 2.0115204 0.17569992 -1.4483091
v 2.0473204 0.11525992 -1.401689
v 2.0686505 0.13319992 -1.3875191
v 2.2002 0.17678991 -1.2646191
v 2.1942403 0.14295994 -1.263949
v 2.1920204 0.13624991 -1.4765791
v 2.1987903 0.13113993 -1.509219
v 2.2008002 0.13603991 -1.4419789
v 1.4893104 0.11096991 -1.9044391
v 1.4775203 0.1078199 -1.9294193
v 1.5394104 0.115319915 -1.9000392
v 1.4855806 0.0698399 -2.2858691
v 1.5735407 0.062399894 -2.223509
v 1.5433106 0.10379989 -2.1989589
v 2.26153 0.19025852 -1.329189
v 2.2002 0.17678991 -1.2646191
v 2.20685 0.19381854 -1.2698292
v 2.0115204 0.17569992 -1.4483091
v 2.0686505 0.13319992 -1.3875191
v 2.0473204 0.11525992 -1.401689
v 1.6483806 0.10487989 -2.0174592
v 1.6638604 0.094539896 -2.077519
v 1.6635103 0.0824399 -2.044439
v 1.9109802 0.10805993 -1.5422894
v 1.8946304 0.09492992 -1.4966693
v 1.8927603 0.08216992 -1.5203892
v 1.8927603 0.08216992 -1.5203892
v 1.8946304 0.09492992 -1.4966693
v 1.8754202 -6.644392E-08 -1.5200592
v 2.2652001 0.17947993 -1.284669
v 2.2875202 0.18350992 -1.275829
v 2.2597601 0.19212992 -1.2143091
v 2.3574197 -3.9004973E-08 -0.89232916
v 2.3612697 0.050559953 -0.8579592
v 2.37168 0.07060996 -0.9333092
v 2.37168 0.07060996 -0.9333092
v 2.3848898 0.04979995 -0.9046892
v 2.3574197 -3.9004973E-08 -0.89232916
v 2.3848898 0.04979995 -0.9046892
v 2.37168 0.07060996 -0.9333092
v 2.4027598 0.071439944 -0.97458905
v 2.3865898 0.06365995 -1.0261691
v 2.3626497 0.080899954 -1.0328591
v 2.3839 -4.687739E-08 -1.0724292
v 2.3199 0.119889945 -0.87747926
v 2.3058202 0.113509946 -0.8506292
v 2.3029602 0.17411993 -0.8804891
v 2.2949102 0.19462994 -0.87490916
v 2.3029602 0.17411993 -0.8804891
v 2.3058202 0.113509946 -0.8506292
v 2.3058202 0.113509946 -0.8506292
v 2.3199 0.119889945 -0.87747926
v 2.3209295 0.10101995 -0.7697592
v 2.3412397 0.07696995 -0.78304917
v 2.3209295 0.10101995 -0.7697592
v 2.35624 0.049629956 -0.81871915
v 2.3315296 0.10028996 -0.7203092
v 2.29858 0.13575996 -0.73467916
v 2.3209295 0.10101995 -0.7697592
v 2.35344 -3.61034E-08 -0.82594913
v 2.3687198 -3.6110396E-08 -0.8261092
v 2.35624 0.049629956 -0.81871915
v 2.3848898 0.04979995 -0.9046892
v 2.38686 -3.915752E-08 -0.8958192
v 2.3574197 -3.9004973E-08 -0.89232916
v 2.2487803 0.20098992 -1.2149591
v 2.2597601 0.19212992 -1.2143091
v 2.2607203 0.19139993 -1.1474091
v 2.26531 0.15555994 -1.3172392
v 2.2652001 0.17947993 -1.284669
v 2.2503603 0.2004199 -1.347929
v 2.2952697 0.19584996 -0.7349992
v 2.3128698 0.19339997 -0.7069592
v 2.2628 0.19201994 -0.72158915
v 2.1298301 0.11332994 -0.91816914
v 2.1014402 0.111869946 -0.8873593
v 2.1278899 0.10350995 -1.001669
v 2.2845497 0.17887995 -0.5465392
v 2.2994096 0.19264995 -0.5537292
v 2.3067796 0.13391995 -0.5432492
v 2.1336296 0.13327995 -0.53180933
v 2.1143298 0.12745994 -0.52041924
v 2.1295795 0.11933995 -0.61545926
v 2.29701 0.19854994 -0.53878915
v 2.2845497 0.17887995 -0.5465392
v 2.3067796 0.13391995 -0.5432492
v 2.29701 0.19854994 -0.53878915
v 2.3067796 0.13391995 -0.5432492
v 2.3157797 0.11997996 -0.4762392
v 2.3412797 0.12914994 -0.5407592
v 2.3067796 0.13391995 -0.5432492
v 2.34181 0.13133995 -0.5804292
v 2.3374298 0.09898996 -0.5114892
v 2.3499696 0.09757996 -0.5014192
v 2.3250997 0.09916996 -0.47639918
v 2.29487 0.11408997 -0.11945925
v 2.3152099 0.11335999 -0.16302924
v 2.3500197 0.10959997 -0.10897923
v 2.3405397 0.08430997 -0.27958918
v 2.3570497 0.09755997 -0.29809916
v 2.3522298 -1.138462E-08 -0.26044917
v 2.0954397 -6.7026953E-09 -0.15333931
v 2.0987797 0.11208999 -0.19203931
v 2.0965097 0.11212997 -0.087769315
v 2.3144796 0.11819999 0.18116073
v 2.2893999 0.12080999 0.17664072
v 2.30228 0.12214999 0.14418073
v 2.3649795 0.10634001 0.29210073
v 2.3422198 0.12121 0.30099076
v 2.3144796 0.11819999 0.18116073
v 2.2893999 0.12080999 0.17664072
v 2.3144796 0.11819999 0.18116073
v 2.2927396 0.19048999 0.1816307
v 2.3049998 0.19612002 0.5190707
v 2.27486 0.18677002 0.53854066
v 2.1566296 0.19919002 0.5516706
v 2.3143196 0.13402002 0.5206607
v 2.34761 0.107750006 0.4937107
v 2.32052 0.13228 0.53832066
v 2.3376498 2.753643E-08 0.62996066
v 2.3281 0.10020002 0.6522006
v 2.3369396 0.108620025 0.6174606
v 2.3280096 0.12015003 0.6161307
v 2.3281 0.10020002 0.6522006
v 2.3267896 0.11397002 0.73691064
v 2.3143196 0.13402002 0.5206607
v 2.32052 0.13228 0.53832066
v 2.2953596 0.13662001 0.5360507
v 2.27486 0.18677002 0.53854066
v 2.31052 0.19967002 0.54252064
v 2.1566296 0.19919002 0.5516706
v 2.3218496 0.11703001 0.75290066
v 2.3267896 0.11397002 0.73691064
v 2.3587298 0.11244001 0.75587064
v 2.3587298 0.11244001 0.75587064
v 2.3636897 3.2976747E-08 0.7544206
v 2.3525393 0.10728004 0.8883506
v 2.1508696 0.13349001 0.7402206
v 2.1253097 0.103640005 0.72667056
v 2.1424396 0.19314 0.7167705
v 2.1245196 0.07538003 0.77467054
v 2.1308296 0.105630025 0.8041406
v 2.0997694 0.108990036 0.8643906
v 2.1253097 0.103640005 0.72667056
v 2.1508696 0.13349001 0.7402206
v 2.1308296 0.105630025 0.8041406
v 2.0840094 0.07412003 1.0561706
v 2.0918996 0.07546003 1.0273706
v 2.0967693 0.112390034 1.0421206
v 2.0827596 0.073120035 0.95572066
v 2.0536497 0.06962004 0.9836506
v 2.0720193 0.05350004 0.91385055
v 2.0827596 0.073120035 0.95572066
v 2.0720193 0.05350004 0.91385055
v 2.0999794 3.779899E-08 0.8647406
v 2.0720193 0.05350004 0.91385055
v 2.0683696 3.9577166E-08 0.90542054
v 2.0999794 3.779899E-08 0.8647406
v 2.1169698 2.4049138E-08 0.55018055
v 2.0966299 2.4155357E-08 0.55261064
v 2.1085596 0.09757001 0.51015055
v 2.1113298 0.107000016 0.6987206
v 2.1253097 0.103640005 0.72667056
v 2.0760696 0.10620002 0.73515064
v 2.3250997 0.09916996 -0.47639918
v 2.3499696 0.09757996 -0.5014192
v 2.3503497 0.09522998 -0.40153918
v 2.3774595 1.41030485E-08 0.32264072
v 2.34761 0.107750006 0.4937107
v 2.3649795 0.10634001 0.29210073
v 2.2880201 0.15014993 -1.3137289
v 2.29229 0.11731992 -1.3112291
v 2.31425 0.15461992 -1.2511292
v 2.2875202 0.18350992 -1.275829
v 2.3063402 0.18473992 -1.231609
v 2.2597601 0.19212992 -1.2143091
v 2.3284204 0.1823499 -1.1936591
v 2.3285801 0.15348992 -1.1935791
v 2.3288403 0.11853993 -1.190869
v 2.36046 0.10777995 -0.93437904
v 2.3293798 0.12828994 -0.97856915
v 2.35099 0.10388995 -1.0516992
v 2.1447701 0.20066991 -1.3003691
v 2.1758602 0.19945993 -1.337059
v 2.2503603 0.2004199 -1.347929
v 2.3449097 0.06779997 -0.5343192
v 2.3476999 0.09460997 -0.5393692
v 2.3412497 -2.374008E-08 -0.5431092
v 2.3510897 0.10687997 -0.5912192
v 2.34181 0.13133995 -0.5804292
v 2.32357 0.19132994 -0.5850392
v 2.16028 0.18584996 -0.73749924
v 2.1446197 0.19926995 -0.75478923
v 2.2952697 0.19584996 -0.7349992
v 2.16028 0.18584996 -0.73749924
v 2.1540296 0.19263995 -0.72974926
v 2.1333196 0.17497994 -0.72972924
v 2.1476896 0.20001994 -0.5353093
v 2.1382098 0.17066994 -0.53534925
v 2.1303098 0.17780994 -0.64266926
v 2.29487 0.11408997 -0.11945925
v 2.3500197 0.10959997 -0.10897923
v 2.3199596 0.110559985 -0.025219247
v 2.36651 -1.777129E-08 -0.4065592
v 2.35791 0.056949977 -0.5295692
v 2.3582296 -2.3737895E-08 -0.54305923
v 2.3721797 0.10908998 -0.017999234
v 2.3992395 -9.131216E-10 -0.020889217
v 2.3584297 0.098390006 0.08535076
v 2.3422198 0.12121 0.30099076
v 2.32147 0.13146001 0.33372074
v 2.31735 0.20152998 0.33792073
v 2.1452296 0.09775001 0.28049067
v 2.15237 0.20017998 0.34982067
v 2.14183 0.09765001 0.47732064
v 2.32147 0.13146001 0.33372074
v 2.3422198 0.12121 0.30099076
v 2.3143196 0.13402002 0.5206607
v 2.3605494 0.14988002 1.0717307
v 2.3299494 0.15099002 1.0441406
v 2.3313694 0.10212002 1.0033307
v 2.3027592 0.19404002 1.1069607
v 2.2792091 0.19430001 1.1198707
v 2.3112395 0.19827004 0.9158206
v 2.3052292 0.19517002 1.1524907
v 2.2863593 0.19271001 1.1688006
v 2.2792091 0.19430001 1.1198707
v 2.0712492 4.678124E-08 1.0702306
v 2.0840094 0.07412003 1.0561706
v 2.0967693 0.112390034 1.0421206
v 2.0997896 0.09762001 0.30869067
v 2.08973 1.184623E-08 0.27101067
v 2.1070697 0.109519996 0.11733065
v 2.26079 0.19062994 -1.105679
v 2.2607203 0.19139993 -1.1474091
v 2.3284204 0.1823499 -1.1936591
v 2.3293798 0.12828994 -0.97856915
v 2.36046 0.10777995 -0.93437904
v 2.3199 0.119889945 -0.87747926
v 2.1476896 0.20001994 -0.5353093
v 2.16969 0.18271995 -0.5296593
v 2.1382098 0.17066994 -0.53534925
v 2.3570497 0.09755997 -0.29809916
v 2.3405397 0.08430997 -0.27958918
v 2.3151698 0.112319976 -0.2736792
v 2.31052 0.19967002 0.54252064
v 2.32052 0.13228 0.53832066
v 2.3280096 0.12015003 0.6161307
v 2.0999794 3.779899E-08 0.8647406
v 2.0997694 0.108990036 0.8643906
v 2.0827596 0.073120035 0.95572066
v 2.3157797 0.11997996 -0.4762392
v 2.3067796 0.13391995 -0.5432492
v 2.3412797 0.12914994 -0.5407592
v 2.3250997 0.09916996 -0.47639918
v 2.3503497 0.09522998 -0.40153918
v 2.3157797 0.11997996 -0.4762392
v 2.3157797 0.11997996 -0.4762392
v 2.3503497 0.09522998 -0.40153918
v 2.3138099 0.10965997 -0.3975392
v 2.26531 0.15555994 -1.3172392
v 2.2390301 0.08752993 -1.3612391
v 2.2880201 0.15014993 -1.3137289
v 2.1285102 0.13573991 -1.3063691
v 2.1953802 0.083239935 -1.357759
v 2.13736 0.14173993 -1.3016992
v 2.3369396 0.108620025 0.6174606
v 2.3281 0.10020002 0.6522006
v 2.3280096 0.12015003 0.6161307
v 2.35099 0.10388995 -1.0516992
v 2.3839 -4.687739E-08 -1.0724292
v 2.3626497 0.080899954 -1.0328591
v 2.13638 0.19840991 -0.89594924
v 2.2524002 0.19931993 -0.93922913
v 2.25798 0.19739993 -0.87439924
v 2.1127899 0.12775996 -0.38865927
v 2.12672 0.13523996 -0.40204924
v 2.1332996 0.13845997 -0.32876927
v 2.1303098 0.17780994 -0.64266926
v 2.1295795 0.11933995 -0.61545926
v 2.1289196 0.10011995 -0.64358926
v 2.09751 0.15080994 -1.1644591
v 2.13139 0.16081995 -1.0976491
v 2.0958402 0.15202993 -1.0636991
v -0.45990166 0.013089892 -2.4178998
v -0.45160165 0.013089897 -2.3544095
v -0.46820188 0.013089898 -2.3387995
v 1.8008964 0.013330086 2.0071108
v 1.8368073 0.01333009 2.0636075
v 1.827985 0.01333009 2.0857177
v 2.4913843 0.034580063 1.4204073
v 2.4609845 0.03458006 1.3807074
v 2.4661145 0.03458006 1.3636672
v 0.49062642 0.011889893 -2.4188437
v 0.45372638 0.011889895 -2.385094
v 0.4363164 0.011889895 -2.3887239
v 2.497961 0.010059953 -1.0462943
v 2.456641 0.010059953 -1.0344542
v 2.4633908 0.010059953 -1.0447543
v -2.2987602 0.19800004 1.3253491
v -2.3216703 0.13940005 1.312019
v -2.3062901 0.16281003 1.177989
v -2.28636 0.19271001 1.168799
v -2.3027601 0.19404002 1.106959
v -2.3276803 0.16069004 1.1138191
v -2.32995 0.15099002 1.044139
v -2.31124 0.19827004 0.9158191
v -2.3315296 0.10028996 -0.7203106
v -2.3805196 0.10559996 -0.7281607
v -2.39546 -3.1544765E-08 -0.72166073
v -2.3251998 -3.1315277E-08 -0.7164107
v -2.2875192 0.18350992 -1.2758306
v -2.3063393 0.18473992 -1.2316107
v -2.314249 0.15461992 -1.2511307
v -2.2880192 0.15014993 -1.3137306
v -2.3063393 0.18473992 -1.2316107
v -2.3284194 0.1823499 -1.1936606
v -2.3285794 0.15348992 -1.1935806
v -2.314249 0.15461992 -1.2511307
v -2.2953596 0.13662001 0.5360492
v -2.27486 0.18677002 0.5385392
v -2.31052 0.19967002 0.5425192
v -2.32052 0.13228 0.53831923
v -2.3052301 0.19517002 1.1524892
v -2.32164 0.16028002 1.152649
v -2.30079 0.16662003 1.123079
v -2.27921 0.19430001 1.1198691
v -2.2927396 0.19048999 0.18162923
v -2.31735 0.20152998 0.3379192
v -2.3422198 0.12121 0.30098918
v -2.3144796 0.11819999 0.18115921
v -2.2880192 0.15014993 -1.3137306
v -2.265309 0.15555994 -1.3172407
v -2.2651994 0.17947993 -1.2846706
v -2.2875192 0.18350992 -1.2758306
v -2.2584894 0.18425992 -0.9436806
v -2.2606494 0.18455993 -0.88494056
v -2.3029594 0.17411993 -0.8804906
v -2.3244295 0.18471994 -0.9785006
v -2.2606494 0.18455993 -0.88494056
v -2.2579794 0.19739993 -0.8744007
v -2.2949095 0.19462994 -0.8749106
v -2.3029594 0.17411993 -0.8804906
v 0.9436791 0.18426009 2.2584898
v 0.97849905 0.18472008 2.3244302
v 0.8804891 0.1741201 2.3029602
v 0.88493896 0.18456008 2.2606502
v 0.88493896 0.18456008 2.2606502
v 0.8804891 0.1741201 2.3029602
v 0.8749091 0.1946301 2.2949102
v 0.8743991 0.1974001 2.25798
v -2.2749994 0.13142991 -1.3386207
v -2.3401792 0.12001992 -1.2893206
v -2.3091393 0.11926994 -1.3622106
v -2.200799 0.13603991 -1.4419806
v -2.1987891 0.13113993 -1.5092206
v -1.4893093 0.11096991 -1.9044403
v -1.4831492 -8.3079605E-08 -1.9006402
v -1.5128992 0.090689905 -1.8649004
v -1.4775192 0.1078199 -1.9294205
v -1.4244591 -8.67942E-08 -1.9856203
v -2.200799 0.13603991 -1.4419806
v -2.1789792 0.19594991 -1.4386406
v -2.2615292 0.19478992 -1.3291906
v -2.2749994 0.13142991 -1.3386207
v -2.1789792 0.19594991 -1.4386406
v -2.2068493 0.19834992 -1.2698307
v -2.2615292 0.19478992 -1.3291906
v -2.0360892 0.19584991 -1.4414104
v -2.1828492 0.19537991 -1.4737006
v -2.0099092 0.1996299 -1.6695503
v -2.1828492 0.19537991 -1.4737006
v -2.1789792 0.19594991 -1.4386406
v -2.200799 0.13603991 -1.4419806
v -2.192019 0.13624991 -1.4765806
v -2.249609 0.13041992 -1.2196807
v -2.3401792 0.12001992 -1.2893206
v -2.2749994 0.13142991 -1.3386207
v -2.1942394 0.14295994 -1.2639506
v -2.052219 0.1375899 -1.6328704
v -2.0099092 0.1996299 -1.6695503
v -2.1828492 0.19537991 -1.4737006
v -2.192019 0.13624991 -1.4765806
v -2.0099092 0.1996299 -1.6695503
v -2.0144289 0.11588991 -1.6676205
v -1.9664192 0.12222991 -1.6985905
v -1.9538593 0.1967799 -1.6997004
v -2.0360892 0.19584991 -1.4414104
v -2.011519 0.17569992 -1.4483105
v -2.2001991 0.17678991 -1.2646207
v -2.2068493 0.19834992 -1.2698307
v -1.8887492 0.11135992 -1.7933905
v -1.8702892 0.19761992 -1.7981802
v -1.9538593 0.1967799 -1.6997004
v -1.9664192 0.12222991 -1.6985905
v -1.9443493 0.1110399 -1.7902803
v -1.8887492 0.11135992 -1.7933905
v -1.9664192 0.12222991 -1.6985905
v -2.0111392 0.11431991 -1.7202004
v -1.7420692 0.113469906 -1.9263204
v -1.7021791 0.19601987 -1.9374304
v -1.8702892 0.19761992 -1.7981802
v -1.8887492 0.11135992 -1.7933905
v -1.6859691 0.19699991 -1.7647203
v -1.7021791 0.19601987 -1.9374304
v -1.5996891 0.19563992 -1.8641304
v -1.8702892 0.19761992 -1.7981802
v -1.8702593 0.1933499 -1.6193603
v -1.9538593 0.1967799 -1.6997004
v -2.0099092 0.1996299 -1.6695503
v -2.0360892 0.19584991 -1.4414104
v -1.5477092 0.20115988 -1.8968004
v -1.571579 0.2001499 -2.0858104
v -1.418109 0.19766986 -2.0205903
v -1.3804791 0.20012991 -2.1279902
v -1.373589 0.1983299 -2.1000903
v -1.571579 0.2001499 -2.0858104
v -1.7021791 0.19601987 -1.9374304
v -1.6483793 0.10487989 -2.0174603
v -1.5763391 0.1022899 -2.0905004
v -1.5095991 0.11404988 -2.1694205
v -1.493059 0.1948899 -2.1645803
v -1.6702491 0.1122499 -1.7681704
v -1.6859691 0.19699991 -1.7647203
v -1.5996891 0.19563992 -1.8641304
v -1.5856792 0.122569904 -1.8711603
v -1.5477092 0.20115988 -1.8968004
v -1.5394093 0.115319915 -1.9000403
v -1.5856792 0.122569904 -1.8711603
v -1.5996891 0.19563992 -1.8641304
v -1.6859691 0.19699991 -1.7647203
v -1.6702491 0.1122499 -1.7681704
v -1.8183693 0.11236991 -1.6480904
v -1.8155891 0.1774299 -1.6489302
v -1.5394093 0.115319915 -1.9000403
v -1.5477092 0.20115988 -1.8968004
v -1.418109 0.19766986 -2.0205903
v -1.4109991 0.13623989 -2.0194104
v -1.418109 0.19766986 -2.0205903
v -1.373589 0.1983299 -2.1000903
v -1.366539 0.1364599 -2.0884602
v -1.4109991 0.13623989 -2.0194104
v -1.360499 0.1365699 -2.1263702
v -1.366539 0.1364599 -2.0884602
v -1.373589 0.1983299 -2.1000903
v -1.3804791 0.20012991 -2.1279902
v -1.360499 0.1365699 -2.1263702
v -1.3804791 0.20012991 -2.1279902
v -1.275499 0.19131987 -2.2457702
v -1.259359 0.12694988 -2.23176
v -1.3804791 0.20012991 -2.1279902
v -1.493059 0.1948899 -2.1645803
v -1.354609 0.19456987 -2.3226202
v -1.275499 0.19131987 -2.2457702
v -1.3354391 0.14039987 -2.32372
v -1.259359 0.12694988 -2.23176
v -1.275499 0.19131987 -2.2457702
v -1.354609 0.19456987 -2.3226202
v -1.366539 0.1364599 -2.0884602
v -1.3111792 0.12803991 -2.10302
v -1.3969591 0.12668988 -2.0131602
v -1.4109991 0.13623989 -2.0194104
v -1.360499 0.1365699 -2.1263702
v -1.259359 0.12694988 -2.23176
v -1.2465191 0.11804989 -2.20066
v -1.3111792 0.12803991 -2.10302
v -1.3102791 0.13165987 -2.34399
v -1.2117791 0.11943988 -2.27484
v -1.259359 0.12694988 -2.23176
v -1.3354391 0.14039987 -2.32372
v -1.4850993 0.12762988 -1.9255701
v -1.5394093 0.115319915 -1.9000403
v -1.4109991 0.13623989 -2.0194104
v -1.3969591 0.12668988 -2.0131602
v -1.6149292 0.11214993 -1.7728004
v -1.6702491 0.1122499 -1.7681704
v -1.5856792 0.122569904 -1.8711603
v -1.5521194 0.11155991 -1.8386202
v -1.8157293 0.1746099 -1.6320105
v -1.8155891 0.1774299 -1.6489302
v -1.8183693 0.11236991 -1.6480904
v -1.8145893 0.11037991 -1.6331404
v -1.8702593 0.1933499 -1.6193603
v -1.8157293 0.1746099 -1.6320105
v -2.011519 0.17569992 -1.4483105
v -2.0360892 0.19584991 -1.4414104
v -2.1942394 0.14295994 -1.2639506
v -2.068649 0.13319992 -1.3875207
v -2.0784793 0.13130991 -1.3377706
v -2.1830993 0.13165991 -1.2302107
v -2.1830993 0.13165991 -1.2302107
v -2.0784793 0.13130991 -1.3377706
v -2.105009 0.10691993 -1.2931906
v -2.2077193 0.10443993 -1.2164806
v -2.0923393 0.073439926 -1.3109506
v -2.047319 0.11525992 -1.4016906
v -2.0144393 0.10238994 -1.3620205
v -2.071249 0.06662993 -1.2840806
v -2.2189093 -6.507271E-08 -1.4886906
v -2.1987891 0.13113993 -1.5092206
v -2.3091393 0.11926994 -1.3622106
v -2.340269 -5.9371427E-08 -1.3582606
v -2.085339 0.1318399 -1.6330504
v -2.052219 0.1375899 -1.6328704
v -2.192019 0.13624991 -1.4765806
v -2.1987891 0.13113993 -1.5092206
v -2.069059 0.10761991 -1.6599708
v -2.058909 0.07131991 -1.6792507
v -2.0447893 0.089989915 -1.6985804
v -2.0111392 0.11431991 -1.7202004
v -2.0908492 -7.398021E-08 -1.6924706
v -2.068289 0.08729992 -1.7054906
v -2.058909 0.07131991 -1.6792507
v -2.0689993 -7.2510204E-08 -1.6588407
v -2.0401492 0.07772992 -1.7459806
v -2.0117192 0.07990992 -1.7369105
v -2.0447893 0.089989915 -1.6985804
v -2.068289 0.08729992 -1.7054906
v -1.9864693 -7.639659E-08 -1.7477506
v -1.9733192 0.08073992 -1.7676604
v -2.0117192 0.07990992 -1.7369105
v -2.003539 -7.556867E-08 -1.7288103
v -2.0117192 0.07990992 -1.7369105
v -2.0401492 0.07772992 -1.7459806
v -2.040759 -7.634893E-08 -1.7466606
v -2.003539 -7.556867E-08 -1.7288103
v -2.068289 0.08729992 -1.7054906
v -2.0908492 -7.398021E-08 -1.6924706
v -2.040759 -7.634893E-08 -1.7466606
v -2.0401492 0.07772992 -1.7459806
v -1.7328091 -8.747086E-08 -2.0011005
v -1.7138892 0.0970599 -1.9959202
v -1.8728992 0.10709991 -1.8789304
v -1.8891392 -8.298345E-08 -1.8984404
v -1.6783592 -8.878131E-08 -2.0310805
v -1.6635091 0.0824399 -2.0444405
v -1.7138892 0.0970599 -1.9959202
v -1.7328091 -8.747086E-08 -2.0011005
v -1.663859 0.094539896 -2.0775204
v -1.6852591 -8.9624066E-08 -2.0503602
v -1.6405289 -9.270878E-08 -2.1209302
v -1.6289189 0.07930989 -2.1344204
v -1.5763991 -9.7018294E-08 -2.2195206
v -1.5735391 0.062399894 -2.2235103
v -1.663859 0.094539896 -2.0775204
v -1.605099 0.09766991 -2.1205604
v -1.5763391 0.1022899 -2.0905004
v -1.6483793 0.10487989 -2.0174603
v -1.5095991 0.11404988 -2.1694205
v -1.5763391 0.1022899 -2.0905004
v -1.605099 0.09766991 -2.1205604
v -1.5433091 0.10379989 -2.1989603
v -1.485579 0.0698399 -2.2858703
v -1.5735391 0.062399894 -2.2235103
v -1.5763991 -9.7018294E-08 -2.2195206
v -1.478999 -1.0030713E-07 -2.2947602
v -1.5433091 0.10379989 -2.1989603
v -1.485579 0.0698399 -2.2858703
v -1.464589 0.0719399 -2.2564204
v -1.5095991 0.11404988 -2.1694205
v -1.4723891 0.1027999 -2.2952104
v -1.4533991 0.1049499 -2.2691803
v -1.464589 0.0719399 -2.2564204
v -1.485579 0.0698399 -2.2858703
v -1.4723891 0.1027999 -2.2952104
v -1.383309 0.09606987 -2.3834903
v -1.3768592 0.108729884 -2.3347003
v -1.4533991 0.1049499 -2.2691803
v -1.3768592 0.108729884 -2.3347003
v -1.383309 0.09606987 -2.3834903
v -1.3102791 0.13165987 -2.34399
v -1.3354391 0.14039987 -2.32372
v -1.383309 0.09606987 -2.3834903
v -1.396249 -1.0430367E-07 -2.3861904
v -1.2877392 -1.0326814E-07 -2.3625002
v -1.3102791 0.13165987 -2.34399
v -1.218739 -9.635169E-08 -2.2042701
v -1.2465191 0.11804989 -2.20066
v -1.2117791 0.11943988 -2.27484
v -1.2104791 -9.8928474E-08 -2.26322
v -1.3119789 -9.190363E-08 -2.1025102
v -1.3969591 0.12668988 -2.0131602
v -1.3111792 0.12803991 -2.10302
v -1.4244591 -8.67942E-08 -1.9856203
v -1.4775192 0.1078199 -1.9294205
v -1.4850993 0.12762988 -1.9255701
v -1.5521194 0.11155991 -1.8386202
v -1.4893093 0.11096991 -1.9044403
v -1.5128992 0.090689905 -1.8649004
v -1.5474092 0.07768991 -1.8255202
v -1.4888893 0.08763991 -1.8584105
v -1.5128992 0.090689905 -1.8649004
v -1.4831492 -8.3079605E-08 -1.9006402
v -1.4674093 -8.195404E-08 -1.8748903
v -1.5474092 0.07768991 -1.8255202
v -1.5192891 0.08352991 -1.8200403
v -1.5291492 -7.890168E-08 -1.8050604
v -1.5552193 -8.0134775E-08 -1.8332704
v -1.5192891 0.08352991 -1.8200403
v -1.5474092 0.07768991 -1.8255202
v -1.5128992 0.090689905 -1.8649004
v -1.4888893 0.08763991 -1.8584105
v -1.4888893 0.08763991 -1.8584105
v -1.4674093 -8.195404E-08 -1.8748903
v -1.5291492 -7.890168E-08 -1.8050604
v -1.5192891 0.08352991 -1.8200403
v -1.7962091 0.10183992 -1.6074104
v -1.6992092 -7.198128E-08 -1.6467403
v -1.8754191 -6.6443924E-08 -1.5200603
v -1.8927593 0.08216992 -1.5203904
v -1.9831891 0.09681993 -1.4188305
v -2.047319 0.11525992 -1.4016906
v -1.9109793 0.10805993 -1.5422904
v -1.8946292 0.09492992 -1.4966704
v -1.8946292 0.09492992 -1.4966704
v -1.8754191 -6.6443924E-08 -1.5200603
v -1.9050891 -6.4883E-08 -1.4843504
v -1.9147792 0.07768993 -1.4745604
v -1.9147792 0.07768993 -1.4745604
v -1.9050891 -6.4883E-08 -1.4843504
v -1.9858892 -5.8422458E-08 -1.3365506
v -1.9856492 0.06581994 -1.3440505
v -2.071249 0.06662993 -1.2840806
v -2.0878294 0.10372994 -1.2643607
v -2.105009 0.10691993 -1.2931906
v -2.0923393 0.073439926 -1.3109506
v -1.9858892 -5.8422458E-08 -1.3365506
v -2.0799193 -5.5406804E-08 -1.2675606
v -2.071249 0.06662993 -1.2840806
v -1.9856492 0.06581994 -1.3440505
v -2.2077193 0.10443993 -1.2164806
v -2.105009 0.10691993 -1.2931906
v -2.0878294 0.10372994 -1.2643607
v -2.1789296 0.10616993 -1.1792706
v -2.1789296 0.10616993 -1.1792706
v -2.1627192 -5.1397606E-08 -1.1758406
v -2.2115095 -5.3556064E-08 -1.2252207
v -2.2077193 0.10443993 -1.2164806
v -1.2117791 0.11943988 -2.27484
v -1.3102791 0.13165987 -2.34399
v -1.2877392 -1.0326814E-07 -2.3625002
v -1.2104791 -9.8928474E-08 -2.26322
v -2.2615292 0.19478992 -1.3291906
v -2.2001991 0.17678991 -1.2646207
v -2.1942394 0.14295994 -1.2639506
v -2.2749994 0.13142991 -1.3386207
v -2.0111392 0.11431991 -1.7202004
v -1.9664192 0.12222991 -1.6985905
v -2.0144289 0.11588991 -1.6676205
v -2.069059 0.10761991 -1.6599708
v -1.8728992 0.10709991 -1.8789304
v -1.7138892 0.0970599 -1.9959202
v -1.7420692 0.113469906 -1.9263204
v -1.8887492 0.11135992 -1.7933905
v -1.9109793 0.10805993 -1.5422904
v -1.8145893 0.11037991 -1.6331404
v -1.7962091 0.10183992 -1.6074104
v -1.8927593 0.08216992 -1.5203904
v -2.0689993 -7.2510204E-08 -1.6588407
v -2.069059 0.10761991 -1.6599708
v -2.0813093 0.10380992 -1.6338806
v -2.132959 -6.917677E-08 -1.5825806
v -1.8891392 -8.298345E-08 -1.8984404
v -1.8728992 0.10709991 -1.8789304
v -1.9435892 0.09456991 -1.7912705
v -1.9864693 -7.639659E-08 -1.7477506
v -1.4723891 0.1027999 -2.2952104
v -1.478999 -1.0030713E-07 -2.2947602
v -1.396249 -1.0430367E-07 -2.3861904
v -1.383309 0.09606987 -2.3834903
v -1.5748993 -7.9158696E-08 -1.8109404
v -1.6149292 0.11214993 -1.7728004
v -1.5521194 0.11155991 -1.8386202
v -1.5552193 -8.0134775E-08 -1.8332704
v -1.6992092 -7.198128E-08 -1.6467403
v -1.6903492 0.108239904 -1.6815704
v -1.6149292 0.11214993 -1.7728004
v -1.5748993 -7.9158696E-08 -1.8109404
v -2.1627192 -5.1397606E-08 -1.1758406
v -2.1789296 0.10616993 -1.1792706
v -2.0878294 0.10372994 -1.2643607
v -2.0799193 -5.5406804E-08 -1.2675606
v -1.8157293 0.1746099 -1.6320105
v -1.8145893 0.11037991 -1.6331404
v -1.9109793 0.10805993 -1.5422904
v -2.011519 0.17569992 -1.4483105
v -1.3768592 0.108729884 -2.3347003
v -1.354609 0.19456987 -2.3226202
v -1.493059 0.1948899 -2.1645803
v -1.5095991 0.11404988 -2.1694205
v -1.9831891 0.09681993 -1.4188305
v -1.9147792 0.07768993 -1.4745604
v -1.9856492 0.06581994 -1.3440505
v -2.0144393 0.10238994 -1.3620205
v -1.6483793 0.10487989 -2.0174603
v -1.7420692 0.113469906 -1.9263204
v -1.7138892 0.0970599 -1.9959202
v -1.6635091 0.0824399 -2.0444405
v -1.5521194 0.11155991 -1.8386202
v -1.5856792 0.122569904 -1.8711603
v -1.5394093 0.115319915 -1.9000403
v -1.4893093 0.11096991 -1.9044403
v -1.6702491 0.1122499 -1.7681704
v -1.6149292 0.11214993 -1.7728004
v -1.6903492 0.108239904 -1.6815704
v -1.7962091 0.10183992 -1.6074104
v -1.8183693 0.11236991 -1.6480904
v -1.6702491 0.1122499 -1.7681704
v -1.7962091 0.10183992 -1.6074104
v -1.8145893 0.11037991 -1.6331404
v -2.0111392 0.11431991 -1.7202004
v -2.0447893 0.089989915 -1.6985804
v -2.0117192 0.07990992 -1.7369105
v -1.9443493 0.1110399 -1.7902803
v -1.9443493 0.1110399 -1.7902803
v -2.0117192 0.07990992 -1.7369105
v -1.9733192 0.08073992 -1.7676604
v -1.9435892 0.09456991 -1.7912705
v -2.1987891 0.13113993 -1.5092206
v -2.2189093 -6.507271E-08 -1.4886906
v -2.132959 -6.917677E-08 -1.5825806
v -2.085339 0.1318399 -1.6330504
v -1.5433091 0.10379989 -2.1989603
v -1.605099 0.09766991 -2.1205604
v -1.6289189 0.07930989 -2.1344204
v -1.5735391 0.062399894 -2.2235103
v -1.6635091 0.0824399 -2.0444405
v -1.6783592 -8.878131E-08 -2.0310805
v -1.6852591 -8.9624066E-08 -2.0503602
v -1.663859 0.094539896 -2.0775204
v -2.1336696 0.11721996 -0.74464065
v -2.0953395 0.11085997 -0.74997056
v -2.1289396 0.11468997 -0.73070055
v -2.1510696 0.11966996 -0.73620063
v -2.0987797 0.11208999 -0.19204065
v -2.1555595 0.12123998 -0.1664507
v -2.1629295 0.13900997 -0.26693067
v -2.1116397 0.12797996 -0.28961068
v -2.3584297 0.098390006 0.08534921
v -2.3199596 0.110559985 -0.02522076
v -2.30228 0.12214999 0.14417922
v -2.3144796 0.11819999 0.18115921
v -2.3649795 0.10634001 0.29209918
v -2.1555595 0.12123998 -0.1664507
v -2.1610296 0.12905 -0.118630715
v -2.29487 0.11408997 -0.11946076
v -2.3152099 0.11335999 -0.16303074
v -2.315519 0.10127992 -1.3404807
v -2.2922893 0.11731992 -1.3112307
v -2.3288395 0.11853993 -1.1908706
v -2.3745093 0.10466993 -1.1609707
v -2.3604598 0.10777995 -0.93438053
v -2.3716795 0.07060996 -0.9333106
v -2.3626494 0.080899954 -1.0328606
v -2.3509893 0.10388995 -1.0517007
v -2.3716795 0.07060996 -0.9333106
v -2.3604598 0.10777995 -0.93438053
v -2.3569095 0.10654995 -0.8526606
v -2.3612692 0.050559953 -0.85796064
v -2.4027593 0.071439944 -0.97459066
v -2.3865893 0.06365995 -1.0261706
v -2.3626494 0.080899954 -1.0328606
v -2.3716795 0.07060996 -0.9333106
v -2.3562396 0.049629956 -0.8187206
v -2.3612692 0.050559953 -0.85796064
v -2.3569095 0.10654995 -0.8526606
v -2.3209295 0.10101995 -0.76976067
v -2.3284996 0.06300997 -0.7401507
v -2.3412397 0.07696995 -0.7830506
v -2.3209295 0.10101995 -0.76976067
v -2.3315296 0.10028996 -0.7203106
v -2.3619096 0.07213997 -0.7574406
v -2.3612394 0.07838995 -0.79890066
v -2.3412397 0.07696995 -0.7830506
v -2.3284996 0.06300997 -0.7401507
v -2.2606494 0.18455993 -0.88494056
v -2.2584894 0.18425992 -0.9436806
v -2.2523994 0.19931993 -0.93923056
v -2.2579794 0.19739993 -0.8744007
v -2.2456393 0.19535993 -1.0938606
v -2.2523994 0.19931993 -0.93923056
v -2.2584894 0.18425992 -0.9436806
v -2.2607894 0.19062994 -1.1056806
v -2.2607193 0.19139993 -1.1474106
v -2.1706192 0.19503993 -1.1572706
v -2.1680195 0.18770993 -1.1141907
v -2.2607894 0.19062994 -1.1056806
v -2.1706192 0.19503993 -1.1572706
v -2.2607193 0.19139993 -1.1474106
v -2.2487793 0.20098992 -1.2149607
v -2.1399395 0.2009099 -1.2066406
v -2.2487793 0.20098992 -1.2149607
v -2.2597594 0.19212992 -1.2143106
v -2.2651994 0.17947993 -1.2846706
v -2.2503593 0.2004199 -1.3479306
v -2.1373594 0.14173993 -1.3017007
v -2.1447694 0.20066991 -1.3003707
v -2.1758592 0.19945993 -1.3370606
v -2.1476693 0.13385992 -1.3451006
v -2.1344094 0.15590993 -1.2106706
v -2.1399395 0.2009099 -1.2066406
v -2.1447694 0.20066991 -1.3003707
v -2.1373594 0.14173993 -1.3017007
v -2.1399395 0.2009099 -1.2066406
v -2.1344094 0.15590993 -1.2106706
v -2.1541092 0.16365993 -1.1719706
v -2.1706192 0.19503993 -1.1572706
v -2.1544492 0.16652995 -1.1131806
v -2.1680195 0.18770993 -1.1141907
v -2.1706192 0.19503993 -1.1572706
v -2.1541092 0.16365993 -1.1719706
v -2.0975091 0.15080994 -1.1644607
v -2.1344094 0.15590993 -1.2106706
v -2.1002693 0.14786993 -1.2380706
v -2.1541092 0.16365993 -1.1719706
v -2.1313894 0.16081995 -1.0976506
v -2.1544492 0.16652995 -1.1131806
v -2.1373594 0.14173993 -1.3017007
v -2.1285093 0.13573991 -1.3063706
v -2.1002693 0.14786993 -1.2380706
v -2.1344094 0.15590993 -1.2106706
v -2.0964992 -5.392499E-08 -1.2336607
v -2.1002693 0.14786993 -1.2380706
v -2.1285093 0.13573991 -1.3063706
v -2.1058495 -5.787781E-08 -1.3240906
v -2.0975792 -5.0869566E-08 -1.1637607
v -2.0975091 0.15080994 -1.1644607
v -2.1002693 0.14786993 -1.2380706
v -2.0964992 -5.392499E-08 -1.2336607
v -2.0975091 0.15080994 -1.1644607
v -2.0975792 -5.0869566E-08 -1.1637607
v -2.0950594 -4.6612517E-08 -1.0663706
v -2.0958395 0.15202993 -1.0637007
v -2.1570594 0.19454993 -1.1033307
v -2.1680195 0.18770993 -1.1141907
v -2.1544492 0.16652995 -1.1131806
v -2.1313894 0.16081995 -1.0976506
v -2.1680195 0.18770993 -1.1141907
v -2.1570594 0.19454993 -1.1033307
v -2.2456393 0.19535993 -1.0938606
v -2.2607894 0.19062994 -1.1056806
v -2.3315296 0.10028996 -0.7203106
v -2.3510897 0.10687997 -0.5912207
v -2.38354 0.10490998 -0.5933107
v -2.3805196 0.10559996 -0.7281607
v -2.3476999 0.09460997 -0.53937066
v -2.3510897 0.10687997 -0.5912207
v -2.34181 0.13133995 -0.5804306
v -2.3412797 0.12914994 -0.54076064
v -2.1336696 0.11721996 -0.74464065
v -2.1510696 0.11966996 -0.73620063
v -2.16028 0.18584996 -0.73750055
v -2.1446197 0.19926995 -0.7547906
v -2.0988195 -3.8919314E-08 -0.8903706
v -2.1014395 0.111869946 -0.88736063
v -2.1278894 0.10350995 -1.0016706
v -2.1091495 -4.5065566E-08 -1.0309807
v -2.0988195 -3.8919314E-08 -0.8903706
v -2.09533 -3.271798E-08 -0.74850065
v -2.0953395 0.11085997 -0.74997056
v -2.1014395 0.111869946 -0.88736063
v -2.1055999 0.09913996 -0.65640056
v -2.0953395 0.11085997 -0.74997056
v -2.09533 -3.271798E-08 -0.74850065
v -2.09827 -2.757621E-08 -0.63087064
v -2.1055999 0.09913996 -0.65640056
v -2.1289196 0.10011995 -0.64359057
v -2.1289396 0.11468997 -0.73070055
v -2.0953395 0.11085997 -0.74997056
v -2.11913 -2.7449444E-08 -0.6279706
v -2.1289196 0.10011995 -0.64359057
v -2.1055999 0.09913996 -0.65640056
v -2.09827 -2.757621E-08 -0.63087064
v -2.1303098 0.17780994 -0.6426706
v -2.1333196 0.17497994 -0.72973055
v -2.1289396 0.11468997 -0.73070055
v -2.1289196 0.10011995 -0.64359057
v -2.16969 0.18271995 -0.5296606
v -2.2845497 0.17887995 -0.5465406
v -2.2994096 0.19264995 -0.5537306
v -2.1476896 0.20001994 -0.5353106
v -2.1431396 0.13463995 -0.5136306
v -2.15785 0.13437994 -0.53185064
v -2.1336296 0.13327995 -0.53181064
v -2.1143298 0.12745994 -0.5204206
v -2.0954397 -6.702712E-09 -0.15334067
v -2.0987797 0.11208999 -0.19204065
v -2.1116397 0.12797996 -0.28961068
v -2.11087 -1.6176717E-08 -0.37008062
v -2.1341197 0.19603996 -0.33191067
v -2.1332996 0.13845997 -0.32877067
v -2.1629295 0.13900997 -0.26693067
v -2.16866 0.19618995 -0.26458064
v -2.12672 0.13523996 -0.40205064
v -2.1332996 0.13845997 -0.32877067
v -2.1341197 0.19603996 -0.33191067
v -2.1268196 0.19635996 -0.40293065
v -2.16969 0.18271995 -0.5296606
v -2.15785 0.13437994 -0.53185064
v -2.1431396 0.13463995 -0.5136306
v -2.1519296 0.19614995 -0.5132706
v -2.29701 0.19854994 -0.5387906
v -2.2845497 0.17887995 -0.5465406
v -2.16969 0.18271995 -0.5296606
v -2.1519296 0.19614995 -0.5132706
v -2.16866 0.19618995 -0.26458064
v -2.1607797 0.19995996 -0.17480071
v -2.29108 0.19342 -0.16845073
v -2.30107 0.19932996 -0.26309073
v -2.3374298 0.09898996 -0.5114907
v -2.3449097 0.06779997 -0.5343207
v -2.3476999 0.09460997 -0.53937066
v -2.3412797 0.12914994 -0.54076064
v -2.3449097 0.06779997 -0.5343207
v -2.3374298 0.09898996 -0.5114907
v -2.3499696 0.09757996 -0.5014206
v -2.35791 0.056949977 -0.5295707
v -2.3405397 0.08430997 -0.27959076
v -2.3151698 0.112319976 -0.27368072
v -2.3152099 0.11335999 -0.16303074
v -2.3500197 0.10959997 -0.10898077
v -2.1610296 0.12905 -0.118630715
v -2.1555595 0.12123998 -0.1664507
v -2.0987797 0.11208999 -0.19204065
v -2.0965097 0.11212997 -0.08777068
v -2.1289299 0.109959975 -0.017220698
v -2.1610296 0.12905 -0.118630715
v -2.0965097 0.11212997 -0.08777068
v -2.0830495 0.10592 0.026289314
v -2.0549896 1.3620388E-09 0.031159328
v -2.0830495 0.10592 0.026289314
v -2.0965097 0.11212997 -0.08777068
v -2.0954397 -6.702712E-09 -0.15334067
v -2.1610296 0.12905 -0.118630715
v -2.1623096 0.19481997 -0.118290685
v -2.2944796 0.19371997 -0.12464075
v -2.29487 0.11408997 -0.11946076
v -2.2944796 0.19371997 -0.12464075
v -2.1623096 0.19481997 -0.118290685
v -2.1457899 0.20020999 0.0011392921
v -2.3181496 0.18784997 0.024989234
v -2.16372 0.19510998 0.13383926
v -2.2948096 0.19388996 0.14836924
v -2.1623096 0.19481997 -0.118290685
v -2.1610296 0.12905 -0.118630715
v -2.1289299 0.109959975 -0.017220698
v -2.1457899 0.20020999 0.0011392921
v -2.1561198 0.113149986 0.14039928
v -2.16372 0.19510998 0.13383926
v -2.1457899 0.20020999 0.0011392921
v -2.1289299 0.109959975 -0.017220698
v -2.30228 0.12214999 0.14417922
v -2.2948096 0.19388996 0.14836924
v -2.16372 0.19510998 0.13383926
v -2.1561198 0.113149986 0.14039928
v -2.2893999 0.12080999 0.17663924
v -2.30228 0.12214999 0.14417922
v -2.1561198 0.113149986 0.14039928
v -2.1397798 0.11035999 0.17466928
v -2.1070697 0.109519996 0.11732929
v -2.1629798 0.19138001 0.18596923
v -2.2927396 0.19048999 0.18162923
v -2.2893999 0.12080999 0.17663924
v -2.1397798 0.11035999 0.17466928
v -2.1629798 0.19138001 0.18596923
v -2.1397798 0.11035999 0.17466928
v -2.1452296 0.09775001 0.28048927
v -2.15237 0.20017998 0.34981927
v -2.1566296 0.19919002 0.55166924
v -2.1424396 0.19314 0.7167692
v -2.3018496 0.19468999 0.73352915
v -2.31052 0.19967002 0.5425192
v -2.1607497 0.19608001 0.7663592
v -2.3163397 0.19705 0.7668292
v -2.3018496 0.19468999 0.73352915
v -2.1424396 0.19314 0.7167692
v -2.3504295 0.09987002 0.66307914
v -2.3281 0.10020002 0.65219915
v -2.3267896 0.11397002 0.7369092
v -2.3587298 0.11244001 0.7558692
v -2.3525398 0.10728004 0.88834924
v -2.3587298 0.11244001 0.7558692
v -2.3218496 0.11703001 0.75289917
v -2.3332698 0.11551003 0.89665926
v -2.3525398 0.10728004 0.88834924
v -2.3332698 0.11551003 0.89665926
v -2.3257701 0.11464001 0.92441916
v -2.33137 0.10212002 1.0033292
v -2.1663501 0.19597003 0.9069992
v -2.3208997 0.19958003 0.8990492
v -2.3163397 0.19705 0.7668292
v -2.1607497 0.19608001 0.7663592
v -2.1663501 0.19597003 0.9069992
v -2.1688602 0.18446003 0.93648916
v -2.31124 0.19827004 0.9158191
v -2.3208997 0.19958003 0.8990492
v -2.3605497 0.14988002 1.0717292
v -2.32995 0.15099002 1.044139
v -2.3276803 0.16069004 1.1138191
v -2.3591802 0.14975001 1.1689191
v -2.3276803 0.16069004 1.1138191
v -2.30079 0.16662003 1.123079
v -2.32164 0.16028002 1.152649
v -2.3591802 0.14975001 1.1689191
v -2.3591802 0.14975001 1.1689191
v -2.32164 0.16028002 1.152649
v -2.3062901 0.16281003 1.177989
v -2.3216703 0.13940005 1.312019
v -2.1566296 0.19919002 0.55166924
v -2.1451595 0.13299002 0.55212927
v -2.1130695 0.13045001 0.6989093
v -2.1424396 0.19314 0.7167692
v -2.1130695 0.13045001 0.6989093
v -2.1113298 0.107000016 0.6987192
v -2.1253097 0.103640005 0.7266692
v -2.1424396 0.19314 0.7167692
v -2.1607497 0.19608001 0.7663592
v -2.1424396 0.19314 0.7167692
v -2.1508696 0.13349001 0.74021924
v -2.1308298 0.105630025 0.8041393
v -2.1308298 0.105630025 0.8041393
v -2.1510699 0.119000025 0.8973392
v -2.1663501 0.19597003 0.9069992
v -2.1607497 0.19608001 0.7663592
v -2.1510699 0.119000025 0.8973392
v -2.1688602 0.18446003 0.93648916
v -2.1663501 0.19597003 0.9069992
v -2.1358602 0.11701001 0.9212793
v -2.1688602 0.18446003 0.93648916
v -2.1261199 0.11271002 1.074359
v -2.1335402 0.18548001 1.119279
v -2.0997698 0.108990036 0.8643892
v -2.1358602 0.11701001 0.9212793
v -2.1510699 0.119000025 0.8973392
v -2.1308298 0.105630025 0.8041393
v -2.1253097 0.103640005 0.7266692
v -2.11281 0.070680015 0.74886924
v -2.1245196 0.07538003 0.77466923
v -2.1308298 0.105630025 0.8041393
v -2.09677 0.112390034 1.042119
v -2.1261199 0.11271002 1.074359
v -2.1358602 0.11701001 0.9212793
v -2.0997698 0.108990036 0.8643892
v -2.1261199 0.11271002 1.074359
v -2.09677 0.112390034 1.042119
v -2.08531 0.11471004 1.1633492
v -2.12666 0.11470003 1.235149
v -2.11432 0.10204006 1.3138291
v -2.1595602 0.112140045 1.3493291
v -2.12666 0.11470003 1.235149
v -2.08531 0.11471004 1.1633492
v -2.11432 0.10204006 1.3138291
v -2.08531 0.11471004 1.1633492
v -2.0587602 5.091938E-08 1.1648991
v -2.1087 5.8528656E-08 1.3389791
v -2.12666 0.11470003 1.235149
v -2.1294003 0.18457004 1.2388191
v -2.1335402 0.18548001 1.119279
v -2.1261199 0.11271002 1.074359
v -2.16611 0.18173003 1.321269
v -2.1294003 0.18457004 1.2388191
v -2.12666 0.11470003 1.235149
v -2.1595602 0.112140045 1.3493291
v -2.19994 0.19152002 1.1663791
v -2.1335402 0.18548001 1.119279
v -2.1294003 0.18457004 1.2388191
v -2.16611 0.18173003 1.321269
v -2.2987602 0.19800004 1.3253491
v -2.19994 0.19152002 1.1663791
v -2.28636 0.19271001 1.168799
v -2.27921 0.19430001 1.1198691
v -2.1335402 0.18548001 1.119279
v -2.08401 0.07412003 1.056169
v -2.05365 0.06962004 0.9836492
v -2.0447598 4.3075374E-08 0.9854492
v -2.0712497 4.678122E-08 1.070229
v -2.0918999 0.07546003 1.027369
v -2.0827599 0.073120035 0.95571935
v -2.05365 0.06962004 0.9836492
v -2.08401 0.07412003 1.056169
v -2.0447598 4.3075374E-08 0.9854492
v -2.05365 0.06962004 0.9836492
v -2.0720198 0.05350004 0.91384923
v -2.0683699 3.957715E-08 0.90541923
v -2.10062 3.6295297E-08 0.8303392
v -2.09998 3.779897E-08 0.8647392
v -2.0997698 0.108990036 0.8643892
v -2.1245196 0.07538003 0.77466923
v -2.14183 0.09765001 0.47731927
v -2.1452296 0.09775001 0.28048927
v -2.0997896 0.09762001 0.30868927
v -2.1085596 0.09757001 0.51014924
v -2.1085596 0.09757001 0.51014924
v -2.0997896 0.09762001 0.30868927
v -2.08973 1.1846213E-08 0.27100927
v -2.0966299 2.4155337E-08 0.55260926
v -2.1070697 0.109519996 0.11732929
v -2.1561198 0.113149986 0.14039928
v -2.1289299 0.109959975 -0.017220698
v -2.0830495 0.10592 0.026289314
v -2.1143396 2.517075E-08 0.5758392
v -2.10624 0.10693003 0.59960926
v -2.1085596 0.09757001 0.51014924
v -2.1169698 2.404912E-08 0.55017924
v -2.1113298 0.107000016 0.6987192
v -2.10624 0.10693003 0.59960926
v -2.07283 0.10693003 0.6036692
v -2.0760696 0.10620002 0.73514926
v -2.0689297 2.5576831E-08 0.58512926
v -2.07283 0.10693003 0.6036692
v -2.10624 0.10693003 0.59960926
v -2.1143396 2.517075E-08 0.5758392
v -2.0613596 3.171435E-08 0.72553927
v -2.0760696 0.10620002 0.73514926
v -2.07283 0.10693003 0.6036692
v -2.0689297 2.5576831E-08 0.58512926
v -2.1303797 3.1603758E-08 0.7230092
v -2.1253097 0.103640005 0.7266692
v -2.0760696 0.10620002 0.73514926
v -2.0613596 3.171435E-08 0.72553927
v -2.1303797 3.1603758E-08 0.7230092
v -2.1407897 3.264977E-08 0.74693924
v -2.11281 0.070680015 0.74886924
v -2.1253097 0.103640005 0.7266692
v -2.1245196 0.07538003 0.77466923
v -2.11281 0.070680015 0.74886924
v -2.0897396 0.07610002 0.77405924
v -2.0969198 0.07972003 0.8034193
v -2.0969198 0.07972003 0.8034193
v -2.0897396 0.07610002 0.77405924
v -2.0800695 3.3585195E-08 0.7683393
v -2.0861998 3.6425124E-08 0.83330935
v -2.0969198 0.07972003 0.8034193
v -2.0861998 3.6425124E-08 0.83330935
v -2.10062 3.6295297E-08 0.8303392
v -2.1245196 0.07538003 0.77466923
v -2.3288395 0.11853993 -1.1908706
v -2.2922893 0.11731992 -1.3112307
v -2.314249 0.15461992 -1.2511307
v -2.3285794 0.15348992 -1.1935806
v -2.3284194 0.1823499 -1.1936606
v -2.3063393 0.18473992 -1.2316107
v -2.2597594 0.19212992 -1.2143106
v -2.2607193 0.19139993 -1.1474106
v -2.3288395 0.11853993 -1.1908706
v -2.3293796 0.12828994 -0.9785706
v -2.3509893 0.10388995 -1.0517007
v -2.3745093 0.10466993 -1.1609707
v -2.2487793 0.20098992 -1.2149607
v -2.2503593 0.2004199 -1.3479306
v -2.1447694 0.20066991 -1.3003707
v -2.1399395 0.2009099 -1.2066406
v -2.1570594 0.19454993 -1.1033307
v -2.1363795 0.19840991 -0.89595056
v -2.2523994 0.19931993 -0.93923056
v -2.2456393 0.19535993 -1.0938606
v -2.2628 0.19201994 -0.7215906
v -2.2952697 0.19584996 -0.73500067
v -2.16028 0.18584996 -0.73750055
v -2.1540296 0.19263995 -0.7297506
v -2.1333196 0.17497994 -0.72973055
v -2.16028 0.18584996 -0.73750055
v -2.1510696 0.11966996 -0.73620063
v -2.1289396 0.11468997 -0.73070055
v -2.1303098 0.17780994 -0.6426706
v -2.1476896 0.20001994 -0.5353106
v -2.1540296 0.19263995 -0.7297506
v -2.1333196 0.17497994 -0.72973055
v -2.1431396 0.13463995 -0.5136306
v -2.12672 0.13523996 -0.40205064
v -2.1268196 0.19635996 -0.40293065
v -2.1519296 0.19614995 -0.5132706
v -2.2987196 0.20038998 -0.39994067
v -2.29701 0.19854994 -0.5387906
v -2.1519296 0.19614995 -0.5132706
v -2.1268196 0.19635996 -0.40293065
v -2.3374298 0.09898996 -0.5114907
v -2.3412797 0.12914994 -0.54076064
v -2.3157797 0.11997996 -0.47624072
v -2.3250997 0.09916996 -0.4764007
v -2.29108 0.19342 -0.16845073
v -2.1607797 0.19995996 -0.17480071
v -2.1555595 0.12123998 -0.1664507
v -2.3152099 0.11335999 -0.16303074
v -2.3721797 0.10908998 -0.018000776
v -2.3500197 0.10959997 -0.10898077
v -2.3199596 0.110559985 -0.02522076
v -2.3584297 0.098390006 0.08534921
v -2.1566296 0.19919002 0.55166924
v -2.15237 0.20017998 0.34981927
v -2.14183 0.09765001 0.47731927
v -2.1451595 0.13299002 0.55212927
v -2.27921 0.19430001 1.1198691
v -2.31124 0.19827004 0.9158191
v -2.1688602 0.18446003 0.93648916
v -2.1335402 0.18548001 1.119279
v -2.08531 0.11471004 1.1633492
v -2.09677 0.112390034 1.042119
v -2.0712497 4.678122E-08 1.070229
v -2.0587602 5.091938E-08 1.1648991
v -2.1397798 0.11035999 0.17466928
v -2.1070697 0.109519996 0.11732929
v -2.0997896 0.09762001 0.30868927
v -2.1452296 0.09775001 0.28048927
v -2.0549896 1.3620388E-09 0.031159328
v -2.08973 1.1846213E-08 0.27100927
v -2.1070697 0.109519996 0.11732929
v -2.0830495 0.10592 0.026289314
v -2.0950594 -4.6612517E-08 -1.0663706
v -2.1091495 -4.5065566E-08 -1.0309807
v -2.1278894 0.10350995 -1.0016706
v -2.0958395 0.15202993 -1.0637007
v -2.1289194 0.15016995 -1.0331407
v -2.1313894 0.16081995 -1.0976506
v -2.0958395 0.15202993 -1.0637007
v -2.1278894 0.10350995 -1.0016706
v -2.1446197 0.19926995 -0.7547906
v -2.2579794 0.19739993 -0.8744007
v -2.1363795 0.19840991 -0.89595056
v -2.2952697 0.19584996 -0.73500067
v -2.3171096 0.19588995 -0.7931707
v -2.2579794 0.19739993 -0.8744007
v -2.2949095 0.19462994 -0.8749106
v -2.1363795 0.19840991 -0.89595056
v -2.1298294 0.11332994 -0.91817045
v -2.1336696 0.11721996 -0.74464065
v -2.1446197 0.19926995 -0.7547906
v -2.1289194 0.15016995 -1.0331407
v -2.1298294 0.11332994 -0.91817045
v -2.1278894 0.10350995 -1.0016706
v -2.1014395 0.111869946 -0.88736063
v -2.0953395 0.11085997 -0.74997056
v -2.1336696 0.11721996 -0.74464065
v -2.1298294 0.11332994 -0.91817045
v -2.1116397 0.12797996 -0.28961068
v -2.1127899 0.12775996 -0.38866067
v -2.11087 -1.6176717E-08 -0.37008062
v -2.1143298 0.12745994 -0.5204206
v -2.11913 -2.7449444E-08 -0.6279706
v -2.1295795 0.11933995 -0.61546063
v -2.1289196 0.10011995 -0.64359057
v -2.11913 -2.7449444E-08 -0.6279706
v -2.1143298 0.12745994 -0.5204206
v -2.3244295 0.18471994 -0.9785006
v -2.3284194 0.1823499 -1.1936606
v -2.2607894 0.19062994 -1.1056806
v -2.2584894 0.18425992 -0.9436806
v -2.3569095 0.10654995 -0.8526606
v -2.3604598 0.10777995 -0.93438053
v -2.3198993 0.119889945 -0.8774806
v -2.3209295 0.10101995 -0.76976067
v -2.15785 0.13437994 -0.53185064
v -2.16969 0.18271995 -0.5296606
v -2.1382098 0.17066994 -0.5353506
v -2.1336296 0.13327995 -0.53181064
v -2.2987196 0.20038998 -0.39994067
v -2.1268196 0.19635996 -0.40293065
v -2.1341197 0.19603996 -0.33191067
v -2.30107 0.19932996 -0.26309073
v -2.16866 0.19618995 -0.26458064
v -2.3138099 0.10965997 -0.39754072
v -2.3151698 0.112319976 -0.27368072
v -2.3570497 0.09755997 -0.29810074
v -2.3503497 0.09522998 -0.4015407
v -2.09677 0.112390034 1.042119
v -2.0997698 0.108990036 0.8643892
v -2.0827599 0.073120035 0.95571935
v -2.0918999 0.07546003 1.027369
v -2.1570594 0.19454993 -1.1033307
v -2.1313894 0.16081995 -1.0976506
v -2.1289194 0.15016995 -1.0331407
v -2.1363795 0.19840991 -0.89595056
v -2.32357 0.19132994 -0.5850407
v -2.1540296 0.19263995 -0.7297506
v -2.1476896 0.20001994 -0.5353106
v -2.2994096 0.19264995 -0.5537306
v -2.32357 0.19132994 -0.5850407
v -2.3128698 0.19339997 -0.7069606
v -2.2628 0.19201994 -0.7215906
v -2.1540296 0.19263995 -0.7297506
v -2.1607797 0.19995996 -0.17480071
v -2.16866 0.19618995 -0.26458064
v -2.1629295 0.13900997 -0.26693067
v -2.1555595 0.12123998 -0.1664507
v -2.3049998 0.19612002 0.5190692
v -2.31735 0.20152998 0.3379192
v -2.15237 0.20017998 0.34981927
v -2.1566296 0.19919002 0.55166924
v -2.31735 0.20152998 0.3379192
v -2.2927396 0.19048999 0.18162923
v -2.1629798 0.19138001 0.18596923
v -2.15237 0.20017998 0.34981927
v -2.1085596 0.09757001 0.51014924
v -2.10624 0.10693003 0.59960926
v -2.1451595 0.13299002 0.55212927
v -2.14183 0.09765001 0.47731927
v -2.10624 0.10693003 0.59960926
v -2.1113298 0.107000016 0.6987192
v -2.1130695 0.13045001 0.6989093
v -2.1451595 0.13299002 0.55212927
v -2.0800695 3.3585195E-08 0.7683393
v -2.0897396 0.07610002 0.77405924
v -2.11281 0.070680015 0.74886924
v -2.1407897 3.264977E-08 0.74693924
v -2.2310388 0.10196994 -1.3710907
v -2.2503593 0.2004199 -1.3479306
v -2.265309 0.15555994 -1.3172407
v -2.2390294 0.08752993 -1.3612406
v -2.2437794 0.07673993 -1.3599507
v -2.2922893 0.11731992 -1.3112307
v -2.315519 0.10127992 -1.3404807
v -2.2508292 0.07186993 -1.3688307
v -2.208419 0.10167993 -1.3677907
v -2.1998591 0.08175993 -1.3702407
v -2.1476693 0.13385992 -1.3451006
v -2.1758592 0.19945993 -1.3370606
v -2.1953793 0.083239935 -1.3577605
v -2.1373594 0.14173993 -1.3017007
v -2.1476693 0.13385992 -1.3451006
v -2.1998591 0.08175993 -1.3702407
v -2.1953793 0.083239935 -1.3577605
v -2.187159 -5.9615786E-08 -1.3638507
v -2.1058495 -5.787781E-08 -1.3240906
v -2.1285093 0.13573991 -1.3063706
v -2.2390294 0.08752993 -1.3612406
v -2.2880192 0.15014993 -1.3137306
v -2.2922893 0.11731992 -1.3112307
v -2.2437794 0.07673993 -1.3599507
v -2.208419 0.10167993 -1.3677907
v -2.1758592 0.19945993 -1.3370606
v -2.2503593 0.2004199 -1.3479306
v -2.2310388 0.10196994 -1.3710907
v -2.1916404 0.06657005 1.365749
v -2.2086804 0.070380054 1.379129
v -2.1595602 0.112140045 1.3493291
v -2.11432 0.10204006 1.3138291
v -2.1916404 0.06657005 1.365749
v -2.11432 0.10204006 1.3138291
v -2.1087 5.8528656E-08 1.3389791
v -2.1895204 6.01132E-08 1.3752291
v -2.3369396 0.108620025 0.6174592
v -2.34761 0.107750006 0.49370918
v -2.32052 0.13228 0.53831923
v -2.3280096 0.12015003 0.6161292
v -2.3422198 0.12121 0.30098918
v -2.3143196 0.13402002 0.5206592
v -2.34761 0.107750006 0.49370918
v -2.3649795 0.10634001 0.29209918
v -2.1116397 0.12797996 -0.28961068
v -2.1629295 0.13900997 -0.26693067
v -2.1332996 0.13845997 -0.32877067
v -2.1127899 0.12775996 -0.38866067
v -2.12672 0.13523996 -0.40205064
v -2.1431396 0.13463995 -0.5136306
v -2.1143298 0.12745994 -0.5204206
v -2.1127899 0.12775996 -0.38866067
v -2.1382098 0.17066994 -0.5353506
v -2.1303098 0.17780994 -0.6426706
v -2.1295795 0.11933995 -0.61546063
v -2.1336296 0.13327995 -0.53181064
v -2.1789804 0.19595003 1.438639
v -2.26153 0.19479004 1.329189
v -2.20685 0.19835004 1.2698292
v -2.0360904 0.19585003 1.4414091
v -2.1828504 0.19538003 1.4736991
v -2.0360904 0.19585003 1.4414091
v -2.0099106 0.19963007 1.6695491
v -2.0099106 0.19963007 1.6695491
v -1.8702602 0.19335006 1.6193591
v -1.9538603 0.19678007 1.6996992
v -1.8702904 0.19762003 1.7981793
v -1.9538603 0.19678007 1.6996992
v -1.6859703 0.19700007 1.7647191
v -1.7021803 0.19602007 1.9374292
v -1.5996903 0.19564006 1.8641292
v -2.24961 0.13042007 1.2196791
v -2.1942403 0.14296006 1.263949
v -2.275 0.13143003 1.3386191
v -2.3401802 0.12002004 1.289319
v -2.0360904 0.19585003 1.4414091
v -2.20685 0.19835004 1.2698292
v -2.2002 0.17679003 1.2646191
v -2.0115204 0.17570004 1.4483091
v -1.9443502 0.11104006 1.7902792
v -2.0111403 0.11432006 1.720199
v -1.9664202 0.122230075 1.6985893
v -1.8887504 0.11136008 1.7933894
v -1.5477104 0.20116007 1.8967992
v -1.5715806 0.20015004 2.0858092
v -1.7021803 0.19602007 1.9374292
v -1.4181105 0.19767007 2.020589
v -1.3804806 0.20013006 2.127989
v -1.3735906 0.19833004 2.100089
v -1.6702503 0.11225006 1.7681692
v -1.5856804 0.12257007 1.8711591
v -1.5996903 0.19564006 1.8641292
v -1.6859703 0.19700007 1.7647191
v -1.5477104 0.20116007 1.8967992
v -1.5996903 0.19564006 1.8641292
v -1.5856804 0.12257007 1.8711591
v -1.5394104 0.115320064 1.9000392
v -1.6859703 0.19700007 1.7647191
v -1.8155903 0.17743005 1.6489292
v -1.8183705 0.112370074 1.6480892
v -1.6702503 0.11225006 1.7681692
v -1.5394104 0.115320064 1.9000392
v -1.4110005 0.13624008 2.019409
v -1.4181105 0.19767007 2.020589
v -1.5477104 0.20116007 1.8967992
v -1.4181105 0.19767007 2.020589
v -1.4110005 0.13624008 2.019409
v -1.3665406 0.13646007 2.0884588
v -1.3735906 0.19833004 2.100089
v -1.3605006 0.13657007 2.1263692
v -1.3804806 0.20013006 2.127989
v -1.3735906 0.19833004 2.100089
v -1.3665406 0.13646007 2.0884588
v -1.3605006 0.13657007 2.1263692
v -1.2593607 0.1269501 2.2317593
v -1.2755007 0.19132008 2.2457693
v -1.3804806 0.20013006 2.127989
v -1.3804806 0.20013006 2.127989
v -1.2755007 0.19132008 2.2457693
v -1.3546106 0.19457008 2.3226192
v -1.4930606 0.19489007 2.164579
v -1.3665406 0.13646007 2.0884588
v -1.4110005 0.13624008 2.019409
v -1.3969605 0.12669007 2.013159
v -1.3111807 0.12804008 2.1030192
v -1.3605006 0.13657007 2.1263692
v -1.3111807 0.12804008 2.1030192
v -1.2465206 0.11805008 2.2006593
v -1.2593607 0.1269501 2.2317593
v -1.3102807 0.13166007 2.3439891
v -1.3354406 0.14040008 2.323719
v -1.2593607 0.1269501 2.2317593
v -1.2117807 0.119440086 2.2748392
v -1.4851004 0.12763007 1.925569
v -1.3969605 0.12669007 2.013159
v -1.4110005 0.13624008 2.019409
v -1.5394104 0.115320064 1.9000392
v -1.6149304 0.11215006 1.7727993
v -1.5521204 0.11156008 1.8386192
v -1.5856804 0.12257007 1.8711591
v -1.6702503 0.11225006 1.7681692
v -1.8157305 0.17461006 1.6320093
v -1.8145905 0.110380076 1.6331393
v -1.8183705 0.112370074 1.6480892
v -1.8155903 0.17743005 1.6489292
v -1.8702602 0.19335006 1.6193591
v -2.0360904 0.19585003 1.4414091
v -2.0115204 0.17570004 1.4483091
v -1.8157305 0.17461006 1.6320093
v -2.1942403 0.14296006 1.263949
v -2.1831 0.13166003 1.230209
v -2.07848 0.13131003 1.337769
v -2.0686505 0.13320003 1.3875191
v -2.1831 0.13166003 1.230209
v -2.20772 0.10444004 1.216479
v -2.10501 0.10692005 1.293189
v -2.07848 0.13131003 1.337769
v -2.0923402 0.073440045 1.310949
v -2.07125 0.06663006 1.2840791
v -2.0144403 0.10239006 1.3620192
v -2.0473204 0.11526004 1.401689
v -2.0853405 0.13184005 1.6330489
v -2.1987903 0.13114004 1.509219
v -2.1920204 0.13625003 1.4765791
v -2.0522203 0.13759005 1.632869
v -2.0690603 0.10762007 1.6599692
v -2.0111403 0.11432006 1.720199
v -2.0447905 0.08999007 1.6985792
v -2.0589104 0.071320064 1.679249
v -2.0401504 0.07773006 1.7459793
v -2.0682902 0.08730006 1.705489
v -2.0447905 0.08999007 1.6985792
v -2.0117207 0.07991006 1.7369093
v -1.6638604 0.094540074 2.077519
v -1.6483806 0.10488008 2.0174592
v -1.5763407 0.10229007 2.0904992
v -1.6051006 0.09767007 2.1205592
v -1.5096006 0.114050075 2.1694193
v -1.5433106 0.10380008 2.1989589
v -1.6051006 0.09767007 2.1205592
v -1.5763407 0.10229007 2.0904992
v -1.5433106 0.10380008 2.1989589
v -1.5096006 0.114050075 2.1694193
v -1.4645905 0.07194009 2.2564192
v -1.4855806 0.06984009 2.2858691
v -1.4723907 0.10280009 2.2952092
v -1.4855806 0.06984009 2.2858691
v -1.4645905 0.07194009 2.2564192
v -1.4534006 0.10495009 2.2691789
v -1.4723907 0.10280009 2.2952092
v -1.4534006 0.10495009 2.2691789
v -1.3768607 0.10873008 2.3346992
v -1.3833107 0.096070096 2.3834891
v -1.3768607 0.10873008 2.3346992
v -1.3354406 0.14040008 2.323719
v -1.3102807 0.13166007 2.3439891
v -1.3833107 0.096070096 2.3834891
v -1.2465206 0.11805008 2.2006593
v -1.3111807 0.12804008 2.1030192
v -1.3119806 9.1903615E-08 2.1025093
v -1.2187406 9.635168E-08 2.2042692
v -1.2187406 9.635168E-08 2.2042692
v -1.2104807 9.892846E-08 2.2632194
v -1.2117807 0.119440086 2.2748392
v -1.2465206 0.11805008 2.2006593
v -1.3119806 9.1903615E-08 2.1025093
v -1.3111807 0.12804008 2.1030192
v -1.3969605 0.12669007 2.013159
v -1.4244605 8.679418E-08 1.9856191
v -1.4775203 0.107820064 1.9294193
v -1.4851004 0.12763007 1.925569
v -1.4775203 0.107820064 1.9294193
v -1.4893104 0.11097006 1.9044391
v -1.4831504 8.307959E-08 1.900639
v -1.4244605 8.679418E-08 1.9856191
v -1.5521204 0.11156008 1.8386192
v -1.5474104 0.07769008 1.8255191
v -1.5129004 0.09069007 1.8648992
v -1.4893104 0.11097006 1.9044391
v -1.4888904 0.08764007 1.8584093
v -1.4674103 8.195401E-08 1.8748891
v -1.4831504 8.307959E-08 1.900639
v -1.5129004 0.09069007 1.8648992
v -1.5474104 0.07769008 1.8255191
v -1.5552204 8.013476E-08 1.8332692
v -1.5291504 7.890166E-08 1.8050592
v -1.5192903 0.08353008 1.8200392
v -1.5192903 0.08353008 1.8200392
v -1.4888904 0.08764007 1.8584093
v -1.5129004 0.09069007 1.8648992
v -1.5474104 0.07769008 1.8255191
v -1.4888904 0.08764007 1.8584093
v -1.5192903 0.08353008 1.8200392
v -1.5291504 7.890166E-08 1.8050592
v -1.4674103 8.195401E-08 1.8748891
v -1.7962103 0.10184004 1.6074092
v -1.8927603 0.08217006 1.5203892
v -1.8754202 6.644392E-08 1.5200592
v -1.6992104 7.198127E-08 1.6467391
v -1.9831903 0.09682005 1.4188291
v -1.8946304 0.09493005 1.4966693
v -1.9109802 0.108060054 1.5422894
v -2.0473204 0.11526004 1.401689
v -1.8946304 0.09493005 1.4966693
v -1.9147803 0.077690065 1.4745593
v -1.9050903 6.488299E-08 1.4843494
v -1.8754202 6.644392E-08 1.5200592
v -1.9147803 0.077690065 1.4745593
v -1.9856504 0.06582006 1.3440492
v -1.9858904 5.842244E-08 1.3365493
v -1.9050903 6.488299E-08 1.4843494
v -2.07125 0.06663006 1.2840791
v -2.0923402 0.073440045 1.310949
v -2.10501 0.10692005 1.293189
v -2.08783 0.10373003 1.2643591
v -1.9858904 5.842244E-08 1.3365493
v -1.9856504 0.06582006 1.3440492
v -2.07125 0.06663006 1.2840791
v -2.07992 5.5406794E-08 1.267559
v -2.20772 0.10444004 1.216479
v -2.1789303 0.10617004 1.1792691
v -2.08783 0.10373003 1.2643591
v -2.10501 0.10692005 1.293189
v -2.1789303 0.10617004 1.1792691
v -2.20772 0.10444004 1.216479
v -2.2115102 5.355605E-08 1.2252191
v -2.16272 5.1397585E-08 1.1758391
v -2.3401802 0.12002004 1.289319
v -2.3459501 5.7097107E-08 1.3062291
v -2.26402 5.236535E-08 1.1979791
v -2.24961 0.13042007 1.2196791
v -2.26402 5.236535E-08 1.1979791
v -2.2115102 5.355605E-08 1.2252191
v -2.20772 0.10444004 1.216479
v -2.24961 0.13042007 1.2196791
v -2.26153 0.19479004 1.329189
v -2.275 0.13143003 1.3386191
v -2.1942403 0.14296006 1.263949
v -2.2002 0.17679003 1.2646191
v -2.0111403 0.11432006 1.720199
v -2.0690603 0.10762007 1.6599692
v -2.0144303 0.11589007 1.6676191
v -1.9664202 0.122230075 1.6985893
v -1.8729004 0.10710008 1.8789293
v -1.8887504 0.11136008 1.7933894
v -1.7420704 0.113470055 1.9263192
v -1.7138904 0.09706008 1.9959192
v -1.9109802 0.108060054 1.5422894
v -1.8927603 0.08217006 1.5203892
v -1.7962103 0.10184004 1.6074092
v -1.8145905 0.110380076 1.6331393
v -1.5749004 7.915868E-08 1.8109392
v -1.5552204 8.013476E-08 1.8332692
v -1.5521204 0.11156008 1.8386192
v -1.6149304 0.11215006 1.7727993
v -1.6992104 7.198127E-08 1.6467391
v -1.5749004 7.915868E-08 1.8109392
v -1.6149304 0.11215006 1.7727993
v -1.6903502 0.10824007 1.6815692
v -2.16272 5.1397585E-08 1.1758391
v -2.07992 5.5406794E-08 1.267559
v -2.08783 0.10373003 1.2643591
v -2.1789303 0.10617004 1.1792691
v -1.8157305 0.17461006 1.6320093
v -2.0115204 0.17570004 1.4483091
v -1.9109802 0.108060054 1.5422894
v -1.8145905 0.110380076 1.6331393
v -1.9831903 0.09682005 1.4188291
v -2.0144403 0.10239006 1.3620192
v -1.9856504 0.06582006 1.3440492
v -1.9147803 0.077690065 1.4745593
v -2.2008002 0.13604003 1.4419789
v -2.1987903 0.13114004 1.509219
v -2.3091402 0.11927006 1.362209
v -2.275 0.13143003 1.3386191
v -1.6483806 0.10488008 2.0174592
v -1.6635103 0.08244008 2.044439
v -1.7138904 0.09706008 1.9959192
v -1.7420704 0.113470055 1.9263192
v -1.5521204 0.11156008 1.8386192
v -1.4893104 0.11097006 1.9044391
v -1.5394104 0.115320064 1.9000392
v -1.5856804 0.12257007 1.8711591
v -1.6702503 0.11225006 1.7681692
v -1.7962103 0.10184004 1.6074092
v -1.6903502 0.10824007 1.6815692
v -1.6149304 0.11215006 1.7727993
v -1.8183705 0.112370074 1.6480892
v -1.8145905 0.110380076 1.6331393
v -1.7962103 0.10184004 1.6074092
v -1.6702503 0.11225006 1.7681692
v -2.0111403 0.11432006 1.720199
v -1.9443502 0.11104006 1.7902792
v -2.0117207 0.07991006 1.7369093
v -2.0447905 0.08999007 1.6985792
v -1.9443502 0.11104006 1.7902792
v -1.9435902 0.09457008 1.7912693
v -1.9733204 0.080740064 1.7676593
v -2.0117207 0.07991006 1.7369093
v -1.5433106 0.10380008 2.1989589
v -1.5735407 0.062400095 2.223509
v -1.6289206 0.07931009 2.134419
v -1.6051006 0.09767007 2.1205592
v 0.74463916 0.11722009 2.1336696
v 0.7306992 0.11469007 2.1289396
v 0.7499691 0.11086007 2.0953395
v 0.73619914 0.11967008 2.1510696
v 0.19203922 0.11209007 2.0987797
v 0.28960916 0.12798007 2.1116397
v 0.26692918 0.13901007 2.1629295
v 0.16644916 0.12124009 2.1555595
v -0.08535086 0.0983901 2.3584297
v -0.14418083 0.1221501 2.30228
v 0.02521914 0.11056009 2.3199596
v -0.18116082 0.1182001 2.3144796
v -0.29210085 0.10634009 2.3649795
v 0.16644916 0.12124009 2.1555595
v 0.16302913 0.1133601 2.3152099
v 0.11945914 0.11409009 2.29487
v 0.11862919 0.12905008 2.1610296
v 1.340479 0.10128009 2.31552
v 1.160969 0.104670085 2.37451
v 1.190869 0.118540086 2.3288403
v 1.311229 0.117320076 2.29229
v 0.93437904 0.10778009 2.36046
v 1.051699 0.10389009 2.35099
v 1.032859 0.0809001 2.3626497
v 0.933309 0.0706101 2.37168
v 0.933309 0.0706101 2.37168
v 0.85795915 0.0505601 2.3612697
v 0.852659 0.10655009 2.3569098
v 0.93437904 0.10778009 2.36046
v 0.97458905 0.07144009 2.4027598
v 0.933309 0.0706101 2.37168
v 1.032859 0.0809001 2.3626497
v 1.026169 0.06366009 2.3865898
v 0.8187191 0.049630098 2.35624
v 0.76975906 0.10102009 2.3209295
v 0.852659 0.10655009 2.3569098
v 0.85795915 0.0505601 2.3612697
v 0.7401491 0.063010104 2.3284996
v 0.7203091 0.10029009 2.3315296
v 0.76975906 0.10102009 2.3209295
v 0.7830491 0.0769701 2.3412397
v 0.7574391 0.072140105 2.3619096
v 0.7401491 0.063010104 2.3284996
v 0.7830491 0.0769701 2.3412397
v 0.79889905 0.0783901 2.3612401
v 0.88493896 0.18456008 2.2606502
v 0.8743991 0.1974001 2.25798
v 0.93922895 0.1993201 2.2524002
v 0.9436791 0.18426009 2.2584898
v 1.093859 0.19536008 2.24564
v 1.105679 0.1906301 2.26079
v 0.9436791 0.18426009 2.2584898
v 0.93922895 0.1993201 2.2524002
v 1.147409 0.1914001 2.2607203
v 1.105679 0.1906301 2.26079
v 1.114189 0.18771005 2.1680202
v 1.157269 0.19504006 2.17062
v 1.157269 0.19504006 2.17062
v 1.2066388 0.20893827 2.1399403
v 1.2149588 0.20901832 2.2487803
v 1.147409 0.1914001 2.2607203
v 1.2149588 0.20901832 2.2487803
v 1.3479289 0.21031281 2.2503603
v 1.2846689 0.17948009 2.2652001
v 1.214309 0.1921301 2.2597601
v 1.301699 0.14174007 2.13736
v 1.345099 0.13386007 2.14767
v 1.3370589 0.2093528 2.1758602
v 1.3003688 0.21056278 2.14477
v 1.210669 0.15591007 2.1344101
v 1.301699 0.14174007 2.13736
v 1.3003688 0.21056278 2.14477
v 1.2066388 0.20893827 2.1399403
v 1.2066388 0.20893827 2.1399403
v 1.157269 0.19504006 2.17062
v 1.1719689 0.16366006 2.15411
v 1.210669 0.15591007 2.1344101
v 1.1131788 0.16653007 2.1544502
v 1.1719689 0.16366006 2.15411
v 1.157269 0.19504006 2.17062
v 1.114189 0.18771005 2.1680202
v 1.1644589 0.15081006 2.09751
v 1.238069 0.14787006 2.1002703
v 1.210669 0.15591007 2.1344101
v 1.1719689 0.16366006 2.15411
v 1.097649 0.16082007 2.13139
v 1.1131788 0.16653007 2.1544502
v 1.301699 0.14174007 2.13736
v 1.210669 0.15591007 2.1344101
v 1.238069 0.14787006 2.1002703
v 1.306369 0.13574006 2.1285102
v 1.233659 9.164092E-08 2.0965002
v 1.324089 9.2049625E-08 2.1058502
v 1.306369 0.13574006 2.1285102
v 1.238069 0.14787006 2.1002703
v 1.1637589 9.168812E-08 2.09758
v 1.233659 9.164092E-08 2.0965002
v 1.238069 0.14787006 2.1002703
v 1.1644589 0.15081006 2.09751
v 1.1644589 0.15081006 2.09751
v 1.063699 0.15203007 2.0958402
v 1.066369 9.1577974E-08 2.09506
v 1.1637589 9.168812E-08 2.09758
v 1.1033291 0.19455007 2.1570604
v 1.097649 0.16082007 2.13139
v 1.1131788 0.16653007 2.1544502
v 1.114189 0.18771005 2.1680202
v 1.114189 0.18771005 2.1680202
v 1.105679 0.1906301 2.26079
v 1.093859 0.19536008 2.24564
v 1.1033291 0.19455007 2.1570604
v 0.5393691 0.094610095 2.3476999
v 0.5407591 0.12915008 2.3412797
v 0.5804291 0.13134009 2.34181
v 0.59121907 0.10688008 2.3510897
v 0.74463916 0.11722009 2.1336696
v 0.7547892 0.19927005 2.1446197
v 0.7374991 0.18585007 2.16028
v 0.73619914 0.11967008 2.1510696
v 0.8903691 9.174231E-08 2.0988197
v 1.030979 9.2193844E-08 2.1091497
v 1.0016689 0.10351007 2.1278899
v 0.8873591 0.11187007 2.1014402
v 0.8903691 9.174231E-08 2.0988197
v 0.8873591 0.11187007 2.1014402
v 0.7499691 0.11086007 2.0953395
v 0.74849916 9.1589776E-08 2.09533
v 0.65639925 0.09914008 2.1055999
v 0.63086915 9.1718285E-08 2.09827
v 0.74849916 9.1589776E-08 2.09533
v 0.7499691 0.11086007 2.0953395
v 0.65639925 0.09914008 2.1055999
v 0.7499691 0.11086007 2.0953395
v 0.7306992 0.11469007 2.1289396
v 0.6435892 0.10012007 2.1289196
v 0.62796915 9.2630096E-08 2.11913
v 0.63086915 9.1718285E-08 2.09827
v 0.65639925 0.09914008 2.1055999
v 0.6435892 0.10012007 2.1289196
v 0.6426692 0.17781006 2.1303098
v 0.6435892 0.10012007 2.1289196
v 0.7306992 0.11469007 2.1289396
v 0.7297291 0.17498006 2.1333196
v 0.52965915 0.18272007 2.16969
v 0.53530914 0.20002006 2.1476896
v 0.5537291 0.1926501 2.2994096
v 0.5465391 0.1788801 2.2845497
v 0.51362914 0.13464007 2.1431396
v 0.5204191 0.12746006 2.1143298
v 0.53180915 0.13328007 2.1336296
v 0.53184915 0.13438006 2.15785
v 0.15333924 9.159458E-08 2.0954397
v 0.37007916 9.2269055E-08 2.11087
v 0.28960916 0.12798007 2.1116397
v 0.19203922 0.11209007 2.0987797
v 0.33190915 0.19604006 2.1341197
v 0.26457918 0.19619006 2.16866
v 0.26692918 0.13901007 2.1629295
v 0.32876918 0.13846007 2.1332996
v 0.40204918 0.13524006 2.12672
v 0.4029292 0.19636007 2.1268196
v 0.33190915 0.19604006 2.1341197
v 0.32876918 0.13846007 2.1332996
v 0.52965915 0.18272007 2.16969
v 0.5132691 0.19615006 2.1519296
v 0.51362914 0.13464007 2.1431396
v 0.53184915 0.13438006 2.15785
v 0.5387891 0.19855009 2.29701
v 0.5132691 0.19615006 2.1519296
v 0.52965915 0.18272007 2.16969
v 0.5465391 0.1788801 2.2845497
v 0.26457918 0.19619006 2.16866
v 0.2630891 0.19933009 2.30107
v 0.16844913 0.1934201 2.29108
v 0.17479917 0.19996007 2.1607797
v 0.5114891 0.09899009 2.3374298
v 0.5407591 0.12915008 2.3412797
v 0.5393691 0.094610095 2.3476999
v 0.5343191 0.0678001 2.3449097
v 0.5343191 0.0678001 2.3449097
v 0.52956915 0.056950103 2.35791
v 0.5014191 0.0975801 2.3499696
v 0.5114891 0.09899009 2.3374298
v 0.2795891 0.0843101 2.3405397
v 0.10897912 0.10960008 2.3500197
v 0.16302913 0.1133601 2.3152099
v 0.2736791 0.1123201 2.3151698
v 0.11862919 0.12905008 2.1610296
v 0.08776922 0.11213007 2.0965097
v 0.19203922 0.11209007 2.0987797
v 0.16644916 0.12124009 2.1555595
v 0.017219212 0.109960064 2.1289299
v -0.026290767 0.10592008 2.0830495
v 0.08776922 0.11213007 2.0965097
v 0.11862919 0.12905008 2.1610296
v -0.031160755 8.982645E-08 2.0549896
v 0.15333924 9.159458E-08 2.0954397
v 0.08776922 0.11213007 2.0965097
v -0.026290767 0.10592008 2.0830495
v 0.11862919 0.12905008 2.1610296
v 0.11945914 0.11409009 2.29487
v 0.12463914 0.19372009 2.2944796
v 0.11828918 0.19482005 2.1623096
v 0.12463914 0.19372009 2.2944796
v -0.0011407927 0.20021005 2.1457899
v 0.11828918 0.19482005 2.1623096
v -0.024990855 0.18785007 2.3181496
v -0.1338408 0.19511007 2.16372
v -0.0011407927 0.20021005 2.1457899
v -0.14837082 0.1938901 2.2948096
v 0.11828918 0.19482005 2.1623096
v -0.0011407927 0.20021005 2.1457899
v 0.017219212 0.109960064 2.1289299
v 0.11862919 0.12905008 2.1610296
v -0.1404008 0.11315009 2.1561198
v 0.017219212 0.109960064 2.1289299
v -0.0011407927 0.20021005 2.1457899
v -0.1338408 0.19511007 2.16372
v -0.14418083 0.1221501 2.30228
v -0.1404008 0.11315009 2.1561198
v -0.1338408 0.19511007 2.16372
v -0.14837082 0.1938901 2.2948096
v -0.1766408 0.12081008 2.2893999
v -0.1404008 0.11315009 2.1561198
v -0.14418083 0.1221501 2.30228
v -0.17467079 0.11036009 2.1397798
v -0.11733077 0.10952006 2.1070697
v -0.18597078 0.19138007 2.1629798
v -0.17467079 0.11036009 2.1397798
v -0.1766408 0.12081008 2.2893999
v -0.18163082 0.19049008 2.2927396
v -0.18597078 0.19138007 2.1629798
v -0.34982076 0.20018005 2.15237
v -0.28049076 0.09775009 2.1452296
v -0.17467079 0.11036009 2.1397798
v -0.5516707 0.19919007 2.1566296
v -0.54252076 0.19967009 2.31052
v -0.73353076 0.1946901 2.3018496
v -0.7167707 0.19314006 2.1424396
v -0.76636064 0.19608007 2.1607497
v -0.7167707 0.19314006 2.1424396
v -0.73353076 0.1946901 2.3018496
v -0.76683074 0.1970501 2.3163397
v -0.66308075 0.09987009 2.3504295
v -0.7558707 0.11244009 2.3587298
v -0.7369107 0.11397009 2.3267896
v -0.65220076 0.10020009 2.3281
v -0.8883507 0.107280105 2.3525393
v -0.89666075 0.115510084 2.3332694
v -0.75290066 0.117030084 2.3218496
v -0.7558707 0.11244009 2.3587298
v -0.8883507 0.107280105 2.3525393
v -1.0033308 0.10212008 2.3313694
v -0.92442065 0.11464008 2.3257694
v -0.89666075 0.115510084 2.3332694
v -0.90700066 0.19597006 2.1663494
v -0.76636064 0.19608007 2.1607497
v -0.76683074 0.1970501 2.3163397
v -0.89905083 0.19958007 2.3208995
v -0.90700066 0.19597006 2.1663494
v -0.89905083 0.19958007 2.3208995
v -0.9158207 0.1982701 2.3112395
v -0.93649054 0.18446004 2.1688595
v -1.0717307 0.14988008 2.3605494
v -1.1689208 0.14975008 2.3591793
v -1.1138207 0.16069008 2.3276794
v -1.0441407 0.1509901 2.3299494
v -1.1138207 0.16069008 2.3276794
v -1.1689208 0.14975008 2.3591793
v -1.1526507 0.16028008 2.3216393
v -1.1230807 0.1666201 2.3007894
v -1.1689208 0.14975008 2.3591793
v -1.3120208 0.1394001 2.3216693
v -1.1779907 0.1628101 2.3062894
v -1.1526507 0.16028008 2.3216393
v -0.5516707 0.19919007 2.1566296
v -0.7167707 0.19314006 2.1424396
v -0.69891065 0.13045007 2.1130695
v -0.55213064 0.13299006 2.1451595
v -0.69891065 0.13045007 2.1130695
v -0.7167707 0.19314006 2.1424396
v -0.7266706 0.103640065 2.1253097
v -0.6987207 0.107000075 2.1113298
v -0.76636064 0.19608007 2.1607497
v -0.8041406 0.105630085 2.1308296
v -0.74022067 0.13349007 2.1508696
v -0.7167707 0.19314006 2.1424396
v -0.8041406 0.105630085 2.1308296
v -0.76636064 0.19608007 2.1607497
v -0.90700066 0.19597006 2.1663494
v -0.8973407 0.119000085 2.1510694
v -0.8973407 0.119000085 2.1510694
v -0.90700066 0.19597006 2.1663494
v -0.93649054 0.18446004 2.1688595
v -0.9212806 0.11701009 2.1358595
v -0.93649054 0.18446004 2.1688595
v -1.0743607 0.112710066 2.1261194
v -1.1192807 0.18548006 2.1335392
v -0.8643906 0.10899007 2.0997694
v -0.8041406 0.105630085 2.1308296
v -0.8973407 0.119000085 2.1510694
v -0.9212806 0.11701009 2.1358595
v -0.7266706 0.103640065 2.1253097
v -0.8041406 0.105630085 2.1308296
v -0.77467066 0.07538007 2.1245196
v -0.7488707 0.070680074 2.11281
v -1.0421207 0.11239008 2.0967693
v -0.8643906 0.10899007 2.0997694
v -0.9212806 0.11701009 2.1358595
v -1.0743607 0.112710066 2.1261194
v -1.0743607 0.112710066 2.1261194
v -1.2351507 0.114700064 2.1266592
v -1.1633507 0.11471007 2.0853093
v -1.0421207 0.11239008 2.0967693
v -1.3138307 0.102040075 2.1143193
v -1.1633507 0.11471007 2.0853093
v -1.2351507 0.114700064 2.1266592
v -1.3493308 0.11214008 2.1595592
v -1.3138307 0.102040075 2.1143193
v -1.3389808 9.217418E-08 2.1086993
v -1.1649008 8.999124E-08 2.0587595
v -1.1633507 0.11471007 2.0853093
v -1.2351507 0.114700064 2.1266592
v -1.0743607 0.112710066 2.1261194
v -1.1192807 0.18548006 2.1335392
v -1.2388207 0.18457006 2.1293995
v -1.3212707 0.18173006 2.166109
v -1.3493308 0.11214008 2.1595592
v -1.2351507 0.114700064 2.1266592
v -1.2388207 0.18457006 2.1293995
v -1.1663808 0.19152007 2.1999393
v -1.2388207 0.18457006 2.1293995
v -1.1192807 0.18548006 2.1335392
v -1.3212707 0.18173006 2.166109
v -1.3253508 0.19800009 2.2987592
v -1.1663808 0.19152007 2.1999393
v -1.1688007 0.19271009 2.2863593
v -1.1198708 0.19430007 2.2792091
v -1.1192807 0.18548006 2.1335392
v -1.0561707 0.074120075 2.0840094
v -1.0702307 9.053719E-08 2.0712492
v -0.9854507 8.937929E-08 2.0447595
v -0.9836506 0.06962008 2.0536497
v -1.0273707 0.07546008 2.0918996
v -1.0561707 0.074120075 2.0840094
v -0.9836506 0.06962008 2.0536497
v -0.95572066 0.07312008 2.0827596
v -0.9854507 8.937929E-08 2.0447595
v -0.9054207 9.041132E-08 2.0683696
v -0.9138507 0.05350009 2.0720193
v -0.9836506 0.06962008 2.0536497
v -0.8303406 9.1821015E-08 2.1006198
v -0.77467066 0.07538007 2.1245196
v -0.8643906 0.10899007 2.0997694
v -0.8647406 9.179302E-08 2.0999794
v -0.47732073 0.09765008 2.14183
v -0.51015073 0.09757008 2.1085596
v -0.30869076 0.09762008 2.0997896
v -0.28049076 0.09775009 2.1452296
v -0.51015073 0.09757008 2.1085596
v -0.55261075 9.16466E-08 2.0966299
v -0.27101076 9.134499E-08 2.08973
v -0.30869076 0.09762008 2.0997896
v -0.11733077 0.10952006 2.1070697
v -0.026290767 0.10592008 2.0830495
v 0.017219212 0.109960064 2.1289299
v -0.1404008 0.11315009 2.1561198
v -0.5758407 9.242073E-08 2.1143396
v -0.55018073 9.253569E-08 2.1169698
v -0.51015073 0.09757008 2.1085596
v -0.5996107 0.10693008 2.10624
v -0.6987207 0.107000075 2.1113298
v -0.73515064 0.10620008 2.0760696
v -0.6036707 0.10693008 2.07283
v -0.5996107 0.10693008 2.10624
v -0.58513063 9.043579E-08 2.0689297
v -0.5758407 9.242073E-08 2.1143396
v -0.5996107 0.10693008 2.10624
v -0.6036707 0.10693008 2.07283
v -0.7255407 9.010488E-08 2.0613596
v -0.58513063 9.043579E-08 2.0689297
v -0.6036707 0.10693008 2.07283
v -0.73515064 0.10620008 2.0760696
v -0.72301066 9.312185E-08 2.1303797
v -0.7255407 9.010488E-08 2.0613596
v -0.73515064 0.10620008 2.0760696
v -0.7266706 0.103640065 2.1253097
v -0.72301066 9.312185E-08 2.1303797
v -0.7266706 0.103640065 2.1253097
v -0.7488707 0.070680074 2.11281
v -0.7469407 9.3576894E-08 2.1407897
v -0.77467066 0.07538007 2.1245196
v -0.8034206 0.07972008 2.0969195
v -0.77406067 0.076100074 2.0897396
v -0.7488707 0.070680074 2.11281
v -0.8034206 0.07972008 2.0969195
v -0.83331066 9.119069E-08 2.0861995
v -0.76834065 9.0922725E-08 2.0800695
v -0.77406067 0.076100074 2.0897396
v -0.8034206 0.07972008 2.0969195
v -0.77467066 0.07538007 2.1245196
v -0.8303406 9.1821015E-08 2.1006198
v -0.83331066 9.119069E-08 2.0861995
v 1.190869 0.118540086 2.3288403
v 1.193579 0.15349008 2.3285801
v 1.251129 0.1546201 2.31425
v 1.311229 0.117320076 2.29229
v 1.193659 0.18235008 2.3284204
v 1.147409 0.1914001 2.2607203
v 1.214309 0.1921301 2.2597601
v 1.231609 0.18474008 2.3063402
v 1.190869 0.118540086 2.3288403
v 1.160969 0.104670085 2.37451
v 1.051699 0.10389009 2.35099
v 0.978569 0.12829007 2.3293798
v 1.2149588 0.20901832 2.2487803
v 1.2066388 0.20893827 2.1399403
v 1.3003688 0.21056278 2.14477
v 1.3479289 0.21031281 2.2503603
v 1.1033291 0.19455007 2.1570604
v 1.093859 0.19536008 2.24564
v 0.93922895 0.1993201 2.2524002
v 0.8959491 0.19841006 2.13638
v 0.7215891 0.19202007 2.2628
v 0.72974914 0.19264005 2.1540296
v 0.7374991 0.18585007 2.16028
v 0.73499906 0.19585009 2.2952697
v 0.7297291 0.17498006 2.1333196
v 0.7306992 0.11469007 2.1289396
v 0.73619914 0.11967008 2.1510696
v 0.7374991 0.18585007 2.16028
v 0.6426692 0.17781006 2.1303098
v 0.7297291 0.17498006 2.1333196
v 0.72974914 0.19264005 2.1540296
v 0.53530914 0.20002006 2.1476896
v 0.51362914 0.13464007 2.1431396
v 0.5132691 0.19615006 2.1519296
v 0.4029292 0.19636007 2.1268196
v 0.40204918 0.13524006 2.12672
v 0.3999391 0.2003901 2.2987196
v 0.5132691 0.19615006 2.1519296
v 0.5387891 0.19855009 2.29701
v 0.4029292 0.19636007 2.1268196
v 0.33190915 0.19604006 2.1341197
v 0.3999391 0.2003901 2.2987196
v 0.26457918 0.19619006 2.16866
v 0.2630891 0.19933009 2.30107
v 0.5114891 0.09899009 2.3374298
v 0.4763991 0.09917009 2.3250997
v 0.47623911 0.1199801 2.3157797
v 0.5407591 0.12915008 2.3412797
v 0.16844913 0.1934201 2.29108
v 0.16302913 0.1133601 2.3152099
v 0.16644916 0.12124009 2.1555595
v 0.17479917 0.19996007 2.1607797
v 0.017999122 0.10909008 2.3721797
v -0.08535086 0.0983901 2.3584297
v 0.02521914 0.11056009 2.3199596
v 0.10897912 0.10960008 2.3500197
v -0.5516707 0.19919007 2.1566296
v -0.55213064 0.13299006 2.1451595
v -0.47732073 0.09765008 2.14183
v -0.34982076 0.20018005 2.15237
v -1.1198708 0.19430007 2.2792091
v -1.1192807 0.18548006 2.1335392
v -0.93649054 0.18446004 2.1688595
v -0.9158207 0.1982701 2.3112395
v -1.1633507 0.11471007 2.0853093
v -1.1649008 8.999124E-08 2.0587595
v -1.0702307 9.053719E-08 2.0712492
v -1.0421207 0.11239008 2.0967693
v -0.17467079 0.11036009 2.1397798
v -0.28049076 0.09775009 2.1452296
v -0.30869076 0.09762008 2.0997896
v -0.11733077 0.10952006 2.1070697
v -0.031160755 8.982645E-08 2.0549896
v -0.026290767 0.10592008 2.0830495
v -0.11733077 0.10952006 2.1070697
v -0.27101076 9.134499E-08 2.08973
v 1.066369 9.1577974E-08 2.09506
v 1.063699 0.15203007 2.0958402
v 1.0016689 0.10351007 2.1278899
v 1.030979 9.2193844E-08 2.1091497
v 1.0331389 0.15017007 2.1289198
v 1.0016689 0.10351007 2.1278899
v 1.063699 0.15203007 2.0958402
v 1.097649 0.16082007 2.13139
v 0.7547892 0.19927005 2.1446197
v 0.8959491 0.19841006 2.13638
v 0.8743991 0.1974001 2.25798
v 0.73499906 0.19585009 2.2952697
v 0.7931691 0.19589008 2.3171098
v 0.8743991 0.1974001 2.25798
v 0.8749091 0.1946301 2.2949102
v 0.8959491 0.19841006 2.13638
v 0.7547892 0.19927005 2.1446197
v 0.74463916 0.11722009 2.1336696
v 0.9181691 0.113330066 2.1298301
v 1.0331389 0.15017007 2.1289198
v 0.9181691 0.113330066 2.1298301
v 1.0016689 0.10351007 2.1278899
v 0.8873591 0.11187007 2.1014402
v 0.9181691 0.113330066 2.1298301
v 0.74463916 0.11722009 2.1336696
v 0.7499691 0.11086007 2.0953395
v 0.28960916 0.12798007 2.1116397
v 0.37007916 9.2269055E-08 2.11087
v 0.38865918 0.12776007 2.1127899
v 0.5204191 0.12746006 2.1143298
v 0.62796915 9.2630096E-08 2.11913
v 0.61545914 0.11934007 2.1295795
v 0.5204191 0.12746006 2.1143298
v 0.62796915 9.2630096E-08 2.11913
v 0.6435892 0.10012007 2.1289196
v 0.97849905 0.18472008 2.3244302
v 0.9436791 0.18426009 2.2584898
v 1.105679 0.1906301 2.26079
v 1.193659 0.18235008 2.3284204
v 0.852659 0.10655009 2.3569098
v 0.76975906 0.10102009 2.3209295
v 0.87747914 0.11989009 2.3199
v 0.93437904 0.10778009 2.36046
v 0.53184915 0.13438006 2.15785
v 0.53180915 0.13328007 2.1336296
v 0.53534913 0.17067006 2.1382098
v 0.52965915 0.18272007 2.16969
v 0.3975391 0.109660104 2.3138099
v 0.4015391 0.0952301 2.3503497
v 0.29809907 0.0975601 2.3570497
v 0.2736791 0.1123201 2.3151698
v -1.0421207 0.11239008 2.0967693
v -1.0273707 0.07546008 2.0918996
v -0.95572066 0.07312008 2.0827596
v -0.8643906 0.10899007 2.0997694
v 1.1033291 0.19455007 2.1570604
v 0.8959491 0.19841006 2.13638
v 1.0331389 0.15017007 2.1289198
v 1.097649 0.16082007 2.13139
v 0.58503914 0.19133008 2.32357
v 0.5537291 0.1926501 2.2994096
v 0.53530914 0.20002006 2.1476896
v 0.72974914 0.19264005 2.1540296
v 0.58503914 0.19133008 2.32357
v 0.72974914 0.19264005 2.1540296
v 0.7215891 0.19202007 2.2628
v 0.70695907 0.1934001 2.3128698
v 0.17479917 0.19996007 2.1607797
v 0.16644916 0.12124009 2.1555595
v 0.26692918 0.13901007 2.1629295
v 0.26457918 0.19619006 2.16866
v -0.51907074 0.1961201 2.3049998
v -0.5516707 0.19919007 2.1566296
v -0.34982076 0.20018005 2.15237
v -0.3379208 0.2015301 2.31735
v -0.3379208 0.2015301 2.31735
v -0.34982076 0.20018005 2.15237
v -0.18597078 0.19138007 2.1629798
v -0.18163082 0.19049008 2.2927396
v -0.51015073 0.09757008 2.1085596
v -0.47732073 0.09765008 2.14183
v -0.55213064 0.13299006 2.1451595
v -0.5996107 0.10693008 2.10624
v -0.5996107 0.10693008 2.10624
v -0.55213064 0.13299006 2.1451595
v -0.69891065 0.13045007 2.1130695
v -0.6987207 0.107000075 2.1113298
v -0.76834065 9.0922725E-08 2.0800695
v -0.7469407 9.3576894E-08 2.1407897
v -0.7488707 0.070680074 2.11281
v -0.77406067 0.076100074 2.0897396
v 1.359949 0.076740086 2.2437801
v 1.368829 0.07187008 2.2508304
v 1.340479 0.10128009 2.31552
v 1.311229 0.117320076 2.29229
v 1.3677889 0.101680085 2.2084203
v 1.3370589 0.2093528 2.1758602
v 1.345099 0.13386007 2.14767
v 1.3702389 0.08176009 2.1998603
v 1.357759 0.08324009 2.1953802
v 1.3702389 0.08176009 2.1998603
v 1.345099 0.13386007 2.14767
v 1.301699 0.14174007 2.13736
v 1.357759 0.08324009 2.1953802
v 1.306369 0.13574006 2.1285102
v 1.324089 9.2049625E-08 2.1058502
v 1.363849 9.560379E-08 2.1871605
v 1.361239 0.087530084 2.2390301
v 1.359949 0.076740086 2.2437801
v 1.311229 0.117320076 2.29229
v 1.3137289 0.15015009 2.2880201
v 1.3677889 0.101680085 2.2084203
v 1.371089 0.1019701 2.2310402
v 1.3479289 0.21031281 2.2503603
v 1.3370589 0.2093528 2.1758602
v -1.3657508 0.066570096 2.1916392
v -1.3138307 0.102040075 2.1143193
v -1.3493308 0.11214008 2.1595592
v -1.3791307 0.07038009 2.208679
v -1.3657508 0.066570096 2.1916392
v -1.3752308 9.5706945E-08 2.1895192
v -1.3389808 9.217418E-08 2.1086993
v -1.3138307 0.102040075 2.1143193
v -1.3685608 0.096590094 2.211149
v -1.3791307 0.07038009 2.208679
v -1.3493308 0.11214008 2.1595592
v -1.3212707 0.18173006 2.166109
v -1.3701007 0.10272009 2.2611191
v -1.3685608 0.096590094 2.211149
v -1.3212707 0.18173006 2.166109
v -1.3253508 0.19800009 2.2987592
v -0.6174608 0.108620085 2.3369396
v -0.6161307 0.12015009 2.3280096
v -0.5383208 0.13228008 2.32052
v -0.4937108 0.10775009 2.34761
v -0.30099085 0.12121009 2.3422198
v -0.29210085 0.10634009 2.3649795
v -0.4937108 0.10775009 2.34761
v -0.52066076 0.13402009 2.3143196
v 0.28960916 0.12798007 2.1116397
v 0.38865918 0.12776007 2.1127899
v 0.32876918 0.13846007 2.1332996
v 0.26692918 0.13901007 2.1629295
v 0.40204918 0.13524006 2.12672
v 0.38865918 0.12776007 2.1127899
v 0.5204191 0.12746006 2.1143298
v 0.51362914 0.13464007 2.1431396
v 0.53534913 0.17067006 2.1382098
v 0.53180915 0.13328007 2.1336296
v 0.61545914 0.11934007 2.1295795
v 0.6426692 0.17781006 2.1303098
v 2.200799 0.13604003 1.4419806
v 2.1789792 0.19595003 1.4386406
v 2.2615292 0.19479004 1.3291906
v 2.2749994 0.13143003 1.3386207
v 2.1789792 0.19595003 1.4386406
v 2.0360892 0.19585003 1.4414104
v 2.2068493 0.19835004 1.2698307
v 2.2615292 0.19479004 1.3291906
v 2.1828492 0.19538003 1.4737006
v 2.0360892 0.19585003 1.4414104
v 2.0099092 0.19963007 1.6695503
v 2.0099092 0.19963007 1.6695503
v 1.8702593 0.19335006 1.6193603
v 1.9538593 0.19678007 1.6997004
v 1.8702892 0.19762003 1.7981802
v 1.9538593 0.19678007 1.6997004
v 1.6859691 0.19700007 1.7647203
v 1.7021791 0.19602007 1.9374304
v 1.5996891 0.19564006 1.8641304
v 2.1828492 0.19538003 1.4737006
v 2.1789792 0.19595003 1.4386406
v 2.200799 0.13604003 1.4419806
v 2.192019 0.13625003 1.4765806
v 2.249609 0.13042007 1.2196807
v 2.3401792 0.12002004 1.2893206
v 2.2749994 0.13143003 1.3386207
v 2.1942394 0.14296006 1.2639506
v 2.052219 0.13759005 1.6328704
v 2.0099092 0.19963007 1.6695503
v 2.1828492 0.19538003 1.4737006
v 2.192019 0.13625003 1.4765806
v 2.0099092 0.19963007 1.6695503
v 2.0144289 0.11589007 1.6676205
v 1.9664192 0.122230075 1.6985905
v 1.9538593 0.19678007 1.6997004
v 2.0360892 0.19585003 1.4414104
v 2.011519 0.17570004 1.4483105
v 2.2001991 0.17679003 1.2646207
v 2.2068493 0.19835004 1.2698307
v 1.8887492 0.11136008 1.7933905
v 1.8702892 0.19762003 1.7981802
v 1.9538593 0.19678007 1.6997004
v 1.9664192 0.122230075 1.6985905
v 1.9443493 0.11104006 1.7902803
v 1.8887492 0.11136008 1.7933905
v 1.9664192 0.122230075 1.6985905
v 2.0111392 0.11432006 1.7202004
v 1.7420692 0.113470055 1.9263204
v 1.7021791 0.19602007 1.9374304
v 1.8702892 0.19762003 1.7981802
v 1.8887492 0.11136008 1.7933905
v 1.5477092 0.20116007 1.8968004
v 1.7021791 0.19602007 1.9374304
v 1.571579 0.20015004 2.0858104
v 1.418109 0.19767007 2.0205903
v 1.3804791 0.20013006 2.1279902
v 1.373589 0.19833004 2.1000903
v 1.571579 0.20015004 2.0858104
v 1.7021791 0.19602007 1.9374304
v 1.6483793 0.10488008 2.0174603
v 1.5763391 0.10229007 2.0905004
v 1.5763391 0.10229007 2.0905004
v 1.5095991 0.114050075 2.1694205
v 1.493059 0.19489007 2.1645803
v 1.6702491 0.11225006 1.7681704
v 1.6859691 0.19700007 1.7647203
v 1.5996891 0.19564006 1.8641304
v 1.5856792 0.12257007 1.8711603
v 1.5477092 0.20116007 1.8968004
v 1.5394093 0.115320064 1.9000403
v 1.5856792 0.12257007 1.8711603
v 1.5996891 0.19564006 1.8641304
v 1.6859691 0.19700007 1.7647203
v 1.6702491 0.11225006 1.7681704
v 1.8183693 0.112370074 1.6480904
v 1.8155891 0.17743005 1.6489302
v 1.5394093 0.115320064 1.9000403
v 1.5477092 0.20116007 1.8968004
v 1.418109 0.19767007 2.0205903
v 1.4109991 0.13624008 2.0194104
v 1.418109 0.19767007 2.0205903
v 1.373589 0.19833004 2.1000903
v 1.366539 0.13646007 2.0884602
v 1.4109991 0.13624008 2.0194104
v 1.360499 0.13657007 2.1263702
v 1.366539 0.13646007 2.0884602
v 1.373589 0.19833004 2.1000903
v 1.3804791 0.20013006 2.1279902
v 1.360499 0.13657007 2.1263702
v 1.3804791 0.20013006 2.1279902
v 1.275499 0.19132008 2.2457702
v 1.259359 0.1269501 2.23176
v 1.3804791 0.20013006 2.1279902
v 1.493059 0.19489007 2.1645803
v 1.354609 0.19457008 2.3226202
v 1.275499 0.19132008 2.2457702
v 1.366539 0.13646007 2.0884602
v 1.3111792 0.12804008 2.10302
v 1.3969591 0.12669007 2.0131602
v 1.4109991 0.13624008 2.0194104
v 1.360499 0.13657007 2.1263702
v 1.259359 0.1269501 2.23176
v 1.2465191 0.11805008 2.20066
v 1.3111792 0.12804008 2.10302
v 1.3102791 0.13166007 2.34399
v 1.2117791 0.119440086 2.27484
v 1.259359 0.1269501 2.23176
v 1.3354391 0.14040008 2.32372
v 1.4850993 0.12763007 1.9255701
v 1.5394093 0.115320064 1.9000403
v 1.4109991 0.13624008 2.0194104
v 1.3969591 0.12669007 2.0131602
v 1.6149292 0.11215006 1.7728004
v 1.6702491 0.11225006 1.7681704
v 1.5856792 0.12257007 1.8711603
v 1.5521194 0.11156008 1.8386202
v 1.8157293 0.17461006 1.6320105
v 1.8155891 0.17743005 1.6489302
v 1.8183693 0.112370074 1.6480904
v 1.8145893 0.110380076 1.6331404
v 1.8702593 0.19335006 1.6193603
v 1.8157293 0.17461006 1.6320105
v 2.011519 0.17570004 1.4483105
v 2.0360892 0.19585003 1.4414104
v 2.1942394 0.14296006 1.2639506
v 2.068649 0.13320003 1.3875207
v 2.0784793 0.13131003 1.3377706
v 2.1830993 0.13166003 1.2302107
v 2.1830993 0.13166003 1.2302107
v 2.0784793 0.13131003 1.3377706
v 2.105009 0.10692005 1.2931906
v 2.2077193 0.10444004 1.2164806
v 2.0923393 0.073440045 1.3109506
v 2.047319 0.11526004 1.4016906
v 2.0144393 0.10239006 1.3620205
v 2.071249 0.06663006 1.2840806
v 2.2189093 6.507271E-08 1.4886906
v 2.1987891 0.13114004 1.5092206
v 2.3091393 0.11927006 1.3622106
v 2.340269 5.9371427E-08 1.3582606
v 2.3459492 5.709713E-08 1.3062307
v 2.340269 5.9371427E-08 1.3582606
v 2.3091393 0.11927006 1.3622106
v 2.3401792 0.12002004 1.2893206
v 2.085339 0.13184005 1.6330504
v 2.052219 0.13759005 1.6328704
v 2.192019 0.13625003 1.4765806
v 2.1987891 0.13114004 1.5092206
v 2.069059 0.10762007 1.6599708
v 2.058909 0.071320064 1.6792507
v 2.0447893 0.08999007 1.6985804
v 2.0111392 0.11432006 1.7202004
v 2.0908492 7.398021E-08 1.6924706
v 2.068289 0.08730006 1.7054906
v 2.058909 0.071320064 1.6792507
v 2.0689993 7.2510204E-08 1.6588407
v 2.0401492 0.07773006 1.7459806
v 2.0117192 0.07991006 1.7369105
v 2.0447893 0.08999007 1.6985804
v 2.068289 0.08730006 1.7054906
v 1.9864693 7.639659E-08 1.7477506
v 1.9733192 0.080740064 1.7676604
v 2.0117192 0.07991006 1.7369105
v 2.003539 7.556867E-08 1.7288103
v 2.0117192 0.07991006 1.7369105
v 2.0401492 0.07773006 1.7459806
v 2.040759 7.634893E-08 1.7466606
v 2.003539 7.556867E-08 1.7288103
v 2.068289 0.08730006 1.7054906
v 2.0908492 7.398021E-08 1.6924706
v 2.040759 7.634893E-08 1.7466606
v 2.0401492 0.07773006 1.7459806
v 1.7328091 8.747086E-08 2.0011005
v 1.7138892 0.09706008 1.9959202
v 1.8728992 0.10710008 1.8789304
v 1.8891392 8.298345E-08 1.8984404
v 1.6783592 8.878131E-08 2.0310805
v 1.6635091 0.08244008 2.0444405
v 1.7138892 0.09706008 1.9959202
v 1.7328091 8.747086E-08 2.0011005
v 1.663859 0.094540074 2.0775204
v 1.6852591 8.9624066E-08 2.0503602
v 1.6405289 9.270878E-08 2.1209302
v 1.6289189 0.07931009 2.1344204
v 1.6405289 9.270878E-08 2.1209302
v 1.5763991 9.7018294E-08 2.2195206
v 1.5735391 0.062400095 2.2235103
v 1.663859 0.094540074 2.0775204
v 1.605099 0.09767007 2.1205604
v 1.5763391 0.10229007 2.0905004
v 1.6483793 0.10488008 2.0174603
v 1.5095991 0.114050075 2.1694205
v 1.5763391 0.10229007 2.0905004
v 1.605099 0.09767007 2.1205604
v 1.5433091 0.10380008 2.1989603
v 1.485579 0.06984009 2.2858703
v 1.5735391 0.062400095 2.2235103
v 1.5763991 9.7018294E-08 2.2195206
v 1.478999 1.0030713E-07 2.2947602
v 1.5433091 0.10380008 2.1989603
v 1.485579 0.06984009 2.2858703
v 1.464589 0.07194009 2.2564204
v 1.5095991 0.114050075 2.1694205
v 1.4723891 0.10280009 2.2952104
v 1.4533991 0.10495009 2.2691803
v 1.464589 0.07194009 2.2564204
v 1.485579 0.06984009 2.2858703
v 1.4723891 0.10280009 2.2952104
v 1.383309 0.096070096 2.3834903
v 1.3768592 0.10873008 2.3347003
v 1.4533991 0.10495009 2.2691803
v 1.3768592 0.10873008 2.3347003
v 1.383309 0.096070096 2.3834903
v 1.3102791 0.13166007 2.34399
v 1.3354391 0.14040008 2.32372
v 1.383309 0.096070096 2.3834903
v 1.396249 1.0430367E-07 2.3861904
v 1.2877392 1.0326814E-07 2.3625002
v 1.3102791 0.13166007 2.34399
v 1.2465191 0.11805008 2.20066
v 1.218739 9.635169E-08 2.2042701
v 1.3119789 9.190363E-08 2.1025102
v 1.3111792 0.12804008 2.10302
v 1.3119789 9.190363E-08 2.1025102
v 1.3969591 0.12669007 2.0131602
v 1.3111792 0.12804008 2.10302
v 1.4244591 8.67942E-08 1.9856203
v 1.4775192 0.107820064 1.9294205
v 1.4850993 0.12763007 1.9255701
v 1.4775192 0.107820064 1.9294205
v 1.4244591 8.67942E-08 1.9856203
v 1.4831492 8.3079605E-08 1.9006402
v 1.4893093 0.11097006 1.9044403
v 1.5521194 0.11156008 1.8386202
v 1.4893093 0.11097006 1.9044403
v 1.5128992 0.09069007 1.8649004
v 1.5474092 0.07769008 1.8255202
v 1.4888893 0.08764007 1.8584105
v 1.5128992 0.09069007 1.8649004
v 1.4831492 8.3079605E-08 1.9006402
v 1.4674093 8.195404E-08 1.8748903
v 1.5474092 0.07769008 1.8255202
v 1.5192891 0.08353008 1.8200403
v 1.5291492 7.890168E-08 1.8050604
v 1.5552193 8.0134775E-08 1.8332704
v 1.5192891 0.08353008 1.8200403
v 1.5474092 0.07769008 1.8255202
v 1.5128992 0.09069007 1.8649004
v 1.4888893 0.08764007 1.8584105
v 1.4888893 0.08764007 1.8584105
v 1.4674093 8.195404E-08 1.8748903
v 1.5291492 7.890168E-08 1.8050604
v 1.5192891 0.08353008 1.8200403
v 1.7962091 0.10184004 1.6074104
v 1.6992092 7.198128E-08 1.6467403
v 1.8754191 6.6443924E-08 1.5200603
v 1.8927593 0.08217006 1.5203904
v 1.9831891 0.09682005 1.4188305
v 2.047319 0.11526004 1.4016906
v 1.9109793 0.108060054 1.5422904
v 1.8946292 0.09493005 1.4966704
v 1.8946292 0.09493005 1.4966704
v 1.8754191 6.6443924E-08 1.5200603
v 1.9050891 6.4883E-08 1.4843504
v 1.9147792 0.077690065 1.4745604
v 1.9147792 0.077690065 1.4745604
v 1.9050891 6.4883E-08 1.4843504
v 1.9858892 5.8422458E-08 1.3365506
v 1.9856492 0.06582006 1.3440505
v 2.071249 0.06663006 1.2840806
v 2.0878294 0.10373003 1.2643607
v 2.105009 0.10692005 1.2931906
v 2.0923393 0.073440045 1.3109506
v 1.9858892 5.8422458E-08 1.3365506
v 2.0799193 5.5406804E-08 1.2675606
v 2.071249 0.06663006 1.2840806
v 1.9856492 0.06582006 1.3440505
v 2.2077193 0.10444004 1.2164806
v 2.105009 0.10692005 1.2931906
v 2.0878294 0.10373003 1.2643607
v 2.1789296 0.10617004 1.1792706
v 2.3401792 0.12002004 1.2893206
v 2.249609 0.13042007 1.2196807
v 2.264019 5.2365365E-08 1.1979806
v 2.3459492 5.709713E-08 1.3062307
v 2.264019 5.2365365E-08 1.1979806
v 2.249609 0.13042007 1.2196807
v 2.2077193 0.10444004 1.2164806
v 2.2115095 5.3556064E-08 1.2252207
v 2.2615292 0.19479004 1.3291906
v 2.2001991 0.17679003 1.2646207
v 2.1942394 0.14296006 1.2639506
v 2.2749994 0.13143003 1.3386207
v 2.0111392 0.11432006 1.7202004
v 1.9664192 0.122230075 1.6985905
v 2.0144289 0.11589007 1.6676205
v 2.069059 0.10762007 1.6599708
v 1.8728992 0.10710008 1.8789304
v 1.7138892 0.09706008 1.9959202
v 1.7420692 0.113470055 1.9263204
v 1.8887492 0.11136008 1.7933905
v 1.9109793 0.108060054 1.5422904
v 1.8145893 0.110380076 1.6331404
v 1.7962091 0.10184004 1.6074104
v 1.8927593 0.08217006 1.5203904
v 2.0689993 7.2510204E-08 1.6588407
v 2.069059 0.10762007 1.6599708
v 2.0813093 0.10381007 1.6338806
v 2.132959 6.917677E-08 1.5825806
v 1.8891392 8.298345E-08 1.8984404
v 1.8728992 0.10710008 1.8789304
v 1.9435892 0.09457008 1.7912705
v 1.9864693 7.639659E-08 1.7477506
v 1.4723891 0.10280009 2.2952104
v 1.478999 1.0030713E-07 2.2947602
v 1.396249 1.0430367E-07 2.3861904
v 1.383309 0.096070096 2.3834903
v 1.5748993 7.9158696E-08 1.8109404
v 1.6149292 0.11215006 1.7728004
v 1.5521194 0.11156008 1.8386202
v 1.5552193 8.0134775E-08 1.8332704
v 1.6992092 7.198128E-08 1.6467403
v 1.6903492 0.10824007 1.6815704
v 1.6149292 0.11215006 1.7728004
v 1.5748993 7.9158696E-08 1.8109404
v 2.1627192 5.1397606E-08 1.1758406
v 2.1789296 0.10617004 1.1792706
v 2.0878294 0.10373003 1.2643607
v 2.0799193 5.5406804E-08 1.2675606
v 1.8157293 0.17461006 1.6320105
v 1.8145893 0.110380076 1.6331404
v 1.9109793 0.108060054 1.5422904
v 2.011519 0.17570004 1.4483105
v 1.3768592 0.10873008 2.3347003
v 1.354609 0.19457008 2.3226202
v 1.493059 0.19489007 2.1645803
v 1.5095991 0.114050075 2.1694205
v 1.9831891 0.09682005 1.4188305
v 1.9147792 0.077690065 1.4745604
v 1.9856492 0.06582006 1.3440505
v 2.0144393 0.10239006 1.3620205
v 2.200799 0.13604003 1.4419806
v 2.2749994 0.13143003 1.3386207
v 2.3091393 0.11927006 1.3622106
v 2.1987891 0.13114004 1.5092206
v 1.6483793 0.10488008 2.0174603
v 1.7420692 0.113470055 1.9263204
v 1.7138892 0.09706008 1.9959202
v 1.6635091 0.08244008 2.0444405
v 1.5521194 0.11156008 1.8386202
v 1.5856792 0.12257007 1.8711603
v 1.5394093 0.115320064 1.9000403
v 1.4893093 0.11097006 1.9044403
v 1.6702491 0.11225006 1.7681704
v 1.6149292 0.11215006 1.7728004
v 1.6903492 0.10824007 1.6815704
v 1.7962091 0.10184004 1.6074104
v 1.8183693 0.112370074 1.6480904
v 1.6702491 0.11225006 1.7681704
v 1.7962091 0.10184004 1.6074104
v 1.8145893 0.110380076 1.6331404
v 2.0111392 0.11432006 1.7202004
v 2.0447893 0.08999007 1.6985804
v 2.0117192 0.07991006 1.7369105
v 1.9443493 0.11104006 1.7902803
v 1.9443493 0.11104006 1.7902803
v 2.0117192 0.07991006 1.7369105
v 1.9733192 0.080740064 1.7676604
v 1.9435892 0.09457008 1.7912705
v 2.1987891 0.13114004 1.5092206
v 2.2189093 6.507271E-08 1.4886906
v 2.132959 6.917677E-08 1.5825806
v 2.085339 0.13184005 1.6330504
v 1.5433091 0.10380008 2.1989603
v 1.605099 0.09767007 2.1205604
v 1.6289189 0.07931009 2.1344204
v 1.5735391 0.062400095 2.2235103
v 1.6635091 0.08244008 2.0444405
v 1.6783592 8.878131E-08 2.0310805
v 1.6852591 8.9624066E-08 2.0503602
v 1.663859 0.094540074 2.0775204
v -0.8592407 0.11051991 -2.0861394
v -0.92561823 0.11086991 -2.0894995
v -0.866219 0.113039896 -2.0988195
v -0.78101224 0.11597991 -2.1066396
v -0.7498276 0.112279914 -2.0848596
v -1.3501189 0.19522989 -2.14492
v -1.3529531 0.19283989 -2.25669
v -1.2671056 0.19989984 -2.27122
v -1.264485 0.19946991 -2.1268198
v -1.3501189 0.19522989 -2.14492
v -1.3634254 0.1749499 -2.1483498
v -1.3634545 0.17419986 -2.2461598
v -1.3529531 0.19283989 -2.25669
v -1.1511023 0.19878986 -2.2636201
v -1.264485 0.19946991 -2.1268198
v -1.2671056 0.19989984 -2.27122
v -1.1498017 0.20002986 -2.13558
v -1.0212101 0.20000985 -2.2624495
v -1.0209384 0.20005994 -2.1358097
v -1.264485 0.19946991 -2.1268198
v -1.2649218 0.1457299 -2.1148896
v -1.2987075 0.1323999 -2.1197202
v -1.3551561 0.17486991 -2.12229
v -1.293505 0.13746987 -2.2779198
v -1.2634269 0.14771986 -2.28383
v -1.2671056 0.19989984 -2.27122
v -1.3543214 0.17559986 -2.27653
v -1.2671056 0.19989984 -2.27122
v -1.2634269 0.14771986 -2.28383
v -1.1595755 0.16026989 -2.27223
v -1.1511023 0.19878986 -2.2636201
v -1.2987075 0.1323999 -2.1197202
v -1.3048705 0.1100299 -2.1194298
v -1.357738 0.10952991 -2.1240199
v -1.3551561 0.17486991 -2.12229
v -1.3575339 0.11173989 -2.27762
v -1.304366 0.10973988 -2.2784598
v -1.293505 0.13746987 -2.2779198
v -1.3543214 0.17559986 -2.27653
v -1.3634545 0.17419986 -2.2461598
v -1.3634254 0.1749499 -2.1483498
v -1.357738 0.10952991 -2.1240199
v -1.3575339 0.11173989 -2.27762
v -1.357738 0.10952991 -2.1240199
v -1.3352593 0.1009499 -2.13552
v -1.3358803 0.0996499 -2.26171
v -1.3575339 0.11173989 -2.27762
v -1.3504295 9.908132E-06 -2.1396198
v -1.3505362 9.902882E-06 -2.2597299
v -1.3358803 0.0996499 -2.26171
v -1.3352593 0.1009499 -2.13552
v -1.3358803 0.0996499 -2.26171
v -1.3505362 9.902882E-06 -2.2597299
v -1.3142754 -1.0053006E-07 -2.29986
v -1.304366 0.10973988 -2.2784598
v -1.0574126 0.15174988 -2.3136194
v -1.2223717 0.14933987 -2.30883
v -1.2190232 -1.0093133E-07 -2.30904
v -1.0567527 -1.0113283E-07 -2.3136497
v -1.2223717 0.14933987 -2.30883
v -1.1577702 0.15884988 -2.2784598
v -1.1595755 0.16026989 -2.27223
v -1.2634269 0.14771986 -2.28383
v -1.0574126 0.15174988 -2.3136194
v -1.0202202 0.15207987 -2.2740996
v -1.1577702 0.15884988 -2.2784598
v -1.2223717 0.14933987 -2.30883
v -1.0202202 0.15207987 -2.2740996
v -1.0212101 0.20000985 -2.2624495
v -1.1511023 0.19878986 -2.2636201
v -1.1577702 0.15884988 -2.2784598
v -0.98557067 0.10894988 -2.27243
v -1.0010706 0.15197986 -2.2601995
v -1.0202202 0.15207987 -2.2740996
v -0.99710107 0.1003399 -2.2828195
v -1.0212101 0.20000985 -2.2624495
v -1.0162894 0.15667987 -2.2524698
v -1.0156195 0.1562799 -2.1474097
v -1.0209384 0.20005994 -2.1358097
v -1.0572572 0.15201987 -2.0844696
v -1.1516069 0.15211989 -2.0875099
v -1.1577507 0.1587699 -2.11963
v -1.0198126 0.1526899 -2.1247299
v -0.99333537 0.10301991 -2.1174998
v -0.92561823 0.11086991 -2.0894995
v -0.9237354 0.0765599 -2.07954
v -1.0019054 0.076129906 -2.1067495
v -1.0085344 0.18345986 -2.24631
v -1.0072824 0.1842199 -2.15204
v -1.0156195 0.1562799 -2.1474097
v -1.0162894 0.15667987 -2.2524698
v -1.0085344 0.18345986 -2.24631
v -1.0162894 0.15667987 -2.2524698
v -1.0010706 0.15197986 -2.2601995
v -0.96246123 0.19489984 -2.2625895
v -0.9632183 0.19496989 -2.13671
v -1.0072824 0.1842199 -2.15204
v -1.0085344 0.18345986 -2.24631
v -0.96246123 0.19489984 -2.2625895
v -0.91131186 0.19498987 -2.2454395
v -0.9110498 0.1946699 -2.1511
v -0.9632183 0.19496989 -2.13671
v -0.96246123 0.19489984 -2.2625895
v -0.86388963 0.1994699 -2.1226695
v -0.9110498 0.1946699 -2.1511
v -0.91131186 0.19498987 -2.2454395
v -0.86371493 0.19945988 -2.2746496
v -0.9087788 0.11545989 -2.25751
v -0.91131186 0.19498987 -2.2454395
v -0.96246123 0.19489984 -2.2625895
v -0.96318907 0.1117799 -2.2776496
v -0.86371493 0.19945988 -2.2746496
v -0.91131186 0.19498987 -2.2454395
v -0.9087788 0.11545989 -2.25751
v -0.8621523 0.119049884 -2.3006697
v -1.0010706 0.15197986 -2.2601995
v -0.98557067 0.10894988 -2.27243
v -0.96318907 0.1117799 -2.2776496
v -0.96246123 0.19489984 -2.2625895
v -0.99333537 0.10301991 -2.1174998
v -0.9823679 0.107559904 -2.1262596
v -0.9611606 0.1101899 -2.1197698
v -0.92561823 0.11086991 -2.0894995
v -0.9237354 0.0765599 -2.07954
v -0.92561823 0.11086991 -2.0894995
v -0.8592407 0.11051991 -2.0861394
v -0.851078 0.0793499 -2.0725799
v -0.86388963 0.1994699 -2.1226695
v -0.86371493 0.19945988 -2.2746496
v -0.7774308 0.19965987 -2.2768192
v -0.7761205 0.19948989 -2.1204097
v -0.8621523 0.119049884 -2.3006697
v -0.7774501 0.11606988 -2.2903993
v -0.7774308 0.19965987 -2.2768192
v -0.86371493 0.19945988 -2.2746496
v -0.7341431 0.11489991 -2.1216395
v -0.72170997 0.1122699 -2.1166399
v -0.7498276 0.112279914 -2.0848596
v -0.78101224 0.11597991 -2.1066396
v -0.72170997 0.1122699 -2.1166399
v -0.70706403 0.1027699 -2.1178298
v -0.7306102 0.10172991 -2.0953498
v -0.7498276 0.112279914 -2.0848596
v -0.64546156 0.1000499 -2.1186996
v -0.70706403 0.1027699 -2.1178298
v -0.72170997 0.1122699 -2.1166399
v -0.603523 0.11368991 -2.1106594
v -0.7412283 0.19937985 -2.2661593
v -0.7421794 0.19837989 -2.1292198
v -0.7761205 0.19948989 -2.1204097
v -0.7774308 0.19965987 -2.2768192
v -0.7412283 0.19937985 -2.2661593
v -0.73026067 0.19556986 -2.2456396
v -0.730057 0.19580986 -2.1519191
v -0.7421794 0.19837989 -2.1292198
v -0.730057 0.19580986 -2.1519191
v -0.73026067 0.19556986 -2.2456396
v -0.60359097 0.20017986 -2.2694795
v -0.60403746 0.19679987 -2.1260195
v -0.7774501 0.11606988 -2.2903993
v -0.8621523 0.119049884 -2.3006697
v -0.8554747 0.11136988 -2.3116996
v -0.75079805 0.11197985 -2.3130796
v -0.8621523 0.119049884 -2.3006697
v -0.9087788 0.11545989 -2.25751
v -0.92638487 0.11182985 -2.30805
v -0.8554747 0.11136988 -2.3116996
v -0.96318907 0.1117799 -2.2776496
v -0.98557067 0.10894988 -2.27243
v -0.99710107 0.1003399 -2.2828195
v -0.92638487 0.11182985 -2.30805
v -0.8554747 0.11136988 -2.3116996
v -0.92638487 0.11182985 -2.30805
v -0.93069434 -1.0090334E-07 -2.3084
v -0.850321 -1.0110486E-07 -2.31301
v -0.850321 -1.0110486E-07 -2.31301
v -0.75079805 0.11197985 -2.3130796
v -0.75007015 -1.01131945E-07 -2.3136292
v -0.65918547 0.101359874 -2.3031893
v -0.75079805 0.11197985 -2.3130796
v -0.75007015 -1.01131945E-07 -2.3136292
v -0.63452315 -1.010065E-07 -2.3107593
v -0.6304856 -1.0010518E-07 -2.2901397
v -0.64829564 0.10146989 -2.2788198
v -0.65918547 0.101359874 -2.3031893
v -0.63452315 -1.010065E-07 -2.3107593
v -0.65918547 0.101359874 -2.3031893
v -0.64829564 0.10146989 -2.2788198
v -0.732299 0.11460989 -2.2791498
v -0.75079805 0.11197985 -2.3130796
v -0.60359097 0.20017986 -2.2694795
v -0.43894243 0.2000399 -2.2618196
v -0.44042748 0.2000699 -2.1364696
v -0.60403746 0.19679987 -2.1260195
v -0.4360114 0.19828987 -2.2535799
v -0.43542904 0.19890988 -2.1446292
v -0.44042748 0.2000699 -2.1364696
v -0.43894243 0.2000399 -2.2618196
v -0.4334004 0.13935986 -2.2666395
v -0.4360114 0.19828987 -2.2535799
v -0.43894243 0.2000399 -2.2618196
v -0.4364674 0.13859987 -2.2764297
v -0.44045666 0.12704988 -2.1010895
v -0.54460907 0.13113992 -2.1044493
v -0.54369676 0.1342199 -2.1222599
v -0.43715662 0.13669991 -2.1219594
v -0.5939046 0.1266699 -2.1138093
v -0.54460907 0.13113992 -2.1044493
v -0.54725885 0.09648991 -2.0971394
v -0.6034842 0.09636991 -2.1089094
v -0.54460907 0.13113992 -2.1044493
v -0.44045666 0.12704988 -2.1010895
v -0.44203857 0.09389989 -2.0925891
v -0.54725885 0.09648991 -2.0971394
v -0.34920305 0.19981988 -2.2382994
v -0.35888943 0.1974599 -2.1376398
v -0.39533448 0.1967799 -2.1163096
v -0.37705854 0.19836986 -2.2755096
v -0.3720699 0.12928988 -2.1010299
v -0.34906718 0.14493991 -2.1433597
v -0.32703516 0.14396991 -2.1386297
v -0.30367336 0.13152988 -2.1009595
v -0.32703516 0.14396991 -2.1386297
v -0.34906718 0.14493991 -2.1433597
v -0.34243813 0.14373986 -2.2437694
v -0.32691863 0.14427987 -2.2581794
v -0.27824426 0.1634499 -2.0948997
v -0.32703516 0.14396991 -2.1386297
v -0.32691863 0.14427987 -2.2581794
v -0.27800158 0.1625099 -2.3368278
v -0.53990173 0.12654987 -2.2943594
v -0.43386635 0.12915987 -2.3263977
v -0.4364674 0.13859987 -2.2764297
v -0.5912646 0.12777987 -2.2834394
v -0.4147751 0.13674986 -2.2781794
v -0.4334004 0.13935986 -2.2666395
v -0.4364674 0.13859987 -2.2764297
v -0.43386635 0.12915987 -2.3263977
v -0.53990173 0.12654987 -2.2943594
v -0.5431143 -1.0026777E-07 -2.2938595
v -0.44277626 -1.0170319E-07 -2.3266978
v -0.43386635 0.12915987 -2.3263977
v -0.5431143 -1.0026777E-07 -2.2938595
v -0.53990173 0.12654987 -2.2943594
v -0.60460997 0.114519894 -2.2869298
v -0.6304856 -1.0010518E-07 -2.2901397
v -0.43386635 0.12915987 -2.3263977
v -0.44277626 -1.0170319E-07 -2.3266978
v -0.32466686 -1.0261942E-07 -2.3476589
v -0.32876718 0.13062988 -2.347769
v -0.37508827 0.13778985 -2.2768295
v -0.4147751 0.13674986 -2.2781794
v -0.43386635 0.12915987 -2.3263977
v -0.32876718 0.13062988 -2.347769
v -0.34906718 0.14493991 -2.1433597
v -0.35888943 0.1974599 -2.1376398
v -0.34920305 0.19981988 -2.2382994
v -0.34243813 0.14373986 -2.2437694
v -0.34243813 0.14373986 -2.2437694
v -0.34920305 0.19981988 -2.2382994
v -0.37705854 0.19836986 -2.2755096
v -0.37508827 0.13778985 -2.2768295
v -0.37508827 0.13778985 -2.2768295
v -0.37705854 0.19836986 -2.2755096
v -0.41281453 0.19906986 -2.2746894
v -0.4147751 0.13674986 -2.2781794
v -0.4334004 0.13935986 -2.2666395
v -0.4147751 0.13674986 -2.2781794
v -0.41281453 0.19906986 -2.2746894
v -0.4360114 0.19828987 -2.2535799
v -0.32876718 0.13062988 -2.347769
v -0.32466686 -1.0261942E-07 -2.3476589
v -0.27450752 -1.0229503E-07 -2.3402376
v -0.27800158 0.1625099 -2.3368278
v -0.32691863 0.14427987 -2.2581794
v -0.34243813 0.14373986 -2.2437694
v -0.37508827 0.13778985 -2.2768295
v -0.32876718 0.13062988 -2.347769
v -0.27800158 0.1625099 -2.3368278
v -0.27450752 -1.0229503E-07 -2.3402376
v -0.1915524 -1.0246242E-07 -2.3440673
v -0.18904835 0.1643999 -2.342448
v -0.1915524 -1.0246242E-07 -2.3440673
v -0.13476409 -9.89503E-08 -2.2637193
v -0.14537245 0.14870988 -2.2736995
v -0.18904835 0.1643999 -2.342448
v -0.18904835 0.1643999 -2.342448
v -0.14537245 0.14870988 -2.2736995
v -0.14950715 0.14995992 -2.1255894
v -0.18832049 0.16460992 -2.0887194
v -0.13476409 -9.89503E-08 -2.2637193
v -0.13456999 -9.2924694E-08 -2.1258695
v -0.14950715 0.14995992 -2.1255894
v -0.14537245 0.14870988 -2.2736995
v -0.14950715 0.14995992 -2.1255894
v -0.13456999 -9.2924694E-08 -2.1258695
v -0.18914549 -9.109321E-08 -2.0839698
v -0.18832049 0.16460992 -2.0887194
v -0.27824426 0.1634499 -2.0948997
v -0.27800158 0.1625099 -2.3368278
v -0.18904835 0.1643999 -2.342448
v -0.18832049 0.16460992 -2.0887194
v -1.293505 0.13746987 -2.2779198
v -1.3142754 -1.0053006E-07 -2.29986
v -1.2190232 -1.0093133E-07 -2.30904
v -1.2223717 0.14933987 -2.30883
v -1.0282856 -1.00046584E-07 -2.2887995
v -1.0202202 0.15207987 -2.2740996
v -1.0574126 0.15174988 -2.3136194
v -1.0567527 -1.0113283E-07 -2.3136497
v -0.99333537 0.10301991 -2.1174998
v -1.0198126 0.1526899 -2.1247299
v -1.0017502 0.1511399 -2.1364696
v -0.9823679 0.107559904 -2.1262596
v -0.7289892 0.17640987 -2.2744596
v -0.7774308 0.19965987 -2.2768192
v -0.7774501 0.11606988 -2.2903993
v -0.732299 0.11460989 -2.2791498
v -0.99710107 0.1003399 -2.2828195
v -1.0251505 -1.0051475E-07 -2.2995098
v -0.93069434 -1.0090334E-07 -2.3084
v -0.92638487 0.11182985 -2.30805
v -0.44045666 0.12704988 -2.1010895
v -0.4335267 0.13903989 -2.1313798
v -0.39543158 0.13578992 -2.1161194
v -0.3720699 0.12928988 -2.1010299
v -1.2987075 0.1323999 -2.1197202
v -1.2242546 0.1502399 -2.0895298
v -1.2259142 0.1078799 -2.07985
v -1.3048705 0.1100299 -2.1194298
v -1.1598471 0.1599499 -2.1254199
v -1.1577507 0.1587699 -2.11963
v -1.2242546 0.1502399 -2.0895298
v -1.2649218 0.1457299 -2.1148896
v -0.92561823 0.11086991 -2.0894995
v -0.9611606 0.1101899 -2.1197698
v -0.9091283 0.1153799 -2.1394796
v -0.866219 0.113039896 -2.0988195
v -0.70706403 0.1027699 -2.1178298
v -0.64546156 0.1000499 -2.1186996
v -0.6588362 0.098889895 -2.0944097
v -0.7306102 0.10172991 -2.0953498
v -0.73026067 0.19556986 -2.2456396
v -0.732299 0.11460989 -2.2791498
v -0.64829564 0.10146989 -2.2788198
v -0.60359097 0.20017986 -2.2694795
v -0.4360114 0.19828987 -2.2535799
v -0.37705854 0.19836986 -2.2755096
v -0.39533448 0.1967799 -2.1163096
v -0.43542904 0.19890988 -2.1446292
v 0.7203091 0.10029009 2.3315296
v 0.72815907 0.10560009 2.3805196
v 0.5933091 0.104910105 2.38354
v 0.59121907 0.10688008 2.3510897
v 1.196773 0.10153989 -2.2809293
v 1.2974629 0.10081989 -2.2451494
v 1.291083 0.17357987 -2.2373092
v 1.2006329 0.18442987 -2.2798092
v 1.2006329 0.18442987 -2.2798092
v 1.291083 0.17357987 -2.2373092
v 1.2905631 0.17458989 -2.161389
v 1.1984429 0.18458991 -2.1171296
v 1.2905631 0.17458989 -2.161389
v 1.291083 0.17357987 -2.2373092
v 1.2974629 0.10081989 -2.2451494
v 1.2997229 0.09974989 -2.1532893
v 1.0873829 0.1130099 -2.2853594
v 1.2006329 0.18442987 -2.2798092
v 1.021573 0.18440986 -2.2781196
v 1.196773 0.10153989 -2.2809293
v 1.0873829 0.1130099 -2.2853594
v 1.1251229 0.0710999 -2.2856095
v 1.1790329 9.901656E-06 -2.2877693
v 1.2006329 0.18442987 -2.2798092
v 1.1984429 0.18458991 -2.1171296
v 1.067493 0.1833899 -2.1180797
v 1.021573 0.18440986 -2.2781196
v 1.021573 0.18440986 -2.2781196
v 0.98065305 0.17797987 -2.2698495
v 0.96234286 0.11821988 -2.2767196
v 1.0873829 0.1130099 -2.2853594
v 0.9782529 0.1783099 -2.1282294
v 0.98065305 0.17797987 -2.2698495
v 1.021573 0.18440986 -2.2781196
v 1.067493 0.1833899 -2.1180797
v 0.9643929 0.20039989 -2.1423094
v 0.962813 0.19736986 -2.2618494
v 0.98065305 0.17797987 -2.2698495
v 0.9782529 0.1783099 -2.1282294
v 0.942433 0.19482987 -2.2742994
v 0.941033 0.11629988 -2.2773495
v 0.96234286 0.11821988 -2.2767196
v 0.962813 0.19736986 -2.2618494
v 0.96793294 0.11136991 -2.0861697
v 0.94498295 0.1170699 -2.1169295
v 0.96564287 0.119079895 -2.1210394
v 1.0622531 0.11164991 -2.0848596
v 0.9028929 0.116729885 -2.2628593
v 0.941033 0.11629988 -2.2773495
v 0.942433 0.19482987 -2.2742994
v 0.9006529 0.19518986 -2.2563493
v 0.8888929 0.1121199 -2.0912695
v 0.89899296 0.11259991 -2.1140096
v 0.94498295 0.1170699 -2.1169295
v 0.96793294 0.11136991 -2.0861697
v 0.9006529 0.19518986 -2.2563493
v 0.9013528 0.19553989 -2.1413896
v 0.89356285 0.20062989 -2.1291196
v 0.89402306 0.20021985 -2.2690294
v 0.9028929 0.116729885 -2.2628593
v 0.9006529 0.19518986 -2.2563493
v 0.89402306 0.20021985 -2.2690294
v 0.898773 0.11263988 -2.2850695
v 0.8144329 0.10215989 -2.2840896
v 0.898773 0.11263988 -2.2850695
v 0.89402306 0.20021985 -2.2690294
v 0.786003 0.20090985 -2.2757795
v 1.0873829 0.1130099 -2.2853594
v 1.058333 0.11224986 -2.3121092
v 1.0606129 0.0571199 -2.3156195
v 1.1251229 0.0710999 -2.2856095
v 1.1790329 9.901656E-06 -2.2877693
v 1.1251229 0.0710999 -2.2856095
v 1.0606129 0.0571199 -2.3156195
v 1.024233 -1.0225098E-07 -2.3392293
v 0.8529531 0.06638989 -2.3018694
v 0.857663 0.07292989 -2.3308597
v 0.8802229 0.08528989 -2.3237395
v 0.88094294 0.11068988 -2.3082793
v 0.851163 -1.0181693E-07 -2.3292994
v 0.857663 0.07292989 -2.3308597
v 0.8529531 0.06638989 -2.3018694
v 0.847513 -1.0079669E-07 -2.3059595
v 0.7855831 0.0870099 -2.26486
v 0.76259303 -9.916626E-08 -2.2686596
v 0.77969295 -1.0053398E-07 -2.2999496
v 0.8144329 0.10215989 -2.2840896
v 0.741043 -9.958241E-08 -2.27818
v 0.76259303 -9.916626E-08 -2.2686596
v 0.7855831 0.0870099 -2.26486
v 0.74318296 0.104089886 -2.28596
v 0.741043 -9.958241E-08 -2.27818
v 0.74318296 0.104089886 -2.28596
v 0.751663 0.10693988 -2.3314695
v 0.7436829 -1.026081E-07 -2.3473997
v 0.7436829 -1.026081E-07 -2.3473997
v 0.751663 0.10693988 -2.3314695
v 0.61979306 0.10463989 -2.3367596
v 0.601493 -1.02288986E-07 -2.3400996
v 0.71157295 0.10684989 -2.2981997
v 0.614603 0.10686988 -2.3018897
v 0.61979306 0.10463989 -2.3367596
v 0.751663 0.10693988 -2.3314695
v 0.786003 0.20090985 -2.2757795
v 0.710213 0.19528988 -2.2625196
v 0.74318296 0.104089886 -2.28596
v 0.8144329 0.10215989 -2.2840896
v 0.710213 0.19528988 -2.2625196
v 0.69673294 0.19859986 -2.2744796
v 0.71157295 0.10684989 -2.2981997
v 0.74318296 0.104089886 -2.28596
v 0.69673294 0.19859986 -2.2744796
v 0.710213 0.19528988 -2.2625196
v 0.7097729 0.19553989 -2.1364095
v 0.696463 0.20003991 -2.1238596
v 0.595533 0.085589886 -2.3021796
v 0.594533 -1.00646325E-07 -2.3025196
v 0.601493 -1.02288986E-07 -2.3400996
v 0.61979306 0.10463989 -2.3367596
v 0.56400305 0.121039875 -2.3057399
v 0.56282294 0.09745988 -2.3025796
v 0.595533 0.085589886 -2.3021796
v 0.614603 0.10686988 -2.3018897
v 0.50796306 0.08053988 -2.3331096
v 0.50989306 -1.0193844E-07 -2.3320796
v 0.594533 -1.00646325E-07 -2.3025196
v 0.595533 0.085589886 -2.3021796
v 0.563913 0.20029986 -2.2804096
v 0.69673294 0.19859986 -2.2744796
v 0.696463 0.20003991 -2.1238596
v 0.56266296 0.20003991 -2.1195295
v 0.56400305 0.121039875 -2.3057399
v 0.563913 0.20029986 -2.2804096
v 0.54363304 0.20035985 -2.26908
v 0.539813 0.11301988 -2.2879798
v 0.56266296 0.20003991 -2.1195295
v 0.5455929 0.19574988 -2.1269996
v 0.54363304 0.20035985 -2.26908
v 0.563913 0.20029986 -2.2804096
v 0.56282294 0.09745988 -2.3025796
v 0.55060303 0.109949894 -2.2977297
v 0.508323 0.10993988 -2.3131397
v 0.50796306 0.08053988 -2.3331096
v 0.539813 0.11301988 -2.2879798
v 0.54363304 0.20035985 -2.26908
v 0.478593 0.20085986 -2.2691696
v 0.47257307 0.11239988 -2.2847297
v 0.478593 0.20085986 -2.2691696
v 0.54363304 0.20035985 -2.26908
v 0.5455929 0.19574988 -2.1269996
v 0.434153 0.2007899 -2.1221397
v 0.50796306 0.08053988 -2.3331096
v 0.508323 0.10993988 -2.3131397
v 0.46708307 0.10881987 -2.3127692
v 0.44626307 -1.02340586E-07 -2.3412797
v 0.37950307 0.10990989 -2.3586993
v 0.38262308 -1.0389319E-07 -2.3767996
v 0.44626307 -1.02340586E-07 -2.3412797
v 0.46708307 0.10881987 -2.3127692
v 0.2550531 0.09923988 -2.3447416
v 0.24967308 -1.032782E-07 -2.3627298
v 0.38262308 -1.0389319E-07 -2.3767996
v 0.37950307 0.10990989 -2.3586993
v 0.37950307 0.10990989 -2.3586993
v 0.34792307 0.112339884 -2.2854996
v 0.30949306 0.10995988 -2.28353
v 0.2550531 0.09923988 -2.3447416
v 0.24967308 -1.032782E-07 -2.3627298
v 0.2550531 0.09923988 -2.3447416
v 0.19381312 0.09879988 -2.3259735
v 0.17097309 -1.0163093E-07 -2.3250444
v 0.2550531 0.09923988 -2.3447416
v 0.30949306 0.10995988 -2.28353
v 0.27512306 0.10715988 -2.2536497
v 0.19381312 0.09879988 -2.3259735
v 0.16603306 -9.631672E-08 -2.20347
v 0.17097309 -1.0163093E-07 -2.3250444
v 0.17067309 0.0797799 -2.29543
v 0.15474303 0.08206989 -2.1993797
v 0.47257307 0.11239988 -2.2847297
v 0.478593 0.20085986 -2.2691696
v 0.43478307 0.20052986 -2.2766197
v 0.42814305 0.10995988 -2.2925396
v 0.35255304 0.19498987 -2.2598798
v 0.34792307 0.112339884 -2.2854996
v 0.42814305 0.10995988 -2.2925396
v 0.43478307 0.20052986 -2.2766197
v 0.434153 0.2007899 -2.1221397
v 0.353413 0.1950199 -2.1375098
v 0.35255304 0.19498987 -2.2598798
v 0.43478307 0.20052986 -2.2766197
v 0.35255304 0.19498987 -2.2598798
v 0.34308305 0.18521987 -2.2437096
v 0.34370306 0.11127988 -2.2580996
v 0.34792307 0.112339884 -2.2854996
v 0.34437302 0.1844399 -2.1551597
v 0.34308305 0.18521987 -2.2437096
v 0.35255304 0.19498987 -2.2598798
v 0.353413 0.1950199 -2.1375098
v 0.309933 0.11288991 -2.1144998
v 0.34899297 0.11265991 -2.1119597
v 0.38226303 0.109419905 -2.0736997
v 0.25808302 0.1003299 -2.0930898
v 0.276933 0.10721988 -2.1447496
v 0.25808302 0.1003299 -2.0930898
v 0.17035303 0.082529895 -2.1045597
v 0.15474303 0.08206989 -2.1993797
v 0.15474303 0.08206989 -2.1993797
v 0.27512306 0.10715988 -2.2536497
v 0.19381312 0.09879988 -2.3259735
v 0.15474303 0.08206989 -2.1993797
v 0.17035303 0.082529895 -2.1045597
v 0.169613 -9.190755E-08 -2.1025999
v 0.16603306 -9.631672E-08 -2.20347
v 0.27678636 0.082019895 -2.07126
v 0.25808302 0.1003299 -2.0930898
v 0.38226303 0.109419905 -2.0736997
v 0.383493 0.0796299 -2.0582297
v 0.509143 0.0819999 -2.0653198
v 0.383493 0.0796299 -2.0582297
v 0.38226303 0.109419905 -2.0736997
v 0.5083629 0.10955991 -2.0843897
v 0.7864629 0.1136199 -2.1050797
v 0.79549295 0.0969099 -2.1193695
v 0.78567296 0.08232989 -2.1339796
v 0.7345229 0.1175499 -2.1112897
v 0.6960329 0.13578989 -2.11392
v 0.718323 0.1354599 -2.11357
v 0.7127429 0.1312799 -2.1002395
v 0.6437329 0.13042988 -2.10132
v 0.6437329 0.13042988 -2.10132
v 0.7127429 0.1312799 -2.1002395
v 0.7132529 0.0927799 -2.1004696
v 0.6064829 0.07430991 -2.0947597
v 0.7132529 0.0927799 -2.1004696
v 0.7127429 0.1312799 -2.1002395
v 0.7345229 0.1175499 -2.1112897
v 0.78567296 0.08232989 -2.1339796
v 0.509143 0.0819999 -2.0653198
v 0.5083629 0.10955991 -2.0843897
v 0.5489129 0.109069906 -2.09883
v 0.6064829 0.07430991 -2.0947597
v 1.0622531 0.11164991 -2.0848596
v 1.063733 0.0705399 -2.0841293
v 1.019973 0.083999895 -2.0793495
v 0.96793294 0.11136991 -2.0861697
v 0.8802229 0.08528989 -2.3237395
v 0.962533 0.111399874 -2.3100395
v 0.88094294 0.11068988 -2.3082793
v 1.0606129 0.0571199 -2.3156195
v 1.024233 -1.0225098E-07 -2.3392293
v 0.8802229 0.08528989 -2.3237395
v 0.857663 0.07292989 -2.3308597
v 0.85430294 0.0648699 -2.0897694
v 0.79549295 0.0969099 -2.1193695
v 0.8888929 0.1121199 -2.0912695
v 0.9070728 0.09850989 -2.0825095
v 0.69673294 0.19859986 -2.2744796
v 0.563913 0.20029986 -2.2804096
v 0.614603 0.10686988 -2.3018897
v 0.71157295 0.10684989 -2.2981997
v 0.508323 0.10993988 -2.3131397
v 0.539813 0.11301988 -2.2879798
v 0.47257307 0.11239988 -2.2847297
v 0.46708307 0.10881987 -2.3127692
v 0.92138284 0.07797991 -2.0716894
v 0.8888929 0.1121199 -2.0912695
v 0.96793294 0.11136991 -2.0861697
v 1.019973 0.083999895 -2.0793495
v 0.9006529 0.19518986 -2.2563493
v 0.942433 0.19482987 -2.2742994
v 0.94340277 0.19626988 -2.1253893
v 0.9013528 0.19553989 -2.1413896
v 0.942433 0.19482987 -2.2742994
v 0.962813 0.19736986 -2.2618494
v 0.9643929 0.20039989 -2.1423094
v 0.94340277 0.19626988 -2.1253893
v 0.78356296 0.20086989 -2.1238399
v 0.786003 0.20090985 -2.2757795
v 0.89402306 0.20021985 -2.2690294
v 0.89356285 0.20062989 -2.1291196
v 0.710213 0.19528988 -2.2625196
v 0.786003 0.20090985 -2.2757795
v 0.78356296 0.20086989 -2.1238399
v 0.7097729 0.19553989 -2.1364095
v 0.435093 0.1129899 -2.10457
v 0.38226303 0.109419905 -2.0736997
v 0.34899297 0.11265991 -2.1119597
v 0.5083629 0.10955991 -2.0843897
v 0.5382229 0.11165991 -2.1102798
v 0.5489129 0.109069906 -2.09883
v 0.8144329 0.10215989 -2.2840896
v 0.88094294 0.11068988 -2.3082793
v 0.898773 0.11263988 -2.2850695
v 0.941033 0.11629988 -2.2773495
v 0.962533 0.111399874 -2.3100395
v 1.196773 0.10153989 -2.2809293
v 1.1790329 9.901656E-06 -2.2877693
v 1.2949231 9.903249E-06 -2.2513292
v 1.2974629 0.10081989 -2.2451494
v 1.2997229 0.09974989 -2.1532893
v 1.2974629 0.10081989 -2.2451494
v 1.2949231 9.903249E-06 -2.2513292
v 1.295013 9.90781E-06 -2.1469893
v 0.77969295 -1.0053398E-07 -2.2999496
v 0.847513 -1.0079669E-07 -2.3059595
v 0.8529531 0.06638989 -2.3018694
v 0.8144329 0.10215989 -2.2840896
v 1.058333 0.11224986 -2.3121092
v 1.0873829 0.1130099 -2.2853594
v 0.96234286 0.11821988 -2.2767196
v 0.962533 0.111399874 -2.3100395
v 2.2008002 0.13603991 -1.4419789
v 2.275 0.13142991 -1.3386191
v 2.26153 0.19025852 -1.329189
v 2.1789804 0.19594991 -1.438639
v 2.1789804 0.19594991 -1.438639
v 2.26153 0.19025852 -1.329189
v 2.20685 0.19381854 -1.2698292
v 2.0360904 0.19584991 -1.4414091
v 2.1828504 0.19537991 -1.4736991
v 2.0360904 0.19584991 -1.4414091
v 2.0099106 0.1996299 -1.6695491
v 2.0099106 0.1996299 -1.6695491
v 1.8702602 0.1933499 -1.6193591
v 1.9538603 0.1967799 -1.6996992
v 1.8702904 0.19761992 -1.7981793
v 1.9538603 0.1967799 -1.6996992
v 1.6859703 0.19699991 -1.7647191
v 1.7021803 0.19601987 -1.9374292
v 1.5996903 0.19563992 -1.8641292
v 2.1828504 0.19537991 -1.4736991
v 2.1920204 0.13624991 -1.4765791
v 2.2008002 0.13603991 -1.4419789
v 2.1789804 0.19594991 -1.438639
v 2.24961 0.13041992 -1.2196791
v 2.1942403 0.14295994 -1.263949
v 2.275 0.13142991 -1.3386191
v 2.3401802 0.12001992 -1.289319
v 2.0522203 0.1375899 -1.632869
v 2.1920204 0.13624991 -1.4765791
v 2.1828504 0.19537991 -1.4736991
v 2.0099106 0.1996299 -1.6695491
v 2.0099106 0.1996299 -1.6695491
v 1.9538603 0.1967799 -1.6996992
v 1.9664202 0.12222991 -1.6985893
v 2.0144303 0.11588991 -1.6676191
v 2.0360904 0.19584991 -1.4414091
v 2.20685 0.19381854 -1.2698292
v 2.2002 0.17678991 -1.2646191
v 2.0115204 0.17569992 -1.4483091
v 1.8887504 0.11135992 -1.7933894
v 1.9664202 0.12222991 -1.6985893
v 1.9538603 0.1967799 -1.6996992
v 1.8702904 0.19761992 -1.7981793
v 1.9443502 0.1110399 -1.7902792
v 2.0111403 0.11431991 -1.720199
v 1.9664202 0.12222991 -1.6985893
v 1.8887504 0.11135992 -1.7933894
v 1.7420704 0.113469906 -1.9263192
v 1.8887504 0.11135992 -1.7933894
v 1.8702904 0.19761992 -1.7981793
v 1.7021803 0.19601987 -1.9374292
v 1.5477104 0.20115988 -1.8967992
v 1.5715806 0.2001499 -2.0858092
v 1.7021803 0.19601987 -1.9374292
v 1.4181105 0.19766986 -2.020589
v 1.3804806 0.20012991 -2.127989
v 1.3735906 0.1983299 -2.100089
v 1.5715806 0.2001499 -2.0858092
v 1.5763407 0.1022899 -2.0904992
v 1.6483806 0.10487989 -2.0174592
v 1.7021803 0.19601987 -1.9374292
v 1.4930606 0.1948899 -2.164579
v 1.5096006 0.11404988 -2.1694193
v 1.5763407 0.1022899 -2.0904992
v 1.6702503 0.1122499 -1.7681692
v 1.5856804 0.122569904 -1.8711591
v 1.5996903 0.19563992 -1.8641292
v 1.6859703 0.19699991 -1.7647191
v 1.5477104 0.20115988 -1.8967992
v 1.5996903 0.19563992 -1.8641292
v 1.5856804 0.122569904 -1.8711591
v 1.5394104 0.115319915 -1.9000392
v 1.6859703 0.19699991 -1.7647191
v 1.8155903 0.1774299 -1.6489292
v 1.8183705 0.11236991 -1.6480892
v 1.6702503 0.1122499 -1.7681692
v 1.5394104 0.115319915 -1.9000392
v 1.4110005 0.13623989 -2.019409
v 1.4181105 0.19766986 -2.020589
v 1.5477104 0.20115988 -1.8967992
v 1.4181105 0.19766986 -2.020589
v 1.4110005 0.13623989 -2.019409
v 1.3665406 0.1364599 -2.0884588
v 1.3735906 0.1983299 -2.100089
v 1.3605006 0.1365699 -2.1263692
v 1.3804806 0.20012991 -2.127989
v 1.3735906 0.1983299 -2.100089
v 1.3665406 0.1364599 -2.0884588
v 1.3605006 0.1365699 -2.1263692
v 1.2593607 0.12694988 -2.2317593
v 1.2755007 0.19131987 -2.2457693
v 1.3804806 0.20012991 -2.127989
v 1.3804806 0.20012991 -2.127989
v 1.2755007 0.19131987 -2.2457693
v 1.3546106 0.19456987 -2.3226192
v 1.4930606 0.1948899 -2.164579
v 1.3354406 0.14039987 -2.323719
v 1.3546106 0.19456987 -2.3226192
v 1.2755007 0.19131987 -2.2457693
v 1.2593607 0.12694988 -2.2317593
v 1.3665406 0.1364599 -2.0884588
v 1.4110005 0.13623989 -2.019409
v 1.3969605 0.12668988 -2.013159
v 1.3111807 0.12803991 -2.1030192
v 1.3605006 0.1365699 -2.1263692
v 1.3111807 0.12803991 -2.1030192
v 1.2465206 0.11804989 -2.2006593
v 1.2593607 0.12694988 -2.2317593
v 1.3102807 0.13165987 -2.3439891
v 1.3354406 0.14039987 -2.323719
v 1.2593607 0.12694988 -2.2317593
v 1.2117807 0.11943988 -2.2748392
v 1.4851004 0.12762988 -1.925569
v 1.3969605 0.12668988 -2.013159
v 1.4110005 0.13623989 -2.019409
v 1.5394104 0.115319915 -1.9000392
v 1.6149304 0.11214993 -1.7727993
v 1.5521204 0.11155991 -1.8386192
v 1.5856804 0.122569904 -1.8711591
v 1.6702503 0.1122499 -1.7681692
v 1.8157305 0.1746099 -1.6320093
v 1.8145905 0.11037991 -1.6331393
v 1.8183705 0.11236991 -1.6480892
v 1.8155903 0.1774299 -1.6489292
v 1.8702602 0.1933499 -1.6193591
v 2.0360904 0.19584991 -1.4414091
v 2.0115204 0.17569992 -1.4483091
v 1.8157305 0.1746099 -1.6320093
v 2.1942403 0.14295994 -1.263949
v 2.1831 0.13165991 -1.230209
v 2.07848 0.13130991 -1.337769
v 2.0686505 0.13319992 -1.3875191
v 2.1831 0.13165991 -1.230209
v 2.20772 0.10443993 -1.216479
v 2.10501 0.10691993 -1.293189
v 2.07848 0.13130991 -1.337769
v 2.0923402 0.073439926 -1.310949
v 2.07125 0.06662993 -1.2840791
v 2.0144403 0.10238994 -1.3620192
v 2.0473204 0.11525992 -1.401689
v 2.2189105 -6.507268E-08 -1.488689
v 2.3415978 -5.935092E-08 -1.3577901
v 2.3091402 0.11926994 -1.362209
v 2.1987903 0.13113993 -1.509219
v 2.3563929 -5.704713E-08 -1.3050858
v 2.3401802 0.12001992 -1.289319
v 2.3091402 0.11926994 -1.362209
v 2.3415978 -5.935092E-08 -1.3577901
v 2.0853405 0.1318399 -1.6330489
v 2.1987903 0.13113993 -1.509219
v 2.1920204 0.13624991 -1.4765791
v 2.0522203 0.1375899 -1.632869
v 2.0690603 0.10761991 -1.6599692
v 2.0111403 0.11431991 -1.720199
v 2.0447905 0.089989915 -1.6985792
v 2.0589104 0.07131991 -1.679249
v 2.0908504 -7.398019E-08 -1.6924689
v 2.0690005 -7.251018E-08 -1.6588391
v 2.0589104 0.07131991 -1.679249
v 2.0682902 0.08729992 -1.705489
v 2.0401504 0.07772992 -1.7459793
v 2.0682902 0.08729992 -1.705489
v 2.0447905 0.089989915 -1.6985792
v 2.0117207 0.07990992 -1.7369093
v 1.9864702 -7.639657E-08 -1.7477493
v 2.0035403 -7.5568664E-08 -1.7288091
v 2.0117207 0.07990992 -1.7369093
v 1.9733204 0.08073992 -1.7676593
v 2.0117207 0.07990992 -1.7369093
v 2.0035403 -7.5568664E-08 -1.7288091
v 2.0407603 -7.634892E-08 -1.7466593
v 2.0401504 0.07772992 -1.7459793
v 2.0682902 0.08729992 -1.705489
v 2.0401504 0.07772992 -1.7459793
v 2.0407603 -7.634892E-08 -1.7466593
v 2.0908504 -7.398019E-08 -1.6924689
v 1.7328104 -8.747084E-08 -2.001099
v 1.8891401 -8.2983426E-08 -1.8984392
v 1.8729004 0.10709991 -1.8789293
v 1.7138904 0.0970599 -1.9959192
v 1.6783603 -8.8781306E-08 -2.0310793
v 1.7328104 -8.747084E-08 -2.001099
v 1.7138904 0.0970599 -1.9959192
v 1.6635103 0.0824399 -2.044439
v 1.6638604 0.094539896 -2.077519
v 1.6405306 -9.2708774E-08 -2.120929
v 1.6852608 -8.9624066E-08 -2.050359
v 1.6289206 0.07930989 -2.134419
v 1.5735407 0.062399894 -2.223509
v 1.5764006 -9.701827E-08 -2.2195191
v 1.6405306 -9.2708774E-08 -2.120929
v 1.6638604 0.094539896 -2.077519
v 1.6483806 0.10487989 -2.0174592
v 1.5763407 0.1022899 -2.0904992
v 1.6051006 0.09766991 -2.1205592
v 1.5096006 0.11404988 -2.1694193
v 1.5433106 0.10379989 -2.1989589
v 1.6051006 0.09766991 -2.1205592
v 1.5763407 0.1022899 -2.0904992
v 1.4855806 0.0698399 -2.2858691
v 1.4790006 -1.00307126E-07 -2.294759
v 1.5764006 -9.701827E-08 -2.2195191
v 1.5735407 0.062399894 -2.223509
v 1.5433106 0.10379989 -2.1989589
v 1.5096006 0.11404988 -2.1694193
v 1.4645905 0.0719399 -2.2564192
v 1.4855806 0.0698399 -2.2858691
v 1.4723907 0.1027999 -2.2952092
v 1.4855806 0.0698399 -2.2858691
v 1.4645905 0.0719399 -2.2564192
v 1.4534006 0.1049499 -2.2691789
v 1.4723907 0.1027999 -2.2952092
v 1.4534006 0.1049499 -2.2691789
v 1.3768607 0.108729884 -2.3346992
v 1.3833107 0.09606987 -2.3834891
v 1.3768607 0.108729884 -2.3346992
v 1.3354406 0.14039987 -2.323719
v 1.3102807 0.13165987 -2.3439891
v 1.3833107 0.09606987 -2.3834891
v 1.3833107 0.09606987 -2.3834891
v 1.3102807 0.13165987 -2.3439891
v 1.2877407 -1.0326812E-07 -2.3624992
v 1.3962506 -1.04303645E-07 -2.386189
v 1.2465206 0.11804989 -2.2006593
v 1.3111807 0.12803991 -2.1030192
v 1.3119806 -9.1903615E-08 -2.1025093
v 1.2187406 -9.635168E-08 -2.2042692
v 1.2187406 -9.635168E-08 -2.2042692
v 1.2104807 -9.892846E-08 -2.2632194
v 1.2117807 0.11943988 -2.2748392
v 1.2465206 0.11804989 -2.2006593
v 1.3119806 -9.1903615E-08 -2.1025093
v 1.3111807 0.12803991 -2.1030192
v 1.3969605 0.12668988 -2.013159
v 1.4244605 -8.679418E-08 -1.9856191
v 1.4775203 0.1078199 -1.9294193
v 1.4851004 0.12762988 -1.925569
v 1.4775203 0.1078199 -1.9294193
v 1.4893104 0.11096991 -1.9044391
v 1.4831504 -8.307959E-08 -1.900639
v 1.4244605 -8.679418E-08 -1.9856191
v 1.5521204 0.11155991 -1.8386192
v 1.5474104 0.07768991 -1.8255191
v 1.5129004 0.090689905 -1.8648992
v 1.4893104 0.11096991 -1.9044391
v 1.4888904 0.08763991 -1.8584093
v 1.4674103 -8.195401E-08 -1.8748891
v 1.4831504 -8.307959E-08 -1.900639
v 1.5129004 0.090689905 -1.8648992
v 1.5474104 0.07768991 -1.8255191
v 1.5552204 -8.013476E-08 -1.8332692
v 1.5291504 -7.890166E-08 -1.8050592
v 1.5192903 0.08352991 -1.8200392
v 1.5192903 0.08352991 -1.8200392
v 1.4888904 0.08763991 -1.8584093
v 1.5129004 0.090689905 -1.8648992
v 1.5474104 0.07768991 -1.8255191
v 1.4888904 0.08763991 -1.8584093
v 1.5192903 0.08352991 -1.8200392
v 1.5291504 -7.890166E-08 -1.8050592
v 1.4674103 -8.195401E-08 -1.8748891
v 1.7962103 0.10183992 -1.6074092
v 1.8927603 0.08216992 -1.5203892
v 1.8754202 -6.644392E-08 -1.5200592
v 1.6992104 -7.198127E-08 -1.6467391
v 1.9831903 0.09681993 -1.4188291
v 1.8946304 0.09492992 -1.4966693
v 1.9109802 0.10805993 -1.5422894
v 2.0473204 0.11525992 -1.401689
v 1.8946304 0.09492992 -1.4966693
v 1.9147803 0.07768993 -1.4745593
v 1.9050903 -6.488299E-08 -1.4843494
v 1.8754202 -6.644392E-08 -1.5200592
v 1.9147803 0.07768993 -1.4745593
v 1.9856504 0.06581994 -1.3440492
v 1.9858904 -5.842244E-08 -1.3365493
v 1.9050903 -6.488299E-08 -1.4843494
v 2.07125 0.06662993 -1.2840791
v 2.0923402 0.073439926 -1.310949
v 2.10501 0.10691993 -1.293189
v 2.08783 0.10372994 -1.2643591
v 1.9858904 -5.842244E-08 -1.3365493
v 1.9856504 0.06581994 -1.3440492
v 2.07125 0.06662993 -1.2840791
v 2.07992 -5.5406794E-08 -1.267559
v 2.20772 0.10443993 -1.216479
v 2.1789303 0.10616993 -1.1792691
v 2.08783 0.10372994 -1.2643591
v 2.10501 0.10691993 -1.293189
v 2.1789303 0.10616993 -1.1792691
v 2.20772 0.10443993 -1.216479
v 2.2115102 -5.355605E-08 -1.2252191
v 2.16272 -5.1397585E-08 -1.1758391
v 1.2117807 0.11943988 -2.2748392
v 1.2104807 -9.892846E-08 -2.2632194
v 1.2877407 -1.0326812E-07 -2.3624992
v 1.3102807 0.13165987 -2.3439891
v 2.3401802 0.12001992 -1.289319
v 2.3563929 -5.704713E-08 -1.3050858
v 2.26402 -5.236535E-08 -1.1979791
v 2.24961 0.13041992 -1.2196791
v 2.26402 -5.236535E-08 -1.1979791
v 2.2115102 -5.355605E-08 -1.2252191
v 2.20772 0.10443993 -1.216479
v 2.24961 0.13041992 -1.2196791
v 2.26153 0.19025852 -1.329189
v 2.275 0.13142991 -1.3386191
v 2.1942403 0.14295994 -1.263949
v 2.2002 0.17678991 -1.2646191
v 2.0111403 0.11431991 -1.720199
v 2.0690603 0.10761991 -1.6599692
v 2.0144303 0.11588991 -1.6676191
v 1.9664202 0.12222991 -1.6985893
v 1.8729004 0.10709991 -1.8789293
v 1.8887504 0.11135992 -1.7933894
v 1.7420704 0.113469906 -1.9263192
v 1.7138904 0.0970599 -1.9959192
v 1.9109802 0.10805993 -1.5422894
v 1.8927603 0.08216992 -1.5203892
v 1.7962103 0.10183992 -1.6074092
v 1.8145905 0.11037991 -1.6331393
v 2.0690005 -7.251018E-08 -1.6588391
v 2.1329603 -6.917675E-08 -1.582579
v 2.0813105 0.10380992 -1.633879
v 2.0690603 0.10761991 -1.6599692
v 1.8891401 -8.2983426E-08 -1.8984392
v 1.9864702 -7.639657E-08 -1.7477493
v 1.9435902 0.09456991 -1.7912693
v 1.8729004 0.10709991 -1.8789293
v 1.4723907 0.1027999 -2.2952092
v 1.3833107 0.09606987 -2.3834891
v 1.3962506 -1.04303645E-07 -2.386189
v 1.4790006 -1.00307126E-07 -2.294759
v 1.5749004 -7.915868E-08 -1.8109392
v 1.5552204 -8.013476E-08 -1.8332692
v 1.5521204 0.11155991 -1.8386192
v 1.6149304 0.11214993 -1.7727993
v 1.6992104 -7.198127E-08 -1.6467391
v 1.5749004 -7.915868E-08 -1.8109392
v 1.6149304 0.11214993 -1.7727993
v 1.6903502 0.108239904 -1.6815692
v 2.16272 -5.1397585E-08 -1.1758391
v 2.07992 -5.5406794E-08 -1.267559
v 2.08783 0.10372994 -1.2643591
v 2.1789303 0.10616993 -1.1792691
v 1.8157305 0.1746099 -1.6320093
v 2.0115204 0.17569992 -1.4483091
v 1.9109802 0.10805993 -1.5422894
v 1.8145905 0.11037991 -1.6331393
v 1.3768607 0.108729884 -2.3346992
v 1.5096006 0.11404988 -2.1694193
v 1.4930606 0.1948899 -2.164579
v 1.3546106 0.19456987 -2.3226192
v 1.9831903 0.09681993 -1.4188291
v 2.0144403 0.10238994 -1.3620192
v 1.9856504 0.06581994 -1.3440492
v 1.9147803 0.07768993 -1.4745593
v 2.2008002 0.13603991 -1.4419789
v 2.1987903 0.13113993 -1.509219
v 2.3091402 0.11926994 -1.362209
v 2.275 0.13142991 -1.3386191
v 1.6483806 0.10487989 -2.0174592
v 1.6635103 0.0824399 -2.044439
v 1.7138904 0.0970599 -1.9959192
v 1.7420704 0.113469906 -1.9263192
v 1.5521204 0.11155991 -1.8386192
v 1.4893104 0.11096991 -1.9044391
v 1.5394104 0.115319915 -1.9000392
v 1.5856804 0.122569904 -1.8711591
v 1.6702503 0.1122499 -1.7681692
v 1.7962103 0.10183992 -1.6074092
v 1.6903502 0.108239904 -1.6815692
v 1.6149304 0.11214993 -1.7727993
v 1.8183705 0.11236991 -1.6480892
v 1.8145905 0.11037991 -1.6331393
v 1.7962103 0.10183992 -1.6074092
v 1.6702503 0.1122499 -1.7681692
v 2.0111403 0.11431991 -1.720199
v 1.9443502 0.1110399 -1.7902792
v 2.0117207 0.07990992 -1.7369093
v 2.0447905 0.089989915 -1.6985792
v 1.9443502 0.1110399 -1.7902792
v 1.9435902 0.09456991 -1.7912693
v 1.9733204 0.08073992 -1.7676593
v 2.0117207 0.07990992 -1.7369093
v 2.1987903 0.13113993 -1.509219
v 2.0853405 0.1318399 -1.6330489
v 2.1329603 -6.917675E-08 -1.582579
v 2.2189105 -6.507268E-08 -1.488689
v 1.5433106 0.10379989 -2.1989589
v 1.5735407 0.062399894 -2.223509
v 1.6289206 0.07930989 -2.134419
v 1.6051006 0.09766991 -2.1205592
v 1.6635103 0.0824399 -2.044439
v 1.6638604 0.094539896 -2.077519
v 1.6852608 -8.9624066E-08 -2.050359
v 1.6783603 -8.8781306E-08 -2.0310793
v 2.1336696 0.11721996 -0.7446393
v 2.1289396 0.11468997 -0.73069924
v 2.0953395 0.11085997 -0.74996924
v 2.1510696 0.11966996 -0.73619926
v 2.0987797 0.11208999 -0.19203931
v 2.1116397 0.12797996 -0.28960928
v 2.1629295 0.13900997 -0.26692927
v 2.1555595 0.12123998 -0.16644928
v 2.3584297 0.098390006 0.08535076
v 2.30228 0.12214999 0.14418073
v 2.3199596 0.110559985 -0.025219247
v 2.3144796 0.11819999 0.18116073
v 2.3649795 0.10634001 0.29210073
v 2.1555595 0.12123998 -0.16644928
v 2.3152099 0.11335999 -0.16302924
v 2.29487 0.11408997 -0.11945925
v 2.1610296 0.12905 -0.11862931
v 2.2987592 0.19800004 1.3253506
v 2.2863593 0.19271001 1.1688006
v 2.3062894 0.16281003 1.1779906
v 2.3216693 0.13940005 1.3120207
v 2.2875202 0.18350992 -1.275829
v 2.2880201 0.15014993 -1.3137289
v 2.31425 0.15461992 -1.2511292
v 2.3063402 0.18473992 -1.231609
v 2.2880201 0.15014993 -1.3137289
v 2.2875202 0.18350992 -1.275829
v 2.2652001 0.17947993 -1.284669
v 2.26531 0.15555994 -1.3172392
v 2.3063402 0.18473992 -1.231609
v 2.31425 0.15461992 -1.2511292
v 2.3285801 0.15348992 -1.1935791
v 2.3284204 0.1823499 -1.1936591
v 2.3293798 0.12828994 -0.97856915
v 2.3199 0.119889945 -0.87747926
v 2.3029602 0.17411993 -0.8804891
v 2.3244302 0.18471994 -0.9784992
v 2.2584898 0.18425992 -0.9436792
v 2.3244302 0.18471994 -0.9784992
v 2.3029602 0.17411993 -0.8804891
v 2.2606502 0.18455993 -0.88493913
v 2.314467 0.10127992 -1.3347301
v 2.37451 0.10466993 -1.1609691
v 2.3288403 0.11853993 -1.190869
v 2.29229 0.11731992 -1.3112291
v 2.3404217 -5.904494E-08 -1.3507903
v 2.39771 -5.056925E-08 -1.1568891
v 2.37451 0.10466993 -1.1609691
v 2.314467 0.10127992 -1.3347301
v 2.36046 0.10777995 -0.93437904
v 2.35099 0.10388995 -1.0516992
v 2.3626497 0.080899954 -1.0328591
v 2.37168 0.07060996 -0.9333092
v 2.37168 0.07060996 -0.9333092
v 2.3612697 0.050559953 -0.8579592
v 2.3569098 0.10654995 -0.85265917
v 2.36046 0.10777995 -0.93437904
v 2.4027598 0.071439944 -0.97458905
v 2.37168 0.07060996 -0.9333092
v 2.3626497 0.080899954 -1.0328591
v 2.3865898 0.06365995 -1.0261691
v 2.3865898 0.06365995 -1.0261691
v 2.3839 -4.687739E-08 -1.0724292
v 2.41034 -4.27742E-08 -0.9785591
v 2.4027598 0.071439944 -0.97458905
v 2.2606502 0.18455993 -0.88493913
v 2.3029602 0.17411993 -0.8804891
v 2.2949102 0.19462994 -0.87490916
v 2.25798 0.19739993 -0.87439924
v 2.35624 0.049629956 -0.81871915
v 2.3209295 0.10101995 -0.7697592
v 2.3569098 0.10654995 -0.85265917
v 2.3612697 0.050559953 -0.8579592
v 2.3284996 0.06300997 -0.7401492
v 2.3315296 0.10028996 -0.7203092
v 2.3209295 0.10101995 -0.7697592
v 2.3412397 0.07696995 -0.78304917
v 2.3058202 0.113509946 -0.8506292
v 2.3209295 0.10101995 -0.7697592
v 2.3171098 0.19588995 -0.7931692
v 2.2949102 0.19462994 -0.87490916
v 2.3171098 0.19588995 -0.7931692
v 2.3209295 0.10101995 -0.7697592
v 2.29858 0.13575996 -0.73467916
v 2.2952697 0.19584996 -0.7349992
v 2.3612697 0.050559953 -0.8579592
v 2.3574197 -3.9004973E-08 -0.89232916
v 2.35344 -3.61034E-08 -0.82594913
v 2.35624 0.049629956 -0.81871915
v 2.35624 0.049629956 -0.81871915
v 2.3687198 -3.6110396E-08 -0.8261092
v 2.3612401 0.07838995 -0.7988992
v 2.3412397 0.07696995 -0.78304917
v 2.3612401 0.07838995 -0.7988992
v 2.3687198 -3.6110396E-08 -0.8261092
v 2.3758 -3.3118358E-08 -0.7576592
v 2.3619096 0.07213997 -0.7574392
v 2.3619096 0.07213997 -0.7574392
v 2.3284996 0.06300997 -0.7401492
v 2.3412397 0.07696995 -0.78304917
v 2.3612401 0.07838995 -0.7988992
v 2.41034 -4.27742E-08 -0.9785591
v 2.38686 -3.915752E-08 -0.8958192
v 2.3848898 0.04979995 -0.9046892
v 2.4027598 0.071439944 -0.97458905
v 2.2606502 0.18455993 -0.88493913
v 2.25798 0.19739993 -0.87439924
v 2.2524002 0.19931993 -0.93922913
v 2.2584898 0.18425992 -0.9436792
v 2.24564 0.19535993 -1.0938591
v 2.26079 0.19062994 -1.105679
v 2.2584898 0.18425992 -0.9436792
v 2.2524002 0.19931993 -0.93922913
v 2.2607203 0.19139993 -1.1474091
v 2.26079 0.19062994 -1.105679
v 2.1680202 0.18770993 -1.1141891
v 2.17062 0.19503993 -1.157269
v 2.17062 0.19503993 -1.157269
v 2.1399403 0.2009099 -1.2066389
v 2.2487803 0.20098992 -1.2149591
v 2.2607203 0.19139993 -1.1474091
v 2.2487803 0.20098992 -1.2149591
v 2.2503603 0.2004199 -1.347929
v 2.2652001 0.17947993 -1.284669
v 2.2597601 0.19212992 -1.2143091
v 2.13736 0.14173993 -1.3016992
v 2.14767 0.13385992 -1.3450991
v 2.1758602 0.19945993 -1.337059
v 2.1447701 0.20066991 -1.3003691
v 2.1344101 0.15590993 -1.210669
v 2.13736 0.14173993 -1.3016992
v 2.1447701 0.20066991 -1.3003691
v 2.1399403 0.2009099 -1.2066389
v 2.1399403 0.2009099 -1.2066389
v 2.17062 0.19503993 -1.157269
v 2.15411 0.16365993 -1.171969
v 2.1344101 0.15590993 -1.210669
v 2.1544502 0.16652995 -1.1131791
v 2.15411 0.16365993 -1.171969
v 2.17062 0.19503993 -1.157269
v 2.1680202 0.18770993 -1.1141891
v 2.09751 0.15080994 -1.1644591
v 2.1002703 0.14786993 -1.238069
v 2.1344101 0.15590993 -1.210669
v 2.15411 0.16365993 -1.171969
v 2.13139 0.16081995 -1.0976491
v 2.1544502 0.16652995 -1.1131791
v 2.13736 0.14173993 -1.3016992
v 2.1344101 0.15590993 -1.210669
v 2.1002703 0.14786993 -1.238069
v 2.1285102 0.13573991 -1.3063691
v 2.0965002 -5.3924975E-08 -1.2336591
v 2.1058502 -5.78778E-08 -1.324089
v 2.1285102 0.13573991 -1.3063691
v 2.1002703 0.14786993 -1.238069
v 2.09758 -5.086955E-08 -1.1637591
v 2.0965002 -5.3924975E-08 -1.2336591
v 2.1002703 0.14786993 -1.238069
v 2.09751 0.15080994 -1.1644591
v 2.09751 0.15080994 -1.1644591
v 2.0958402 0.15202993 -1.0636991
v 2.09506 -4.66125E-08 -1.066369
v 2.09758 -5.086955E-08 -1.1637591
v 2.1570604 0.19454993 -1.1033292
v 2.13139 0.16081995 -1.0976491
v 2.1544502 0.16652995 -1.1131791
v 2.1680202 0.18770993 -1.1141891
v 2.1680202 0.18770993 -1.1141891
v 2.26079 0.19062994 -1.105679
v 2.24564 0.19535993 -1.0938591
v 2.1570604 0.19454993 -1.1033292
v 2.3285596 -3.2567158E-08 -0.7450492
v 2.3284996 0.06300997 -0.7401492
v 2.3619096 0.07213997 -0.7574392
v 2.3758 -3.3118358E-08 -0.7576592
v 2.3315296 0.10028996 -0.7203092
v 2.3805196 0.10559996 -0.7281592
v 2.38354 0.10490998 -0.5933092
v 2.3510897 0.10687997 -0.5912192
v 2.3128698 0.19339997 -0.7069592
v 2.3315296 0.10028996 -0.7203092
v 2.3510897 0.10687997 -0.5912192
v 2.32357 0.19132994 -0.5850392
v 2.3891895 -2.5331179E-08 -0.5795092
v 2.3428495 -2.483986E-08 -0.56826925
v 2.3510897 0.10687997 -0.5912192
v 2.38354 0.10490998 -0.5933092
v 2.3476999 0.09460997 -0.5393692
v 2.3412797 0.12914994 -0.5407592
v 2.34181 0.13133995 -0.5804292
v 2.3510897 0.10687997 -0.5912192
v 2.1336696 0.11721996 -0.7446393
v 2.1446197 0.19926995 -0.75478923
v 2.16028 0.18584996 -0.73749924
v 2.1510696 0.11966996 -0.73619926
v 2.0988197 -3.8919293E-08 -0.8903692
v 2.1091497 -4.506555E-08 -1.0309792
v 2.1278899 0.10350995 -1.001669
v 2.1014402 0.111869946 -0.8873593
v 2.0988197 -3.8919293E-08 -0.8903692
v 2.1014402 0.111869946 -0.8873593
v 2.0953395 0.11085997 -0.74996924
v 2.09533 -3.2717963E-08 -0.7484993
v 2.1055999 0.09913996 -0.65639925
v 2.09827 -2.757619E-08 -0.63086927
v 2.09533 -3.2717963E-08 -0.7484993
v 2.0953395 0.11085997 -0.74996924
v 2.1055999 0.09913996 -0.65639925
v 2.0953395 0.11085997 -0.74996924
v 2.1289396 0.11468997 -0.73069924
v 2.1289196 0.10011995 -0.64358926
v 2.11913 -2.7449428E-08 -0.62796926
v 2.09827 -2.757619E-08 -0.63086927
v 2.1055999 0.09913996 -0.65639925
v 2.1289196 0.10011995 -0.64358926
v 2.1303098 0.17780994 -0.64266926
v 2.1289196 0.10011995 -0.64358926
v 2.1289396 0.11468997 -0.73069924
v 2.1333196 0.17497994 -0.72972924
v 2.16969 0.18271995 -0.5296593
v 2.1476896 0.20001994 -0.5353093
v 2.2994096 0.19264995 -0.5537292
v 2.2845497 0.17887995 -0.5465392
v 2.1431396 0.13463995 -0.51362926
v 2.1143298 0.12745994 -0.52041924
v 2.1336296 0.13327995 -0.53180933
v 2.15785 0.13437994 -0.53184927
v 2.0954397 -6.7026953E-09 -0.15333931
v 2.11087 -1.61767E-08 -0.37007925
v 2.1116397 0.12797996 -0.28960928
v 2.0987797 0.11208999 -0.19203931
v 2.1341197 0.19603996 -0.33190927
v 2.16866 0.19618995 -0.26457927
v 2.1629295 0.13900997 -0.26692927
v 2.1332996 0.13845997 -0.32876927
v 2.12672 0.13523996 -0.40204924
v 2.1268196 0.19635996 -0.4029293
v 2.1341197 0.19603996 -0.33190927
v 2.1332996 0.13845997 -0.32876927
v 2.16969 0.18271995 -0.5296593
v 2.1519296 0.19614995 -0.51326925
v 2.1431396 0.13463995 -0.51362926
v 2.15785 0.13437994 -0.53184927
v 2.29701 0.19854994 -0.53878915
v 2.1519296 0.19614995 -0.51326925
v 2.16969 0.18271995 -0.5296593
v 2.2845497 0.17887995 -0.5465392
v 2.16866 0.19618995 -0.26457927
v 2.30107 0.19932996 -0.2630892
v 2.29108 0.19342 -0.16844925
v 2.1607797 0.19995996 -0.1747993
v 2.3151698 0.112319976 -0.2736792
v 2.30107 0.19932996 -0.2630892
v 2.2987196 0.20038998 -0.39993915
v 2.3138099 0.10965997 -0.3975392
v 2.2987196 0.20038998 -0.39993915
v 2.29701 0.19854994 -0.53878915
v 2.3157797 0.11997996 -0.4762392
v 2.3138099 0.10965997 -0.3975392
v 2.3374298 0.09898996 -0.5114892
v 2.3412797 0.12914994 -0.5407592
v 2.3476999 0.09460997 -0.5393692
v 2.3449097 0.06779997 -0.5343192
v 2.3412497 -2.374008E-08 -0.5431092
v 2.3582296 -2.3737895E-08 -0.54305923
v 2.35791 0.056949977 -0.5295692
v 2.3449097 0.06779997 -0.5343192
v 2.3449097 0.06779997 -0.5343192
v 2.35791 0.056949977 -0.5295692
v 2.3499696 0.09757996 -0.5014192
v 2.3374298 0.09898996 -0.5114892
v 2.30107 0.19932996 -0.2630892
v 2.3151698 0.112319976 -0.2736792
v 2.3152099 0.11335999 -0.16302924
v 2.29108 0.19342 -0.16844925
v 2.3405397 0.08430997 -0.27958918
v 2.3500197 0.10959997 -0.10897923
v 2.3152099 0.11335999 -0.16302924
v 2.3151698 0.112319976 -0.2736792
v 2.3500197 0.10959997 -0.10897923
v 2.3405397 0.08430997 -0.27958918
v 2.3522298 -1.138462E-08 -0.26044917
v 2.3852196 -4.673612E-09 -0.106919214
v 2.3852196 -4.673612E-09 -0.106919214
v 2.3992395 -9.131216E-10 -0.020889217
v 2.3721797 0.10908998 -0.017999234
v 2.3500197 0.10959997 -0.10897923
v 2.36651 -1.777129E-08 -0.4065592
v 2.3522298 -1.138462E-08 -0.26044917
v 2.3570497 0.09755997 -0.29809916
v 2.3503497 0.09522998 -0.40153918
v 2.3199596 0.110559985 -0.025219247
v 2.3181496 0.18784997 0.024990747
v 2.2944796 0.19371997 -0.124639235
v 2.29487 0.11408997 -0.11945925
v 2.3181496 0.18784997 0.024990747
v 2.3199596 0.110559985 -0.025219247
v 2.30228 0.12214999 0.14418073
v 2.2948096 0.19388996 0.14837071
v 2.1610296 0.12905 -0.11862931
v 2.0965097 0.11212997 -0.087769315
v 2.0987797 0.11208999 -0.19203931
v 2.1555595 0.12123998 -0.16644928
v 2.1289299 0.109959975 -0.017219309
v 2.0830495 0.10592 0.026290674
v 2.0965097 0.11212997 -0.087769315
v 2.1610296 0.12905 -0.11862931
v 2.0549896 1.3620546E-09 0.031160666
v 2.0954397 -6.7026953E-09 -0.15333931
v 2.0965097 0.11212997 -0.087769315
v 2.0830495 0.10592 0.026290674
v 2.1610296 0.12905 -0.11862931
v 2.29487 0.11408997 -0.11945925
v 2.2944796 0.19371997 -0.124639235
v 2.1623096 0.19481997 -0.11828927
v 2.2944796 0.19371997 -0.124639235
v 2.1457899 0.20020999 0.0011406903
v 2.1623096 0.19481997 -0.11828927
v 2.3181496 0.18784997 0.024990747
v 2.16372 0.19510998 0.13384068
v 2.1457899 0.20020999 0.0011406903
v 2.2948096 0.19388996 0.14837071
v 2.1623096 0.19481997 -0.11828927
v 2.1457899 0.20020999 0.0011406903
v 2.1289299 0.109959975 -0.017219309
v 2.1610296 0.12905 -0.11862931
v 2.1561198 0.113149986 0.1404007
v 2.1289299 0.109959975 -0.017219309
v 2.1457899 0.20020999 0.0011406903
v 2.16372 0.19510998 0.13384068
v 2.30228 0.12214999 0.14418073
v 2.1561198 0.113149986 0.1404007
v 2.16372 0.19510998 0.13384068
v 2.2948096 0.19388996 0.14837071
v 2.2893999 0.12080999 0.17664072
v 2.1561198 0.113149986 0.1404007
v 2.30228 0.12214999 0.14418073
v 2.1397798 0.11035999 0.1746707
v 2.1070697 0.109519996 0.11733065
v 2.1629798 0.19138001 0.18597066
v 2.1397798 0.11035999 0.1746707
v 2.2893999 0.12080999 0.17664072
v 2.2927396 0.19048999 0.1816307
v 2.1629798 0.19138001 0.18597066
v 2.15237 0.20017998 0.34982067
v 2.1452296 0.09775001 0.28049067
v 2.1397798 0.11035999 0.1746707
v 2.31735 0.20152998 0.33792073
v 2.32147 0.13146001 0.33372074
v 2.3143196 0.13402002 0.5206607
v 2.3049998 0.19612002 0.5190707
v 2.3049998 0.19612002 0.5190707
v 2.3143196 0.13402002 0.5206607
v 2.2953596 0.13662001 0.5360507
v 2.27486 0.18677002 0.53854066
v 2.3376498 2.753643E-08 0.62996066
v 2.3610897 2.7793018E-08 0.6358307
v 2.3504295 0.09987002 0.6630806
v 2.3281 0.10020002 0.6522006
v 2.2953596 0.13662001 0.5360507
v 2.32052 0.13228 0.53832066
v 2.31052 0.19967002 0.54252064
v 2.27486 0.18677002 0.53854066
v 2.1566296 0.19919002 0.5516706
v 2.31052 0.19967002 0.54252064
v 2.3018496 0.19468999 0.7335306
v 2.1424396 0.19314 0.7167705
v 2.3018496 0.19468999 0.7335306
v 2.3267896 0.11397002 0.73691064
v 2.3218496 0.11703001 0.75290066
v 2.3163397 0.19705 0.7668307
v 2.1607497 0.19608001 0.7663606
v 2.1424396 0.19314 0.7167705
v 2.3018496 0.19468999 0.7335306
v 2.3163397 0.19705 0.7668307
v 2.3504295 0.09987002 0.6630806
v 2.3587298 0.11244001 0.75587064
v 2.3267896 0.11397002 0.73691064
v 2.3281 0.10020002 0.6522006
v 2.3504295 0.09987002 0.6630806
v 2.3610897 2.7793018E-08 0.6358307
v 2.3636897 3.2976747E-08 0.7544206
v 2.3587298 0.11244001 0.75587064
v 2.3525393 0.10728004 0.8883506
v 2.3636897 3.2976747E-08 0.7544206
v 2.3472896 4.5293746E-08 1.0362006
v 2.3313694 0.10212002 1.0033307
v 2.3525393 0.10728004 0.8883506
v 2.3332694 0.11551003 0.8966606
v 2.3218496 0.11703001 0.75290066
v 2.3587298 0.11244001 0.75587064
v 2.3525393 0.10728004 0.8883506
v 2.3313694 0.10212002 1.0033307
v 2.3257694 0.11464001 0.9244206
v 2.3332694 0.11551003 0.8966606
v 2.3163397 0.19705 0.7668307
v 2.3218496 0.11703001 0.75290066
v 2.3332694 0.11551003 0.8966606
v 2.3208995 0.19958003 0.89905065
v 2.1663494 0.19597003 0.9070005
v 2.1607497 0.19608001 0.7663606
v 2.3163397 0.19705 0.7668307
v 2.3208995 0.19958003 0.89905065
v 2.3332694 0.11551003 0.8966606
v 2.3257694 0.11464001 0.9244206
v 2.3112395 0.19827004 0.9158206
v 2.3208995 0.19958003 0.89905065
v 2.1663494 0.19597003 0.9070005
v 2.3208995 0.19958003 0.89905065
v 2.3112395 0.19827004 0.9158206
v 2.1688595 0.18446003 0.9364905
v 2.3027592 0.19404002 1.1069607
v 2.3276794 0.16069004 1.1138207
v 2.3007894 0.16662003 1.1230806
v 2.2792091 0.19430001 1.1198707
v 2.3605494 0.14988002 1.0717307
v 2.3591793 0.14975001 1.1689206
v 2.3276794 0.16069004 1.1138207
v 2.3299494 0.15099002 1.0441406
v 2.3276794 0.16069004 1.1138207
v 2.3591793 0.14975001 1.1689206
v 2.3216393 0.16028002 1.1526506
v 2.3007894 0.16662003 1.1230806
v 2.3601992 4.6804843E-08 1.0707706
v 2.3607292 5.1697892E-08 1.1827106
v 2.3591793 0.14975001 1.1689206
v 2.3605494 0.14988002 1.0717307
v 2.3591793 0.14975001 1.1689206
v 2.3216693 0.13940005 1.3120207
v 2.3062894 0.16281003 1.1779906
v 2.3216393 0.16028002 1.1526506
v 2.3607292 5.1697892E-08 1.1827106
v 2.3477294 5.826597E-08 1.3329707
v 2.3216693 0.13940005 1.3120207
v 2.3591793 0.14975001 1.1689206
v 2.3052292 0.19517002 1.1524907
v 2.2792091 0.19430001 1.1198707
v 2.3007894 0.16662003 1.1230806
v 2.3216393 0.16028002 1.1526506
v 2.3052292 0.19517002 1.1524907
v 2.3216393 0.16028002 1.1526506
v 2.3062894 0.16281003 1.1779906
v 2.2863593 0.19271001 1.1688006
v 2.1566296 0.19919002 0.5516706
v 2.1424396 0.19314 0.7167705
v 2.1130695 0.13045001 0.6989106
v 2.1451595 0.13299002 0.5521306
v 2.1130695 0.13045001 0.6989106
v 2.1424396 0.19314 0.7167705
v 2.1253097 0.103640005 0.72667056
v 2.1113298 0.107000016 0.6987206
v 2.1607497 0.19608001 0.7663606
v 2.1308296 0.105630025 0.8041406
v 2.1508696 0.13349001 0.7402206
v 2.1424396 0.19314 0.7167705
v 2.1308296 0.105630025 0.8041406
v 2.1607497 0.19608001 0.7663606
v 2.1663494 0.19597003 0.9070005
v 2.1510694 0.119000025 0.89734054
v 2.1510694 0.119000025 0.89734054
v 2.1663494 0.19597003 0.9070005
v 2.1688595 0.18446003 0.9364905
v 2.1358595 0.11701001 0.9212806
v 2.1688595 0.18446003 0.9364905
v 2.1261194 0.11271002 1.0743606
v 2.1335392 0.18548001 1.1192806
v 2.0997694 0.108990036 0.8643906
v 2.1308296 0.105630025 0.8041406
v 2.1510694 0.119000025 0.89734054
v 2.1358595 0.11701001 0.9212806
v 2.1253097 0.103640005 0.72667056
v 2.1308296 0.105630025 0.8041406
v 2.1245196 0.07538003 0.77467054
v 2.11281 0.070680015 0.7488706
v 2.0967693 0.112390034 1.0421206
v 2.0997694 0.108990036 0.8643906
v 2.1358595 0.11701001 0.9212806
v 2.1261194 0.11271002 1.0743606
v 2.1261194 0.11271002 1.0743606
v 2.1266592 0.11470003 1.2351506
v 2.0853093 0.11471004 1.1633507
v 2.0967693 0.112390034 1.0421206
v 2.1143193 0.10204006 1.3138306
v 2.0853093 0.11471004 1.1633507
v 2.1266592 0.11470003 1.2351506
v 2.1595592 0.112140045 1.3493307
v 2.1143193 0.10204006 1.3138306
v 2.1086993 5.8528673E-08 1.3389807
v 2.0587595 5.0919393E-08 1.1649007
v 2.0853093 0.11471004 1.1633507
v 2.1266592 0.11470003 1.2351506
v 2.1261194 0.11271002 1.0743606
v 2.1335392 0.18548001 1.1192806
v 2.1293995 0.18457004 1.2388207
v 2.166109 0.18173003 1.3212706
v 2.1595592 0.112140045 1.3493307
v 2.1266592 0.11470003 1.2351506
v 2.1293995 0.18457004 1.2388207
v 2.1999393 0.19152002 1.1663806
v 2.1293995 0.18457004 1.2388207
v 2.1335392 0.18548001 1.1192806
v 2.166109 0.18173003 1.3212706
v 2.2987592 0.19800004 1.3253506
v 2.1999393 0.19152002 1.1663806
v 2.2863593 0.19271001 1.1688006
v 2.2792091 0.19430001 1.1198707
v 2.1335392 0.18548001 1.1192806
v 2.0840094 0.07412003 1.0561706
v 2.0712492 4.678124E-08 1.0702306
v 2.0447595 4.3075392E-08 0.9854505
v 2.0536497 0.06962004 0.9836506
v 2.0918996 0.07546003 1.0273706
v 2.0840094 0.07412003 1.0561706
v 2.0536497 0.06962004 0.9836506
v 2.0827596 0.073120035 0.95572066
v 2.0447595 4.3075392E-08 0.9854505
v 2.0683696 3.9577166E-08 0.90542054
v 2.0720193 0.05350004 0.91385055
v 2.0536497 0.06962004 0.9836506
v 2.1006198 3.629532E-08 0.8303406
v 2.1245196 0.07538003 0.77467054
v 2.0997694 0.108990036 0.8643906
v 2.0999794 3.779899E-08 0.8647406
v 2.14183 0.09765001 0.47732064
v 2.1085596 0.09757001 0.51015055
v 2.0997896 0.09762001 0.30869067
v 2.1452296 0.09775001 0.28049067
v 2.1085596 0.09757001 0.51015055
v 2.0966299 2.4155357E-08 0.55261064
v 2.08973 1.184623E-08 0.27101067
v 2.0997896 0.09762001 0.30869067
v 2.1070697 0.109519996 0.11733065
v 2.0830495 0.10592 0.026290674
v 2.1289299 0.109959975 -0.017219309
v 2.1561198 0.113149986 0.1404007
v 2.1143396 2.517077E-08 0.5758406
v 2.1169698 2.4049138E-08 0.55018055
v 2.1085596 0.09757001 0.51015055
v 2.10624 0.10693003 0.5996106
v 2.1113298 0.107000016 0.6987206
v 2.0760696 0.10620002 0.73515064
v 2.07283 0.10693003 0.60367054
v 2.10624 0.10693003 0.5996106
v 2.0689297 2.5576847E-08 0.5851306
v 2.1143396 2.517077E-08 0.5758406
v 2.10624 0.10693003 0.5996106
v 2.07283 0.10693003 0.60367054
v 2.0613596 3.1714368E-08 0.7255406
v 2.0689297 2.5576847E-08 0.5851306
v 2.07283 0.10693003 0.60367054
v 2.0760696 0.10620002 0.73515064
v 2.1303797 3.160378E-08 0.7230106
v 2.0613596 3.1714368E-08 0.7255406
v 2.0760696 0.10620002 0.73515064
v 2.1253097 0.103640005 0.72667056
v 2.1303797 3.160378E-08 0.7230106
v 2.1253097 0.103640005 0.72667056
v 2.11281 0.070680015 0.7488706
v 2.1407897 3.2649787E-08 0.74694055
v 2.1245196 0.07538003 0.77467054
v 2.0969195 0.07972003 0.8034206
v 2.0897396 0.07610002 0.77406055
v 2.11281 0.070680015 0.7488706
v 2.0969195 0.07972003 0.8034206
v 2.0861995 3.6425142E-08 0.83331066
v 2.0800695 3.3585213E-08 0.76834065
v 2.0897396 0.07610002 0.77406055
v 2.0969195 0.07972003 0.8034206
v 2.1245196 0.07538003 0.77467054
v 2.1006198 3.629532E-08 0.8303406
v 2.0861995 3.6425142E-08 0.83331066
v 2.3288403 0.11853993 -1.190869
v 2.3285801 0.15348992 -1.1935791
v 2.31425 0.15461992 -1.2511292
v 2.29229 0.11731992 -1.3112291
v 2.3284204 0.1823499 -1.1936591
v 2.2607203 0.19139993 -1.1474091
v 2.2597601 0.19212992 -1.2143091
v 2.3063402 0.18473992 -1.231609
v 2.3284204 0.1823499 -1.1936591
v 2.3288403 0.11853993 -1.190869
v 2.3293798 0.12828994 -0.97856915
v 2.3244302 0.18471994 -0.9784992
v 2.3288403 0.11853993 -1.190869
v 2.37451 0.10466993 -1.1609691
v 2.35099 0.10388995 -1.0516992
v 2.3293798 0.12828994 -0.97856915
v 2.37451 0.10466993 -1.1609691
v 2.39771 -5.056925E-08 -1.1568891
v 2.3839 -4.687739E-08 -1.0724292
v 2.35099 0.10388995 -1.0516992
v 2.2487803 0.20098992 -1.2149591
v 2.1399403 0.2009099 -1.2066389
v 2.1447701 0.20066991 -1.3003691
v 2.2503603 0.2004199 -1.347929
v 2.1570604 0.19454993 -1.1033292
v 2.24564 0.19535993 -1.0938591
v 2.2524002 0.19931993 -0.93922913
v 2.13638 0.19840991 -0.89594924
v 2.3476999 0.09460997 -0.5393692
v 2.3510897 0.10687997 -0.5912192
v 2.3428495 -2.483986E-08 -0.56826925
v 2.3412497 -2.374008E-08 -0.5431092
v 2.3067796 0.13391995 -0.5432492
v 2.2994096 0.19264995 -0.5537292
v 2.32357 0.19132994 -0.5850392
v 2.34181 0.13133995 -0.5804292
v 2.2628 0.19201994 -0.72158915
v 2.1540296 0.19263995 -0.72974926
v 2.16028 0.18584996 -0.73749924
v 2.2952697 0.19584996 -0.7349992
v 2.1333196 0.17497994 -0.72972924
v 2.1289396 0.11468997 -0.73069924
v 2.1510696 0.11966996 -0.73619926
v 2.16028 0.18584996 -0.73749924
v 2.1303098 0.17780994 -0.64266926
v 2.1333196 0.17497994 -0.72972924
v 2.1540296 0.19263995 -0.72974926
v 2.1476896 0.20001994 -0.5353093
v 2.1431396 0.13463995 -0.51362926
v 2.1519296 0.19614995 -0.51326925
v 2.1268196 0.19635996 -0.4029293
v 2.12672 0.13523996 -0.40204924
v 2.2987196 0.20038998 -0.39993915
v 2.1268196 0.19635996 -0.4029293
v 2.1519296 0.19614995 -0.51326925
v 2.29701 0.19854994 -0.53878915
v 2.3374298 0.09898996 -0.5114892
v 2.3250997 0.09916996 -0.47639918
v 2.3157797 0.11997996 -0.4762392
v 2.3412797 0.12914994 -0.5407592
v 2.29108 0.19342 -0.16844925
v 2.3152099 0.11335999 -0.16302924
v 2.1555595 0.12123998 -0.16644928
v 2.1607797 0.19995996 -0.1747993
v 2.3721797 0.10908998 -0.017999234
v 2.3584297 0.098390006 0.08535076
v 2.3199596 0.110559985 -0.025219247
v 2.3500197 0.10959997 -0.10897923
v 2.3774595 1.41030485E-08 0.32264072
v 2.3649795 0.10634001 0.29210073
v 2.3584297 0.098390006 0.08535076
v 2.3992395 -9.131216E-10 -0.020889217
v 2.2927396 0.19048999 0.1816307
v 2.3144796 0.11819999 0.18116073
v 2.3422198 0.12121 0.30099076
v 2.31735 0.20152998 0.33792073
v 2.1566296 0.19919002 0.5516706
v 2.1451595 0.13299002 0.5521306
v 2.14183 0.09765001 0.47732064
v 2.15237 0.20017998 0.34982067
v 2.3313694 0.10212002 1.0033307
v 2.3472896 4.5293746E-08 1.0362006
v 2.3601992 4.6804843E-08 1.0707706
v 2.3605494 0.14988002 1.0717307
v 2.2792091 0.19430001 1.1198707
v 2.1335392 0.18548001 1.1192806
v 2.1688595 0.18446003 0.9364905
v 2.3112395 0.19827004 0.9158206
v 2.0853093 0.11471004 1.1633507
v 2.0587595 5.0919393E-08 1.1649007
v 2.0712492 4.678124E-08 1.0702306
v 2.0967693 0.112390034 1.0421206
v 2.1397798 0.11035999 0.1746707
v 2.1452296 0.09775001 0.28049067
v 2.0997896 0.09762001 0.30869067
v 2.1070697 0.109519996 0.11733065
v 2.0549896 1.3620546E-09 0.031160666
v 2.0830495 0.10592 0.026290674
v 2.1070697 0.109519996 0.11733065
v 2.08973 1.184623E-08 0.27101067
v 2.09506 -4.66125E-08 -1.066369
v 2.0958402 0.15202993 -1.0636991
v 2.1278899 0.10350995 -1.001669
v 2.1091497 -4.506555E-08 -1.0309792
v 2.1289198 0.15016995 -1.0331391
v 2.1278899 0.10350995 -1.001669
v 2.0958402 0.15202993 -1.0636991
v 2.13139 0.16081995 -1.0976491
v 2.1446197 0.19926995 -0.75478923
v 2.13638 0.19840991 -0.89594924
v 2.25798 0.19739993 -0.87439924
v 2.2952697 0.19584996 -0.7349992
v 2.3171098 0.19588995 -0.7931692
v 2.25798 0.19739993 -0.87439924
v 2.2949102 0.19462994 -0.87490916
v 2.39546 -3.1544747E-08 -0.7216591
v 2.3891895 -2.5331179E-08 -0.5795092
v 2.38354 0.10490998 -0.5933092
v 2.3805196 0.10559996 -0.7281592
v 2.3315296 0.10028996 -0.7203092
v 2.3251998 -3.131526E-08 -0.7164092
v 2.39546 -3.1544747E-08 -0.7216591
v 2.3805196 0.10559996 -0.7281592
v 2.13638 0.19840991 -0.89594924
v 2.1446197 0.19926995 -0.75478923
v 2.1336696 0.11721996 -0.7446393
v 2.1298301 0.11332994 -0.91816914
v 2.1289198 0.15016995 -1.0331391
v 2.1298301 0.11332994 -0.91816914
v 2.1278899 0.10350995 -1.001669
v 2.1014402 0.111869946 -0.8873593
v 2.1298301 0.11332994 -0.91816914
v 2.1336696 0.11721996 -0.7446393
v 2.0953395 0.11085997 -0.74996924
v 2.1116397 0.12797996 -0.28960928
v 2.11087 -1.61767E-08 -0.37007925
v 2.1127899 0.12775996 -0.38865927
v 2.1143298 0.12745994 -0.52041924
v 2.11913 -2.7449428E-08 -0.62796926
v 2.1295795 0.11933995 -0.61545926
v 2.1143298 0.12745994 -0.52041924
v 2.11913 -2.7449428E-08 -0.62796926
v 2.1289196 0.10011995 -0.64358926
v 2.29858 0.13575996 -0.73467916
v 2.3315296 0.10028996 -0.7203092
v 2.3128698 0.19339997 -0.7069592
v 2.2952697 0.19584996 -0.7349992
v 2.3244302 0.18471994 -0.9784992
v 2.2584898 0.18425992 -0.9436792
v 2.26079 0.19062994 -1.105679
v 2.3284204 0.1823499 -1.1936591
v 2.3569098 0.10654995 -0.85265917
v 2.3209295 0.10101995 -0.7697592
v 2.3199 0.119889945 -0.87747926
v 2.36046 0.10777995 -0.93437904
v 2.15785 0.13437994 -0.53184927
v 2.1336296 0.13327995 -0.53180933
v 2.1382098 0.17066994 -0.53534925
v 2.16969 0.18271995 -0.5296593
v 2.1341197 0.19603996 -0.33190927
v 2.1268196 0.19635996 -0.4029293
v 2.2987196 0.20038998 -0.39993915
v 2.30107 0.19932996 -0.2630892
v 2.16866 0.19618995 -0.26457927
v 2.3138099 0.10965997 -0.3975392
v 2.3503497 0.09522998 -0.40153918
v 2.3570497 0.09755997 -0.29809916
v 2.3151698 0.112319976 -0.2736792
v 2.3018496 0.19468999 0.7335306
v 2.31052 0.19967002 0.54252064
v 2.3280096 0.12015003 0.6161307
v 2.3267896 0.11397002 0.73691064
v 2.0967693 0.112390034 1.0421206
v 2.0918996 0.07546003 1.0273706
v 2.0827596 0.073120035 0.95572066
v 2.0997694 0.108990036 0.8643906
v 2.1570604 0.19454993 -1.1033292
v 2.13638 0.19840991 -0.89594924
v 2.1289198 0.15016995 -1.0331391
v 2.13139 0.16081995 -1.0976491
v 2.32357 0.19132994 -0.5850392
v 2.2994096 0.19264995 -0.5537292
v 2.1476896 0.20001994 -0.5353093
v 2.1540296 0.19263995 -0.72974926
v 2.32357 0.19132994 -0.5850392
v 2.1540296 0.19263995 -0.72974926
v 2.2628 0.19201994 -0.72158915
v 2.3128698 0.19339997 -0.7069592
v 2.1607797 0.19995996 -0.1747993
v 2.1555595 0.12123998 -0.16644928
v 2.1629295 0.13900997 -0.26692927
v 2.16866 0.19618995 -0.26457927
v 2.3049998 0.19612002 0.5190707
v 2.1566296 0.19919002 0.5516706
v 2.15237 0.20017998 0.34982067
v 2.31735 0.20152998 0.33792073
v 2.31735 0.20152998 0.33792073
v 2.15237 0.20017998 0.34982067
v 2.1629798 0.19138001 0.18597066
v 2.2927396 0.19048999 0.1816307
v 2.3027592 0.19404002 1.1069607
v 2.3112395 0.19827004 0.9158206
v 2.3299494 0.15099002 1.0441406
v 2.3276794 0.16069004 1.1138207
v 2.3299494 0.15099002 1.0441406
v 2.3112395 0.19827004 0.9158206
v 2.3257694 0.11464001 0.9244206
v 2.3313694 0.10212002 1.0033307
v 2.1085596 0.09757001 0.51015055
v 2.14183 0.09765001 0.47732064
v 2.1451595 0.13299002 0.5521306
v 2.10624 0.10693003 0.5996106
v 2.10624 0.10693003 0.5996106
v 2.1451595 0.13299002 0.5521306
v 2.1130695 0.13045001 0.6989106
v 2.1113298 0.107000016 0.6987206
v 2.0800695 3.3585213E-08 0.76834065
v 2.1407897 3.2649787E-08 0.74694055
v 2.11281 0.070680015 0.7488706
v 2.0897396 0.07610002 0.77406055
v 2.35791 0.056949977 -0.5295692
v 2.36651 -1.777129E-08 -0.4065592
v 2.3503497 0.09522998 -0.40153918
v 2.3499696 0.09757996 -0.5014192
v 2.2310402 0.10196994 -1.3710891
v 2.2390301 0.08752993 -1.3612391
v 2.26531 0.15555994 -1.3172392
v 2.2503603 0.2004199 -1.347929
v 2.2437801 0.07673993 -1.3599491
v 2.2508304 0.07186993 -1.3688291
v 2.314467 0.10127992 -1.3347301
v 2.29229 0.11731992 -1.3112291
v 2.2508304 0.07186993 -1.3688291
v 2.2597003 -5.999912E-08 -1.3726192
v 2.3404217 -5.904494E-08 -1.3507903
v 2.314467 0.10127992 -1.3347301
v 2.2084203 0.10167993 -1.3677891
v 2.1758602 0.19945993 -1.337059
v 2.14767 0.13385992 -1.3450991
v 2.1998603 0.08175993 -1.3702391
v 2.1953802 0.083239935 -1.357759
v 2.1998603 0.08175993 -1.3702391
v 2.14767 0.13385992 -1.3450991
v 2.13736 0.14173993 -1.3016992
v 2.1953802 0.083239935 -1.357759
v 2.1285102 0.13573991 -1.3063691
v 2.1058502 -5.78778E-08 -1.324089
v 2.1871605 -5.9615765E-08 -1.3638492
v 2.2390301 0.08752993 -1.3612391
v 2.2437801 0.07673993 -1.3599491
v 2.29229 0.11731992 -1.3112291
v 2.2880201 0.15014993 -1.3137289
v 2.2084203 0.10167993 -1.3677891
v 2.2310402 0.10196994 -1.3710891
v 2.2503603 0.2004199 -1.347929
v 2.1758602 0.19945993 -1.337059
v 2.2697592 0.080650054 1.3650806
v 2.3216693 0.13940005 1.3120207
v 2.3477294 5.826597E-08 1.3329707
v 2.2795691 6.001443E-08 1.3729707
v 2.2611191 0.10272004 1.3701006
v 2.2987592 0.19800004 1.3253506
v 2.3216693 0.13940005 1.3120207
v 2.2697592 0.080650054 1.3650806
v 2.1916392 0.06657005 1.3657507
v 2.1143193 0.10204006 1.3138306
v 2.1595592 0.112140045 1.3493307
v 2.208679 0.070380054 1.3791306
v 2.211149 0.09659005 1.3685607
v 2.208679 0.070380054 1.3791306
v 2.1595592 0.112140045 1.3493307
v 2.166109 0.18173003 1.3212706
v 2.2611191 0.10272004 1.3701006
v 2.211149 0.09659005 1.3685607
v 2.166109 0.18173003 1.3212706
v 2.2987592 0.19800004 1.3253506
v 2.3284996 0.06300997 -0.7401492
v 2.3285596 -3.2567158E-08 -0.7450492
v 2.3251998 -3.131526E-08 -0.7164092
v 2.3315296 0.10028996 -0.7203092
v 2.3369396 0.108620025 0.6174606
v 2.3280096 0.12015003 0.6161307
v 2.32052 0.13228 0.53832066
v 2.34761 0.107750006 0.4937107
v 2.3422198 0.12121 0.30099076
v 2.3649795 0.10634001 0.29210073
v 2.34761 0.107750006 0.4937107
v 2.3143196 0.13402002 0.5206607
v 2.34761 0.107750006 0.4937107
v 2.3774595 1.41030485E-08 0.32264072
v 2.3376498 2.753643E-08 0.62996066
v 2.3369396 0.108620025 0.6174606
v 2.1116397 0.12797996 -0.28960928
v 2.1127899 0.12775996 -0.38865927
v 2.1332996 0.13845997 -0.32876927
v 2.1629295 0.13900997 -0.26692927
v 2.12672 0.13523996 -0.40204924
v 2.1127899 0.12775996 -0.38865927
v 2.1143298 0.12745994 -0.52041924
v 2.1431396 0.13463995 -0.51362926
v 2.1382098 0.17066994 -0.53534925
v 2.1336296 0.13327995 -0.53180933
v 2.1295795 0.11933995 -0.61545926
v 2.1303098 0.17780994 -0.64266926
v -0.45160165 0.013089897 -2.3544095
v -0.4141917 0.013089892 -2.4164095
v -0.4097416 0.013089894 -2.3651593
v -0.45990166 0.013089892 -2.4178998
v -0.5523416 0.013089896 -2.4110398
v -0.46820188 0.013089898 -2.3387995
v -0.54225177 0.013089898 -2.3387997
v -0.45807177 -1.0590569E-07 -2.4228399
v -0.40689155 -1.0584055E-07 -2.4213495
v -0.4141917 0.013089892 -2.4164095
v -0.45990166 0.013089892 -2.4178998
v -0.5495617 -1.0127118E-07 -2.3338597
v -0.55964166 -1.04860774E-07 -2.4159799
v -0.5523416 0.013089896 -2.4110398
v -0.54225177 0.013089898 -2.3387997
v -0.46820188 -1.01271176E-07 -2.3338594
v -0.5495617 -1.0127118E-07 -2.3338597
v -0.54225177 0.013089898 -2.3387997
v -0.46820188 0.013089898 -2.3387995
v -0.40689155 -1.0584055E-07 -2.4213495
v -0.4024417 -1.0316848E-07 -2.3602197
v -0.4097416 0.013089894 -2.3651593
v -0.4141917 0.013089892 -2.4164095
v -0.45807177 -1.0590569E-07 -2.4228399
v -0.45990166 0.013089892 -2.4178998
v -0.5523416 0.013089896 -2.4110398
v -0.55964166 -1.04860774E-07 -2.4159799
v -0.44795153 -1.0269859E-07 -2.34947
v -0.46820188 -1.01271176E-07 -2.3338594
v -0.46820188 0.013089898 -2.3387995
v -0.45160165 0.013089897 -2.3544095
v -0.44795153 -1.0269859E-07 -2.34947
v -0.45160165 0.013089897 -2.3544095
v -0.4097416 0.013089894 -2.3651593
v -0.4024417 -1.0316848E-07 -2.3602197
v 1.4653757 0.046210106 2.473076
v 1.5123156 0.046210103 2.4415462
v 1.4985456 0.046210106 2.4792762
v 1.4804556 0.0462101 2.4253962
v 1.4653757 0.046210106 2.473076
v 1.4484756 0.046210106 2.478646
v 1.4127657 0.046210103 2.399746
v 1.3960656 0.046210103 2.454196
v 1.4833758 1.05891104E-07 2.4225063
v 1.5191058 1.0667573E-07 2.4404564
v 1.5123156 0.046210103 2.4415462
v 1.4804556 0.0462101 2.4253962
v 1.3892657 1.0732395E-07 2.455286
v 1.4092257 1.04637884E-07 2.393836
v 1.4127657 0.046210103 2.399746
v 1.3960656 0.046210103 2.454196
v 1.5191058 1.0667573E-07 2.4404564
v 1.5020857 1.08630935E-07 2.4851863
v 1.4985456 0.046210106 2.4792762
v 1.5123156 0.046210103 2.4415462
v 1.4833758 1.05891104E-07 2.4225063
v 1.4804556 0.0462101 2.4253962
v 1.4127657 0.046210103 2.399746
v 1.4092257 1.04637884E-07 2.393836
v 1.8368073 0.01333009 2.0636075
v 1.8448633 0.013330086 1.9883407
v 1.8717172 0.013330088 2.034927
v 1.8008964 0.013330086 2.0071108
v 1.716354 0.013330088 2.0544558
v 1.827985 0.01333009 2.0857177
v 1.7578185 0.013330091 2.1184368
v 1.8004466 8.7493895E-08 2.0016272
v 1.8495935 8.656738E-08 1.980431
v 1.8448633 0.013330086 1.9883407
v 1.8008964 0.013330086 2.0071108
v 1.7530842 9.294518E-08 2.126338
v 1.7072449 8.973941E-08 2.0529985
v 1.716354 0.013330088 2.0544558
v 1.7578185 0.013330091 2.1184368
v 1.8301657 9.137401E-08 2.090394
v 1.7530842 9.294518E-08 2.126338
v 1.7578185 0.013330091 2.1184368
v 1.827985 0.01333009 2.0857177
v 1.8495935 8.656738E-08 1.980431
v 1.8808131 8.9012936E-08 2.0363789
v 1.8717172 0.013330088 2.034927
v 1.8448633 0.013330086 1.9883407
v 1.8004466 8.7493895E-08 2.0016272
v 1.8008964 0.013330086 2.0071108
v 1.716354 0.013330088 2.0544558
v 1.7072449 8.973941E-08 2.0529985
v 1.8424501 9.033699E-08 2.0666697
v 1.8301657 9.137401E-08 2.090394
v 1.827985 0.01333009 2.0857177
v 1.8368073 0.01333009 2.0636075
v 1.8424501 9.033699E-08 2.0666697
v 1.8368073 0.01333009 2.0636075
v 1.8717172 0.013330088 2.034927
v 1.8808131 8.9012936E-08 2.0363789
v 2.4609845 0.03458006 1.3807074
v 2.4913843 0.034580063 1.4204073
v 2.4598844 0.034580063 1.4372373
v 2.4368746 0.034580056 1.4043174
v 2.4920745 6.226499E-08 1.4244572
v 2.4568744 6.30942E-08 1.4434272
v 2.4598844 0.034580063 1.4372373
v 2.4913843 0.034580063 1.4204073
v 2.5192046 5.807351E-08 1.3285673
v 2.5580847 6.032858E-08 1.3801572
v 2.5512242 0.03458006 1.3796674
v 2.5161946 0.03458006 1.3347574
v 2.4641845 5.9461787E-08 1.3603274
v 2.5192046 5.807351E-08 1.3285673
v 2.5161946 0.03458006 1.3347574
v 2.4661145 0.03458006 1.3636672
v 2.5512242 0.03458006 1.3796674
v 2.4913843 0.034580063 1.4204073
v 2.4661145 0.03458006 1.3636672
v 2.5161946 0.03458006 1.3347574
v 2.4920745 6.226499E-08 1.4244572
v 2.4913843 0.034580063 1.4204073
v 2.5512242 0.03458006 1.3796674
v 2.5580847 6.032858E-08 1.3801572
v 2.4565845 6.0268704E-08 1.3787874
v 2.4641845 5.9461787E-08 1.3603274
v 2.4661145 0.03458006 1.3636672
v 2.4609845 0.03458006 1.3807074
v 2.4565845 6.0268704E-08 1.3787874
v 2.4609845 0.03458006 1.3807074
v 2.4368746 0.034580056 1.4043174
v 2.4300044 6.136323E-08 1.4038273
v 1.5483156 0.0270801 2.3878365
v 1.5756457 0.028770097 2.3541663
v 1.6008255 0.029760098 2.3608162
v 1.6204556 0.0307501 2.3845565
v 1.5850457 0.029060105 2.413806
v 1.6040556 1.02993035E-07 2.3562062
v 1.6283358 1.04173246E-07 2.3832064
v 1.6204556 0.0307501 2.3845565
v 1.6008255 0.029760098 2.3608162
v 1.5742158 1.0256031E-07 2.3463066
v 1.5756457 0.028770097 2.3541663
v 1.5483156 0.0270801 2.3878365
v 1.5404357 1.0443462E-07 2.389186
v 1.5864657 1.0585484E-07 2.4216766
v 1.5850457 0.029060105 2.413806
v 1.6204556 0.0307501 2.3845565
v 1.6283358 1.04173246E-07 2.3832064
v 1.6040556 1.02993035E-07 2.3562062
v 1.6008255 0.029760098 2.3608162
v 1.5756457 0.028770097 2.3541663
v 1.5742158 1.0256031E-07 2.3463066
v 1.5358157 0.0338101 2.509126
v 1.5381256 0.032700107 2.484046
v 1.5668757 0.0336501 2.4878762
v 1.5707057 0.034200102 2.5019464
v 1.5646855 0.034750104 2.5181065
v 1.5738457 1.0937534E-07 2.5022163
v 1.5675455 1.1022027E-07 2.5215461
v 1.5646855 0.034750104 2.5181065
v 1.5707057 0.034200102 2.5019464
v 1.5702956 1.0862176E-07 2.4849765
v 1.5668757 0.0336501 2.4878762
v 1.5381256 0.032700107 2.484046
v 1.5352658 1.08430726E-07 2.480606
v 1.5738457 1.0937534E-07 2.5022163
v 1.5707057 0.034200102 2.5019464
v 1.5668757 0.0336501 2.4878762
v 1.5702956 1.0862176E-07 2.4849765
v 2.3925362 0.013699983 -0.32564807
v 2.4430962 0.013699986 -0.26297796
v 2.3878462 0.013699987 -0.2778282
v 2.4620464 0.013699985 -0.31016803
v 2.3825362 0.013699984 -0.34892803
v 2.4900255 0.013699981 -0.40938792
v 2.4107056 0.01369998 -0.42631793
v 2.4665062 -1.3392649E-08 -0.30638787
v 2.4454758 -1.1079444E-08 -0.25346792
v 2.4430962 0.013699986 -0.26297796
v 2.4620464 0.013699985 -0.31016803
v 2.4083157 -1.9050654E-08 -0.43582797
v 2.4979656 -1.8146268E-08 -0.415138
v 2.4900255 0.013699981 -0.40938792
v 2.4107056 0.01369998 -0.42631793
v 2.3773758 -1.5334319E-08 -0.3508081
v 2.4083157 -1.9050654E-08 -0.43582797
v 2.4107056 0.01369998 -0.42631793
v 2.3825362 0.013699984 -0.34892803
v 2.4454758 -1.1079444E-08 -0.25346792
v 2.3799064 -1.189292E-08 -0.2720781
v 2.3878462 0.013699987 -0.2778282
v 2.4430962 0.013699986 -0.26297796
v 2.4665062 -1.3392649E-08 -0.30638787
v 2.4620464 0.013699985 -0.31016803
v 2.4900255 0.013699981 -0.40938792
v 2.4979656 -1.8146268E-08 -0.415138
v 2.385986 -1.4150174E-08 -0.32371804
v 2.3773758 -1.5334319E-08 -0.3508081
v 2.3825362 0.013699984 -0.34892803
v 2.3925362 0.013699983 -0.32564807
v 2.385986 -1.4150174E-08 -0.32371804
v 2.3925362 0.013699983 -0.32564807
v 2.3878462 0.013699987 -0.2778282
v 2.3799064 -1.189292E-08 -0.2720781
v 2.4900658 0.034580037 0.9469667
v 2.437306 0.034580037 0.92660666
v 2.476116 0.034580037 0.9162367
v 2.4423559 0.034580037 0.9619567
v 2.504316 0.034580037 0.9576167
v 2.5191457 4.4564043E-08 1.0195067
v 2.4573658 4.5390188E-08 1.0384067
v 2.4601657 0.03458004 1.0321167
v 2.514356 0.03458004 1.0145667
v 2.508116 4.182946E-08 0.95694673
v 2.5191457 4.4564043E-08 1.0195067
v 2.514356 0.03458004 1.0145667
v 2.504316 0.034580037 0.9576167
v 2.4325159 4.0286874E-08 0.9216565
v 2.478926 3.977546E-08 0.90995675
v 2.476116 0.034580037 0.9162367
v 2.437306 0.034580037 0.92660666
v 2.4601657 0.03458004 1.0321167
v 2.4423559 0.034580037 0.9619567
v 2.504316 0.034580037 0.9576167
v 2.514356 0.03458004 1.0145667
v 2.493366 4.1241098E-08 0.9434866
v 2.508116 4.182946E-08 0.95694673
v 2.504316 0.034580037 0.9576167
v 2.4900658 0.034580037 0.9469667
v 2.493366 4.1241098E-08 0.9434866
v 2.4900658 0.034580037 0.9469667
v 2.476116 0.034580037 0.9162367
v 2.478926 3.977546E-08 0.90995675
v -2.027845 0.020950051 1.2371525
v -2.038735 0.022430053 1.2670825
v -2.0683749 0.021170052 1.2562923
v -2.0574849 0.019690052 1.2263623
v -2.036235 5.5622852E-08 1.2725024
v -2.038735 0.022430053 1.2670825
v -2.027845 0.020950051 1.2371525
v -2.022445 5.3966193E-08 1.2346025
v -2.022445 5.3966193E-08 1.2346025
v -2.027845 0.020950051 1.2371525
v -2.0574849 0.019690052 1.2263623
v -2.059985 5.3369096E-08 1.2209424
v -2.073775 5.502575E-08 1.2588422
v -2.059985 5.3369096E-08 1.2209424
v -2.0574849 0.019690052 1.2263623
v -2.0683749 0.021170052 1.2562923
v -2.036235 5.5622852E-08 1.2725024
v -2.073775 5.502575E-08 1.2588422
v -2.0683749 0.021170052 1.2562923
v -2.038735 0.022430053 1.2670825
v -1.9581054 0.015470057 1.3284324
v -1.9548054 0.016070059 1.3454125
v -1.9715455 0.015550056 1.3487926
v -1.9736954 0.014950057 1.3272724
v -1.9526955 5.8909954E-08 1.3477025
v -1.9548054 0.016070059 1.3454125
v -1.9581054 0.015470057 1.3284324
v -1.9571054 5.795005E-08 1.3257425
v -1.9571054 5.795005E-08 1.3257425
v -1.9581054 0.015470057 1.3284324
v -1.9736954 0.014950057 1.3272724
v -1.9760954 5.792557E-08 1.3251824
v -1.9728253 5.908392E-08 1.3516824
v -1.9760954 5.792557E-08 1.3251824
v -1.9736954 0.014950057 1.3272724
v -1.9715455 0.015550056 1.3487926
v -1.9526955 5.8909954E-08 1.3477025
v -1.9728253 5.908392E-08 1.3516824
v -1.9715455 0.015550056 1.3487926
v -1.9548054 0.016070059 1.3454125
v 2.458177 0.037759997 -0.076348945
v 2.490027 0.039239995 -0.076348945
v 2.4900267 0.03797999 -0.04479882
v 2.4581769 0.036499992 -0.04479882
v 2.494267 -3.520915E-09 -0.08054893
v 2.490027 0.039239995 -0.076348945
v 2.458177 0.037759997 -0.076348945
v 2.453937 -3.520915E-09 -0.08054893
v 2.4942667 -1.7746412E-09 -0.04059884
v 2.4539368 -1.7746414E-09 -0.040598847
v 2.4581769 0.036499992 -0.04479882
v 2.4900267 0.03797999 -0.04479882
v 2.494267 -3.520915E-09 -0.08054893
v 2.4942667 -1.7746412E-09 -0.04059884
v 2.4900267 0.03797999 -0.04479882
v 2.490027 0.039239995 -0.076348945
v 2.520097 0.01546999 -0.1730988
v 2.534927 0.016069992 -0.18199877
v 2.5438268 0.015549989 -0.16742873
v 2.5243468 0.014949992 -0.15804878
v 2.536357 -8.076512E-09 -0.18476883
v 2.534927 0.016069992 -0.18199877
v 2.520097 0.01546999 -0.1730988
v 2.517227 -7.566836E-09 -0.17310882
v 2.5469768 -7.3089392E-09 -0.16720882
v 2.523197 -6.778718E-09 -0.15507877
v 2.5243468 0.014949992 -0.15804878
v 2.5438268 0.015549989 -0.16742873
v 2.536357 -8.076512E-09 -0.18476883
v 2.5469768 -7.3089392E-09 -0.16720882
v 2.5438268 0.015549989 -0.16742873
v 2.534927 0.016069992 -0.18199877
v 2.500317 0.01781999 -0.22529884
v 2.513157 0.01620999 -0.19434886
v 2.4969268 0.015639989 -0.18894887
v 2.481687 0.01724999 -0.2258389
v 2.4818668 -1.0123515E-08 -0.23159881
v 2.503567 -1.0148873E-08 -0.23217893
v 2.500317 0.01781999 -0.22529884
v 2.481687 0.01724999 -0.2258389
v 2.4402769 -9.195963E-09 -0.2103789
v 2.447187 0.015929988 -0.20719887
v 2.461017 0.014329989 -0.17235887
v 2.457767 -7.233324E-09 -0.16547896
v 2.476927 -7.376697E-09 -0.16875893
v 2.457767 -7.233324E-09 -0.16547896
v 2.461017 0.014329989 -0.17235887
v 2.477277 0.01486999 -0.17456889
v 2.503567 -1.0148873E-08 -0.23217893
v 2.520057 -8.3562695E-09 -0.19116893
v 2.513157 0.01620999 -0.19434886
v 2.500317 0.01781999 -0.22529884
v 2.447187 0.015929988 -0.20719887
v 2.459497 0.016469989 -0.21844889
v 2.477277 0.01486999 -0.17456889
v 2.461017 0.014329989 -0.17235887
v 2.459497 0.016469989 -0.21844889
v 2.4969268 0.015639989 -0.18894887
v 2.481687 0.01724999 -0.2258389
v 2.455497 -9.734051E-09 -0.22268893
v 2.459497 0.016469989 -0.21844889
v 2.447187 0.015929988 -0.20719887
v 2.4402769 -9.195963E-09 -0.2103789
v 2.500767 -8.071267E-09 -0.18464886
v 2.476927 -7.376697E-09 -0.16875893
v 2.477277 0.01486999 -0.17456889
v 2.4969268 0.015639989 -0.18894887
v 2.4818668 -1.0123515E-08 -0.23159881
v 2.481687 0.01724999 -0.2258389
v 2.459497 0.016469989 -0.21844889
v 2.455497 -9.734051E-09 -0.22268893
v 2.500767 -8.071267E-09 -0.18464886
v 2.4969268 0.015639989 -0.18894887
v 2.513157 0.01620999 -0.19434886
v 2.520057 -8.3562695E-09 -0.19116893
v -1.3545666 0.011270087 1.9922525
v -1.3335465 0.0102600865 1.9894725
v -1.3329064 0.009900087 2.0002725
v -1.3579465 0.010910087 2.0035527
v -1.3614365 8.753173E-08 2.0024927
v -1.3582364 8.6948184E-08 1.9891425
v -1.3545666 0.011270087 1.9922525
v -1.3579465 0.010910087 2.0035527
v -1.3552766 8.879455E-08 2.0313826
v -1.3522065 0.010080087 2.0276825
v -1.3286467 0.009060087 2.0249326
v -1.3249766 8.8648555E-08 2.0280426
v -1.3238366 8.811353E-08 2.0158026
v -1.3249766 8.8648555E-08 2.0280426
v -1.3286467 0.009060087 2.0249326
v -1.3273365 0.009410088 2.0146425
v -1.3582364 8.6948184E-08 1.9891425
v -1.3304764 8.6800874E-08 1.9857725
v -1.3335465 0.0102600865 1.9894725
v -1.3545666 0.011270087 1.9922525
v -1.3522065 0.010080087 2.0276825
v -1.3273365 0.009410088 2.0146425
v -1.3286467 0.009060087 2.0249326
v -1.3570665 0.010420088 2.0183227
v -1.3329064 0.009900087 2.0002725
v -1.3579465 0.010910087 2.0035527
v -1.3603065 8.830018E-08 2.0200727
v -1.3570665 0.010420088 2.0183227
v -1.3522065 0.010080087 2.0276825
v -1.3552766 8.879455E-08 2.0313826
v -1.3296466 8.7363006E-08 1.9986326
v -1.3238366 8.811353E-08 2.0158026
v -1.3273365 0.009410088 2.0146425
v -1.3329064 0.009900087 2.0002725
v -1.3614365 8.753173E-08 2.0024927
v -1.3579465 0.010910087 2.0035527
v -1.3570665 0.010420088 2.0183227
v -1.3603065 8.830018E-08 2.0200727
v -1.3296466 8.7363006E-08 1.9986326
v -1.3329064 0.009900087 2.0002725
v -1.3335465 0.0102600865 1.9894725
v -1.3304764 8.6800874E-08 1.9857725
v -1.2867763 0.037760086 2.0569556
v -1.2785361 0.03924009 2.0261953
v -1.2480661 0.037980087 2.0343657
v -1.2563063 0.036500085 2.0651257
v -1.2814962 8.8340954E-08 2.0210054
v -1.2785361 0.03924009 2.0261953
v -1.2867763 0.037760086 2.0569556
v -1.2919362 9.0043955E-08 2.0599656
v -1.2429062 8.879337E-08 2.0313556
v -1.2533462 9.049593E-08 2.0703056
v -1.2563063 0.036500085 2.0651257
v -1.2480661 0.037980087 2.0343657
v -1.2814962 8.8340954E-08 2.0210054
v -1.2429062 8.879337E-08 2.0313556
v -1.2480661 0.037980087 2.0343657
v -1.2785361 0.03924009 2.0261953
v -0.5220221 0.01547009 2.07926
v -0.52678216 0.016070088 2.0626302
v -0.51041216 0.015550089 2.0578105
v -0.5063821 0.014950088 2.0790503
v -0.52278197 9.1008E-08 2.0820203
v -0.5220221 0.01547009 2.07926
v -0.5063821 0.014950088 2.0790503
v -0.5038121 9.096035E-08 2.0809302
v -0.5093821 8.9819046E-08 2.0548203
v -0.5038121 9.096035E-08 2.0809302
v -0.5063821 0.014950088 2.0790503
v -0.51041216 0.015550089 2.0578105
v -0.5290822 9.006863E-08 2.0605302
v -0.5093821 8.9819046E-08 2.0548203
v -0.51041216 0.015550089 2.0578105
v -0.52678216 0.016070088 2.0626302
v 0.45372638 0.011889895 -2.385094
v 0.5101466 0.011889895 -2.388934
v 0.47935638 0.011889896 -2.363134
v 0.49062642 0.011889893 -2.4188437
v 0.4448364 0.011889892 -2.4749038
v 0.4363164 0.011889895 -2.3887239
v 0.40314627 0.011889892 -2.4360938
v 0.49460638 -1.0577693E-07 -2.419894
v 0.5165764 -1.04316086E-07 -2.386474
v 0.5101466 0.011889895 -2.388934
v 0.49062642 0.011889893 -2.4188437
v 0.3967163 -1.0584751E-07 -2.4385538
v 0.44472647 -1.0773716E-07 -2.4817839
v 0.4448364 0.011889892 -2.4749038
v 0.40314627 0.011889892 -2.4360938
v 0.4331565 -1.04317834E-07 -2.386514
v 0.3967163 -1.0584751E-07 -2.4385538
v 0.40314627 0.011889892 -2.4360938
v 0.4363164 0.011889895 -2.3887239
v 0.5165764 -1.04316086E-07 -2.386474
v 0.47946632 -1.0299514E-07 -2.356254
v 0.47935638 0.011889896 -2.363134
v 0.5101466 0.011889895 -2.388934
v 0.49460638 -1.0577693E-07 -2.419894
v 0.49062642 0.011889893 -2.4188437
v 0.4448364 0.011889892 -2.4749038
v 0.44472647 -1.0773716E-07 -2.4817839
v 0.4522064 -1.0405688E-07 -2.380544
v 0.4331565 -1.04317834E-07 -2.386514
v 0.4363164 0.011889895 -2.3887239
v 0.45372638 0.011889895 -2.385094
v 0.4522064 -1.0405688E-07 -2.380544
v 0.45372638 0.011889895 -2.385094
v 0.47935638 0.011889896 -2.363134
v 0.47946632 -1.0299514E-07 -2.356254
v 1.0343229 0.0118898945 -2.4070413
v 1.0333027 0.011889895 -2.3713512
v 0.97786266 0.011889895 -2.3702714
v 0.9667929 0.0118898945 -2.4108913
v 1.0432727 -1.0515305E-07 -2.4056213
v 1.0421028 -1.034059E-07 -2.3656514
v 1.0333027 0.011889895 -2.3713512
v 1.0343229 0.0118898945 -2.4070413
v 1.0317229 -1.08032744E-07 -2.471501
v 1.0242829 0.011889891 -2.4658012
v 0.96679294 0.011889891 -2.4687312
v 0.9578429 -1.08160826E-07 -2.4744313
v 0.9578428 -1.0538341E-07 -2.4108913
v 0.9578429 -1.08160826E-07 -2.4744313
v 0.96679294 0.011889891 -2.4687312
v 0.9667929 0.0118898945 -2.4108913
v 0.9705726 -1.03358246E-07 -2.364561
v 0.97786266 0.011889895 -2.3702714
v 1.0333027 0.011889895 -2.3713512
v 1.0421028 -1.034059E-07 -2.3656514
v 1.0242829 0.011889891 -2.4658012
v 1.0343229 0.0118898945 -2.4070413
v 0.9667929 0.0118898945 -2.4108913
v 0.96679294 0.011889891 -2.4687312
v 1.0432727 -1.0515305E-07 -2.4056213
v 1.0343229 0.0118898945 -2.4070413
v 1.0242829 0.011889891 -2.4658012
v 1.0317229 -1.08032744E-07 -2.471501
v 0.9578428 -1.0538341E-07 -2.4108913
v 0.9667929 0.0118898945 -2.4108913
v 0.97786266 0.011889895 -2.3702714
v 0.9705726 -1.03358246E-07 -2.364561
v 1.4433603 0.011889889 -2.4738476
v 1.4655304 0.011889893 -2.4458575
v 1.4237504 0.0118898945 -2.4093874
v 1.3891604 0.011889894 -2.4333975
v 1.3979104 0.011889891 -2.5124075
v 1.3519903 0.011889891 -2.4776976
v 1.4511404 -1.0833945E-07 -2.4785175
v 1.4759403 -1.0696822E-07 -2.4471474
v 1.4655304 0.011889893 -2.4458575
v 1.4433603 0.011889889 -2.4738476
v 1.3999404 -1.1022078E-07 -2.5215573
v 1.3979104 0.011889891 -2.5124075
v 1.3519903 0.011889891 -2.4776976
v 1.3414603 -1.08242844E-07 -2.4763076
v 1.3823004 -1.0611542E-07 -2.4276376
v 1.3414603 -1.08242844E-07 -2.4763076
v 1.3519903 0.011889891 -2.4776976
v 1.3891604 0.011889894 -2.4333975
v 1.4218403 -1.04922094E-07 -2.4003375
v 1.4237504 0.0118898945 -2.4093874
v 1.4655304 0.011889893 -2.4458575
v 1.4759403 -1.0696822E-07 -2.4471474
v 1.4511404 -1.0833945E-07 -2.4785175
v 1.4433603 0.011889889 -2.4738476
v 1.3979104 0.011889891 -2.5124075
v 1.3999404 -1.1022078E-07 -2.5215573
v 1.3823004 -1.0611542E-07 -2.4276376
v 1.3891604 0.011889894 -2.4333975
v 1.4237504 0.0118898945 -2.4093874
v 1.4218403 -1.04922094E-07 -2.4003375
v 1.697549 0.014329896 -2.3044791
v 1.6612191 0.0123699 -2.285549
v 1.6529093 0.011679897 -2.304739
v 1.6962192 0.013639898 -2.327229
v 1.684859 0.012689897 -2.353469
v 1.6529093 0.011679897 -2.304739
v 1.633319 0.010729896 -2.327139
v 1.669839 0.0120298965 -2.367259
v 1.6288791 0.010069896 -2.346699
v 1.7032491 -1.01743474E-07 -2.327619
v 1.7062693 -1.0059124E-07 -2.301259
v 1.697549 0.014329896 -2.3044791
v 1.6962192 0.013639898 -2.327229
v 1.6201591 -1.02718225E-07 -2.3499188
v 1.6729791 -1.0385866E-07 -2.376009
v 1.669839 0.0120298965 -2.367259
v 1.6288791 0.010069896 -2.346699
v 1.6261892 -1.0171375E-07 -2.326939
v 1.6201591 -1.02718225E-07 -2.3499188
v 1.6288791 0.010069896 -2.346699
v 1.633319 0.010729896 -2.327139
v 1.7062693 -1.0059124E-07 -2.301259
v 1.6580892 -9.9522055E-08 -2.276799
v 1.6612191 0.0123699 -2.285549
v 1.697549 0.014329896 -2.3044791
v 1.689589 -1.03105954E-07 -2.358789
v 1.684859 0.012689897 -2.353469
v 1.669839 0.0120298965 -2.367259
v 1.6729791 -1.0385866E-07 -2.376009
v 1.6480892 -1.0051868E-07 -2.2995992
v 1.6261892 -1.0171375E-07 -2.326939
v 1.633319 0.010729896 -2.327139
v 1.6529093 0.011679897 -2.304739
v 1.7032491 -1.01743474E-07 -2.327619
v 1.6962192 0.013639898 -2.327229
v 1.684859 0.012689897 -2.353469
v 1.689589 -1.03105954E-07 -2.358789
v 1.6480892 -1.0051868E-07 -2.2995992
v 1.6529093 0.011679897 -2.304739
v 1.6612191 0.0123699 -2.285549
v 1.6580892 -9.9522055E-08 -2.276799
v 2.492871 0.010059952 -1.0704843
v 2.497961 0.010059953 -1.0462943
v 2.4633908 0.010059953 -1.0447543
v 2.4651809 0.010059952 -1.0680343
v 2.500421 -4.5797492E-08 -1.0477242
v 2.497961 0.010059953 -1.0462943
v 2.492871 0.010059952 -1.0704843
v 2.4948113 -4.698207E-08 -1.0748242
v 2.502981 0.0100599555 -0.9964544
v 2.5062912 -4.3406917E-08 -0.99303424
v 2.4616404 -4.3304638E-08 -0.9906944
v 2.4635906 0.0100599555 -0.9950445
v 2.454011 -4.519734E-08 -1.0339943
v 2.456641 0.010059953 -1.0344542
v 2.4635906 0.0100599555 -0.9950445
v 2.4616404 -4.3304638E-08 -0.9906944
v 2.4651809 0.010059952 -1.0680343
v 2.4618711 -4.6834764E-08 -1.0714543
v 2.4948113 -4.698207E-08 -1.0748242
v 2.492871 0.010059952 -1.0704843
v 2.502981 0.0100599555 -0.9964544
v 2.4635906 0.0100599555 -0.9950445
v 2.456641 0.010059953 -1.0344542
v 2.497961 0.010059953 -1.0462943
v 2.500421 -4.5797492E-08 -1.0477242
v 2.5062912 -4.3406917E-08 -0.99303424
v 2.502981 0.0100599555 -0.9964544
v 2.497961 0.010059953 -1.0462943
v 2.456641 0.010059953 -1.0344542
v 2.454011 -4.519734E-08 -1.0339943
v 2.4604108 -4.5732367E-08 -1.0462344
v 2.4633908 0.010059953 -1.0447543
v 2.4604108 -4.5732367E-08 -1.0462344
v 2.4618711 -4.6834764E-08 -1.0714543
v 2.4651809 0.010059952 -1.0680343
v 2.4633908 0.010059953 -1.0447543
v 2.5423412 0.011269955 -1.0253644
v 2.5541112 0.010909955 -1.0246744
v 2.5424714 0.009899954 -1.0022644
v 2.5325413 0.010259956 -1.0065644
v 2.5543113 -4.4949058E-08 -1.0283144
v 2.5541112 0.010909955 -1.0246744
v 2.5423412 0.011269955 -1.0253644
v 2.540671 -4.5017252E-08 -1.0298744
v 2.5793612 -4.4264098E-08 -1.0126443
v 2.5658512 -4.3069463E-08 -0.98531425
v 2.5641913 0.009059956 -0.98982435
v 2.5748312 0.010079956 -1.0110244
v 2.5539608 -4.3205848E-08 -0.9884344
v 2.5540614 0.009409956 -0.99211437
v 2.5641913 0.009059956 -0.98982435
v 2.5658512 -4.3069463E-08 -0.98531425
v 2.5325413 0.010259956 -1.0065644
v 2.5280113 -4.3927088E-08 -1.0049344
v 2.540671 -4.5017252E-08 -1.0298744
v 2.5423412 0.011269955 -1.0253644
v 2.5540614 0.009409956 -0.99211437
v 2.5676913 0.010419953 -1.0187943
v 2.5748312 0.010079956 -1.0110244
v 2.5641913 0.009059956 -0.98982435
v 2.5424714 0.009899954 -1.0022644
v 2.5676913 0.010419953 -1.0187943
v 2.5541112 0.010909955 -1.0246744
v 2.5704412 -4.464002E-08 -1.0212444
v 2.5793612 -4.4264098E-08 -1.0126443
v 2.5748312 0.010079956 -1.0110244
v 2.5676913 0.010419953 -1.0187943
v 2.5398111 -4.3701103E-08 -0.99976444
v 2.5424714 0.009899954 -1.0022644
v 2.5540614 0.009409956 -0.99211437
v 2.5539608 -4.3205848E-08 -0.9884344
v 2.5543113 -4.4949058E-08 -1.0283144
v 2.5704412 -4.464002E-08 -1.0212444
v 2.5676913 0.010419953 -1.0187943
v 2.5541112 0.010909955 -1.0246744
v 2.5398111 -4.3701103E-08 -0.99976444
v 2.5280113 -4.3927088E-08 -1.0049344
v 2.5325413 0.010259956 -1.0065644
v 2.5424714 0.009899954 -1.0022644
v 2.4980307 0.021779956 -0.9627344
v 2.5285013 0.023049954 -0.97089434
v 2.5367408 0.021569956 -0.94014436
v 2.5062711 0.020309955 -0.9319744
v 2.531461 -4.266601E-08 -0.9760843
v 2.541901 -4.0963016E-08 -0.9371243
v 2.5367408 0.021569956 -0.94014436
v 2.5285013 0.023049954 -0.97089434
v 2.541901 -4.0963016E-08 -0.9371243
v 2.503311 -4.0511043E-08 -0.9267844
v 2.5062711 0.020309955 -0.9319744
v 2.5367408 0.021569956 -0.94014436
v 2.4980307 0.021779956 -0.9627344
v 2.492871 -4.2214037E-08 -0.9657444
v 2.531461 -4.266601E-08 -0.9760843
v 2.5285013 0.023049954 -0.97089434
v 2.5143511 0.015549953 -1.0471044
v 2.5256412 0.016069952 -1.0599042
v 2.538701 0.015469953 -1.0485642
v 2.5319111 0.014949951 -1.0344743
v 2.5247114 -4.645972E-08 -1.0628743
v 2.541531 -4.5813223E-08 -1.0480841
v 2.538701 0.015469953 -1.0485642
v 2.5256412 0.016069952 -1.0599042
v 2.541531 -4.5813223E-08 -1.0480841
v 2.532521 -4.5081933E-08 -1.0313542
v 2.5319111 0.014949951 -1.0344743
v 2.538701 0.015469953 -1.0485642
v 2.5143511 0.015549953 -1.0471044
v 2.5112112 -4.578482E-08 -1.0474343
v 2.5247114 -4.645972E-08 -1.0628743
v 2.5256412 0.016069952 -1.0599042
v 2.318965 0.017819932 -1.5325737
v 2.288935 0.01563993 -1.5533538
v 2.303505 0.01620993 -1.5623139
v 2.307395 0.017249933 -1.5179639
v 2.287475 0.016469933 -1.5057139
v 2.265295 0.014869929 -1.5475339
v 2.270945 0.015929934 -1.5035138
v 2.2531452 0.01432993 -1.5365038
v 2.311925 -6.6196264E-08 -1.5143938
v 2.307395 0.017249933 -1.5179639
v 2.318965 0.017819932 -1.5325737
v 2.326315 -6.690658E-08 -1.5306439
v 2.260615 -6.7796975E-08 -1.5510138
v 2.265295 0.014869929 -1.5475339
v 2.2531452 0.01432993 -1.5365038
v 2.245785 -6.724753E-08 -1.5384438
v 2.303505 0.01620993 -1.5623139
v 2.305505 -6.861132E-08 -1.5696439
v 2.326315 -6.690658E-08 -1.5306439
v 2.318965 0.017819932 -1.5325737
v 2.288145 -6.556376E-08 -1.4999237
v 2.2689352 -6.5399846E-08 -1.4961739
v 2.270945 0.015929934 -1.5035138
v 2.287475 0.016469933 -1.5057139
v 2.288115 -6.8148424E-08 -1.5590539
v 2.288935 0.01563993 -1.5533538
v 2.265295 0.014869929 -1.5475339
v 2.260615 -6.7796975E-08 -1.5510138
v 2.311925 -6.6196264E-08 -1.5143938
v 2.288145 -6.556376E-08 -1.4999237
v 2.287475 0.016469933 -1.5057139
v 2.307395 0.017249933 -1.5179639
v 2.288115 -6.8148424E-08 -1.5590539
v 2.305505 -6.861132E-08 -1.5696439
v 2.303505 0.01620993 -1.5623139
v 2.288935 0.01563993 -1.5533538
v 2.4219432 0.011890026 0.5874715
v 2.3574831 0.011890026 0.6070815
v 2.393953 0.011890024 0.56530154
v 2.3814933 0.011890028 0.6416713
v 2.4605033 0.011890027 0.6329214
v 2.425793 0.011890029 0.6788414
v 2.4266133 2.533911E-08 0.5796915
v 2.4219432 0.011890026 0.5874715
v 2.393953 0.011890024 0.56530154
v 2.3952427 2.4255506E-08 0.55490154
v 2.4696531 2.7577133E-08 0.6308915
v 2.424403 3.0133375E-08 0.6893715
v 2.425793 0.011890029 0.6788414
v 2.4605033 0.011890027 0.6329214
v 2.3757331 2.8348204E-08 0.6485315
v 2.3814933 0.011890028 0.6416713
v 2.425793 0.011890029 0.6788414
v 2.424403 3.0133375E-08 0.6893715
v 2.3484333 2.6619851E-08 0.6089914
v 2.3952427 2.4255506E-08 0.55490154
v 2.393953 0.011890024 0.56530154
v 2.3574831 0.011890026 0.6070815
v 2.4266133 2.533911E-08 0.5796915
v 2.4696531 2.7577133E-08 0.6308915
v 2.4605033 0.011890027 0.6329214
v 2.4219432 0.011890026 0.5874715
v 2.3757331 2.8348204E-08 0.6485315
v 2.3484333 2.6619851E-08 0.6089914
v 2.3574831 0.011890026 0.6070815
v 2.3814933 0.011890028 0.6416713
v 2.1740754 0.021869928 -1.6407139
v 2.1982353 0.023139924 -1.6204438
v 2.177765 0.02165993 -1.5960441
v 2.1536047 0.020389926 -1.616324
v 2.2041848 -7.085589E-08 -1.6209936
v 2.1782653 -6.9505234E-08 -1.5900941
v 2.177765 0.02165993 -1.5960441
v 2.1982353 0.023139924 -1.6204438
v 2.1536047 0.020389926 -1.616324
v 2.1476548 -7.0627735E-08 -1.615774
v 2.1735752 -7.197842E-08 -1.646674
v 2.1740754 0.021869928 -1.6407139
v 2.1740754 0.021869928 -1.6407139
v 2.1735752 -7.197842E-08 -1.646674
v 2.2041848 -7.085589E-08 -1.6209936
v 2.1982353 0.023139924 -1.6204438
v 2.3025951 0.015549929 -1.6031041
v 2.308035 0.01606993 -1.5869241
v 2.291685 0.015469928 -1.5812941
v 2.282885 0.014949929 -1.594214
v 2.3110752 -6.933694E-08 -1.5862441
v 2.289855 -6.902397E-08 -1.579084
v 2.291685 0.015469928 -1.5812941
v 2.308035 0.01606993 -1.5869241
v 2.282885 0.014949929 -1.594214
v 2.279875 -6.973034E-08 -1.595244
v 2.304455 -7.0185806E-08 -1.6056639
v 2.3025951 0.015549929 -1.6031041
v 2.3025951 0.015549929 -1.6031041
v 2.304455 -7.0185806E-08 -1.6056639
v 2.3110752 -6.933694E-08 -1.5862441
v 2.308035 0.01606993 -1.5869241
v -0.9617275 0.046209887 -2.4758222
v -0.99722755 0.046209887 -2.4318023
v -1.0005175 0.04620989 -2.4653924
v -0.94841754 0.046209887 -2.4426725
v -1.0042475 0.04620989 -2.4154623
v -0.99722755 0.046209887 -2.4318023
v -0.92876774 0.046209894 -2.3730123
v -0.9844676 0.046209894 -2.3611124
v -0.9452775 -1.0688887E-07 -2.4453323
v -0.94841754 0.046209887 -2.4426725
v -0.9617275 0.046209887 -2.4758222
v -0.96004754 -1.08513184E-07 -2.4824922
v -0.92876774 0.046209894 -2.3730123
v -0.9231878 -1.03551066E-07 -2.3689723
v -0.98613775 -1.0291594E-07 -2.3544424
v -0.9844676 0.046209894 -2.3611124
v -1.0005175 0.04620989 -2.4653924
v -1.0060877 -1.0794232E-07 -2.4694324
v -0.96004754 -1.08513184E-07 -2.4824922
v -0.9617275 0.046209887 -2.4758222
v -0.9452775 -1.0688887E-07 -2.4453323
v -0.9231878 -1.03551066E-07 -2.3689723
v -0.92876774 0.046209894 -2.3730123
v -0.94841754 0.046209887 -2.4426725
v -1.1203179 0.020139888 -2.523258
v -1.0880879 0.021829886 -2.555988
v -1.066148 0.020839887 -2.534358
v -1.061728 0.019849889 -2.5086982
v -1.0976382 0.01815989 -2.4844081
v -1.061278 -1.10903144E-07 -2.5371683
v -1.066148 0.020839887 -2.534358
v -1.0880879 0.021829886 -2.555988
v -1.0860579 -1.12063674E-07 -2.563718
v -1.054008 -1.0956644E-07 -2.506588
v -1.0996779 -1.0825904E-07 -2.4766781
v -1.0976382 0.01815989 -2.4844081
v -1.061728 0.019849889 -2.5086982
v -1.1280379 -1.103869E-07 -2.525358
v -1.0860579 -1.12063674E-07 -2.563718
v -1.0880879 0.021829886 -2.555988
v -1.1203179 0.020139888 -2.523258
v -1.061278 -1.10903144E-07 -2.5371683
v -1.054008 -1.0956644E-07 -2.506588
v -1.061728 0.019849889 -2.5086982
v -1.066148 0.020839887 -2.534358
v -1.030018 0.03380988 -2.558068
v -1.009508 0.034749884 -2.580288
v -0.996218 0.034199882 -2.569298
v -0.9924979 0.03364988 -2.555198
v -1.015478 0.032699887 -2.537508
v -0.9936381 -1.1238627E-07 -2.571098
v -0.996218 0.034199882 -2.569298
v -1.009508 0.034749884 -2.580288
v -1.0087482 -1.12980736E-07 -2.584698
v -0.98808795 -1.11656284E-07 -2.554398
v -1.0162379 -1.1072523E-07 -2.533098
v -1.015478 0.032699887 -2.537508
v -0.9924979 0.03364988 -2.555198
v -1.030018 0.03380988 -2.558068
v -1.0344279 -1.1185168E-07 -2.5588682
v -1.0087482 -1.12980736E-07 -2.584698
v -1.009508 0.034749884 -2.580288
v -0.9936381 -1.1238627E-07 -2.571098
v -0.98808795 -1.11656284E-07 -2.554398
v -0.9924979 0.03364988 -2.555198
v -0.996218 0.034199882 -2.569298
vt 0.87646484 0.6567383
vt 0.89208984 0.6611328
vt 0.8823242 0.64501953
vt 0.6748047 0.7636719
vt 0.6767578 0.75341797
vt 0.671875 0.75683594
vt 0.6748047 0.7636719
vt 0.7084961 0.7578125
vt 0.6767578 0.75341797
vt 0.9511719 0.14660645
vt 0.93066406 0.14746094
vt 0.94677734 0.13244629
vt 0.9604492 0.12695312
vt 0.9511719 0.14660645
vt 0.953125 0.12597656
vt 0.953125 0.12597656
vt 0.9511719 0.14660645
vt 0.94677734 0.13244629
vt 0.96533203 0.18383789
vt 0.95214844 0.19421387
vt 0.9614258 0.18249512
vt 0.89208984 0.2631836
vt 0.9272461 0.25756836
vt 0.88964844 0.27905273
vt 0.9506836 0.24768066
vt 0.953125 0.28344727
vt 0.9272461 0.25756836
vt 0.8955078 0.16479492
vt 0.8901367 0.22827148
vt 0.8886719 0.18115234
vt 0.9272461 0.34106445
vt 0.8984375 0.3540039
vt 0.9277344 0.31103516
vt 0.9399414 0.40625
vt 0.9272461 0.39794922
vt 0.9511719 0.39672852
vt 0.88134766 0.35913086
vt 0.86816406 0.3630371
vt 0.87597656 0.35009766
vt 0.87939453 0.39770508
vt 0.8754883 0.41479492
vt 0.87060547 0.3935547
vt 0.85839844 0.29882812
vt 0.8671875 0.28076172
vt 0.86376953 0.296875
vt 0.88623047 0.17712402
vt 0.8955078 0.16479492
vt 0.8886719 0.18115234
vt 0.8720703 0.029678345
vt 0.87841797 0.014083862
vt 0.88134766 0.033966064
vt 0.86621094 0.020401001
vt 0.87841797 0.014083862
vt 0.8720703 0.029678345
vt 0.86376953 0.056518555
vt 0.87109375 0.06964111
vt 0.8564453 0.06384277
vt 0.5078125 0.2709961
vt 0.4987793 0.2644043
vt 0.50634766 0.26489258
vt 0.9716797 0.3112793
vt 0.9628906 0.31274414
vt 0.9658203 0.2939453
vt 0.9511719 0.39672852
vt 0.94970703 0.33935547
vt 0.9555664 0.3696289
vt 0.9555664 0.3696289
vt 0.94970703 0.33935547
vt 0.96240234 0.3642578
vt 0.85302734 0.1274414
vt 0.86035156 0.10443115
vt 0.8574219 0.13537598
vt 0.84472656 0.089416504
vt 0.84716797 0.06188965
vt 0.8574219 0.08795166
vt 0.87109375 0.06964111
vt 0.8769531 0.08203125
vt 0.87109375 0.08892822
vt 0.8564453 0.06384277
vt 0.87109375 0.06964111
vt 0.87109375 0.08892822
vt 0.86035156 0.10443115
vt 0.8574219 0.08795166
vt 0.87109375 0.08892822
vt 0.9609375 0.13476562
vt 0.9511719 0.14660645
vt 0.9604492 0.12695312
vt 0.96533203 0.18383789
vt 0.96533203 0.21325684
vt 0.95214844 0.19421387
vt 0.9863281 0.10473633
vt 0.9604492 0.12695312
vt 0.953125 0.12597656
vt 0.9711914 0.13952637
vt 0.9609375 0.13476562
vt 0.9897461 0.13122559
vt 0.9692383 0.17333984
vt 0.99072266 0.16687012
vt 0.96533203 0.18383789
vt 0.9716797 0.36743164
vt 0.99072266 0.37182617
vt 0.9633789 0.37182617
vt 0.84765625 0.26879883
vt 0.8276367 0.26416016
vt 0.8574219 0.26660156
vt 0.82714844 0.20080566
vt 0.8598633 0.17700195
vt 0.85498047 0.2109375
vt 0.82910156 0.056396484
vt 0.85546875 0.054504395
vt 0.84716797 0.06188965
vt 0.86816406 0.14208984
vt 0.87109375 0.08892822
vt 0.88720703 0.10522461
vt 0.8769531 0.08203125
vt 0.890625 0.033599854
vt 0.88134766 0.033966064
vt 0.9428711 0.076049805
vt 0.93847656 0.06732178
vt 0.9501953 0.08111572
vt 0.85791016 0.29125977
vt 0.8671875 0.28076172
vt 0.85839844 0.29882812
vt 0.9716797 0.36743164
vt 0.96240234 0.3388672
vt 0.9770508 0.3388672
vt 0.88720703 0.10522461
vt 0.87109375 0.08892822
vt 0.8769531 0.08203125
vt 0.953125 0.28344727
vt 0.96484375 0.2854004
vt 0.9658203 0.2939453
vt 0.86816406 0.14208984
vt 0.8569336 0.1418457
vt 0.8574219 0.13537598
vt 0.8569336 0.1418457
vt 0.83496094 0.14465332
vt 0.8574219 0.13537598
vt 0.7680664 0.40844727
vt 0.7475586 0.4116211
vt 0.76416016 0.40307617
vt 0.6660156 0.34350586
vt 0.6826172 0.34716797
vt 0.6694336 0.35351562
vt 0.6459961 0.37768555
vt 0.6230469 0.37182617
vt 0.6538086 0.37573242
vt 0.6269531 0.3630371
vt 0.6357422 0.35229492
vt 0.6230469 0.37182617
vt 0.6074219 0.3701172
vt 0.6230469 0.37182617
vt 0.6123047 0.38305664
vt 0.7475586 0.41552734
vt 0.7285156 0.41235352
vt 0.7475586 0.4116211
vt 0.77783203 0.40283203
vt 0.78515625 0.4169922
vt 0.7680664 0.40844727
vt 0.0102005005 0.9921875
vt 0.014312744 0.9819336
vt 0.019042969 0.99658203
vt 0.6621094 0.46435547
vt 0.6845703 0.4699707
vt 0.65185547 0.4699707
vt 0.55078125 0.44702148
vt 0.5722656 0.45361328
vt 0.5463867 0.4519043
vt 0.5541992 0.38378906
vt 0.5654297 0.3828125
vt 0.5546875 0.3930664
vt 0.5439453 0.37890625
vt 0.53466797 0.38427734
vt 0.5395508 0.37670898
vt 0.43408203 0.39941406
vt 0.43066406 0.38500977
vt 0.44604492 0.3935547
vt 0.44433594 0.48461914
vt 0.42578125 0.45410156
vt 0.45507812 0.45336914
vt 0.3503418 0.39453125
vt 0.36035156 0.39819336
vt 0.35205078 0.4013672
vt 0.32055664 0.37890625
vt 0.3503418 0.39453125
vt 0.31762695 0.38549805
vt 0.98876953 0.66259766
vt 0.99658203 0.7080078
vt 0.99560547 0.67089844
vt 0.25610352 0.38891602
vt 0.25048828 0.38549805
vt 0.26391602 0.37695312
vt 0.22790527 0.37573242
vt 0.19421387 0.36938477
vt 0.21875 0.3684082
vt 0.25610352 0.38891602
vt 0.25268555 0.39501953
vt 0.25048828 0.38549805
vt 0.24108887 0.4033203
vt 0.23583984 0.43188477
vt 0.23815918 0.39575195
vt 0.18920898 0.36987305
vt 0.18908691 0.3605957
vt 0.19421387 0.36938477
vt 0.1821289 0.45214844
vt 0.1907959 0.43701172
vt 0.18676758 0.46289062
vt 0.16931152 0.46606445
vt 0.14379883 0.45922852
vt 0.16247559 0.45629883
vt 0.18676758 0.46289062
vt 0.16247559 0.45629883
vt 0.1821289 0.45214844
vt 0.09088135 0.46557617
vt 0.09472656 0.45385742
vt 0.09875488 0.46435547
vt 0.11834717 0.46826172
vt 0.12561035 0.4794922
vt 0.10888672 0.47460938
vt 0.11834717 0.46826172
vt 0.14465332 0.48876953
vt 0.12561035 0.4794922
vt 0.12561035 0.4794922
vt 0.14465332 0.48876953
vt 0.12915039 0.49389648
vt 0.24816895 0.48388672
vt 0.25805664 0.45483398
vt 0.25195312 0.48413086
vt 0.19885254 0.46118164
vt 0.19433594 0.46972656
vt 0.18676758 0.46289062
vt 0.53466797 0.38427734
vt 0.5126953 0.38061523
vt 0.5395508 0.37670898
vt 0.7758789 0.39624023
vt 0.7578125 0.39160156
vt 0.77734375 0.38598633
vt 0.76416016 0.40307617
vt 0.7475586 0.4116211
vt 0.75146484 0.39941406
vt 0.67041016 0.36450195
vt 0.7036133 0.36621094
vt 0.68310547 0.37475586
vt 0.76953125 0.44482422
vt 0.78515625 0.4169922
vt 0.78027344 0.43823242
vt 0.6191406 0.43652344
vt 0.6118164 0.40063477
vt 0.62402344 0.43847656
vt 0.0079193115 0.9511719
vt 0.0121154785 0.9423828
vt 0.01133728 0.9501953
vt 0.0690918 0.9472656
vt 0.03729248 0.94091797
vt 0.06829834 0.9399414
vt 0.43408203 0.39941406
vt 0.4074707 0.39257812
vt 0.43066406 0.38500977
vt 0.9086914 0.7270508
vt 0.9711914 0.73779297
vt 0.9379883 0.70410156
vt 0.3083496 0.390625
vt 0.25610352 0.38891602
vt 0.31762695 0.38549805
vt 0.099731445 0.35864258
vt 0.12109375 0.3527832
vt 0.10760498 0.3659668
vt 0.08892822 0.37817383
vt 0.14074707 0.38500977
vt 0.0836792 0.38378906
vt 0.07495117 0.37695312
vt 0.0836792 0.38378906
vt 0.06939697 0.3798828
vt 0.08050537 0.48510742
vt 0.09472656 0.45385742
vt 0.09088135 0.46557617
vt 0.31469727 0.45751953
vt 0.36865234 0.45239258
vt 0.3256836 0.48364258
vt 0.7167969 0.4116211
vt 0.74121094 0.3947754
vt 0.7285156 0.41235352
vt 0.68310547 0.37475586
vt 0.6538086 0.37573242
vt 0.67041016 0.36450195
vt 0.0690918 0.9472656
vt 0.06829834 0.9399414
vt 0.074645996 0.95214844
vt 0.484375 0.38134766
vt 0.47705078 0.39208984
vt 0.4777832 0.38061523
vt 0.14465332 0.48876953
vt 0.11834717 0.46826172
vt 0.14379883 0.45922852
vt 0.53515625 0.39038086
vt 0.5541992 0.38378906
vt 0.5546875 0.3930664
vt 0.53466797 0.38427734
vt 0.53515625 0.39038086
vt 0.5126953 0.38061523
vt 0.53515625 0.39038086
vt 0.5126953 0.39135742
vt 0.5126953 0.38061523
vt 0.7939453 0.19482422
vt 0.79052734 0.19372559
vt 0.80078125 0.18371582
vt 0.8232422 0.18847656
vt 0.8222656 0.19006348
vt 0.8095703 0.18237305
vt 0.2290039 0.37231445
vt 0.22790527 0.37573242
vt 0.21875 0.3684082
vt 0.6591797 0.4411621
vt 0.65234375 0.4086914
vt 0.67089844 0.41137695
vt 0.5102539 0.45092773
vt 0.49389648 0.4440918
vt 0.51416016 0.44677734
vt 0.03729248 0.94091797
vt 0.034942627 0.91796875
vt 0.04437256 0.9238281
vt 0.73095703 0.4638672
vt 0.7060547 0.46411133
vt 0.71240234 0.45263672
vt 0.60302734 0.1763916
vt 0.6040039 0.18725586
vt 0.6230469 0.18273926
vt 0.5151367 0.19873047
vt 0.5161133 0.19177246
vt 0.4970703 0.19018555
vt 0.5161133 0.19177246
vt 0.5102539 0.18603516
vt 0.4970703 0.19018555
vt 0.46191406 0.20300293
vt 0.46313477 0.19934082
vt 0.45239258 0.19055176
vt 0.8310547 0.9267578
vt 0.84814453 0.9291992
vt 0.8261719 0.88916016
vt 0.72753906 0.92041016
vt 0.7446289 0.9277344
vt 0.7944336 0.9272461
vt 0.9140625 0.8911133
vt 0.8828125 0.88964844
vt 0.9272461 0.9223633
vt 0.9321289 0.9404297
vt 0.9223633 0.9458008
vt 0.93603516 0.95458984
vt 0.97265625 0.9433594
vt 0.9682617 0.95214844
vt 0.99072266 0.9477539
vt 0.8676758 0.9628906
vt 0.86621094 0.95751953
vt 0.8491211 0.953125
vt 0.7402344 0.9301758
vt 0.7446289 0.9277344
vt 0.72753906 0.92041016
vt 0.58447266 0.94091797
vt 0.5888672 0.9316406
vt 0.5678711 0.9345703
vt 0.57421875 0.9472656
vt 0.58447266 0.94091797
vt 0.5678711 0.9345703
vt 0.6123047 0.9506836
vt 0.6201172 0.9589844
vt 0.62646484 0.9433594
vt 0.49731445 0.20458984
vt 0.4987793 0.20983887
vt 0.50439453 0.20983887
vt 0.34204102 0.20751953
vt 0.35839844 0.20239258
vt 0.3408203 0.19946289
vt 0.26245117 0.1875
vt 0.28759766 0.19189453
vt 0.3161621 0.18676758
vt 0.28759766 0.19189453
vt 0.2927246 0.19873047
vt 0.3161621 0.18676758
vt 0.8598633 0.9633789
vt 0.84765625 0.9692383
vt 0.86279297 0.9941406
vt 0.6870117 0.9638672
vt 0.6953125 0.95947266
vt 0.66308594 0.9555664
vt 0.6464844 0.9716797
vt 0.6455078 0.9584961
vt 0.6176758 0.9682617
vt 0.62646484 0.9433594
vt 0.64697266 0.94384766
vt 0.63964844 0.9375
vt 0.6201172 0.9589844
vt 0.64697266 0.94384766
vt 0.62646484 0.9433594
vt 0.66308594 0.9555664
vt 0.64697266 0.94384766
vt 0.6455078 0.9584961
vt 0.5078125 0.19934082
vt 0.5151367 0.19873047
vt 0.4970703 0.19018555
vt 0.46191406 0.20300293
vt 0.45239258 0.19055176
vt 0.43432617 0.20263672
vt 0.8359375 0.97314453
vt 0.8339844 0.9628906
vt 0.8305664 0.9946289
vt 0.7636719 0.99316406
vt 0.77490234 0.96435547
vt 0.7392578 0.9580078
vt 0.6113281 0.9873047
vt 0.6176758 0.9682617
vt 0.6098633 0.9589844
vt 0.7026367 0.9482422
vt 0.6645508 0.9272461
vt 0.64697266 0.94384766
vt 0.63964844 0.9375
vt 0.5888672 0.921875
vt 0.5888672 0.9316406
vt 0.56347656 0.18261719
vt 0.55859375 0.18945312
vt 0.57128906 0.17871094
vt 0.8598633 0.9633789
vt 0.8676758 0.9628906
vt 0.8491211 0.953125
vt 0.28955078 0.20739746
vt 0.31640625 0.21252441
vt 0.31640625 0.1986084
vt 0.8100586 0.3022461
vt 0.796875 0.2980957
vt 0.79785156 0.30151367
vt 0.6645508 0.9272461
vt 0.63964844 0.9375
vt 0.64697266 0.94384766
vt 0.36865234 0.19067383
vt 0.35839844 0.20239258
vt 0.36669922 0.20153809
vt 0.7026367 0.9482422
vt 0.6953125 0.95947266
vt 0.70214844 0.95996094
vt 0.70214844 0.95996094
vt 0.6953125 0.95947266
vt 0.70458984 0.98339844
vt 0.7675781 0.24731445
vt 0.7636719 0.24182129
vt 0.7475586 0.25048828
vt 0.6533203 0.18139648
vt 0.6567383 0.19104004
vt 0.6694336 0.1850586
vt 0.63378906 0.21447754
vt 0.6411133 0.21240234
vt 0.6118164 0.20874023
vt 0.6152344 0.20031738
vt 0.6118164 0.20874023
vt 0.62402344 0.18981934
vt 0.5966797 0.20703125
vt 0.6010742 0.21960449
vt 0.6118164 0.20874023
vt 0.7475586 0.2541504
vt 0.7475586 0.25048828
vt 0.72802734 0.2512207
vt 0.31323242 0.96728516
vt 0.3034668 0.96875
vt 0.31201172 0.9560547
vt 0.6616211 0.30322266
vt 0.65185547 0.3088379
vt 0.6845703 0.30859375
vt 0.55029297 0.28564453
vt 0.5463867 0.29077148
vt 0.57177734 0.29248047
vt 0.5541992 0.22241211
vt 0.5546875 0.23181152
vt 0.5654297 0.22155762
vt 0.5439453 0.2175293
vt 0.5395508 0.2154541
vt 0.5341797 0.22290039
vt 0.4338379 0.23815918
vt 0.44604492 0.23242188
vt 0.43041992 0.22375488
vt 0.44433594 0.3232422
vt 0.45483398 0.29223633
vt 0.4255371 0.2927246
vt 0.35009766 0.2331543
vt 0.35180664 0.24023438
vt 0.36035156 0.23693848
vt 0.32055664 0.2175293
vt 0.3173828 0.22424316
vt 0.35009766 0.2331543
vt 0.79248047 0.5776367
vt 0.80029297 0.5839844
vt 0.83691406 0.5854492
vt 0.25585938 0.2277832
vt 0.26391602 0.21569824
vt 0.25 0.22460938
vt 0.22766113 0.21435547
vt 0.21862793 0.20715332
vt 0.1940918 0.20825195
vt 0.25585938 0.2277832
vt 0.25 0.22460938
vt 0.25219727 0.23376465
vt 0.24084473 0.24206543
vt 0.23803711 0.23449707
vt 0.2355957 0.2705078
vt 0.18896484 0.20861816
vt 0.1940918 0.20825195
vt 0.18884277 0.19934082
vt 0.18188477 0.29101562
vt 0.18652344 0.30151367
vt 0.19055176 0.2758789
vt 0.16906738 0.3046875
vt 0.16235352 0.29492188
vt 0.14367676 0.29785156
vt 0.18652344 0.30151367
vt 0.18188477 0.29101562
vt 0.16235352 0.29492188
vt 0.09069824 0.30444336
vt 0.09857178 0.30297852
vt 0.09448242 0.29248047
vt 0.11810303 0.30688477
vt 0.10870361 0.31323242
vt 0.12536621 0.31811523
vt 0.11810303 0.30688477
vt 0.12536621 0.31811523
vt 0.14453125 0.32739258
vt 0.12536621 0.31811523
vt 0.12890625 0.33251953
vt 0.14453125 0.32739258
vt 0.2479248 0.32250977
vt 0.25170898 0.32299805
vt 0.2578125 0.29345703
vt 0.19873047 0.30004883
vt 0.18652344 0.30151367
vt 0.19421387 0.3083496
vt 0.5341797 0.22290039
vt 0.5395508 0.2154541
vt 0.5126953 0.21936035
vt 0.75878906 0.23205566
vt 0.7602539 0.22241211
vt 0.7416992 0.2277832
vt 0.7636719 0.24182129
vt 0.75146484 0.23803711
vt 0.7475586 0.25048828
vt 0.65722656 0.20178223
vt 0.6694336 0.21154785
vt 0.6894531 0.20336914
vt 0.76953125 0.2836914
vt 0.78027344 0.27685547
vt 0.78515625 0.25561523
vt 0.61865234 0.27514648
vt 0.62402344 0.2770996
vt 0.6118164 0.23925781
vt 0.3269043 0.92871094
vt 0.3239746 0.92626953
vt 0.32543945 0.9189453
vt 0.26953125 0.90722656
vt 0.2722168 0.9003906
vt 0.3017578 0.91015625
vt 0.4338379 0.23815918
vt 0.43041992 0.22375488
vt 0.40722656 0.23120117
vt 0.85595703 0.49829102
vt 0.8334961 0.52734375
vt 0.8666992 0.5600586
vt 0.30810547 0.22937012
vt 0.3173828 0.22424316
vt 0.25585938 0.2277832
vt 0.09954834 0.19726562
vt 0.10736084 0.20458984
vt 0.120910645 0.19140625
vt 0.08856201 0.21679688
vt 0.08337402 0.22241211
vt 0.140625 0.22375488
vt 0.0748291 0.21582031
vt 0.0692749 0.21850586
vt 0.08337402 0.22241211
vt 0.08026123 0.32373047
vt 0.09069824 0.30444336
vt 0.09448242 0.29248047
vt 0.31445312 0.29614258
vt 0.3256836 0.32250977
vt 0.3684082 0.29101562
vt 0.7163086 0.25024414
vt 0.72802734 0.2512207
vt 0.74121094 0.23352051
vt 0.6694336 0.21154785
vt 0.65722656 0.20178223
vt 0.6411133 0.21240234
vt 0.26953125 0.90722656
vt 0.2626953 0.91064453
vt 0.2722168 0.9003906
vt 0.48413086 0.22009277
vt 0.47753906 0.21936035
vt 0.47680664 0.23083496
vt 0.14453125 0.32739258
vt 0.14367676 0.29785156
vt 0.11810303 0.30688477
vt 0.53515625 0.22924805
vt 0.5546875 0.23181152
vt 0.5541992 0.22241211
vt 0.5341797 0.22290039
vt 0.5126953 0.21936035
vt 0.53515625 0.22924805
vt 0.53515625 0.22924805
vt 0.5126953 0.21936035
vt 0.51220703 0.23010254
vt 0.7988281 0.35498047
vt 0.8183594 0.32714844
vt 0.79052734 0.35131836
vt 0.8227539 0.0635376
vt 0.80859375 0.057495117
vt 0.82177734 0.06512451
vt 0.22888184 0.2109375
vt 0.21862793 0.20715332
vt 0.22766113 0.21435547
vt 0.6591797 0.27978516
vt 0.67089844 0.25
vt 0.65234375 0.24743652
vt 0.5102539 0.28979492
vt 0.51416016 0.2854004
vt 0.49365234 0.28271484
vt 0.3017578 0.91015625
vt 0.2998047 0.89208984
vt 0.31054688 0.88916016
vt 0.73095703 0.30249023
vt 0.71191406 0.2915039
vt 0.7060547 0.30273438
vt 0.41918945 0.8066406
vt 0.44091797 0.81396484
vt 0.41967773 0.8183594
vt 0.3022461 0.8183594
vt 0.3022461 0.7973633
vt 0.31689453 0.8144531
vt 0.32202148 0.8286133
vt 0.3022461 0.8183594
vt 0.3232422 0.8208008
vt 0.3232422 0.8208008
vt 0.3022461 0.8183594
vt 0.31689453 0.8144531
vt 0.26342773 0.83154297
vt 0.25317383 0.8178711
vt 0.26489258 0.8276367
vt 0.18444824 0.7529297
vt 0.18896484 0.7895508
vt 0.16821289 0.75
vt 0.19812012 0.81396484
vt 0.16137695 0.8154297
vt 0.18896484 0.7895508
vt 0.28564453 0.7602539
vt 0.22045898 0.7524414
vt 0.26904297 0.7524414
vt 0.10308838 0.7866211
vt 0.09082031 0.75634766
vt 0.13378906 0.78808594
vt 0.08605957 0.73828125
vt 0.08270264 0.7246094
vt 0.095581055 0.73339844
vt 0.04650879 0.7348633
vt 0.0289917 0.73046875
vt 0.050964355 0.7260742
vt 0.14904785 0.71728516
vt 0.16723633 0.7265625
vt 0.15075684 0.72265625
vt 0.27319336 0.75
vt 0.28564453 0.7602539
vt 0.26904297 0.7524414
vt 0.4255371 0.7416992
vt 0.44140625 0.74853516
vt 0.42089844 0.75097656
vt 0.43530273 0.73583984
vt 0.44140625 0.74853516
vt 0.4255371 0.7416992
vt 0.39819336 0.7319336
vt 0.38452148 0.73876953
vt 0.39086914 0.7236328
vt 0.39257812 0.11566162
vt 0.38330078 0.10913086
vt 0.39086914 0.10961914
vt 0.13183594 0.8330078
vt 0.1307373 0.82421875
vt 0.14990234 0.828125
vt 0.044921875 0.80859375
vt 0.10394287 0.8095703
vt 0.072509766 0.8144531
vt 0.072509766 0.8144531
vt 0.10394287 0.8095703
vt 0.077819824 0.82177734
vt 0.15686035 0.7167969
vt 0.15429688 0.68652344
vt 0.16906738 0.7109375
vt 0.3256836 0.7182617
vt 0.3491211 0.7265625
vt 0.3173828 0.72216797
vt 0.36499023 0.7109375
vt 0.39331055 0.71435547
vt 0.36621094 0.7241211
vt 0.38452148 0.73876953
vt 0.3713379 0.7441406
vt 0.36450195 0.73828125
vt 0.39086914 0.7236328
vt 0.38452148 0.73876953
vt 0.36450195 0.73828125
vt 0.3491211 0.7265625
vt 0.36621094 0.7241211
vt 0.36450195 0.73828125
vt 0.31396484 0.82910156
vt 0.3022461 0.8183594
vt 0.32202148 0.8286133
vt 0.26342773 0.83154297
vt 0.23303223 0.8305664
vt 0.25317383 0.8178711
vt 0.34399414 0.8564453
vt 0.32202148 0.8286133
vt 0.3232422 0.8208008
vt 0.3088379 0.83935547
vt 0.31396484 0.82910156
vt 0.3166504 0.85839844
vt 0.27392578 0.8359375
vt 0.27978516 0.85839844
vt 0.26342773 0.83154297
vt 0.074279785 0.83154297
vt 0.06903076 0.85058594
vt 0.06994629 0.8222656
vt 0.18029785 0.70751953
vt 0.18591309 0.68652344
vt 0.18225098 0.71777344
vt 0.2512207 0.68896484
vt 0.27441406 0.72314453
vt 0.23962402 0.7167969
vt 0.3996582 0.69628906
vt 0.40063477 0.7236328
vt 0.39331055 0.71435547
vt 0.3100586 0.73339844
vt 0.36450195 0.73828125
vt 0.34716797 0.75390625
vt 0.3713379 0.7441406
vt 0.42089844 0.7602539
vt 0.42089844 0.75097656
vt 0.37524414 0.8120117
vt 0.38427734 0.80810547
vt 0.3696289 0.8198242
vt 0.15686035 0.7167969
vt 0.16723633 0.7265625
vt 0.14904785 0.71728516
vt 0.074279785 0.83154297
vt 0.10394287 0.8222656
vt 0.103515625 0.8378906
vt 0.62939453 0.8745117
vt 0.62890625 0.8623047
vt 0.6254883 0.8613281
vt 0.34716797 0.75390625
vt 0.36450195 0.73828125
vt 0.3713379 0.7441406
vt 0.16137695 0.8154297
vt 0.15893555 0.82714844
vt 0.14990234 0.828125
vt 0.3100586 0.73339844
vt 0.31079102 0.7216797
vt 0.3173828 0.72216797
vt 0.31079102 0.7216797
vt 0.30859375 0.69873047
vt 0.3173828 0.72216797
vt 0.4921875 0.76123047
vt 0.51416016 0.75390625
vt 0.4892578 0.7558594
vt 0.4921875 0.76123047
vt 0.4892578 0.7558594
vt 0.48583984 0.76123047
vt 0.49243164 0.79541016
vt 0.5151367 0.79345703
vt 0.4934082 0.79003906
vt 0.4885254 0.7885742
vt 0.49243164 0.79541016
vt 0.4934082 0.79003906
vt 0.4892578 0.7558594
vt 0.4777832 0.7446289
vt 0.48583984 0.76123047
vt 0.4885254 0.7885742
vt 0.48535156 0.8100586
vt 0.49243164 0.79541016
vt 0.4777832 0.7446289
vt 0.4934082 0.7363281
vt 0.48217773 0.7368164
vt 0.4897461 0.8183594
vt 0.5 0.8173828
vt 0.48535156 0.8100586
vt 0.5048828 0.8105469
vt 0.5253906 0.81152344
vt 0.51416016 0.80859375
vt 0.5888672 0.7915039
vt 0.57666016 0.78808594
vt 0.5839844 0.80029297
vt 0.5888672 0.7915039
vt 0.5839844 0.80029297
vt 0.59228516 0.79785156
vt 0.54296875 0.80126953
vt 0.5444336 0.7910156
vt 0.5419922 0.80029297
vt 0.54296875 0.73535156
vt 0.52246094 0.73583984
vt 0.5419922 0.74609375
vt 0.5107422 0.7392578
vt 0.52246094 0.73583984
vt 0.4987793 0.7397461
vt 0.52246094 0.73583984
vt 0.54296875 0.73535156
vt 0.5180664 0.72558594
vt 0.5961914 0.7294922
vt 0.61865234 0.72509766
vt 0.59472656 0.72314453
vt 0.5961914 0.7294922
vt 0.5859375 0.7495117
vt 0.5986328 0.73876953
vt 0.63720703 0.7314453
vt 0.66796875 0.7265625
vt 0.6386719 0.72216797
vt 0.66552734 0.7939453
vt 0.6699219 0.80029297
vt 0.67333984 0.7919922
vt 0.66503906 0.82470703
vt 0.67285156 0.81689453
vt 0.6586914 0.8178711
vt 0.61572266 0.8208008
vt 0.6191406 0.80908203
vt 0.6040039 0.8129883
vt 0.71191406 0.82128906
vt 0.7114258 0.7988281
vt 0.69677734 0.8251953
vt 0.71728516 0.81689453
vt 0.7114258 0.7988281
vt 0.71191406 0.82128906
vt 0.76171875 0.80078125
vt 0.75146484 0.7871094
vt 0.7114258 0.7988281
vt 0.69677734 0.8251953
vt 0.70458984 0.85302734
vt 0.71191406 0.82128906
vt 0.72802734 0.7426758
vt 0.7138672 0.74121094
vt 0.72753906 0.7470703
vt 0.7114258 0.7324219
vt 0.69921875 0.7319336
vt 0.7109375 0.7373047
vt 0.7138672 0.74121094
vt 0.7114258 0.7324219
vt 0.7109375 0.7373047
vt 0.76904297 0.7504883
vt 0.78222656 0.75927734
vt 0.7753906 0.74560547
vt 0.71191406 0.82128906
vt 0.7319336 0.8173828
vt 0.71728516 0.81689453
vt 0.79345703 0.7451172
vt 0.7885742 0.7573242
vt 0.80371094 0.7451172
vt 0.8066406 0.8120117
vt 0.7910156 0.7919922
vt 0.7939453 0.8183594
vt 0.5 0.8173828
vt 0.4963379 0.8496094
vt 0.5048828 0.8105469
vt 0.5839844 0.80029297
vt 0.5810547 0.84228516
vt 0.5942383 0.81689453
vt 0.5913086 0.75341797
vt 0.5859375 0.7495117
vt 0.58740234 0.7583008
vt 0.66552734 0.7939453
vt 0.65722656 0.79541016
vt 0.6699219 0.80029297
vt 0.5839844 0.84521484
vt 0.5942383 0.81689453
vt 0.5810547 0.84228516
vt 0.7583008 0.75390625
vt 0.75683594 0.7446289
vt 0.7573242 0.75097656
vt 0.6699219 0.80029297
vt 0.67285156 0.81689453
vt 0.67333984 0.7919922
vt 0.7993164 0.11029053
vt 0.8051758 0.10961914
vt 0.7939453 0.107299805
vt 0.5859375 0.7495117
vt 0.5776367 0.75439453
vt 0.58740234 0.7583008
vt 0.70996094 0.6298828
vt 0.703125 0.62646484
vt 0.7055664 0.6479492
vt 0.74121094 0.5673828
vt 0.7324219 0.56152344
vt 0.7060547 0.57128906
vt 0.68603516 0.56640625
vt 0.68896484 0.5708008
vt 0.7001953 0.56933594
vt 0.65283203 0.66503906
vt 0.6616211 0.6586914
vt 0.6386719 0.65966797
vt 0.6386719 0.65966797
vt 0.6269531 0.65722656
vt 0.63134766 0.6660156
vt 0.59716797 0.6567383
vt 0.5883789 0.66308594
vt 0.5996094 0.6640625
vt 0.5883789 0.66308594
vt 0.5800781 0.65771484
vt 0.56152344 0.6621094
vt 0.5776367 0.6533203
vt 0.5800781 0.65771484
vt 0.5830078 0.6513672
vt 0.57470703 0.64990234
vt 0.5776367 0.6533203
vt 0.5830078 0.6513672
vt 0.5214844 0.62939453
vt 0.52734375 0.6425781
vt 0.54345703 0.64208984
vt 0.5527344 0.64941406
vt 0.54345703 0.64208984
vt 0.55615234 0.64501953
vt 0.55566406 0.6826172
vt 0.56152344 0.6621094
vt 0.5366211 0.6772461
vt 0.47875977 0.62158203
vt 0.47045898 0.6220703
vt 0.46044922 0.64208984
vt 0.55615234 0.6225586
vt 0.56689453 0.62353516
vt 0.55810547 0.58496094
vt 0.5214844 0.62939453
vt 0.5185547 0.62109375
vt 0.5097656 0.62646484
vt 0.5253906 0.57470703
vt 0.5292969 0.56933594
vt 0.51708984 0.57177734
vt 0.5029297 0.5673828
vt 0.50146484 0.5595703
vt 0.4777832 0.56884766
vt 0.5083008 0.5834961
vt 0.51708984 0.57177734
vt 0.5029297 0.5673828
vt 0.65185547 0.5888672
vt 0.6425781 0.58447266
vt 0.63134766 0.5913086
vt 0.6567383 0.5576172
vt 0.6538086 0.56396484
vt 0.68603516 0.56640625
vt 0.63183594 0.56689453
vt 0.63378906 0.5698242
vt 0.6386719 0.5644531
vt 0.6303711 0.5830078
vt 0.63134766 0.5913086
vt 0.6425781 0.58447266
vt 0.6274414 0.5883789
vt 0.63134766 0.5913086
vt 0.6303711 0.5830078
vt 0.5854492 0.55908203
vt 0.58251953 0.5620117
vt 0.5913086 0.5620117
vt 0.5854492 0.55908203
vt 0.5913086 0.5620117
vt 0.6015625 0.5493164
vt 0.6015625 0.5493164
vt 0.5913086 0.5620117
vt 0.61279297 0.56640625
vt 0.68066406 0.5449219
vt 0.6748047 0.546875
vt 0.6899414 0.5546875
vt 0.6899414 0.5546875
vt 0.6958008 0.5498047
vt 0.68066406 0.5449219
vt 0.68603516 0.56640625
vt 0.6850586 0.5600586
vt 0.6567383 0.5576172
vt 0.65283203 0.55322266
vt 0.6567383 0.5576172
vt 0.65966797 0.5449219
vt 0.65966797 0.5449219
vt 0.6567383 0.5576172
vt 0.6748047 0.546875
vt 0.5830078 0.6513672
vt 0.59716797 0.6567383
vt 0.5888672 0.62939453
vt 0.5776367 0.6533203
vt 0.57470703 0.64990234
vt 0.56396484 0.6538086
vt 0.47045898 0.6220703
vt 0.47875977 0.62158203
vt 0.47216797 0.59472656
vt 0.6899414 0.5546875
vt 0.6850586 0.5600586
vt 0.6958008 0.5498047
vt 0.73583984 0.5522461
vt 0.7324219 0.56152344
vt 0.74121094 0.5673828
vt 0.6616211 0.6586914
vt 0.67333984 0.6713867
vt 0.68359375 0.6611328
vt 0.7285156 0.6875
vt 0.68066406 0.67285156
vt 0.6801758 0.69189453
vt 0.69970703 0.64941406
vt 0.70654297 0.65722656
vt 0.7055664 0.6479492
vt 0.69970703 0.64941406
vt 0.6899414 0.6489258
vt 0.68603516 0.6538086
vt 0.70654297 0.65722656
vt 0.7363281 0.6694336
vt 0.73291016 0.65625
vt 0.41967773 0.625
vt 0.42041016 0.63720703
vt 0.4416504 0.6323242
vt 0.30273438 0.6376953
vt 0.3173828 0.63378906
vt 0.30249023 0.6166992
vt 0.3227539 0.64746094
vt 0.3239746 0.6401367
vt 0.30273438 0.6376953
vt 0.3239746 0.6401367
vt 0.3173828 0.63378906
vt 0.30273438 0.6376953
vt 0.26391602 0.6513672
vt 0.265625 0.64697266
vt 0.2536621 0.63720703
vt 0.18457031 0.5732422
vt 0.16821289 0.5703125
vt 0.18920898 0.609375
vt 0.1986084 0.63427734
vt 0.18920898 0.609375
vt 0.16186523 0.6357422
vt 0.28564453 0.57958984
vt 0.26904297 0.5722656
vt 0.22058105 0.5722656
vt 0.103393555 0.6074219
vt 0.13415527 0.6088867
vt 0.09088135 0.57666016
vt 0.03567505 0.61865234
vt 0.045318604 0.6298828
vt 0.044677734 0.60546875
vt 0.0859375 0.55908203
vt 0.095458984 0.55371094
vt 0.08251953 0.54541016
vt 0.04638672 0.55615234
vt 0.050811768 0.5473633
vt 0.028839111 0.5517578
vt 0.14892578 0.53759766
vt 0.15063477 0.54296875
vt 0.16711426 0.546875
vt 0.27319336 0.5698242
vt 0.26904297 0.5722656
vt 0.28564453 0.57958984
vt 0.4255371 0.5600586
vt 0.42089844 0.56933594
vt 0.44140625 0.56640625
vt 0.43530273 0.5541992
vt 0.4255371 0.5600586
vt 0.44140625 0.56640625
vt 0.39819336 0.55029297
vt 0.39086914 0.54248047
vt 0.38452148 0.5576172
vt 0.7504883 0.55908203
vt 0.75634766 0.55615234
vt 0.7553711 0.54833984
vt 0.13244629 0.6533203
vt 0.1505127 0.6484375
vt 0.13122559 0.64453125
vt 0.045318604 0.6298828
vt 0.07293701 0.6352539
vt 0.10430908 0.6303711
vt 0.07293701 0.6352539
vt 0.078308105 0.6430664
vt 0.10430908 0.6303711
vt 0.15673828 0.5371094
vt 0.16882324 0.53125
vt 0.15393066 0.50683594
vt 0.32543945 0.53759766
vt 0.31713867 0.5415039
vt 0.34887695 0.54541016
vt 0.3647461 0.52978516
vt 0.3659668 0.54296875
vt 0.3930664 0.5332031
vt 0.38452148 0.5576172
vt 0.36450195 0.5571289
vt 0.37158203 0.5629883
vt 0.39086914 0.54248047
vt 0.36450195 0.5571289
vt 0.38452148 0.5576172
vt 0.34887695 0.54541016
vt 0.36450195 0.5571289
vt 0.3659668 0.54296875
vt 0.31469727 0.6484375
vt 0.3227539 0.64746094
vt 0.30273438 0.6376953
vt 0.26391602 0.6513672
vt 0.2536621 0.63720703
vt 0.23364258 0.6503906
vt 0.34472656 0.67529297
vt 0.3239746 0.6401367
vt 0.3227539 0.64746094
vt 0.30932617 0.6586914
vt 0.3173828 0.6777344
vt 0.31469727 0.6484375
vt 0.2746582 0.6557617
vt 0.26391602 0.6513672
vt 0.28076172 0.6777344
vt 0.0748291 0.65234375
vt 0.07043457 0.6430664
vt 0.06970215 0.6713867
vt 0.18005371 0.52734375
vt 0.1821289 0.53759766
vt 0.18554688 0.50683594
vt 0.25073242 0.5083008
vt 0.23937988 0.5366211
vt 0.27416992 0.54296875
vt 0.39941406 0.51464844
vt 0.3930664 0.5332031
vt 0.40039062 0.5419922
vt 0.30981445 0.5522461
vt 0.3474121 0.5727539
vt 0.36450195 0.5571289
vt 0.37158203 0.5629883
vt 0.42089844 0.5786133
vt 0.42089844 0.56933594
vt 0.37573242 0.6308594
vt 0.3701172 0.6386719
vt 0.38476562 0.6269531
vt 0.15673828 0.5371094
vt 0.14892578 0.53759766
vt 0.16711426 0.546875
vt 0.0748291 0.65234375
vt 0.10412598 0.6586914
vt 0.10449219 0.6430664
vt 0.81396484 0.2536621
vt 0.80078125 0.24951172
vt 0.8017578 0.2529297
vt 0.3474121 0.5727539
vt 0.37158203 0.5629883
vt 0.36450195 0.5571289
vt 0.16186523 0.6357422
vt 0.1505127 0.6484375
vt 0.15942383 0.64746094
vt 0.30981445 0.5522461
vt 0.31713867 0.5415039
vt 0.31054688 0.5410156
vt 0.31054688 0.5410156
vt 0.31713867 0.5415039
vt 0.3083496 0.5180664
vt 0.76660156 0.081848145
vt 0.7626953 0.07647705
vt 0.74658203 0.085510254
vt 0.64990234 0.01083374
vt 0.6435547 0.026138306
vt 0.6669922 0.029205322
vt 0.6669922 0.029205322
vt 0.66308594 0.019302368
vt 0.64990234 0.01083374
vt 0.66308594 0.019302368
vt 0.6669922 0.029205322
vt 0.6796875 0.022613525
vt 0.69384766 0.025543213
vt 0.69628906 0.033721924
vt 0.70947266 0.010810852
vt 0.6513672 0.051879883
vt 0.6435547 0.05419922
vt 0.65283203 0.06915283
vt 0.64990234 0.07507324
vt 0.65283203 0.06915283
vt 0.6435547 0.05419922
vt 0.6435547 0.05419922
vt 0.6513672 0.051879883
vt 0.62060547 0.048828125
vt 0.62353516 0.039855957
vt 0.62060547 0.048828125
vt 0.6328125 0.028823853
vt 0.60498047 0.047424316
vt 0.6098633 0.060455322
vt 0.62060547 0.048828125
vt 0.49414062 0.4104004
vt 0.49072266 0.40820312
vt 0.48657227 0.42138672
vt 0.66308594 0.019302368
vt 0.6582031 0.0061149597
vt 0.64990234 0.01083374
vt 0.74658203 0.0892334
vt 0.74658203 0.085510254
vt 0.7270508 0.08679199
vt 0.77685547 0.07598877
vt 0.76660156 0.081848145
vt 0.7841797 0.089782715
vt 0.5283203 0.9189453
vt 0.51904297 0.91503906
vt 0.52490234 0.9296875
vt 0.6621094 0.14050293
vt 0.65185547 0.1463623
vt 0.6850586 0.14550781
vt 0.4675293 0.9267578
vt 0.47265625 0.9238281
vt 0.46411133 0.9086914
vt 0.5498047 0.12585449
vt 0.54589844 0.13110352
vt 0.57177734 0.13208008
vt 0.46142578 0.92578125
vt 0.4675293 0.9267578
vt 0.46411133 0.9086914
vt 0.46142578 0.92578125
vt 0.46411133 0.9086914
vt 0.4416504 0.90185547
vt 0.5517578 0.062469482
vt 0.5527344 0.07196045
vt 0.56347656 0.061309814
vt 0.5415039 0.057861328
vt 0.5371094 0.05593872
vt 0.53222656 0.06347656
vt 0.43188477 0.08135986
vt 0.4440918 0.07525635
vt 0.42822266 0.0670166
vt 0.4753418 0.061462402
vt 0.4819336 0.061950684
vt 0.46972656 0.03741455
vt 0.44458008 0.16638184
vt 0.45458984 0.1348877
vt 0.42529297 0.13623047
vt 0.34814453 0.078552246
vt 0.34985352 0.085510254
vt 0.35839844 0.08203125
vt 0.3178711 0.0637207
vt 0.31518555 0.07043457
vt 0.34814453 0.078552246
vt 0.9926758 0.46069336
vt 0.98779297 0.44873047
vt 0.9770508 0.46435547
vt 0.8803711 0.46069336
vt 0.87353516 0.46826172
vt 0.8701172 0.5048828
vt 0.25341797 0.07556152
vt 0.26123047 0.06329346
vt 0.2475586 0.0725708
vt 0.2265625 0.028625488
vt 0.21557617 0.05593872
vt 0.22595215 0.059448242
vt 0.22497559 0.06286621
vt 0.21557617 0.05593872
vt 0.19104004 0.05758667
vt 0.25341797 0.07556152
vt 0.2475586 0.0725708
vt 0.25 0.08166504
vt 0.2388916 0.09020996
vt 0.23583984 0.08282471
vt 0.234375 0.119018555
vt 0.18603516 0.058135986
vt 0.19104004 0.05758667
vt 0.18566895 0.048828125
vt 0.18566895 0.048828125
vt 0.18933105 0.018356323
vt 0.14978027 0.04559326
vt 0.18103027 0.14074707
vt 0.18603516 0.15136719
vt 0.18933105 0.12536621
vt 0.1685791 0.15490723
vt 0.16149902 0.14538574
vt 0.14294434 0.14868164
vt 0.18603516 0.15136719
vt 0.18103027 0.14074707
vt 0.16149902 0.14538574
vt 0.090026855 0.15661621
vt 0.09790039 0.1550293
vt 0.093566895 0.14453125
vt 0.117614746 0.15844727
vt 0.10827637 0.16503906
vt 0.12512207 0.16955566
vt 0.117614746 0.15844727
vt 0.12512207 0.16955566
vt 0.14453125 0.17834473
vt 0.12512207 0.16955566
vt 0.12902832 0.18383789
vt 0.14453125 0.17834473
vt 0.24804688 0.17077637
vt 0.25195312 0.17102051
vt 0.25708008 0.14135742
vt 0.19812012 0.14941406
vt 0.18603516 0.15136719
vt 0.19384766 0.15783691
vt 0.53222656 0.06347656
vt 0.5371094 0.05593872
vt 0.5102539 0.060455322
vt 0.31030273 0.034973145
vt 0.26123047 0.06329346
vt 0.3178711 0.0637207
vt 0.77441406 0.06915283
vt 0.7753906 0.059051514
vt 0.75634766 0.06518555
vt 0.7626953 0.07647705
vt 0.75 0.07305908
vt 0.74658203 0.085510254
vt 0.7397461 0.06878662
vt 0.74072266 0.06112671
vt 0.74072266 0.051727295
vt 0.66796875 0.04034424
vt 0.68066406 0.0501709
vt 0.7011719 0.041168213
vt 0.76953125 0.1182251
vt 0.78027344 0.11126709
vt 0.7841797 0.089782715
vt 0.54589844 0.04638672
vt 0.5498047 0.053131104
vt 0.54296875 0.027130127
vt 0.47998047 0.8901367
vt 0.47753906 0.8984375
vt 0.48217773 0.9165039
vt 0.61816406 0.113708496
vt 0.62353516 0.115478516
vt 0.61035156 0.07788086
vt 0.5336914 0.9609375
vt 0.53027344 0.96240234
vt 0.53027344 0.97021484
vt 0.47143555 0.96972656
vt 0.47265625 0.9770508
vt 0.50439453 0.9736328
vt 0.43188477 0.08135986
vt 0.42822266 0.0670166
vt 0.40527344 0.07513428
vt 0.5078125 0.0340271
vt 0.5419922 0.043395996
vt 0.5395508 0.027420044
vt 0.40307617 0.061309814
vt 0.40405273 0.033111572
vt 0.37426758 0.06402588
vt 0.94921875 0.4350586
vt 0.9355469 0.43579102
vt 0.93310547 0.45581055
vt 0.95703125 0.5288086
vt 0.92871094 0.50439453
vt 0.89404297 0.5366211
vt 0.3059082 0.075805664
vt 0.31518555 0.07043457
vt 0.25341797 0.07556152
vt 0.09613037 0.049072266
vt 0.10418701 0.056243896
vt 0.117370605 0.04269409
vt 0.085632324 0.06890869
vt 0.080566406 0.074645996
vt 0.13806152 0.07458496
vt 0.071899414 0.068237305
vt 0.066345215 0.07116699
vt 0.080566406 0.074645996
vt 0.08013916 0.17626953
vt 0.090026855 0.15661621
vt 0.093566895 0.14453125
vt 0.31396484 0.14257812
vt 0.3256836 0.1685791
vt 0.36791992 0.13598633
vt 0.71533203 0.08618164
vt 0.7270508 0.08679199
vt 0.7397461 0.06878662
vt 0.68066406 0.0501709
vt 0.66796875 0.04034424
vt 0.6513672 0.051879883
vt 0.47143555 0.96972656
vt 0.46533203 0.96533203
vt 0.47265625 0.9770508
vt 0.4819336 0.061950684
vt 0.4753418 0.061462402
vt 0.47509766 0.07287598
vt 0.23583984 0.08282471
vt 0.2475586 0.0725708
vt 0.22497559 0.06286621
vt 0.14453125 0.17834473
vt 0.14294434 0.14868164
vt 0.117614746 0.15844727
vt 0.5332031 0.06976318
vt 0.5527344 0.07196045
vt 0.5517578 0.062469482
vt 0.53222656 0.06347656
vt 0.5102539 0.060455322
vt 0.5332031 0.06976318
vt 0.5332031 0.06976318
vt 0.5102539 0.060455322
vt 0.5102539 0.07122803
vt 0.796875 0.1550293
vt 0.80371094 0.1439209
vt 0.79345703 0.1538086
vt 0.8261719 0.14855957
vt 0.8125 0.14257812
vt 0.8256836 0.15014648
vt 0.22595215 0.059448242
vt 0.21557617 0.05593872
vt 0.22497559 0.06286621
vt 0.7011719 0.041168213
vt 0.70947266 0.010810852
vt 0.69628906 0.033721924
vt 0.6586914 0.11730957
vt 0.6694336 0.0871582
vt 0.6508789 0.08502197
vt 0.5097656 0.13098145
vt 0.5136719 0.12670898
vt 0.49316406 0.12445068
vt 0.50439453 0.9736328
vt 0.4987793 0.9916992
vt 0.50878906 0.9970703
vt 0.7314453 0.13806152
vt 0.71191406 0.1274414
vt 0.7060547 0.13903809
vt 0.034606934 0.91064453
vt 0.0362854 0.890625
vt 0.031173706 0.88671875
vt 0.09307861 0.91748047
vt 0.0947876 0.8964844
vt 0.089416504 0.8925781
vt 0.88427734 0.8691406
vt 0.88720703 0.85302734
vt 0.8833008 0.8496094
vt 0.4284668 0.8833008
vt 0.42700195 0.8676758
vt 0.42236328 0.8652344
vt 0.53466797 0.7138672
vt 0.54296875 0.6928711
vt 0.53759766 0.6953125
vt 0.026947021 0.3708496
vt 0.03390503 0.35424805
vt 0.068481445 0.3696289
vt 0.06939697 0.3798828
vt 0.08892822 0.37817383
vt 0.088256836 0.36645508
vt 0.10760498 0.3659668
vt 0.14074707 0.38500977
vt 0.37524414 0.41674805
vt 0.3864746 0.4091797
vt 0.42089844 0.40771484
vt 0.41235352 0.4321289
vt 0.76416016 0.40307617
vt 0.75146484 0.39941406
vt 0.7578125 0.39160156
vt 0.7758789 0.39624023
vt 0.75146484 0.39941406
vt 0.74121094 0.3947754
vt 0.7421875 0.38720703
vt 0.7578125 0.39160156
vt 0.25268555 0.39501953
vt 0.24108887 0.4033203
vt 0.23815918 0.39575195
vt 0.25048828 0.38549805
vt 0.07495117 0.37695312
vt 0.076293945 0.36694336
vt 0.083618164 0.37329102
vt 0.0836792 0.38378906
vt 0.89208984 0.6611328
vt 0.93652344 0.65527344
vt 0.9213867 0.6333008
vt 0.8823242 0.64501953
vt 0.7758789 0.39624023
vt 0.77783203 0.40307617
vt 0.7680664 0.40844727
vt 0.76416016 0.40307617
vt 0.6723633 0.40722656
vt 0.65625 0.40551758
vt 0.65478516 0.3930664
vt 0.6826172 0.39038086
vt 0.65625 0.40551758
vt 0.65234375 0.4086914
vt 0.6513672 0.39868164
vt 0.65478516 0.3930664
vt 0.6723633 0.24597168
vt 0.6826172 0.2290039
vt 0.65478516 0.23168945
vt 0.6557617 0.2442627
vt 0.6557617 0.2442627
vt 0.65478516 0.23168945
vt 0.6513672 0.23742676
vt 0.65234375 0.24743652
vt 0.9355469 0.033569336
vt 0.9423828 0.01209259
vt 0.9472656 0.032562256
vt 0.93847656 0.06732178
vt 0.9501953 0.08111572
vt 0.85791016 0.29125977
vt 0.8286133 0.29467773
vt 0.8515625 0.27954102
vt 0.85839844 0.29882812
vt 0.83154297 0.32226562
vt 0.93847656 0.06732178
vt 0.92089844 0.072631836
vt 0.91796875 0.035827637
vt 0.9355469 0.033569336
vt 0.92089844 0.072631836
vt 0.8964844 0.03366089
vt 0.91796875 0.035827637
vt 0.8935547 0.099243164
vt 0.9277344 0.07904053
vt 0.93066406 0.14746094
vt 0.9277344 0.07904053
vt 0.92089844 0.072631836
vt 0.93847656 0.06732178
vt 0.9428711 0.076049805
vt 0.890625 0.40844727
vt 0.9082031 0.40698242
vt 0.9057617 0.41918945
vt 0.88916016 0.41918945
vt 0.94677734 0.13244629
vt 0.93066406 0.14746094
vt 0.9277344 0.07904053
vt 0.9428711 0.076049805
vt 0.93066406 0.14746094
vt 0.9511719 0.14660645
vt 0.9477539 0.16186523
vt 0.9267578 0.1640625
vt 0.8935547 0.099243164
vt 0.88720703 0.10522461
vt 0.890625 0.033599854
vt 0.8964844 0.03366089
vt 0.95214844 0.19421387
vt 0.9296875 0.1986084
vt 0.9267578 0.1640625
vt 0.9477539 0.16186523
vt 0.9614258 0.18249512
vt 0.95214844 0.19421387
vt 0.9477539 0.16186523
vt 0.95996094 0.15722656
vt 0.9506836 0.24768066
vt 0.9272461 0.25756836
vt 0.9296875 0.1986084
vt 0.95214844 0.19421387
vt 0.8901367 0.22827148
vt 0.9272461 0.25756836
vt 0.89208984 0.2631836
vt 0.9296875 0.1986084
vt 0.8955078 0.16479492
vt 0.9267578 0.1640625
vt 0.93066406 0.14746094
vt 0.8935547 0.099243164
vt 0.88964844 0.27905273
vt 0.9277344 0.31103516
vt 0.88720703 0.32592773
vt 0.8984375 0.3540039
vt 0.8925781 0.3486328
vt 0.9277344 0.31103516
vt 0.9272461 0.25756836
vt 0.953125 0.28344727
vt 0.9526367 0.31152344
vt 0.94970703 0.33935547
vt 0.9272461 0.34106445
vt 0.8676758 0.23095703
vt 0.8901367 0.22827148
vt 0.89208984 0.2631836
vt 0.87109375 0.26635742
vt 0.88964844 0.27905273
vt 0.8671875 0.28076172
vt 0.87109375 0.26635742
vt 0.89208984 0.2631836
vt 0.8901367 0.22827148
vt 0.8676758 0.23095703
vt 0.87158203 0.18066406
vt 0.8886719 0.18115234
vt 0.8671875 0.28076172
vt 0.88964844 0.27905273
vt 0.88720703 0.32592773
vt 0.87109375 0.328125
vt 0.88720703 0.32592773
vt 0.8925781 0.3486328
vt 0.87597656 0.35009766
vt 0.87109375 0.328125
vt 0.88134766 0.35913086
vt 0.87597656 0.35009766
vt 0.8925781 0.3486328
vt 0.8984375 0.3540039
vt 0.88134766 0.35913086
vt 0.8984375 0.3540039
vt 0.8979492 0.39672852
vt 0.87939453 0.39770508
vt 0.8984375 0.3540039
vt 0.9272461 0.34106445
vt 0.9272461 0.39794922
vt 0.8979492 0.39672852
vt 0.7763672 0.23400879
vt 0.7944336 0.23510742
vt 0.7895508 0.24414062
vt 0.7729492 0.24206543
vt 0.87597656 0.35009766
vt 0.86816406 0.3630371
vt 0.86621094 0.32983398
vt 0.87109375 0.328125
vt 0.88134766 0.35913086
vt 0.87939453 0.39770508
vt 0.87060547 0.3935547
vt 0.86816406 0.3630371
vt 0.77685547 0.2290039
vt 0.7949219 0.2253418
vt 0.7944336 0.23510742
vt 0.7763672 0.23400879
vt 0.86376953 0.296875
vt 0.8671875 0.28076172
vt 0.87109375 0.328125
vt 0.86621094 0.32983398
vt 0.85791016 0.2421875
vt 0.8676758 0.23095703
vt 0.87109375 0.26635742
vt 0.8574219 0.26660156
vt 0.88623047 0.17712402
vt 0.8886719 0.18115234
vt 0.87158203 0.18066406
vt 0.86865234 0.17810059
vt 0.8955078 0.16479492
vt 0.88623047 0.17712402
vt 0.88720703 0.10522461
vt 0.8935547 0.099243164
vt 0.88134766 0.033966064
vt 0.8769531 0.08203125
vt 0.87109375 0.06964111
vt 0.8720703 0.029678345
vt 0.8720703 0.029678345
vt 0.87109375 0.06964111
vt 0.86376953 0.056518555
vt 0.86621094 0.020401001
vt 0.8564453 0.06384277
vt 0.87109375 0.08892822
vt 0.8574219 0.08795166
vt 0.84716797 0.06188965
vt 0.9838867 0.070251465
vt 0.9501953 0.08111572
vt 0.9472656 0.032562256
vt 0.9785156 0.022369385
vt 0.953125 0.12597656
vt 0.94677734 0.13244629
vt 0.9428711 0.076049805
vt 0.9501953 0.08111572
vt 0.9609375 0.13476562
vt 0.9711914 0.13952637
vt 0.9667969 0.14648438
vt 0.95996094 0.15722656
vt 0.49926758 0.24267578
vt 0.50634766 0.26489258
vt 0.4987793 0.2644043
vt 0.4892578 0.24633789
vt 0.5180664 0.26245117
vt 0.52490234 0.26586914
vt 0.5078125 0.2709961
vt 0.50634766 0.26489258
vt 0.99072266 0.16687012
vt 0.9692383 0.17333984
vt 0.96972656 0.16015625
vt 0.99072266 0.16015625
vt 0.52490234 0.26586914
vt 0.5180664 0.26245117
vt 0.51953125 0.24230957
vt 0.5307617 0.24414062
vt 0.50634766 0.26489258
vt 0.49926758 0.24267578
vt 0.51953125 0.24230957
vt 0.5180664 0.26245117
vt 0.9873047 0.26391602
vt 0.9604492 0.26586914
vt 0.96533203 0.21325684
vt 0.9941406 0.21459961
vt 0.9863281 0.27905273
vt 0.96484375 0.2854004
vt 0.9604492 0.26586914
vt 0.9873047 0.26391602
vt 0.9658203 0.2939453
vt 0.98876953 0.2836914
vt 0.9921875 0.30566406
vt 0.9716797 0.3112793
vt 0.99365234 0.33789062
vt 0.9770508 0.3388672
vt 0.9658203 0.2939453
vt 0.9628906 0.31274414
vt 0.9526367 0.31152344
vt 0.953125 0.28344727
vt 0.94970703 0.33935547
vt 0.9526367 0.31152344
vt 0.9628906 0.31274414
vt 0.96240234 0.3388672
vt 0.9716797 0.36743164
vt 0.9770508 0.3388672
vt 0.99365234 0.33789062
vt 0.99072266 0.37182617
vt 0.96240234 0.3388672
vt 0.9716797 0.36743164
vt 0.96240234 0.3642578
vt 0.94970703 0.33935547
vt 0.9633789 0.37182617
vt 0.9555664 0.3696289
vt 0.96240234 0.3642578
vt 0.9716797 0.36743164
vt 0.9633789 0.37182617
vt 0.96240234 0.4025879
vt 0.9511719 0.39672852
vt 0.9555664 0.3696289
vt 0.9511719 0.39672852
vt 0.96240234 0.4025879
vt 0.9433594 0.41552734
vt 0.9399414 0.40625
vt 0.96240234 0.4025879
vt 0.9868164 0.40576172
vt 0.9760742 0.4350586
vt 0.9433594 0.41552734
vt 0.83984375 0.40356445
vt 0.87060547 0.3935547
vt 0.8754883 0.41479492
vt 0.84375 0.41918945
vt 0.83447266 0.36645508
vt 0.86621094 0.32983398
vt 0.86816406 0.3630371
vt 0.83154297 0.32226562
vt 0.85839844 0.29882812
vt 0.86376953 0.296875
vt 0.8574219 0.26660156
vt 0.85791016 0.29125977
vt 0.8515625 0.27954102
vt 0.84765625 0.26879883
vt 0.55859375 0.41723633
vt 0.5576172 0.4230957
vt 0.5410156 0.40234375
vt 0.54785156 0.3984375
vt 0.5751953 0.4177246
vt 0.56884766 0.41601562
vt 0.5722656 0.3955078
vt 0.58154297 0.39770508
vt 0.56884766 0.41601562
vt 0.5751953 0.4177246
vt 0.5576172 0.4230957
vt 0.55859375 0.41723633
vt 0.55859375 0.41723633
vt 0.54785156 0.3984375
vt 0.5722656 0.3955078
vt 0.56884766 0.41601562
vt 0.8598633 0.17700195
vt 0.82714844 0.20080566
vt 0.83496094 0.14465332
vt 0.8569336 0.1418457
vt 0.86035156 0.10443115
vt 0.87109375 0.08892822
vt 0.86816406 0.14208984
vt 0.8574219 0.13537598
vt 0.8574219 0.13537598
vt 0.83496094 0.14465332
vt 0.8330078 0.1328125
vt 0.85302734 0.1274414
vt 0.85302734 0.1274414
vt 0.8330078 0.1328125
vt 0.82714844 0.08850098
vt 0.84472656 0.089416504
vt 0.84716797 0.06188965
vt 0.85546875 0.054504395
vt 0.86376953 0.056518555
vt 0.8564453 0.06384277
vt 0.82714844 0.08850098
vt 0.82910156 0.056396484
vt 0.84716797 0.06188965
vt 0.84472656 0.089416504
vt 0.86621094 0.020401001
vt 0.86376953 0.056518555
vt 0.85546875 0.054504395
vt 0.8569336 0.024902344
vt 0.8569336 0.024902344
vt 0.8305664 0.021820068
vt 0.8408203 0.0039901733
vt 0.86621094 0.020401001
vt 0.7949219 0.2253418
vt 0.77685547 0.2290039
vt 0.7758789 0.20861816
vt 0.7949219 0.20715332
vt 0.90234375 0.4284668
vt 0.88916016 0.42456055
vt 0.88916016 0.41918945
vt 0.9057617 0.41918945
vt 0.95996094 0.15722656
vt 0.9477539 0.16186523
vt 0.9511719 0.14660645
vt 0.9609375 0.13476562
vt 0.96533203 0.21325684
vt 0.9604492 0.26586914
vt 0.9506836 0.24768066
vt 0.95214844 0.19421387
vt 0.86816406 0.14208984
vt 0.86865234 0.17810059
vt 0.8598633 0.17700195
vt 0.8569336 0.1418457
vt 0.9897461 0.13122559
vt 0.9609375 0.13476562
vt 0.9604492 0.12695312
vt 0.9863281 0.10473633
vt 0.9941406 0.21459961
vt 0.96533203 0.21325684
vt 0.96533203 0.18383789
vt 0.99072266 0.16687012
vt 0.9633789 0.37182617
vt 0.99072266 0.37182617
vt 0.9868164 0.40576172
vt 0.96240234 0.4025879
vt 0.8276367 0.25634766
vt 0.85791016 0.2421875
vt 0.8574219 0.26660156
vt 0.8276367 0.26416016
vt 0.82714844 0.20080566
vt 0.85498047 0.2109375
vt 0.85791016 0.2421875
vt 0.8276367 0.25634766
vt 0.8305664 0.021820068
vt 0.8569336 0.024902344
vt 0.85546875 0.054504395
vt 0.82910156 0.056396484
vt 0.88623047 0.17712402
vt 0.86865234 0.17810059
vt 0.86816406 0.14208984
vt 0.88720703 0.10522461
vt 0.9511719 0.39672852
vt 0.9272461 0.39794922
vt 0.9272461 0.34106445
vt 0.94970703 0.33935547
vt 0.86035156 0.10443115
vt 0.85302734 0.1274414
vt 0.84472656 0.089416504
vt 0.8574219 0.08795166
vt 0.953125 0.28344727
vt 0.9506836 0.24768066
vt 0.9604492 0.26586914
vt 0.96484375 0.2854004
vt 0.8574219 0.26660156
vt 0.87109375 0.26635742
vt 0.8671875 0.28076172
vt 0.85791016 0.29125977
vt 0.8676758 0.23095703
vt 0.85791016 0.2421875
vt 0.85498047 0.2109375
vt 0.8598633 0.17700195
vt 0.87158203 0.18066406
vt 0.8676758 0.23095703
vt 0.8598633 0.17700195
vt 0.86865234 0.17810059
vt 0.95996094 0.15722656
vt 0.9667969 0.14648438
vt 0.96972656 0.16015625
vt 0.9614258 0.18249512
vt 0.9614258 0.18249512
vt 0.96972656 0.16015625
vt 0.9692383 0.17333984
vt 0.96533203 0.18383789
vt 0.9501953 0.08111572
vt 0.9838867 0.070251465
vt 0.9863281 0.10473633
vt 0.953125 0.12597656
vt 0.96240234 0.3388672
vt 0.9628906 0.31274414
vt 0.9716797 0.3112793
vt 0.9770508 0.3388672
vt 0.96484375 0.2854004
vt 0.9863281 0.27905273
vt 0.98876953 0.2836914
vt 0.9658203 0.2939453
vt 0.6123047 0.45458984
vt 0.61328125 0.46484375
vt 0.6074219 0.4555664
vt 0.6074219 0.4494629
vt 0.45507812 0.45336914
vt 0.44799805 0.43701172
vt 0.47705078 0.4350586
vt 0.48266602 0.44995117
vt 0.37695312 0.38061523
vt 0.4074707 0.39257812
vt 0.36035156 0.39819336
vt 0.3503418 0.39453125
vt 0.32055664 0.37890625
vt 0.44799805 0.43701172
vt 0.43432617 0.43554688
vt 0.43408203 0.39941406
vt 0.44604492 0.3935547
vt 0.78515625 0.37768555
vt 0.77734375 0.38598633
vt 0.74316406 0.3779297
vt 0.734375 0.36499023
vt 0.67041016 0.36450195
vt 0.6694336 0.35351562
vt 0.69873047 0.35864258
vt 0.7036133 0.36621094
vt 0.6694336 0.35351562
vt 0.67041016 0.36450195
vt 0.64746094 0.3642578
vt 0.6464844 0.34985352
vt 0.6826172 0.34716797
vt 0.69628906 0.35058594
vt 0.69873047 0.35864258
vt 0.6694336 0.35351562
vt 0.6357422 0.35229492
vt 0.6464844 0.34985352
vt 0.64746094 0.3642578
vt 0.6230469 0.37182617
vt 0.61621094 0.36083984
vt 0.6269531 0.3630371
vt 0.6230469 0.37182617
vt 0.6074219 0.3701172
vt 0.62158203 0.3557129
vt 0.62890625 0.359375
vt 0.6269531 0.3630371
vt 0.61621094 0.36083984
vt 0.65625 0.40551758
vt 0.6723633 0.40722656
vt 0.67089844 0.41137695
vt 0.65234375 0.4086914
vt 0.7128906 0.41577148
vt 0.67089844 0.41137695
vt 0.6723633 0.40722656
vt 0.7167969 0.4116211
vt 0.7285156 0.41235352
vt 0.73095703 0.4375
vt 0.7182617 0.43847656
vt 0.7167969 0.4116211
vt 0.73095703 0.4375
vt 0.7285156 0.41235352
vt 0.7475586 0.41552734
vt 0.7451172 0.44384766
vt 0.7475586 0.41552734
vt 0.7475586 0.4116211
vt 0.7680664 0.40844727
vt 0.78515625 0.4169922
vt 0.7705078 0.46142578
vt 0.76953125 0.44482422
vt 0.78027344 0.43823242
vt 0.7836914 0.46044922
vt 0.7441406 0.45507812
vt 0.7451172 0.44384766
vt 0.76953125 0.44482422
vt 0.7705078 0.46142578
vt 0.7451172 0.44384766
vt 0.7441406 0.45507812
vt 0.7338867 0.44799805
vt 0.73095703 0.4375
vt 0.71777344 0.44628906
vt 0.7182617 0.43847656
vt 0.73095703 0.4375
vt 0.7338867 0.44799805
vt 0.73095703 0.4638672
vt 0.7441406 0.45507812
vt 0.7504883 0.46533203
vt 0.7338867 0.44799805
vt 0.71240234 0.45263672
vt 0.71777344 0.44628906
vt 0.7705078 0.46142578
vt 0.7709961 0.46484375
vt 0.7504883 0.46533203
vt 0.7441406 0.45507812
vt 0.75 0.5053711
vt 0.7504883 0.46533203
vt 0.7709961 0.46484375
vt 0.7758789 0.50390625
vt 0.72998047 0.5058594
vt 0.73095703 0.4638672
vt 0.7504883 0.46533203
vt 0.75 0.5053711
vt 0.73095703 0.4638672
vt 0.72998047 0.5058594
vt 0.70166016 0.5029297
vt 0.7060547 0.46411133
vt 0.71435547 0.44067383
vt 0.7182617 0.43847656
vt 0.71777344 0.44628906
vt 0.71240234 0.45263672
vt 0.7182617 0.43847656
vt 0.71435547 0.44067383
vt 0.7128906 0.41577148
vt 0.7167969 0.4116211
vt 0.6074219 0.3701172
vt 0.5678711 0.37475586
vt 0.5703125 0.36669922
vt 0.6015625 0.36108398
vt 0.5522461 0.37426758
vt 0.5678711 0.37475586
vt 0.5654297 0.3828125
vt 0.5541992 0.38378906
vt 0.6123047 0.45458984
vt 0.6074219 0.4494629
vt 0.6191406 0.43652344
vt 0.62402344 0.43847656
vt 0.6503906 0.5004883
vt 0.65185547 0.4699707
vt 0.6845703 0.4699707
vt 0.6904297 0.5004883
vt 0.6503906 0.5004883
vt 0.6098633 0.49487305
vt 0.61328125 0.46484375
vt 0.65185547 0.4699707
vt 0.58740234 0.46264648
vt 0.61328125 0.46484375
vt 0.6098633 0.49487305
vt 0.5786133 0.48876953
vt 0.58740234 0.46264648
vt 0.58154297 0.45703125
vt 0.6074219 0.4555664
vt 0.61328125 0.46484375
vt 0.57421875 0.48632812
vt 0.58154297 0.45703125
vt 0.58740234 0.46264648
vt 0.5786133 0.48876953
vt 0.03729248 0.94091797
vt 0.0121154785 0.9423828
vt 0.008018494 0.92578125
vt 0.034942627 0.91796875
vt 0.074645996 0.95214844
vt 0.06951904 0.9892578
vt 0.064331055 0.9916992
vt 0.0690918 0.9472656
vt 0.54589844 0.44384766
vt 0.5517578 0.4399414
vt 0.55078125 0.44702148
vt 0.5463867 0.4519043
vt 0.44433594 0.48461914
vt 0.45507812 0.45336914
vt 0.48266602 0.44995117
vt 0.50439453 0.48608398
vt 0.13476562 0.9428711
vt 0.13952637 0.92626953
vt 0.16113281 0.9355469
vt 0.15441895 0.9511719
vt 0.11413574 0.9238281
vt 0.13952637 0.92626953
vt 0.13476562 0.9428711
vt 0.11444092 0.94140625
vt 0.074645996 0.95214844
vt 0.07446289 0.93408203
vt 0.080078125 0.93066406
vt 0.08148193 0.94873047
vt 0.07525635 0.99072266
vt 0.06951904 0.9892578
vt 0.074645996 0.95214844
vt 0.08148193 0.94873047
vt 0.15441895 0.9511719
vt 0.17797852 0.9555664
vt 0.17810059 0.9892578
vt 0.1538086 0.99121094
vt 0.5439453 0.37890625
vt 0.54833984 0.36743164
vt 0.5522461 0.37426758
vt 0.5541992 0.38378906
vt 0.54833984 0.36743164
vt 0.5439453 0.37890625
vt 0.5395508 0.37670898
vt 0.5444336 0.36450195
vt 0.4777832 0.38061523
vt 0.47705078 0.39208984
vt 0.44604492 0.3935547
vt 0.43066406 0.38500977
vt 0.43432617 0.43554688
vt 0.44799805 0.43701172
vt 0.45507812 0.45336914
vt 0.42578125 0.45410156
vt 0.40600586 0.44506836
vt 0.43432617 0.43554688
vt 0.42578125 0.45410156
vt 0.3942871 0.4572754
vt 0.39257812 0.48754883
vt 0.3942871 0.4572754
vt 0.42578125 0.45410156
vt 0.44433594 0.48461914
vt 0.9736328 0.76416016
vt 0.9633789 0.7763672
vt 0.92626953 0.77734375
vt 0.91064453 0.7607422
vt 0.92626953 0.77734375
vt 0.9633789 0.7763672
vt 0.9692383 0.8105469
vt 0.9169922 0.81689453
vt 0.9604492 0.8491211
vt 0.9223633 0.8535156
vt 0.9633789 0.7763672
vt 0.9736328 0.76416016
vt 0.9970703 0.80566406
vt 0.9692383 0.8105469
vt 0.9741211 0.86816406
vt 0.9604492 0.8491211
vt 0.9692383 0.8105469
vt 0.9970703 0.80566406
vt 0.91015625 0.8642578
vt 0.9223633 0.8535156
vt 0.9604492 0.8491211
vt 0.9741211 0.86816406
vt 0.35205078 0.4013672
vt 0.36035156 0.39819336
vt 0.3618164 0.43847656
vt 0.35205078 0.44335938
vt 0.36865234 0.45239258
vt 0.89404297 0.6958008
vt 0.89208984 0.6611328
vt 0.87646484 0.6567383
vt 0.87597656 0.71240234
vt 0.89404297 0.6958008
vt 0.87597656 0.71240234
vt 0.9086914 0.7270508
vt 0.9379883 0.70410156
vt 0.23583984 0.43188477
vt 0.1907959 0.43701172
vt 0.1899414 0.3930664
vt 0.23815918 0.39575195
vt 0.1772461 0.43164062
vt 0.18115234 0.3894043
vt 0.1899414 0.3930664
vt 0.1907959 0.43701172
vt 0.21398926 0.3630371
vt 0.21875 0.3684082
vt 0.19421387 0.36938477
vt 0.18908691 0.3605957
vt 0.15344238 0.3564453
vt 0.18908691 0.3605957
vt 0.18920898 0.36987305
vt 0.15002441 0.36157227
vt 0.15344238 0.3564453
vt 0.15002441 0.36157227
vt 0.14196777 0.36108398
vt 0.12109375 0.3527832
vt 0.13793945 0.42456055
vt 0.14575195 0.38378906
vt 0.18115234 0.3894043
vt 0.1772461 0.43164062
vt 0.13793945 0.42456055
vt 0.12890625 0.42407227
vt 0.14074707 0.38500977
vt 0.14575195 0.38378906
vt 0.099731445 0.35864258
vt 0.10760498 0.3659668
vt 0.088256836 0.36645508
vt 0.074035645 0.3564453
vt 0.088256836 0.36645508
vt 0.083618164 0.37329102
vt 0.076293945 0.36694336
vt 0.074035645 0.3564453
vt 0.074035645 0.3564453
vt 0.076293945 0.36694336
vt 0.068481445 0.3696289
vt 0.03390503 0.35424805
vt 0.23583984 0.43188477
vt 0.24145508 0.44628906
vt 0.19873047 0.45483398
vt 0.1907959 0.43701172
vt 0.19873047 0.45483398
vt 0.19885254 0.46118164
vt 0.18676758 0.46289062
vt 0.1907959 0.43701172
vt 0.1772461 0.43164062
vt 0.1907959 0.43701172
vt 0.1821289 0.45214844
vt 0.16247559 0.45629883
vt 0.16247559 0.45629883
vt 0.13769531 0.44506836
vt 0.13793945 0.42456055
vt 0.1772461 0.43164062
vt 0.13769531 0.44506836
vt 0.12890625 0.42407227
vt 0.13793945 0.42456055
vt 0.12976074 0.4465332
vt 0.12890625 0.42407227
vt 0.08703613 0.44433594
vt 0.07757568 0.4230957
vt 0.14379883 0.45922852
vt 0.12976074 0.4465332
vt 0.13769531 0.44506836
vt 0.16247559 0.45629883
vt 0.18676758 0.46289062
vt 0.17626953 0.46875
vt 0.16931152 0.46606445
vt 0.16247559 0.45629883
vt 0.09472656 0.45385742
vt 0.08703613 0.44433594
vt 0.12976074 0.4465332
vt 0.14379883 0.45922852
vt 0.08703613 0.44433594
vt 0.09472656 0.45385742
vt 0.060577393 0.45117188
vt 0.041809082 0.43774414
vt 0.019500732 0.43969727
vt 0.0107803345 0.42529297
vt 0.041809082 0.43774414
vt 0.060577393 0.45117188
vt 0.019500732 0.43969727
vt 0.060577393 0.45117188
vt 0.05355835 0.48217773
vt 0.0045814514 0.4650879
vt 0.041809082 0.43774414
vt 0.04525757 0.41992188
vt 0.07757568 0.4230957
vt 0.08703613 0.44433594
vt 0.02394104 0.40820312
vt 0.04525757 0.41992188
vt 0.041809082 0.43774414
vt 0.0107803345 0.42529297
vt 0.06707764 0.40356445
vt 0.07757568 0.4230957
vt 0.04525757 0.41992188
vt 0.02394104 0.40820312
vt 0.026947021 0.3708496
vt 0.06707764 0.40356445
vt 0.06939697 0.3798828
vt 0.0836792 0.38378906
vt 0.07757568 0.4230957
vt 0.09088135 0.46557617
vt 0.10888672 0.47460938
vt 0.105041504 0.49267578
vt 0.08050537 0.48510742
vt 0.09875488 0.46435547
vt 0.11834717 0.46826172
vt 0.10888672 0.47460938
vt 0.09088135 0.46557617
vt 0.105041504 0.49267578
vt 0.10888672 0.47460938
vt 0.12561035 0.4794922
vt 0.12915039 0.49389648
vt 0.15429688 0.4885254
vt 0.14465332 0.48876953
vt 0.14379883 0.45922852
vt 0.16931152 0.46606445
vt 0.26708984 0.4440918
vt 0.32226562 0.44555664
vt 0.31469727 0.45751953
vt 0.25805664 0.45483398
vt 0.25805664 0.45483398
vt 0.31469727 0.45751953
vt 0.3256836 0.48364258
vt 0.25195312 0.48413086
vt 0.36865234 0.45239258
vt 0.3618164 0.43847656
vt 0.40600586 0.44506836
vt 0.3942871 0.4572754
vt 0.24243164 0.48583984
vt 0.22949219 0.46020508
vt 0.25805664 0.45483398
vt 0.24816895 0.48388672
vt 0.19885254 0.46118164
vt 0.22949219 0.46020508
vt 0.22546387 0.4675293
vt 0.19433594 0.46972656
vt 0.23242188 0.49414062
vt 0.22546387 0.4675293
vt 0.22949219 0.46020508
vt 0.24243164 0.48583984
vt 0.19421387 0.49731445
vt 0.19433594 0.46972656
vt 0.22546387 0.4675293
vt 0.23242188 0.49414062
vt 0.17675781 0.49121094
vt 0.18676758 0.46289062
vt 0.19433594 0.46972656
vt 0.19421387 0.49731445
vt 0.17675781 0.49121094
vt 0.17028809 0.48901367
vt 0.17626953 0.46875
vt 0.18676758 0.46289062
vt 0.39892578 0.27294922
vt 0.38842773 0.2680664
vt 0.39379883 0.26293945
vt 0.39916992 0.26513672
vt 0.39916992 0.26513672
vt 0.39379883 0.26293945
vt 0.39501953 0.24389648
vt 0.41503906 0.24853516
vt 0.39916992 0.26513672
vt 0.41503906 0.24853516
vt 0.4169922 0.25219727
vt 0.39892578 0.27294922
vt 0.74316406 0.3779297
vt 0.77734375 0.38598633
vt 0.7578125 0.39160156
vt 0.7421875 0.38720703
vt 0.74121094 0.3947754
vt 0.75146484 0.39941406
vt 0.7475586 0.4116211
vt 0.7285156 0.41235352
vt 0.74316406 0.3779297
vt 0.68310547 0.37475586
vt 0.7036133 0.36621094
vt 0.734375 0.36499023
vt 0.7475586 0.41552734
vt 0.78515625 0.4169922
vt 0.76953125 0.44482422
vt 0.7451172 0.44384766
vt 0.71435547 0.44067383
vt 0.6591797 0.4411621
vt 0.67089844 0.41137695
vt 0.7128906 0.41577148
vt 0.014312744 0.9819336
vt 0.0102005005 0.9921875
vt 0.0079193115 0.9511719
vt 0.01133728 0.9501953
vt 0.0121154785 0.9423828
vt 0.0079193115 0.9511719
vt 0.0024299622 0.9301758
vt 0.008018494 0.92578125
vt 0.03729248 0.94091797
vt 0.0690918 0.9472656
vt 0.01133728 0.9501953
vt 0.0121154785 0.9423828
vt 0.080078125 0.93066406
vt 0.11413574 0.9238281
vt 0.11444092 0.94140625
vt 0.08148193 0.94873047
vt 0.11529541 0.9921875
vt 0.07525635 0.99072266
vt 0.08148193 0.94873047
vt 0.11444092 0.94140625
vt 0.5439453 0.37890625
vt 0.5541992 0.38378906
vt 0.53515625 0.39038086
vt 0.53466797 0.38427734
vt 0.17810059 0.9892578
vt 0.17797852 0.9555664
vt 0.19567871 0.94628906
vt 0.1965332 0.9916992
vt 0.40576172 0.3786621
vt 0.43066406 0.38500977
vt 0.4074707 0.39257812
vt 0.37695312 0.38061523
vt 0.99658203 0.7080078
vt 0.9379883 0.70410156
vt 0.9711914 0.73779297
vt 0.9946289 0.7285156
vt 0.0836792 0.38378906
vt 0.14074707 0.38500977
vt 0.12890625 0.42407227
vt 0.07757568 0.4230957
vt 0.060577393 0.45117188
vt 0.09472656 0.45385742
vt 0.08050537 0.48510742
vt 0.05355835 0.48217773
vt 0.35205078 0.44335938
vt 0.36865234 0.45239258
vt 0.31469727 0.45751953
vt 0.32226562 0.44555664
vt 0.39257812 0.48754883
vt 0.3256836 0.48364258
vt 0.36865234 0.45239258
vt 0.3942871 0.4572754
vt 0.70166016 0.5029297
vt 0.6904297 0.5004883
vt 0.6845703 0.4699707
vt 0.7060547 0.46411133
vt 0.6948242 0.4560547
vt 0.71240234 0.45263672
vt 0.7060547 0.46411133
vt 0.6845703 0.4699707
vt 0.62402344 0.43847656
vt 0.65234375 0.4086914
vt 0.6591797 0.4411621
vt 0.6118164 0.40063477
vt 0.62841797 0.39526367
vt 0.65234375 0.4086914
vt 0.6513672 0.39868164
vt 0.6591797 0.4411621
vt 0.6621094 0.46435547
vt 0.6123047 0.45458984
vt 0.62402344 0.43847656
vt 0.6948242 0.4560547
vt 0.6621094 0.46435547
vt 0.6845703 0.4699707
vt 0.65185547 0.4699707
vt 0.61328125 0.46484375
vt 0.6123047 0.45458984
vt 0.6621094 0.46435547
vt 0.48266602 0.44995117
vt 0.5102539 0.45092773
vt 0.50439453 0.48608398
vt 0.5463867 0.4519043
vt 0.57421875 0.48632812
vt 0.5722656 0.45361328
vt 0.58154297 0.45703125
vt 0.57421875 0.48632812
vt 0.5463867 0.4519043
vt 0.6826172 0.39038086
vt 0.74121094 0.3947754
vt 0.7167969 0.4116211
vt 0.6723633 0.40722656
vt 0.64746094 0.3642578
vt 0.67041016 0.36450195
vt 0.6538086 0.37573242
vt 0.6230469 0.37182617
vt 0.07446289 0.93408203
vt 0.074645996 0.95214844
vt 0.06829834 0.9399414
vt 0.06939697 0.9291992
vt 0.11529541 0.9921875
vt 0.11444092 0.94140625
vt 0.13476562 0.9428711
vt 0.1538086 0.99121094
vt 0.15441895 0.9511719
vt 0.5126953 0.39135742
vt 0.47705078 0.39208984
vt 0.484375 0.38134766
vt 0.5126953 0.38061523
vt 0.09472656 0.45385742
vt 0.14379883 0.45922852
vt 0.11834717 0.46826172
vt 0.09875488 0.46435547
vt 0.71435547 0.44067383
vt 0.71240234 0.45263672
vt 0.6948242 0.4560547
vt 0.6591797 0.4411621
vt 0.0546875 0.9980469
vt 0.01133728 0.9501953
vt 0.0690918 0.9472656
vt 0.064331055 0.9916992
vt 0.0546875 0.9980469
vt 0.019042969 0.99658203
vt 0.014312744 0.9819336
vt 0.01133728 0.9501953
vt 0.17797852 0.9555664
vt 0.15441895 0.9511719
vt 0.16113281 0.9355469
vt 0.19567871 0.94628906
vt 0.98876953 0.66259766
vt 0.93652344 0.65527344
vt 0.9379883 0.70410156
vt 0.99658203 0.7080078
vt 0.93652344 0.65527344
vt 0.89208984 0.6611328
vt 0.89404297 0.6958008
vt 0.9379883 0.70410156
vt 0.25805664 0.45483398
vt 0.22949219 0.46020508
vt 0.24145508 0.44628906
vt 0.26708984 0.4440918
vt 0.22949219 0.46020508
vt 0.19885254 0.46118164
vt 0.19873047 0.45483398
vt 0.24145508 0.44628906
vt 0.39501953 0.24389648
vt 0.39379883 0.26293945
vt 0.38842773 0.2680664
vt 0.37646484 0.24938965
vt 0.8027344 0.18566895
vt 0.80029297 0.2010498
vt 0.7939453 0.19482422
vt 0.80078125 0.18371582
vt 0.7998047 0.1821289
vt 0.7895508 0.18884277
vt 0.78808594 0.18286133
vt 0.7993164 0.18029785
vt 0.80615234 0.18566895
vt 0.8076172 0.18261719
vt 0.81591797 0.19104004
vt 0.81152344 0.2010498
vt 0.8095703 0.18237305
vt 0.8222656 0.19006348
vt 0.81591797 0.19104004
vt 0.8076172 0.18261719
vt 0.8095703 0.18237305
vt 0.80810547 0.1697998
vt 0.82177734 0.16748047
vt 0.8232422 0.18847656
vt 0.80078125 0.18371582
vt 0.79052734 0.19372559
vt 0.7895508 0.18884277
vt 0.7998047 0.1821289
vt 0.80615234 0.18566895
vt 0.81152344 0.2010498
vt 0.80029297 0.2010498
vt 0.8027344 0.18566895
vt 0.82128906 0.37768555
vt 0.82714844 0.3779297
vt 0.81396484 0.39111328
vt 0.7988281 0.390625
vt 0.82128906 0.37768555
vt 0.7988281 0.390625
vt 0.796875 0.36328125
vt 0.81933594 0.36035156
vt 0.2290039 0.37231445
vt 0.26391602 0.37695312
vt 0.25048828 0.38549805
vt 0.22790527 0.37573242
vt 0.31762695 0.38549805
vt 0.25610352 0.38891602
vt 0.26391602 0.37695312
vt 0.32055664 0.37890625
vt 0.48266602 0.44995117
vt 0.47705078 0.4350586
vt 0.49389648 0.4440918
vt 0.5102539 0.45092773
vt 0.51416016 0.44677734
vt 0.54589844 0.44384766
vt 0.5463867 0.4519043
vt 0.5102539 0.45092773
vt 0.06829834 0.9399414
vt 0.03729248 0.94091797
vt 0.04437256 0.9238281
vt 0.06939697 0.9291992
vt 0.6308594 0.890625
vt 0.5917969 0.8930664
vt 0.58935547 0.91552734
vt 0.6582031 0.92041016
vt 0.6376953 0.88378906
vt 0.6582031 0.92041016
vt 0.70996094 0.8823242
vt 0.70996094 0.8823242
vt 0.72753906 0.92041016
vt 0.72753906 0.88720703
vt 0.76416016 0.8852539
vt 0.72753906 0.88720703
vt 0.7944336 0.9272461
vt 0.8261719 0.88916016
vt 0.8310547 0.9267578
vt 0.79833984 0.28222656
vt 0.796875 0.29296875
vt 0.81347656 0.29296875
vt 0.81591797 0.28076172
vt 0.6582031 0.92041016
vt 0.58935547 0.91552734
vt 0.5888672 0.921875
vt 0.6645508 0.9272461
vt 0.46313477 0.19934082
vt 0.4868164 0.19836426
vt 0.48266602 0.18640137
vt 0.45239258 0.19055176
vt 0.84814453 0.9291992
vt 0.8828125 0.88964844
vt 0.8261719 0.88916016
vt 0.89746094 0.93310547
vt 0.9272461 0.9223633
vt 0.9213867 0.92822266
vt 0.7963867 0.9511719
vt 0.8339844 0.94873047
vt 0.8310547 0.9267578
vt 0.7944336 0.9272461
vt 0.84814453 0.9291992
vt 0.8310547 0.9267578
vt 0.8339844 0.94873047
vt 0.8491211 0.953125
vt 0.7944336 0.9272461
vt 0.7446289 0.9277344
vt 0.74365234 0.9458008
vt 0.7963867 0.9511719
vt 0.8491211 0.953125
vt 0.8989258 0.9501953
vt 0.89746094 0.93310547
vt 0.84814453 0.9291992
vt 0.89746094 0.93310547
vt 0.8989258 0.9501953
vt 0.9223633 0.9458008
vt 0.9213867 0.92822266
vt 0.9321289 0.9404297
vt 0.9272461 0.9223633
vt 0.9213867 0.92822266
vt 0.9223633 0.9458008
vt 0.9321289 0.9404297
vt 0.97265625 0.9433594
vt 0.97216797 0.9238281
vt 0.9272461 0.9223633
vt 0.9272461 0.9223633
vt 0.97216797 0.9238281
vt 0.9746094 0.8930664
vt 0.9140625 0.8911133
vt 0.9223633 0.9458008
vt 0.8989258 0.9501953
vt 0.9008789 0.9550781
vt 0.93603516 0.95458984
vt 0.9321289 0.9404297
vt 0.93603516 0.95458984
vt 0.9682617 0.95214844
vt 0.97265625 0.9433594
vt 0.99072266 0.9135742
vt 0.9814453 0.91064453
vt 0.97265625 0.9433594
vt 0.99072266 0.9477539
vt 0.86621094 0.95751953
vt 0.9008789 0.9550781
vt 0.8989258 0.9501953
vt 0.8491211 0.953125
vt 0.80810547 0.96191406
vt 0.8339844 0.9628906
vt 0.8339844 0.94873047
vt 0.7963867 0.9511719
vt 0.7402344 0.9301758
vt 0.74072266 0.94873047
vt 0.74365234 0.9458008
vt 0.7446289 0.9277344
vt 0.72753906 0.92041016
vt 0.6582031 0.92041016
vt 0.6645508 0.9272461
vt 0.7402344 0.9301758
vt 0.5888672 0.9316406
vt 0.58447266 0.94091797
vt 0.62646484 0.9433594
vt 0.63964844 0.9375
vt 0.58447266 0.94091797
vt 0.57421875 0.9472656
vt 0.6123047 0.9506836
vt 0.62646484 0.9433594
vt 0.6201172 0.9589844
vt 0.6176758 0.9682617
vt 0.6455078 0.9584961
vt 0.64697266 0.94384766
vt 0.5161133 0.19177246
vt 0.55859375 0.18945312
vt 0.56347656 0.18261719
vt 0.5102539 0.18603516
vt 0.5078125 0.19934082
vt 0.4868164 0.19836426
vt 0.49731445 0.20458984
vt 0.50439453 0.20983887
vt 0.4885254 0.21105957
vt 0.4987793 0.20983887
vt 0.49731445 0.20458984
vt 0.48364258 0.20751953
vt 0.35839844 0.20239258
vt 0.36865234 0.19067383
vt 0.34228516 0.18969727
vt 0.3408203 0.19946289
vt 0.3161621 0.18676758
vt 0.31640625 0.1986084
vt 0.3408203 0.19946289
vt 0.34228516 0.18969727
vt 0.31640625 0.1986084
vt 0.3161621 0.18676758
vt 0.2927246 0.19873047
vt 0.28955078 0.20739746
vt 0.2854004 0.19921875
vt 0.28955078 0.20739746
vt 0.2927246 0.19873047
vt 0.28759766 0.19189453
vt 0.2854004 0.19921875
vt 0.28759766 0.19189453
vt 0.26245117 0.1875
vt 0.2565918 0.19799805
vt 0.26245117 0.1875
vt 0.25341797 0.1772461
vt 0.2446289 0.18029785
vt 0.2565918 0.19799805
vt 0.9682617 0.95214844
vt 0.93603516 0.95458984
vt 0.93847656 0.9897461
vt 0.97802734 0.98535156
vt 0.97802734 0.98535156
vt 0.9946289 0.9814453
vt 0.99072266 0.9477539
vt 0.9682617 0.95214844
vt 0.93847656 0.9897461
vt 0.93603516 0.95458984
vt 0.9008789 0.9550781
vt 0.89208984 0.9916992
vt 0.8676758 0.9628906
vt 0.86621094 0.95751953
vt 0.8676758 0.9628906
vt 0.8598633 0.9633789
vt 0.86279297 0.9941406
vt 0.89208984 0.9916992
vt 0.8339844 0.9628906
vt 0.8359375 0.97314453
vt 0.84765625 0.9692383
vt 0.8598633 0.9633789
vt 0.70166016 0.5332031
vt 0.6972656 0.5102539
vt 0.68847656 0.51171875
vt 0.6982422 0.5390625
vt 0.7182617 0.5395508
vt 0.7319336 0.5209961
vt 0.72314453 0.515625
vt 0.71240234 0.53564453
vt 0.71240234 0.53564453
vt 0.70166016 0.5332031
vt 0.6982422 0.5390625
vt 0.7182617 0.5395508
vt 0.70166016 0.5332031
vt 0.71240234 0.53564453
vt 0.72314453 0.515625
vt 0.6972656 0.5102539
vt 0.7392578 0.9580078
vt 0.70214844 0.95996094
vt 0.70458984 0.98339844
vt 0.7636719 0.99316406
vt 0.66308594 0.9555664
vt 0.6953125 0.95947266
vt 0.7026367 0.9482422
vt 0.64697266 0.94384766
vt 0.6953125 0.95947266
vt 0.6870117 0.9638672
vt 0.69189453 0.98535156
vt 0.70458984 0.98339844
vt 0.6870117 0.9638672
vt 0.6464844 0.9716797
vt 0.64501953 0.9902344
vt 0.69189453 0.98535156
vt 0.6176758 0.9682617
vt 0.6201172 0.9589844
vt 0.6123047 0.9506836
vt 0.6098633 0.9589844
vt 0.64501953 0.9902344
vt 0.6464844 0.9716797
vt 0.6176758 0.9682617
vt 0.6113281 0.9873047
vt 0.57421875 0.9472656
vt 0.5786133 0.95751953
vt 0.6098633 0.9589844
vt 0.6123047 0.9506836
vt 0.5786133 0.95751953
vt 0.57421875 0.9472656
vt 0.55615234 0.97314453
vt 0.57470703 0.9848633
vt 0.81591797 0.28076172
vt 0.8178711 0.26245117
vt 0.7973633 0.26220703
vt 0.79833984 0.28222656
vt 0.54296875 0.9638672
vt 0.55615234 0.97314453
vt 0.57421875 0.9472656
vt 0.5678711 0.9345703
vt 0.8100586 0.3022461
vt 0.81347656 0.29296875
vt 0.796875 0.29296875
vt 0.796875 0.2980957
vt 0.4868164 0.19836426
vt 0.5078125 0.19934082
vt 0.4970703 0.19018555
vt 0.48266602 0.18640137
vt 0.43432617 0.20263672
vt 0.45239258 0.19055176
vt 0.4020996 0.18859863
vt 0.38476562 0.19750977
vt 0.7026367 0.9482422
vt 0.70214844 0.95996094
vt 0.7392578 0.9580078
vt 0.74072266 0.94873047
vt 0.8222656 0.9941406
vt 0.8305664 0.9946289
vt 0.8339844 0.9628906
vt 0.80810547 0.96191406
vt 0.7636719 0.99316406
vt 0.8222656 0.9941406
vt 0.80810547 0.96191406
vt 0.77490234 0.96435547
vt 0.57470703 0.9848633
vt 0.6113281 0.9873047
vt 0.6098633 0.9589844
vt 0.5786133 0.95751953
vt 0.7402344 0.9301758
vt 0.6645508 0.9272461
vt 0.7026367 0.9482422
vt 0.74072266 0.94873047
vt 0.66308594 0.9555664
vt 0.6455078 0.9584961
vt 0.6464844 0.9716797
vt 0.6870117 0.9638672
vt 0.57128906 0.17871094
vt 0.55859375 0.18945312
vt 0.6040039 0.18725586
vt 0.60302734 0.1763916
vt 0.36865234 0.19067383
vt 0.36669922 0.20153809
vt 0.38476562 0.19750977
vt 0.4020996 0.18859863
vt 0.8339844 0.9628906
vt 0.8598633 0.9633789
vt 0.8491211 0.953125
vt 0.8339844 0.94873047
vt 0.7963867 0.9511719
vt 0.7392578 0.9580078
vt 0.77490234 0.96435547
vt 0.80810547 0.96191406
vt 0.74365234 0.9458008
vt 0.74072266 0.94873047
vt 0.7392578 0.9580078
vt 0.7963867 0.9511719
vt 0.4868164 0.19836426
vt 0.46313477 0.19934082
vt 0.48364258 0.20751953
vt 0.49731445 0.20458984
vt 0.46313477 0.19934082
vt 0.46191406 0.20300293
vt 0.4716797 0.20690918
vt 0.48364258 0.20751953
vt 0.31640625 0.1986084
vt 0.31640625 0.21252441
vt 0.34204102 0.20751953
vt 0.3408203 0.19946289
vt 0.6118164 0.2932129
vt 0.6069336 0.2944336
vt 0.61279297 0.3034668
vt 0.6074219 0.28808594
vt 0.45483398 0.29223633
vt 0.48242188 0.28857422
vt 0.47680664 0.27392578
vt 0.4477539 0.2758789
vt 0.37670898 0.21936035
vt 0.36035156 0.23693848
vt 0.40722656 0.23120117
vt 0.35009766 0.2331543
vt 0.32055664 0.2175293
vt 0.4477539 0.2758789
vt 0.44604492 0.23242188
vt 0.4338379 0.23815918
vt 0.43432617 0.27441406
vt 0.7680664 0.21435547
vt 0.7192383 0.20202637
vt 0.7270508 0.21447754
vt 0.7602539 0.22241211
vt 0.65722656 0.20178223
vt 0.6894531 0.20336914
vt 0.6845703 0.19616699
vt 0.6567383 0.19104004
vt 0.6567383 0.19104004
vt 0.6347656 0.1875
vt 0.6352539 0.20141602
vt 0.65722656 0.20178223
vt 0.6694336 0.1850586
vt 0.6567383 0.19104004
vt 0.6845703 0.19616699
vt 0.6826172 0.18823242
vt 0.62402344 0.18981934
vt 0.6118164 0.20874023
vt 0.6352539 0.20141602
vt 0.6347656 0.1875
vt 0.60498047 0.19799805
vt 0.5966797 0.20703125
vt 0.6118164 0.20874023
vt 0.6152344 0.20031738
vt 0.61035156 0.19311523
vt 0.60498047 0.19799805
vt 0.6152344 0.20031738
vt 0.6171875 0.19665527
vt 0.6557617 0.2442627
vt 0.65234375 0.24743652
vt 0.67089844 0.25
vt 0.6723633 0.24597168
vt 0.7128906 0.25439453
vt 0.7163086 0.25024414
vt 0.6723633 0.24597168
vt 0.67089844 0.25
vt 0.72802734 0.2512207
vt 0.7163086 0.25024414
vt 0.7182617 0.2770996
vt 0.73095703 0.27612305
vt 0.73095703 0.27612305
vt 0.7446289 0.2824707
vt 0.7475586 0.2541504
vt 0.72802734 0.2512207
vt 0.7475586 0.2541504
vt 0.78515625 0.25561523
vt 0.7675781 0.24731445
vt 0.7475586 0.25048828
vt 0.77001953 0.30004883
vt 0.7836914 0.29907227
vt 0.78027344 0.27685547
vt 0.76953125 0.2836914
vt 0.7441406 0.2939453
vt 0.77001953 0.30004883
vt 0.76953125 0.2836914
vt 0.7446289 0.2824707
vt 0.7446289 0.2824707
vt 0.73095703 0.27612305
vt 0.7338867 0.28686523
vt 0.7441406 0.2939453
vt 0.71777344 0.2849121
vt 0.7338867 0.28686523
vt 0.73095703 0.27612305
vt 0.7182617 0.2770996
vt 0.73095703 0.30249023
vt 0.7504883 0.30419922
vt 0.7441406 0.2939453
vt 0.7338867 0.28686523
vt 0.71191406 0.2915039
vt 0.71777344 0.2849121
vt 0.77001953 0.30004883
vt 0.7441406 0.2939453
vt 0.7504883 0.30419922
vt 0.7709961 0.3034668
vt 0.75 0.34423828
vt 0.7758789 0.3425293
vt 0.7709961 0.3034668
vt 0.7504883 0.30419922
vt 0.7294922 0.34448242
vt 0.75 0.34423828
vt 0.7504883 0.30419922
vt 0.73095703 0.30249023
vt 0.73095703 0.30249023
vt 0.7060547 0.30273438
vt 0.7011719 0.34179688
vt 0.7294922 0.34448242
vt 0.7138672 0.27954102
vt 0.71191406 0.2915039
vt 0.71777344 0.2849121
vt 0.7182617 0.2770996
vt 0.7182617 0.2770996
vt 0.7163086 0.25024414
vt 0.7128906 0.25439453
vt 0.7138672 0.27954102
vt 0.5522461 0.2130127
vt 0.5541992 0.22241211
vt 0.5654297 0.22155762
vt 0.5673828 0.21350098
vt 0.6118164 0.2932129
vt 0.62402344 0.2770996
vt 0.61865234 0.27514648
vt 0.6074219 0.28808594
vt 0.64990234 0.33911133
vt 0.6904297 0.33935547
vt 0.6845703 0.30859375
vt 0.65185547 0.3088379
vt 0.64990234 0.33911133
vt 0.65185547 0.3088379
vt 0.61279297 0.3034668
vt 0.609375 0.3334961
vt 0.58691406 0.30151367
vt 0.5786133 0.32739258
vt 0.609375 0.3334961
vt 0.61279297 0.3034668
vt 0.58691406 0.30151367
vt 0.61279297 0.3034668
vt 0.6069336 0.2944336
vt 0.5810547 0.29589844
vt 0.57373047 0.3251953
vt 0.5786133 0.32739258
vt 0.58691406 0.30151367
vt 0.5810547 0.29589844
vt 0.3017578 0.91015625
vt 0.31054688 0.88916016
vt 0.33422852 0.9038086
vt 0.32543945 0.9189453
vt 0.2626953 0.91064453
vt 0.26953125 0.90722656
vt 0.2614746 0.9511719
vt 0.25708008 0.9472656
vt 0.54589844 0.2824707
vt 0.5463867 0.29077148
vt 0.55029297 0.28564453
vt 0.5517578 0.2788086
vt 0.44433594 0.3232422
vt 0.50390625 0.32470703
vt 0.48242188 0.28857422
vt 0.45483398 0.29223633
vt 0.20776367 0.88427734
vt 0.18664551 0.88671875
vt 0.18444824 0.8701172
vt 0.20800781 0.8671875
vt 0.23291016 0.8720703
vt 0.22766113 0.8886719
vt 0.20776367 0.88427734
vt 0.20800781 0.8671875
vt 0.2626953 0.91064453
vt 0.25732422 0.90478516
vt 0.26367188 0.8886719
vt 0.2680664 0.8930664
vt 0.2512207 0.94677734
vt 0.25732422 0.90478516
vt 0.2626953 0.91064453
vt 0.25708008 0.9472656
vt 0.18664551 0.88671875
vt 0.17578125 0.92529297
vt 0.15307617 0.9165039
vt 0.16259766 0.88427734
vt 0.5439453 0.2175293
vt 0.5541992 0.22241211
vt 0.5522461 0.2130127
vt 0.54833984 0.20617676
vt 0.54833984 0.20617676
vt 0.5444336 0.203125
vt 0.5395508 0.2154541
vt 0.5439453 0.2175293
vt 0.47753906 0.21936035
vt 0.43041992 0.22375488
vt 0.44604492 0.23242188
vt 0.47680664 0.23083496
vt 0.43432617 0.27441406
vt 0.4255371 0.2927246
vt 0.45483398 0.29223633
vt 0.4477539 0.2758789
vt 0.40576172 0.2836914
vt 0.39404297 0.29589844
vt 0.4255371 0.2927246
vt 0.43432617 0.27441406
vt 0.39233398 0.32617188
vt 0.44433594 0.3232422
vt 0.4255371 0.2927246
vt 0.39404297 0.29589844
vt 0.8696289 0.7026367
vt 0.85253906 0.6508789
vt 0.8442383 0.6689453
vt 0.8564453 0.6982422
vt 0.8442383 0.6689453
vt 0.8310547 0.7138672
vt 0.8564453 0.6982422
vt 0.8095703 0.67333984
vt 0.796875 0.71875
vt 0.8310547 0.7138672
vt 0.7817383 0.6894531
vt 0.8564453 0.6982422
vt 0.8310547 0.7138672
vt 0.8432617 0.734375
vt 0.8696289 0.7026367
vt 0.7861328 0.73535156
vt 0.8432617 0.734375
vt 0.8310547 0.7138672
vt 0.796875 0.71875
vt 0.76904297 0.68310547
vt 0.7861328 0.73535156
vt 0.796875 0.71875
vt 0.7817383 0.6894531
vt 0.35180664 0.24023438
vt 0.36157227 0.2770996
vt 0.36035156 0.23693848
vt 0.35180664 0.28198242
vt 0.3684082 0.29101562
vt 0.8251953 0.48388672
vt 0.8417969 0.4663086
vt 0.7871094 0.46655273
vt 0.7915039 0.48217773
vt 0.8251953 0.48388672
vt 0.8334961 0.52734375
vt 0.85595703 0.49829102
vt 0.8417969 0.4663086
vt 0.2355957 0.2705078
vt 0.23803711 0.23449707
vt 0.18981934 0.23168945
vt 0.19055176 0.2758789
vt 0.17700195 0.2705078
vt 0.19055176 0.2758789
vt 0.18981934 0.23168945
vt 0.1809082 0.22827148
vt 0.21386719 0.20178223
vt 0.18884277 0.19934082
vt 0.1940918 0.20825195
vt 0.21862793 0.20715332
vt 0.15319824 0.19519043
vt 0.14990234 0.20031738
vt 0.18896484 0.20861816
vt 0.18884277 0.19934082
vt 0.15319824 0.19519043
vt 0.120910645 0.19140625
vt 0.1418457 0.1998291
vt 0.14990234 0.20031738
vt 0.13769531 0.26342773
vt 0.17700195 0.2705078
vt 0.1809082 0.22827148
vt 0.14550781 0.22253418
vt 0.13769531 0.26342773
vt 0.14550781 0.22253418
vt 0.140625 0.22375488
vt 0.12866211 0.2626953
vt 0.09954834 0.19726562
vt 0.073791504 0.19506836
vt 0.087890625 0.20507812
vt 0.10736084 0.20458984
vt 0.087890625 0.20507812
vt 0.073791504 0.19506836
vt 0.076171875 0.20593262
vt 0.08331299 0.2121582
vt 0.073791504 0.19506836
vt 0.03366089 0.1928711
vt 0.068359375 0.20825195
vt 0.076171875 0.20593262
vt 0.2355957 0.2705078
vt 0.19055176 0.2758789
vt 0.19848633 0.29370117
vt 0.24133301 0.28515625
vt 0.19848633 0.29370117
vt 0.19055176 0.2758789
vt 0.18652344 0.30151367
vt 0.19873047 0.30004883
vt 0.17700195 0.2705078
vt 0.16235352 0.29492188
vt 0.18188477 0.29101562
vt 0.19055176 0.2758789
vt 0.16235352 0.29492188
vt 0.17700195 0.2705078
vt 0.13769531 0.26342773
vt 0.13745117 0.2836914
vt 0.13745117 0.2836914
vt 0.13769531 0.26342773
vt 0.12866211 0.2626953
vt 0.12963867 0.2854004
vt 0.12866211 0.2626953
vt 0.08685303 0.28320312
vt 0.07733154 0.26171875
vt 0.14367676 0.29785156
vt 0.16235352 0.29492188
vt 0.13745117 0.2836914
vt 0.12963867 0.2854004
vt 0.18652344 0.30151367
vt 0.16235352 0.29492188
vt 0.16906738 0.3046875
vt 0.17614746 0.3076172
vt 0.09448242 0.29248047
vt 0.14367676 0.29785156
vt 0.12963867 0.2854004
vt 0.08685303 0.28320312
vt 0.08685303 0.28320312
vt 0.041625977 0.2763672
vt 0.06036377 0.28979492
vt 0.09448242 0.29248047
vt 0.019302368 0.27856445
vt 0.06036377 0.28979492
vt 0.041625977 0.2763672
vt 0.01058197 0.26416016
vt 0.019302368 0.27856445
vt 0.004383087 0.30395508
vt 0.053344727 0.32104492
vt 0.06036377 0.28979492
vt 0.041625977 0.2763672
vt 0.08685303 0.28320312
vt 0.07733154 0.26171875
vt 0.045074463 0.25854492
vt 0.023742676 0.24694824
vt 0.01058197 0.26416016
vt 0.041625977 0.2763672
vt 0.045074463 0.25854492
vt 0.06689453 0.2421875
vt 0.045074463 0.25854492
vt 0.07733154 0.26171875
vt 0.023742676 0.24694824
vt 0.026672363 0.20959473
vt 0.06689453 0.2421875
vt 0.0692749 0.21850586
vt 0.08337402 0.22241211
vt 0.07733154 0.26171875
vt 0.09069824 0.30444336
vt 0.08026123 0.32373047
vt 0.10479736 0.33154297
vt 0.10870361 0.31323242
vt 0.09857178 0.30297852
vt 0.09069824 0.30444336
vt 0.10870361 0.31323242
vt 0.11810303 0.30688477
vt 0.10479736 0.33154297
vt 0.12890625 0.33251953
vt 0.12536621 0.31811523
vt 0.10870361 0.31323242
vt 0.15405273 0.32714844
vt 0.16906738 0.3046875
vt 0.14367676 0.29785156
vt 0.14453125 0.32739258
vt 0.2668457 0.28271484
vt 0.2578125 0.29345703
vt 0.31445312 0.29614258
vt 0.32202148 0.28442383
vt 0.2578125 0.29345703
vt 0.25170898 0.32299805
vt 0.3256836 0.32250977
vt 0.31445312 0.29614258
vt 0.3684082 0.29101562
vt 0.39404297 0.29589844
vt 0.40576172 0.2836914
vt 0.36157227 0.2770996
vt 0.24230957 0.32470703
vt 0.2479248 0.32250977
vt 0.2578125 0.29345703
vt 0.22924805 0.29882812
vt 0.19873047 0.30004883
vt 0.19421387 0.3083496
vt 0.2253418 0.30639648
vt 0.22924805 0.29882812
vt 0.23217773 0.3330078
vt 0.24230957 0.32470703
vt 0.22924805 0.29882812
vt 0.2253418 0.30639648
vt 0.19396973 0.33618164
vt 0.23217773 0.3330078
vt 0.2253418 0.30639648
vt 0.19421387 0.3083496
vt 0.17663574 0.33007812
vt 0.19396973 0.33618164
vt 0.19421387 0.3083496
vt 0.18652344 0.30151367
vt 0.17663574 0.33007812
vt 0.18652344 0.30151367
vt 0.17614746 0.3076172
vt 0.17004395 0.32788086
vt 0.5048828 0.115478516
vt 0.5048828 0.105407715
vt 0.49829102 0.10253906
vt 0.49145508 0.109069824
vt 0.5048828 0.105407715
vt 0.5253906 0.08428955
vt 0.49975586 0.078308105
vt 0.49829102 0.10253906
vt 0.5048828 0.105407715
vt 0.5048828 0.115478516
vt 0.52783203 0.08898926
vt 0.5253906 0.08428955
vt 0.7270508 0.21447754
vt 0.7265625 0.22351074
vt 0.7416992 0.2277832
vt 0.7602539 0.22241211
vt 0.74121094 0.23352051
vt 0.72802734 0.2512207
vt 0.7475586 0.25048828
vt 0.75146484 0.23803711
vt 0.7270508 0.21447754
vt 0.7192383 0.20202637
vt 0.6894531 0.20336914
vt 0.6694336 0.21154785
vt 0.7475586 0.2541504
vt 0.7446289 0.2824707
vt 0.76953125 0.2836914
vt 0.78515625 0.25561523
vt 0.7138672 0.27954102
vt 0.7128906 0.25439453
vt 0.67089844 0.25
vt 0.6591797 0.27978516
vt 0.31201172 0.9560547
vt 0.3239746 0.92626953
vt 0.3269043 0.92871094
vt 0.31323242 0.96728516
vt 0.32543945 0.9189453
vt 0.33422852 0.9038086
vt 0.33813477 0.91015625
vt 0.3269043 0.92871094
vt 0.3017578 0.91015625
vt 0.32543945 0.9189453
vt 0.3239746 0.92626953
vt 0.26953125 0.90722656
vt 0.26367188 0.8886719
vt 0.25732422 0.90478516
vt 0.22766113 0.8886719
vt 0.23291016 0.8720703
vt 0.21240234 0.9370117
vt 0.25732422 0.90478516
vt 0.2512207 0.94677734
vt 0.22766113 0.8886719
vt 0.20776367 0.88427734
vt 0.21240234 0.9370117
vt 0.18664551 0.88671875
vt 0.17578125 0.92529297
vt 0.5439453 0.2175293
vt 0.5341797 0.22290039
vt 0.53515625 0.22924805
vt 0.5541992 0.22241211
vt 0.15307617 0.9165039
vt 0.13378906 0.91552734
vt 0.1484375 0.87060547
vt 0.16259766 0.88427734
vt 0.40551758 0.21740723
vt 0.37670898 0.21936035
vt 0.40722656 0.23120117
vt 0.43041992 0.22375488
vt 0.83691406 0.5854492
vt 0.8574219 0.5834961
vt 0.8666992 0.5600586
vt 0.8334961 0.52734375
vt 0.08337402 0.22241211
vt 0.07733154 0.26171875
vt 0.12866211 0.2626953
vt 0.140625 0.22375488
vt 0.06036377 0.28979492
vt 0.053344727 0.32104492
vt 0.08026123 0.32373047
vt 0.09448242 0.29248047
vt 0.35180664 0.28198242
vt 0.32202148 0.28442383
vt 0.31445312 0.29614258
vt 0.3684082 0.29101562
vt 0.39233398 0.32617188
vt 0.39404297 0.29589844
vt 0.3684082 0.29101562
vt 0.3256836 0.32250977
vt 0.7011719 0.34179688
vt 0.7060547 0.30273438
vt 0.6845703 0.30859375
vt 0.6904297 0.33935547
vt 0.69433594 0.29467773
vt 0.6845703 0.30859375
vt 0.7060547 0.30273438
vt 0.71191406 0.2915039
vt 0.62402344 0.2770996
vt 0.6591797 0.27978516
vt 0.65234375 0.24743652
vt 0.6118164 0.23925781
vt 0.6279297 0.23400879
vt 0.65234375 0.24743652
vt 0.6513672 0.23742676
vt 0.6591797 0.27978516
vt 0.62402344 0.2770996
vt 0.6118164 0.2932129
vt 0.6616211 0.30322266
vt 0.69433594 0.29467773
vt 0.6616211 0.30322266
vt 0.6845703 0.30859375
vt 0.65185547 0.3088379
vt 0.6616211 0.30322266
vt 0.6118164 0.2932129
vt 0.61279297 0.3034668
vt 0.48242188 0.28857422
vt 0.50390625 0.32470703
vt 0.5102539 0.28979492
vt 0.5463867 0.29077148
vt 0.57373047 0.3251953
vt 0.57177734 0.29248047
vt 0.5463867 0.29077148
vt 0.57373047 0.3251953
vt 0.5810547 0.29589844
vt 0.6826172 0.2290039
vt 0.6723633 0.24597168
vt 0.7163086 0.25024414
vt 0.74121094 0.23352051
vt 0.6352539 0.20141602
vt 0.6118164 0.20874023
vt 0.6411133 0.21240234
vt 0.65722656 0.20178223
vt 0.2680664 0.8930664
vt 0.27441406 0.88964844
vt 0.2722168 0.9003906
vt 0.2626953 0.91064453
vt 0.51220703 0.23010254
vt 0.5126953 0.21936035
vt 0.48413086 0.22009277
vt 0.47680664 0.23083496
vt 0.09448242 0.29248047
vt 0.09857178 0.30297852
vt 0.11810303 0.30688477
vt 0.14367676 0.29785156
vt 0.7138672 0.27954102
vt 0.6591797 0.27978516
vt 0.69433594 0.29467773
vt 0.71191406 0.2915039
vt 0.26879883 0.95996094
vt 0.2614746 0.9511719
vt 0.26953125 0.90722656
vt 0.3239746 0.92626953
vt 0.26879883 0.95996094
vt 0.3239746 0.92626953
vt 0.31201172 0.9560547
vt 0.3034668 0.96875
vt 0.16259766 0.88427734
vt 0.1484375 0.87060547
vt 0.18444824 0.8701172
vt 0.18664551 0.88671875
vt 0.79248047 0.5776367
vt 0.83691406 0.5854492
vt 0.8334961 0.52734375
vt 0.78515625 0.5258789
vt 0.78515625 0.5258789
vt 0.8334961 0.52734375
vt 0.8251953 0.48388672
vt 0.7915039 0.48217773
vt 0.2578125 0.29345703
vt 0.2668457 0.28271484
vt 0.24133301 0.28515625
vt 0.22924805 0.29882812
vt 0.22924805 0.29882812
vt 0.24133301 0.28515625
vt 0.19848633 0.29370117
vt 0.19873047 0.30004883
vt 0.49975586 0.078308105
vt 0.47607422 0.08538818
vt 0.49145508 0.109069824
vt 0.49829102 0.10253906
vt 0.81640625 0.3227539
vt 0.8154297 0.3178711
vt 0.78515625 0.32226562
vt 0.7885742 0.33813477
vt 0.80566406 0.060791016
vt 0.8105469 0.076171875
vt 0.8149414 0.06616211
vt 0.8066406 0.057739258
vt 0.80859375 0.057495117
vt 0.8066406 0.057739258
vt 0.8149414 0.06616211
vt 0.82177734 0.06512451
vt 0.80859375 0.057495117
vt 0.8227539 0.0635376
vt 0.8208008 0.04260254
vt 0.8076172 0.04486084
vt 0.8183594 0.32714844
vt 0.81640625 0.3227539
vt 0.7885742 0.33813477
vt 0.79052734 0.35131836
vt 0.80566406 0.060791016
vt 0.8022461 0.060760498
vt 0.7993164 0.07611084
vt 0.8105469 0.076171875
vt 0.90283203 0.8022461
vt 0.8886719 0.796875
vt 0.89404297 0.80371094
vt 0.90478516 0.8051758
vt 0.90283203 0.8022461
vt 0.91015625 0.79541016
vt 0.9003906 0.7861328
vt 0.8886719 0.796875
vt 0.9013672 0.80810547
vt 0.90478516 0.8051758
vt 0.89404297 0.80371094
vt 0.8857422 0.81152344
vt 0.9057617 0.8144531
vt 0.9013672 0.80810547
vt 0.8857422 0.81152344
vt 0.8964844 0.8286133
vt 0.22888184 0.2109375
vt 0.22766113 0.21435547
vt 0.25 0.22460938
vt 0.26391602 0.21569824
vt 0.3173828 0.22424316
vt 0.32055664 0.2175293
vt 0.26391602 0.21569824
vt 0.25585938 0.2277832
vt 0.48242188 0.28857422
vt 0.5102539 0.28979492
vt 0.49365234 0.28271484
vt 0.47680664 0.27392578
vt 0.51416016 0.2854004
vt 0.5102539 0.28979492
vt 0.5463867 0.29077148
vt 0.54589844 0.2824707
vt 0.2722168 0.9003906
vt 0.27441406 0.88964844
vt 0.2998047 0.89208984
vt 0.3017578 0.91015625
vt 0.38427734 0.80810547
vt 0.37939453 0.79003906
vt 0.41748047 0.7885742
vt 0.41918945 0.8066406
vt 0.37939453 0.79003906
vt 0.35302734 0.7607422
vt 0.42041016 0.76660156
vt 0.41748047 0.7885742
vt 0.3725586 0.796875
vt 0.35302734 0.7607422
vt 0.3022461 0.7973633
vt 0.3022461 0.7973633
vt 0.28564453 0.7602539
vt 0.28515625 0.79248047
vt 0.24951172 0.7939453
vt 0.28515625 0.79248047
vt 0.22045898 0.7524414
vt 0.18896484 0.7895508
vt 0.18444824 0.7529297
vt 0.3725586 0.796875
vt 0.37939453 0.79003906
vt 0.38427734 0.80810547
vt 0.37524414 0.8120117
vt 0.609375 0.86279297
vt 0.60791016 0.8798828
vt 0.6201172 0.8779297
vt 0.6201172 0.86083984
vt 0.31689453 0.8144531
vt 0.3022461 0.7973633
vt 0.3725586 0.796875
vt 0.37524414 0.8120117
vt 0.3022461 0.7973633
vt 0.3022461 0.8183594
vt 0.2866211 0.81396484
vt 0.28515625 0.79248047
vt 0.35302734 0.7607422
vt 0.34716797 0.75390625
vt 0.42089844 0.7602539
vt 0.42041016 0.76660156
vt 0.25317383 0.8178711
vt 0.24951172 0.7939453
vt 0.28515625 0.79248047
vt 0.2866211 0.81396484
vt 0.26489258 0.8276367
vt 0.25317383 0.8178711
vt 0.2866211 0.81396484
vt 0.29101562 0.82714844
vt 0.19812012 0.81396484
vt 0.18896484 0.7895508
vt 0.24951172 0.7939453
vt 0.25317383 0.8178711
vt 0.16821289 0.75
vt 0.18896484 0.7895508
vt 0.13378906 0.78808594
vt 0.12005615 0.74560547
vt 0.09082031 0.75634766
vt 0.09643555 0.75
vt 0.13378906 0.78808594
vt 0.18896484 0.7895508
vt 0.16137695 0.8154297
vt 0.13256836 0.81347656
vt 0.13256836 0.81347656
vt 0.10394287 0.8095703
vt 0.10308838 0.7866211
vt 0.21850586 0.7290039
vt 0.22045898 0.7524414
vt 0.18444824 0.7529297
vt 0.18200684 0.7314453
vt 0.16821289 0.75
vt 0.16723633 0.7265625
vt 0.18200684 0.7314453
vt 0.18444824 0.7529297
vt 0.22045898 0.7524414
vt 0.21850586 0.7290039
vt 0.27026367 0.73535156
vt 0.26904297 0.7524414
vt 0.16723633 0.7265625
vt 0.16821289 0.75
vt 0.12005615 0.74560547
vt 0.11846924 0.7290039
vt 0.12005615 0.74560547
vt 0.09643555 0.75
vt 0.095581055 0.73339844
vt 0.11846924 0.7290039
vt 0.08605957 0.73828125
vt 0.095581055 0.73339844
vt 0.09643555 0.75
vt 0.09082031 0.75634766
vt 0.08605957 0.73828125
vt 0.09082031 0.75634766
vt 0.046905518 0.75390625
vt 0.04650879 0.7348633
vt 0.09082031 0.75634766
vt 0.10308838 0.7866211
vt 0.04446411 0.7841797
vt 0.046905518 0.75390625
vt 0.095581055 0.73339844
vt 0.08270264 0.7246094
vt 0.11682129 0.7241211
vt 0.11846924 0.7290039
vt 0.08605957 0.73828125
vt 0.04650879 0.7348633
vt 0.050964355 0.7260742
vt 0.08270264 0.7246094
vt 0.80908203 0.45166016
vt 0.7988281 0.40161133
vt 0.8261719 0.40234375
vt 0.8232422 0.453125
vt 0.15075684 0.72265625
vt 0.16723633 0.7265625
vt 0.11846924 0.7290039
vt 0.11682129 0.7241211
vt 0.20739746 0.71875
vt 0.21850586 0.7290039
vt 0.18200684 0.7314453
vt 0.18225098 0.71777344
vt 0.27319336 0.75
vt 0.26904297 0.7524414
vt 0.27026367 0.73535156
vt 0.27294922 0.7324219
vt 0.28564453 0.7602539
vt 0.27319336 0.75
vt 0.34716797 0.75390625
vt 0.35302734 0.7607422
vt 0.42089844 0.75097656
vt 0.3713379 0.7441406
vt 0.38452148 0.73876953
vt 0.4255371 0.7416992
vt 0.4255371 0.7416992
vt 0.38452148 0.73876953
vt 0.39819336 0.7319336
vt 0.43530273 0.73583984
vt 0.39086914 0.7236328
vt 0.36450195 0.73828125
vt 0.36621094 0.7241211
vt 0.39331055 0.71435547
vt 0.37963867 0.85498047
vt 0.3696289 0.8198242
vt 0.41967773 0.8183594
vt 0.42895508 0.8510742
vt 0.44311523 0.84765625
vt 0.42895508 0.8510742
vt 0.41967773 0.8183594
vt 0.44091797 0.81396484
vt 0.3232422 0.8208008
vt 0.31689453 0.8144531
vt 0.37524414 0.8120117
vt 0.3696289 0.8198242
vt 0.31396484 0.82910156
vt 0.3088379 0.83935547
vt 0.3017578 0.83447266
vt 0.29101562 0.82714844
vt 0.38378906 0.08734131
vt 0.39086914 0.10961914
vt 0.38330078 0.10913086
vt 0.3737793 0.09100342
vt 0.40283203 0.10723877
vt 0.40942383 0.11065674
vt 0.39257812 0.11566162
vt 0.39086914 0.10961914
vt 0.27978516 0.85839844
vt 0.27392578 0.8359375
vt 0.28759766 0.83691406
vt 0.28686523 0.8588867
vt 0.40942383 0.11065674
vt 0.40283203 0.10723877
vt 0.40429688 0.0869751
vt 0.4152832 0.08886719
vt 0.39086914 0.10961914
vt 0.38378906 0.08734131
vt 0.40429688 0.0869751
vt 0.40283203 0.10723877
vt 0.18005371 0.8510742
vt 0.17907715 0.8232422
vt 0.23303223 0.8305664
vt 0.23059082 0.8598633
vt 0.16467285 0.8496094
vt 0.15893555 0.82714844
vt 0.17907715 0.8232422
vt 0.18005371 0.8510742
vt 0.14990234 0.828125
vt 0.15966797 0.8515625
vt 0.13708496 0.8544922
vt 0.13183594 0.8330078
vt 0.13708496 0.8544922
vt 0.1038208 0.85498047
vt 0.103515625 0.8378906
vt 0.14990234 0.828125
vt 0.1307373 0.82421875
vt 0.13256836 0.81347656
vt 0.16137695 0.8154297
vt 0.10394287 0.8095703
vt 0.13256836 0.81347656
vt 0.1307373 0.82421875
vt 0.10394287 0.8222656
vt 0.074279785 0.83154297
vt 0.103515625 0.8378906
vt 0.1038208 0.85498047
vt 0.06903076 0.85058594
vt 0.10394287 0.8222656
vt 0.074279785 0.83154297
vt 0.077819824 0.82177734
vt 0.10394287 0.8095703
vt 0.06994629 0.8222656
vt 0.072509766 0.8144531
vt 0.077819824 0.82177734
vt 0.074279785 0.83154297
vt 0.06994629 0.8222656
vt 0.03829956 0.8203125
vt 0.044921875 0.80859375
vt 0.072509766 0.8144531
vt 0.044921875 0.80859375
vt 0.03829956 0.8203125
vt 0.025741577 0.80029297
vt 0.035339355 0.7973633
vt 0.03829956 0.8203125
vt 0.034118652 0.84521484
vt 0.004360199 0.8330078
vt 0.025741577 0.80029297
vt 0.050964355 0.7260742
vt 0.041870117 0.69433594
vt 0.080444336 0.6899414
vt 0.08270264 0.7246094
vt 0.080444336 0.6899414
vt 0.11682129 0.7241211
vt 0.08270264 0.7246094
vt 0.12585449 0.68847656
vt 0.14904785 0.71728516
vt 0.15075684 0.72265625
vt 0.14904785 0.71728516
vt 0.12585449 0.68847656
vt 0.15429688 0.68652344
vt 0.15686035 0.7167969
vt 0.18225098 0.71777344
vt 0.15686035 0.7167969
vt 0.16906738 0.7109375
vt 0.18029785 0.70751953
vt 0.56591797 0.10681152
vt 0.5649414 0.11468506
vt 0.5419922 0.08660889
vt 0.5517578 0.08129883
vt 0.5883789 0.107177734
vt 0.57958984 0.10491943
vt 0.5839844 0.07720947
vt 0.5966797 0.080200195
vt 0.57958984 0.10491943
vt 0.5883789 0.107177734
vt 0.5649414 0.11468506
vt 0.56591797 0.10681152
vt 0.56591797 0.10681152
vt 0.5517578 0.08129883
vt 0.5839844 0.07720947
vt 0.57958984 0.10491943
vt 0.27441406 0.72314453
vt 0.2512207 0.68896484
vt 0.30859375 0.69873047
vt 0.31079102 0.7216797
vt 0.3491211 0.7265625
vt 0.36450195 0.73828125
vt 0.3100586 0.73339844
vt 0.3173828 0.72216797
vt 0.3173828 0.72216797
vt 0.30859375 0.69873047
vt 0.32080078 0.6972656
vt 0.3256836 0.7182617
vt 0.3256836 0.7182617
vt 0.32080078 0.6972656
vt 0.36669922 0.6928711
vt 0.36499023 0.7109375
vt 0.39331055 0.71435547
vt 0.40063477 0.7236328
vt 0.39819336 0.7319336
vt 0.39086914 0.7236328
vt 0.36669922 0.6928711
vt 0.3996582 0.69628906
vt 0.39331055 0.71435547
vt 0.36499023 0.7109375
vt 0.43530273 0.73583984
vt 0.39819336 0.7319336
vt 0.40063477 0.7236328
vt 0.43115234 0.72558594
vt 0.60791016 0.8798828
vt 0.609375 0.86279297
vt 0.58935547 0.8618164
vt 0.58984375 0.8823242
vt 0.4658203 0.71972656
vt 0.44140625 0.74853516
vt 0.43530273 0.73583984
vt 0.453125 0.7104492
vt 0.62939453 0.8745117
vt 0.6254883 0.8613281
vt 0.6201172 0.86083984
vt 0.6201172 0.8779297
vt 0.29101562 0.82714844
vt 0.2866211 0.81396484
vt 0.3022461 0.8183594
vt 0.31396484 0.82910156
vt 0.23303223 0.8305664
vt 0.17907715 0.8232422
vt 0.19812012 0.81396484
vt 0.25317383 0.8178711
vt 0.3100586 0.73339844
vt 0.27294922 0.7324219
vt 0.27441406 0.72314453
vt 0.31079102 0.7216797
vt 0.3166504 0.85839844
vt 0.31396484 0.82910156
vt 0.32202148 0.8286133
vt 0.34399414 0.8564453
vt 0.23059082 0.8598633
vt 0.23303223 0.8305664
vt 0.26342773 0.83154297
vt 0.27978516 0.85839844
vt 0.06994629 0.8222656
vt 0.06903076 0.85058594
vt 0.034118652 0.84521484
vt 0.03829956 0.8203125
vt 0.19384766 0.6870117
vt 0.20739746 0.71875
vt 0.18225098 0.71777344
vt 0.18591309 0.68652344
vt 0.2512207 0.68896484
vt 0.23962402 0.7167969
vt 0.20739746 0.71875
vt 0.19384766 0.6870117
vt 0.4350586 0.69921875
vt 0.43115234 0.72558594
vt 0.40063477 0.7236328
vt 0.3996582 0.69628906
vt 0.27319336 0.75
vt 0.27294922 0.7324219
vt 0.3100586 0.73339844
vt 0.34716797 0.75390625
vt 0.044921875 0.80859375
vt 0.04446411 0.7841797
vt 0.10308838 0.7866211
vt 0.10394287 0.8095703
vt 0.3491211 0.7265625
vt 0.3256836 0.7182617
vt 0.36499023 0.7109375
vt 0.36621094 0.7241211
vt 0.38427734 0.80810547
vt 0.41918945 0.8066406
vt 0.41967773 0.8183594
vt 0.3696289 0.8198242
vt 0.16137695 0.8154297
vt 0.19812012 0.81396484
vt 0.17907715 0.8232422
vt 0.15893555 0.82714844
vt 0.18225098 0.71777344
vt 0.18200684 0.7314453
vt 0.16723633 0.7265625
vt 0.15686035 0.7167969
vt 0.21850586 0.7290039
vt 0.20739746 0.71875
vt 0.23962402 0.7167969
vt 0.27441406 0.72314453
vt 0.27026367 0.73535156
vt 0.21850586 0.7290039
vt 0.27441406 0.72314453
vt 0.27294922 0.7324219
vt 0.29101562 0.82714844
vt 0.3017578 0.83447266
vt 0.28759766 0.83691406
vt 0.26489258 0.8276367
vt 0.26489258 0.8276367
vt 0.28759766 0.83691406
vt 0.27392578 0.8359375
vt 0.26342773 0.83154297
vt 0.3696289 0.8198242
vt 0.37963867 0.85498047
vt 0.34399414 0.8564453
vt 0.3232422 0.8208008
vt 0.10394287 0.8222656
vt 0.1307373 0.82421875
vt 0.13183594 0.8330078
vt 0.103515625 0.8378906
vt 0.15893555 0.82714844
vt 0.16467285 0.8496094
vt 0.15966797 0.8515625
vt 0.14990234 0.828125
vt 0.63720703 0.7314453
vt 0.61865234 0.734375
vt 0.6357422 0.73535156
vt 0.66015625 0.7338867
vt 0.66796875 0.7265625
vt 0.4921875 0.76123047
vt 0.4934082 0.79003906
vt 0.5151367 0.79345703
vt 0.51416016 0.75390625
vt 0.4921875 0.76123047
vt 0.48583984 0.76123047
vt 0.4885254 0.7885742
vt 0.4934082 0.79003906
vt 0.5444336 0.7910156
vt 0.51416016 0.75390625
vt 0.5151367 0.79345703
vt 0.5439453 0.75439453
vt 0.57666016 0.78808594
vt 0.5776367 0.75439453
vt 0.51416016 0.75390625
vt 0.5107422 0.7392578
vt 0.4987793 0.7397461
vt 0.4892578 0.7558594
vt 0.5048828 0.8105469
vt 0.51416016 0.80859375
vt 0.5151367 0.79345703
vt 0.49243164 0.79541016
vt 0.5151367 0.79345703
vt 0.51416016 0.80859375
vt 0.5419922 0.80029297
vt 0.5444336 0.7910156
vt 0.4987793 0.7397461
vt 0.4934082 0.7363281
vt 0.4777832 0.7446289
vt 0.4892578 0.7558594
vt 0.48535156 0.8100586
vt 0.5 0.8173828
vt 0.5048828 0.8105469
vt 0.49243164 0.79541016
vt 0.4885254 0.7885742
vt 0.48583984 0.76123047
vt 0.4675293 0.75634766
vt 0.47314453 0.7998047
vt 0.4675293 0.75634766
vt 0.46166992 0.7597656
vt 0.4645996 0.79541016
vt 0.47314453 0.7998047
vt 0.43359375 0.7626953
vt 0.43603516 0.7963867
vt 0.4645996 0.79541016
vt 0.46166992 0.7597656
vt 0.4897461 0.8183594
vt 0.48095703 0.84521484
vt 0.4963379 0.8496094
vt 0.5 0.8173828
vt 0.56884766 0.8071289
vt 0.5253906 0.81152344
vt 0.52685547 0.8515625
vt 0.57373047 0.8442383
vt 0.5253906 0.81152344
vt 0.54296875 0.80126953
vt 0.5419922 0.80029297
vt 0.51416016 0.80859375
vt 0.56884766 0.8071289
vt 0.5839844 0.80029297
vt 0.54296875 0.80126953
vt 0.5253906 0.81152344
vt 0.5839844 0.80029297
vt 0.57666016 0.78808594
vt 0.5444336 0.7910156
vt 0.54296875 0.80126953
vt 0.5966797 0.8125
vt 0.59228516 0.79785156
vt 0.5839844 0.80029297
vt 0.5942383 0.81689453
vt 0.57666016 0.78808594
vt 0.5888672 0.7915039
vt 0.58740234 0.7583008
vt 0.5776367 0.75439453
vt 0.57177734 0.7348633
vt 0.54296875 0.73535156
vt 0.5419922 0.74609375
vt 0.5859375 0.7495117
vt 0.5986328 0.73876953
vt 0.61865234 0.734375
vt 0.61865234 0.72509766
vt 0.5961914 0.7294922
vt 0.59521484 0.7866211
vt 0.59472656 0.7597656
vt 0.58740234 0.7583008
vt 0.5888672 0.7915039
vt 0.59521484 0.7866211
vt 0.5888672 0.7915039
vt 0.59228516 0.79785156
vt 0.6069336 0.79003906
vt 0.60791016 0.7553711
vt 0.59472656 0.7597656
vt 0.59521484 0.7866211
vt 0.6069336 0.79003906
vt 0.62158203 0.78759766
vt 0.6225586 0.7607422
vt 0.60791016 0.7553711
vt 0.6069336 0.79003906
vt 0.6357422 0.7524414
vt 0.6225586 0.7607422
vt 0.62158203 0.78759766
vt 0.63623047 0.7944336
vt 0.6191406 0.80908203
vt 0.62158203 0.78759766
vt 0.6069336 0.79003906
vt 0.6040039 0.8129883
vt 0.63623047 0.7944336
vt 0.62158203 0.78759766
vt 0.6191406 0.80908203
vt 0.63427734 0.8173828
vt 0.59228516 0.79785156
vt 0.5966797 0.8125
vt 0.6040039 0.8129883
vt 0.6069336 0.79003906
vt 0.5986328 0.73876953
vt 0.6015625 0.74316406
vt 0.60839844 0.7421875
vt 0.61865234 0.734375
vt 0.61865234 0.72509766
vt 0.61865234 0.734375
vt 0.63720703 0.7314453
vt 0.6386719 0.72216797
vt 0.6357422 0.7524414
vt 0.63623047 0.7944336
vt 0.65722656 0.79541016
vt 0.66064453 0.7524414
vt 0.63427734 0.8173828
vt 0.6586914 0.8178711
vt 0.65722656 0.79541016
vt 0.63623047 0.7944336
vt 0.6743164 0.73583984
vt 0.6777344 0.73339844
vt 0.66796875 0.7265625
vt 0.66015625 0.7338867
vt 0.6777344 0.73339844
vt 0.6821289 0.7319336
vt 0.6748047 0.7270508
vt 0.66796875 0.7265625
vt 0.69921875 0.7319336
vt 0.6821289 0.7319336
vt 0.6777344 0.73339844
vt 0.7109375 0.7373047
vt 0.66552734 0.7939453
vt 0.671875 0.75683594
vt 0.66064453 0.7524414
vt 0.65722656 0.79541016
vt 0.66552734 0.7939453
vt 0.67333984 0.7919922
vt 0.6748047 0.7636719
vt 0.671875 0.75683594
vt 0.6748047 0.7636719
vt 0.67333984 0.7919922
vt 0.7114258 0.7988281
vt 0.7084961 0.7578125
vt 0.6586914 0.8178711
vt 0.63427734 0.8173828
vt 0.6357422 0.8222656
vt 0.66503906 0.82470703
vt 0.63427734 0.8173828
vt 0.6191406 0.80908203
vt 0.61572266 0.8208008
vt 0.6357422 0.8222656
vt 0.6040039 0.8129883
vt 0.5966797 0.8125
vt 0.5942383 0.81689453
vt 0.61572266 0.8208008
vt 0.6357422 0.8222656
vt 0.61572266 0.8208008
vt 0.61083984 0.8510742
vt 0.6347656 0.8540039
vt 0.6347656 0.8540039
vt 0.66503906 0.82470703
vt 0.6645508 0.85595703
vt 0.6899414 0.8286133
vt 0.66503906 0.82470703
vt 0.6645508 0.85595703
vt 0.69873047 0.85498047
vt 0.70458984 0.85302734
vt 0.69677734 0.8251953
vt 0.6899414 0.8286133
vt 0.69873047 0.85498047
vt 0.6899414 0.8286133
vt 0.69677734 0.8251953
vt 0.67285156 0.81689453
vt 0.66503906 0.82470703
vt 0.7114258 0.7988281
vt 0.75146484 0.7871094
vt 0.7470703 0.75683594
vt 0.7084961 0.7578125
vt 0.75097656 0.78759766
vt 0.74853516 0.7583008
vt 0.7470703 0.75683594
vt 0.75146484 0.7871094
vt 0.76416016 0.796875
vt 0.75097656 0.78759766
vt 0.75146484 0.7871094
vt 0.76171875 0.80078125
vt 0.75683594 0.7446289
vt 0.72802734 0.7426758
vt 0.72753906 0.7470703
vt 0.7573242 0.75097656
vt 0.7138672 0.74121094
vt 0.72802734 0.7426758
vt 0.72802734 0.73291016
vt 0.7114258 0.7324219
vt 0.72802734 0.7426758
vt 0.75683594 0.7446289
vt 0.7573242 0.7348633
vt 0.72802734 0.73291016
vt 0.8105469 0.10406494
vt 0.8095703 0.08758545
vt 0.80371094 0.08325195
vt 0.8051758 0.10961914
vt 0.7753906 0.74560547
vt 0.78222656 0.75927734
vt 0.7885742 0.7573242
vt 0.79345703 0.7451172
vt 0.7885742 0.7573242
vt 0.78222656 0.75927734
vt 0.7866211 0.78808594
vt 0.7910156 0.7919922
vt 0.80371094 0.7451172
vt 0.7885742 0.7573242
vt 0.7910156 0.7919922
vt 0.8066406 0.8120117
vt 0.7319336 0.8173828
vt 0.76416016 0.81640625
vt 0.76171875 0.80078125
vt 0.71728516 0.81689453
vt 0.76904297 0.80126953
vt 0.76416016 0.796875
vt 0.76171875 0.80078125
vt 0.76416016 0.81640625
vt 0.7319336 0.8173828
vt 0.73046875 0.85302734
vt 0.76123047 0.8540039
vt 0.76416016 0.81640625
vt 0.73046875 0.85302734
vt 0.7319336 0.8173828
vt 0.71191406 0.82128906
vt 0.70458984 0.85302734
vt 0.76416016 0.81640625
vt 0.76123047 0.8540039
vt 0.7973633 0.85546875
vt 0.7939453 0.8183594
vt 0.7792969 0.80029297
vt 0.76904297 0.80126953
vt 0.76416016 0.81640625
vt 0.7939453 0.8183594
vt 0.81884766 0.08526611
vt 0.8095703 0.08758545
vt 0.8105469 0.10406494
vt 0.81884766 0.10821533
vt 0.81884766 0.10821533
vt 0.8105469 0.10406494
vt 0.8051758 0.10961914
vt 0.81152344 0.11730957
vt 0.81152344 0.11730957
vt 0.8051758 0.10961914
vt 0.7993164 0.11029053
vt 0.8027344 0.12036133
vt 0.79785156 0.12054443
vt 0.8027344 0.12036133
vt 0.7993164 0.11029053
vt 0.7939453 0.107299805
vt 0.7939453 0.8183594
vt 0.7973633 0.85546875
vt 0.81689453 0.8544922
vt 0.8066406 0.8120117
vt 0.7910156 0.7919922
vt 0.7866211 0.78808594
vt 0.7792969 0.80029297
vt 0.7939453 0.8183594
vt 0.8066406 0.8120117
vt 0.81689453 0.8544922
vt 0.84521484 0.8432617
vt 0.8227539 0.81103516
vt 0.84521484 0.8432617
vt 0.8725586 0.80908203
vt 0.8354492 0.7963867
vt 0.8227539 0.81103516
vt 0.8227539 0.81103516
vt 0.8354492 0.7963867
vt 0.8388672 0.75439453
vt 0.828125 0.7426758
vt 0.8725586 0.80908203
vt 0.8808594 0.75878906
vt 0.8388672 0.75439453
vt 0.8354492 0.7963867
vt 0.70458984 0.7163086
vt 0.7470703 0.71777344
vt 0.74609375 0.6977539
vt 0.7001953 0.7011719
vt 0.80371094 0.7451172
vt 0.8066406 0.8120117
vt 0.8227539 0.81103516
vt 0.828125 0.7426758
vt 0.5048828 0.8105469
vt 0.4963379 0.8496094
vt 0.52685547 0.8515625
vt 0.5253906 0.81152344
vt 0.5810547 0.84228516
vt 0.5839844 0.80029297
vt 0.56884766 0.8071289
vt 0.57373047 0.8442383
vt 0.5986328 0.73876953
vt 0.5859375 0.7495117
vt 0.5913086 0.75341797
vt 0.6015625 0.74316406
vt 0.6699219 0.80029297
vt 0.65722656 0.79541016
vt 0.6586914 0.8178711
vt 0.67285156 0.81689453
vt 0.5942383 0.81689453
vt 0.5839844 0.84521484
vt 0.61083984 0.8510742
vt 0.61572266 0.8208008
vt 0.75683594 0.7446289
vt 0.7583008 0.75390625
vt 0.76904297 0.7504883
vt 0.7753906 0.74560547
vt 0.4987793 0.7397461
vt 0.52246094 0.73583984
vt 0.5180664 0.72558594
vt 0.4934082 0.7363281
vt 0.5395508 0.74902344
vt 0.5419922 0.74609375
vt 0.52246094 0.73583984
vt 0.5107422 0.7392578
vt 0.61865234 0.734375
vt 0.60839844 0.7421875
vt 0.62402344 0.7475586
vt 0.6357422 0.73535156
vt 0.6821289 0.7319336
vt 0.69921875 0.7319336
vt 0.6948242 0.72509766
vt 0.6748047 0.7270508
vt 0.67333984 0.7919922
vt 0.67285156 0.81689453
vt 0.69677734 0.8251953
vt 0.7114258 0.7988281
vt 0.7939453 0.107299805
vt 0.8051758 0.10961914
vt 0.80371094 0.08325195
vt 0.79589844 0.086120605
vt 0.58496094 0.20178223
vt 0.57958984 0.1932373
vt 0.5493164 0.1986084
vt 0.546875 0.20629883
vt 0.7729492 0.64941406
vt 0.80126953 0.6401367
vt 0.7949219 0.6196289
vt 0.76953125 0.62890625
vt 0.76953125 0.62890625
vt 0.7949219 0.6196289
vt 0.79541016 0.59716797
vt 0.76904297 0.5883789
vt 0.79541016 0.59716797
vt 0.7949219 0.6196289
vt 0.8149414 0.62158203
vt 0.81591797 0.5961914
vt 0.74121094 0.64990234
vt 0.76953125 0.62890625
vt 0.7211914 0.6303711
vt 0.7729492 0.64941406
vt 0.74121094 0.64990234
vt 0.75439453 0.66015625
vt 0.7734375 0.6772461
vt 0.76953125 0.62890625
vt 0.76904297 0.5883789
vt 0.73339844 0.58691406
vt 0.7211914 0.6303711
vt 0.7211914 0.6303711
vt 0.70996094 0.6298828
vt 0.7055664 0.6479492
vt 0.74121094 0.64990234
vt 0.7089844 0.5883789
vt 0.70996094 0.6298828
vt 0.7211914 0.6303711
vt 0.73339844 0.58691406
vt 0.7026367 0.5942383
vt 0.703125 0.62646484
vt 0.70996094 0.6298828
vt 0.7089844 0.5883789
vt 0.6972656 0.62890625
vt 0.69970703 0.64941406
vt 0.7055664 0.6479492
vt 0.703125 0.62646484
vt 0.70751953 0.56103516
vt 0.7001953 0.56933594
vt 0.7060547 0.57128906
vt 0.7324219 0.56152344
vt 0.6899414 0.6489258
vt 0.69970703 0.64941406
vt 0.6972656 0.62890625
vt 0.6845703 0.62646484
vt 0.6850586 0.5600586
vt 0.68603516 0.56640625
vt 0.7001953 0.56933594
vt 0.70751953 0.56103516
vt 0.6845703 0.62646484
vt 0.6850586 0.5932617
vt 0.6821289 0.5908203
vt 0.6821289 0.62939453
vt 0.6899414 0.6489258
vt 0.6845703 0.62646484
vt 0.6821289 0.62939453
vt 0.68603516 0.6538086
vt 0.6616211 0.6586914
vt 0.68603516 0.6538086
vt 0.6821289 0.62939453
vt 0.6513672 0.63183594
vt 0.74121094 0.64990234
vt 0.73291016 0.65625
vt 0.7363281 0.6694336
vt 0.75439453 0.66015625
vt 0.7734375 0.6772461
vt 0.75439453 0.66015625
vt 0.7363281 0.6694336
vt 0.7285156 0.6875
vt 0.67333984 0.6713867
vt 0.68066406 0.67285156
vt 0.6855469 0.66845703
vt 0.68359375 0.6611328
vt 0.6801758 0.69189453
vt 0.68066406 0.67285156
vt 0.67333984 0.6713867
vt 0.6743164 0.6904297
vt 0.65283203 0.66503906
vt 0.64990234 0.6899414
vt 0.6582031 0.69091797
vt 0.6616211 0.6586914
vt 0.64501953 0.69091797
vt 0.64990234 0.6899414
vt 0.65283203 0.66503906
vt 0.6386719 0.65966797
vt 0.64501953 0.69091797
vt 0.6386719 0.65966797
vt 0.63134766 0.6660156
vt 0.6274414 0.6953125
vt 0.6274414 0.6953125
vt 0.63134766 0.6660156
vt 0.5996094 0.6640625
vt 0.58984375 0.69091797
vt 0.6269531 0.65722656
vt 0.59716797 0.6567383
vt 0.5996094 0.6640625
vt 0.63134766 0.6660156
vt 0.6513672 0.63183594
vt 0.6298828 0.62890625
vt 0.6386719 0.65966797
vt 0.6616211 0.6586914
vt 0.6298828 0.62890625
vt 0.6254883 0.6308594
vt 0.6269531 0.65722656
vt 0.6386719 0.65966797
vt 0.6254883 0.6308594
vt 0.6298828 0.62890625
vt 0.63134766 0.5913086
vt 0.6274414 0.5883789
vt 0.5883789 0.66308594
vt 0.5810547 0.6870117
vt 0.58984375 0.69091797
vt 0.5996094 0.6640625
vt 0.5830078 0.6513672
vt 0.5800781 0.65771484
vt 0.5883789 0.66308594
vt 0.59716797 0.6567383
vt 0.56152344 0.6621094
vt 0.55566406 0.6826172
vt 0.5810547 0.6870117
vt 0.5883789 0.66308594
vt 0.5888672 0.62939453
vt 0.6254883 0.6308594
vt 0.6274414 0.5883789
vt 0.5913086 0.58496094
vt 0.5830078 0.6513672
vt 0.5888672 0.62939453
vt 0.5834961 0.62597656
vt 0.57470703 0.64990234
vt 0.5913086 0.58496094
vt 0.5864258 0.5859375
vt 0.5834961 0.62597656
vt 0.5888672 0.62939453
vt 0.5800781 0.65771484
vt 0.5776367 0.6533203
vt 0.56396484 0.6538086
vt 0.56152344 0.6621094
vt 0.57470703 0.64990234
vt 0.5834961 0.62597656
vt 0.56689453 0.62353516
vt 0.55615234 0.64501953
vt 0.56689453 0.62353516
vt 0.5834961 0.62597656
vt 0.5864258 0.5859375
vt 0.55810547 0.58496094
vt 0.56152344 0.6621094
vt 0.56396484 0.6538086
vt 0.5527344 0.64941406
vt 0.5366211 0.6772461
vt 0.52734375 0.6425781
vt 0.5180664 0.671875
vt 0.5366211 0.6772461
vt 0.5527344 0.64941406
vt 0.49414062 0.62890625
vt 0.4819336 0.6557617
vt 0.5180664 0.671875
vt 0.52734375 0.6425781
vt 0.52734375 0.6425781
vt 0.5214844 0.62939453
vt 0.5097656 0.62646484
vt 0.49414062 0.62890625
vt 0.4819336 0.6557617
vt 0.49414062 0.62890625
vt 0.47875977 0.62158203
vt 0.46044922 0.64208984
vt 0.49414062 0.62890625
vt 0.5097656 0.62646484
vt 0.5019531 0.6152344
vt 0.47875977 0.62158203
vt 0.44995117 0.5932617
vt 0.44799805 0.6196289
vt 0.47045898 0.6220703
vt 0.47216797 0.59472656
vt 0.55615234 0.64501953
vt 0.56689453 0.62353516
vt 0.55615234 0.6225586
vt 0.54345703 0.64208984
vt 0.5371094 0.61621094
vt 0.5214844 0.62939453
vt 0.54345703 0.64208984
vt 0.55615234 0.6225586
vt 0.55810547 0.58496094
vt 0.53759766 0.5878906
vt 0.5371094 0.61621094
vt 0.55615234 0.6225586
vt 0.5371094 0.61621094
vt 0.5341797 0.61279297
vt 0.5185547 0.62109375
vt 0.5214844 0.62939453
vt 0.5336914 0.5908203
vt 0.5341797 0.61279297
vt 0.5371094 0.61621094
vt 0.53759766 0.5878906
vt 0.51708984 0.57177734
vt 0.5292969 0.56933594
vt 0.53759766 0.5576172
vt 0.5029297 0.5673828
vt 0.5083008 0.5834961
vt 0.5029297 0.5673828
vt 0.4777832 0.56884766
vt 0.47216797 0.59472656
vt 0.47216797 0.59472656
vt 0.5019531 0.6152344
vt 0.47875977 0.62158203
vt 0.47216797 0.59472656
vt 0.4777832 0.56884766
vt 0.45483398 0.5649414
vt 0.44995117 0.5932617
vt 0.50146484 0.5595703
vt 0.5029297 0.5673828
vt 0.53759766 0.5576172
vt 0.5366211 0.5488281
vt 0.5727539 0.5473633
vt 0.5366211 0.5488281
vt 0.53759766 0.5576172
vt 0.5732422 0.55615234
vt 0.6538086 0.56396484
vt 0.6567383 0.5576172
vt 0.65283203 0.55322266
vt 0.6386719 0.5644531
vt 0.6274414 0.5703125
vt 0.63378906 0.5698242
vt 0.63183594 0.56689453
vt 0.61279297 0.56640625
vt 0.61279297 0.56640625
vt 0.63183594 0.56689453
vt 0.63134766 0.5566406
vt 0.6015625 0.5493164
vt 0.63134766 0.5566406
vt 0.63183594 0.56689453
vt 0.6386719 0.5644531
vt 0.65283203 0.55322266
vt 0.5727539 0.5473633
vt 0.5732422 0.55615234
vt 0.5854492 0.55908203
vt 0.6015625 0.5493164
vt 0.7324219 0.56152344
vt 0.73583984 0.5522461
vt 0.72265625 0.5541992
vt 0.70751953 0.56103516
vt 0.6855469 0.66845703
vt 0.70654297 0.65722656
vt 0.68359375 0.6611328
vt 0.7363281 0.6694336
vt 0.7285156 0.6875
vt 0.6855469 0.66845703
vt 0.68066406 0.67285156
vt 0.6748047 0.546875
vt 0.6567383 0.5576172
vt 0.6850586 0.5600586
vt 0.6899414 0.5546875
vt 0.6254883 0.6308594
vt 0.5888672 0.62939453
vt 0.59716797 0.6567383
vt 0.6269531 0.65722656
vt 0.56396484 0.6538086
vt 0.57470703 0.64990234
vt 0.55615234 0.64501953
vt 0.5527344 0.64941406
vt 0.6958008 0.5498047
vt 0.6850586 0.5600586
vt 0.70751953 0.56103516
vt 0.72265625 0.5541992
vt 0.6845703 0.62646484
vt 0.6972656 0.62890625
vt 0.69677734 0.59033203
vt 0.6850586 0.5932617
vt 0.6972656 0.62890625
vt 0.703125 0.62646484
vt 0.7026367 0.5942383
vt 0.69677734 0.59033203
vt 0.65185547 0.5888672
vt 0.6513672 0.63183594
vt 0.6821289 0.62939453
vt 0.6821289 0.5908203
vt 0.6298828 0.62890625
vt 0.6513672 0.63183594
vt 0.65185547 0.5888672
vt 0.63134766 0.5913086
vt 0.55371094 0.56347656
vt 0.53759766 0.5576172
vt 0.5292969 0.56933594
vt 0.5732422 0.55615234
vt 0.58251953 0.5620117
vt 0.5854492 0.55908203
vt 0.6616211 0.6586914
vt 0.68359375 0.6611328
vt 0.68603516 0.6538086
vt 0.69970703 0.64941406
vt 0.70654297 0.65722656
vt 0.7729492 0.64941406
vt 0.7734375 0.6772461
vt 0.8071289 0.66845703
vt 0.80126953 0.6401367
vt 0.81591797 0.5961914
vt 0.8149414 0.62158203
vt 0.84277344 0.62402344
vt 0.84375 0.59521484
vt 0.6582031 0.69091797
vt 0.6743164 0.6904297
vt 0.67333984 0.6713867
vt 0.6616211 0.6586914
vt 0.73291016 0.65625
vt 0.74121094 0.64990234
vt 0.7055664 0.6479492
vt 0.70654297 0.65722656
vt 0.38476562 0.6269531
vt 0.41967773 0.625
vt 0.4177246 0.6069336
vt 0.3798828 0.6088867
vt 0.3798828 0.6088867
vt 0.4177246 0.6069336
vt 0.4206543 0.58496094
vt 0.35327148 0.57958984
vt 0.37304688 0.61572266
vt 0.35327148 0.57958984
vt 0.30249023 0.6166992
vt 0.30249023 0.6166992
vt 0.28564453 0.57958984
vt 0.2854004 0.6118164
vt 0.24987793 0.61376953
vt 0.2854004 0.6118164
vt 0.22058105 0.5722656
vt 0.18920898 0.609375
vt 0.18457031 0.5732422
vt 0.37304688 0.61572266
vt 0.37573242 0.6308594
vt 0.38476562 0.6269531
vt 0.3798828 0.6088867
vt 0.8022461 0.23352051
vt 0.80029297 0.2442627
vt 0.8173828 0.2442627
vt 0.81933594 0.2319336
vt 0.3173828 0.63378906
vt 0.37573242 0.6308594
vt 0.37304688 0.61572266
vt 0.30249023 0.6166992
vt 0.30249023 0.6166992
vt 0.2854004 0.6118164
vt 0.28710938 0.6333008
vt 0.30273438 0.6376953
vt 0.35327148 0.57958984
vt 0.4206543 0.58496094
vt 0.42089844 0.5786133
vt 0.3474121 0.5727539
vt 0.2536621 0.63720703
vt 0.28710938 0.6333008
vt 0.2854004 0.6118164
vt 0.24987793 0.61376953
vt 0.265625 0.64697266
vt 0.2915039 0.6464844
vt 0.28710938 0.6333008
vt 0.2536621 0.63720703
vt 0.1986084 0.63427734
vt 0.2536621 0.63720703
vt 0.24987793 0.61376953
vt 0.18920898 0.609375
vt 0.16821289 0.5703125
vt 0.13415527 0.6088867
vt 0.18920898 0.609375
vt 0.12005615 0.56640625
vt 0.09088135 0.57666016
vt 0.09643555 0.5708008
vt 0.13415527 0.6088867
vt 0.13293457 0.63378906
vt 0.16186523 0.6357422
vt 0.18920898 0.609375
vt 0.103393555 0.6074219
vt 0.10430908 0.6303711
vt 0.13293457 0.63378906
vt 0.21838379 0.5488281
vt 0.18188477 0.55126953
vt 0.18457031 0.5732422
vt 0.22058105 0.5722656
vt 0.16821289 0.5703125
vt 0.18457031 0.5732422
vt 0.18188477 0.55126953
vt 0.16711426 0.546875
vt 0.22058105 0.5722656
vt 0.26904297 0.5722656
vt 0.27001953 0.5546875
vt 0.21838379 0.5488281
vt 0.16711426 0.546875
vt 0.11834717 0.5498047
vt 0.12005615 0.56640625
vt 0.16821289 0.5703125
vt 0.12005615 0.56640625
vt 0.11834717 0.5498047
vt 0.095458984 0.55371094
vt 0.09643555 0.5708008
vt 0.0859375 0.55908203
vt 0.09088135 0.57666016
vt 0.09643555 0.5708008
vt 0.095458984 0.55371094
vt 0.0859375 0.55908203
vt 0.04638672 0.55615234
vt 0.046905518 0.5751953
vt 0.09088135 0.57666016
vt 0.09088135 0.57666016
vt 0.046905518 0.5751953
vt 0.044677734 0.60546875
vt 0.103393555 0.6074219
vt 0.2722168 0.24536133
vt 0.25952148 0.24023438
vt 0.25634766 0.26635742
vt 0.27075195 0.27392578
vt 0.095458984 0.55371094
vt 0.11834717 0.5498047
vt 0.11663818 0.5449219
vt 0.08251953 0.54541016
vt 0.0859375 0.55908203
vt 0.08251953 0.54541016
vt 0.050811768 0.5473633
vt 0.04638672 0.55615234
vt 0.28027344 0.24609375
vt 0.2722168 0.24536133
vt 0.27075195 0.27392578
vt 0.2861328 0.27441406
vt 0.15063477 0.54296875
vt 0.11663818 0.5449219
vt 0.11834717 0.5498047
vt 0.16711426 0.546875
vt 0.20727539 0.5390625
vt 0.1821289 0.53759766
vt 0.18188477 0.55126953
vt 0.21838379 0.5488281
vt 0.27319336 0.5698242
vt 0.27294922 0.5517578
vt 0.27001953 0.5546875
vt 0.26904297 0.5722656
vt 0.28564453 0.57958984
vt 0.35327148 0.57958984
vt 0.3474121 0.5727539
vt 0.27319336 0.5698242
vt 0.42089844 0.56933594
vt 0.4255371 0.5600586
vt 0.38452148 0.5576172
vt 0.37158203 0.5629883
vt 0.4255371 0.5600586
vt 0.43530273 0.5541992
vt 0.39819336 0.55029297
vt 0.38452148 0.5576172
vt 0.39086914 0.54248047
vt 0.3930664 0.5332031
vt 0.3659668 0.54296875
vt 0.36450195 0.5571289
vt 0.3803711 0.6738281
vt 0.42993164 0.6694336
vt 0.42041016 0.63720703
vt 0.3701172 0.6386719
vt 0.44384766 0.6660156
vt 0.4416504 0.6323242
vt 0.42041016 0.63720703
vt 0.42993164 0.6694336
vt 0.3239746 0.6401367
vt 0.3701172 0.6386719
vt 0.37573242 0.6308594
vt 0.3173828 0.63378906
vt 0.31469727 0.6484375
vt 0.2915039 0.6464844
vt 0.3022461 0.6538086
vt 0.30932617 0.6586914
vt 0.77685547 0.5449219
vt 0.7709961 0.53564453
vt 0.7553711 0.54833984
vt 0.75634766 0.55615234
vt 0.7607422 0.5673828
vt 0.75634766 0.55615234
vt 0.7504883 0.55908203
vt 0.75878906 0.57470703
vt 0.28076172 0.6777344
vt 0.28759766 0.67822266
vt 0.28808594 0.65625
vt 0.2746582 0.6557617
vt 0.75878906 0.57470703
vt 0.78125 0.5761719
vt 0.7807617 0.5649414
vt 0.7607422 0.5673828
vt 0.75634766 0.55615234
vt 0.7607422 0.5673828
vt 0.7807617 0.5649414
vt 0.77685547 0.5449219
vt 0.18078613 0.6713867
vt 0.23144531 0.6796875
vt 0.23364258 0.6503906
vt 0.17956543 0.6435547
vt 0.16540527 0.6699219
vt 0.18078613 0.6713867
vt 0.17956543 0.6435547
vt 0.15942383 0.64746094
vt 0.1505127 0.6484375
vt 0.13781738 0.6748047
vt 0.16040039 0.671875
vt 0.13244629 0.6533203
vt 0.10412598 0.6586914
vt 0.10455322 0.67578125
vt 0.13781738 0.6748047
vt 0.1505127 0.6484375
vt 0.16186523 0.6357422
vt 0.13293457 0.63378906
vt 0.13122559 0.64453125
vt 0.10430908 0.6303711
vt 0.10449219 0.6430664
vt 0.13122559 0.64453125
vt 0.13293457 0.63378906
vt 0.0748291 0.65234375
vt 0.06970215 0.6713867
vt 0.10455322 0.67578125
vt 0.10412598 0.6586914
vt 0.10449219 0.6430664
vt 0.10430908 0.6303711
vt 0.078308105 0.6430664
vt 0.0748291 0.65234375
vt 0.07043457 0.6430664
vt 0.0748291 0.65234375
vt 0.078308105 0.6430664
vt 0.07293701 0.6352539
vt 0.07043457 0.6430664
vt 0.07293701 0.6352539
vt 0.045318604 0.6298828
vt 0.03878784 0.6411133
vt 0.045318604 0.6298828
vt 0.03567505 0.61865234
vt 0.026062012 0.62158203
vt 0.03878784 0.6411133
vt 0.03878784 0.6411133
vt 0.026062012 0.62158203
vt 0.0049057007 0.6542969
vt 0.03475952 0.6665039
vt 0.050811768 0.5473633
vt 0.08251953 0.54541016
vt 0.08001709 0.5107422
vt 0.04147339 0.5151367
vt 0.04147339 0.5151367
vt 0.025360107 0.5185547
vt 0.028839111 0.5517578
vt 0.050811768 0.5473633
vt 0.08001709 0.5107422
vt 0.08251953 0.54541016
vt 0.11663818 0.5449219
vt 0.12536621 0.50927734
vt 0.14892578 0.53759766
vt 0.15063477 0.54296875
vt 0.14892578 0.53759766
vt 0.15673828 0.5371094
vt 0.15393066 0.50683594
vt 0.12536621 0.50927734
vt 0.1821289 0.53759766
vt 0.18005371 0.52734375
vt 0.16882324 0.53125
vt 0.15673828 0.5371094
vt 0.5229492 0.4296875
vt 0.51171875 0.4099121
vt 0.50439453 0.4140625
vt 0.52197266 0.43579102
vt 0.54003906 0.42993164
vt 0.5463867 0.4091797
vt 0.5366211 0.40698242
vt 0.5332031 0.42822266
vt 0.5332031 0.42822266
vt 0.5229492 0.4296875
vt 0.52197266 0.43579102
vt 0.54003906 0.42993164
vt 0.5229492 0.4296875
vt 0.5332031 0.42822266
vt 0.5366211 0.40698242
vt 0.51171875 0.4099121
vt 0.27416992 0.54296875
vt 0.31054688 0.5410156
vt 0.3083496 0.5180664
vt 0.25073242 0.5083008
vt 0.34887695 0.54541016
vt 0.31713867 0.5415039
vt 0.30981445 0.5522461
vt 0.36450195 0.5571289
vt 0.31713867 0.5415039
vt 0.32543945 0.53759766
vt 0.32055664 0.51660156
vt 0.3083496 0.5180664
vt 0.32543945 0.53759766
vt 0.3647461 0.52978516
vt 0.36645508 0.51171875
vt 0.32055664 0.51660156
vt 0.3930664 0.5332031
vt 0.39086914 0.54248047
vt 0.39819336 0.55029297
vt 0.40039062 0.5419922
vt 0.36645508 0.51171875
vt 0.3647461 0.52978516
vt 0.3930664 0.5332031
vt 0.39941406 0.51464844
vt 0.43530273 0.5541992
vt 0.4309082 0.5439453
vt 0.40039062 0.5419922
vt 0.39819336 0.55029297
vt 0.4309082 0.5439453
vt 0.43530273 0.5541992
vt 0.45288086 0.5288086
vt 0.43481445 0.5175781
vt 0.2861328 0.27441406
vt 0.31469727 0.2746582
vt 0.3125 0.2446289
vt 0.28027344 0.24609375
vt 0.81933594 0.2319336
vt 0.82177734 0.21374512
vt 0.80126953 0.21350098
vt 0.8022461 0.23352051
vt 0.4658203 0.53808594
vt 0.45288086 0.5288086
vt 0.43530273 0.5541992
vt 0.44140625 0.56640625
vt 0.81396484 0.2536621
vt 0.8173828 0.2442627
vt 0.80029297 0.2442627
vt 0.80078125 0.24951172
vt 0.2915039 0.6464844
vt 0.31469727 0.6484375
vt 0.30273438 0.6376953
vt 0.28710938 0.6333008
vt 0.23364258 0.6503906
vt 0.2536621 0.63720703
vt 0.1986084 0.63427734
vt 0.17956543 0.6435547
vt 0.30981445 0.5522461
vt 0.31054688 0.5410156
vt 0.27416992 0.54296875
vt 0.27294922 0.5517578
vt 0.3173828 0.6777344
vt 0.34472656 0.67529297
vt 0.3227539 0.64746094
vt 0.31469727 0.6484375
vt 0.23144531 0.6796875
vt 0.28076172 0.6777344
vt 0.26391602 0.6513672
vt 0.23364258 0.6503906
vt 0.07043457 0.6430664
vt 0.03878784 0.6411133
vt 0.03475952 0.6665039
vt 0.06970215 0.6713867
vt 0.19348145 0.5073242
vt 0.18554688 0.50683594
vt 0.1821289 0.53759766
vt 0.20727539 0.5390625
vt 0.25073242 0.5083008
vt 0.19348145 0.5073242
vt 0.20727539 0.5390625
vt 0.23937988 0.5366211
vt 0.43481445 0.5175781
vt 0.39941406 0.51464844
vt 0.40039062 0.5419922
vt 0.4309082 0.5439453
vt 0.27319336 0.5698242
vt 0.3474121 0.5727539
vt 0.30981445 0.5522461
vt 0.27294922 0.5517578
vt 0.045318604 0.6298828
vt 0.10430908 0.6303711
vt 0.103393555 0.6074219
vt 0.044677734 0.60546875
vt 0.34887695 0.54541016
vt 0.3659668 0.54296875
vt 0.3647461 0.52978516
vt 0.32543945 0.53759766
vt 0.38476562 0.6269531
vt 0.3701172 0.6386719
vt 0.42041016 0.63720703
vt 0.41967773 0.625
vt 0.16186523 0.6357422
vt 0.15942383 0.64746094
vt 0.17956543 0.6435547
vt 0.1986084 0.63427734
vt 0.1821289 0.53759766
vt 0.15673828 0.5371094
vt 0.16711426 0.546875
vt 0.18188477 0.55126953
vt 0.21838379 0.5488281
vt 0.27416992 0.54296875
vt 0.23937988 0.5366211
vt 0.20727539 0.5390625
vt 0.27001953 0.5546875
vt 0.27294922 0.5517578
vt 0.27416992 0.54296875
vt 0.21838379 0.5488281
vt 0.2915039 0.6464844
vt 0.265625 0.64697266
vt 0.28808594 0.65625
vt 0.3022461 0.6538086
vt 0.265625 0.64697266
vt 0.26391602 0.6513672
vt 0.2746582 0.6557617
vt 0.28808594 0.65625
vt 0.3701172 0.6386719
vt 0.3239746 0.6401367
vt 0.34472656 0.67529297
vt 0.3803711 0.6738281
vt 0.10449219 0.6430664
vt 0.10412598 0.6586914
vt 0.13244629 0.6533203
vt 0.13122559 0.64453125
vt 0.15942383 0.64746094
vt 0.1505127 0.6484375
vt 0.16040039 0.671875
vt 0.16540527 0.6699219
vt 0.6118164 0.13183594
vt 0.6069336 0.13317871
vt 0.61328125 0.14208984
vt 0.6074219 0.12695312
vt 0.45458984 0.1348877
vt 0.48217773 0.1307373
vt 0.47607422 0.1159668
vt 0.44702148 0.11871338
vt 0.37426758 0.06402588
vt 0.35839844 0.08203125
vt 0.40527344 0.07513428
vt 0.34814453 0.078552246
vt 0.3178711 0.0637207
vt 0.44702148 0.11871338
vt 0.4440918 0.07525635
vt 0.43188477 0.08135986
vt 0.4333496 0.11755371
vt 0.023452759 0.06329346
vt 0.066345215 0.07116699
vt 0.06518555 0.06085205
vt 0.030014038 0.04638672
vt 0.7626953 0.07647705
vt 0.77441406 0.06915283
vt 0.75634766 0.06518555
vt 0.75 0.07305908
vt 0.77441406 0.06915283
vt 0.7626953 0.07647705
vt 0.76660156 0.081848145
vt 0.77685547 0.07598877
vt 0.75 0.07305908
vt 0.75634766 0.06518555
vt 0.74072266 0.06112671
vt 0.7397461 0.06878662
vt 0.68066406 0.0501709
vt 0.6513672 0.051879883
vt 0.65283203 0.06915283
vt 0.68115234 0.06573486
vt 0.67089844 0.08294678
vt 0.68115234 0.06573486
vt 0.65283203 0.06915283
vt 0.65478516 0.08166504
vt 0.7832031 0.05053711
vt 0.7324219 0.039001465
vt 0.74072266 0.051727295
vt 0.7753906 0.059051514
vt 0.79003906 0.021774292
vt 0.7338867 0.009796143
vt 0.7324219 0.039001465
vt 0.7832031 0.05053711
vt 0.66796875 0.04034424
vt 0.7011719 0.041168213
vt 0.69628906 0.033721924
vt 0.6669922 0.029205322
vt 0.6669922 0.029205322
vt 0.6435547 0.026138306
vt 0.64501953 0.04058838
vt 0.66796875 0.04034424
vt 0.6796875 0.022613525
vt 0.6669922 0.029205322
vt 0.69628906 0.033721924
vt 0.69384766 0.025543213
vt 0.69384766 0.025543213
vt 0.70947266 0.010810852
vt 0.6826172 0.003993988
vt 0.6796875 0.022613525
vt 0.65478516 0.08166504
vt 0.65283203 0.06915283
vt 0.64990234 0.07507324
vt 0.6508789 0.08502197
vt 0.6328125 0.028823853
vt 0.62060547 0.048828125
vt 0.64501953 0.04058838
vt 0.6435547 0.026138306
vt 0.6142578 0.037994385
vt 0.60498047 0.047424316
vt 0.62060547 0.048828125
vt 0.62353516 0.039855957
vt 0.6435547 0.05419922
vt 0.62060547 0.048828125
vt 0.62646484 0.072143555
vt 0.64990234 0.07507324
vt 0.62646484 0.072143555
vt 0.62060547 0.048828125
vt 0.6098633 0.060455322
vt 0.61035156 0.07788086
vt 0.6435547 0.026138306
vt 0.64990234 0.01083374
vt 0.63183594 0.014892578
vt 0.6328125 0.028823853
vt 0.48657227 0.42138672
vt 0.49072266 0.40820312
vt 0.47680664 0.42407227
vt 0.47558594 0.42797852
vt 0.47680664 0.42407227
vt 0.49072266 0.40820312
vt 0.4711914 0.40356445
vt 0.46948242 0.42041016
vt 0.46948242 0.42041016
vt 0.46313477 0.4255371
vt 0.47558594 0.42797852
vt 0.47680664 0.42407227
vt 0.6826172 0.003993988
vt 0.6582031 0.0061149597
vt 0.66308594 0.019302368
vt 0.6796875 0.022613525
vt 0.65478516 0.08166504
vt 0.6508789 0.08502197
vt 0.6694336 0.0871582
vt 0.67089844 0.08294678
vt 0.71191406 0.0904541
vt 0.71533203 0.08618164
vt 0.67089844 0.08294678
vt 0.6694336 0.0871582
vt 0.7270508 0.08679199
vt 0.71533203 0.08618164
vt 0.71777344 0.113098145
vt 0.73046875 0.111694336
vt 0.73046875 0.111694336
vt 0.7446289 0.11779785
vt 0.74658203 0.0892334
vt 0.7270508 0.08679199
vt 0.74658203 0.0892334
vt 0.7841797 0.089782715
vt 0.76660156 0.081848145
vt 0.74658203 0.085510254
vt 0.7705078 0.13476562
vt 0.7836914 0.13342285
vt 0.78027344 0.11126709
vt 0.76953125 0.1182251
vt 0.7441406 0.12915039
vt 0.7705078 0.13476562
vt 0.76953125 0.1182251
vt 0.7446289 0.11779785
vt 0.7446289 0.11779785
vt 0.73046875 0.111694336
vt 0.73339844 0.12231445
vt 0.7441406 0.12915039
vt 0.71777344 0.12084961
vt 0.73339844 0.12231445
vt 0.73046875 0.111694336
vt 0.71777344 0.113098145
vt 0.7314453 0.13806152
vt 0.75097656 0.13928223
vt 0.7441406 0.12915039
vt 0.73339844 0.12231445
vt 0.71191406 0.1274414
vt 0.71777344 0.12084961
vt 0.7705078 0.13476562
vt 0.7441406 0.12915039
vt 0.75097656 0.13928223
vt 0.7714844 0.13806152
vt 0.75146484 0.17944336
vt 0.77734375 0.17712402
vt 0.7714844 0.13806152
vt 0.75097656 0.13928223
vt 0.73095703 0.18029785
vt 0.75146484 0.17944336
vt 0.75097656 0.13928223
vt 0.7314453 0.13806152
vt 0.7314453 0.13806152
vt 0.7060547 0.13903809
vt 0.7026367 0.17822266
vt 0.73095703 0.18029785
vt 0.7138672 0.115478516
vt 0.71191406 0.1274414
vt 0.71777344 0.12084961
vt 0.71777344 0.113098145
vt 0.71777344 0.113098145
vt 0.71533203 0.08618164
vt 0.71191406 0.0904541
vt 0.7138672 0.115478516
vt 0.45751953 0.40795898
vt 0.46313477 0.4255371
vt 0.46948242 0.42041016
vt 0.4711914 0.40356445
vt 0.60498047 0.047424316
vt 0.5986328 0.038726807
vt 0.5678711 0.04510498
vt 0.5654297 0.053222656
vt 0.51904297 0.91503906
vt 0.5209961 0.8857422
vt 0.47998047 0.8901367
vt 0.48217773 0.9165039
vt 0.55908203 0.017929077
vt 0.54833984 0.024902344
vt 0.5654297 0.053222656
vt 0.5678711 0.04510498
vt 0.5498047 0.053131104
vt 0.5517578 0.062469482
vt 0.56347656 0.061309814
vt 0.5654297 0.053222656
vt 0.6118164 0.13183594
vt 0.62353516 0.115478516
vt 0.61816406 0.113708496
vt 0.6074219 0.12695312
vt 0.6513672 0.17675781
vt 0.69189453 0.17614746
vt 0.6850586 0.14550781
vt 0.65185547 0.1463623
vt 0.6513672 0.17675781
vt 0.65185547 0.1463623
vt 0.61328125 0.14208984
vt 0.61035156 0.17236328
vt 0.58740234 0.14074707
vt 0.57910156 0.16699219
vt 0.61035156 0.17236328
vt 0.61328125 0.14208984
vt 0.58740234 0.14074707
vt 0.61328125 0.14208984
vt 0.6069336 0.13317871
vt 0.5810547 0.1352539
vt 0.57470703 0.16491699
vt 0.57910156 0.16699219
vt 0.58740234 0.14074707
vt 0.5810547 0.1352539
vt 0.50439453 0.9736328
vt 0.50878906 0.9970703
vt 0.5361328 0.9868164
vt 0.53027344 0.97021484
vt 0.46533203 0.96533203
vt 0.47143555 0.96972656
vt 0.47265625 0.9238281
vt 0.4675293 0.9267578
vt 0.54541016 0.12286377
vt 0.54589844 0.13110352
vt 0.5498047 0.12585449
vt 0.55078125 0.11895752
vt 0.44458008 0.16638184
vt 0.50439453 0.16625977
vt 0.48217773 0.1307373
vt 0.45458984 0.1348877
vt 0.40429688 0.9794922
vt 0.38330078 0.97265625
vt 0.37768555 0.9892578
vt 0.40063477 0.9970703
vt 0.42700195 0.9975586
vt 0.42529297 0.9794922
vt 0.40429688 0.9794922
vt 0.40063477 0.9970703
vt 0.46533203 0.96533203
vt 0.4584961 0.96972656
vt 0.46142578 0.98779297
vt 0.46704102 0.9838867
vt 0.46142578 0.92578125
vt 0.4584961 0.96972656
vt 0.46533203 0.96533203
vt 0.4675293 0.9267578
vt 0.38330078 0.97265625
vt 0.38085938 0.9316406
vt 0.35595703 0.9355469
vt 0.35864258 0.96972656
vt 0.375 0.90527344
vt 0.38085938 0.9316406
vt 0.42016602 0.9277344
vt 0.41625977 0.8989258
vt 0.42016602 0.9277344
vt 0.46142578 0.92578125
vt 0.4416504 0.90185547
vt 0.41625977 0.8989258
vt 0.5415039 0.057861328
vt 0.5517578 0.062469482
vt 0.5498047 0.053131104
vt 0.54589844 0.04638672
vt 0.54296875 0.027130127
vt 0.5395508 0.027420044
vt 0.5419922 0.043395996
vt 0.54589844 0.04638672
vt 0.54589844 0.04638672
vt 0.5419922 0.043395996
vt 0.5371094 0.05593872
vt 0.5415039 0.057861328
vt 0.38085938 0.9316406
vt 0.375 0.90527344
vt 0.3359375 0.9243164
vt 0.35595703 0.9355469
vt 0.4753418 0.061462402
vt 0.42822266 0.0670166
vt 0.4440918 0.07525635
vt 0.47509766 0.07287598
vt 0.42822266 0.0670166
vt 0.4753418 0.061462402
vt 0.46972656 0.03741455
vt 0.42773438 0.03503418
vt 0.42773438 0.03503418
vt 0.40405273 0.033111572
vt 0.40307617 0.061309814
vt 0.42822266 0.0670166
vt 0.5078125 0.0340271
vt 0.46972656 0.03741455
vt 0.4819336 0.061950684
vt 0.5102539 0.060455322
vt 0.9589844 0.5361328
vt 0.9399414 0.5571289
vt 0.9794922 0.56689453
vt 0.99609375 0.55126953
vt 0.9399414 0.5571289
vt 0.9589844 0.5361328
vt 0.8925781 0.55078125
vt 0.9038086 0.5629883
vt 0.4333496 0.11755371
vt 0.42529297 0.13623047
vt 0.45458984 0.1348877
vt 0.44702148 0.11871338
vt 0.4050293 0.12780762
vt 0.39379883 0.14025879
vt 0.42529297 0.13623047
vt 0.4333496 0.11755371
vt 0.39282227 0.1706543
vt 0.44458008 0.16638184
vt 0.42529297 0.13623047
vt 0.39379883 0.14025879
vt 0.9926758 0.61376953
vt 0.99609375 0.55126953
vt 0.9794922 0.56689453
vt 0.98046875 0.6035156
vt 0.9794922 0.56689453
vt 0.94628906 0.6098633
vt 0.98046875 0.6035156
vt 0.9399414 0.5571289
vt 0.90771484 0.6010742
vt 0.94628906 0.6098633
vt 0.9038086 0.5629883
vt 0.98046875 0.6035156
vt 0.94628906 0.6098633
vt 0.9511719 0.63720703
vt 0.9926758 0.61376953
vt 0.88916016 0.6142578
vt 0.9511719 0.63720703
vt 0.94628906 0.6098633
vt 0.90771484 0.6010742
vt 0.8925781 0.55078125
vt 0.88916016 0.6142578
vt 0.90771484 0.6010742
vt 0.9038086 0.5629883
vt 0.34985352 0.085510254
vt 0.3605957 0.12231445
vt 0.35839844 0.08203125
vt 0.35107422 0.12731934
vt 0.36791992 0.13598633
vt 0.97314453 0.49853516
vt 0.9902344 0.5161133
vt 0.9926758 0.46069336
vt 0.9770508 0.46435547
vt 0.97314453 0.49853516
vt 0.92871094 0.50439453
vt 0.95703125 0.5288086
vt 0.9902344 0.5161133
vt 0.93310547 0.45581055
vt 0.9355469 0.43579102
vt 0.87646484 0.44360352
vt 0.8803711 0.46069336
vt 0.8803711 0.46069336
vt 0.87646484 0.44360352
vt 0.87060547 0.4489746
vt 0.87353516 0.46826172
vt 0.2265625 0.028625488
vt 0.22131348 0.025054932
vt 0.21069336 0.050598145
vt 0.21557617 0.05593872
vt 0.25 0.08166504
vt 0.2475586 0.0725708
vt 0.23583984 0.08282471
vt 0.2388916 0.09020996
vt 0.234375 0.119018555
vt 0.23583984 0.08282471
vt 0.18737793 0.08117676
vt 0.18933105 0.12536621
vt 0.18737793 0.08117676
vt 0.19104004 0.05758667
vt 0.18603516 0.058135986
vt 0.1784668 0.07800293
vt 0.17565918 0.12036133
vt 0.18933105 0.12536621
vt 0.18737793 0.08117676
vt 0.1784668 0.07800293
vt 0.21069336 0.050598145
vt 0.18566895 0.048828125
vt 0.19104004 0.05758667
vt 0.21557617 0.05593872
vt 0.21069336 0.050598145
vt 0.22131348 0.025054932
vt 0.18933105 0.018356323
vt 0.18566895 0.048828125
vt 0.14978027 0.04559326
vt 0.18933105 0.018356323
vt 0.11126709 0.012573242
vt 0.117370605 0.04269409
vt 0.14978027 0.04559326
vt 0.14660645 0.050811768
vt 0.18603516 0.058135986
vt 0.18566895 0.048828125
vt 0.14978027 0.04559326
vt 0.117370605 0.04269409
vt 0.1385498 0.050598145
vt 0.14660645 0.050811768
vt 0.1784668 0.07800293
vt 0.18603516 0.058135986
vt 0.14660645 0.050811768
vt 0.14282227 0.07318115
vt 0.13598633 0.11425781
vt 0.17565918 0.12036133
vt 0.1784668 0.07800293
vt 0.14282227 0.07318115
vt 0.14660645 0.050811768
vt 0.1385498 0.050598145
vt 0.13806152 0.07458496
vt 0.14282227 0.07318115
vt 0.13598633 0.11425781
vt 0.14282227 0.07318115
vt 0.13806152 0.07458496
vt 0.12695312 0.11395264
vt 0.085632324 0.06890869
vt 0.0847168 0.05718994
vt 0.08026123 0.064331055
vt 0.080566406 0.074645996
vt 0.09613037 0.049072266
vt 0.0703125 0.047576904
vt 0.0847168 0.05718994
vt 0.10418701 0.056243896
vt 0.0847168 0.05718994
vt 0.0703125 0.047576904
vt 0.07293701 0.05834961
vt 0.08026123 0.064331055
vt 0.10101318 0.010215759
vt 0.06890869 0.006576538
vt 0.0703125 0.047576904
vt 0.09613037 0.049072266
vt 0.0703125 0.047576904
vt 0.030014038 0.04638672
vt 0.06518555 0.06085205
vt 0.07293701 0.05834961
vt 0.06890869 0.006576538
vt 0.026351929 0.0061149597
vt 0.030014038 0.04638672
vt 0.0703125 0.047576904
vt 0.071899414 0.068237305
vt 0.080566406 0.074645996
vt 0.08026123 0.064331055
vt 0.07293701 0.05834961
vt 0.071899414 0.068237305
vt 0.07293701 0.05834961
vt 0.06518555 0.06085205
vt 0.066345215 0.07116699
vt 0.234375 0.119018555
vt 0.18933105 0.12536621
vt 0.1977539 0.14294434
vt 0.24035645 0.13330078
vt 0.1977539 0.14294434
vt 0.18933105 0.12536621
vt 0.18603516 0.15136719
vt 0.19812012 0.14941406
vt 0.17565918 0.12036133
vt 0.16149902 0.14538574
vt 0.18103027 0.14074707
vt 0.18933105 0.12536621
vt 0.16149902 0.14538574
vt 0.17565918 0.12036133
vt 0.13598633 0.11425781
vt 0.13635254 0.13464355
vt 0.13635254 0.13464355
vt 0.13598633 0.11425781
vt 0.12695312 0.11395264
vt 0.12854004 0.13647461
vt 0.12695312 0.11395264
vt 0.085632324 0.13537598
vt 0.07556152 0.11419678
vt 0.14294434 0.14868164
vt 0.16149902 0.14538574
vt 0.13635254 0.13464355
vt 0.12854004 0.13647461
vt 0.18603516 0.15136719
vt 0.16149902 0.14538574
vt 0.1685791 0.15490723
vt 0.17565918 0.1574707
vt 0.093566895 0.14453125
vt 0.14294434 0.14868164
vt 0.12854004 0.13647461
vt 0.085632324 0.13537598
vt 0.085632324 0.13537598
vt 0.040161133 0.12988281
vt 0.059295654 0.14282227
vt 0.093566895 0.14453125
vt 0.017868042 0.13244629
vt 0.059295654 0.14282227
vt 0.040161133 0.12988281
vt 0.008758545 0.11828613
vt 0.017868042 0.13244629
vt 0.0035762787 0.1583252
vt 0.05307007 0.17419434
vt 0.059295654 0.14282227
vt 0.040161133 0.12988281
vt 0.085632324 0.13537598
vt 0.07556152 0.11419678
vt 0.043151855 0.11193848
vt 0.021499634 0.10083008
vt 0.008758545 0.11828613
vt 0.040161133 0.12988281
vt 0.043151855 0.11193848
vt 0.064575195 0.09490967
vt 0.043151855 0.11193848
vt 0.07556152 0.11419678
vt 0.021499634 0.10083008
vt 0.023452759 0.06329346
vt 0.064575195 0.09490967
vt 0.066345215 0.07116699
vt 0.080566406 0.074645996
vt 0.07556152 0.11419678
vt 0.090026855 0.15661621
vt 0.08013916 0.17626953
vt 0.10491943 0.18334961
vt 0.10827637 0.16503906
vt 0.09790039 0.1550293
vt 0.090026855 0.15661621
vt 0.10827637 0.16503906
vt 0.117614746 0.15844727
vt 0.10491943 0.18334961
vt 0.12902832 0.18383789
vt 0.12512207 0.16955566
vt 0.10827637 0.16503906
vt 0.15405273 0.17773438
vt 0.1685791 0.15490723
vt 0.14294434 0.14868164
vt 0.14453125 0.17834473
vt 0.26611328 0.1303711
vt 0.25708008 0.14135742
vt 0.31396484 0.14257812
vt 0.32128906 0.13061523
vt 0.25708008 0.14135742
vt 0.25195312 0.17102051
vt 0.3256836 0.1685791
vt 0.31396484 0.14257812
vt 0.36791992 0.13598633
vt 0.39379883 0.14025879
vt 0.4050293 0.12780762
vt 0.3605957 0.12231445
vt 0.24243164 0.17297363
vt 0.24804688 0.17077637
vt 0.25708008 0.14135742
vt 0.2286377 0.14746094
vt 0.19812012 0.14941406
vt 0.19384766 0.15783691
vt 0.22497559 0.1550293
vt 0.2286377 0.14746094
vt 0.23254395 0.18151855
vt 0.24243164 0.17297363
vt 0.2286377 0.14746094
vt 0.22497559 0.1550293
vt 0.19433594 0.18566895
vt 0.23254395 0.18151855
vt 0.22497559 0.1550293
vt 0.19384766 0.15783691
vt 0.17675781 0.17993164
vt 0.19433594 0.18566895
vt 0.19384766 0.15783691
vt 0.18603516 0.15136719
vt 0.17675781 0.17993164
vt 0.18603516 0.15136719
vt 0.17565918 0.1574707
vt 0.17016602 0.17797852
vt 0.28881836 0.12243652
vt 0.2890625 0.11218262
vt 0.28222656 0.10925293
vt 0.27514648 0.11590576
vt 0.2890625 0.11218262
vt 0.30981445 0.09063721
vt 0.28393555 0.08453369
vt 0.28222656 0.10925293
vt 0.2890625 0.11218262
vt 0.28881836 0.12243652
vt 0.31225586 0.09539795
vt 0.30981445 0.09063721
vt 0.74072266 0.051727295
vt 0.74072266 0.06112671
vt 0.75634766 0.06518555
vt 0.7753906 0.059051514
vt 0.7397461 0.06878662
vt 0.7270508 0.08679199
vt 0.74658203 0.085510254
vt 0.75 0.07305908
vt 0.7397461 0.06878662
vt 0.74072266 0.051727295
vt 0.68066406 0.0501709
vt 0.68115234 0.06573486
vt 0.74072266 0.051727295
vt 0.7324219 0.039001465
vt 0.7011719 0.041168213
vt 0.68066406 0.0501709
vt 0.7324219 0.039001465
vt 0.7338867 0.009796143
vt 0.70947266 0.010810852
vt 0.7011719 0.041168213
vt 0.74658203 0.0892334
vt 0.7446289 0.11779785
vt 0.76953125 0.1182251
vt 0.7841797 0.089782715
vt 0.7138672 0.115478516
vt 0.71191406 0.0904541
vt 0.6694336 0.0871582
vt 0.6586914 0.11730957
vt 0.5498047 0.053131104
vt 0.5654297 0.053222656
vt 0.54833984 0.024902344
vt 0.54296875 0.027130127
vt 0.46411133 0.9086914
vt 0.47265625 0.9238281
vt 0.48217773 0.9165039
vt 0.47753906 0.8984375
vt 0.52490234 0.9296875
vt 0.53027344 0.96240234
vt 0.5336914 0.9609375
vt 0.5283203 0.9189453
vt 0.53027344 0.97021484
vt 0.5361328 0.9868164
vt 0.5415039 0.9819336
vt 0.5336914 0.9609375
vt 0.50439453 0.9736328
vt 0.53027344 0.97021484
vt 0.53027344 0.96240234
vt 0.47143555 0.96972656
vt 0.46142578 0.98779297
vt 0.4584961 0.96972656
vt 0.42529297 0.9794922
vt 0.42700195 0.9975586
vt 0.42016602 0.9277344
vt 0.42529297 0.9794922
vt 0.4584961 0.96972656
vt 0.46142578 0.92578125
vt 0.5415039 0.057861328
vt 0.53222656 0.06347656
vt 0.5332031 0.06976318
vt 0.5517578 0.062469482
vt 0.35595703 0.9355469
vt 0.3359375 0.9243164
vt 0.3413086 0.98095703
vt 0.35864258 0.96972656
vt 0.40307617 0.061309814
vt 0.37426758 0.06402588
vt 0.40527344 0.07513428
vt 0.42822266 0.0670166
vt 0.31030273 0.034973145
vt 0.3178711 0.0637207
vt 0.37426758 0.06402588
vt 0.40405273 0.033111572
vt 0.9770508 0.46435547
vt 0.98779297 0.44873047
vt 0.94921875 0.4350586
vt 0.93310547 0.45581055
vt 0.8701172 0.5048828
vt 0.87109375 0.5258789
vt 0.89404297 0.5366211
vt 0.92871094 0.50439453
vt 0.117370605 0.04269409
vt 0.11126709 0.012573242
vt 0.10101318 0.010215759
vt 0.09613037 0.049072266
vt 0.080566406 0.074645996
vt 0.07556152 0.11419678
vt 0.12695312 0.11395264
vt 0.13806152 0.07458496
vt 0.059295654 0.14282227
vt 0.05307007 0.17419434
vt 0.08013916 0.17626953
vt 0.093566895 0.14453125
vt 0.35107422 0.12731934
vt 0.32128906 0.13061523
vt 0.31396484 0.14257812
vt 0.36791992 0.13598633
vt 0.39282227 0.1706543
vt 0.39379883 0.14025879
vt 0.36791992 0.13598633
vt 0.3256836 0.1685791
vt 0.7026367 0.17822266
vt 0.7060547 0.13903809
vt 0.6850586 0.14550781
vt 0.69189453 0.17614746
vt 0.69433594 0.13122559
vt 0.6850586 0.14550781
vt 0.7060547 0.13903809
vt 0.71191406 0.1274414
vt 0.62353516 0.115478516
vt 0.6586914 0.11730957
vt 0.6508789 0.08502197
vt 0.61035156 0.07788086
vt 0.62646484 0.072143555
vt 0.6508789 0.08502197
vt 0.64990234 0.07507324
vt 0.59716797 0.011993408
vt 0.55908203 0.017929077
vt 0.5678711 0.04510498
vt 0.5986328 0.038726807
vt 0.60498047 0.047424316
vt 0.61621094 0.018218994
vt 0.59716797 0.011993408
vt 0.5986328 0.038726807
vt 0.6586914 0.11730957
vt 0.62353516 0.115478516
vt 0.6118164 0.13183594
vt 0.6621094 0.14050293
vt 0.69433594 0.13122559
vt 0.6621094 0.14050293
vt 0.6850586 0.14550781
vt 0.65185547 0.1463623
vt 0.6621094 0.14050293
vt 0.6118164 0.13183594
vt 0.61328125 0.14208984
vt 0.48217773 0.1307373
vt 0.50439453 0.16625977
vt 0.5097656 0.13098145
vt 0.54589844 0.13110352
vt 0.57470703 0.16491699
vt 0.57177734 0.13208008
vt 0.54589844 0.13110352
vt 0.57470703 0.16491699
vt 0.5810547 0.1352539
vt 0.53027344 0.89941406
vt 0.5209961 0.8857422
vt 0.51904297 0.91503906
vt 0.5283203 0.9189453
vt 0.68115234 0.06573486
vt 0.67089844 0.08294678
vt 0.71533203 0.08618164
vt 0.7397461 0.06878662
vt 0.64501953 0.04058838
vt 0.62060547 0.048828125
vt 0.6513672 0.051879883
vt 0.66796875 0.04034424
vt 0.46704102 0.9838867
vt 0.4724121 0.98828125
vt 0.47265625 0.9770508
vt 0.46533203 0.96533203
vt 0.40429688 0.9794922
vt 0.42529297 0.9794922
vt 0.42016602 0.9277344
vt 0.38085938 0.9316406
vt 0.38330078 0.97265625
vt 0.5102539 0.07122803
vt 0.5102539 0.060455322
vt 0.4819336 0.061950684
vt 0.47509766 0.07287598
vt 0.18737793 0.08117676
vt 0.23583984 0.08282471
vt 0.22497559 0.06286621
vt 0.19104004 0.05758667
vt 0.093566895 0.14453125
vt 0.09790039 0.1550293
vt 0.117614746 0.15844727
vt 0.14294434 0.14868164
vt 0.7138672 0.115478516
vt 0.6586914 0.11730957
vt 0.69433594 0.13122559
vt 0.71191406 0.1274414
vt 0.48217773 0.9165039
vt 0.47265625 0.9238281
vt 0.47143555 0.96972656
vt 0.53027344 0.96240234
vt 0.48217773 0.9165039
vt 0.53027344 0.96240234
vt 0.52490234 0.9296875
vt 0.51904297 0.91503906
vt 0.35864258 0.96972656
vt 0.3413086 0.98095703
vt 0.37768555 0.9892578
vt 0.38330078 0.97265625
vt 0.8803711 0.46069336
vt 0.8701172 0.5048828
vt 0.92871094 0.50439453
vt 0.93310547 0.45581055
vt 0.93310547 0.45581055
vt 0.92871094 0.50439453
vt 0.97314453 0.49853516
vt 0.9770508 0.46435547
vt 0.085632324 0.06890869
vt 0.13806152 0.07458496
vt 0.10418701 0.056243896
vt 0.0847168 0.05718994
vt 0.10418701 0.056243896
vt 0.13806152 0.07458496
vt 0.1385498 0.050598145
vt 0.117370605 0.04269409
vt 0.25708008 0.14135742
vt 0.26611328 0.1303711
vt 0.24035645 0.13330078
vt 0.2286377 0.14746094
vt 0.2286377 0.14746094
vt 0.24035645 0.13330078
vt 0.1977539 0.14294434
vt 0.19812012 0.14941406
vt 0.28393555 0.08453369
vt 0.25976562 0.09173584
vt 0.27514648 0.11590576
vt 0.28222656 0.10925293
vt 0.5419922 0.043395996
vt 0.5078125 0.0340271
vt 0.5102539 0.060455322
vt 0.5371094 0.05593872
vt 0.80566406 0.14575195
vt 0.80371094 0.1439209
vt 0.796875 0.1550293
vt 0.80322266 0.16113281
vt 0.8027344 0.14221191
vt 0.8022461 0.14050293
vt 0.7910156 0.1430664
vt 0.79248047 0.14892578
vt 0.8022461 0.14050293
vt 0.80322266 0.1295166
vt 0.79003906 0.1270752
vt 0.7910156 0.1430664
vt 0.80908203 0.14587402
vt 0.8144531 0.16125488
vt 0.81884766 0.15124512
vt 0.8105469 0.14282227
vt 0.8125 0.14257812
vt 0.8105469 0.14282227
vt 0.81884766 0.15124512
vt 0.8256836 0.15014648
vt 0.8125 0.14257812
vt 0.8261719 0.14855957
vt 0.82470703 0.12768555
vt 0.81103516 0.12988281
vt 0.80371094 0.1439209
vt 0.8027344 0.14221191
vt 0.79248047 0.14892578
vt 0.79345703 0.1538086
vt 0.80908203 0.14587402
vt 0.80566406 0.14575195
vt 0.80322266 0.16113281
vt 0.8144531 0.16125488
vt 0.80126953 0.014816284
vt 0.8095703 0.0033416748
vt 0.78808594 0.0029277802
vt 0.7885742 0.014862061
vt 0.8046875 0.016189575
vt 0.81884766 0.006996155
vt 0.8095703 0.0033416748
vt 0.80126953 0.014816284
vt 0.8022461 0.028381348
vt 0.8125 0.039367676
vt 0.8105469 0.030731201
vt 0.80126953 0.025131226
vt 0.80566406 0.023742676
vt 0.80126953 0.025131226
vt 0.8105469 0.030731201
vt 0.82128906 0.027038574
vt 0.8046875 0.016189575
vt 0.80566406 0.023742676
vt 0.82128906 0.027038574
vt 0.81884766 0.006996155
vt 0.6142578 0.037994385
vt 0.6230469 0.020889282
vt 0.61621094 0.018218994
vt 0.60498047 0.047424316
vt 0.22595215 0.059448242
vt 0.22497559 0.06286621
vt 0.2475586 0.0725708
vt 0.26123047 0.06329346
vt 0.31518555 0.07043457
vt 0.3178711 0.0637207
vt 0.26123047 0.06329346
vt 0.25341797 0.07556152
vt 0.26123047 0.06329346
vt 0.31030273 0.034973145
vt 0.2265625 0.028625488
vt 0.22595215 0.059448242
vt 0.48217773 0.1307373
vt 0.5097656 0.13098145
vt 0.49316406 0.12445068
vt 0.47607422 0.1159668
vt 0.5136719 0.12670898
vt 0.5097656 0.13098145
vt 0.54589844 0.13110352
vt 0.54541016 0.12286377
vt 0.47265625 0.9770508
vt 0.4724121 0.98828125
vt 0.4987793 0.9916992
vt 0.50439453 0.9736328
vt 0.0362854 0.890625
vt 0.04699707 0.9086914
vt 0.048583984 0.89501953
vt 0.034606934 0.91064453
vt 0.0075569153 0.9082031
vt 0.031173706 0.88671875
vt 0.010345459 0.8881836
vt 0.035217285 0.9145508
vt 0.050811768 0.9121094
vt 0.04699707 0.9086914
vt 0.034606934 0.91064453
vt 0.006538391 0.8847656
vt 0.0037670135 0.9111328
vt 0.0075569153 0.9082031
vt 0.010345459 0.8881836
vt 0.03137207 0.8828125
vt 0.006538391 0.8847656
vt 0.010345459 0.8881836
vt 0.031173706 0.88671875
vt 0.050811768 0.9121094
vt 0.052581787 0.8925781
vt 0.048583984 0.89501953
vt 0.04699707 0.9086914
vt 0.035217285 0.9145508
vt 0.034606934 0.91064453
vt 0.0075569153 0.9082031
vt 0.0037670135 0.9111328
vt 0.038635254 0.88720703
vt 0.03137207 0.8828125
vt 0.031173706 0.88671875
vt 0.0362854 0.890625
vt 0.038635254 0.88720703
vt 0.0362854 0.890625
vt 0.048583984 0.89501953
vt 0.052581787 0.8925781
vt 0.10076904 0.88671875
vt 0.09436035 0.87353516
vt 0.08947754 0.8823242
vt 0.10296631 0.8725586
vt 0.10076904 0.88671875
vt 0.10534668 0.8901367
vt 0.121398926 0.8730469
vt 0.12475586 0.8881836
vt 0.10095215 0.859375
vt 0.087768555 0.8623047
vt 0.09436035 0.87353516
vt 0.10296631 0.8725586
vt 0.13903809 0.8808594
vt 0.1274414 0.8613281
vt 0.121398926 0.8730469
vt 0.12475586 0.8881836
vt 0.087768555 0.8623047
vt 0.07824707 0.87353516
vt 0.08947754 0.8823242
vt 0.09436035 0.87353516
vt 0.10095215 0.859375
vt 0.10296631 0.8725586
vt 0.121398926 0.8730469
vt 0.1274414 0.8613281
vt 0.0947876 0.8964844
vt 0.10601807 0.91552734
vt 0.107666016 0.9013672
vt 0.09307861 0.91748047
vt 0.064819336 0.91503906
vt 0.089416504 0.8925781
vt 0.06768799 0.89404297
vt 0.09375 0.9213867
vt 0.10998535 0.9189453
vt 0.10601807 0.91552734
vt 0.09307861 0.91748047
vt 0.0637207 0.890625
vt 0.060913086 0.91796875
vt 0.064819336 0.91503906
vt 0.06768799 0.89404297
vt 0.08959961 0.8886719
vt 0.0637207 0.890625
vt 0.06768799 0.89404297
vt 0.089416504 0.8925781
vt 0.10998535 0.9189453
vt 0.11175537 0.8989258
vt 0.107666016 0.9013672
vt 0.10601807 0.91552734
vt 0.09375 0.9213867
vt 0.09307861 0.91748047
vt 0.064819336 0.91503906
vt 0.060913086 0.91796875
vt 0.09716797 0.8930664
vt 0.08959961 0.8886719
vt 0.089416504 0.8925781
vt 0.0947876 0.8964844
vt 0.09716797 0.8930664
vt 0.0947876 0.8964844
vt 0.107666016 0.9013672
vt 0.11175537 0.8989258
vt 0.88720703 0.85302734
vt 0.88427734 0.8691406
vt 0.89501953 0.8701172
vt 0.89697266 0.8564453
vt 0.88134766 0.87890625
vt 0.89404297 0.88134766
vt 0.89501953 0.8701172
vt 0.88427734 0.8691406
vt 0.86083984 0.84277344
vt 0.8564453 0.8676758
vt 0.8647461 0.86279297
vt 0.8691406 0.85058594
vt 0.88378906 0.84033203
vt 0.86083984 0.84277344
vt 0.8691406 0.85058594
vt 0.8833008 0.8496094
vt 0.8647461 0.86279297
vt 0.88427734 0.8691406
vt 0.8833008 0.8496094
vt 0.8691406 0.85058594
vt 0.88134766 0.87890625
vt 0.88427734 0.8691406
vt 0.8647461 0.86279297
vt 0.8564453 0.8676758
vt 0.8901367 0.84277344
vt 0.88378906 0.84033203
vt 0.8833008 0.8496094
vt 0.88720703 0.85302734
vt 0.8901367 0.84277344
vt 0.88720703 0.85302734
vt 0.89697266 0.8564453
vt 0.9008789 0.8461914
vt 0.5161133 0.51464844
vt 0.51220703 0.50390625
vt 0.5058594 0.5019531
vt 0.49951172 0.5048828
vt 0.5004883 0.5180664
vt 0.5048828 0.49414062
vt 0.49243164 0.49926758
vt 0.49951172 0.5048828
vt 0.5058594 0.5019531
vt 0.5161133 0.4963379
vt 0.51220703 0.50390625
vt 0.5161133 0.51464844
vt 0.5253906 0.51171875
vt 0.4909668 0.5175781
vt 0.5004883 0.5180664
vt 0.49951172 0.5048828
vt 0.49243164 0.49926758
vt 0.5048828 0.49414062
vt 0.5058594 0.5019531
vt 0.51220703 0.50390625
vt 0.5161133 0.4963379
vt 0.28955078 0.99560547
vt 0.29711914 0.98876953
vt 0.28955078 0.9838867
vt 0.2849121 0.9838867
vt 0.28027344 0.98779297
vt 0.2836914 0.97265625
vt 0.2758789 0.9746094
vt 0.28027344 0.98779297
vt 0.2849121 0.9838867
vt 0.29077148 0.97216797
vt 0.28955078 0.9838867
vt 0.29711914 0.98876953
vt 0.30395508 0.97753906
vt 0.2836914 0.97265625
vt 0.2849121 0.9838867
vt 0.28955078 0.9838867
vt 0.29077148 0.97216797
vt 0.5678711 0.89160156
vt 0.5488281 0.90478516
vt 0.56396484 0.90527344
vt 0.54589844 0.8911133
vt 0.57177734 0.8852539
vt 0.5463867 0.86083984
vt 0.56884766 0.8623047
vt 0.5415039 0.89208984
vt 0.54589844 0.9091797
vt 0.5488281 0.90478516
vt 0.54589844 0.8911133
vt 0.57177734 0.85791016
vt 0.54296875 0.8574219
vt 0.5463867 0.86083984
vt 0.56884766 0.8623047
vt 0.5761719 0.8852539
vt 0.57177734 0.85791016
vt 0.56884766 0.8623047
vt 0.57177734 0.8852539
vt 0.54589844 0.9091797
vt 0.56689453 0.90966797
vt 0.56396484 0.90527344
vt 0.5488281 0.90478516
vt 0.5415039 0.89208984
vt 0.54589844 0.8911133
vt 0.5463867 0.86083984
vt 0.54296875 0.8574219
vt 0.57177734 0.8935547
vt 0.5761719 0.8852539
vt 0.57177734 0.8852539
vt 0.5678711 0.89160156
vt 0.57177734 0.8935547
vt 0.5678711 0.89160156
vt 0.56396484 0.90527344
vt 0.56689453 0.90966797
vt 0.24438477 0.9770508
vt 0.25585938 0.9897461
vt 0.25317383 0.9790039
vt 0.2446289 0.9926758
vt 0.24047852 0.9746094
vt 0.22009277 0.9682617
vt 0.21081543 0.98583984
vt 0.22045898 0.9902344
vt 0.22607422 0.9765625
vt 0.24084473 0.96533203
vt 0.22009277 0.9682617
vt 0.22607422 0.9765625
vt 0.24047852 0.9746094
vt 0.26660156 0.9848633
vt 0.25878906 0.9711914
vt 0.25317383 0.9790039
vt 0.25585938 0.9897461
vt 0.22045898 0.9902344
vt 0.2446289 0.9926758
vt 0.24047852 0.9746094
vt 0.22607422 0.9765625
vt 0.2475586 0.96728516
vt 0.24084473 0.96533203
vt 0.24047852 0.9746094
vt 0.24438477 0.9770508
vt 0.2475586 0.96728516
vt 0.24438477 0.9770508
vt 0.25317383 0.9790039
vt 0.25878906 0.9711914
vt 0.31176758 0.42407227
vt 0.32641602 0.42822266
vt 0.33081055 0.41357422
vt 0.3154297 0.4091797
vt 0.3359375 0.43652344
vt 0.32641602 0.42822266
vt 0.31176758 0.42407227
vt 0.30395508 0.4333496
vt 0.30395508 0.4333496
vt 0.31176758 0.42407227
vt 0.3154297 0.4091797
vt 0.30664062 0.40161133
vt 0.33911133 0.40454102
vt 0.30664062 0.40161133
vt 0.3154297 0.4091797
vt 0.33081055 0.41357422
vt 0.3359375 0.43652344
vt 0.33911133 0.40454102
vt 0.33081055 0.41357422
vt 0.32641602 0.42822266
vt 0.5908203 0.25317383
vt 0.5761719 0.24572754
vt 0.5678711 0.25952148
vt 0.5864258 0.26733398
vt 0.56152344 0.23583984
vt 0.5761719 0.24572754
vt 0.5908203 0.25317383
vt 0.60058594 0.2401123
vt 0.60058594 0.2401123
vt 0.5908203 0.25317383
vt 0.5864258 0.26733398
vt 0.6010742 0.27539062
vt 0.5566406 0.27294922
vt 0.6010742 0.27539062
vt 0.5864258 0.26733398
vt 0.5678711 0.25952148
vt 0.56152344 0.23583984
vt 0.5566406 0.27294922
vt 0.5678711 0.25952148
vt 0.5761719 0.24572754
vt 0.6357422 0.5234375
vt 0.63378906 0.51416016
vt 0.62597656 0.5136719
vt 0.6220703 0.52197266
vt 0.6381836 0.5024414
vt 0.63378906 0.51416016
vt 0.6357422 0.5234375
vt 0.6484375 0.515625
vt 0.62109375 0.50341797
vt 0.6118164 0.51416016
vt 0.6220703 0.52197266
vt 0.62597656 0.5136719
vt 0.6381836 0.5024414
vt 0.62109375 0.50341797
vt 0.62597656 0.5136719
vt 0.63378906 0.51416016
vt 0.07763672 0.3491211
vt 0.078186035 0.33984375
vt 0.07128906 0.33789062
vt 0.066101074 0.34765625
vt 0.08300781 0.3322754
vt 0.078186035 0.33984375
vt 0.07763672 0.3491211
vt 0.088256836 0.3474121
vt 0.067871094 0.33032227
vt 0.05810547 0.34326172
vt 0.066101074 0.34765625
vt 0.07128906 0.33789062
vt 0.08300781 0.3322754
vt 0.067871094 0.33032227
vt 0.07128906 0.33789062
vt 0.078186035 0.33984375
vt 0.49243164 0.5498047
vt 0.4934082 0.5410156
vt 0.48901367 0.54003906
vt 0.48754883 0.5522461
vt 0.4892578 0.5566406
vt 0.4970703 0.55371094
vt 0.49243164 0.5498047
vt 0.48754883 0.5522461
vt 0.47314453 0.5527344
vt 0.47729492 0.5498047
vt 0.4777832 0.5395508
vt 0.47387695 0.5361328
vt 0.48095703 0.5336914
vt 0.47387695 0.5361328
vt 0.4777832 0.5395508
vt 0.48217773 0.53808594
vt 0.4970703 0.55371094
vt 0.49731445 0.53808594
vt 0.4934082 0.5410156
vt 0.49243164 0.5498047
vt 0.47729492 0.5498047
vt 0.48120117 0.5517578
vt 0.48217773 0.53808594
vt 0.4777832 0.5395508
vt 0.48120117 0.5517578
vt 0.48901367 0.54003906
vt 0.48754883 0.5522461
vt 0.47924805 0.5566406
vt 0.48120117 0.5517578
vt 0.47729492 0.5498047
vt 0.47314453 0.5527344
vt 0.49072266 0.53564453
vt 0.48095703 0.5336914
vt 0.48217773 0.53808594
vt 0.48901367 0.54003906
vt 0.4892578 0.5566406
vt 0.48754883 0.5522461
vt 0.48120117 0.5517578
vt 0.47924805 0.5566406
vt 0.49072266 0.53564453
vt 0.48901367 0.54003906
vt 0.4934082 0.5410156
vt 0.49731445 0.53808594
vt 0.018035889 0.8540039
vt 0.020721436 0.84716797
vt 0.01727295 0.84521484
vt 0.013656616 0.85498047
vt 0.01398468 0.859375
vt 0.0211792 0.85791016
vt 0.018035889 0.8540039
vt 0.013656616 0.85498047
vt 0.0013036728 0.85253906
vt 0.005420685 0.85058594
vt 0.008049011 0.84228516
vt 0.005458832 0.8388672
vt 0.0119018555 0.8383789
vt 0.005458832 0.8388672
vt 0.008049011 0.84228516
vt 0.012016296 0.84228516
vt 0.0211792 0.85791016
vt 0.024765015 0.84521484
vt 0.020721436 0.84716797
vt 0.018035889 0.8540039
vt 0.005420685 0.85058594
vt 0.012016296 0.84228516
vt 0.008049011 0.84228516
vt 0.008308411 0.8535156
vt 0.01727295 0.84521484
vt 0.013656616 0.85498047
vt 0.0057411194 0.8569336
vt 0.008308411 0.8535156
vt 0.005420685 0.85058594
vt 0.0013036728 0.85253906
vt 0.01965332 0.8417969
vt 0.0119018555 0.8383789
vt 0.012016296 0.84228516
vt 0.01727295 0.84521484
vt 0.01398468 0.859375
vt 0.013656616 0.85498047
vt 0.008308411 0.8535156
vt 0.0057411194 0.8569336
vt 0.01965332 0.8417969
vt 0.01727295 0.84521484
vt 0.020721436 0.84716797
vt 0.024765015 0.84521484
vt 0.56396484 0.54345703
vt 0.56152344 0.53466797
vt 0.55371094 0.53466797
vt 0.55029297 0.54296875
vt 0.5644531 0.52246094
vt 0.56152344 0.53466797
vt 0.56396484 0.54345703
vt 0.5756836 0.5341797
vt 0.5473633 0.52490234
vt 0.5390625 0.5366211
vt 0.55029297 0.54296875
vt 0.55371094 0.53466797
vt 0.5644531 0.52246094
vt 0.5473633 0.52490234
vt 0.55371094 0.53466797
vt 0.56152344 0.53466797
vt 0.017990112 0.34545898
vt 0.03378296 0.34643555
vt 0.032287598 0.33618164
vt 0.020385742 0.33447266
vt 0.0075569153 0.33935547
vt 0.017990112 0.34545898
vt 0.020385742 0.33447266
vt 0.014640808 0.32641602
vt 0.037322998 0.32592773
vt 0.014640808 0.32641602
vt 0.020385742 0.33447266
vt 0.032287598 0.33618164
vt 0.04647827 0.34057617
vt 0.037322998 0.32592773
vt 0.032287598 0.33618164
vt 0.03378296 0.34643555
vt 0.42700195 0.8676758
vt 0.4375 0.8798828
vt 0.43701172 0.8691406
vt 0.4284668 0.8833008
vt 0.40722656 0.8847656
vt 0.42236328 0.8652344
vt 0.40673828 0.8691406
vt 0.42944336 0.88671875
vt 0.44140625 0.88183594
vt 0.4375 0.8798828
vt 0.4284668 0.8833008
vt 0.40283203 0.8671875
vt 0.40454102 0.8881836
vt 0.40722656 0.8847656
vt 0.40673828 0.8691406
vt 0.421875 0.8618164
vt 0.40283203 0.8671875
vt 0.40673828 0.8691406
vt 0.42236328 0.8652344
vt 0.44140625 0.88183594
vt 0.4399414 0.8666992
vt 0.43701172 0.8691406
vt 0.4375 0.8798828
vt 0.42944336 0.88671875
vt 0.4284668 0.8833008
vt 0.40722656 0.8847656
vt 0.40454102 0.8881836
vt 0.4284668 0.86376953
vt 0.421875 0.8618164
vt 0.42236328 0.8652344
vt 0.42700195 0.8676758
vt 0.4284668 0.86376953
vt 0.42700195 0.8676758
vt 0.43701172 0.8691406
vt 0.4399414 0.8666992
vt 0.4584961 0.49487305
vt 0.4489746 0.49731445
vt 0.45043945 0.5126953
vt 0.46240234 0.51464844
vt 0.4572754 0.49072266
vt 0.44506836 0.49414062
vt 0.4489746 0.49731445
vt 0.4584961 0.49487305
vt 0.47851562 0.4921875
vt 0.47583008 0.4958496
vt 0.47827148 0.51171875
vt 0.48217773 0.5151367
vt 0.46289062 0.51904297
vt 0.48217773 0.5151367
vt 0.47827148 0.51171875
vt 0.46240234 0.51464844
vt 0.44750977 0.5161133
vt 0.45043945 0.5126953
vt 0.4489746 0.49731445
vt 0.44506836 0.49414062
vt 0.47583008 0.4958496
vt 0.4584961 0.49487305
vt 0.46240234 0.51464844
vt 0.47827148 0.51171875
vt 0.4572754 0.49072266
vt 0.4584961 0.49487305
vt 0.47583008 0.4958496
vt 0.47851562 0.4921875
vt 0.46289062 0.51904297
vt 0.46240234 0.51464844
vt 0.45043945 0.5126953
vt 0.44750977 0.5161133
vt 0.49316406 0.68310547
vt 0.48413086 0.6748047
vt 0.46875 0.6870117
vt 0.47460938 0.7011719
vt 0.50390625 0.7026367
vt 0.48876953 0.7163086
vt 0.4970703 0.6791992
vt 0.48461914 0.66845703
vt 0.48413086 0.6748047
vt 0.49316406 0.68310547
vt 0.5097656 0.703125
vt 0.50390625 0.7026367
vt 0.48876953 0.7163086
vt 0.4880371 0.72265625
vt 0.47045898 0.70458984
vt 0.4880371 0.72265625
vt 0.48876953 0.7163086
vt 0.47460938 0.7011719
vt 0.46289062 0.68603516
vt 0.46875 0.6870117
vt 0.48413086 0.6748047
vt 0.48461914 0.66845703
vt 0.4970703 0.6791992
vt 0.49316406 0.68310547
vt 0.50390625 0.7026367
vt 0.5097656 0.703125
vt 0.47045898 0.70458984
vt 0.47460938 0.7011719
vt 0.46875 0.6870117
vt 0.46289062 0.68603516
vt 0.5288086 0.5385742
vt 0.52734375 0.52734375
vt 0.52197266 0.52783203
vt 0.5234375 0.5419922
vt 0.515625 0.5439453
vt 0.52197266 0.52783203
vt 0.5131836 0.52734375
vt 0.5102539 0.54248047
vt 0.5078125 0.52978516
vt 0.5258789 0.54589844
vt 0.5336914 0.5410156
vt 0.5288086 0.5385742
vt 0.5234375 0.5419922
vt 0.50439453 0.52783203
vt 0.5073242 0.54589844
vt 0.5102539 0.54248047
vt 0.5078125 0.52978516
vt 0.51123047 0.5239258
vt 0.50439453 0.52783203
vt 0.5078125 0.52978516
vt 0.5131836 0.52734375
vt 0.5336914 0.5410156
vt 0.53027344 0.5239258
vt 0.52734375 0.52734375
vt 0.5288086 0.5385742
vt 0.5151367 0.54785156
vt 0.515625 0.5439453
vt 0.5102539 0.54248047
vt 0.5073242 0.54589844
vt 0.52246094 0.5239258
vt 0.51123047 0.5239258
vt 0.5131836 0.52734375
vt 0.52197266 0.52783203
vt 0.5258789 0.54589844
vt 0.5234375 0.5419922
vt 0.515625 0.5439453
vt 0.5151367 0.54785156
vt 0.52246094 0.5239258
vt 0.52197266 0.52783203
vt 0.52734375 0.52734375
vt 0.53027344 0.5239258
vt 0.52441406 0.70947266
vt 0.53466797 0.7138672
vt 0.53759766 0.6953125
vt 0.5253906 0.6972656
vt 0.53271484 0.71875
vt 0.53466797 0.7138672
vt 0.52441406 0.70947266
vt 0.51904297 0.71191406
vt 0.5595703 0.71728516
vt 0.5629883 0.72216797
vt 0.56640625 0.69628906
vt 0.56103516 0.69921875
vt 0.5439453 0.6879883
vt 0.54296875 0.6928711
vt 0.56103516 0.69921875
vt 0.56640625 0.69628906
vt 0.5253906 0.6972656
vt 0.5214844 0.6933594
vt 0.51904297 0.71191406
vt 0.52441406 0.70947266
vt 0.5595703 0.71728516
vt 0.56103516 0.69921875
vt 0.54296875 0.6928711
vt 0.53466797 0.7138672
vt 0.53271484 0.71875
vt 0.5629883 0.72216797
vt 0.5595703 0.71728516
vt 0.53466797 0.7138672
vt 0.54296875 0.6928711
vt 0.5439453 0.6879883
vt 0.53564453 0.6904297
vt 0.53759766 0.6953125
vt 0.53564453 0.6904297
vt 0.5214844 0.6933594
vt 0.5253906 0.6972656
vt 0.53759766 0.6953125
vt 0.5083008 0.35546875
vt 0.515625 0.35961914
vt 0.515625 0.34057617
vt 0.5083008 0.34179688
vt 0.51220703 0.36645508
vt 0.515625 0.35961914
vt 0.5083008 0.35546875
vt 0.5004883 0.36035156
vt 0.53808594 0.36279297
vt 0.5395508 0.3371582
vt 0.53271484 0.34179688
vt 0.53222656 0.35742188
vt 0.5288086 0.3322754
vt 0.5263672 0.33911133
vt 0.53271484 0.34179688
vt 0.5395508 0.3371582
vt 0.5083008 0.34179688
vt 0.5024414 0.33642578
vt 0.5004883 0.36035156
vt 0.5083008 0.35546875
vt 0.5263672 0.33911133
vt 0.5253906 0.36035156
vt 0.53222656 0.35742188
vt 0.53271484 0.34179688
vt 0.515625 0.34057617
vt 0.5253906 0.36035156
vt 0.515625 0.35961914
vt 0.52783203 0.36767578
vt 0.53808594 0.36279297
vt 0.53222656 0.35742188
vt 0.5253906 0.36035156
vt 0.5131836 0.33374023
vt 0.515625 0.34057617
vt 0.5263672 0.33911133
vt 0.5288086 0.3322754
vt 0.51220703 0.36645508
vt 0.52783203 0.36767578
vt 0.5253906 0.36035156
vt 0.515625 0.35961914
vt 0.5131836 0.33374023
vt 0.5024414 0.33642578
vt 0.5083008 0.34179688
vt 0.515625 0.34057617
vt 0.6748047 0.5415039
vt 0.67285156 0.53125
vt 0.6645508 0.5317383
vt 0.6621094 0.54052734
vt 0.6772461 0.5258789
vt 0.6611328 0.52490234
vt 0.6645508 0.5317383
vt 0.67285156 0.53125
vt 0.6611328 0.52490234
vt 0.6542969 0.5385742
vt 0.6621094 0.54052734
vt 0.6645508 0.5317383
vt 0.6748047 0.5415039
vt 0.6821289 0.5395508
vt 0.6772461 0.5258789
vt 0.67285156 0.53125
vt 0.30639648 0.37280273
vt 0.3022461 0.3618164
vt 0.2927246 0.3630371
vt 0.28808594 0.37109375
vt 0.30786133 0.35375977
vt 0.2890625 0.35302734
vt 0.2927246 0.3630371
vt 0.3022461 0.3618164
vt 0.2890625 0.35302734
vt 0.27856445 0.36376953
vt 0.28808594 0.37109375
vt 0.2927246 0.3630371
vt 0.30639648 0.37280273
vt 0.3161621 0.36694336
vt 0.30786133 0.35375977
vt 0.3022461 0.3618164
vt 0.5854492 0.5019531
vt 0.5957031 0.50634766
vt 0.59472656 0.50146484
vt 0.58251953 0.50683594
vt 0.58203125 0.51416016
vt 0.59716797 0.51416016
vt 0.5834961 0.51904297
vt 0.5966797 0.51904297
vt 0.5776367 0.50439453
vt 0.58251953 0.50683594
vt 0.5854492 0.5019531
vt 0.58203125 0.4963379
vt 0.60253906 0.51416016
vt 0.59716797 0.51416016
vt 0.5966797 0.51904297
vt 0.6015625 0.5205078
vt 0.59472656 0.50146484
vt 0.59814453 0.49731445
vt 0.58203125 0.4963379
vt 0.5854492 0.5019531
vt 0.5761719 0.51464844
vt 0.5776367 0.5209961
vt 0.5834961 0.51904297
vt 0.58203125 0.51416016
vt 0.60009766 0.50439453
vt 0.5957031 0.50634766
vt 0.59716797 0.51416016
vt 0.60253906 0.51416016
vt 0.5776367 0.50439453
vt 0.5761719 0.51464844
vt 0.58203125 0.51416016
vt 0.58251953 0.50683594
vt 0.60009766 0.50439453
vt 0.59814453 0.49731445
vt 0.59472656 0.50146484
vt 0.5957031 0.50634766
vt 0.4543457 0.8623047
vt 0.47265625 0.85498047
vt 0.4572754 0.85302734
vt 0.47436523 0.8671875
vt 0.45483398 0.8798828
vt 0.47070312 0.8828125
vt 0.4501953 0.8613281
vt 0.4543457 0.8623047
vt 0.4572754 0.85302734
vt 0.4543457 0.8491211
vt 0.45117188 0.8823242
vt 0.4736328 0.88671875
vt 0.47070312 0.8828125
vt 0.45483398 0.8798828
vt 0.47851562 0.8676758
vt 0.47436523 0.8671875
vt 0.47070312 0.8828125
vt 0.4736328 0.88671875
vt 0.47607422 0.8520508
vt 0.4543457 0.8491211
vt 0.4572754 0.85302734
vt 0.47265625 0.85498047
vt 0.4501953 0.8613281
vt 0.45117188 0.8823242
vt 0.45483398 0.8798828
vt 0.4543457 0.8623047
vt 0.47851562 0.8676758
vt 0.47607422 0.8520508
vt 0.47265625 0.85498047
vt 0.47436523 0.8671875
vt 0.59716797 0.53271484
vt 0.5888672 0.5336914
vt 0.5883789 0.5439453
vt 0.6010742 0.5410156
vt 0.58447266 0.52734375
vt 0.5800781 0.54296875
vt 0.5883789 0.5439453
vt 0.5888672 0.5336914
vt 0.6010742 0.5410156
vt 0.6074219 0.5385742
vt 0.60058594 0.5263672
vt 0.59716797 0.53271484
vt 0.59716797 0.53271484
vt 0.60058594 0.5263672
vt 0.58447266 0.52734375
vt 0.5888672 0.5336914
vt 0.046539307 0.85498047
vt 0.041229248 0.85546875
vt 0.040252686 0.8623047
vt 0.048828125 0.86328125
vt 0.038909912 0.8491211
vt 0.032836914 0.859375
vt 0.040252686 0.8623047
vt 0.041229248 0.85546875
vt 0.048828125 0.86328125
vt 0.05529785 0.86083984
vt 0.0501709 0.85009766
vt 0.046539307 0.85498047
vt 0.046539307 0.85498047
vt 0.0501709 0.85009766
vt 0.038909912 0.8491211
vt 0.041229248 0.85546875
vt 0.37890625 0.88183594
vt 0.37231445 0.89501953
vt 0.38378906 0.8911133
vt 0.37036133 0.8808594
vt 0.36791992 0.8984375
vt 0.37231445 0.89501953
vt 0.35180664 0.88134766
vt 0.34838867 0.8964844
vt 0.37231445 0.8676758
vt 0.37036133 0.8808594
vt 0.37890625 0.88183594
vt 0.38549805 0.87060547
vt 0.35180664 0.88134766
vt 0.34570312 0.8696289
vt 0.33422852 0.88916016
vt 0.34838867 0.8964844
vt 0.38378906 0.8911133
vt 0.39501953 0.88183594
vt 0.38549805 0.87060547
vt 0.37890625 0.88183594
vt 0.37231445 0.8676758
vt 0.34570312 0.8696289
vt 0.35180664 0.88134766
vt 0.37036133 0.8808594
vt 0.5175781 0.8803711
vt 0.5180664 0.8671875
vt 0.51123047 0.8642578
vt 0.5048828 0.8671875
vt 0.5019531 0.87890625
vt 0.51123047 0.8588867
vt 0.51123047 0.8642578
vt 0.5180664 0.8671875
vt 0.5234375 0.86279297
vt 0.50097656 0.8623047
vt 0.4958496 0.87841797
vt 0.5019531 0.87890625
vt 0.5048828 0.8671875
vt 0.5239258 0.8808594
vt 0.5234375 0.86279297
vt 0.5180664 0.8671875
vt 0.5175781 0.8803711
vt 0.51123047 0.8588867
vt 0.50097656 0.8623047
vt 0.5048828 0.8671875
vt 0.51123047 0.8642578
vt 0.0635376 0.88427734
vt 0.062072754 0.87597656
vt 0.05883789 0.8745117
vt 0.055725098 0.87597656
vt 0.053009033 0.8823242
vt 0.05996704 0.86621094
vt 0.05883789 0.8745117
vt 0.062072754 0.87597656
vt 0.06774902 0.86816406
vt 0.05307007 0.8666992
vt 0.043945312 0.875
vt 0.053009033 0.8823242
vt 0.055725098 0.87597656
vt 0.0635376 0.88427734
vt 0.07336426 0.87841797
vt 0.06774902 0.86816406
vt 0.062072754 0.87597656
vt 0.05996704 0.86621094
vt 0.05307007 0.8666992
vt 0.055725098 0.87597656
vt 0.05883789 0.8745117
vn -0.18322754 0.06149292 -0.98095703
vn -0.18322754 0.06149292 -0.98095703
vn -0.18322754 0.06149292 -0.98095703
vn 0.70751953 0.63671875 0.3059082
vn 0.70751953 0.63671875 0.3059082
vn 0.70751953 0.63671875 0.3059082
vn -0.120910645 0.82177734 0.5571289
vn -0.120910645 0.82177734 0.5571289
vn -0.120910645 0.82177734 0.5571289
vn -0.67089844 0.019119263 -0.74121094
vn -0.67089844 0.019119263 -0.74121094
vn -0.67089844 0.019119263 -0.74121094
vn -0.44458008 -0.03741455 -0.89501953
vn -0.44458008 -0.03741455 -0.89501953
vn -0.44458008 -0.03741455 -0.89501953
vn -0.13049316 0.7709961 -0.62353516
vn -0.13049316 0.7709961 -0.62353516
vn -0.13049316 0.7709961 -0.62353516
vn -0.05609131 0.05734253 -0.99658203
vn -0.05609131 0.05734253 -0.99658203
vn -0.05609131 0.05734253 -0.99658203
vn -0.054534912 0.9951172 0.0814209
vn -0.054534912 0.9951172 0.0814209
vn -0.054534912 0.9951172 0.0814209
vn -0.66796875 0.22753906 -0.7084961
vn -0.66796875 0.22753906 -0.7084961
vn -0.66796875 0.22753906 -0.7084961
vn 0.51708984 0.5332031 0.6694336
vn 0.51708984 0.5332031 0.6694336
vn 0.51708984 0.5332031 0.6694336
vn -0.018692017 0.99609375 -0.08514404
vn -0.018692017 0.99609375 -0.08514404
vn -0.018692017 0.99609375 -0.08514404
vn 0.1920166 0.087768555 -0.97753906
vn 0.1920166 0.087768555 -0.97753906
vn 0.1920166 0.087768555 -0.97753906
vn 0.1574707 0.9873047 0.027954102
vn 0.1574707 0.9873047 0.027954102
vn 0.1574707 0.9873047 0.027954102
vn 0.28710938 0.9458008 0.15209961
vn 0.28710938 0.9458008 0.15209961
vn 0.28710938 0.9458008 0.15209961
vn 0.42773438 -0.012054443 0.9038086
vn 0.42773438 -0.012054443 0.9038086
vn 0.42773438 -0.012054443 0.9038086
vn 0.35327148 0.9223633 0.15661621
vn 0.35327148 0.9223633 0.15661621
vn 0.35327148 0.9223633 0.15661621
vn 0.031066895 0.9506836 0.30810547
vn 0.031066895 0.9506836 0.30810547
vn 0.031066895 0.9506836 0.30810547
vn 0.14074707 0.34155273 0.9291992
vn 0.14074707 0.34155273 0.9291992
vn 0.14074707 0.34155273 0.9291992
vn 0.8486328 0.041259766 0.52734375
vn 0.8486328 0.041259766 0.52734375
vn 0.8486328 0.041259766 0.52734375
vn -0.2565918 0.78222656 0.5678711
vn -0.2565918 0.78222656 0.5678711
vn -0.2565918 0.78222656 0.5678711
vn -0.3696289 0.8154297 -0.4453125
vn -0.3696289 0.8154297 -0.4453125
vn -0.3696289 0.8154297 -0.4453125
vn -0.23327637 0.9477539 -0.21789551
vn -0.23327637 0.9477539 -0.21789551
vn -0.23327637 0.9477539 -0.21789551
vn -0.86279297 0.10101318 -0.49536133
vn -0.86279297 0.10101318 -0.49536133
vn -0.86279297 0.10101318 -0.49536133
vn 0.6513672 0.18334961 0.7363281
vn 0.6513672 0.18334961 0.7363281
vn 0.6513672 0.18334961 0.7363281
vn 0.4399414 0.6503906 0.6191406
vn 0.4399414 0.6503906 0.6191406
vn 0.4399414 0.6503906 0.6191406
vn 0.69677734 0.69873047 0.16418457
vn 0.69677734 0.69873047 0.16418457
vn 0.69677734 0.69873047 0.16418457
vn 0.8979492 -0.010917664 0.4404297
vn 0.8979492 -0.010917664 0.4404297
vn 0.8979492 -0.010917664 0.4404297
vn 0.29223633 0.95410156 0.06726074
vn 0.29223633 0.95410156 0.06726074
vn 0.29223633 0.95410156 0.06726074
vn -0.13830566 0.9873047 0.07922363
vn -0.13830566 0.9873047 0.07922363
vn -0.13830566 0.9873047 0.07922363
vn -0.29492188 0.9501953 -0.10192871
vn -0.29492188 0.9501953 -0.10192871
vn -0.29492188 0.9501953 -0.10192871
vn -0.63134766 -0.067871094 -0.7729492
vn -0.63134766 -0.067871094 -0.7729492
vn -0.63134766 -0.067871094 -0.7729492
vn -0.88916016 -0.005302429 -0.4580078
vn -0.88916016 -0.005302429 -0.4580078
vn -0.88916016 -0.005302429 -0.4580078
vn -0.58935547 -0.10168457 -0.8017578
vn -0.58935547 -0.10168457 -0.8017578
vn -0.58935547 -0.10168457 -0.8017578
vn -0.6386719 0.03768921 -0.7685547
vn -0.6386719 0.03768921 -0.7685547
vn -0.6386719 0.03768921 -0.7685547
vn -0.8959961 0.046051025 0.44140625
vn -0.8959961 0.046051025 0.44140625
vn -0.8959961 0.046051025 0.44140625
vn 0.5517578 0.2142334 0.80615234
vn 0.5517578 0.2142334 0.80615234
vn 0.5517578 0.2142334 0.80615234
vn 0.80322266 0.042907715 0.5942383
vn 0.80322266 0.042907715 0.5942383
vn 0.80322266 0.042907715 0.5942383
vn 0.7163086 0.107299805 0.6894531
vn 0.7163086 0.107299805 0.6894531
vn 0.7163086 0.107299805 0.6894531
vn 0.6972656 0.1038208 0.70947266
vn 0.6972656 0.1038208 0.70947266
vn 0.6972656 0.1038208 0.70947266
vn -0.33154297 0.9399414 -0.078430176
vn -0.33154297 0.9399414 -0.078430176
vn -0.33154297 0.9399414 -0.078430176
vn 0.07849121 0.99316406 -0.0881958
vn 0.07849121 0.99316406 -0.0881958
vn 0.07849121 0.99316406 -0.0881958
vn -0.46289062 0.6772461 -0.5722656
vn -0.46289062 0.6772461 -0.5722656
vn -0.46289062 0.6772461 -0.5722656
vn 0.64746094 0.18640137 0.73876953
vn 0.64746094 0.18640137 0.73876953
vn 0.64746094 0.18640137 0.73876953
vn -0.89697266 0.41210938 0.16027832
vn -0.89697266 0.41210938 0.16027832
vn -0.89697266 0.41210938 0.16027832
vn 0.8696289 0.46044922 -0.17907715
vn 0.8696289 0.46044922 -0.17907715
vn 0.8696289 0.46044922 -0.17907715
vn 0.97802734 0.20617676 -0.033843994
vn 0.97802734 0.20617676 -0.033843994
vn 0.97802734 0.20617676 -0.033843994
vn 0.10369873 0.97753906 -0.18371582
vn 0.10369873 0.97753906 -0.18371582
vn 0.10369873 0.97753906 -0.18371582
vn -0.46777344 0.80322266 0.3684082
vn -0.46777344 0.80322266 0.3684082
vn -0.46777344 0.80322266 0.3684082
vn 0.11437988 0.9785156 0.17248535
vn 0.11437988 0.9785156 0.17248535
vn 0.11437988 0.9785156 0.17248535
vn -0.6621094 0.703125 -0.26049805
vn -0.6621094 0.703125 -0.26049805
vn -0.6621094 0.703125 -0.26049805
vn -0.75390625 0.6386719 -0.15222168
vn -0.75390625 0.6386719 -0.15222168
vn -0.75390625 0.6386719 -0.15222168
vn -0.6279297 0.7783203 -0.000518322
vn -0.6279297 0.7783203 -0.000518322
vn -0.6279297 0.7783203 -0.000518322
vn -0.96435547 0.21533203 -0.15490723
vn -0.96435547 0.21533203 -0.15490723
vn -0.96435547 0.21533203 -0.15490723
vn 0.064331055 0.9897461 0.12683105
vn 0.064331055 0.9897461 0.12683105
vn 0.064331055 0.9897461 0.12683105
vn 0.17102051 0.9790039 -0.11114502
vn 0.17102051 0.9790039 -0.11114502
vn 0.17102051 0.9790039 -0.11114502
vn 0.35888672 0.92333984 -0.13647461
vn 0.35888672 0.92333984 -0.13647461
vn 0.35888672 0.92333984 -0.13647461
vn -0.13269043 0.9897461 0.056396484
vn -0.13269043 0.9897461 0.056396484
vn -0.13269043 0.9897461 0.056396484
vn -0.09051514 0.99560547 0.026687622
vn -0.09051514 0.99560547 0.026687622
vn -0.09051514 0.99560547 0.026687622
vn -0.07745361 0.99658203 0.019454956
vn -0.07745361 0.99658203 0.019454956
vn -0.07745361 0.99658203 0.019454956
vn 0.9995117 0.022262573 -0.021774292
vn 0.9995117 0.022262573 -0.021774292
vn 0.9995117 0.022262573 -0.021774292
vn -0.089538574 0.99316406 0.076538086
vn -0.089538574 0.99316406 0.076538086
vn -0.089538574 0.99316406 0.076538086
vn -0.50341797 0.85302734 -0.13793945
vn -0.50341797 0.85302734 -0.13793945
vn -0.50341797 0.85302734 -0.13793945
vn -0.14941406 0.78125 0.6064453
vn -0.14941406 0.78125 0.6064453
vn -0.14941406 0.78125 0.6064453
vn -0.5566406 0.8227539 -0.11437988
vn -0.5566406 0.8227539 -0.11437988
vn -0.5566406 0.8227539 -0.11437988
vn -0.9995117 0.025100708 0.011383057
vn -0.9995117 0.025100708 0.011383057
vn -0.9995117 0.025100708 0.011383057
vn -0.1665039 0.98535156 0.038635254
vn -0.1665039 0.98535156 0.038635254
vn -0.1665039 0.98535156 0.038635254
vn 0.05493164 0.42993164 -0.9013672
vn 0.05493164 0.42993164 -0.9013672
vn 0.05493164 0.42993164 -0.9013672
vn -0.13378906 0.97998047 -0.14624023
vn -0.13378906 0.97998047 -0.14624023
vn -0.13378906 0.97998047 -0.14624023
vn 0.63378906 0.20385742 0.74609375
vn 0.63378906 0.20385742 0.74609375
vn 0.63378906 0.20385742 0.74609375
vn 0.72998047 0.5488281 -0.40698242
vn 0.72998047 0.5488281 -0.40698242
vn 0.72998047 0.5488281 -0.40698242
vn 0.7675781 0.63964844 0.038269043
vn 0.7675781 0.63964844 0.038269043
vn 0.7675781 0.63964844 0.038269043
vn 0.9428711 0.2232666 -0.2479248
vn 0.9428711 0.2232666 -0.2479248
vn 0.9428711 0.2232666 -0.2479248
vn 0.39624023 0.86621094 -0.30444336
vn 0.39624023 0.86621094 -0.30444336
vn 0.39624023 0.86621094 -0.30444336
vn -0.53125 0.70654297 -0.46728516
vn -0.53125 0.70654297 -0.46728516
vn -0.53125 0.70654297 -0.46728516
vn 0.7807617 0.14892578 -0.6069336
vn 0.7807617 0.14892578 -0.6069336
vn 0.7807617 0.14892578 -0.6069336
vn -0.109436035 0.3852539 0.9160156
vn -0.109436035 0.3852539 0.9160156
vn -0.109436035 0.3852539 0.9160156
vn -0.06652832 0.9941406 0.086242676
vn -0.06652832 0.9941406 0.086242676
vn -0.06652832 0.9941406 0.086242676
vn -0.08691406 0.99609375 0.023101807
vn -0.08691406 0.99609375 0.023101807
vn -0.08691406 0.99609375 0.023101807
vn -0.9165039 0.08947754 -0.39038086
vn -0.9165039 0.08947754 -0.39038086
vn -0.9165039 0.08947754 -0.39038086
vn -0.12658691 0.98876953 -0.08135986
vn -0.12658691 0.98876953 -0.08135986
vn -0.12658691 0.98876953 -0.08135986
vn -0.6220703 0.7792969 -0.076049805
vn -0.6220703 0.7792969 -0.076049805
vn -0.6220703 0.7792969 -0.076049805
vn 0.02017212 0.99853516 -0.05001831
vn 0.02017212 0.99853516 -0.05001831
vn 0.02017212 0.99853516 -0.05001831
vn 0.068115234 0.7573242 0.64941406
vn 0.068115234 0.7573242 0.64941406
vn 0.068115234 0.7573242 0.64941406
vn 0.41796875 0.4892578 -0.765625
vn 0.41796875 0.4892578 -0.765625
vn 0.41796875 0.4892578 -0.765625
vn 0.9477539 0.3059082 0.090148926
vn 0.9477539 0.3059082 0.090148926
vn 0.9477539 0.3059082 0.090148926
vn -0.07800293 0.99658203 0.016571045
vn -0.07800293 0.99658203 0.016571045
vn -0.07800293 0.99658203 0.016571045
vn 0.99658203 0.08111572 -0.017166138
vn 0.99658203 0.08111572 -0.017166138
vn 0.99658203 0.08111572 -0.017166138
vn -0.44921875 0.8935547 0.0049438477
vn -0.44921875 0.8935547 0.0049438477
vn -0.44921875 0.8935547 0.0049438477
vn -0.57714844 0.5332031 -0.61865234
vn -0.57714844 0.5332031 -0.61865234
vn -0.57714844 0.5332031 -0.61865234
vn -0.023742676 0.9995117 0.0231781
vn -0.023742676 0.9995117 0.0231781
vn -0.023742676 0.9995117 0.0231781
vn 0.09033203 0.9946289 0.045532227
vn 0.09033203 0.9946289 0.045532227
vn 0.09033203 0.9946289 0.045532227
vn -0.7402344 0.00018787384 0.6723633
vn -0.7402344 0.00018787384 0.6723633
vn -0.7402344 0.00018787384 0.6723633
vn 0.99316406 0.11419678 -0.030670166
vn 0.99316406 0.11419678 -0.030670166
vn 0.99316406 0.11419678 -0.030670166
vn -0.14453125 0.9892578 0.018005371
vn -0.14453125 0.9892578 0.018005371
vn -0.14453125 0.9892578 0.018005371
vn -0.4284668 0.8964844 0.11462402
vn -0.4284668 0.8964844 0.11462402
vn -0.4284668 0.8964844 0.11462402
vn 0.2010498 0.06359863 0.97753906
vn 0.2010498 0.06359863 0.97753906
vn 0.2010498 0.06359863 0.97753906
vn -0.56103516 0.34960938 0.7504883
vn -0.56103516 0.34960938 0.7504883
vn -0.56103516 0.34960938 0.7504883
vn 0.98291016 -0.0024871826 -0.18408203
vn 0.98291016 -0.0024871826 -0.18408203
vn 0.98291016 -0.0024871826 -0.18408203
vn -0.12133789 0.97509766 0.18652344
vn -0.12133789 0.97509766 0.18652344
vn -0.12133789 0.97509766 0.18652344
vn -0.87646484 0.3947754 -0.27490234
vn -0.87646484 0.3947754 -0.27490234
vn -0.87646484 0.3947754 -0.27490234
vn -0.37646484 0.91748047 0.12976074
vn -0.37646484 0.91748047 0.12976074
vn -0.37646484 0.91748047 0.12976074
vn -0.24157715 0.45947266 -0.8544922
vn -0.24157715 0.45947266 -0.8544922
vn -0.24157715 0.45947266 -0.8544922
vn 0.054534912 0.6621094 -0.7475586
vn 0.054534912 0.6621094 -0.7475586
vn 0.054534912 0.6621094 -0.7475586
vn -0.7270508 0.6015625 0.33081055
vn -0.7270508 0.6015625 0.33081055
vn -0.7270508 0.6015625 0.33081055
vn -0.0031032562 0.9995117 0.029342651
vn -0.0031032562 0.9995117 0.029342651
vn -0.0031032562 0.9995117 0.029342651
vn 0.47045898 0.8823242 0.0034694672
vn 0.47045898 0.8823242 0.0034694672
vn 0.47045898 0.8823242 0.0034694672
vn 1 0.01776123 0.0113220215
vn 1 0.01776123 0.0113220215
vn 1 0.01776123 0.0113220215
vn 0.25439453 0.9667969 -0.015914917
vn 0.25439453 0.9667969 -0.015914917
vn 0.25439453 0.9667969 -0.015914917
vn -0.25854492 0.9584961 0.11993408
vn -0.25854492 0.9584961 0.11993408
vn -0.25854492 0.9584961 0.11993408
vn -0.44458008 -0.03744507 0.89501953
vn -0.44458008 -0.03744507 0.89501953
vn -0.44458008 -0.03744507 0.89501953
vn -0.13049316 0.7709961 0.62353516
vn -0.13049316 0.7709961 0.62353516
vn -0.13049316 0.7709961 0.62353516
vn -0.05609131 0.05734253 0.99658203
vn -0.05609131 0.05734253 0.99658203
vn -0.05609131 0.05734253 0.99658203
vn -0.054534912 0.9951172 -0.0814209
vn -0.054534912 0.9951172 -0.0814209
vn -0.054534912 0.9951172 -0.0814209
vn 0.51708984 0.5332031 -0.6694336
vn 0.51708984 0.5332031 -0.6694336
vn 0.51708984 0.5332031 -0.6694336
vn -0.018692017 0.99609375 0.08514404
vn -0.018692017 0.99609375 0.08514404
vn -0.018692017 0.99609375 0.08514404
vn 0.1574707 0.9873047 -0.027954102
vn 0.1574707 0.9873047 -0.027954102
vn 0.1574707 0.9873047 -0.027954102
vn 0.28710938 0.9458008 -0.15209961
vn 0.28710938 0.9458008 -0.15209961
vn 0.28710938 0.9458008 -0.15209961
vn 0.42773438 -0.012054443 -0.9038086
vn 0.42773438 -0.012054443 -0.9038086
vn 0.42773438 -0.012054443 -0.9038086
vn 0.35327148 0.9223633 -0.15661621
vn 0.35327148 0.9223633 -0.15661621
vn 0.35327148 0.9223633 -0.15661621
vn 0.031066895 0.9506836 -0.30810547
vn 0.031066895 0.9506836 -0.30810547
vn 0.031066895 0.9506836 -0.30810547
vn 0.14074707 0.34155273 -0.9291992
vn 0.14074707 0.34155273 -0.9291992
vn 0.14074707 0.34155273 -0.9291992
vn 0.8486328 0.041259766 -0.52734375
vn 0.8486328 0.041259766 -0.52734375
vn 0.8486328 0.041259766 -0.52734375
vn -0.2565918 0.78222656 -0.5678711
vn -0.2565918 0.78222656 -0.5678711
vn -0.2565918 0.78222656 -0.5678711
vn -0.3696289 0.8154297 0.4453125
vn -0.3696289 0.8154297 0.4453125
vn -0.3696289 0.8154297 0.4453125
vn -0.23327637 0.9477539 0.21789551
vn -0.23327637 0.9477539 0.21789551
vn -0.23327637 0.9477539 0.21789551
vn -0.86279297 0.10101318 0.49536133
vn -0.86279297 0.10101318 0.49536133
vn -0.86279297 0.10101318 0.49536133
vn 0.8417969 0.06506348 -0.53564453
vn 0.8417969 0.06506348 -0.53564453
vn 0.8417969 0.06506348 -0.53564453
vn 0.6513672 0.18334961 -0.7363281
vn 0.6513672 0.18334961 -0.7363281
vn 0.6513672 0.18334961 -0.7363281
vn 0.4399414 0.6503906 -0.6191406
vn 0.4399414 0.6503906 -0.6191406
vn 0.4399414 0.6503906 -0.6191406
vn 0.69628906 0.69873047 -0.16418457
vn 0.69628906 0.69873047 -0.16418457
vn 0.69628906 0.69873047 -0.16418457
vn 0.8979492 -0.010925293 -0.4404297
vn 0.8979492 -0.010925293 -0.4404297
vn 0.8979492 -0.010925293 -0.4404297
vn 0.29223633 0.95410156 -0.06726074
vn 0.29223633 0.95410156 -0.06726074
vn 0.29223633 0.95410156 -0.06726074
vn -0.13830566 0.9873047 -0.07922363
vn -0.13830566 0.9873047 -0.07922363
vn -0.13830566 0.9873047 -0.07922363
vn -0.29492188 0.9501953 0.10192871
vn -0.29492188 0.9501953 0.10192871
vn -0.29492188 0.9501953 0.10192871
vn -0.8959961 0.046051025 -0.44140625
vn -0.8959961 0.046051025 -0.44140625
vn -0.8959961 0.046051025 -0.44140625
vn 0.5517578 0.2142334 -0.80615234
vn 0.5517578 0.2142334 -0.80615234
vn 0.5517578 0.2142334 -0.80615234
vn 0.80322266 0.042907715 -0.5942383
vn 0.80322266 0.042907715 -0.5942383
vn 0.80322266 0.042907715 -0.5942383
vn 0.7163086 0.107299805 -0.6894531
vn 0.7163086 0.107299805 -0.6894531
vn 0.7163086 0.107299805 -0.6894531
vn 0.6972656 0.1038208 -0.70947266
vn 0.6972656 0.1038208 -0.70947266
vn 0.6972656 0.1038208 -0.70947266
vn -0.33154297 0.9399414 0.078430176
vn -0.33154297 0.9399414 0.078430176
vn -0.33154297 0.9399414 0.078430176
vn 0.07849121 0.99316406 0.0881958
vn 0.07849121 0.99316406 0.0881958
vn 0.07849121 0.99316406 0.0881958
vn -0.46289062 0.6772461 0.5722656
vn -0.46289062 0.6772461 0.5722656
vn -0.46289062 0.6772461 0.5722656
vn -0.7324219 -0.061950684 -0.67822266
vn -0.7324219 -0.061950684 -0.67822266
vn -0.7324219 -0.061950684 -0.67822266
vn 0.64746094 0.18640137 -0.73876953
vn 0.64746094 0.18640137 -0.73876953
vn 0.64746094 0.18640137 -0.73876953
vn -0.89697266 0.41210938 -0.16027832
vn -0.89697266 0.41210938 -0.16027832
vn -0.89697266 0.41210938 -0.16027832
vn 0.8696289 0.46044922 0.17907715
vn 0.8696289 0.46044922 0.17907715
vn 0.8696289 0.46044922 0.17907715
vn 0.97802734 0.20617676 0.033843994
vn 0.97802734 0.20617676 0.033843994
vn 0.97802734 0.20617676 0.033843994
vn 0.18371582 0.97753906 -0.10369873
vn 0.18371582 0.97753906 -0.10369873
vn 0.18371582 0.97753906 -0.10369873
vn -0.3684082 0.80322266 0.46777344
vn -0.3684082 0.80322266 0.46777344
vn -0.3684082 0.80322266 0.46777344
vn -0.17248535 0.9785156 -0.11437988
vn -0.17248535 0.9785156 -0.11437988
vn -0.17248535 0.9785156 -0.11437988
vn 0.26049805 0.703125 0.6621094
vn 0.26049805 0.703125 0.6621094
vn 0.26049805 0.703125 0.6621094
vn 0.15222168 0.6386719 0.75390625
vn 0.15222168 0.6386719 0.75390625
vn 0.15222168 0.6386719 0.75390625
vn 0.006088257 0.5449219 0.8383789
vn 0.006088257 0.5449219 0.8383789
vn 0.006088257 0.5449219 0.8383789
vn -0.12683105 0.9897461 -0.064331055
vn -0.12683105 0.9897461 -0.064331055
vn -0.12683105 0.9897461 -0.064331055
vn 0.11114502 0.9790039 -0.17102051
vn 0.11114502 0.9790039 -0.17102051
vn 0.11114502 0.9790039 -0.17102051
vn 0.13647461 0.92333984 -0.35888672
vn 0.13647461 0.92333984 -0.35888672
vn 0.13647461 0.92333984 -0.35888672
vn -0.056396484 0.9897461 0.13269043
vn -0.056396484 0.9897461 0.13269043
vn -0.056396484 0.9897461 0.13269043
vn -0.026687622 0.99560547 0.09051514
vn -0.026687622 0.99560547 0.09051514
vn -0.026687622 0.99560547 0.09051514
vn -0.019454956 0.99658203 0.07745361
vn -0.019454956 0.99658203 0.07745361
vn -0.019454956 0.99658203 0.07745361
vn 0.021774292 0.022262573 -0.9995117
vn 0.021774292 0.022262573 -0.9995117
vn 0.021774292 0.022262573 -0.9995117
vn -0.076538086 0.99316406 0.089538574
vn -0.076538086 0.99316406 0.089538574
vn -0.076538086 0.99316406 0.089538574
vn 0.13793945 0.85302734 0.50341797
vn 0.13793945 0.85302734 0.50341797
vn 0.13793945 0.85302734 0.50341797
vn -0.6064453 0.78125 0.14941406
vn -0.6064453 0.78125 0.14941406
vn -0.6064453 0.78125 0.14941406
vn 0.11437988 0.8227539 0.5566406
vn 0.11437988 0.8227539 0.5566406
vn 0.11437988 0.8227539 0.5566406
vn -0.011383057 0.025100708 0.9995117
vn -0.011383057 0.025100708 0.9995117
vn -0.011383057 0.025100708 0.9995117
vn -0.038635254 0.98535156 0.1665039
vn -0.038635254 0.98535156 0.1665039
vn -0.038635254 0.98535156 0.1665039
vn 0.9013672 0.42993164 -0.05493164
vn 0.9013672 0.42993164 -0.05493164
vn 0.9013672 0.42993164 -0.05493164
vn 0.14624023 0.97998047 0.13378906
vn 0.14624023 0.97998047 0.13378906
vn 0.14624023 0.97998047 0.13378906
vn -0.74609375 0.20385742 -0.63378906
vn -0.74609375 0.20385742 -0.63378906
vn -0.74609375 0.20385742 -0.63378906
vn 0.40698242 0.5488281 -0.72998047
vn 0.40698242 0.5488281 -0.72998047
vn 0.40698242 0.5488281 -0.72998047
vn -0.038238525 0.63964844 -0.7675781
vn -0.038238525 0.63964844 -0.7675781
vn -0.038238525 0.63964844 -0.7675781
vn 0.2479248 0.2232666 -0.9428711
vn 0.2479248 0.2232666 -0.9428711
vn 0.2479248 0.2232666 -0.9428711
vn 0.30444336 0.86621094 -0.39624023
vn 0.30444336 0.86621094 -0.39624023
vn 0.30444336 0.86621094 -0.39624023
vn 0.46728516 0.70654297 0.53125
vn 0.46728516 0.70654297 0.53125
vn 0.46728516 0.70654297 0.53125
vn 0.6069336 0.14892578 -0.7807617
vn 0.6069336 0.14892578 -0.7807617
vn 0.6069336 0.14892578 -0.7807617
vn -0.9160156 0.3852539 0.109436035
vn -0.9160156 0.3852539 0.109436035
vn -0.9160156 0.3852539 0.109436035
vn -0.086242676 0.9941406 0.06652832
vn -0.086242676 0.9941406 0.06652832
vn -0.086242676 0.9941406 0.06652832
vn -0.023101807 0.99609375 0.08691406
vn -0.023101807 0.99609375 0.08691406
vn -0.023101807 0.99609375 0.08691406
vn 0.39038086 0.08947754 0.9165039
vn 0.39038086 0.08947754 0.9165039
vn 0.39038086 0.08947754 0.9165039
vn 0.08135986 0.98876953 0.12658691
vn 0.08135986 0.98876953 0.12658691
vn 0.08135986 0.98876953 0.12658691
vn 0.076049805 0.7792969 0.6220703
vn 0.076049805 0.7792969 0.6220703
vn 0.076049805 0.7792969 0.6220703
vn 0.05001831 0.99853516 -0.02017212
vn 0.05001831 0.99853516 -0.02017212
vn 0.05001831 0.99853516 -0.02017212
vn -0.64941406 0.7573242 -0.068115234
vn -0.64941406 0.7573242 -0.068115234
vn -0.64941406 0.7573242 -0.068115234
vn 0.765625 0.4892578 -0.41796875
vn 0.765625 0.4892578 -0.41796875
vn 0.765625 0.4892578 -0.41796875
vn -0.090148926 0.3059082 -0.9477539
vn -0.090148926 0.3059082 -0.9477539
vn -0.090148926 0.3059082 -0.9477539
vn -0.016571045 0.99658203 0.07800293
vn -0.016571045 0.99658203 0.07800293
vn -0.016571045 0.99658203 0.07800293
vn 0.017166138 0.08111572 -0.99658203
vn 0.017166138 0.08111572 -0.99658203
vn 0.017166138 0.08111572 -0.99658203
vn -0.0049438477 0.8935547 0.44921875
vn -0.0049438477 0.8935547 0.44921875
vn -0.0049438477 0.8935547 0.44921875
vn 0.61865234 0.5332031 0.57714844
vn 0.61865234 0.5332031 0.57714844
vn 0.61865234 0.5332031 0.57714844
vn -0.0231781 0.9995117 0.023742676
vn -0.0231781 0.9995117 0.023742676
vn -0.0231781 0.9995117 0.023742676
vn -0.045532227 0.9946289 -0.09033203
vn -0.045532227 0.9946289 -0.09033203
vn -0.045532227 0.9946289 -0.09033203
vn -0.6723633 0.00018298626 0.7402344
vn -0.6723633 0.00018298626 0.7402344
vn -0.6723633 0.00018298626 0.7402344
vn 0.030670166 0.11419678 -0.99316406
vn 0.030670166 0.11419678 -0.99316406
vn 0.030670166 0.11419678 -0.99316406
vn -0.01802063 0.9892578 0.14453125
vn -0.01802063 0.9892578 0.14453125
vn -0.01802063 0.9892578 0.14453125
vn -0.11462402 0.8964844 0.4284668
vn -0.11462402 0.8964844 0.4284668
vn -0.11462402 0.8964844 0.4284668
vn -0.97753906 0.06359863 -0.2010498
vn -0.97753906 0.06359863 -0.2010498
vn -0.97753906 0.06359863 -0.2010498
vn -0.7504883 0.34960938 0.56103516
vn -0.7504883 0.34960938 0.56103516
vn -0.7504883 0.34960938 0.56103516
vn 0.18408203 -0.0024852753 -0.98291016
vn 0.18408203 -0.0024852753 -0.98291016
vn 0.18408203 -0.0024852753 -0.98291016
vn -0.18652344 0.97509766 0.12133789
vn -0.18652344 0.97509766 0.12133789
vn -0.18652344 0.97509766 0.12133789
vn 0.27490234 0.3947754 0.87646484
vn 0.27490234 0.3947754 0.87646484
vn 0.27490234 0.3947754 0.87646484
vn -0.12976074 0.91748047 0.37646484
vn -0.12976074 0.91748047 0.37646484
vn -0.12976074 0.91748047 0.37646484
vn 0.8544922 0.45947266 0.24157715
vn 0.8544922 0.45947266 0.24157715
vn 0.8544922 0.45947266 0.24157715
vn 0.7475586 0.6621094 -0.054534912
vn 0.7475586 0.6621094 -0.054534912
vn 0.7475586 0.6621094 -0.054534912
vn -0.33081055 0.6015625 0.7270508
vn -0.33081055 0.6015625 0.7270508
vn -0.33081055 0.6015625 0.7270508
vn -0.029342651 0.9995117 0.0031032562
vn -0.029342651 0.9995117 0.0031032562
vn -0.029342651 0.9995117 0.0031032562
vn -0.0034694672 0.8823242 -0.47045898
vn -0.0034694672 0.8823242 -0.47045898
vn -0.0034694672 0.8823242 -0.47045898
vn -0.0113220215 0.01776123 -1
vn -0.0113220215 0.01776123 -1
vn -0.0113220215 0.01776123 -1
vn 0.015930176 0.9667969 -0.25439453
vn 0.015930176 0.9667969 -0.25439453
vn 0.015930176 0.9667969 -0.25439453
vn 0.25854492 0.9584961 0.11993408
vn 0.25854492 0.9584961 0.11993408
vn 0.25854492 0.9584961 0.11993408
vn 0.67089844 0.019119263 0.74121094
vn 0.67089844 0.019119263 0.74121094
vn 0.67089844 0.019119263 0.74121094
vn 0.44458008 -0.03741455 0.89501953
vn 0.44458008 -0.03741455 0.89501953
vn 0.44458008 -0.03741455 0.89501953
vn 0.13049316 0.7709961 0.62353516
vn 0.13049316 0.7709961 0.62353516
vn 0.13049316 0.7709961 0.62353516
vn 0.05609131 0.05734253 0.99658203
vn 0.05609131 0.05734253 0.99658203
vn 0.05609131 0.05734253 0.99658203
vn 0.054534912 0.9951172 -0.0814209
vn 0.054534912 0.9951172 -0.0814209
vn 0.054534912 0.9951172 -0.0814209
vn 0.66796875 0.22753906 0.7084961
vn 0.66796875 0.22753906 0.7084961
vn 0.66796875 0.22753906 0.7084961
vn -0.51708984 0.5332031 -0.6694336
vn -0.51708984 0.5332031 -0.6694336
vn -0.51708984 0.5332031 -0.6694336
vn 0.018692017 0.99609375 0.08514404
vn 0.018692017 0.99609375 0.08514404
vn 0.018692017 0.99609375 0.08514404
vn -0.1574707 0.9873047 -0.027954102
vn -0.1574707 0.9873047 -0.027954102
vn -0.1574707 0.9873047 -0.027954102
vn -0.28710938 0.9458008 -0.15209961
vn -0.28710938 0.9458008 -0.15209961
vn -0.28710938 0.9458008 -0.15209961
vn -0.42773438 -0.012054443 -0.9038086
vn -0.42773438 -0.012054443 -0.9038086
vn -0.42773438 -0.012054443 -0.9038086
vn -0.35327148 0.9223633 -0.15661621
vn -0.35327148 0.9223633 -0.15661621
vn -0.35327148 0.9223633 -0.15661621
vn -0.031066895 0.9506836 -0.30810547
vn -0.031066895 0.9506836 -0.30810547
vn -0.031066895 0.9506836 -0.30810547
vn -0.14074707 0.34155273 -0.9291992
vn -0.14074707 0.34155273 -0.9291992
vn -0.14074707 0.34155273 -0.9291992
vn -0.8486328 0.041259766 -0.52734375
vn -0.8486328 0.041259766 -0.52734375
vn -0.8486328 0.041259766 -0.52734375
vn 0.2565918 0.78222656 -0.5678711
vn 0.2565918 0.78222656 -0.5678711
vn 0.2565918 0.78222656 -0.5678711
vn 0.3696289 0.8154297 0.4453125
vn 0.3696289 0.8154297 0.4453125
vn 0.3696289 0.8154297 0.4453125
vn 0.23327637 0.9477539 0.21789551
vn 0.23327637 0.9477539 0.21789551
vn 0.23327637 0.9477539 0.21789551
vn 0.86279297 0.10101318 0.49536133
vn 0.86279297 0.10101318 0.49536133
vn 0.86279297 0.10101318 0.49536133
vn -0.8417969 0.06506348 -0.53564453
vn -0.8417969 0.06506348 -0.53564453
vn -0.8417969 0.06506348 -0.53564453
vn -0.6513672 0.18334961 -0.7363281
vn -0.6513672 0.18334961 -0.7363281
vn -0.6513672 0.18334961 -0.7363281
vn -0.4399414 0.6503906 -0.6191406
vn -0.4399414 0.6503906 -0.6191406
vn -0.4399414 0.6503906 -0.6191406
vn -0.69677734 0.69873047 -0.16418457
vn -0.69677734 0.69873047 -0.16418457
vn -0.69677734 0.69873047 -0.16418457
vn -0.8979492 -0.010917664 -0.4404297
vn -0.8979492 -0.010917664 -0.4404297
vn -0.8979492 -0.010917664 -0.4404297
vn -0.29223633 0.95410156 -0.06726074
vn -0.29223633 0.95410156 -0.06726074
vn -0.29223633 0.95410156 -0.06726074
vn 0.13830566 0.9873047 -0.07922363
vn 0.13830566 0.9873047 -0.07922363
vn 0.13830566 0.9873047 -0.07922363
vn 0.29492188 0.9501953 0.10192871
vn 0.29492188 0.9501953 0.10192871
vn 0.29492188 0.9501953 0.10192871
vn 0.63134766 -0.067871094 0.7729492
vn 0.63134766 -0.067871094 0.7729492
vn 0.63134766 -0.067871094 0.7729492
vn 0.88916016 -0.005302429 0.4580078
vn 0.88916016 -0.005302429 0.4580078
vn 0.88916016 -0.005302429 0.4580078
vn 0.58935547 -0.10168457 0.8017578
vn 0.58935547 -0.10168457 0.8017578
vn 0.58935547 -0.10168457 0.8017578
vn 0.6386719 0.03768921 0.7685547
vn 0.6386719 0.03768921 0.7685547
vn 0.6386719 0.03768921 0.7685547
vn 0.8959961 0.046051025 -0.44140625
vn 0.8959961 0.046051025 -0.44140625
vn 0.8959961 0.046051025 -0.44140625
vn -0.5517578 0.2142334 -0.80615234
vn -0.5517578 0.2142334 -0.80615234
vn -0.5517578 0.2142334 -0.80615234
vn -0.80322266 0.042907715 -0.5942383
vn -0.80322266 0.042907715 -0.5942383
vn -0.80322266 0.042907715 -0.5942383
vn -0.7163086 0.107299805 -0.6894531
vn -0.7163086 0.107299805 -0.6894531
vn -0.7163086 0.107299805 -0.6894531
vn -0.6972656 0.1038208 -0.70947266
vn -0.6972656 0.1038208 -0.70947266
vn -0.6972656 0.1038208 -0.70947266
vn 0.33154297 0.9399414 0.078430176
vn 0.33154297 0.9399414 0.078430176
vn 0.33154297 0.9399414 0.078430176
vn -0.07849121 0.99316406 0.0881958
vn -0.07849121 0.99316406 0.0881958
vn -0.07849121 0.99316406 0.0881958
vn 0.46289062 0.6772461 0.5722656
vn 0.46289062 0.6772461 0.5722656
vn 0.46289062 0.6772461 0.5722656
vn 0.7324219 -0.061950684 -0.67822266
vn 0.7324219 -0.061950684 -0.67822266
vn 0.7324219 -0.061950684 -0.67822266
vn -0.64746094 0.18640137 -0.73876953
vn -0.64746094 0.18640137 -0.73876953
vn -0.64746094 0.18640137 -0.73876953
vn 0.89697266 0.41210938 -0.16027832
vn 0.89697266 0.41210938 -0.16027832
vn 0.89697266 0.41210938 -0.16027832
vn -0.8696289 0.46044922 0.17907715
vn -0.8696289 0.46044922 0.17907715
vn -0.8696289 0.46044922 0.17907715
vn -0.97802734 0.20617676 0.033843994
vn -0.97802734 0.20617676 0.033843994
vn -0.97802734 0.20617676 0.033843994
vn -0.171875 0.75097656 0.63720703
vn -0.171875 0.75097656 0.63720703
vn -0.171875 0.75097656 0.63720703
vn -0.8261719 0.4975586 0.26367188
vn -0.8261719 0.4975586 0.26367188
vn -0.8261719 0.4975586 0.26367188
vn -0.16992188 0.7495117 -0.63964844
vn -0.16992188 0.7495117 -0.63964844
vn -0.16992188 0.7495117 -0.63964844
vn -0.89697266 0.3623047 -0.2529297
vn -0.89697266 0.3623047 -0.2529297
vn -0.89697266 0.3623047 -0.2529297
vn -0.9526367 0.029647827 0.30249023
vn -0.9526367 0.029647827 0.30249023
vn -0.9526367 0.029647827 0.30249023
vn -0.95703125 0.053009033 -0.2854004
vn -0.95703125 0.053009033 -0.2854004
vn -0.95703125 0.053009033 -0.2854004
vn -0.03955078 -0.8364258 0.546875
vn -0.03955078 -0.8364258 0.546875
vn -0.03955078 -0.8364258 0.546875
vn -0.039886475 -0.8208008 -0.56933594
vn -0.039886475 -0.8208008 -0.56933594
vn -0.039886475 -0.8208008 -0.56933594
vn -0.3642578 0.7519531 -0.5493164
vn -0.3642578 0.7519531 -0.5493164
vn -0.3642578 0.7519531 -0.5493164
vn 0.9790039 0.06695557 -0.19213867
vn 0.9790039 0.06695557 -0.19213867
vn 0.9790039 0.06695557 -0.19213867
vn 0.17578125 0.9560547 -0.23522949
vn 0.17578125 0.9560547 -0.23522949
vn 0.17578125 0.9560547 -0.23522949
vn -0.9057617 0.27172852 -0.3244629
vn -0.9057617 0.27172852 -0.3244629
vn -0.9057617 0.27172852 -0.3244629
vn -0.031097412 0.97753906 0.20837402
vn -0.031097412 0.97753906 0.20837402
vn -0.031097412 0.97753906 0.20837402
vn -0.38134766 0.7963867 0.4699707
vn -0.38134766 0.7963867 0.4699707
vn -0.38134766 0.7963867 0.4699707
vn -0.03286743 0.22387695 0.9741211
vn -0.03286743 0.22387695 0.9741211
vn -0.03286743 0.22387695 0.9741211
vn -0.30151367 0.4116211 0.8598633
vn -0.30151367 0.4116211 0.8598633
vn -0.30151367 0.4116211 0.8598633
vn 0.2746582 0.28027344 0.9199219
vn 0.2746582 0.28027344 0.9199219
vn 0.2746582 0.28027344 0.9199219
vn -0.017105103 0.39501953 0.91845703
vn -0.017105103 0.39501953 0.91845703
vn -0.017105103 0.39501953 0.91845703
vn 0.7832031 0.5332031 -0.31982422
vn 0.7832031 0.5332031 -0.31982422
vn 0.7832031 0.5332031 -0.31982422
vn 0.059295654 0.9921875 -0.10925293
vn 0.059295654 0.9921875 -0.10925293
vn 0.059295654 0.9921875 -0.10925293
vn -0.04699707 0.9975586 -0.055267334
vn -0.04699707 0.9975586 -0.055267334
vn -0.04699707 0.9975586 -0.055267334
vn -0.23547363 0.19665527 -0.95166016
vn -0.23547363 0.19665527 -0.95166016
vn -0.23547363 0.19665527 -0.95166016
vn 0.058532715 0.1986084 -0.9785156
vn 0.058532715 0.1986084 -0.9785156
vn 0.058532715 0.1986084 -0.9785156
vn 0.037719727 0.21264648 -0.9765625
vn 0.037719727 0.21264648 -0.9765625
vn 0.037719727 0.21264648 -0.9765625
vn -0.203125 0.07324219 -0.9765625
vn -0.203125 0.07324219 -0.9765625
vn -0.203125 0.07324219 -0.9765625
vn -0.11981201 0.9794922 0.16320801
vn -0.11981201 0.9794922 0.16320801
vn -0.11981201 0.9794922 0.16320801
vn -0.21789551 0.09765625 0.9711914
vn -0.21789551 0.09765625 0.9711914
vn -0.21789551 0.09765625 0.9711914
vn 0.1862793 0.09918213 0.97753906
vn 0.1862793 0.09918213 0.97753906
vn 0.1862793 0.09918213 0.97753906
vn 0.02722168 0.9326172 0.35961914
vn 0.02722168 0.9326172 0.35961914
vn 0.02722168 0.9326172 0.35961914
vn -0.17956543 0.41552734 -0.89160156
vn -0.17956543 0.41552734 -0.89160156
vn -0.17956543 0.41552734 -0.89160156
vn -0.6904297 0.44091797 0.57373047
vn -0.6904297 0.44091797 0.57373047
vn -0.6904297 0.44091797 0.57373047
vn -0.50927734 0.8520508 -0.11932373
vn -0.50927734 0.8520508 -0.11932373
vn -0.50927734 0.8520508 -0.11932373
vn -0.4921875 0.20922852 -0.84521484
vn -0.4921875 0.20922852 -0.84521484
vn -0.4921875 0.20922852 -0.84521484
vn -0.14160156 0.10266113 -0.984375
vn -0.14160156 0.10266113 -0.984375
vn -0.14160156 0.10266113 -0.984375
vn 0.20593262 0.95996094 0.19006348
vn 0.20593262 0.95996094 0.19006348
vn 0.20593262 0.95996094 0.19006348
vn 0.25585938 0.44628906 -0.8574219
vn 0.25585938 0.44628906 -0.8574219
vn 0.25585938 0.44628906 -0.8574219
vn -0.91552734 0.3005371 -0.2680664
vn -0.91552734 0.3005371 -0.2680664
vn -0.91552734 0.3005371 -0.2680664
vn 0.62646484 0.66503906 0.40649414
vn 0.62646484 0.66503906 0.40649414
vn 0.62646484 0.66503906 0.40649414
vn 0.9946289 -0.05960083 0.083496094
vn 0.9946289 -0.05960083 0.083496094
vn 0.9946289 -0.05960083 0.083496094
vn 0.020904541 0.9980469 0.05984497
vn 0.020904541 0.9980469 0.05984497
vn 0.020904541 0.9980469 0.05984497
vn 0.9790039 0.068115234 0.19177246
vn 0.9790039 0.068115234 0.19177246
vn 0.9790039 0.068115234 0.19177246
vn -0.2319336 0.1809082 -0.9555664
vn -0.2319336 0.1809082 -0.9555664
vn -0.2319336 0.1809082 -0.9555664
vn 0.054473877 0.99658203 0.0592041
vn 0.054473877 0.99658203 0.0592041
vn 0.054473877 0.99658203 0.0592041
vn -0.08996582 0.99072266 0.100097656
vn -0.08996582 0.99072266 0.100097656
vn -0.08996582 0.99072266 0.100097656
vn -0.0048179626 -0.7817383 -0.62353516
vn -0.0048179626 -0.7817383 -0.62353516
vn -0.0048179626 -0.7817383 -0.62353516
vn 0.058563232 0.99560547 0.07324219
vn 0.058563232 0.99560547 0.07324219
vn 0.058563232 0.99560547 0.07324219
vn -0.7348633 0.66064453 -0.15161133
vn -0.7348633 0.66064453 -0.15161133
vn -0.7348633 0.66064453 -0.15161133
vn 0.23156738 0.61279297 -0.7558594
vn 0.23156738 0.61279297 -0.7558594
vn 0.23156738 0.61279297 -0.7558594
vn -0.4506836 -0.09637451 -0.88720703
vn -0.4506836 -0.09637451 -0.88720703
vn -0.4506836 -0.09637451 -0.88720703
vn -0.6225586 0.20751953 -0.75439453
vn -0.6225586 0.20751953 -0.75439453
vn -0.6225586 0.20751953 -0.75439453
vn 0.027786255 0.9995117 -0.0211792
vn 0.027786255 0.9995117 -0.0211792
vn 0.027786255 0.9995117 -0.0211792
vn 0.00712204 0.99902344 -0.04260254
vn 0.00712204 0.99902344 -0.04260254
vn 0.00712204 0.99902344 -0.04260254
vn 0.1430664 -0.009223938 -0.9897461
vn 0.1430664 -0.009223938 -0.9897461
vn 0.1430664 -0.009223938 -0.9897461
vn -0.8359375 0.18835449 -0.515625
vn -0.8359375 0.18835449 -0.515625
vn -0.8359375 0.18835449 -0.515625
vn -0.0072402954 1 -0.0017127991
vn -0.0072402954 1 -0.0017127991
vn -0.0072402954 1 -0.0017127991
vn -0.060302734 0.9975586 0.029312134
vn -0.060302734 0.9975586 0.029312134
vn -0.060302734 0.9975586 0.029312134
vn 0.011054993 0.99658203 -0.07977295
vn 0.011054993 0.99658203 -0.07977295
vn 0.011054993 0.99658203 -0.07977295
vn -0.22607422 0.64208984 0.7324219
vn -0.22607422 0.64208984 0.7324219
vn -0.22607422 0.64208984 0.7324219
vn -0.21496582 0.97509766 0.05166626
vn -0.21496582 0.97509766 0.05166626
vn -0.21496582 0.97509766 0.05166626
vn -0.1809082 0.47924805 0.8588867
vn -0.1809082 0.47924805 0.8588867
vn -0.1809082 0.47924805 0.8588867
vn 0.055664062 -0.63134766 0.7734375
vn 0.055664062 -0.63134766 0.7734375
vn 0.055664062 -0.63134766 0.7734375
vn 0.62890625 0.6269531 0.4597168
vn 0.62890625 0.6269531 0.4597168
vn 0.62890625 0.6269531 0.4597168
vn -0.040740967 0.7338867 0.67822266
vn -0.040740967 0.7338867 0.67822266
vn -0.040740967 0.7338867 0.67822266
vn 0.69091797 0.43725586 0.5756836
vn 0.69091797 0.43725586 0.5756836
vn 0.69091797 0.43725586 0.5756836
vn -0.59277344 0.46411133 0.6582031
vn -0.59277344 0.46411133 0.6582031
vn -0.59277344 0.46411133 0.6582031
vn -0.22265625 -0.25878906 0.9399414
vn -0.22265625 -0.25878906 0.9399414
vn -0.22265625 -0.25878906 0.9399414
vn 0.115722656 0.03918457 0.9926758
vn 0.115722656 0.03918457 0.9926758
vn 0.115722656 0.03918457 0.9926758
vn -0.50927734 0.83984375 -0.18798828
vn -0.50927734 0.83984375 -0.18798828
vn -0.50927734 0.83984375 -0.18798828
vn 0.023788452 0.4790039 0.8774414
vn 0.023788452 0.4790039 0.8774414
vn 0.023788452 0.4790039 0.8774414
vn -0.14746094 0.98828125 -0.044647217
vn -0.14746094 0.98828125 -0.044647217
vn -0.14746094 0.98828125 -0.044647217
vn -0.89160156 0.18664551 0.4128418
vn -0.89160156 0.18664551 0.4128418
vn -0.89160156 0.18664551 0.4128418
vn -0.20495605 0.43432617 0.8769531
vn -0.20495605 0.43432617 0.8769531
vn -0.20495605 0.43432617 0.8769531
vn 0.15588379 0.30078125 -0.94091797
vn 0.15588379 0.30078125 -0.94091797
vn 0.15588379 0.30078125 -0.94091797
vn 0.0793457 0.97265625 -0.21838379
vn 0.0793457 0.97265625 -0.21838379
vn 0.0793457 0.97265625 -0.21838379
vn -0.73046875 0.6689453 -0.13708496
vn -0.73046875 0.6689453 -0.13708496
vn -0.73046875 0.6689453 -0.13708496
vn 0.16711426 -0.3659668 -0.91552734
vn 0.16711426 -0.3659668 -0.91552734
vn 0.16711426 -0.3659668 -0.91552734
vn 0.73046875 0.03842163 0.6816406
vn 0.73046875 0.03842163 0.6816406
vn 0.73046875 0.03842163 0.6816406
vn -0.3503418 0.086364746 -0.9326172
vn -0.3503418 0.086364746 -0.9326172
vn -0.3503418 0.086364746 -0.9326172
vn -0.057281494 -0.01625061 -0.9980469
vn -0.057281494 -0.01625061 -0.9980469
vn -0.057281494 -0.01625061 -0.9980469
vn -0.08203125 0.9760742 -0.20031738
vn -0.08203125 0.9760742 -0.20031738
vn -0.08203125 0.9760742 -0.20031738
vn -0.05392456 0.9838867 -0.17114258
vn -0.05392456 0.9838867 -0.17114258
vn -0.05392456 0.9838867 -0.17114258
vn -0.022109985 0.06262207 -0.9975586
vn -0.022109985 0.06262207 -0.9975586
vn -0.022109985 0.06262207 -0.9975586
vn 0.25854492 0.9584961 -0.11993408
vn 0.25854492 0.9584961 -0.11993408
vn 0.25854492 0.9584961 -0.11993408
vn 0.67089844 0.019119263 -0.74121094
vn 0.67089844 0.019119263 -0.74121094
vn 0.67089844 0.019119263 -0.74121094
vn 0.44458008 -0.03744507 -0.89501953
vn 0.44458008 -0.03744507 -0.89501953
vn 0.44458008 -0.03744507 -0.89501953
vn 0.13049316 0.7709961 -0.62353516
vn 0.13049316 0.7709961 -0.62353516
vn 0.13049316 0.7709961 -0.62353516
vn 0.05609131 0.05734253 -0.99658203
vn 0.05609131 0.05734253 -0.99658203
vn 0.05609131 0.05734253 -0.99658203
vn 0.054534912 0.9951172 0.0814209
vn 0.054534912 0.9951172 0.0814209
vn 0.054534912 0.9951172 0.0814209
vn 0.66796875 0.22753906 -0.7084961
vn 0.66796875 0.22753906 -0.7084961
vn 0.66796875 0.22753906 -0.7084961
vn -0.51708984 0.5332031 0.6694336
vn -0.51708984 0.5332031 0.6694336
vn -0.51708984 0.5332031 0.6694336
vn 0.018692017 0.99609375 -0.08514404
vn 0.018692017 0.99609375 -0.08514404
vn 0.018692017 0.99609375 -0.08514404
vn -0.1920166 0.087768555 -0.97753906
vn -0.1920166 0.087768555 -0.97753906
vn -0.1920166 0.087768555 -0.97753906
vn -0.1574707 0.9873047 0.027954102
vn -0.1574707 0.9873047 0.027954102
vn -0.1574707 0.9873047 0.027954102
vn -0.28710938 0.9458008 0.15209961
vn -0.28710938 0.9458008 0.15209961
vn -0.28710938 0.9458008 0.15209961
vn -0.42773438 -0.012054443 0.9038086
vn -0.42773438 -0.012054443 0.9038086
vn -0.42773438 -0.012054443 0.9038086
vn -0.35327148 0.9223633 0.15661621
vn -0.35327148 0.9223633 0.15661621
vn -0.35327148 0.9223633 0.15661621
vn -0.031066895 0.9506836 0.30810547
vn -0.031066895 0.9506836 0.30810547
vn -0.031066895 0.9506836 0.30810547
vn -0.14074707 0.34155273 0.9291992
vn -0.14074707 0.34155273 0.9291992
vn -0.14074707 0.34155273 0.9291992
vn -0.8486328 0.041259766 0.52734375
vn -0.8486328 0.041259766 0.52734375
vn -0.8486328 0.041259766 0.52734375
vn 0.2565918 0.78222656 0.5678711
vn 0.2565918 0.78222656 0.5678711
vn 0.2565918 0.78222656 0.5678711
vn 0.3696289 0.8154297 -0.4453125
vn 0.3696289 0.8154297 -0.4453125
vn 0.3696289 0.8154297 -0.4453125
vn 0.23327637 0.9477539 -0.21789551
vn 0.23327637 0.9477539 -0.21789551
vn 0.23327637 0.9477539 -0.21789551
vn 0.86279297 0.10101318 -0.49536133
vn 0.86279297 0.10101318 -0.49536133
vn 0.86279297 0.10101318 -0.49536133
vn -0.8417969 0.06506348 0.53564453
vn -0.8417969 0.06506348 0.53564453
vn -0.8417969 0.06506348 0.53564453
vn -0.6513672 0.18334961 0.7363281
vn -0.6513672 0.18334961 0.7363281
vn -0.6513672 0.18334961 0.7363281
vn -0.4399414 0.6503906 0.6191406
vn -0.4399414 0.6503906 0.6191406
vn -0.4399414 0.6503906 0.6191406
vn -0.69628906 0.69873047 0.16418457
vn -0.69628906 0.69873047 0.16418457
vn -0.69628906 0.69873047 0.16418457
vn -0.8979492 -0.010925293 0.4404297
vn -0.8979492 -0.010925293 0.4404297
vn -0.8979492 -0.010925293 0.4404297
vn -0.29223633 0.95410156 0.06726074
vn -0.29223633 0.95410156 0.06726074
vn -0.29223633 0.95410156 0.06726074
vn 0.13830566 0.9873047 0.07922363
vn 0.13830566 0.9873047 0.07922363
vn 0.13830566 0.9873047 0.07922363
vn 0.29492188 0.9501953 -0.10192871
vn 0.29492188 0.9501953 -0.10192871
vn 0.29492188 0.9501953 -0.10192871
vn 0.63134766 -0.067871094 -0.7729492
vn 0.63134766 -0.067871094 -0.7729492
vn 0.63134766 -0.067871094 -0.7729492
vn 0.88916016 -0.005302429 -0.4580078
vn 0.88916016 -0.005302429 -0.4580078
vn 0.88916016 -0.005302429 -0.4580078
vn 0.58935547 -0.10168457 -0.8017578
vn 0.58935547 -0.10168457 -0.8017578
vn 0.58935547 -0.10168457 -0.8017578
vn 0.6386719 0.03768921 -0.7685547
vn 0.6386719 0.03768921 -0.7685547
vn 0.6386719 0.03768921 -0.7685547
vn 0.8959961 0.046051025 0.44140625
vn 0.8959961 0.046051025 0.44140625
vn 0.8959961 0.046051025 0.44140625
vn -0.5517578 0.2142334 0.80615234
vn -0.5517578 0.2142334 0.80615234
vn -0.5517578 0.2142334 0.80615234
vn -0.80322266 0.042907715 0.5942383
vn -0.80322266 0.042907715 0.5942383
vn -0.80322266 0.042907715 0.5942383
vn -0.7163086 0.107299805 0.6894531
vn -0.7163086 0.107299805 0.6894531
vn -0.7163086 0.107299805 0.6894531
vn -0.6972656 0.1038208 0.70947266
vn -0.6972656 0.1038208 0.70947266
vn -0.6972656 0.1038208 0.70947266
vn 0.33154297 0.9399414 -0.078430176
vn 0.33154297 0.9399414 -0.078430176
vn 0.33154297 0.9399414 -0.078430176
vn -0.07849121 0.99316406 -0.0881958
vn -0.07849121 0.99316406 -0.0881958
vn -0.07849121 0.99316406 -0.0881958
vn 0.46289062 0.6772461 -0.5722656
vn 0.46289062 0.6772461 -0.5722656
vn 0.46289062 0.6772461 -0.5722656
vn 0.73095703 -0.07800293 0.67822266
vn 0.73095703 -0.07800293 0.67822266
vn 0.73095703 -0.07800293 0.67822266
vn -0.64746094 0.18640137 0.73876953
vn -0.64746094 0.18640137 0.73876953
vn -0.64746094 0.18640137 0.73876953
vn 0.89697266 0.41210938 0.16027832
vn 0.89697266 0.41210938 0.16027832
vn 0.89697266 0.41210938 0.16027832
vn -0.8696289 0.46044922 -0.17907715
vn -0.8696289 0.46044922 -0.17907715
vn -0.8696289 0.46044922 -0.17907715
vn -0.97802734 0.20617676 -0.033843994
vn -0.97802734 0.20617676 -0.033843994
vn -0.97802734 0.20617676 -0.033843994
vn -0.10369873 0.97753906 -0.18371582
vn -0.10369873 0.97753906 -0.18371582
vn -0.10369873 0.97753906 -0.18371582
vn 0.9848633 -0.1418457 0.09832764
vn 0.9848633 -0.1418457 0.09832764
vn 0.9848633 -0.1418457 0.09832764
vn -0.6010742 0.4885254 0.6328125
vn -0.6010742 0.4885254 0.6328125
vn -0.6010742 0.4885254 0.6328125
vn 0.46777344 0.80322266 0.3684082
vn 0.46777344 0.80322266 0.3684082
vn 0.46777344 0.80322266 0.3684082
vn 0.5390625 0.47998047 -0.69189453
vn 0.5390625 0.47998047 -0.69189453
vn 0.5390625 0.47998047 -0.69189453
vn 0.8198242 0.2836914 0.49731445
vn 0.8198242 0.2836914 0.49731445
vn 0.8198242 0.2836914 0.49731445
vn 0.8852539 0.23864746 0.3996582
vn 0.8852539 0.23864746 0.3996582
vn 0.8852539 0.23864746 0.3996582
vn -0.11437988 0.9785156 0.17248535
vn -0.11437988 0.9785156 0.17248535
vn -0.11437988 0.9785156 0.17248535
vn 0.6621094 0.703125 -0.26049805
vn 0.6621094 0.703125 -0.26049805
vn 0.6621094 0.703125 -0.26049805
vn 0.75390625 0.6386719 -0.15222168
vn 0.75390625 0.6386719 -0.15222168
vn 0.75390625 0.6386719 -0.15222168
vn -0.010360718 0.14477539 -0.9892578
vn -0.010360718 0.14477539 -0.9892578
vn -0.010360718 0.14477539 -0.9892578
vn 0.11584473 0.17858887 0.9770508
vn 0.11584473 0.17858887 0.9770508
vn 0.11584473 0.17858887 0.9770508
vn 0.6279297 0.7783203 -0.000521183
vn 0.6279297 0.7783203 -0.000521183
vn 0.6279297 0.7783203 -0.000521183
vn 0.96435547 0.21533203 -0.15490723
vn 0.96435547 0.21533203 -0.15490723
vn 0.96435547 0.21533203 -0.15490723
vn -0.064331055 0.9897461 0.12683105
vn -0.064331055 0.9897461 0.12683105
vn -0.064331055 0.9897461 0.12683105
vn -0.17102051 0.9790039 -0.11114502
vn -0.17102051 0.9790039 -0.11114502
vn -0.17102051 0.9790039 -0.11114502
vn 0.26879883 0.20178223 0.94189453
vn 0.26879883 0.20178223 0.94189453
vn 0.26879883 0.20178223 0.94189453
vn -0.35888672 0.92333984 -0.13647461
vn -0.35888672 0.92333984 -0.13647461
vn -0.35888672 0.92333984 -0.13647461
vn 0.3798828 0.12072754 -0.9169922
vn 0.3798828 0.12072754 -0.9169922
vn 0.3798828 0.12072754 -0.9169922
vn 0.98291016 0.15539551 -0.09967041
vn 0.98291016 0.15539551 -0.09967041
vn 0.98291016 0.15539551 -0.09967041
vn 0.13269043 0.9897461 0.056396484
vn 0.13269043 0.9897461 0.056396484
vn 0.13269043 0.9897461 0.056396484
vn 0.09051514 0.99560547 0.026687622
vn 0.09051514 0.99560547 0.026687622
vn 0.09051514 0.99560547 0.026687622
vn 0.07745361 0.99658203 0.019454956
vn 0.07745361 0.99658203 0.019454956
vn 0.07745361 0.99658203 0.019454956
vn 0.62402344 0.2541504 0.73876953
vn 0.62402344 0.2541504 0.73876953
vn 0.62402344 0.2541504 0.73876953
vn -0.9995117 0.022262573 -0.021774292
vn -0.9995117 0.022262573 -0.021774292
vn -0.9995117 0.022262573 -0.021774292
vn 0.089538574 0.99316406 0.076538086
vn 0.089538574 0.99316406 0.076538086
vn 0.089538574 0.99316406 0.076538086
vn 0.50341797 0.85302734 -0.13793945
vn 0.50341797 0.85302734 -0.13793945
vn 0.50341797 0.85302734 -0.13793945
vn 0.18322754 0.06149292 -0.98095703
vn 0.18322754 0.06149292 -0.98095703
vn 0.18322754 0.06149292 -0.98095703
vn 0.14941406 0.78125 0.6064453
vn 0.14941406 0.78125 0.6064453
vn 0.14941406 0.78125 0.6064453
vn 0.5566406 0.8227539 -0.11437988
vn 0.5566406 0.8227539 -0.11437988
vn 0.5566406 0.8227539 -0.11437988
vn 0.9663086 0.035614014 0.25463867
vn 0.9663086 0.035614014 0.25463867
vn 0.9663086 0.035614014 0.25463867
vn 0.9995117 0.025100708 0.011383057
vn 0.9995117 0.025100708 0.011383057
vn 0.9995117 0.025100708 0.011383057
vn 0.1665039 0.98535156 0.038635254
vn 0.1665039 0.98535156 0.038635254
vn 0.1665039 0.98535156 0.038635254
vn -0.05493164 0.42993164 -0.9013672
vn -0.05493164 0.42993164 -0.9013672
vn -0.05493164 0.42993164 -0.9013672
vn 0.13378906 0.97998047 -0.14624023
vn 0.13378906 0.97998047 -0.14624023
vn 0.13378906 0.97998047 -0.14624023
vn 0.9980469 0.043395996 0.048309326
vn 0.9980469 0.043395996 0.048309326
vn 0.9980469 0.043395996 0.048309326
vn -0.63378906 0.20385742 0.74609375
vn -0.63378906 0.20385742 0.74609375
vn -0.63378906 0.20385742 0.74609375
vn -0.72998047 0.5488281 -0.40698242
vn -0.72998047 0.5488281 -0.40698242
vn -0.72998047 0.5488281 -0.40698242
vn -0.7675781 0.63964844 0.038238525
vn -0.7675781 0.63964844 0.038238525
vn -0.7675781 0.63964844 0.038238525
vn -0.9428711 0.2232666 -0.2479248
vn -0.9428711 0.2232666 -0.2479248
vn -0.9428711 0.2232666 -0.2479248
vn -0.39624023 0.86621094 -0.30419922
vn -0.39624023 0.86621094 -0.30419922
vn -0.39624023 0.86621094 -0.30419922
vn 0.53125 0.70654297 -0.46728516
vn 0.53125 0.70654297 -0.46728516
vn 0.53125 0.70654297 -0.46728516
vn -0.7807617 0.14892578 -0.6069336
vn -0.7807617 0.14892578 -0.6069336
vn -0.7807617 0.14892578 -0.6069336
vn 0.10949707 0.3852539 0.9160156
vn 0.10949707 0.3852539 0.9160156
vn 0.10949707 0.3852539 0.9160156
vn 0.06652832 0.9941406 0.086242676
vn 0.06652832 0.9941406 0.086242676
vn 0.06652832 0.9941406 0.086242676
vn 0.08691406 0.99609375 0.023101807
vn 0.08691406 0.99609375 0.023101807
vn 0.08691406 0.99609375 0.023101807
vn 0.9868164 0.13989258 0.08404541
vn 0.9868164 0.13989258 0.08404541
vn 0.9868164 0.13989258 0.08404541
vn 0.9165039 0.08947754 -0.39038086
vn 0.9165039 0.08947754 -0.39038086
vn 0.9165039 0.08947754 -0.39038086
vn 0.12658691 0.98876953 -0.08135986
vn 0.12658691 0.98876953 -0.08135986
vn 0.12658691 0.98876953 -0.08135986
vn 0.9995117 0.0054626465 -0.025497437
vn 0.9995117 0.0054626465 -0.025497437
vn 0.9995117 0.0054626465 -0.025497437
vn 0.6220703 0.7792969 -0.076049805
vn 0.6220703 0.7792969 -0.076049805
vn 0.6220703 0.7792969 -0.076049805
vn -0.02017212 0.99853516 -0.05001831
vn -0.02017212 0.99853516 -0.05001831
vn -0.02017212 0.99853516 -0.05001831
vn 0.98535156 -0.07330322 0.15515137
vn 0.98535156 -0.07330322 0.15515137
vn 0.98535156 -0.07330322 0.15515137
vn 0.9448242 0.29785156 0.13745117
vn 0.9448242 0.29785156 0.13745117
vn 0.9448242 0.29785156 0.13745117
vn -0.068115234 0.7573242 0.64941406
vn -0.068115234 0.7573242 0.64941406
vn -0.068115234 0.7573242 0.64941406
vn -0.41796875 0.4892578 -0.765625
vn -0.41796875 0.4892578 -0.765625
vn -0.41796875 0.4892578 -0.765625
vn -0.9477539 0.3059082 0.090148926
vn -0.9477539 0.3059082 0.090148926
vn -0.9477539 0.3059082 0.090148926
vn 0.07800293 0.99658203 0.016571045
vn 0.07800293 0.99658203 0.016571045
vn 0.07800293 0.99658203 0.016571045
vn 0.9980469 0.019943237 -0.060546875
vn 0.9980469 0.019943237 -0.060546875
vn 0.9980469 0.019943237 -0.060546875
vn 0.9604492 0.23413086 0.15197754
vn 0.9604492 0.23413086 0.15197754
vn 0.9604492 0.23413086 0.15197754
vn 0.84716797 0.017959595 0.53125
vn 0.84716797 0.017959595 0.53125
vn 0.84716797 0.017959595 0.53125
vn -0.99658203 0.08111572 -0.017166138
vn -0.99658203 0.08111572 -0.017166138
vn -0.99658203 0.08111572 -0.017166138
vn 0.44921875 0.8935547 0.0049438477
vn 0.44921875 0.8935547 0.0049438477
vn 0.44921875 0.8935547 0.0049438477
vn 0.57714844 0.5332031 -0.61865234
vn 0.57714844 0.5332031 -0.61865234
vn 0.57714844 0.5332031 -0.61865234
vn 0.023742676 0.9995117 0.0231781
vn 0.023742676 0.9995117 0.0231781
vn 0.023742676 0.9995117 0.0231781
vn -0.09033203 0.9946289 0.045532227
vn -0.09033203 0.9946289 0.045532227
vn -0.09033203 0.9946289 0.045532227
vn 0.7402344 0.00018298626 0.6723633
vn 0.7402344 0.00018298626 0.6723633
vn 0.7402344 0.00018298626 0.6723633
vn -0.99316406 0.11419678 -0.030670166
vn -0.99316406 0.11419678 -0.030670166
vn -0.99316406 0.11419678 -0.030670166
vn 0.14453125 0.9892578 0.018005371
vn 0.14453125 0.9892578 0.018005371
vn 0.14453125 0.9892578 0.018005371
vn 0.4284668 0.8964844 0.11462402
vn 0.4284668 0.8964844 0.11462402
vn 0.4284668 0.8964844 0.11462402
vn -0.2010498 0.06359863 0.97753906
vn -0.2010498 0.06359863 0.97753906
vn -0.2010498 0.06359863 0.97753906
vn 0.56103516 0.34960938 0.7504883
vn 0.56103516 0.34960938 0.7504883
vn 0.56103516 0.34960938 0.7504883
vn 0.98583984 0.15075684 -0.07141113
vn 0.98583984 0.15075684 -0.07141113
vn 0.98583984 0.15075684 -0.07141113
vn -0.98291016 -0.0024852753 -0.18408203
vn -0.98291016 -0.0024852753 -0.18408203
vn -0.98291016 -0.0024852753 -0.18408203
vn 0.12133789 0.97509766 0.18652344
vn 0.12133789 0.97509766 0.18652344
vn 0.12133789 0.97509766 0.18652344
vn 0.87646484 0.3947754 -0.27490234
vn 0.87646484 0.3947754 -0.27490234
vn 0.87646484 0.3947754 -0.27490234
vn 0.37646484 0.91748047 0.12976074
vn 0.37646484 0.91748047 0.12976074
vn 0.37646484 0.91748047 0.12976074
vn 0.24157715 0.45947266 -0.8544922
vn 0.24157715 0.45947266 -0.8544922
vn 0.24157715 0.45947266 -0.8544922
vn -0.054534912 0.6621094 -0.7475586
vn -0.054534912 0.6621094 -0.7475586
vn -0.054534912 0.6621094 -0.7475586
vn 0.7270508 0.6015625 0.33081055
vn 0.7270508 0.6015625 0.33081055
vn 0.7270508 0.6015625 0.33081055
vn 0.92822266 0.32861328 -0.17346191
vn 0.92822266 0.32861328 -0.17346191
vn 0.92822266 0.32861328 -0.17346191
vn 0.0031032562 0.9995117 0.029342651
vn 0.0031032562 0.9995117 0.029342651
vn 0.0031032562 0.9995117 0.029342651
vn -0.47045898 0.8823242 0.0034694672
vn -0.47045898 0.8823242 0.0034694672
vn -0.47045898 0.8823242 0.0034694672
vn -1 0.01776123 0.0113220215
vn -1 0.01776123 0.0113220215
vn -1 0.01776123 0.0113220215
vn -0.25439453 0.9667969 -0.015930176
vn -0.25439453 0.9667969 -0.015930176
vn -0.25439453 0.9667969 -0.015930176
vn -0 1 0
vn -0 1 0
vn -0 1 0
vn -0 1 0
vn -0 1 0
vn -0 1 0
vn -0 1 0
vn -0 1 0
vn -0 1 0
vn -0 1 0
vn -0 1 0
vn -0 1 0
vn -0 1 0
vn -0 1 0
vn -0 1 0
vn -0.89746094 0.43725586 -0.058532715
vn -0.89746094 0.43725586 -0.058532715
vn -0.89746094 0.43725586 -0.058532715
vn -0.89746094 0.43725586 -0.058532715
vn -0.8613281 0.5078125 0.024841309
vn -0.8613281 0.5078125 0.024841309
vn -0.8613281 0.5078125 0.024841309
vn -0.8613281 0.5078125 0.024841309
vn 0.10662842 -0.054595947 -0.9926758
vn 0.10662842 -0.054595947 -0.9926758
vn 0.10662842 -0.054595947 -0.9926758
vn 0.10662842 -0.054595947 -0.9926758
vn -0.8178711 0.4416504 -0.36865234
vn -0.8178711 0.4416504 -0.36865234
vn -0.8178711 0.4416504 -0.36865234
vn -0.8178711 0.4416504 -0.36865234
vn -0.91064453 0.23620605 -0.33862305
vn -0.91064453 0.23620605 -0.33862305
vn -0.91064453 0.23620605 -0.33862305
vn -0.91064453 0.23620605 -0.33862305
vn -0.09075928 0.08001709 -0.9926758
vn -0.09075928 0.08001709 -0.9926758
vn -0.09075928 0.08001709 -0.9926758
vn -0.09075928 0.08001709 -0.9926758
vn -0.74121094 0.42211914 -0.5214844
vn -0.74121094 0.42211914 -0.5214844
vn -0.74121094 0.42211914 -0.5214844
vn -0.74121094 0.42211914 -0.5214844
vn -0.9243164 0.3293457 -0.1920166
vn -0.9243164 0.3293457 -0.1920166
vn -0.9243164 0.3293457 -0.1920166
vn -0.9243164 0.3293457 -0.1920166
vn -0.1928711 0.76220703 -0.6176758
vn -0.1928711 0.76220703 -0.6176758
vn -0.1928711 0.76220703 -0.6176758
vn -0.1928711 0.76220703 -0.6176758
vn -0.113464355 0.9902344 0.07904053
vn -0.113464355 0.9902344 0.07904053
vn -0.113464355 0.9902344 0.07904053
vn -0.113464355 0.9902344 0.07904053
vn -0.12084961 0.46313477 -0.8779297
vn -0.12084961 0.46313477 -0.8779297
vn -0.12084961 0.46313477 -0.8779297
vn -0.12084961 0.46313477 -0.8779297
vn -0.07904053 0.9902344 0.113464355
vn -0.07904053 0.9902344 0.113464355
vn -0.07904053 0.9902344 0.113464355
vn -0.07904053 0.9902344 0.113464355
vn 0.8779297 0.46313477 0.12084961
vn 0.8779297 0.46313477 0.12084961
vn 0.8779297 0.46313477 0.12084961
vn 0.8779297 0.46313477 0.12084961
vn -0.25854492 0.9584961 -0.11993408
vn -0.25854492 0.9584961 -0.11993408
vn -0.25854492 0.9584961 -0.11993408
vn -0.2253418 0.96875 -0.10229492
vn -0.2253418 0.96875 -0.10229492
vn 0.8417969 0.06506348 0.53564453
vn 0.8417969 0.06506348 0.53564453
vn 0.8417969 0.06506348 0.53564453
vn 0.8388672 0.09899902 0.53515625
vn 0.8388672 0.09899902 0.53515625
vn -0.7763672 0.28076172 -0.5644531
vn -0.7763672 0.28076172 -0.5644531
vn -0.7763672 0.28076172 -0.5644531
vn -0.7763672 0.28076172 -0.5644531
vn -0.012832642 1 -0.016326904
vn -0.012832642 1 -0.016326904
vn -0.012832642 1 -0.016326904
vn -0.012832642 1 -0.016326904
vn -0.0057792664 1 0.011703491
vn -0.0057792664 1 0.011703491
vn -0.96435547 0.25463867 -0.0692749
vn -0.96435547 0.25463867 -0.0692749
vn -0.96435547 0.25463867 -0.0692749
vn -0.96435547 0.25463867 -0.0692749
vn -0.16247559 0.98583984 0.043060303
vn -0.16247559 0.98583984 0.043060303
vn -0.16247559 0.98583984 0.043060303
vn -0.16247559 0.98583984 0.043060303
vn -0.7421875 0.13208008 -0.65722656
vn -0.7421875 0.13208008 -0.65722656
vn -0.7421875 0.13208008 -0.65722656
vn -0.7421875 0.13208008 -0.65722656
vn -0.50683594 0.03817749 -0.86083984
vn -0.50683594 0.03817749 -0.86083984
vn -0.50683594 0.03817749 -0.86083984
vn -0.50683594 0.03817749 -0.86083984
vn 0.63134766 0.44677734 0.63427734
vn 0.63134766 0.44677734 0.63427734
vn 0.63134766 0.44677734 0.63427734
vn 0.63134766 0.44677734 0.63427734
vn -0.75878906 0.122924805 -0.63964844
vn -0.75878906 0.122924805 -0.63964844
vn -0.75878906 0.122924805 -0.63964844
vn -0.75878906 0.122924805 -0.63964844
vn -0.056396484 0.9892578 -0.13427734
vn -0.056396484 0.9892578 -0.13427734
vn -0.056396484 0.9892578 -0.13427734
vn -0.056396484 0.9892578 -0.13427734
vn -0.6464844 0.15307617 -0.7475586
vn -0.6464844 0.15307617 -0.7475586
vn -0.6464844 0.15307617 -0.7475586
vn -0.6464844 0.15307617 -0.7475586
vn 0.0049743652 0.9995117 0.023864746
vn 0.0058021545 1 -0.0062179565
vn 0.0058021545 1 -0.0062179565
vn 0.0049743652 0.9995117 0.023864746
vn 0.0049743652 0.9995117 0.023864746
vn 0.0049743652 0.9995117 0.023864746
vn 0.039154053 0.99902344 0.016067505
vn 0.039154053 0.99902344 0.016067505
vn -0.0071105957 1 -0.0044441223
vn -0.0071105957 1 -0.0044441223
vn -0.0071105957 1 -0.0044441223
vn 0.011123657 0.9995117 0.026794434
vn 0.011123657 0.9995117 0.026794434
vn -0.73339844 0.11022949 -0.67041016
vn -0.73339844 0.11022949 -0.67041016
vn -0.73339844 0.11022949 -0.67041016
vn -0.73339844 0.11022949 -0.67041016
vn -0.7324219 0.12298584 -0.6694336
vn -0.7324219 0.12298584 -0.6694336
vn 0.7583008 0.10003662 0.64453125
vn 0.7583008 0.10003662 0.64453125
vn 0.7583008 0.10003662 0.64453125
vn 0.7583008 0.10003662 0.64453125
vn 0.53125 0.019805908 0.84716797
vn 0.53125 0.019805908 0.84716797
vn 0.53125 0.019805908 0.84716797
vn 0.53125 0.019805908 0.84716797
vn 0.64501953 0.042419434 0.7631836
vn 0.64501953 0.042419434 0.7631836
vn 0.64501953 0.042419434 0.7631836
vn 0.64501953 0.042419434 0.7631836
vn 0.6826172 0.06121826 0.7285156
vn 0.6826172 0.06121826 0.7285156
vn 0.6826172 0.06121826 0.7285156
vn 0.6826172 0.06121826 0.7285156
vn 0.84765625 0.15014648 0.50878906
vn 0.84765625 0.15014648 0.50878906
vn 0.84765625 0.15014648 0.50878906
vn 0.84765625 0.15014648 0.50878906
vn 0.97753906 0.20996094 -0.0065345764
vn 0.97753906 0.20996094 -0.0065345764
vn 0.97753906 0.20996094 -0.0065345764
vn 0.97753906 0.20996094 -0.0065345764
vn 0.7167969 0.28027344 0.6386719
vn 0.7167969 0.28027344 0.6386719
vn 0.7167969 0.28027344 0.6386719
vn 0.7167969 0.28027344 0.6386719
vn 0.006046295 0.9995117 -0.027755737
vn 0.006046295 0.9995117 -0.027755737
vn 0.006046295 0.9995117 -0.027755737
vn 0.006046295 0.9995117 -0.027755737
vn 0.73535156 0.14697266 -0.6616211
vn 0.73535156 0.14697266 -0.6616211
vn 0.73535156 0.14697266 -0.6616211
vn 0.73535156 0.14697266 -0.6616211
vn 0.2697754 0.9350586 0.23022461
vn 0.2697754 0.9350586 0.23022461
vn 0.2697754 0.9350586 0.23022461
vn 0.2697754 0.9350586 0.23022461
vn 0.20751953 0.97509766 0.07525635
vn 0.20751953 0.97509766 0.07525635
vn 0.20751953 0.97509766 0.07525635
vn 0.20751953 0.97509766 0.07525635
vn 0.1829834 0.9824219 -0.041809082
vn 0.1829834 0.9824219 -0.041809082
vn 0.1829834 0.9824219 -0.041809082
vn 0.1829834 0.9824219 -0.041809082
vn -0.018600464 0.9970703 0.07678223
vn -0.018600464 0.9970703 0.07678223
vn -0.018600464 0.9970703 0.07678223
vn -0.018600464 0.9970703 0.07678223
vn 0.08288574 0.98828125 0.12927246
vn 0.08288574 0.98828125 0.12927246
vn 0.08288574 0.98828125 0.12927246
vn 0.08288574 0.98828125 0.12927246
vn 0.99316406 -0.01234436 -0.11529541
vn 0.99316406 -0.01234436 -0.11529541
vn 0.99316406 -0.01234436 -0.11529541
vn 0.99316406 -0.01234436 -0.11529541
vn 0.4802246 0.73876953 0.47265625
vn 0.4802246 0.73876953 0.47265625
vn 0.4802246 0.73876953 0.47265625
vn 0.4802246 0.73876953 0.47265625
vn 0.19335938 0.96972656 0.15014648
vn 0.19335938 0.96972656 0.15014648
vn 0.19335938 0.96972656 0.15014648
vn 0.19335938 0.96972656 0.15014648
vn 0.65185547 0.1850586 0.73535156
vn 0.65185547 0.1850586 0.73535156
vn 0.65185547 0.1850586 0.73535156
vn 0.65185547 0.1850586 0.73535156
vn -0.10748291 0.92626953 0.36108398
vn -0.10748291 0.92626953 0.36108398
vn -0.10748291 0.92626953 0.36108398
vn -0.10748291 0.92626953 0.36108398
vn -0.7661133 0.09466553 -0.6357422
vn -0.7661133 0.09466553 -0.6357422
vn -0.7661133 0.09466553 -0.6357422
vn -0.7661133 0.09466553 -0.6357422
vn -0.15612793 0.9785156 -0.1340332
vn -0.15612793 0.9785156 -0.1340332
vn -0.15612793 0.9785156 -0.1340332
vn -0.15612793 0.9785156 -0.1340332
vn -0.7548828 0.26953125 -0.59765625
vn -0.7548828 0.26953125 -0.59765625
vn -0.7548828 0.26953125 -0.59765625
vn -0.7548828 0.26953125 -0.59765625
vn -0.8203125 0.2746582 0.50146484
vn -0.8203125 0.2746582 0.50146484
vn -0.8203125 0.2746582 0.50146484
vn -0.8203125 0.2746582 0.50146484
vn -0.013328552 0.96777344 -0.25170898
vn -0.013328552 0.96777344 -0.25170898
vn -0.013328552 0.96777344 -0.25170898
vn -0.013328552 0.96777344 -0.25170898
vn -0.66259766 -0.10876465 -0.74121094
vn -0.66259766 -0.10876465 -0.74121094
vn -0.66259766 -0.10876465 -0.74121094
vn -0.66259766 -0.10876465 -0.74121094
vn 0.3798828 -0.025268555 -0.9248047
vn 0.3798828 -0.025268555 -0.9248047
vn 0.3798828 -0.025268555 -0.9248047
vn 0.3798828 -0.025268555 -0.9248047
vn -0.76660156 0.059814453 -0.63916016
vn -0.76660156 0.059814453 -0.63916016
vn -0.76660156 0.059814453 -0.63916016
vn -0.76660156 0.059814453 -0.63916016
vn -0.5566406 0.19360352 -0.80810547
vn -0.5566406 0.19360352 -0.80810547
vn -0.5566406 0.19360352 -0.80810547
vn -0.5566406 0.19360352 -0.80810547
vn -0.5908203 0.07458496 -0.80322266
vn -0.5908203 0.07458496 -0.80322266
vn -0.5908203 0.07458496 -0.80322266
vn -0.5908203 0.07458496 -0.80322266
vn -0.8457031 0.035980225 -0.53271484
vn -0.8457031 0.035980225 -0.53271484
vn -0.8457031 0.035980225 -0.53271484
vn -0.8457031 0.035980225 -0.53271484
vn -0.84277344 0.019638062 -0.53808594
vn -0.84277344 0.019638062 -0.53808594
vn -0.10424805 0.98828125 -0.112854004
vn -0.10424805 0.98828125 -0.112854004
vn -0.10424805 0.98828125 -0.112854004
vn -0.10424805 0.98828125 -0.112854004
vn -0.19091797 0.98046875 -0.04449463
vn -0.19091797 0.98046875 -0.04449463
vn -0.19091797 0.98046875 -0.04449463
vn -0.19091797 0.98046875 -0.04449463
vn -0.5961914 0.012962341 -0.8027344
vn -0.5961914 0.012962341 -0.8027344
vn -0.5961914 0.012962341 -0.8027344
vn -0.5961914 0.012962341 -0.8027344
vn 0.14050293 0.9350586 -0.32592773
vn 0.14050293 0.9350586 -0.32592773
vn 0.14050293 0.9350586 -0.32592773
vn 0.14050293 0.9350586 -0.32592773
vn -0.74316406 0.44262695 0.50146484
vn -0.74316406 0.44262695 0.50146484
vn -0.74316406 0.44262695 0.50146484
vn -0.74316406 0.44262695 0.50146484
vn -0.12371826 0.98046875 -0.15197754
vn -0.12371826 0.98046875 -0.15197754
vn -0.12371826 0.98046875 -0.15197754
vn -0.12371826 0.98046875 -0.15197754
vn -0.34838867 0.8647461 -0.3623047
vn -0.34838867 0.8647461 -0.3623047
vn -0.34838867 0.8647461 -0.3623047
vn -0.34838867 0.8647461 -0.3623047
vn 0.30932617 0.101135254 -0.9458008
vn 0.30932617 0.101135254 -0.9458008
vn 0.30932617 0.101135254 -0.9458008
vn 0.30932617 0.101135254 -0.9458008
vn 0.94384766 0.12585449 0.30615234
vn 0.94384766 0.12585449 0.30615234
vn 0.94384766 0.12585449 0.30615234
vn 0.94384766 0.12585449 0.30615234
vn 0.7216797 -0.0039749146 0.69189453
vn 0.7216797 -0.0039749146 0.69189453
vn 0.7216797 -0.0039749146 0.69189453
vn 0.7216797 -0.0039749146 0.69189453
vn 0.71875 0.01461792 0.6948242
vn 0.71875 0.01461792 0.6948242
vn 0.64746094 0.40283203 0.6464844
vn 0.64746094 0.40283203 0.6464844
vn 0.64746094 0.40283203 0.6464844
vn 0.64746094 0.40283203 0.6464844
vn 0.60058594 0.3786621 -0.70458984
vn 0.60058594 0.3786621 -0.70458984
vn 0.60058594 0.3786621 -0.70458984
vn 0.60058594 0.3786621 -0.70458984
vn -0.5332031 0.09613037 0.8408203
vn -0.5332031 0.09613037 0.8408203
vn -0.5332031 0.09613037 0.8408203
vn -0.5332031 0.09613037 0.8408203
vn -0.08605957 0.98583984 0.14501953
vn -0.08605957 0.98583984 0.14501953
vn -0.08605957 0.98583984 0.14501953
vn -0.08605957 0.98583984 0.14501953
vn 0.7597656 0.045898438 0.6484375
vn 0.7597656 0.045898438 0.6484375
vn 0.7597656 0.045898438 0.6484375
vn 0.7597656 0.045898438 0.6484375
vn 0.59472656 0.20458984 0.77783203
vn 0.59472656 0.20458984 0.77783203
vn 0.59472656 0.20458984 0.77783203
vn 0.59472656 0.20458984 0.77783203
vn 0.2770996 0.92871094 0.24658203
vn 0.2770996 0.92871094 0.24658203
vn 0.2770996 0.92871094 0.24658203
vn 0.2770996 0.92871094 0.24658203
vn 0.7573242 0.0012903214 0.65283203
vn 0.7573242 0.0012903214 0.65283203
vn 0.7573242 0.0012903214 0.65283203
vn 0.7573242 0.0012903214 0.65283203
vn 0.87597656 0.050048828 0.4794922
vn 0.87597656 0.050048828 0.4794922
vn 0.87597656 0.050048828 0.4794922
vn 0.87597656 0.050048828 0.4794922
vn 0.74121094 0.52734375 -0.41479492
vn 0.74121094 0.52734375 -0.41479492
vn 0.74121094 0.52734375 -0.41479492
vn 0.74121094 0.52734375 -0.41479492
vn 0.5800781 0.107421875 0.8076172
vn 0.5800781 0.107421875 0.8076172
vn 0.5800781 0.107421875 0.8076172
vn 0.5800781 0.107421875 0.8076172
vn 0.011543274 1 0.0140686035
vn 0.011543274 1 0.0140686035
vn 0.011543274 1 0.0140686035
vn 0.011543274 1 0.0140686035
vn -0.7426758 -0.06060791 0.6665039
vn -0.7426758 -0.06060791 0.6665039
vn -0.7426758 -0.06060791 0.6665039
vn -0.7426758 -0.06060791 0.6665039
vn 0.6923828 0.08538818 -0.7163086
vn 0.6923828 0.08538818 -0.7163086
vn 0.6923828 0.08538818 -0.7163086
vn 0.6923828 0.08538818 -0.7163086
vn -0.7001953 -0.010246277 0.7138672
vn -0.7001953 -0.010246277 0.7138672
vn -0.7001953 -0.010246277 0.7138672
vn -0.7001953 -0.010246277 0.7138672
vn -0.15527344 0.9873047 -0.03918457
vn -0.15527344 0.9873047 -0.03918457
vn -0.15527344 0.9873047 -0.03918457
vn -0.15527344 0.9873047 -0.03918457
vn -0.10601807 0.9814453 -0.16088867
vn -0.10601807 0.9814453 -0.16088867
vn -0.10601807 0.9814453 -0.16088867
vn -0.10601807 0.9814453 -0.16088867
vn 0.28051758 0.8671875 0.41137695
vn 0.28051758 0.8671875 0.41137695
vn 0.28051758 0.8671875 0.41137695
vn 0.28051758 0.8671875 0.41137695
vn -0.8022461 0.048065186 -0.59521484
vn -0.8022461 0.048065186 -0.59521484
vn -0.8022461 0.048065186 -0.59521484
vn -0.8022461 0.048065186 -0.59521484
vn -0.8095703 0.17041016 -0.56152344
vn -0.8095703 0.17041016 -0.56152344
vn -0.8095703 0.17041016 -0.56152344
vn -0.8095703 0.17041016 -0.56152344
vn -0.7192383 0.07849121 -0.6904297
vn -0.7192383 0.07849121 -0.6904297
vn -0.7192383 0.07849121 -0.6904297
vn -0.7192383 0.07849121 -0.6904297
vn 0.72998047 0.020401001 0.68310547
vn 0.72998047 0.020401001 0.68310547
vn 0.72998047 0.020401001 0.68310547
vn 0.72998047 0.020401001 0.68310547
vn 0.78271484 0.101501465 0.61376953
vn 0.78271484 0.101501465 0.61376953
vn 0.78271484 0.101501465 0.61376953
vn 0.78271484 0.101501465 0.61376953
vn 0.7109375 0.082458496 0.6982422
vn 0.7109375 0.082458496 0.6982422
vn 0.7109375 0.082458496 0.6982422
vn 0.7109375 0.082458496 0.6982422
vn 0.6845703 0.0023937225 0.7285156
vn 0.6845703 0.0023937225 0.7285156
vn 0.6845703 0.0023937225 0.7285156
vn 0.6845703 0.0023937225 0.7285156
vn -0.7421875 0.2364502 -0.6269531
vn -0.7421875 0.2364502 -0.6269531
vn -0.7421875 0.2364502 -0.6269531
vn -0.7421875 0.2364502 -0.6269531
vn 0.5629883 0.75683594 0.3322754
vn 0.5629883 0.75683594 0.3322754
vn 0.5629883 0.75683594 0.3322754
vn 0.5629883 0.75683594 0.3322754
vn -0.23449707 0.890625 -0.38989258
vn -0.23449707 0.890625 -0.38989258
vn -0.23449707 0.890625 -0.38989258
vn -0.23449707 0.890625 -0.38989258
vn 0.15002441 0.984375 0.091308594
vn 0.15002441 0.984375 0.091308594
vn 0.15002441 0.984375 0.091308594
vn 0.15002441 0.984375 0.091308594
vn -0.018539429 0.99902344 0.04196167
vn -0.018539429 0.99902344 0.04196167
vn -0.018539429 0.99902344 0.04196167
vn -0.018539429 0.99902344 0.04196167
vn 0.14782715 0.9741211 0.17150879
vn 0.14782715 0.9741211 0.17150879
vn 0.14782715 0.9741211 0.17150879
vn 0.14782715 0.9741211 0.17150879
vn -0.67285156 0.3322754 -0.66064453
vn -0.67285156 0.3322754 -0.66064453
vn -0.67285156 0.3322754 -0.66064453
vn -0.67285156 0.3322754 -0.66064453
vn -0.6254883 0.016036987 -0.77978516
vn -0.6254883 0.016036987 -0.77978516
vn -0.6254883 0.016036987 -0.77978516
vn -0.6254883 0.016036987 -0.77978516
vn -0.7373047 0.0076179504 -0.67529297
vn -0.7373047 0.0076179504 -0.67529297
vn -0.7373047 0.0076179504 -0.67529297
vn -0.7373047 0.0076179504 -0.67529297
vn -0.5253906 0.7421875 -0.41552734
vn -0.5253906 0.7421875 -0.41552734
vn -0.5253906 0.7421875 -0.41552734
vn -0.5253906 0.7421875 -0.41552734
vn -0.953125 0.23803711 0.18701172
vn -0.953125 0.23803711 0.18701172
vn -0.953125 0.23803711 0.18701172
vn -0.953125 0.23803711 0.18701172
vn 0.17834473 0.9770508 0.11682129
vn 0.17834473 0.9770508 0.11682129
vn 0.17834473 0.9770508 0.11682129
vn 0.19165039 0.97509766 0.11193848
vn 0.24121094 0.9604492 0.1385498
vn 0.24121094 0.9604492 0.1385498
vn 0.24121094 0.9604492 0.1385498
vn 0.24121094 0.9604492 0.1385498
vn -0.36694336 0.9296875 -0.02532959
vn -0.36694336 0.9296875 -0.02532959
vn -0.36694336 0.9296875 -0.02532959
vn -0.33447266 0.94140625 -0.04119873
vn -0.33447266 0.94140625 -0.04119873
vn -0.078063965 0.99365234 -0.08013916
vn -0.078063965 0.99365234 -0.08013916
vn -0.078063965 0.99365234 -0.08013916
vn -0.078063965 0.99365234 -0.08013916
vn -0.3955078 0.90771484 -0.13989258
vn -0.3955078 0.90771484 -0.13989258
vn -0.3955078 0.90771484 -0.13989258
vn -0.3955078 0.90771484 -0.13989258
vn -0.9399414 0.33422852 -0.0703125
vn -0.9399414 0.33422852 -0.0703125
vn -0.9399414 0.33422852 -0.0703125
vn -0.9399414 0.33422852 -0.0703125
vn -0.9814453 0.15917969 0.10876465
vn -0.9814453 0.15917969 0.10876465
vn -0.9814453 0.15917969 0.10876465
vn -0.9814453 0.15917969 0.10876465
vn -0.26904297 0.9628906 -0.028869629
vn -0.26904297 0.9628906 -0.028869629
vn -0.26904297 0.9628906 -0.028869629
vn -0.26904297 0.9628906 -0.028869629
vn -0.9291992 0.18078613 0.3215332
vn -0.9291992 0.18078613 0.3215332
vn -0.9291992 0.18078613 0.3215332
vn -0.9291992 0.18078613 0.3215332
vn -0.96875 0.24023438 0.060668945
vn -0.96875 0.24023438 0.060668945
vn -0.96875 0.24023438 0.060668945
vn -0.96875 0.24023438 0.060668945
vn 0.05218506 0.97265625 0.22558594
vn 0.05218506 0.97265625 0.22558594
vn 0.05218506 0.97265625 0.22558594
vn 0.05218506 0.97265625 0.22558594
vn -0.94384766 0.32592773 -0.054840088
vn -0.94384766 0.32592773 -0.054840088
vn -0.94384766 0.32592773 -0.054840088
vn -0.94384766 0.32592773 -0.054840088
vn -0.6801758 0.73339844 -0.0039978027
vn -0.6801758 0.73339844 -0.0039978027
vn -0.6801758 0.73339844 -0.0039978027
vn -0.6801758 0.73339844 -0.0039978027
vn 0.0056152344 0.99560547 0.09490967
vn 0.0056152344 0.99560547 0.09490967
vn 0.0056152344 0.99560547 0.09490967
vn 0.0056152344 0.99560547 0.09490967
vn -0.016784668 0.9921875 0.125
vn -0.016784668 0.9921875 0.125
vn -0.016784668 0.9921875 0.125
vn -0.016784668 0.9921875 0.125
vn -0.7709961 0.63671875 -0.014762878
vn -0.7709961 0.63671875 -0.014762878
vn -0.7709961 0.63671875 -0.014762878
vn -0.7709961 0.63671875 -0.014762878
vn 0.8408203 0.27539062 -0.4658203
vn 0.8408203 0.27539062 -0.4658203
vn 0.8408203 0.27539062 -0.4658203
vn 0.8408203 0.27539062 -0.4658203
vn 0.99072266 0.12597656 -0.05154419
vn 0.99072266 0.12597656 -0.05154419
vn 0.99072266 0.12597656 -0.05154419
vn 0.99072266 0.12597656 -0.05154419
vn 0.8618164 0.12854004 0.49023438
vn 0.8618164 0.12854004 0.49023438
vn 0.8618164 0.12854004 0.49023438
vn 0.8618164 0.12854004 0.49023438
vn 0.86816406 0.4963379 0.0024662018
vn 0.86816406 0.4963379 0.0024662018
vn 0.86816406 0.4963379 0.0024662018
vn 0.86816406 0.4963379 0.0024662018
vn 0.21118164 0.97558594 -0.06100464
vn 0.21118164 0.97558594 -0.06100464
vn 0.21118164 0.97558594 -0.06100464
vn 0.21118164 0.97558594 -0.06100464
vn 0.2364502 0.9711914 -0.03515625
vn 0.2364502 0.9711914 -0.03515625
vn 0.17150879 0.9663086 -0.19299316
vn 0.17150879 0.9663086 -0.19299316
vn 0.17150879 0.9663086 -0.19299316
vn 0.17150879 0.9663086 -0.19299316
vn 0.9663086 0.101135254 -0.23657227
vn 0.9663086 0.101135254 -0.23657227
vn 0.9663086 0.101135254 -0.23657227
vn 0.9663086 0.101135254 -0.23657227
vn 1 0.012184143 -0.011955261
vn 1 0.012184143 -0.011955261
vn 1 0.012184143 -0.011955261
vn 1 0.012184143 -0.011955261
vn 1 0.0024814606 -0.021148682
vn 1 0.0024814606 -0.021148682
vn 1 0.0024814606 -0.021148682
vn 1 0.0024814606 -0.021148682
vn 0.57421875 0.31860352 -0.75390625
vn 0.57421875 0.31860352 -0.75390625
vn 0.57421875 0.31860352 -0.75390625
vn 0.57421875 0.31860352 -0.75390625
vn -0.024291992 0.9013672 -0.43188477
vn -0.024291992 0.9013672 -0.43188477
vn -0.024291992 0.9013672 -0.43188477
vn -0.024291992 0.9013672 -0.43188477
vn 0.04324341 0.99902344 -0.018630981
vn 0.04324341 0.99902344 -0.018630981
vn 0.04324341 0.99902344 -0.018630981
vn 0.04324341 0.99902344 -0.018630981
vn -0.9663086 0.24438477 0.08001709
vn -0.9663086 0.24438477 0.08001709
vn -0.9663086 0.24438477 0.08001709
vn -0.9663086 0.24438477 0.08001709
vn 0.5786133 0.14074707 0.80322266
vn 0.5786133 0.14074707 0.80322266
vn 0.5786133 0.14074707 0.80322266
vn 0.5786133 0.14074707 0.80322266
vn 0.9819336 0.119262695 -0.14562988
vn 0.9819336 0.119262695 -0.14562988
vn 0.9819336 0.119262695 -0.14562988
vn 0.9819336 0.119262695 -0.14562988
vn 0.9995117 0.012031555 -0.03427124
vn 0.9995117 0.012031555 -0.03427124
vn 0.9995117 0.012031555 -0.03427124
vn 0.9995117 0.012031555 -0.03427124
vn 0.9970703 0.043151855 0.064697266
vn 0.9970703 0.043151855 0.064697266
vn 0.9970703 0.043151855 0.064697266
vn 0.9970703 0.043151855 0.064697266
vn 0.16760254 0.9741211 0.15124512
vn 0.16760254 0.9741211 0.15124512
vn 0.16760254 0.9741211 0.15124512
vn 0.16760254 0.9741211 0.15124512
vn 0.33129883 0.21801758 0.91796875
vn 0.33129883 0.21801758 0.91796875
vn 0.33129883 0.21801758 0.91796875
vn 0.33129883 0.21801758 0.91796875
vn 0.99902344 0.041992188 -0.014549255
vn 0.99902344 0.041992188 -0.014549255
vn 0.99902344 0.041992188 -0.014549255
vn 0.99902344 0.041992188 -0.014549255
vn -0.13671875 0.4050293 0.9038086
vn -0.13671875 0.4050293 0.9038086
vn -0.13671875 0.4050293 0.9038086
vn -0.13671875 0.4050293 0.9038086
vn 0.15515137 0.98779297 0.007270813
vn 0.15515137 0.98779297 0.007270813
vn 0.15515137 0.98779297 0.007270813
vn 0.15515137 0.98779297 0.007270813
vn 0.99560547 0.032348633 -0.08795166
vn 0.99560547 0.032348633 -0.08795166
vn 0.99560547 0.032348633 -0.08795166
vn 0.99560547 0.032348633 -0.08795166
vn 0.89453125 0.054107666 0.4440918
vn 0.89453125 0.054107666 0.4440918
vn 0.89453125 0.054107666 0.4440918
vn 0.89453125 0.054107666 0.4440918
vn 0.99560547 0.010948181 0.09552002
vn 0.99560547 0.010948181 0.09552002
vn 0.99560547 0.010948181 0.09552002
vn 0.99560547 0.010948181 0.09552002
vn 0.69189453 0.1463623 -0.70703125
vn 0.69189453 0.1463623 -0.70703125
vn 0.69189453 0.1463623 -0.70703125
vn 0.69189453 0.1463623 -0.70703125
vn 0.12915039 0.5708008 -0.81103516
vn 0.12915039 0.5708008 -0.81103516
vn 0.12915039 0.5708008 -0.81103516
vn 0.12915039 0.5708008 -0.81103516
vn -0.012557983 1 0.012817383
vn -0.012557983 1 0.012817383
vn -0.012557983 1 0.012817383
vn -0.012557983 1 0.012817383
vn -0.93896484 0.09039307 0.3317871
vn -0.93896484 0.09039307 0.3317871
vn -0.93896484 0.09039307 0.3317871
vn -0.93896484 0.09039307 0.3317871
vn -0.6010742 0.5444336 -0.5854492
vn -0.6010742 0.5444336 -0.5854492
vn -0.6010742 0.5444336 -0.5854492
vn -0.6010742 0.5444336 -0.5854492
vn -0.52441406 0.8461914 -0.09692383
vn -0.52441406 0.8461914 -0.09692383
vn -0.52441406 0.8461914 -0.09692383
vn -0.52441406 0.8461914 -0.09692383
vn 0.21179199 0.9760742 -0.045928955
vn 0.21179199 0.9760742 -0.045928955
vn 0.21179199 0.9760742 -0.045928955
vn 0.21179199 0.9760742 -0.045928955
vn 0.12756348 0.98779297 0.08898926
vn 0.12756348 0.98779297 0.08898926
vn 0.12756348 0.98779297 0.08898926
vn 0.12756348 0.98779297 0.08898926
vn 0.9692383 0.17712402 -0.17126465
vn 0.9692383 0.17712402 -0.17126465
vn 0.9692383 0.17712402 -0.17126465
vn 0.9692383 0.17712402 -0.17126465
vn 0.028961182 -0.033081055 -0.99902344
vn 0.028961182 -0.033081055 -0.99902344
vn 0.028961182 -0.033081055 -0.99902344
vn 0.028961182 -0.033081055 -0.99902344
vn -0.044128418 0.99902344 0.0006098747
vn -0.044128418 0.99902344 0.0006098747
vn -0.044128418 0.99902344 0.0006098747
vn -0.044128418 0.99902344 0.0006098747
vn -0.045043945 0.99902344 -0.0027160645
vn -0.045043945 0.99902344 -0.0027160645
vn 0.9692383 0.13720703 -0.20483398
vn 0.9692383 0.13720703 -0.20483398
vn 0.9692383 0.13720703 -0.20483398
vn 0.9692383 0.13720703 -0.20483398
vn 0.97998047 0.12866211 0.15307617
vn 0.97998047 0.12866211 0.15307617
vn 0.97998047 0.12866211 0.15307617
vn 0.97998047 0.12866211 0.15307617
vn 0.066345215 0.0154418945 0.9975586
vn 0.066345215 0.0154418945 0.9975586
vn 0.066345215 0.0154418945 0.9975586
vn 0.066345215 0.0154418945 0.9975586
vn 0.066223145 0.9970703 0.032714844
vn 0.066223145 0.9970703 0.032714844
vn 0.066223145 0.9970703 0.032714844
vn 0.066223145 0.9970703 0.032714844
vn 0.091308594 0.9951172 0.037506104
vn 0.012184143 0.109558105 -0.9941406
vn 0.012184143 0.109558105 -0.9941406
vn 0.012184143 0.109558105 -0.9941406
vn 0.012184143 0.109558105 -0.9941406
vn 0.98535156 0.17016602 -0.016448975
vn 0.98535156 0.17016602 -0.016448975
vn 0.98535156 0.17016602 -0.016448975
vn 0.98535156 0.17016602 -0.016448975
vn 0.007217407 0.9995117 0.03050232
vn 0.007217407 0.9995117 0.03050232
vn 0.007217407 0.9995117 0.03050232
vn 0.007217407 0.9995117 0.03050232
vn 0.0045928955 0.9980469 -0.06201172
vn 0.0045928955 0.9980469 -0.06201172
vn 0.0045928955 0.9980469 -0.06201172
vn 0.0045928955 0.9980469 -0.06201172
vn -0.11627197 0.9819336 -0.15026855
vn -0.11627197 0.9819336 -0.15026855
vn -0.11627197 0.9819336 -0.15026855
vn -0.11627197 0.9819336 -0.15026855
vn -0.22424316 0.9741211 0.019317627
vn -0.22424316 0.9741211 0.019317627
vn -0.22424316 0.9741211 0.019317627
vn -0.22424316 0.9741211 0.019317627
vn -0.4111328 0.9033203 0.12072754
vn -0.4111328 0.9033203 0.12072754
vn -0.4111328 0.9033203 0.12072754
vn -0.4111328 0.9033203 0.12072754
vn 0.014968872 1 -0.008308411
vn 0.014968872 1 -0.008308411
vn 0.014968872 1 -0.008308411
vn 0.014968872 1 -0.008308411
vn 0.031280518 0.96435547 0.26245117
vn 0.031280518 0.96435547 0.26245117
vn 0.031280518 0.96435547 0.26245117
vn 0.031280518 0.96435547 0.26245117
vn -0.25390625 0.9658203 -0.049865723
vn -0.25390625 0.9658203 -0.049865723
vn -0.25390625 0.9658203 -0.049865723
vn -0.25390625 0.9658203 -0.049865723
vn -0.24230957 0.9692383 0.047943115
vn -0.24230957 0.9692383 0.047943115
vn -0.24230957 0.9692383 0.047943115
vn -0.24230957 0.9692383 0.047943115
vn -0.25805664 0.9580078 0.12548828
vn -0.25805664 0.9580078 0.12548828
vn -0.25805664 0.9580078 0.12548828
vn -0.25805664 0.9580078 0.12548828
vn 0.9399414 0.3154297 -0.1307373
vn 0.9399414 0.3154297 -0.1307373
vn 0.9399414 0.3154297 -0.1307373
vn 0.9399414 0.3154297 -0.1307373
vn 0.82177734 0.18359375 0.5395508
vn 0.82177734 0.18359375 0.5395508
vn 0.82177734 0.18359375 0.5395508
vn 0.82177734 0.18359375 0.5395508
vn 0.98876953 0.14868164 0.017578125
vn 0.98876953 0.14868164 0.017578125
vn 0.98876953 0.14868164 0.017578125
vn 0.98876953 0.14868164 0.017578125
vn 0.95751953 0.27368164 0.090270996
vn 0.95751953 0.27368164 0.090270996
vn 0.95751953 0.27368164 0.090270996
vn 0.95751953 0.27368164 0.090270996
vn 0.9321289 0.33520508 -0.13684082
vn 0.9321289 0.33520508 -0.13684082
vn 0.9321289 0.33520508 -0.13684082
vn 0.9321289 0.33520508 -0.13684082
vn 0.93847656 0.3232422 -0.1227417
vn 0.93847656 0.3232422 -0.1227417
vn 0.93847656 0.3232422 -0.1227417
vn 0.13464355 0.9868164 -0.09008789
vn 0.13464355 0.9868164 -0.09008789
vn 0.13464355 0.9868164 -0.09008789
vn 0.13464355 0.9868164 -0.09008789
vn 0.953125 0.26733398 0.14172363
vn 0.953125 0.26733398 0.14172363
vn 0.953125 0.26733398 0.14172363
vn 0.953125 0.26733398 0.14172363
vn 0.12365723 0.9921875 -0.0020618439
vn 0.12365723 0.9921875 -0.0020618439
vn 0.12365723 0.9921875 -0.0020618439
vn 0.12365723 0.9921875 -0.0020618439
vn -0.017120361 0.9995117 -0.01461792
vn -0.017120361 0.9995117 -0.01461792
vn -0.017120361 0.9995117 -0.01461792
vn -0.017120361 0.9995117 -0.01461792
vn 0.25390625 0.9604492 0.11468506
vn 0.25390625 0.9604492 0.11468506
vn 0.25390625 0.9604492 0.11468506
vn 0.25390625 0.9604492 0.11468506
vn 0.9555664 0.17126465 0.23913574
vn 0.9555664 0.17126465 0.23913574
vn 0.9555664 0.17126465 0.23913574
vn 0.9555664 0.17126465 0.23913574
vn 0.9970703 0.07550049 -0.013092041
vn 0.9970703 0.07550049 -0.013092041
vn 0.9970703 0.07550049 -0.013092041
vn 0.9970703 0.07550049 -0.013092041
vn 0.9345703 0.12072754 0.33422852
vn 0.9345703 0.12072754 0.33422852
vn 0.9345703 0.12072754 0.33422852
vn 0.9345703 0.12072754 0.33422852
vn 0.067993164 0.9970703 0.02947998
vn 0.067993164 0.9970703 0.02947998
vn 0.067993164 0.9970703 0.02947998
vn 0.067993164 0.9970703 0.02947998
vn 0.079711914 0.99658203 0.008918762
vn 0.042907715 0.99902344 -0.013427734
vn 0.042907715 0.99902344 -0.013427734
vn 0.042907715 0.99902344 -0.013427734
vn 0.042907715 0.99902344 -0.013427734
vn 0.9272461 0.17614746 0.33007812
vn 0.9272461 0.17614746 0.33007812
vn 0.9272461 0.17614746 0.33007812
vn 0.9272461 0.17614746 0.33007812
vn 0.1418457 0.9897461 -0.008087158
vn 0.1418457 0.9897461 -0.008087158
vn 0.1418457 0.9897461 -0.008087158
vn 0.1418457 0.9897461 -0.008087158
vn 0.9536133 0.11218262 -0.27929688
vn 0.9536133 0.11218262 -0.27929688
vn 0.9536133 0.11218262 -0.27929688
vn 0.9536133 0.11218262 -0.27929688
vn 0.9746094 0.0597229 -0.21557617
vn 0.9746094 0.0597229 -0.21557617
vn 0.9746094 0.0597229 -0.21557617
vn 0.9746094 0.0597229 -0.21557617
vn 0.0023517609 1 0.00040841103
vn 0.0023517609 1 0.00040841103
vn 0.0023517609 1 0.00040841103
vn 0.0023517609 1 0.00040841103
vn 0.99316406 0.1126709 0.032226562
vn 0.99316406 0.1126709 0.032226562
vn 0.99316406 0.1126709 0.032226562
vn 0.99316406 0.1126709 0.032226562
vn 0.08270264 0.99658203 -0.010177612
vn 0.08270264 0.99658203 -0.010177612
vn 0.08270264 0.99658203 -0.010177612
vn 0.08270264 0.99658203 -0.010177612
vn 0.99609375 -0.08325195 -0.03604126
vn 0.99609375 -0.08325195 -0.03604126
vn 0.99609375 -0.08325195 -0.03604126
vn 0.99609375 -0.08325195 -0.03604126
vn 0.009750366 1 0.0032138824
vn 0.009750366 1 0.0032138824
vn 0.009750366 1 0.0032138824
vn 0.009750366 1 0.0032138824
vn 0.1640625 0.18835449 -0.9682617
vn 0.1640625 0.18835449 -0.9682617
vn 0.1640625 0.18835449 -0.9682617
vn 0.1640625 0.18835449 -0.9682617
vn 0.99609375 0.08905029 -0.015625
vn 0.99609375 0.08905029 -0.015625
vn 0.99609375 0.08905029 -0.015625
vn 0.99609375 0.08905029 -0.015625
vn -0.09106445 -0.0670166 0.99365234
vn -0.09106445 -0.0670166 0.99365234
vn -0.09106445 -0.0670166 0.99365234
vn -0.09106445 -0.0670166 0.99365234
vn 0.96875 -0.17822266 -0.17126465
vn 0.96875 -0.17822266 -0.17126465
vn 0.96875 -0.17822266 -0.17126465
vn 0.96875 -0.17822266 -0.17126465
vn -0.02319336 0.9873047 -0.15686035
vn -0.02319336 0.9873047 -0.15686035
vn -0.02319336 0.9873047 -0.15686035
vn -0.02319336 0.9873047 -0.15686035
vn 0.97998047 0.14880371 0.13256836
vn 0.97998047 0.14880371 0.13256836
vn 0.97998047 0.14880371 0.13256836
vn 0.97998047 0.14880371 0.13256836
vn -0.5966797 0.28149414 0.75146484
vn -0.5966797 0.28149414 0.75146484
vn -0.5966797 0.28149414 0.75146484
vn -0.5966797 0.28149414 0.75146484
vn -0.9589844 -0.07019043 -0.27416992
vn -0.9589844 -0.07019043 -0.27416992
vn -0.9589844 -0.07019043 -0.27416992
vn -0.9589844 -0.07019043 -0.27416992
vn -0.14147949 0.9897461 -0.0016365051
vn -0.14147949 0.9897461 -0.0016365051
vn -0.14147949 0.9897461 -0.0016365051
vn -0.14147949 0.9897461 -0.0016365051
vn -0.5 0.86572266 0.0115737915
vn -0.5 0.86572266 0.0115737915
vn -0.5 0.86572266 0.0115737915
vn -0.5 0.86572266 0.0115737915
vn 0.00013935566 1 -0.0035762787
vn 0.00013935566 1 -0.0035762787
vn 0.00013935566 1 -0.0035762787
vn 0.00013935566 1 -0.0035762787
vn 0.012046814 0.9995117 -0.022064209
vn 0.012046814 0.9995117 -0.022064209
vn 0.012046814 0.9995117 -0.022064209
vn 0.012046814 0.9995117 -0.022064209
vn 0.029403687 0.98095703 -0.19104004
vn 0.029403687 0.98095703 -0.19104004
vn 0.029403687 0.98095703 -0.19104004
vn 0.029403687 0.98095703 -0.19104004
vn 0.26879883 0.026367188 -0.9628906
vn 0.26879883 0.026367188 -0.9628906
vn 0.26879883 0.026367188 -0.9628906
vn 0.26879883 0.026367188 -0.9628906
vn 0.65283203 0.7558594 -0.049102783
vn 0.65283203 0.7558594 -0.049102783
vn 0.65283203 0.7558594 -0.049102783
vn 0.65283203 0.7558594 -0.049102783
vn 0.98046875 0.0703125 -0.18371582
vn 0.98046875 0.0703125 -0.18371582
vn 0.98046875 0.0703125 -0.18371582
vn 0.98046875 0.0703125 -0.18371582
vn 0.021011353 0.9995117 -0.0102005005
vn 0.021011353 0.9995117 -0.0102005005
vn 0.021011353 0.9995117 -0.0102005005
vn 0.021011353 0.9995117 -0.0102005005
vn -0.88183594 0.30151367 0.36206055
vn -0.88183594 0.30151367 0.36206055
vn -0.88183594 0.30151367 0.36206055
vn -0.88183594 0.30151367 0.36206055
vn 0.029449463 0.08288574 0.99609375
vn 0.029449463 0.08288574 0.99609375
vn 0.029449463 0.08288574 0.99609375
vn 0.029449463 0.08288574 0.99609375
vn -0.020263672 0.9980469 0.05670166
vn -0.020263672 0.9980469 0.05670166
vn -0.020263672 0.9980469 0.05670166
vn -0.020263672 0.9980469 0.05670166
vn 0.99072266 0.13696289 0.010169983
vn 0.99072266 0.13696289 0.010169983
vn 0.99072266 0.13696289 0.010169983
vn 0.99072266 0.13696289 0.010169983
vn 0.07873535 0.9970703 -0.0061073303
vn 0.07873535 0.9970703 -0.0061073303
vn 0.07873535 0.9970703 -0.0061073303
vn 0.07873535 0.9970703 -0.0061073303
vn 0.9716797 0.2084961 -0.11004639
vn 0.9716797 0.2084961 -0.11004639
vn 0.9716797 0.2084961 -0.11004639
vn 0.9716797 0.2084961 -0.11004639
vn 0.042877197 0.99560547 0.081848145
vn 0.042877197 0.99560547 0.081848145
vn 0.042877197 0.99560547 0.081848145
vn 0.042877197 0.99560547 0.081848145
vn 0.9345703 0.3166504 0.16247559
vn 0.9345703 0.3166504 0.16247559
vn 0.9345703 0.3166504 0.16247559
vn 0.9345703 0.3166504 0.16247559
vn 0.9008789 0.014511108 0.4338379
vn 0.9008789 0.014511108 0.4338379
vn 0.9008789 0.014511108 0.4338379
vn 0.9008789 0.014511108 0.4338379
vn 0.38305664 0.7993164 0.46313477
vn 0.38305664 0.7993164 0.46313477
vn 0.38305664 0.7993164 0.46313477
vn 0.38305664 0.7993164 0.46313477
vn -0.016296387 1 -0.0001860857
vn -0.016296387 1 -0.0001860857
vn -0.016296387 1 -0.0001860857
vn -0.016296387 1 -0.0001860857
vn -0.037628174 0.99902344 -0.008811951
vn -0.037628174 0.99902344 -0.008811951
vn -0.037628174 0.99902344 -0.008811951
vn 0.9941406 0.10144043 0.036621094
vn 0.9941406 0.10144043 0.036621094
vn 0.9941406 0.10144043 0.036621094
vn 0.9941406 0.10144043 0.036621094
vn 0.9980469 0.059295654 0.026901245
vn 0.9980469 0.059295654 0.026901245
vn 0.9980469 0.059295654 0.026901245
vn 0.12017822 0.9926758 -0.010070801
vn 0.12017822 0.9926758 -0.010070801
vn 0.12017822 0.9926758 -0.010070801
vn 0.12017822 0.9926758 -0.010070801
vn 1 0.013336182 -0.011642456
vn 1 0.013336182 -0.011642456
vn 1 0.013336182 -0.011642456
vn 0.9995117 -0.0025177002 -0.025146484
vn 0.9995117 -0.0025177002 -0.025146484
vn 0.98535156 0.10083008 -0.13903809
vn 0.98535156 0.10083008 -0.13903809
vn 0.98535156 0.10083008 -0.13903809
vn 0.98535156 0.10083008 -0.13903809
vn -0.06921387 0.9975586 0.011734009
vn -0.06921387 0.9975586 0.011734009
vn -0.06921387 0.9975586 0.011734009
vn -0.06921387 0.9975586 0.011734009
vn -0.27416992 0.9560547 0.10510254
vn -0.27416992 0.9560547 0.10510254
vn -0.27416992 0.9560547 0.10510254
vn -0.27416992 0.9560547 0.10510254
vn 0.109375 0.036590576 0.99316406
vn 0.109375 0.036590576 0.99316406
vn 0.109375 0.036590576 0.99316406
vn 0.109375 0.036590576 0.99316406
vn 0.023345947 0.9995117 0.008178711
vn 0.023345947 0.9995117 0.008178711
vn 0.023345947 0.9995117 0.008178711
vn 0.023345947 0.9995117 0.008178711
vn 0.023345947 0.9995117 0.008178711
vn -0.33813477 0.9404297 -0.03265381
vn -0.33813477 0.9404297 -0.03265381
vn -0.33813477 0.9404297 -0.03265381
vn -0.33813477 0.9404297 -0.03265381
vn 0.9526367 0.30371094 0.016464233
vn 0.9526367 0.30371094 0.016464233
vn 0.9526367 0.30371094 0.016464233
vn 0.9526367 0.30371094 0.016464233
vn 0.8852539 0.46044922 -0.06390381
vn 0.8852539 0.46044922 -0.06390381
vn 0.8852539 0.46044922 -0.06390381
vn 0.8852539 0.46044922 -0.06390381
vn -0.039978027 0.99853516 -0.033081055
vn -0.039978027 0.99853516 -0.033081055
vn -0.039978027 0.99853516 -0.033081055
vn -0.039978027 0.99853516 -0.033081055
vn 0.005886078 1 0.007671356
vn 0.005886078 1 0.007671356
vn 0.005886078 1 0.007671356
vn 0.005886078 1 0.007671356
vn 0.9941406 0.07684326 -0.074035645
vn 0.9941406 0.07684326 -0.074035645
vn 0.9941406 0.07684326 -0.074035645
vn 0.9941406 0.07684326 -0.074035645
vn -0.007881165 1 0.01687622
vn -0.007881165 1 0.01687622
vn -0.007881165 1 0.01687622
vn -0.007881165 1 0.01687622
vn 0.0049552917 0.9980469 -0.061645508
vn 0.0049552917 0.9980469 -0.061645508
vn 0.0049552917 0.9980469 -0.061645508
vn 0.0049552917 0.9980469 -0.061645508
vn 0.53759766 0.8144531 -0.21826172
vn 0.53759766 0.8144531 -0.21826172
vn 0.53759766 0.8144531 -0.21826172
vn 0.53759766 0.8144531 -0.21826172
vn 0.8076172 0.5839844 -0.08282471
vn 0.8076172 0.5839844 -0.08282471
vn 0.8076172 0.5839844 -0.08282471
vn 0.8076172 0.5839844 -0.08282471
vn 0.48657227 -0.015182495 -0.87353516
vn 0.48657227 -0.015182495 -0.87353516
vn 0.48657227 -0.015182495 -0.87353516
vn 0.48657227 -0.015182495 -0.87353516
vn -0.8544922 -0.024520874 -0.51904297
vn -0.8544922 -0.024520874 -0.51904297
vn -0.8544922 -0.024520874 -0.51904297
vn -0.8544922 -0.024520874 -0.51904297
vn 0.13061523 0.82177734 -0.5546875
vn 0.13061523 0.82177734 -0.5546875
vn 0.13061523 0.82177734 -0.5546875
vn 0.13061523 0.82177734 -0.5546875
vn 0.23791504 0.21826172 -0.94628906
vn 0.23791504 0.21826172 -0.94628906
vn 0.23791504 0.21826172 -0.94628906
vn 0.23791504 0.21826172 -0.94628906
vn 0.73535156 -0.67285156 -0.081970215
vn 0.73535156 -0.67285156 -0.081970215
vn 0.73535156 -0.67285156 -0.081970215
vn 0.73535156 -0.67285156 -0.081970215
vn 0.47509766 0.16101074 -0.8652344
vn 0.47509766 0.16101074 -0.8652344
vn 0.47509766 0.16101074 -0.8652344
vn 0.47509766 0.16101074 -0.8652344
vn -0.6611328 0.07183838 -0.7470703
vn -0.6611328 0.07183838 -0.7470703
vn -0.6611328 0.07183838 -0.7470703
vn -0.6611328 0.07183838 -0.7470703
vn 0.14282227 0.25317383 -0.95703125
vn 0.14282227 0.25317383 -0.95703125
vn 0.14282227 0.25317383 -0.95703125
vn 0.14282227 0.25317383 -0.95703125
vn 0.59375 -0.13183594 0.7939453
vn 0.59375 -0.13183594 0.7939453
vn 0.59375 -0.13183594 0.7939453
vn 0.59375 -0.13183594 0.7939453
vn 0.44262695 0.1998291 0.87402344
vn 0.44262695 0.1998291 0.87402344
vn 0.44262695 0.1998291 0.87402344
vn 0.44262695 0.1998291 0.87402344
vn -0.73583984 0.67578125 0.049346924
vn -0.73583984 0.67578125 0.049346924
vn -0.73583984 0.67578125 0.049346924
vn -0.73583984 0.67578125 0.049346924
vn -0.6069336 0.79345703 0.03845215
vn -0.6069336 0.79345703 0.03845215
vn -0.6069336 0.79345703 0.03845215
vn -0.6069336 0.79345703 0.03845215
vn 0.34887695 0.9355469 0.05731201
vn 0.34887695 0.9355469 0.05731201
vn 0.34887695 0.9355469 0.05731201
vn 0.34887695 0.9355469 0.05731201
vn 0.328125 0.94433594 -0.027709961
vn 0.328125 0.94433594 -0.027709961
vn 0.328125 0.94433594 -0.027709961
vn 0.328125 0.94433594 -0.027709961
vn 0.99560547 0.074279785 0.059631348
vn 0.99560547 0.074279785 0.059631348
vn 0.99560547 0.074279785 0.059631348
vn 0.99560547 0.074279785 0.059631348
vn -0.012832642 1 0.016326904
vn -0.012832642 1 0.016326904
vn -0.012832642 1 0.016326904
vn -0.012832642 1 0.016326904
vn -0.0057792664 1 -0.011703491
vn 0.039154053 0.99902344 -0.016067505
vn -0.0057792664 1 -0.011703491
vn 0.039154053 0.99902344 -0.016067505
vn 0.0049743652 0.9995117 -0.023864746
vn 0.039154053 0.99902344 -0.016067505
vn 0.0049743652 0.9995117 -0.023864746
vn 0.0049743652 0.9995117 -0.023864746
vn 0.0049743652 0.9995117 -0.023864746
vn 0.0058021545 1 0.0062179565
vn 0.0058021545 1 0.0062179565
vn -0.16247559 0.98583984 -0.043060303
vn -0.16247559 0.98583984 -0.043060303
vn -0.16247559 0.98583984 -0.043060303
vn -0.16247559 0.98583984 -0.043060303
vn 0.63134766 0.44677734 -0.63427734
vn 0.63134766 0.44677734 -0.63427734
vn 0.63134766 0.44677734 -0.63427734
vn 0.63134766 0.44677734 -0.63427734
vn -0.056396484 0.9892578 0.13427734
vn -0.056396484 0.9892578 0.13427734
vn -0.056396484 0.9892578 0.13427734
vn -0.056396484 0.9892578 0.13427734
vn -0.0071105957 1 0.0044441223
vn -0.0071105957 1 0.0044441223
vn -0.0071105957 1 0.0044441223
vn -0.0071105957 1 0.0044441223
vn 0.011123657 0.9995117 -0.026794434
vn 0.011123657 0.9995117 -0.026794434
vn 0.7583008 0.10003662 -0.64453125
vn 0.7583008 0.10003662 -0.64453125
vn 0.7583008 0.10003662 -0.64453125
vn 0.7583008 0.10003662 -0.64453125
vn 0.53125 0.019805908 -0.84716797
vn 0.53125 0.019805908 -0.84716797
vn 0.53125 0.019805908 -0.84716797
vn 0.53125 0.019805908 -0.84716797
vn 0.64501953 0.042419434 -0.7631836
vn 0.64501953 0.042419434 -0.7631836
vn 0.64501953 0.042419434 -0.7631836
vn 0.64501953 0.042419434 -0.7631836
vn 0.6826172 0.06121826 -0.7285156
vn 0.6826172 0.06121826 -0.7285156
vn 0.6826172 0.06121826 -0.7285156
vn 0.6826172 0.06121826 -0.7285156
vn 0.84765625 0.15026855 -0.50878906
vn 0.84765625 0.15026855 -0.50878906
vn 0.84765625 0.15026855 -0.50878906
vn 0.84765625 0.15026855 -0.50878906
vn 0.97753906 0.20996094 0.0065345764
vn 0.97753906 0.20996094 0.0065345764
vn 0.97753906 0.20996094 0.0065345764
vn 0.97753906 0.20996094 0.0065345764
vn 0.7167969 0.28027344 -0.6386719
vn 0.7167969 0.28027344 -0.6386719
vn 0.7167969 0.28027344 -0.6386719
vn 0.7167969 0.28027344 -0.6386719
vn 0.006046295 0.9995117 0.027755737
vn 0.006046295 0.9995117 0.027755737
vn 0.006046295 0.9995117 0.027755737
vn 0.006046295 0.9995117 0.027755737
vn 0.2697754 0.9350586 -0.23022461
vn 0.2697754 0.9350586 -0.23022461
vn 0.2697754 0.9350586 -0.23022461
vn 0.2697754 0.9350586 -0.23022461
vn 0.20751953 0.97509766 -0.07525635
vn 0.20751953 0.97509766 -0.07525635
vn 0.20751953 0.97509766 -0.07525635
vn 0.20751953 0.97509766 -0.07525635
vn 0.1829834 0.9824219 0.041809082
vn 0.1829834 0.9824219 0.041809082
vn 0.1829834 0.9824219 0.041809082
vn 0.1829834 0.9824219 0.041809082
vn -0.018600464 0.9970703 -0.07678223
vn -0.018600464 0.9970703 -0.07678223
vn -0.018600464 0.9970703 -0.07678223
vn -0.018600464 0.9970703 -0.07678223
vn 0.08288574 0.98828125 -0.12939453
vn 0.08288574 0.98828125 -0.12939453
vn 0.08288574 0.98828125 -0.12939453
vn 0.08288574 0.98828125 -0.12939453
vn 0.99316406 -0.01234436 0.11529541
vn 0.99316406 -0.01234436 0.11529541
vn 0.99316406 -0.01234436 0.11529541
vn 0.99316406 -0.01234436 0.11529541
vn 0.4802246 0.73876953 -0.47265625
vn 0.4802246 0.73876953 -0.47265625
vn 0.4802246 0.73876953 -0.47265625
vn 0.4802246 0.73876953 -0.47265625
vn 0.19335938 0.96972656 -0.15014648
vn 0.19335938 0.96972656 -0.15014648
vn 0.19335938 0.96972656 -0.15014648
vn 0.19335938 0.96972656 -0.15014648
vn 0.65185547 0.18493652 -0.73535156
vn 0.65185547 0.18493652 -0.73535156
vn 0.65185547 0.18493652 -0.73535156
vn 0.65185547 0.18493652 -0.73535156
vn -0.10748291 0.92626953 -0.36108398
vn -0.10748291 0.92626953 -0.36108398
vn -0.10748291 0.92626953 -0.36108398
vn -0.10748291 0.92626953 -0.36108398
vn -0.15612793 0.9785156 0.1340332
vn -0.15612793 0.9785156 0.1340332
vn -0.15612793 0.9785156 0.1340332
vn -0.15612793 0.9785156 0.1340332
vn -0.7548828 0.26953125 0.59765625
vn -0.7548828 0.26953125 0.59765625
vn -0.7548828 0.26953125 0.59765625
vn -0.7548828 0.26953125 0.59765625
vn -0.013328552 0.96777344 0.25170898
vn -0.013328552 0.96777344 0.25170898
vn -0.013328552 0.96777344 0.25170898
vn -0.013328552 0.96777344 0.25170898
vn -0.10424805 0.98828125 0.112854004
vn -0.10424805 0.98828125 0.112854004
vn -0.10424805 0.98828125 0.112854004
vn -0.10424805 0.98828125 0.112854004
vn -0.19091797 0.98046875 0.04449463
vn -0.19091797 0.98046875 0.04449463
vn -0.19091797 0.98046875 0.04449463
vn -0.19091797 0.98046875 0.04449463
vn 0.14050293 0.9350586 0.32592773
vn 0.14050293 0.9350586 0.32592773
vn 0.14050293 0.9350586 0.32592773
vn 0.14050293 0.9350586 0.32592773
vn -0.74316406 0.44262695 -0.50146484
vn -0.74316406 0.44262695 -0.50146484
vn -0.74316406 0.44262695 -0.50146484
vn -0.74316406 0.44262695 -0.50146484
vn -0.12371826 0.98046875 0.15197754
vn -0.12371826 0.98046875 0.15197754
vn -0.12371826 0.98046875 0.15197754
vn -0.12371826 0.98046875 0.15197754
vn -0.34838867 0.8647461 0.3623047
vn -0.34838867 0.8647461 0.3623047
vn -0.34838867 0.8647461 0.3623047
vn -0.34838867 0.8647461 0.3623047
vn 0.7836914 0.078125 -0.6166992
vn 0.7836914 0.078125 -0.6166992
vn 0.7836914 0.078125 -0.6166992
vn 0.7836914 0.078125 -0.6166992
vn 0.94384766 0.12585449 -0.30615234
vn 0.94384766 0.12585449 -0.30615234
vn 0.94384766 0.12585449 -0.30615234
vn 0.94384766 0.12585449 -0.30615234
vn 0.7216797 -0.0039749146 -0.69189453
vn 0.7216797 -0.0039749146 -0.69189453
vn 0.7216797 -0.0039749146 -0.69189453
vn 0.7216797 -0.0039749146 -0.69189453
vn 0.71875 0.01461792 -0.6948242
vn 0.71875 0.01461792 -0.6948242
vn 0.8388672 0.09899902 -0.53515625
vn 0.8388672 0.09899902 -0.53515625
vn 0.8388672 0.09899902 -0.53515625
vn 0.8388672 0.09899902 -0.53515625
vn 0.64746094 0.40283203 -0.6464844
vn 0.64746094 0.40283203 -0.6464844
vn 0.64746094 0.40283203 -0.6464844
vn 0.64746094 0.40283203 -0.6464844
vn 0.60058594 0.3786621 0.70458984
vn 0.60058594 0.3786621 0.70458984
vn 0.60058594 0.3786621 0.70458984
vn 0.60058594 0.3786621 0.70458984
vn -0.5332031 0.09613037 -0.8408203
vn -0.5332031 0.09613037 -0.8408203
vn -0.5332031 0.09613037 -0.8408203
vn -0.5332031 0.09613037 -0.8408203
vn -0.08605957 0.98583984 -0.14501953
vn -0.08605957 0.98583984 -0.14501953
vn -0.08605957 0.98583984 -0.14501953
vn -0.08605957 0.98583984 -0.14501953
vn 0.7597656 0.045898438 -0.6484375
vn 0.7597656 0.045898438 -0.6484375
vn 0.7597656 0.045898438 -0.6484375
vn 0.7597656 0.045898438 -0.6484375
vn 0.59472656 0.20458984 -0.77783203
vn 0.59472656 0.20458984 -0.77783203
vn 0.59472656 0.20458984 -0.77783203
vn 0.59472656 0.20458984 -0.77783203
vn 0.2770996 0.92871094 -0.24658203
vn 0.2770996 0.92871094 -0.24658203
vn 0.2770996 0.92871094 -0.24658203
vn 0.2770996 0.92871094 -0.24658203
vn 0.7573242 0.0012903214 -0.65283203
vn 0.7573242 0.0012903214 -0.65283203
vn 0.7573242 0.0012903214 -0.65283203
vn 0.7573242 0.0012903214 -0.65283203
vn 0.87597656 0.050048828 -0.4794922
vn 0.87597656 0.050048828 -0.4794922
vn 0.87597656 0.050048828 -0.4794922
vn 0.87597656 0.050048828 -0.4794922
vn 0.74121094 0.52734375 0.41479492
vn 0.74121094 0.52734375 0.41479492
vn 0.74121094 0.52734375 0.41479492
vn 0.74121094 0.52734375 0.41479492
vn 0.5800781 0.107421875 -0.8076172
vn 0.5800781 0.107421875 -0.8076172
vn 0.5800781 0.107421875 -0.8076172
vn 0.5800781 0.107421875 -0.8076172
vn 0.011543274 1 -0.0140686035
vn 0.011543274 1 -0.0140686035
vn 0.011543274 1 -0.0140686035
vn 0.011543274 1 -0.0140686035
vn -0.7426758 -0.06060791 -0.6665039
vn -0.7426758 -0.06060791 -0.6665039
vn -0.7426758 -0.06060791 -0.6665039
vn -0.7426758 -0.06060791 -0.6665039
vn -0.7182617 0.07110596 -0.6923828
vn -0.7182617 0.07110596 -0.6923828
vn -0.7182617 0.07110596 -0.6923828
vn -0.7182617 0.07110596 -0.6923828
vn 0.2553711 0.03353882 -0.9663086
vn 0.2553711 0.03353882 -0.9663086
vn 0.2553711 0.03353882 -0.9663086
vn 0.2553711 0.03353882 -0.9663086
vn -0.7001953 -0.010253906 -0.7138672
vn -0.7001953 -0.010253906 -0.7138672
vn -0.7001953 -0.010253906 -0.7138672
vn -0.7001953 -0.010253906 -0.7138672
vn -0.15527344 0.9873047 0.03918457
vn -0.15527344 0.9873047 0.03918457
vn -0.15527344 0.9873047 0.03918457
vn -0.15527344 0.9873047 0.03918457
vn -0.10601807 0.9814453 0.16088867
vn -0.10601807 0.9814453 0.16088867
vn -0.10601807 0.9814453 0.16088867
vn -0.10601807 0.9814453 0.16088867
vn 0.28051758 0.8671875 -0.41137695
vn 0.28051758 0.8671875 -0.41137695
vn 0.28051758 0.8671875 -0.41137695
vn 0.28051758 0.8671875 -0.41137695
vn 0.72998047 0.020401001 -0.68310547
vn 0.72998047 0.020401001 -0.68310547
vn 0.72998047 0.020401001 -0.68310547
vn 0.72998047 0.020401001 -0.68310547
vn 0.78271484 0.101501465 -0.61376953
vn 0.78271484 0.101501465 -0.61376953
vn 0.78271484 0.101501465 -0.61376953
vn 0.78271484 0.101501465 -0.61376953
vn 0.7109375 0.082458496 -0.6982422
vn 0.7109375 0.082458496 -0.6982422
vn 0.7109375 0.082458496 -0.6982422
vn 0.7109375 0.082458496 -0.6982422
vn 0.6845703 0.0023937225 -0.7285156
vn 0.6845703 0.0023937225 -0.7285156
vn 0.6845703 0.0023937225 -0.7285156
vn 0.6845703 0.0023937225 -0.7285156
vn 0.5629883 0.75683594 -0.3322754
vn 0.5629883 0.75683594 -0.3322754
vn 0.5629883 0.75683594 -0.3322754
vn 0.5629883 0.75683594 -0.3322754
vn -0.2253418 0.96875 0.10229492
vn -0.2253418 0.96875 0.10229492
vn -0.2253418 0.96875 0.10229492
vn -0.2253418 0.96875 0.10229492
vn -0.23449707 0.890625 0.38989258
vn -0.23449707 0.890625 0.38989258
vn -0.23449707 0.890625 0.38989258
vn -0.23449707 0.890625 0.38989258
vn 0.15002441 0.984375 -0.091308594
vn 0.15002441 0.984375 -0.091308594
vn 0.15002441 0.984375 -0.091308594
vn 0.15002441 0.984375 -0.091308594
vn -0.018539429 0.99902344 -0.04196167
vn -0.018539429 0.99902344 -0.04196167
vn -0.018539429 0.99902344 -0.04196167
vn -0.018539429 0.99902344 -0.04196167
vn 0.14782715 0.9741211 -0.17150879
vn 0.14782715 0.9741211 -0.17150879
vn 0.14782715 0.9741211 -0.17150879
vn 0.14782715 0.9741211 -0.17150879
vn -0.67285156 0.3322754 0.66064453
vn -0.67285156 0.3322754 0.66064453
vn -0.67285156 0.3322754 0.66064453
vn -0.67285156 0.3322754 0.66064453
vn -0.6254883 0.016036987 0.77978516
vn -0.6254883 0.016036987 0.77978516
vn -0.6254883 0.016036987 0.77978516
vn -0.6254883 0.016036987 0.77978516
vn -0.5253906 0.7421875 0.41552734
vn -0.5253906 0.7421875 0.41552734
vn -0.5253906 0.7421875 0.41552734
vn -0.5253906 0.7421875 0.41552734
vn -0.11682129 0.9770508 -0.17834473
vn -0.11682129 0.9770508 -0.17834473
vn -0.11682129 0.9770508 -0.17834473
vn -0.11193848 0.97509766 -0.19165039
vn -0.1385498 0.9604492 -0.24121094
vn -0.1385498 0.9604492 -0.24121094
vn -0.1385498 0.9604492 -0.24121094
vn -0.1385498 0.9604492 -0.24121094
vn 0.02532959 0.9296875 0.36694336
vn 0.02532959 0.9296875 0.36694336
vn 0.02532959 0.9296875 0.36694336
vn 0.04119873 0.94140625 0.33447266
vn 0.04119873 0.94140625 0.33447266
vn 0.08013916 0.99365234 0.078063965
vn 0.08013916 0.99365234 0.078063965
vn 0.08013916 0.99365234 0.078063965
vn 0.08013916 0.99365234 0.078063965
vn 0.13989258 0.90771484 0.3955078
vn 0.13989258 0.90771484 0.3955078
vn 0.13989258 0.90771484 0.3955078
vn 0.13989258 0.90771484 0.3955078
vn 0.0703125 0.33422852 0.9399414
vn 0.0703125 0.33422852 0.9399414
vn 0.0703125 0.33422852 0.9399414
vn 0.0703125 0.33422852 0.9399414
vn -0.10876465 0.15917969 0.9814453
vn -0.10876465 0.15917969 0.9814453
vn -0.10876465 0.15917969 0.9814453
vn -0.10876465 0.15917969 0.9814453
vn 0.028869629 0.9628906 0.26904297
vn 0.028869629 0.9628906 0.26904297
vn 0.028869629 0.9628906 0.26904297
vn 0.028869629 0.9628906 0.26904297
vn -0.3215332 0.18078613 0.9291992
vn -0.3215332 0.18078613 0.9291992
vn -0.3215332 0.18078613 0.9291992
vn -0.3215332 0.18078613 0.9291992
vn -0.060668945 0.24023438 0.96875
vn -0.060668945 0.24023438 0.96875
vn -0.060668945 0.24023438 0.96875
vn -0.060668945 0.24023438 0.96875
vn -0.22558594 0.97265625 -0.05218506
vn -0.22558594 0.97265625 -0.05218506
vn -0.22558594 0.97265625 -0.05218506
vn -0.22558594 0.97265625 -0.05218506
vn 0.054840088 0.32592773 0.94384766
vn 0.054840088 0.32592773 0.94384766
vn 0.054840088 0.32592773 0.94384766
vn 0.054840088 0.32592773 0.94384766
vn 0.0039978027 0.73339844 0.6801758
vn 0.0039978027 0.73339844 0.6801758
vn 0.0039978027 0.73339844 0.6801758
vn 0.0039978027 0.73339844 0.6801758
vn -0.09490967 0.99560547 -0.0056152344
vn -0.09490967 0.99560547 -0.0056152344
vn -0.09490967 0.99560547 -0.0056152344
vn -0.09490967 0.99560547 -0.0056152344
vn -0.25512695 0.9667969 0.015327454
vn -0.25512695 0.9667969 0.015327454
vn -0.25512695 0.9667969 0.015327454
vn -0.25512695 0.9667969 0.015327454
vn -0.0035171509 0.4794922 0.8774414
vn -0.0035171509 0.4794922 0.8774414
vn -0.0035171509 0.4794922 0.8774414
vn -0.0035171509 0.4794922 0.8774414
vn 0.46704102 0.24023438 -0.8510742
vn 0.46704102 0.24023438 -0.8510742
vn 0.46704102 0.24023438 -0.8510742
vn 0.46704102 0.24023438 -0.8510742
vn 0.049102783 0.10760498 -0.99316406
vn 0.049102783 0.10760498 -0.99316406
vn 0.049102783 0.10760498 -0.99316406
vn 0.049102783 0.10760498 -0.99316406
vn -0.49926758 0.11352539 -0.8588867
vn -0.49926758 0.11352539 -0.8588867
vn -0.49926758 0.11352539 -0.8588867
vn -0.49926758 0.11352539 -0.8588867
vn -0.0024681091 0.4963379 -0.86816406
vn -0.0024681091 0.4963379 -0.86816406
vn -0.0024681091 0.4963379 -0.86816406
vn -0.0024681091 0.4963379 -0.86816406
vn 0.06100464 0.97558594 -0.21118164
vn 0.06100464 0.97558594 -0.21118164
vn 0.06100464 0.97558594 -0.21118164
vn 0.06100464 0.97558594 -0.21118164
vn 0.03515625 0.9711914 -0.2364502
vn 0.03515625 0.9711914 -0.2364502
vn 0.19299316 0.9663086 -0.17150879
vn 0.19299316 0.9663086 -0.17150879
vn 0.19299316 0.9663086 -0.17150879
vn 0.19299316 0.9663086 -0.17150879
vn 0.23657227 0.101135254 -0.9663086
vn 0.23657227 0.101135254 -0.9663086
vn 0.23657227 0.101135254 -0.9663086
vn 0.23657227 0.101135254 -0.9663086
vn 0.011955261 0.012184143 -1
vn 0.011955261 0.012184143 -1
vn 0.011955261 0.012184143 -1
vn 0.011955261 0.012184143 -1
vn 0.021148682 0.0024814606 -1
vn 0.021148682 0.0024814606 -1
vn 0.021148682 0.0024814606 -1
vn 0.021148682 0.0024814606 -1
vn 0.75390625 0.31860352 -0.57421875
vn 0.75390625 0.31860352 -0.57421875
vn 0.75390625 0.31860352 -0.57421875
vn 0.75390625 0.31860352 -0.57421875
vn 0.43188477 0.9013672 0.024276733
vn 0.43188477 0.9013672 0.024276733
vn 0.43188477 0.9013672 0.024276733
vn 0.43188477 0.9013672 0.024276733
vn -0.08001709 0.24438477 0.9663086
vn -0.08001709 0.24438477 0.9663086
vn -0.08001709 0.24438477 0.9663086
vn -0.08001709 0.24438477 0.9663086
vn -0.80322266 0.14074707 -0.5786133
vn -0.80322266 0.14074707 -0.5786133
vn -0.80322266 0.14074707 -0.5786133
vn -0.80322266 0.14074707 -0.5786133
vn 0.14562988 0.119262695 -0.9819336
vn 0.14562988 0.119262695 -0.9819336
vn 0.14562988 0.119262695 -0.9819336
vn 0.14562988 0.119262695 -0.9819336
vn 0.03427124 0.012039185 -0.9995117
vn 0.03427124 0.012039185 -0.9995117
vn 0.03427124 0.012039185 -0.9995117
vn 0.03427124 0.012039185 -0.9995117
vn -0.064697266 0.043151855 -0.9970703
vn -0.064697266 0.043151855 -0.9970703
vn -0.064697266 0.043151855 -0.9970703
vn -0.064697266 0.043151855 -0.9970703
vn -0.15124512 0.9741211 -0.16760254
vn -0.15124512 0.9741211 -0.16760254
vn -0.15124512 0.9741211 -0.16760254
vn -0.15124512 0.9741211 -0.16760254
vn -0.91796875 0.21801758 -0.33129883
vn -0.91796875 0.21801758 -0.33129883
vn -0.91796875 0.21801758 -0.33129883
vn -0.91796875 0.21801758 -0.33129883
vn 0.014549255 0.041992188 -0.99902344
vn 0.014549255 0.041992188 -0.99902344
vn 0.014549255 0.041992188 -0.99902344
vn 0.014549255 0.041992188 -0.99902344
vn -0.9038086 0.4050293 0.13671875
vn -0.9038086 0.4050293 0.13671875
vn -0.9038086 0.4050293 0.13671875
vn -0.9038086 0.4050293 0.13671875
vn -0.007270813 0.98779297 -0.15515137
vn -0.007270813 0.98779297 -0.15515137
vn -0.007270813 0.98779297 -0.15515137
vn -0.007270813 0.98779297 -0.15515137
vn 0.08795166 0.032348633 -0.99560547
vn 0.08795166 0.032348633 -0.99560547
vn 0.08795166 0.032348633 -0.99560547
vn 0.08795166 0.032348633 -0.99560547
vn -0.4440918 0.054107666 -0.89453125
vn -0.4440918 0.054107666 -0.89453125
vn -0.4440918 0.054107666 -0.89453125
vn -0.4440918 0.054107666 -0.89453125
vn -0.09552002 0.010948181 -0.99560547
vn -0.09552002 0.010948181 -0.99560547
vn -0.09552002 0.010948181 -0.99560547
vn -0.09552002 0.010948181 -0.99560547
vn 0.70703125 0.1463623 -0.69189453
vn 0.70703125 0.1463623 -0.69189453
vn 0.70703125 0.1463623 -0.69189453
vn 0.70703125 0.1463623 -0.69189453
vn 0.81103516 0.5708008 -0.12915039
vn 0.81103516 0.5708008 -0.12915039
vn 0.81103516 0.5708008 -0.12915039
vn 0.81103516 0.5708008 -0.12915039
vn -0.012817383 1 0.012557983
vn -0.012817383 1 0.012557983
vn -0.012817383 1 0.012557983
vn -0.012817383 1 0.012557983
vn -0.3317871 0.09039307 0.93896484
vn -0.3317871 0.09039307 0.93896484
vn -0.3317871 0.09039307 0.93896484
vn -0.3317871 0.09039307 0.93896484
vn 0.5854492 0.5444336 0.6010742
vn 0.5854492 0.5444336 0.6010742
vn 0.5854492 0.5444336 0.6010742
vn 0.5854492 0.5444336 0.6010742
vn 0.09692383 0.8461914 0.52441406
vn 0.09692383 0.8461914 0.52441406
vn 0.09692383 0.8461914 0.52441406
vn 0.09692383 0.8461914 0.52441406
vn 0.045928955 0.9760742 -0.21179199
vn 0.045928955 0.9760742 -0.21179199
vn 0.045928955 0.9760742 -0.21179199
vn 0.045928955 0.9760742 -0.21179199
vn -0.08898926 0.98779297 -0.12756348
vn -0.08898926 0.98779297 -0.12756348
vn -0.08898926 0.98779297 -0.12756348
vn -0.08898926 0.98779297 -0.12756348
vn 0.17126465 0.17712402 -0.9692383
vn 0.17126465 0.17712402 -0.9692383
vn 0.17126465 0.17712402 -0.9692383
vn 0.17126465 0.17712402 -0.9692383
vn 0.99902344 -0.033081055 -0.028961182
vn 0.99902344 -0.033081055 -0.028961182
vn 0.99902344 -0.033081055 -0.028961182
vn 0.99902344 -0.033081055 -0.028961182
vn -0.0006098747 0.99902344 0.044128418
vn -0.0006098747 0.99902344 0.044128418
vn -0.0006098747 0.99902344 0.044128418
vn -0.0006098747 0.99902344 0.044128418
vn 0.0027160645 0.99902344 0.045043945
vn 0.0027160645 0.99902344 0.045043945
vn 0.0027160645 0.99902344 0.045043945
vn 0.20483398 0.13720703 -0.9692383
vn 0.20483398 0.13720703 -0.9692383
vn 0.20483398 0.13720703 -0.9692383
vn 0.20483398 0.13720703 -0.9692383
vn -0.15307617 0.12866211 -0.97998047
vn -0.15307617 0.12866211 -0.97998047
vn -0.15307617 0.12866211 -0.97998047
vn -0.15307617 0.12866211 -0.97998047
vn -0.9975586 0.0154418945 -0.066345215
vn -0.9975586 0.0154418945 -0.066345215
vn -0.9975586 0.0154418945 -0.066345215
vn -0.9975586 0.0154418945 -0.066345215
vn -0.032714844 0.9970703 -0.066223145
vn -0.032714844 0.9970703 -0.066223145
vn -0.032714844 0.9970703 -0.066223145
vn -0.032714844 0.9970703 -0.066223145
vn -0.037506104 0.9951172 -0.091308594
vn 0.9941406 0.109558105 -0.012184143
vn 0.9941406 0.109558105 -0.012184143
vn 0.9941406 0.109558105 -0.012184143
vn 0.9941406 0.109558105 -0.012184143
vn 0.016448975 0.17016602 -0.98535156
vn 0.016448975 0.17016602 -0.98535156
vn 0.016448975 0.17016602 -0.98535156
vn 0.016448975 0.17016602 -0.98535156
vn -0.03050232 0.9995117 -0.007217407
vn -0.03050232 0.9995117 -0.007217407
vn -0.03050232 0.9995117 -0.007217407
vn -0.03050232 0.9995117 -0.007217407
vn 0.06201172 0.9980469 -0.0045928955
vn 0.06201172 0.9980469 -0.0045928955
vn 0.06201172 0.9980469 -0.0045928955
vn 0.06201172 0.9980469 -0.0045928955
vn 0.15026855 0.9819336 0.11627197
vn 0.15026855 0.9819336 0.11627197
vn 0.15026855 0.9819336 0.11627197
vn 0.15026855 0.9819336 0.11627197
vn -0.019317627 0.9741211 0.22424316
vn -0.019317627 0.9741211 0.22424316
vn -0.019317627 0.9741211 0.22424316
vn -0.019317627 0.9741211 0.22424316
vn -0.12072754 0.9033203 0.4111328
vn -0.12072754 0.9033203 0.4111328
vn -0.12072754 0.9033203 0.4111328
vn -0.12072754 0.9033203 0.4111328
vn 0.008308411 1 -0.014968872
vn 0.008308411 1 -0.014968872
vn 0.008308411 1 -0.014968872
vn 0.008308411 1 -0.014968872
vn -0.26245117 0.96435547 -0.031280518
vn -0.26245117 0.96435547 -0.031280518
vn -0.26245117 0.96435547 -0.031280518
vn -0.26245117 0.96435547 -0.031280518
vn 0.049865723 0.9658203 0.25390625
vn 0.049865723 0.9658203 0.25390625
vn 0.049865723 0.9658203 0.25390625
vn 0.049865723 0.9658203 0.25390625
vn -0.047943115 0.9692383 0.24230957
vn -0.047943115 0.9692383 0.24230957
vn -0.047943115 0.9692383 0.24230957
vn -0.047943115 0.9692383 0.24230957
vn -0.12548828 0.9580078 0.25805664
vn -0.12548828 0.9580078 0.25805664
vn -0.12548828 0.9580078 0.25805664
vn -0.12548828 0.9580078 0.25805664
vn 0.1307373 0.3154297 -0.9399414
vn 0.1307373 0.3154297 -0.9399414
vn 0.1307373 0.3154297 -0.9399414
vn 0.1307373 0.3154297 -0.9399414
vn -0.5395508 0.18359375 -0.82177734
vn -0.5395508 0.18359375 -0.82177734
vn -0.5395508 0.18359375 -0.82177734
vn -0.5395508 0.18359375 -0.82177734
vn -0.017578125 0.14868164 -0.98876953
vn -0.017578125 0.14868164 -0.98876953
vn -0.017578125 0.14868164 -0.98876953
vn -0.017578125 0.14868164 -0.98876953
vn -0.090270996 0.27368164 -0.95751953
vn -0.090270996 0.27368164 -0.95751953
vn -0.090270996 0.27368164 -0.95751953
vn -0.090270996 0.27368164 -0.95751953
vn 0.13684082 0.33520508 -0.9321289
vn 0.13684082 0.33520508 -0.9321289
vn 0.13684082 0.33520508 -0.9321289
vn 0.13684082 0.33520508 -0.9321289
vn 0.1227417 0.3232422 -0.93847656
vn 0.1227417 0.3232422 -0.93847656
vn 0.1227417 0.3232422 -0.93847656
vn 0.09008789 0.9868164 -0.13464355
vn 0.09008789 0.9868164 -0.13464355
vn 0.09008789 0.9868164 -0.13464355
vn 0.09008789 0.9868164 -0.13464355
vn -0.14172363 0.26733398 -0.953125
vn -0.14172363 0.26733398 -0.953125
vn -0.14172363 0.26733398 -0.953125
vn -0.14172363 0.26733398 -0.953125
vn 0.0020618439 0.9921875 -0.12365723
vn 0.0020618439 0.9921875 -0.12365723
vn 0.0020618439 0.9921875 -0.12365723
vn 0.0020618439 0.9921875 -0.12365723
vn 0.01461792 0.9995117 0.017120361
vn 0.01461792 0.9995117 0.017120361
vn 0.01461792 0.9995117 0.017120361
vn 0.01461792 0.9995117 0.017120361
vn -0.11468506 0.9604492 -0.25390625
vn -0.11468506 0.9604492 -0.25390625
vn -0.11468506 0.9604492 -0.25390625
vn -0.11468506 0.9604492 -0.25390625
vn -0.23913574 0.17126465 -0.9555664
vn -0.23913574 0.17126465 -0.9555664
vn -0.23913574 0.17126465 -0.9555664
vn -0.23913574 0.17126465 -0.9555664
vn 0.013092041 0.07550049 -0.9970703
vn 0.013092041 0.07550049 -0.9970703
vn 0.013092041 0.07550049 -0.9970703
vn 0.013092041 0.07550049 -0.9970703
vn -0.33422852 0.12072754 -0.9345703
vn -0.33422852 0.12072754 -0.9345703
vn -0.33422852 0.12072754 -0.9345703
vn -0.33422852 0.12072754 -0.9345703
vn -0.02947998 0.9970703 -0.067993164
vn -0.02947998 0.9970703 -0.067993164
vn -0.02947998 0.9970703 -0.067993164
vn -0.02947998 0.9970703 -0.067993164
vn -0.008918762 0.99658203 -0.079711914
vn 0.013427734 0.99902344 -0.042907715
vn 0.013427734 0.99902344 -0.042907715
vn 0.013427734 0.99902344 -0.042907715
vn 0.013427734 0.99902344 -0.042907715
vn -0.33007812 0.17614746 -0.9272461
vn -0.33007812 0.17614746 -0.9272461
vn -0.33007812 0.17614746 -0.9272461
vn -0.33007812 0.17614746 -0.9272461
vn 0.008087158 0.9897461 -0.1418457
vn 0.008087158 0.9897461 -0.1418457
vn 0.008087158 0.9897461 -0.1418457
vn 0.008087158 0.9897461 -0.1418457
vn 0.27929688 0.11218262 -0.9536133
vn 0.27929688 0.11218262 -0.9536133
vn 0.27929688 0.11218262 -0.9536133
vn 0.27929688 0.11218262 -0.9536133
vn 0.21557617 0.059753418 -0.9746094
vn 0.21557617 0.059753418 -0.9746094
vn 0.21557617 0.059753418 -0.9746094
vn 0.21557617 0.059753418 -0.9746094
vn -0.00040841103 1 -0.0023517609
vn -0.00040841103 1 -0.0023517609
vn -0.00040841103 1 -0.0023517609
vn -0.00040841103 1 -0.0023517609
vn -0.032226562 0.1126709 -0.99316406
vn -0.032226562 0.1126709 -0.99316406
vn -0.032226562 0.1126709 -0.99316406
vn -0.032226562 0.1126709 -0.99316406
vn 0.010177612 0.99658203 -0.08270264
vn 0.010177612 0.99658203 -0.08270264
vn 0.010177612 0.99658203 -0.08270264
vn 0.010177612 0.99658203 -0.08270264
vn 0.03604126 -0.08325195 -0.99609375
vn 0.03604126 -0.08325195 -0.99609375
vn 0.03604126 -0.08325195 -0.99609375
vn 0.03604126 -0.08325195 -0.99609375
vn -0.0032138824 1 -0.009750366
vn -0.0032138824 1 -0.009750366
vn -0.0032138824 1 -0.009750366
vn -0.0032138824 1 -0.009750366
vn 0.9682617 0.18835449 -0.1640625
vn 0.9682617 0.18835449 -0.1640625
vn 0.9682617 0.18835449 -0.1640625
vn 0.9682617 0.18835449 -0.1640625
vn 0.015625 0.08905029 -0.99609375
vn 0.015625 0.08905029 -0.99609375
vn 0.015625 0.08905029 -0.99609375
vn 0.015625 0.08905029 -0.99609375
vn -0.99365234 -0.0670166 0.09106445
vn -0.99365234 -0.0670166 0.09106445
vn -0.99365234 -0.0670166 0.09106445
vn -0.99365234 -0.0670166 0.09106445
vn 0.17126465 -0.17822266 -0.96875
vn 0.17126465 -0.17822266 -0.96875
vn 0.17126465 -0.17822266 -0.96875
vn 0.17126465 -0.17822266 -0.96875
vn 0.15686035 0.9873047 0.02319336
vn 0.15686035 0.9873047 0.02319336
vn 0.15686035 0.9873047 0.02319336
vn 0.15686035 0.9873047 0.02319336
vn -0.13256836 0.14880371 -0.97998047
vn -0.13256836 0.14880371 -0.97998047
vn -0.13256836 0.14880371 -0.97998047
vn -0.13256836 0.14880371 -0.97998047
vn -0.75146484 0.28149414 0.5966797
vn -0.75146484 0.28149414 0.5966797
vn -0.75146484 0.28149414 0.5966797
vn -0.75146484 0.28149414 0.5966797
vn 0.27416992 -0.07019043 0.9589844
vn 0.27416992 -0.07019043 0.9589844
vn 0.27416992 -0.07019043 0.9589844
vn 0.27416992 -0.07019043 0.9589844
vn 0.0016365051 0.9897461 0.14147949
vn 0.0016365051 0.9897461 0.14147949
vn 0.0016365051 0.9897461 0.14147949
vn 0.0016365051 0.9897461 0.14147949
vn -0.0115737915 0.86572266 0.5
vn -0.0115737915 0.86572266 0.5
vn -0.0115737915 0.86572266 0.5
vn -0.0115737915 0.86572266 0.5
vn -0.012992859 1 0.0041770935
vn -0.012992859 1 0.0041770935
vn -0.012992859 1 0.0041770935
vn -0.012992859 1 0.0041770935
vn 0.022064209 0.9995117 -0.012046814
vn 0.022064209 0.9995117 -0.012046814
vn 0.022064209 0.9995117 -0.012046814
vn 0.022064209 0.9995117 -0.012046814
vn 0.19104004 0.98095703 -0.029403687
vn 0.19104004 0.98095703 -0.029403687
vn 0.19104004 0.98095703 -0.029403687
vn 0.19104004 0.98095703 -0.029403687
vn 0.9628906 0.026367188 -0.26879883
vn 0.9628906 0.026367188 -0.26879883
vn 0.9628906 0.026367188 -0.26879883
vn 0.9628906 0.026367188 -0.26879883
vn 0.049102783 0.7558594 -0.65283203
vn 0.049102783 0.7558594 -0.65283203
vn 0.049102783 0.7558594 -0.65283203
vn 0.049102783 0.7558594 -0.65283203
vn 0.18371582 0.0703125 -0.98046875
vn 0.18371582 0.0703125 -0.98046875
vn 0.18371582 0.0703125 -0.98046875
vn 0.18371582 0.0703125 -0.98046875
vn 0.0102005005 0.9995117 -0.021011353
vn 0.0102005005 0.9995117 -0.021011353
vn 0.0102005005 0.9995117 -0.021011353
vn 0.0102005005 0.9995117 -0.021011353
vn -0.008178711 0.9995117 -0.023345947
vn -0.008178711 0.9995117 -0.023345947
vn -0.008178711 0.9995117 -0.023345947
vn -0.008178711 0.9995117 -0.023345947
vn -0.36206055 0.30151367 0.88183594
vn -0.36206055 0.30151367 0.88183594
vn -0.36206055 0.30151367 0.88183594
vn -0.36206055 0.30151367 0.88183594
vn -0.99609375 0.08288574 -0.029449463
vn -0.99609375 0.08288574 -0.029449463
vn -0.99609375 0.08288574 -0.029449463
vn -0.99609375 0.08288574 -0.029449463
vn -0.05670166 0.9980469 0.020263672
vn -0.05670166 0.9980469 0.020263672
vn -0.05670166 0.9980469 0.020263672
vn -0.05670166 0.9980469 0.020263672
vn -0.010169983 0.13696289 -0.99072266
vn -0.010169983 0.13696289 -0.99072266
vn -0.010169983 0.13696289 -0.99072266
vn -0.010169983 0.13696289 -0.99072266
vn 0.0061073303 0.9970703 -0.07873535
vn 0.0061073303 0.9970703 -0.07873535
vn 0.0061073303 0.9970703 -0.07873535
vn 0.0061073303 0.9970703 -0.07873535
vn 0.11004639 0.2084961 -0.9716797
vn 0.11004639 0.2084961 -0.9716797
vn 0.11004639 0.2084961 -0.9716797
vn 0.11004639 0.2084961 -0.9716797
vn -0.081848145 0.99560547 -0.042877197
vn -0.081848145 0.99560547 -0.042877197
vn -0.081848145 0.99560547 -0.042877197
vn -0.081848145 0.99560547 -0.042877197
vn -0.16247559 0.3166504 -0.9345703
vn -0.16247559 0.3166504 -0.9345703
vn -0.16247559 0.3166504 -0.9345703
vn -0.16247559 0.3166504 -0.9345703
vn -0.4338379 0.014518738 -0.9008789
vn -0.4338379 0.014518738 -0.9008789
vn -0.4338379 0.014518738 -0.9008789
vn -0.4338379 0.014518738 -0.9008789
vn -0.46313477 0.7993164 -0.38305664
vn -0.46313477 0.7993164 -0.38305664
vn -0.46313477 0.7993164 -0.38305664
vn -0.46313477 0.7993164 -0.38305664
vn 0.00018572807 1 0.016296387
vn 0.00018572807 1 0.016296387
vn 0.00018572807 1 0.016296387
vn 0.00018572807 1 0.016296387
vn 0.008811951 0.99902344 0.037628174
vn 0.008811951 0.99902344 0.037628174
vn 0.008811951 0.99902344 0.037628174
vn -0.036621094 0.10144043 -0.9941406
vn -0.036621094 0.10144043 -0.9941406
vn -0.036621094 0.10144043 -0.9941406
vn -0.036621094 0.10144043 -0.9941406
vn -0.026901245 0.059295654 -0.9980469
vn -0.026901245 0.059295654 -0.9980469
vn -0.026901245 0.059295654 -0.9980469
vn 0.010070801 0.9926758 -0.12017822
vn 0.010070801 0.9926758 -0.12017822
vn 0.010070801 0.9926758 -0.12017822
vn 0.010070801 0.9926758 -0.12017822
vn 0.011642456 0.013336182 -1
vn 0.011642456 0.013336182 -1
vn 0.011642456 0.013336182 -1
vn 0.025146484 -0.0025177002 -0.9995117
vn 0.025146484 -0.0025177002 -0.9995117
vn 0.13903809 0.10083008 -0.98535156
vn 0.13903809 0.10083008 -0.98535156
vn 0.13903809 0.10083008 -0.98535156
vn 0.13903809 0.10083008 -0.98535156
vn -0.011734009 0.9975586 0.06921387
vn -0.011734009 0.9975586 0.06921387
vn -0.011734009 0.9975586 0.06921387
vn -0.011734009 0.9975586 0.06921387
vn -0.10510254 0.9560547 0.27416992
vn -0.10510254 0.9560547 0.27416992
vn -0.10510254 0.9560547 0.27416992
vn -0.10510254 0.9560547 0.27416992
vn -0.99316406 0.036590576 -0.109375
vn -0.99316406 0.036590576 -0.109375
vn -0.99316406 0.036590576 -0.109375
vn -0.99316406 0.036590576 -0.109375
vn 0.03265381 0.9404297 0.33813477
vn 0.03265381 0.9404297 0.33813477
vn 0.03265381 0.9404297 0.33813477
vn 0.03265381 0.9404297 0.33813477
vn -0.016464233 0.30371094 -0.9526367
vn -0.016464233 0.30371094 -0.9526367
vn -0.016464233 0.30371094 -0.9526367
vn -0.016464233 0.30371094 -0.9526367
vn 0.06390381 0.46044922 -0.8852539
vn 0.06390381 0.46044922 -0.8852539
vn 0.06390381 0.46044922 -0.8852539
vn 0.06390381 0.46044922 -0.8852539
vn 0.033081055 0.99853516 0.039978027
vn 0.033081055 0.99853516 0.039978027
vn 0.033081055 0.99853516 0.039978027
vn 0.033081055 0.99853516 0.039978027
vn -0.007671356 1 -0.005886078
vn -0.007671356 1 -0.005886078
vn -0.007671356 1 -0.005886078
vn -0.007671356 1 -0.005886078
vn 0.074035645 0.07684326 -0.9941406
vn 0.074035645 0.07684326 -0.9941406
vn 0.074035645 0.07684326 -0.9941406
vn 0.074035645 0.07684326 -0.9941406
vn -0.01687622 1 0.007881165
vn -0.01687622 1 0.007881165
vn -0.01687622 1 0.007881165
vn -0.01687622 1 0.007881165
vn 0.061645508 0.9980469 -0.0049552917
vn 0.061645508 0.9980469 -0.0049552917
vn 0.061645508 0.9980469 -0.0049552917
vn 0.061645508 0.9980469 -0.0049552917
vn 0.21826172 0.8144531 -0.53759766
vn 0.21826172 0.8144531 -0.53759766
vn 0.21826172 0.8144531 -0.53759766
vn 0.21826172 0.8144531 -0.53759766
vn 0.08282471 0.5839844 -0.8076172
vn 0.08282471 0.5839844 -0.8076172
vn 0.08282471 0.5839844 -0.8076172
vn 0.08282471 0.5839844 -0.8076172
vn 0.87353516 -0.015182495 -0.48657227
vn 0.87353516 -0.015182495 -0.48657227
vn 0.87353516 -0.015182495 -0.48657227
vn 0.87353516 -0.015182495 -0.48657227
vn 0.5546875 0.82177734 -0.13061523
vn 0.5546875 0.82177734 -0.13061523
vn 0.5546875 0.82177734 -0.13061523
vn 0.5546875 0.82177734 -0.13061523
vn 0.9477539 0.1998291 -0.24816895
vn 0.9477539 0.1998291 -0.24816895
vn 0.9477539 0.1998291 -0.24816895
vn 0.9477539 0.1998291 -0.24816895
vn 0.081970215 -0.67285156 -0.73535156
vn 0.081970215 -0.67285156 -0.73535156
vn 0.081970215 -0.67285156 -0.73535156
vn 0.081970215 -0.67285156 -0.73535156
vn 0.8652344 0.16101074 -0.47509766
vn 0.8652344 0.16101074 -0.47509766
vn 0.8652344 0.16101074 -0.47509766
vn 0.8652344 0.16101074 -0.47509766
vn 0.7470703 0.07183838 0.6611328
vn 0.7470703 0.07183838 0.6611328
vn 0.7470703 0.07183838 0.6611328
vn 0.7470703 0.07183838 0.6611328
vn 0.96240234 0.23132324 -0.14343262
vn 0.96240234 0.23132324 -0.14343262
vn 0.96240234 0.23132324 -0.14343262
vn 0.96240234 0.23132324 -0.14343262
vn -0.7939453 -0.13183594 -0.59375
vn -0.7939453 -0.13183594 -0.59375
vn -0.7939453 -0.13183594 -0.59375
vn -0.7939453 -0.13183594 -0.59375
vn -0.87402344 0.1998291 -0.44262695
vn -0.87402344 0.1998291 -0.44262695
vn -0.87402344 0.1998291 -0.44262695
vn -0.87402344 0.1998291 -0.44262695
vn -0.89746094 0.38256836 -0.21923828
vn -0.89746094 0.38256836 -0.21923828
vn -0.89746094 0.38256836 -0.21923828
vn -0.89746094 0.38256836 -0.21923828
vn -0.88916016 0.4501953 -0.08258057
vn -0.88916016 0.4501953 -0.08258057
vn -0.88916016 0.4501953 -0.08258057
vn -0.88916016 0.4501953 -0.08258057
vn -0.049346924 0.67578125 0.73583984
vn -0.049346924 0.67578125 0.73583984
vn -0.049346924 0.67578125 0.73583984
vn -0.049346924 0.67578125 0.73583984
vn -0.03845215 0.79345703 0.6069336
vn -0.03845215 0.79345703 0.6069336
vn -0.03845215 0.79345703 0.6069336
vn -0.03845215 0.79345703 0.6069336
vn -0.05731201 0.9355469 -0.34887695
vn -0.05731201 0.9355469 -0.34887695
vn -0.05731201 0.9355469 -0.34887695
vn -0.05731201 0.9355469 -0.34887695
vn 0.027709961 0.94433594 -0.328125
vn 0.027709961 0.94433594 -0.328125
vn 0.027709961 0.94433594 -0.328125
vn 0.027709961 0.94433594 -0.328125
vn -0.059631348 0.074279785 -0.99560547
vn -0.059631348 0.074279785 -0.99560547
vn -0.059631348 0.074279785 -0.99560547
vn -0.059631348 0.074279785 -0.99560547
vn 0.7763672 0.28076172 0.5644531
vn 0.7763672 0.28076172 0.5644531
vn 0.7763672 0.28076172 0.5644531
vn 0.7763672 0.28076172 0.5644531
vn 0.012832642 1 0.016326904
vn 0.012832642 1 0.016326904
vn 0.012832642 1 0.016326904
vn 0.012832642 1 0.016326904
vn 0.0057792664 1 -0.011703491
vn -0.039154053 0.99902344 -0.016067505
vn 0.0057792664 1 -0.011703491
vn -0.039154053 0.99902344 -0.016067505
vn -0.0049743652 0.9995117 -0.023864746
vn -0.039154053 0.99902344 -0.016067505
vn -0.0049743652 0.9995117 -0.023864746
vn -0.0049743652 0.9995117 -0.023864746
vn -0.0049743652 0.9995117 -0.023864746
vn -0.0058021545 1 0.0062179565
vn -0.0058021545 1 0.0062179565
vn 0.96435547 0.25463867 0.0692749
vn 0.96435547 0.25463867 0.0692749
vn 0.96435547 0.25463867 0.0692749
vn 0.96435547 0.25463867 0.0692749
vn 0.16247559 0.98583984 -0.043060303
vn 0.16247559 0.98583984 -0.043060303
vn 0.16247559 0.98583984 -0.043060303
vn 0.16247559 0.98583984 -0.043060303
vn 0.7421875 0.13208008 0.65722656
vn 0.7421875 0.13208008 0.65722656
vn 0.7421875 0.13208008 0.65722656
vn 0.7421875 0.13208008 0.65722656
vn 0.50683594 0.03817749 0.86083984
vn 0.50683594 0.03817749 0.86083984
vn 0.50683594 0.03817749 0.86083984
vn 0.50683594 0.03817749 0.86083984
vn -0.63134766 0.44677734 -0.63427734
vn -0.63134766 0.44677734 -0.63427734
vn -0.63134766 0.44677734 -0.63427734
vn -0.63134766 0.44677734 -0.63427734
vn 0.75878906 0.122924805 0.63964844
vn 0.75878906 0.122924805 0.63964844
vn 0.75878906 0.122924805 0.63964844
vn 0.75878906 0.122924805 0.63964844
vn 0.056396484 0.9892578 0.13427734
vn 0.056396484 0.9892578 0.13427734
vn 0.056396484 0.9892578 0.13427734
vn 0.056396484 0.9892578 0.13427734
vn 0.6464844 0.15307617 0.7475586
vn 0.6464844 0.15307617 0.7475586
vn 0.6464844 0.15307617 0.7475586
vn 0.6464844 0.15307617 0.7475586
vn 0.0071105957 1 0.0044441223
vn 0.0071105957 1 0.0044441223
vn 0.0071105957 1 0.0044441223
vn 0.0071105957 1 0.0044441223
vn -0.011123657 0.9995117 -0.026794434
vn -0.011123657 0.9995117 -0.026794434
vn 0.73339844 0.11022949 0.67041016
vn 0.73339844 0.11022949 0.67041016
vn 0.73339844 0.11022949 0.67041016
vn 0.73339844 0.11022949 0.67041016
vn 0.7324219 0.12298584 0.6694336
vn 0.7324219 0.12298584 0.6694336
vn 0.7324219 0.12298584 0.6694336
vn -0.7583008 0.10003662 -0.64453125
vn -0.7583008 0.10003662 -0.64453125
vn -0.7583008 0.10003662 -0.64453125
vn -0.7583008 0.10003662 -0.64453125
vn -0.53125 0.019805908 -0.84716797
vn -0.53125 0.019805908 -0.84716797
vn -0.53125 0.019805908 -0.84716797
vn -0.53125 0.019805908 -0.84716797
vn -0.64501953 0.042419434 -0.7631836
vn -0.64501953 0.042419434 -0.7631836
vn -0.64501953 0.042419434 -0.7631836
vn -0.64501953 0.042419434 -0.7631836
vn -0.6826172 0.06121826 -0.7285156
vn -0.6826172 0.06121826 -0.7285156
vn -0.6826172 0.06121826 -0.7285156
vn -0.6826172 0.06121826 -0.7285156
vn -0.84765625 0.15014648 -0.50878906
vn -0.84765625 0.15014648 -0.50878906
vn -0.84765625 0.15014648 -0.50878906
vn -0.84765625 0.15014648 -0.50878906
vn -0.97753906 0.20996094 0.0065345764
vn -0.97753906 0.20996094 0.0065345764
vn -0.97753906 0.20996094 0.0065345764
vn -0.97753906 0.20996094 0.0065345764
vn -0.7167969 0.28027344 -0.6386719
vn -0.7167969 0.28027344 -0.6386719
vn -0.7167969 0.28027344 -0.6386719
vn -0.7167969 0.28027344 -0.6386719
vn -0.006046295 0.9995117 0.027755737
vn -0.006046295 0.9995117 0.027755737
vn -0.006046295 0.9995117 0.027755737
vn -0.006046295 0.9995117 0.027755737
vn -0.2697754 0.9350586 -0.23022461
vn -0.2697754 0.9350586 -0.23022461
vn -0.2697754 0.9350586 -0.23022461
vn -0.2697754 0.9350586 -0.23022461
vn -0.20751953 0.97509766 -0.07525635
vn -0.20751953 0.97509766 -0.07525635
vn -0.20751953 0.97509766 -0.07525635
vn -0.20751953 0.97509766 -0.07525635
vn -0.1829834 0.9824219 0.041809082
vn -0.1829834 0.9824219 0.041809082
vn -0.1829834 0.9824219 0.041809082
vn -0.1829834 0.9824219 0.041809082
vn 0.018600464 0.9970703 -0.07678223
vn 0.018600464 0.9970703 -0.07678223
vn 0.018600464 0.9970703 -0.07678223
vn 0.018600464 0.9970703 -0.07678223
vn -0.08288574 0.98828125 -0.12939453
vn -0.08288574 0.98828125 -0.12939453
vn -0.08288574 0.98828125 -0.12939453
vn -0.08288574 0.98828125 -0.12939453
vn -0.99316406 -0.01234436 0.11529541
vn -0.99316406 -0.01234436 0.11529541
vn -0.99316406 -0.01234436 0.11529541
vn -0.99316406 -0.01234436 0.11529541
vn -0.4802246 0.73876953 -0.47265625
vn -0.4802246 0.73876953 -0.47265625
vn -0.4802246 0.73876953 -0.47265625
vn -0.4802246 0.73876953 -0.47265625
vn -0.19335938 0.96972656 -0.15014648
vn -0.19335938 0.96972656 -0.15014648
vn -0.19335938 0.96972656 -0.15014648
vn -0.19335938 0.96972656 -0.15014648
vn -0.65185547 0.1850586 -0.73535156
vn -0.65185547 0.1850586 -0.73535156
vn -0.65185547 0.1850586 -0.73535156
vn -0.65185547 0.1850586 -0.73535156
vn 0.10748291 0.92626953 -0.36108398
vn 0.10748291 0.92626953 -0.36108398
vn 0.10748291 0.92626953 -0.36108398
vn 0.10748291 0.92626953 -0.36108398
vn 0.7661133 0.09466553 0.6357422
vn 0.7661133 0.09466553 0.6357422
vn 0.7661133 0.09466553 0.6357422
vn 0.7661133 0.09466553 0.6357422
vn 0.94677734 0.16113281 0.27929688
vn 0.94677734 0.16113281 0.27929688
vn 0.94677734 0.16113281 0.27929688
vn 0.94677734 0.16113281 0.27929688
vn 0.15612793 0.9785156 0.1340332
vn 0.15612793 0.9785156 0.1340332
vn 0.15612793 0.9785156 0.1340332
vn 0.15612793 0.9785156 0.1340332
vn 0.7548828 0.26953125 0.59765625
vn 0.7548828 0.26953125 0.59765625
vn 0.7548828 0.26953125 0.59765625
vn 0.7548828 0.26953125 0.59765625
vn 0.8203125 0.2746582 -0.50146484
vn 0.8203125 0.2746582 -0.50146484
vn 0.8203125 0.2746582 -0.50146484
vn 0.8203125 0.2746582 -0.50146484
vn 0.013328552 0.96777344 0.25170898
vn 0.013328552 0.96777344 0.25170898
vn 0.013328552 0.96777344 0.25170898
vn 0.013328552 0.96777344 0.25170898
vn 0.66259766 -0.10876465 0.74121094
vn 0.66259766 -0.10876465 0.74121094
vn 0.66259766 -0.10876465 0.74121094
vn 0.66259766 -0.10876465 0.74121094
vn -0.3798828 -0.025268555 0.9248047
vn -0.3798828 -0.025268555 0.9248047
vn -0.3798828 -0.025268555 0.9248047
vn -0.3798828 -0.025268555 0.9248047
vn 0.76660156 0.059814453 0.63916016
vn 0.76660156 0.059814453 0.63916016
vn 0.76660156 0.059814453 0.63916016
vn 0.76660156 0.059814453 0.63916016
vn 0.5566406 0.19360352 0.80810547
vn 0.5566406 0.19360352 0.80810547
vn 0.5566406 0.19360352 0.80810547
vn 0.5566406 0.19360352 0.80810547
vn 0.5908203 0.07458496 0.80322266
vn 0.5908203 0.07458496 0.80322266
vn 0.5908203 0.07458496 0.80322266
vn 0.5908203 0.07458496 0.80322266
vn 0.8457031 0.035980225 0.53271484
vn 0.8457031 0.035980225 0.53271484
vn 0.8457031 0.035980225 0.53271484
vn 0.8457031 0.035980225 0.53271484
vn 0.84277344 0.019638062 0.53808594
vn 0.84277344 0.019638062 0.53808594
vn 0.84277344 0.019638062 0.53808594
vn 0.10424805 0.98828125 0.112854004
vn 0.10424805 0.98828125 0.112854004
vn 0.10424805 0.98828125 0.112854004
vn 0.10424805 0.98828125 0.112854004
vn 0.19091797 0.98046875 0.04449463
vn 0.19091797 0.98046875 0.04449463
vn 0.19091797 0.98046875 0.04449463
vn 0.19091797 0.98046875 0.04449463
vn 0.5961914 0.012962341 0.8027344
vn 0.5961914 0.012962341 0.8027344
vn 0.5961914 0.012962341 0.8027344
vn 0.5961914 0.012962341 0.8027344
vn -0.14050293 0.9350586 0.32592773
vn -0.14050293 0.9350586 0.32592773
vn -0.14050293 0.9350586 0.32592773
vn -0.14050293 0.9350586 0.32592773
vn 0.74316406 0.44262695 -0.50146484
vn 0.74316406 0.44262695 -0.50146484
vn 0.74316406 0.44262695 -0.50146484
vn 0.74316406 0.44262695 -0.50146484
vn 0.12371826 0.98046875 0.15197754
vn 0.12371826 0.98046875 0.15197754
vn 0.12371826 0.98046875 0.15197754
vn 0.12371826 0.98046875 0.15197754
vn 0.34838867 0.8647461 0.3623047
vn 0.34838867 0.8647461 0.3623047
vn 0.34838867 0.8647461 0.3623047
vn 0.34838867 0.8647461 0.3623047
vn -0.30932617 0.101135254 0.9458008
vn -0.30932617 0.101135254 0.9458008
vn -0.30932617 0.101135254 0.9458008
vn -0.30932617 0.101135254 0.9458008
vn -0.7836914 0.078125 -0.6166992
vn -0.7836914 0.078125 -0.6166992
vn -0.7836914 0.078125 -0.6166992
vn -0.7836914 0.078125 -0.6166992
vn -0.7216797 -0.0039749146 -0.69189453
vn -0.7216797 -0.0039749146 -0.69189453
vn -0.7216797 -0.0039749146 -0.69189453
vn -0.7216797 -0.0039749146 -0.69189453
vn -0.71875 0.01461792 -0.6948242
vn -0.71875 0.01461792 -0.6948242
vn -0.8388672 0.09899902 -0.53515625
vn -0.8388672 0.09899902 -0.53515625
vn -0.8388672 0.09899902 -0.53515625
vn -0.8388672 0.09899902 -0.53515625
vn -0.64746094 0.40283203 -0.6464844
vn -0.64746094 0.40283203 -0.6464844
vn -0.64746094 0.40283203 -0.6464844
vn -0.64746094 0.40283203 -0.6464844
vn -0.60058594 0.3786621 0.70458984
vn -0.60058594 0.3786621 0.70458984
vn -0.60058594 0.3786621 0.70458984
vn -0.60058594 0.3786621 0.70458984
vn 0.5332031 0.09613037 -0.8408203
vn 0.5332031 0.09613037 -0.8408203
vn 0.5332031 0.09613037 -0.8408203
vn 0.5332031 0.09613037 -0.8408203
vn 0.08605957 0.98583984 -0.14501953
vn 0.08605957 0.98583984 -0.14501953
vn 0.08605957 0.98583984 -0.14501953
vn 0.08605957 0.98583984 -0.14501953
vn -0.7597656 0.045898438 -0.6484375
vn -0.7597656 0.045898438 -0.6484375
vn -0.7597656 0.045898438 -0.6484375
vn -0.7597656 0.045898438 -0.6484375
vn -0.59472656 0.20458984 -0.77783203
vn -0.59472656 0.20458984 -0.77783203
vn -0.59472656 0.20458984 -0.77783203
vn -0.59472656 0.20458984 -0.77783203
vn -0.2770996 0.92871094 -0.24658203
vn -0.2770996 0.92871094 -0.24658203
vn -0.2770996 0.92871094 -0.24658203
vn -0.2770996 0.92871094 -0.24658203
vn -0.7573242 0.0012903214 -0.65283203
vn -0.7573242 0.0012903214 -0.65283203
vn -0.7573242 0.0012903214 -0.65283203
vn -0.7573242 0.0012903214 -0.65283203
vn -0.87597656 0.050048828 -0.4794922
vn -0.87597656 0.050048828 -0.4794922
vn -0.87597656 0.050048828 -0.4794922
vn -0.87597656 0.050048828 -0.4794922
vn -0.74121094 0.52734375 0.41479492
vn -0.74121094 0.52734375 0.41479492
vn -0.74121094 0.52734375 0.41479492
vn -0.74121094 0.52734375 0.41479492
vn -0.5800781 0.107421875 -0.8076172
vn -0.5800781 0.107421875 -0.8076172
vn -0.5800781 0.107421875 -0.8076172
vn -0.5800781 0.107421875 -0.8076172
vn -0.011543274 1 -0.0140686035
vn -0.011543274 1 -0.0140686035
vn -0.011543274 1 -0.0140686035
vn -0.011543274 1 -0.0140686035
vn 0.7182617 0.07110596 -0.6923828
vn 0.7182617 0.07110596 -0.6923828
vn 0.7182617 0.07110596 -0.6923828
vn 0.7182617 0.07110596 -0.6923828
vn -0.2553711 0.03353882 -0.9663086
vn -0.2553711 0.03353882 -0.9663086
vn -0.2553711 0.03353882 -0.9663086
vn -0.2553711 0.03353882 -0.9663086
vn 0.7001953 -0.010246277 -0.7138672
vn 0.7001953 -0.010246277 -0.7138672
vn 0.7001953 -0.010246277 -0.7138672
vn 0.7001953 -0.010246277 -0.7138672
vn 0.15527344 0.9873047 0.03918457
vn 0.15527344 0.9873047 0.03918457
vn 0.15527344 0.9873047 0.03918457
vn 0.15527344 0.9873047 0.03918457
vn 0.10601807 0.9814453 0.16088867
vn 0.10601807 0.9814453 0.16088867
vn 0.10601807 0.9814453 0.16088867
vn 0.10601807 0.9814453 0.16088867
vn -0.28051758 0.8671875 -0.41137695
vn -0.28051758 0.8671875 -0.41137695
vn -0.28051758 0.8671875 -0.41137695
vn -0.28051758 0.8671875 -0.41137695
vn 0.8022461 0.048065186 0.59521484
vn 0.8022461 0.048065186 0.59521484
vn 0.8022461 0.048065186 0.59521484
vn 0.8022461 0.048065186 0.59521484
vn 0.8095703 0.17041016 0.56152344
vn 0.8095703 0.17041016 0.56152344
vn 0.8095703 0.17041016 0.56152344
vn 0.8095703 0.17041016 0.56152344
vn 0.7192383 0.07849121 0.6904297
vn 0.7192383 0.07849121 0.6904297
vn 0.7192383 0.07849121 0.6904297
vn 0.7192383 0.07849121 0.6904297
vn -0.72998047 0.020401001 -0.68310547
vn -0.72998047 0.020401001 -0.68310547
vn -0.72998047 0.020401001 -0.68310547
vn -0.72998047 0.020401001 -0.68310547
vn -0.78271484 0.101501465 -0.61376953
vn -0.78271484 0.101501465 -0.61376953
vn -0.78271484 0.101501465 -0.61376953
vn -0.78271484 0.101501465 -0.61376953
vn -0.7109375 0.082458496 -0.6982422
vn -0.7109375 0.082458496 -0.6982422
vn -0.7109375 0.082458496 -0.6982422
vn -0.7109375 0.082458496 -0.6982422
vn -0.6845703 0.0023937225 -0.7285156
vn -0.6845703 0.0023937225 -0.7285156
vn -0.6845703 0.0023937225 -0.7285156
vn -0.6845703 0.0023937225 -0.7285156
vn 0.7421875 0.2364502 0.6269531
vn 0.7421875 0.2364502 0.6269531
vn 0.7421875 0.2364502 0.6269531
vn 0.7421875 0.2364502 0.6269531
vn -0.5629883 0.75683594 -0.3322754
vn -0.5629883 0.75683594 -0.3322754
vn -0.5629883 0.75683594 -0.3322754
vn -0.5629883 0.75683594 -0.3322754
vn 0.2253418 0.96875 0.10229492
vn 0.2253418 0.96875 0.10229492
vn 0.2253418 0.96875 0.10229492
vn 0.2253418 0.96875 0.10229492
vn 0.23449707 0.890625 0.38989258
vn 0.23449707 0.890625 0.38989258
vn 0.23449707 0.890625 0.38989258
vn 0.23449707 0.890625 0.38989258
vn -0.15002441 0.984375 -0.091308594
vn -0.15002441 0.984375 -0.091308594
vn -0.15002441 0.984375 -0.091308594
vn -0.15002441 0.984375 -0.091308594
vn 0.018539429 0.99902344 -0.04196167
vn 0.018539429 0.99902344 -0.04196167
vn 0.018539429 0.99902344 -0.04196167
vn 0.018539429 0.99902344 -0.04196167
vn -0.14782715 0.9741211 -0.17150879
vn -0.14782715 0.9741211 -0.17150879
vn -0.14782715 0.9741211 -0.17150879
vn -0.14782715 0.9741211 -0.17150879
vn 0.67285156 0.3322754 0.66064453
vn 0.67285156 0.3322754 0.66064453
vn 0.67285156 0.3322754 0.66064453
vn 0.67285156 0.3322754 0.66064453
vn 0.6254883 0.016036987 0.77978516
vn 0.6254883 0.016036987 0.77978516
vn 0.6254883 0.016036987 0.77978516
vn 0.6254883 0.016036987 0.77978516
vn 0.7373047 0.0076179504 0.67529297
vn 0.7373047 0.0076179504 0.67529297
vn 0.7373047 0.0076179504 0.67529297
vn 0.7373047 0.0076179504 0.67529297
vn 0.5253906 0.7421875 0.41552734
vn 0.5253906 0.7421875 0.41552734
vn 0.5253906 0.7421875 0.41552734
vn 0.5253906 0.7421875 0.41552734
vn 0.953125 0.23803711 -0.18701172
vn 0.953125 0.23803711 -0.18701172
vn 0.953125 0.23803711 -0.18701172
vn 0.953125 0.23803711 -0.18701172
vn -0.004825592 0.98046875 0.19750977
vn -0.004825592 0.98046875 0.19750977
vn -0.004825592 0.98046875 0.19750977
vn -0.017089844 0.98046875 0.19592285
vn -0.017089844 0.98046875 0.19592285
vn -0.06561279 0.9980469 -0.00623703
vn -0.06561279 0.9980469 -0.00623703
vn -0.06561279 0.9980469 -0.00623703
vn -0.06561279 0.9980469 -0.00623703
vn -0.85253906 0.52246094 0.003824234
vn -0.85253906 0.52246094 0.003824234
vn -0.85253906 0.52246094 0.003824234
vn -0.85253906 0.52246094 0.003824234
vn 0.002368927 1 -0.0030078888
vn 0.002368927 1 -0.0030078888
vn 0.002368927 1 -0.0030078888
vn 0.002368927 1 -0.0030078888
vn -0.004814148 1 -0.0050354004
vn -0.004814148 1 -0.0050354004
vn -0.04071045 0.12573242 0.99121094
vn -0.04071045 0.12573242 0.99121094
vn -0.04071045 0.12573242 0.99121094
vn -0.04071045 0.12573242 0.99121094
vn -0.04159546 0.1239624 -0.99121094
vn -0.04159546 0.1239624 -0.99121094
vn -0.04159546 0.1239624 -0.99121094
vn -0.04159546 0.1239624 -0.99121094
vn 0.07324219 0.22351074 -0.97216797
vn 0.07324219 0.22351074 -0.97216797
vn 0.07324219 0.22351074 -0.97216797
vn 0.07324219 0.22351074 -0.97216797
vn -0.06896973 -0.009498596 0.9975586
vn -0.06896973 -0.009498596 0.9975586
vn -0.06896973 -0.009498596 0.9975586
vn -0.06896973 -0.009498596 0.9975586
vn -0.012611389 0.019729614 -0.9995117
vn -0.012611389 0.019729614 -0.9995117
vn -0.012611389 0.019729614 -0.9995117
vn -0.012611389 0.019729614 -0.9995117
vn -0.99609375 -0.09033203 -0.0012178421
vn -0.99609375 -0.09033203 -0.0012178421
vn -0.99609375 -0.09033203 -0.0012178421
vn -0.99609375 -0.09033203 -0.0012178421
vn -0.42407227 -0.9057617 -0.002313614
vn -0.42407227 -0.9057617 -0.002313614
vn -0.42407227 -0.9057617 -0.002313614
vn -0.42407227 -0.9057617 -0.002313614
vn -0.9892578 0.14709473 0.0021457672
vn -0.9892578 0.14709473 0.0021457672
vn -0.9892578 0.14709473 0.0021457672
vn -0.9892578 0.14709473 0.0021457672
vn -0.6484375 0.14538574 -0.7470703
vn -0.6484375 0.14538574 -0.7470703
vn -0.6484375 0.14538574 -0.7470703
vn -0.6484375 0.14538574 -0.7470703
vn -0.028717041 0.00041556358 -0.9995117
vn -0.028717041 0.00041556358 -0.9995117
vn -0.028717041 0.00041556358 -0.9995117
vn -0.028717041 0.00041556358 -0.9995117
vn -0.097473145 0.9868164 -0.1274414
vn -0.097473145 0.9868164 -0.1274414
vn -0.097473145 0.9868164 -0.1274414
vn -0.097473145 0.9868164 -0.1274414
vn 0.013999939 0.9873047 -0.15942383
vn 0.013999939 0.9873047 -0.15942383
vn 0.013999939 0.9873047 -0.15942383
vn 0.013999939 0.9873047 -0.15942383
vn 0.025756836 0.28710938 -0.95751953
vn 0.025756836 0.28710938 -0.95751953
vn 0.025756836 0.28710938 -0.95751953
vn 0.025756836 0.28710938 -0.95751953
vn 0.5078125 0.37817383 -0.7739258
vn 0.5078125 0.37817383 -0.7739258
vn 0.5078125 0.37817383 -0.7739258
vn 0.5078125 0.37817383 -0.7739258
vn 0.99316406 0.11682129 -0.0038585663
vn 0.99316406 0.11682129 -0.0038585663
vn 0.99316406 0.11682129 -0.0038585663
vn 0.99316406 0.11682129 -0.0038585663
vn 0.027420044 0.99316406 0.11230469
vn 0.027420044 0.99316406 0.11230469
vn 0.027420044 0.99316406 0.11230469
vn 0.027420044 0.99316406 0.11230469
vn -0.35009766 0.33447266 0.875
vn -0.35009766 0.33447266 0.875
vn -0.35009766 0.33447266 0.875
vn -0.35009766 0.33447266 0.875
vn -0.95947266 0.28198242 0.008743286
vn -0.95947266 0.28198242 0.008743286
vn -0.95947266 0.28198242 0.008743286
vn -0.95947266 0.28198242 0.008743286
vn -0.37646484 0.29785156 -0.8774414
vn -0.37646484 0.29785156 -0.8774414
vn -0.37646484 0.29785156 -0.8774414
vn -0.37646484 0.29785156 -0.8774414
vn -0.23901367 0.9711914 -0.003124237
vn -0.23901367 0.9711914 -0.003124237
vn -0.23901367 0.9711914 -0.003124237
vn -0.23901367 0.9711914 -0.003124237
vn 0.0020008087 1 0.0011396408
vn 0.0020008087 1 0.0011396408
vn 0.0020008087 1 0.0011396408
vn 0.0020008087 1 0.0011396408
vn -0.097351074 0.9951172 0.0012865067
vn -0.097351074 0.9951172 0.0012865067
vn -0.097351074 0.9951172 0.0012865067
vn -0.097351074 0.9951172 0.0012865067
vn 0.32373047 0.15917969 -0.9326172
vn 0.32373047 0.15917969 -0.9326172
vn 0.32373047 0.15917969 -0.9326172
vn 0.32373047 0.15917969 -0.9326172
vn -0.609375 0.16882324 -0.77441406
vn -0.609375 0.16882324 -0.77441406
vn -0.609375 0.16882324 -0.77441406
vn -0.609375 0.16882324 -0.77441406
vn -0.2512207 0.17651367 -0.95166016
vn -0.2512207 0.17651367 -0.95166016
vn -0.2512207 0.17651367 -0.95166016
vn -0.2512207 0.17651367 -0.95166016
vn -0.19750977 0.9555664 0.21887207
vn -0.19750977 0.9555664 0.21887207
vn -0.19750977 0.9555664 0.21887207
vn -0.19750977 0.9555664 0.21887207
vn -0.075683594 0.32666016 0.94189453
vn -0.075683594 0.32666016 0.94189453
vn -0.075683594 0.32666016 0.94189453
vn -0.075683594 0.32666016 0.94189453
vn -0.0012645721 1 0.0005235672
vn -0.0012645721 1 0.0005235672
vn -0.0012645721 1 0.0005235672
vn -0.0012645721 1 0.0005235672
vn 0.049804688 0.23486328 -0.9707031
vn 0.049804688 0.23486328 -0.9707031
vn 0.049804688 0.23486328 -0.9707031
vn 0.049804688 0.23486328 -0.9707031
vn 0.07965088 0.99121094 0.10461426
vn 0.07965088 0.99121094 0.10461426
vn 0.07965088 0.99121094 0.10461426
vn 0.07965088 0.99121094 0.10461426
vn 0.55859375 0.62646484 0.54345703
vn 0.55859375 0.62646484 0.54345703
vn 0.55859375 0.62646484 0.54345703
vn 0.55859375 0.62646484 0.54345703
vn -0.029174805 -0.34057617 0.9399414
vn -0.029174805 -0.34057617 0.9399414
vn -0.029174805 -0.34057617 0.9399414
vn -0.029174805 -0.34057617 0.9399414
vn 0.019714355 1 0.0039634705
vn 0.019714355 1 0.0039634705
vn 0.019714355 1 0.0039634705
vn 0.019714355 1 0.0039634705
vn 0.26660156 0.9638672 0.0040397644
vn 0.26660156 0.9638672 0.0040397644
vn 0.26660156 0.9638672 0.0040397644
vn 0.26660156 0.9638672 0.0040397644
vn -0.022262573 0.9995117 0.013214111
vn -0.022262573 0.9995117 0.013214111
vn -0.022262573 0.9995117 0.013214111
vn -0.022262573 0.9995117 0.013214111
vn 0.026290894 0.95166016 -0.30615234
vn 0.026290894 0.95166016 -0.30615234
vn 0.026290894 0.95166016 -0.30615234
vn 0.026290894 0.95166016 -0.30615234
vn -0.091552734 0.9819336 -0.16418457
vn -0.091552734 0.9819336 -0.16418457
vn -0.091552734 0.9819336 -0.16418457
vn -0.091552734 0.9819336 -0.16418457
vn -0.25219727 0.9038086 -0.34594727
vn -0.25219727 0.9038086 -0.34594727
vn -0.25219727 0.9038086 -0.34594727
vn -0.25219727 0.9038086 -0.34594727
vn -0.054504395 0.007221222 -0.99853516
vn -0.054504395 0.007221222 -0.99853516
vn -0.054504395 0.007221222 -0.99853516
vn -0.054504395 0.007221222 -0.99853516
vn -0.009780884 0.008071899 -1
vn -0.009780884 0.008071899 -1
vn -0.009780884 0.008071899 -1
vn 0.0637207 0.045532227 -0.9970703
vn 0.0637207 0.045532227 -0.9970703
vn 0.0637207 0.045532227 -0.9970703
vn 0.0637207 0.045532227 -0.9970703
vn 0.92529297 0.22241211 -0.3076172
vn 0.92529297 0.22241211 -0.3076172
vn 0.92529297 0.22241211 -0.3076172
vn 0.92529297 0.22241211 -0.3076172
vn 0.13977051 0.98339844 -0.11669922
vn 0.13977051 0.98339844 -0.11669922
vn 0.13977051 0.98339844 -0.11669922
vn 0.13977051 0.98339844 -0.11669922
vn -0.009429932 1 0.012390137
vn -0.009429932 1 0.012390137
vn -0.009429932 1 0.012390137
vn -0.009429932 1 0.012390137
vn 0.34448242 0.93896484 -0.0012769699
vn 0.34448242 0.93896484 -0.0012769699
vn 0.34448242 0.93896484 -0.0012769699
vn 0.34448242 0.93896484 -0.0012769699
vn 0.9448242 0.11077881 -0.3083496
vn 0.9448242 0.11077881 -0.3083496
vn 0.9448242 0.11077881 -0.3083496
vn 0.9448242 0.11077881 -0.3083496
vn 0.001824379 0.94970703 0.31274414
vn 0.001824379 0.94970703 0.31274414
vn 0.001824379 0.94970703 0.31274414
vn 0.001824379 0.94970703 0.31274414
vn -0.2006836 0.21740723 0.9550781
vn -0.2006836 0.21740723 0.9550781
vn -0.2006836 0.21740723 0.9550781
vn -0.2006836 0.21740723 0.9550781
vn -0.029464722 0.22875977 0.97314453
vn -0.029464722 0.22875977 0.97314453
vn -0.029464722 0.22875977 0.97314453
vn -0.029464722 0.22875977 0.97314453
vn -0.035888672 0.9995117 0.011329651
vn -0.035888672 0.9995117 0.011329651
vn -0.035888672 0.9995117 0.011329651
vn -0.035888672 0.9995117 0.011329651
vn -0.030822754 0.9428711 0.33129883
vn -0.030822754 0.9428711 0.33129883
vn -0.030822754 0.9428711 0.33129883
vn -0.030822754 0.9428711 0.33129883
vn 0.0104904175 1 -0.0037250519
vn 0.0104904175 1 -0.0037250519
vn 0.0104904175 1 -0.0037250519
vn 0.0104904175 1 -0.0037250519
vn -0.3605957 0.9326172 -0.0019836426
vn -0.3605957 0.9326172 -0.0019836426
vn -0.3605957 0.9326172 -0.0019836426
vn -0.3605957 0.9326172 -0.0019836426
vn -0.072387695 0.96972656 -0.23400879
vn -0.072387695 0.96972656 -0.23400879
vn -0.072387695 0.96972656 -0.23400879
vn -0.072387695 0.96972656 -0.23400879
vn 0.070251465 0.98339844 -0.16833496
vn 0.070251465 0.98339844 -0.16833496
vn 0.070251465 0.98339844 -0.16833496
vn 0.070251465 0.98339844 -0.16833496
vn -0.30004883 0.01348114 -0.9536133
vn -0.30004883 0.01348114 -0.9536133
vn -0.30004883 0.01348114 -0.9536133
vn -0.30004883 0.01348114 -0.9536133
vn -0.07470703 0.020217896 -0.9970703
vn -0.07470703 0.020217896 -0.9970703
vn -0.07470703 0.020217896 -0.9970703
vn -0.07470703 0.020217896 -0.9970703
vn -0.18640137 0.004169464 -0.9824219
vn -0.18640137 0.004169464 -0.9824219
vn -0.18640137 0.004169464 -0.9824219
vn -0.18640137 0.004169464 -0.9824219
vn -0.035247803 0.99072266 -0.1307373
vn -0.035247803 0.99072266 -0.1307373
vn -0.035247803 0.99072266 -0.1307373
vn -0.035247803 0.99072266 -0.1307373
vn 0.9863281 0.14233398 0.08087158
vn 0.9863281 0.14233398 0.08087158
vn 0.9863281 0.14233398 0.08087158
vn 0.9863281 0.14233398 0.08087158
vn 0.7495117 0.09423828 -0.65527344
vn 0.7495117 0.09423828 -0.65527344
vn 0.7495117 0.09423828 -0.65527344
vn 0.7495117 0.09423828 -0.65527344
vn 0.006839752 0.039093018 -0.99902344
vn 0.006839752 0.039093018 -0.99902344
vn 0.006839752 0.039093018 -0.99902344
vn 0.006839752 0.039093018 -0.99902344
vn -0.609375 0.10406494 -0.7861328
vn -0.609375 0.10406494 -0.7861328
vn -0.609375 0.10406494 -0.7861328
vn -0.609375 0.10406494 -0.7861328
vn 0.17419434 0.015594482 -0.984375
vn 0.17419434 0.015594482 -0.984375
vn 0.17419434 0.015594482 -0.984375
vn 0.17419434 0.015594482 -0.984375
vn -0.08074951 0.9873047 -0.13513184
vn -0.08074951 0.9873047 -0.13513184
vn -0.08074951 0.9873047 -0.13513184
vn -0.08074951 0.9873047 -0.13513184
vn -0.05505371 0.0151901245 -0.99853516
vn -0.05505371 0.0151901245 -0.99853516
vn -0.05505371 0.0151901245 -0.99853516
vn -0.05505371 0.0151901245 -0.99853516
vn 0.82958984 0.006565094 -0.55810547
vn 0.82958984 0.006565094 -0.55810547
vn 0.82958984 0.006565094 -0.55810547
vn 0.82958984 0.006565094 -0.55810547
vn 0.34545898 0.93847656 -0.00048184395
vn 0.34545898 0.93847656 -0.00048184395
vn 0.34545898 0.93847656 -0.00048184395
vn 0.34545898 0.93847656 -0.00048184395
vn 0.99609375 0.085632324 0.01335144
vn 0.99609375 0.085632324 0.01335144
vn 0.99609375 0.085632324 0.01335144
vn 0.99609375 0.085632324 0.01335144
vn 0.6479492 0.039886475 0.7607422
vn 0.6479492 0.039886475 0.7607422
vn 0.6479492 0.039886475 0.7607422
vn 0.6479492 0.039886475 0.7607422
vn -0.017044067 1 -0.0023040771
vn -0.017044067 1 -0.0023040771
vn -0.017044067 1 -0.0023040771
vn -0.017044067 1 -0.0023040771
vn -0.23937988 0.0892334 -0.9667969
vn -0.23937988 0.0892334 -0.9667969
vn -0.23937988 0.0892334 -0.9667969
vn -0.23937988 0.0892334 -0.9667969
vn 0.69970703 0.017562866 -0.7138672
vn 0.69970703 0.017562866 -0.7138672
vn 0.69970703 0.017562866 -0.7138672
vn 0.69970703 0.017562866 -0.7138672
vn 0.50341797 0.39160156 0.77001953
vn 0.50341797 0.39160156 0.77001953
vn 0.50341797 0.39160156 0.77001953
vn 0.50341797 0.39160156 0.77001953
vn 0.17358398 0.118896484 -0.97753906
vn 0.17358398 0.118896484 -0.97753906
vn 0.17358398 0.118896484 -0.97753906
vn 0.17358398 0.118896484 -0.97753906
vn -0.20837402 0.10986328 -0.9716797
vn -0.20837402 0.10986328 -0.9716797
vn -0.20837402 0.10986328 -0.9716797
vn -0.20837402 0.10986328 -0.9716797
vn -0.04763794 0.9189453 0.39160156
vn -0.04763794 0.9189453 0.39160156
vn -0.04763794 0.9189453 0.39160156
vn -0.04763794 0.9189453 0.39160156
vn -0.42236328 0.18762207 0.88671875
vn -0.42236328 0.18762207 0.88671875
vn -0.42236328 0.18762207 0.88671875
vn -0.42236328 0.18762207 0.88671875
vn -0.11816406 0.99121094 0.05621338
vn -0.11816406 0.99121094 0.05621338
vn -0.11816406 0.99121094 0.05621338
vn -0.11816406 0.99121094 0.05621338
vn -0.0463562 0.99609375 0.07458496
vn -0.0463562 0.99609375 0.07458496
vn -0.0463562 0.99609375 0.07458496
vn -0.0463562 0.99609375 0.07458496
vn 0.04147339 0.99609375 0.079589844
vn 0.04147339 0.99609375 0.079589844
vn 0.04147339 0.99609375 0.079589844
vn 0.04147339 0.99609375 0.079589844
vn -0.0970459 0.25463867 -0.96191406
vn -0.0970459 0.25463867 -0.96191406
vn -0.0970459 0.25463867 -0.96191406
vn -0.0970459 0.25463867 -0.96191406
vn 0.020370483 1 0.0049591064
vn 0.020370483 1 0.0049591064
vn 0.020370483 1 0.0049591064
vn 0.020370483 1 0.0049591064
vn 0.018630981 0.99902344 -0.04324341
vn 0.018630981 0.99902344 -0.04324341
vn 0.018630981 0.99902344 -0.04324341
vn 0.018630981 0.99902344 -0.04324341
vn 0.38134766 0.059295654 -0.9223633
vn 0.38134766 0.059295654 -0.9223633
vn 0.38134766 0.059295654 -0.9223633
vn 0.38134766 0.059295654 -0.9223633
vn 0.11340332 0.99365234 -0.003583908
vn 0.11340332 0.99365234 -0.003583908
vn 0.11340332 0.99365234 -0.003583908
vn 0.11340332 0.99365234 -0.003583908
vn 0.9946289 0.10467529 -0.010276794
vn 0.9946289 0.10467529 -0.010276794
vn 0.9946289 0.10467529 -0.010276794
vn 0.9946289 0.10467529 -0.010276794
vn 0.011817932 0.05883789 -0.9980469
vn 0.011817932 0.05883789 -0.9980469
vn 0.011817932 0.05883789 -0.9980469
vn 0.011817932 0.05883789 -0.9980469
vn 0.041748047 0.055145264 -0.9975586
vn 0.041748047 0.055145264 -0.9975586
vn 0.041748047 0.055145264 -0.9975586
vn -0.003929138 1 0.0031967163
vn -0.003929138 1 0.0031967163
vn -0.003929138 1 0.0031967163
vn -0.003929138 1 0.0031967163
vn -0.101623535 0.06994629 -0.9921875
vn -0.101623535 0.06994629 -0.9921875
vn -0.101623535 0.06994629 -0.9921875
vn -0.101623535 0.06994629 -0.9921875
vn -0.08831787 0.99609375 0.015014648
vn -0.08831787 0.99609375 0.015014648
vn -0.08831787 0.99609375 0.015014648
vn -0.08831787 0.99609375 0.015014648
vn 0.7949219 0.6069336 -0.0053100586
vn 0.7949219 0.6069336 -0.0053100586
vn 0.7949219 0.6069336 -0.0053100586
vn 0.7949219 0.6069336 -0.0053100586
vn 0.28759766 0.10479736 -0.95214844
vn 0.28759766 0.10479736 -0.95214844
vn 0.28759766 0.10479736 -0.95214844
vn 0.28759766 0.10479736 -0.95214844
vn -0.014160156 0.9760742 0.21679688
vn -0.014160156 0.9760742 0.21679688
vn -0.014160156 0.9760742 0.21679688
vn -0.014160156 0.9760742 0.21679688
vn -0.375 0.054351807 -0.92529297
vn -0.375 0.054351807 -0.92529297
vn -0.375 0.054351807 -0.92529297
vn -0.375 0.054351807 -0.92529297
vn -0.03164673 0.9921875 0.12219238
vn -0.03164673 0.9921875 0.12219238
vn -0.03164673 0.9921875 0.12219238
vn -0.03164673 0.9921875 0.12219238
vn 0.57470703 0.8183594 -0.002981186
vn 0.57470703 0.8183594 -0.002981186
vn 0.57470703 0.8183594 -0.002981186
vn 0.57470703 0.8183594 -0.002981186
vn 0.953125 0.079711914 -0.2915039
vn 0.953125 0.079711914 -0.2915039
vn 0.953125 0.079711914 -0.2915039
vn 0.953125 0.079711914 -0.2915039
vn 0.022918701 0.13354492 -0.99072266
vn 0.022918701 0.13354492 -0.99072266
vn 0.022918701 0.13354492 -0.99072266
vn 0.022918701 0.13354492 -0.99072266
vn 0.47802734 0.22998047 -0.84765625
vn 0.47802734 0.22998047 -0.84765625
vn 0.47802734 0.22998047 -0.84765625
vn 0.47802734 0.22998047 -0.84765625
vn 0.32617188 0.22888184 -0.9169922
vn 0.32617188 0.22888184 -0.9169922
vn 0.32617188 0.22888184 -0.9169922
vn 0.32617188 0.22888184 -0.9169922
vn -0.70214844 0.6303711 -0.3305664
vn -0.70214844 0.6303711 -0.3305664
vn -0.70214844 0.6303711 -0.3305664
vn -0.70214844 0.6303711 -0.3305664
vn -0.98535156 0.08709717 -0.14648438
vn -0.98535156 0.08709717 -0.14648438
vn -0.98535156 0.08709717 -0.14648438
vn -0.98535156 0.08709717 -0.14648438
vn -0.7495117 0.29052734 -0.59472656
vn -0.7495117 0.29052734 -0.59472656
vn -0.7495117 0.29052734 -0.59472656
vn -0.7495117 0.29052734 -0.59472656
vn 0.41479492 -0.07342529 -0.90722656
vn 0.41479492 -0.07342529 -0.90722656
vn 0.41479492 -0.07342529 -0.90722656
vn 0.41479492 -0.07342529 -0.90722656
vn 0.9941406 -0.051361084 0.09509277
vn 0.9941406 -0.051361084 0.09509277
vn 0.9941406 -0.051361084 0.09509277
vn 0.9941406 -0.051361084 0.09509277
vn -0.008071899 0.091674805 -0.99560547
vn -0.008071899 0.091674805 -0.99560547
vn -0.008071899 0.091674805 -0.99560547
vn -0.008071899 0.091674805 -0.99560547
vn -0.0084991455 0.9995117 -0.03704834
vn -0.0084991455 0.9995117 -0.03704834
vn -0.0084991455 0.9995117 -0.03704834
vn -0.0084991455 0.9995117 -0.03704834
vn -0.079956055 0.13916016 -0.9868164
vn -0.079956055 0.13916016 -0.9868164
vn -0.079956055 0.13916016 -0.9868164
vn -0.079956055 0.13916016 -0.9868164
vn 0.4802246 0.33447266 -0.81103516
vn 0.4802246 0.33447266 -0.81103516
vn 0.4802246 0.33447266 -0.81103516
vn 0.4802246 0.33447266 -0.81103516
vn 0.27978516 0.95996094 -0.0051460266
vn 0.27978516 0.95996094 -0.0051460266
vn 0.27978516 0.95996094 -0.0051460266
vn 0.27978516 0.95996094 -0.0051460266
vn -0.9223633 0.10083008 -0.3725586
vn -0.9223633 0.10083008 -0.3725586
vn -0.9223633 0.10083008 -0.3725586
vn -0.9223633 0.10083008 -0.3725586
vn 0.02709961 -0.07598877 -0.99658203
vn 0.02709961 -0.07598877 -0.99658203
vn 0.02709961 -0.07598877 -0.99658203
vn 0.02709961 -0.07598877 -0.99658203
vn 0.33154297 -0.0020637512 -0.9433594
vn 0.33154297 -0.0020637512 -0.9433594
vn 0.33154297 -0.0020637512 -0.9433594
vn 0.33154297 -0.0020637512 -0.9433594
vn 0.0063972473 1 -0.0037574768
vn 0.0063972473 1 -0.0037574768
vn 0.0063972473 1 -0.0037574768
vn 0.0063972473 1 -0.0037574768
vn -0.56103516 0.2241211 -0.796875
vn -0.56103516 0.2241211 -0.796875
vn -0.56103516 0.2241211 -0.796875
vn -0.56103516 0.2241211 -0.796875
vn -0.110839844 0.99365234 0.016235352
vn -0.110839844 0.99365234 0.016235352
vn -0.110839844 0.99365234 0.016235352
vn -0.110839844 0.99365234 0.016235352
vn 0.2783203 0.546875 -0.7895508
vn 0.2783203 0.546875 -0.7895508
vn 0.2783203 0.546875 -0.7895508
vn 0.2783203 0.546875 -0.7895508
vn -0.023605347 0.19360352 -0.98095703
vn -0.023605347 0.19360352 -0.98095703
vn -0.023605347 0.19360352 -0.98095703
vn -0.023605347 0.19360352 -0.98095703
vn 0.031921387 0.9995117 0.020874023
vn 0.031921387 0.9995117 0.020874023
vn 0.031921387 0.9995117 0.020874023
vn 0.031921387 0.9995117 0.020874023
vn -0.21020508 0.35205078 -0.9121094
vn -0.21020508 0.35205078 -0.9121094
vn -0.21020508 0.35205078 -0.9121094
vn -0.21020508 0.35205078 -0.9121094
vn 0.46972656 0.14746094 -0.8701172
vn 0.46972656 0.14746094 -0.8701172
vn 0.46972656 0.14746094 -0.8701172
vn 0.46972656 0.14746094 -0.8701172
vn -0.11364746 0.17016602 -0.9790039
vn -0.11364746 0.17016602 -0.9790039
vn -0.11364746 0.17016602 -0.9790039
vn -0.11364746 0.17016602 -0.9790039
vn -0.08758545 0.9926758 -0.082214355
vn -0.08758545 0.9926758 -0.082214355
vn -0.08758545 0.9926758 -0.082214355
vn -0.08758545 0.9926758 -0.082214355
vn -0.37109375 0.13208008 -0.9189453
vn -0.37109375 0.13208008 -0.9189453
vn -0.37109375 0.13208008 -0.9189453
vn -0.37109375 0.13208008 -0.9189453
vn -0.069885254 0.9951172 -0.07110596
vn -0.069885254 0.9951172 -0.07110596
vn -0.069885254 0.9951172 -0.07110596
vn -0.069885254 0.9951172 -0.07110596
vn -0.9941406 -0.051452637 -0.0947876
vn -0.9941406 -0.051452637 -0.0947876
vn -0.9941406 -0.051452637 -0.0947876
vn -0.9941406 -0.051452637 -0.0947876
vn 0.16333008 0.15966797 -0.9736328
vn 0.16333008 0.15966797 -0.9736328
vn 0.16333008 0.15966797 -0.9736328
vn 0.16333008 0.15966797 -0.9736328
vn -0.1451416 0.23962402 -0.95996094
vn -0.1451416 0.23962402 -0.95996094
vn -0.1451416 0.23962402 -0.95996094
vn -0.1451416 0.23962402 -0.95996094
vn -0.06921387 0.9975586 -0.0009880066
vn -0.06921387 0.9975586 -0.0009880066
vn -0.06921387 0.9975586 -0.0009880066
vn -0.06921387 0.9975586 -0.0009880066
vn -0.9560547 0.095214844 -0.27685547
vn -0.9560547 0.095214844 -0.27685547
vn -0.9560547 0.095214844 -0.27685547
vn -0.9560547 0.095214844 -0.27685547
vn -0.7402344 0.6723633 0.009933472
vn -0.7402344 0.6723633 0.009933472
vn -0.7402344 0.6723633 0.009933472
vn -0.7402344 0.6723633 0.009933472
vn -0.083618164 0.9692383 0.23071289
vn -0.083618164 0.9692383 0.23071289
vn -0.083618164 0.9692383 0.23071289
vn -0.083618164 0.9692383 0.23071289
vn -0.21179199 0.9765625 0.03817749
vn -0.21179199 0.9765625 0.03817749
vn -0.21179199 0.9765625 0.03817749
vn -0.21179199 0.9765625 0.03817749
vn -0.18652344 0.9814453 0.039978027
vn -0.18652344 0.9814453 0.039978027
vn -0.18652344 0.9814453 0.039978027
vn -0.99316406 -0.064941406 0.09753418
vn -0.99316406 -0.064941406 0.09753418
vn -0.99316406 -0.064941406 0.09753418
vn -0.99316406 -0.064941406 0.09753418
vn -0.13024902 0.5732422 0.80908203
vn -0.13024902 0.5732422 0.80908203
vn -0.13024902 0.5732422 0.80908203
vn -0.13024902 0.5732422 0.80908203
vn 0.0552063 0.51660156 0.8544922
vn 0.0552063 0.51660156 0.8544922
vn 0.0552063 0.51660156 0.8544922
vn 0.0552063 0.51660156 0.8544922
vn -0.1303711 -0.67089844 0.72998047
vn -0.1303711 -0.67089844 0.72998047
vn -0.1303711 -0.67089844 0.72998047
vn -0.1303711 -0.67089844 0.72998047
vn -0.010475159 0.9458008 0.32470703
vn -0.010475159 0.9458008 0.32470703
vn -0.010475159 0.9458008 0.32470703
vn -0.010475159 0.9458008 0.32470703
vn 0.01979065 0.05908203 0.9980469
vn 0.01979065 0.05908203 0.9980469
vn 0.01979065 0.05908203 0.9980469
vn 0.01979065 0.05908203 0.9980469
vn 0.4321289 0.022628784 0.9013672
vn 0.4321289 0.022628784 0.9013672
vn 0.4321289 0.022628784 0.9013672
vn 0.4321289 0.022628784 0.9013672
vn 0.28198242 0.5546875 0.78271484
vn 0.28198242 0.5546875 0.78271484
vn 0.28198242 0.5546875 0.78271484
vn 0.28198242 0.5546875 0.78271484
vn 0.038116455 0.13891602 0.9897461
vn 0.038116455 0.13891602 0.9897461
vn 0.038116455 0.13891602 0.9897461
vn 0.038116455 0.13891602 0.9897461
vn 0.056365967 0.31884766 -0.94628906
vn 0.056365967 0.31884766 -0.94628906
vn 0.056365967 0.31884766 -0.94628906
vn 0.056365967 0.31884766 -0.94628906
vn 0.09637451 0.3330078 -0.9379883
vn 0.09637451 0.3330078 -0.9379883
vn 0.09637451 0.3330078 -0.9379883
vn -0.30664062 0.2536621 0.91748047
vn -0.30664062 0.2536621 0.91748047
vn -0.30664062 0.2536621 0.91748047
vn -0.30664062 0.2536621 0.91748047
vn 0.0423584 0.25097656 -0.96728516
vn 0.0423584 0.25097656 -0.96728516
vn 0.0423584 0.25097656 -0.96728516
vn 0.0423584 0.25097656 -0.96728516
vn -0.019638062 0.99365234 -0.11071777
vn -0.019638062 0.99365234 -0.11071777
vn -0.019638062 0.99365234 -0.11071777
vn -0.019638062 0.99365234 -0.11071777
vn 0.0014820099 0.39624023 0.91796875
vn 0.0014820099 0.39624023 0.91796875
vn 0.0014820099 0.39624023 0.91796875
vn 0.0014820099 0.39624023 0.91796875
vn -0.0045700073 1 -0.006755829
vn -0.0045700073 1 -0.006755829
vn -0.0045700073 1 -0.006755829
vn -0.0045700073 1 -0.006755829
vn -0.1607666 0.9868164 -0.014907837
vn -0.1607666 0.9868164 -0.014907837
vn -0.1607666 0.9868164 -0.014907837
vn -0.1607666 0.9868164 -0.014907837
vn 0.004272461 1 -0.0012254715
vn 0.004272461 1 -0.0012254715
vn 0.004272461 1 -0.0012254715
vn 0.004272461 1 -0.0012254715
vn -0.07299805 0.9975586 -0.0015096664
vn -0.07299805 0.9975586 -0.0015096664
vn -0.07299805 0.9975586 -0.0015096664
vn -0.07299805 0.9975586 -0.0015096664
vn -0.0004248619 0.99365234 0.11413574
vn -0.0004248619 0.99365234 0.11413574
vn -0.0004248619 0.99365234 0.11413574
vn -0.0004248619 0.99365234 0.11413574
vn 0.02848816 0.99316406 0.11340332
vn 0.02848816 0.99316406 0.11340332
vn -0.06335449 0.9951172 -0.07489014
vn -0.06335449 0.9951172 -0.07489014
vn -0.06335449 0.9951172 -0.07489014
vn -0.06335449 0.9951172 -0.07489014
vn -0.06335449 0.9951172 -0.07489014
vn 0.31640625 0.029312134 -0.9482422
vn 0.31640625 0.029312134 -0.9482422
vn 0.31640625 0.029312134 -0.9482422
vn 0.31640625 0.029312134 -0.9482422
vn 0.9995117 -0.036132812 -0.012168884
vn 0.9995117 -0.036132812 -0.012168884
vn 0.9995117 -0.036132812 -0.012168884
vn 0.9995117 -0.036132812 -0.012168884
vn -0.16577148 0.15478516 -0.9741211
vn -0.16577148 0.15478516 -0.9741211
vn -0.16577148 0.15478516 -0.9741211
vn -0.16577148 0.15478516 -0.9741211
vn 0.013198853 0.99121094 -0.13146973
vn 0.013198853 0.99121094 -0.13146973
vn 0.013198853 0.99121094 -0.13146973
vn 0.013198853 0.99121094 -0.13146973
vn 0.77685547 0.29101562 -0.55810547
vn 0.77685547 0.29101562 -0.55810547
vn 0.77685547 0.29101562 -0.55810547
vn 0.77685547 0.29101562 -0.55810547
vn 0.02017212 0.9995117 0.009292603
vn 0.02017212 0.9995117 0.009292603
vn 0.02017212 0.9995117 0.009292603
vn 0.02017212 0.9995117 0.009292603
vn 0.0057792664 1 0.011703491
vn -0.039154053 0.99902344 0.016067505
vn 0.0057792664 1 0.011703491
vn -0.039154053 0.99902344 0.016067505
vn -0.0049743652 0.9995117 0.023864746
vn -0.039154053 0.99902344 0.016067505
vn -0.0049743652 0.9995117 0.023864746
vn -0.0049743652 0.9995117 0.023864746
vn -0.0049743652 0.9995117 0.023864746
vn -0.0058021545 1 -0.0062179565
vn -0.0058021545 1 -0.0062179565
vn 0.96435547 0.25463867 -0.0692749
vn 0.96435547 0.25463867 -0.0692749
vn 0.96435547 0.25463867 -0.0692749
vn 0.96435547 0.25463867 -0.0692749
vn 0.16247559 0.98583984 0.043060303
vn 0.16247559 0.98583984 0.043060303
vn 0.16247559 0.98583984 0.043060303
vn 0.16247559 0.98583984 0.043060303
vn 0.7421875 0.13208008 -0.65722656
vn 0.7421875 0.13208008 -0.65722656
vn 0.7421875 0.13208008 -0.65722656
vn 0.7421875 0.13208008 -0.65722656
vn 0.50683594 0.03817749 -0.86083984
vn 0.50683594 0.03817749 -0.86083984
vn 0.50683594 0.03817749 -0.86083984
vn 0.50683594 0.03817749 -0.86083984
vn -0.61328125 0.4868164 0.6220703
vn -0.61328125 0.4868164 0.6220703
vn -0.61328125 0.4868164 0.6220703
vn -0.61328125 0.4868164 0.6220703
vn 0.75878906 0.122924805 -0.63964844
vn 0.75878906 0.122924805 -0.63964844
vn 0.75878906 0.122924805 -0.63964844
vn 0.75878906 0.122924805 -0.63964844
vn 0.056396484 0.9892578 -0.13427734
vn 0.056396484 0.9892578 -0.13427734
vn 0.056396484 0.9892578 -0.13427734
vn 0.056396484 0.9892578 -0.13427734
vn 0.6464844 0.15307617 -0.7475586
vn 0.6464844 0.15307617 -0.7475586
vn 0.6464844 0.15307617 -0.7475586
vn 0.6464844 0.15307617 -0.7475586
vn 0.0071105957 1 -0.0044441223
vn 0.0071105957 1 -0.0044441223
vn 0.0071105957 1 -0.0044441223
vn 0.0071105957 1 -0.0044441223
vn -0.011123657 0.9995117 0.026794434
vn -0.011123657 0.9995117 0.026794434
vn 0.73339844 0.11022949 -0.67041016
vn 0.73339844 0.11022949 -0.67041016
vn 0.73339844 0.11022949 -0.67041016
vn 0.73339844 0.11022949 -0.67041016
vn 0.7324219 0.12298584 -0.6694336
vn 0.7324219 0.12298584 -0.6694336
vn 0.7324219 0.12298584 -0.6694336
vn -0.7583008 0.10003662 0.64453125
vn -0.7583008 0.10003662 0.64453125
vn -0.7583008 0.10003662 0.64453125
vn -0.7583008 0.10003662 0.64453125
vn -0.53125 0.019805908 0.84716797
vn -0.53125 0.019805908 0.84716797
vn -0.53125 0.019805908 0.84716797
vn -0.53125 0.019805908 0.84716797
vn -0.64501953 0.042419434 0.7631836
vn -0.64501953 0.042419434 0.7631836
vn -0.64501953 0.042419434 0.7631836
vn -0.64501953 0.042419434 0.7631836
vn -0.6826172 0.06121826 0.7285156
vn -0.6826172 0.06121826 0.7285156
vn -0.6826172 0.06121826 0.7285156
vn -0.6826172 0.06121826 0.7285156
vn -0.84765625 0.15026855 0.50878906
vn -0.84765625 0.15026855 0.50878906
vn -0.84765625 0.15026855 0.50878906
vn -0.84765625 0.15026855 0.50878906
vn -0.97753906 0.20996094 -0.0065345764
vn -0.97753906 0.20996094 -0.0065345764
vn -0.97753906 0.20996094 -0.0065345764
vn -0.97753906 0.20996094 -0.0065345764
vn -0.7167969 0.28027344 0.6386719
vn -0.7167969 0.28027344 0.6386719
vn -0.7167969 0.28027344 0.6386719
vn -0.7167969 0.28027344 0.6386719
vn -0.006046295 0.9995117 -0.027755737
vn -0.006046295 0.9995117 -0.027755737
vn -0.006046295 0.9995117 -0.027755737
vn -0.006046295 0.9995117 -0.027755737
vn -0.73535156 0.14697266 -0.6616211
vn -0.73535156 0.14697266 -0.6616211
vn -0.73535156 0.14697266 -0.6616211
vn -0.73535156 0.14697266 -0.6616211
vn -0.2697754 0.9350586 0.23022461
vn -0.2697754 0.9350586 0.23022461
vn -0.2697754 0.9350586 0.23022461
vn -0.2697754 0.9350586 0.23022461
vn -0.20751953 0.97509766 0.07525635
vn -0.20751953 0.97509766 0.07525635
vn -0.20751953 0.97509766 0.07525635
vn -0.20751953 0.97509766 0.07525635
vn -0.1829834 0.9824219 -0.041809082
vn -0.1829834 0.9824219 -0.041809082
vn -0.1829834 0.9824219 -0.041809082
vn -0.1829834 0.9824219 -0.041809082
vn 0.018600464 0.9970703 0.07678223
vn 0.018600464 0.9970703 0.07678223
vn 0.018600464 0.9970703 0.07678223
vn 0.018600464 0.9970703 0.07678223
vn -0.08288574 0.98828125 0.12927246
vn -0.08288574 0.98828125 0.12927246
vn -0.08288574 0.98828125 0.12927246
vn -0.08288574 0.98828125 0.12927246
vn -0.99316406 -0.01234436 -0.11529541
vn -0.99316406 -0.01234436 -0.11529541
vn -0.99316406 -0.01234436 -0.11529541
vn -0.99316406 -0.01234436 -0.11529541
vn -0.4802246 0.73876953 0.47265625
vn -0.4802246 0.73876953 0.47265625
vn -0.4802246 0.73876953 0.47265625
vn -0.4802246 0.73876953 0.47265625
vn -0.19335938 0.96972656 0.15014648
vn -0.19335938 0.96972656 0.15014648
vn -0.19335938 0.96972656 0.15014648
vn -0.19335938 0.96972656 0.15014648
vn -0.65185547 0.18493652 0.73535156
vn -0.65185547 0.18493652 0.73535156
vn -0.65185547 0.18493652 0.73535156
vn -0.65185547 0.18493652 0.73535156
vn 0.10748291 0.92626953 0.36108398
vn 0.10748291 0.92626953 0.36108398
vn 0.10748291 0.92626953 0.36108398
vn 0.10748291 0.92626953 0.36108398
vn 0.76464844 0.09710693 -0.63720703
vn 0.76464844 0.09710693 -0.63720703
vn 0.76464844 0.09710693 -0.63720703
vn 0.76464844 0.09710693 -0.63720703
vn 0.9194336 0.20300293 -0.33666992
vn 0.9194336 0.20300293 -0.33666992
vn 0.9194336 0.20300293 -0.33666992
vn 0.9194336 0.20300293 -0.33666992
vn 0.15612793 0.9785156 -0.1340332
vn 0.15612793 0.9785156 -0.1340332
vn 0.15612793 0.9785156 -0.1340332
vn 0.15612793 0.9785156 -0.1340332
vn 0.7548828 0.26953125 -0.59765625
vn 0.7548828 0.26953125 -0.59765625
vn 0.7548828 0.26953125 -0.59765625
vn 0.7548828 0.26953125 -0.59765625
vn 0.8203125 0.2746582 0.50146484
vn 0.8203125 0.2746582 0.50146484
vn 0.8203125 0.2746582 0.50146484
vn 0.8203125 0.2746582 0.50146484
vn 0.013328552 0.96777344 -0.25170898
vn 0.013328552 0.96777344 -0.25170898
vn 0.013328552 0.96777344 -0.25170898
vn 0.013328552 0.96777344 -0.25170898
vn 0.66259766 -0.10876465 -0.74121094
vn 0.66259766 -0.10876465 -0.74121094
vn 0.66259766 -0.10876465 -0.74121094
vn 0.66259766 -0.10876465 -0.74121094
vn -0.3798828 -0.025268555 -0.9248047
vn -0.3798828 -0.025268555 -0.9248047
vn -0.3798828 -0.025268555 -0.9248047
vn -0.3798828 -0.025268555 -0.9248047
vn 0.76660156 0.059814453 -0.63916016
vn 0.76660156 0.059814453 -0.63916016
vn 0.76660156 0.059814453 -0.63916016
vn 0.76660156 0.059814453 -0.63916016
vn 0.5566406 0.19360352 -0.80810547
vn 0.5566406 0.19360352 -0.80810547
vn 0.5566406 0.19360352 -0.80810547
vn 0.5566406 0.19360352 -0.80810547
vn 0.5908203 0.07458496 -0.80322266
vn 0.5908203 0.07458496 -0.80322266
vn 0.5908203 0.07458496 -0.80322266
vn 0.5908203 0.07458496 -0.80322266
vn 0.8457031 0.035980225 -0.53271484
vn 0.8457031 0.035980225 -0.53271484
vn 0.8457031 0.035980225 -0.53271484
vn 0.8457031 0.035980225 -0.53271484
vn 0.84277344 0.019638062 -0.53808594
vn 0.84277344 0.019638062 -0.53808594
vn 0.84277344 0.019638062 -0.53808594
vn 0.10424805 0.98828125 -0.112854004
vn 0.10424805 0.98828125 -0.112854004
vn 0.10424805 0.98828125 -0.112854004
vn 0.10424805 0.98828125 -0.112854004
vn 0.19091797 0.98046875 -0.04449463
vn 0.19091797 0.98046875 -0.04449463
vn 0.19091797 0.98046875 -0.04449463
vn 0.19091797 0.98046875 -0.04449463
vn 0.5961914 0.012962341 -0.8027344
vn 0.5961914 0.012962341 -0.8027344
vn 0.5961914 0.012962341 -0.8027344
vn 0.5961914 0.012962341 -0.8027344
vn -0.14050293 0.9350586 -0.32592773
vn -0.14050293 0.9350586 -0.32592773
vn -0.14050293 0.9350586 -0.32592773
vn -0.14050293 0.9350586 -0.32592773
vn 0.74316406 0.44262695 0.50146484
vn 0.74316406 0.44262695 0.50146484
vn 0.74316406 0.44262695 0.50146484
vn 0.74316406 0.44262695 0.50146484
vn 0.12371826 0.98046875 -0.15197754
vn 0.12371826 0.98046875 -0.15197754
vn 0.12371826 0.98046875 -0.15197754
vn 0.12371826 0.98046875 -0.15197754
vn 0.34838867 0.8647461 -0.3623047
vn 0.34838867 0.8647461 -0.3623047
vn 0.34838867 0.8647461 -0.3623047
vn 0.34838867 0.8647461 -0.3623047
vn -0.30932617 0.101135254 -0.9458008
vn -0.30932617 0.101135254 -0.9458008
vn -0.30932617 0.101135254 -0.9458008
vn -0.30932617 0.101135254 -0.9458008
vn -0.7836914 0.078125 0.6166992
vn -0.7836914 0.078125 0.6166992
vn -0.7836914 0.078125 0.6166992
vn -0.7836914 0.078125 0.6166992
vn -0.94384766 0.12585449 0.30615234
vn -0.94384766 0.12585449 0.30615234
vn -0.94384766 0.12585449 0.30615234
vn -0.94384766 0.12585449 0.30615234
vn -0.7216797 -0.0039749146 0.69189453
vn -0.7216797 -0.0039749146 0.69189453
vn -0.7216797 -0.0039749146 0.69189453
vn -0.7216797 -0.0039749146 0.69189453
vn -0.71875 0.01461792 0.6948242
vn -0.71875 0.01461792 0.6948242
vn -0.8388672 0.09899902 0.53515625
vn -0.8388672 0.09899902 0.53515625
vn -0.8388672 0.09899902 0.53515625
vn -0.8388672 0.09899902 0.53515625
vn -0.64746094 0.40283203 0.6464844
vn -0.64746094 0.40283203 0.6464844
vn -0.64746094 0.40283203 0.6464844
vn -0.64746094 0.40283203 0.6464844
vn -0.60058594 0.3786621 -0.70458984
vn -0.60058594 0.3786621 -0.70458984
vn -0.60058594 0.3786621 -0.70458984
vn -0.60058594 0.3786621 -0.70458984
vn 0.5332031 0.09613037 0.8408203
vn 0.5332031 0.09613037 0.8408203
vn 0.5332031 0.09613037 0.8408203
vn 0.5332031 0.09613037 0.8408203
vn 0.08605957 0.98583984 0.14501953
vn 0.08605957 0.98583984 0.14501953
vn 0.08605957 0.98583984 0.14501953
vn 0.08605957 0.98583984 0.14501953
vn -0.7597656 0.045898438 0.6484375
vn -0.7597656 0.045898438 0.6484375
vn -0.7597656 0.045898438 0.6484375
vn -0.7597656 0.045898438 0.6484375
vn -0.59472656 0.20458984 0.77783203
vn -0.59472656 0.20458984 0.77783203
vn -0.59472656 0.20458984 0.77783203
vn -0.59472656 0.20458984 0.77783203
vn -0.2770996 0.92871094 0.24658203
vn -0.2770996 0.92871094 0.24658203
vn -0.2770996 0.92871094 0.24658203
vn -0.2770996 0.92871094 0.24658203
vn -0.7573242 0.0012903214 0.65283203
vn -0.7573242 0.0012903214 0.65283203
vn -0.7573242 0.0012903214 0.65283203
vn -0.7573242 0.0012903214 0.65283203
vn -0.87597656 0.050048828 0.4794922
vn -0.87597656 0.050048828 0.4794922
vn -0.87597656 0.050048828 0.4794922
vn -0.87597656 0.050048828 0.4794922
vn -0.74121094 0.52734375 -0.41479492
vn -0.74121094 0.52734375 -0.41479492
vn -0.74121094 0.52734375 -0.41479492
vn -0.74121094 0.52734375 -0.41479492
vn -0.5800781 0.107421875 0.8076172
vn -0.5800781 0.107421875 0.8076172
vn -0.5800781 0.107421875 0.8076172
vn -0.5800781 0.107421875 0.8076172
vn -0.011543274 1 0.0140686035
vn -0.011543274 1 0.0140686035
vn -0.011543274 1 0.0140686035
vn -0.011543274 1 0.0140686035
vn 0.7426758 -0.06060791 0.6665039
vn 0.7426758 -0.06060791 0.6665039
vn 0.7426758 -0.06060791 0.6665039
vn 0.7426758 -0.06060791 0.6665039
vn -0.6923828 0.08538818 -0.7163086
vn -0.6923828 0.08538818 -0.7163086
vn -0.6923828 0.08538818 -0.7163086
vn -0.6923828 0.08538818 -0.7163086
vn 0.69433594 0.101745605 0.71240234
vn 0.69433594 0.101745605 0.71240234
vn 0.69433594 0.101745605 0.71240234
vn 0.69433594 0.101745605 0.71240234
vn -0.2553711 0.03353882 0.9663086
vn -0.2553711 0.03353882 0.9663086
vn -0.2553711 0.03353882 0.9663086
vn -0.2553711 0.03353882 0.9663086
vn 0.69970703 -0.0107803345 0.71435547
vn 0.69970703 -0.0107803345 0.71435547
vn 0.69970703 -0.0107803345 0.71435547
vn 0.69970703 -0.0107803345 0.71435547
vn 0.15527344 0.9873047 -0.03918457
vn 0.15527344 0.9873047 -0.03918457
vn 0.15527344 0.9873047 -0.03918457
vn 0.15527344 0.9873047 -0.03918457
vn 0.10601807 0.9814453 -0.16088867
vn 0.10601807 0.9814453 -0.16088867
vn 0.10601807 0.9814453 -0.16088867
vn 0.10601807 0.9814453 -0.16088867
vn -0.28051758 0.8671875 0.41137695
vn -0.28051758 0.8671875 0.41137695
vn -0.28051758 0.8671875 0.41137695
vn -0.28051758 0.8671875 0.41137695
vn 0.8022461 0.048065186 -0.59521484
vn 0.8022461 0.048065186 -0.59521484
vn 0.8022461 0.048065186 -0.59521484
vn 0.8022461 0.048065186 -0.59521484
vn 0.8095703 0.17041016 -0.56152344
vn 0.8095703 0.17041016 -0.56152344
vn 0.8095703 0.17041016 -0.56152344
vn 0.8095703 0.17041016 -0.56152344
vn 0.7192383 0.07849121 -0.6904297
vn 0.7192383 0.07849121 -0.6904297
vn 0.7192383 0.07849121 -0.6904297
vn 0.7192383 0.07849121 -0.6904297
vn -0.72998047 0.020401001 0.68310547
vn -0.72998047 0.020401001 0.68310547
vn -0.72998047 0.020401001 0.68310547
vn -0.72998047 0.020401001 0.68310547
vn -0.78271484 0.101501465 0.61376953
vn -0.78271484 0.101501465 0.61376953
vn -0.78271484 0.101501465 0.61376953
vn -0.78271484 0.101501465 0.61376953
vn -0.7109375 0.082458496 0.6982422
vn -0.7109375 0.082458496 0.6982422
vn -0.7109375 0.082458496 0.6982422
vn -0.7109375 0.082458496 0.6982422
vn -0.6845703 0.0023937225 0.7285156
vn -0.6845703 0.0023937225 0.7285156
vn -0.6845703 0.0023937225 0.7285156
vn -0.6845703 0.0023937225 0.7285156
vn 0.7421875 0.2364502 -0.6269531
vn 0.7421875 0.2364502 -0.6269531
vn 0.7421875 0.2364502 -0.6269531
vn 0.7421875 0.2364502 -0.6269531
vn -0.5629883 0.75683594 0.3322754
vn -0.5629883 0.75683594 0.3322754
vn -0.5629883 0.75683594 0.3322754
vn -0.5629883 0.75683594 0.3322754
vn 0.2253418 0.96875 -0.10229492
vn 0.2253418 0.96875 -0.10229492
vn 0.2253418 0.96875 -0.10229492
vn 0.2253418 0.96875 -0.10229492
vn 0.23449707 0.890625 -0.38989258
vn 0.23449707 0.890625 -0.38989258
vn 0.23449707 0.890625 -0.38989258
vn 0.23449707 0.890625 -0.38989258
vn -0.15002441 0.984375 0.091308594
vn -0.15002441 0.984375 0.091308594
vn -0.15002441 0.984375 0.091308594
vn -0.15002441 0.984375 0.091308594
vn 0.018539429 0.99902344 0.04196167
vn 0.018539429 0.99902344 0.04196167
vn 0.018539429 0.99902344 0.04196167
vn 0.018539429 0.99902344 0.04196167
vn -0.14782715 0.9741211 0.17150879
vn -0.14782715 0.9741211 0.17150879
vn -0.14782715 0.9741211 0.17150879
vn -0.14782715 0.9741211 0.17150879
vn 0.67285156 0.3322754 -0.66064453
vn 0.67285156 0.3322754 -0.66064453
vn 0.67285156 0.3322754 -0.66064453
vn 0.67285156 0.3322754 -0.66064453
vn 0.6254883 0.016036987 -0.77978516
vn 0.6254883 0.016036987 -0.77978516
vn 0.6254883 0.016036987 -0.77978516
vn 0.6254883 0.016036987 -0.77978516
vn 0.7373047 0.0076179504 -0.67529297
vn 0.7373047 0.0076179504 -0.67529297
vn 0.7373047 0.0076179504 -0.67529297
vn 0.7373047 0.0076179504 -0.67529297
vn 0.5253906 0.7421875 -0.41552734
vn 0.5253906 0.7421875 -0.41552734
vn 0.5253906 0.7421875 -0.41552734
vn 0.5253906 0.7421875 -0.41552734
vn 0.953125 0.23803711 0.18701172
vn 0.953125 0.23803711 0.18701172
vn 0.953125 0.23803711 0.18701172
vn 0.953125 0.23803711 0.18701172
vn -0.17834473 0.9770508 0.11682129
vn -0.17834473 0.9770508 0.11682129
vn -0.17834473 0.9770508 0.11682129
vn -0.19165039 0.97509766 0.11193848
vn -0.24121094 0.9604492 0.1385498
vn -0.24121094 0.9604492 0.1385498
vn -0.24121094 0.9604492 0.1385498
vn -0.24121094 0.9604492 0.1385498
vn 0.36694336 0.9296875 -0.02532959
vn 0.36694336 0.9296875 -0.02532959
vn 0.36694336 0.9296875 -0.02532959
vn 0.33447266 0.94140625 -0.04119873
vn 0.33447266 0.94140625 -0.04119873
vn 0.078063965 0.99365234 -0.08013916
vn 0.078063965 0.99365234 -0.08013916
vn 0.078063965 0.99365234 -0.08013916
vn 0.078063965 0.99365234 -0.08013916
vn 0.89746094 0.43725586 -0.058532715
vn 0.89746094 0.43725586 -0.058532715
vn 0.89746094 0.43725586 -0.058532715
vn 0.89746094 0.43725586 -0.058532715
vn 0.8178711 0.4416504 -0.36865234
vn 0.8178711 0.4416504 -0.36865234
vn 0.8178711 0.4416504 -0.36865234
vn 0.8178711 0.4416504 -0.36865234
vn 0.1928711 0.76220703 -0.6176758
vn 0.1928711 0.76220703 -0.6176758
vn 0.1928711 0.76220703 -0.6176758
vn 0.1928711 0.76220703 -0.6176758
vn 0.91064453 0.23620605 -0.33862305
vn 0.91064453 0.23620605 -0.33862305
vn 0.91064453 0.23620605 -0.33862305
vn 0.91064453 0.23620605 -0.33862305
vn 0.9658203 0.19555664 0.16882324
vn 0.9658203 0.19555664 0.16882324
vn 0.9658203 0.19555664 0.16882324
vn 0.9658203 0.19555664 0.16882324
vn 0.113464355 0.9902344 0.07904053
vn 0.113464355 0.9902344 0.07904053
vn 0.113464355 0.9902344 0.07904053
vn 0.113464355 0.9902344 0.07904053
vn 0.41064453 0.89941406 -0.14892578
vn 0.41064453 0.89941406 -0.14892578
vn 0.41064453 0.89941406 -0.14892578
vn 0.41064453 0.89941406 -0.14892578
vn 0.9248047 0.23803711 -0.29736328
vn 0.9248047 0.23803711 -0.29736328
vn 0.9248047 0.23803711 -0.29736328
vn 0.9248047 0.23803711 -0.29736328
vn 0.9399414 0.33422852 -0.0703125
vn 0.9399414 0.33422852 -0.0703125
vn 0.9399414 0.33422852 -0.0703125
vn 0.9399414 0.33422852 -0.0703125
vn 0.9814453 0.15917969 0.10876465
vn 0.9814453 0.15917969 0.10876465
vn 0.9814453 0.15917969 0.10876465
vn 0.9814453 0.15917969 0.10876465
vn 0.26904297 0.9628906 -0.028869629
vn 0.26904297 0.9628906 -0.028869629
vn 0.26904297 0.9628906 -0.028869629
vn 0.26904297 0.9628906 -0.028869629
vn 0.9482422 0.14038086 -0.28515625
vn 0.9482422 0.14038086 -0.28515625
vn 0.9482422 0.14038086 -0.28515625
vn 0.9482422 0.14038086 -0.28515625
vn 0.12084961 0.46313477 -0.8779297
vn 0.12084961 0.46313477 -0.8779297
vn 0.12084961 0.46313477 -0.8779297
vn 0.12084961 0.46313477 -0.8779297
vn 0.9291992 0.18078613 0.3215332
vn 0.9291992 0.18078613 0.3215332
vn 0.9291992 0.18078613 0.3215332
vn 0.9291992 0.18078613 0.3215332
vn 0.96875 0.24023438 0.060668945
vn 0.96875 0.24023438 0.060668945
vn 0.96875 0.24023438 0.060668945
vn 0.96875 0.24023438 0.060668945
vn 0.9746094 0.021377563 -0.22216797
vn 0.9746094 0.021377563 -0.22216797
vn 0.9746094 0.021377563 -0.22216797
vn 0.9746094 0.021377563 -0.22216797
vn 0.91308594 0.10241699 0.39453125
vn 0.91308594 0.10241699 0.39453125
vn 0.91308594 0.10241699 0.39453125
vn 0.91308594 0.10241699 0.39453125
vn 0.99121094 -0.1005249 0.0836792
vn 0.99121094 -0.1005249 0.0836792
vn 0.99121094 -0.1005249 0.0836792
vn 0.99121094 -0.1005249 0.0836792
vn 0.20092773 0.5317383 -0.8227539
vn 0.20092773 0.5317383 -0.8227539
vn 0.20092773 0.5317383 -0.8227539
vn 0.20092773 0.5317383 -0.8227539
vn 0.9868164 0.15112305 -0.06097412
vn 0.9868164 0.15112305 -0.06097412
vn 0.9868164 0.15112305 -0.06097412
vn 0.9868164 0.15112305 -0.06097412
vn -0.05218506 0.97265625 0.22558594
vn -0.05218506 0.97265625 0.22558594
vn -0.05218506 0.97265625 0.22558594
vn -0.05218506 0.97265625 0.22558594
vn 0.9584961 0.08648682 0.27197266
vn 0.9584961 0.08648682 0.27197266
vn 0.9584961 0.08648682 0.27197266
vn 0.9584961 0.08648682 0.27197266
vn 0.94384766 0.32592773 -0.054840088
vn 0.94384766 0.32592773 -0.054840088
vn 0.94384766 0.32592773 -0.054840088
vn 0.94384766 0.32592773 -0.054840088
vn 0.6801758 0.73339844 -0.0039978027
vn 0.6801758 0.73339844 -0.0039978027
vn 0.6801758 0.73339844 -0.0039978027
vn 0.6801758 0.73339844 -0.0039978027
vn -0.0056152344 0.99560547 0.09490967
vn -0.0056152344 0.99560547 0.09490967
vn -0.0056152344 0.99560547 0.09490967
vn -0.0056152344 0.99560547 0.09490967
vn 0.016784668 0.9921875 0.125
vn 0.016784668 0.9921875 0.125
vn 0.016784668 0.9921875 0.125
vn 0.016784668 0.9921875 0.125
vn 0.7709961 0.63671875 -0.014762878
vn 0.7709961 0.63671875 -0.014762878
vn 0.7709961 0.63671875 -0.014762878
vn 0.7709961 0.63671875 -0.014762878
vn -0.8408203 0.27539062 -0.4658203
vn -0.8408203 0.27539062 -0.4658203
vn -0.8408203 0.27539062 -0.4658203
vn -0.8408203 0.27539062 -0.4658203
vn -0.99072266 0.12597656 -0.05154419
vn -0.99072266 0.12597656 -0.05154419
vn -0.99072266 0.12597656 -0.05154419
vn -0.99072266 0.12597656 -0.05154419
vn -0.8618164 0.12854004 0.49023438
vn -0.8618164 0.12854004 0.49023438
vn -0.8618164 0.12854004 0.49023438
vn -0.8618164 0.12854004 0.49023438
vn -0.86816406 0.4963379 0.0024681091
vn -0.86816406 0.4963379 0.0024681091
vn -0.86816406 0.4963379 0.0024681091
vn -0.86816406 0.4963379 0.0024681091
vn -0.21118164 0.97558594 -0.06100464
vn -0.21118164 0.97558594 -0.06100464
vn -0.21118164 0.97558594 -0.06100464
vn -0.21118164 0.97558594 -0.06100464
vn -0.2364502 0.9711914 -0.03515625
vn -0.2364502 0.9711914 -0.03515625
vn -0.17150879 0.9663086 -0.19299316
vn -0.17150879 0.9663086 -0.19299316
vn -0.17150879 0.9663086 -0.19299316
vn -0.17150879 0.9663086 -0.19299316
vn -0.9663086 0.101135254 -0.23657227
vn -0.9663086 0.101135254 -0.23657227
vn -0.9663086 0.101135254 -0.23657227
vn -0.9663086 0.101135254 -0.23657227
vn -1 0.012184143 -0.011955261
vn -1 0.012184143 -0.011955261
vn -1 0.012184143 -0.011955261
vn -1 0.012184143 -0.011955261
vn -1 0.0024814606 -0.021148682
vn -1 0.0024814606 -0.021148682
vn -1 0.0024814606 -0.021148682
vn -1 0.0024814606 -0.021148682
vn -0.57421875 0.31860352 -0.75390625
vn -0.57421875 0.31860352 -0.75390625
vn -0.57421875 0.31860352 -0.75390625
vn -0.57421875 0.31860352 -0.75390625
vn 0.024291992 0.9013672 -0.43188477
vn 0.024291992 0.9013672 -0.43188477
vn 0.024291992 0.9013672 -0.43188477
vn 0.024291992 0.9013672 -0.43188477
vn 0.34765625 0.00035595894 0.9375
vn 0.34765625 0.00035595894 0.9375
vn 0.34765625 0.00035595894 0.9375
vn 0.34765625 0.00035595894 0.9375
vn -0.04324341 0.99902344 -0.018630981
vn -0.04324341 0.99902344 -0.018630981
vn -0.04324341 0.99902344 -0.018630981
vn -0.04324341 0.99902344 -0.018630981
vn 0.95751953 0.26220703 -0.12017822
vn 0.95751953 0.26220703 -0.12017822
vn 0.95751953 0.26220703 -0.12017822
vn 0.95751953 0.26220703 -0.12017822
vn 0.1685791 0.1665039 0.9716797
vn 0.1685791 0.1665039 0.9716797
vn 0.1685791 0.1665039 0.9716797
vn 0.1685791 0.1665039 0.9716797
vn 0.9663086 0.24438477 0.08001709
vn 0.9663086 0.24438477 0.08001709
vn 0.9663086 0.24438477 0.08001709
vn 0.9663086 0.24438477 0.08001709
vn -0.5786133 0.14074707 0.80322266
vn -0.5786133 0.14074707 0.80322266
vn -0.5786133 0.14074707 0.80322266
vn -0.5786133 0.14074707 0.80322266
vn -0.9819336 0.119262695 -0.14562988
vn -0.9819336 0.119262695 -0.14562988
vn -0.9819336 0.119262695 -0.14562988
vn -0.9819336 0.119262695 -0.14562988
vn -0.9995117 0.012039185 -0.03427124
vn -0.9995117 0.012039185 -0.03427124
vn -0.9995117 0.012039185 -0.03427124
vn -0.9995117 0.012039185 -0.03427124
vn -0.9970703 0.043151855 0.064697266
vn -0.9970703 0.043151855 0.064697266
vn -0.9970703 0.043151855 0.064697266
vn -0.9970703 0.043151855 0.064697266
vn -0.16760254 0.9741211 0.15124512
vn -0.16760254 0.9741211 0.15124512
vn -0.16760254 0.9741211 0.15124512
vn -0.16760254 0.9741211 0.15124512
vn -0.33129883 0.21801758 0.91796875
vn -0.33129883 0.21801758 0.91796875
vn -0.33129883 0.21801758 0.91796875
vn -0.33129883 0.21801758 0.91796875
vn -0.99902344 0.041992188 -0.014549255
vn -0.99902344 0.041992188 -0.014549255
vn -0.99902344 0.041992188 -0.014549255
vn -0.99902344 0.041992188 -0.014549255
vn 0.13671875 0.4050293 0.9038086
vn 0.13671875 0.4050293 0.9038086
vn 0.13671875 0.4050293 0.9038086
vn 0.13671875 0.4050293 0.9038086
vn -0.15515137 0.98779297 0.007270813
vn -0.15515137 0.98779297 0.007270813
vn -0.15515137 0.98779297 0.007270813
vn -0.15515137 0.98779297 0.007270813
vn -0.99560547 0.032348633 -0.08795166
vn -0.99560547 0.032348633 -0.08795166
vn -0.99560547 0.032348633 -0.08795166
vn -0.99560547 0.032348633 -0.08795166
vn -0.89453125 0.054107666 0.4440918
vn -0.89453125 0.054107666 0.4440918
vn -0.89453125 0.054107666 0.4440918
vn -0.89453125 0.054107666 0.4440918
vn -0.99560547 0.010948181 0.09552002
vn -0.99560547 0.010948181 0.09552002
vn -0.99560547 0.010948181 0.09552002
vn -0.99560547 0.010948181 0.09552002
vn -0.69189453 0.1463623 -0.70703125
vn -0.69189453 0.1463623 -0.70703125
vn -0.69189453 0.1463623 -0.70703125
vn -0.69189453 0.1463623 -0.70703125
vn -0.12915039 0.5708008 -0.81103516
vn -0.12915039 0.5708008 -0.81103516
vn -0.12915039 0.5708008 -0.81103516
vn -0.12915039 0.5708008 -0.81103516
vn 0.012557983 1 0.012817383
vn 0.012557983 1 0.012817383
vn 0.012557983 1 0.012817383
vn 0.012557983 1 0.012817383
vn 0.9863281 0.16271973 -0.015037537
vn 0.9863281 0.16271973 -0.015037537
vn 0.9863281 0.16271973 -0.015037537
vn 0.9863281 0.16271973 -0.015037537
vn 0.97998047 0.19946289 0.00894165
vn 0.97998047 0.19946289 0.00894165
vn 0.97998047 0.19946289 0.00894165
vn 0.97998047 0.19946289 0.00894165
vn 0.93896484 0.09039307 0.3317871
vn 0.93896484 0.09039307 0.3317871
vn 0.93896484 0.09039307 0.3317871
vn 0.93896484 0.09039307 0.3317871
vn 0.2142334 0.1661377 -0.96240234
vn 0.2142334 0.1661377 -0.96240234
vn 0.2142334 0.1661377 -0.96240234
vn 0.2142334 0.1661377 -0.96240234
vn 0.6010742 0.5444336 -0.5854492
vn 0.6010742 0.5444336 -0.5854492
vn 0.6010742 0.5444336 -0.5854492
vn 0.6010742 0.5444336 -0.5854492
vn 0.9736328 0.2211914 0.052459717
vn 0.9736328 0.2211914 0.052459717
vn 0.9736328 0.2211914 0.052459717
vn 0.9736328 0.2211914 0.052459717
vn 0.52441406 0.8461914 -0.09692383
vn 0.52441406 0.8461914 -0.09692383
vn 0.52441406 0.8461914 -0.09692383
vn 0.52441406 0.8461914 -0.09692383
vn 0.96533203 0.21777344 -0.14343262
vn 0.96533203 0.21777344 -0.14343262
vn 0.96533203 0.21777344 -0.14343262
vn 0.96533203 0.21777344 -0.14343262
vn 0.94384766 0.2692871 -0.19213867
vn 0.94384766 0.2692871 -0.19213867
vn 0.94384766 0.2692871 -0.19213867
vn 0.94384766 0.2692871 -0.19213867
vn 0.9975586 0.0637207 0.029708862
vn 0.9975586 0.0637207 0.029708862
vn 0.9975586 0.0637207 0.029708862
vn 0.9975586 0.0637207 0.029708862
vn 0.9785156 0.0690918 -0.19299316
vn 0.9785156 0.0690918 -0.19299316
vn 0.9785156 0.0690918 -0.19299316
vn 0.9785156 0.0690918 -0.19299316
vn 0.9902344 0.011268616 0.13806152
vn 0.9902344 0.011268616 0.13806152
vn 0.9902344 0.011268616 0.13806152
vn 0.9902344 0.011268616 0.13806152
vn -0.21179199 0.9760742 -0.045928955
vn -0.21179199 0.9760742 -0.045928955
vn -0.21179199 0.9760742 -0.045928955
vn -0.21179199 0.9760742 -0.045928955
vn -0.12756348 0.98779297 0.08898926
vn -0.12756348 0.98779297 0.08898926
vn -0.12756348 0.98779297 0.08898926
vn -0.12756348 0.98779297 0.08898926
vn -0.9692383 0.17712402 -0.17126465
vn -0.9692383 0.17712402 -0.17126465
vn -0.9692383 0.17712402 -0.17126465
vn -0.9692383 0.17712402 -0.17126465
vn -0.028961182 -0.033081055 -0.99902344
vn -0.028961182 -0.033081055 -0.99902344
vn -0.028961182 -0.033081055 -0.99902344
vn -0.028961182 -0.033081055 -0.99902344
vn 0.044128418 0.99902344 0.0006098747
vn 0.044128418 0.99902344 0.0006098747
vn 0.044128418 0.99902344 0.0006098747
vn 0.044128418 0.99902344 0.0006098747
vn 0.045043945 0.99902344 -0.0027160645
vn 0.045043945 0.99902344 -0.0027160645
vn 0.045043945 0.99902344 -0.0027160645
vn -0.9692383 0.13720703 -0.20483398
vn -0.9692383 0.13720703 -0.20483398
vn -0.9692383 0.13720703 -0.20483398
vn -0.9692383 0.13720703 -0.20483398
vn -0.97998047 0.12866211 0.15307617
vn -0.97998047 0.12866211 0.15307617
vn -0.97998047 0.12866211 0.15307617
vn -0.97998047 0.12866211 0.15307617
vn -0.066345215 0.0154418945 0.9975586
vn -0.066345215 0.0154418945 0.9975586
vn -0.066345215 0.0154418945 0.9975586
vn -0.066345215 0.0154418945 0.9975586
vn -0.066223145 0.9970703 0.032714844
vn -0.066223145 0.9970703 0.032714844
vn -0.066223145 0.9970703 0.032714844
vn -0.066223145 0.9970703 0.032714844
vn -0.091308594 0.9951172 0.037506104
vn -0.012184143 0.109558105 -0.9941406
vn -0.012184143 0.109558105 -0.9941406
vn -0.012184143 0.109558105 -0.9941406
vn -0.012184143 0.109558105 -0.9941406
vn -0.98535156 0.17016602 -0.016448975
vn -0.98535156 0.17016602 -0.016448975
vn -0.98535156 0.17016602 -0.016448975
vn -0.98535156 0.17016602 -0.016448975
vn 0.99365234 0.099975586 0.05340576
vn 0.99365234 0.099975586 0.05340576
vn 0.99365234 0.099975586 0.05340576
vn 0.99365234 0.099975586 0.05340576
vn 0.5600586 0.14221191 0.81640625
vn 0.5600586 0.14221191 0.81640625
vn 0.5600586 0.14221191 0.81640625
vn 0.5600586 0.14221191 0.81640625
vn 0.33374023 0.25805664 -0.9067383
vn 0.33374023 0.25805664 -0.9067383
vn 0.33374023 0.25805664 -0.9067383
vn 0.33374023 0.25805664 -0.9067383
vn 0.09075928 0.08001709 -0.9926758
vn 0.09075928 0.08001709 -0.9926758
vn 0.09075928 0.08001709 -0.9926758
vn 0.09075928 0.08001709 -0.9926758
vn -0.007217407 0.9995117 0.03050232
vn -0.007217407 0.9995117 0.03050232
vn -0.007217407 0.9995117 0.03050232
vn -0.007217407 0.9995117 0.03050232
vn 0.9584961 0.19519043 -0.20715332
vn 0.9584961 0.19519043 -0.20715332
vn 0.9584961 0.19519043 -0.20715332
vn 0.9584961 0.19519043 -0.20715332
vn -0.0045928955 0.9980469 -0.06201172
vn -0.0045928955 0.9980469 -0.06201172
vn -0.0045928955 0.9980469 -0.06201172
vn -0.0045928955 0.9980469 -0.06201172
vn 0.11627197 0.9819336 -0.15026855
vn 0.11627197 0.9819336 -0.15026855
vn 0.11627197 0.9819336 -0.15026855
vn 0.11627197 0.9819336 -0.15026855
vn 0.9951172 0.08081055 -0.056121826
vn 0.9951172 0.08081055 -0.056121826
vn 0.9951172 0.08081055 -0.056121826
vn 0.9951172 0.08081055 -0.056121826
vn 0.9921875 0.08239746 0.09503174
vn 0.9921875 0.08239746 0.09503174
vn 0.9921875 0.08239746 0.09503174
vn 0.9921875 0.08239746 0.09503174
vn 0.22424316 0.9741211 0.019317627
vn 0.22424316 0.9741211 0.019317627
vn 0.22424316 0.9741211 0.019317627
vn 0.22424316 0.9741211 0.019317627
vn 0.4111328 0.9033203 0.12072754
vn 0.4111328 0.9033203 0.12072754
vn 0.4111328 0.9033203 0.12072754
vn 0.4111328 0.9033203 0.12072754
vn 0.9916992 0.11383057 -0.05783081
vn 0.9916992 0.11383057 -0.05783081
vn 0.9916992 0.11383057 -0.05783081
vn 0.9916992 0.11383057 -0.05783081
vn -0.014968872 1 -0.008308411
vn -0.014968872 1 -0.008308411
vn -0.014968872 1 -0.008308411
vn -0.014968872 1 -0.008308411
vn 0.91845703 0.16064453 0.3618164
vn 0.91845703 0.16064453 0.3618164
vn 0.91845703 0.16064453 0.3618164
vn 0.91845703 0.16064453 0.3618164
vn -0.031280518 0.96435547 0.26245117
vn -0.031280518 0.96435547 0.26245117
vn -0.031280518 0.96435547 0.26245117
vn -0.031280518 0.96435547 0.26245117
vn 0.40600586 0.44140625 0.80029297
vn 0.40600586 0.44140625 0.80029297
vn 0.40600586 0.44140625 0.80029297
vn 0.40600586 0.44140625 0.80029297
vn 0.25390625 0.9658203 -0.049865723
vn 0.25390625 0.9658203 -0.049865723
vn 0.25390625 0.9658203 -0.049865723
vn 0.25390625 0.9658203 -0.049865723
vn 0.24230957 0.9692383 0.047943115
vn 0.24230957 0.9692383 0.047943115
vn 0.24230957 0.9692383 0.047943115
vn 0.24230957 0.9692383 0.047943115
vn 1 0.0041770935 0.004020691
vn 1 0.0041770935 0.004020691
vn 1 0.0041770935 0.004020691
vn 1 0.0041770935 0.004020691
vn 0.25805664 0.9580078 0.12548828
vn 0.25805664 0.9580078 0.12548828
vn 0.25805664 0.9580078 0.12548828
vn 0.25805664 0.9580078 0.12548828
vn 0.9785156 0.11413574 0.17248535
vn 0.9785156 0.11413574 0.17248535
vn 0.9785156 0.11413574 0.17248535
vn 0.9785156 0.11413574 0.17248535
vn 0.74121094 0.42211914 -0.5214844
vn 0.74121094 0.42211914 -0.5214844
vn 0.74121094 0.42211914 -0.5214844
vn 0.74121094 0.42211914 -0.5214844
vn 0.6845703 0.46484375 0.56152344
vn 0.6845703 0.46484375 0.56152344
vn 0.6845703 0.46484375 0.56152344
vn 0.6845703 0.46484375 0.56152344
vn -0.9399414 0.3154297 -0.1307373
vn -0.9399414 0.3154297 -0.1307373
vn -0.9399414 0.3154297 -0.1307373
vn -0.9399414 0.3154297 -0.1307373
vn -0.82177734 0.18359375 0.5395508
vn -0.82177734 0.18359375 0.5395508
vn -0.82177734 0.18359375 0.5395508
vn -0.82177734 0.18359375 0.5395508
vn -0.98876953 0.14868164 0.017578125
vn -0.98876953 0.14868164 0.017578125
vn -0.98876953 0.14868164 0.017578125
vn -0.98876953 0.14868164 0.017578125
vn -0.95751953 0.27368164 0.090270996
vn -0.95751953 0.27368164 0.090270996
vn -0.95751953 0.27368164 0.090270996
vn -0.95751953 0.27368164 0.090270996
vn -0.9321289 0.33520508 -0.13684082
vn -0.9321289 0.33520508 -0.13684082
vn -0.9321289 0.33520508 -0.13684082
vn -0.9321289 0.33520508 -0.13684082
vn -0.93847656 0.3232422 -0.1227417
vn -0.93847656 0.3232422 -0.1227417
vn -0.93847656 0.3232422 -0.1227417
vn -0.13464355 0.9868164 -0.09008789
vn -0.13464355 0.9868164 -0.09008789
vn -0.13464355 0.9868164 -0.09008789
vn -0.13464355 0.9868164 -0.09008789
vn -0.953125 0.26733398 0.14172363
vn -0.953125 0.26733398 0.14172363
vn -0.953125 0.26733398 0.14172363
vn -0.953125 0.26733398 0.14172363
vn -0.12365723 0.9921875 -0.0020618439
vn -0.12365723 0.9921875 -0.0020618439
vn -0.12365723 0.9921875 -0.0020618439
vn -0.12365723 0.9921875 -0.0020618439
vn 0.017120361 0.9995117 -0.01461792
vn 0.017120361 0.9995117 -0.01461792
vn 0.017120361 0.9995117 -0.01461792
vn 0.017120361 0.9995117 -0.01461792
vn -0.25390625 0.9604492 0.11468506
vn -0.25390625 0.9604492 0.11468506
vn -0.25390625 0.9604492 0.11468506
vn -0.25390625 0.9604492 0.11468506
vn -0.9555664 0.17126465 0.23913574
vn -0.9555664 0.17126465 0.23913574
vn -0.9555664 0.17126465 0.23913574
vn -0.9555664 0.17126465 0.23913574
vn -0.9970703 0.07550049 -0.013092041
vn -0.9970703 0.07550049 -0.013092041
vn -0.9970703 0.07550049 -0.013092041
vn -0.9970703 0.07550049 -0.013092041
vn -0.9345703 0.12072754 0.33422852
vn -0.9345703 0.12072754 0.33422852
vn -0.9345703 0.12072754 0.33422852
vn -0.9345703 0.12072754 0.33422852
vn -0.067993164 0.9970703 0.02947998
vn -0.067993164 0.9970703 0.02947998
vn -0.067993164 0.9970703 0.02947998
vn -0.067993164 0.9970703 0.02947998
vn -0.079711914 0.99658203 0.008918762
vn -0.042907715 0.99902344 -0.013427734
vn -0.042907715 0.99902344 -0.013427734
vn -0.042907715 0.99902344 -0.013427734
vn -0.042907715 0.99902344 -0.013427734
vn -0.9272461 0.17614746 0.33007812
vn -0.9272461 0.17614746 0.33007812
vn -0.9272461 0.17614746 0.33007812
vn -0.9272461 0.17614746 0.33007812
vn -0.1418457 0.9897461 -0.008087158
vn -0.1418457 0.9897461 -0.008087158
vn -0.1418457 0.9897461 -0.008087158
vn -0.1418457 0.9897461 -0.008087158
vn -0.9536133 0.11218262 -0.27929688
vn -0.9536133 0.11218262 -0.27929688
vn -0.9536133 0.11218262 -0.27929688
vn -0.9536133 0.11218262 -0.27929688
vn -0.9746094 0.0597229 -0.21557617
vn -0.9746094 0.0597229 -0.21557617
vn -0.9746094 0.0597229 -0.21557617
vn -0.9746094 0.0597229 -0.21557617
vn -0.0023517609 1 0.00040841103
vn -0.0023517609 1 0.00040841103
vn -0.0023517609 1 0.00040841103
vn -0.0023517609 1 0.00040841103
vn -0.99316406 0.1126709 0.032226562
vn -0.99316406 0.1126709 0.032226562
vn -0.99316406 0.1126709 0.032226562
vn -0.99316406 0.1126709 0.032226562
vn -0.08270264 0.99658203 -0.010177612
vn -0.08270264 0.99658203 -0.010177612
vn -0.08270264 0.99658203 -0.010177612
vn -0.08270264 0.99658203 -0.010177612
vn -0.99609375 -0.08325195 -0.03604126
vn -0.99609375 -0.08325195 -0.03604126
vn -0.99609375 -0.08325195 -0.03604126
vn -0.99609375 -0.08325195 -0.03604126
vn -0.009750366 1 0.0032138824
vn -0.009750366 1 0.0032138824
vn -0.009750366 1 0.0032138824
vn -0.009750366 1 0.0032138824
vn -0.1640625 0.18835449 -0.9682617
vn -0.1640625 0.18835449 -0.9682617
vn -0.1640625 0.18835449 -0.9682617
vn -0.1640625 0.18835449 -0.9682617
vn -0.99609375 0.08905029 -0.015625
vn -0.99609375 0.08905029 -0.015625
vn -0.99609375 0.08905029 -0.015625
vn -0.99609375 0.08905029 -0.015625
vn 0.09106445 -0.0670166 0.99365234
vn 0.09106445 -0.0670166 0.99365234
vn 0.09106445 -0.0670166 0.99365234
vn 0.09106445 -0.0670166 0.99365234
vn -0.96875 -0.17822266 -0.17126465
vn -0.96875 -0.17822266 -0.17126465
vn -0.96875 -0.17822266 -0.17126465
vn -0.96875 -0.17822266 -0.17126465
vn 0.02319336 0.9873047 -0.15686035
vn 0.02319336 0.9873047 -0.15686035
vn 0.02319336 0.9873047 -0.15686035
vn 0.02319336 0.9873047 -0.15686035
vn -0.97998047 0.14880371 0.13256836
vn -0.97998047 0.14880371 0.13256836
vn -0.97998047 0.14880371 0.13256836
vn -0.97998047 0.14880371 0.13256836
vn 0.5966797 0.28149414 0.75146484
vn 0.5966797 0.28149414 0.75146484
vn 0.5966797 0.28149414 0.75146484
vn 0.5966797 0.28149414 0.75146484
vn 0.9589844 -0.07019043 -0.27416992
vn 0.9589844 -0.07019043 -0.27416992
vn 0.9589844 -0.07019043 -0.27416992
vn 0.9589844 -0.07019043 -0.27416992
vn 0.14147949 0.9897461 -0.0016365051
vn 0.14147949 0.9897461 -0.0016365051
vn 0.14147949 0.9897461 -0.0016365051
vn 0.14147949 0.9897461 -0.0016365051
vn 0.99902344 0.044769287 0.006793976
vn 0.99902344 0.044769287 0.006793976
vn 0.99902344 0.044769287 0.006793976
vn 0.99902344 0.044769287 0.006793976
vn 0.5 0.86572266 0.0115737915
vn 0.5 0.86572266 0.0115737915
vn 0.5 0.86572266 0.0115737915
vn 0.5 0.86572266 0.0115737915
vn 0.9526367 0.24157715 0.18457031
vn 0.9526367 0.24157715 0.18457031
vn 0.9526367 0.24157715 0.18457031
vn 0.9526367 0.24157715 0.18457031
vn -0.00013935566 1 -0.0035762787
vn -0.00013935566 1 -0.0035762787
vn -0.00013935566 1 -0.0035762787
vn -0.00013935566 1 -0.0035762787
vn -0.012046814 0.9995117 -0.022064209
vn -0.012046814 0.9995117 -0.022064209
vn -0.012046814 0.9995117 -0.022064209
vn -0.012046814 0.9995117 -0.022064209
vn 0.99609375 -0.06750488 0.05380249
vn 0.99609375 -0.06750488 0.05380249
vn 0.99609375 -0.06750488 0.05380249
vn 0.99609375 -0.06750488 0.05380249
vn 0.74121094 0.23962402 0.6269531
vn 0.74121094 0.23962402 0.6269531
vn 0.74121094 0.23962402 0.6269531
vn 0.74121094 0.23962402 0.6269531
vn -0.029403687 0.98095703 -0.19104004
vn -0.029403687 0.98095703 -0.19104004
vn -0.029403687 0.98095703 -0.19104004
vn -0.029403687 0.98095703 -0.19104004
vn -0.26879883 0.026367188 -0.9628906
vn -0.26879883 0.026367188 -0.9628906
vn -0.26879883 0.026367188 -0.9628906
vn -0.26879883 0.026367188 -0.9628906
vn -0.65283203 0.7558594 -0.049102783
vn -0.65283203 0.7558594 -0.049102783
vn -0.65283203 0.7558594 -0.049102783
vn -0.65283203 0.7558594 -0.049102783
vn -0.98046875 0.0703125 -0.18371582
vn -0.98046875 0.0703125 -0.18371582
vn -0.98046875 0.0703125 -0.18371582
vn -0.98046875 0.0703125 -0.18371582
vn -0.021011353 0.9995117 -0.0102005005
vn -0.021011353 0.9995117 -0.0102005005
vn -0.021011353 0.9995117 -0.0102005005
vn -0.021011353 0.9995117 -0.0102005005
vn 0.88183594 0.30151367 0.36206055
vn 0.88183594 0.30151367 0.36206055
vn 0.88183594 0.30151367 0.36206055
vn 0.88183594 0.30151367 0.36206055
vn -0.029449463 0.08288574 0.99609375
vn -0.029449463 0.08288574 0.99609375
vn -0.029449463 0.08288574 0.99609375
vn -0.029449463 0.08288574 0.99609375
vn 0.020263672 0.9980469 0.05670166
vn 0.020263672 0.9980469 0.05670166
vn 0.020263672 0.9980469 0.05670166
vn 0.020263672 0.9980469 0.05670166
vn 0.96972656 0.24377441 0.02331543
vn 0.96972656 0.24377441 0.02331543
vn 0.96972656 0.24377441 0.02331543
vn 0.96972656 0.24377441 0.02331543
vn 0.9243164 0.3293457 -0.1920166
vn 0.9243164 0.3293457 -0.1920166
vn 0.9243164 0.3293457 -0.1920166
vn 0.9243164 0.3293457 -0.1920166
vn -0.99072266 0.13696289 0.010169983
vn -0.99072266 0.13696289 0.010169983
vn -0.99072266 0.13696289 0.010169983
vn -0.99072266 0.13696289 0.010169983
vn 0.9243164 0.0087509155 -0.38183594
vn 0.9243164 0.0087509155 -0.38183594
vn 0.9243164 0.0087509155 -0.38183594
vn 0.9243164 0.0087509155 -0.38183594
vn -0.07873535 0.9970703 -0.0061073303
vn -0.07873535 0.9970703 -0.0061073303
vn -0.07873535 0.9970703 -0.0061073303
vn -0.07873535 0.9970703 -0.0061073303
vn -0.9716797 0.2084961 -0.11004639
vn -0.9716797 0.2084961 -0.11004639
vn -0.9716797 0.2084961 -0.11004639
vn -0.9716797 0.2084961 -0.11004639
vn -0.042877197 0.99560547 0.081848145
vn -0.042877197 0.99560547 0.081848145
vn -0.042877197 0.99560547 0.081848145
vn -0.042877197 0.99560547 0.081848145
vn -0.9345703 0.3166504 0.16247559
vn -0.9345703 0.3166504 0.16247559
vn -0.9345703 0.3166504 0.16247559
vn -0.9345703 0.3166504 0.16247559
vn -0.9008789 0.014518738 0.4338379
vn -0.9008789 0.014518738 0.4338379
vn -0.9008789 0.014518738 0.4338379
vn -0.9008789 0.014518738 0.4338379
vn -0.38305664 0.7993164 0.46313477
vn -0.38305664 0.7993164 0.46313477
vn -0.38305664 0.7993164 0.46313477
vn -0.38305664 0.7993164 0.46313477
vn 0.016296387 1 -0.00018596649
vn 0.016296387 1 -0.00018596649
vn 0.016296387 1 -0.00018596649
vn 0.016296387 1 -0.00018596649
vn 0.037628174 0.99902344 -0.008811951
vn 0.037628174 0.99902344 -0.008811951
vn 0.037628174 0.99902344 -0.008811951
vn 0.9951172 0.09844971 0.011917114
vn 0.9951172 0.09844971 0.011917114
vn 0.9951172 0.09844971 0.011917114
vn 0.9951172 0.09844971 0.011917114
vn -0.10662842 -0.054595947 -0.9926758
vn -0.10662842 -0.054595947 -0.9926758
vn -0.10662842 -0.054595947 -0.9926758
vn -0.10662842 -0.054595947 -0.9926758
vn -0.9941406 0.10144043 0.036621094
vn -0.9941406 0.10144043 0.036621094
vn -0.9941406 0.10144043 0.036621094
vn -0.9941406 0.10144043 0.036621094
vn -0.9980469 0.059295654 0.026901245
vn -0.9980469 0.059295654 0.026901245
vn -0.9980469 0.059295654 0.026901245
vn -0.12017822 0.9926758 -0.010070801
vn -0.12017822 0.9926758 -0.010070801
vn -0.12017822 0.9926758 -0.010070801
vn -0.12017822 0.9926758 -0.010070801
vn -1 0.013336182 -0.011642456
vn -1 0.013336182 -0.011642456
vn -1 0.013336182 -0.011642456
vn -0.9995117 -0.0025177002 -0.025146484
vn -0.9995117 -0.0025177002 -0.025146484
vn -0.98535156 0.10083008 -0.13903809
vn -0.98535156 0.10083008 -0.13903809
vn -0.98535156 0.10083008 -0.13903809
vn -0.98535156 0.10083008 -0.13903809
vn 0.70214844 0.15966797 -0.69384766
vn 0.70214844 0.15966797 -0.69384766
vn 0.70214844 0.15966797 -0.69384766
vn 0.70214844 0.15966797 -0.69384766
vn 0.06921387 0.9975586 0.011734009
vn 0.06921387 0.9975586 0.011734009
vn 0.06921387 0.9975586 0.011734009
vn 0.06921387 0.9975586 0.011734009
vn 0.27416992 0.9560547 0.10510254
vn 0.27416992 0.9560547 0.10510254
vn 0.27416992 0.9560547 0.10510254
vn 0.27416992 0.9560547 0.10510254
vn -0.109375 0.036590576 0.99316406
vn -0.109375 0.036590576 0.99316406
vn -0.109375 0.036590576 0.99316406
vn -0.109375 0.036590576 0.99316406
vn -0.023345947 0.9995117 0.008178711
vn -0.023345947 0.9995117 0.008178711
vn -0.023345947 0.9995117 0.008178711
vn -0.023345947 0.9995117 0.008178711
vn -0.023345947 0.9995117 0.008178711
vn 0.33813477 0.9404297 -0.03265381
vn 0.33813477 0.9404297 -0.03265381
vn 0.33813477 0.9404297 -0.03265381
vn 0.33813477 0.9404297 -0.03265381
vn 0.9609375 0.27368164 0.040283203
vn 0.9609375 0.27368164 0.040283203
vn 0.9609375 0.27368164 0.040283203
vn 0.9609375 0.27368164 0.040283203
vn -0.9526367 0.30371094 0.016464233
vn -0.9526367 0.30371094 0.016464233
vn -0.9526367 0.30371094 0.016464233
vn -0.9526367 0.30371094 0.016464233
vn -0.8852539 0.46044922 -0.06390381
vn -0.8852539 0.46044922 -0.06390381
vn -0.8852539 0.46044922 -0.06390381
vn -0.8852539 0.46044922 -0.06390381
vn 0.039978027 0.99853516 -0.033081055
vn 0.039978027 0.99853516 -0.033081055
vn 0.039978027 0.99853516 -0.033081055
vn 0.039978027 0.99853516 -0.033081055
vn -0.005886078 1 0.007671356
vn -0.005886078 1 0.007671356
vn -0.005886078 1 0.007671356
vn -0.005886078 1 0.007671356
vn -0.9941406 0.07684326 -0.074035645
vn -0.9941406 0.07684326 -0.074035645
vn -0.9941406 0.07684326 -0.074035645
vn -0.9941406 0.07684326 -0.074035645
vn 0.007881165 1 0.01687622
vn 0.007881165 1 0.01687622
vn 0.007881165 1 0.01687622
vn 0.007881165 1 0.01687622
vn -0.0049552917 0.9980469 -0.061645508
vn -0.0049552917 0.9980469 -0.061645508
vn -0.0049552917 0.9980469 -0.061645508
vn -0.0049552917 0.9980469 -0.061645508
vn 0.8613281 0.5078125 0.024856567
vn 0.8613281 0.5078125 0.024856567
vn 0.8613281 0.5078125 0.024856567
vn 0.8613281 0.5078125 0.024856567
vn 0.98779297 0.13745117 -0.076171875
vn 0.98779297 0.13745117 -0.076171875
vn 0.98779297 0.13745117 -0.076171875
vn 0.98779297 0.13745117 -0.076171875
vn -0.53759766 0.8144531 -0.21826172
vn -0.53759766 0.8144531 -0.21826172
vn -0.53759766 0.8144531 -0.21826172
vn -0.53759766 0.8144531 -0.21826172
vn -0.8076172 0.5839844 -0.08282471
vn -0.8076172 0.5839844 -0.08282471
vn -0.8076172 0.5839844 -0.08282471
vn -0.8076172 0.5839844 -0.08282471
vn -0.48657227 -0.015182495 -0.87353516
vn -0.48657227 -0.015182495 -0.87353516
vn -0.48657227 -0.015182495 -0.87353516
vn -0.48657227 -0.015182495 -0.87353516
vn 0.9848633 0.1730957 0.006385803
vn 0.9848633 0.1730957 0.006385803
vn 0.9848633 0.1730957 0.006385803
vn 0.9848633 0.1730957 0.006385803
vn 0.8544922 -0.024520874 -0.51904297
vn 0.8544922 -0.024520874 -0.51904297
vn 0.8544922 -0.024520874 -0.51904297
vn 0.8544922 -0.024520874 -0.51904297
vn -0.07128906 0.8071289 -0.5859375
vn -0.07128906 0.8071289 -0.5859375
vn -0.07128906 0.8071289 -0.5859375
vn -0.07128906 0.8071289 -0.5859375
vn 0.3251953 0.17199707 -0.9296875
vn 0.3251953 0.17199707 -0.9296875
vn 0.3251953 0.17199707 -0.9296875
vn 0.3251953 0.17199707 -0.9296875
vn -0.23791504 0.21826172 -0.94628906
vn -0.23791504 0.21826172 -0.94628906
vn -0.23791504 0.21826172 -0.94628906
vn -0.23791504 0.21826172 -0.94628906
vn -0.73535156 -0.67285156 -0.081970215
vn -0.73535156 -0.67285156 -0.081970215
vn -0.73535156 -0.67285156 -0.081970215
vn -0.73535156 -0.67285156 -0.081970215
vn -0.47509766 0.16101074 -0.8652344
vn -0.47509766 0.16101074 -0.8652344
vn -0.47509766 0.16101074 -0.8652344
vn -0.47509766 0.16101074 -0.8652344
vn 0.6611328 0.07183838 -0.7470703
vn 0.6611328 0.07183838 -0.7470703
vn 0.6611328 0.07183838 -0.7470703
vn 0.6611328 0.07183838 -0.7470703
vn -0.14282227 0.25317383 -0.95703125
vn -0.14282227 0.25317383 -0.95703125
vn -0.14282227 0.25317383 -0.95703125
vn -0.14282227 0.25317383 -0.95703125
vn 0.5395508 0.1953125 0.81933594
vn 0.5395508 0.1953125 0.81933594
vn 0.5395508 0.1953125 0.81933594
vn 0.5395508 0.1953125 0.81933594
vn 0.6611328 0.08898926 0.7451172
vn 0.6611328 0.08898926 0.7451172
vn 0.6611328 0.08898926 0.7451172
vn 0.6611328 0.08898926 0.7451172
vn -0.59375 -0.13183594 0.7939453
vn -0.59375 -0.13183594 0.7939453
vn -0.59375 -0.13183594 0.7939453
vn -0.59375 -0.13183594 0.7939453
vn -0.21923828 0.38256836 0.89746094
vn -0.21923828 0.38256836 0.89746094
vn -0.21923828 0.38256836 0.89746094
vn -0.21923828 0.38256836 0.89746094
vn -0.08258057 0.4501953 0.88916016
vn -0.08258057 0.4501953 0.88916016
vn -0.08258057 0.4501953 0.88916016
vn -0.08258057 0.4501953 0.88916016
vn 0.99853516 -0.03857422 0.03643799
vn 0.99853516 -0.03857422 0.03643799
vn 0.99853516 -0.03857422 0.03643799
vn 0.99853516 -0.03857422 0.03643799
vn 0.73583984 0.67578125 0.049346924
vn 0.73583984 0.67578125 0.049346924
vn 0.73583984 0.67578125 0.049346924
vn 0.73583984 0.67578125 0.049346924
vn 0.6069336 0.79345703 0.03845215
vn 0.6069336 0.79345703 0.03845215
vn 0.6069336 0.79345703 0.03845215
vn 0.6069336 0.79345703 0.03845215
vn 0.9916992 0.05505371 0.11602783
vn 0.9916992 0.05505371 0.11602783
vn 0.9916992 0.05505371 0.11602783
vn 0.9916992 0.05505371 0.11602783
vn -0.34887695 0.9355469 0.05731201
vn -0.34887695 0.9355469 0.05731201
vn -0.34887695 0.9355469 0.05731201
vn -0.34887695 0.9355469 0.05731201
vn -0.328125 0.94433594 -0.027709961
vn -0.328125 0.94433594 -0.027709961
vn -0.328125 0.94433594 -0.027709961
vn -0.328125 0.94433594 -0.027709961
vn -0.99560547 0.074279785 0.059631348
vn -0.99560547 0.074279785 0.059631348
vn -0.99560547 0.074279785 0.059631348
vn -0.99560547 0.074279785 0.059631348
vn -0 1 0
vn -0 1 0
vn -0 1 0
vn -0 1 0
vn -0 1 0
vn -0 1 0
vn -0 1 0
vn 0.028671265 0.36157227 -0.9316406
vn 0.028671265 0.36157227 -0.9316406
vn 0.028671265 0.36157227 -0.9316406
vn 0.028671265 0.36157227 -0.9316406
vn -0.8676758 0.48413086 0.113342285
vn -0.8676758 0.48413086 0.113342285
vn -0.8676758 0.48413086 0.113342285
vn -0.8676758 0.48413086 0.113342285
vn -0 0.35302734 0.9355469
vn -0 0.35302734 0.9355469
vn -0 0.35302734 0.9355469
vn -0 0.35302734 0.9355469
vn 0.87109375 0.48583984 -0.06903076
vn 0.87109375 0.48583984 -0.06903076
vn 0.87109375 0.48583984 -0.06903076
vn 0.87109375 0.48583984 -0.06903076
vn -0.06567383 0.3642578 -0.9291992
vn -0.06567383 0.3642578 -0.9291992
vn -0.06567383 0.3642578 -0.9291992
vn -0.06567383 0.3642578 -0.9291992
vn 0.6044922 0.35351562 0.7138672
vn 0.6044922 0.35351562 0.7138672
vn 0.6044922 0.35351562 0.7138672
vn 0.6044922 0.35351562 0.7138672
vn 0.21655273 0.42260742 0.8798828
vn 0.21655273 0.42260742 0.8798828
vn 0.21655273 0.42260742 0.8798828
vn 0.21655273 0.42260742 0.8798828
vn -0 1 0
vn -0 1 0
vn -0 1 0
vn -0 1 0
vn -0 1 0
vn -0 1 0
vn -0 1 0
vn -0 1 0
vn 0.44873047 0.08544922 -0.88964844
vn 0.44873047 0.08544922 -0.88964844
vn 0.44873047 0.08544922 -0.88964844
vn 0.44873047 0.08544922 -0.88964844
vn -0.94628906 0.121520996 -0.2993164
vn -0.94628906 0.121520996 -0.2993164
vn -0.94628906 0.121520996 -0.2993164
vn -0.94628906 0.121520996 -0.2993164
vn 0.9296875 0.12200928 0.34716797
vn 0.9296875 0.12200928 0.34716797
vn 0.9296875 0.12200928 0.34716797
vn 0.9296875 0.12200928 0.34716797
vn 0.35620117 0.08618164 -0.9301758
vn 0.35620117 0.08618164 -0.9301758
vn 0.35620117 0.08618164 -0.9301758
vn 0.35620117 0.08618164 -0.9301758
vn -0 1 0
vn -0 1 0
vn -0 1 0
vn -0 1 0
vn -0 1 0
vn -0 1 0
vn -0 1 0
vn -0.36645508 0.3701172 -0.8535156
vn -0.36645508 0.3701172 -0.8535156
vn -0.36645508 0.3701172 -0.8535156
vn -0.36645508 0.3701172 -0.8535156
vn -0.7338867 0.49389648 0.46655273
vn -0.7338867 0.49389648 0.46655273
vn -0.7338867 0.49389648 0.46655273
vn -0.7338867 0.49389648 0.46655273
vn 0.39404297 0.36108398 0.84521484
vn 0.39404297 0.36108398 0.84521484
vn 0.39404297 0.36108398 0.84521484
vn 0.39404297 0.36108398 0.84521484
vn 0.7558594 0.49560547 -0.42797852
vn 0.7558594 0.49560547 -0.42797852
vn 0.7558594 0.49560547 -0.42797852
vn 0.7558594 0.49560547 -0.42797852
vn -0.45043945 0.37280273 -0.81103516
vn -0.45043945 0.37280273 -0.81103516
vn -0.45043945 0.37280273 -0.81103516
vn -0.45043945 0.37280273 -0.81103516
vn 0.8466797 0.3618164 0.38989258
vn 0.8466797 0.3618164 0.38989258
vn 0.8466797 0.3618164 0.38989258
vn 0.8466797 0.3618164 0.38989258
vn 0.5654297 0.43164062 0.7026367
vn 0.5654297 0.43164062 0.7026367
vn 0.5654297 0.43164062 0.7026367
vn 0.5654297 0.43164062 0.7026367
vn -0 1 0
vn -0 1 0
vn -0 1 0
vn -0 1 0
vn 0.46972656 0.11383057 0.8754883
vn 0.46972656 0.11383057 0.8754883
vn 0.46972656 0.11383057 0.8754883
vn 0.46972656 0.11383057 0.8754883
vn 0.7836914 0.16125488 -0.60009766
vn 0.7836914 0.16125488 -0.60009766
vn 0.7836914 0.16125488 -0.60009766
vn 0.7836914 0.16125488 -0.60009766
vn -0.49682617 0.110839844 -0.86083984
vn -0.49682617 0.110839844 -0.86083984
vn -0.49682617 0.110839844 -0.86083984
vn -0.49682617 0.110839844 -0.86083984
vn -0 1 0
vn -0 1 0
vn -0 1 0
vn -0 1 0
vn 0.55615234 0.114746094 0.8232422
vn 0.55615234 0.114746094 0.8232422
vn 0.55615234 0.114746094 0.8232422
vn 0.55615234 0.114746094 0.8232422
vn -0.9355469 0.11114502 -0.33544922
vn -0.9355469 0.11114502 -0.33544922
vn -0.9355469 0.11114502 -0.33544922
vn -0.9355469 0.11114502 -0.33544922
vn -0.68603516 0.13671875 -0.71484375
vn -0.68603516 0.13671875 -0.71484375
vn -0.68603516 0.13671875 -0.71484375
vn -0.68603516 0.13671875 -0.71484375
vn -0.04925537 0.99902344 0.0016813278
vn -0.04925537 0.99902344 0.0016813278
vn -0.04925537 0.99902344 0.0016813278
vn -0.04925537 0.99902344 0.0016813278
vn -0.04925537 0.99902344 0.0016813278
vn 0.7392578 0.19909668 -0.6435547
vn 0.7392578 0.19909668 -0.6435547
vn 0.7392578 0.19909668 -0.6435547
vn 0.7392578 0.19909668 -0.6435547
vn -0.7680664 0.19897461 -0.6088867
vn -0.7680664 0.19897461 -0.6088867
vn -0.7680664 0.19897461 -0.6088867
vn -0.7680664 0.19897461 -0.6088867
vn 0.6459961 0.18127441 0.7416992
vn 0.6459961 0.18127441 0.7416992
vn 0.6459961 0.18127441 0.7416992
vn 0.6459961 0.18127441 0.7416992
vn 0.2783203 0.20837402 -0.9375
vn 0.2783203 0.20837402 -0.9375
vn 0.2783203 0.20837402 -0.9375
vn 0.2783203 0.20837402 -0.9375
vn -0.02217102 0.99902344 -0.041412354
vn -0.02217102 0.99902344 -0.041412354
vn -0.02217102 0.99902344 -0.041412354
vn -0.02217102 0.99902344 -0.041412354
vn -0.02217102 0.99902344 -0.041412354
vn 0.9404297 0.0993042 0.32495117
vn 0.9404297 0.0993042 0.32495117
vn 0.9404297 0.0993042 0.32495117
vn 0.9404297 0.0993042 0.32495117
vn 0.12548828 0.09539795 -0.9873047
vn 0.12548828 0.09539795 -0.9873047
vn 0.12548828 0.09539795 -0.9873047
vn 0.12548828 0.09539795 -0.9873047
vn 0.96777344 0.10247803 -0.22998047
vn 0.96777344 0.10247803 -0.22998047
vn 0.96777344 0.10247803 -0.22998047
vn 0.96777344 0.10247803 -0.22998047
vn -0 1 0
vn -0 1 0
vn -0 1 0
vn -0 1 0
vn -0 1 0
vn -0 1 0
vn -0 1 0
vn 0.8588867 0.38061523 0.34301758
vn 0.8588867 0.38061523 0.34301758
vn 0.8588867 0.38061523 0.34301758
vn 0.8588867 0.38061523 0.34301758
vn 0.18737793 0.50683594 -0.8413086
vn 0.18737793 0.50683594 -0.8413086
vn 0.18737793 0.50683594 -0.8413086
vn 0.18737793 0.50683594 -0.8413086
vn -0.8720703 0.37231445 -0.3173828
vn -0.8720703 0.37231445 -0.3173828
vn -0.8720703 0.37231445 -0.3173828
vn -0.8720703 0.37231445 -0.3173828
vn -0.22973633 0.50878906 0.82958984
vn -0.22973633 0.50878906 0.82958984
vn -0.22973633 0.50878906 0.82958984
vn -0.22973633 0.50878906 0.82958984
vn 0.8881836 0.38354492 0.2536621
vn 0.8881836 0.38354492 0.2536621
vn 0.8881836 0.38354492 0.2536621
vn 0.8881836 0.38354492 0.2536621
vn -0.87060547 0.3725586 0.3215332
vn -0.87060547 0.3725586 0.3215332
vn -0.87060547 0.3725586 0.3215332
vn -0.87060547 0.3725586 0.3215332
vn -0.890625 0.4440918 -0.09643555
vn -0.890625 0.4440918 -0.09643555
vn -0.890625 0.4440918 -0.09643555
vn -0.890625 0.4440918 -0.09643555
vn -0 1 0
vn -0 1 0
vn -0 1 0
vn -0 1 0
vn -0 1 0
vn 0.29589844 0.16137695 0.94140625
vn 0.29589844 0.16137695 0.94140625
vn 0.29589844 0.16137695 0.94140625
vn 0.29589844 0.16137695 0.94140625
vn 0.9785156 0.11090088 -0.17260742
vn 0.9785156 0.11090088 -0.17260742
vn 0.9785156 0.11090088 -0.17260742
vn 0.9785156 0.11090088 -0.17260742
vn -0.24743652 0.16223145 -0.9550781
vn -0.24743652 0.16223145 -0.9550781
vn -0.24743652 0.16223145 -0.9550781
vn -0.24743652 0.16223145 -0.9550781
vn -0 1 0
vn -0 1 0
vn -0 1 0
vn -0 1 0
vn 0.6352539 0.111083984 -0.76416016
vn 0.6352539 0.111083984 -0.76416016
vn 0.6352539 0.111083984 -0.76416016
vn 0.6352539 0.111083984 -0.76416016
vn 0.90625 0.13659668 -0.40039062
vn 0.90625 0.13659668 -0.40039062
vn 0.90625 0.13659668 -0.40039062
vn 0.90625 0.13659668 -0.40039062
vn -0.021606445 0.9980469 -0.05722046
vn -0.021606445 0.9980469 -0.05722046
vn -0.021606445 0.9980469 -0.05722046
vn -0.021606445 0.9980469 -0.05722046
vn 0.9238281 0.19018555 0.33203125
vn 0.9238281 0.19018555 0.33203125
vn 0.9238281 0.19018555 0.33203125
vn 0.9238281 0.19018555 0.33203125
vn 0.33129883 0.2043457 -0.92089844
vn 0.33129883 0.2043457 -0.92089844
vn 0.33129883 0.2043457 -0.92089844
vn 0.33129883 0.2043457 -0.92089844
vn -0.9189453 0.20153809 -0.3388672
vn -0.9189453 0.20153809 -0.3388672
vn -0.9189453 0.20153809 -0.3388672
vn -0.9189453 0.20153809 -0.3388672
vn -0.3388672 0.19091797 0.9213867
vn -0.3388672 0.19091797 0.9213867
vn -0.3388672 0.19091797 0.9213867
vn -0.3388672 0.19091797 0.9213867
vn -0.033935547 0.99902344 -0.02633667
vn -0.033935547 0.99902344 -0.02633667
vn -0.033935547 0.99902344 -0.02633667
vn -0.033935547 0.99902344 -0.02633667
vn 0.9760742 0.09869385 -0.19470215
vn 0.9760742 0.09869385 -0.19470215
vn 0.9760742 0.09869385 -0.19470215
vn 0.9760742 0.09869385 -0.19470215
vn 0.046813965 0.1529541 -0.9873047
vn 0.046813965 0.1529541 -0.9873047
vn 0.046813965 0.1529541 -0.9873047
vn 0.046813965 0.1529541 -0.9873047
vn -0.9863281 0.12188721 0.109802246
vn -0.9863281 0.12188721 0.109802246
vn -0.9863281 0.12188721 0.109802246
vn -0.9863281 0.12188721 0.109802246
vn 0.19091797 0.16357422 0.96777344
vn 0.19091797 0.16357422 0.96777344
vn 0.19091797 0.16357422 0.96777344
vn 0.19091797 0.16357422 0.96777344
vn -0.04638672 0.9980469 0.039855957
vn -0.04638672 0.9980469 0.039855957
vn -0.04638672 0.9980469 0.039855957
vn -0.04638672 0.9980469 0.039855957
vn -0.0022239685 0.10845947 -0.9941406
vn -0.0022239685 0.10845947 -0.9941406
vn -0.0022239685 0.10845947 -0.9941406
vn -0.0022239685 0.10845947 -0.9941406
vn -0.002298355 0.11206055 0.99365234
vn -0.002298355 0.11206055 0.99365234
vn -0.002298355 0.11206055 0.99365234
vn -0.002298355 0.11206055 0.99365234
vn 0.9941406 0.10913086 0.0019302368
vn 0.9941406 0.10913086 0.0019302368
vn 0.9941406 0.10913086 0.0019302368
vn 0.9941406 0.10913086 0.0019302368
vn -0.013145447 0.99902344 0.040924072
vn -0.013145447 0.99902344 0.040924072
vn -0.013145447 0.99902344 0.040924072
vn -0.013145447 0.99902344 0.040924072
vn -0.51660156 0.09857178 -0.85058594
vn -0.51660156 0.09857178 -0.85058594
vn -0.51660156 0.09857178 -0.85058594
vn -0.51660156 0.09857178 -0.85058594
vn 0.4404297 0.12188721 0.88964844
vn 0.4404297 0.12188721 0.88964844
vn 0.4404297 0.12188721 0.88964844
vn 0.4404297 0.12188721 0.88964844
vn 0.8442383 0.16345215 -0.5102539
vn 0.8442383 0.16345215 -0.5102539
vn 0.8442383 0.16345215 -0.5102539
vn 0.8442383 0.16345215 -0.5102539
vn -0.024612427 0.9980469 0.057556152
vn -0.024612427 0.9980469 0.057556152
vn -0.024612427 0.9980469 0.057556152
vn -0.024612427 0.9980469 0.057556152
vn -0.005718231 0.33862305 -0.94091797
vn -0.005718231 0.33862305 -0.94091797
vn -0.005718231 0.33862305 -0.94091797
vn -0.005718231 0.33862305 -0.94091797
vn -0.87402344 0.33642578 0.35009766
vn -0.87402344 0.33642578 0.35009766
vn -0.87402344 0.33642578 0.35009766
vn -0.87402344 0.33642578 0.35009766
vn 0.13598633 0.38061523 0.9145508
vn 0.13598633 0.38061523 0.9145508
vn 0.13598633 0.38061523 0.9145508
vn 0.13598633 0.38061523 0.9145508
vn 0.8847656 0.30249023 -0.3540039
vn 0.8847656 0.30249023 -0.3540039
vn 0.8847656 0.30249023 -0.3540039
vn 0.8847656 0.30249023 -0.3540039
vn -0.015670776 0.99853516 0.046905518
vn -0.015670776 0.99853516 0.046905518
vn -0.015670776 0.99853516 0.046905518
vn -0.015670776 0.99853516 0.046905518
vn -0.01348114 0.99902344 0.045196533
vn -0.01348114 0.99902344 0.045196533
vn -0.01348114 0.99902344 0.045196533
vn -0.609375 0.36621094 -0.7036133
vn -0.609375 0.36621094 -0.7036133
vn -0.609375 0.36621094 -0.7036133
vn -0.609375 0.36621094 -0.7036133
vn 0.53759766 0.32006836 0.78027344
vn 0.53759766 0.32006836 0.78027344
vn 0.53759766 0.32006836 0.78027344
vn 0.53759766 0.32006836 0.78027344
vn -0.3076172 0.30249023 -0.90234375
vn -0.3076172 0.30249023 -0.90234375
vn -0.3076172 0.30249023 -0.90234375
vn -0.3076172 0.30249023 -0.90234375
vn 0.29785156 0.31225586 0.90234375
vn 0.29785156 0.31225586 0.90234375
vn 0.29785156 0.31225586 0.90234375
vn 0.29785156 0.31225586 0.90234375
vn 0.048858643 0.9980469 0.03857422
vn 0.048858643 0.9980469 0.03857422
vn 0.048858643 0.9980469 0.03857422
vn 0.048858643 0.9980469 0.03857422
vn -0.91015625 0.33862305 -0.23803711
vn -0.91015625 0.33862305 -0.23803711
vn -0.91015625 0.33862305 -0.23803711
vn -0.91015625 0.33862305 -0.23803711
vn 0.11212158 0.33618164 0.9350586
vn 0.11212158 0.33618164 0.9350586
vn 0.11212158 0.33618164 0.9350586
vn 0.11212158 0.33618164 0.9350586
vn 0.91845703 0.38110352 0.105773926
vn 0.91845703 0.38110352 0.105773926
vn 0.91845703 0.38110352 0.105773926
vn 0.91845703 0.38110352 0.105773926
vn -0.11303711 0.30249023 -0.94628906
vn -0.11303711 0.30249023 -0.94628906
vn -0.11303711 0.30249023 -0.94628906
vn -0.11303711 0.30249023 -0.94628906
vn 0.041381836 0.99853516 0.02760315
vn 0.041381836 0.99853516 0.02760315
vn 0.041381836 0.99853516 0.02760315
vn 0.041381836 0.99853516 0.02760315
vn 0.039978027 0.99902344 0.024749756
vn 0.039978027 0.99902344 0.024749756
vn -0.83740234 0.36572266 0.40649414
vn -0.83740234 0.36572266 0.40649414
vn -0.83740234 0.36572266 0.40649414
vn -0.83740234 0.36572266 0.40649414
vn 0.8925781 0.3203125 -0.31713867
vn 0.8925781 0.3203125 -0.31713867
vn 0.8925781 0.3203125 -0.31713867
vn 0.8925781 0.3203125 -0.31713867
vn -0.9511719 0.3022461 0.06365967
vn -0.9511719 0.3022461 0.06365967
vn -0.9511719 0.3022461 0.06365967
vn -0.9511719 0.3022461 0.06365967
vn 0.9482422 0.31225586 -0.0541687
vn 0.9482422 0.31225586 -0.0541687
vn 0.9482422 0.31225586 -0.0541687
vn 0.9482422 0.31225586 -0.0541687
vn 0.026489258 0.9980469 0.055114746
vn 0.026489258 0.9980469 0.055114746
vn 0.026489258 0.9980469 0.055114746
vn 0.026489258 0.9980469 0.055114746
vn -0.9609375 0.10852051 -0.25512695
vn -0.9609375 0.10852051 -0.25512695
vn -0.9609375 0.10852051 -0.25512695
vn -0.9609375 0.10852051 -0.25512695
vn 0.95947266 0.11212158 0.25952148
vn 0.95947266 0.11212158 0.25952148
vn 0.95947266 0.11212158 0.25952148
vn 0.95947266 0.11212158 0.25952148
vn 0.25927734 0.109313965 -0.95947266
vn 0.25927734 0.109313965 -0.95947266
vn 0.25927734 0.109313965 -0.95947266
vn 0.25927734 0.109313965 -0.95947266
vn 0.036102295 0.99902344 0.023269653
vn 0.036102295 0.99902344 0.023269653
vn 0.036102295 0.99902344 0.023269653
vn 0.036102295 0.99902344 0.023269653
vn 0.039398193 0.1529541 0.9873047
vn 0.039398193 0.1529541 0.9873047
vn 0.039398193 0.1529541 0.9873047
vn 0.039398193 0.1529541 0.9873047
vn 0.97314453 0.12194824 -0.19567871
vn 0.97314453 0.12194824 -0.19567871
vn 0.97314453 0.12194824 -0.19567871
vn 0.97314453 0.12194824 -0.19567871
vn -0.27416992 0.16357422 -0.9477539
vn -0.27416992 0.16357422 -0.9477539
vn -0.27416992 0.16357422 -0.9477539
vn -0.27416992 0.16357422 -0.9477539
vn -0 1 0
vn -0 1 0
vn -0 1 0
vn -0 1 0
vn -0 1 0
vn -0 1 0
vn -0 1 0
vn 0.79345703 0.31640625 -0.52001953
vn 0.79345703 0.31640625 -0.52001953
vn 0.79345703 0.31640625 -0.52001953
vn 0.79345703 0.31640625 -0.52001953
vn -0.609375 0.42944336 -0.6665039
vn -0.609375 0.42944336 -0.6665039
vn -0.609375 0.42944336 -0.6665039
vn -0.609375 0.42944336 -0.6665039
vn -0.7792969 0.30859375 0.54541016
vn -0.7792969 0.30859375 0.54541016
vn -0.7792969 0.30859375 0.54541016
vn -0.7792969 0.30859375 0.54541016
vn 0.57421875 0.43115234 0.6958008
vn 0.57421875 0.43115234 0.6958008
vn 0.57421875 0.43115234 0.6958008
vn 0.57421875 0.43115234 0.6958008
vn 0.7363281 0.31884766 -0.59716797
vn 0.7363281 0.31884766 -0.59716797
vn 0.7363281 0.31884766 -0.59716797
vn 0.7363281 0.31884766 -0.59716797
vn -0.2421875 0.30908203 0.9199219
vn -0.2421875 0.30908203 0.9199219
vn -0.2421875 0.30908203 0.9199219
vn -0.2421875 0.30908203 0.9199219
vn -0.61083984 0.3720703 0.69873047
vn -0.61083984 0.3720703 0.69873047
vn -0.61083984 0.3720703 0.69873047
vn -0.61083984 0.3720703 0.69873047
vn -0 1 0
vn -0 1 0
vn -0 1 0
vn -0 1 0
vn 0.79785156 0.60253906 0.023101807
vn 0.79785156 0.60253906 0.023101807
vn 0.79785156 0.60253906 0.023101807
vn 0.79785156 0.60253906 0.023101807
vn 0.040222168 0.42993164 -0.90185547
vn 0.040222168 0.42993164 -0.90185547
vn 0.040222168 0.42993164 -0.90185547
vn 0.040222168 0.42993164 -0.90185547
vn -0.7988281 0.6015625 0
vn -0.7988281 0.6015625 0
vn -0.7988281 0.6015625 0
vn -0.7988281 0.6015625 0
vn 0.015403748 0.4333496 0.9008789
vn 0.015403748 0.4333496 0.9008789
vn 0.015403748 0.4333496 0.9008789
vn 0.015403748 0.4333496 0.9008789
vn -0 1 0
vn -0 1 0
vn -0 1 0
vn -0 1 0
vn 0.80371094 0.5786133 -0.13916016
vn 0.80371094 0.5786133 -0.13916016
vn 0.80371094 0.5786133 -0.13916016
vn 0.80371094 0.5786133 -0.13916016
vn -0.7817383 0.5854492 0.21398926
vn -0.7817383 0.5854492 0.21398926
vn -0.7817383 0.5854492 0.21398926
vn -0.7817383 0.5854492 0.21398926
vn -0 1 0
vn -0 1 0
vn -0 1 0
vn -0 1 0
vn -0 1 0
vn -0 1 0
vn 0.62597656 0.60253906 -0.4951172
vn 0.62597656 0.60253906 -0.4951172
vn 0.62597656 0.60253906 -0.4951172
vn 0.62597656 0.60253906 -0.4951172
vn -0.5488281 0.43017578 -0.7167969
vn -0.5488281 0.43017578 -0.7167969
vn -0.5488281 0.43017578 -0.7167969
vn -0.5488281 0.43017578 -0.7167969
vn -0.6118164 0.6015625 0.5131836
vn -0.6118164 0.6015625 0.5131836
vn -0.6118164 0.6015625 0.5131836
vn -0.6118164 0.6015625 0.5131836
vn 0.5908203 0.4333496 0.68066406
vn 0.5908203 0.4333496 0.68066406
vn 0.5908203 0.4333496 0.68066406
vn 0.5908203 0.4333496 0.68066406
vn 0.5258789 0.57910156 -0.6230469
vn 0.5258789 0.57910156 -0.6230469
vn 0.5258789 0.57910156 -0.6230469
vn 0.5258789 0.57910156 -0.6230469
vn -0.46142578 0.5854492 0.6665039
vn -0.46142578 0.5854492 0.6665039
vn -0.46142578 0.5854492 0.6665039
vn -0.46142578 0.5854492 0.6665039
vn -0.059143066 0.9980469 -0.019241333
vn -0.059143066 0.9980469 -0.019241333
vn -0.059143066 0.9980469 -0.019241333
vn -0.059143066 0.9980469 -0.019241333
vn -0.04812622 0.99853516 -0.011444092
vn -0.04623413 0.99902344 -0.009605408
vn -0.04812622 0.99853516 -0.011444092
vn -0.04812622 0.99853516 -0.011444092
vn -0.04812622 0.99853516 -0.011444092
vn 0.8720703 0.48242188 -0.083984375
vn 0.8720703 0.48242188 -0.083984375
vn 0.8720703 0.48242188 -0.083984375
vn 0.8720703 0.48242188 -0.083984375
vn -0.39086914 0.5126953 -0.76416016
vn -0.39086914 0.5126953 -0.76416016
vn -0.39086914 0.5126953 -0.76416016
vn -0.39086914 0.5126953 -0.76416016
vn -0.7944336 0.578125 0.18652344
vn -0.7944336 0.578125 0.18652344
vn -0.7944336 0.578125 0.18652344
vn -0.7944336 0.578125 0.18652344
vn 0.4013672 0.44335938 0.8017578
vn 0.4013672 0.44335938 0.8017578
vn 0.4013672 0.44335938 0.8017578
vn 0.4013672 0.44335938 0.8017578
vn 0.5864258 0.5336914 -0.609375
vn 0.5864258 0.5336914 -0.609375
vn 0.5864258 0.5336914 -0.609375
vn 0.5864258 0.5336914 -0.609375
vn -0.6738281 0.4909668 0.5527344
vn -0.6738281 0.4909668 0.5527344
vn -0.6738281 0.4909668 0.5527344
vn -0.6738281 0.4909668 0.5527344
vn 0.8183594 0.44458008 -0.36401367
vn 0.8183594 0.44458008 -0.36401367
vn 0.8183594 0.44458008 -0.36401367
vn 0.8183594 0.44458008 -0.36401367
vn -0.8125 0.46875 0.3466797
vn -0.8125 0.46875 0.3466797
vn -0.8125 0.46875 0.3466797
vn -0.8125 0.46875 0.3466797
vn -0 1 0
vn -0 1 0
vn -0 1 0
vn -0 1 0
vn 0.94433594 0.26293945 -0.19702148
vn 0.94433594 0.26293945 -0.19702148
vn 0.94433594 0.26293945 -0.19702148
vn 0.94433594 0.26293945 -0.19702148
vn 0.041534424 0.3623047 0.93115234
vn 0.041534424 0.3623047 0.93115234
vn 0.041534424 0.3623047 0.93115234
vn 0.041534424 0.3623047 0.93115234
vn -0.95166016 0.25683594 0.16772461
vn -0.95166016 0.25683594 0.16772461
vn -0.95166016 0.25683594 0.16772461
vn -0.95166016 0.25683594 0.16772461
vn -0.08898926 0.36376953 -0.9272461
vn -0.08898926 0.36376953 -0.9272461
vn -0.08898926 0.36376953 -0.9272461
vn -0.08898926 0.36376953 -0.9272461
vn -0 1 0
vn -0 1 0
vn -0 1 0
vn -0 1 0
vn 0.9589844 0.26513672 -0.09991455
vn 0.9589844 0.26513672 -0.09991455
vn 0.9589844 0.26513672 -0.09991455
vn 0.9589844 0.26513672 -0.09991455
vn -0.83447266 0.25732422 -0.4868164
vn -0.83447266 0.25732422 -0.4868164
vn -0.83447266 0.25732422 -0.4868164
vn -0.83447266 0.25732422 -0.4868164
vn -0.9482422 0.31176758 -0.0635376
vn -0.9482422 0.31176758 -0.0635376
vn -0.9482422 0.31176758 -0.0635376
vn -0.9482422 0.31176758 -0.0635376
vn 0.01953125 0.9980469 0.05908203
vn 0.01953125 0.9980469 0.05908203
vn 0.01953125 0.9980469 0.05908203
vn 0.01953125 0.9980469 0.05908203
vn 0.087768555 0.3383789 -0.9370117
vn 0.087768555 0.3383789 -0.9370117
vn 0.087768555 0.3383789 -0.9370117
vn 0.087768555 0.3383789 -0.9370117
vn 0.84033203 0.3359375 0.42529297
vn 0.84033203 0.3359375 0.42529297
vn 0.84033203 0.3359375 0.42529297
vn 0.84033203 0.3359375 0.42529297
vn -0.21496582 0.38061523 0.89941406
vn -0.21496582 0.38061523 0.89941406
vn -0.21496582 0.38061523 0.89941406
vn -0.21496582 0.38061523 0.89941406
vn -0.85058594 0.30249023 -0.42993164
vn -0.85058594 0.30249023 -0.42993164
vn -0.85058594 0.30249023 -0.42993164
vn -0.85058594 0.30249023 -0.42993164
vn 0.011764526 0.99853516 0.048309326
vn 0.011764526 0.99853516 0.048309326
vn 0.011764526 0.99853516 0.048309326
vn 0.011764526 0.99853516 0.048309326
vn 0.00957489 0.99902344 0.046020508
vn 0.00957489 0.99902344 0.046020508
vn 0.00957489 0.99902344 0.046020508
vn 0.66796875 0.3659668 -0.6479492
vn 0.66796875 0.3659668 -0.6479492
vn 0.66796875 0.3659668 -0.6479492
vn 0.66796875 0.3659668 -0.6479492
vn -0.6035156 0.32006836 0.73046875
vn -0.6035156 0.32006836 0.73046875
vn -0.6035156 0.32006836 0.73046875
vn -0.6035156 0.32006836 0.73046875
vn 0.38500977 0.3022461 -0.8720703
vn 0.38500977 0.3022461 -0.8720703
vn 0.38500977 0.3022461 -0.8720703
vn 0.38500977 0.3022461 -0.8720703
vn -0.37524414 0.3125 0.8725586
vn -0.37524414 0.3125 0.8725586
vn -0.37524414 0.3125 0.8725586
vn -0.37524414 0.3125 0.8725586
vn -0.026687622 0.9980469 0.055023193
vn -0.026687622 0.9980469 0.055023193
vn -0.026687622 0.9980469 0.055023193
vn -0.026687622 0.9980469 0.055023193
vn 0.9501953 0.1850586 -0.25073242
vn 0.9501953 0.1850586 -0.25073242
vn 0.9501953 0.1850586 -0.25073242
vn 0.9501953 0.1850586 -0.25073242
vn 0.25024414 0.19885254 0.9477539
vn 0.25024414 0.19885254 0.9477539
vn 0.25024414 0.19885254 0.9477539
vn 0.25024414 0.19885254 0.9477539
vn -0.25732422 0.18603516 -0.9482422
vn -0.25732422 0.18603516 -0.9482422
vn -0.25732422 0.18603516 -0.9482422
vn -0.25732422 0.18603516 -0.9482422
vn 0.005832672 0.99902344 0.04257202
vn 0.005832672 0.99902344 0.04257202
vn 0.005832672 0.99902344 0.04257202
vn 0.005832672 0.99902344 0.04257202
vn 0.65625 0.09857178 -0.7480469
vn 0.65625 0.09857178 -0.7480469
vn 0.65625 0.09857178 -0.7480469
vn 0.65625 0.09857178 -0.7480469
vn 0.87841797 0.1529541 0.45288086
vn 0.87841797 0.1529541 0.45288086
vn 0.87841797 0.1529541 0.45288086
vn 0.87841797 0.1529541 0.45288086
vn -0.7426758 0.16333008 -0.6489258
vn -0.7426758 0.16333008 -0.6489258
vn -0.7426758 0.16333008 -0.6489258
vn -0.7426758 0.16333008 -0.6489258
vn -0.059906006 0.9980469 -0.018157959
vn -0.059906006 0.9980469 -0.018157959
vn -0.059906006 0.9980469 -0.018157959
vn -0.059906006 0.9980469 -0.018157959
vn -0.04598999 0.99853516 -0.0181427
vn -0.04598999 0.99853516 -0.0181427
vn -0.04598999 0.99853516 -0.0181427
vn -0.04598999 0.99853516 -0.0181427
vn 0.7167969 0.3383789 0.609375
vn 0.7167969 0.3383789 0.609375
vn 0.7167969 0.3383789 0.609375
vn 0.7167969 0.3383789 0.609375
vn -0.61279297 0.38110352 -0.69189453
vn -0.61279297 0.38110352 -0.69189453
vn -0.61279297 0.38110352 -0.69189453
vn -0.61279297 0.38110352 -0.69189453
vn 0.84033203 0.3022461 -0.45043945
vn 0.84033203 0.3022461 -0.45043945
vn 0.84033203 0.3022461 -0.45043945
vn 0.84033203 0.3022461 -0.45043945
vn 0.14746094 0.36621094 0.9189453
vn 0.14746094 0.36621094 0.9189453
vn 0.14746094 0.36621094 0.9189453
vn 0.14746094 0.36621094 0.9189453
vn -0.25219727 0.3203125 -0.91308594
vn -0.25219727 0.3203125 -0.91308594
vn -0.25219727 0.3203125 -0.91308594
vn -0.25219727 0.3203125 -0.91308594
vn 0.4934082 0.30249023 0.8154297
vn 0.4934082 0.30249023 0.8154297
vn 0.4934082 0.30249023 0.8154297
vn 0.4934082 0.30249023 0.8154297
vn -0.49975586 0.31201172 -0.80810547
vn -0.49975586 0.31201172 -0.80810547
vn -0.49975586 0.31201172 -0.80810547
vn -0.49975586 0.31201172 -0.80810547
vn -0 1 0
vn -0 1 0
vn -0 1 0
vn -0 1 0
vn -0 1 0
vn -0 1 0
vn 0.4951172 0.60253906 -0.62597656
vn 0.4951172 0.60253906 -0.62597656
vn 0.4951172 0.60253906 -0.62597656
vn 0.4951172 0.60253906 -0.62597656
vn 0.7167969 0.43017578 0.5488281
vn 0.7167969 0.43017578 0.5488281
vn 0.7167969 0.43017578 0.5488281
vn 0.7167969 0.43017578 0.5488281
vn -0.5131836 0.6015625 0.6118164
vn -0.5131836 0.6015625 0.6118164
vn -0.5131836 0.6015625 0.6118164
vn -0.5131836 0.6015625 0.6118164
vn -0.68066406 0.43310547 -0.5913086
vn -0.68066406 0.43310547 -0.5913086
vn -0.68066406 0.43310547 -0.5913086
vn -0.68066406 0.43310547 -0.5913086
vn 0.6230469 0.57910156 -0.5258789
vn 0.6230469 0.57910156 -0.5258789
vn 0.6230469 0.57910156 -0.5258789
vn 0.6230469 0.57910156 -0.5258789
vn -0.6665039 0.5854492 0.46142578
vn -0.6665039 0.5854492 0.46142578
vn -0.6665039 0.5854492 0.46142578
vn -0.6665039 0.5854492 0.46142578
vn -0.06060791 0.9980469 0.00969696
vn -0.06060791 0.9980469 0.00969696
vn -0.06060791 0.9980469 0.00969696
vn -0.06060791 0.9980469 0.00969696
vn 0.7504883 0.18457031 0.6347656
vn 0.7504883 0.18457031 0.6347656
vn 0.7504883 0.18457031 0.6347656
vn 0.7504883 0.18457031 0.6347656
vn -0.75390625 0.1953125 -0.6274414
vn -0.75390625 0.1953125 -0.6274414
vn -0.75390625 0.1953125 -0.6274414
vn -0.75390625 0.1953125 -0.6274414
vn 0.62890625 0.18530273 -0.7548828
vn 0.62890625 0.18530273 -0.7548828
vn 0.62890625 0.18530273 -0.7548828
vn 0.62890625 0.18530273 -0.7548828
vn -0.039794922 0.99902344 -0.016235352
vn -0.039794922 0.99902344 -0.016235352
vn -0.039794922 0.99902344 -0.016235352
vn -0.039794922 0.99902344 -0.016235352
vn 0.31933594 0.09863281 0.9423828
vn 0.31933594 0.09863281 0.9423828
vn 0.31933594 0.09863281 0.9423828
vn 0.31933594 0.09863281 0.9423828
vn -0.39794922 0.12200928 -0.9091797
vn -0.39794922 0.12200928 -0.9091797
vn -0.39794922 0.12200928 -0.9091797
vn -0.39794922 0.12200928 -0.9091797
vn 0.93359375 0.16357422 -0.31860352
vn 0.93359375 0.16357422 -0.31860352
vn 0.93359375 0.16357422 -0.31860352
vn 0.93359375 0.16357422 -0.31860352
vn -0 1 0
vn -0 1 0
vn -0 1 0
vn -0 1 0
vn -0 1 0
vn -0 1 0
vn -0 1 0
vn -0 1 0
vn 0.92529297 0.08557129 -0.3696289
vn 0.92529297 0.08557129 -0.3696289
vn 0.92529297 0.08557129 -0.3696289
vn 0.92529297 0.08557129 -0.3696289
vn 0.21582031 0.121398926 0.96875
vn 0.21582031 0.121398926 0.96875
vn 0.21582031 0.121398926 0.96875
vn 0.21582031 0.121398926 0.96875
vn -0.26489258 0.12200928 -0.95654297
vn -0.26489258 0.12200928 -0.95654297
vn -0.26489258 0.12200928 -0.95654297
vn -0.26489258 0.12200928 -0.95654297
vn 0.9580078 0.08630371 -0.27392578
vn 0.9580078 0.08630371 -0.27392578
vn 0.9580078 0.08630371 -0.27392578
vn 0.9580078 0.08630371 -0.27392578
vn -0.005970001 0.99902344 0.048919678
vn -0.005970001 0.99902344 0.048919678
vn -0.005970001 0.99902344 0.048919678
vn -0.005970001 0.99902344 0.048919678
vn -0.005970001 0.99902344 0.048919678
vn 0.6928711 0.27661133 -0.6660156
vn 0.6928711 0.27661133 -0.6660156
vn 0.6928711 0.27661133 -0.6660156
vn 0.6928711 0.27661133 -0.6660156
vn 0.5263672 0.28588867 0.80078125
vn 0.5263672 0.28588867 0.80078125
vn 0.5263672 0.28588867 0.80078125
vn 0.5263672 0.28588867 0.80078125
vn -0.671875 0.25390625 -0.6953125
vn -0.671875 0.25390625 -0.6953125
vn -0.671875 0.25390625 -0.6953125
vn -0.671875 0.25390625 -0.6953125
vn 0.9370117 0.2932129 -0.1895752
vn 0.9370117 0.2932129 -0.1895752
vn 0.9370117 0.2932129 -0.1895752
vn 0.9370117 0.2932129 -0.1895752
vn 0.0015087128 0.99902344 0.046936035
vn 0.0015087128 0.99902344 0.046936035
vn 0.0015087128 0.99902344 0.046936035
vn 0.0015087128 0.99902344 0.046936035
vn 0.0015087128 0.99902344 0.046936035
vn 0.65234375 0.099243164 -0.75146484
vn 0.65234375 0.099243164 -0.75146484
vn 0.65234375 0.099243164 -0.75146484
vn 0.65234375 0.099243164 -0.75146484
vn 0.60253906 0.095336914 0.79248047
vn 0.60253906 0.095336914 0.79248047
vn 0.60253906 0.095336914 0.79248047
vn 0.60253906 0.095336914 0.79248047
vn -0.71875 0.09063721 -0.6894531
vn -0.71875 0.09063721 -0.6894531
vn -0.71875 0.09063721 -0.6894531
vn -0.71875 0.09063721 -0.6894531
vn 0.953125 0.10235596 -0.2849121
vn 0.953125 0.10235596 -0.2849121
vn 0.953125 0.10235596 -0.2849121
vn 0.953125 0.10235596 -0.2849121
g CityWall_1_1_0
f 3/3/3 2/2/2 1/1/1
f 6/6/6 5/5/5 4/4/4
f 9/9/9 8/8/8 7/7/7
f 12/12/12 11/11/11 10/10/10
f 15/15/15 14/14/14 13/13/13
f 18/18/18 17/17/17 16/16/16
f 21/21/21 20/20/20 19/19/19
f 24/24/24 23/23/23 22/22/22
f 27/27/27 26/26/26 25/25/25
f 30/30/30 29/29/29 28/28/28
f 33/33/33 32/32/32 31/31/31
f 36/36/36 35/35/35 34/34/34
f 39/39/39 38/38/38 37/37/37
f 42/42/42 41/41/41 40/40/40
f 45/45/45 44/44/44 43/43/43
f 48/48/48 47/47/47 46/46/46
f 51/51/51 50/50/50 49/49/49
f 54/54/54 53/53/53 52/52/52
f 57/57/57 56/56/56 55/55/55
f 60/60/60 59/59/59 58/58/58
f 63/63/63 62/62/62 61/61/61
f 66/66/66 65/65/65 64/64/64
f 69/69/69 68/68/68 67/67/67
f 72/72/72 71/71/71 70/70/70
f 75/75/75 74/74/74 73/73/73
f 78/78/78 77/77/77 76/76/76
f 81/81/81 80/80/80 79/79/79
f 84/84/84 83/83/83 82/82/82
f 87/87/87 86/86/86 85/85/85
f 90/90/90 89/89/89 88/88/88
f 93/93/93 92/92/92 91/91/91
f 96/96/96 95/95/95 94/94/94
f 99/99/99 98/98/98 97/97/97
f 102/102/102 101/101/101 100/100/100
f 105/105/105 104/104/104 103/103/103
f 108/108/108 107/107/107 106/106/106
f 111/111/111 110/110/110 109/109/109
f 114/114/114 113/113/113 112/112/112
f 114/114/114 116/116/116 115/115/115
f 116/116/116 117/117/117 115/115/115
f 120/120/120 119/119/119 118/118/118
f 123/123/123 122/122/122 121/121/121
f 126/126/126 125/125/125 124/124/124
f 129/129/129 128/128/128 127/127/127
f 132/132/132 131/131/131 130/130/130
f 135/135/135 134/134/134 133/133/133
f 138/138/138 137/137/137 136/136/136
f 141/141/141 140/140/140 139/139/139
f 144/144/144 143/143/143 142/142/142
f 147/147/147 146/146/146 145/145/145
f 150/150/150 149/149/149 148/148/148
f 153/153/153 152/152/152 151/151/151
f 156/156/156 155/155/155 154/154/154
f 159/159/159 158/158/158 157/157/157
f 162/162/162 161/161/161 160/160/160
f 165/165/165 164/164/164 163/163/163
f 168/168/168 167/167/167 166/166/166
f 171/171/171 170/170/170 169/169/169
f 174/174/174 173/173/173 172/172/172
f 177/177/177 176/176/176 175/175/175
f 180/180/180 179/179/179 178/178/178
f 183/183/183 182/182/182 181/181/181
f 186/186/186 185/185/185 184/184/184
f 189/189/189 188/188/188 187/187/187
f 192/192/192 191/191/191 190/190/190
f 195/195/195 194/194/194 193/193/193
f 198/198/198 197/197/197 196/196/196
f 201/201/201 200/200/200 199/199/199
f 204/204/204 203/203/203 202/202/202
f 207/207/207 206/206/206 205/205/205
f 210/210/210 209/209/209 208/208/208
f 213/213/213 212/212/212 211/211/211
f 216/216/216 215/215/215 214/214/214
f 219/219/219 218/218/218 217/217/217
f 222/222/222 221/221/221 220/220/220
f 225/225/225 224/224/224 223/223/223
f 228/228/228 227/227/227 226/226/226
f 231/231/231 230/230/230 229/229/229
f 234/234/234 233/233/233 232/232/232
f 237/237/237 236/236/236 235/235/235
f 240/240/240 239/239/239 238/238/238
f 243/243/243 242/242/242 241/241/241
f 246/246/246 245/245/245 244/244/244
f 249/249/249 248/248/248 247/247/247
f 252/252/252 251/251/251 250/250/250
f 255/255/255 254/254/254 253/253/253
f 258/258/258 257/257/257 256/256/256
f 261/261/261 260/260/260 259/259/259
f 264/264/264 263/263/263 262/262/262
f 267/267/267 266/266/266 265/265/265
f 270/270/270 269/269/269 268/268/268
f 273/273/273 272/272/272 271/271/271
f 276/276/276 275/275/275 274/274/274
f 279/279/279 278/278/278 277/277/277
f 282/282/282 281/281/281 280/280/280
f 285/285/285 284/284/284 283/283/283
f 288/288/288 287/287/287 286/286/286
f 291/291/291 290/290/290 289/289/289
f 294/294/294 293/293/293 292/292/292
f 297/297/297 296/296/296 295/295/295
f 300/300/300 299/299/299 298/298/298
f 303/303/303 302/302/302 301/301/301
f 306/306/306 305/305/305 304/304/304
f 309/309/309 308/308/308 307/307/307
f 312/312/312 311/311/311 310/310/310
f 315/315/315 314/314/314 313/313/313
f 318/318/318 317/317/317 316/316/316
f 321/321/321 320/320/320 319/319/319
f 324/324/324 323/323/323 322/322/322
f 327/327/327 326/326/326 325/325/325
f 330/330/330 329/329/329 328/328/328
f 333/333/333 332/332/332 331/331/331
f 336/336/336 335/335/335 334/334/334
f 339/339/339 338/338/338 337/337/337
f 342/342/342 341/341/341 340/340/340
f 345/345/345 344/344/344 343/343/343
f 348/348/348 347/347/347 346/346/346
f 351/351/351 350/350/350 349/349/349
f 354/354/354 353/353/353 352/352/352
f 357/357/357 356/356/356 355/355/355
f 360/360/360 359/359/359 358/358/358
f 363/363/363 362/362/362 361/361/361
f 366/366/366 365/365/365 364/364/364
f 369/369/369 368/368/368 367/367/367
f 372/372/372 371/371/371 370/370/370
f 375/375/375 374/374/374 373/373/373
f 378/378/378 377/377/377 376/376/376
f 381/381/381 380/380/380 379/379/379
f 384/384/384 383/383/383 382/382/382
f 387/387/387 386/386/386 385/385/385
f 390/390/390 389/389/389 388/388/388
f 393/393/393 392/392/392 391/391/391
f 396/396/396 395/395/395 394/394/394
f 399/399/399 398/398/398 397/397/397
f 402/402/402 401/401/401 400/400/400
f 405/405/405 404/404/404 403/403/403
f 408/408/408 407/407/407 406/406/406
f 411/411/411 410/410/410 409/409/409
f 414/414/414 413/413/413 412/412/412
f 416/416/416 413/413/413 415/415/415
f 417/417/417 416/416/416 415/415/415
f 420/420/420 419/419/419 418/418/418
f 423/423/423 422/422/422 421/421/421
f 426/426/426 425/425/425 424/424/424
f 429/429/429 428/428/428 427/427/427
f 432/432/432 431/431/431 430/430/430
f 435/435/435 434/434/434 433/433/433
f 438/438/438 437/437/437 436/436/436
f 441/441/441 440/440/440 439/439/439
f 444/444/444 443/443/443 442/442/442
f 447/447/447 446/446/446 445/445/445
f 450/450/450 449/449/449 448/448/448
f 453/453/453 452/452/452 451/451/451
f 456/456/456 455/455/455 454/454/454
f 459/459/459 458/458/458 457/457/457
f 462/462/462 461/461/461 460/460/460
f 465/465/465 464/464/464 463/463/463
f 468/468/468 467/467/467 466/466/466
f 471/471/471 470/470/470 469/469/469
f 474/474/474 473/473/473 472/472/472
f 477/477/477 476/476/476 475/475/475
f 480/480/480 479/479/479 478/478/478
f 483/483/483 482/482/482 481/481/481
f 486/486/486 485/485/485 484/484/484
f 489/489/489 488/488/488 487/487/487
f 492/492/492 491/491/491 490/490/490
f 495/495/495 494/494/494 493/493/493
f 498/498/498 497/497/497 496/496/496
f 501/501/501 500/500/500 499/499/499
f 504/504/504 503/503/503 502/502/502
f 507/507/507 506/506/506 505/505/505
f 510/510/510 509/509/509 508/508/508
f 513/513/513 512/512/512 511/511/511
f 516/516/516 515/515/515 514/514/514
f 519/519/519 518/518/518 517/517/517
f 522/522/522 521/521/521 520/520/520
f 525/525/525 524/524/524 523/523/523
f 528/528/528 527/527/527 526/526/526
f 531/531/531 530/530/530 529/529/529
f 534/534/534 533/533/533 532/532/532
f 537/537/537 536/536/536 535/535/535
f 540/540/540 539/539/539 538/538/538
f 543/543/543 542/542/542 541/541/541
f 546/546/546 545/545/545 544/544/544
f 549/549/549 548/548/548 547/547/547
f 552/552/552 551/551/551 550/550/550
f 555/555/555 554/554/554 553/553/553
f 558/558/558 557/557/557 556/556/556
f 561/561/561 560/560/560 559/559/559
f 564/564/564 563/563/563 562/562/562
f 567/567/567 566/566/566 565/565/565
f 570/570/570 569/569/569 568/568/568
f 573/573/573 572/572/572 571/571/571
f 576/576/576 575/575/575 574/574/574
f 579/579/579 578/578/578 577/577/577
f 582/582/582 581/581/581 580/580/580
f 585/585/585 584/584/584 583/583/583
f 588/588/588 587/587/587 586/586/586
f 591/591/591 590/590/590 589/589/589
f 594/594/594 593/593/593 592/592/592
f 597/597/597 596/596/596 595/595/595
f 600/600/600 599/599/599 598/598/598
f 603/603/603 602/602/602 601/601/601
f 606/606/606 605/605/605 604/604/604
f 609/609/609 608/608/608 607/607/607
f 612/612/612 611/611/611 610/610/610
f 615/615/615 614/614/614 613/613/613
f 618/618/618 617/617/617 616/616/616
f 621/621/621 620/620/620 619/619/619
f 624/624/624 623/623/623 622/622/622
f 627/627/627 626/626/626 625/625/625
f 630/630/630 629/629/629 628/628/628
f 633/633/633 632/632/632 631/631/631
f 636/636/636 635/635/635 634/634/634
f 639/639/639 638/638/638 637/637/637
f 642/642/642 641/641/641 640/640/640
f 645/645/645 644/644/644 643/643/643
f 648/648/648 647/647/647 646/646/646
f 651/651/651 650/650/650 649/649/649
f 654/654/654 653/653/653 652/652/652
f 657/657/657 656/656/656 655/655/655
f 660/660/660 659/659/659 658/658/658
f 663/663/663 662/662/662 661/661/661
f 666/666/666 665/665/665 664/664/664
f 669/669/669 668/668/668 667/667/667
f 672/672/672 671/671/671 670/670/670
f 675/675/675 674/674/674 673/673/673
f 678/678/678 677/677/677 676/676/676
f 681/681/681 680/680/680 679/679/679
f 684/684/684 683/683/683 682/682/682
f 687/687/687 686/686/686 685/685/685
f 690/690/690 689/689/689 688/688/688
f 693/693/693 692/692/692 691/691/691
f 696/696/696 695/695/695 694/694/694
f 699/699/699 698/698/698 697/697/697
f 702/702/702 701/701/701 700/700/700
f 705/705/705 704/704/704 703/703/703
f 708/708/708 707/707/707 706/706/706
f 711/711/711 710/710/710 709/709/709
f 714/714/714 713/713/713 712/712/712
f 717/717/717 716/716/716 715/715/715
f 720/720/720 719/719/719 718/718/718
f 723/723/723 722/722/722 721/721/721
f 726/726/726 725/725/725 724/724/724
f 729/729/729 728/728/728 727/727/727
f 732/732/732 731/731/731 730/730/730
f 732/732/732 734/734/734 733/733/733
f 734/734/734 735/735/735 733/733/733
f 738/738/738 737/737/737 736/736/736
f 741/741/741 740/740/740 739/739/739
f 744/744/744 743/743/743 742/742/742
f 747/747/747 746/746/746 745/745/745
f 750/750/750 749/749/749 748/748/748
f 753/753/753 752/752/752 751/751/751
f 756/756/756 755/755/755 754/754/754
f 759/759/759 758/758/758 757/757/757
f 762/762/762 761/761/761 760/760/760
f 765/765/765 764/764/764 763/763/763
f 768/768/768 767/767/767 766/766/766
f 771/771/771 770/770/770 769/769/769
f 774/774/774 773/773/773 772/772/772
f 777/777/777 776/776/776 775/775/775
f 780/780/780 779/779/779 778/778/778
f 783/783/783 782/782/782 781/781/781
f 786/786/786 785/785/785 784/784/784
f 789/789/789 788/788/788 787/787/787
f 792/792/792 791/791/791 790/790/790
f 795/795/795 794/794/794 793/793/793
f 798/798/798 797/797/797 796/796/796
f 801/801/801 800/800/800 799/799/799
f 804/804/804 803/803/803 802/802/802
f 807/807/807 806/806/806 805/805/805
f 810/810/810 809/809/809 808/808/808
f 813/813/813 812/812/812 811/811/811
f 816/816/816 815/815/815 814/814/814
f 819/819/819 818/818/818 817/817/817
f 822/822/822 821/821/821 820/820/820
f 825/825/825 824/824/824 823/823/823
f 828/828/828 827/827/827 826/826/826
f 830/830/830 829/829/829 826/826/826
f 831/831/831 830/830/830 826/826/826
f 834/834/834 833/833/833 832/832/832
f 837/837/837 836/836/836 835/835/835
f 840/840/840 839/839/839 838/838/838
f 843/843/843 842/842/842 841/841/841
f 846/846/846 845/845/845 844/844/844
f 849/849/849 848/848/848 847/847/847
f 852/852/852 851/851/851 850/850/850
f 855/855/855 854/854/854 853/853/853
f 858/858/858 857/857/857 856/856/856
f 861/861/861 860/860/860 859/859/859
f 864/864/864 863/863/863 862/862/862
f 867/867/867 866/866/866 865/865/865
f 870/870/870 869/869/869 868/868/868
f 873/873/873 872/872/872 871/871/871
f 876/876/876 875/875/875 874/874/874
f 879/879/879 878/878/878 877/877/877
f 882/882/882 881/881/881 880/880/880
f 885/885/885 884/884/884 883/883/883
f 888/888/888 887/887/887 886/886/886
f 891/891/891 890/890/890 889/889/889
f 894/894/894 893/893/893 892/892/892
f 897/897/897 896/896/896 895/895/895
f 900/900/900 899/899/899 898/898/898
f 903/903/903 902/902/902 901/901/901
f 906/906/906 905/905/905 904/904/904
f 909/909/909 908/908/908 907/907/907
f 912/912/912 911/911/911 910/910/910
f 911/911/911 914/914/914 913/913/913
f 914/914/914 915/915/915 913/913/913
f 918/918/918 917/917/917 916/916/916
f 921/921/921 920/920/920 919/919/919
f 924/924/924 923/923/923 922/922/922
f 927/927/927 926/926/926 925/925/925
f 930/930/930 929/929/929 928/928/928
f 933/933/933 932/932/932 931/931/931
f 936/936/936 935/935/935 934/934/934
f 939/939/939 938/938/938 937/937/937
f 942/942/942 941/941/941 940/940/940
f 945/945/945 944/944/944 943/943/943
f 948/948/948 947/947/947 946/946/946
f 951/951/951 950/950/950 949/949/949
f 954/954/954 953/953/953 952/952/952
f 957/957/957 956/956/956 955/955/955
f 960/960/960 959/959/959 958/958/958
f 963/963/963 962/962/962 961/961/961
f 966/966/966 965/965/965 964/964/964
f 969/969/969 968/968/968 967/967/967
f 972/972/972 971/971/971 970/970/970
f 975/975/975 974/974/974 973/973/973
f 978/978/978 977/977/977 976/976/976
f 981/981/981 980/980/980 979/979/979
f 984/984/984 983/983/983 982/982/982
f 987/987/987 986/986/986 985/985/985
f 990/990/990 989/989/989 988/988/988
f 993/993/993 992/992/992 991/991/991
f 996/996/996 995/995/995 994/994/994
f 999/999/999 998/998/998 997/997/997
f 1002/1002/1002 1001/1001/1001 1000/1000/1000
f 1005/1005/1005 1004/1004/1004 1003/1003/1003
f 1008/1008/1008 1007/1007/1007 1006/1006/1006
f 1011/1011/1011 1010/1010/1010 1009/1009/1009
f 1014/1014/1014 1013/1013/1013 1012/1012/1012
f 1017/1017/1017 1016/1016/1016 1015/1015/1015
f 1020/1020/1020 1019/1019/1019 1018/1018/1018
f 1023/1023/1023 1022/1022/1022 1021/1021/1021
f 1026/1026/1026 1025/1025/1025 1024/1024/1024
f 1029/1029/1029 1028/1028/1028 1027/1027/1027
f 1032/1032/1032 1031/1031/1031 1030/1030/1030
f 1035/1035/1035 1034/1034/1034 1033/1033/1033
f 1038/1038/1038 1037/1037/1037 1036/1036/1036
f 1041/1041/1041 1040/1040/1040 1039/1039/1039
f 1044/1044/1044 1043/1043/1043 1042/1042/1042
f 1047/1047/1047 1046/1046/1046 1045/1045/1045
f 1050/1050/1050 1049/1049/1049 1048/1048/1048
f 1053/1053/1053 1052/1052/1052 1051/1051/1051
f 1056/1056/1056 1055/1055/1055 1054/1054/1054
f 1059/1059/1059 1058/1058/1058 1057/1057/1057
f 1062/1062/1062 1061/1061/1061 1060/1060/1060
f 1065/1065/1065 1064/1064/1064 1063/1063/1063
f 1068/1068/1068 1067/1067/1067 1066/1066/1066
f 1071/1071/1071 1070/1070/1070 1069/1069/1069
f 1074/1074/1074 1073/1073/1073 1072/1072/1072
f 1077/1077/1077 1076/1076/1076 1075/1075/1075
f 1080/1080/1080 1079/1079/1079 1078/1078/1078
f 1083/1083/1083 1082/1082/1082 1081/1081/1081
f 1086/1086/1086 1085/1085/1085 1084/1084/1084
f 1089/1089/1089 1088/1088/1088 1087/1087/1087
f 1092/1092/1092 1091/1091/1091 1090/1090/1090
f 1095/1095/1095 1094/1094/1094 1093/1093/1093
f 1098/1098/1098 1097/1097/1097 1096/1096/1096
f 1101/1101/1101 1100/1100/1100 1099/1099/1099
f 1104/1104/1104 1103/1103/1103 1102/1102/1102
f 1107/1107/1107 1106/1106/1106 1105/1105/1105
f 1110/1110/1110 1109/1109/1109 1108/1108/1108
f 1113/1113/1113 1112/1112/1112 1111/1111/1111
f 1116/1116/1116 1115/1115/1115 1114/1114/1114
f 1118/1118/1118 1115/1115/1115 1117/1117/1117
f 1119/1119/1119 1118/1118/1118 1117/1117/1117
f 1122/1122/1122 1121/1121/1121 1120/1120/1120
f 1125/1125/1125 1124/1124/1124 1123/1123/1123
f 1128/1128/1128 1127/1127/1127 1126/1126/1126
f 1131/1131/1131 1130/1130/1130 1129/1129/1129
f 1134/1134/1134 1133/1133/1133 1132/1132/1132
f 1137/1137/1137 1136/1136/1136 1135/1135/1135
f 1140/1140/1140 1139/1139/1139 1138/1138/1138
f 1143/1143/1143 1142/1142/1142 1141/1141/1141
f 1146/1146/1146 1145/1145/1145 1144/1144/1144
f 1149/1149/1149 1148/1148/1148 1147/1147/1147
f 1152/1152/1152 1151/1151/1151 1150/1150/1150
f 1155/1155/1155 1154/1154/1154 1153/1153/1153
f 1158/1158/1158 1157/1157/1157 1156/1156/1156
f 1161/1161/1161 1160/1160/1160 1159/1159/1159
f 1164/1164/1164 1163/1163/1163 1162/1162/1162
f 1167/1167/1167 1166/1166/1166 1165/1165/1165
f 1170/1170/1170 1169/1169/1169 1168/1168/1168
f 1173/1173/1173 1172/1172/1172 1171/1171/1171
f 1176/1176/1176 1175/1175/1175 1174/1174/1174
f 1179/1179/1179 1178/1178/1178 1177/1177/1177
f 1182/1182/1182 1181/1181/1181 1180/1180/1180
f 1185/1185/1185 1184/1184/1184 1183/1183/1183
f 1188/1188/1188 1187/1187/1187 1186/1186/1186
f 1191/1191/1191 1190/1190/1190 1189/1189/1189
f 1194/1194/1194 1193/1193/1193 1192/1192/1192
f 1197/1197/1197 1196/1196/1196 1195/1195/1195
f 1200/1200/1200 1199/1199/1199 1198/1198/1198
f 1203/1203/1203 1202/1202/1202 1201/1201/1201
f 1206/1206/1206 1205/1205/1205 1204/1204/1204
f 1209/1209/1209 1208/1208/1208 1207/1207/1207
f 1212/1212/1212 1211/1211/1211 1210/1210/1210
f 1215/1215/1215 1214/1214/1214 1213/1213/1213
f 1218/1218/1218 1217/1217/1217 1216/1216/1216
f 1221/1221/1221 1220/1220/1220 1219/1219/1219
f 1224/1224/1224 1223/1223/1223 1222/1222/1222
f 1227/1227/1227 1226/1226/1226 1225/1225/1225
f 1230/1230/1230 1229/1229/1229 1228/1228/1228
f 1233/1233/1233 1232/1232/1232 1231/1231/1231
f 1236/1236/1236 1235/1235/1235 1234/1234/1234
f 1239/1239/1239 1238/1238/1238 1237/1237/1237
f 1242/1242/1242 1241/1241/1241 1240/1240/1240
f 1245/1245/1245 1244/1244/1244 1243/1243/1243
f 1248/1248/1248 1247/1247/1247 1246/1246/1246
f 1251/1251/1251 1250/1250/1250 1249/1249/1249
f 1254/1254/1254 1253/1253/1253 1252/1252/1252
f 1257/1257/1257 1256/1256/1256 1255/1255/1255
f 1260/1260/1260 1259/1259/1259 1258/1258/1258
f 1263/1263/1263 1262/1262/1262 1261/1261/1261
f 1266/1266/1266 1265/1265/1265 1264/1264/1264
f 1269/1269/1269 1268/1268/1268 1267/1267/1267
f 1272/1272/1272 1271/1271/1271 1270/1270/1270
f 1275/1275/1275 1274/1274/1274 1273/1273/1273
f 1278/1278/1278 1277/1277/1277 1276/1276/1276
f 1281/1281/1281 1280/1280/1280 1279/1279/1279
f 1284/1284/1284 1283/1283/1283 1282/1282/1282
f 1287/1287/1287 1286/1286/1286 1285/1285/1285
f 1290/1290/1290 1289/1289/1289 1288/1288/1288
f 1293/1293/1293 1292/1292/1292 1291/1291/1291
f 1296/1296/1296 1295/1295/1295 1294/1294/1294
f 1299/1299/1299 1298/1298/1298 1297/1297/1297
f 1302/1302/1302 1301/1301/1301 1300/1300/1300
f 1305/1305/1305 1304/1304/1304 1303/1303/1303
f 1308/1308/1308 1307/1307/1307 1306/1306/1306
f 1311/1311/1311 1310/1310/1310 1309/1309/1309
f 1314/1314/1314 1313/1313/1313 1312/1312/1312
f 1317/1317/1317 1316/1316/1316 1315/1315/1315
f 1320/1320/1320 1319/1319/1319 1318/1318/1318
f 1323/1323/1323 1322/1322/1322 1321/1321/1321
f 1326/1326/1326 1325/1325/1325 1324/1324/1324
f 1329/1329/1329 1328/1328/1328 1327/1327/1327
f 1332/1332/1332 1331/1331/1331 1330/1330/1330
f 1335/1335/1335 1334/1334/1334 1333/1333/1333
f 1338/1338/1338 1337/1337/1337 1336/1336/1336
f 1341/1341/1341 1340/1340/1340 1339/1339/1339
f 1344/1344/1344 1343/1343/1343 1342/1342/1342
f 1347/1347/1347 1346/1346/1346 1345/1345/1345
f 1350/1350/1350 1349/1349/1349 1348/1348/1348
f 1353/1353/1353 1352/1352/1352 1351/1351/1351
f 1356/1356/1356 1355/1355/1355 1354/1354/1354
f 1359/1359/1359 1358/1358/1358 1357/1357/1357
f 1362/1362/1362 1361/1361/1361 1360/1360/1360
f 1365/1365/1365 1364/1364/1364 1363/1363/1363
f 1368/1368/1368 1367/1367/1367 1366/1366/1366
f 1371/1371/1371 1370/1370/1370 1369/1369/1369
f 1374/1374/1374 1373/1373/1373 1372/1372/1372
f 1377/1377/1377 1376/1376/1376 1375/1375/1375
f 1380/1380/1380 1379/1379/1379 1378/1378/1378
f 1383/1383/1383 1382/1382/1382 1381/1381/1381
f 1386/1386/1386 1385/1385/1385 1384/1384/1384
f 1389/1389/1389 1388/1388/1388 1387/1387/1387
f 1392/1392/1392 1391/1391/1391 1390/1390/1390
f 1395/1395/1395 1394/1394/1394 1393/1393/1393
f 1398/1398/1398 1397/1397/1397 1396/1396/1396
f 1401/1401/1401 1400/1400/1400 1399/1399/1399
f 1404/1404/1404 1403/1403/1403 1402/1402/1402
f 1407/1407/1407 1406/1406/1406 1405/1405/1405
f 1410/1410/1410 1409/1409/1409 1408/1408/1408
f 1413/1413/1413 1412/1412/1412 1411/1411/1411
f 1416/1416/1416 1415/1415/1415 1414/1414/1414
f 1417/1417/1417 1416/1416/1416 1414/1414/1414
f 1420/1420/1420 1419/1419/1419 1418/1418/1418
f 1421/1421/1421 1420/1420/1420 1418/1418/1418
f 1424/1424/1424 1423/1423/1423 1422/1422/1422
f 1425/1425/1425 1424/1424/1424 1422/1422/1422
f 1428/1428/1428 1427/1427/1427 1426/1426/1426
f 1429/1429/1429 1428/1428/1428 1426/1426/1426
f 1432/1432/1432 1431/1431/1431 1430/1430/1430
f 1433/1433/1433 1432/1432/1432 1430/1430/1430
f 1436/1436/1436 1435/1435/1435 1434/1434/1434
f 1437/1437/1437 1436/1436/1436 1434/1434/1434
f 1440/1440/1440 1439/1439/1439 1438/1438/1438
f 1441/1441/1441 1440/1440/1440 1438/1438/1438
f 1444/1444/1444 1443/1443/1443 1442/1442/1442
f 1445/1445/1445 1444/1444/1444 1442/1442/1442
f 1448/1448/1448 1447/1447/1447 1446/1446/1446
f 1449/1449/1449 1448/1448/1448 1446/1446/1446
f 1452/1452/1452 1451/1451/1451 1450/1450/1450
f 1453/1453/1453 1452/1452/1452 1450/1450/1450
f 1456/1456/1456 1455/1455/1455 1454/1454/1454
f 1457/1457/1457 1456/1456/1456 1454/1454/1454
f 1460/1460/1460 1459/1459/1459 1458/1458/1458
f 1461/1461/1461 1460/1460/1460 1458/1458/1458
f 1464/1464/1464 1463/1463/1463 1462/1462/1462
f 1465/1465/1465 1464/1464/1464 1462/1462/1462
f 1468/1468/1468 1467/1467/1467 1466/1466/1466
f 1468/1468/1468 1466/1466/1466 1469/1469/1469
f 1470/1470/1470 1468/1468/1468 1469/1469/1469
f 1473/1473/1473 1472/1472/1472 1471/1471/1471
f 1471/1471/1471 1472/1472/1472 1474/1474/1474
f 1472/1472/1472 1475/1475/1475 1474/1474/1474
f 1478/1478/1478 1477/1477/1477 1476/1476/1476
f 1479/1479/1479 1478/1478/1478 1476/1476/1476
f 1482/1482/1482 1481/1481/1481 1480/1480/1480
f 1481/1481/1481 1483/1483/1483 1480/1480/1480
f 1480/1480/1480 1483/1483/1483 1484/1484/1484
f 1483/1483/1483 1485/1485/1485 1484/1484/1484
f 1488/1488/1488 1487/1487/1487 1486/1486/1486
f 1489/1489/1489 1488/1488/1488 1486/1486/1486
f 1492/1492/1492 1491/1491/1491 1490/1490/1490
f 1493/1493/1493 1492/1492/1492 1490/1490/1490
f 1496/1496/1496 1495/1495/1495 1494/1494/1494
f 1497/1497/1497 1496/1496/1496 1494/1494/1494
f 1500/1500/1500 1499/1499/1499 1498/1498/1498
f 1501/1501/1501 1500/1500/1500 1498/1498/1498
f 1504/1504/1504 1503/1503/1503 1502/1502/1502
f 1505/1505/1505 1504/1504/1504 1502/1502/1502
f 1508/1508/1508 1507/1507/1507 1506/1506/1506
f 1509/1509/1509 1508/1508/1508 1506/1506/1506
f 1512/1512/1512 1511/1511/1511 1510/1510/1510
f 1513/1513/1513 1512/1512/1512 1510/1510/1510
f 1516/1516/1516 1515/1515/1515 1514/1514/1514
f 1517/1517/1517 1516/1516/1516 1514/1514/1514
f 1520/1520/1520 1519/1519/1519 1518/1518/1518
f 1519/1519/1519 1521/1521/1521 1518/1518/1518
f 1522/1522/1522 1518/1518/1518 1521/1521/1521
f 1523/1523/1523 1522/1522/1522 1521/1521/1521
f 1522/1522/1522 1523/1523/1523 1524/1524/1524
f 1525/1525/1525 1522/1522/1522 1524/1524/1524
f 1527/1527/1527 1519/1519/1519 1526/1526/1526
f 1528/1528/1528 1527/1527/1527 1526/1526/1526
f 1529/1529/1529 1527/1527/1527 1528/1528/1528
f 1530/1530/1530 1529/1529/1529 1528/1528/1528
f 1533/1533/1533 1532/1532/1532 1531/1531/1531
f 1534/1534/1534 1533/1533/1533 1531/1531/1531
f 1535/1535/1535 1534/1534/1534 1531/1531/1531
f 1536/1536/1536 1535/1535/1535 1531/1531/1531
f 1539/1539/1539 1538/1538/1538 1537/1537/1537
f 1540/1540/1540 1539/1539/1539 1537/1537/1537
f 1543/1543/1543 1542/1542/1542 1541/1541/1541
f 1544/1544/1544 1543/1543/1543 1541/1541/1541
f 1547/1547/1547 1546/1546/1546 1545/1545/1545
f 1548/1548/1548 1547/1547/1547 1545/1545/1545
f 1551/1551/1551 1550/1550/1550 1549/1549/1549
f 1552/1552/1552 1551/1551/1551 1549/1549/1549
f 1555/1555/1555 1554/1554/1554 1553/1553/1553
f 1556/1556/1556 1555/1555/1555 1553/1553/1553
f 1559/1559/1559 1558/1558/1558 1557/1557/1557
f 1560/1560/1560 1559/1559/1559 1557/1557/1557
f 1563/1563/1563 1562/1562/1562 1561/1561/1561
f 1564/1564/1564 1563/1563/1563 1561/1561/1561
f 1567/1567/1567 1566/1566/1566 1565/1565/1565
f 1568/1568/1568 1567/1567/1567 1565/1565/1565
f 1571/1571/1571 1570/1570/1570 1569/1569/1569
f 1572/1572/1572 1571/1571/1571 1569/1569/1569
f 1575/1575/1575 1574/1574/1574 1573/1573/1573
f 1576/1576/1576 1575/1575/1575 1573/1573/1573
f 1579/1579/1579 1578/1578/1578 1577/1577/1577
f 1580/1580/1580 1579/1579/1579 1577/1577/1577
f 1583/1583/1583 1582/1582/1582 1581/1581/1581
f 1584/1584/1584 1583/1583/1583 1581/1581/1581
f 1587/1587/1587 1586/1586/1586 1585/1585/1585
f 1588/1588/1588 1587/1587/1587 1585/1585/1585
f 1591/1591/1591 1590/1590/1590 1589/1589/1589
f 1592/1592/1592 1591/1591/1591 1589/1589/1589
f 1595/1595/1595 1594/1594/1594 1593/1593/1593
f 1596/1596/1596 1595/1595/1595 1593/1593/1593
f 1599/1599/1599 1598/1598/1598 1597/1597/1597
f 1600/1600/1600 1599/1599/1599 1597/1597/1597
f 1603/1603/1603 1602/1602/1602 1601/1601/1601
f 1604/1604/1604 1603/1603/1603 1601/1601/1601
f 1607/1607/1607 1606/1606/1606 1605/1605/1605
f 1608/1608/1608 1607/1607/1607 1605/1605/1605
f 1611/1611/1611 1610/1610/1610 1609/1609/1609
f 1612/1612/1612 1611/1611/1611 1609/1609/1609
f 1615/1615/1615 1614/1614/1614 1613/1613/1613
f 1616/1616/1616 1615/1615/1615 1613/1613/1613
f 1619/1619/1619 1618/1618/1618 1617/1617/1617
f 1620/1620/1620 1619/1619/1619 1617/1617/1617
f 1623/1623/1623 1622/1622/1622 1621/1621/1621
f 1624/1624/1624 1623/1623/1623 1621/1621/1621
f 1627/1627/1627 1626/1626/1626 1625/1625/1625
f 1628/1628/1628 1627/1627/1627 1625/1625/1625
f 1631/1631/1631 1630/1630/1630 1629/1629/1629
f 1632/1632/1632 1631/1631/1631 1629/1629/1629
f 1635/1635/1635 1634/1634/1634 1633/1633/1633
f 1636/1636/1636 1635/1635/1635 1633/1633/1633
f 1639/1639/1639 1638/1638/1638 1637/1637/1637
f 1640/1640/1640 1639/1639/1639 1637/1637/1637
f 1643/1643/1643 1642/1642/1642 1641/1641/1641
f 1644/1644/1644 1643/1643/1643 1641/1641/1641
f 1647/1647/1647 1646/1646/1646 1645/1645/1645
f 1648/1648/1648 1647/1647/1647 1645/1645/1645
f 1651/1651/1651 1650/1650/1650 1649/1649/1649
f 1652/1652/1652 1651/1651/1651 1649/1649/1649
f 1655/1655/1655 1654/1654/1654 1653/1653/1653
f 1656/1656/1656 1655/1655/1655 1653/1653/1653
f 1657/1657/1657 1655/1655/1655 1656/1656/1656
f 1658/1658/1658 1657/1657/1657 1656/1656/1656
f 1661/1661/1661 1660/1660/1660 1659/1659/1659
f 1662/1662/1662 1661/1661/1661 1659/1659/1659
f 1665/1665/1665 1664/1664/1664 1663/1663/1663
f 1666/1666/1666 1665/1665/1665 1663/1663/1663
f 1669/1669/1669 1668/1668/1668 1667/1667/1667
f 1670/1670/1670 1669/1669/1669 1667/1667/1667
f 1673/1673/1673 1672/1672/1672 1671/1671/1671
f 1674/1674/1674 1673/1673/1673 1671/1671/1671
f 1677/1677/1677 1676/1676/1676 1675/1675/1675
f 1678/1678/1678 1677/1677/1677 1675/1675/1675
f 1681/1681/1681 1680/1680/1680 1679/1679/1679
f 1682/1682/1682 1681/1681/1681 1679/1679/1679
f 1685/1685/1685 1684/1684/1684 1683/1683/1683
f 1686/1686/1686 1685/1685/1685 1683/1683/1683
f 1689/1689/1689 1688/1688/1688 1687/1687/1687
f 1690/1690/1690 1689/1689/1689 1687/1687/1687
f 1693/1693/1693 1692/1692/1692 1691/1691/1691
f 1694/1694/1694 1693/1693/1693 1691/1691/1691
f 1697/1697/1697 1696/1696/1696 1695/1695/1695
f 1696/1696/1696 1698/1698/1698 1695/1695/1695
f 1699/1699/1699 1698/1698/1698 1696/1696/1696
f 1700/1700/1700 1699/1699/1699 1696/1696/1696
f 1703/1703/1703 1702/1702/1702 1701/1701/1701
f 1704/1704/1704 1703/1703/1703 1701/1701/1701
f 1707/1707/1707 1706/1706/1706 1705/1705/1705
f 1708/1708/1708 1707/1707/1707 1705/1705/1705
f 1711/1711/1711 1710/1710/1710 1709/1709/1709
f 1712/1712/1712 1711/1711/1711 1709/1709/1709
f 1715/1715/1715 1714/1714/1714 1713/1713/1713
f 1716/1716/1716 1715/1715/1715 1713/1713/1713
f 1719/1719/1719 1718/1718/1718 1717/1717/1717
f 1720/1720/1720 1719/1719/1719 1717/1717/1717
f 1723/1723/1723 1722/1722/1722 1721/1721/1721
f 1724/1724/1724 1723/1723/1723 1721/1721/1721
f 1727/1727/1727 1726/1726/1726 1725/1725/1725
f 1728/1728/1728 1727/1727/1727 1725/1725/1725
f 1731/1731/1731 1730/1730/1730 1729/1729/1729
f 1732/1732/1732 1731/1731/1731 1729/1729/1729
f 1735/1735/1735 1734/1734/1734 1733/1733/1733
f 1736/1736/1736 1735/1735/1735 1733/1733/1733
f 1739/1739/1739 1738/1738/1738 1737/1737/1737
f 1740/1740/1740 1739/1739/1739 1737/1737/1737
f 1743/1743/1743 1742/1742/1742 1741/1741/1741
f 1744/1744/1744 1743/1743/1743 1741/1741/1741
f 1747/1747/1747 1746/1746/1746 1745/1745/1745
f 1748/1748/1748 1747/1747/1747 1745/1745/1745
f 1751/1751/1751 1750/1750/1750 1749/1749/1749
f 1752/1752/1752 1751/1751/1751 1749/1749/1749
f 1755/1755/1755 1754/1754/1754 1753/1753/1753
f 1756/1756/1756 1755/1755/1755 1753/1753/1753
f 1759/1759/1759 1758/1758/1758 1757/1757/1757
f 1760/1760/1760 1759/1759/1759 1757/1757/1757
f 1763/1763/1763 1762/1762/1762 1761/1761/1761
f 1764/1764/1764 1763/1763/1763 1761/1761/1761
f 1767/1767/1767 1766/1766/1766 1765/1765/1765
f 1768/1768/1768 1767/1767/1767 1765/1765/1765
f 1771/1771/1771 1770/1770/1770 1769/1769/1769
f 1772/1772/1772 1771/1771/1771 1769/1769/1769
f 1775/1775/1775 1774/1774/1774 1773/1773/1773
f 1776/1776/1776 1775/1775/1775 1773/1773/1773
f 1779/1779/1779 1778/1778/1778 1777/1777/1777
f 1780/1780/1780 1779/1779/1779 1777/1777/1777
f 1783/1783/1783 1782/1782/1782 1781/1781/1781
f 1784/1784/1784 1783/1783/1783 1781/1781/1781
f 1787/1787/1787 1786/1786/1786 1785/1785/1785
f 1788/1788/1788 1787/1787/1787 1785/1785/1785
f 1791/1791/1791 1790/1790/1790 1789/1789/1789
f 1792/1792/1792 1791/1791/1791 1789/1789/1789
f 1795/1795/1795 1794/1794/1794 1793/1793/1793
f 1796/1796/1796 1795/1795/1795 1793/1793/1793
f 1799/1799/1799 1798/1798/1798 1797/1797/1797
f 1800/1800/1800 1799/1799/1799 1797/1797/1797
f 1803/1803/1803 1802/1802/1802 1801/1801/1801
f 1804/1804/1804 1803/1803/1803 1801/1801/1801
f 1807/1807/1807 1806/1806/1806 1805/1805/1805
f 1808/1808/1808 1807/1807/1807 1805/1805/1805
f 1811/1811/1811 1810/1810/1810 1809/1809/1809
f 1812/1812/1812 1811/1811/1811 1809/1809/1809
f 1815/1815/1815 1814/1814/1814 1813/1813/1813
f 1816/1816/1816 1815/1815/1815 1813/1813/1813
f 1819/1819/1819 1818/1818/1818 1817/1817/1817
f 1820/1820/1820 1819/1819/1819 1817/1817/1817
f 1823/1823/1823 1822/1822/1822 1821/1821/1821
f 1824/1824/1824 1823/1823/1823 1821/1821/1821
f 1827/1827/1827 1826/1826/1826 1825/1825/1825
f 1828/1828/1828 1827/1827/1827 1825/1825/1825
f 1831/1831/1831 1830/1830/1830 1829/1829/1829
f 1832/1832/1832 1831/1831/1831 1829/1829/1829
f 1835/1835/1835 1834/1834/1834 1833/1833/1833
f 1836/1836/1836 1835/1835/1835 1833/1833/1833
f 1839/1839/1839 1838/1838/1838 1837/1837/1837
f 1840/1840/1840 1839/1839/1839 1837/1837/1837
f 1843/1843/1843 1842/1842/1842 1841/1841/1841
f 1844/1844/1844 1843/1843/1843 1841/1841/1841
f 1847/1847/1847 1846/1846/1846 1845/1845/1845
f 1845/1845/1845 1848/1848/1848 1847/1847/1847
f 1851/1851/1851 1850/1850/1850 1849/1849/1849
f 1852/1852/1852 1851/1851/1851 1849/1849/1849
f 1855/1855/1855 1854/1854/1854 1853/1853/1853
f 1855/1855/1855 1853/1853/1853 1856/1856/1856
f 1853/1853/1853 1857/1857/1857 1856/1856/1856
f 1860/1860/1860 1859/1859/1859 1858/1858/1858
f 1861/1861/1861 1860/1860/1860 1858/1858/1858
f 1864/1864/1864 1863/1863/1863 1862/1862/1862
f 1865/1865/1865 1864/1864/1864 1862/1862/1862
f 1868/1868/1868 1867/1867/1867 1866/1866/1866
f 1869/1869/1869 1868/1868/1868 1866/1866/1866
f 1872/1872/1872 1871/1871/1871 1870/1870/1870
f 1873/1873/1873 1872/1872/1872 1870/1870/1870
f 1876/1876/1876 1875/1875/1875 1874/1874/1874
f 1877/1877/1877 1876/1876/1876 1874/1874/1874
f 1880/1880/1880 1879/1879/1879 1878/1878/1878
f 1881/1881/1881 1880/1880/1880 1878/1878/1878
f 1884/1884/1884 1883/1883/1883 1882/1882/1882
f 1885/1885/1885 1884/1884/1884 1882/1882/1882
f 1888/1888/1888 1887/1887/1887 1886/1886/1886
f 1889/1889/1889 1888/1888/1888 1886/1886/1886
f 1892/1892/1892 1891/1891/1891 1890/1890/1890
f 1893/1893/1893 1892/1892/1892 1890/1890/1890
f 1896/1896/1896 1895/1895/1895 1894/1894/1894
f 1897/1897/1897 1896/1896/1896 1894/1894/1894
f 1900/1900/1900 1899/1899/1899 1898/1898/1898
f 1901/1901/1901 1900/1900/1900 1898/1898/1898
f 1904/1904/1904 1903/1903/1903 1902/1902/1902
f 1905/1905/1905 1904/1904/1904 1902/1902/1902
f 1908/1908/1908 1907/1907/1907 1906/1906/1906
f 1909/1909/1909 1908/1908/1908 1906/1906/1906
f 1912/1912/1912 1911/1911/1911 1910/1910/1910
f 1913/1913/1913 1912/1912/1912 1910/1910/1910
f 1916/1916/1916 1915/1915/1915 1914/1914/1914
f 1917/1917/1917 1916/1916/1916 1914/1914/1914
f 1920/1920/1920 1919/1919/1919 1918/1918/1918
f 1921/1921/1921 1920/1920/1920 1918/1918/1918
f 1924/1924/1924 1923/1923/1923 1922/1922/1922
f 1925/1925/1925 1924/1924/1924 1922/1922/1922
f 1928/1928/1928 1927/1927/1927 1926/1926/1926
f 1927/1927/1927 1929/1929/1929 1926/1926/1926
f 1926/1926/1926 1929/1929/1929 1930/1930/1930
f 1929/1929/1929 1931/1931/1931 1930/1930/1930
f 1934/1934/1934 1933/1933/1933 1932/1932/1932
f 1935/1935/1935 1934/1934/1934 1932/1932/1932
f 1938/1938/1938 1937/1937/1937 1936/1936/1936
f 1939/1939/1939 1938/1938/1938 1936/1936/1936
f 1942/1942/1942 1941/1941/1941 1940/1940/1940
f 1943/1943/1943 1942/1942/1942 1940/1940/1940
f 1946/1946/1946 1945/1945/1945 1944/1944/1944
f 1947/1947/1947 1946/1946/1946 1944/1944/1944
f 1950/1950/1950 1949/1949/1949 1948/1948/1948
f 1951/1951/1951 1950/1950/1950 1948/1948/1948
f 1954/1954/1954 1953/1953/1953 1952/1952/1952
f 1955/1955/1955 1954/1954/1954 1952/1952/1952
f 1958/1958/1958 1957/1957/1957 1956/1956/1956
f 1959/1959/1959 1958/1958/1958 1956/1956/1956
f 1962/1962/1962 1961/1961/1961 1960/1960/1960
f 1963/1963/1963 1962/1962/1962 1960/1960/1960
f 1966/1966/1966 1965/1965/1965 1964/1964/1964
f 1967/1967/1967 1966/1966/1966 1964/1964/1964
f 1970/1970/1970 1969/1969/1969 1968/1968/1968
f 1971/1971/1971 1970/1970/1970 1968/1968/1968
f 1974/1974/1974 1973/1973/1973 1972/1972/1972
f 1975/1975/1975 1974/1974/1974 1972/1972/1972
f 1978/1978/1978 1977/1977/1977 1976/1976/1976
f 1979/1979/1979 1978/1978/1978 1976/1976/1976
f 1982/1982/1982 1981/1981/1981 1980/1980/1980
f 1983/1983/1983 1982/1982/1982 1980/1980/1980
f 1986/1986/1986 1985/1985/1985 1984/1984/1984
f 1987/1987/1987 1986/1986/1986 1984/1984/1984
f 1990/1990/1990 1989/1989/1989 1988/1988/1988
f 1991/1991/1991 1990/1990/1990 1988/1988/1988
f 1994/1994/1994 1993/1993/1993 1992/1992/1992
f 1995/1995/1995 1994/1994/1994 1992/1992/1992
f 1998/1998/1998 1997/1997/1997 1996/1996/1996
f 1999/1999/1999 1998/1998/1998 1996/1996/1996
f 2002/2002/2002 2001/2001/2001 2000/2000/2000
f 2003/2003/2003 2002/2002/2002 2000/2000/2000
f 2006/2006/2006 2005/2005/2005 2004/2004/2004
f 2007/2007/2007 2006/2006/2006 2004/2004/2004
f 2010/2010/2010 2009/2009/2009 2008/2008/2008
f 2011/2011/2011 2010/2010/2010 2008/2008/2008
f 2014/2014/2014 2013/2013/2013 2012/2012/2012
f 2015/2015/2015 2014/2014/2014 2012/2012/2012
f 2018/2018/2018 2017/2017/2017 2016/2016/2016
f 2019/2019/2019 2018/2018/2018 2016/2016/2016
f 2022/2022/2022 2021/2021/2021 2020/2020/2020
f 2023/2023/2023 2022/2022/2022 2020/2020/2020
f 2026/2026/2026 2025/2025/2025 2024/2024/2024
f 2027/2027/2027 2026/2026/2026 2024/2024/2024
f 2030/2030/2030 2029/2029/2029 2028/2028/2028
f 2031/2031/2031 2030/2030/2030 2028/2028/2028
f 2034/2034/2034 2033/2033/2033 2032/2032/2032
f 2035/2035/2035 2034/2034/2034 2032/2032/2032
f 2038/2038/2038 2037/2037/2037 2036/2036/2036
f 2039/2039/2039 2038/2038/2038 2036/2036/2036
f 2042/2042/2042 2041/2041/2041 2040/2040/2040
f 2043/2043/2043 2042/2042/2042 2040/2040/2040
f 2046/2046/2046 2045/2045/2045 2044/2044/2044
f 2047/2047/2047 2046/2046/2046 2044/2044/2044
f 2050/2050/2050 2049/2049/2049 2048/2048/2048
f 2051/2051/2051 2050/2050/2050 2048/2048/2048
f 2054/2054/2054 2053/2053/2053 2052/2052/2052
f 2055/2055/2055 2054/2054/2054 2052/2052/2052
f 2054/2054/2054 2055/2055/2055 2056/2056/2056
f 2055/2055/2055 2057/2057/2057 2056/2056/2056
f 2060/2060/2060 2059/2059/2059 2058/2058/2058
f 2061/2061/2061 2060/2060/2060 2058/2058/2058
f 2064/2064/2064 2063/2063/2063 2062/2062/2062
f 2065/2065/2065 2064/2064/2064 2062/2062/2062
f 2068/2068/2068 2067/2067/2067 2066/2066/2066
f 2069/2069/2069 2068/2068/2068 2066/2066/2066
f 2072/2072/2072 2071/2071/2071 2070/2070/2070
f 2073/2073/2073 2072/2072/2072 2070/2070/2070
f 2074/2074/2074 2072/2072/2072 2073/2073/2073
f 2077/2077/2077 2076/2076/2076 2075/2075/2075
f 2078/2078/2078 2077/2077/2077 2075/2075/2075
f 2081/2081/2081 2080/2080/2080 2079/2079/2079
f 2082/2082/2082 2081/2081/2081 2079/2079/2079
f 2085/2085/2085 2084/2084/2084 2083/2083/2083
f 2086/2086/2086 2085/2085/2085 2083/2083/2083
f 2089/2089/2089 2088/2088/2088 2087/2087/2087
f 2090/2090/2090 2089/2089/2089 2087/2087/2087
f 2093/2093/2093 2092/2092/2092 2091/2091/2091
f 2094/2094/2094 2093/2093/2093 2091/2091/2091
f 2097/2097/2097 2096/2096/2096 2095/2095/2095
f 2098/2098/2098 2097/2097/2097 2095/2095/2095
f 2101/2101/2101 2100/2100/2100 2099/2099/2099
f 2102/2102/2102 2101/2101/2101 2099/2099/2099
f 2105/2105/2105 2104/2104/2104 2103/2103/2103
f 2106/2106/2106 2105/2105/2105 2103/2103/2103
f 2109/2109/2109 2108/2108/2108 2107/2107/2107
f 2110/2110/2110 2109/2109/2109 2107/2107/2107
f 2113/2113/2113 2112/2112/2112 2111/2111/2111
f 2114/2114/2114 2113/2113/2113 2111/2111/2111
f 2117/2117/2117 2116/2116/2116 2115/2115/2115
f 2118/2118/2118 2117/2117/2117 2115/2115/2115
f 2121/2121/2121 2120/2120/2120 2119/2119/2119
f 2122/2122/2122 2121/2121/2121 2119/2119/2119
f 2125/2125/2125 2124/2124/2124 2123/2123/2123
f 2126/2126/2126 2125/2125/2125 2123/2123/2123
f 2129/2129/2129 2128/2128/2128 2127/2127/2127
f 2130/2130/2130 2129/2129/2129 2127/2127/2127
f 2133/2133/2133 2132/2132/2132 2131/2131/2131
f 2134/2134/2134 2133/2133/2133 2131/2131/2131
f 2137/2137/2137 2136/2136/2136 2135/2135/2135
f 2138/2138/2138 2137/2137/2137 2135/2135/2135
f 2141/2141/2141 2140/2140/2140 2139/2139/2139
f 2140/2140/2140 2142/2142/2142 2139/2139/2139
f 2144/2144/2144 2142/2142/2142 2143/2143/2143
f 2145/2145/2145 2144/2144/2144 2143/2143/2143
f 2148/2148/2148 2147/2147/2147 2146/2146/2146
f 2149/2149/2149 2148/2148/2148 2146/2146/2146
f 2152/2152/2152 2151/2151/2151 2150/2150/2150
f 2153/2153/2153 2152/2152/2152 2150/2150/2150
f 2156/2156/2156 2155/2155/2155 2154/2154/2154
f 2157/2157/2157 2156/2156/2156 2154/2154/2154
f 2160/2160/2160 2159/2159/2159 2158/2158/2158
f 2161/2161/2161 2160/2160/2160 2158/2158/2158
f 2164/2164/2164 2163/2163/2163 2162/2162/2162
f 2165/2165/2165 2164/2164/2164 2162/2162/2162
f 2168/2168/2168 2167/2167/2167 2166/2166/2166
f 2169/2169/2169 2168/2168/2168 2166/2166/2166
f 2172/2172/2172 2171/2171/2171 2170/2170/2170
f 2173/2173/2173 2172/2172/2172 2170/2170/2170
f 2176/2176/2176 2175/2175/2175 2174/2174/2174
f 2177/2177/2177 2176/2176/2176 2174/2174/2174
f 2180/2180/2180 2179/2179/2179 2178/2178/2178
f 2181/2181/2181 2180/2180/2180 2178/2178/2178
f 2181/2181/2181 2183/2183/2183 2182/2182/2182
f 2183/2183/2183 2184/2184/2184 2182/2182/2182
f 2185/2185/2185 2184/2184/2184 2183/2183/2183
f 2186/2186/2186 2185/2185/2185 2183/2183/2183
f 2189/2189/2189 2188/2188/2188 2187/2187/2187
f 2190/2190/2190 2189/2189/2189 2187/2187/2187
f 2193/2193/2193 2192/2192/2192 2191/2191/2191
f 2194/2194/2194 2193/2193/2193 2191/2191/2191
f 2197/2197/2197 2196/2196/2196 2195/2195/2195
f 2198/2198/2198 2197/2197/2197 2195/2195/2195
f 2201/2201/2201 2200/2200/2200 2199/2199/2199
f 2202/2202/2202 2201/2201/2201 2199/2199/2199
f 2205/2205/2205 2204/2204/2204 2203/2203/2203
f 2206/2206/2206 2205/2205/2205 2203/2203/2203
f 2209/2209/2209 2208/2208/2208 2207/2207/2207
f 2210/2210/2210 2209/2209/2209 2207/2207/2207
f 2213/2213/2213 2212/2212/2212 2211/2211/2211
f 2214/2214/2214 2213/2213/2213 2211/2211/2211
f 2217/2217/2217 2216/2216/2216 2215/2215/2215
f 2218/2218/2218 2217/2217/2217 2215/2215/2215
f 2221/2221/2221 2220/2220/2220 2219/2219/2219
f 2222/2222/2222 2221/2221/2221 2219/2219/2219
f 2225/2225/2225 2224/2224/2224 2223/2223/2223
f 2226/2226/2226 2225/2225/2225 2223/2223/2223
f 2229/2229/2229 2228/2228/2228 2227/2227/2227
f 2230/2230/2230 2229/2229/2229 2227/2227/2227
f 2233/2233/2233 2232/2232/2232 2231/2231/2231
f 2234/2234/2234 2233/2233/2233 2231/2231/2231
f 2237/2237/2237 2236/2236/2236 2235/2235/2235
f 2238/2238/2238 2237/2237/2237 2235/2235/2235
f 2241/2241/2241 2240/2240/2240 2239/2239/2239
f 2242/2242/2242 2241/2241/2241 2239/2239/2239
f 2245/2245/2245 2244/2244/2244 2243/2243/2243
f 2246/2246/2246 2245/2245/2245 2243/2243/2243
f 2249/2249/2249 2248/2248/2248 2247/2247/2247
f 2250/2250/2250 2249/2249/2249 2247/2247/2247
f 2253/2253/2253 2252/2252/2252 2251/2251/2251
f 2254/2254/2254 2253/2253/2253 2251/2251/2251
f 2257/2257/2257 2256/2256/2256 2255/2255/2255
f 2258/2258/2258 2257/2257/2257 2255/2255/2255
f 2261/2261/2261 2260/2260/2260 2259/2259/2259
f 2262/2262/2262 2261/2261/2261 2259/2259/2259
f 2265/2265/2265 2264/2264/2264 2263/2263/2263
f 2266/2266/2266 2265/2265/2265 2263/2263/2263
f 2269/2269/2269 2268/2268/2268 2267/2267/2267
f 2270/2270/2270 2269/2269/2269 2267/2267/2267
f 2273/2273/2273 2272/2272/2272 2271/2271/2271
f 2274/2274/2274 2273/2273/2273 2271/2271/2271
f 2277/2277/2277 2276/2276/2276 2275/2275/2275
f 2278/2278/2278 2277/2277/2277 2275/2275/2275
f 2281/2281/2281 2280/2280/2280 2279/2279/2279
f 2282/2282/2282 2281/2281/2281 2279/2279/2279
f 2285/2285/2285 2284/2284/2284 2283/2283/2283
f 2286/2286/2286 2285/2285/2285 2283/2283/2283
f 2289/2289/2289 2288/2288/2288 2287/2287/2287
f 2290/2290/2290 2289/2289/2289 2287/2287/2287
f 2293/2293/2293 2292/2292/2292 2291/2291/2291
f 2294/2294/2294 2293/2293/2293 2291/2291/2291
f 2297/2297/2297 2296/2296/2296 2295/2295/2295
f 2298/2298/2298 2297/2297/2297 2295/2295/2295
f 2301/2301/2301 2300/2300/2300 2299/2299/2299
f 2302/2302/2302 2301/2301/2301 2299/2299/2299
f 2305/2305/2305 2304/2304/2304 2303/2303/2303
f 2306/2306/2306 2305/2305/2305 2303/2303/2303
f 2309/2309/2309 2308/2308/2308 2307/2307/2307
f 2310/2310/2310 2309/2309/2309 2307/2307/2307
f 2313/2313/2313 2312/2312/2312 2311/2311/2311
f 2314/2314/2314 2313/2313/2313 2311/2311/2311
f 2317/2317/2317 2316/2316/2316 2315/2315/2315
f 2318/2318/2318 2317/2317/2317 2315/2315/2315
f 2321/2321/2321 2320/2320/2320 2319/2319/2319
f 2322/2322/2322 2321/2321/2321 2319/2319/2319
f 2325/2325/2325 2324/2324/2324 2323/2323/2323
f 2326/2326/2326 2325/2325/2325 2323/2323/2323
f 2329/2329/2329 2328/2328/2328 2327/2327/2327
f 2330/2330/2330 2329/2329/2329 2327/2327/2327
f 2333/2333/2333 2332/2332/2332 2331/2331/2331
f 2332/2332/2332 2334/2334/2334 2331/2331/2331
f 2334/2334/2334 2336/2336/2336 2335/2335/2335
f 2336/2336/2336 2337/2337/2337 2335/2335/2335
f 2340/2340/2340 2339/2339/2339 2338/2338/2338
f 2341/2341/2341 2340/2340/2340 2338/2338/2338
f 2338/2338/2338 2343/2343/2343 2342/2342/2342
f 2343/2343/2343 2344/2344/2344 2342/2342/2342
f 2347/2347/2347 2346/2346/2346 2345/2345/2345
f 2348/2348/2348 2347/2347/2347 2345/2345/2345
f 2351/2351/2351 2350/2350/2350 2349/2349/2349
f 2350/2350/2350 2351/2351/2351 2352/2352/2352
f 2351/2351/2351 2353/2353/2353 2352/2352/2352
f 2356/2356/2356 2355/2355/2355 2354/2354/2354
f 2357/2357/2357 2356/2356/2356 2354/2354/2354
f 2360/2360/2360 2359/2359/2359 2358/2358/2358
f 2361/2361/2361 2360/2360/2360 2358/2358/2358
f 2364/2364/2364 2363/2363/2363 2362/2362/2362
f 2365/2365/2365 2364/2364/2364 2362/2362/2362
f 2368/2368/2368 2367/2367/2367 2366/2366/2366
f 2369/2369/2369 2368/2368/2368 2366/2366/2366
f 2372/2372/2372 2371/2371/2371 2370/2370/2370
f 2370/2370/2370 2373/2373/2373 2372/2372/2372
f 2373/2373/2373 2374/2374/2374 2372/2372/2372
f 2377/2377/2377 2376/2376/2376 2375/2375/2375
f 2378/2378/2378 2377/2377/2377 2375/2375/2375
f 2381/2381/2381 2380/2380/2380 2379/2379/2379
f 2382/2382/2382 2381/2381/2381 2379/2379/2379
f 2385/2385/2385 2384/2384/2384 2383/2383/2383
f 2386/2386/2386 2385/2385/2385 2383/2383/2383
f 2389/2389/2389 2388/2388/2388 2387/2387/2387
f 2390/2390/2390 2389/2389/2389 2387/2387/2387
f 2393/2393/2393 2392/2392/2392 2391/2391/2391
f 2394/2394/2394 2393/2393/2393 2391/2391/2391
f 2397/2397/2397 2396/2396/2396 2395/2395/2395
f 2398/2398/2398 2397/2397/2397 2395/2395/2395
f 2401/2401/2401 2400/2400/2400 2399/2399/2399
f 2402/2402/2402 2401/2401/2401 2399/2399/2399
f 2405/2405/2405 2404/2404/2404 2403/2403/2403
f 2406/2406/2406 2405/2405/2405 2403/2403/2403
f 2409/2409/2409 2408/2408/2408 2407/2407/2407
f 2410/2410/2410 2409/2409/2409 2407/2407/2407
f 2413/2413/2413 2412/2412/2412 2411/2411/2411
f 2414/2414/2414 2413/2413/2413 2411/2411/2411
f 2417/2417/2417 2416/2416/2416 2415/2415/2415
f 2418/2418/2418 2417/2417/2417 2415/2415/2415
f 2421/2421/2421 2420/2420/2420 2419/2419/2419
f 2422/2422/2422 2421/2421/2421 2419/2419/2419
f 2425/2425/2425 2424/2424/2424 2423/2423/2423
f 2426/2426/2426 2425/2425/2425 2423/2423/2423
f 2429/2429/2429 2428/2428/2428 2427/2427/2427
f 2430/2430/2430 2429/2429/2429 2427/2427/2427
f 2433/2433/2433 2432/2432/2432 2431/2431/2431
f 2434/2434/2434 2433/2433/2433 2431/2431/2431
f 2437/2437/2437 2436/2436/2436 2435/2435/2435
f 2438/2438/2438 2437/2437/2437 2435/2435/2435
f 2441/2441/2441 2440/2440/2440 2439/2439/2439
f 2442/2442/2442 2441/2441/2441 2439/2439/2439
f 2445/2445/2445 2444/2444/2444 2443/2443/2443
f 2446/2446/2446 2445/2445/2445 2443/2443/2443
f 2449/2449/2449 2448/2448/2448 2447/2447/2447
f 2450/2450/2450 2449/2449/2449 2447/2447/2447
f 2453/2453/2453 2452/2452/2452 2451/2451/2451
f 2454/2454/2454 2453/2453/2453 2451/2451/2451
f 2457/2457/2457 2456/2456/2456 2455/2455/2455
f 2458/2458/2458 2457/2457/2457 2455/2455/2455
f 2461/2461/2461 2460/2460/2460 2459/2459/2459
f 2462/2462/2462 2461/2461/2461 2459/2459/2459
f 2465/2465/2465 2464/2464/2464 2463/2463/2463
f 2466/2466/2466 2465/2465/2465 2463/2463/2463
f 2469/2469/2469 2468/2468/2468 2467/2467/2467
f 2470/2470/2470 2469/2469/2469 2467/2467/2467
f 2473/2473/2473 2472/2472/2472 2471/2471/2471
f 2474/2474/2474 2473/2473/2473 2471/2471/2471
f 2477/2477/2477 2476/2476/2476 2475/2475/2475
f 2478/2478/2478 2477/2477/2477 2475/2475/2475
f 2480/2480/2480 2475/2475/2475 2479/2479/2479
f 2481/2481/2481 2480/2480/2480 2479/2479/2479
f 2483/2483/2483 2480/2480/2480 2482/2482/2482
f 2484/2484/2484 2483/2483/2483 2482/2482/2482
f 2483/2483/2483 2486/2486/2486 2485/2485/2485
f 2487/2487/2487 2483/2483/2483 2485/2485/2485
f 2485/2485/2485 2488/2488/2488 2487/2487/2487
f 2488/2488/2488 2489/2489/2489 2487/2487/2487
f 2492/2492/2492 2491/2491/2491 2490/2490/2490
f 2493/2493/2493 2492/2492/2492 2490/2490/2490
f 2496/2496/2496 2495/2495/2495 2494/2494/2494
f 2497/2497/2497 2496/2496/2496 2494/2494/2494
f 2500/2500/2500 2499/2499/2499 2498/2498/2498
f 2501/2501/2501 2500/2500/2500 2498/2498/2498
f 2504/2504/2504 2503/2503/2503 2502/2502/2502
f 2503/2503/2503 2505/2505/2505 2502/2502/2502
f 2503/2503/2503 2506/2506/2506 2505/2505/2505
f 2506/2506/2506 2507/2507/2507 2505/2505/2505
f 2510/2510/2510 2509/2509/2509 2508/2508/2508
f 2511/2511/2511 2510/2510/2510 2508/2508/2508
f 2514/2514/2514 2513/2513/2513 2512/2512/2512
f 2515/2515/2515 2514/2514/2514 2512/2512/2512
f 2518/2518/2518 2517/2517/2517 2516/2516/2516
f 2519/2519/2519 2518/2518/2518 2516/2516/2516
f 2522/2522/2522 2521/2521/2521 2520/2520/2520
f 2523/2523/2523 2522/2522/2522 2520/2520/2520
f 2526/2526/2526 2525/2525/2525 2524/2524/2524
f 2527/2527/2527 2526/2526/2526 2524/2524/2524
f 2530/2530/2530 2529/2529/2529 2528/2528/2528
f 2531/2531/2531 2530/2530/2530 2528/2528/2528
f 2534/2534/2534 2533/2533/2533 2532/2532/2532
f 2535/2535/2535 2534/2534/2534 2532/2532/2532
f 2538/2538/2538 2537/2537/2537 2536/2536/2536
f 2539/2539/2539 2538/2538/2538 2536/2536/2536
f 2542/2542/2542 2541/2541/2541 2540/2540/2540
f 2543/2543/2543 2542/2542/2542 2540/2540/2540
f 2546/2546/2546 2545/2545/2545 2544/2544/2544
f 2547/2547/2547 2546/2546/2546 2544/2544/2544
f 2550/2550/2550 2549/2549/2549 2548/2548/2548
f 2551/2551/2551 2550/2550/2550 2548/2548/2548
f 2554/2554/2554 2553/2553/2553 2552/2552/2552
f 2555/2555/2555 2554/2554/2554 2552/2552/2552
f 2558/2558/2558 2557/2557/2557 2556/2556/2556
f 2559/2559/2559 2558/2558/2558 2556/2556/2556
f 2562/2562/2562 2561/2561/2561 2560/2560/2560
f 2563/2563/2563 2562/2562/2562 2560/2560/2560
f 2566/2566/2566 2565/2565/2565 2564/2564/2564
f 2567/2567/2567 2566/2566/2566 2564/2564/2564
f 2570/2570/2570 2569/2569/2569 2568/2568/2568
f 2571/2571/2571 2570/2570/2570 2568/2568/2568
f 2574/2574/2574 2573/2573/2573 2572/2572/2572
f 2575/2575/2575 2574/2574/2574 2572/2572/2572
f 2578/2578/2578 2577/2577/2577 2576/2576/2576
f 2579/2579/2579 2578/2578/2578 2576/2576/2576
f 2582/2582/2582 2581/2581/2581 2580/2580/2580
f 2583/2583/2583 2582/2582/2582 2580/2580/2580
f 2586/2586/2586 2585/2585/2585 2584/2584/2584
f 2587/2587/2587 2586/2586/2586 2584/2584/2584
f 2590/2590/2590 2589/2589/2589 2588/2588/2588
f 2591/2591/2591 2590/2590/2590 2588/2588/2588
f 2594/2594/2594 2593/2593/2593 2592/2592/2592
f 2595/2595/2595 2594/2594/2594 2592/2592/2592
f 2598/2598/2598 2597/2597/2597 2596/2596/2596
f 2599/2599/2599 2598/2598/2598 2596/2596/2596
f 2602/2602/2602 2601/2601/2601 2600/2600/2600
f 2603/2603/2603 2602/2602/2602 2600/2600/2600
f 2606/2606/2606 2605/2605/2605 2604/2604/2604
f 2607/2607/2607 2606/2606/2606 2604/2604/2604
f 2610/2610/2610 2609/2609/2609 2608/2608/2608
f 2611/2611/2611 2610/2610/2610 2608/2608/2608
f 2614/2614/2614 2613/2613/2613 2612/2612/2612
f 2615/2615/2615 2614/2614/2614 2612/2612/2612
f 2618/2618/2618 2617/2617/2617 2616/2616/2616
f 2619/2619/2619 2618/2618/2618 2616/2616/2616
f 2622/2622/2622 2621/2621/2621 2620/2620/2620
f 2623/2623/2623 2622/2622/2622 2620/2620/2620
f 2626/2626/2626 2625/2625/2625 2624/2624/2624
f 2627/2627/2627 2626/2626/2626 2624/2624/2624
f 2627/2627/2627 2628/2628/2628 2626/2626/2626
f 2628/2628/2628 2629/2629/2629 2626/2626/2626
f 2632/2632/2632 2631/2631/2631 2630/2630/2630
f 2633/2633/2633 2632/2632/2632 2630/2630/2630
f 2636/2636/2636 2635/2635/2635 2634/2634/2634
f 2637/2637/2637 2636/2636/2636 2634/2634/2634
f 2640/2640/2640 2639/2639/2639 2638/2638/2638
f 2641/2641/2641 2640/2640/2640 2638/2638/2638
f 2644/2644/2644 2643/2643/2643 2642/2642/2642
f 2645/2645/2645 2644/2644/2644 2642/2642/2642
f 2648/2648/2648 2647/2647/2647 2646/2646/2646
f 2649/2649/2649 2648/2648/2648 2646/2646/2646
f 2652/2652/2652 2651/2651/2651 2650/2650/2650
f 2653/2653/2653 2652/2652/2652 2650/2650/2650
f 2656/2656/2656 2655/2655/2655 2654/2654/2654
f 2657/2657/2657 2656/2656/2656 2654/2654/2654
f 2660/2660/2660 2659/2659/2659 2658/2658/2658
f 2661/2661/2661 2660/2660/2660 2658/2658/2658
f 2664/2664/2664 2663/2663/2663 2662/2662/2662
f 2665/2665/2665 2664/2664/2664 2662/2662/2662
f 2668/2668/2668 2667/2667/2667 2666/2666/2666
f 2669/2669/2669 2668/2668/2668 2666/2666/2666
f 2672/2672/2672 2671/2671/2671 2670/2670/2670
f 2673/2673/2673 2672/2672/2672 2670/2670/2670
f 2676/2676/2676 2675/2675/2675 2674/2674/2674
f 2677/2677/2677 2676/2676/2676 2674/2674/2674
f 2680/2680/2680 2679/2679/2679 2678/2678/2678
f 2681/2681/2681 2680/2680/2680 2678/2678/2678
f 2684/2684/2684 2683/2683/2683 2682/2682/2682
f 2685/2685/2685 2684/2684/2684 2682/2682/2682
f 2688/2688/2688 2687/2687/2687 2686/2686/2686
f 2689/2689/2689 2688/2688/2688 2686/2686/2686
f 2692/2692/2692 2691/2691/2691 2690/2690/2690
f 2693/2693/2693 2692/2692/2692 2690/2690/2690
f 2696/2696/2696 2695/2695/2695 2694/2694/2694
f 2697/2697/2697 2696/2696/2696 2694/2694/2694
f 2700/2700/2700 2699/2699/2699 2698/2698/2698
f 2701/2701/2701 2700/2700/2700 2698/2698/2698
f 2704/2704/2704 2703/2703/2703 2702/2702/2702
f 2705/2705/2705 2704/2704/2704 2702/2702/2702
f 2708/2708/2708 2707/2707/2707 2706/2706/2706
f 2709/2709/2709 2708/2708/2708 2706/2706/2706
f 2712/2712/2712 2711/2711/2711 2710/2710/2710
f 2713/2713/2713 2712/2712/2712 2710/2710/2710
f 2716/2716/2716 2715/2715/2715 2714/2714/2714
f 2717/2717/2717 2716/2716/2716 2714/2714/2714
f 2720/2720/2720 2719/2719/2719 2718/2718/2718
f 2721/2721/2721 2720/2720/2720 2718/2718/2718
f 2724/2724/2724 2723/2723/2723 2722/2722/2722
f 2725/2725/2725 2724/2724/2724 2722/2722/2722
f 2728/2728/2728 2727/2727/2727 2726/2726/2726
f 2729/2729/2729 2728/2728/2728 2726/2726/2726
f 2732/2732/2732 2731/2731/2731 2730/2730/2730
f 2733/2733/2733 2732/2732/2732 2730/2730/2730
f 2736/2736/2736 2735/2735/2735 2734/2734/2734
f 2737/2737/2737 2736/2736/2736 2734/2734/2734
f 2740/2740/2740 2739/2739/2739 2738/2738/2738
f 2741/2741/2741 2740/2740/2740 2738/2738/2738
f 2744/2744/2744 2743/2743/2743 2742/2742/2742
f 2745/2745/2745 2744/2744/2744 2742/2742/2742
f 2748/2748/2748 2747/2747/2747 2746/2746/2746
f 2749/2749/2749 2748/2748/2748 2746/2746/2746
f 2752/2752/2752 2751/2751/2751 2750/2750/2750
f 2753/2753/2753 2752/2752/2752 2750/2750/2750
f 2756/2756/2756 2755/2755/2755 2754/2754/2754
f 2757/2757/2757 2756/2756/2756 2754/2754/2754
f 2760/2760/2760 2759/2759/2759 2758/2758/2758
f 2761/2761/2761 2760/2760/2760 2758/2758/2758
f 2764/2764/2764 2763/2763/2763 2762/2762/2762
f 2765/2765/2765 2762/2762/2762 2763/2763/2763
f 2768/2768/2768 2767/2767/2767 2766/2766/2766
f 2769/2769/2769 2768/2768/2768 2766/2766/2766
f 2772/2772/2772 2771/2771/2771 2770/2770/2770
f 2770/2770/2770 2771/2771/2771 2773/2773/2773
f 2774/2774/2774 2770/2770/2770 2773/2773/2773
f 2777/2777/2777 2776/2776/2776 2775/2775/2775
f 2778/2778/2778 2777/2777/2777 2775/2775/2775
f 2781/2781/2781 2780/2780/2780 2779/2779/2779
f 2782/2782/2782 2781/2781/2781 2779/2779/2779
f 2785/2785/2785 2784/2784/2784 2783/2783/2783
f 2786/2786/2786 2785/2785/2785 2783/2783/2783
f 2789/2789/2789 2788/2788/2788 2787/2787/2787
f 2790/2790/2790 2789/2789/2789 2787/2787/2787
f 2793/2793/2793 2792/2792/2792 2791/2791/2791
f 2794/2794/2794 2793/2793/2793 2791/2791/2791
f 2797/2797/2797 2796/2796/2796 2795/2795/2795
f 2798/2798/2798 2797/2797/2797 2795/2795/2795
f 2801/2801/2801 2800/2800/2800 2799/2799/2799
f 2802/2802/2802 2801/2801/2801 2799/2799/2799
f 2805/2805/2805 2804/2804/2804 2803/2803/2803
f 2806/2806/2806 2805/2805/2805 2803/2803/2803
f 2809/2809/2809 2808/2808/2808 2807/2807/2807
f 2810/2810/2810 2809/2809/2809 2807/2807/2807
f 2813/2813/2813 2812/2812/2812 2811/2811/2811
f 2814/2814/2814 2813/2813/2813 2811/2811/2811
f 2817/2817/2817 2816/2816/2816 2815/2815/2815
f 2818/2818/2818 2817/2817/2817 2815/2815/2815
f 2821/2821/2821 2820/2820/2820 2819/2819/2819
f 2822/2822/2822 2821/2821/2821 2819/2819/2819
f 2825/2825/2825 2824/2824/2824 2823/2823/2823
f 2826/2826/2826 2825/2825/2825 2823/2823/2823
f 2829/2829/2829 2828/2828/2828 2827/2827/2827
f 2830/2830/2830 2829/2829/2829 2827/2827/2827
f 2833/2833/2833 2832/2832/2832 2831/2831/2831
f 2834/2834/2834 2833/2833/2833 2831/2831/2831
f 2837/2837/2837 2836/2836/2836 2835/2835/2835
f 2838/2838/2838 2837/2837/2837 2835/2835/2835
f 2841/2841/2841 2840/2840/2840 2839/2839/2839
f 2842/2842/2842 2841/2841/2841 2839/2839/2839
f 2845/2845/2845 2844/2844/2844 2843/2843/2843
f 2846/2846/2846 2845/2845/2845 2843/2843/2843
f 2846/2846/2846 2843/2843/2843 2847/2847/2847
f 2848/2848/2848 2846/2846/2846 2847/2847/2847
f 2851/2851/2851 2850/2850/2850 2849/2849/2849
f 2852/2852/2852 2851/2851/2851 2849/2849/2849
f 2855/2855/2855 2854/2854/2854 2853/2853/2853
f 2856/2856/2856 2855/2855/2855 2853/2853/2853
f 2859/2859/2859 2858/2858/2858 2857/2857/2857
f 2860/2860/2860 2859/2859/2859 2857/2857/2857
f 2863/2863/2863 2862/2862/2862 2861/2861/2861
f 2864/2864/2864 2863/2863/2863 2861/2861/2861
f 2867/2867/2867 2866/2866/2866 2865/2865/2865
f 2868/2868/2868 2867/2867/2867 2865/2865/2865
f 2871/2871/2871 2870/2870/2870 2869/2869/2869
f 2872/2872/2872 2871/2871/2871 2869/2869/2869
f 2875/2875/2875 2874/2874/2874 2873/2873/2873
f 2876/2876/2876 2875/2875/2875 2873/2873/2873
f 2879/2879/2879 2878/2878/2878 2877/2877/2877
f 2880/2880/2880 2879/2879/2879 2877/2877/2877
f 2883/2883/2883 2882/2882/2882 2881/2881/2881
f 2884/2884/2884 2883/2883/2883 2881/2881/2881
f 2887/2887/2887 2886/2886/2886 2885/2885/2885
f 2888/2888/2888 2887/2887/2887 2885/2885/2885
f 2891/2891/2891 2890/2890/2890 2889/2889/2889
f 2892/2892/2892 2891/2891/2891 2889/2889/2889
f 2895/2895/2895 2894/2894/2894 2893/2893/2893
f 2896/2896/2896 2895/2895/2895 2893/2893/2893
f 2899/2899/2899 2898/2898/2898 2897/2897/2897
f 2900/2900/2900 2899/2899/2899 2897/2897/2897
f 2903/2903/2903 2902/2902/2902 2901/2901/2901
f 2904/2904/2904 2903/2903/2903 2901/2901/2901
f 2907/2907/2907 2906/2906/2906 2905/2905/2905
f 2908/2908/2908 2907/2907/2907 2905/2905/2905
f 2911/2911/2911 2910/2910/2910 2909/2909/2909
f 2912/2912/2912 2911/2911/2911 2909/2909/2909
f 2915/2915/2915 2914/2914/2914 2913/2913/2913
f 2916/2916/2916 2915/2915/2915 2913/2913/2913
f 2919/2919/2919 2918/2918/2918 2917/2917/2917
f 2920/2920/2920 2919/2919/2919 2917/2917/2917
f 2923/2923/2923 2922/2922/2922 2921/2921/2921
f 2924/2924/2924 2923/2923/2923 2921/2921/2921
f 2927/2927/2927 2926/2926/2926 2925/2925/2925
f 2928/2928/2928 2927/2927/2927 2925/2925/2925
f 2931/2931/2931 2930/2930/2930 2929/2929/2929
f 2932/2932/2932 2931/2931/2931 2929/2929/2929
f 2935/2935/2935 2934/2934/2934 2933/2933/2933
f 2936/2936/2936 2935/2935/2935 2933/2933/2933
f 2939/2939/2939 2938/2938/2938 2937/2937/2937
f 2940/2940/2940 2939/2939/2939 2937/2937/2937
f 2943/2943/2943 2942/2942/2942 2941/2941/2941
f 2944/2944/2944 2943/2943/2943 2941/2941/2941
f 2947/2947/2947 2946/2946/2946 2945/2945/2945
f 2948/2948/2948 2947/2947/2947 2945/2945/2945
f 2951/2951/2951 2950/2950/2950 2949/2949/2949
f 2952/2952/2952 2951/2951/2951 2949/2949/2949
f 2955/2955/2955 2954/2954/2954 2953/2953/2953
f 2956/2956/2956 2955/2955/2955 2953/2953/2953
f 2959/2959/2959 2958/2958/2958 2957/2957/2957
f 2960/2960/2960 2959/2959/2959 2957/2957/2957
f 2963/2963/2963 2962/2962/2962 2961/2961/2961
f 2964/2964/2964 2963/2963/2963 2961/2961/2961
f 2967/2967/2967 2966/2966/2966 2965/2965/2965
f 2966/2966/2966 2968/2968/2968 2965/2965/2965
f 2968/2968/2968 2970/2970/2970 2969/2969/2969
f 2971/2971/2971 2968/2968/2968 2969/2969/2969
f 2974/2974/2974 2973/2973/2973 2972/2972/2972
f 2975/2975/2975 2974/2974/2974 2972/2972/2972
f 2978/2978/2978 2977/2977/2977 2976/2976/2976
f 2979/2979/2979 2978/2978/2978 2976/2976/2976
f 2982/2982/2982 2981/2981/2981 2980/2980/2980
f 2983/2983/2983 2982/2982/2982 2980/2980/2980
f 2986/2986/2986 2985/2985/2985 2984/2984/2984
f 2985/2985/2985 2987/2987/2987 2984/2984/2984
f 2985/2985/2985 2988/2988/2988 2987/2987/2987
f 2991/2991/2991 2990/2990/2990 2989/2989/2989
f 2992/2992/2992 2991/2991/2991 2989/2989/2989
f 2995/2995/2995 2994/2994/2994 2993/2993/2993
f 2996/2996/2996 2995/2995/2995 2993/2993/2993
f 2999/2999/2999 2998/2998/2998 2997/2997/2997
f 3000/3000/3000 2999/2999/2999 2997/2997/2997
f 3003/3003/3003 3002/3002/3002 3001/3001/3001
f 3004/3004/3004 3003/3003/3003 3001/3001/3001
f 3007/3007/3007 3006/3006/3006 3005/3005/3005
f 3008/3008/3008 3007/3007/3007 3005/3005/3005
f 3011/3011/3011 3010/3010/3010 3009/3009/3009
f 3012/3012/3012 3011/3011/3011 3009/3009/3009
f 3015/3015/3015 3014/3014/3014 3013/3013/3013
f 3016/3016/3016 3015/3015/3015 3013/3013/3013
f 3019/3019/3019 3018/3018/3018 3017/3017/3017
f 3020/3020/3020 3019/3019/3019 3017/3017/3017
f 3023/3023/3023 3022/3022/3022 3021/3021/3021
f 3024/3024/3024 3023/3023/3023 3021/3021/3021
f 3027/3027/3027 3026/3026/3026 3025/3025/3025
f 3028/3028/3028 3027/3027/3027 3025/3025/3025
f 3031/3031/3031 3030/3030/3030 3029/3029/3029
f 3032/3032/3032 3031/3031/3031 3029/3029/3029
f 3035/3035/3035 3034/3034/3034 3033/3033/3033
f 3036/3036/3036 3035/3035/3035 3033/3033/3033
f 3039/3039/3039 3038/3038/3038 3037/3037/3037
f 3040/3040/3040 3039/3039/3039 3037/3037/3037
f 3043/3043/3043 3042/3042/3042 3041/3041/3041
f 3044/3044/3044 3043/3043/3043 3041/3041/3041
f 3047/3047/3047 3046/3046/3046 3045/3045/3045
f 3048/3048/3048 3047/3047/3047 3045/3045/3045
f 3051/3051/3051 3050/3050/3050 3049/3049/3049
f 3052/3052/3052 3051/3051/3051 3049/3049/3049
f 3055/3055/3055 3054/3054/3054 3053/3053/3053
f 3056/3056/3056 3055/3055/3055 3053/3053/3053
f 3056/3056/3056 3058/3058/3058 3057/3057/3057
f 3058/3058/3058 3059/3059/3059 3057/3057/3057
f 3062/3062/3062 3061/3061/3061 3060/3060/3060
f 3063/3063/3063 3062/3062/3062 3060/3060/3060
f 3066/3066/3066 3065/3065/3065 3064/3064/3064
f 3067/3067/3067 3066/3066/3066 3064/3064/3064
f 3070/3070/3070 3069/3069/3069 3068/3068/3068
f 3071/3071/3071 3070/3070/3070 3068/3068/3068
f 3074/3074/3074 3073/3073/3073 3072/3072/3072
f 3075/3075/3075 3074/3074/3074 3072/3072/3072
f 3078/3078/3078 3077/3077/3077 3076/3076/3076
f 3079/3079/3079 3078/3078/3078 3076/3076/3076
f 3082/3082/3082 3081/3081/3081 3080/3080/3080
f 3083/3083/3083 3082/3082/3082 3080/3080/3080
f 3086/3086/3086 3085/3085/3085 3084/3084/3084
f 3087/3087/3087 3086/3086/3086 3084/3084/3084
f 3090/3090/3090 3089/3089/3089 3088/3088/3088
f 3091/3091/3091 3090/3090/3090 3088/3088/3088
f 3094/3094/3094 3093/3093/3093 3092/3092/3092
f 3093/3093/3093 3095/3095/3095 3092/3092/3092
f 3097/3097/3097 3095/3095/3095 3096/3096/3096
f 3098/3098/3098 3097/3097/3097 3096/3096/3096
f 3098/3098/3098 3099/3099/3099 3097/3097/3097
f 3099/3099/3099 3100/3100/3100 3097/3097/3097
f 3103/3103/3103 3102/3102/3102 3101/3101/3101
f 3104/3104/3104 3103/3103/3103 3101/3101/3101
f 3107/3107/3107 3106/3106/3106 3105/3105/3105
f 3108/3108/3108 3107/3107/3107 3105/3105/3105
f 3111/3111/3111 3110/3110/3110 3109/3109/3109
f 3112/3112/3112 3111/3111/3111 3109/3109/3109
f 3115/3115/3115 3114/3114/3114 3113/3113/3113
f 3116/3116/3116 3115/3115/3115 3113/3113/3113
f 3119/3119/3119 3118/3118/3118 3117/3117/3117
f 3120/3120/3120 3119/3119/3119 3117/3117/3117
f 3123/3123/3123 3122/3122/3122 3121/3121/3121
f 3124/3124/3124 3123/3123/3123 3121/3121/3121
f 3127/3127/3127 3126/3126/3126 3125/3125/3125
f 3128/3128/3128 3127/3127/3127 3125/3125/3125
f 3131/3131/3131 3130/3130/3130 3129/3129/3129
f 3132/3132/3132 3131/3131/3131 3129/3129/3129
f 3135/3135/3135 3134/3134/3134 3133/3133/3133
f 3136/3136/3136 3135/3135/3135 3133/3133/3133
f 3139/3139/3139 3138/3138/3138 3137/3137/3137
f 3140/3140/3140 3139/3139/3139 3137/3137/3137
f 3143/3143/3143 3142/3142/3142 3141/3141/3141
f 3144/3144/3144 3143/3143/3143 3141/3141/3141
f 3147/3147/3147 3146/3146/3146 3145/3145/3145
f 3148/3148/3148 3147/3147/3147 3145/3145/3145
f 3151/3151/3151 3150/3150/3150 3149/3149/3149
f 3152/3152/3152 3151/3151/3151 3149/3149/3149
f 3155/3155/3155 3154/3154/3154 3153/3153/3153
f 3156/3156/3156 3155/3155/3155 3153/3153/3153
f 3159/3159/3159 3158/3158/3158 3157/3157/3157
f 3160/3160/3160 3159/3159/3159 3157/3157/3157
f 3163/3163/3163 3162/3162/3162 3161/3161/3161
f 3164/3164/3164 3163/3163/3163 3161/3161/3161
f 3167/3167/3167 3166/3166/3166 3165/3165/3165
f 3168/3168/3168 3167/3167/3167 3165/3165/3165
f 3171/3171/3171 3170/3170/3170 3169/3169/3169
f 3172/3172/3172 3171/3171/3171 3169/3169/3169
f 3175/3175/3175 3174/3174/3174 3173/3173/3173
f 3176/3176/3176 3175/3175/3175 3173/3173/3173
f 3179/3179/3179 3178/3178/3178 3177/3177/3177
f 3180/3180/3180 3179/3179/3179 3177/3177/3177
f 3183/3183/3183 3182/3182/3182 3181/3181/3181
f 3184/3184/3184 3183/3183/3183 3181/3181/3181
f 3187/3187/3187 3186/3186/3186 3185/3185/3185
f 3188/3188/3188 3187/3187/3187 3185/3185/3185
f 3191/3191/3191 3190/3190/3190 3189/3189/3189
f 3192/3192/3192 3191/3191/3191 3189/3189/3189
f 3195/3195/3195 3194/3194/3194 3193/3193/3193
f 3196/3196/3196 3195/3195/3195 3193/3193/3193
f 3199/3199/3199 3198/3198/3198 3197/3197/3197
f 3200/3200/3200 3199/3199/3199 3197/3197/3197
f 3203/3203/3203 3202/3202/3202 3201/3201/3201
f 3202/3202/3202 3204/3204/3204 3201/3201/3201
f 3206/3206/3206 3204/3204/3204 3205/3205/3205
f 3205/3205/3205 3207/3207/3207 3206/3206/3206
f 3207/3207/3207 3208/3208/3208 3206/3206/3206
f 3211/3211/3211 3210/3210/3210 3209/3209/3209
f 3212/3212/3212 3211/3211/3211 3209/3209/3209
f 3215/3215/3215 3214/3214/3214 3213/3213/3213
f 3216/3216/3216 3215/3215/3215 3213/3213/3213
f 3219/3219/3219 3218/3218/3218 3217/3217/3217
f 3220/3220/3220 3219/3219/3219 3217/3217/3217
f 3223/3223/3223 3222/3222/3222 3221/3221/3221
f 3224/3224/3224 3223/3223/3223 3221/3221/3221
f 3227/3227/3227 3226/3226/3226 3225/3225/3225
f 3228/3228/3228 3227/3227/3227 3225/3225/3225
f 3231/3231/3231 3230/3230/3230 3229/3229/3229
f 3232/3232/3232 3231/3231/3231 3229/3229/3229
f 3235/3235/3235 3234/3234/3234 3233/3233/3233
f 3236/3236/3236 3235/3235/3235 3233/3233/3233
f 3239/3239/3239 3238/3238/3238 3237/3237/3237
f 3240/3240/3240 3239/3239/3239 3237/3237/3237
f 3243/3243/3243 3242/3242/3242 3241/3241/3241
f 3244/3244/3244 3243/3243/3243 3241/3241/3241
f 3247/3247/3247 3246/3246/3246 3245/3245/3245
f 3248/3248/3248 3247/3247/3247 3245/3245/3245
f 3251/3251/3251 3250/3250/3250 3249/3249/3249
f 3252/3252/3252 3251/3251/3251 3249/3249/3249
f 3254/3254/3254 3252/3252/3252 3253/3253/3253
f 3255/3255/3255 3254/3254/3254 3253/3253/3253
f 3258/3258/3258 3257/3257/3257 3256/3256/3256
f 3259/3259/3259 3258/3258/3258 3256/3256/3256
f 3261/3261/3261 3256/3256/3256 3260/3260/3260
f 3262/3262/3262 3261/3261/3261 3260/3260/3260
f 3265/3265/3265 3264/3264/3264 3263/3263/3263
f 3266/3266/3266 3265/3265/3265 3263/3263/3263
f 3269/3269/3269 3268/3268/3268 3267/3267/3267
f 3268/3268/3268 3269/3269/3269 3270/3270/3270
f 3271/3271/3271 3268/3268/3268 3270/3270/3270
f 3274/3274/3274 3273/3273/3273 3272/3272/3272
f 3275/3275/3275 3274/3274/3274 3272/3272/3272
f 3278/3278/3278 3277/3277/3277 3276/3276/3276
f 3279/3279/3279 3278/3278/3278 3276/3276/3276
f 3282/3282/3282 3281/3281/3281 3280/3280/3280
f 3283/3283/3283 3282/3282/3282 3280/3280/3280
f 3286/3286/3286 3285/3285/3285 3284/3284/3284
f 3287/3287/3287 3286/3286/3286 3284/3284/3284
f 3290/3290/3290 3289/3289/3289 3288/3288/3288
f 3291/3291/3291 3290/3290/3290 3288/3288/3288
f 3294/3294/3294 3293/3293/3293 3292/3292/3292
f 3295/3295/3295 3294/3294/3294 3292/3292/3292
f 3298/3298/3298 3297/3297/3297 3296/3296/3296
f 3299/3299/3299 3298/3298/3298 3296/3296/3296
f 3302/3302/3302 3301/3301/3301 3300/3300/3300
f 3303/3303/3303 3302/3302/3302 3300/3300/3300
f 3306/3306/3306 3305/3305/3305 3304/3304/3304
f 3307/3307/3307 3306/3306/3306 3304/3304/3304
f 3310/3310/3310 3309/3309/3309 3308/3308/3308
f 3311/3311/3311 3310/3310/3310 3308/3308/3308
f 3314/3314/3314 3313/3313/3313 3312/3312/3312
f 3315/3315/3315 3314/3314/3314 3312/3312/3312
f 3318/3318/3318 3317/3317/3317 3316/3316/3316
f 3319/3319/3319 3318/3318/3318 3316/3316/3316
f 3322/3322/3322 3321/3321/3321 3320/3320/3320
f 3323/3323/3323 3322/3322/3322 3320/3320/3320
f 3326/3326/3326 3325/3325/3325 3324/3324/3324
f 3327/3327/3327 3326/3326/3326 3324/3324/3324
f 3330/3330/3330 3329/3329/3329 3328/3328/3328
f 3331/3331/3331 3330/3330/3330 3328/3328/3328
f 3334/3334/3334 3333/3333/3333 3332/3332/3332
f 3335/3335/3335 3334/3334/3334 3332/3332/3332
f 3338/3338/3338 3337/3337/3337 3336/3336/3336
f 3339/3339/3339 3338/3338/3338 3336/3336/3336
f 3342/3342/3342 3341/3341/3341 3340/3340/3340
f 3343/3343/3343 3342/3342/3342 3340/3340/3340
f 3346/3346/3346 3345/3345/3345 3344/3344/3344
f 3347/3347/3347 3346/3346/3346 3344/3344/3344
f 3350/3350/3350 3349/3349/3349 3348/3348/3348
f 3351/3351/3351 3350/3350/3350 3348/3348/3348
f 3354/3354/3354 3353/3353/3353 3352/3352/3352
f 3355/3355/3355 3354/3354/3354 3352/3352/3352
f 3358/3358/3358 3357/3357/3357 3356/3356/3356
f 3359/3359/3359 3358/3358/3358 3356/3356/3356
f 3362/3362/3362 3361/3361/3361 3360/3360/3360
f 3363/3363/3363 3362/3362/3362 3360/3360/3360
f 3366/3366/3366 3365/3365/3365 3364/3364/3364
f 3367/3367/3367 3366/3366/3366 3364/3364/3364
f 3370/3370/3370 3369/3369/3369 3368/3368/3368
f 3371/3371/3371 3370/3370/3370 3368/3368/3368
f 3374/3374/3374 3373/3373/3373 3372/3372/3372
f 3375/3375/3375 3374/3374/3374 3372/3372/3372
f 3378/3378/3378 3377/3377/3377 3376/3376/3376
f 3379/3379/3379 3378/3378/3378 3376/3376/3376
f 3382/3382/3382 3381/3381/3381 3380/3380/3380
f 3383/3383/3383 3382/3382/3382 3380/3380/3380
f 3386/3386/3386 3385/3385/3385 3384/3384/3384
f 3387/3387/3387 3386/3386/3386 3384/3384/3384
f 3390/3390/3390 3389/3389/3389 3388/3388/3388
f 3391/3391/3391 3390/3390/3390 3388/3388/3388
f 3394/3394/3394 3393/3393/3393 3392/3392/3392
f 3395/3395/3395 3394/3394/3394 3392/3392/3392
f 3398/3398/3398 3397/3397/3397 3396/3396/3396
f 3399/3399/3399 3398/3398/3398 3396/3396/3396
f 3396/3396/3396 3401/3401/3401 3400/3400/3400
f 3401/3401/3401 3402/3402/3402 3400/3400/3400
f 3401/3401/3401 3404/3404/3404 3403/3403/3403
f 3404/3404/3404 3405/3405/3405 3403/3403/3403
f 3407/3407/3407 3404/3404/3404 3406/3406/3406
f 3404/3404/3404 3408/3408/3408 3406/3406/3406
f 3409/3409/3409 3406/3406/3406 3408/3408/3408
f 3410/3410/3410 3409/3409/3409 3408/3408/3408
f 3413/3413/3413 3412/3412/3412 3411/3411/3411
f 3414/3414/3414 3413/3413/3413 3411/3411/3411
f 3417/3417/3417 3416/3416/3416 3415/3415/3415
f 3418/3418/3418 3417/3417/3417 3415/3415/3415
f 3421/3421/3421 3420/3420/3420 3419/3419/3419
f 3422/3422/3422 3421/3421/3421 3419/3419/3419
f 3425/3425/3425 3424/3424/3424 3423/3423/3423
f 3426/3426/3426 3425/3425/3425 3423/3423/3423
f 3429/3429/3429 3428/3428/3428 3427/3427/3427
f 3430/3430/3430 3429/3429/3429 3427/3427/3427
f 3433/3433/3433 3432/3432/3432 3431/3431/3431
f 3434/3434/3434 3433/3433/3433 3431/3431/3431
f 3437/3437/3437 3436/3436/3436 3435/3435/3435
f 3438/3438/3438 3437/3437/3437 3435/3435/3435
f 3441/3441/3441 3440/3440/3440 3439/3439/3439
f 3442/3442/3442 3441/3441/3441 3439/3439/3439
f 3445/3445/3445 3444/3444/3444 3443/3443/3443
f 3446/3446/3446 3445/3445/3445 3443/3443/3443
f 3447/3447/3447 3445/3445/3445 3446/3446/3446
f 3448/3448/3448 3447/3447/3447 3446/3446/3446
f 3451/3451/3451 3450/3450/3450 3449/3449/3449
f 3452/3452/3452 3451/3451/3451 3449/3449/3449
f 3454/3454/3454 3453/3453/3453 3449/3449/3449
f 3455/3455/3455 3454/3454/3454 3449/3449/3449
f 3458/3458/3458 3457/3457/3457 3456/3456/3456
f 3459/3459/3459 3458/3458/3458 3456/3456/3456
f 3462/3462/3462 3461/3461/3461 3460/3460/3460
f 3463/3463/3463 3462/3462/3462 3460/3460/3460
f 3466/3466/3466 3465/3465/3465 3464/3464/3464
f 3467/3467/3467 3466/3466/3466 3464/3464/3464
f 3470/3470/3470 3469/3469/3469 3468/3468/3468
f 3471/3471/3471 3470/3470/3470 3468/3468/3468
f 3474/3474/3474 3473/3473/3473 3472/3472/3472
f 3475/3475/3475 3474/3474/3474 3472/3472/3472
f 3478/3478/3478 3477/3477/3477 3476/3476/3476
f 3479/3479/3479 3478/3478/3478 3476/3476/3476
f 3482/3482/3482 3481/3481/3481 3480/3480/3480
f 3483/3483/3483 3482/3482/3482 3480/3480/3480
f 3486/3486/3486 3485/3485/3485 3484/3484/3484
f 3487/3487/3487 3486/3486/3486 3484/3484/3484
f 3490/3490/3490 3489/3489/3489 3488/3488/3488
f 3491/3491/3491 3490/3490/3490 3488/3488/3488
f 3494/3494/3494 3493/3493/3493 3492/3492/3492
f 3495/3495/3495 3494/3494/3494 3492/3492/3492
f 3498/3498/3498 3497/3497/3497 3496/3496/3496
f 3499/3499/3499 3498/3498/3498 3496/3496/3496
f 3502/3502/3502 3501/3501/3501 3500/3500/3500
f 3503/3503/3503 3502/3502/3502 3500/3500/3500
f 3506/3506/3506 3505/3505/3505 3504/3504/3504
f 3507/3507/3507 3506/3506/3506 3504/3504/3504
f 3510/3510/3510 3509/3509/3509 3508/3508/3508
f 3511/3511/3511 3510/3510/3510 3508/3508/3508
f 3514/3514/3514 3513/3513/3513 3512/3512/3512
f 3515/3515/3515 3514/3514/3514 3512/3512/3512
f 3518/3518/3518 3517/3517/3517 3516/3516/3516
f 3519/3519/3519 3518/3518/3518 3516/3516/3516
f 3522/3522/3522 3521/3521/3521 3520/3520/3520
f 3523/3523/3523 3522/3522/3522 3520/3520/3520
f 3526/3526/3526 3525/3525/3525 3524/3524/3524
f 3527/3527/3527 3526/3526/3526 3524/3524/3524
f 3530/3530/3530 3529/3529/3529 3528/3528/3528
f 3531/3531/3531 3530/3530/3530 3528/3528/3528
f 3534/3534/3534 3533/3533/3533 3532/3532/3532
f 3535/3535/3535 3534/3534/3534 3532/3532/3532
f 3538/3538/3538 3537/3537/3537 3536/3536/3536
f 3539/3539/3539 3538/3538/3538 3536/3536/3536
f 3542/3542/3542 3541/3541/3541 3540/3540/3540
f 3543/3543/3543 3542/3542/3542 3540/3540/3540
f 3546/3546/3546 3545/3545/3545 3544/3544/3544
f 3547/3547/3547 3546/3546/3546 3544/3544/3544
f 3550/3550/3550 3549/3549/3549 3548/3548/3548
f 3551/3551/3551 3550/3550/3550 3548/3548/3548
f 3554/3554/3554 3553/3553/3553 3552/3552/3552
f 3555/3555/3555 3554/3554/3554 3552/3552/3552
f 3558/3558/3558 3557/3557/3557 3556/3556/3556
f 3559/3559/3559 3558/3558/3558 3556/3556/3556
f 3562/3562/3562 3561/3561/3561 3560/3560/3560
f 3563/3563/3563 3562/3562/3562 3560/3560/3560
f 3566/3566/3566 3565/3565/3565 3564/3564/3564
f 3567/3567/3567 3566/3566/3566 3564/3564/3564
f 3570/3570/3570 3569/3569/3569 3568/3568/3568
f 3571/3571/3571 3570/3570/3570 3568/3568/3568
f 3574/3574/3574 3573/3573/3573 3572/3572/3572
f 3575/3575/3575 3574/3574/3574 3572/3572/3572
f 3577/3577/3577 3576/3576/3576 3575/3575/3575
f 3578/3578/3578 3577/3577/3577 3575/3575/3575
f 3581/3581/3581 3580/3580/3580 3579/3579/3579
f 3582/3582/3582 3581/3581/3581 3579/3579/3579
f 3585/3585/3585 3584/3584/3584 3583/3583/3583
f 3586/3586/3586 3585/3585/3585 3583/3583/3583
f 3589/3589/3589 3588/3588/3588 3587/3587/3587
f 3590/3590/3590 3589/3589/3589 3587/3587/3587
f 3593/3593/3593 3592/3592/3592 3591/3591/3591
f 3594/3594/3594 3593/3593/3593 3591/3591/3591
f 3597/3597/3597 3596/3596/3596 3595/3595/3595
f 3598/3598/3598 3597/3597/3597 3595/3595/3595
f 3601/3601/3601 3600/3600/3600 3599/3599/3599
f 3602/3602/3602 3601/3601/3601 3599/3599/3599
f 3605/3605/3605 3604/3604/3604 3603/3603/3603
f 3606/3606/3606 3605/3605/3605 3603/3603/3603
f 3609/3609/3609 3608/3608/3608 3607/3607/3607
f 3610/3610/3610 3609/3609/3609 3607/3607/3607
f 3613/3613/3613 3612/3612/3612 3611/3611/3611
f 3614/3614/3614 3613/3613/3613 3611/3611/3611
f 3617/3617/3617 3616/3616/3616 3615/3615/3615
f 3616/3616/3616 3618/3618/3618 3615/3615/3615
f 3619/3619/3619 3618/3618/3618 3616/3616/3616
f 3620/3620/3620 3619/3619/3619 3616/3616/3616
f 3623/3623/3623 3622/3622/3622 3621/3621/3621
f 3624/3624/3624 3623/3623/3623 3621/3621/3621
f 3627/3627/3627 3626/3626/3626 3625/3625/3625
f 3628/3628/3628 3627/3627/3627 3625/3625/3625
f 3631/3631/3631 3630/3630/3630 3629/3629/3629
f 3632/3632/3632 3631/3631/3631 3629/3629/3629
f 3635/3635/3635 3634/3634/3634 3633/3633/3633
f 3636/3636/3636 3635/3635/3635 3633/3633/3633
f 3639/3639/3639 3638/3638/3638 3637/3637/3637
f 3640/3640/3640 3639/3639/3639 3637/3637/3637
f 3643/3643/3643 3642/3642/3642 3641/3641/3641
f 3644/3644/3644 3643/3643/3643 3641/3641/3641
f 3647/3647/3647 3646/3646/3646 3645/3645/3645
f 3648/3648/3648 3647/3647/3647 3645/3645/3645
f 3651/3651/3651 3650/3650/3650 3649/3649/3649
f 3652/3652/3652 3651/3651/3651 3649/3649/3649
f 3655/3655/3655 3654/3654/3654 3653/3653/3653
f 3656/3656/3656 3655/3655/3655 3653/3653/3653
f 3659/3659/3659 3658/3658/3658 3657/3657/3657
f 3660/3660/3660 3659/3659/3659 3657/3657/3657
f 3663/3663/3663 3662/3662/3662 3661/3661/3661
f 3664/3664/3664 3663/3663/3663 3661/3661/3661
f 3667/3667/3667 3666/3666/3666 3665/3665/3665
f 3668/3668/3668 3667/3667/3667 3665/3665/3665
f 3671/3671/3671 3670/3670/3670 3669/3669/3669
f 3672/3672/3672 3671/3671/3671 3669/3669/3669
f 3675/3675/3675 3674/3674/3674 3673/3673/3673
f 3676/3676/3676 3675/3675/3675 3673/3673/3673
f 3679/3679/3679 3678/3678/3678 3677/3677/3677
f 3680/3680/3680 3679/3679/3679 3677/3677/3677
f 3683/3683/3683 3682/3682/3682 3681/3681/3681
f 3684/3684/3684 3683/3683/3683 3681/3681/3681
f 3687/3687/3687 3686/3686/3686 3685/3685/3685
f 3688/3688/3688 3687/3687/3687 3685/3685/3685
f 3691/3691/3691 3690/3690/3690 3689/3689/3689
f 3692/3692/3692 3691/3691/3691 3689/3689/3689
f 3695/3695/3695 3694/3694/3694 3693/3693/3693
f 3696/3696/3696 3695/3695/3695 3693/3693/3693
f 3699/3699/3699 3698/3698/3698 3697/3697/3697
f 3700/3700/3700 3699/3699/3699 3697/3697/3697
f 3703/3703/3703 3702/3702/3702 3701/3701/3701
f 3704/3704/3704 3703/3703/3703 3701/3701/3701
f 3707/3707/3707 3706/3706/3706 3705/3705/3705
f 3708/3708/3708 3707/3707/3707 3705/3705/3705
f 3711/3711/3711 3710/3710/3710 3709/3709/3709
f 3712/3712/3712 3711/3711/3711 3709/3709/3709
f 3715/3715/3715 3714/3714/3714 3713/3713/3713
f 3716/3716/3716 3715/3715/3715 3713/3713/3713
f 3719/3719/3719 3718/3718/3718 3717/3717/3717
f 3720/3720/3720 3719/3719/3719 3717/3717/3717
f 3723/3723/3723 3722/3722/3722 3721/3721/3721
f 3724/3724/3724 3723/3723/3723 3721/3721/3721
f 3727/3727/3727 3726/3726/3726 3725/3725/3725
f 3728/3728/3728 3727/3727/3727 3725/3725/3725
f 3731/3731/3731 3730/3730/3730 3729/3729/3729
f 3732/3732/3732 3731/3731/3731 3729/3729/3729
f 3735/3735/3735 3734/3734/3734 3733/3733/3733
f 3736/3736/3736 3735/3735/3735 3733/3733/3733
f 3739/3739/3739 3738/3738/3738 3737/3737/3737
f 3740/3740/3740 3739/3739/3739 3737/3737/3737
f 3743/3743/3743 3742/3742/3742 3741/3741/3741
f 3744/3744/3744 3743/3743/3743 3741/3741/3741
f 3747/3747/3747 3746/3746/3746 3745/3745/3745
f 3748/3748/3748 3747/3747/3747 3745/3745/3745
f 3751/3751/3751 3750/3750/3750 3749/3749/3749
f 3752/3752/3752 3751/3751/3751 3749/3749/3749
f 3755/3755/3755 3754/3754/3754 3753/3753/3753
f 3756/3756/3756 3755/3755/3755 3753/3753/3753
f 3759/3759/3759 3758/3758/3758 3757/3757/3757
f 3760/3760/3760 3759/3759/3759 3757/3757/3757
f 3763/3763/3763 3762/3762/3762 3761/3761/3761
f 3764/3764/3764 3763/3763/3763 3761/3761/3761
f 3767/3767/3767 3766/3766/3766 3765/3765/3765
f 3768/3768/3768 3767/3767/3767 3765/3765/3765
f 3771/3771/3771 3770/3770/3770 3769/3769/3769
f 3772/3772/3772 3771/3771/3771 3769/3769/3769
f 3775/3775/3775 3774/3774/3774 3773/3773/3773
f 3776/3776/3776 3775/3775/3775 3773/3773/3773
f 3777/3777/3777 3776/3776/3776 3773/3773/3773
f 3780/3780/3780 3779/3779/3779 3778/3778/3778
f 3781/3781/3781 3780/3780/3780 3778/3778/3778
f 3784/3784/3784 3783/3783/3783 3782/3782/3782
f 3785/3785/3785 3784/3784/3784 3782/3782/3782
f 3788/3788/3788 3787/3787/3787 3786/3786/3786
f 3787/3787/3787 3789/3789/3789 3786/3786/3786
f 3786/3786/3786 3789/3789/3789 3790/3790/3790
f 3789/3789/3789 3791/3791/3791 3790/3790/3790
f 3794/3794/3794 3793/3793/3793 3792/3792/3792
f 3795/3795/3795 3794/3794/3794 3792/3792/3792
f 3798/3798/3798 3797/3797/3797 3796/3796/3796
f 3799/3799/3799 3798/3798/3798 3796/3796/3796
f 3802/3802/3802 3801/3801/3801 3800/3800/3800
f 3803/3803/3803 3802/3802/3802 3800/3800/3800
f 3806/3806/3806 3805/3805/3805 3804/3804/3804
f 3807/3807/3807 3806/3806/3806 3804/3804/3804
f 3810/3810/3810 3809/3809/3809 3808/3808/3808
f 3811/3811/3811 3810/3810/3810 3808/3808/3808
f 3814/3814/3814 3813/3813/3813 3812/3812/3812
f 3815/3815/3815 3814/3814/3814 3812/3812/3812
f 3818/3818/3818 3817/3817/3817 3816/3816/3816
f 3819/3819/3819 3818/3818/3818 3816/3816/3816
f 3822/3822/3822 3821/3821/3821 3820/3820/3820
f 3823/3823/3823 3822/3822/3822 3820/3820/3820
f 3826/3826/3826 3825/3825/3825 3824/3824/3824
f 3827/3827/3827 3826/3826/3826 3824/3824/3824
f 3830/3830/3830 3829/3829/3829 3828/3828/3828
f 3831/3831/3831 3830/3830/3830 3828/3828/3828
f 3834/3834/3834 3833/3833/3833 3832/3832/3832
f 3835/3835/3835 3834/3834/3834 3832/3832/3832
f 3838/3838/3838 3837/3837/3837 3836/3836/3836
f 3839/3839/3839 3838/3838/3838 3836/3836/3836
f 3842/3842/3842 3841/3841/3841 3840/3840/3840
f 3843/3843/3843 3842/3842/3842 3840/3840/3840
f 3846/3846/3846 3845/3845/3845 3844/3844/3844
f 3847/3847/3847 3846/3846/3846 3844/3844/3844
f 3850/3850/3850 3849/3849/3849 3848/3848/3848
f 3851/3851/3851 3850/3850/3850 3848/3848/3848
f 3854/3854/3854 3853/3853/3853 3852/3852/3852
f 3855/3855/3855 3854/3854/3854 3852/3852/3852
f 3858/3858/3858 3857/3857/3857 3856/3856/3856
f 3859/3859/3859 3858/3858/3858 3856/3856/3856
f 3862/3862/3862 3861/3861/3861 3860/3860/3860
f 3863/3863/3863 3862/3862/3862 3860/3860/3860
f 3866/3866/3866 3865/3865/3865 3864/3864/3864
f 3867/3867/3867 3866/3866/3866 3864/3864/3864
f 3870/3870/3870 3869/3869/3869 3868/3868/3868
f 3871/3871/3871 3870/3870/3870 3868/3868/3868
f 3874/3874/3874 3873/3873/3873 3872/3872/3872
f 3875/3875/3875 3874/3874/3874 3872/3872/3872
f 3878/3878/3878 3877/3877/3877 3876/3876/3876
f 3879/3879/3879 3878/3878/3878 3876/3876/3876
f 3882/3882/3882 3881/3881/3881 3880/3880/3880
f 3883/3883/3883 3882/3882/3882 3880/3880/3880
f 3886/3886/3886 3885/3885/3885 3884/3884/3884
f 3887/3887/3887 3886/3886/3886 3884/3884/3884
f 3890/3890/3890 3889/3889/3889 3888/3888/3888
f 3891/3891/3891 3890/3890/3890 3888/3888/3888
f 3894/3894/3894 3893/3893/3893 3892/3892/3892
f 3895/3895/3895 3894/3894/3894 3892/3892/3892
f 3898/3898/3898 3897/3897/3897 3896/3896/3896
f 3899/3899/3899 3898/3898/3898 3896/3896/3896
f 3902/3902/3902 3901/3901/3901 3900/3900/3900
f 3903/3903/3903 3902/3902/3902 3900/3900/3900
f 3906/3906/3906 3905/3905/3905 3904/3904/3904
f 3907/3907/3907 3906/3906/3906 3904/3904/3904
f 3910/3910/3910 3909/3909/3909 3908/3908/3908
f 3911/3911/3911 3910/3910/3910 3908/3908/3908
f 3914/3914/3914 3913/3913/3913 3912/3912/3912
f 3915/3915/3915 3914/3914/3914 3912/3912/3912
f 3918/3918/3918 3917/3917/3917 3916/3916/3916
f 3919/3919/3919 3918/3918/3918 3916/3916/3916
f 3922/3922/3922 3921/3921/3921 3920/3920/3920
f 3923/3923/3923 3922/3922/3922 3920/3920/3920
f 3926/3926/3926 3925/3925/3925 3924/3924/3924
f 3927/3927/3927 3926/3926/3926 3924/3924/3924
f 3930/3930/3930 3929/3929/3929 3928/3928/3928
f 3931/3931/3931 3930/3930/3930 3928/3928/3928
f 3934/3934/3934 3933/3933/3933 3932/3932/3932
f 3935/3935/3935 3934/3934/3934 3932/3932/3932
f 3938/3938/3938 3937/3937/3937 3936/3936/3936
f 3939/3939/3939 3938/3938/3938 3936/3936/3936
f 3942/3942/3942 3941/3941/3941 3940/3940/3940
f 3943/3943/3943 3942/3942/3942 3940/3940/3940
f 3946/3946/3946 3945/3945/3945 3944/3944/3944
f 3947/3947/3947 3946/3946/3946 3944/3944/3944
f 3944/3944/3944 3949/3949/3949 3948/3948/3948
f 3949/3949/3949 3950/3950/3950 3948/3948/3948
f 3953/3953/3953 3952/3952/3952 3951/3951/3951
f 3954/3954/3954 3953/3953/3953 3951/3951/3951
f 3957/3957/3957 3956/3956/3956 3955/3955/3955
f 3958/3958/3958 3957/3957/3957 3955/3955/3955
f 3961/3961/3961 3960/3960/3960 3959/3959/3959
f 3962/3962/3962 3961/3961/3961 3959/3959/3959
f 3965/3965/3965 3964/3964/3964 3963/3963/3963
f 3966/3966/3966 3965/3965/3965 3963/3963/3963
f 3969/3969/3969 3968/3968/3968 3967/3967/3967
f 3970/3970/3970 3969/3969/3969 3967/3967/3967
f 3973/3973/3973 3972/3972/3972 3971/3971/3971
f 3974/3974/3974 3973/3973/3973 3971/3971/3971
f 3977/3977/3977 3976/3976/3976 3975/3975/3975
f 3978/3978/3978 3977/3977/3977 3975/3975/3975
f 3981/3981/3981 3980/3980/3980 3979/3979/3979
f 3982/3982/3982 3981/3981/3981 3979/3979/3979
f 3985/3985/3985 3984/3984/3984 3983/3983/3983
f 3986/3986/3986 3985/3985/3985 3983/3983/3983
f 3989/3989/3989 3988/3988/3988 3987/3987/3987
f 3990/3990/3990 3989/3989/3989 3987/3987/3987
f 3993/3993/3993 3992/3992/3992 3991/3991/3991
f 3994/3994/3994 3993/3993/3993 3991/3991/3991
f 3997/3997/3997 3996/3996/3996 3995/3995/3995
f 3998/3998/3998 3997/3997/3997 3995/3995/3995
f 4001/4001/4001 4000/4000/4000 3999/3999/3999
f 4002/4002/4002 4001/4001/4001 3999/3999/3999
f 4005/4005/4005 4004/4004/4004 4003/4003/4003
f 4006/4006/4006 4005/4005/4005 4003/4003/4003
f 4009/4009/4009 4008/4008/4008 4007/4007/4007
f 4010/4010/4010 4009/4009/4009 4007/4007/4007
f 4013/4013/4013 4012/4012/4012 4011/4011/4011
f 4014/4014/4014 4013/4013/4013 4011/4011/4011
f 4017/4017/4017 4016/4016/4016 4015/4015/4015
f 4018/4018/4018 4017/4017/4017 4015/4015/4015
f 4021/4021/4021 4020/4020/4020 4019/4019/4019
f 4022/4022/4022 4021/4021/4021 4019/4019/4019
f 4025/4025/4025 4024/4024/4024 4023/4023/4023
f 4026/4026/4026 4025/4025/4025 4023/4023/4023
f 4029/4029/4029 4028/4028/4028 4027/4027/4027
f 4030/4030/4030 4029/4029/4029 4027/4027/4027
f 4033/4033/4033 4032/4032/4032 4031/4031/4031
f 4034/4034/4034 4033/4033/4033 4031/4031/4031
f 4037/4037/4037 4036/4036/4036 4035/4035/4035
f 4038/4038/4038 4037/4037/4037 4035/4035/4035
f 4041/4041/4041 4040/4040/4040 4039/4039/4039
f 4042/4042/4042 4041/4041/4041 4039/4039/4039
f 4045/4045/4045 4044/4044/4044 4043/4043/4043
f 4046/4046/4046 4045/4045/4045 4043/4043/4043
f 4049/4049/4049 4048/4048/4048 4047/4047/4047
f 4050/4050/4050 4049/4049/4049 4047/4047/4047
f 4053/4053/4053 4052/4052/4052 4051/4051/4051
f 4054/4054/4054 4053/4053/4053 4051/4051/4051
f 4057/4057/4057 4056/4056/4056 4055/4055/4055
f 4058/4058/4058 4057/4057/4057 4055/4055/4055
f 4061/4061/4061 4060/4060/4060 4059/4059/4059
f 4062/4062/4062 4061/4061/4061 4059/4059/4059
f 4065/4065/4065 4064/4064/4064 4063/4063/4063
f 4066/4066/4066 4065/4065/4065 4063/4063/4063
f 4069/4069/4069 4068/4068/4068 4067/4067/4067
f 4070/4070/4070 4069/4069/4069 4067/4067/4067
f 4073/4073/4073 4072/4072/4072 4071/4071/4071
f 4074/4074/4074 4073/4073/4073 4071/4071/4071
f 4077/4077/4077 4076/4076/4076 4075/4075/4075
f 4078/4078/4078 4077/4077/4077 4075/4075/4075
f 4081/4081/4081 4080/4080/4080 4079/4079/4079
f 4082/4082/4082 4081/4081/4081 4079/4079/4079
f 4085/4085/4085 4084/4084/4084 4083/4083/4083
f 4086/4086/4086 4085/4085/4085 4083/4083/4083
f 4089/4089/4089 4088/4088/4088 4087/4087/4087
f 4090/4090/4090 4089/4089/4089 4087/4087/4087
f 4093/4093/4093 4092/4092/4092 4091/4091/4091
f 4094/4094/4094 4093/4093/4093 4091/4091/4091
f 4097/4097/4097 4096/4096/4096 4095/4095/4095
f 4098/4098/4098 4097/4097/4097 4095/4095/4095
f 4101/4101/4101 4100/4100/4100 4099/4099/4099
f 4102/4102/4102 4101/4101/4101 4099/4099/4099
f 4105/4105/4105 4104/4104/4104 4103/4103/4103
f 4106/4106/4106 4105/4105/4105 4103/4103/4103
f 4109/4109/4109 4108/4108/4108 4107/4107/4107
f 4110/4110/4110 4109/4109/4109 4107/4107/4107
f 4113/4113/4113 4112/4112/4112 4111/4111/4111
f 4114/4114/4114 4113/4113/4113 4111/4111/4111
f 4117/4117/4117 4116/4116/4116 4115/4115/4115
f 4118/4118/4118 4117/4117/4117 4115/4115/4115
f 4121/4121/4121 4120/4120/4120 4119/4119/4119
f 4122/4122/4122 4121/4121/4121 4119/4119/4119
f 4125/4125/4125 4124/4124/4124 4123/4123/4123
f 4126/4126/4126 4125/4125/4125 4123/4123/4123
f 4129/4129/4129 4128/4128/4128 4127/4127/4127
f 4130/4130/4130 4129/4129/4129 4127/4127/4127
f 4133/4133/4133 4132/4132/4132 4131/4131/4131
f 4134/4134/4134 4133/4133/4133 4131/4131/4131
f 4137/4137/4137 4136/4136/4136 4135/4135/4135
f 4138/4138/4138 4137/4137/4137 4135/4135/4135
f 4141/4141/4141 4140/4140/4140 4139/4139/4139
f 4140/4140/4140 4142/4142/4142 4139/4139/4139
f 4144/4144/4144 4143/4143/4143 4142/4142/4142
f 4145/4145/4145 4144/4144/4144 4142/4142/4142
f 4148/4148/4148 4147/4147/4147 4146/4146/4146
f 4149/4149/4149 4148/4148/4148 4146/4146/4146
f 4152/4152/4152 4151/4151/4151 4150/4150/4150
f 4153/4153/4153 4152/4152/4152 4150/4150/4150
f 4156/4156/4156 4155/4155/4155 4154/4154/4154
f 4157/4157/4157 4156/4156/4156 4154/4154/4154
f 4160/4160/4160 4159/4159/4159 4158/4158/4158
f 4161/4161/4161 4160/4160/4160 4158/4158/4158
f 4164/4164/4164 4163/4163/4163 4162/4162/4162
f 4165/4165/4165 4164/4164/4164 4162/4162/4162
f 4168/4168/4168 4167/4167/4167 4166/4166/4166
f 4169/4169/4169 4168/4168/4168 4166/4166/4166
f 4172/4172/4172 4171/4171/4171 4170/4170/4170
f 4173/4173/4173 4172/4172/4172 4170/4170/4170
f 4176/4176/4176 4175/4175/4175 4174/4174/4174
f 4177/4177/4177 4176/4176/4176 4174/4174/4174
f 4180/4180/4180 4179/4179/4179 4178/4178/4178
f 4181/4181/4181 4180/4180/4180 4178/4178/4178
f 4184/4184/4184 4183/4183/4183 4182/4182/4182
f 4185/4185/4185 4184/4184/4184 4182/4182/4182
f 4188/4188/4188 4187/4187/4187 4186/4186/4186
f 4189/4189/4189 4188/4188/4188 4186/4186/4186
f 4192/4192/4192 4191/4191/4191 4190/4190/4190
f 4193/4193/4193 4192/4192/4192 4190/4190/4190
f 4196/4196/4196 4195/4195/4195 4194/4194/4194
f 4197/4197/4197 4196/4196/4196 4194/4194/4194
f 4200/4200/4200 4199/4199/4199 4198/4198/4198
f 4201/4201/4201 4200/4200/4200 4198/4198/4198
f 4204/4204/4204 4203/4203/4203 4202/4202/4202
f 4205/4205/4205 4204/4204/4204 4202/4202/4202
f 4208/4208/4208 4207/4207/4207 4206/4206/4206
f 4209/4209/4209 4208/4208/4208 4206/4206/4206
f 4212/4212/4212 4211/4211/4211 4210/4210/4210
f 4213/4213/4213 4212/4212/4212 4210/4210/4210
f 4216/4216/4216 4215/4215/4215 4214/4214/4214
f 4217/4217/4217 4216/4216/4216 4214/4214/4214
f 4220/4220/4220 4219/4219/4219 4218/4218/4218
f 4221/4221/4221 4220/4220/4220 4218/4218/4218
f 4224/4224/4224 4223/4223/4223 4222/4222/4222
f 4225/4225/4225 4224/4224/4224 4222/4222/4222
f 4228/4228/4228 4227/4227/4227 4226/4226/4226
f 4229/4229/4229 4228/4228/4228 4226/4226/4226
f 4232/4232/4232 4231/4231/4231 4230/4230/4230
f 4233/4233/4233 4232/4232/4232 4230/4230/4230
f 4236/4236/4236 4235/4235/4235 4234/4234/4234
f 4237/4237/4237 4236/4236/4236 4234/4234/4234
f 4240/4240/4240 4239/4239/4239 4238/4238/4238
f 4241/4241/4241 4240/4240/4240 4238/4238/4238
f 4244/4244/4244 4243/4243/4243 4242/4242/4242
f 4245/4245/4245 4244/4244/4244 4242/4242/4242
f 4248/4248/4248 4247/4247/4247 4246/4246/4246
f 4249/4249/4249 4248/4248/4248 4246/4246/4246
f 4252/4252/4252 4251/4251/4251 4250/4250/4250
f 4253/4253/4253 4252/4252/4252 4250/4250/4250
f 4256/4256/4256 4255/4255/4255 4254/4254/4254
f 4257/4257/4257 4256/4256/4256 4254/4254/4254
f 4260/4260/4260 4259/4259/4259 4258/4258/4258
f 4261/4261/4261 4260/4260/4260 4258/4258/4258
f 4264/4264/4264 4263/4263/4263 4262/4262/4262
f 4265/4265/4265 4264/4264/4264 4262/4262/4262
f 4268/4268/4268 4267/4267/4267 4266/4266/4266
f 4269/4269/4269 4268/4268/4268 4266/4266/4266
f 4272/4272/4272 4271/4271/4271 4270/4270/4270
f 4273/4273/4273 4272/4272/4272 4270/4270/4270
f 4276/4276/4276 4275/4275/4275 4274/4274/4274
f 4277/4277/4277 4276/4276/4276 4274/4274/4274
f 4280/4280/4280 4279/4279/4279 4278/4278/4278
f 4281/4281/4281 4280/4280/4280 4278/4278/4278
f 4284/4284/4284 4283/4283/4283 4282/4282/4282
f 4285/4285/4285 4284/4284/4284 4282/4282/4282
f 4288/4288/4288 4287/4287/4287 4286/4286/4286
f 4289/4289/4289 4288/4288/4288 4286/4286/4286
f 4292/4292/4292 4291/4291/4291 4290/4290/4290
f 4293/4293/4293 4292/4292/4292 4290/4290/4290
f 4296/4296/4296 4295/4295/4295 4294/4294/4294
f 4297/4297/4297 4296/4296/4296 4294/4294/4294
f 4300/4300/4300 4299/4299/4299 4298/4298/4298
f 4301/4301/4301 4300/4300/4300 4298/4298/4298
f 4304/4304/4304 4303/4303/4303 4302/4302/4302
f 4305/4305/4305 4304/4304/4304 4302/4302/4302
f 4308/4308/4308 4307/4307/4307 4306/4306/4306
f 4309/4309/4309 4308/4308/4308 4306/4306/4306
f 4312/4312/4312 4311/4311/4311 4310/4310/4310
f 4313/4313/4313 4312/4312/4312 4310/4310/4310
f 4316/4316/4316 4315/4315/4315 4314/4314/4314
f 4317/4317/4317 4316/4316/4316 4314/4314/4314
f 4320/4320/4320 4319/4319/4319 4318/4318/4318
f 4321/4321/4321 4320/4320/4320 4318/4318/4318
f 4324/4324/4324 4323/4323/4323 4322/4322/4322
f 4325/4325/4325 4324/4324/4324 4322/4322/4322
f 4328/4328/4328 4327/4327/4327 4326/4326/4326
f 4329/4329/4329 4328/4328/4328 4326/4326/4326
f 4326/4326/4326 4331/4331/4331 4330/4330/4330
f 4331/4331/4331 4332/4332/4332 4330/4330/4330
f 4335/4335/4335 4334/4334/4334 4333/4333/4333
f 4336/4336/4336 4335/4335/4335 4333/4333/4333
f 4339/4339/4339 4338/4338/4338 4337/4337/4337
f 4340/4340/4340 4339/4339/4339 4337/4337/4337
f 4343/4343/4343 4342/4342/4342 4341/4341/4341
f 4344/4344/4344 4343/4343/4343 4341/4341/4341
f 4347/4347/4347 4346/4346/4346 4345/4345/4345
f 4348/4348/4348 4347/4347/4347 4345/4345/4345
f 4351/4351/4351 4350/4350/4350 4349/4349/4349
f 4352/4352/4352 4351/4351/4351 4349/4349/4349
f 4355/4355/4355 4354/4354/4354 4353/4353/4353
f 4356/4356/4356 4355/4355/4355 4353/4353/4353
f 4359/4359/4359 4358/4358/4358 4357/4357/4357
f 4360/4360/4360 4359/4359/4359 4357/4357/4357
f 4363/4363/4363 4362/4362/4362 4361/4361/4361
f 4364/4364/4364 4363/4363/4363 4361/4361/4361
f 4367/4367/4367 4366/4366/4366 4365/4365/4365
f 4368/4368/4368 4367/4367/4367 4365/4365/4365
f 4371/4371/4371 4370/4370/4370 4369/4369/4369
f 4370/4370/4370 4372/4372/4372 4369/4369/4369
f 4374/4374/4374 4372/4372/4372 4373/4373/4373
f 4375/4375/4375 4374/4374/4374 4373/4373/4373
f 4378/4378/4378 4377/4377/4377 4376/4376/4376
f 4379/4379/4379 4378/4378/4378 4376/4376/4376
f 4382/4382/4382 4381/4381/4381 4380/4380/4380
f 4383/4383/4383 4382/4382/4382 4380/4380/4380
f 4386/4386/4386 4385/4385/4385 4384/4384/4384
f 4387/4387/4387 4386/4386/4386 4384/4384/4384
f 4390/4390/4390 4389/4389/4389 4388/4388/4388
f 4391/4391/4391 4390/4390/4390 4388/4388/4388
f 4394/4394/4394 4393/4393/4393 4392/4392/4392
f 4395/4395/4395 4394/4394/4394 4392/4392/4392
f 4398/4398/4398 4397/4397/4397 4396/4396/4396
f 4399/4399/4399 4398/4398/4398 4396/4396/4396
f 4402/4402/4402 4401/4401/4401 4400/4400/4400
f 4403/4403/4403 4402/4402/4402 4400/4400/4400
f 4406/4406/4406 4405/4405/4405 4404/4404/4404
f 4407/4407/4407 4406/4406/4406 4404/4404/4404
f 4410/4410/4410 4409/4409/4409 4408/4408/4408
f 4409/4409/4409 4411/4411/4411 4408/4408/4408
f 4408/4408/4408 4411/4411/4411 4412/4412/4412
f 4411/4411/4411 4413/4413/4413 4412/4412/4412
f 4416/4416/4416 4415/4415/4415 4414/4414/4414
f 4415/4415/4415 4416/4416/4416 4417/4417/4417
f 4417/4417/4417 4418/4418/4418 4415/4415/4415
f 4421/4421/4421 4420/4420/4420 4419/4419/4419
f 4422/4422/4422 4421/4421/4421 4419/4419/4419
f 4425/4425/4425 4424/4424/4424 4423/4423/4423
f 4426/4426/4426 4425/4425/4425 4423/4423/4423
f 4429/4429/4429 4428/4428/4428 4427/4427/4427
f 4430/4430/4430 4429/4429/4429 4427/4427/4427
f 4433/4433/4433 4432/4432/4432 4431/4431/4431
f 4434/4434/4434 4433/4433/4433 4431/4431/4431
f 4437/4437/4437 4436/4436/4436 4435/4435/4435
f 4438/4438/4438 4437/4437/4437 4435/4435/4435
f 4441/4441/4441 4440/4440/4440 4439/4439/4439
f 4442/4442/4442 4441/4441/4441 4439/4439/4439
f 4444/4444/4444 4439/4439/4439 4443/4443/4443
f 4445/4445/4445 4444/4444/4444 4443/4443/4443
f 4447/4447/4447 4444/4444/4444 4446/4446/4446
f 4448/4448/4448 4447/4447/4447 4446/4446/4446
f 4447/4447/4447 4450/4450/4450 4449/4449/4449
f 4451/4451/4451 4447/4447/4447 4449/4449/4449
f 4449/4449/4449 4452/4452/4452 4451/4451/4451
f 4452/4452/4452 4453/4453/4453 4451/4451/4451
f 4456/4456/4456 4455/4455/4455 4454/4454/4454
f 4457/4457/4457 4456/4456/4456 4454/4454/4454
f 4460/4460/4460 4459/4459/4459 4458/4458/4458
f 4461/4461/4461 4460/4460/4460 4458/4458/4458
f 4464/4464/4464 4463/4463/4463 4462/4462/4462
f 4465/4465/4465 4464/4464/4464 4462/4462/4462
f 4468/4468/4468 4467/4467/4467 4466/4466/4466
f 4469/4469/4469 4468/4468/4468 4466/4466/4466
f 4472/4472/4472 4471/4471/4471 4470/4470/4470
f 4473/4473/4473 4472/4472/4472 4470/4470/4470
f 4476/4476/4476 4475/4475/4475 4474/4474/4474
f 4477/4477/4477 4476/4476/4476 4474/4474/4474
f 4480/4480/4480 4479/4479/4479 4478/4478/4478
f 4481/4481/4481 4480/4480/4480 4478/4478/4478
f 4484/4484/4484 4483/4483/4483 4482/4482/4482
f 4485/4485/4485 4484/4484/4484 4482/4482/4482
f 4488/4488/4488 4487/4487/4487 4486/4486/4486
f 4487/4487/4487 4489/4489/4489 4486/4486/4486
f 4487/4487/4487 4490/4490/4490 4489/4489/4489
f 4490/4490/4490 4491/4491/4491 4489/4489/4489
f 4494/4494/4494 4493/4493/4493 4492/4492/4492
f 4495/4495/4495 4494/4494/4494 4492/4492/4492
f 4497/4497/4497 4496/4496/4496 4492/4492/4492
f 4498/4498/4498 4497/4497/4497 4492/4492/4492
f 4501/4501/4501 4500/4500/4500 4499/4499/4499
f 4502/4502/4502 4501/4501/4501 4499/4499/4499
f 4505/4505/4505 4504/4504/4504 4503/4503/4503
f 4506/4506/4506 4505/4505/4505 4503/4503/4503
f 4509/4509/4509 4508/4508/4508 4507/4507/4507
f 4510/4510/4510 4509/4509/4509 4507/4507/4507
f 4513/4513/4513 4512/4512/4512 4511/4511/4511
f 4514/4514/4514 4513/4513/4513 4511/4511/4511
f 4517/4517/4517 4516/4516/4516 4515/4515/4515
f 4518/4518/4518 4517/4517/4517 4515/4515/4515
f 4521/4521/4521 4520/4520/4520 4519/4519/4519
f 4522/4522/4522 4521/4521/4521 4519/4519/4519
f 4525/4525/4525 4524/4524/4524 4523/4523/4523
f 4526/4526/4526 4525/4525/4525 4523/4523/4523
f 4529/4529/4529 4528/4528/4528 4527/4527/4527
f 4530/4530/4530 4529/4529/4529 4527/4527/4527
f 4533/4533/4533 4532/4532/4532 4531/4531/4531
f 4534/4534/4534 4533/4533/4533 4531/4531/4531
f 4537/4537/4537 4536/4536/4536 4535/4535/4535
f 4538/4538/4538 4537/4537/4537 4535/4535/4535
f 4541/4541/4541 4540/4540/4540 4539/4539/4539
f 4542/4542/4542 4541/4541/4541 4539/4539/4539
f 4545/4545/4545 4544/4544/4544 4543/4543/4543
f 4546/4546/4546 4545/4545/4545 4543/4543/4543
f 4549/4549/4549 4548/4548/4548 4547/4547/4547
f 4550/4550/4550 4549/4549/4549 4547/4547/4547
f 4553/4553/4553 4552/4552/4552 4551/4551/4551
f 4554/4554/4554 4553/4553/4553 4551/4551/4551
f 4557/4557/4557 4556/4556/4556 4555/4555/4555
f 4558/4558/4558 4557/4557/4557 4555/4555/4555
f 4561/4561/4561 4560/4560/4560 4559/4559/4559
f 4562/4562/4562 4561/4561/4561 4559/4559/4559
f 4565/4565/4565 4564/4564/4564 4563/4563/4563
f 4566/4566/4566 4565/4565/4565 4563/4563/4563
f 4569/4569/4569 4568/4568/4568 4567/4567/4567
f 4570/4570/4570 4569/4569/4569 4567/4567/4567
f 4573/4573/4573 4572/4572/4572 4571/4571/4571
f 4574/4574/4574 4573/4573/4573 4571/4571/4571
f 4577/4577/4577 4576/4576/4576 4575/4575/4575
f 4578/4578/4578 4577/4577/4577 4575/4575/4575
f 4581/4581/4581 4580/4580/4580 4579/4579/4579
f 4582/4582/4582 4581/4581/4581 4579/4579/4579
f 4585/4585/4585 4584/4584/4584 4583/4583/4583
f 4586/4586/4586 4585/4585/4585 4583/4583/4583
f 4589/4589/4589 4588/4588/4588 4587/4587/4587
f 4590/4590/4590 4589/4589/4589 4587/4587/4587
f 4593/4593/4593 4592/4592/4592 4591/4591/4591
f 4594/4594/4594 4593/4593/4593 4591/4591/4591
f 4597/4597/4597 4596/4596/4596 4595/4595/4595
f 4598/4598/4598 4597/4597/4597 4595/4595/4595
f 4601/4601/4601 4600/4600/4600 4599/4599/4599
f 4602/4602/4602 4601/4601/4601 4599/4599/4599
f 4605/4605/4605 4604/4604/4604 4603/4603/4603
f 4606/4606/4606 4605/4605/4605 4603/4603/4603
f 4609/4609/4609 4608/4608/4608 4607/4607/4607
f 4610/4610/4610 4609/4609/4609 4607/4607/4607
f 4613/4613/4613 4612/4612/4612 4611/4611/4611
f 4614/4614/4614 4613/4613/4613 4611/4611/4611
f 4617/4617/4617 4616/4616/4616 4615/4615/4615
f 4618/4618/4618 4617/4617/4617 4615/4615/4615
f 4621/4621/4621 4620/4620/4620 4619/4619/4619
f 4620/4620/4620 4622/4622/4622 4619/4619/4619
f 4624/4624/4624 4623/4623/4623 4622/4622/4622
f 4625/4625/4625 4624/4624/4624 4622/4622/4622
f 4628/4628/4628 4627/4627/4627 4626/4626/4626
f 4629/4629/4629 4628/4628/4628 4626/4626/4626
f 4632/4632/4632 4631/4631/4631 4630/4630/4630
f 4633/4633/4633 4632/4632/4632 4630/4630/4630
f 4636/4636/4636 4635/4635/4635 4634/4634/4634
f 4637/4637/4637 4636/4636/4636 4634/4634/4634
f 4640/4640/4640 4639/4639/4639 4638/4638/4638
f 4641/4641/4641 4640/4640/4640 4638/4638/4638
f 4644/4644/4644 4643/4643/4643 4642/4642/4642
f 4645/4645/4645 4644/4644/4644 4642/4642/4642
f 4648/4648/4648 4647/4647/4647 4646/4646/4646
f 4649/4649/4649 4648/4648/4648 4646/4646/4646
f 4652/4652/4652 4651/4651/4651 4650/4650/4650
f 4653/4653/4653 4652/4652/4652 4650/4650/4650
f 4656/4656/4656 4655/4655/4655 4654/4654/4654
f 4657/4657/4657 4656/4656/4656 4654/4654/4654
f 4660/4660/4660 4659/4659/4659 4658/4658/4658
f 4661/4661/4661 4660/4660/4660 4658/4658/4658
f 4664/4664/4664 4663/4663/4663 4662/4662/4662
f 4665/4665/4665 4664/4664/4664 4662/4662/4662
f 4668/4668/4668 4667/4667/4667 4666/4666/4666
f 4669/4669/4669 4668/4668/4668 4666/4666/4666
f 4669/4669/4669 4670/4670/4670 4668/4668/4668
f 4670/4670/4670 4671/4671/4671 4668/4668/4668
f 4674/4674/4674 4673/4673/4673 4672/4672/4672
f 4675/4675/4675 4674/4674/4674 4672/4672/4672
f 4678/4678/4678 4677/4677/4677 4676/4676/4676
f 4679/4679/4679 4678/4678/4678 4676/4676/4676
f 4682/4682/4682 4681/4681/4681 4680/4680/4680
f 4683/4683/4683 4682/4682/4682 4680/4680/4680
f 4686/4686/4686 4685/4685/4685 4684/4684/4684
f 4687/4687/4687 4686/4686/4686 4684/4684/4684
f 4690/4690/4690 4689/4689/4689 4688/4688/4688
f 4691/4691/4691 4690/4690/4690 4688/4688/4688
f 4694/4694/4694 4693/4693/4693 4692/4692/4692
f 4695/4695/4695 4694/4694/4694 4692/4692/4692
f 4698/4698/4698 4697/4697/4697 4696/4696/4696
f 4699/4699/4699 4698/4698/4698 4696/4696/4696
f 4702/4702/4702 4701/4701/4701 4700/4700/4700
f 4703/4703/4703 4702/4702/4702 4700/4700/4700
f 4706/4706/4706 4705/4705/4705 4704/4704/4704
f 4707/4707/4707 4706/4706/4706 4704/4704/4704
f 4710/4710/4710 4709/4709/4709 4708/4708/4708
f 4711/4711/4711 4710/4710/4710 4708/4708/4708
f 4714/4714/4714 4713/4713/4713 4712/4712/4712
f 4715/4715/4715 4714/4714/4714 4712/4712/4712
f 4718/4718/4718 4717/4717/4717 4716/4716/4716
f 4719/4719/4719 4718/4718/4718 4716/4716/4716
f 4722/4722/4722 4721/4721/4721 4720/4720/4720
f 4723/4723/4723 4722/4722/4722 4720/4720/4720
f 4726/4726/4726 4725/4725/4725 4724/4724/4724
f 4727/4727/4727 4726/4726/4726 4724/4724/4724
f 4730/4730/4730 4729/4729/4729 4728/4728/4728
f 4731/4731/4731 4730/4730/4730 4728/4728/4728
f 4734/4734/4734 4733/4733/4733 4732/4732/4732
f 4735/4735/4735 4734/4734/4734 4732/4732/4732
f 4738/4738/4738 4737/4737/4737 4736/4736/4736
f 4739/4739/4739 4738/4738/4738 4736/4736/4736
f 4742/4742/4742 4741/4741/4741 4740/4740/4740
f 4743/4743/4743 4742/4742/4742 4740/4740/4740
f 4746/4746/4746 4745/4745/4745 4744/4744/4744
f 4747/4747/4747 4746/4746/4746 4744/4744/4744
f 4750/4750/4750 4749/4749/4749 4748/4748/4748
f 4751/4751/4751 4750/4750/4750 4748/4748/4748
f 4754/4754/4754 4753/4753/4753 4752/4752/4752
f 4755/4755/4755 4754/4754/4754 4752/4752/4752
f 4758/4758/4758 4757/4757/4757 4756/4756/4756
f 4759/4759/4759 4758/4758/4758 4756/4756/4756
f 4762/4762/4762 4761/4761/4761 4760/4760/4760
f 4763/4763/4763 4762/4762/4762 4760/4760/4760
f 4766/4766/4766 4765/4765/4765 4764/4764/4764
f 4767/4767/4767 4766/4766/4766 4764/4764/4764
f 4770/4770/4770 4769/4769/4769 4768/4768/4768
f 4771/4771/4771 4770/4770/4770 4768/4768/4768
f 4774/4774/4774 4773/4773/4773 4772/4772/4772
f 4775/4775/4775 4774/4774/4774 4772/4772/4772
f 4778/4778/4778 4777/4777/4777 4776/4776/4776
f 4779/4779/4779 4778/4778/4778 4776/4776/4776
f 4782/4782/4782 4781/4781/4781 4780/4780/4780
f 4783/4783/4783 4782/4782/4782 4780/4780/4780
f 4786/4786/4786 4785/4785/4785 4784/4784/4784
f 4787/4787/4787 4786/4786/4786 4784/4784/4784
f 4790/4790/4790 4789/4789/4789 4788/4788/4788
f 4791/4791/4791 4790/4790/4790 4788/4788/4788
f 4794/4794/4794 4793/4793/4793 4792/4792/4792
f 4795/4795/4795 4794/4794/4794 4792/4792/4792
f 4798/4798/4798 4797/4797/4797 4796/4796/4796
f 4799/4799/4799 4798/4798/4798 4796/4796/4796
f 4802/4802/4802 4801/4801/4801 4800/4800/4800
f 4803/4803/4803 4802/4802/4802 4800/4800/4800
f 4806/4806/4806 4805/4805/4805 4804/4804/4804
f 4807/4807/4807 4806/4806/4806 4804/4804/4804
f 4810/4810/4810 4809/4809/4809 4808/4808/4808
f 4811/4811/4811 4810/4810/4810 4808/4808/4808
f 4814/4814/4814 4813/4813/4813 4812/4812/4812
f 4815/4815/4815 4814/4814/4814 4812/4812/4812
f 4818/4818/4818 4817/4817/4817 4816/4816/4816
f 4819/4819/4819 4818/4818/4818 4816/4816/4816
f 4822/4822/4822 4821/4821/4821 4820/4820/4820
f 4823/4823/4823 4822/4822/4822 4820/4820/4820
f 4826/4826/4826 4825/4825/4825 4824/4824/4824
f 4827/4827/4827 4826/4826/4826 4824/4824/4824
f 4830/4830/4830 4829/4829/4829 4828/4828/4828
f 4831/4831/4831 4830/4830/4830 4828/4828/4828
f 4834/4834/4834 4833/4833/4833 4832/4832/4832
f 4835/4835/4835 4832/4832/4832 4833/4833/4833
f 4838/4838/4838 4837/4837/4837 4836/4836/4836
f 4839/4839/4839 4838/4838/4838 4836/4836/4836
f 4842/4842/4842 4841/4841/4841 4840/4840/4840
f 4840/4840/4840 4841/4841/4841 4843/4843/4843
f 4844/4844/4844 4840/4840/4840 4843/4843/4843
f 4847/4847/4847 4846/4846/4846 4845/4845/4845
f 4848/4848/4848 4847/4847/4847 4845/4845/4845
f 4851/4851/4851 4850/4850/4850 4849/4849/4849
f 4852/4852/4852 4851/4851/4851 4849/4849/4849
f 4855/4855/4855 4854/4854/4854 4853/4853/4853
f 4856/4856/4856 4855/4855/4855 4853/4853/4853
f 4859/4859/4859 4858/4858/4858 4857/4857/4857
f 4860/4860/4860 4859/4859/4859 4857/4857/4857
f 4863/4863/4863 4862/4862/4862 4861/4861/4861
f 4864/4864/4864 4863/4863/4863 4861/4861/4861
f 4867/4867/4867 4866/4866/4866 4865/4865/4865
f 4868/4868/4868 4867/4867/4867 4865/4865/4865
f 4871/4871/4871 4870/4870/4870 4869/4869/4869
f 4872/4872/4872 4871/4871/4871 4869/4869/4869
f 4875/4875/4875 4874/4874/4874 4873/4873/4873
f 4876/4876/4876 4875/4875/4875 4873/4873/4873
f 4879/4879/4879 4878/4878/4878 4877/4877/4877
f 4880/4880/4880 4879/4879/4879 4877/4877/4877
f 4883/4883/4883 4882/4882/4882 4881/4881/4881
f 4884/4884/4884 4883/4883/4883 4881/4881/4881
f 4887/4887/4887 4886/4886/4886 4885/4885/4885
f 4888/4888/4888 4887/4887/4887 4885/4885/4885
f 4891/4891/4891 4890/4890/4890 4889/4889/4889
f 4892/4892/4892 4891/4891/4891 4889/4889/4889
f 4895/4895/4895 4894/4894/4894 4893/4893/4893
f 4896/4896/4896 4895/4895/4895 4893/4893/4893
f 4899/4899/4899 4898/4898/4898 4897/4897/4897
f 4900/4900/4900 4899/4899/4899 4897/4897/4897
f 4903/4903/4903 4902/4902/4902 4901/4901/4901
f 4904/4904/4904 4903/4903/4903 4901/4901/4901
f 4907/4907/4907 4906/4906/4906 4905/4905/4905
f 4908/4908/4908 4907/4907/4907 4905/4905/4905
f 4911/4911/4911 4910/4910/4910 4909/4909/4909
f 4912/4912/4912 4911/4911/4911 4909/4909/4909
f 4915/4915/4915 4914/4914/4914 4913/4913/4913
f 4916/4916/4916 4915/4915/4915 4913/4913/4913
f 4919/4919/4919 4918/4918/4918 4917/4917/4917
f 4920/4920/4920 4919/4919/4919 4917/4917/4917
f 4923/4923/4923 4922/4922/4922 4921/4921/4921
f 4924/4924/4924 4923/4923/4923 4921/4921/4921
f 4927/4927/4927 4926/4926/4926 4925/4925/4925
f 4928/4928/4928 4927/4927/4927 4925/4925/4925
f 4931/4931/4931 4930/4930/4930 4929/4929/4929
f 4932/4932/4932 4931/4931/4931 4929/4929/4929
f 4935/4935/4935 4934/4934/4934 4933/4933/4933
f 4936/4936/4936 4935/4935/4935 4933/4933/4933
f 4939/4939/4939 4938/4938/4938 4937/4937/4937
f 4940/4940/4940 4939/4939/4939 4937/4937/4937
f 4943/4943/4943 4942/4942/4942 4941/4941/4941
f 4944/4944/4944 4943/4943/4943 4941/4941/4941
f 4947/4947/4947 4946/4946/4946 4945/4945/4945
f 4948/4948/4948 4947/4947/4947 4945/4945/4945
f 4951/4951/4951 4950/4950/4950 4949/4949/4949
f 4952/4952/4952 4951/4951/4951 4949/4949/4949
f 4955/4955/4955 4954/4954/4954 4953/4953/4953
f 4956/4956/4956 4955/4955/4955 4953/4953/4953
f 4959/4959/4959 4958/4958/4958 4957/4957/4957
f 4960/4960/4960 4959/4959/4959 4957/4957/4957
f 4963/4963/4963 4962/4962/4962 4961/4961/4961
f 4964/4964/4964 4963/4963/4963 4961/4961/4961
f 4967/4967/4967 4966/4966/4966 4965/4965/4965
f 4968/4968/4968 4967/4967/4967 4965/4965/4965
f 4971/4971/4971 4970/4970/4970 4969/4969/4969
f 4972/4972/4972 4971/4971/4971 4969/4969/4969
f 4975/4975/4975 4974/4974/4974 4973/4973/4973
f 4976/4976/4976 4975/4975/4975 4973/4973/4973
f 4976/4976/4976 4973/4973/4973 4977/4977/4977
f 4978/4978/4978 4976/4976/4976 4977/4977/4977
f 4981/4981/4981 4980/4980/4980 4979/4979/4979
f 4982/4982/4982 4981/4981/4981 4979/4979/4979
f 4985/4985/4985 4984/4984/4984 4983/4983/4983
f 4986/4986/4986 4985/4985/4985 4983/4983/4983
f 4989/4989/4989 4988/4988/4988 4987/4987/4987
f 4990/4990/4990 4989/4989/4989 4987/4987/4987
f 4993/4993/4993 4992/4992/4992 4991/4991/4991
f 4994/4994/4994 4993/4993/4993 4991/4991/4991
f 4997/4997/4997 4996/4996/4996 4995/4995/4995
f 4998/4998/4998 4997/4997/4997 4995/4995/4995
f 5001/5001/5001 5000/5000/5000 4999/4999/4999
f 5002/5002/5002 5001/5001/5001 4999/4999/4999
f 5005/5005/5005 5004/5004/5004 5003/5003/5003
f 5006/5006/5006 5005/5005/5005 5003/5003/5003
f 5009/5009/5009 5008/5008/5008 5007/5007/5007
f 5010/5010/5010 5009/5009/5009 5007/5007/5007
f 5013/5013/5013 5012/5012/5012 5011/5011/5011
f 5014/5014/5014 5013/5013/5013 5011/5011/5011
f 5017/5017/5017 5016/5016/5016 5015/5015/5015
f 5018/5018/5018 5017/5017/5017 5015/5015/5015
f 5021/5021/5021 5020/5020/5020 5019/5019/5019
f 5022/5022/5022 5021/5021/5021 5019/5019/5019
f 5025/5025/5025 5024/5024/5024 5023/5023/5023
f 5026/5026/5026 5025/5025/5025 5023/5023/5023
f 5029/5029/5029 5028/5028/5028 5027/5027/5027
f 5030/5030/5030 5029/5029/5029 5027/5027/5027
f 5033/5033/5033 5032/5032/5032 5031/5031/5031
f 5034/5034/5034 5033/5033/5033 5031/5031/5031
f 5037/5037/5037 5036/5036/5036 5035/5035/5035
f 5038/5038/5038 5037/5037/5037 5035/5035/5035
f 5041/5041/5041 5040/5040/5040 5039/5039/5039
f 5042/5042/5042 5041/5041/5041 5039/5039/5039
f 5045/5045/5045 5044/5044/5044 5043/5043/5043
f 5046/5046/5046 5045/5045/5045 5043/5043/5043
f 5049/5049/5049 5048/5048/5048 5047/5047/5047
f 5050/5050/5050 5049/5049/5049 5047/5047/5047
f 5053/5053/5053 5052/5052/5052 5051/5051/5051
f 5054/5054/5054 5053/5053/5053 5051/5051/5051
f 5057/5057/5057 5056/5056/5056 5055/5055/5055
f 5058/5058/5058 5057/5057/5057 5055/5055/5055
f 5061/5061/5061 5060/5060/5060 5059/5059/5059
f 5062/5062/5062 5061/5061/5061 5059/5059/5059
f 5065/5065/5065 5064/5064/5064 5063/5063/5063
f 5066/5066/5066 5065/5065/5065 5063/5063/5063
f 5069/5069/5069 5068/5068/5068 5067/5067/5067
f 5070/5070/5070 5069/5069/5069 5067/5067/5067
f 5073/5073/5073 5072/5072/5072 5071/5071/5071
f 5074/5074/5074 5073/5073/5073 5071/5071/5071
f 5077/5077/5077 5076/5076/5076 5075/5075/5075
f 5078/5078/5078 5077/5077/5077 5075/5075/5075
f 5081/5081/5081 5080/5080/5080 5079/5079/5079
f 5082/5082/5082 5081/5081/5081 5079/5079/5079
f 5085/5085/5085 5084/5084/5084 5083/5083/5083
f 5086/5086/5086 5085/5085/5085 5083/5083/5083
f 5089/5089/5089 5088/5088/5088 5087/5087/5087
f 5090/5090/5090 5089/5089/5089 5087/5087/5087
f 5093/5093/5093 5092/5092/5092 5091/5091/5091
f 5094/5094/5094 5093/5093/5093 5091/5091/5091
f 5097/5097/5097 5096/5096/5096 5095/5095/5095
f 5098/5098/5098 5097/5097/5097 5095/5095/5095
f 5101/5101/5101 5100/5100/5100 5099/5099/5099
f 5102/5102/5102 5101/5101/5101 5099/5099/5099
f 5105/5105/5105 5104/5104/5104 5103/5103/5103
f 5106/5106/5106 5105/5105/5105 5103/5103/5103
f 5109/5109/5109 5108/5108/5108 5107/5107/5107
f 5110/5110/5110 5109/5109/5109 5107/5107/5107
f 5113/5113/5113 5112/5112/5112 5111/5111/5111
f 5114/5114/5114 5113/5113/5113 5111/5111/5111
f 5117/5117/5117 5116/5116/5116 5115/5115/5115
f 5118/5118/5118 5117/5117/5117 5115/5115/5115
f 5121/5121/5121 5120/5120/5120 5119/5119/5119
f 5122/5122/5122 5121/5121/5121 5119/5119/5119
f 5125/5125/5125 5124/5124/5124 5123/5123/5123
f 5126/5126/5126 5125/5125/5125 5123/5123/5123
f 5129/5129/5129 5128/5128/5128 5127/5127/5127
f 5130/5130/5130 5129/5129/5129 5127/5127/5127
f 5133/5133/5133 5132/5132/5132 5131/5131/5131
f 5134/5134/5134 5133/5133/5133 5131/5131/5131
f 5137/5137/5137 5136/5136/5136 5135/5135/5135
f 5138/5138/5138 5137/5137/5137 5135/5135/5135
f 5141/5141/5141 5140/5140/5140 5139/5139/5139
f 5142/5142/5142 5141/5141/5141 5139/5139/5139
f 5145/5145/5145 5144/5144/5144 5143/5143/5143
f 5146/5146/5146 5145/5145/5145 5143/5143/5143
f 5149/5149/5149 5148/5148/5148 5147/5147/5147
f 5148/5148/5148 5150/5150/5150 5147/5147/5147
f 5150/5150/5150 5152/5152/5152 5151/5151/5151
f 5153/5153/5153 5150/5150/5150 5151/5151/5151
f 5156/5156/5156 5155/5155/5155 5154/5154/5154
f 5157/5157/5157 5156/5156/5156 5154/5154/5154
f 5160/5160/5160 5159/5159/5159 5158/5158/5158
f 5161/5161/5161 5160/5160/5160 5158/5158/5158
f 5164/5164/5164 5163/5163/5163 5162/5162/5162
f 5165/5165/5165 5164/5164/5164 5162/5162/5162
f 5168/5168/5168 5167/5167/5167 5166/5166/5166
f 5167/5167/5167 5169/5169/5169 5166/5166/5166
f 5167/5167/5167 5170/5170/5170 5169/5169/5169
f 5173/5173/5173 5172/5172/5172 5171/5171/5171
f 5174/5174/5174 5173/5173/5173 5171/5171/5171
f 5177/5177/5177 5176/5176/5176 5175/5175/5175
f 5178/5178/5178 5177/5177/5177 5175/5175/5175
f 5181/5181/5181 5180/5180/5180 5179/5179/5179
f 5182/5182/5182 5181/5181/5181 5179/5179/5179
f 5185/5185/5185 5184/5184/5184 5183/5183/5183
f 5186/5186/5186 5185/5185/5185 5183/5183/5183
f 5189/5189/5189 5188/5188/5188 5187/5187/5187
f 5190/5190/5190 5189/5189/5189 5187/5187/5187
f 5193/5193/5193 5192/5192/5192 5191/5191/5191
f 5194/5194/5194 5193/5193/5193 5191/5191/5191
f 5197/5197/5197 5196/5196/5196 5195/5195/5195
f 5198/5198/5198 5197/5197/5197 5195/5195/5195
f 5201/5201/5201 5200/5200/5200 5199/5199/5199
f 5202/5202/5202 5201/5201/5201 5199/5199/5199
f 5205/5205/5205 5204/5204/5204 5203/5203/5203
f 5206/5206/5206 5205/5205/5205 5203/5203/5203
f 5209/5209/5209 5208/5208/5208 5207/5207/5207
f 5210/5210/5210 5209/5209/5209 5207/5207/5207
f 5213/5213/5213 5212/5212/5212 5211/5211/5211
f 5214/5214/5214 5213/5213/5213 5211/5211/5211
f 5217/5217/5217 5216/5216/5216 5215/5215/5215
f 5218/5218/5218 5217/5217/5217 5215/5215/5215
f 5221/5221/5221 5220/5220/5220 5219/5219/5219
f 5222/5222/5222 5221/5221/5221 5219/5219/5219
f 5225/5225/5225 5224/5224/5224 5223/5223/5223
f 5226/5226/5226 5225/5225/5225 5223/5223/5223
f 5229/5229/5229 5228/5228/5228 5227/5227/5227
f 5230/5230/5230 5229/5229/5229 5227/5227/5227
f 5233/5233/5233 5232/5232/5232 5231/5231/5231
f 5234/5234/5234 5233/5233/5233 5231/5231/5231
f 5237/5237/5237 5236/5236/5236 5235/5235/5235
f 5238/5238/5238 5237/5237/5237 5235/5235/5235
f 5241/5241/5241 5240/5240/5240 5239/5239/5239
f 5242/5242/5242 5241/5241/5241 5239/5239/5239
f 5245/5245/5245 5244/5244/5244 5243/5243/5243
f 5246/5246/5246 5245/5245/5245 5243/5243/5243
f 5249/5249/5249 5248/5248/5248 5247/5247/5247
f 5250/5250/5250 5249/5249/5249 5247/5247/5247
f 5253/5253/5253 5252/5252/5252 5251/5251/5251
f 5254/5254/5254 5253/5253/5253 5251/5251/5251
f 5257/5257/5257 5256/5256/5256 5255/5255/5255
f 5258/5258/5258 5257/5257/5257 5255/5255/5255
f 5261/5261/5261 5260/5260/5260 5259/5259/5259
f 5262/5262/5262 5261/5261/5261 5259/5259/5259
f 5265/5265/5265 5264/5264/5264 5263/5263/5263
f 5266/5266/5266 5265/5265/5265 5263/5263/5263
f 5269/5269/5269 5268/5268/5268 5267/5267/5267
f 5270/5270/5270 5269/5269/5269 5267/5267/5267
f 5273/5273/5273 5272/5272/5272 5271/5271/5271
f 5274/5274/5274 5273/5273/5273 5271/5271/5271
f 5277/5277/5277 5276/5276/5276 5275/5275/5275
f 5278/5278/5278 5277/5277/5277 5275/5275/5275
f 5281/5281/5281 5280/5280/5280 5279/5279/5279
f 5282/5282/5282 5281/5281/5281 5279/5279/5279
f 5285/5285/5285 5284/5284/5284 5283/5283/5283
f 5286/5286/5286 5285/5285/5285 5283/5283/5283
f 5289/5289/5289 5288/5288/5288 5287/5287/5287
f 5290/5290/5290 5289/5289/5289 5287/5287/5287
f 5293/5293/5293 5292/5292/5292 5291/5291/5291
f 5294/5294/5294 5293/5293/5293 5291/5291/5291
f 5294/5294/5294 5296/5296/5296 5295/5295/5295
f 5296/5296/5296 5297/5297/5297 5295/5295/5295
f 5300/5300/5300 5299/5299/5299 5298/5298/5298
f 5301/5301/5301 5300/5300/5300 5298/5298/5298
f 5304/5304/5304 5303/5303/5303 5302/5302/5302
f 5305/5305/5305 5304/5304/5304 5302/5302/5302
f 5308/5308/5308 5307/5307/5307 5306/5306/5306
f 5309/5309/5309 5308/5308/5308 5306/5306/5306
f 5312/5312/5312 5311/5311/5311 5310/5310/5310
f 5313/5313/5313 5312/5312/5312 5310/5310/5310
f 5316/5316/5316 5315/5315/5315 5314/5314/5314
f 5317/5317/5317 5316/5316/5316 5314/5314/5314
f 5320/5320/5320 5319/5319/5319 5318/5318/5318
f 5321/5321/5321 5320/5320/5320 5318/5318/5318
f 5324/5324/5324 5323/5323/5323 5322/5322/5322
f 5325/5325/5325 5324/5324/5324 5322/5322/5322
f 5328/5328/5328 5327/5327/5327 5326/5326/5326
f 5329/5329/5329 5328/5328/5328 5326/5326/5326
f 5332/5332/5332 5331/5331/5331 5330/5330/5330
f 5331/5331/5331 5333/5333/5333 5330/5330/5330
f 5335/5335/5335 5333/5333/5333 5334/5334/5334
f 5336/5336/5336 5335/5335/5335 5334/5334/5334
f 5336/5336/5336 5337/5337/5337 5335/5335/5335
f 5337/5337/5337 5338/5338/5338 5335/5335/5335
f 5341/5341/5341 5340/5340/5340 5339/5339/5339
f 5342/5342/5342 5341/5341/5341 5339/5339/5339
f 5345/5345/5345 5344/5344/5344 5343/5343/5343
f 5346/5346/5346 5345/5345/5345 5343/5343/5343
f 5349/5349/5349 5348/5348/5348 5347/5347/5347
f 5350/5350/5350 5349/5349/5349 5347/5347/5347
f 5353/5353/5353 5352/5352/5352 5351/5351/5351
f 5354/5354/5354 5353/5353/5353 5351/5351/5351
f 5357/5357/5357 5356/5356/5356 5355/5355/5355
f 5358/5358/5358 5357/5357/5357 5355/5355/5355
f 5361/5361/5361 5360/5360/5360 5359/5359/5359
f 5362/5362/5362 5361/5361/5361 5359/5359/5359
f 5365/5365/5365 5364/5364/5364 5363/5363/5363
f 5366/5366/5366 5365/5365/5365 5363/5363/5363
f 5369/5369/5369 5368/5368/5368 5367/5367/5367
f 5370/5370/5370 5369/5369/5369 5367/5367/5367
f 5373/5373/5373 5372/5372/5372 5371/5371/5371
f 5374/5374/5374 5373/5373/5373 5371/5371/5371
f 5377/5377/5377 5376/5376/5376 5375/5375/5375
f 5378/5378/5378 5377/5377/5377 5375/5375/5375
f 5381/5381/5381 5380/5380/5380 5379/5379/5379
f 5382/5382/5382 5381/5381/5381 5379/5379/5379
f 5385/5385/5385 5384/5384/5384 5383/5383/5383
f 5386/5386/5386 5385/5385/5385 5383/5383/5383
f 5389/5389/5389 5388/5388/5388 5387/5387/5387
f 5390/5390/5390 5389/5389/5389 5387/5387/5387
f 5393/5393/5393 5392/5392/5392 5391/5391/5391
f 5394/5394/5394 5393/5393/5393 5391/5391/5391
f 5397/5397/5397 5396/5396/5396 5395/5395/5395
f 5398/5398/5398 5397/5397/5397 5395/5395/5395
f 5401/5401/5401 5400/5400/5400 5399/5399/5399
f 5402/5402/5402 5401/5401/5401 5399/5399/5399
f 5405/5405/5405 5404/5404/5404 5403/5403/5403
f 5406/5406/5406 5405/5405/5405 5403/5403/5403
f 5409/5409/5409 5408/5408/5408 5407/5407/5407
f 5410/5410/5410 5409/5409/5409 5407/5407/5407
f 5413/5413/5413 5412/5412/5412 5411/5411/5411
f 5414/5414/5414 5413/5413/5413 5411/5411/5411
f 5417/5417/5417 5416/5416/5416 5415/5415/5415
f 5418/5418/5418 5417/5417/5417 5415/5415/5415
f 5421/5421/5421 5420/5420/5420 5419/5419/5419
f 5422/5422/5422 5421/5421/5421 5419/5419/5419
f 5425/5425/5425 5424/5424/5424 5423/5423/5423
f 5426/5426/5426 5425/5425/5425 5423/5423/5423
f 5429/5429/5429 5428/5428/5428 5427/5427/5427
f 5430/5430/5430 5429/5429/5429 5427/5427/5427
f 5433/5433/5433 5432/5432/5432 5431/5431/5431
f 5434/5434/5434 5433/5433/5433 5431/5431/5431
f 5437/5437/5437 5436/5436/5436 5435/5435/5435
f 5438/5438/5438 5437/5437/5437 5435/5435/5435
f 5441/5441/5441 5440/5440/5440 5439/5439/5439
f 5442/5442/5442 5441/5441/5441 5439/5439/5439
f 5445/5445/5445 5444/5444/5444 5443/5443/5443
f 5446/5446/5446 5445/5445/5445 5443/5443/5443
f 5449/5449/5449 5448/5448/5448 5447/5447/5447
f 5450/5450/5450 5449/5449/5449 5447/5447/5447
f 5453/5453/5453 5452/5452/5452 5451/5451/5451
f 5454/5454/5454 5453/5453/5453 5451/5451/5451
f 5457/5457/5457 5456/5456/5456 5455/5455/5455
f 5458/5458/5458 5457/5457/5457 5455/5455/5455
f 5461/5461/5461 5460/5460/5460 5459/5459/5459
f 5462/5462/5462 5461/5461/5461 5459/5459/5459
f 5465/5465/5465 5464/5464/5464 5463/5463/5463
f 5466/5466/5466 5465/5465/5465 5463/5463/5463
f 5469/5469/5469 5468/5468/5468 5467/5467/5467
f 5470/5470/5470 5469/5469/5469 5467/5467/5467
f 5473/5473/5473 5472/5472/5472 5471/5471/5471
f 5474/5474/5474 5473/5473/5473 5471/5471/5471
f 5477/5477/5477 5476/5476/5476 5475/5475/5475
f 5478/5478/5478 5477/5477/5477 5475/5475/5475
f 5481/5481/5481 5480/5480/5480 5479/5479/5479
f 5482/5482/5482 5481/5481/5481 5479/5479/5479
f 5485/5485/5485 5484/5484/5484 5483/5483/5483
f 5486/5486/5486 5485/5485/5485 5483/5483/5483
f 5489/5489/5489 5488/5488/5488 5487/5487/5487
f 5490/5490/5490 5489/5489/5489 5487/5487/5487
f 5493/5493/5493 5492/5492/5492 5491/5491/5491
f 5494/5494/5494 5493/5493/5493 5491/5491/5491
f 5497/5497/5497 5496/5496/5496 5495/5495/5495
f 5498/5498/5498 5497/5497/5497 5495/5495/5495
f 5501/5501/5501 5500/5500/5500 5499/5499/5499
f 5502/5502/5502 5501/5501/5501 5499/5499/5499
f 5505/5505/5505 5504/5504/5504 5503/5503/5503
f 5506/5506/5506 5505/5505/5505 5503/5503/5503
f 5509/5509/5509 5508/5508/5508 5507/5507/5507
f 5510/5510/5510 5509/5509/5509 5507/5507/5507
f 5513/5513/5513 5512/5512/5512 5511/5511/5511
f 5514/5514/5514 5513/5513/5513 5511/5511/5511
f 5516/5516/5516 5514/5514/5514 5515/5515/5515
f 5517/5517/5517 5516/5516/5516 5515/5515/5515
f 5520/5520/5520 5519/5519/5519 5518/5518/5518
f 5521/5521/5521 5520/5520/5520 5518/5518/5518
f 5524/5524/5524 5523/5523/5523 5522/5522/5522
f 5525/5525/5525 5524/5524/5524 5522/5522/5522
f 5528/5528/5528 5527/5527/5527 5526/5526/5526
f 5529/5529/5529 5528/5528/5528 5526/5526/5526
f 5531/5531/5531 5526/5526/5526 5530/5530/5530
f 5532/5532/5532 5531/5531/5531 5530/5530/5530
f 5535/5535/5535 5534/5534/5534 5533/5533/5533
f 5536/5536/5536 5535/5535/5535 5533/5533/5533
f 5539/5539/5539 5538/5538/5538 5537/5537/5537
f 5538/5538/5538 5539/5539/5539 5540/5540/5540
f 5541/5541/5541 5538/5538/5538 5540/5540/5540
f 5544/5544/5544 5543/5543/5543 5542/5542/5542
f 5545/5545/5545 5544/5544/5544 5542/5542/5542
f 5548/5548/5548 5547/5547/5547 5546/5546/5546
f 5549/5549/5549 5548/5548/5548 5546/5546/5546
f 5552/5552/5552 5551/5551/5551 5550/5550/5550
f 5553/5553/5553 5552/5552/5552 5550/5550/5550
f 5556/5556/5556 5555/5555/5555 5554/5554/5554
f 5557/5557/5557 5556/5556/5556 5554/5554/5554
f 5560/5560/5560 5559/5559/5559 5558/5558/5558
f 5561/5561/5561 5560/5560/5560 5558/5558/5558
f 5564/5564/5564 5563/5563/5563 5562/5562/5562
f 5562/5562/5562 5565/5565/5565 5564/5564/5564
f 5562/5562/5562 5566/5566/5566 5565/5565/5565
f 5569/5569/5569 5568/5568/5568 5567/5567/5567
f 5570/5570/5570 5569/5569/5569 5567/5567/5567
f 5573/5573/5573 5572/5572/5572 5571/5571/5571
f 5574/5574/5574 5573/5573/5573 5571/5571/5571
f 5577/5577/5577 5576/5576/5576 5575/5575/5575
f 5578/5578/5578 5577/5577/5577 5575/5575/5575
f 5581/5581/5581 5580/5580/5580 5579/5579/5579
f 5582/5582/5582 5581/5581/5581 5579/5579/5579
f 5585/5585/5585 5584/5584/5584 5583/5583/5583
f 5586/5586/5586 5585/5585/5585 5583/5583/5583
f 5589/5589/5589 5588/5588/5588 5587/5587/5587
f 5590/5590/5590 5589/5589/5589 5587/5587/5587
f 5593/5593/5593 5592/5592/5592 5591/5591/5591
f 5594/5594/5594 5593/5593/5593 5591/5591/5591
f 5597/5597/5597 5596/5596/5596 5595/5595/5595
f 5598/5598/5598 5597/5597/5597 5595/5595/5595
f 5601/5601/5601 5600/5600/5600 5599/5599/5599
f 5602/5602/5602 5601/5601/5601 5599/5599/5599
f 5605/5605/5605 5604/5604/5604 5603/5603/5603
f 5606/5606/5606 5605/5605/5605 5603/5603/5603
f 5609/5609/5609 5608/5608/5608 5607/5607/5607
f 5610/5610/5610 5609/5609/5609 5607/5607/5607
f 5613/5613/5613 5612/5612/5612 5611/5611/5611
f 5614/5614/5614 5613/5613/5613 5611/5611/5611
f 5617/5617/5617 5616/5616/5616 5615/5615/5615
f 5618/5618/5618 5617/5617/5617 5615/5615/5615
f 5621/5621/5621 5620/5620/5620 5619/5619/5619
f 5622/5622/5622 5621/5621/5621 5619/5619/5619
f 5625/5625/5625 5624/5624/5624 5623/5623/5623
f 5626/5626/5626 5625/5625/5625 5623/5623/5623
f 5629/5629/5629 5628/5628/5628 5627/5627/5627
f 5630/5630/5630 5629/5629/5629 5627/5627/5627
f 5633/5633/5633 5632/5632/5632 5631/5631/5631
f 5634/5634/5634 5633/5633/5633 5631/5631/5631
f 5637/5637/5637 5636/5636/5636 5635/5635/5635
f 5638/5638/5638 5637/5637/5637 5635/5635/5635
f 5641/5641/5641 5640/5640/5640 5639/5639/5639
f 5642/5642/5642 5641/5641/5641 5639/5639/5639
f 5645/5645/5645 5644/5644/5644 5643/5643/5643
f 5646/5646/5646 5645/5645/5645 5643/5643/5643
f 5649/5649/5649 5648/5648/5648 5647/5647/5647
f 5650/5650/5650 5649/5649/5649 5647/5647/5647
f 5653/5653/5653 5652/5652/5652 5651/5651/5651
f 5654/5654/5654 5653/5653/5653 5651/5651/5651
f 5657/5657/5657 5656/5656/5656 5655/5655/5655
f 5658/5658/5658 5657/5657/5657 5655/5655/5655
f 5661/5661/5661 5660/5660/5660 5659/5659/5659
f 5662/5662/5662 5661/5661/5661 5659/5659/5659
f 5665/5665/5665 5664/5664/5664 5663/5663/5663
f 5666/5666/5666 5665/5665/5665 5663/5663/5663
f 5669/5669/5669 5668/5668/5668 5667/5667/5667
f 5670/5670/5670 5669/5669/5669 5667/5667/5667
f 5673/5673/5673 5672/5672/5672 5671/5671/5671
f 5674/5674/5674 5673/5673/5673 5671/5671/5671
f 5677/5677/5677 5676/5676/5676 5675/5675/5675
f 5678/5678/5678 5677/5677/5677 5675/5675/5675
f 5681/5681/5681 5680/5680/5680 5679/5679/5679
f 5682/5682/5682 5681/5681/5681 5679/5679/5679
f 5685/5685/5685 5684/5684/5684 5683/5683/5683
f 5686/5686/5686 5685/5685/5685 5683/5683/5683
f 5689/5689/5689 5688/5688/5688 5687/5687/5687
f 5690/5690/5690 5689/5689/5689 5687/5687/5687
f 5693/5693/5693 5692/5692/5692 5691/5691/5691
f 5694/5694/5694 5693/5693/5693 5691/5691/5691
f 5697/5697/5697 5696/5696/5696 5695/5695/5695
f 5698/5698/5698 5697/5697/5697 5695/5695/5695
f 5701/5701/5701 5700/5700/5700 5699/5699/5699
f 5702/5702/5702 5701/5701/5701 5699/5699/5699
f 5705/5705/5705 5704/5704/5704 5703/5703/5703
f 5706/5706/5706 5705/5705/5705 5703/5703/5703
f 5709/5709/5709 5708/5708/5708 5707/5707/5707
f 5708/5708/5708 5710/5710/5710 5707/5707/5707
f 5712/5712/5712 5710/5710/5710 5711/5711/5711
f 5713/5713/5713 5712/5712/5712 5711/5711/5711
f 5716/5716/5716 5715/5715/5715 5714/5714/5714
f 5717/5717/5717 5716/5716/5716 5714/5714/5714
f 5720/5720/5720 5719/5719/5719 5718/5718/5718
f 5721/5721/5721 5720/5720/5720 5718/5718/5718
f 5724/5724/5724 5723/5723/5723 5722/5722/5722
f 5725/5725/5725 5724/5724/5724 5722/5722/5722
f 5728/5728/5728 5727/5727/5727 5726/5726/5726
f 5729/5729/5729 5728/5728/5728 5726/5726/5726
f 5732/5732/5732 5731/5731/5731 5730/5730/5730
f 5733/5733/5733 5732/5732/5732 5730/5730/5730
f 5736/5736/5736 5735/5735/5735 5734/5734/5734
f 5737/5737/5737 5736/5736/5736 5734/5734/5734
f 5740/5740/5740 5739/5739/5739 5738/5738/5738
f 5741/5741/5741 5740/5740/5740 5738/5738/5738
f 5744/5744/5744 5743/5743/5743 5742/5742/5742
f 5743/5743/5743 5745/5745/5745 5742/5742/5742
f 5747/5747/5747 5746/5746/5746 5745/5745/5745
f 5747/5747/5747 5745/5745/5745 5748/5748/5748
f 5749/5749/5749 5747/5747/5747 5748/5748/5748
f 5752/5752/5752 5751/5751/5751 5750/5750/5750
f 5753/5753/5753 5752/5752/5752 5750/5750/5750
f 5756/5756/5756 5755/5755/5755 5754/5754/5754
f 5757/5757/5757 5756/5756/5756 5754/5754/5754
f 5760/5760/5760 5759/5759/5759 5758/5758/5758
f 5761/5761/5761 5760/5760/5760 5758/5758/5758
f 5764/5764/5764 5763/5763/5763 5762/5762/5762
f 5765/5765/5765 5764/5764/5764 5762/5762/5762
f 5768/5768/5768 5767/5767/5767 5766/5766/5766
f 5767/5767/5767 5769/5769/5769 5766/5766/5766
f 5771/5771/5771 5769/5769/5769 5770/5770/5770
f 5772/5772/5772 5771/5771/5771 5770/5770/5770
f 5775/5775/5775 5774/5774/5774 5773/5773/5773
f 5776/5776/5776 5775/5775/5775 5773/5773/5773
f 5779/5779/5779 5778/5778/5778 5777/5777/5777
f 5780/5780/5780 5779/5779/5779 5777/5777/5777
f 5783/5783/5783 5782/5782/5782 5781/5781/5781
f 5784/5784/5784 5783/5783/5783 5781/5781/5781
f 5787/5787/5787 5786/5786/5786 5785/5785/5785
f 5788/5788/5788 5787/5787/5787 5785/5785/5785
f 5791/5791/5791 5790/5790/5790 5789/5789/5789
f 5792/5792/5792 5791/5791/5791 5789/5789/5789
f 5795/5795/5795 5794/5794/5794 5793/5793/5793
f 5796/5796/5796 5795/5795/5795 5793/5793/5793
f 5799/5799/5799 5798/5798/5798 5797/5797/5797
f 5800/5800/5800 5799/5799/5799 5797/5797/5797
f 5803/5803/5803 5802/5802/5802 5801/5801/5801
f 5804/5804/5804 5803/5803/5803 5801/5801/5801
f 5807/5807/5807 5806/5806/5806 5805/5805/5805
f 5808/5808/5808 5807/5807/5807 5805/5805/5805
f 5811/5811/5811 5810/5810/5810 5809/5809/5809
f 5812/5812/5812 5811/5811/5811 5809/5809/5809
f 5815/5815/5815 5814/5814/5814 5813/5813/5813
f 5816/5816/5816 5815/5815/5815 5813/5813/5813
f 5819/5819/5819 5818/5818/5818 5817/5817/5817
f 5820/5820/5820 5819/5819/5819 5817/5817/5817
f 5823/5823/5823 5822/5822/5822 5821/5821/5821
f 5824/5824/5824 5823/5823/5823 5821/5821/5821
f 5827/5827/5827 5826/5826/5826 5825/5825/5825
f 5828/5828/5828 5827/5827/5827 5825/5825/5825
f 5831/5831/5831 5830/5830/5830 5829/5829/5829
f 5832/5832/5832 5831/5831/5831 5829/5829/5829
f 5835/5835/5835 5834/5834/5834 5833/5833/5833
f 5833/5833/5833 5836/5836/5836 5835/5835/5835
f 5833/5833/5833 5837/5837/5837 5836/5836/5836
f 5840/5840/5840 5839/5839/5839 5838/5838/5838
f 5841/5841/5841 5840/5840/5840 5838/5838/5838
f 5844/5844/5844 5843/5843/5843 5842/5842/5842
f 5845/5845/5845 5844/5844/5844 5842/5842/5842
f 5848/5848/5848 5847/5847/5847 5846/5846/5846
f 5849/5849/5849 5848/5848/5848 5846/5846/5846
f 5852/5852/5852 5851/5851/5851 5850/5850/5850
f 5853/5853/5853 5852/5852/5852 5850/5850/5850
f 5856/5856/5856 5855/5855/5855 5854/5854/5854
f 5854/5854/5854 5857/5857/5857 5856/5856/5856
f 5854/5854/5854 5858/5858/5858 5857/5857/5857
f 5861/5861/5861 5860/5860/5860 5859/5859/5859
f 5862/5862/5862 5861/5861/5861 5859/5859/5859
f 5865/5865/5865 5864/5864/5864 5863/5863/5863
f 5866/5866/5866 5865/5865/5865 5863/5863/5863
f 5869/5869/5869 5868/5868/5868 5867/5867/5867
f 5870/5870/5870 5869/5869/5869 5867/5867/5867
f 5873/5873/5873 5872/5872/5872 5871/5871/5871
f 5872/5872/5872 5874/5874/5874 5871/5871/5871
f 5875/5875/5875 5871/5871/5871 5874/5874/5874
f 5875/5875/5875 5874/5874/5874 5876/5876/5876
f 5877/5877/5877 5875/5875/5875 5876/5876/5876
f 5880/5880/5880 5879/5879/5879 5878/5878/5878
f 5881/5881/5881 5880/5880/5880 5878/5878/5878
f 5884/5884/5884 5883/5883/5883 5882/5882/5882
f 5885/5885/5885 5884/5884/5884 5882/5882/5882
f 5888/5888/5888 5887/5887/5887 5886/5886/5886
f 5889/5889/5889 5888/5888/5888 5886/5886/5886
f 5892/5892/5892 5891/5891/5891 5890/5890/5890
f 5893/5893/5893 5892/5892/5892 5890/5890/5890
f 5896/5896/5896 5895/5895/5895 5894/5894/5894
f 5897/5897/5897 5896/5896/5896 5894/5894/5894
f 5900/5900/5900 5899/5899/5899 5898/5898/5898
f 5901/5901/5901 5900/5900/5900 5898/5898/5898
f 5904/5904/5904 5903/5903/5903 5902/5902/5902
f 5905/5905/5905 5904/5904/5904 5902/5902/5902
f 5908/5908/5908 5907/5907/5907 5906/5906/5906
f 5907/5907/5907 5909/5909/5909 5906/5906/5906
f 5910/5910/5910 5906/5906/5906 5909/5909/5909
f 5913/5913/5913 5912/5912/5912 5911/5911/5911
f 5914/5914/5914 5913/5913/5913 5911/5911/5911
f 5917/5917/5917 5916/5916/5916 5915/5915/5915
f 5918/5918/5918 5917/5917/5917 5915/5915/5915
f 5921/5921/5921 5920/5920/5920 5919/5919/5919
f 5922/5922/5922 5921/5921/5921 5919/5919/5919
f 5925/5925/5925 5924/5924/5924 5923/5923/5923
f 5926/5926/5926 5925/5925/5925 5923/5923/5923
f 5929/5929/5929 5928/5928/5928 5927/5927/5927
f 5930/5930/5930 5929/5929/5929 5927/5927/5927
f 5933/5933/5933 5932/5932/5932 5931/5931/5931
f 5934/5934/5934 5933/5933/5933 5931/5931/5931
f 5937/5937/5937 5936/5936/5936 5935/5935/5935
f 5938/5938/5938 5937/5937/5937 5935/5935/5935
f 5941/5941/5941 5940/5940/5940 5939/5939/5939
f 5942/5942/5942 5941/5941/5941 5939/5939/5939
f 5945/5945/5945 5944/5944/5944 5943/5943/5943
f 5946/5946/5946 5945/5945/5945 5943/5943/5943
f 5949/5949/5949 5948/5948/5948 5947/5947/5947
f 5950/5950/5950 5949/5949/5949 5947/5947/5947
f 5953/5953/5953 5952/5952/5952 5951/5951/5951
f 5954/5954/5954 5953/5953/5953 5951/5951/5951
f 5957/5957/5957 5956/5956/5956 5955/5955/5955
f 5958/5958/5958 5957/5957/5957 5955/5955/5955
f 5961/5961/5961 5960/5960/5960 5959/5959/5959
f 5962/5962/5962 5961/5961/5961 5959/5959/5959
f 5965/5965/5965 5964/5964/5964 5963/5963/5963
f 5966/5966/5966 5965/5965/5965 5963/5963/5963
f 5969/5969/5969 5968/5968/5968 5967/5967/5967
f 5970/5970/5970 5969/5969/5969 5967/5967/5967
f 5973/5973/5973 5972/5972/5972 5971/5971/5971
f 5974/5974/5974 5973/5973/5973 5971/5971/5971
f 5977/5977/5977 5976/5976/5976 5975/5975/5975
f 5978/5978/5978 5977/5977/5977 5975/5975/5975
f 5981/5981/5981 5980/5980/5980 5979/5979/5979
f 5982/5982/5982 5981/5981/5981 5979/5979/5979
f 5985/5985/5985 5984/5984/5984 5983/5983/5983
f 5986/5986/5986 5985/5985/5985 5983/5983/5983
f 5989/5989/5989 5988/5988/5988 5987/5987/5987
f 5990/5990/5990 5989/5989/5989 5987/5987/5987
f 5993/5993/5993 5992/5992/5992 5991/5991/5991
f 5994/5994/5994 5993/5993/5993 5991/5991/5991
f 5997/5997/5997 5996/5996/5996 5995/5995/5995
f 5998/5998/5998 5997/5997/5997 5995/5995/5995
f 6001/6001/6001 6000/6000/6000 5999/5999/5999
f 6002/6002/6002 6001/6001/6001 5999/5999/5999
f 6005/6005/6005 6004/6004/6004 6003/6003/6003
f 6006/6006/6006 6005/6005/6005 6003/6003/6003
f 6009/6009/6009 6008/6008/6008 6007/6007/6007
f 6010/6010/6010 6009/6009/6009 6007/6007/6007
f 6013/6013/6013 6012/6012/6012 6011/6011/6011
f 6014/6014/6014 6013/6013/6013 6011/6011/6011
f 6017/6017/6017 6016/6016/6016 6015/6015/6015
f 6018/6018/6018 6017/6017/6017 6015/6015/6015
f 6021/6021/6021 6020/6020/6020 6019/6019/6019
f 6022/6022/6022 6021/6021/6021 6019/6019/6019
f 6025/6025/6025 6024/6024/6024 6023/6023/6023
f 6026/6026/6026 6025/6025/6025 6023/6023/6023
f 6029/6029/6029 6028/6028/6028 6027/6027/6027
f 6030/6030/6030 6029/6029/6029 6027/6027/6027
f 6029/6029/6029 6032/6032/6032 6031/6031/6031
f 6032/6032/6032 6033/6033/6033 6031/6031/6031
f 6036/6036/6036 6035/6035/6035 6034/6034/6034
f 6037/6037/6037 6036/6036/6036 6034/6034/6034
f 6040/6040/6040 6039/6039/6039 6038/6038/6038
f 6041/6041/6041 6040/6040/6040 6038/6038/6038
f 6044/6044/6044 6043/6043/6043 6042/6042/6042
f 6045/6045/6045 6044/6044/6044 6042/6042/6042
f 6048/6048/6048 6047/6047/6047 6046/6046/6046
f 6049/6049/6049 6048/6048/6048 6046/6046/6046
f 6052/6052/6052 6051/6051/6051 6050/6050/6050
f 6053/6053/6053 6052/6052/6052 6050/6050/6050
f 6056/6056/6056 6055/6055/6055 6054/6054/6054
f 6057/6057/6057 6056/6056/6056 6054/6054/6054
f 6060/6060/6060 6059/6059/6059 6058/6058/6058
f 6061/6061/6061 6060/6060/6060 6058/6058/6058
f 6064/6064/6064 6063/6063/6063 6062/6062/6062
f 6065/6065/6065 6064/6064/6064 6062/6062/6062
f 6068/6068/6068 6067/6067/6067 6066/6066/6066
f 6069/6069/6069 6068/6068/6068 6066/6066/6066
f 6072/6072/6072 6071/6071/6071 6070/6070/6070
f 6071/6071/6071 6073/6073/6073 6070/6070/6070
f 6071/6071/6071 6074/6074/6074 6073/6073/6073
f 6074/6074/6074 6075/6075/6075 6073/6073/6073
f 6078/6078/6078 6077/6077/6077 6076/6076/6076
f 6079/6079/6079 6078/6078/6078 6076/6076/6076
f 6082/6082/6082 6081/6081/6081 6080/6080/6080
f 6083/6083/6083 6082/6082/6082 6080/6080/6080
f 6086/6086/6086 6085/6085/6085 6084/6084/6084
f 6087/6087/6087 6086/6086/6086 6084/6084/6084
f 6090/6090/6090 6089/6089/6089 6088/6088/6088
f 6091/6091/6091 6090/6090/6090 6088/6088/6088
f 6094/6094/6094 6093/6093/6093 6092/6092/6092
f 6095/6095/6095 6094/6094/6094 6092/6092/6092
f 6098/6098/6098 6097/6097/6097 6096/6096/6096
f 6099/6099/6099 6098/6098/6098 6096/6096/6096
f 6102/6102/6102 6101/6101/6101 6100/6100/6100
f 6103/6103/6103 6102/6102/6102 6100/6100/6100
f 6106/6106/6106 6105/6105/6105 6104/6104/6104
f 6107/6107/6107 6106/6106/6106 6104/6104/6104
f 6110/6110/6110 6109/6109/6109 6108/6108/6108
f 6111/6111/6111 6110/6110/6110 6108/6108/6108
f 6114/6114/6114 6113/6113/6113 6112/6112/6112
f 6115/6115/6115 6114/6114/6114 6112/6112/6112
f 6118/6118/6118 6117/6117/6117 6116/6116/6116
f 6119/6119/6119 6118/6118/6118 6116/6116/6116
f 6122/6122/6122 6121/6121/6121 6120/6120/6120
f 6123/6123/6123 6122/6122/6122 6120/6120/6120
f 6126/6126/6126 6125/6125/6125 6124/6124/6124
f 6125/6125/6125 6127/6127/6127 6124/6124/6124
f 6129/6129/6129 6127/6127/6127 6128/6128/6128
f 6130/6130/6130 6129/6129/6129 6128/6128/6128
f 6133/6133/6133 6132/6132/6132 6131/6131/6131
f 6134/6134/6134 6133/6133/6133 6131/6131/6131
f 6137/6137/6137 6136/6136/6136 6135/6135/6135
f 6138/6138/6138 6137/6137/6137 6135/6135/6135
f 6141/6141/6141 6140/6140/6140 6139/6139/6139
f 6142/6142/6142 6141/6141/6141 6139/6139/6139
f 6145/6145/6145 6144/6144/6144 6143/6143/6143
f 6146/6146/6146 6145/6145/6145 6143/6143/6143
f 6149/6149/6149 6148/6148/6148 6147/6147/6147
f 6150/6150/6150 6149/6149/6149 6147/6147/6147
f 6153/6153/6153 6152/6152/6152 6151/6151/6151
f 6154/6154/6154 6153/6153/6153 6151/6151/6151
f 6157/6157/6157 6156/6156/6156 6155/6155/6155
f 6158/6158/6158 6157/6157/6157 6155/6155/6155
f 6161/6161/6161 6160/6160/6160 6159/6159/6159
f 6162/6162/6162 6161/6161/6161 6159/6159/6159
f 6165/6165/6165 6164/6164/6164 6163/6163/6163
f 6166/6166/6166 6165/6165/6165 6163/6163/6163
f 6169/6169/6169 6168/6168/6168 6167/6167/6167
f 6170/6170/6170 6169/6169/6169 6167/6167/6167
f 6173/6173/6173 6172/6172/6172 6171/6171/6171
f 6174/6174/6174 6173/6173/6173 6171/6171/6171
f 6177/6177/6177 6176/6176/6176 6175/6175/6175
f 6178/6178/6178 6177/6177/6177 6175/6175/6175
f 6181/6181/6181 6180/6180/6180 6179/6179/6179
f 6182/6182/6182 6181/6181/6181 6179/6179/6179
f 6185/6185/6185 6184/6184/6184 6183/6183/6183
f 6186/6186/6186 6185/6185/6185 6183/6183/6183
f 6189/6189/6189 6188/6188/6188 6187/6187/6187
f 6190/6190/6190 6189/6189/6189 6187/6187/6187
f 6193/6193/6193 6192/6192/6192 6191/6191/6191
f 6194/6194/6194 6193/6193/6193 6191/6191/6191
f 6194/6194/6194 6191/6191/6191 6195/6195/6195
f 6196/6196/6196 6194/6194/6194 6195/6195/6195
f 6199/6199/6199 6198/6198/6198 6197/6197/6197
f 6200/6200/6200 6199/6199/6199 6197/6197/6197
f 6203/6203/6203 6202/6202/6202 6201/6201/6201
f 6204/6204/6204 6203/6203/6203 6201/6201/6201
f 6207/6207/6207 6206/6206/6206 6205/6205/6205
f 6208/6208/6208 6207/6207/6207 6205/6205/6205
f 6211/6211/6211 6210/6210/6210 6209/6209/6209
f 6212/6212/6212 6211/6211/6211 6209/6209/6209
f 6215/6215/6215 6214/6214/6214 6213/6213/6213
f 6216/6216/6216 6215/6215/6215 6213/6213/6213
f 6219/6219/6219 6218/6218/6218 6217/6217/6217
f 6220/6220/6220 6219/6219/6219 6217/6217/6217
f 6223/6223/6223 6222/6222/6222 6221/6221/6221
f 6224/6224/6224 6223/6223/6223 6221/6221/6221
f 6226/6226/6226 6224/6224/6224 6225/6225/6225
f 6227/6227/6227 6226/6226/6226 6225/6225/6225
f 6227/6227/6227 6225/6225/6225 6228/6228/6228
f 6229/6229/6229 6227/6227/6227 6228/6228/6228
f 6232/6232/6232 6231/6231/6231 6230/6230/6230
f 6233/6233/6233 6232/6232/6232 6230/6230/6230
f 6236/6236/6236 6235/6235/6235 6234/6234/6234
f 6237/6237/6237 6236/6236/6236 6234/6234/6234
f 6240/6240/6240 6239/6239/6239 6238/6238/6238
f 6241/6241/6241 6240/6240/6240 6238/6238/6238
f 6244/6244/6244 6243/6243/6243 6242/6242/6242
f 6245/6245/6245 6244/6244/6244 6242/6242/6242
f 6248/6248/6248 6247/6247/6247 6246/6246/6246
f 6249/6249/6249 6248/6248/6248 6246/6246/6246
f 6252/6252/6252 6251/6251/6251 6250/6250/6250
f 6253/6253/6253 6252/6252/6252 6250/6250/6250
f 6256/6256/6256 6255/6255/6255 6254/6254/6254
f 6257/6257/6257 6256/6256/6256 6254/6254/6254
f 6260/6260/6260 6259/6259/6259 6258/6258/6258
f 6261/6261/6261 6260/6260/6260 6258/6258/6258
f 6264/6264/6264 6263/6263/6263 6262/6262/6262
f 6265/6265/6265 6264/6264/6264 6262/6262/6262
f 6268/6268/6268 6267/6267/6267 6266/6266/6266
f 6269/6269/6269 6268/6268/6268 6266/6266/6266
f 6272/6272/6272 6271/6271/6271 6270/6270/6270
f 6273/6273/6273 6272/6272/6272 6270/6270/6270
f 6276/6276/6276 6275/6275/6275 6274/6274/6274
f 6277/6277/6277 6276/6276/6276 6274/6274/6274
f 6280/6280/6280 6279/6279/6279 6278/6278/6278
f 6281/6281/6281 6280/6280/6280 6278/6278/6278
f 6284/6284/6284 6283/6283/6283 6282/6282/6282
f 6285/6285/6285 6284/6284/6284 6282/6282/6282
f 6288/6288/6288 6287/6287/6287 6286/6286/6286
f 6289/6289/6289 6288/6288/6288 6286/6286/6286
f 6292/6292/6292 6291/6291/6291 6290/6290/6290
f 6293/6293/6293 6292/6292/6292 6290/6290/6290
f 6296/6296/6296 6295/6295/6295 6294/6294/6294
f 6297/6297/6297 6296/6296/6296 6294/6294/6294
f 6300/6300/6300 6299/6299/6299 6298/6298/6298
f 6301/6301/6301 6300/6300/6300 6298/6298/6298
f 6304/6304/6304 6303/6303/6303 6302/6302/6302
f 6305/6305/6305 6304/6304/6304 6302/6302/6302
f 6308/6308/6308 6307/6307/6307 6306/6306/6306
f 6309/6309/6309 6308/6308/6308 6306/6306/6306
f 6312/6312/6312 6311/6311/6311 6310/6310/6310
f 6313/6313/6313 6312/6312/6312 6310/6310/6310
f 6316/6316/6316 6315/6315/6315 6314/6314/6314
f 6317/6317/6317 6316/6316/6316 6314/6314/6314
f 6320/6320/6320 6319/6319/6319 6318/6318/6318
f 6321/6321/6321 6320/6320/6320 6318/6318/6318
f 6318/6318/6318 6323/6323/6323 6322/6322/6322
f 6323/6323/6323 6324/6324/6324 6322/6322/6322
f 6327/6327/6327 6326/6326/6326 6325/6325/6325
f 6328/6328/6328 6327/6327/6327 6325/6325/6325
f 6331/6331/6331 6330/6330/6330 6329/6329/6329
f 6332/6332/6332 6331/6331/6331 6329/6329/6329
f 6335/6335/6335 6334/6334/6334 6333/6333/6333
f 6336/6336/6336 6335/6335/6335 6333/6333/6333
f 6339/6339/6339 6338/6338/6338 6337/6337/6337
f 6340/6340/6340 6339/6339/6339 6337/6337/6337
f 6343/6343/6343 6342/6342/6342 6341/6341/6341
f 6344/6344/6344 6343/6343/6343 6341/6341/6341
f 6347/6347/6347 6346/6346/6346 6345/6345/6345
f 6348/6348/6348 6347/6347/6347 6345/6345/6345
f 6351/6351/6351 6350/6350/6350 6349/6349/6349
f 6352/6352/6352 6351/6351/6351 6349/6349/6349
f 6355/6355/6355 6354/6354/6354 6353/6353/6353
f 6356/6356/6356 6355/6355/6355 6353/6353/6353
f 6359/6359/6359 6358/6358/6358 6357/6357/6357
f 6360/6360/6360 6359/6359/6359 6357/6357/6357
f 6363/6363/6363 6362/6362/6362 6361/6361/6361
f 6364/6364/6364 6363/6363/6363 6361/6361/6361
f 6367/6367/6367 6366/6366/6366 6365/6365/6365
f 6368/6368/6368 6367/6367/6367 6365/6365/6365
f 6371/6371/6371 6370/6370/6370 6369/6369/6369
f 6372/6372/6372 6371/6371/6371 6369/6369/6369
f 6375/6375/6375 6374/6374/6374 6373/6373/6373
f 6374/6374/6374 6376/6376/6376 6373/6373/6373
f 6377/6377/6377 6376/6376/6376 6374/6374/6374
f 6378/6378/6378 6377/6377/6377 6374/6374/6374
f 6379/6379/6379 6377/6377/6377 6378/6378/6378
f 6380/6380/6380 6379/6379/6379 6378/6378/6378
f 6383/6383/6383 6382/6382/6382 6381/6381/6381
f 6384/6384/6384 6383/6383/6383 6381/6381/6381
f 6387/6387/6387 6386/6386/6386 6385/6385/6385
f 6388/6388/6388 6387/6387/6387 6385/6385/6385
f 6391/6391/6391 6390/6390/6390 6389/6389/6389
f 6392/6392/6392 6391/6391/6391 6389/6389/6389
f 6395/6395/6395 6394/6394/6394 6393/6393/6393
f 6396/6396/6396 6395/6395/6395 6393/6393/6393
f 6399/6399/6399 6398/6398/6398 6397/6397/6397
f 6400/6400/6400 6399/6399/6399 6397/6397/6397
f 6403/6403/6403 6402/6402/6402 6401/6401/6401
f 6404/6404/6404 6403/6403/6403 6401/6401/6401
f 6407/6407/6407 6406/6406/6406 6405/6405/6405
f 6408/6408/6408 6407/6407/6407 6405/6405/6405
f 6411/6411/6411 6410/6410/6410 6409/6409/6409
f 6410/6410/6410 6412/6412/6412 6409/6409/6409
f 6409/6409/6409 6412/6412/6412 6413/6413/6413
f 6412/6412/6412 6414/6414/6414 6413/6413/6413
f 6417/6417/6417 6416/6416/6416 6415/6415/6415
f 6418/6418/6418 6417/6417/6417 6415/6415/6415
f 6421/6421/6421 6420/6420/6420 6419/6419/6419
f 6422/6422/6422 6421/6421/6421 6419/6419/6419
f 6425/6425/6425 6424/6424/6424 6423/6423/6423
f 6426/6426/6426 6425/6425/6425 6423/6423/6423
f 6429/6429/6429 6428/6428/6428 6427/6427/6427
f 6430/6430/6430 6429/6429/6429 6427/6427/6427
f 6433/6433/6433 6432/6432/6432 6431/6431/6431
f 6434/6434/6434 6433/6433/6433 6431/6431/6431
f 6437/6437/6437 6436/6436/6436 6435/6435/6435
f 6438/6438/6438 6437/6437/6437 6435/6435/6435
f 6441/6441/6441 6440/6440/6440 6439/6439/6439
f 6442/6442/6442 6441/6441/6441 6439/6439/6439
f 6445/6445/6445 6444/6444/6444 6443/6443/6443
f 6446/6446/6446 6445/6445/6445 6443/6443/6443
f 6449/6449/6449 6448/6448/6448 6447/6447/6447
f 6450/6450/6450 6449/6449/6449 6447/6447/6447
f 6453/6453/6453 6452/6452/6452 6451/6451/6451
f 6454/6454/6454 6453/6453/6453 6451/6451/6451
f 6457/6457/6457 6456/6456/6456 6455/6455/6455
f 6458/6458/6458 6457/6457/6457 6455/6455/6455
f 6461/6461/6461 6460/6460/6460 6459/6459/6459
f 6462/6462/6462 6461/6461/6461 6459/6459/6459
f 6465/6465/6465 6464/6464/6464 6463/6463/6463
f 6466/6466/6466 6465/6465/6465 6463/6463/6463
f 6469/6469/6469 6468/6468/6468 6467/6467/6467
f 6470/6470/6470 6469/6469/6469 6467/6467/6467
f 6473/6473/6473 6472/6472/6472 6471/6471/6471
f 6472/6472/6472 6474/6474/6474 6471/6471/6471
f 6476/6476/6476 6475/6475/6475 6474/6474/6474
f 6474/6474/6474 6475/6475/6475 6477/6477/6477
f 6475/6475/6475 6478/6478/6478 6477/6477/6477
f 6481/6481/6481 6480/6480/6480 6479/6479/6479
f 6482/6482/6482 6481/6481/6481 6479/6479/6479
f 6485/6485/6485 6484/6484/6484 6483/6483/6483
f 6486/6486/6486 6485/6485/6485 6483/6483/6483
f 6489/6489/6489 6488/6488/6488 6487/6487/6487
f 6490/6490/6490 6489/6489/6489 6487/6487/6487
f 6493/6493/6493 6492/6492/6492 6491/6491/6491
f 6494/6494/6494 6493/6493/6493 6491/6491/6491
f 6497/6497/6497 6496/6496/6496 6495/6495/6495
f 6495/6495/6495 6498/6498/6498 6497/6497/6497
f 6495/6495/6495 6499/6499/6499 6498/6498/6498
f 6502/6502/6502 6501/6501/6501 6500/6500/6500
f 6503/6503/6503 6502/6502/6502 6500/6500/6500
f 6506/6506/6506 6505/6505/6505 6504/6504/6504
f 6507/6507/6507 6506/6506/6506 6504/6504/6504
f 6510/6510/6510 6509/6509/6509 6508/6508/6508
f 6511/6511/6511 6510/6510/6510 6508/6508/6508
f 6514/6514/6514 6513/6513/6513 6512/6512/6512
f 6515/6515/6515 6514/6514/6514 6512/6512/6512
f 6518/6518/6518 6517/6517/6517 6516/6516/6516
f 6516/6516/6516 6519/6519/6519 6518/6518/6518
f 6516/6516/6516 6520/6520/6520 6519/6519/6519
f 6523/6523/6523 6522/6522/6522 6521/6521/6521
f 6524/6524/6524 6523/6523/6523 6521/6521/6521
f 6527/6527/6527 6526/6526/6526 6525/6525/6525
f 6528/6528/6528 6527/6527/6527 6525/6525/6525
f 6531/6531/6531 6530/6530/6530 6529/6529/6529
f 6532/6532/6532 6531/6531/6531 6529/6529/6529
f 6535/6535/6535 6534/6534/6534 6533/6533/6533
f 6536/6536/6536 6535/6535/6535 6533/6533/6533
