g GuardTower_1_3
v -2.9006295 0.42514658 1.5514961
v -2.942556 0.42514658 1.5933831
v -2.942556 0.42514658 1.5016332
v -2.900669 0.42514658 1.5016332
v -2.9006686 0.4042852 1.3830979
v -2.900669 0.4042852 1.5016333
v -2.942556 0.4042852 1.5016332
v -2.9425557 0.40428567 1.3412108
v -2.9006493 0.33232477 1.5514959
v -2.9006295 0.42514658 1.5514961
v -2.900669 0.42514658 1.5016332
v -2.900669 0.4042852 1.5016333
v -2.9006686 0.33232483 1.3830979
v -2.9006686 0.4042852 1.3830979
v -2.8646238 0.42514658 1.5933832
v -2.942556 0.42514658 1.5933831
v -2.9006295 0.42514658 1.5514961
v -2.864624 0.42514658 1.5514961
v -2.8646238 0.4042852 1.5933832
v -2.8646245 0.4042851 1.5514961
v -2.724038 0.4042851 1.5514963
v -2.6821508 0.4042852 1.5933831
v -2.8646245 0.4042851 1.5514961
v -2.8646238 0.4042852 1.5933832
v -2.8646238 0.42514658 1.5933832
v -2.864624 0.42514658 1.5514961
v -2.7240376 0.42514658 1.3830981
v -2.6821506 0.42514658 1.45229
v -2.7240376 0.42514658 1.4522898
v -2.682151 0.42514658 1.3412111
v -2.752319 0.42514646 1.341211
v -2.752319 0.4251465 1.3830979
v -2.724038 0.4042851 1.5514963
v -2.7240376 0.4042852 1.4522898
v -2.6821506 0.4042852 1.45229
v -2.6821508 0.4042852 1.5933831
v -2.752319 0.4042863 1.341211
v -2.752319 0.40428495 1.383098
v -2.9006686 0.4042852 1.3830979
v -2.9425557 0.40428567 1.3412108
v -2.6821506 0.23554201 1.5933827
v -2.6821504 0.34671897 1.5100265
v -2.6821506 0.23554398 1.5100265
v -2.6821508 0.4042852 1.5933831
v -2.68215 0.34671903 1.4195225
v -2.6821506 0.4042852 1.45229
v -2.682151 0.42514658 1.3412111
v -2.6821506 0.42514658 1.45229
v -2.6821516 0.23554869 1.3412112
v -2.6821506 0.2355468 1.4195228
v -2.6821506 0.23554398 1.5100265
v -2.6821504 0.34671897 1.5100265
v -2.7212944 0.34671897 1.5100265
v -2.7212944 0.23554386 1.5100265
v -2.6821504 0.34671897 1.5100265
v -2.68215 0.34671903 1.4195225
v -2.7212942 0.346719 1.4195225
v -2.7212944 0.34671897 1.5100265
v -2.68215 0.34671903 1.4195225
v -2.6821506 0.2355468 1.4195228
v -2.7212944 0.2355468 1.4195225
v -2.7212942 0.346719 1.4195225
v -2.6821506 0.2355468 1.4195228
v -2.6821506 0.23554398 1.5100265
v -2.7212944 0.23554386 1.5100265
v -2.7212944 0.2355468 1.4195225
v -2.7212944 0.23554386 1.5100265
v -2.7212944 0.34671897 1.5100265
v -2.7212942 0.346719 1.4195225
v -2.7212944 0.2355468 1.4195225
v -2.900669 0.4042852 1.5016333
v -2.900669 0.42514658 1.5016332
v -2.942556 0.42514658 1.5016332
v -2.942556 0.4042852 1.5016332
v -2.9006493 0.33232477 1.5514959
v -2.864624 0.42514658 1.5514961
v -2.9006295 0.42514658 1.5514961
v -2.8646245 0.4042851 1.5514961
v -2.724038 0.33232477 1.551496
v -2.724038 0.4042851 1.5514963
v -2.942556 -1.075605E-08 1.3412108
v -2.752319 0.4042863 1.341211
v -2.9425557 0.40428567 1.3412108
v -2.6821506 5.3393943E-08 1.3412112
v -2.682151 0.42514658 1.3412111
v -2.752319 0.42514646 1.341211
v -2.942555 0.42514598 -1.501634
v -2.942555 0.42514604 -1.5933838
v -2.9006279 0.42514604 -1.5514969
v -2.9006677 0.42514598 -1.501634
v -2.942555 0.40428457 -1.501634
v -2.9006677 0.40428457 -1.5016342
v -2.900668 0.40428466 -1.3830988
v -2.942555 0.40428513 -1.3412117
v -2.9006476 0.3323241 -1.5514967
v -2.9006677 0.42514598 -1.501634
v -2.9006279 0.42514604 -1.5514969
v -2.9006677 0.40428457 -1.5016342
v -2.900668 0.33232418 -1.3830988
v -2.900668 0.40428466 -1.3830988
v -2.9006279 0.42514604 -1.5514969
v -2.942555 0.42514604 -1.5933838
v -2.8646226 0.42514604 -1.593384
v -2.8646226 0.42514598 -1.5514971
v -2.7240367 0.4042845 -1.5514967
v -2.8646228 0.4042845 -1.5514971
v -2.8646226 0.40428457 -1.593384
v -2.6821496 0.40428457 -1.5933838
v -2.8646228 0.4042845 -1.5514971
v -2.8646226 0.42514598 -1.5514971
v -2.8646226 0.42514604 -1.593384
v -2.8646226 0.40428457 -1.593384
v -2.68215 0.42514604 -1.4522908
v -2.724037 0.42514613 -1.3830987
v -2.724037 0.42514598 -1.4522904
v -2.6821504 0.42514613 -1.3412119
v -2.7523181 0.4251459 -1.3412117
v -2.7523181 0.42514598 -1.3830988
v -2.68215 0.40428466 -1.4522908
v -2.724037 0.40428457 -1.4522904
v -2.7240367 0.4042845 -1.5514967
v -2.6821496 0.40428457 -1.5933838
v -2.724037 0.40428457 -1.4522904
v -2.68215 0.40428466 -1.4522908
v -2.68215 0.42514604 -1.4522908
v -2.724037 0.42514598 -1.4522904
v -2.7523181 0.4042845 -1.3830988
v -2.900668 0.40428466 -1.3830988
v -2.900668 0.33232418 -1.3830988
v -2.724037 0.3323242 -1.3830986
v -2.724037 0.42514613 -1.3830987
v -2.7523181 0.42514598 -1.3830988
v -2.7523181 0.4042858 -1.3412117
v -2.942555 0.40428513 -1.3412117
v -2.900668 0.40428466 -1.3830988
v -2.7523181 0.4042845 -1.3830988
v -2.942555 -4.94151E-07 -1.5933838
v -2.8646226 0.42514604 -1.593384
v -2.942555 0.42514604 -1.5933838
v -2.8646226 0.40428457 -1.593384
v -2.6821487 -5.3325834E-07 -1.5933838
v -2.6821494 0.23554137 -1.5933837
v -2.6821496 0.40428457 -1.5933838
v -2.6821494 0.23554137 -1.5933837
v -2.6821494 0.23554337 -1.5100272
v -2.6821487 0.34671828 -1.5100272
v -2.6821496 0.40428457 -1.5933838
v -2.6821494 0.34671837 -1.4195232
v -2.68215 0.40428466 -1.4522908
v -2.6821504 0.42514613 -1.3412119
v -2.68215 0.42514604 -1.4522908
v -2.6821506 0.23554821 -1.3412119
v -2.68215 0.23554623 -1.4195235
v -2.6821494 0.23554337 -1.5100272
v -2.721293 0.23554325 -1.510027
v -2.721293 0.34671828 -1.510027
v -2.6821487 0.34671828 -1.5100272
v -2.6821487 0.34671828 -1.5100272
v -2.721293 0.34671828 -1.510027
v -2.7212932 0.34671837 -1.4195231
v -2.6821494 0.34671837 -1.4195232
v -2.6821494 0.34671837 -1.4195232
v -2.7212932 0.34671837 -1.4195231
v -2.721294 0.23554623 -1.4195231
v -2.68215 0.23554623 -1.4195235
v -2.68215 0.23554623 -1.4195235
v -2.721294 0.23554623 -1.4195231
v -2.721293 0.23554325 -1.510027
v -2.6821494 0.23554337 -1.5100272
v -2.7212932 0.34671837 -1.4195231
v -2.721293 0.34671828 -1.510027
v -2.721293 0.23554325 -1.510027
v -2.721294 0.23554623 -1.4195231
v 1.5514966 0.42514676 2.900629
v 1.5933834 0.42514676 2.9425557
v 1.5016336 0.42514667 2.942556
v 1.5016336 0.42514667 2.900669
v 1.3830985 0.40428534 2.900669
v 1.5016338 0.40428534 2.900669
v 1.5016336 0.40428534 2.942556
v 1.3412113 0.40428582 2.9425557
v 1.5514965 0.33232477 2.900649
v 1.5514966 0.42514676 2.900629
v 1.5016336 0.42514667 2.900669
v 1.5016338 0.40428534 2.900669
v 1.3830985 0.33232483 2.900669
v 1.3830985 0.40428534 2.900669
v 1.5933836 0.42514676 2.8646233
v 1.5933834 0.42514676 2.9425557
v 1.5514966 0.42514676 2.900629
v 1.5514966 0.42514667 2.8646235
v 1.5933836 0.40428534 2.8646233
v 1.5514966 0.40428525 2.864624
v 1.5514967 0.4042852 2.7240376
v 1.5933834 0.4042852 2.6821506
v 1.5514966 0.40428525 2.864624
v 1.5933836 0.40428534 2.8646233
v 1.5933836 0.42514676 2.8646233
v 1.5514966 0.42514667 2.8646235
v 1.3830984 0.42514664 2.7240376
v 1.4522903 0.42514658 2.6821508
v 1.4522903 0.42514658 2.7240376
v 1.3412118 0.42514658 2.6821516
v 1.3412113 0.42514664 2.752319
v 1.3830982 0.42514664 2.752319
v 1.5514967 0.4042852 2.7240376
v 1.4522903 0.4042852 2.7240376
v 1.4522903 0.4042852 2.6821508
v 1.5933834 0.4042852 2.6821506
v 1.4522903 0.4042852 2.7240376
v 1.4522903 0.42514658 2.7240376
v 1.4522903 0.42514658 2.6821508
v 1.4522903 0.4042852 2.6821508
v 1.3830985 0.33232483 2.900669
v 1.3830985 0.40428534 2.900669
v 1.3830982 0.40428513 2.752319
v 1.3830984 0.33232486 2.7240376
v 1.3830984 0.42514664 2.7240376
v 1.3830982 0.42514664 2.752319
v 1.3412113 0.40428644 2.752319
v 1.3830982 0.40428513 2.752319
v 1.3830985 0.40428534 2.900669
v 1.3412113 0.40428582 2.9425557
v 1.5933836 0.42514676 2.8646233
v 1.5933834 1.8530989E-07 2.9425557
v 1.5933834 0.42514676 2.9425557
v 1.5933836 0.40428534 2.8646233
v 1.5933836 1.3481963E-07 2.6821496
v 1.5933833 0.23554207 2.68215
v 1.5933834 0.4042852 2.6821506
v 1.5933833 0.23554207 2.68215
v 1.5100267 0.346719 2.6821501
v 1.5100267 0.23554403 2.6821501
v 1.5933834 0.4042852 2.6821506
v 1.4195229 0.34671906 2.6821504
v 1.4522903 0.4042852 2.6821508
v 1.3412118 0.42514658 2.6821516
v 1.4522903 0.42514658 2.6821508
v 1.3412116 0.23554876 2.6821516
v 1.4195231 0.23554684 2.6821508
v 1.5100267 0.23554403 2.6821501
v 1.5100267 0.346719 2.6821501
v 1.5100268 0.346719 2.7212942
v 1.5100268 0.2355439 2.7212942
v 1.5100267 0.346719 2.6821501
v 1.4195229 0.34671906 2.6821504
v 1.419523 0.346719 2.7212942
v 1.5100268 0.346719 2.7212942
v 1.4195229 0.34671906 2.6821504
v 1.4195231 0.23554684 2.6821508
v 1.419523 0.23554684 2.7212942
v 1.419523 0.346719 2.7212942
v 1.4195231 0.23554684 2.6821508
v 1.5100267 0.23554403 2.6821501
v 1.5100268 0.2355439 2.7212942
v 1.419523 0.23554684 2.7212942
v 1.5100268 0.2355439 2.7212942
v 1.5100268 0.346719 2.7212942
v 1.419523 0.346719 2.7212942
v 1.419523 0.23554684 2.7212942
v 1.3412113 5.9241074E-08 2.9425564
v 1.3412118 1.1200842E-07 2.6821506
v 1.3412113 0.40428644 2.752319
v 1.3412113 0.40428582 2.9425557
v -1.5016336 0.42514616 2.942556
v -1.5933832 0.42514628 2.942556
v -1.5514963 0.42514628 2.9006283
v -1.5016336 0.42514616 2.9006684
v -1.5016336 0.40428478 2.942556
v -1.5016336 0.40428478 2.9006684
v -1.3830985 0.4042849 2.9006684
v -1.3412116 0.40428537 2.942555
v -1.5514963 0.33232427 2.900648
v -1.5016336 0.42514616 2.9006684
v -1.5514963 0.42514628 2.9006283
v -1.5016336 0.40428478 2.9006684
v -1.3830985 0.3323244 2.9006684
v -1.3830985 0.4042849 2.9006684
v -1.5514963 0.42514628 2.9006283
v -1.5933832 0.42514628 2.942556
v -1.5933836 0.4251462 2.8646233
v -1.5514967 0.42514616 2.8646233
v -1.5514963 0.40428472 2.7240376
v -1.5514967 0.40428478 2.8646233
v -1.5933836 0.40428478 2.8646233
v -1.5933831 0.40428472 2.6821504
v -1.5514967 0.40428478 2.8646233
v -1.5514967 0.42514616 2.8646233
v -1.5933836 0.4251462 2.8646233
v -1.5933836 0.40428478 2.8646233
v -1.4522905 0.4251461 2.6821504
v -1.3830984 0.42514625 2.7240376
v -1.45229 0.4251461 2.7240376
v -1.3412116 0.42514616 2.6821506
v -1.3412116 0.42514616 2.7523186
v -1.3830985 0.42514616 2.7523186
v -1.4522905 0.40428472 2.6821504
v -1.45229 0.40428472 2.7240376
v -1.5514963 0.40428472 2.7240376
v -1.5933831 0.40428472 2.6821504
v -1.3412116 0.404286 2.7523186
v -1.3412116 0.40428537 2.942555
v -1.3830985 0.4042849 2.9006684
v -1.3830985 0.40428478 2.7523186
v -1.5933831 0.2355416 2.6821504
v -1.5100268 0.23554355 2.6821504
v -1.5100268 0.34671852 2.6821494
v -1.5933831 0.40428472 2.6821504
v -1.4195225 0.34671858 2.6821494
v -1.4522905 0.40428472 2.6821504
v -1.3412116 0.42514616 2.6821506
v -1.4522905 0.4251461 2.6821504
v -1.3412116 0.23554839 2.6821513
v -1.4195231 0.23554638 2.6821504
v -1.5100268 0.23554355 2.6821504
v -1.5100267 0.23554344 2.7212937
v -1.5100267 0.34671852 2.7212937
v -1.5100268 0.34671852 2.6821494
v -1.5100268 0.34671852 2.6821494
v -1.5100267 0.34671852 2.7212937
v -1.4195225 0.34671852 2.7212937
v -1.4195225 0.34671858 2.6821494
v -1.4195225 0.34671858 2.6821494
v -1.4195225 0.34671852 2.7212937
v -1.4195225 0.23554638 2.7212942
v -1.4195231 0.23554638 2.6821504
v -1.4195231 0.23554638 2.6821504
v -1.4195225 0.23554638 2.7212942
v -1.5100267 0.23554344 2.7212937
v -1.5100268 0.23554355 2.6821504
v -1.4195225 0.34671852 2.7212937
v -1.5100267 0.34671852 2.7212937
v -1.5100267 0.23554344 2.7212937
v -1.4195225 0.23554638 2.7212942
v -1.5016336 0.40428478 2.9006684
v -1.5016336 0.40428478 2.942556
v -1.5016336 0.42514616 2.942556
v -1.5016336 0.42514616 2.9006684
v -1.5514963 0.33232427 2.900648
v -1.5514963 0.42514628 2.9006283
v -1.5514967 0.42514616 2.8646233
v -1.5514967 0.40428478 2.8646233
v -1.5514963 0.3323243 2.7240376
v -1.5514963 0.40428472 2.7240376
v -1.3412116 -3.4579355E-07 2.942556
v -1.3412116 0.40428537 2.942555
v -1.3412116 0.404286 2.7523186
v -1.3412116 -2.9302626E-07 2.6821504
v -1.3412116 0.42514616 2.6821506
v -1.3412116 0.42514616 2.7523186
v 2.9425552 0.42514658 1.5016344
v 2.9425557 0.42514658 1.5933841
v 2.9006286 0.42514658 1.5514972
v 2.9006684 0.42514658 1.5016342
v 2.9425552 0.4042852 1.5016344
v 2.9006684 0.4042852 1.5016344
v 2.9006684 0.4042852 1.383099
v 2.942555 0.40428567 1.3412119
v 2.9006286 0.42514658 1.5514972
v 2.9425557 0.42514658 1.5933841
v 2.8646233 0.42514658 1.5933841
v 2.8646233 0.42514658 1.5514972
v 2.7240372 0.4042851 1.551497
v 2.8646235 0.4042851 1.5514972
v 2.8646233 0.4042852 1.5933841
v 2.6821504 0.4042852 1.593384
v 2.6821504 0.42514658 1.4522908
v 2.7240372 0.42514658 1.3830987
v 2.7240372 0.42514658 1.4522907
v 2.6821506 0.42514658 1.3412119
v 2.7523186 0.42514646 1.3412119
v 2.7523186 0.4251465 1.3830988
v 2.6821504 0.4042852 1.4522908
v 2.7240372 0.4042852 1.4522905
v 2.7240372 0.4042851 1.551497
v 2.6821504 0.4042852 1.593384
v 2.7523186 0.4042863 1.3412119
v 2.942555 0.40428567 1.3412119
v 2.9006684 0.4042852 1.383099
v 2.7523186 0.40428495 1.383099
v 2.7523186 0.40428495 1.383099
v 2.7523186 0.4251465 1.3830988
v 2.7523186 0.42514646 1.3412119
v 2.7523186 0.4042863 1.3412119
v 2.7523186 0.40428495 1.383099
v 2.7240372 0.33232483 1.3830987
v 2.7240372 0.42514658 1.3830987
v 2.7523186 0.4251465 1.3830988
v 2.9006684 0.4042852 1.5016344
v 2.9425552 0.4042852 1.5016344
v 2.9425552 0.42514658 1.5016344
v 2.9006684 0.42514658 1.5016342
v 2.9425557 1.2633569E-07 1.5933841
v 2.942555 0.40428567 1.3412119
v 2.942556 -1.0755862E-08 1.341212
v 2.9425552 0.4042852 1.5016344
v 2.9425552 0.42514658 1.5016344
v 2.9425557 0.42514658 1.5933841
v 2.900648 0.33232477 1.5514971
v 2.9006286 0.42514658 1.5514972
v 2.8646233 0.42514658 1.5514972
v 2.8646235 0.4042851 1.5514972
v 2.7240372 0.33232477 1.5514967
v 2.7240372 0.4042851 1.551497
v 2.7240372 0.42514658 1.3830987
v 2.7240372 0.4042852 1.4522905
v 2.7240372 0.42514658 1.4522907
v 2.7240372 0.33232483 1.3830987
v 2.7240372 0.33232477 1.5514967
v 2.7240372 0.4042851 1.551497
v 2.942556 -1.0755862E-08 1.341212
v 2.942555 0.40428567 1.3412119
v 2.7523186 0.4042863 1.3412119
v 2.6821504 5.339413E-08 1.341212
v 2.6821506 0.42514658 1.3412119
v 2.7523186 0.42514646 1.3412119
v 2.9006288 0.42514604 -1.5514963
v 2.9425557 0.42514604 -1.5933831
v 2.942556 0.42514598 -1.5016333
v 2.9006686 0.42514598 -1.5016333
v 2.9006686 0.40428466 -1.3830979
v 2.9006686 0.40428457 -1.5016334
v 2.942556 0.40428457 -1.5016333
v 2.9425552 0.40428513 -1.3412112
v 2.8646233 0.42514604 -1.5933831
v 2.9425557 0.42514604 -1.5933831
v 2.9006288 0.42514604 -1.5514963
v 2.8646235 0.42514598 -1.5514963
v 2.8646233 0.40428457 -1.5933831
v 2.8646238 0.4042845 -1.5514963
v 2.7240376 0.4042845 -1.5514966
v 2.6821506 0.40428457 -1.5933833
v 2.7240376 0.42514613 -1.3830982
v 2.6821506 0.42514604 -1.4522902
v 2.7240376 0.42514598 -1.4522903
v 2.6821508 0.42514613 -1.3412114
v 2.752319 0.4251459 -1.3412113
v 2.752319 0.42514598 -1.3830981
v 2.7240376 0.4042845 -1.5514966
v 2.7240376 0.40428457 -1.4522898
v 2.6821506 0.40428466 -1.4522902
v 2.6821506 0.40428457 -1.5933833
v 2.7240376 0.40428457 -1.4522898
v 2.7240376 0.42514598 -1.4522903
v 2.6821506 0.42514604 -1.4522902
v 2.6821506 0.40428466 -1.4522902
v 2.9006686 0.33232418 -1.3830979
v 2.9006686 0.40428466 -1.3830979
v 2.752319 0.4042845 -1.3830981
v 2.7240376 0.3323242 -1.3830982
v 2.7240376 0.42514613 -1.3830982
v 2.752319 0.42514598 -1.3830981
v 2.752319 0.4042858 -1.3412113
v 2.752319 0.4042845 -1.3830981
v 2.9006686 0.40428466 -1.3830979
v 2.9425552 0.40428513 -1.3412112
v 2.752319 0.4042845 -1.3830981
v 2.752319 0.4042858 -1.3412113
v 2.752319 0.4251459 -1.3412113
v 2.752319 0.42514598 -1.3830981
v 2.8646233 0.42514604 -1.5933831
v 2.9425557 -4.9415075E-07 -1.5933831
v 2.9425557 0.42514604 -1.5933831
v 2.8646233 0.40428457 -1.5933831
v 2.6821496 -5.3325823E-07 -1.5933833
v 2.6821501 0.23554137 -1.5933831
v 2.6821506 0.40428457 -1.5933833
v 2.9425557 -4.9415075E-07 -1.5933831
v 2.942556 -5.330429E-07 -1.3412112
v 2.9425552 0.40428513 -1.3412112
v 2.942556 0.40428457 -1.5016333
v 2.942556 0.42514598 -1.5016333
v 2.9425557 0.42514604 -1.5933831
v 2.7240376 0.40428457 -1.4522898
v 2.7240376 0.42514613 -1.3830982
v 2.7240376 0.42514598 -1.4522903
v 2.7240376 0.3323242 -1.3830982
v 2.7240376 0.3323241 -1.5514963
v 2.7240376 0.4042845 -1.5514966
v 1.5016339 0.42514634 -2.9425557
v 1.5933838 0.4251465 -2.9425557
v 1.5514967 0.42514643 -2.9006288
v 1.5016339 0.42514634 -2.9006689
v 1.5016339 0.40428495 -2.9425557
v 1.501634 0.40428495 -2.9006689
v 1.3830985 0.404285 -2.9006689
v 1.3412116 0.4042855 -2.9425557
v 1.5514967 0.42514643 -2.9006288
v 1.5933838 0.4251465 -2.9425557
v 1.5933839 0.42514643 -2.8646233
v 1.5514969 0.42514634 -2.8646233
v 1.5514965 0.404285 -2.7240376
v 1.5514969 0.40428495 -2.8646238
v 1.5933839 0.40428495 -2.8646233
v 1.5933837 0.40428504 -2.6821506
v 1.4522904 0.4251465 -2.6821506
v 1.3830984 0.42514652 -2.7240376
v 1.4522904 0.4251464 -2.7240376
v 1.3412116 0.42514652 -2.6821513
v 1.3412117 0.42514625 -2.7523189
v 1.3830985 0.42514625 -2.7523189
v 1.4522904 0.40428504 -2.6821506
v 1.4522903 0.404285 -2.7240376
v 1.5514965 0.404285 -2.7240376
v 1.5933837 0.40428504 -2.6821506
v 1.4522903 0.404285 -2.7240376
v 1.4522904 0.40428504 -2.6821506
v 1.4522904 0.4251465 -2.6821506
v 1.4522904 0.4251464 -2.7240376
v 1.3830987 0.40428486 -2.7523189
v 1.3830985 0.404285 -2.9006689
v 1.3830985 0.3323246 -2.9006689
v 1.3830984 0.33232468 -2.7240376
v 1.3830984 0.42514652 -2.7240376
v 1.3830985 0.42514625 -2.7523189
v 1.3412116 0.40428606 -2.7523189
v 1.3412116 0.4042855 -2.9425557
v 1.3830985 0.404285 -2.9006689
v 1.3830987 0.40428486 -2.7523189
v 1.3830987 0.40428486 -2.7523189
v 1.3830985 0.42514625 -2.7523189
v 1.3412117 0.42514625 -2.7523189
v 1.3412116 0.40428606 -2.7523189
v 1.5933838 -7.1936455E-08 -2.9425557
v 1.5933839 0.42514643 -2.8646233
v 1.5933838 0.4251465 -2.9425557
v 1.5933839 0.40428495 -2.8646233
v 1.5933837 -9.9661214E-08 -2.6821496
v 1.5933834 0.23554184 -2.68215
v 1.5933837 0.40428504 -2.6821506
v 1.5933838 -7.1936455E-08 -2.9425557
v 1.3412116 0.4042855 -2.9425557
v 1.3412117 -1.9800535E-07 -2.9425561
v 1.5016339 0.40428495 -2.9425557
v 1.5016339 0.42514634 -2.9425557
v 1.5933838 0.4251465 -2.9425557
v 1.3830984 0.42514652 -2.7240376
v 1.4522903 0.404285 -2.7240376
v 1.4522904 0.4251464 -2.7240376
v 1.3830984 0.33232468 -2.7240376
v 1.5514965 0.3323246 -2.7240376
v 1.5514965 0.404285 -2.7240376
v -1.5514959 0.42514595 -2.9006286
v -1.5933828 0.42514595 -2.9425557
v -1.5016333 0.42514586 -2.942556
v -1.5016333 0.42514586 -2.9006681
v -1.3830981 0.40428454 -2.9006681
v -1.5016333 0.40428448 -2.9006681
v -1.5016333 0.40428448 -2.942556
v -1.3412112 0.404285 -2.942555
v -1.5933832 0.42514586 -2.8646233
v -1.5933828 0.42514595 -2.9425557
v -1.5514959 0.42514595 -2.9006286
v -1.5514963 0.42514586 -2.8646235
v -1.5933832 0.40428448 -2.8646233
v -1.5514963 0.4042844 -2.8646235
v -1.551496 0.40428454 -2.7240374
v -1.5933827 0.40428454 -2.68215
v -1.3830982 0.42514604 -2.7240374
v -1.4522902 0.425146 -2.6821501
v -1.4522898 0.42514592 -2.7240374
v -1.3412112 0.42514604 -2.6821506
v -1.3412112 0.42514578 -2.7523184
v -1.3830981 0.42514578 -2.7523184
v -1.551496 0.40428454 -2.7240374
v -1.4522898 0.40428454 -2.7240374
v -1.4522902 0.40428457 -2.6821501
v -1.5933827 0.40428454 -2.68215
v -1.4522898 0.40428454 -2.7240374
v -1.4522898 0.42514592 -2.7240374
v -1.4522902 0.425146 -2.6821501
v -1.4522902 0.40428457 -2.6821501
v -1.3412112 0.40428567 -2.7523184
v -1.3830981 0.4042844 -2.7523184
v -1.3830981 0.40428454 -2.9006681
v -1.3412112 0.404285 -2.942555
v -1.3830981 0.4042844 -2.7523184
v -1.3412112 0.40428567 -2.7523184
v -1.3412112 0.42514578 -2.7523184
v -1.3830981 0.42514578 -2.7523184
v -1.5016333 0.40428448 -2.9006681
v -1.5016333 0.42514586 -2.9006681
v -1.5016333 0.42514586 -2.942556
v -1.5016333 0.40428448 -2.942556
v -1.5933828 -5.5312506E-07 -2.9425557
v -1.3412112 -6.030399E-07 -2.942556
v -1.3412112 0.404285 -2.942555
v -1.5016333 0.40428448 -2.942556
v -1.5016333 0.42514586 -2.942556
v -1.5933828 0.42514595 -2.9425557
v -1.5514959 0.332324 -2.9006484
v -1.5514963 0.42514586 -2.8646235
v -1.5514959 0.42514595 -2.9006286
v -1.5514963 0.4042844 -2.8646235
v -1.551496 0.33232406 -2.7240374
v -1.551496 0.40428454 -2.7240374
v -1.4522898 0.40428454 -2.7240374
v -1.3830982 0.42514604 -2.7240374
v -1.4522898 0.42514592 -2.7240374
v -1.3830982 0.3323242 -2.7240374
v -1.551496 0.33232406 -2.7240374
v -1.551496 0.40428454 -2.7240374
v -1.3412112 -6.030399E-07 -2.942556
v -1.3412112 0.40428567 -2.7523184
v -1.3412112 0.404285 -2.942555
v -1.3412112 -5.2750727E-07 -2.6821501
v -1.3412112 0.42514604 -2.6821506
v -1.3412112 0.42514578 -2.7523184
v -0.08732296 0.48911086 -2.5133893
v -0.19132152 0.48911086 -2.5133893
v -0.19132152 0.48911086 -2.5548306
v -0.087322965 0.48911086 -2.5548306
v -0.08732257 0.4730294 -2.5133893
v -0.087322965 0.4730294 -2.5548306
v 0.19132176 0.4730294 -2.5548306
v 0.19132176 0.4730294 -2.5133893
v -0.19132152 0.48911086 -2.5548306
v -0.19132152 0.4835287 -2.5548306
v -0.19132152 0.42027465 -2.5548306
v -0.087322965 0.48911086 -2.5548306
v -0.087322965 0.4730294 -2.5548306
v 0.19132176 0.42027467 -2.5548306
v 0.19132176 0.4730294 -2.5548306
v -0.087322965 0.4730294 -2.5548306
v -0.08732257 0.4730294 -2.5133893
v -0.08732296 0.48911086 -2.5133893
v -0.087322965 0.48911086 -2.5548306
v 0.071096 0.48244476 -2.7576263
v 0.1913217 0.48244476 -2.7576263
v 0.19132172 0.48244485 -2.7161853
v 0.071096025 0.48244485 -2.7161853
v 0.071096 0.46335468 -2.7576263
v 0.071096025 0.46335477 -2.7161853
v -0.19132155 0.46335477 -2.7161846
v -0.19132158 0.46335468 -2.7576263
v 0.1913217 0.48244476 -2.7576263
v 0.071096 0.48244476 -2.7576263
v 0.071096 0.46335468 -2.7576263
v 0.1913217 0.3622401 -2.7576263
v -0.19132158 0.46335468 -2.7576263
v -0.19132158 0.3622401 -2.7576263
v 0.38744193 0.51838046 -2.7946842
v 0.49960855 0.51838064 -2.7946837
v 0.4484008 0.5183806 -2.743427
v 0.38744193 0.51838046 -2.743476
v 0.38744193 0.49294424 -2.7946842
v 0.38744193 0.49294424 -2.743476
v 0.24252965 0.49294424 -2.7434757
v 0.1913217 0.49294424 -2.7946835
v 0.19132172 0.49294427 -2.7161853
v 0.24252965 0.49294427 -2.7161853
v 0.38744193 0.49294424 -2.743476
v 0.38744193 0.49294424 -2.7946842
v 0.38744193 0.51838046 -2.7946842
v 0.38744193 0.51838046 -2.743476
v 0.38744193 -1.1134114E-07 -2.7946842
v 0.49960855 -4.672077E-08 -2.7946837
v 0.49960855 0.51838064 -2.7946837
v 0.38744193 0.51838046 -2.7946842
v 0.38744193 0.49294424 -2.7946842
v 0.38744193 0.49294424 -2.7946842
v 0.1913217 0.49294424 -2.7946835
v 0.1913217 -2.1248002E-07 -2.7946842
v 0.4484008 0.5183806 -2.743427
v 0.49960855 0.51838064 -2.7946837
v 0.49960855 0.5183806 -2.6994097
v 0.4484008 0.5183806 -2.6994097
v 0.44840053 0.49294427 -2.52754
v 0.4484008 0.49294427 -2.6994097
v 0.49960855 0.49294427 -2.6994097
v 0.4996084 0.49294427 -2.476332
v 0.4484008 0.49294427 -2.6994097
v 0.4484008 0.5183806 -2.6994097
v 0.49960855 0.5183806 -2.6994097
v 0.49960855 0.49294427 -2.6994097
v 0.49960855 0.49294427 -2.6994097
v 0.49960855 0.5183806 -2.6994097
v 0.49960855 0.51838064 -2.7946837
v 0.49960855 -4.672077E-08 -2.7946837
v 0.49960855 -1.3792362E-07 -2.6994097
v 0.4996084 0.49294427 -2.476332
v 0.4996084 -1.9969812E-07 -2.476332
v 0.32711834 0.5183806 -2.4763324
v 0.2425295 0.5183807 -2.5275397
v 0.3271183 0.5183806 -2.52754
v 0.19132176 0.51838064 -2.4763324
v 0.19132176 0.5183806 -2.5548306
v 0.2425295 0.5183806 -2.5548306
v 0.32711834 0.49294433 -2.4763324
v 0.3271181 0.49294433 -2.52754
v 0.44840053 0.49294427 -2.52754
v 0.4996084 0.49294427 -2.476332
v 0.2425295 0.40520316 -2.5275397
v 0.3271183 0.5183806 -2.52754
v 0.2425295 0.5183807 -2.5275397
v 0.3271181 0.49294433 -2.52754
v 0.44840053 0.40520296 -2.52754
v 0.44840053 0.49294427 -2.52754
v 0.3271181 0.49294433 -2.52754
v 0.32711834 0.49294433 -2.4763324
v 0.32711834 0.5183806 -2.4763324
v 0.3271183 0.5183806 -2.52754
v 0.2425295 0.40520316 -2.5275397
v 0.2425295 0.5183807 -2.5275397
v 0.2425295 0.5183806 -2.5548306
v 0.2425295 0.40520316 -2.5548306
v 0.2425295 0.40520316 -2.5548306
v 0.2425295 0.5183806 -2.5548306
v 0.19132176 0.5183806 -2.5548306
v 0.19132157 0.40520316 -2.5548306
v 0.24252965 0.49294427 -2.7161853
v 0.24252965 0.49294424 -2.7434757
v 0.24252965 0.40520293 -2.7434757
v 0.24252965 0.40520304 -2.7161846
v -0.44840044 0.51838046 -2.743427
v -0.387442 0.51838034 -2.7946837
v -0.387442 0.51838034 -2.7434757
v -0.49960783 0.51838046 -2.7946832
v -0.49960816 0.5183804 -2.6994097
v -0.44840044 0.51838046 -2.6994097
v -0.24252929 0.49294415 -2.7434757
v -0.387442 0.4929441 -2.7434757
v -0.387442 0.4929441 -2.7946837
v -0.19132158 0.49294415 -2.7946835
v -0.19132155 0.49294427 -2.7161853
v -0.24252929 0.49294418 -2.7161846
v -0.387442 0.4929441 -2.7434757
v -0.387442 0.51838034 -2.7434757
v -0.387442 0.51838034 -2.7946837
v -0.387442 0.4929441 -2.7946837
v -0.387442 0.51838034 -2.7946837
v -0.49960783 0.51838046 -2.7946832
v -0.49960783 -1.9759834E-07 -2.7946837
v -0.387442 0.4929441 -2.7946837
v -0.3874416 -2.2834531E-07 -2.7946837
v -0.19132158 0.49294415 -2.7946835
v -0.19132158 -2.7025752E-07 -2.7946835
v -0.49960816 0.49294415 -2.6994097
v -0.44840044 0.49294415 -2.6994097
v -0.44840044 0.49294415 -2.52754
v -0.4996077 0.49294415 -2.476332
v -0.32711822 0.49294418 -2.4763315
v -0.3271179 0.49294418 -2.5275393
v -0.44840044 0.40520287 -2.743427
v -0.44840044 0.51838046 -2.6994097
v -0.44840044 0.51838046 -2.743427
v -0.44840044 0.49294415 -2.6994097
v -0.44840044 0.40520293 -2.52754
v -0.44840044 0.49294415 -2.52754
v -0.24252923 0.5183806 -2.5275397
v -0.32711822 0.51838046 -2.4763315
v -0.3271179 0.51838046 -2.5275393
v -0.1913215 0.5183806 -2.4763317
v -0.19132152 0.5183805 -2.5548306
v -0.24252923 0.5183805 -2.5548306
v -0.24252923 0.40520304 -2.5275397
v -0.24252923 0.5183806 -2.5275397
v -0.3271179 0.51838046 -2.5275393
v -0.3271179 0.49294418 -2.5275393
v -0.44840044 0.40520293 -2.52754
v -0.44840044 0.49294415 -2.52754
v -0.24252923 0.40520304 -2.5275397
v -0.24252923 0.40520304 -2.5548306
v -0.24252923 0.5183805 -2.5548306
v -0.24252923 0.5183806 -2.5275397
v -0.24252923 0.40520304 -2.5548306
v -0.19132152 0.40520304 -2.5548306
v -0.19132152 0.5183805 -2.5548306
v -0.24252923 0.5183805 -2.5548306
v -0.19132152 0.40520304 -2.5548306
v -0.19132152 -1.8898098E-07 -2.5716057
v -0.1913215 -1.3713272E-07 -2.4763324
v -0.1913215 0.5183806 -2.4763317
v -0.19132152 0.5183805 -2.5548306
v -0.19132158 -2.7025752E-07 -2.7946835
v -0.19132155 -2.4298436E-07 -2.7161853
v -0.19132155 0.49294427 -2.7161853
v -0.19132158 0.49294415 -2.7946835
v -2.9054792 1.3897542E-07 1.6172026
v -2.9382625 2.1327409E-07 1.6361302
v -2.9382625 0.44969273 1.6361302
v -2.9054792 0.44969273 1.6172026
v -2.9054792 6.3856994E-08 1.5793478
v -2.9054792 0.44969273 1.5793478
v -2.9382625 1.3651606E-07 1.5604204
v -2.9382625 0.44969273 1.5604204
v -2.9710455 2.108147E-07 1.5793478
v -2.9710455 0.44969273 1.5793478
v -2.905479 0.44969273 1.3745756
v -2.9382622 1.2928658E-07 1.393503
v -2.9382622 0.44969273 1.3935031
v -2.905479 5.4987936E-08 1.3745756
v -2.905479 0.44969273 1.3367208
v -2.905479 1.2682726E-07 1.336721
v -2.9382622 0.44969273 1.3177934
v -2.9382622 1.9948634E-07 1.3177934
v -2.9710453 0.44969273 1.3367207
v -2.9710453 2.0030612E-07 1.3367208
v -2.6469457 0.44969273 1.6172026
v -2.6797283 0.22995539 1.6361299
v -2.6797285 0.44969273 1.6361302
v -2.6469448 0.22995539 1.6172026
v -2.6469457 0.44969273 1.5793481
v -2.6469448 0.22995543 1.5793478
v -2.6797287 0.44969264 1.5604206
v -2.6797287 0.22995532 1.5604205
v -2.7125118 0.44969264 1.5793481
v -2.7125118 0.22995527 1.5793478
v -2.6469452 0.22995545 1.3745757
v -2.6797283 0.22995539 1.393503
v -2.6797283 0.44969273 1.3935031
v -2.6469452 0.44969273 1.3745757
v -2.6469452 0.22995536 1.3367211
v -2.6469452 0.44969273 1.3367211
v -2.6797283 0.22995536 1.3177935
v -2.6797283 0.44969264 1.3177935
v -2.7125115 0.22995532 1.336721
v -2.7125115 0.44969264 1.3367211
v -2.7240376 0.33232483 1.3830982
v -2.724038 0.33232477 1.5514963
v -2.9006493 0.33232477 1.5514961
v -2.9006686 0.33232483 1.3830981
v -2.9710443 0.44969213 -1.617203
v -2.9710443 -4.1730777E-07 -1.617203
v -2.938261 -4.2385852E-07 -1.6361306
v -2.938261 0.4496922 -1.6361306
v -2.905478 -4.9078665E-07 -1.617203
v -2.905478 0.4496922 -1.617203
v -2.905478 -5.5116385E-07 -1.5793486
v -2.905478 0.4496922 -1.5793486
v -2.938261 -4.7113417E-07 -1.5604212
v -2.938261 0.44969213 -1.5604212
v -2.9054782 -3.9371122E-07 -1.3367217
v -2.9382615 -3.1368154E-07 -1.3177944
v -2.9382615 0.4496922 -1.3177944
v -2.9054782 0.44969228 -1.3367217
v -2.9054782 -4.8029165E-07 -1.3745764
v -2.9054782 0.44969228 -1.3745764
v -2.9382615 -4.133636E-07 -1.3935038
v -2.9382615 0.4496922 -1.3935038
v -2.9710445 -3.3333396E-07 -1.3745764
v -2.9710445 0.4496922 -1.3745764
v -2.7125106 0.22995469 -1.6172032
v -2.6797273 0.44969213 -1.6361306
v -2.7125106 0.44969213 -1.6172032
v -2.679727 0.22995473 -1.6361306
v -2.6469445 0.44969213 -1.6172032
v -2.6469436 0.22995475 -1.6172032
v -2.6469445 0.44969213 -1.5793486
v -2.6469436 0.22995478 -1.5793486
v -2.6797273 0.44969213 -1.5604212
v -2.6797273 0.22995469 -1.5604212
v -2.6469445 0.4496922 -1.3367217
v -2.6797276 0.22995485 -1.3177944
v -2.6797276 0.4496922 -1.3177944
v -2.6469445 0.22995485 -1.3367217
v -2.6469445 0.4496922 -1.3745764
v -2.6469445 0.22995484 -1.3745764
v -2.6797276 0.4496922 -1.3935038
v -2.6797276 0.22995476 -1.3935038
v -2.7125108 0.4496922 -1.3745763
v -2.7125108 0.22995472 -1.3745763
v -2.724037 0.3323242 -1.3830987
v -2.900668 0.33232418 -1.383099
v -2.9006476 0.3323241 -1.5514971
v -2.7240367 0.3323241 -1.551497
v 1.6361302 2.7019234E-07 2.9382625
v 1.6172029 2.7163276E-07 2.9710453
v 1.6172032 0.44969282 2.9710453
v 1.6361302 0.4496929 2.9382625
v 1.6172032 1.9528801E-07 2.905479
v 1.6172032 0.4496929 2.905479
v 1.5793481 1.2182426E-07 2.905479
v 1.5793482 0.4496929 2.905479
v 1.5604208 1.967437E-07 2.9382625
v 1.5604208 0.44969282 2.9382625
v 1.3177938 0.44969282 2.9382625
v 1.3177938 2.7031945E-07 2.9382625
v 1.3367213 1.9539999E-07 2.905479
v 1.3367213 0.4496929 2.905479
v 1.3745761 1.2190601E-07 2.9054792
v 1.3745761 0.4496929 2.9054792
v 1.3935034 1.9681032E-07 2.9382625
v 1.3935034 0.4496929 2.9382625
v 1.3745761 2.7172968E-07 2.9710455
v 1.3745761 0.44969282 2.9710455
v 1.6361302 0.44969273 2.679728
v 1.6172026 0.22995538 2.7125115
v 1.6172032 0.44969273 2.7125115
v 1.6361302 0.22995545 2.679728
v 1.6172032 0.44969273 2.646945
v 1.6172026 0.22995545 2.6469445
v 1.5793483 0.44969273 2.646945
v 1.5793481 0.22995545 2.6469445
v 1.5604209 0.44969273 2.6797283
v 1.5604209 0.22995538 2.6797283
v 1.3177941 0.22995545 2.679728
v 1.3367215 0.44969273 2.646945
v 1.3177941 0.44969273 2.679728
v 1.3367215 0.22995546 2.646945
v 1.3745762 0.44969273 2.6469452
v 1.3745762 0.22995546 2.6469452
v 1.3935037 0.44969273 2.6797283
v 1.3935034 0.22995545 2.6797283
v 1.3745762 0.44969273 2.7125118
v 1.3745762 0.22995533 2.7125118
v 1.3830985 0.33232486 2.7240376
v 1.5514967 0.33232483 2.7240376
v 1.5514966 0.33232477 2.900649
v 1.3830986 0.33232483 2.900669
v -1.6361302 0.44969234 2.9382617
v -1.6361302 -2.2390537E-07 2.9382617
v -1.6172025 -2.9309388E-07 2.905479
v -1.6172026 0.44969234 2.905479
v -1.5793482 -3.551258E-07 2.905479
v -1.5793482 0.44969234 2.905479
v -1.5604204 -2.7449028E-07 2.9382617
v -1.5604208 0.44969234 2.9382617
v -1.5793482 -2.0530197E-07 2.9710453
v -1.5793482 0.44969234 2.9710453
v -1.374576 0.44969243 2.905479
v -1.3935034 0.44969243 2.9382617
v -1.3935034 -2.240161E-07 2.9382617
v -1.3745757 -2.9320447E-07 2.905479
v -1.3367213 0.44969243 2.905479
v -1.3367213 -2.0827858E-07 2.905479
v -1.3177935 0.44969243 2.9382617
v -1.3177935 -1.276433E-07 2.9382617
v -1.3367213 0.44969243 2.9710453
v -1.3367213 -1.319337E-07 2.9710453
v -1.6361302 0.22995491 2.679728
v -1.617203 0.44969225 2.6469455
v -1.6361302 0.44969225 2.6797283
v -1.6172026 0.22995497 2.646944
v -1.5793482 0.44969225 2.6469455
v -1.5793482 0.22995497 2.646944
v -1.5604209 0.44969225 2.6797283
v -1.5604203 0.2299549 2.6797283
v -1.5793481 0.44969225 2.7125115
v -1.5793481 0.2299548 2.7125115
v -1.3935034 0.4496923 2.6797283
v -1.3935034 0.22995497 2.6797283
v -1.3745761 0.22995503 2.6469455
v -1.3745761 0.4496923 2.6469455
v -1.3367213 0.22995503 2.6469455
v -1.3367213 0.4496923 2.6469455
v -1.3177935 0.22995503 2.6797283
v -1.3177938 0.44969225 2.6797283
v -1.3367212 0.22995497 2.7125115
v -1.3367212 0.4496923 2.7125115
v -1.3830984 0.33232445 2.724038
v -1.3830985 0.3323244 2.9006686
v -1.5514963 0.33232427 2.9006486
v -1.5514963 0.3323243 2.724038
v 2.971045 0.44969273 1.617203
v 2.9382617 2.1327423E-07 1.6361306
v 2.9382617 0.44969273 1.6361306
v 2.971045 2.1245447E-07 1.617203
v 2.971045 0.44969273 1.5793486
v 2.971045 2.108149E-07 1.5793486
v 2.9382615 0.44969273 1.5604212
v 2.9382615 1.3651626E-07 1.5604212
v 2.9054787 0.44969273 1.5793486
v 2.9054787 6.3857165E-08 1.5793486
v 2.9054787 1.2682742E-07 1.3367215
v 2.9382615 0.44969273 1.3177941
v 2.9054787 0.44969273 1.3367215
v 2.9382615 1.994865E-07 1.3177942
v 2.9710445 0.44969273 1.3367215
v 2.9710445 2.0030626E-07 1.3367215
v 2.9710445 0.44969273 1.3745762
v 2.9710445 2.019458E-07 1.3745762
v 2.9382615 0.44969273 1.3935038
v 2.9382615 1.2928675E-07 1.3935035
v 2.712511 0.22995532 1.617203
v 2.6797276 0.22995539 1.6361306
v 2.679728 0.44969273 1.6361306
v 2.712511 0.44969264 1.6172032
v 2.712511 0.22995527 1.5793483
v 2.712511 0.44969264 1.5793484
v 2.679728 0.22995532 1.5604211
v 2.679728 0.44969264 1.5604212
v 2.646944 0.22995543 1.5793484
v 2.6469448 0.44969273 1.5793486
v 2.6469448 0.44969273 1.3367215
v 2.6469448 0.22995536 1.3367217
v 2.679728 0.22995536 1.3177941
v 2.679728 0.44969264 1.3177941
v 2.7125108 0.22995532 1.3367214
v 2.7125108 0.44969264 1.3367214
v 2.7125108 0.22995529 1.3745761
v 2.7125108 0.44969264 1.3745761
v 2.679728 0.22995539 1.3935037
v 2.679728 0.44969273 1.3935037
v 2.7240372 0.33232483 1.3830986
v 2.9006684 0.33232483 1.3830988
v 2.900648 0.33232477 1.5514969
v 2.7240372 0.33232477 1.5514967
v 2.9054785 -4.907864E-07 -1.6172032
v 2.9382615 0.4496922 -1.6361306
v 2.9054785 0.4496922 -1.6172032
v 2.9382615 -4.2385835E-07 -1.6361306
v 2.9710448 0.44969213 -1.6172032
v 2.9710448 -4.1730755E-07 -1.6172032
v 2.9710448 0.44969213 -1.5793483
v 2.9710448 -4.0420593E-07 -1.5793482
v 2.9382617 0.44969213 -1.560421
v 2.9382617 -4.7113403E-07 -1.5604208
v 2.9054787 0.44969228 -1.3745762
v 2.9054787 -4.8029153E-07 -1.3745761
v 2.9382617 -4.1336352E-07 -1.3935034
v 2.9382617 0.4496922 -1.3935034
v 2.971045 -3.3333373E-07 -1.3745761
v 2.971045 0.4496922 -1.3745761
v 2.971045 -3.2023217E-07 -1.3367213
v 2.971045 0.4496922 -1.3367213
v 2.9382617 -3.1368137E-07 -1.3177938
v 2.9382617 0.4496922 -1.3177938
v 2.6469448 0.44969213 -1.6172032
v 2.646944 0.22995475 -1.6172032
v 2.6797276 0.22995473 -1.6361306
v 2.6797278 0.44969213 -1.6361306
v 2.7125108 0.22995469 -1.6172032
v 2.7125108 0.44969213 -1.6172032
v 2.7125108 0.22995466 -1.5793484
v 2.7125108 0.44969213 -1.5793487
v 2.679728 0.22995469 -1.5604209
v 2.679728 0.44969213 -1.5604212
v 2.6469448 0.22995484 -1.3745764
v 2.679728 0.4496922 -1.3935038
v 2.6469448 0.4496922 -1.3745764
v 2.679728 0.22995476 -1.3935037
v 2.712511 0.4496922 -1.3745764
v 2.712511 0.22995472 -1.3745763
v 2.712511 0.4496922 -1.3367218
v 2.712511 0.22995481 -1.3367215
v 2.679728 0.4496922 -1.3177943
v 2.679728 0.22995485 -1.3177941
v 2.7240374 0.3323242 -1.383099
v 2.7240374 0.3323241 -1.5514967
v 2.9006486 0.3323241 -1.5514965
v 2.9006686 0.33232418 -1.3830986
v 1.6361299 0.44969264 -2.9382625
v 1.6172026 -5.8717205E-08 -2.90548
v 1.6172026 0.44969264 -2.90548
v 1.6361299 1.3321113E-08 -2.9382625
v 1.6172026 0.44969258 -2.971046
v 1.6172026 1.1895658E-08 -2.971046
v 1.579348 0.44969258 -2.971046
v 1.579348 1.191075E-08 -2.971046
v 1.5604208 0.44969258 -2.9382627
v 1.5604208 -6.012752E-08 -2.9382627
v 1.374576 0.44969264 -2.9054794
v 1.3935033 -6.0060856E-08 -2.9382627
v 1.374576 -1.320992E-07 -2.9054794
v 1.3935034 0.44969264 -2.9382627
v 1.3745759 1.1992597E-08 -2.971046
v 1.3745759 0.44969258 -2.971046
v 1.3367211 1.2007696E-08 -2.971046
v 1.3367211 0.44969258 -2.971046
v 1.3177937 1.3448322E-08 -2.9382627
v 1.3177937 0.44969258 -2.9382627
v 1.6361299 0.22995523 -2.6797283
v 1.6172026 0.22995521 -2.6469455
v 1.6172026 0.44969267 -2.6469457
v 1.6361302 0.44969264 -2.6797283
v 1.6172026 0.22995515 -2.7125125
v 1.6172026 0.44969255 -2.7125125
v 1.5793478 0.22995509 -2.7125125
v 1.5793478 0.44969255 -2.7125125
v 1.5604206 0.22995514 -2.6797287
v 1.5604209 0.44969255 -2.6797287
v 1.3935032 0.44969264 -2.6797287
v 1.3745759 0.22995523 -2.6469455
v 1.3745759 0.44969267 -2.6469455
v 1.3935031 0.22995521 -2.6797287
v 1.374576 0.44969255 -2.7125123
v 1.3745757 0.22995514 -2.7125123
v 1.3367212 0.44969255 -2.7125123
v 1.336721 0.22995521 -2.7125123
v 1.3177937 0.44969255 -2.6797287
v 1.3177937 0.22995523 -2.6797287
v 1.3830981 0.33232468 -2.7240384
v 1.3830982 0.3323246 -2.900669
v 1.5514965 0.3323245 -2.9006495
v 1.5514964 0.3323246 -2.7240384
v -1.6361306 -4.807764E-07 -2.9382617
v -1.6172026 0.449692 -2.9710457
v -1.6361306 0.449692 -2.9382617
v -1.6172023 -4.7648606E-07 -2.9710457
v -1.5793482 0.449692 -2.9710457
v -1.5793482 -4.650391E-07 -2.9710457
v -1.5604204 0.449692 -2.938262
v -1.56042 -5.3136137E-07 -2.938262
v -1.5793482 0.449692 -2.9054787
v -1.5793482 -6.091308E-07 -2.9054787
v -1.3177935 0.4496921 -2.9382615
v -1.336721 -4.622837E-07 -2.905479
v -1.336721 0.44969216 -2.905479
v -1.3177935 -3.845144E-07 -2.9382615
v -1.336721 0.4496921 -2.971046
v -1.336721 -3.9167094E-07 -2.971046
v -1.3745756 0.4496921 -2.971046
v -1.3745756 -4.0311784E-07 -2.971046
v -1.3935031 0.44969216 -2.938262
v -1.3935031 -4.80887E-07 -2.938262
v -1.6361302 0.44969207 -2.679728
v -1.6361302 0.22995473 -2.6797276
v -1.6172023 0.22995466 -2.712511
v -1.6172026 0.44969207 -2.712511
v -1.5793483 0.22995462 -2.712511
v -1.5793483 0.44969207 -2.712511
v -1.5604199 0.22995466 -2.6797283
v -1.5604205 0.44969207 -2.6797283
v -1.5793482 0.22995473 -2.646944
v -1.5793482 0.44969216 -2.6469452
v -1.3177935 0.2299548 -2.6797278
v -1.336721 0.2299548 -2.6469457
v -1.336721 0.4496922 -2.6469457
v -1.317794 0.44969216 -2.6797278
v -1.3367211 0.22995475 -2.7125113
v -1.3367211 0.44969216 -2.7125113
v -1.3745757 0.22995467 -2.7125113
v -1.3745762 0.44969216 -2.7125113
v -1.3935031 0.22995473 -2.6797283
v -1.3935031 0.44969216 -2.6797283
v -1.3830985 0.3323242 -2.724038
v -1.5514964 0.33232406 -2.724038
v -1.5514963 0.332324 -2.9006486
v -1.3830985 0.33232412 -2.9006686
v -0.4824504 0.5483096 -2.7493563
v -0.45931128 -3.2337468E-08 -2.7894351
v -0.4824504 -1.2017823E-07 -2.749357
v -0.45931128 0.5483096 -2.7894347
v -0.48245052 5.5503442E-08 -2.829513
v -0.48245052 0.5483096 -2.829513
v -0.5287289 5.5503442E-08 -2.829513
v -0.5287289 0.5483096 -2.829513
v -0.5518684 5.725527E-08 -2.7894347
v -0.5518681 0.5483096 -2.7894347
v -0.5287288 -3.058561E-08 -2.7493563
v -0.5287288 0.54830956 -2.7493563
v -0.4824504 -1.2017823E-07 -2.749357
v -0.4824504 0.5483096 -2.7493563
v -0.1626942 0.5483096 -2.7894344
v -0.18583298 -3.0585554E-08 -2.7493567
v -0.18583298 0.5483096 -2.7493567
v -0.1626942 5.7255228E-08 -2.7894351
v -0.18583298 0.5483096 -2.829513
v -0.18583298 5.5503484E-08 -2.829513
v -0.2321114 0.5483096 -2.829513
v -0.2321114 5.5503484E-08 -2.829513
v -0.25525054 0.5483096 -2.7894344
v -0.25525054 -3.233744E-08 -2.7894351
v -0.5518679 0.5483097 -2.4733703
v -0.5518679 7.1070815E-08 -2.4733706
v -0.5287287 -2.0273738E-08 -2.513449
v -0.5287287 0.54830974 -2.5134485
v -0.48245037 -1.0986637E-07 -2.5134485
v -0.48245037 0.54830974 -2.5134485
v -0.45931116 -1.8521902E-08 -2.4733706
v -0.45931116 0.54830974 -2.4733703
v -0.48245078 7.282276E-08 -2.4332922
v -0.48245078 0.5483097 -2.4332922
v -0.16269374 7.107095E-08 -2.4733703
v -0.18583329 7.2822715E-08 -2.4332924
v -0.18583329 0.54830974 -2.4332922
v -0.16269374 0.54830974 -2.4733703
v -0.18583293 -2.0273703E-08 -2.5134487
v -0.18583293 0.54830974 -2.5134487
v -0.23211129 -1.0986632E-07 -2.5134487
v -0.23211129 0.54830974 -2.5134487
v -0.25525045 -1.8521767E-08 -2.4733703
v -0.25525045 0.5483097 -2.4733703
v 0.24504751 0.1672902 -2.7337914
v -0.2450481 0.15177374 -2.7069163
v 0.24504752 0.15177368 -2.7069163
v -0.24504812 0.16729021 -2.733791
v 0.24504751 0.1983231 -2.7337914
v -0.24504812 0.19832315 -2.733791
v 0.24504752 0.21383955 -2.7069163
v -0.2450481 0.21383967 -2.7069163
v 0.24504751 0.061949894 -2.7337914
v -0.2450481 0.046433434 -2.7069163
v 0.24504752 0.046433397 -2.7069163
v -0.24504812 0.061949927 -2.733791
v 0.24504751 0.09298281 -2.7337914
v -0.24504812 0.09298284 -2.733791
v 0.24504752 0.10849927 -2.7069163
v -0.2450481 0.108499356 -2.7069163
v 0.24504751 0.27263042 -2.7337914
v -0.2450481 0.25711402 -2.7069163
v 0.24504752 0.25711402 -2.7069163
v -0.24504812 0.27263042 -2.733791
v 0.24504751 0.30366337 -2.7337914
v -0.24504812 0.30366337 -2.733791
v 0.24504752 0.31917986 -2.7069163
v -0.2450481 0.31917995 -2.7069163
v 0.13494508 0.35804018 -2.737638
v 0.15046154 -1.6497886E-08 -2.7107627
v 0.15046173 0.3580402 -2.7107627
v 0.13494508 1.6325188E-08 -2.7376382
v 0.10391213 0.35804018 -2.737638
v 0.10391213 1.6325252E-08 -2.737638
v 0.088395864 0.3580402 -2.7107627
v 0.088395864 1.7499886E-08 -2.7107627
v 0.015516074 0.3580402 -2.737638
v 0.031032743 5.1497707E-08 -2.7107627
v 0.031032743 0.3580402 -2.7107627
v 0.015515692 5.0323017E-08 -2.737638
v -0.015516675 0.35804018 -2.737638
v -0.015517057 5.0323017E-08 -2.737638
v -0.031032952 0.3580402 -2.7107627
v -0.03103333 5.1497707E-08 -2.7107627
v -0.15046196 1.7499886E-08 -2.7107627
v -0.13494605 0.35804018 -2.737638
v -0.15046233 0.3580402 -2.7107627
v -0.13494605 1.6325252E-08 -2.737638
v -0.103912935 0.35804018 -2.737638
v -0.10391254 1.6325252E-08 -2.737638
v -0.088396445 0.3580402 -2.7107627
v -0.088396445 1.7499886E-08 -2.7107627
v 0.48244944 0.5483096 -2.749357
v 0.48244944 -1.2017817E-07 -2.749357
v 0.4593104 -3.233744E-08 -2.7894351
v 0.4593104 0.5483096 -2.7894351
v 0.48244965 5.550345E-08 -2.829513
v 0.4824494 0.5483097 -2.829513
v 0.52872795 5.550345E-08 -2.829513
v 0.52872795 0.5483097 -2.829513
v 0.55186695 5.7255242E-08 -2.7894351
v 0.55186695 0.5483097 -2.7894351
v 0.528728 -3.0585554E-08 -2.749357
v 0.528728 0.5483097 -2.749357
v 0.48244944 -1.2017817E-07 -2.749357
v 0.48244944 0.5483096 -2.749357
v 0.16269296 5.7255228E-08 -2.7894351
v 0.18583196 0.5483097 -2.829513
v 0.16269296 0.5483096 -2.7894344
v 0.18583196 5.5503484E-08 -2.829513
v 0.23211052 0.5483097 -2.829513
v 0.23211052 5.5503484E-08 -2.829513
v 0.25524953 0.5483097 -2.7894344
v 0.25524953 -3.233744E-08 -2.7894351
v 0.23211053 0.5483096 -2.7493567
v 0.23211053 -1.2017817E-07 -2.7493567
v 0.55186695 7.107089E-08 -2.4733713
v 0.5287279 7.282273E-08 -2.4332926
v 0.5287281 0.54830974 -2.4332922
v 0.55186695 0.54830974 -2.4733706
v 0.52872795 -2.0273696E-08 -2.513449
v 0.5287281 0.54830974 -2.513449
v 0.48244956 -1.0986631E-07 -2.513449
v 0.48244956 0.54830974 -2.513449
v 0.45931032 -1.852176E-08 -2.4733706
v 0.45931032 0.54830974 -2.4733706
v 0.16269286 0.54830974 -2.4733703
v 0.16269286 7.107086E-08 -2.4733703
v 0.18583201 -2.0273703E-08 -2.5134487
v 0.18583201 0.54830974 -2.5134487
v 0.23211041 -1.0986632E-07 -2.5134487
v 0.23211041 0.54830974 -2.5134487
v 0.2552496 -1.8521767E-08 -2.4733703
v 0.2552496 0.54830974 -2.4733703
v 0.23211041 7.2822715E-08 -2.4332924
v 0.23211041 0.54830974 -2.4332922
v 0.1723495 0.33917257 -2.7499416
v -0.18043062 0.32428503 -2.7757277
v -0.18043062 0.3391726 -2.7499416
v 0.1723495 0.324285 -2.7757277
v -0.18043022 0.3391726 -2.8015137
v 0.1723495 0.33917257 -2.8015137
v -0.18043022 0.36894792 -2.8015137
v 0.1723495 0.36894783 -2.8015137
v -0.18043022 0.38383555 -2.7757277
v 0.1723495 0.3838355 -2.7757277
v -0.18043062 0.36894792 -2.7499416
v 0.1723495 0.36894792 -2.7499416
v -0.18043062 0.3391726 -2.7499416
v 0.1723495 0.33917257 -2.7499416
v 0.23593594 0.4167544 -2.7277687
v 0.24330571 0.42296195 -2.7453773
v 0.2433056 0.4229621 -2.5174282
v 0.23294602 0.4193099 -2.54067
v 0.22670974 0.42248553 -2.718251
v 0.22292231 0.43780178 -2.54617
v 0.15028207 0.42248565 -2.7145584
v 0.15692905 0.43780175 -2.5395103
v 0.13924502 0.42414466 -2.7136486
v 0.13241561 0.42505664 -2.5428658
v 0.03525733 0.42414466 -2.7067564
v 0.044244595 0.42505676 -2.5428658
v 0.023852717 0.43780175 -2.7096183
v 0.030510927 0.42248565 -2.5410361
v -0.225819 0.43293446 -2.7143438
v -0.2245029 0.42483133 -2.5395603
v -0.23294671 0.4193099 -2.5406692
v -0.23593672 0.4167544 -2.7277687
v -0.24330631 0.422962 -2.5174282
v -0.24330671 0.42296195 -2.7453773
v -0.35728103 0.422962 -2.6314027
v -0.47125542 0.42296195 -2.7453773
v -0.47125542 0.422962 -2.5174282
v -2.9382625 0.44969273 1.5604204
v -2.9054792 0.44969273 1.5793478
v -2.9382625 0.459992 1.5982752
v -2.9710455 0.44969273 1.5793478
v -2.9054792 0.44969273 1.6172026
v -2.9710455 0.44969273 1.6172026
v -2.9382625 0.44969273 1.6361302
v -2.9382622 0.44969273 1.3935031
v -2.9382622 0.459992 1.3556482
v -2.905479 0.44969273 1.3745756
v -2.9710453 0.44969273 1.3745756
v -2.905479 0.44969273 1.3367208
v -2.9710453 0.44969273 1.3367207
v -2.9382622 0.44969273 1.3177934
v -2.6797287 0.44969264 1.5604206
v -2.6797285 0.459992 1.5982754
v -2.7125118 0.44969264 1.5793481
v -2.6469457 0.44969273 1.5793481
v -2.7125118 0.44969264 1.6172026
v -2.6469457 0.44969273 1.6172026
v -2.6797285 0.44969273 1.6361302
v -2.6797283 0.44969273 1.3935031
v -2.7125115 0.44969264 1.3745757
v -2.6797283 0.45999193 1.3556483
v -2.6469452 0.44969273 1.3745757
v -2.7125115 0.44969264 1.3367211
v -2.6469452 0.44969273 1.3367211
v -2.6797283 0.44969264 1.3177935
v -2.938261 0.44969213 -1.5604212
v -2.938261 0.45999148 -1.5982759
v -2.905478 0.4496922 -1.5793486
v -2.9710443 0.44969213 -1.5793486
v -2.905478 0.4496922 -1.617203
v -2.9710443 0.44969213 -1.617203
v -2.938261 0.4496922 -1.6361306
v -2.9382615 0.4496922 -1.3935038
v -2.9054782 0.44969228 -1.3745764
v -2.9382615 0.45999148 -1.3556491
v -2.9710445 0.4496922 -1.3745764
v -2.9054782 0.44969228 -1.3367217
v -2.9710445 0.4496922 -1.3367217
v -2.9382615 0.4496922 -1.3177944
v -2.6797273 0.44969213 -1.5604212
v -2.7125106 0.44969213 -1.5793484
v -2.6797273 0.4599914 -1.598276
v -2.6469445 0.44969213 -1.5793486
v -2.7125106 0.44969213 -1.6172032
v -2.6469445 0.44969213 -1.6172032
v -2.6797273 0.44969213 -1.6361306
v -2.6797276 0.4496922 -1.3935038
v -2.6797276 0.45999148 -1.355649
v -2.7125108 0.4496922 -1.3745763
v -2.6469445 0.4496922 -1.3745764
v -2.7125108 0.4496922 -1.3367215
v -2.6469445 0.4496922 -1.3367217
v -2.6797276 0.4496922 -1.3177944
v 1.5604208 0.44969282 2.9382625
v 1.5793482 0.4496929 2.905479
v 1.5982755 0.4599921 2.9382625
v 1.5793481 0.44969282 2.9710453
v 1.6172032 0.4496929 2.905479
v 1.6172032 0.44969282 2.9710453
v 1.6361302 0.4496929 2.9382625
v 1.3935034 0.4496929 2.9382625
v 1.3556486 0.4599921 2.9382625
v 1.3745761 0.4496929 2.9054792
v 1.3745761 0.44969282 2.9710455
v 1.3367213 0.4496929 2.905479
v 1.3367211 0.44969282 2.9710453
v 1.3177938 0.44969282 2.9382625
v 1.5604209 0.44969273 2.6797283
v 1.5982757 0.45999196 2.679728
v 1.5793483 0.44969273 2.7125115
v 1.5793483 0.44969273 2.646945
v 1.6172032 0.44969273 2.7125115
v 1.6172032 0.44969273 2.646945
v 1.6361302 0.44969273 2.679728
v 1.3935037 0.44969273 2.6797283
v 1.3745762 0.44969273 2.7125118
v 1.3556489 0.45999196 2.679728
v 1.3745762 0.44969273 2.6469452
v 1.3367213 0.44969273 2.7125115
v 1.3367215 0.44969273 2.646945
v 1.3177941 0.44969273 2.679728
v -1.5604208 0.44969234 2.9382617
v -1.5982752 0.45999163 2.9382617
v -1.5793482 0.44969234 2.905479
v -1.5793482 0.44969234 2.9710453
v -1.6172026 0.44969234 2.905479
v -1.6172026 0.44969234 2.9710453
v -1.6361302 0.44969234 2.9382617
v -1.3935034 0.44969243 2.9382617
v -1.374576 0.44969243 2.905479
v -1.3556483 0.45999172 2.9382617
v -1.3745757 0.44969243 2.9710453
v -1.3367213 0.44969243 2.905479
v -1.3367213 0.44969243 2.9710453
v -1.3177935 0.44969243 2.9382617
v -1.5604209 0.44969225 2.6797283
v -1.5793481 0.44969225 2.7125115
v -1.5982752 0.45999148 2.6797283
v -1.5793482 0.44969225 2.6469455
v -1.617203 0.44969225 2.7125115
v -1.617203 0.44969225 2.6469455
v -1.6361302 0.44969225 2.6797283
v -1.3935034 0.4496923 2.6797283
v -1.3556486 0.45999154 2.6797283
v -1.374576 0.4496923 2.7125115
v -1.3745761 0.4496923 2.6469455
v -1.3367212 0.4496923 2.7125115
v -1.3367213 0.4496923 2.6469455
v -1.3177938 0.44969225 2.6797283
v 2.9382615 0.44969273 1.5604212
v 2.9382617 0.459992 1.5982759
v 2.9054787 0.44969273 1.5793486
v 2.971045 0.44969273 1.5793486
v 2.9054787 0.44969273 1.617203
v 2.971045 0.44969273 1.617203
v 2.9382617 0.44969273 1.6361306
v 2.9382615 0.44969273 1.3935038
v 2.9054787 0.44969273 1.3745763
v 2.9382615 0.459992 1.355649
v 2.9710445 0.44969273 1.3745762
v 2.9054787 0.44969273 1.3367215
v 2.9710445 0.44969273 1.3367215
v 2.9382615 0.44969273 1.3177941
v 2.679728 0.44969264 1.5604212
v 2.712511 0.44969264 1.5793484
v 2.679728 0.459992 1.598276
v 2.6469448 0.44969273 1.5793486
v 2.712511 0.44969264 1.6172032
v 2.6469448 0.44969273 1.6172032
v 2.679728 0.44969273 1.6361306
v 2.679728 0.44969273 1.3935037
v 2.679728 0.45999193 1.355649
v 2.7125108 0.44969264 1.3745761
v 2.6469448 0.44969273 1.3745762
v 2.7125108 0.44969264 1.3367214
v 2.6469448 0.44969273 1.3367215
v 2.679728 0.44969264 1.3177941
v 2.9382617 0.44969213 -1.560421
v 2.9054785 0.4496922 -1.5793483
v 2.9382615 0.45999148 -1.5982758
v 2.9710448 0.44969213 -1.5793483
v 2.9054785 0.4496922 -1.6172032
v 2.9710448 0.44969213 -1.6172032
v 2.9382615 0.4496922 -1.6361306
v 2.9382617 0.4496922 -1.3935034
v 2.9382617 0.45999148 -1.3556486
v 2.9054787 0.44969228 -1.3745762
v 2.971045 0.4496922 -1.3745761
v 2.9054787 0.44969228 -1.3367213
v 2.971045 0.4496922 -1.3367213
v 2.9382617 0.4496922 -1.3177938
v 2.679728 0.44969213 -1.5604212
v 2.6797278 0.4599914 -1.5982759
v 2.7125108 0.44969213 -1.5793487
v 2.6469448 0.44969213 -1.5793484
v 2.7125108 0.44969213 -1.6172032
v 2.6469448 0.44969213 -1.6172032
v 2.6797278 0.44969213 -1.6361306
v 2.679728 0.4496922 -1.3935038
v 2.712511 0.4496922 -1.3745764
v 2.679728 0.45999148 -1.3556491
v 2.6469448 0.4496922 -1.3745764
v 2.712511 0.4496922 -1.3367218
v 2.6469448 0.4496922 -1.3367217
v 2.679728 0.4496922 -1.3177943
v 1.5604208 0.44969258 -2.9382627
v 1.5982754 0.45999184 -2.938263
v 1.579348 0.44969258 -2.90548
v 1.579348 0.44969258 -2.971046
v 1.6172026 0.44969264 -2.90548
v 1.6172026 0.44969258 -2.971046
v 1.6361299 0.44969264 -2.9382625
v 1.3935034 0.44969264 -2.9382627
v 1.374576 0.44969264 -2.9054794
v 1.3556484 0.45999184 -2.9382627
v 1.3745759 0.44969258 -2.971046
v 1.3367213 0.44969264 -2.9054794
v 1.3367211 0.44969258 -2.971046
v 1.3177937 0.44969258 -2.9382627
v 1.5604209 0.44969255 -2.6797287
v 1.5793478 0.44969255 -2.7125125
v 1.5982754 0.45999187 -2.679729
v 1.5793481 0.44969264 -2.6469457
v 1.6172026 0.44969255 -2.7125125
v 1.6172026 0.44969267 -2.6469457
v 1.6361302 0.44969264 -2.6797283
v 1.3935032 0.44969264 -2.6797287
v 1.3556483 0.45999187 -2.6797287
v 1.374576 0.44969255 -2.7125123
v 1.3745759 0.44969267 -2.6469455
v 1.3367212 0.44969255 -2.7125123
v 1.3367211 0.44969267 -2.6469455
v 1.3177937 0.44969255 -2.6797287
v -1.5604204 0.449692 -2.938262
v -1.5793482 0.449692 -2.9054787
v -1.5982752 0.4599913 -2.9382617
v -1.5793482 0.449692 -2.9710457
v -1.6172026 0.449692 -2.9054787
v -1.6172026 0.449692 -2.9710457
v -1.6361306 0.449692 -2.9382617
v -1.3935031 0.44969216 -2.938262
v -1.3556483 0.45999137 -2.938262
v -1.3745761 0.44969216 -2.905479
v -1.3745756 0.4496921 -2.971046
v -1.336721 0.44969216 -2.905479
v -1.336721 0.4496921 -2.971046
v -1.3177935 0.4496921 -2.9382615
v -1.5604205 0.44969207 -2.6797283
v -1.5982751 0.45999137 -2.679728
v -1.5793483 0.44969207 -2.712511
v -1.5793482 0.44969216 -2.6469452
v -1.6172026 0.44969207 -2.712511
v -1.6172026 0.44969216 -2.6469452
v -1.6361302 0.44969207 -2.679728
v -1.3935031 0.44969216 -2.6797283
v -1.3745762 0.44969216 -2.7125113
v -1.3556486 0.4599914 -2.6797283
v -1.3745761 0.4496922 -2.6469457
v -1.3367211 0.44969216 -2.7125113
v -1.336721 0.4496922 -2.6469457
v -1.317794 0.44969216 -2.6797278
v -0.45931128 0.5483096 -2.7894347
v -0.4824504 0.5483096 -2.7493563
v -0.5055901 0.5608674 -2.7894347
v -0.48245052 0.5483096 -2.829513
v -0.5287288 0.54830956 -2.7493563
v -0.5287289 0.5483096 -2.829513
v -0.5518681 0.5483096 -2.7894347
v -0.25525054 0.5483096 -2.7894344
v -0.20897254 0.5608674 -2.7894344
v -0.23211135 0.5483096 -2.7493567
v -0.2321114 0.5483096 -2.829513
v -0.18583298 0.5483096 -2.7493567
v -0.18583298 0.5483096 -2.829513
v -0.1626942 0.5483096 -2.7894344
v -0.45931116 0.54830974 -2.4733703
v -0.5055896 0.5608675 -2.4733703
v -0.48245037 0.54830974 -2.5134485
v -0.48245078 0.5483097 -2.4332922
v -0.5287287 0.54830974 -2.5134485
v -0.52872914 0.5483097 -2.4332922
v -0.5518679 0.5483097 -2.4733703
v -0.25525045 0.5483097 -2.4733703
v -0.23211129 0.54830974 -2.5134487
v -0.20897208 0.56086755 -2.4733703
v -0.23211165 0.5483097 -2.4332922
v -0.18583293 0.54830974 -2.5134487
v -0.18583329 0.54830974 -2.4332922
v -0.16269374 0.54830974 -2.4733703
v 0.4593104 0.5483096 -2.7894351
v 0.50558877 0.5608675 -2.7894351
v 0.48244944 0.5483096 -2.749357
v 0.4824494 0.5483097 -2.829513
v 0.528728 0.5483097 -2.749357
v 0.52872795 0.5483097 -2.829513
v 0.55186695 0.5483097 -2.7894351
v 0.25524953 0.5483097 -2.7894344
v 0.23211053 0.5483096 -2.7493567
v 0.20897116 0.5608674 -2.7894344
v 0.23211052 0.5483097 -2.829513
v 0.185832 0.5483096 -2.7493567
v 0.18583196 0.5483097 -2.829513
v 0.16269296 0.5483096 -2.7894344
v 0.45931032 0.54830974 -2.4733706
v 0.48244956 0.54830974 -2.513449
v 0.5055887 0.56086755 -2.4733706
v 0.4824495 0.54830974 -2.4332922
v 0.5287281 0.54830974 -2.513449
v 0.5287281 0.54830974 -2.4332922
v 0.55186695 0.54830974 -2.4733706
v 0.2552496 0.54830974 -2.4733703
v 0.20897125 0.56086755 -2.4733703
v 0.23211041 0.54830974 -2.5134487
v 0.23211041 0.54830974 -2.4332922
v 0.18583201 0.54830974 -2.5134487
v 0.18583205 0.54830974 -2.4332922
v 0.16269286 0.54830974 -2.4733703
v 0.1723495 0.324285 -2.7757277
v 0.1723495 0.33917257 -2.7499416
v 0.18042922 0.35406023 -2.7757277
v 0.1723495 0.33917257 -2.8015137
v 0.1723495 0.36894792 -2.7499416
v 0.1723495 0.36894783 -2.8015137
v 0.1723495 0.3838355 -2.7757277
v 0.47125438 0.422962 -2.5174284
v 0.35727996 0.422962 -2.6314027
v 0.47125447 0.42296195 -2.7453775
v 0.2433056 0.4229621 -2.5174282
v 0.24330571 0.42296195 -2.7453773
v 1.4513773 0.34010223 2.778907
v 1.4679452 0.35942528 2.7590892
v 1.443688 0.35942528 2.7655888
v 1.4679452 0.34010223 2.7744677
v 1.4922025 0.35942528 2.765589
v 1.4392486 0.34010223 2.7910357
v 1.4259305 0.35942528 2.7833464
v 1.4845133 0.34010223 2.778907
v 1.5099599 0.35942528 2.7833464
v 1.4679452 0.33113435 2.8076036
v 1.4348092 0.34010223 2.8076036
v 1.4966419 0.34010223 2.7910357
v 1.4194307 0.35942528 2.8076036
v 1.5164597 0.35942528 2.8076036
v 1.4392486 0.34010223 2.8241715
v 1.4259305 0.35942528 2.8318608
v 1.5010812 0.34010223 2.8076036
v 1.5099599 0.35942528 2.8318608
v 1.4513773 0.34010217 2.8363001
v 1.443688 0.35942522 2.8496184
v 1.4966418 0.34010223 2.8241715
v 1.4922024 0.35942522 2.8496184
v 1.4679452 0.34010217 2.8407395
v 1.4679452 0.35942522 2.856118
v 1.4845132 0.34010217 2.8363001
v 1.4679452 0.363261 2.7639089
v 1.4679452 0.34510496 2.7780612
v 1.453174 0.34510496 2.7820191
v 1.4460979 0.363261 2.7697628
v 1.4897927 0.363261 2.7697628
v 1.4423608 0.34510496 2.7928324
v 1.4301044 0.363261 2.785756
v 1.4827164 0.34510496 2.7820191
v 1.5057861 0.363261 2.785756
v 1.4679452 0.337294 2.8076036
v 1.4384029 0.34510496 2.8076036
v 1.4935297 0.34510496 2.7928324
v 1.4242504 0.363261 2.8076036
v 1.5116401 0.363261 2.8076036
v 1.4423608 0.34510496 2.8223748
v 1.4301044 0.363261 2.829451
v 1.4974875 0.34510496 2.8076036
v 1.5057861 0.363261 2.829451
v 1.453174 0.34510496 2.833188
v 1.4460977 0.36326095 2.8454444
v 1.4935297 0.34510496 2.8223748
v 1.4897926 0.36326095 2.8454444
v 1.4679452 0.3451049 2.837146
v 1.4679452 0.36326095 2.8512983
v 1.4827163 0.34510496 2.833188
v 1.4553213 0.34010282 -2.8433645
v 1.4718894 0.35942587 -2.8631823
v 1.4476321 0.35942587 -2.8566825
v 1.4718893 0.34010282 -2.8478038
v 1.4961466 0.35942587 -2.8566825
v 1.4431926 0.34010276 -2.8312361
v 1.4298745 0.35942587 -2.8389256
v 1.4884573 0.34010282 -2.8433645
v 1.513904 0.35942587 -2.8389246
v 1.4718893 0.3311349 -2.814668
v 1.4387532 0.34010276 -2.814668
v 1.5005859 0.34010276 -2.8312361
v 1.4233748 0.3594258 -2.814668
v 1.5204037 0.3594258 -2.814668
v 1.4431926 0.34010276 -2.7980998
v 1.4298745 0.3594258 -2.7904103
v 1.5050253 0.34010276 -2.814668
v 1.513904 0.3594258 -2.7904103
v 1.4553213 0.34010276 -2.7859714
v 1.4476321 0.3594258 -2.7726533
v 1.5005858 0.34010276 -2.7980998
v 1.4961464 0.3594258 -2.7726533
v 1.4718893 0.34010276 -2.781532
v 1.4718893 0.3594258 -2.7661536
v 1.4884572 0.34010276 -2.7859714
v 1.4718893 0.36326167 -2.8583624
v 1.4718893 0.34510556 -2.8442104
v 1.457118 0.34510556 -2.8402522
v 1.4500419 0.36326167 -2.8525088
v 1.4937367 0.36326167 -2.8525088
v 1.4463048 0.3451055 -2.829439
v 1.4340484 0.36326167 -2.8365152
v 1.4866605 0.34510556 -2.8402522
v 1.5097301 0.36326167 -2.8365152
v 1.4718893 0.33729455 -2.814668
v 1.4423469 0.3451055 -2.814668
v 1.4974737 0.3451055 -2.829439
v 1.4281944 0.3632616 -2.814668
v 1.5155841 0.36326155 -2.814668
v 1.4463048 0.3451055 -2.799897
v 1.4340484 0.3632616 -2.7928207
v 1.5014316 0.3451055 -2.814668
v 1.5097301 0.3632616 -2.7928207
v 1.457118 0.3451055 -2.7890837
v 1.4500419 0.36326155 -2.776827
v 1.4974737 0.3451055 -2.7998965
v 1.4937366 0.3632616 -2.776827
v 1.4718893 0.3451055 -2.7851255
v 1.4718893 0.36326155 -2.7709734
v 1.4866604 0.3451055 -2.7890837
v 2.798324 0.3401026 -1.5006899
v 2.814892 0.35942572 -1.5205077
v 2.7906349 0.35942572 -1.5140079
v 2.814892 0.3401026 -1.5051292
v 2.8391495 0.35942572 -1.5140079
v 2.7861955 0.3401026 -1.4885615
v 2.7728775 0.35942572 -1.496251
v 2.8314602 0.34010267 -1.5006899
v 2.856907 0.35942572 -1.4962505
v 2.814892 0.3311348 -1.4719934
v 2.7817562 0.3401026 -1.4719933
v 2.8435888 0.3401026 -1.4885615
v 2.7663777 0.35942572 -1.4719933
v 2.8634064 0.35942572 -1.4719932
v 2.7861955 0.3401026 -1.4554251
v 2.7728775 0.35942572 -1.4477361
v 2.848028 0.3401026 -1.4719933
v 2.856907 0.35942572 -1.4477361
v 2.798324 0.3401026 -1.4432968
v 2.7906349 0.35942572 -1.4299787
v 2.8435888 0.3401026 -1.4554251
v 2.8391492 0.35942572 -1.4299787
v 2.814892 0.3401026 -1.4388574
v 2.814892 0.35942572 -1.423479
v 2.8314602 0.3401026 -1.4432968
v 2.814892 0.36326146 -1.5156883
v 2.814892 0.3451054 -1.5015358
v 2.800121 0.3451054 -1.497578
v 2.7930448 0.36326146 -1.5098346
v 2.8367398 0.36326146 -1.5098346
v 2.7893078 0.3451054 -1.4867643
v 2.7770514 0.36326146 -1.4938406
v 2.8296635 0.3451054 -1.497578
v 2.852733 0.36326146 -1.4938406
v 2.814892 0.33729446 -1.4719933
v 2.7853498 0.3451054 -1.4719933
v 2.8404768 0.3451054 -1.4867643
v 2.7711973 0.36326146 -1.4719933
v 2.858587 0.36326146 -1.4719933
v 2.7893078 0.3451054 -1.4572223
v 2.7770512 0.36326146 -1.4501461
v 2.8444345 0.3451054 -1.4719933
v 2.852733 0.36326146 -1.4501461
v 2.800121 0.3451054 -1.4464091
v 2.7930448 0.36326146 -1.4341525
v 2.8404768 0.3451054 -1.4572219
v 2.8367395 0.36326146 -1.4341525
v 2.814892 0.3451054 -1.4424509
v 2.814892 0.36326146 -1.4282988
v 2.8296635 0.3451054 -1.4464091
v 2.79607 0.34010231 1.4387296
v 2.812638 0.35942543 1.4189118
v 2.7883809 0.35942543 1.4254116
v 2.812638 0.34010231 1.4342903
v 2.8368955 0.35942543 1.4254116
v 2.7839415 0.34010231 1.4508582
v 2.7706234 0.35942543 1.4431691
v 2.8292062 0.34010231 1.4387296
v 2.854653 0.35942543 1.4431691
v 2.812638 0.33113444 1.4674262
v 2.7795022 0.34010231 1.4674263
v 2.8413348 0.34010231 1.4508584
v 2.7641237 0.35942543 1.4674263
v 2.8611524 0.35942537 1.4674263
v 2.7839415 0.34010231 1.4839944
v 2.7706234 0.35942543 1.4916835
v 2.845774 0.34010231 1.4674263
v 2.854653 0.35942543 1.4916836
v 2.79607 0.34010231 1.496123
v 2.7883809 0.35942537 1.509441
v 2.8413348 0.34010231 1.4839944
v 2.8368952 0.35942537 1.509441
v 2.812638 0.34010231 1.5005622
v 2.812638 0.35942537 1.5159408
v 2.8292062 0.34010231 1.496123
v 2.812638 0.36326116 1.4237314
v 2.812638 0.34510505 1.437884
v 2.797867 0.34510505 1.4418418
v 2.7907908 0.36326116 1.4295856
v 2.8344858 0.36326116 1.4295856
v 2.7870538 0.34510505 1.4526551
v 2.7747974 0.36326116 1.4455789
v 2.8274095 0.34510505 1.4418418
v 2.850479 0.36326116 1.4455789
v 2.812638 0.33729416 1.4674263
v 2.7830958 0.34510505 1.4674263
v 2.8382227 0.34510505 1.4526551
v 2.7689433 0.36326116 1.4674263
v 2.856333 0.36326116 1.4674263
v 2.7870538 0.34510505 1.4821974
v 2.7747972 0.36326116 1.4892737
v 2.8421805 0.34510505 1.4674263
v 2.850479 0.36326116 1.4892738
v 2.797867 0.34510505 1.4930106
v 2.7907908 0.36326116 1.505267
v 2.8382227 0.34510505 1.4821974
v 2.8344855 0.36326116 1.5052671
v 2.812638 0.34510505 1.4969686
v 2.812638 0.36326116 1.5111212
v 2.8274095 0.34510505 1.4930106
v -1.4513806 0.34010223 2.7789052
v -1.4436914 0.35942528 2.7655869
v -1.4679486 0.35942528 2.7590873
v -1.4679486 0.34010223 2.7744658
v -1.4922059 0.35942528 2.765587
v -1.4392519 0.34010223 2.7910337
v -1.4259338 0.35942528 2.7833445
v -1.4845166 0.34010223 2.7789052
v -1.5099633 0.35942528 2.7833445
v -1.4679486 0.33113435 2.8076017
v -1.4348125 0.34010223 2.8076017
v -1.4966452 0.34010223 2.7910337
v -1.4194341 0.35942528 2.8076017
v -1.516463 0.35942528 2.8076017
v -1.4392519 0.34010223 2.8241696
v -1.4259338 0.35942528 2.8318589
v -1.5010846 0.34010223 2.8076017
v -1.5099633 0.35942528 2.8318589
v -1.4513806 0.34010217 2.8362982
v -1.4436914 0.35942522 2.8496165
v -1.4966451 0.34010223 2.8241696
v -1.4922057 0.35942522 2.8496165
v -1.4679486 0.34010217 2.8407376
v -1.4679486 0.35942522 2.856116
v -1.4845165 0.34010217 2.8362982
v -1.4679486 0.363261 2.763907
v -1.4461012 0.363261 2.7697608
v -1.4531773 0.34510496 2.7820172
v -1.4679486 0.34510496 2.7780592
v -1.489796 0.363261 2.7697608
v -1.4423641 0.34510496 2.7928305
v -1.4301077 0.363261 2.7857542
v -1.4827198 0.34510496 2.7820172
v -1.5057894 0.363261 2.7857542
v -1.4679486 0.337294 2.8076017
v -1.4384062 0.34510496 2.8076017
v -1.493533 0.34510496 2.7928305
v -1.4242537 0.363261 2.8076017
v -1.5116434 0.363261 2.8076017
v -1.4423641 0.34510496 2.822373
v -1.4301077 0.363261 2.8294492
v -1.4974909 0.34510496 2.8076017
v -1.5057894 0.363261 2.8294492
v -1.4531773 0.34510496 2.8331861
v -1.4461011 0.36326095 2.8454425
v -1.493533 0.34510496 2.822373
v -1.4897959 0.36326095 2.8454425
v -1.4679486 0.3451049 2.8371441
v -1.4679486 0.36326095 2.8512964
v -1.4827197 0.34510496 2.8331861
v -1.455318 0.34010282 -2.8433664
v -1.4476287 0.35942587 -2.8566844
v -1.4718858 0.35942587 -2.8631842
v -1.4718859 0.34010282 -2.8478057
v -1.4961432 0.35942587 -2.8566844
v -1.4431893 0.34010276 -2.831238
v -1.4298712 0.35942587 -2.8389275
v -1.488454 0.34010282 -2.8433664
v -1.5139006 0.35942587 -2.8389266
v -1.4718859 0.3311349 -2.8146698
v -1.4387499 0.34010276 -2.8146698
v -1.5005826 0.34010276 -2.831238
v -1.4233714 0.3594258 -2.8146698
v -1.5204004 0.3594258 -2.8146698
v -1.4431893 0.34010276 -2.7981017
v -1.4298712 0.3594258 -2.7904122
v -1.5050219 0.34010276 -2.8146698
v -1.5139006 0.3594258 -2.7904122
v -1.455318 0.34010276 -2.7859733
v -1.4476287 0.3594258 -2.7726552
v -1.5005825 0.34010276 -2.7981017
v -1.4961431 0.3594258 -2.7726552
v -1.4718859 0.34010276 -2.781534
v -1.4718859 0.3594258 -2.7661555
v -1.4884539 0.34010276 -2.7859733
v -1.4718859 0.36326167 -2.8583643
v -1.4500386 0.36326167 -2.8525107
v -1.4571147 0.34510556 -2.840254
v -1.4718859 0.34510556 -2.8442123
v -1.4937334 0.36326167 -2.8525107
v -1.4463015 0.3451055 -2.8294408
v -1.4340451 0.36326167 -2.836517
v -1.4866571 0.34510556 -2.840254
v -1.5097268 0.36326167 -2.836517
v -1.4718859 0.33729455 -2.8146698
v -1.4423436 0.3451055 -2.8146698
v -1.4974704 0.3451055 -2.8294408
v -1.4281911 0.3632616 -2.8146698
v -1.5155808 0.36326155 -2.8146698
v -1.4463015 0.3451055 -2.7998989
v -1.4340451 0.3632616 -2.7928226
v -1.5014282 0.3451055 -2.8146698
v -1.5097268 0.3632616 -2.7928226
v -1.4571147 0.3451055 -2.7890856
v -1.4500386 0.36326155 -2.776829
v -1.4974704 0.3451055 -2.7998984
v -1.4937333 0.3632616 -2.776829
v -1.4718859 0.3451055 -2.7851274
v -1.4718859 0.36326155 -2.7709754
v -1.486657 0.3451055 -2.7890856
v -2.7983222 0.3401026 -1.5006932
v -2.790633 0.35942572 -1.5140113
v -2.8148901 0.35942572 -1.520511
v -2.8148901 0.3401026 -1.5051326
v -2.8391476 0.35942572 -1.5140113
v -2.7861936 0.3401026 -1.4885648
v -2.7728755 0.35942572 -1.4962543
v -2.8314583 0.34010267 -1.5006932
v -2.856905 0.35942572 -1.4962538
v -2.8148901 0.3311348 -1.4719968
v -2.7817543 0.3401026 -1.4719967
v -2.843587 0.3401026 -1.4885648
v -2.7663758 0.35942572 -1.4719967
v -2.8634045 0.35942572 -1.4719968
v -2.7861936 0.3401026 -1.4554285
v -2.7728755 0.35942572 -1.4477395
v -2.848026 0.3401026 -1.4719967
v -2.856905 0.35942572 -1.4477395
v -2.7983222 0.3401026 -1.4433001
v -2.790633 0.35942572 -1.4299821
v -2.843587 0.3401026 -1.4554285
v -2.8391473 0.35942572 -1.4299821
v -2.8148901 0.3401026 -1.4388608
v -2.8148901 0.35942572 -1.4234823
v -2.8314583 0.3401026 -1.4433001
v -2.8148901 0.36326146 -1.5156916
v -2.793043 0.36326146 -1.509838
v -2.8001192 0.3451054 -1.4975814
v -2.8148901 0.3451054 -1.5015391
v -2.8367379 0.36326146 -1.509838
v -2.789306 0.3451054 -1.4867676
v -2.7770495 0.36326146 -1.4938439
v -2.8296616 0.3451054 -1.4975814
v -2.852731 0.36326146 -1.4938439
v -2.8148901 0.33729446 -1.4719967
v -2.785348 0.3451054 -1.4719967
v -2.8404748 0.3451054 -1.4867676
v -2.7711954 0.36326146 -1.4719967
v -2.8585851 0.36326146 -1.4719967
v -2.789306 0.3451054 -1.4572257
v -2.7770493 0.36326146 -1.4501494
v -2.8444326 0.3451054 -1.4719967
v -2.852731 0.36326146 -1.4501494
v -2.8001192 0.3451054 -1.4464124
v -2.793043 0.36326146 -1.4341558
v -2.8404748 0.3451054 -1.4572252
v -2.8367376 0.36326146 -1.4341558
v -2.8148901 0.3451054 -1.4424542
v -2.8148901 0.36326146 -1.4283022
v -2.8296616 0.3451054 -1.4464124
v -2.796072 0.34010231 1.4387263
v -2.7883828 0.35942543 1.4254082
v -2.81264 0.35942543 1.4189085
v -2.81264 0.34010231 1.434287
v -2.8368974 0.35942543 1.4254082
v -2.7839434 0.34010231 1.4508549
v -2.7706254 0.35942543 1.4431658
v -2.8292081 0.34010231 1.4387263
v -2.8546548 0.35942543 1.4431658
v -2.81264 0.33113444 1.4674228
v -2.779504 0.34010231 1.467423
v -2.8413367 0.34010231 1.450855
v -2.7641256 0.35942543 1.467423
v -2.8611543 0.35942537 1.467423
v -2.7839434 0.34010231 1.483991
v -2.7706254 0.35942543 1.4916801
v -2.8457758 0.34010231 1.467423
v -2.8546548 0.35942543 1.4916803
v -2.796072 0.34010231 1.4961196
v -2.7883828 0.35942537 1.5094377
v -2.8413367 0.34010231 1.483991
v -2.8368971 0.35942537 1.5094377
v -2.81264 0.34010231 1.5005589
v -2.81264 0.35942537 1.5159374
v -2.8292081 0.34010231 1.4961196
v -2.81264 0.36326116 1.4237281
v -2.7907927 0.36326116 1.4295822
v -2.797869 0.34510505 1.4418385
v -2.81264 0.34510505 1.4378806
v -2.8344877 0.36326116 1.4295822
v -2.7870557 0.34510505 1.4526517
v -2.7747993 0.36326116 1.4455756
v -2.8274114 0.34510505 1.4418385
v -2.8504808 0.36326116 1.4455756
v -2.81264 0.33729416 1.467423
v -2.7830977 0.34510505 1.467423
v -2.8382246 0.34510505 1.4526517
v -2.7689452 0.36326116 1.467423
v -2.856335 0.36326116 1.467423
v -2.7870557 0.34510505 1.4821941
v -2.774799 0.36326116 1.4892703
v -2.8421824 0.34510505 1.467423
v -2.8504808 0.36326116 1.4892704
v -2.797869 0.34510505 1.4930073
v -2.7907927 0.36326116 1.5052637
v -2.8382246 0.34510505 1.4821941
v -2.8344874 0.36326116 1.5052638
v -2.81264 0.34510505 1.4969653
v -2.81264 0.36326116 1.5111178
v -2.8274114 0.34510505 1.4930073
v 1.4679452 0.35942528 2.7590892
v 1.4679452 0.363261 2.7639089
v 1.4460979 0.363261 2.7697628
v 1.443688 0.35942528 2.7655888
v 1.4922025 0.35942528 2.765589
v 1.4301044 0.363261 2.785756
v 1.4897927 0.363261 2.7697628
v 1.4259305 0.35942528 2.7833464
v 1.5099599 0.35942528 2.7833464
v 1.4242504 0.363261 2.8076036
v 1.5057861 0.363261 2.785756
v 1.4194307 0.35942528 2.8076036
v 1.5164597 0.35942528 2.8076036
v 1.4301044 0.363261 2.829451
v 1.5116401 0.363261 2.8076036
v 1.4259305 0.35942528 2.8318608
v 1.5099599 0.35942528 2.8318608
v 1.4460977 0.36326095 2.8454444
v 1.5057861 0.363261 2.829451
v 1.443688 0.35942522 2.8496184
v 1.4922024 0.35942522 2.8496184
v 1.4679452 0.36326095 2.8512983
v 1.4897926 0.36326095 2.8454444
v 1.4679452 0.35942522 2.856118
v 1.4718894 0.35942587 -2.8631823
v 1.4718893 0.36326167 -2.8583624
v 1.4500419 0.36326167 -2.8525088
v 1.4476321 0.35942587 -2.8566825
v 1.4961466 0.35942587 -2.8566825
v 1.4340484 0.36326167 -2.8365152
v 1.4937367 0.36326167 -2.8525088
v 1.4298745 0.35942587 -2.8389256
v 1.513904 0.35942587 -2.8389246
v 1.4281944 0.3632616 -2.814668
v 1.5097301 0.36326167 -2.8365152
v 1.4233748 0.3594258 -2.814668
v 1.5204037 0.3594258 -2.814668
v 1.4340484 0.3632616 -2.7928207
v 1.5155841 0.36326155 -2.814668
v 1.4298745 0.3594258 -2.7904103
v 1.513904 0.3594258 -2.7904103
v 1.4500419 0.36326155 -2.776827
v 1.5097301 0.3632616 -2.7928207
v 1.4476321 0.3594258 -2.7726533
v 1.4961464 0.3594258 -2.7726533
v 1.4718893 0.36326155 -2.7709734
v 1.4937366 0.3632616 -2.776827
v 1.4718893 0.3594258 -2.7661536
v 2.814892 0.35942572 -1.5205077
v 2.814892 0.36326146 -1.5156883
v 2.7930448 0.36326146 -1.5098346
v 2.7906349 0.35942572 -1.5140079
v 2.8391495 0.35942572 -1.5140079
v 2.7770514 0.36326146 -1.4938406
v 2.8367398 0.36326146 -1.5098346
v 2.7728775 0.35942572 -1.496251
v 2.856907 0.35942572 -1.4962505
v 2.7711973 0.36326146 -1.4719933
v 2.852733 0.36326146 -1.4938406
v 2.7663777 0.35942572 -1.4719933
v 2.8634064 0.35942572 -1.4719932
v 2.7770512 0.36326146 -1.4501461
v 2.858587 0.36326146 -1.4719933
v 2.7728775 0.35942572 -1.4477361
v 2.856907 0.35942572 -1.4477361
v 2.7930448 0.36326146 -1.4341525
v 2.852733 0.36326146 -1.4501461
v 2.7906349 0.35942572 -1.4299787
v 2.8391492 0.35942572 -1.4299787
v 2.814892 0.36326146 -1.4282988
v 2.8367395 0.36326146 -1.4341525
v 2.814892 0.35942572 -1.423479
v 2.812638 0.35942543 1.4189118
v 2.812638 0.36326116 1.4237314
v 2.7907908 0.36326116 1.4295856
v 2.7883809 0.35942543 1.4254116
v 2.8368955 0.35942543 1.4254116
v 2.7747974 0.36326116 1.4455789
v 2.8344858 0.36326116 1.4295856
v 2.7706234 0.35942543 1.4431691
v 2.854653 0.35942543 1.4431691
v 2.7689433 0.36326116 1.4674263
v 2.850479 0.36326116 1.4455789
v 2.7641237 0.35942543 1.4674263
v 2.8611524 0.35942537 1.4674263
v 2.7747972 0.36326116 1.4892737
v 2.856333 0.36326116 1.4674263
v 2.7706234 0.35942543 1.4916835
v 2.854653 0.35942543 1.4916836
v 2.7907908 0.36326116 1.505267
v 2.850479 0.36326116 1.4892738
v 2.7883809 0.35942537 1.509441
v 2.8368952 0.35942537 1.509441
v 2.812638 0.36326116 1.5111212
v 2.8344855 0.36326116 1.5052671
v 2.812638 0.35942537 1.5159408
v -1.4679486 0.35942528 2.7590873
v -1.4436914 0.35942528 2.7655869
v -1.4461012 0.363261 2.7697608
v -1.4679486 0.363261 2.763907
v -1.4301077 0.363261 2.7857542
v -1.4922059 0.35942528 2.765587
v -1.4259338 0.35942528 2.7833445
v -1.489796 0.363261 2.7697608
v -1.4242537 0.363261 2.8076017
v -1.5099633 0.35942528 2.7833445
v -1.4194341 0.35942528 2.8076017
v -1.5057894 0.363261 2.7857542
v -1.4301077 0.363261 2.8294492
v -1.516463 0.35942528 2.8076017
v -1.4259338 0.35942528 2.8318589
v -1.5116434 0.363261 2.8076017
v -1.4461011 0.36326095 2.8454425
v -1.5099633 0.35942528 2.8318589
v -1.4436914 0.35942522 2.8496165
v -1.5057894 0.363261 2.8294492
v -1.4679486 0.36326095 2.8512964
v -1.4922057 0.35942522 2.8496165
v -1.4679486 0.35942522 2.856116
v -1.4897959 0.36326095 2.8454425
v -1.4718858 0.35942587 -2.8631842
v -1.4476287 0.35942587 -2.8566844
v -1.4500386 0.36326167 -2.8525107
v -1.4718859 0.36326167 -2.8583643
v -1.4340451 0.36326167 -2.836517
v -1.4961432 0.35942587 -2.8566844
v -1.4298712 0.35942587 -2.8389275
v -1.4937334 0.36326167 -2.8525107
v -1.4281911 0.3632616 -2.8146698
v -1.5139006 0.35942587 -2.8389266
v -1.4233714 0.3594258 -2.8146698
v -1.5097268 0.36326167 -2.836517
v -1.4340451 0.3632616 -2.7928226
v -1.5204004 0.3594258 -2.8146698
v -1.4298712 0.3594258 -2.7904122
v -1.5155808 0.36326155 -2.8146698
v -1.4500386 0.36326155 -2.776829
v -1.5139006 0.3594258 -2.7904122
v -1.4476287 0.3594258 -2.7726552
v -1.5097268 0.3632616 -2.7928226
v -1.4718859 0.36326155 -2.7709754
v -1.4961431 0.3594258 -2.7726552
v -1.4718859 0.3594258 -2.7661555
v -1.4937333 0.3632616 -2.776829
v -2.8148901 0.35942572 -1.520511
v -2.790633 0.35942572 -1.5140113
v -2.793043 0.36326146 -1.509838
v -2.8148901 0.36326146 -1.5156916
v -2.7770495 0.36326146 -1.4938439
v -2.8391476 0.35942572 -1.5140113
v -2.7728755 0.35942572 -1.4962543
v -2.8367379 0.36326146 -1.509838
v -2.7711954 0.36326146 -1.4719967
v -2.856905 0.35942572 -1.4962538
v -2.7663758 0.35942572 -1.4719967
v -2.852731 0.36326146 -1.4938439
v -2.7770493 0.36326146 -1.4501494
v -2.8634045 0.35942572 -1.4719968
v -2.7728755 0.35942572 -1.4477395
v -2.8585851 0.36326146 -1.4719967
v -2.793043 0.36326146 -1.4341558
v -2.856905 0.35942572 -1.4477395
v -2.790633 0.35942572 -1.4299821
v -2.852731 0.36326146 -1.4501494
v -2.8148901 0.36326146 -1.4283022
v -2.8391473 0.35942572 -1.4299821
v -2.8148901 0.35942572 -1.4234823
v -2.8367376 0.36326146 -1.4341558
v -2.81264 0.35942543 1.4189085
v -2.7883828 0.35942543 1.4254082
v -2.7907927 0.36326116 1.4295822
v -2.81264 0.36326116 1.4237281
v -2.7747993 0.36326116 1.4455756
v -2.8368974 0.35942543 1.4254082
v -2.7706254 0.35942543 1.4431658
v -2.8344877 0.36326116 1.4295822
v -2.7689452 0.36326116 1.467423
v -2.8546548 0.35942543 1.4431658
v -2.7641256 0.35942543 1.467423
v -2.8504808 0.36326116 1.4455756
v -2.774799 0.36326116 1.4892703
v -2.8611543 0.35942537 1.467423
v -2.7706254 0.35942543 1.4916801
v -2.856335 0.36326116 1.467423
v -2.7907927 0.36326116 1.5052637
v -2.8546548 0.35942543 1.4916803
v -2.7883828 0.35942537 1.5094377
v -2.8504808 0.36326116 1.4892704
v -2.81264 0.36326116 1.5111178
v -2.8368971 0.35942537 1.5094377
v -2.81264 0.35942537 1.5159374
v -2.8344874 0.36326116 1.5052638
vt 0.2121582 0.69677734
vt 0.19348145 0.68066406
vt 0.23449707 0.68066406
vt 0.23449707 0.69677734
vt 0.21569824 0.6694336
vt 0.16259766 0.6694336
vt 0.16259766 0.6533203
vt 0.23449707 0.6533203
vt 0.25854492 0.82714844
vt 0.25854492 0.7973633
vt 0.27416992 0.7973633
vt 0.27441406 0.8041992
vt 0.31201172 0.82666016
vt 0.31176758 0.8041992
vt 0.16345215 0.68066406
vt 0.19348145 0.68066406
vt 0.1772461 0.69921875
vt 0.16345215 0.69921875
vt 0.15454102 0.671875
vt 0.15454102 0.69091797
vt 0.10040283 0.69091797
vt 0.084228516 0.671875
vt 0.47998047 0.90283203
vt 0.4645996 0.90283203
vt 0.4645996 0.89501953
vt 0.47998047 0.89501953
vt 0.36010742 0.99072266
vt 0.38208008 0.9790039
vt 0.38208008 0.99072266
vt 0.34692383 0.9790039
vt 0.34692383 0.99853516
vt 0.36010742 0.99853516
vt 0.41357422 0.9838867
vt 0.38208008 0.9838867
vt 0.38208008 0.97265625
vt 0.4267578 0.97265625
vt 0.07891846 0.4091797
vt 0.07891846 0.4284668
vt 0.020217896 0.4284668
vt 0.0036449432 0.4091797
vt 0.4267578 0.9194336
vt 0.40039062 0.95458984
vt 0.40039062 0.9194336
vt 0.4267578 0.97265625
vt 0.37182617 0.95458984
vt 0.38208008 0.97265625
vt 0.34692383 0.9790039
vt 0.38208008 0.9790039
vt 0.34692383 0.9194336
vt 0.37182617 0.9194336
vt 0.3815918 0.7866211
vt 0.41674805 0.7866211
vt 0.41674805 0.796875
vt 0.3815918 0.796875
vt 0.4272461 0.796875
vt 0.4272461 0.8256836
vt 0.41674805 0.8256836
vt 0.41674805 0.796875
vt 0.41674805 0.8364258
vt 0.3815918 0.8364258
vt 0.3815918 0.8256836
vt 0.41674805 0.8256836
vt 0.3708496 0.8256836
vt 0.3708496 0.796875
vt 0.3815918 0.796875
vt 0.3815918 0.8256836
vt 0.3815918 0.796875
vt 0.41674805 0.796875
vt 0.41674805 0.8256836
vt 0.3815918 0.8256836
vt 0.46557617 0.94921875
vt 0.46557617 0.94140625
vt 0.47875977 0.94140625
vt 0.47875977 0.94921875
vt 0.25854492 0.82714844
vt 0.22924805 0.83691406
vt 0.22924805 0.82714844
vt 0.23583984 0.83691406
vt 0.25878906 0.875
vt 0.23596191 0.875
vt 0.0036449432 0.22387695
vt 0.07891846 0.4091797
vt 0.0036449432 0.4091797
vt 0.10662842 0.22387695
vt 0.10662842 0.41870117
vt 0.07891846 0.41870117
vt 0.10925293 0.84716797
vt 0.14575195 0.84716797
vt 0.12902832 0.8330078
vt 0.10925293 0.8330078
vt 0.2421875 0.68066406
vt 0.2421875 0.6958008
vt 0.29248047 0.6958008
vt 0.31030273 0.68066406
vt 0.115234375 0.9213867
vt 0.09954834 0.9506836
vt 0.11529541 0.9506836
vt 0.099487305 0.94433594
vt 0.06188965 0.9213867
vt 0.061950684 0.94433594
vt 0.43066406 0.4333496
vt 0.44726562 0.4140625
vt 0.4165039 0.4140625
vt 0.4165039 0.4333496
vt 0.36083984 0.42382812
vt 0.4165039 0.42382812
vt 0.4165039 0.40454102
vt 0.34423828 0.40454102
vt 0.39453125 0.93310547
vt 0.39453125 0.92578125
vt 0.3791504 0.92578125
vt 0.3791504 0.93310547
vt 0.4753418 0.8588867
vt 0.49731445 0.84765625
vt 0.4753418 0.84765625
vt 0.5102539 0.8588867
vt 0.5102539 0.83984375
vt 0.49731445 0.83984375
vt 0.4753418 0.86572266
vt 0.4753418 0.8540039
vt 0.44384766 0.8540039
vt 0.43066406 0.86572266
vt 0.3803711 0.91845703
vt 0.3935547 0.91845703
vt 0.3935547 0.91064453
vt 0.3803711 0.91064453
vt 0.039031982 0.88134766
vt 0.039154053 0.9213867
vt 0.06188965 0.9213867
vt 0.06173706 0.87353516
vt 0.032409668 0.87353516
vt 0.032440186 0.88134766
vt 0.37963867 0.68066406
vt 0.31030273 0.68066406
vt 0.32543945 0.6982422
vt 0.37963867 0.6982422
vt 0.44726562 0.21923828
vt 0.4165039 0.4140625
vt 0.44726562 0.4140625
vt 0.4165039 0.40454102
vt 0.34423828 0.21923828
vt 0.34423828 0.32714844
vt 0.34423828 0.40454102
vt 0.43066406 0.9189453
vt 0.45703125 0.9189453
vt 0.45703125 0.88378906
vt 0.43066406 0.86572266
vt 0.4855957 0.88378906
vt 0.4753418 0.86572266
vt 0.5102539 0.8588867
vt 0.4753418 0.8588867
vt 0.5102539 0.9189453
vt 0.4855957 0.9189453
vt 0.37231445 0.7241211
vt 0.37231445 0.7348633
vt 0.4074707 0.7348633
vt 0.4074707 0.7241211
vt 0.4182129 0.7348633
vt 0.4074707 0.7348633
vt 0.4074707 0.7636719
vt 0.4182129 0.7636719
vt 0.4074707 0.7739258
vt 0.4074707 0.7636719
vt 0.37231445 0.7636719
vt 0.37231445 0.7739258
vt 0.3618164 0.7636719
vt 0.37231445 0.7636719
vt 0.37231445 0.7348633
vt 0.3618164 0.7348633
vt 0.4074707 0.7636719
vt 0.4074707 0.7348633
vt 0.37231445 0.7348633
vt 0.37231445 0.7636719
vt 0.2993164 0.67529297
vt 0.28222656 0.66015625
vt 0.31982422 0.66015625
vt 0.31982422 0.67529297
vt 0.37890625 0.67529297
vt 0.33007812 0.67529297
vt 0.33007812 0.66015625
vt 0.39624023 0.66015625
vt 0.0031490326 0.94921875
vt 0.0030593872 0.9199219
vt 0.018859863 0.9199219
vt 0.018875122 0.92626953
vt 0.056488037 0.94921875
vt 0.056427002 0.92626953
vt 0.30297852 0.42626953
vt 0.33447266 0.42626953
vt 0.31762695 0.44604492
vt 0.30297852 0.44604492
vt 0.30297852 0.4165039
vt 0.30297852 0.4362793
vt 0.24609375 0.4362793
vt 0.2290039 0.4165039
vt 0.47875977 0.93310547
vt 0.46435547 0.93310547
vt 0.46435547 0.92626953
vt 0.47875977 0.92626953
vt 0.41210938 0.84814453
vt 0.39135742 0.8588867
vt 0.39135742 0.84814453
vt 0.42456055 0.8588867
vt 0.42456055 0.8408203
vt 0.41210938 0.8408203
vt 0.3618164 0.8544922
vt 0.39135742 0.8544922
vt 0.39135742 0.8652344
vt 0.3491211 0.8652344
vt 0.46557617 0.9199219
vt 0.46557617 0.9121094
vt 0.47998047 0.9121094
vt 0.47998047 0.9199219
vt 0.056488037 0.94921875
vt 0.07922363 0.94921875
vt 0.0793457 0.9892578
vt 0.056640625 0.9970703
vt 0.0859375 0.9970703
vt 0.0859375 0.9892578
vt 0.53808594 0.60595703
vt 0.53808594 0.62597656
vt 0.47802734 0.62597656
vt 0.4609375 0.60595703
vt 0.30297852 0.42626953
vt 0.33447266 0.2265625
vt 0.33447266 0.42626953
vt 0.30297852 0.4165039
vt 0.2290039 0.2265625
vt 0.2290039 0.3371582
vt 0.2290039 0.4165039
vt 0.3491211 0.91552734
vt 0.37402344 0.8823242
vt 0.37402344 0.91552734
vt 0.3491211 0.8652344
vt 0.40112305 0.8823242
vt 0.39135742 0.8652344
vt 0.42456055 0.8588867
vt 0.39135742 0.8588867
vt 0.42456055 0.91552734
vt 0.40112305 0.91552734
vt 0.46435547 0.78515625
vt 0.49951172 0.78515625
vt 0.49951172 0.79589844
vt 0.46435547 0.79589844
vt 0.5102539 0.79589844
vt 0.5102539 0.82421875
vt 0.49951172 0.82421875
vt 0.49951172 0.79589844
vt 0.49951172 0.83496094
vt 0.46435547 0.83496094
vt 0.46435547 0.82421875
vt 0.49951172 0.82421875
vt 0.45385742 0.82421875
vt 0.45385742 0.79589844
vt 0.46435547 0.79589844
vt 0.46435547 0.82421875
vt 0.46435547 0.79589844
vt 0.49951172 0.79589844
vt 0.49951172 0.82421875
vt 0.46435547 0.82421875
vt 0.4609375 0.41625977
vt 0.56640625 0.41625977
vt 0.53808594 0.60595703
vt 0.4609375 0.60595703
vt 0.0035820007 0.86279297
vt 0.0035820007 0.8925781
vt 0.015289307 0.87890625
vt 0.015281677 0.86279297
vt 0.17407227 0.8251953
vt 0.1743164 0.83691406
vt 0.21203613 0.83691406
vt 0.22558594 0.8251953
vt 0.1586914 0.8598633
vt 0.1743164 0.8305664
vt 0.15856934 0.8305664
vt 0.1743164 0.83691406
vt 0.21203613 0.859375
vt 0.21203613 0.83691406
vt 0.017166138 0.9042969
vt 0.0035820007 0.8925781
vt 0.0035820007 0.9145508
vt 0.017166138 0.9145508
vt 0.1361084 0.9082031
vt 0.13598633 0.8696289
vt 0.12249756 0.8696289
vt 0.122680664 0.9199219
vt 0.38330078 0.44482422
vt 0.38330078 0.43066406
vt 0.35473633 0.43066406
vt 0.35473633 0.44482422
vt 0.46655273 0.9794922
vt 0.44580078 0.9902344
vt 0.46655273 0.9902344
vt 0.4333496 0.9794922
vt 0.4333496 0.9975586
vt 0.44580078 0.9975586
vt 0.46655273 0.97314453
vt 0.46655273 0.9838867
vt 0.49609375 0.9838867
vt 0.50878906 0.97314453
vt 0.19152832 0.41088867
vt 0.11437988 0.41088867
vt 0.13134766 0.43066406
vt 0.19152832 0.43066406
vt 0.50878906 0.92285156
vt 0.48388672 0.92285156
vt 0.48388672 0.9560547
vt 0.50878906 0.97314453
vt 0.4567871 0.9560547
vt 0.46655273 0.97314453
vt 0.4333496 0.9794922
vt 0.46655273 0.9794922
vt 0.4333496 0.92285156
vt 0.4567871 0.92285156
vt 0.39648438 0.66796875
vt 0.39648438 0.67871094
vt 0.43139648 0.67871094
vt 0.43139648 0.66796875
vt 0.44189453 0.67871094
vt 0.43139648 0.67871094
vt 0.43139648 0.70751953
vt 0.44189453 0.70751953
vt 0.43139648 0.71777344
vt 0.43139648 0.70751953
vt 0.39648438 0.70751953
vt 0.39648438 0.71777344
vt 0.3857422 0.70751953
vt 0.39648438 0.70751953
vt 0.39648438 0.67871094
vt 0.3857422 0.67871094
vt 0.43139648 0.70751953
vt 0.43139648 0.67871094
vt 0.39648438 0.67871094
vt 0.39648438 0.70751953
vt 0.63671875 0.2836914
vt 0.63671875 0.3125
vt 0.6533203 0.3125
vt 0.6533203 0.2836914
vt 0.1586914 0.8598633
vt 0.12927246 0.8598633
vt 0.12939453 0.8696289
vt 0.13598633 0.8696289
vt 0.15881348 0.90771484
vt 0.1361084 0.9082031
vt 0.11437988 0.22106934
vt 0.11437988 0.41088867
vt 0.19152832 0.41088867
vt 0.21984863 0.22106934
vt 0.21984863 0.4206543
vt 0.19152832 0.4206543
vt 0.27539062 0.6455078
vt 0.2331543 0.6455078
vt 0.2524414 0.6621094
vt 0.27539062 0.6621094
vt 0.27539062 0.6357422
vt 0.27539062 0.65234375
vt 0.32983398 0.65234375
vt 0.3491211 0.6357422
vt 0.5649414 0.30932617
vt 0.5463867 0.3310547
vt 0.5810547 0.3310547
vt 0.5810547 0.30932617
vt 0.18896484 0.7294922
vt 0.22729492 0.7294922
vt 0.22729492 0.7163086
vt 0.17749023 0.7163086
vt 0.1484375 0.7841797
vt 0.15991211 0.80566406
vt 0.15979004 0.7841797
vt 0.1484375 0.81933594
vt 0.16760254 0.81933594
vt 0.16760254 0.80566406
vt 0.1550293 0.7841797
vt 0.16638184 0.7841797
vt 0.16625977 0.7524414
vt 0.15478516 0.7392578
vt 0.4243164 0.6357422
vt 0.3491211 0.6357422
vt 0.36572266 0.65527344
vt 0.4243164 0.65527344
vt 0.17419434 0.80566406
vt 0.16760254 0.80566406
vt 0.16760254 0.81933594
vt 0.17419434 0.81933594
vt 0.3552246 0.70458984
vt 0.31396484 0.71875
vt 0.3671875 0.7182617
vt 0.36694336 0.70458984
vt 0.3881836 0.9970703
vt 0.4013672 0.9970703
vt 0.4013672 0.9892578
vt 0.3881836 0.9892578
vt 0.2331543 0.45043945
vt 0.3491211 0.6357422
vt 0.3491211 0.45043945
vt 0.27539062 0.6357422
vt 0.27539062 0.6455078
vt 0.2331543 0.6455078
vt 0.23718262 0.7524414
vt 0.23706055 0.72314453
vt 0.22729492 0.72314453
vt 0.22729492 0.7294922
vt 0.18908691 0.7524414
vt 0.18896484 0.7294922
vt 0.15991211 0.80566406
vt 0.16638184 0.7841797
vt 0.15979004 0.7841797
vt 0.18920898 0.80566406
vt 0.18908691 0.7524414
vt 0.16625977 0.7524414
vt 0.3491211 0.45043945
vt 0.3491211 0.6357422
vt 0.4243164 0.6357422
vt 0.45214844 0.45043945
vt 0.45214844 0.6455078
vt 0.4243164 0.6455078
vt 0.12512207 0.21374512
vt 0.10583496 0.19714355
vt 0.14794922 0.19714355
vt 0.14794922 0.21362305
vt 0.20251465 0.20410156
vt 0.14794922 0.20410156
vt 0.14794922 0.1875
vt 0.22180176 0.1875
vt 0.07501221 0.19714355
vt 0.10583496 0.19714355
vt 0.0892334 0.2163086
vt 0.07501221 0.2163086
vt 0.07501221 0.1875
vt 0.07501221 0.20678711
vt 0.01939392 0.20678711
vt 0.0028209686 0.1875
vt 0.13354492 0.9667969
vt 0.12213135 0.9448242
vt 0.13354492 0.9448242
vt 0.12225342 0.97998047
vt 0.14135742 0.97998047
vt 0.14135742 0.9667969
vt 0.35913086 0.7788086
vt 0.35913086 0.8232422
vt 0.34301758 0.8232422
vt 0.34301758 0.7602539
vt 0.13232422 0.9980469
vt 0.13232422 0.9863281
vt 0.15307617 0.9863281
vt 0.15307617 0.9980469
vt 0.21105957 0.9667969
vt 0.21118164 0.9892578
vt 0.1706543 0.9892578
vt 0.16296387 0.9667969
vt 0.16296387 0.99609375
vt 0.17077637 0.99609375
vt 0.43554688 0.79248047
vt 0.44873047 0.79248047
vt 0.44873047 0.8330078
vt 0.43554688 0.8442383
vt 0.14794922 0.9667969
vt 0.14794922 0.97998047
vt 0.14135742 0.97998047
vt 0.14135742 0.9667969
vt 0.07501221 0.19714355
vt 0.10583496 0.0022029877
vt 0.10583496 0.19714355
vt 0.07501221 0.1875
vt 0.0028209686 0.0022029877
vt 0.0028209686 0.11016846
vt 0.0028209686 0.1875
vt 0.10583496 0.0022029877
vt 0.22180176 0.0022029877
vt 0.22180176 0.1875
vt 0.14794922 0.1875
vt 0.14794922 0.19714355
vt 0.10583496 0.19714355
vt 0.14013672 0.9448242
vt 0.13354492 0.9667969
vt 0.13354492 0.9448242
vt 0.16296387 0.9667969
vt 0.16271973 0.9135742
vt 0.14001465 0.9135742
vt 0.15185547 0.63916016
vt 0.10864258 0.63916016
vt 0.1282959 0.6557617
vt 0.15185547 0.6557617
vt 0.15185547 0.62939453
vt 0.15185547 0.6459961
vt 0.2076416 0.6459961
vt 0.22741699 0.62939453
vt 0.09161377 0.6586914
vt 0.10864258 0.63916016
vt 0.07702637 0.63916016
vt 0.07702637 0.6586914
vt 0.020080566 0.6489258
vt 0.07702637 0.6489258
vt 0.07702637 0.62939453
vt 0.0031013489 0.62939453
vt 0.33154297 0.7602539
vt 0.32055664 0.73876953
vt 0.32055664 0.7607422
vt 0.33154297 0.7260742
vt 0.31298828 0.7260742
vt 0.31298828 0.7392578
vt 0.3251953 0.76123047
vt 0.31396484 0.7607422
vt 0.31396484 0.7919922
vt 0.3251953 0.8046875
vt 0.38085938 0.9038086
vt 0.39501953 0.9038086
vt 0.39501953 0.8955078
vt 0.38085938 0.8955078
vt 0.28344727 0.7163086
vt 0.24279785 0.7163086
vt 0.24304199 0.73876953
vt 0.29125977 0.73876953
vt 0.29101562 0.70947266
vt 0.2836914 0.70947266
vt 0.2836914 0.7026367
vt 0.2310791 0.7026367
vt 0.24279785 0.7163086
vt 0.28344727 0.7163086
vt 0.30664062 0.73876953
vt 0.31298828 0.7392578
vt 0.31298828 0.7260742
vt 0.30664062 0.7265625
vt 0.10864258 0.43945312
vt 0.07702637 0.63916016
vt 0.10864258 0.63916016
vt 0.07702637 0.62939453
vt 0.0031013489 0.43945312
vt 0.0031013489 0.5498047
vt 0.0031013489 0.62939453
vt 0.10864258 0.43945312
vt 0.22741699 0.62939453
vt 0.22741699 0.43945312
vt 0.15185547 0.62939453
vt 0.15185547 0.63916016
vt 0.10864258 0.63916016
vt 0.32055664 0.73876953
vt 0.31396484 0.7607422
vt 0.32055664 0.7607422
vt 0.29125977 0.73876953
vt 0.29125977 0.7919922
vt 0.31396484 0.7919922
vt 0.24768066 0.21826172
vt 0.22802734 0.20129395
vt 0.27124023 0.20129395
vt 0.27124023 0.21826172
vt 0.3269043 0.20837402
vt 0.27124023 0.20837402
vt 0.27124023 0.19140625
vt 0.3466797 0.19140625
vt 0.5024414 0.3095703
vt 0.53808594 0.3095703
vt 0.51904297 0.33203125
vt 0.5024414 0.33203125
vt 0.5019531 0.7607422
vt 0.5019531 0.77490234
vt 0.45996094 0.77490234
vt 0.44750977 0.7607422
vt 0.08477783 0.8535156
vt 0.06335449 0.8647461
vt 0.06317139 0.8535156
vt 0.09753418 0.8647461
vt 0.09741211 0.8461914
vt 0.08465576 0.8461914
vt 0.0317688 0.84716797
vt 0.06274414 0.84716797
vt 0.062561035 0.85839844
vt 0.01914978 0.85839844
vt 0.41210938 0.9970703
vt 0.41210938 0.98876953
vt 0.42626953 0.98876953
vt 0.42626953 0.9970703
vt 0.42382812 0.19140625
vt 0.42382812 0.21118164
vt 0.36376953 0.21118164
vt 0.3466797 0.19140625
vt 0.0847168 0.83984375
vt 0.09729004 0.83984375
vt 0.09741211 0.8461914
vt 0.08465576 0.8461914
vt 0.3779297 0.94873047
vt 0.3779297 0.9404297
vt 0.39208984 0.9404297
vt 0.39208984 0.94873047
vt 0.22802734 0.001584053
vt 0.3466797 0.001584053
vt 0.3466797 0.19140625
vt 0.27124023 0.19140625
vt 0.27124023 0.20129395
vt 0.22802734 0.20129395
vt 0.031341553 0.7763672
vt 0.0020523071 0.7861328
vt 0.0020217896 0.7763672
vt 0.008644104 0.7861328
vt 0.03149414 0.82470703
vt 0.008758545 0.82470703
vt 0.06274414 0.84716797
vt 0.08477783 0.8535156
vt 0.06317139 0.8535156
vt 0.08483887 0.82421875
vt 0.03149414 0.82470703
vt 0.0317688 0.84716797
vt 0.3466797 0.001584053
vt 0.42382812 0.19140625
vt 0.3466797 0.19140625
vt 0.45214844 0.001584053
vt 0.45214844 0.20129395
vt 0.42382812 0.20129395
vt 0.77001953 0.48901367
vt 0.81347656 0.48901367
vt 0.81347656 0.5097656
vt 0.77001953 0.5097656
vt 0.77001953 0.49829102
vt 0.77001953 0.51904297
vt 0.65283203 0.51904297
vt 0.65283203 0.49829102
vt 0.81347656 0.5097656
vt 0.81347656 0.5131836
vt 0.81347656 0.5493164
vt 0.77001953 0.5097656
vt 0.77001953 0.51904297
vt 0.65283203 0.5493164
vt 0.65283203 0.51904297
vt 0.03466797 0.8955078
vt 0.018157959 0.8955078
vt 0.018157959 0.8881836
vt 0.03466797 0.8881836
vt 0.5908203 0.3466797
vt 0.65185547 0.3466797
vt 0.65185547 0.32836914
vt 0.5908203 0.32836914
vt 0.5908203 0.35620117
vt 0.5908203 0.33813477
vt 0.4572754 0.33813477
vt 0.4572754 0.35620117
vt 0.65185547 0.3466797
vt 0.5908203 0.3466797
vt 0.5908203 0.35620117
vt 0.65185547 0.4074707
vt 0.4572754 0.35620117
vt 0.4572754 0.4074707
vt 0.77734375 0.29833984
vt 0.8413086 0.29833984
vt 0.8125 0.32348633
vt 0.77734375 0.32348633
vt 0.77734375 0.2836914
vt 0.77734375 0.3088379
vt 0.6948242 0.3088379
vt 0.66552734 0.2836914
vt 0.66552734 0.32226562
vt 0.6948242 0.32226562
vt 0.115234375 0.97265625
vt 0.08996582 0.97265625
vt 0.08996582 0.9584961
vt 0.115234375 0.9584961
vt 0.77734375 0.0033435822
vt 0.8413086 0.0033454895
vt 0.8413086 0.29833984
vt 0.77734375 0.29833984
vt 0.77734375 0.2836914
vt 0.77734375 0.2836914
vt 0.66552734 0.2836914
vt 0.66552734 0.0033435822
vt 0.8666992 0.32739258
vt 0.8413086 0.29833984
vt 0.8881836 0.29833984
vt 0.8881836 0.32739258
vt 0.97265625 0.31298828
vt 0.8881836 0.31298828
vt 0.8881836 0.2836914
vt 0.9975586 0.2836914
vt 0.48413086 0.9980469
vt 0.48413086 0.9868164
vt 0.50683594 0.9868164
vt 0.50683594 0.9980469
vt 0.8881836 0.2836914
vt 0.8881836 0.29833984
vt 0.8413086 0.29833984
vt 0.8413086 0.0033454895
vt 0.8881836 0.0033454895
vt 0.9975586 0.2836914
vt 0.9975586 0.0033454895
vt 0.07336426 0.7607422
vt 0.09033203 0.7285156
vt 0.09020996 0.7607422
vt 0.0736084 0.7089844
vt 0.09942627 0.7089844
vt 0.0993042 0.7285156
vt 0.09197998 0.77001953
vt 0.10882568 0.77001953
vt 0.10864258 0.81640625
vt 0.091674805 0.8359375
vt 0.14233398 0.73779297
vt 0.099121094 0.77001953
vt 0.099243164 0.73779297
vt 0.10882568 0.77001953
vt 0.14208984 0.81640625
vt 0.10864258 0.81640625
vt 0.090148926 0.7705078
vt 0.07330322 0.7705078
vt 0.07336426 0.7607422
vt 0.09020996 0.7607422
vt 0.14233398 0.73779297
vt 0.099243164 0.73779297
vt 0.0993042 0.7285156
vt 0.14245605 0.7290039
vt 0.14245605 0.7290039
vt 0.0993042 0.7285156
vt 0.09942627 0.7089844
vt 0.14245605 0.70947266
vt 0.6948242 0.32226562
vt 0.6948242 0.3088379
vt 0.7446289 0.3088379
vt 0.7446289 0.32226562
vt 0.4855957 0.3022461
vt 0.5180664 0.2788086
vt 0.5180664 0.3022461
vt 0.45825195 0.2788086
vt 0.45825195 0.32250977
vt 0.4855957 0.32250977
vt 0.5957031 0.28857422
vt 0.5180664 0.28857422
vt 0.5180664 0.26513672
vt 0.6230469 0.26513672
vt 0.6230469 0.30126953
vt 0.5957031 0.30126953
vt 0.095581055 0.9941406
vt 0.095581055 0.9824219
vt 0.11602783 0.9824219
vt 0.11602783 0.9941406
vt 0.5180664 0.2788086
vt 0.45825195 0.2788086
vt 0.45825195 0.0023097992
vt 0.5180664 0.26513672
vt 0.5180664 0.0023097992
vt 0.6230469 0.26513672
vt 0.6230469 0.0023097992
vt 0.26416016 0.9003906
vt 0.26416016 0.8808594
vt 0.32080078 0.8808594
vt 0.33764648 0.9003906
vt 0.33764648 0.83447266
vt 0.32080078 0.83447266
vt 0.62353516 0.43652344
vt 0.6386719 0.48168945
vt 0.62353516 0.48168945
vt 0.6386719 0.47143555
vt 0.6977539 0.43652344
vt 0.6977539 0.47143555
vt 0.6591797 0.734375
vt 0.69140625 0.71728516
vt 0.69140625 0.7338867
vt 0.63916016 0.71777344
vt 0.63964844 0.74365234
vt 0.6591797 0.74316406
vt 0.7807617 0.43652344
vt 0.7807617 0.48168945
vt 0.74658203 0.48168945
vt 0.74658203 0.47143555
vt 0.6977539 0.43652344
vt 0.6977539 0.47143555
vt 0.7807617 0.43652344
vt 0.79003906 0.43652344
vt 0.79003906 0.48168945
vt 0.7807617 0.48168945
vt 0.79003906 0.43652344
vt 0.8105469 0.43652344
vt 0.8105469 0.48168945
vt 0.79003906 0.48168945
vt 0.5966797 0.7441406
vt 0.44213867 0.75097656
vt 0.44189453 0.71972656
vt 0.63916016 0.71777344
vt 0.63964844 0.74365234
vt 0.6230469 0.0023097992
vt 0.6591797 0.0023097992
vt 0.6591797 0.26513672
vt 0.6230469 0.26513672
vt 0.88134766 0.84521484
vt 0.88134766 0.8364258
vt 0.99658203 0.8364258
vt 0.99658203 0.84521484
vt 0.88134766 0.85498047
vt 0.99658203 0.85498047
vt 0.88134766 0.86376953
vt 0.99658203 0.86376953
vt 0.88134766 0.8720703
vt 0.99658203 0.8720703
vt 0.8754883 0.80566406
vt 0.7602539 0.796875
vt 0.8754883 0.796875
vt 0.7602539 0.80566406
vt 0.8754883 0.8154297
vt 0.7602539 0.8154297
vt 0.8754883 0.82421875
vt 0.7602539 0.82421875
vt 0.8754883 0.83251953
vt 0.7602539 0.83251953
vt 0.75683594 0.76220703
vt 0.7001953 0.75341797
vt 0.75683594 0.75341797
vt 0.7001953 0.76220703
vt 0.75683594 0.77197266
vt 0.7001953 0.77197266
vt 0.75683594 0.7807617
vt 0.7001953 0.7807617
vt 0.75683594 0.7895508
vt 0.7001953 0.7895508
vt 0.8808594 0.76220703
vt 0.8808594 0.75341797
vt 0.9370117 0.75341797
vt 0.9370117 0.76220703
vt 0.8808594 0.77197266
vt 0.9370117 0.77197266
vt 0.8808594 0.7807617
vt 0.9370117 0.7807617
vt 0.8808594 0.7895508
vt 0.9370117 0.7895508
vt 0.31201172 0.875
vt 0.25878906 0.875
vt 0.25854492 0.82714844
vt 0.31201172 0.82666016
vt 0.7553711 0.79589844
vt 0.6401367 0.79589844
vt 0.6401367 0.8046875
vt 0.7553711 0.8046875
vt 0.6401367 0.8129883
vt 0.7553711 0.8129883
vt 0.6401367 0.8227539
vt 0.7553711 0.8227539
vt 0.6401367 0.83154297
vt 0.7553711 0.83154297
vt 0.7597656 0.86376953
vt 0.7597656 0.8725586
vt 0.8754883 0.8725586
vt 0.8754883 0.86376953
vt 0.7597656 0.8540039
vt 0.8754883 0.8540039
vt 0.7597656 0.84521484
vt 0.8754883 0.84521484
vt 0.7597656 0.83691406
vt 0.8754883 0.83691406
vt 0.51464844 0.7519531
vt 0.57128906 0.7607422
vt 0.57128906 0.7519531
vt 0.51464844 0.7607422
vt 0.57128906 0.76953125
vt 0.51464844 0.76953125
vt 0.57128906 0.7792969
vt 0.51464844 0.7792969
vt 0.57128906 0.78808594
vt 0.51464844 0.78808594
vt 0.6333008 0.86083984
vt 0.57714844 0.8696289
vt 0.6333008 0.8696289
vt 0.57714844 0.86083984
vt 0.6333008 0.8510742
vt 0.57714844 0.8510742
vt 0.6333008 0.84228516
vt 0.57714844 0.84228516
vt 0.6333008 0.8334961
vt 0.57714844 0.8334961
vt 0.06173706 0.87353516
vt 0.06188965 0.9213867
vt 0.115234375 0.9213867
vt 0.115112305 0.8730469
vt 0.88134766 0.9692383
vt 0.88134766 0.9604492
vt 0.99658203 0.9604492
vt 0.99658203 0.9692383
vt 0.88134766 0.97802734
vt 0.99658203 0.97802734
vt 0.88134766 0.98779297
vt 0.99658203 0.98779297
vt 0.88134766 0.99658203
vt 0.99658203 0.99658203
vt 0.8754883 0.99609375
vt 0.7597656 0.99609375
vt 0.7597656 0.9873047
vt 0.8754883 0.9873047
vt 0.7597656 0.97753906
vt 0.8754883 0.97753906
vt 0.7597656 0.96875
vt 0.8754883 0.96875
vt 0.7597656 0.95996094
vt 0.8754883 0.95996094
vt 0.81640625 0.7636719
vt 0.7602539 0.7548828
vt 0.81640625 0.7548828
vt 0.7602539 0.7636719
vt 0.81640625 0.77246094
vt 0.7602539 0.77246094
vt 0.81640625 0.78222656
vt 0.7602539 0.78222656
vt 0.81640625 0.79052734
vt 0.7602539 0.79052734
vt 0.5151367 0.91064453
vt 0.57177734 0.90185547
vt 0.57177734 0.91064453
vt 0.5151367 0.90185547
vt 0.57177734 0.89208984
vt 0.5151367 0.89208984
vt 0.57177734 0.88378906
vt 0.5151367 0.88378906
vt 0.57177734 0.875
vt 0.5151367 0.875
vt 0.056640625 0.9970703
vt 0.003293991 0.9975586
vt 0.0031490326 0.94921875
vt 0.056488037 0.94921875
vt 0.99658203 0.9199219
vt 0.88134766 0.9199219
vt 0.88134766 0.92822266
vt 0.99658203 0.92822266
vt 0.88134766 0.9379883
vt 0.99658203 0.9379883
vt 0.88134766 0.94677734
vt 0.99658203 0.94677734
vt 0.88134766 0.9555664
vt 0.99658203 0.9555664
vt 0.75390625 0.88720703
vt 0.75390625 0.87841797
vt 0.6381836 0.87841797
vt 0.6381836 0.88720703
vt 0.75390625 0.89697266
vt 0.6381836 0.89697266
vt 0.75390625 0.90527344
vt 0.6381836 0.90527344
vt 0.75390625 0.9140625
vt 0.6381836 0.9140625
vt 0.57666016 0.9160156
vt 0.6328125 0.9248047
vt 0.6328125 0.9160156
vt 0.57666016 0.9248047
vt 0.6328125 0.9345703
vt 0.57666016 0.9345703
vt 0.6328125 0.9433594
vt 0.57666016 0.9433594
vt 0.6328125 0.95214844
vt 0.57666016 0.95214844
vt 0.57177734 0.91552734
vt 0.5151367 0.91552734
vt 0.5151367 0.9243164
vt 0.57177734 0.9243164
vt 0.5151367 0.93408203
vt 0.57177734 0.93408203
vt 0.5151367 0.9423828
vt 0.57177734 0.9423828
vt 0.5151367 0.9511719
vt 0.57177734 0.9511719
vt 0.2121582 0.90771484
vt 0.21203613 0.859375
vt 0.1586914 0.8598633
vt 0.15881348 0.90771484
vt 0.75439453 0.86279297
vt 0.63916016 0.87158203
vt 0.75439453 0.87158203
vt 0.63916016 0.86279297
vt 0.75439453 0.85302734
vt 0.63916016 0.85302734
vt 0.75439453 0.8442383
vt 0.63916016 0.8442383
vt 0.75439453 0.8354492
vt 0.63916016 0.8354492
vt 0.5161133 0.95703125
vt 0.63183594 0.9658203
vt 0.63183594 0.95703125
vt 0.5161133 0.9658203
vt 0.63183594 0.9746094
vt 0.5161133 0.9746094
vt 0.63183594 0.984375
vt 0.5161133 0.984375
vt 0.63183594 0.99316406
vt 0.5161133 0.99316406
vt 0.94091797 0.78027344
vt 0.94091797 0.7890625
vt 0.9970703 0.7890625
vt 0.9970703 0.78027344
vt 0.94091797 0.7705078
vt 0.9970703 0.7705078
vt 0.94091797 0.76171875
vt 0.9970703 0.76171875
vt 0.94091797 0.7529297
vt 0.9970703 0.7529297
vt 0.8769531 0.75390625
vt 0.8208008 0.75390625
vt 0.8208008 0.7626953
vt 0.8769531 0.7626953
vt 0.8208008 0.7714844
vt 0.8769531 0.7714844
vt 0.8208008 0.78125
vt 0.8769531 0.78125
vt 0.8208008 0.79003906
vt 0.8769531 0.79003906
vt 0.18920898 0.80566406
vt 0.23730469 0.80566406
vt 0.23718262 0.7524414
vt 0.18908691 0.7524414
vt 0.7597656 0.9140625
vt 0.8754883 0.9057617
vt 0.8754883 0.9140625
vt 0.7597656 0.9057617
vt 0.8754883 0.89697266
vt 0.7597656 0.89697266
vt 0.8754883 0.88720703
vt 0.7597656 0.88720703
vt 0.8754883 0.87841797
vt 0.7597656 0.87841797
vt 0.99658203 0.8305664
vt 0.88134766 0.8305664
vt 0.88134766 0.82177734
vt 0.99658203 0.82177734
vt 0.88134766 0.8129883
vt 0.99658203 0.8129883
vt 0.88134766 0.80322266
vt 0.99658203 0.80322266
vt 0.88134766 0.7944336
vt 0.99658203 0.7944336
vt 0.57128906 0.8286133
vt 0.51464844 0.8286133
vt 0.51464844 0.8198242
vt 0.57128906 0.8198242
vt 0.51464844 0.81103516
vt 0.57128906 0.81103516
vt 0.51464844 0.80126953
vt 0.57128906 0.80126953
vt 0.51464844 0.79248047
vt 0.57128906 0.79248047
vt 0.6386719 0.7885742
vt 0.6948242 0.77978516
vt 0.6948242 0.7885742
vt 0.6386719 0.77978516
vt 0.6948242 0.7709961
vt 0.6386719 0.7709961
vt 0.6948242 0.76123047
vt 0.6386719 0.76123047
vt 0.6948242 0.7524414
vt 0.6386719 0.7524414
vt 0.16296387 0.9667969
vt 0.16271973 0.9135742
vt 0.2109375 0.91308594
vt 0.21105957 0.9667969
vt 0.75390625 0.9863281
vt 0.6381836 0.9951172
vt 0.75390625 0.9951172
vt 0.6381836 0.9863281
vt 0.75390625 0.97753906
vt 0.6381836 0.97753906
vt 0.75390625 0.96777344
vt 0.6381836 0.96777344
vt 0.75390625 0.95947266
vt 0.6381836 0.95947266
vt 0.75390625 0.95458984
vt 0.6381836 0.9458008
vt 0.6381836 0.95458984
vt 0.75390625 0.9458008
vt 0.6381836 0.9370117
vt 0.75390625 0.9370117
vt 0.6381836 0.9272461
vt 0.75390625 0.9272461
vt 0.6381836 0.91845703
vt 0.75390625 0.91845703
vt 0.57666016 0.7792969
vt 0.57666016 0.78808594
vt 0.6333008 0.78808594
vt 0.6333008 0.7792969
vt 0.57666016 0.7705078
vt 0.6333008 0.7705078
vt 0.57666016 0.7607422
vt 0.6333008 0.7607422
vt 0.57666016 0.7519531
vt 0.6333008 0.7519531
vt 0.57177734 0.8618164
vt 0.5151367 0.87060547
vt 0.57177734 0.87060547
vt 0.5151367 0.8618164
vt 0.57177734 0.8535156
vt 0.5151367 0.8535156
vt 0.57177734 0.84375
vt 0.5151367 0.84375
vt 0.57177734 0.83496094
vt 0.5151367 0.83496094
vt 0.29125977 0.73876953
vt 0.24304199 0.73876953
vt 0.24316406 0.79248047
vt 0.29125977 0.7919922
vt 0.7597656 0.9560547
vt 0.8754883 0.9472656
vt 0.8754883 0.9560547
vt 0.7597656 0.9472656
vt 0.8754883 0.9375
vt 0.7597656 0.9375
vt 0.8754883 0.92871094
vt 0.7597656 0.92871094
vt 0.8754883 0.9199219
vt 0.7597656 0.9199219
vt 0.99658203 0.8886719
vt 0.88134766 0.8798828
vt 0.99658203 0.8798828
vt 0.88134766 0.8886719
vt 0.99658203 0.89746094
vt 0.88134766 0.89746094
vt 0.99658203 0.90722656
vt 0.88134766 0.90722656
vt 0.99658203 0.9160156
vt 0.88134766 0.9160156
vt 0.6328125 0.9111328
vt 0.57666016 0.9111328
vt 0.57666016 0.90234375
vt 0.6328125 0.90234375
vt 0.57666016 0.8925781
vt 0.6328125 0.8925781
vt 0.57666016 0.88378906
vt 0.6328125 0.88378906
vt 0.57666016 0.875
vt 0.6328125 0.875
vt 0.57714844 0.8017578
vt 0.57714844 0.79296875
vt 0.63378906 0.79296875
vt 0.63378906 0.8017578
vt 0.57714844 0.8105469
vt 0.63378906 0.8105469
vt 0.57714844 0.8203125
vt 0.63378906 0.8203125
vt 0.57714844 0.82910156
vt 0.63378906 0.82910156
vt 0.08483887 0.82421875
vt 0.03149414 0.82470703
vt 0.031341553 0.7763672
vt 0.08465576 0.7763672
vt 0.99560547 0.6035156
vt 0.8203125 0.59472656
vt 0.8203125 0.6035156
vt 0.99560547 0.59472656
vt 0.8203125 0.5854492
vt 0.99560547 0.5854492
vt 0.8203125 0.57470703
vt 0.99560547 0.57470703
vt 0.8203125 0.56591797
vt 0.99560547 0.56591797
vt 0.8203125 0.5566406
vt 0.99560547 0.5566406
vt 0.8203125 0.5463867
vt 0.99560547 0.5463867
vt 0.8779297 0.7167969
vt 0.70214844 0.7080078
vt 0.8779297 0.7080078
vt 0.70214844 0.7167969
vt 0.8779297 0.7260742
vt 0.70214844 0.7260742
vt 0.8779297 0.7363281
vt 0.70214844 0.7363281
vt 0.8779297 0.74560547
vt 0.70214844 0.74560547
vt 0.9897461 0.6538086
vt 0.8378906 0.6538086
vt 0.8378906 0.6425781
vt 0.9897461 0.6425781
vt 0.8334961 0.62939453
vt 0.9941406 0.62939453
vt 0.82910156 0.62060547
vt 0.99853516 0.62060547
vt 0.82910156 0.6123047
vt 0.99853516 0.6123047
vt 0.82470703 0.41918945
vt 0.82470703 0.42822266
vt 0.99658203 0.42822266
vt 0.99658203 0.41918945
vt 0.82470703 0.4104004
vt 0.99658203 0.4104004
vt 0.8286133 0.40014648
vt 0.9926758 0.40014648
vt 0.8330078 0.3881836
vt 0.98828125 0.3881836
vt 0.6376953 0.4868164
vt 0.64501953 0.6303711
vt 0.64501953 0.4868164
vt 0.6376953 0.6303711
vt 0.62890625 0.4868164
vt 0.62890625 0.6303711
vt 0.62158203 0.4868164
vt 0.62158203 0.6303711
vt 0.8100586 0.5800781
vt 0.6542969 0.58740234
vt 0.8100586 0.58740234
vt 0.6542969 0.5800781
vt 0.8100586 0.57177734
vt 0.6542969 0.57177734
vt 0.8100586 0.5644531
vt 0.6542969 0.5644531
vt 0.6567383 0.61376953
vt 0.8149414 0.62060547
vt 0.65478516 0.62060547
vt 0.81347656 0.61376953
vt 0.6591797 0.6044922
vt 0.8105469 0.6044922
vt 0.66015625 0.5966797
vt 0.8095703 0.5966797
vt 0.7167969 0.3779297
vt 0.8154297 0.3701172
vt 0.7167969 0.3701172
vt 0.8154297 0.3779297
vt 0.7167969 0.38720703
vt 0.8154297 0.38720703
vt 0.7167969 0.39501953
vt 0.8154297 0.39501953
vt 0.7163086 0.34765625
vt 0.8149414 0.33984375
vt 0.7163086 0.33984375
vt 0.8149414 0.34765625
vt 0.7163086 0.3569336
vt 0.8149414 0.3569336
vt 0.7163086 0.3647461
vt 0.8149414 0.3647461
vt 0.8154297 0.4248047
vt 0.7167969 0.41723633
vt 0.7167969 0.4248047
vt 0.8154297 0.41723633
vt 0.7167969 0.40771484
vt 0.8154297 0.40771484
vt 0.7167969 0.39990234
vt 0.8154297 0.39990234
vt 0.9951172 0.5395508
vt 0.81933594 0.5395508
vt 0.81933594 0.5307617
vt 0.9951172 0.5307617
vt 0.81933594 0.5214844
vt 0.9951172 0.5214844
vt 0.81933594 0.51123047
vt 0.9951172 0.51123047
vt 0.81933594 0.5019531
vt 0.9951172 0.5019531
vt 0.81933594 0.49291992
vt 0.9951172 0.49291992
vt 0.81933594 0.48242188
vt 0.9951172 0.48242188
vt 0.8198242 0.43725586
vt 0.99609375 0.44628906
vt 0.99609375 0.43725586
vt 0.8198242 0.44628906
vt 0.99609375 0.4567871
vt 0.8198242 0.4567871
vt 0.99609375 0.4658203
vt 0.8198242 0.4658203
vt 0.99609375 0.47509766
vt 0.8198242 0.47509766
vt 0.82373047 0.3696289
vt 0.82373047 0.37841797
vt 0.99609375 0.37841797
vt 0.99609375 0.3696289
vt 0.82373047 0.3605957
vt 0.99609375 0.3605957
vt 0.828125 0.3503418
vt 0.9916992 0.3503418
vt 0.83203125 0.33862305
vt 0.98779297 0.33862305
vt 0.9897461 0.7006836
vt 0.8378906 0.7006836
vt 0.8378906 0.68896484
vt 0.9897461 0.68896484
vt 0.8334961 0.67626953
vt 0.9941406 0.67626953
vt 0.82910156 0.66748047
vt 0.99853516 0.66748047
vt 0.82910156 0.6586914
vt 0.99853516 0.6586914
vt 0.99658203 0.74658203
vt 0.88378906 0.74072266
vt 0.88378906 0.74658203
vt 0.99658203 0.74072266
vt 0.88378906 0.73535156
vt 0.99658203 0.73535156
vt 0.88378906 0.7285156
vt 0.99658203 0.7285156
vt 0.88378906 0.72265625
vt 0.99658203 0.72265625
vt 0.88378906 0.7167969
vt 0.99658203 0.7167969
vt 0.88378906 0.70996094
vt 0.99658203 0.70996094
vt 0.82470703 0.6855469
vt 0.82470703 0.6855469
vt 0.8173828 0.6308594
vt 0.8173828 0.6308594
vt 0.82470703 0.6855469
vt 0.8173828 0.6308594
vt 0.79541016 0.6875
vt 0.79248047 0.62890625
vt 0.79003906 0.6879883
vt 0.7783203 0.6323242
vt 0.7553711 0.69189453
vt 0.7495117 0.63720703
vt 0.7446289 0.69677734
vt 0.74316406 0.6376953
vt 0.64990234 0.70214844
vt 0.64746094 0.6435547
vt 0.6435547 0.64453125
vt 0.6425781 0.7060547
vt 0.63964844 0.63671875
vt 0.63964844 0.71191406
vt 0.5961914 0.6743164
vt 0.5522461 0.71191406
vt 0.5522461 0.63671875
vt 0.56884766 0.52246094
vt 0.56396484 0.51220703
vt 0.57470703 0.51171875
vt 0.57958984 0.5214844
vt 0.5698242 0.50146484
vt 0.5859375 0.5107422
vt 0.5810547 0.50097656
vt 0.6977539 0.3894043
vt 0.69921875 0.37719727
vt 0.70751953 0.38452148
vt 0.6894531 0.38208008
vt 0.70947266 0.37231445
vt 0.69140625 0.36987305
vt 0.7011719 0.36499023
vt 0.56347656 0.5908203
vt 0.5649414 0.5786133
vt 0.5732422 0.5859375
vt 0.5551758 0.5834961
vt 0.5751953 0.57373047
vt 0.5566406 0.57128906
vt 0.56689453 0.56640625
vt 0.030197144 0.7558594
vt 0.02458191 0.765625
vt 0.017929077 0.75634766
vt 0.02355957 0.7470703
vt 0.012306213 0.7661133
vt 0.011291504 0.7475586
vt 0.0056648254 0.7573242
vt 0.5722656 0.45336914
vt 0.578125 0.44262695
vt 0.5673828 0.44335938
vt 0.5830078 0.45263672
vt 0.5732422 0.4326172
vt 0.58935547 0.44189453
vt 0.58447266 0.43188477
vt 0.3322754 0.9277344
vt 0.34228516 0.92285156
vt 0.33398438 0.91552734
vt 0.3239746 0.92041016
vt 0.34399414 0.91064453
vt 0.3256836 0.9082031
vt 0.33569336 0.9033203
vt 0.6040039 0.5229492
vt 0.61376953 0.5185547
vt 0.60546875 0.5107422
vt 0.5957031 0.515625
vt 0.6152344 0.50634766
vt 0.59716797 0.50341797
vt 0.6074219 0.4987793
vt 0.06390381 0.71875
vt 0.05166626 0.7192383
vt 0.05831909 0.72802734
vt 0.057281494 0.70947266
vt 0.046020508 0.7285156
vt 0.045013428 0.7104492
vt 0.039398193 0.71972656
vt 0.28149414 0.94677734
vt 0.27661133 0.93652344
vt 0.28759766 0.93603516
vt 0.29248047 0.9458008
vt 0.28271484 0.92626953
vt 0.29858398 0.9350586
vt 0.29370117 0.92529297
vt 0.6977539 0.421875
vt 0.69921875 0.4099121
vt 0.70751953 0.41723633
vt 0.6894531 0.41455078
vt 0.7089844 0.4050293
vt 0.69091797 0.40234375
vt 0.7011719 0.39770508
vt 0.25097656 0.921875
vt 0.25268555 0.90966797
vt 0.26098633 0.9169922
vt 0.24267578 0.9145508
vt 0.2626953 0.90478516
vt 0.24438477 0.90234375
vt 0.25439453 0.89746094
vt 0.7114258 0.34179688
vt 0.7060547 0.35131836
vt 0.69921875 0.34228516
vt 0.7050781 0.33276367
vt 0.69384766 0.35180664
vt 0.6923828 0.3334961
vt 0.6870117 0.34301758
vt 0.57128906 0.48901367
vt 0.57714844 0.47851562
vt 0.56591797 0.47924805
vt 0.58203125 0.48828125
vt 0.5722656 0.46850586
vt 0.5883789 0.47753906
vt 0.5834961 0.46777344
vt 0.22473145 0.94628906
vt 0.23474121 0.94189453
vt 0.22644043 0.93408203
vt 0.21643066 0.93896484
vt 0.2364502 0.9296875
vt 0.21813965 0.9267578
vt 0.22814941 0.9223633
vt 0.25390625 0.9482422
vt 0.26391602 0.9433594
vt 0.25561523 0.93603516
vt 0.24560547 0.94091797
vt 0.265625 0.93115234
vt 0.24731445 0.92871094
vt 0.25732422 0.9238281
vt 0.32080078 0.9116211
vt 0.30859375 0.9121094
vt 0.31518555 0.92089844
vt 0.31420898 0.90283203
vt 0.30297852 0.921875
vt 0.30200195 0.9033203
vt 0.29638672 0.91308594
vt 0.22241211 0.91748047
vt 0.22851562 0.90722656
vt 0.2175293 0.90771484
vt 0.23352051 0.9169922
vt 0.22363281 0.89697266
vt 0.23962402 0.90625
vt 0.23461914 0.8964844
vt 0.6044922 0.48950195
vt 0.6147461 0.48461914
vt 0.6064453 0.47729492
vt 0.5961914 0.48217773
vt 0.61621094 0.47265625
vt 0.59814453 0.4699707
vt 0.60791016 0.4650879
vt 0.31469727 0.9477539
vt 0.32470703 0.9428711
vt 0.31640625 0.9355469
vt 0.30639648 0.9404297
vt 0.32641602 0.93066406
vt 0.30810547 0.92822266
vt 0.31811523 0.92333984
vt 0.031188965 0.71972656
vt 0.018920898 0.72021484
vt 0.02557373 0.7290039
vt 0.024551392 0.7104492
vt 0.013290405 0.7294922
vt 0.012275696 0.7114258
vt 0.0066566467 0.7207031
vt 0.5541992 0.62597656
vt 0.5493164 0.61572266
vt 0.5605469 0.6152344
vt 0.5654297 0.625
vt 0.55566406 0.60498047
vt 0.57128906 0.6142578
vt 0.56640625 0.6044922
vt 0.66845703 0.35498047
vt 0.67041016 0.34277344
vt 0.67871094 0.35009766
vt 0.66015625 0.34765625
vt 0.6801758 0.33789062
vt 0.6621094 0.33544922
vt 0.671875 0.3305664
vt 0.60498047 0.4519043
vt 0.6064453 0.43969727
vt 0.6147461 0.44726562
vt 0.5966797 0.44458008
vt 0.61621094 0.4350586
vt 0.59814453 0.43237305
vt 0.60839844 0.42773438
vt 0.2927246 0.91259766
vt 0.28710938 0.9223633
vt 0.28051758 0.9135742
vt 0.2861328 0.9038086
vt 0.27490234 0.92285156
vt 0.27368164 0.9042969
vt 0.2680664 0.9140625
vt 0.6640625 0.42163086
vt 0.67041016 0.41088867
vt 0.6591797 0.41186523
vt 0.67529297 0.42089844
vt 0.66552734 0.40112305
vt 0.6816406 0.41015625
vt 0.67626953 0.40039062
vt 0.048706055 0.765625
vt 0.058685303 0.7607422
vt 0.050445557 0.75341797
vt 0.04046631 0.7583008
vt 0.060394287 0.74853516
vt 0.042175293 0.74609375
vt 0.05215454 0.74121094
vt 0.6015625 0.55566406
vt 0.6113281 0.55078125
vt 0.60302734 0.54345703
vt 0.5932617 0.54833984
vt 0.61328125 0.5385742
vt 0.59472656 0.5361328
vt 0.60498047 0.53125
vt 0.07092285 0.6816406
vt 0.055114746 0.6821289
vt 0.06365967 0.69384766
vt 0.062347412 0.6699219
vt 0.04788208 0.69433594
vt 0.046569824 0.67089844
vt 0.03933716 0.68310547
vt 0.56640625 0.5546875
vt 0.56152344 0.5444336
vt 0.5727539 0.5439453
vt 0.5776367 0.55371094
vt 0.5673828 0.5336914
vt 0.5834961 0.54296875
vt 0.5786133 0.5332031
vt 0.5961914 0.5917969
vt 0.59814453 0.57958984
vt 0.6064453 0.58691406
vt 0.5878906 0.58447266
vt 0.60791016 0.57470703
vt 0.58984375 0.5722656
vt 0.5996094 0.5673828
vt 0.5942383 0.6254883
vt 0.5957031 0.61328125
vt 0.6040039 0.62060547
vt 0.5859375 0.61816406
vt 0.60595703 0.60839844
vt 0.58740234 0.60595703
vt 0.59765625 0.6010742
vt 0.6826172 0.3762207
vt 0.6772461 0.3857422
vt 0.67041016 0.37695312
vt 0.67578125 0.36743164
vt 0.6645508 0.3864746
vt 0.6635742 0.36816406
vt 0.6582031 0.37768555
vt 0.33276367 0.96972656
vt 0.34423828 0.9633789
vt 0.33276367 0.95654297
vt 0.32128906 0.9633789
vt 0.34423828 0.9501953
vt 0.32128906 0.9501953
vt 0.33276367 0.9433594
vt 0.22875977 0.9970703
vt 0.22875977 0.9838867
vt 0.24023438 0.9902344
vt 0.21728516 0.9902344
vt 0.24023438 0.9770508
vt 0.21728516 0.9770508
vt 0.22875977 0.9707031
vt 0.30419922 0.9716797
vt 0.30419922 0.9584961
vt 0.31518555 0.96484375
vt 0.2932129 0.96484375
vt 0.31518555 0.95214844
vt 0.2932129 0.95214844
vt 0.30419922 0.9458008
vt 0.25927734 0.9970703
vt 0.2705078 0.99072266
vt 0.25927734 0.984375
vt 0.24816895 0.99072266
vt 0.2705078 0.97802734
vt 0.24816895 0.97802734
vt 0.25927734 0.9711914
vt 0.23950195 0.9716797
vt 0.23950195 0.9584961
vt 0.25097656 0.96484375
vt 0.22814941 0.96484375
vt 0.25097656 0.95166016
vt 0.22814941 0.95166016
vt 0.23950195 0.9453125
vt 0.29248047 0.9975586
vt 0.30395508 0.99072266
vt 0.29248047 0.9838867
vt 0.28100586 0.99072266
vt 0.30395508 0.97753906
vt 0.28100586 0.97753906
vt 0.29248047 0.9707031
vt 0.27172852 0.9716797
vt 0.28295898 0.96484375
vt 0.27172852 0.9584961
vt 0.26049805 0.96484375
vt 0.28295898 0.95214844
vt 0.26049805 0.95214844
vt 0.27172852 0.9458008
vt 0.32617188 0.9970703
vt 0.32617188 0.984375
vt 0.3371582 0.99072266
vt 0.31518555 0.99072266
vt 0.3371582 0.97802734
vt 0.31518555 0.97802734
vt 0.32617188 0.9716797
vt 0.016693115 0.69677734
vt 0.026153564 0.69140625
vt 0.016693115 0.6855469
vt 0.007221222 0.69140625
vt 0.026153564 0.6801758
vt 0.007221222 0.6801758
vt 0.016693115 0.6748047
vt 0.54541016 0.6357422
vt 0.50146484 0.67285156
vt 0.54541016 0.7104492
vt 0.45825195 0.6357422
vt 0.45825195 0.7104492
vt 0.47265625 0.81152344
vt 0.47558594 0.8149414
vt 0.4711914 0.81396484
vt 0.47558594 0.8125
vt 0.47998047 0.81396484
vt 0.47045898 0.8095703
vt 0.46801758 0.8105469
vt 0.47851562 0.81152344
vt 0.4831543 0.8105469
vt 0.47558594 0.8066406
vt 0.46948242 0.8066406
vt 0.4807129 0.8095703
vt 0.46679688 0.8066406
vt 0.484375 0.8066406
vt 0.47045898 0.80322266
vt 0.46801758 0.8022461
vt 0.4814453 0.8066406
vt 0.4831543 0.8022461
vt 0.47265625 0.80126953
vt 0.4711914 0.7988281
vt 0.4807129 0.80322266
vt 0.47998047 0.7988281
vt 0.47558594 0.80029297
vt 0.47558594 0.79785156
vt 0.47851562 0.80126953
vt 0.43286133 0.7861328
vt 0.43286133 0.78271484
vt 0.42944336 0.7817383
vt 0.42773438 0.78466797
vt 0.43823242 0.78466797
vt 0.4267578 0.7788086
vt 0.42382812 0.7807617
vt 0.43652344 0.7817383
vt 0.44213867 0.7807617
vt 0.43286133 0.7753906
vt 0.42578125 0.7753906
vt 0.43920898 0.7788086
vt 0.42236328 0.7753906
vt 0.44360352 0.7753906
vt 0.4267578 0.77197266
vt 0.42382812 0.77001953
vt 0.44018555 0.7753906
vt 0.44213867 0.77001953
vt 0.42944336 0.76904297
vt 0.42773438 0.7661133
vt 0.43920898 0.77197266
vt 0.43823242 0.7661133
vt 0.43286133 0.7680664
vt 0.43286133 0.76464844
vt 0.43652344 0.76904297
vt 0.47265625 0.81152344
vt 0.47558594 0.8149414
vt 0.4711914 0.81396484
vt 0.47558594 0.8125
vt 0.47998047 0.81396484
vt 0.47045898 0.8095703
vt 0.46801758 0.8105469
vt 0.47851562 0.81152344
vt 0.4831543 0.8105469
vt 0.47558594 0.8066406
vt 0.46948242 0.8066406
vt 0.4807129 0.8095703
vt 0.46679688 0.8066406
vt 0.484375 0.8066406
vt 0.47045898 0.80322266
vt 0.46801758 0.8022461
vt 0.4814453 0.8066406
vt 0.4831543 0.8022461
vt 0.47265625 0.80126953
vt 0.4711914 0.7988281
vt 0.4807129 0.80322266
vt 0.47998047 0.7988281
vt 0.47558594 0.80029297
vt 0.47558594 0.79785156
vt 0.47851562 0.80126953
vt 0.43286133 0.7861328
vt 0.43286133 0.78271484
vt 0.42944336 0.7817383
vt 0.42773438 0.78466797
vt 0.43823242 0.78466797
vt 0.4267578 0.7788086
vt 0.42382812 0.7807617
vt 0.43652344 0.7817383
vt 0.44213867 0.7807617
vt 0.43286133 0.7753906
vt 0.42578125 0.7753906
vt 0.43920898 0.7788086
vt 0.42236328 0.7753906
vt 0.44360352 0.7753906
vt 0.4267578 0.77197266
vt 0.42382812 0.77001953
vt 0.44018555 0.7753906
vt 0.44213867 0.77001953
vt 0.42944336 0.76904297
vt 0.42773438 0.7661133
vt 0.43920898 0.77197266
vt 0.43823242 0.7661133
vt 0.43286133 0.7680664
vt 0.43286133 0.76464844
vt 0.43652344 0.76904297
vt 0.47265625 0.81152344
vt 0.47558594 0.8149414
vt 0.4711914 0.81396484
vt 0.47558594 0.8125
vt 0.47998047 0.81396484
vt 0.47045898 0.8095703
vt 0.46801758 0.8105469
vt 0.47851562 0.81152344
vt 0.4831543 0.8105469
vt 0.47558594 0.8066406
vt 0.46948242 0.8066406
vt 0.4807129 0.8095703
vt 0.46679688 0.8066406
vt 0.484375 0.8066406
vt 0.47045898 0.80322266
vt 0.46801758 0.8022461
vt 0.4814453 0.8066406
vt 0.4831543 0.8022461
vt 0.47265625 0.80126953
vt 0.4711914 0.7988281
vt 0.4807129 0.80322266
vt 0.47998047 0.7988281
vt 0.47558594 0.80029297
vt 0.47558594 0.79785156
vt 0.47851562 0.80126953
vt 0.43286133 0.7861328
vt 0.43286133 0.78271484
vt 0.42944336 0.7817383
vt 0.42773438 0.78466797
vt 0.43823242 0.78466797
vt 0.4267578 0.7788086
vt 0.42382812 0.7807617
vt 0.43652344 0.7817383
vt 0.44213867 0.7807617
vt 0.43286133 0.7753906
vt 0.42578125 0.7753906
vt 0.43920898 0.7788086
vt 0.42236328 0.7753906
vt 0.44360352 0.7753906
vt 0.4267578 0.77197266
vt 0.42382812 0.77001953
vt 0.44018555 0.7753906
vt 0.44213867 0.77001953
vt 0.42944336 0.76904297
vt 0.42773438 0.7661133
vt 0.43920898 0.77197266
vt 0.43823242 0.7661133
vt 0.43286133 0.7680664
vt 0.43286133 0.76464844
vt 0.43652344 0.76904297
vt 0.47265625 0.81152344
vt 0.47558594 0.8149414
vt 0.4711914 0.81396484
vt 0.47558594 0.8125
vt 0.47998047 0.81396484
vt 0.47045898 0.8095703
vt 0.46801758 0.8105469
vt 0.47851562 0.81152344
vt 0.4831543 0.8105469
vt 0.47558594 0.8066406
vt 0.46948242 0.8066406
vt 0.4807129 0.8095703
vt 0.46679688 0.8066406
vt 0.484375 0.8066406
vt 0.47045898 0.80322266
vt 0.46801758 0.8022461
vt 0.4814453 0.8066406
vt 0.4831543 0.8022461
vt 0.47265625 0.80126953
vt 0.4711914 0.7988281
vt 0.4807129 0.80322266
vt 0.47998047 0.7988281
vt 0.47558594 0.80029297
vt 0.47558594 0.79785156
vt 0.47851562 0.80126953
vt 0.43286133 0.7861328
vt 0.43286133 0.78271484
vt 0.42944336 0.7817383
vt 0.42773438 0.78466797
vt 0.43823242 0.78466797
vt 0.4267578 0.7788086
vt 0.42382812 0.7807617
vt 0.43652344 0.7817383
vt 0.44213867 0.7807617
vt 0.43286133 0.7753906
vt 0.42578125 0.7753906
vt 0.43920898 0.7788086
vt 0.42236328 0.7753906
vt 0.44360352 0.7753906
vt 0.4267578 0.77197266
vt 0.42382812 0.77001953
vt 0.44018555 0.7753906
vt 0.44213867 0.77001953
vt 0.42944336 0.76904297
vt 0.42773438 0.7661133
vt 0.43920898 0.77197266
vt 0.43823242 0.7661133
vt 0.43286133 0.7680664
vt 0.43286133 0.76464844
vt 0.43652344 0.76904297
vt 0.47265625 0.81152344
vt 0.4711914 0.81396484
vt 0.47558594 0.8149414
vt 0.47558594 0.8125
vt 0.47998047 0.81396484
vt 0.47045898 0.8095703
vt 0.46801758 0.8105469
vt 0.47851562 0.81152344
vt 0.4831543 0.8105469
vt 0.47558594 0.8066406
vt 0.46948242 0.8066406
vt 0.4807129 0.8095703
vt 0.46679688 0.8066406
vt 0.484375 0.8066406
vt 0.47045898 0.80322266
vt 0.46801758 0.8022461
vt 0.4814453 0.8066406
vt 0.4831543 0.8022461
vt 0.47265625 0.80126953
vt 0.4711914 0.7988281
vt 0.4807129 0.80322266
vt 0.47998047 0.7988281
vt 0.47558594 0.80029297
vt 0.47558594 0.79785156
vt 0.47851562 0.80126953
vt 0.43286133 0.7861328
vt 0.42773438 0.78466797
vt 0.42944336 0.7817383
vt 0.43286133 0.78271484
vt 0.43823242 0.78466797
vt 0.4267578 0.7788086
vt 0.42382812 0.7807617
vt 0.43652344 0.7817383
vt 0.44213867 0.7807617
vt 0.43286133 0.7753906
vt 0.42578125 0.7753906
vt 0.43920898 0.7788086
vt 0.42236328 0.7753906
vt 0.44360352 0.7753906
vt 0.4267578 0.77197266
vt 0.42382812 0.77001953
vt 0.44018555 0.7753906
vt 0.44213867 0.77001953
vt 0.42944336 0.76904297
vt 0.42773438 0.7661133
vt 0.43920898 0.77197266
vt 0.43823242 0.7661133
vt 0.43286133 0.7680664
vt 0.43286133 0.76464844
vt 0.43652344 0.76904297
vt 0.47265625 0.81152344
vt 0.4711914 0.81396484
vt 0.47558594 0.8149414
vt 0.47558594 0.8125
vt 0.47998047 0.81396484
vt 0.47045898 0.8095703
vt 0.46801758 0.8105469
vt 0.47851562 0.81152344
vt 0.4831543 0.8105469
vt 0.47558594 0.8066406
vt 0.46948242 0.8066406
vt 0.4807129 0.8095703
vt 0.46679688 0.8066406
vt 0.484375 0.8066406
vt 0.47045898 0.80322266
vt 0.46801758 0.8022461
vt 0.4814453 0.8066406
vt 0.4831543 0.8022461
vt 0.47265625 0.80126953
vt 0.4711914 0.7988281
vt 0.4807129 0.80322266
vt 0.47998047 0.7988281
vt 0.47558594 0.80029297
vt 0.47558594 0.79785156
vt 0.47851562 0.80126953
vt 0.43286133 0.7861328
vt 0.42773438 0.78466797
vt 0.42944336 0.7817383
vt 0.43286133 0.78271484
vt 0.43823242 0.78466797
vt 0.4267578 0.7788086
vt 0.42382812 0.7807617
vt 0.43652344 0.7817383
vt 0.44213867 0.7807617
vt 0.43286133 0.7753906
vt 0.42578125 0.7753906
vt 0.43920898 0.7788086
vt 0.42236328 0.7753906
vt 0.44360352 0.7753906
vt 0.4267578 0.77197266
vt 0.42382812 0.77001953
vt 0.44018555 0.7753906
vt 0.44213867 0.77001953
vt 0.42944336 0.76904297
vt 0.42773438 0.7661133
vt 0.43920898 0.77197266
vt 0.43823242 0.7661133
vt 0.43286133 0.7680664
vt 0.43286133 0.76464844
vt 0.43652344 0.76904297
vt 0.47265625 0.81152344
vt 0.4711914 0.81396484
vt 0.47558594 0.8149414
vt 0.47558594 0.8125
vt 0.47998047 0.81396484
vt 0.47045898 0.8095703
vt 0.46801758 0.8105469
vt 0.47851562 0.81152344
vt 0.4831543 0.8105469
vt 0.47558594 0.8066406
vt 0.46948242 0.8066406
vt 0.4807129 0.8095703
vt 0.46679688 0.8066406
vt 0.484375 0.8066406
vt 0.47045898 0.80322266
vt 0.46801758 0.8022461
vt 0.4814453 0.8066406
vt 0.4831543 0.8022461
vt 0.47265625 0.80126953
vt 0.4711914 0.7988281
vt 0.4807129 0.80322266
vt 0.47998047 0.7988281
vt 0.47558594 0.80029297
vt 0.47558594 0.79785156
vt 0.47851562 0.80126953
vt 0.43286133 0.7861328
vt 0.42773438 0.78466797
vt 0.42944336 0.7817383
vt 0.43286133 0.78271484
vt 0.43823242 0.78466797
vt 0.4267578 0.7788086
vt 0.42382812 0.7807617
vt 0.43652344 0.7817383
vt 0.44213867 0.7807617
vt 0.43286133 0.7753906
vt 0.42578125 0.7753906
vt 0.43920898 0.7788086
vt 0.42236328 0.7753906
vt 0.44360352 0.7753906
vt 0.4267578 0.77197266
vt 0.42382812 0.77001953
vt 0.44018555 0.7753906
vt 0.44213867 0.77001953
vt 0.42944336 0.76904297
vt 0.42773438 0.7661133
vt 0.43920898 0.77197266
vt 0.43823242 0.7661133
vt 0.43286133 0.7680664
vt 0.43286133 0.76464844
vt 0.43652344 0.76904297
vt 0.47265625 0.81152344
vt 0.4711914 0.81396484
vt 0.47558594 0.8149414
vt 0.47558594 0.8125
vt 0.47998047 0.81396484
vt 0.47045898 0.8095703
vt 0.46801758 0.8105469
vt 0.47851562 0.81152344
vt 0.4831543 0.8105469
vt 0.47558594 0.8066406
vt 0.46948242 0.8066406
vt 0.4807129 0.8095703
vt 0.46679688 0.8066406
vt 0.484375 0.8066406
vt 0.47045898 0.80322266
vt 0.46801758 0.8022461
vt 0.4814453 0.8066406
vt 0.4831543 0.8022461
vt 0.47265625 0.80126953
vt 0.4711914 0.7988281
vt 0.4807129 0.80322266
vt 0.47998047 0.7988281
vt 0.47558594 0.80029297
vt 0.47558594 0.79785156
vt 0.47851562 0.80126953
vt 0.43286133 0.7861328
vt 0.42773438 0.78466797
vt 0.42944336 0.7817383
vt 0.43286133 0.78271484
vt 0.43823242 0.78466797
vt 0.4267578 0.7788086
vt 0.42382812 0.7807617
vt 0.43652344 0.7817383
vt 0.44213867 0.7807617
vt 0.43286133 0.7753906
vt 0.42578125 0.7753906
vt 0.43920898 0.7788086
vt 0.42236328 0.7753906
vt 0.44360352 0.7753906
vt 0.4267578 0.77197266
vt 0.42382812 0.77001953
vt 0.44018555 0.7753906
vt 0.44213867 0.77001953
vt 0.42944336 0.76904297
vt 0.42773438 0.7661133
vt 0.43920898 0.77197266
vt 0.43823242 0.7661133
vt 0.43286133 0.7680664
vt 0.43286133 0.76464844
vt 0.43652344 0.76904297
vt 0.43286133 0.7871094
vt 0.43286133 0.7861328
vt 0.42773438 0.78466797
vt 0.42700195 0.78564453
vt 0.4387207 0.78564453
vt 0.42382812 0.7807617
vt 0.43823242 0.78466797
vt 0.42285156 0.78125
vt 0.44311523 0.78125
vt 0.42236328 0.7753906
vt 0.44213867 0.7807617
vt 0.42114258 0.7753906
vt 0.44458008 0.7753906
vt 0.42382812 0.77001953
vt 0.44360352 0.7753906
vt 0.42285156 0.76953125
vt 0.44311523 0.76953125
vt 0.42773438 0.7661133
vt 0.44213867 0.77001953
vt 0.42700195 0.7651367
vt 0.4387207 0.7651367
vt 0.43286133 0.76464844
vt 0.43823242 0.7661133
vt 0.43286133 0.7636719
vt 0.43286133 0.7871094
vt 0.43286133 0.7861328
vt 0.42773438 0.78466797
vt 0.42700195 0.78564453
vt 0.4387207 0.78564453
vt 0.42382812 0.7807617
vt 0.43823242 0.78466797
vt 0.42285156 0.78125
vt 0.44311523 0.78125
vt 0.42236328 0.7753906
vt 0.44213867 0.7807617
vt 0.42114258 0.7753906
vt 0.44458008 0.7753906
vt 0.42382812 0.77001953
vt 0.44360352 0.7753906
vt 0.42285156 0.76953125
vt 0.44311523 0.76953125
vt 0.42773438 0.7661133
vt 0.44213867 0.77001953
vt 0.42700195 0.7651367
vt 0.4387207 0.7651367
vt 0.43286133 0.76464844
vt 0.43823242 0.7661133
vt 0.43286133 0.7636719
vt 0.43286133 0.7871094
vt 0.43286133 0.7861328
vt 0.42773438 0.78466797
vt 0.42700195 0.78564453
vt 0.4387207 0.78564453
vt 0.42382812 0.7807617
vt 0.43823242 0.78466797
vt 0.42285156 0.78125
vt 0.44311523 0.78125
vt 0.42236328 0.7753906
vt 0.44213867 0.7807617
vt 0.42114258 0.7753906
vt 0.44458008 0.7753906
vt 0.42382812 0.77001953
vt 0.44360352 0.7753906
vt 0.42285156 0.76953125
vt 0.44311523 0.76953125
vt 0.42773438 0.7661133
vt 0.44213867 0.77001953
vt 0.42700195 0.7651367
vt 0.4387207 0.7651367
vt 0.43286133 0.76464844
vt 0.43823242 0.7661133
vt 0.43286133 0.7636719
vt 0.43286133 0.7871094
vt 0.43286133 0.7861328
vt 0.42773438 0.78466797
vt 0.42700195 0.78564453
vt 0.4387207 0.78564453
vt 0.42382812 0.7807617
vt 0.43823242 0.78466797
vt 0.42285156 0.78125
vt 0.44311523 0.78125
vt 0.42236328 0.7753906
vt 0.44213867 0.7807617
vt 0.42114258 0.7753906
vt 0.44458008 0.7753906
vt 0.42382812 0.77001953
vt 0.44360352 0.7753906
vt 0.42285156 0.76953125
vt 0.44311523 0.76953125
vt 0.42773438 0.7661133
vt 0.44213867 0.77001953
vt 0.42700195 0.7651367
vt 0.4387207 0.7651367
vt 0.43286133 0.76464844
vt 0.43823242 0.7661133
vt 0.43286133 0.7636719
vt 0.43286133 0.7871094
vt 0.42700195 0.78564453
vt 0.42773438 0.78466797
vt 0.43286133 0.7861328
vt 0.42382812 0.7807617
vt 0.4387207 0.78564453
vt 0.42285156 0.78125
vt 0.43823242 0.78466797
vt 0.42236328 0.7753906
vt 0.44311523 0.78125
vt 0.42114258 0.7753906
vt 0.44213867 0.7807617
vt 0.42382812 0.77001953
vt 0.44458008 0.7753906
vt 0.42285156 0.76953125
vt 0.44360352 0.7753906
vt 0.42773438 0.7661133
vt 0.44311523 0.76953125
vt 0.42700195 0.7651367
vt 0.44213867 0.77001953
vt 0.43286133 0.76464844
vt 0.4387207 0.7651367
vt 0.43286133 0.7636719
vt 0.43823242 0.7661133
vt 0.43286133 0.7871094
vt 0.42700195 0.78564453
vt 0.42773438 0.78466797
vt 0.43286133 0.7861328
vt 0.42382812 0.7807617
vt 0.4387207 0.78564453
vt 0.42285156 0.78125
vt 0.43823242 0.78466797
vt 0.42236328 0.7753906
vt 0.44311523 0.78125
vt 0.42114258 0.7753906
vt 0.44213867 0.7807617
vt 0.42382812 0.77001953
vt 0.44458008 0.7753906
vt 0.42285156 0.76953125
vt 0.44360352 0.7753906
vt 0.42773438 0.7661133
vt 0.44311523 0.76953125
vt 0.42700195 0.7651367
vt 0.44213867 0.77001953
vt 0.43286133 0.76464844
vt 0.4387207 0.7651367
vt 0.43286133 0.7636719
vt 0.43823242 0.7661133
vt 0.43286133 0.7871094
vt 0.42700195 0.78564453
vt 0.42773438 0.78466797
vt 0.43286133 0.7861328
vt 0.42382812 0.7807617
vt 0.4387207 0.78564453
vt 0.42285156 0.78125
vt 0.43823242 0.78466797
vt 0.42236328 0.7753906
vt 0.44311523 0.78125
vt 0.42114258 0.7753906
vt 0.44213867 0.7807617
vt 0.42382812 0.77001953
vt 0.44458008 0.7753906
vt 0.42285156 0.76953125
vt 0.44360352 0.7753906
vt 0.42773438 0.7661133
vt 0.44311523 0.76953125
vt 0.42700195 0.7651367
vt 0.44213867 0.77001953
vt 0.43286133 0.76464844
vt 0.4387207 0.7651367
vt 0.43286133 0.7636719
vt 0.43823242 0.7661133
vt 0.43286133 0.7871094
vt 0.42700195 0.78564453
vt 0.42773438 0.78466797
vt 0.43286133 0.7861328
vt 0.42382812 0.7807617
vt 0.4387207 0.78564453
vt 0.42285156 0.78125
vt 0.43823242 0.78466797
vt 0.42236328 0.7753906
vt 0.44311523 0.78125
vt 0.42114258 0.7753906
vt 0.44213867 0.7807617
vt 0.42382812 0.77001953
vt 0.44458008 0.7753906
vt 0.42285156 0.76953125
vt 0.44360352 0.7753906
vt 0.42773438 0.7661133
vt 0.44311523 0.76953125
vt 0.42700195 0.7651367
vt 0.44213867 0.77001953
vt 0.43286133 0.76464844
vt 0.4387207 0.7651367
vt 0.43286133 0.7636719
vt 0.43823242 0.7661133
vn -0 1 0
vn -0 1 0
vn -0 1 0
vn -0 1 0
vn -0 1 1.1980534E-05
vn -0 1 0
vn -0 1 0
vn -0 1 1.1980534E-05
vn 1 0 -0.00031852722
vn 1 -0.00017404556 -0.0007209778
vn 1 -0.00017404556 -0.0007209778
vn 1 -4.0650368E-05 -0.0004181862
vn 1 0.00011473894 -6.5624714E-05
vn 1 0.00011473894 -6.5624714E-05
vn -0 1 0
vn -0 1 0
vn -0 1 0
vn -0 1 0
vn -0 1 0
vn -0 1 0
vn -0 1 0
vn -0 1 0
vn 1 -1.1444092E-05 -1.1384487E-05
vn 1 -1.1444092E-05 -1.1384487E-05
vn 1 -1.1444092E-05 -1.1384487E-05
vn 1 -1.1444092E-05 -1.1384487E-05
vn -0 1 0
vn -0 1 0
vn -0 1 0
vn -0 1 0
vn -0 1 0
vn -0 1 0
vn -0 1 0
vn -0 1 0
vn -0 1 0
vn -0 1 0
vn -0 1 2.2292137E-05
vn -0 1 2.2292137E-05
vn -0 1 1.1980534E-05
vn -0 1 1.1980534E-05
vn 1 0 0
vn 1 0 0
vn 1 0 0
vn 1 0 0
vn 1 0 0
vn 1 0 0
vn 1 0 0
vn 1 1.013279E-05 0
vn 1 0 -1.5676022E-05
vn 1 0 -1.5676022E-05
vn -0 0 -1
vn -0 0 -1
vn -0 0 -1
vn -0 0 -1
vn -0 -1 0
vn -0 -1 0
vn -0 -1 0
vn -0 -1 0
vn -0 0 1
vn -0 0 1
vn -0 0 1
vn -0 0 1
vn -0 1 3.1769276E-05
vn -0 1 3.1769276E-05
vn -0 1 3.1769276E-05
vn -0 1 3.1769276E-05
vn 1 0 0
vn 1 0 0
vn 1 0 0
vn 1 0 0
vn -0 0 -1
vn -0 0 -1
vn -0 0 -1
vn -0 0 -1
vn -0 0 -1
vn -0 0 -1
vn -0 0 -1
vn -0 0 -1
vn -0 0 -1
vn -0 0 -1
vn -0 0 -1
vn -0 0 -1
vn -0 0 -1
vn -0 0 -1
vn -0 0 -1
vn -0 0 -1
vn -0 1 0
vn -0 1 0
vn -0 1 0
vn -0 1 0
vn -0 1 0
vn -0 1 0
vn -0 1 -1.2040138E-05
vn -0 1 -1.2040138E-05
vn 1 0 0.00032377243
vn 1 -0.00017404556 0.00072574615
vn 1 -0.00017404556 0.00072574615
vn 1 -4.082918E-05 0.0004234314
vn 1 0.00011438131 7.146597E-05
vn 1 0.00011438131 7.146597E-05
vn -0 1 0
vn -0 1 0
vn -0 1 0
vn -0 1 0
vn -0 1 0
vn -0 1 0
vn -0 1 0
vn -0 1 0
vn 1 0 0
vn 1 0 0
vn 1 0 0
vn 1 0 0
vn -0 1 0
vn -0 1 0
vn -0 1 0
vn -0 1 0
vn -0 1 0
vn -0 1 0
vn -0 1 0
vn -0 1 0
vn -0 1 0
vn -0 1 0
vn -0 0 -1
vn -0 0 -1
vn -0 0 -1
vn -0 0 -1
vn -0 0 -1
vn -0 0 -1
vn -0 0 -1
vn -0 0 -1
vn -0 0 -1
vn -0 0 -1
vn -0 1 -2.1755695E-05
vn -0 1 -1.2040138E-05
vn -0 1 -1.2040138E-05
vn -0 1 -2.1755695E-05
vn -0 0 -1
vn -0 0 -1
vn -0 0 -1
vn -0 0 -1
vn -0 0 -1
vn -0 0 -1
vn -0 0 -1
vn 1 0 0
vn 1 0 0
vn 1 0 0
vn 1 0 0
vn 1 0 0
vn 1 1.1384487E-05 0
vn 1 0 0
vn 1 0 0
vn 1 0 1.1861324E-05
vn 1 0 1.1861324E-05
vn -0 0 1
vn -0 0 1
vn -0 0 1
vn -0 0 1
vn -0 -1 0
vn -0 -1 0
vn -0 -1 0
vn -0 -1 0
vn -0 0 -1
vn -0 0 -1
vn -0 0 -1
vn -0 0 -1
vn -0 1 -3.2246113E-05
vn -0 1 -3.2246113E-05
vn -0 1 -3.2246113E-05
vn -0 1 -3.2246113E-05
vn 1 0 0
vn 1 0 0
vn 1 0 0
vn 1 0 0
vn -0 1 0
vn -0 1 0
vn -0 1 0
vn -0 1 0
vn 1.1861324E-05 1 0
vn -0 1 0
vn -0 1 0
vn 1.1861324E-05 1 0
vn -0.00032424927 0 -1
vn -0.00072956085 -0.00017619133 -1
vn -0.00072956085 -0.00017619133 -1
vn -0.0004248619 -4.1663647E-05 -1
vn -6.979704E-05 0.00011497736 -1
vn -6.979704E-05 0.00011497736 -1
vn -0 1 0
vn -0 1 0
vn -0 1 0
vn -0 1 0
vn -0 1 0
vn -0 1 0
vn -0 1 0
vn -0 1 0
vn -1.1384487E-05 -1.1444092E-05 -1
vn -1.1384487E-05 -1.1444092E-05 -1
vn -1.1384487E-05 -1.1444092E-05 -1
vn -1.1384487E-05 -1.1444092E-05 -1
vn -0 1 0
vn -0 1 0
vn -0 1 0
vn -0 1 0
vn -0 1 0
vn -0 1 0
vn -0 1 0
vn -0 1 0
vn -0 1 0
vn -0 1 0
vn 1 0 0
vn 1 0 0
vn 1 0 0
vn 1 0 0
vn 1 0 0
vn 1 0 0
vn 1 0 0
vn 1 0 0
vn 1 0 0
vn 1 0 0
vn 2.193451E-05 1 0
vn 2.193451E-05 1 0
vn 1.1861324E-05 1 0
vn 1.1861324E-05 1 0
vn 1 0 0
vn 1 0 0
vn 1 0 0
vn 1 0 0
vn 1 0 0
vn 1 0 0
vn 1 0 0
vn -0 0 -1
vn -0 0 -1
vn -0 0 -1
vn -0 0 -1
vn -0 0 -1
vn -0 0 -1
vn -0 0 -1
vn -0 0 -1
vn -1.2993813E-05 0 -1
vn -1.2993813E-05 0 -1
vn -1 0 0
vn -1 0 0
vn -1 0 0
vn -1 0 0
vn -0 -1 0
vn -0 -1 0
vn -0 -1 0
vn -0 -1 0
vn 1 0 0
vn 1 0 0
vn 1 0 0
vn 1 0 0
vn 3.1769276E-05 1 0
vn 3.1769276E-05 1 0
vn 3.1769276E-05 1 0
vn 3.1769276E-05 1 0
vn -0 0 -1
vn -0 0 -1
vn -0 0 -1
vn -0 0 -1
vn -1 0 0
vn -1 0 0
vn -1 0 0
vn -1 0 0
vn -0 1 0
vn -0 1 0
vn -0 1 0
vn -0 1 0
vn -0 1 0
vn -0 1 0
vn -1.180172E-05 1 0
vn -1.180172E-05 1 0
vn 0.00032520294 0 -1
vn 0.0007305145 -0.00017404556 -1
vn 0.0007305145 -0.00017404556 -1
vn 0.00042557716 -3.9935112E-05 -1
vn 7.0631504E-05 0.00011634827 -1
vn 7.0631504E-05 0.00011634827 -1
vn -0 1 0
vn -0 1 0
vn -0 1 0
vn -0 1 0
vn -0 1 0
vn -0 1 0
vn -0 1 0
vn -0 1 0
vn -0 0 -1
vn -0 0 -1
vn -0 0 -1
vn -0 0 -1
vn -0 1 0
vn -0 1 0
vn -0 1 0
vn -0 1 0
vn -0 1 0
vn -0 1 0
vn -0 1 0
vn -0 1 0
vn -0 1 0
vn -0 1 0
vn -2.104044E-05 1 0
vn -1.180172E-05 1 0
vn -1.180172E-05 1 0
vn -2.104044E-05 1 0
vn -0 0 -1
vn -0 0 -1
vn -0 0 -1
vn -0 0 -1
vn -0 0 -1
vn -0 1.4066696E-05 -1
vn -0 0 -1
vn -0 1.2099743E-05 -1
vn 1.6450882E-05 0 -1
vn 1.6450882E-05 0 -1
vn 1 0 0
vn 1 0 0
vn 1 0 0
vn 1 0 0
vn -0 -1 0
vn -0 -1 0
vn -0 -1 0
vn -0 -1 0
vn -1 0 0
vn -1 0 0
vn -1 0 0
vn -1 0 0
vn -3.1888485E-05 1 0
vn -3.1888485E-05 1 0
vn -3.1888485E-05 1 0
vn -3.1888485E-05 1 0
vn -0 0 -1
vn -0 0 -1
vn -0 0 -1
vn -0 0 -1
vn 1 0 0
vn 1 0 0
vn 1 0 0
vn 1 0 0
vn 1 0 -1.3232231E-05
vn 1 0 -1.3232231E-05
vn 1 0 -1.3232231E-05
vn 1 0 -1.3232231E-05
vn 1 0 0
vn 1 0 0
vn 1 0 0
vn 1 0 0
vn 1 0 0
vn 1 0 0
vn 1 0 0
vn 1 0 0
vn -0 1 0
vn -0 1 0
vn -0 1 0
vn -0 1 0
vn -0 1 0
vn -0 1 0
vn -0 1 1.1980534E-05
vn -0 1 1.1980534E-05
vn -0 1 0
vn -0 1 0
vn -0 1 0
vn -0 1 0
vn -0 1 0
vn -0 1 0
vn -0 1 0
vn -0 1 0
vn -0 1 0
vn -0 1 0
vn -0 1 0
vn -0 1 0
vn -0 1 0
vn -0 1 0
vn -0 1 0
vn -0 1 0
vn -0 1 0
vn -0 1 0
vn -0 1 2.2292137E-05
vn -0 1 1.1980534E-05
vn -0 1 1.1980534E-05
vn -0 1 2.2292137E-05
vn 1 0 0
vn 1 0 0
vn 1 0 0
vn 1 0 0
vn -0 0 1
vn -0 0 1
vn -0 0 1
vn -0 0 1
vn -0 0 -1
vn -0 0 -1
vn -0 0 -1
vn -0 0 -1
vn 1 0 0
vn 1 0 0
vn 1 0 0
vn 1 0 0
vn 1 0 0
vn 1 0 0
vn -0 0 -1
vn -0 0 -1
vn -0 0 -1
vn -0 0 -1
vn -0 0 -1
vn -0 0 -1
vn 1 0 0
vn 1 0 0
vn 1 0 0
vn 1 0 0
vn 1 0 0
vn 1 0 0
vn -0 0 -1
vn -0 0 -1
vn -0 0 -1
vn -0 0 -1
vn -0 0 -1
vn -0 0 -1
vn -0 1 0
vn -0 1 0
vn -0 1 0
vn -0 1 0
vn -0 1 -1.2040138E-05
vn -0 1 0
vn -0 1 0
vn -0 1 -1.2040138E-05
vn -0 1 0
vn -0 1 0
vn -0 1 0
vn -0 1 0
vn -0 1 0
vn -0 1 0
vn -0 1 0
vn -0 1 0
vn -0 1 0
vn -0 1 0
vn -0 1 0
vn -0 1 0
vn -0 1 0
vn -0 1 0
vn -0 1 0
vn -0 1 0
vn -0 1 0
vn -0 1 0
vn -0 -1.1444092E-05 -1
vn -0 -1.1444092E-05 -1
vn -0 -1.1444092E-05 -1
vn -0 -1.1444092E-05 -1
vn -0 0 -1
vn -0 0 -1
vn -0 0 -1
vn -0 0 -1
vn -0 0 -1
vn -0 0 -1
vn -0 1 -2.1755695E-05
vn -0 1 -2.1755695E-05
vn -0 1 -1.2040138E-05
vn -0 1 -1.2040138E-05
vn 1 0 0
vn 1 0 0
vn 1 0 0
vn 1 0 0
vn -0 0 -1
vn -0 0 -1
vn -0 0 -1
vn -0 0 -1
vn -0 0 -1
vn -0 0 -1
vn -0 0 -1
vn 1 0 0
vn 1 0 0
vn 1 0 0
vn 1 0 0
vn 1 0 0
vn 1 0 0
vn 1 0 0
vn 1 0 0
vn 1 0 0
vn 1 0 0
vn 1 0 0
vn 1 0 0
vn -0 1 0
vn -0 1 0
vn -0 1 0
vn -0 1 0
vn -0 1 0
vn -0 1 0
vn 1.13248825E-05 1 0
vn 1.13248825E-05 1 0
vn -0 1 0
vn -0 1 0
vn -0 1 0
vn -0 1 0
vn -0 1 0
vn -0 1 0
vn -0 1 0
vn -0 1 0
vn -0 1 0
vn -0 1 0
vn -0 1 0
vn -0 1 0
vn -0 1 0
vn -0 1 0
vn -0 1 0
vn -0 1 0
vn -0 1 0
vn -0 1 0
vn 1 0 0
vn 1 0 0
vn 1 0 0
vn 1 0 0
vn 1 0 0
vn 1 0 0
vn 1 0 0
vn 1 0 0
vn 1 0 1.1086464E-05
vn 1 0 1.1086464E-05
vn 2.0563602E-05 1 0
vn 1.13248825E-05 1 0
vn 1.13248825E-05 1 0
vn 2.0563602E-05 1 0
vn -0 0 -1
vn -0 0 -1
vn -0 0 -1
vn -0 0 -1
vn 1 0 0
vn 1 0 0
vn 1 0 0
vn 1 0 0
vn 1 0 0
vn 1 0 0
vn 1 0 0
vn -0 0 -1
vn -0 0 -1
vn -0 0 -1
vn -0 0 -1
vn -0 0 -1
vn -0 0 -1
vn -0 0 -1
vn -0 0 -1
vn -0 0 -1
vn -0 0 -1
vn -0 0 -1
vn -0 0 -1
vn -0 1 0
vn -0 1 0
vn -0 1 0
vn -0 1 0
vn -1.1920929E-05 1 0
vn -0 1 0
vn -0 1 0
vn -1.1920929E-05 1 0
vn -0 1 0
vn -0 1 0
vn -0 1 0
vn -0 1 0
vn -0 1 0
vn -0 1 0
vn -0 1 0
vn -0 1 0
vn -0 1 0
vn -0 1 0
vn -0 1 0
vn -0 1 0
vn -0 1 0
vn -0 1 0
vn -0 1 0
vn -0 1 0
vn -0 1 0
vn -0 1 0
vn -1 0 0
vn -1 0 0
vn -1 0 0
vn -1 0 0
vn -2.1755695E-05 1 0
vn -2.1755695E-05 1 0
vn -1.1920929E-05 1 0
vn -1.1920929E-05 1 0
vn -0 0 -1
vn -0 0 -1
vn -0 0 -1
vn -0 0 -1
vn 1 0 0
vn 1 0 0
vn 1 0 0
vn 1 0 0
vn -0 0 -1
vn -0 0 -1
vn -0 0 -1
vn -0 0 -1
vn -0 0 -1
vn -0 0 -1
vn 1 0 0
vn 1 0 0
vn 1 0 0
vn 1 0 0
vn 1 0 0
vn 1 0 0
vn -0 0 -1
vn -0 0 -1
vn -0 0 -1
vn -0 0 -1
vn -0 0 -1
vn -0 0 -1
vn 1 0 0
vn 1 0 0
vn 1 0 0
vn 1 0 0
vn 1 0 0
vn 1 0 0
vn -0 1 0
vn -0 1 0
vn -0 1 0
vn -0 1 0
vn -0 1 0
vn -0 1 0
vn -0 1 0
vn -0 1 0
vn -0 0 -1
vn -0 0 -1
vn -0 0 -1
vn -0 0 -1
vn -0 0 -1
vn -0 0 -1
vn -0 0 -1
vn 1 1.2040138E-05 0
vn 1 1.2040138E-05 0
vn 1 1.2040138E-05 0
vn 1 1.2040138E-05 0
vn -0 1 0
vn -0 1 0
vn -0 1 0
vn -0 1 0
vn -0 1 0
vn -0 1 0
vn -0 1 0
vn -0 1 0
vn -0 0 -1
vn -0 0 -1
vn -0 0 -1
vn -0 0 -1
vn -0 0 -1
vn -0 0 -1
vn -0 1 0
vn -0 1 0
vn -0 1 0
vn -0 1 0
vn -0 1 0
vn -0 1 0
vn -0 1 0
vn -0 1 0
vn -0 1 0
vn -0 1 0
vn -1 0 0
vn -1 0 0
vn -1 0 0
vn -1 0 0
vn -0 0 -1
vn -0 0 -1
vn -0 0 -1
vn -0 0 -1
vn -0 0 -1
vn -0 0 -1
vn -0 0 -1
vn -0 0 -1
vn -0 1 0
vn -0 1 0
vn -0 1 0
vn -0 1 0
vn -0 1 0
vn -0 1 0
vn -0 1 0
vn -0 1 0
vn -0 0 1
vn -0 0 1
vn -0 0 1
vn -0 0 1
vn 1 0 0
vn 1 0 0
vn 1 0 0
vn 1 0 0
vn 1 0 0
vn 1 0 0
vn 1 0 0
vn -0 1 0
vn -0 1 0
vn -0 1 0
vn -0 1 0
vn -0 1 0
vn -0 1 0
vn -0 1 0
vn -0 1 0
vn -0 1 0
vn -0 1 0
vn -0 0 -1
vn -0 0 -1
vn -0 0 -1
vn -0 0 -1
vn -0 0 -1
vn -0 0 -1
vn 1 0 0
vn 1 0 0
vn 1 0 0
vn 1 0 0
vn 1 0 0
vn 1 0 0
vn 1 0 0
vn 1 0 0
vn -0 0 -1
vn -0 0 -1
vn -0 0 -1
vn -0 0 -1
vn 1 0 0
vn 1 0 0
vn 1 0 0
vn 1 0 0
vn -0 1 0
vn -0 1 0
vn -0 1 0
vn -0 1 0
vn -0 1 0
vn -0 1 0
vn -0 1 0
vn -0 1 0
vn -0 1 0
vn -0 1 0
vn -0 1 0
vn -0 1 0
vn 1 0 0
vn 1 0 0
vn 1 0 0
vn 1 0 0
vn -0 0 -1
vn -0 0 -1
vn -0 0 -1
vn -0 0 -1
vn -0 0 -1
vn -0 0 -1
vn -0 0 -1
vn -0 1 0
vn -0 1 0
vn -0 1 0
vn -0 1 0
vn -0 1 0
vn -0 1 0
vn 1 0 0
vn 1 0 0
vn 1 0 0
vn 1 0 0
vn 1 0 0
vn 1 0 0
vn -0 1 0
vn -0 1 0
vn -0 1 0
vn -0 1 0
vn -0 1 0
vn -0 1 0
vn -0 0 -1
vn -0 0 -1
vn -0 0 -1
vn -0 0 -1
vn -0 0 -1
vn -0 0 -1
vn -1 0 0
vn -1 0 0
vn -1 0 0
vn -1 0 0
vn -0 0 -1
vn -0 0 -1
vn -0 0 -1
vn -0 0 -1
vn 1 0 0
vn 1 0 0
vn 1 0 0
vn 1 0 0
vn 1 0 0
vn 1 0 0
vn 1 0 0
vn 1 0 0
vn 1 0 0
vn 0.86621094 0 0.5
vn 0.5 0 0.86621094
vn 0.2705078 0.70166016 0.6591797
vn 0.73535156 0.5283203 0.42456055
vn 0.86621094 0 -0.5
vn 0.73535156 0.5283203 -0.42456055
vn -0 0 -1
vn -0 0.5283203 -0.8491211
vn -0.5 0 -0.86621094
vn -0.43579102 0.70166016 -0.56396484
vn 0.73535156 0.5283203 0.42456055
vn 0.5 0 0.86621094
vn 0.2705078 0.70166016 0.6591797
vn 0.86621094 0 0.5
vn 0.73535156 0.5283203 -0.42456055
vn 0.86621094 0 -0.5
vn -0 0.5283203 -0.8491211
vn -0 0 -1
vn -0.43579102 0.70166016 -0.56396484
vn -0.5 0 -0.86621094
vn 0.73535156 0.5283203 0.42456055
vn 0.5 0 0.86621094
vn 0.2705078 0.70166016 0.6591797
vn 0.86621094 0 0.5
vn 0.73535156 0.5283203 -0.42456055
vn 0.86621094 0 -0.5
vn -0 0.5283203 -0.8491211
vn -0 0 -1
vn -0.43579102 0.70166016 -0.56396484
vn -0.5 0 -0.86621094
vn 0.86621094 0 0.5
vn 0.5 0 0.86621094
vn 0.2705078 0.70166016 0.6591797
vn 0.73535156 0.5283203 0.42456055
vn 0.86621094 0 -0.5
vn 0.73535156 0.5283203 -0.42456055
vn -0 0 -1
vn -0 0.5283203 -0.8491211
vn -0.5 0 -0.86621094
vn -0.43579102 0.70166016 -0.56396484
vn -0 1 0
vn -0 1 0
vn -0 1 0
vn -0 1 0
vn -0.43579102 0.70166016 -0.56396484
vn -0.5 0 -0.86621094
vn -0 0 -1
vn -0 0.5283203 -0.8491211
vn 0.86621094 0 -0.5
vn 0.73535156 0.5283203 -0.42456055
vn 0.86621094 0 0.5
vn 0.73535156 0.5283203 0.42456055
vn 0.5 0 0.86621094
vn 0.2705078 0.70166016 0.6591797
vn 0.86621094 0 0.5
vn 0.5 0 0.86621094
vn 0.2705078 0.70166016 0.6591797
vn 0.73535156 0.5283203 0.42456055
vn 0.86621094 0 -0.5
vn 0.73535156 0.5283203 -0.42456055
vn -0 0 -1
vn -0 0.5283203 -0.8491211
vn -0.5 0 -0.86621094
vn -0.43579102 0.70166016 -0.56396484
vn -0.5 0 -0.86621094
vn -0 0.5283203 -0.8491211
vn -0.43579102 0.70166016 -0.56396484
vn -0 0 -1
vn 0.73535156 0.5283203 -0.42456055
vn 0.86621094 0 -0.5
vn 0.73535156 0.5283203 0.42456055
vn 0.86621094 0 0.5
vn 0.2705078 0.70166016 0.6591797
vn 0.5 0 0.86621094
vn 0.73535156 0.5283203 0.42456055
vn 0.5 0 0.86621094
vn 0.2705078 0.70166016 0.6591797
vn 0.86621094 0 0.5
vn 0.73535156 0.5283203 -0.42456055
vn 0.86621094 0 -0.5
vn -0 0.5283203 -0.8491211
vn -0 0 -1
vn -0.43579102 0.70166016 -0.56396484
vn -0.5 0 -0.86621094
vn -0 1 0
vn -0 1 0
vn -0 1 0
vn -0 1 0
vn 1 0 0
vn 0.86621094 0 0.5
vn 0.56396484 0.70166016 0.43579102
vn 0.8491211 0.5283203 0
vn 0.5 0 -0.86621094
vn 0.42456055 0.5283203 -0.73535156
vn -0.5 0 -0.86621094
vn -0.42456055 0.5283203 -0.73535156
vn -0.86621094 0 -0.5
vn -0.6591797 0.70166016 -0.2705078
vn -0.6591797 0.70166016 -0.2705078
vn -0.86621094 0 -0.5
vn -0.5 0 -0.86621094
vn -0.42456055 0.5283203 -0.73535156
vn 0.5 0 -0.86621094
vn 0.42456055 0.5283203 -0.73535156
vn 1 0 0
vn 0.8491211 0.5283203 0
vn 0.86621094 0 0.5
vn 0.56396484 0.70166016 0.43579102
vn 0.8491211 0.5283203 0
vn 0.86621094 0 0.5
vn 0.56396484 0.70166016 0.43579102
vn 1 0 0
vn 0.42456055 0.5283203 -0.73535156
vn 0.5 0 -0.86621094
vn -0.42456055 0.5283203 -0.73535156
vn -0.5 0 -0.86621094
vn -0.6591797 0.70166016 -0.2705078
vn -0.86621094 0 -0.5
vn -0.86621094 0 -0.5
vn -0.42456055 0.5283203 -0.73535156
vn -0.6591797 0.70166016 -0.2705078
vn -0.5 0 -0.86621094
vn 0.42456055 0.5283203 -0.73535156
vn 0.5 0 -0.86621094
vn 0.8491211 0.5283203 0
vn 1 0 0
vn 0.56396484 0.70166016 0.43579102
vn 0.86621094 0 0.5
vn -0 1 0
vn -0 1 0
vn -0 1 0
vn -0 1 0
vn -0.6591797 0.70166016 -0.2705078
vn -0.86621094 0 -0.5
vn -0.5 0 -0.86621094
vn -0.42456055 0.5283203 -0.73535156
vn 0.5 0 -0.86621094
vn 0.42456055 0.5283203 -0.73535156
vn 1 0 0
vn 0.8491211 0.5283203 0
vn 0.86621094 0 0.5
vn 0.56396484 0.70166016 0.43579102
vn -0.42456055 0.5283203 -0.73535156
vn -0.6591797 0.70166016 -0.2705078
vn -0.86621094 0 -0.5
vn -0.5 0 -0.86621094
vn 0.42456055 0.5283203 -0.73535156
vn 0.5 0 -0.86621094
vn 0.8491211 0.5283203 0
vn 1 0 0
vn 0.56396484 0.70166016 0.43579102
vn 0.86621094 0 0.5
vn -0.86621094 0 -0.5
vn -0.42456055 0.5283203 -0.73535156
vn -0.6591797 0.70166016 -0.2705078
vn -0.5 0 -0.86621094
vn 0.42456055 0.5283203 -0.73535156
vn 0.5 0 -0.86621094
vn 0.8491211 0.5283203 0
vn 1 0 0
vn 0.56396484 0.70166016 0.43579102
vn 0.86621094 0 0.5
vn -0.6591797 0.70166016 -0.2705078
vn -0.86621094 0 -0.5
vn -0.5 0 -0.86621094
vn -0.42456055 0.5283203 -0.73535156
vn 0.5 0 -0.86621094
vn 0.42456055 0.5283203 -0.73535156
vn 1 0 0
vn 0.8491211 0.5283203 0
vn 0.86621094 0 0.5
vn 0.56396484 0.70166016 0.43579102
vn -0 1 0
vn -0 1 0
vn -0 1 0
vn -0 1 0
vn 0.73535156 0.5283203 0.42456055
vn 0.5 0 0.86621094
vn 0.2705078 0.70166016 0.6591797
vn 0.86621094 0 0.5
vn 0.73535156 0.5283203 -0.42456055
vn 0.86621094 0 -0.5
vn -0 0.5283203 -0.8491211
vn -0 0 -1
vn -0.43579102 0.70166016 -0.56396484
vn -0.5 0 -0.86621094
vn -0.5 0 -0.86621094
vn -0 0.5283203 -0.8491211
vn -0.43579102 0.70166016 -0.56396484
vn -0 0 -1
vn 0.73535156 0.5283203 -0.42456055
vn 0.86621094 0 -0.5
vn 0.73535156 0.5283203 0.42456055
vn 0.86621094 0 0.5
vn 0.2705078 0.70166016 0.6591797
vn 0.5 0 0.86621094
vn 0.86621094 0 0.5
vn 0.5 0 0.86621094
vn 0.2705078 0.70166016 0.6591797
vn 0.73535156 0.5283203 0.42456055
vn 0.86621094 0 -0.5
vn 0.73535156 0.5283203 -0.42456055
vn -0 0 -1
vn -0 0.5283203 -0.8491211
vn -0.5 0 -0.86621094
vn -0.43579102 0.70166016 -0.56396484
vn -0.43579102 0.70166016 -0.56396484
vn -0.5 0 -0.86621094
vn -0 0 -1
vn -0 0.5283203 -0.8491211
vn 0.86621094 0 -0.5
vn 0.73535156 0.5283203 -0.42456055
vn 0.86621094 0 0.5
vn 0.73535156 0.5283203 0.42456055
vn 0.5 0 0.86621094
vn 0.2705078 0.70166016 0.6591797
vn -0 1 0
vn -0 1 0
vn -0 1 0
vn -0 1 0
vn -0.5 0 -0.86621094
vn -0 0.5283203 -0.8491211
vn -0.43579102 0.70166016 -0.56396484
vn -0 0 -1
vn 0.73535156 0.5283203 -0.42456055
vn 0.86621094 0 -0.5
vn 0.73535156 0.5283203 0.42456055
vn 0.86621094 0 0.5
vn 0.2705078 0.70166016 0.6591797
vn 0.5 0 0.86621094
vn -0.43579102 0.70166016 -0.56396484
vn -0.5 0 -0.86621094
vn -0 0 -1
vn -0 0.5283203 -0.8491211
vn 0.86621094 0 -0.5
vn 0.73535156 0.5283203 -0.42456055
vn 0.86621094 0 0.5
vn 0.73535156 0.5283203 0.42456055
vn 0.5 0 0.86621094
vn 0.2705078 0.70166016 0.6591797
vn -0.43579102 0.70166016 -0.56396484
vn -0.5 0 -0.86621094
vn -0 0 -1
vn -0 0.5283203 -0.8491211
vn 0.86621094 0 -0.5
vn 0.73535156 0.5283203 -0.42456055
vn 0.86621094 0 0.5
vn 0.73535156 0.5283203 0.42456055
vn 0.5 0 0.86621094
vn 0.2705078 0.70166016 0.6591797
vn -0.5 0 -0.86621094
vn -0 0.5283203 -0.8491211
vn -0.43579102 0.70166016 -0.56396484
vn -0 0 -1
vn 0.73535156 0.5283203 -0.42456055
vn 0.86621094 0 -0.5
vn 0.73535156 0.5283203 0.42456055
vn 0.86621094 0 0.5
vn 0.2705078 0.70166016 0.6591797
vn 0.5 0 0.86621094
vn -0 1 0
vn -0 1 0
vn -0 1 0
vn -0 1 0
vn 0.8491211 0.5283203 0
vn 0.86621094 0 0.5
vn 0.56396484 0.70166016 0.43579102
vn 1 0 0
vn 0.42456055 0.5283203 -0.73535156
vn 0.5 0 -0.86621094
vn -0.42456055 0.5283203 -0.73535156
vn -0.5 0 -0.86621094
vn -0.6591797 0.70166016 -0.2705078
vn -0.86621094 0 -0.5
vn 0.56396484 0.70166016 0.43579102
vn 1 0 0
vn 0.86621094 0 0.5
vn 0.8491211 0.5283203 0
vn 0.5 0 -0.86621094
vn 0.42456055 0.5283203 -0.73535156
vn -0.5 0 -0.86621094
vn -0.42456055 0.5283203 -0.73535156
vn -0.86621094 0 -0.5
vn -0.6591797 0.70166016 -0.2705078
vn 1 0 0
vn 0.86621094 0 0.5
vn 0.56396484 0.70166016 0.43579102
vn 0.8491211 0.5283203 0
vn 0.5 0 -0.86621094
vn 0.42456055 0.5283203 -0.73535156
vn -0.5 0 -0.86621094
vn -0.42456055 0.5283203 -0.73535156
vn -0.86621094 0 -0.5
vn -0.6591797 0.70166016 -0.2705078
vn 0.8491211 0.5283203 0
vn 0.86621094 0 0.5
vn 0.56396484 0.70166016 0.43579102
vn 1 0 0
vn 0.42456055 0.5283203 -0.73535156
vn 0.5 0 -0.86621094
vn -0.42456055 0.5283203 -0.73535156
vn -0.5 0 -0.86621094
vn -0.6591797 0.70166016 -0.2705078
vn -0.86621094 0 -0.5
vn -0 1 0
vn -0 1 0
vn -0 1 0
vn -0 1 0
vn -0.86621094 0 -0.5
vn -0.42456055 0.5283203 -0.73535156
vn -0.6591797 0.70166016 -0.2705078
vn -0.5 0 -0.86621094
vn 0.42456055 0.5283203 -0.73535156
vn 0.5 0 -0.86621094
vn 0.8491211 0.5283203 0
vn 1 0 0
vn 0.56396484 0.70166016 0.43579102
vn 0.86621094 0 0.5
vn 0.8491211 0.5283203 1.0430813E-05
vn 0.86621094 0 0.5
vn 0.56396484 0.70166016 0.43579102
vn 1 0 1.2934208E-05
vn 0.42456055 0.5283203 -0.73535156
vn 0.5 0 -0.86621094
vn -0.42456055 0.5283203 -0.73535156
vn -0.5 0 -0.86621094
vn -0.6591797 0.70166016 -0.2705078
vn -0.86621094 0 -0.5
vn -0.6591797 0.70166016 -0.2705078
vn -0.86621094 0 -0.5
vn -0.5 0 -0.86621094
vn -0.42456055 0.5283203 -0.73535156
vn 0.5 0 -0.86621094
vn 0.42456055 0.5283203 -0.73535156
vn 1 0 0
vn 0.8491211 0.5283203 0
vn 0.86621094 0 0.5
vn 0.56396484 0.70166016 0.43579102
vn 1 0 0
vn 0.86621094 0 0.5
vn 0.56396484 0.70166016 0.43579102
vn 0.8491211 0.5283203 0
vn 0.5 0 -0.86621094
vn 0.42456055 0.5283203 -0.73535156
vn -0.5 0 -0.86621094
vn -0.42456055 0.5283203 -0.73535156
vn -0.86621094 0 -0.5
vn -0.6591797 0.70166016 -0.2705078
vn -0 1 0
vn -0 1 0
vn -0 1 0
vn -0 1 0
vn 0.42456055 0.5283203 0.73535156
vn 1 0 0
vn 0.5 0 0.86621094
vn 0.8491211 0.5283203 0
vn 0.5 0 -0.86621094
vn 0.42456055 0.5283203 -0.73535156
vn -0.5 0 -0.86621094
vn -0.42456055 0.5283203 -0.73535156
vn -1 0 0
vn -0.8491211 0.5283203 0
vn -0.5 0 0.86621094
vn -0.42456055 0.5283203 0.73535156
vn 0.5 0 0.86621094
vn 0.42456055 0.5283203 0.73535156
vn 0.8491211 0.5283203 0
vn 0.86621094 0 0.5
vn 0.56396484 0.70166016 0.43554688
vn 1 0 0
vn 0.42456055 0.5283203 -0.73535156
vn 0.5 0 -0.86621094
vn -0.42456055 0.5283203 -0.73535156
vn -0.5 0 -0.86621094
vn -0.6591797 0.70166016 -0.2705078
vn -0.86621094 0 -0.5
vn -0.6591797 0.70166016 -0.2705078
vn -0.86621094 0 -0.5
vn -0.5 0 -0.86621094
vn -0.42456055 0.5283203 -0.73535156
vn 0.5 0 -0.86621094
vn 0.42456055 0.5283203 -0.73535156
vn 1 0 0
vn 0.8491211 0.5283203 0
vn 0.86621094 0 0.5
vn 0.56396484 0.70166016 0.43554688
vn 1 0 0
vn 0.86621094 0 0.5
vn 0.56396484 0.70166016 0.43554688
vn 0.8491211 0.5283203 0
vn 0.5 0 -0.86621094
vn 0.42456055 0.5283203 -0.73535156
vn -0.5 0 -0.86621094
vn -0.42456055 0.5283203 -0.73535156
vn -0.86621094 0 -0.5
vn -0.6591797 0.70166016 -0.2705078
vn -0 -0.5 -0.86621094
vn -0 -0.86621094 -0.5
vn -0 -0.86621094 -0.5
vn -0 -0.5 -0.86621094
vn -0 0.5 -0.86621094
vn -0 0.5 -0.86621094
vn -0 0.86621094 -0.5
vn -0 0.86621094 -0.5
vn -0 -0.5 -0.86621094
vn -0 -0.86621094 -0.5
vn -0 -0.86621094 -0.5
vn -0 -0.5 -0.86621094
vn -0 0.5 -0.86621094
vn -0 0.5 -0.86621094
vn -0 0.86621094 -0.5
vn -0 0.86621094 -0.5
vn -0 -0.5 -0.86621094
vn -0 -0.86621094 -0.5
vn -0 -0.86621094 -0.5
vn -0 -0.5 -0.86621094
vn -0 0.5 -0.86621094
vn -0 0.5 -0.86621094
vn -0 0.86621094 -0.5
vn -0 0.86621094 -0.5
vn 0.5 0 -0.86621094
vn 0.86621094 0 -0.5
vn 0.86621094 0 -0.5
vn 0.5 0 -0.86621094
vn -0.5 0 -0.86621094
vn -0.5 0 -0.86621094
vn -0.86621094 0 -0.5
vn -0.86621094 0 -0.5
vn 0.5 0 -0.86621094
vn 0.86621094 0 -0.5
vn 0.86621094 0 -0.5
vn 0.5 0 -0.86621094
vn -0.5 0 -0.86621094
vn -0.5 0 -0.86621094
vn -0.86621094 0 -0.5
vn -0.86621094 0 -0.5
vn -0.86621094 0 -0.5
vn -0.5 0 -0.86621094
vn -0.86621094 0 -0.5
vn -0.5 0 -0.86621094
vn 0.5 0 -0.86621094
vn 0.5 0 -0.86621094
vn 0.86621094 0 -0.5
vn 0.86621094 0 -0.5
vn -0.42456055 0.5283203 0.73535156
vn -0.5 0 0.86621094
vn -1 0 0
vn -0.8491211 0.5283203 0
vn -0.5 0 -0.86621094
vn -0.42456055 0.5283203 -0.73535156
vn 0.5 0 -0.86621094
vn 0.42456055 0.5283203 -0.73535156
vn 1 0 0
vn 0.8491211 0.5283203 0
vn 0.5 0 0.86621094
vn 0.42456055 0.5283203 0.73535156
vn -0.5 0 0.86621094
vn -0.42456055 0.5283203 0.73535156
vn -0.86621094 0 -0.5
vn -0.42456055 0.5283203 -0.73535156
vn -0.6591797 0.70166016 -0.2705078
vn -0.5 0 -0.86621094
vn 0.42456055 0.5283203 -0.73535156
vn 0.5 0 -0.86621094
vn 0.8491211 0.5283203 0
vn 1 0 0
vn 0.56396484 0.70166016 0.43554688
vn 0.86621094 0 0.5
vn 1 0 0
vn 0.86621094 0 0.5
vn 0.56396484 0.70166016 0.43554688
vn 0.8491211 0.5283203 0
vn 0.5 0 -0.86621094
vn 0.42456055 0.5283203 -0.73535156
vn -0.5 0 -0.86621094
vn -0.42456055 0.5283203 -0.73535156
vn -0.86621094 0 -0.5
vn -0.6591797 0.70166016 -0.2705078
vn -0.6591797 0.70166016 -0.2705078
vn -0.86621094 0 -0.5
vn -0.5 0 -0.86621094
vn -0.42456055 0.5283203 -0.73535156
vn 0.5 0 -0.86621094
vn 0.42456055 0.5283203 -0.73535156
vn 1 0 0
vn 0.8491211 0.5283203 0
vn 0.86621094 0 0.5
vn 0.56396484 0.70166016 0.43554688
vn 0.5283203 -0.42456055 0.73535156
vn -0 -1 0
vn -0 -0.5 0.86621094
vn 0.5283203 -0.8491211 0
vn -0 -0.5 -0.86621094
vn 0.5283203 -0.42456055 -0.73535156
vn -0 0.5 -0.86621094
vn 0.5283203 0.42456055 -0.73535156
vn -0 1 0
vn 0.5283203 0.8491211 0
vn -0 0.5 0.86621094
vn 0.5283203 0.42456055 0.73535156
vn -0 -0.5 0.86621094
vn 0.5283203 -0.42456055 0.73535156
vn -0.21728516 0.9760742 -0.012748718
vn -0.11975098 0.9926758 -0.0021953583
vn -0.10852051 0.9941406 -0.001991272
vn -0.08074951 0.99658203 -0.014266968
vn 0.52490234 0.8496094 -0.048797607
vn 0.43676758 0.8979492 -0.057373047
vn -0.14904785 0.9863281 -0.06762695
vn -0.14550781 0.9868164 -0.068115234
vn -0.15979004 0.9868164 -0.026931763
vn -0.15124512 0.98828125 -0.025787354
vn 0.2166748 0.9760742 0.008506775
vn 0.20703125 0.9785156 0.007873535
vn 0.18103027 0.9824219 0.04800415
vn 0.19799805 0.9790039 0.046020508
vn -0.4921875 0.8696289 0.04345703
vn -0.41235352 0.90966797 0.048828125
vn -0.0005760193 1 0.0024356842
vn 0.18884277 0.9819336 -0.0019130707
vn 0.10852051 0.9941406 -0.0019893646
vn 0.11975098 0.9926758 -0.0021953583
vn -0 1 0
vn -0 1 0
vn -0 1 0
vn -0 0.5283203 -0.8491211
vn 0.73535156 0.5283203 -0.42456055
vn -0 1 0
vn -0.43579102 0.70166016 -0.56396484
vn 0.73535156 0.5283203 0.42456055
vn -0.22741699 0.96484375 0.13122559
vn 0.2705078 0.70166016 0.6591797
vn 0.2705078 0.70166016 0.6591797
vn -0 1 0
vn 0.73535156 0.5283203 0.42456055
vn -0.22741699 0.96484375 0.13122559
vn 0.73535156 0.5283203 -0.42456055
vn -0.43579102 0.70166016 -0.56396484
vn -0 0.5283203 -0.8491211
vn -0 0.5283203 -0.8491211
vn -0 1 0
vn -0.43579102 0.70166016 -0.56396484
vn 0.73535156 0.5283203 -0.42456055
vn -0.22741699 0.96484375 0.13122559
vn 0.73535156 0.5283203 0.42456055
vn 0.2705078 0.70166016 0.6591797
vn 0.2705078 0.70166016 0.6591797
vn -0.22741699 0.96484375 0.13122559
vn -0 1 0
vn 0.73535156 0.5283203 0.42456055
vn -0.43579102 0.70166016 -0.56396484
vn 0.73535156 0.5283203 -0.42456055
vn -0 0.5283203 -0.8491211
vn 0.2705078 0.70166016 0.6591797
vn -0 1 0
vn 0.73535156 0.5283203 0.42456055
vn -0.22741699 0.96484375 0.13122559
vn 0.73535156 0.5283203 -0.42456055
vn -0.43579102 0.70166016 -0.56396484
vn -0 0.5283203 -0.8491211
vn -0 0.5283203 -0.8491211
vn 0.73535156 0.5283203 -0.42456055
vn -0 1 0
vn -0.43579102 0.70166016 -0.56396484
vn 0.73535156 0.5283203 0.42456055
vn -0.22741699 0.96484375 0.13122559
vn 0.2705078 0.70166016 0.6591797
vn 0.2705078 0.70166016 0.6591797
vn -0.22741699 0.96484375 0.13122559
vn -0 1 0
vn 0.73535156 0.5283203 0.42456055
vn -0.43579102 0.70166016 -0.56396484
vn 0.73535156 0.5283203 -0.42456055
vn -0 0.5283203 -0.8491211
vn -0 0.5283203 -0.8491211
vn -0 1 0
vn -0.43579102 0.70166016 -0.56396484
vn 0.73535156 0.5283203 -0.42456055
vn -0.22741699 0.96484375 0.13122559
vn 0.73535156 0.5283203 0.42456055
vn 0.2705078 0.70166016 0.6591797
vn -0.6591797 0.70166016 -0.2705078
vn -0.42456055 0.5283203 -0.73535156
vn -0 1 0
vn -0.13122559 0.96484375 0.22741699
vn 0.42456055 0.5283203 -0.73535156
vn 0.56396484 0.70166016 0.43579102
vn 0.8491211 0.5283203 0
vn 0.8491211 0.5283203 0
vn -0 1 0
vn 0.42456055 0.5283203 -0.73535156
vn 0.56396484 0.70166016 0.43579102
vn -0.42456055 0.5283203 -0.73535156
vn -0.13122559 0.96484375 0.22741699
vn -0.6591797 0.70166016 -0.2705078
vn -0.6591797 0.70166016 -0.2705078
vn -0 1 0
vn -0.13122559 0.96484375 0.22729492
vn -0.42456055 0.5283203 -0.73535156
vn 0.56396484 0.70166016 0.43579102
vn 0.42456055 0.5283203 -0.73535156
vn 0.8491211 0.5283203 0
vn 0.8491211 0.5283203 0
vn 0.56396484 0.70166016 0.43579102
vn -0 1 0
vn 0.42456055 0.5283203 -0.73535156
vn -0.13122559 0.96484375 0.22729492
vn -0.42456055 0.5283203 -0.73535156
vn -0.6591797 0.70166016 -0.2705078
vn 0.8491211 0.5283203 0
vn -0 1 0
vn 0.42456055 0.5283203 -0.73535156
vn 0.56396484 0.70166016 0.43579102
vn -0.42456055 0.5283203 -0.73535156
vn -0.13122559 0.96484375 0.22741699
vn -0.6591797 0.70166016 -0.2705078
vn -0.6591797 0.70166016 -0.2705078
vn -0.42456055 0.5283203 -0.73535156
vn -0 1 0
vn -0.13122559 0.96484375 0.22741699
vn 0.42456055 0.5283203 -0.73535156
vn 0.56396484 0.70166016 0.43579102
vn 0.8491211 0.5283203 0
vn 0.8491211 0.5283203 0
vn 0.56396484 0.70166016 0.43579102
vn -0 1 0
vn 0.42456055 0.5283203 -0.73535156
vn -0.13122559 0.96484375 0.22729492
vn -0.42456055 0.5283203 -0.73535156
vn -0.6591797 0.70166016 -0.2705078
vn -0.6591797 0.70166016 -0.2705078
vn -0 1 0
vn -0.13122559 0.96484375 0.22741699
vn -0.42456055 0.5283203 -0.73535156
vn 0.56396484 0.70166016 0.43579102
vn 0.42456055 0.5283203 -0.73535156
vn 0.8491211 0.5283203 0
vn -0 0.5283203 -0.8491211
vn -0 1 0
vn -0.43579102 0.70166016 -0.56396484
vn 0.73535156 0.5283203 -0.42456055
vn -0.22741699 0.96484375 0.13122559
vn 0.73535156 0.5283203 0.42456055
vn 0.2705078 0.70166016 0.6591797
vn 0.2705078 0.70166016 0.6591797
vn -0.22741699 0.96484375 0.13122559
vn -0 1 0
vn 0.73535156 0.5283203 0.42456055
vn -0.43579102 0.70166016 -0.56396484
vn 0.73535156 0.5283203 -0.42456055
vn -0 0.5283203 -0.8491211
vn -0 0.5283203 -0.8491211
vn 0.73535156 0.5283203 -0.42456055
vn -0 1 0
vn -0.43579102 0.70166016 -0.56396484
vn 0.73535156 0.5283203 0.42456055
vn -0.22741699 0.96484375 0.13122559
vn 0.2705078 0.70166016 0.6591797
vn 0.2705078 0.70166016 0.6591797
vn -0 1 0
vn 0.73535156 0.5283203 0.42456055
vn -0.22741699 0.96484375 0.13122559
vn 0.73535156 0.5283203 -0.42456055
vn -0.43579102 0.70166016 -0.56396484
vn -0 0.5283203 -0.8491211
vn 0.2705078 0.70166016 0.6591797
vn -0.22741699 0.96484375 0.13122559
vn -0 1 0
vn 0.73535156 0.5283203 0.42456055
vn -0.43579102 0.70166016 -0.56396484
vn 0.73535156 0.5283203 -0.42456055
vn -0 0.5283203 -0.8491211
vn -0 0.5283203 -0.8491211
vn -0 1 0
vn -0.43579102 0.70166016 -0.56396484
vn 0.73535156 0.5283203 -0.42456055
vn -0.22741699 0.96484375 0.13122559
vn 0.73535156 0.5283203 0.42456055
vn 0.2705078 0.70166016 0.6591797
vn 0.2705078 0.70166016 0.6591797
vn -0 1 0
vn 0.73535156 0.5283203 0.42456055
vn -0.22741699 0.96484375 0.13122559
vn 0.73535156 0.5283203 -0.42456055
vn -0.43579102 0.70166016 -0.56396484
vn -0 0.5283203 -0.8491211
vn -0 0.5283203 -0.8491211
vn 0.73535156 0.5283203 -0.42456055
vn -0 1 0
vn -0.43579102 0.70166016 -0.56396484
vn 0.73535156 0.5283203 0.42456055
vn -0.22741699 0.96484375 0.13122559
vn 0.2705078 0.70166016 0.6591797
vn -0.6591797 0.70166016 -0.2705078
vn -0 1 0
vn -0.13122559 0.96484375 0.22741699
vn -0.42456055 0.5283203 -0.73535156
vn 0.56396484 0.70166016 0.43579102
vn 0.42456055 0.5283203 -0.73535156
vn 0.8491211 0.5283203 0
vn 0.8491211 0.5283203 0
vn 0.56396484 0.70166016 0.43579102
vn -0 1 0
vn 0.42456055 0.5283203 -0.73535156
vn -0.13122559 0.96484375 0.22741699
vn -0.42456055 0.5283203 -0.73535156
vn -0.6591797 0.70166016 -0.2705078
vn -0.6591797 0.70166016 -0.2705078
vn -0.42456055 0.5283203 -0.73535156
vn -0 1 0
vn -0.13122559 0.96484375 0.22729492
vn 0.42456055 0.5283203 -0.73535156
vn 0.56396484 0.70166016 0.43579102
vn 0.8491211 0.5283203 0
vn 0.8491211 0.5283203 0
vn -0 1 0
vn 0.42456055 0.5283203 -0.73535156
vn 0.56396484 0.70166016 0.43579102
vn -0.42456055 0.5283203 -0.73535156
vn -0.13122559 0.96484375 0.22729492
vn -0.6591797 0.70166016 -0.2705078
vn 0.8491211 0.5283203 0
vn 0.56396484 0.70166016 0.43579102
vn -0 1 0
vn 0.42456055 0.5283203 -0.73535156
vn -0.13122559 0.96484375 0.22741699
vn -0.42456055 0.5283203 -0.73535156
vn -0.6591797 0.70166016 -0.2705078
vn -0.6591797 0.70166016 -0.2705078
vn -0 1 0
vn -0.13122559 0.96484375 0.22729492
vn -0.42456055 0.5283203 -0.73535156
vn 0.56396484 0.70166016 0.43579102
vn 0.42456055 0.5283203 -0.73535156
vn 0.8491211 0.5283203 1.0430813E-05
vn 0.8491211 0.5283203 0
vn -0 1 0
vn 0.42456055 0.5283203 -0.73535156
vn 0.56396484 0.70166016 0.43579102
vn -0.42456055 0.5283203 -0.73535156
vn -0.13122559 0.96484375 0.22741699
vn -0.6591797 0.70166016 -0.2705078
vn -0.6591797 0.70166016 -0.2705078
vn -0.42456055 0.5283203 -0.73535156
vn -0 1 0
vn -0.13122559 0.96484375 0.22741699
vn 0.42456055 0.5283203 -0.73535156
vn 0.56396484 0.70166016 0.43579102
vn 0.8491211 0.5283203 0
vn 0.8491211 0.5283203 0
vn 0.42456055 0.5283203 0.73535156
vn -0 1 0
vn 0.42456055 0.5283203 -0.73535156
vn -0.42456055 0.5283203 0.73535156
vn -0.42456055 0.5283203 -0.73535156
vn -0.8491211 0.5283203 0
vn -0.6591797 0.70166016 -0.2705078
vn -0 1 0
vn -0.13098145 0.96533203 0.22680664
vn -0.42456055 0.5283203 -0.73535156
vn 0.56396484 0.70166016 0.43554688
vn 0.42456055 0.5283203 -0.73535156
vn 0.8491211 0.5283203 0
vn 0.8491211 0.5283203 0
vn -0 1 0
vn 0.42456055 0.5283203 -0.73535156
vn 0.56396484 0.70166016 0.43554688
vn -0.42456055 0.5283203 -0.73535156
vn -0.13098145 0.96533203 0.22680664
vn -0.6591797 0.70166016 -0.2705078
vn -0.6591797 0.70166016 -0.2705078
vn -0.42456055 0.5283203 -0.73535156
vn -0 1 0
vn -0.13098145 0.96533203 0.22680664
vn 0.42456055 0.5283203 -0.73535156
vn 0.56396484 0.70166016 0.43554688
vn 0.8491211 0.5283203 0
vn -0.8491211 0.5283203 0
vn -0 1 0
vn -0.42456055 0.5283203 0.73535156
vn -0.42456055 0.5283203 -0.73535156
vn 0.42456055 0.5283203 0.73535156
vn 0.42456055 0.5283203 -0.73535156
vn 0.8491211 0.5283203 0
vn 0.8491211 0.5283203 0
vn 0.56396484 0.70166016 0.43554688
vn -0 1 0
vn 0.42456055 0.5283203 -0.73535156
vn -0.13098145 0.96533203 0.22680664
vn -0.42456055 0.5283203 -0.73535156
vn -0.6591797 0.70166016 -0.2705078
vn -0.6591797 0.70166016 -0.2705078
vn -0.42456055 0.5283203 -0.73535156
vn -0 1 0
vn -0.13098145 0.96533203 0.22680664
vn 0.42456055 0.5283203 -0.73535156
vn 0.56396484 0.70166016 0.43554688
vn 0.8491211 0.5283203 0
vn 0.8491211 0.5283203 0
vn -0 1 0
vn 0.42456055 0.5283203 -0.73535156
vn 0.56396484 0.70166016 0.43554688
vn -0.42456055 0.5283203 -0.73535156
vn -0.13098145 0.96533203 0.22680664
vn -0.6591797 0.70166016 -0.2705078
vn 0.5283203 -0.8491211 0
vn 0.5283203 -0.42456055 0.73535156
vn 1 0 0
vn 0.5283203 -0.42456055 -0.73535156
vn 0.5283203 0.42456055 0.73535156
vn 0.5283203 0.42456055 -0.73535156
vn 0.5283203 0.8491211 0
vn -0 1 0
vn -0 1 0
vn -0 1 0
vn -0.10852051 0.9941406 -0.001991272
vn -0.11975098 0.9926758 -0.0021953583
vn -0.29174805 -0.8120117 -0.5053711
vn -0 -0.6225586 -0.78222656
vn -0.39111328 -0.6225586 -0.6777344
vn -0 -0.8120117 -0.5834961
vn 0.39111328 -0.6225586 -0.6777344
vn -0.5053711 -0.8120117 -0.29174805
vn -0.6777344 -0.6225586 -0.39111328
vn 0.29174805 -0.8120117 -0.5053711
vn 0.6777344 -0.6225586 -0.39111328
vn -0 -1 0
vn -0.5834961 -0.8120117 0
vn 0.5053711 -0.8120117 -0.29174805
vn -0.78222656 -0.6225586 0
vn 0.78222656 -0.6225586 0
vn -0.5053711 -0.8120117 0.29174805
vn -0.6777344 -0.6225586 0.39111328
vn 0.5834961 -0.8120117 0
vn 0.6777344 -0.6225586 0.39111328
vn -0.29174805 -0.8120117 0.5053711
vn -0.39111328 -0.6225586 0.6777344
vn 0.5053711 -0.8120117 0.29174805
vn 0.39111328 -0.6225586 0.6777344
vn -0 -0.8120117 0.5834961
vn -0 -0.6225586 0.78222656
vn 0.29174805 -0.8120117 0.5053711
vn -0 0.6147461 0.7885742
vn -0 0.8105469 0.5859375
vn 0.29296875 0.8105469 0.5073242
vn 0.3942871 0.6147461 0.68310547
vn -0.3942871 0.6147461 0.68310547
vn 0.5073242 0.8105469 0.29296875
vn 0.68310547 0.6147461 0.3942871
vn -0.29296875 0.8105469 0.5073242
vn -0.68310547 0.6147461 0.3942871
vn -0 1 0
vn 0.5859375 0.8105469 0
vn -0.5073242 0.8105469 0.29296875
vn 0.7885742 0.6147461 0
vn -0.7885742 0.6147461 0
vn 0.5073242 0.8105469 -0.29296875
vn 0.68310547 0.6147461 -0.3942871
vn -0.5859375 0.8105469 0
vn -0.68310547 0.6147461 -0.3942871
vn 0.29296875 0.8105469 -0.5073242
vn 0.3942871 0.6147461 -0.68310547
vn -0.5073242 0.8105469 -0.29296875
vn -0.3942871 0.6147461 -0.68310547
vn -0 0.8105469 -0.5859375
vn -0 0.6147461 -0.7885742
vn -0.29296875 0.8105469 -0.5073242
vn -0.29174805 -0.8120117 -0.5053711
vn -0 -0.6225586 -0.78222656
vn -0.39111328 -0.6225586 -0.6777344
vn -0 -0.8120117 -0.5834961
vn 0.39111328 -0.6225586 -0.6777344
vn -0.5053711 -0.8120117 -0.29174805
vn -0.6777344 -0.6225586 -0.39111328
vn 0.29174805 -0.8120117 -0.5053711
vn 0.6777344 -0.6225586 -0.39111328
vn -0 -1 0
vn -0.5834961 -0.8120117 0
vn 0.5053711 -0.8120117 -0.29174805
vn -0.78222656 -0.6225586 0
vn 0.78222656 -0.6225586 0
vn -0.5053711 -0.8120117 0.29174805
vn -0.6777344 -0.6225586 0.39111328
vn 0.5834961 -0.8120117 0
vn 0.6777344 -0.6225586 0.39111328
vn -0.29174805 -0.8120117 0.5053711
vn -0.39111328 -0.6225586 0.6777344
vn 0.5053711 -0.8120117 0.29174805
vn 0.39111328 -0.6225586 0.6777344
vn -0 -0.8120117 0.5834961
vn -0 -0.6225586 0.78222656
vn 0.29174805 -0.8120117 0.5053711
vn -0 0.6147461 0.7885742
vn -0 0.8105469 0.5859375
vn 0.29296875 0.8105469 0.5073242
vn 0.3942871 0.6147461 0.68310547
vn -0.3942871 0.6147461 0.68310547
vn 0.5073242 0.8105469 0.29296875
vn 0.68310547 0.6147461 0.3942871
vn -0.29296875 0.8105469 0.5073242
vn -0.68310547 0.6147461 0.3942871
vn -0 1 0
vn 0.5859375 0.8105469 0
vn -0.5073242 0.8105469 0.29296875
vn 0.7885742 0.6147461 0
vn -0.7885742 0.6147461 0
vn 0.5073242 0.8105469 -0.29296875
vn 0.68310547 0.6147461 -0.3942871
vn -0.5859375 0.8105469 0
vn -0.68310547 0.6147461 -0.3942871
vn 0.29296875 0.8105469 -0.5073242
vn 0.3942871 0.6147461 -0.68310547
vn -0.5073242 0.8105469 -0.29296875
vn -0.3942871 0.6147461 -0.68310547
vn -0 0.8105469 -0.5859375
vn -0 0.6147461 -0.7885742
vn -0.29296875 0.8105469 -0.5073242
vn -0.29174805 -0.8120117 -0.5053711
vn -0 -0.6225586 -0.78222656
vn -0.39111328 -0.6225586 -0.6777344
vn -0 -0.8120117 -0.5834961
vn 0.39111328 -0.6225586 -0.6777344
vn -0.5053711 -0.8120117 -0.29174805
vn -0.6777344 -0.6225586 -0.39111328
vn 0.29174805 -0.8120117 -0.5053711
vn 0.6777344 -0.6225586 -0.39111328
vn -0 -1 0
vn -0.5834961 -0.8120117 0
vn 0.5053711 -0.8120117 -0.29174805
vn -0.78222656 -0.6225586 0
vn 0.78222656 -0.6225586 0
vn -0.5053711 -0.8120117 0.29174805
vn -0.6777344 -0.6225586 0.39111328
vn 0.5834961 -0.8120117 0
vn 0.6777344 -0.6225586 0.39111328
vn -0.29174805 -0.8120117 0.5053711
vn -0.39111328 -0.6225586 0.6777344
vn 0.5053711 -0.8120117 0.29174805
vn 0.39111328 -0.6225586 0.6777344
vn -0 -0.8120117 0.5834961
vn -0 -0.6225586 0.78222656
vn 0.29174805 -0.8120117 0.5053711
vn -0 0.6147461 0.7885742
vn -0 0.8105469 0.5859375
vn 0.29296875 0.8105469 0.5073242
vn 0.3942871 0.6147461 0.68310547
vn -0.3942871 0.6147461 0.68310547
vn 0.5073242 0.8105469 0.29296875
vn 0.68310547 0.6147461 0.3942871
vn -0.29296875 0.8105469 0.5073242
vn -0.68310547 0.6147461 0.3942871
vn -0 1 0
vn 0.5859375 0.8105469 0
vn -0.5073242 0.8105469 0.29296875
vn 0.7885742 0.6147461 0
vn -0.7885742 0.6147461 0
vn 0.5073242 0.8105469 -0.29296875
vn 0.68310547 0.6147461 -0.3942871
vn -0.5859375 0.8105469 0
vn -0.68310547 0.6147461 -0.3942871
vn 0.29296875 0.8105469 -0.5073242
vn 0.3942871 0.6147461 -0.68310547
vn -0.5073242 0.8105469 -0.29296875
vn -0.3942871 0.6147461 -0.68310547
vn -0 0.8105469 -0.5859375
vn -0 0.6147461 -0.7885742
vn -0.29296875 0.8105469 -0.5073242
vn -0.29174805 -0.8120117 -0.5053711
vn -0 -0.6225586 -0.78222656
vn -0.39111328 -0.6225586 -0.6777344
vn -0 -0.8120117 -0.5834961
vn 0.39111328 -0.6225586 -0.6777344
vn -0.5053711 -0.8120117 -0.29174805
vn -0.6777344 -0.6225586 -0.39111328
vn 0.29174805 -0.8120117 -0.5053711
vn 0.6777344 -0.6225586 -0.39111328
vn -0 -1 0
vn -0.5834961 -0.8120117 0
vn 0.5053711 -0.8120117 -0.29174805
vn -0.78222656 -0.6225586 0
vn 0.78222656 -0.6225586 0
vn -0.5053711 -0.8120117 0.29174805
vn -0.6777344 -0.6225586 0.39111328
vn 0.5834961 -0.8120117 0
vn 0.6777344 -0.6225586 0.39111328
vn -0.29174805 -0.8120117 0.5053711
vn -0.39111328 -0.6225586 0.6777344
vn 0.5053711 -0.8120117 0.29174805
vn 0.39111328 -0.6225586 0.6777344
vn -0 -0.8120117 0.5834961
vn -0 -0.6225586 0.78222656
vn 0.29174805 -0.8120117 0.5053711
vn -0 0.6147461 0.7885742
vn -0 0.8105469 0.5859375
vn 0.29296875 0.8105469 0.5073242
vn 0.3942871 0.6147461 0.68310547
vn -0.3942871 0.6147461 0.68310547
vn 0.5073242 0.8105469 0.29296875
vn 0.68310547 0.6147461 0.3942871
vn -0.29296875 0.8105469 0.5073242
vn -0.68310547 0.6147461 0.3942871
vn -0 1 0
vn 0.5859375 0.8105469 0
vn -0.5073242 0.8105469 0.29296875
vn 0.7885742 0.6147461 0
vn -0.7885742 0.6147461 0
vn 0.5073242 0.8105469 -0.29296875
vn 0.68310547 0.6147461 -0.3942871
vn -0.5859375 0.8105469 0
vn -0.68310547 0.6147461 -0.3942871
vn 0.29296875 0.8105469 -0.5073242
vn 0.3942871 0.6147461 -0.68310547
vn -0.5073242 0.8105469 -0.29296875
vn -0.3942871 0.6147461 -0.68310547
vn -0 0.8105469 -0.5859375
vn -0 0.6147461 -0.7885742
vn -0.29296875 0.8105469 -0.5073242
vn 0.29174805 -0.8120117 -0.5053711
vn 0.39111328 -0.6225586 -0.6777344
vn -0 -0.6225586 -0.78222656
vn -0 -0.8120117 -0.5834961
vn -0.39111328 -0.6225586 -0.6777344
vn 0.5053711 -0.8120117 -0.29174805
vn 0.6777344 -0.6225586 -0.39111328
vn -0.29174805 -0.8120117 -0.5053711
vn -0.6777344 -0.6225586 -0.39111328
vn -0 -1 0
vn 0.5834961 -0.8120117 0
vn -0.5053711 -0.8120117 -0.29174805
vn 0.78222656 -0.6225586 0
vn -0.78222656 -0.6225586 0
vn 0.5053711 -0.8120117 0.29174805
vn 0.6777344 -0.6225586 0.39111328
vn -0.5834961 -0.8120117 0
vn -0.6777344 -0.6225586 0.39111328
vn 0.29174805 -0.8120117 0.5053711
vn 0.39111328 -0.6225586 0.6777344
vn -0.5053711 -0.8120117 0.29174805
vn -0.39111328 -0.6225586 0.6777344
vn -0 -0.8120117 0.5834961
vn -0 -0.6225586 0.78222656
vn -0.29174805 -0.8120117 0.5053711
vn -0 0.6147461 0.7885742
vn -0.3942871 0.6147461 0.68310547
vn -0.29296875 0.8105469 0.5073242
vn -0 0.8105469 0.5859375
vn 0.3942871 0.6147461 0.68310547
vn -0.5073242 0.8105469 0.29296875
vn -0.68310547 0.6147461 0.3942871
vn 0.29296875 0.8105469 0.5073242
vn 0.68310547 0.6147461 0.3942871
vn -0 1 0
vn -0.5859375 0.8105469 0
vn 0.5073242 0.8105469 0.29296875
vn -0.7885742 0.6147461 0
vn 0.7885742 0.6147461 0
vn -0.5073242 0.8105469 -0.29296875
vn -0.68310547 0.6147461 -0.3942871
vn 0.5859375 0.8105469 0
vn 0.68310547 0.6147461 -0.3942871
vn -0.29296875 0.8105469 -0.5073242
vn -0.3942871 0.6147461 -0.68310547
vn 0.5073242 0.8105469 -0.29296875
vn 0.3942871 0.6147461 -0.68310547
vn -0 0.8105469 -0.5859375
vn -0 0.6147461 -0.7885742
vn 0.29296875 0.8105469 -0.5073242
vn 0.29174805 -0.8120117 -0.5053711
vn 0.39111328 -0.6225586 -0.6777344
vn -0 -0.6225586 -0.78222656
vn -0 -0.8120117 -0.5834961
vn -0.39111328 -0.6225586 -0.6777344
vn 0.5053711 -0.8120117 -0.29174805
vn 0.6777344 -0.6225586 -0.39111328
vn -0.29174805 -0.8120117 -0.5053711
vn -0.6777344 -0.6225586 -0.39111328
vn -0 -1 0
vn 0.5834961 -0.8120117 0
vn -0.5053711 -0.8120117 -0.29174805
vn 0.78222656 -0.6225586 0
vn -0.78222656 -0.6225586 0
vn 0.5053711 -0.8120117 0.29174805
vn 0.6777344 -0.6225586 0.39111328
vn -0.5834961 -0.8120117 0
vn -0.6777344 -0.6225586 0.39111328
vn 0.29174805 -0.8120117 0.5053711
vn 0.39111328 -0.6225586 0.6777344
vn -0.5053711 -0.8120117 0.29174805
vn -0.39111328 -0.6225586 0.6777344
vn -0 -0.8120117 0.5834961
vn -0 -0.6225586 0.78222656
vn -0.29174805 -0.8120117 0.5053711
vn -0 0.6147461 0.7885742
vn -0.3942871 0.6147461 0.68310547
vn -0.29296875 0.8105469 0.5073242
vn -0 0.8105469 0.5859375
vn 0.3942871 0.6147461 0.68310547
vn -0.5073242 0.8105469 0.29296875
vn -0.68310547 0.6147461 0.3942871
vn 0.29296875 0.8105469 0.5073242
vn 0.68310547 0.6147461 0.3942871
vn -0 1 0
vn -0.5859375 0.8105469 0
vn 0.5073242 0.8105469 0.29296875
vn -0.7885742 0.6147461 0
vn 0.7885742 0.6147461 0
vn -0.5073242 0.8105469 -0.29296875
vn -0.68310547 0.6147461 -0.3942871
vn 0.5859375 0.8105469 0
vn 0.68310547 0.6147461 -0.3942871
vn -0.29296875 0.8105469 -0.5073242
vn -0.3942871 0.6147461 -0.68310547
vn 0.5073242 0.8105469 -0.29296875
vn 0.3942871 0.6147461 -0.68310547
vn -0 0.8105469 -0.5859375
vn -0 0.6147461 -0.7885742
vn 0.29296875 0.8105469 -0.5073242
vn 0.29174805 -0.8120117 -0.5053711
vn 0.39111328 -0.6225586 -0.6777344
vn -0 -0.6225586 -0.78222656
vn -0 -0.8120117 -0.5834961
vn -0.39111328 -0.6225586 -0.6777344
vn 0.5053711 -0.8120117 -0.29174805
vn 0.6777344 -0.6225586 -0.39111328
vn -0.29174805 -0.8120117 -0.5053711
vn -0.6777344 -0.6225586 -0.39111328
vn -0 -1 0
vn 0.5834961 -0.8120117 0
vn -0.5053711 -0.8120117 -0.29174805
vn 0.78222656 -0.6225586 0
vn -0.78222656 -0.6225586 0
vn 0.5053711 -0.8120117 0.29174805
vn 0.6777344 -0.6225586 0.39111328
vn -0.5834961 -0.8120117 0
vn -0.6777344 -0.6225586 0.39111328
vn 0.29174805 -0.8120117 0.5053711
vn 0.39111328 -0.6225586 0.6777344
vn -0.5053711 -0.8120117 0.29174805
vn -0.39111328 -0.6225586 0.6777344
vn -0 -0.8120117 0.5834961
vn -0 -0.6225586 0.78222656
vn -0.29174805 -0.8120117 0.5053711
vn -0 0.6147461 0.7885742
vn -0.3942871 0.6147461 0.68310547
vn -0.29296875 0.8105469 0.5073242
vn -0 0.8105469 0.5859375
vn 0.3942871 0.6147461 0.68310547
vn -0.5073242 0.8105469 0.29296875
vn -0.68310547 0.6147461 0.3942871
vn 0.29296875 0.8105469 0.5073242
vn 0.68310547 0.6147461 0.3942871
vn -0 1 0
vn -0.5859375 0.8105469 0
vn 0.5073242 0.8105469 0.29296875
vn -0.7885742 0.6147461 0
vn 0.7885742 0.6147461 0
vn -0.5073242 0.8105469 -0.29296875
vn -0.68310547 0.6147461 -0.3942871
vn 0.5859375 0.8105469 0
vn 0.68310547 0.6147461 -0.3942871
vn -0.29296875 0.8105469 -0.5073242
vn -0.3942871 0.6147461 -0.68310547
vn 0.5073242 0.8105469 -0.29296875
vn 0.3942871 0.6147461 -0.68310547
vn -0 0.8105469 -0.5859375
vn -0 0.6147461 -0.7885742
vn 0.29296875 0.8105469 -0.5073242
vn 0.29174805 -0.8120117 -0.5053711
vn 0.39111328 -0.6225586 -0.6777344
vn -0 -0.6225586 -0.78222656
vn -0 -0.8120117 -0.5834961
vn -0.39111328 -0.6225586 -0.6777344
vn 0.5053711 -0.8120117 -0.29174805
vn 0.6777344 -0.6225586 -0.39111328
vn -0.29174805 -0.8120117 -0.5053711
vn -0.6777344 -0.6225586 -0.39111328
vn -0 -1 0
vn 0.5834961 -0.8120117 0
vn -0.5053711 -0.8120117 -0.29174805
vn 0.78222656 -0.6225586 0
vn -0.78222656 -0.6225586 0
vn 0.5053711 -0.8120117 0.29174805
vn 0.6777344 -0.6225586 0.39111328
vn -0.5834961 -0.8120117 0
vn -0.6777344 -0.6225586 0.39111328
vn 0.29174805 -0.8120117 0.5053711
vn 0.39111328 -0.6225586 0.6777344
vn -0.5053711 -0.8120117 0.29174805
vn -0.39111328 -0.6225586 0.6777344
vn -0 -0.8120117 0.5834961
vn -0 -0.6225586 0.78222656
vn -0.29174805 -0.8120117 0.5053711
vn -0 0.6147461 0.7885742
vn -0.3942871 0.6147461 0.68310547
vn -0.29296875 0.8105469 0.5073242
vn -0 0.8105469 0.5859375
vn 0.3942871 0.6147461 0.68310547
vn -0.5073242 0.8105469 0.29296875
vn -0.68310547 0.6147461 0.3942871
vn 0.29296875 0.8105469 0.5073242
vn 0.68310547 0.6147461 0.3942871
vn -0 1 0
vn -0.5859375 0.8105469 0
vn 0.5073242 0.8105469 0.29296875
vn -0.7885742 0.6147461 0
vn 0.7885742 0.6147461 0
vn -0.5073242 0.8105469 -0.29296875
vn -0.68310547 0.6147461 -0.3942871
vn 0.5859375 0.8105469 0
vn 0.68310547 0.6147461 -0.3942871
vn -0.29296875 0.8105469 -0.5073242
vn -0.3942871 0.6147461 -0.68310547
vn 0.5073242 0.8105469 -0.29296875
vn 0.3942871 0.6147461 -0.68310547
vn -0 0.8105469 -0.5859375
vn -0 0.6147461 -0.7885742
vn 0.29296875 0.8105469 -0.5073242
vn -0 0.78222656 -0.6225586
vn -0 0.78222656 -0.6225586
vn -0.3112793 0.78222656 -0.5390625
vn -0.3112793 0.78222656 -0.5390625
vn 0.3112793 0.78222656 -0.5390625
vn -0.5390625 0.78222656 -0.3112793
vn 0.3112793 0.78222656 -0.5390625
vn -0.5390625 0.78222656 -0.3112793
vn 0.5390625 0.78222656 -0.3112793
vn -0.6225586 0.78222656 0
vn 0.5390625 0.78222656 -0.3112793
vn -0.6225586 0.78222656 0
vn 0.6225586 0.78222656 0
vn -0.5390625 0.78222656 0.3112793
vn 0.6225586 0.78222656 0
vn -0.5390625 0.78222656 0.3112793
vn 0.5390625 0.78222656 0.3112793
vn -0.3112793 0.78222656 0.5390625
vn 0.5390625 0.78222656 0.3112793
vn -0.3112793 0.78222656 0.5390625
vn 0.3112793 0.78222656 0.5390625
vn -0 0.78222656 0.6225586
vn 0.3112793 0.78222656 0.5390625
vn -0 0.78222656 0.6225586
vn -0 0.78222656 -0.6225586
vn -0 0.78222656 -0.6225586
vn -0.3112793 0.78222656 -0.5390625
vn -0.3112793 0.78222656 -0.5390625
vn 0.3112793 0.78222656 -0.5390625
vn -0.5390625 0.78222656 -0.3112793
vn 0.3112793 0.78222656 -0.5390625
vn -0.5390625 0.78222656 -0.3112793
vn 0.5390625 0.78222656 -0.3112793
vn -0.6225586 0.78222656 0
vn 0.5390625 0.78222656 -0.3112793
vn -0.6225586 0.78222656 0
vn 0.6225586 0.78222656 0
vn -0.5390625 0.78222656 0.3112793
vn 0.6225586 0.78222656 0
vn -0.5390625 0.78222656 0.3112793
vn 0.5390625 0.78222656 0.3112793
vn -0.3112793 0.78222656 0.5390625
vn 0.5390625 0.78222656 0.3112793
vn -0.3112793 0.78222656 0.5390625
vn 0.3112793 0.78222656 0.5390625
vn -0 0.78222656 0.6225586
vn 0.3112793 0.78222656 0.5390625
vn -0 0.78222656 0.6225586
vn -0 0.78222656 -0.6225586
vn -0 0.78222656 -0.6225586
vn -0.3112793 0.78222656 -0.5390625
vn -0.3112793 0.78222656 -0.5390625
vn 0.3112793 0.78222656 -0.5395508
vn -0.5390625 0.78222656 -0.3112793
vn 0.3112793 0.78222656 -0.5395508
vn -0.5390625 0.78222656 -0.3112793
vn 0.5390625 0.78222656 -0.3112793
vn -0.6225586 0.78222656 0
vn 0.5390625 0.78222656 -0.3112793
vn -0.6225586 0.78222656 0
vn 0.6225586 0.78222656 0
vn -0.5390625 0.78222656 0.3112793
vn 0.6225586 0.78222656 0
vn -0.5390625 0.78222656 0.3112793
vn 0.5390625 0.78222656 0.3112793
vn -0.3112793 0.78222656 0.5390625
vn 0.5390625 0.78222656 0.3112793
vn -0.3112793 0.78222656 0.5390625
vn 0.3112793 0.78222656 0.5390625
vn -0 0.78222656 0.6225586
vn 0.3112793 0.78222656 0.5390625
vn -0 0.78222656 0.6225586
vn -0 0.78222656 -0.6225586
vn -0 0.78222656 -0.6225586
vn -0.3112793 0.78222656 -0.5390625
vn -0.3112793 0.78222656 -0.5390625
vn 0.3112793 0.78222656 -0.5390625
vn -0.5390625 0.78222656 -0.3112793
vn 0.3112793 0.78222656 -0.5390625
vn -0.5390625 0.78222656 -0.3112793
vn 0.5390625 0.78222656 -0.3112793
vn -0.6225586 0.78222656 0
vn 0.5390625 0.78222656 -0.3112793
vn -0.6225586 0.78222656 0
vn 0.6225586 0.78222656 0
vn -0.5390625 0.78222656 0.3112793
vn 0.6225586 0.78222656 0
vn -0.5390625 0.78222656 0.3112793
vn 0.5390625 0.78222656 0.3112793
vn -0.3112793 0.78222656 0.5390625
vn 0.5390625 0.78222656 0.3112793
vn -0.3112793 0.78222656 0.5390625
vn 0.3112793 0.78222656 0.5390625
vn -0 0.78222656 0.6225586
vn 0.3112793 0.78222656 0.5390625
vn -0 0.78222656 0.6225586
vn -0 0.78222656 -0.6225586
vn 0.3112793 0.78222656 -0.5390625
vn 0.3112793 0.78222656 -0.5390625
vn -0 0.78222656 -0.6225586
vn 0.5390625 0.78222656 -0.3112793
vn -0.3112793 0.78222656 -0.5390625
vn 0.5390625 0.78222656 -0.3112793
vn -0.3112793 0.78222656 -0.5390625
vn 0.6225586 0.78222656 0
vn -0.5390625 0.78222656 -0.3112793
vn 0.6225586 0.78222656 0
vn -0.5390625 0.78222656 -0.3112793
vn 0.5390625 0.78222656 0.3112793
vn -0.6225586 0.78222656 0
vn 0.5390625 0.78222656 0.3112793
vn -0.6225586 0.78222656 0
vn 0.3112793 0.78222656 0.5390625
vn -0.5390625 0.78222656 0.3112793
vn 0.3112793 0.78222656 0.5390625
vn -0.5390625 0.78222656 0.3112793
vn -0 0.78222656 0.6225586
vn -0.3112793 0.78222656 0.5390625
vn -0 0.78222656 0.6225586
vn -0.3112793 0.78222656 0.5390625
vn -0 0.78222656 -0.6225586
vn 0.3112793 0.78222656 -0.5390625
vn 0.3112793 0.78222656 -0.5390625
vn -0 0.78222656 -0.6225586
vn 0.5390625 0.78222656 -0.3112793
vn -0.3112793 0.78222656 -0.5390625
vn 0.5390625 0.78222656 -0.3112793
vn -0.3112793 0.78222656 -0.5390625
vn 0.6225586 0.78222656 0
vn -0.5390625 0.78222656 -0.3112793
vn 0.6225586 0.78222656 0
vn -0.5390625 0.78222656 -0.3112793
vn 0.5390625 0.78222656 0.3112793
vn -0.6225586 0.78222656 0
vn 0.5390625 0.78222656 0.3112793
vn -0.6225586 0.78222656 0
vn 0.3112793 0.78222656 0.5390625
vn -0.5390625 0.78222656 0.3112793
vn 0.3112793 0.78222656 0.5390625
vn -0.5390625 0.78222656 0.3112793
vn -0 0.78222656 0.6225586
vn -0.3112793 0.78222656 0.5390625
vn -0 0.78222656 0.6225586
vn -0.3112793 0.78222656 0.5390625
vn -0 0.78222656 -0.6225586
vn 0.3112793 0.78222656 -0.5390625
vn 0.3112793 0.78222656 -0.5390625
vn -0 0.78222656 -0.6225586
vn 0.5390625 0.78222656 -0.3112793
vn -0.3112793 0.78222656 -0.5395508
vn 0.5390625 0.78222656 -0.3112793
vn -0.3112793 0.78222656 -0.5395508
vn 0.6225586 0.78222656 0
vn -0.5390625 0.78222656 -0.3112793
vn 0.6225586 0.78222656 0
vn -0.5390625 0.78222656 -0.3112793
vn 0.5390625 0.78222656 0.3112793
vn -0.6225586 0.78222656 0
vn 0.5390625 0.78222656 0.3112793
vn -0.6225586 0.78222656 0
vn 0.3112793 0.78222656 0.5390625
vn -0.5390625 0.78222656 0.3112793
vn 0.3112793 0.78222656 0.5390625
vn -0.5390625 0.78222656 0.3112793
vn -0 0.78222656 0.6225586
vn -0.3112793 0.78222656 0.5390625
vn -0 0.78222656 0.6225586
vn -0.3112793 0.78222656 0.5390625
vn -0 0.78222656 -0.6225586
vn 0.3112793 0.78222656 -0.5390625
vn 0.3112793 0.78222656 -0.5390625
vn -0 0.78222656 -0.6225586
vn 0.5390625 0.78222656 -0.3112793
vn -0.3112793 0.78222656 -0.5390625
vn 0.5390625 0.78222656 -0.3112793
vn -0.3112793 0.78222656 -0.5390625
vn 0.6225586 0.78222656 0
vn -0.5390625 0.78222656 -0.3112793
vn 0.6225586 0.78222656 0
vn -0.5390625 0.78222656 -0.3112793
vn 0.5390625 0.78222656 0.3112793
vn -0.6225586 0.78222656 0
vn 0.5390625 0.78222656 0.3112793
vn -0.6225586 0.78222656 0
vn 0.3112793 0.78222656 0.5390625
vn -0.5390625 0.78222656 0.3112793
vn 0.3112793 0.78222656 0.5390625
vn -0.5390625 0.78222656 0.3112793
vn -0 0.78222656 0.6225586
vn -0.3112793 0.78222656 0.5390625
vn -0 0.78222656 0.6225586
vn -0.3112793 0.78222656 0.5390625
g GuardTower_1_3_0
f 3/3/3 2/2/2 1/1/1
f 4/4/4 3/3/3 1/1/1
f 7/7/7 6/6/6 5/5/5
f 8/8/8 7/7/7 5/5/5
f 11/11/11 10/10/10 9/9/9
f 12/12/12 11/11/11 9/9/9
f 9/9/9 13/13/13 12/12/12
f 13/13/13 14/14/14 12/12/12
f 17/17/17 16/16/16 15/15/15
f 18/18/18 17/17/17 15/15/15
f 21/21/21 20/20/20 19/19/19
f 22/22/22 21/21/21 19/19/19
f 25/25/25 24/24/24 23/23/23
f 26/26/26 25/25/25 23/23/23
f 29/29/29 28/28/28 27/27/27
f 28/28/28 30/30/30 27/27/27
f 27/27/27 30/30/30 31/31/31
f 32/32/32 27/27/27 31/31/31
f 35/35/35 34/34/34 33/33/33
f 36/36/36 35/35/35 33/33/33
f 39/39/39 38/38/38 37/37/37
f 40/40/40 39/39/39 37/37/37
f 43/43/43 42/42/42 41/41/41
f 42/42/42 44/44/44 41/41/41
f 42/42/42 45/45/45 44/44/44
f 45/45/45 46/46/46 44/44/44
f 45/45/45 47/47/47 46/46/46
f 47/47/47 48/48/48 46/46/46
f 49/49/49 47/47/47 45/45/45
f 50/50/50 49/49/49 45/45/45
f 53/53/53 52/52/52 51/51/51
f 54/54/54 53/53/53 51/51/51
f 57/57/57 56/56/56 55/55/55
f 58/58/58 57/57/57 55/55/55
f 61/61/61 60/60/60 59/59/59
f 62/62/62 61/61/61 59/59/59
f 65/65/65 64/64/64 63/63/63
f 66/66/66 65/65/65 63/63/63
f 69/69/69 68/68/68 67/67/67
f 70/70/70 69/69/69 67/67/67
f 73/73/73 72/72/72 71/71/71
f 74/74/74 73/73/73 71/71/71
f 77/77/77 76/76/76 75/75/75
f 76/76/76 78/78/78 75/75/75
f 75/75/75 78/78/78 79/79/79
f 78/78/78 80/80/80 79/79/79
f 83/83/83 82/82/82 81/81/81
f 82/82/82 84/84/84 81/81/81
f 85/85/85 84/84/84 82/82/82
f 86/86/86 85/85/85 82/82/82
f 89/89/89 88/88/88 87/87/87
f 90/90/90 89/89/89 87/87/87
f 93/93/93 92/92/92 91/91/91
f 94/94/94 93/93/93 91/91/91
f 97/97/97 96/96/96 95/95/95
f 96/96/96 98/98/98 95/95/95
f 95/95/95 98/98/98 99/99/99
f 98/98/98 100/100/100 99/99/99
f 103/103/103 102/102/102 101/101/101
f 104/104/104 103/103/103 101/101/101
f 107/107/107 106/106/106 105/105/105
f 108/108/108 107/107/107 105/105/105
f 111/111/111 110/110/110 109/109/109
f 112/112/112 111/111/111 109/109/109
f 115/115/115 114/114/114 113/113/113
f 114/114/114 116/116/116 113/113/113
f 117/117/117 116/116/116 114/114/114
f 118/118/118 117/117/117 114/114/114
f 121/121/121 120/120/120 119/119/119
f 122/122/122 121/121/121 119/119/119
f 125/125/125 124/124/124 123/123/123
f 126/126/126 125/125/125 123/123/123
f 129/129/129 128/128/128 127/127/127
f 130/130/130 129/129/129 127/127/127
f 131/131/131 130/130/130 127/127/127
f 132/132/132 131/131/131 127/127/127
f 135/135/135 134/134/134 133/133/133
f 136/136/136 135/135/135 133/133/133
f 139/139/139 138/138/138 137/137/137
f 138/138/138 140/140/140 137/137/137
f 137/137/137 140/140/140 141/141/141
f 140/140/140 142/142/142 141/141/141
f 143/143/143 142/142/142 140/140/140
f 146/146/146 145/145/145 144/144/144
f 147/147/147 146/146/146 144/144/144
f 148/148/148 146/146/146 147/147/147
f 149/149/149 148/148/148 147/147/147
f 150/150/150 148/148/148 149/149/149
f 151/151/151 150/150/150 149/149/149
f 150/150/150 152/152/152 148/148/148
f 152/152/152 153/153/153 148/148/148
f 156/156/156 155/155/155 154/154/154
f 157/157/157 156/156/156 154/154/154
f 160/160/160 159/159/159 158/158/158
f 161/161/161 160/160/160 158/158/158
f 164/164/164 163/163/163 162/162/162
f 165/165/165 164/164/164 162/162/162
f 168/168/168 167/167/167 166/166/166
f 169/169/169 168/168/168 166/166/166
f 172/172/172 171/171/171 170/170/170
f 173/173/173 172/172/172 170/170/170
f 176/176/176 175/175/175 174/174/174
f 177/177/177 176/176/176 174/174/174
f 180/180/180 179/179/179 178/178/178
f 181/181/181 180/180/180 178/178/178
f 184/184/184 183/183/183 182/182/182
f 185/185/185 184/184/184 182/182/182
f 182/182/182 186/186/186 185/185/185
f 186/186/186 187/187/187 185/185/185
f 190/190/190 189/189/189 188/188/188
f 191/191/191 190/190/190 188/188/188
f 194/194/194 193/193/193 192/192/192
f 195/195/195 194/194/194 192/192/192
f 198/198/198 197/197/197 196/196/196
f 199/199/199 198/198/198 196/196/196
f 202/202/202 201/201/201 200/200/200
f 201/201/201 203/203/203 200/200/200
f 200/200/200 203/203/203 204/204/204
f 205/205/205 200/200/200 204/204/204
f 208/208/208 207/207/207 206/206/206
f 209/209/209 208/208/208 206/206/206
f 212/212/212 211/211/211 210/210/210
f 213/213/213 212/212/212 210/210/210
f 216/216/216 215/215/215 214/214/214
f 217/217/217 216/216/216 214/214/214
f 216/216/216 217/217/217 218/218/218
f 219/219/219 216/216/216 218/218/218
f 222/222/222 221/221/221 220/220/220
f 223/223/223 222/222/222 220/220/220
f 226/226/226 225/225/225 224/224/224
f 225/225/225 227/227/227 224/224/224
f 227/227/227 225/225/225 228/228/228
f 229/229/229 227/227/227 228/228/228
f 229/229/229 230/230/230 227/227/227
f 233/233/233 232/232/232 231/231/231
f 232/232/232 234/234/234 231/231/231
f 232/232/232 235/235/235 234/234/234
f 235/235/235 236/236/236 234/234/234
f 235/235/235 237/237/237 236/236/236
f 237/237/237 238/238/238 236/236/236
f 239/239/239 237/237/237 235/235/235
f 240/240/240 239/239/239 235/235/235
f 243/243/243 242/242/242 241/241/241
f 244/244/244 243/243/243 241/241/241
f 247/247/247 246/246/246 245/245/245
f 248/248/248 247/247/247 245/245/245
f 251/251/251 250/250/250 249/249/249
f 252/252/252 251/251/251 249/249/249
f 255/255/255 254/254/254 253/253/253
f 256/256/256 255/255/255 253/253/253
f 259/259/259 258/258/258 257/257/257
f 260/260/260 259/259/259 257/257/257
f 263/263/263 262/262/262 261/261/261
f 264/264/264 263/263/263 261/261/261
f 267/267/267 266/266/266 265/265/265
f 268/268/268 267/267/267 265/265/265
f 271/271/271 270/270/270 269/269/269
f 272/272/272 271/271/271 269/269/269
f 275/275/275 274/274/274 273/273/273
f 274/274/274 276/276/276 273/273/273
f 273/273/273 276/276/276 277/277/277
f 276/276/276 278/278/278 277/277/277
f 281/281/281 280/280/280 279/279/279
f 282/282/282 281/281/281 279/279/279
f 285/285/285 284/284/284 283/283/283
f 286/286/286 285/285/285 283/283/283
f 289/289/289 288/288/288 287/287/287
f 290/290/290 289/289/289 287/287/287
f 293/293/293 292/292/292 291/291/291
f 292/292/292 294/294/294 291/291/291
f 295/295/295 294/294/294 292/292/292
f 296/296/296 295/295/295 292/292/292
f 299/299/299 298/298/298 297/297/297
f 300/300/300 299/299/299 297/297/297
f 303/303/303 302/302/302 301/301/301
f 304/304/304 303/303/303 301/301/301
f 307/307/307 306/306/306 305/305/305
f 308/308/308 307/307/307 305/305/305
f 309/309/309 307/307/307 308/308/308
f 310/310/310 309/309/309 308/308/308
f 311/311/311 309/309/309 310/310/310
f 312/312/312 311/311/311 310/310/310
f 311/311/311 313/313/313 309/309/309
f 313/313/313 314/314/314 309/309/309
f 317/317/317 316/316/316 315/315/315
f 318/318/318 317/317/317 315/315/315
f 321/321/321 320/320/320 319/319/319
f 322/322/322 321/321/321 319/319/319
f 325/325/325 324/324/324 323/323/323
f 326/326/326 325/325/325 323/323/323
f 329/329/329 328/328/328 327/327/327
f 330/330/330 329/329/329 327/327/327
f 333/333/333 332/332/332 331/331/331
f 334/334/334 333/333/333 331/331/331
f 337/337/337 336/336/336 335/335/335
f 338/338/338 337/337/337 335/335/335
f 341/341/341 340/340/340 339/339/339
f 342/342/342 341/341/341 339/339/339
f 339/339/339 343/343/343 342/342/342
f 343/343/343 344/344/344 342/342/342
f 347/347/347 346/346/346 345/345/345
f 348/348/348 347/347/347 345/345/345
f 348/348/348 349/349/349 347/347/347
f 349/349/349 350/350/350 347/347/347
f 353/353/353 352/352/352 351/351/351
f 354/354/354 353/353/353 351/351/351
f 357/357/357 356/356/356 355/355/355
f 358/358/358 357/357/357 355/355/355
f 361/361/361 360/360/360 359/359/359
f 362/362/362 361/361/361 359/359/359
f 365/365/365 364/364/364 363/363/363
f 366/366/366 365/365/365 363/363/363
f 369/369/369 368/368/368 367/367/367
f 368/368/368 370/370/370 367/367/367
f 371/371/371 370/370/370 368/368/368
f 372/372/372 371/371/371 368/368/368
f 375/375/375 374/374/374 373/373/373
f 376/376/376 375/375/375 373/373/373
f 379/379/379 378/378/378 377/377/377
f 380/380/380 379/379/379 377/377/377
f 383/383/383 382/382/382 381/381/381
f 384/384/384 383/383/383 381/381/381
f 387/387/387 386/386/386 385/385/385
f 388/388/388 387/387/387 385/385/385
f 391/391/391 390/390/390 389/389/389
f 392/392/392 391/391/391 389/389/389
f 395/395/395 394/394/394 393/393/393
f 394/394/394 396/396/396 393/393/393
f 396/396/396 397/397/397 393/393/393
f 397/397/397 398/398/398 393/393/393
f 401/401/401 400/400/400 399/399/399
f 402/402/402 401/401/401 399/399/399
f 399/399/399 403/403/403 402/402/402
f 403/403/403 404/404/404 402/402/402
f 407/407/407 406/406/406 405/405/405
f 406/406/406 408/408/408 405/405/405
f 408/408/408 406/406/406 409/409/409
f 406/406/406 410/410/410 409/409/409
f 413/413/413 412/412/412 411/411/411
f 414/414/414 413/413/413 411/411/411
f 414/414/414 415/415/415 413/413/413
f 415/415/415 416/416/416 413/413/413
f 419/419/419 418/418/418 417/417/417
f 420/420/420 419/419/419 417/417/417
f 423/423/423 422/422/422 421/421/421
f 424/424/424 423/423/423 421/421/421
f 427/427/427 426/426/426 425/425/425
f 428/428/428 427/427/427 425/425/425
f 431/431/431 430/430/430 429/429/429
f 432/432/432 431/431/431 429/429/429
f 435/435/435 434/434/434 433/433/433
f 434/434/434 436/436/436 433/433/433
f 433/433/433 436/436/436 437/437/437
f 438/438/438 433/433/433 437/437/437
f 441/441/441 440/440/440 439/439/439
f 442/442/442 441/441/441 439/439/439
f 445/445/445 444/444/444 443/443/443
f 446/446/446 445/445/445 443/443/443
f 449/449/449 448/448/448 447/447/447
f 450/450/450 449/449/449 447/447/447
f 449/449/449 450/450/450 451/451/451
f 452/452/452 449/449/449 451/451/451
f 455/455/455 454/454/454 453/453/453
f 456/456/456 455/455/455 453/453/453
f 459/459/459 458/458/458 457/457/457
f 460/460/460 459/459/459 457/457/457
f 463/463/463 462/462/462 461/461/461
f 462/462/462 464/464/464 461/461/461
f 464/464/464 462/462/462 465/465/465
f 466/466/466 464/464/464 465/465/465
f 466/466/466 467/467/467 464/464/464
f 470/470/470 469/469/469 468/468/468
f 471/471/471 470/470/470 468/468/468
f 472/472/472 471/471/471 468/468/468
f 473/473/473 472/472/472 468/468/468
f 476/476/476 475/475/475 474/474/474
f 475/475/475 477/477/477 474/474/474
f 477/477/477 478/478/478 474/474/474
f 478/478/478 479/479/479 474/474/474
f 482/482/482 481/481/481 480/480/480
f 483/483/483 482/482/482 480/480/480
f 486/486/486 485/485/485 484/484/484
f 487/487/487 486/486/486 484/484/484
f 490/490/490 489/489/489 488/488/488
f 491/491/491 490/490/490 488/488/488
f 494/494/494 493/493/493 492/492/492
f 495/495/495 494/494/494 492/492/492
f 498/498/498 497/497/497 496/496/496
f 497/497/497 499/499/499 496/496/496
f 500/500/500 499/499/499 497/497/497
f 501/501/501 500/500/500 497/497/497
f 504/504/504 503/503/503 502/502/502
f 505/505/505 504/504/504 502/502/502
f 508/508/508 507/507/507 506/506/506
f 509/509/509 508/508/508 506/506/506
f 512/512/512 511/511/511 510/510/510
f 513/513/513 512/512/512 510/510/510
f 514/514/514 513/513/513 510/510/510
f 515/515/515 514/514/514 510/510/510
f 518/518/518 517/517/517 516/516/516
f 519/519/519 518/518/518 516/516/516
f 522/522/522 521/521/521 520/520/520
f 523/523/523 522/522/522 520/520/520
f 526/526/526 525/525/525 524/524/524
f 525/525/525 527/527/527 524/524/524
f 524/524/524 527/527/527 528/528/528
f 527/527/527 529/529/529 528/528/528
f 530/530/530 529/529/529 527/527/527
f 533/533/533 532/532/532 531/531/531
f 532/532/532 534/534/534 531/531/531
f 534/534/534 535/535/535 531/531/531
f 535/535/535 536/536/536 531/531/531
f 539/539/539 538/538/538 537/537/537
f 538/538/538 540/540/540 537/537/537
f 540/540/540 538/538/538 541/541/541
f 538/538/538 542/542/542 541/541/541
f 545/545/545 544/544/544 543/543/543
f 546/546/546 545/545/545 543/543/543
f 549/549/549 548/548/548 547/547/547
f 550/550/550 549/549/549 547/547/547
f 553/553/553 552/552/552 551/551/551
f 554/554/554 553/553/553 551/551/551
f 557/557/557 556/556/556 555/555/555
f 558/558/558 557/557/557 555/555/555
f 561/561/561 560/560/560 559/559/559
f 560/560/560 562/562/562 559/559/559
f 559/559/559 562/562/562 563/563/563
f 564/564/564 559/559/559 563/563/563
f 567/567/567 566/566/566 565/565/565
f 568/568/568 567/567/567 565/565/565
f 571/571/571 570/570/570 569/569/569
f 572/572/572 571/571/571 569/569/569
f 575/575/575 574/574/574 573/573/573
f 576/576/576 575/575/575 573/573/573
f 579/579/579 578/578/578 577/577/577
f 580/580/580 579/579/579 577/577/577
f 583/583/583 582/582/582 581/581/581
f 584/584/584 583/583/583 581/581/581
f 587/587/587 586/586/586 585/585/585
f 588/588/588 587/587/587 585/585/585
f 589/589/589 588/588/588 585/585/585
f 590/590/590 589/589/589 585/585/585
f 593/593/593 592/592/592 591/591/591
f 592/592/592 594/594/594 591/591/591
f 591/591/591 594/594/594 595/595/595
f 594/594/594 596/596/596 595/595/595
f 599/599/599 598/598/598 597/597/597
f 598/598/598 600/600/600 597/597/597
f 600/600/600 601/601/601 597/597/597
f 601/601/601 602/602/602 597/597/597
f 605/605/605 604/604/604 603/603/603
f 604/604/604 606/606/606 603/603/603
f 607/607/607 606/606/606 604/604/604
f 608/608/608 607/607/607 604/604/604
f 611/611/611 610/610/610 609/609/609
f 612/612/612 611/611/611 609/609/609
f 615/615/615 614/614/614 613/613/613
f 616/616/616 615/615/615 613/613/613
f 619/619/619 618/618/618 617/617/617
f 619/619/619 617/617/617 620/620/620
f 620/620/620 621/621/621 619/619/619
f 619/619/619 621/621/621 622/622/622
f 621/621/621 623/623/623 622/622/622
f 626/626/626 625/625/625 624/624/624
f 627/627/627 626/626/626 624/624/624
f 630/630/630 629/629/629 628/628/628
f 631/631/631 630/630/630 628/628/628
f 634/634/634 633/633/633 632/632/632
f 635/635/635 634/634/634 632/632/632
f 638/638/638 637/637/637 636/636/636
f 636/636/636 639/639/639 638/638/638
f 638/638/638 639/639/639 640/640/640
f 639/639/639 641/641/641 640/640/640
f 644/644/644 643/643/643 642/642/642
f 645/645/645 644/644/644 642/642/642
f 648/648/648 647/647/647 646/646/646
f 649/649/649 648/648/648 646/646/646
f 648/648/648 649/649/649 650/650/650
f 651/651/651 648/648/648 650/650/650
f 654/654/654 653/653/653 652/652/652
f 655/655/655 654/654/654 652/652/652
f 658/658/658 657/657/657 656/656/656
f 656/656/656 659/659/659 658/658/658
f 656/656/656 660/660/660 659/659/659
f 662/662/662 661/661/661 656/656/656
f 663/663/663 662/662/662 656/656/656
f 666/666/666 665/665/665 664/664/664
f 667/667/667 666/666/666 664/664/664
f 670/670/670 669/669/669 668/668/668
f 671/671/671 670/670/670 668/668/668
f 674/674/674 673/673/673 672/672/672
f 675/675/675 674/674/674 672/672/672
f 678/678/678 677/677/677 676/676/676
f 679/679/679 678/678/678 676/676/676
f 676/676/676 680/680/680 679/679/679
f 680/680/680 676/676/676 681/681/681
f 682/682/682 680/680/680 681/681/681
f 685/685/685 684/684/684 683/683/683
f 684/684/684 686/686/686 683/683/683
f 687/687/687 686/686/686 684/684/684
f 688/688/688 687/687/687 684/684/684
f 691/691/691 690/690/690 689/689/689
f 692/692/692 691/691/691 689/689/689
f 695/695/695 694/694/694 693/693/693
f 694/694/694 696/696/696 693/693/693
f 693/693/693 696/696/696 697/697/697
f 696/696/696 698/698/698 697/697/697
f 701/701/701 700/700/700 699/699/699
f 702/702/702 701/701/701 699/699/699
f 705/705/705 704/704/704 703/703/703
f 706/706/706 705/705/705 703/703/703
f 709/709/709 708/708/708 707/707/707
f 710/710/710 709/709/709 707/707/707
f 713/713/713 712/712/712 711/711/711
f 714/714/714 713/713/713 711/711/711
f 717/717/717 716/716/716 715/715/715
f 716/716/716 718/718/718 715/715/715
f 715/715/715 718/718/718 719/719/719
f 720/720/720 715/715/715 719/719/719
f 723/723/723 722/722/722 721/721/721
f 724/724/724 723/723/723 721/721/721
f 724/724/724 721/721/721 725/725/725
f 721/721/721 726/726/726 725/725/725
f 729/729/729 728/728/728 727/727/727
f 730/730/730 729/729/729 727/727/727
f 733/733/733 732/732/732 731/731/731
f 733/733/733 731/731/731 734/734/734
f 734/734/734 735/735/735 733/733/733
f 735/735/735 734/734/734 736/736/736
f 737/737/737 735/735/735 736/736/736
f 740/740/740 739/739/739 738/738/738
f 741/741/741 740/740/740 738/738/738
f 741/741/741 742/742/742 740/740/740
f 742/742/742 743/743/743 740/740/740
f 746/746/746 745/745/745 744/744/744
f 745/745/745 747/747/747 744/744/744
f 744/744/744 747/747/747 748/748/748
f 747/747/747 749/749/749 748/748/748
f 752/752/752 751/751/751 750/750/750
f 751/751/751 753/753/753 750/750/750
f 750/750/750 753/753/753 754/754/754
f 755/755/755 750/750/750 754/754/754
f 758/758/758 757/757/757 756/756/756
f 759/759/759 758/758/758 756/756/756
f 756/756/756 760/760/760 759/759/759
f 760/760/760 761/761/761 759/759/759
f 764/764/764 763/763/763 762/762/762
f 765/765/765 764/764/764 762/762/762
f 768/768/768 767/767/767 766/766/766
f 769/769/769 768/768/768 766/766/766
f 772/772/772 771/771/771 770/770/770
f 770/770/770 773/773/773 772/772/772
f 770/770/770 774/774/774 773/773/773
f 777/777/777 776/776/776 775/775/775
f 778/778/778 777/777/777 775/775/775
f 781/781/781 780/780/780 779/779/779
f 782/782/782 781/781/781 779/779/779
f 779/779/779 783/783/783 782/782/782
f 783/783/783 784/784/784 782/782/782
f 783/783/783 785/785/785 784/784/784
f 785/785/785 786/786/786 784/784/784
f 786/786/786 785/785/785 787/787/787
f 788/788/788 786/786/786 787/787/787
f 791/791/791 790/790/790 789/789/789
f 790/790/790 792/792/792 789/789/789
f 789/789/789 792/792/792 793/793/793
f 792/792/792 794/794/794 793/793/793
f 793/793/793 794/794/794 795/795/795
f 794/794/794 796/796/796 795/795/795
f 795/795/795 796/796/796 797/797/797
f 796/796/796 798/798/798 797/797/797
f 801/801/801 800/800/800 799/799/799
f 800/800/800 802/802/802 799/799/799
f 799/799/799 802/802/802 803/803/803
f 802/802/802 804/804/804 803/803/803
f 803/803/803 804/804/804 805/805/805
f 804/804/804 806/806/806 805/805/805
f 805/805/805 806/806/806 807/807/807
f 806/806/806 808/808/808 807/807/807
f 811/811/811 810/810/810 809/809/809
f 812/812/812 811/811/811 809/809/809
f 812/812/812 809/809/809 813/813/813
f 814/814/814 812/812/812 813/813/813
f 814/814/814 813/813/813 815/815/815
f 816/816/816 814/814/814 815/815/815
f 816/816/816 815/815/815 817/817/817
f 818/818/818 816/816/816 817/817/817
f 821/821/821 820/820/820 819/819/819
f 822/822/822 821/821/821 819/819/819
f 825/825/825 824/824/824 823/823/823
f 826/826/826 825/825/825 823/823/823
f 827/827/827 825/825/825 826/826/826
f 828/828/828 827/827/827 826/826/826
f 829/829/829 827/827/827 828/828/828
f 830/830/830 829/829/829 828/828/828
f 831/831/831 829/829/829 830/830/830
f 832/832/832 831/831/831 830/830/830
f 835/835/835 834/834/834 833/833/833
f 836/836/836 835/835/835 833/833/833
f 833/833/833 837/837/837 836/836/836
f 837/837/837 838/838/838 836/836/836
f 837/837/837 839/839/839 838/838/838
f 839/839/839 840/840/840 838/838/838
f 840/840/840 839/839/839 841/841/841
f 842/842/842 840/840/840 841/841/841
f 845/845/845 844/844/844 843/843/843
f 844/844/844 846/846/846 843/843/843
f 844/844/844 847/847/847 846/846/846
f 847/847/847 848/848/848 846/846/846
f 847/847/847 849/849/849 848/848/848
f 849/849/849 850/850/850 848/848/848
f 849/849/849 851/851/851 850/850/850
f 851/851/851 852/852/852 850/850/850
f 855/855/855 854/854/854 853/853/853
f 854/854/854 856/856/856 853/853/853
f 853/853/853 856/856/856 857/857/857
f 856/856/856 858/858/858 857/857/857
f 857/857/857 858/858/858 859/859/859
f 858/858/858 860/860/860 859/859/859
f 859/859/859 860/860/860 861/861/861
f 860/860/860 862/862/862 861/861/861
f 865/865/865 864/864/864 863/863/863
f 866/866/866 865/865/865 863/863/863
f 869/869/869 868/868/868 867/867/867
f 870/870/870 869/869/869 867/867/867
f 870/870/870 867/867/867 871/871/871
f 872/872/872 870/870/870 871/871/871
f 871/871/871 873/873/873 872/872/872
f 873/873/873 874/874/874 872/872/872
f 873/873/873 875/875/875 874/874/874
f 875/875/875 876/876/876 874/874/874
f 879/879/879 878/878/878 877/877/877
f 880/880/880 879/879/879 877/877/877
f 881/881/881 879/879/879 880/880/880
f 882/882/882 881/881/881 880/880/880
f 883/883/883 881/881/881 882/882/882
f 884/884/884 883/883/883 882/882/882
f 885/885/885 883/883/883 884/884/884
f 886/886/886 885/885/885 884/884/884
f 889/889/889 888/888/888 887/887/887
f 888/888/888 890/890/890 887/887/887
f 887/887/887 890/890/890 891/891/891
f 890/890/890 892/892/892 891/891/891
f 891/891/891 892/892/892 893/893/893
f 892/892/892 894/894/894 893/893/893
f 893/893/893 894/894/894 895/895/895
f 894/894/894 896/896/896 895/895/895
f 899/899/899 898/898/898 897/897/897
f 898/898/898 900/900/900 897/897/897
f 898/898/898 901/901/901 900/900/900
f 901/901/901 902/902/902 900/900/900
f 901/901/901 903/903/903 902/902/902
f 903/903/903 904/904/904 902/902/902
f 904/904/904 903/903/903 905/905/905
f 906/906/906 904/904/904 905/905/905
f 909/909/909 908/908/908 907/907/907
f 910/910/910 909/909/909 907/907/907
f 913/913/913 912/912/912 911/911/911
f 914/914/914 913/913/913 911/911/911
f 915/915/915 913/913/913 914/914/914
f 916/916/916 915/915/915 914/914/914
f 917/917/917 915/915/915 916/916/916
f 918/918/918 917/917/917 916/916/916
f 919/919/919 917/917/917 918/918/918
f 920/920/920 919/919/919 918/918/918
f 923/923/923 922/922/922 921/921/921
f 924/924/924 923/923/923 921/921/921
f 924/924/924 921/921/921 925/925/925
f 926/926/926 924/924/924 925/925/925
f 925/925/925 927/927/927 926/926/926
f 927/927/927 928/928/928 926/926/926
f 927/927/927 929/929/929 928/928/928
f 929/929/929 930/930/930 928/928/928
f 933/933/933 932/932/932 931/931/931
f 932/932/932 934/934/934 931/931/931
f 932/932/932 935/935/935 934/934/934
f 935/935/935 936/936/936 934/934/934
f 935/935/935 937/937/937 936/936/936
f 937/937/937 938/938/938 936/936/936
f 938/938/938 937/937/937 939/939/939
f 940/940/940 938/938/938 939/939/939
f 943/943/943 942/942/942 941/941/941
f 944/944/944 943/943/943 941/941/941
f 945/945/945 943/943/943 944/944/944
f 946/946/946 945/945/945 944/944/944
f 947/947/947 945/945/945 946/946/946
f 948/948/948 947/947/947 946/946/946
f 949/949/949 947/947/947 948/948/948
f 950/950/950 949/949/949 948/948/948
f 953/953/953 952/952/952 951/951/951
f 954/954/954 953/953/953 951/951/951
f 957/957/957 956/956/956 955/955/955
f 956/956/956 958/958/958 955/955/955
f 955/955/955 958/958/958 959/959/959
f 958/958/958 960/960/960 959/959/959
f 959/959/959 960/960/960 961/961/961
f 960/960/960 962/962/962 961/961/961
f 961/961/961 962/962/962 963/963/963
f 962/962/962 964/964/964 963/963/963
f 967/967/967 966/966/966 965/965/965
f 966/966/966 968/968/968 965/965/965
f 966/966/966 969/969/969 968/968/968
f 969/969/969 970/970/970 968/968/968
f 969/969/969 971/971/971 970/970/970
f 971/971/971 972/972/972 970/970/970
f 971/971/971 973/973/973 972/972/972
f 973/973/973 974/974/974 972/972/972
f 977/977/977 976/976/976 975/975/975
f 978/978/978 977/977/977 975/975/975
f 975/975/975 979/979/979 978/978/978
f 979/979/979 980/980/980 978/978/978
f 979/979/979 981/981/981 980/980/980
f 981/981/981 982/982/982 980/980/980
f 982/982/982 981/981/981 983/983/983
f 984/984/984 982/982/982 983/983/983
f 987/987/987 986/986/986 985/985/985
f 988/988/988 987/987/987 985/985/985
f 989/989/989 987/987/987 988/988/988
f 990/990/990 989/989/989 988/988/988
f 991/991/991 989/989/989 990/990/990
f 992/992/992 991/991/991 990/990/990
f 993/993/993 991/991/991 992/992/992
f 994/994/994 993/993/993 992/992/992
f 997/997/997 996/996/996 995/995/995
f 998/998/998 997/997/997 995/995/995
f 1001/1001/1001 1000/1000/1000 999/999/999
f 1000/1000/1000 1002/1002/1002 999/999/999
f 1000/1000/1000 1003/1003/1003 1002/1002/1002
f 1003/1003/1003 1004/1004/1004 1002/1002/1002
f 1003/1003/1003 1005/1005/1005 1004/1004/1004
f 1005/1005/1005 1006/1006/1006 1004/1004/1004
f 1005/1005/1005 1007/1007/1007 1006/1006/1006
f 1007/1007/1007 1008/1008/1008 1006/1006/1006
f 1011/1011/1011 1010/1010/1010 1009/1009/1009
f 1012/1012/1012 1011/1011/1011 1009/1009/1009
f 1013/1013/1013 1011/1011/1011 1012/1012/1012
f 1014/1014/1014 1013/1013/1013 1012/1012/1012
f 1015/1015/1015 1013/1013/1013 1014/1014/1014
f 1016/1016/1016 1015/1015/1015 1014/1014/1014
f 1017/1017/1017 1015/1015/1015 1016/1016/1016
f 1018/1018/1018 1017/1017/1017 1016/1016/1016
f 1021/1021/1021 1020/1020/1020 1019/1019/1019
f 1022/1022/1022 1021/1021/1021 1019/1019/1019
f 1023/1023/1023 1021/1021/1021 1022/1022/1022
f 1024/1024/1024 1023/1023/1023 1022/1022/1022
f 1025/1025/1025 1023/1023/1023 1024/1024/1024
f 1026/1026/1026 1025/1025/1025 1024/1024/1024
f 1027/1027/1027 1025/1025/1025 1026/1026/1026
f 1028/1028/1028 1027/1027/1027 1026/1026/1026
f 1031/1031/1031 1030/1030/1030 1029/1029/1029
f 1030/1030/1030 1032/1032/1032 1029/1029/1029
f 1032/1032/1032 1030/1030/1030 1033/1033/1033
f 1034/1034/1034 1032/1032/1032 1033/1033/1033
f 1034/1034/1034 1033/1033/1033 1035/1035/1035
f 1036/1036/1036 1034/1034/1034 1035/1035/1035
f 1035/1035/1035 1037/1037/1037 1036/1036/1036
f 1037/1037/1037 1038/1038/1038 1036/1036/1036
f 1041/1041/1041 1040/1040/1040 1039/1039/1039
f 1042/1042/1042 1041/1041/1041 1039/1039/1039
f 1045/1045/1045 1044/1044/1044 1043/1043/1043
f 1044/1044/1044 1046/1046/1046 1043/1043/1043
f 1043/1043/1043 1046/1046/1046 1047/1047/1047
f 1046/1046/1046 1048/1048/1048 1047/1047/1047
f 1047/1047/1047 1048/1048/1048 1049/1049/1049
f 1048/1048/1048 1050/1050/1050 1049/1049/1049
f 1049/1049/1049 1050/1050/1050 1051/1051/1051
f 1050/1050/1050 1052/1052/1052 1051/1051/1051
f 1055/1055/1055 1054/1054/1054 1053/1053/1053
f 1054/1054/1054 1056/1056/1056 1053/1053/1053
f 1056/1056/1056 1054/1054/1054 1057/1057/1057
f 1058/1058/1058 1056/1056/1056 1057/1057/1057
f 1058/1058/1058 1057/1057/1057 1059/1059/1059
f 1060/1060/1060 1058/1058/1058 1059/1059/1059
f 1060/1060/1060 1059/1059/1059 1061/1061/1061
f 1062/1062/1062 1060/1060/1060 1061/1061/1061
f 1065/1065/1065 1064/1064/1064 1063/1063/1063
f 1066/1066/1066 1065/1065/1065 1063/1063/1063
f 1066/1066/1066 1063/1063/1063 1067/1067/1067
f 1068/1068/1068 1066/1066/1066 1067/1067/1067
f 1067/1067/1067 1069/1069/1069 1068/1068/1068
f 1069/1069/1069 1070/1070/1070 1068/1068/1068
f 1069/1069/1069 1071/1071/1071 1070/1070/1070
f 1071/1071/1071 1072/1072/1072 1070/1070/1070
f 1075/1075/1075 1074/1074/1074 1073/1073/1073
f 1074/1074/1074 1076/1076/1076 1073/1073/1073
f 1073/1073/1073 1076/1076/1076 1077/1077/1077
f 1076/1076/1076 1078/1078/1078 1077/1077/1077
f 1077/1077/1077 1078/1078/1078 1079/1079/1079
f 1078/1078/1078 1080/1080/1080 1079/1079/1079
f 1079/1079/1079 1080/1080/1080 1081/1081/1081
f 1080/1080/1080 1082/1082/1082 1081/1081/1081
f 1085/1085/1085 1084/1084/1084 1083/1083/1083
f 1086/1086/1086 1085/1085/1085 1083/1083/1083
f 1089/1089/1089 1088/1088/1088 1087/1087/1087
f 1088/1088/1088 1090/1090/1090 1087/1087/1087
f 1088/1088/1088 1091/1091/1091 1090/1090/1090
f 1091/1091/1091 1092/1092/1092 1090/1090/1090
f 1091/1091/1091 1093/1093/1093 1092/1092/1092
f 1093/1093/1093 1094/1094/1094 1092/1092/1092
f 1094/1094/1094 1093/1093/1093 1095/1095/1095
f 1096/1096/1096 1094/1094/1094 1095/1095/1095
f 1099/1099/1099 1098/1098/1098 1097/1097/1097
f 1098/1098/1098 1100/1100/1100 1097/1097/1097
f 1097/1097/1097 1100/1100/1100 1101/1101/1101
f 1100/1100/1100 1102/1102/1102 1101/1101/1101
f 1101/1101/1101 1102/1102/1102 1103/1103/1103
f 1102/1102/1102 1104/1104/1104 1103/1103/1103
f 1103/1103/1103 1104/1104/1104 1105/1105/1105
f 1104/1104/1104 1106/1106/1106 1105/1105/1105
f 1109/1109/1109 1108/1108/1108 1107/1107/1107
f 1110/1110/1110 1109/1109/1109 1107/1107/1107
f 1111/1111/1111 1109/1109/1109 1110/1110/1110
f 1112/1112/1112 1111/1111/1111 1110/1110/1110
f 1113/1113/1113 1111/1111/1111 1112/1112/1112
f 1114/1114/1114 1113/1113/1113 1112/1112/1112
f 1115/1115/1115 1113/1113/1113 1114/1114/1114
f 1116/1116/1116 1115/1115/1115 1114/1114/1114
f 1119/1119/1119 1118/1118/1118 1117/1117/1117
f 1120/1120/1120 1119/1119/1119 1117/1117/1117
f 1120/1120/1120 1117/1117/1117 1121/1121/1121
f 1122/1122/1122 1120/1120/1120 1121/1121/1121
f 1121/1121/1121 1123/1123/1123 1122/1122/1122
f 1123/1123/1123 1124/1124/1124 1122/1122/1122
f 1123/1123/1123 1125/1125/1125 1124/1124/1124
f 1125/1125/1125 1126/1126/1126 1124/1124/1124
f 1129/1129/1129 1128/1128/1128 1127/1127/1127
f 1130/1130/1130 1129/1129/1129 1127/1127/1127
f 1133/1133/1133 1132/1132/1132 1131/1131/1131
f 1132/1132/1132 1134/1134/1134 1131/1131/1131
f 1134/1134/1134 1132/1132/1132 1135/1135/1135
f 1136/1136/1136 1134/1134/1134 1135/1135/1135
f 1136/1136/1136 1135/1135/1135 1137/1137/1137
f 1138/1138/1138 1136/1136/1136 1137/1137/1137
f 1138/1138/1138 1137/1137/1137 1139/1139/1139
f 1140/1140/1140 1138/1138/1138 1139/1139/1139
f 1140/1140/1140 1139/1139/1139 1141/1141/1141
f 1142/1142/1142 1140/1140/1140 1141/1141/1141
f 1141/1141/1141 1143/1143/1143 1142/1142/1142
f 1143/1143/1143 1144/1144/1144 1142/1142/1142
f 1147/1147/1147 1146/1146/1146 1145/1145/1145
f 1146/1146/1146 1148/1148/1148 1145/1145/1145
f 1145/1145/1145 1148/1148/1148 1149/1149/1149
f 1148/1148/1148 1150/1150/1150 1149/1149/1149
f 1149/1149/1149 1150/1150/1150 1151/1151/1151
f 1150/1150/1150 1152/1152/1152 1151/1151/1151
f 1151/1151/1151 1152/1152/1152 1153/1153/1153
f 1152/1152/1152 1154/1154/1154 1153/1153/1153
f 1157/1157/1157 1156/1156/1156 1155/1155/1155
f 1158/1158/1158 1157/1157/1157 1155/1155/1155
f 1159/1159/1159 1157/1157/1157 1158/1158/1158
f 1160/1160/1160 1159/1159/1159 1158/1158/1158
f 1161/1161/1161 1159/1159/1159 1160/1160/1160
f 1162/1162/1162 1161/1161/1161 1160/1160/1160
f 1163/1163/1163 1161/1161/1161 1162/1162/1162
f 1164/1164/1164 1163/1163/1163 1162/1162/1162
f 1167/1167/1167 1166/1166/1166 1165/1165/1165
f 1168/1168/1168 1167/1167/1167 1165/1165/1165
f 1168/1168/1168 1165/1165/1165 1169/1169/1169
f 1170/1170/1170 1168/1168/1168 1169/1169/1169
f 1169/1169/1169 1171/1171/1171 1170/1170/1170
f 1171/1171/1171 1172/1172/1172 1170/1170/1170
f 1171/1171/1171 1173/1173/1173 1172/1172/1172
f 1173/1173/1173 1174/1174/1174 1172/1172/1172
f 1177/1177/1177 1176/1176/1176 1175/1175/1175
f 1176/1176/1176 1178/1178/1178 1175/1175/1175
f 1175/1175/1175 1178/1178/1178 1179/1179/1179
f 1178/1178/1178 1180/1180/1180 1179/1179/1179
f 1179/1179/1179 1180/1180/1180 1181/1181/1181
f 1180/1180/1180 1182/1182/1182 1181/1181/1181
f 1185/1185/1185 1184/1184/1184 1183/1183/1183
f 1184/1184/1184 1186/1186/1186 1183/1183/1183
f 1183/1183/1183 1186/1186/1186 1187/1187/1187
f 1186/1186/1186 1188/1188/1188 1187/1187/1187
f 1187/1187/1187 1188/1188/1188 1189/1189/1189
f 1188/1188/1188 1190/1190/1190 1189/1189/1189
f 1193/1193/1193 1192/1192/1192 1191/1191/1191
f 1192/1192/1192 1194/1194/1194 1191/1191/1191
f 1191/1191/1191 1194/1194/1194 1195/1195/1195
f 1194/1194/1194 1196/1196/1196 1195/1195/1195
f 1195/1195/1195 1196/1196/1196 1197/1197/1197
f 1196/1196/1196 1198/1198/1198 1197/1197/1197
f 1201/1201/1201 1200/1200/1200 1199/1199/1199
f 1200/1200/1200 1202/1202/1202 1199/1199/1199
f 1199/1199/1199 1202/1202/1202 1203/1203/1203
f 1202/1202/1202 1204/1204/1204 1203/1203/1203
f 1203/1203/1203 1204/1204/1204 1205/1205/1205
f 1204/1204/1204 1206/1206/1206 1205/1205/1205
f 1209/1209/1209 1208/1208/1208 1207/1207/1207
f 1208/1208/1208 1210/1210/1210 1207/1207/1207
f 1207/1207/1207 1210/1210/1210 1211/1211/1211
f 1210/1210/1210 1212/1212/1212 1211/1211/1211
f 1211/1211/1211 1212/1212/1212 1213/1213/1213
f 1212/1212/1212 1214/1214/1214 1213/1213/1213
f 1217/1217/1217 1216/1216/1216 1215/1215/1215
f 1216/1216/1216 1218/1218/1218 1215/1215/1215
f 1216/1216/1216 1219/1219/1219 1218/1218/1218
f 1219/1219/1219 1220/1220/1220 1218/1218/1218
f 1219/1219/1219 1221/1221/1221 1220/1220/1220
f 1221/1221/1221 1222/1222/1222 1220/1220/1220
f 1225/1225/1225 1224/1224/1224 1223/1223/1223
f 1226/1226/1226 1225/1225/1225 1223/1223/1223
f 1227/1227/1227 1225/1225/1225 1226/1226/1226
f 1228/1228/1228 1227/1227/1227 1226/1226/1226
f 1229/1229/1229 1227/1227/1227 1228/1228/1228
f 1230/1230/1230 1229/1229/1229 1228/1228/1228
f 1231/1231/1231 1229/1229/1229 1230/1230/1230
f 1232/1232/1232 1231/1231/1231 1230/1230/1230
f 1233/1233/1233 1231/1231/1231 1232/1232/1232
f 1234/1234/1234 1233/1233/1233 1232/1232/1232
f 1235/1235/1235 1233/1233/1233 1234/1234/1234
f 1236/1236/1236 1235/1235/1235 1234/1234/1234
f 1239/1239/1239 1238/1238/1238 1237/1237/1237
f 1238/1238/1238 1240/1240/1240 1237/1237/1237
f 1238/1238/1238 1241/1241/1241 1240/1240/1240
f 1241/1241/1241 1242/1242/1242 1240/1240/1240
f 1241/1241/1241 1243/1243/1243 1242/1242/1242
f 1243/1243/1243 1244/1244/1244 1242/1242/1242
f 1244/1244/1244 1243/1243/1243 1245/1245/1245
f 1246/1246/1246 1244/1244/1244 1245/1245/1245
f 1249/1249/1249 1248/1248/1248 1247/1247/1247
f 1250/1250/1250 1249/1249/1249 1247/1247/1247
f 1250/1250/1250 1247/1247/1247 1251/1251/1251
f 1252/1252/1252 1250/1250/1250 1251/1251/1251
f 1251/1251/1251 1253/1253/1253 1252/1252/1252
f 1253/1253/1253 1254/1254/1254 1252/1252/1252
f 1253/1253/1253 1255/1255/1255 1254/1254/1254
f 1255/1255/1255 1256/1256/1256 1254/1254/1254
f 1259/1259/1259 1258/1258/1258 1257/1257/1257
f 1260/1260/1260 1259/1259/1259 1257/1257/1257
f 1261/1261/1261 1259/1259/1259 1260/1260/1260
f 1262/1262/1262 1261/1261/1261 1260/1260/1260
f 1263/1263/1263 1261/1261/1261 1262/1262/1262
f 1264/1264/1264 1263/1263/1263 1262/1262/1262
f 1265/1265/1265 1263/1263/1263 1264/1264/1264
f 1266/1266/1266 1265/1265/1265 1264/1264/1264
f 1269/1269/1269 1268/1268/1268 1267/1267/1267
f 1268/1268/1268 1270/1270/1270 1267/1267/1267
f 1270/1270/1270 1268/1268/1268 1271/1271/1271
f 1272/1272/1272 1270/1270/1270 1271/1271/1271
f 1272/1272/1272 1271/1271/1271 1273/1273/1273
f 1274/1274/1274 1272/1272/1272 1273/1273/1273
f 1274/1274/1274 1273/1273/1273 1275/1275/1275
f 1276/1276/1276 1274/1274/1274 1275/1275/1275
f 1276/1276/1276 1275/1275/1275 1277/1277/1277
f 1278/1278/1278 1276/1276/1276 1277/1277/1277
f 1277/1277/1277 1279/1279/1279 1278/1278/1278
f 1279/1279/1279 1280/1280/1280 1278/1278/1278
f 1283/1283/1283 1282/1282/1282 1281/1281/1281
f 1284/1284/1284 1283/1283/1283 1281/1281/1281
f 1284/1284/1284 1281/1281/1281 1285/1285/1285
f 1286/1286/1286 1284/1284/1284 1285/1285/1285
f 1286/1286/1286 1285/1285/1285 1287/1287/1287
f 1288/1288/1288 1286/1286/1286 1287/1287/1287
f 1288/1288/1288 1287/1287/1287 1289/1289/1289
f 1290/1290/1290 1288/1288/1288 1289/1289/1289
f 1290/1290/1290 1289/1289/1289 1291/1291/1291
f 1292/1292/1292 1290/1290/1290 1291/1291/1291
f 1292/1292/1292 1291/1291/1291 1293/1293/1293
f 1294/1294/1294 1292/1292/1292 1293/1293/1293
f 1294/1294/1294 1293/1293/1293 1295/1295/1295
f 1296/1296/1296 1294/1294/1294 1295/1295/1295
f 1297/1297/1297 1296/1296/1296 1295/1295/1295
f 1298/1298/1298 1297/1297/1297 1295/1295/1295
f 1299/1299/1299 1297/1297/1297 1298/1298/1298
f 1300/1300/1300 1299/1299/1299 1298/1298/1298
f 1301/1301/1301 1299/1299/1299 1300/1300/1300
f 1301/1301/1301 1300/1300/1300 1302/1302/1302
f 1301/1301/1301 1303/1303/1303 1299/1299/1299
f 1301/1301/1301 1302/1302/1302 1303/1303/1303
f 1306/1306/1306 1305/1305/1305 1304/1304/1304
f 1306/1306/1306 1304/1304/1304 1307/1307/1307
f 1306/1306/1306 1308/1308/1308 1305/1305/1305
f 1306/1306/1306 1307/1307/1307 1309/1309/1309
f 1306/1306/1306 1310/1310/1310 1308/1308/1308
f 1306/1306/1306 1309/1309/1309 1310/1310/1310
f 1313/1313/1313 1312/1312/1312 1311/1311/1311
f 1311/1311/1311 1312/1312/1312 1314/1314/1314
f 1315/1315/1315 1312/1312/1312 1313/1313/1313
f 1314/1314/1314 1312/1312/1312 1316/1316/1316
f 1317/1317/1317 1312/1312/1312 1315/1315/1315
f 1316/1316/1316 1312/1312/1312 1317/1317/1317
f 1320/1320/1320 1319/1319/1319 1318/1318/1318
f 1318/1318/1318 1319/1319/1319 1321/1321/1321
f 1322/1322/1322 1319/1319/1319 1320/1320/1320
f 1321/1321/1321 1319/1319/1319 1323/1323/1323
f 1324/1324/1324 1319/1319/1319 1322/1322/1322
f 1323/1323/1323 1319/1319/1319 1324/1324/1324
f 1327/1327/1327 1326/1326/1326 1325/1325/1325
f 1327/1327/1327 1325/1325/1325 1328/1328/1328
f 1327/1327/1327 1329/1329/1329 1326/1326/1326
f 1327/1327/1327 1328/1328/1328 1330/1330/1330
f 1327/1327/1327 1331/1331/1331 1329/1329/1329
f 1327/1327/1327 1330/1330/1330 1331/1331/1331
f 1334/1334/1334 1333/1333/1333 1332/1332/1332
f 1332/1332/1332 1333/1333/1333 1335/1335/1335
f 1336/1336/1336 1333/1333/1333 1334/1334/1334
f 1335/1335/1335 1333/1333/1333 1337/1337/1337
f 1338/1338/1338 1333/1333/1333 1336/1336/1336
f 1337/1337/1337 1333/1333/1333 1338/1338/1338
f 1341/1341/1341 1340/1340/1340 1339/1339/1339
f 1341/1341/1341 1339/1339/1339 1342/1342/1342
f 1341/1341/1341 1343/1343/1343 1340/1340/1340
f 1341/1341/1341 1342/1342/1342 1344/1344/1344
f 1341/1341/1341 1345/1345/1345 1343/1343/1343
f 1341/1341/1341 1344/1344/1344 1345/1345/1345
f 1348/1348/1348 1347/1347/1347 1346/1346/1346
f 1348/1348/1348 1346/1346/1346 1349/1349/1349
f 1348/1348/1348 1350/1350/1350 1347/1347/1347
f 1348/1348/1348 1349/1349/1349 1351/1351/1351
f 1348/1348/1348 1352/1352/1352 1350/1350/1350
f 1348/1348/1348 1351/1351/1351 1352/1352/1352
f 1355/1355/1355 1354/1354/1354 1353/1353/1353
f 1353/1353/1353 1354/1354/1354 1356/1356/1356
f 1357/1357/1357 1354/1354/1354 1355/1355/1355
f 1356/1356/1356 1354/1354/1354 1358/1358/1358
f 1359/1359/1359 1354/1354/1354 1357/1357/1357
f 1358/1358/1358 1354/1354/1354 1359/1359/1359
f 1362/1362/1362 1361/1361/1361 1360/1360/1360
f 1362/1362/1362 1360/1360/1360 1363/1363/1363
f 1362/1362/1362 1364/1364/1364 1361/1361/1361
f 1362/1362/1362 1363/1363/1363 1365/1365/1365
f 1362/1362/1362 1366/1366/1366 1364/1364/1364
f 1362/1362/1362 1365/1365/1365 1366/1366/1366
f 1369/1369/1369 1368/1368/1368 1367/1367/1367
f 1367/1367/1367 1368/1368/1368 1370/1370/1370
f 1371/1371/1371 1368/1368/1368 1369/1369/1369
f 1370/1370/1370 1368/1368/1368 1372/1372/1372
f 1373/1373/1373 1368/1368/1368 1371/1371/1371
f 1372/1372/1372 1368/1368/1368 1373/1373/1373
f 1376/1376/1376 1375/1375/1375 1374/1374/1374
f 1374/1374/1374 1375/1375/1375 1377/1377/1377
f 1378/1378/1378 1375/1375/1375 1376/1376/1376
f 1377/1377/1377 1375/1375/1375 1379/1379/1379
f 1380/1380/1380 1375/1375/1375 1378/1378/1378
f 1379/1379/1379 1375/1375/1375 1380/1380/1380
f 1383/1383/1383 1382/1382/1382 1381/1381/1381
f 1383/1383/1383 1381/1381/1381 1384/1384/1384
f 1383/1383/1383 1385/1385/1385 1382/1382/1382
f 1383/1383/1383 1384/1384/1384 1386/1386/1386
f 1383/1383/1383 1387/1387/1387 1385/1385/1385
f 1383/1383/1383 1386/1386/1386 1387/1387/1387
f 1390/1390/1390 1389/1389/1389 1388/1388/1388
f 1388/1388/1388 1389/1389/1389 1391/1391/1391
f 1392/1392/1392 1389/1389/1389 1390/1390/1390
f 1391/1391/1391 1389/1389/1389 1393/1393/1393
f 1394/1394/1394 1389/1389/1389 1392/1392/1392
f 1393/1393/1393 1389/1389/1389 1394/1394/1394
f 1397/1397/1397 1396/1396/1396 1395/1395/1395
f 1397/1397/1397 1395/1395/1395 1398/1398/1398
f 1397/1397/1397 1399/1399/1399 1396/1396/1396
f 1397/1397/1397 1398/1398/1398 1400/1400/1400
f 1397/1397/1397 1401/1401/1401 1399/1399/1399
f 1397/1397/1397 1400/1400/1400 1401/1401/1401
f 1404/1404/1404 1403/1403/1403 1402/1402/1402
f 1404/1404/1404 1402/1402/1402 1405/1405/1405
f 1404/1404/1404 1406/1406/1406 1403/1403/1403
f 1404/1404/1404 1405/1405/1405 1407/1407/1407
f 1404/1404/1404 1408/1408/1408 1406/1406/1406
f 1404/1404/1404 1407/1407/1407 1408/1408/1408
f 1411/1411/1411 1410/1410/1410 1409/1409/1409
f 1409/1409/1409 1410/1410/1410 1412/1412/1412
f 1413/1413/1413 1410/1410/1410 1411/1411/1411
f 1412/1412/1412 1410/1410/1410 1414/1414/1414
f 1415/1415/1415 1410/1410/1410 1413/1413/1413
f 1414/1414/1414 1410/1410/1410 1415/1415/1415
f 1418/1418/1418 1417/1417/1417 1416/1416/1416
f 1416/1416/1416 1417/1417/1417 1419/1419/1419
f 1420/1420/1420 1417/1417/1417 1418/1418/1418
f 1419/1419/1419 1417/1417/1417 1421/1421/1421
f 1422/1422/1422 1417/1417/1417 1420/1420/1420
f 1421/1421/1421 1417/1417/1417 1422/1422/1422
f 1425/1425/1425 1424/1424/1424 1423/1423/1423
f 1425/1425/1425 1423/1423/1423 1426/1426/1426
f 1425/1425/1425 1427/1427/1427 1424/1424/1424
f 1425/1425/1425 1426/1426/1426 1428/1428/1428
f 1425/1425/1425 1429/1429/1429 1427/1427/1427
f 1425/1425/1425 1428/1428/1428 1429/1429/1429
f 1432/1432/1432 1431/1431/1431 1430/1430/1430
f 1432/1432/1432 1430/1430/1430 1433/1433/1433
f 1432/1432/1432 1434/1434/1434 1431/1431/1431
f 1432/1432/1432 1433/1433/1433 1435/1435/1435
f 1432/1432/1432 1436/1436/1436 1434/1434/1434
f 1432/1432/1432 1435/1435/1435 1436/1436/1436
f 1439/1439/1439 1438/1438/1438 1437/1437/1437
f 1437/1437/1437 1438/1438/1438 1440/1440/1440
f 1441/1441/1441 1438/1438/1438 1439/1439/1439
f 1440/1440/1440 1438/1438/1438 1442/1442/1442
f 1443/1443/1443 1438/1438/1438 1441/1441/1441
f 1442/1442/1442 1438/1438/1438 1443/1443/1443
f 1446/1446/1446 1445/1445/1445 1444/1444/1444
f 1446/1446/1446 1444/1444/1444 1447/1447/1447
f 1446/1446/1446 1448/1448/1448 1445/1445/1445
f 1446/1446/1446 1447/1447/1447 1449/1449/1449
f 1446/1446/1446 1450/1450/1450 1448/1448/1448
f 1446/1446/1446 1449/1449/1449 1450/1450/1450
f 1453/1453/1453 1452/1452/1452 1451/1451/1451
f 1451/1451/1451 1452/1452/1452 1454/1454/1454
f 1455/1455/1455 1452/1452/1452 1453/1453/1453
f 1454/1454/1454 1452/1452/1452 1456/1456/1456
f 1457/1457/1457 1452/1452/1452 1455/1455/1455
f 1456/1456/1456 1452/1452/1452 1457/1457/1457
f 1460/1460/1460 1459/1459/1459 1458/1458/1458
f 1458/1458/1458 1459/1459/1459 1461/1461/1461
f 1462/1462/1462 1459/1459/1459 1460/1460/1460
f 1461/1461/1461 1459/1459/1459 1463/1463/1463
f 1464/1464/1464 1459/1459/1459 1462/1462/1462
f 1463/1463/1463 1459/1459/1459 1464/1464/1464
f 1467/1467/1467 1466/1466/1466 1465/1465/1465
f 1467/1467/1467 1465/1465/1465 1468/1468/1468
f 1467/1467/1467 1469/1469/1469 1466/1466/1466
f 1467/1467/1467 1468/1468/1468 1470/1470/1470
f 1467/1467/1467 1471/1471/1471 1469/1469/1469
f 1467/1467/1467 1470/1470/1470 1471/1471/1471
f 1474/1474/1474 1473/1473/1473 1472/1472/1472
f 1472/1472/1472 1473/1473/1473 1475/1475/1475
f 1476/1476/1476 1473/1473/1473 1474/1474/1474
f 1475/1475/1475 1473/1473/1473 1477/1477/1477
f 1478/1478/1478 1473/1473/1473 1476/1476/1476
f 1477/1477/1477 1473/1473/1473 1478/1478/1478
f 1481/1481/1481 1480/1480/1480 1479/1479/1479
f 1481/1481/1481 1479/1479/1479 1482/1482/1482
f 1481/1481/1481 1483/1483/1483 1480/1480/1480
f 1481/1481/1481 1482/1482/1482 1484/1484/1484
f 1481/1481/1481 1485/1485/1485 1483/1483/1483
f 1481/1481/1481 1484/1484/1484 1485/1485/1485
f 1488/1488/1488 1487/1487/1487 1486/1486/1486
f 1488/1488/1488 1486/1486/1486 1489/1489/1489
f 1488/1488/1488 1490/1490/1490 1487/1487/1487
f 1488/1488/1488 1489/1489/1489 1491/1491/1491
f 1488/1488/1488 1492/1492/1492 1490/1490/1490
f 1488/1488/1488 1491/1491/1491 1492/1492/1492
f 1495/1495/1495 1494/1494/1494 1493/1493/1493
f 1493/1493/1493 1494/1494/1494 1496/1496/1496
f 1497/1497/1497 1494/1494/1494 1495/1495/1495
f 1496/1496/1496 1494/1494/1494 1498/1498/1498
f 1499/1499/1499 1494/1494/1494 1497/1497/1497
f 1498/1498/1498 1494/1494/1494 1499/1499/1499
f 1502/1502/1502 1501/1501/1501 1500/1500/1500
f 1502/1502/1502 1500/1500/1500 1503/1503/1503
f 1502/1502/1502 1504/1504/1504 1501/1501/1501
f 1502/1502/1502 1503/1503/1503 1505/1505/1505
f 1502/1502/1502 1506/1506/1506 1504/1504/1504
f 1502/1502/1502 1505/1505/1505 1506/1506/1506
f 1509/1509/1509 1508/1508/1508 1507/1507/1507
f 1507/1507/1507 1508/1508/1508 1510/1510/1510
f 1511/1511/1511 1508/1508/1508 1509/1509/1509
f 1510/1510/1510 1508/1508/1508 1512/1512/1512
f 1513/1513/1513 1508/1508/1508 1511/1511/1511
f 1512/1512/1512 1508/1508/1508 1513/1513/1513
f 1516/1516/1516 1515/1515/1515 1514/1514/1514
f 1514/1514/1514 1515/1515/1515 1517/1517/1517
f 1518/1518/1518 1515/1515/1515 1516/1516/1516
f 1517/1517/1517 1515/1515/1515 1519/1519/1519
f 1520/1520/1520 1515/1515/1515 1518/1518/1518
f 1519/1519/1519 1515/1515/1515 1520/1520/1520
f 1523/1523/1523 1522/1522/1522 1521/1521/1521
f 1523/1523/1523 1521/1521/1521 1524/1524/1524
f 1523/1523/1523 1525/1525/1525 1522/1522/1522
f 1523/1523/1523 1524/1524/1524 1526/1526/1526
f 1523/1523/1523 1527/1527/1527 1525/1525/1525
f 1523/1523/1523 1526/1526/1526 1527/1527/1527
f 1530/1530/1530 1529/1529/1529 1528/1528/1528
f 1530/1530/1530 1528/1528/1528 1531/1531/1531
f 1530/1530/1530 1532/1532/1532 1529/1529/1529
f 1530/1530/1530 1531/1531/1531 1533/1533/1533
f 1530/1530/1530 1534/1534/1534 1532/1532/1532
f 1530/1530/1530 1533/1533/1533 1534/1534/1534
f 1537/1537/1537 1536/1536/1536 1535/1535/1535
f 1535/1535/1535 1536/1536/1536 1538/1538/1538
f 1539/1539/1539 1536/1536/1536 1537/1537/1537
f 1538/1538/1538 1536/1536/1536 1540/1540/1540
f 1541/1541/1541 1536/1536/1536 1539/1539/1539
f 1540/1540/1540 1536/1536/1536 1541/1541/1541
f 1544/1544/1544 1543/1543/1543 1542/1542/1542
f 1542/1542/1542 1543/1543/1543 1545/1545/1545
f 1546/1546/1546 1543/1543/1543 1544/1544/1544
f 1545/1545/1545 1543/1543/1543 1547/1547/1547
f 1548/1548/1548 1543/1543/1543 1546/1546/1546
f 1547/1547/1547 1543/1543/1543 1548/1548/1548
f 1551/1551/1551 1550/1550/1550 1549/1549/1549
f 1551/1551/1551 1549/1549/1549 1552/1552/1552
f 1551/1551/1551 1553/1553/1553 1550/1550/1550
f 1551/1551/1551 1552/1552/1552 1554/1554/1554
f 1551/1551/1551 1555/1555/1555 1553/1553/1553
f 1551/1551/1551 1554/1554/1554 1555/1555/1555
f 1558/1558/1558 1557/1557/1557 1556/1556/1556
f 1556/1556/1556 1557/1557/1557 1559/1559/1559
f 1560/1560/1560 1557/1557/1557 1558/1558/1558
f 1559/1559/1559 1557/1557/1557 1561/1561/1561
f 1562/1562/1562 1557/1557/1557 1560/1560/1560
f 1561/1561/1561 1557/1557/1557 1562/1562/1562
f 1565/1565/1565 1564/1564/1564 1563/1563/1563
f 1565/1565/1565 1563/1563/1563 1566/1566/1566
f 1565/1565/1565 1567/1567/1567 1564/1564/1564
f 1565/1565/1565 1566/1566/1566 1568/1568/1568
f 1565/1565/1565 1569/1569/1569 1567/1567/1567
f 1565/1565/1565 1568/1568/1568 1569/1569/1569
f 1572/1572/1572 1571/1571/1571 1570/1570/1570
f 1572/1572/1572 1570/1570/1570 1573/1573/1573
f 1572/1572/1572 1574/1574/1574 1571/1571/1571
f 1572/1572/1572 1573/1573/1573 1575/1575/1575
f 1572/1572/1572 1576/1576/1576 1574/1574/1574
f 1572/1572/1572 1575/1575/1575 1576/1576/1576
f 1579/1579/1579 1578/1578/1578 1577/1577/1577
f 1577/1577/1577 1578/1578/1578 1580/1580/1580
f 1581/1581/1581 1578/1578/1578 1579/1579/1579
f 1580/1580/1580 1578/1578/1578 1582/1582/1582
f 1583/1583/1583 1578/1578/1578 1581/1581/1581
f 1582/1582/1582 1578/1578/1578 1583/1583/1583
f 1586/1586/1586 1585/1585/1585 1584/1584/1584
f 1586/1586/1586 1584/1584/1584 1587/1587/1587
f 1586/1586/1586 1588/1588/1588 1585/1585/1585
f 1586/1586/1586 1587/1587/1587 1589/1589/1589
f 1586/1586/1586 1590/1590/1590 1588/1588/1588
f 1586/1586/1586 1589/1589/1589 1590/1590/1590
f 1593/1593/1593 1592/1592/1592 1591/1591/1591
f 1591/1591/1591 1592/1592/1592 1594/1594/1594
f 1595/1595/1595 1592/1592/1592 1593/1593/1593
f 1594/1594/1594 1592/1592/1592 1595/1595/1595
f 1598/1598/1598 1597/1597/1597 1596/1596/1596
f 1597/1597/1597 1599/1599/1599 1596/1596/1596
f 1597/1597/1597 1600/1600/1600 1599/1599/1599
f 1598/1598/1598 1596/1596/1596 1601/1601/1601
f 1602/1602/1602 1598/1598/1598 1601/1601/1601
f 1600/1600/1600 1603/1603/1603 1599/1599/1599
f 1600/1600/1600 1604/1604/1604 1603/1603/1603
f 1596/1596/1596 1599/1599/1599 1605/1605/1605
f 1601/1601/1601 1596/1596/1596 1605/1605/1605
f 1599/1599/1599 1603/1603/1603 1605/1605/1605
f 1606/1606/1606 1601/1601/1601 1605/1605/1605
f 1602/1602/1602 1601/1601/1601 1606/1606/1606
f 1603/1603/1603 1607/1607/1607 1605/1605/1605
f 1604/1604/1604 1607/1607/1607 1603/1603/1603
f 1608/1608/1608 1602/1602/1602 1606/1606/1606
f 1604/1604/1604 1609/1609/1609 1607/1607/1607
f 1608/1608/1608 1606/1606/1606 1610/1610/1610
f 1610/1610/1610 1606/1606/1606 1605/1605/1605
f 1611/1611/1611 1608/1608/1608 1610/1610/1610
f 1609/1609/1609 1612/1612/1612 1607/1607/1607
f 1607/1607/1607 1612/1612/1612 1605/1605/1605
f 1609/1609/1609 1613/1613/1613 1612/1612/1612
f 1611/1611/1611 1610/1610/1610 1614/1614/1614
f 1614/1614/1614 1610/1610/1610 1605/1605/1605
f 1615/1615/1615 1611/1611/1611 1614/1614/1614
f 1613/1613/1613 1616/1616/1616 1612/1612/1612
f 1612/1612/1612 1616/1616/1616 1605/1605/1605
f 1613/1613/1613 1617/1617/1617 1616/1616/1616
f 1615/1615/1615 1614/1614/1614 1618/1618/1618
f 1618/1618/1618 1614/1614/1614 1605/1605/1605
f 1619/1619/1619 1615/1615/1615 1618/1618/1618
f 1617/1617/1617 1620/1620/1620 1616/1616/1616
f 1616/1616/1616 1620/1620/1620 1605/1605/1605
f 1620/1620/1620 1618/1618/1618 1605/1605/1605
f 1619/1619/1619 1618/1618/1618 1620/1620/1620
f 1617/1617/1617 1619/1619/1619 1620/1620/1620
f 1623/1623/1623 1622/1622/1622 1621/1621/1621
f 1624/1624/1624 1623/1623/1623 1621/1621/1621
f 1621/1621/1621 1622/1622/1622 1625/1625/1625
f 1626/1626/1626 1623/1623/1623 1624/1624/1624
f 1627/1627/1627 1626/1626/1626 1624/1624/1624
f 1622/1622/1622 1628/1628/1628 1625/1625/1625
f 1625/1625/1625 1628/1628/1628 1629/1629/1629
f 1623/1623/1623 1630/1630/1630 1622/1622/1622
f 1626/1626/1626 1630/1630/1630 1623/1623/1623
f 1622/1622/1622 1630/1630/1630 1628/1628/1628
f 1631/1631/1631 1630/1630/1630 1626/1626/1626
f 1631/1631/1631 1626/1626/1626 1627/1627/1627
f 1628/1628/1628 1630/1630/1630 1632/1632/1632
f 1628/1628/1628 1632/1632/1632 1629/1629/1629
f 1633/1633/1633 1631/1631/1631 1627/1627/1627
f 1629/1629/1629 1632/1632/1632 1634/1634/1634
f 1635/1635/1635 1631/1631/1631 1633/1633/1633
f 1635/1635/1635 1630/1630/1630 1631/1631/1631
f 1636/1636/1636 1635/1635/1635 1633/1633/1633
f 1632/1632/1632 1637/1637/1637 1634/1634/1634
f 1632/1632/1632 1630/1630/1630 1637/1637/1637
f 1634/1634/1634 1637/1637/1637 1638/1638/1638
f 1639/1639/1639 1635/1635/1635 1636/1636/1636
f 1639/1639/1639 1630/1630/1630 1635/1635/1635
f 1640/1640/1640 1639/1639/1639 1636/1636/1636
f 1637/1637/1637 1641/1641/1641 1638/1638/1638
f 1637/1637/1637 1630/1630/1630 1641/1641/1641
f 1638/1638/1638 1641/1641/1641 1642/1642/1642
f 1643/1643/1643 1639/1639/1639 1640/1640/1640
f 1643/1643/1643 1630/1630/1630 1639/1639/1639
f 1644/1644/1644 1643/1643/1643 1640/1640/1640
f 1642/1642/1642 1645/1645/1645 1644/1644/1644
f 1641/1641/1641 1645/1645/1645 1642/1642/1642
f 1641/1641/1641 1630/1630/1630 1645/1645/1645
f 1645/1645/1645 1643/1643/1643 1644/1644/1644
f 1645/1645/1645 1630/1630/1630 1643/1643/1643
f 1648/1648/1648 1647/1647/1647 1646/1646/1646
f 1647/1647/1647 1649/1649/1649 1646/1646/1646
f 1647/1647/1647 1650/1650/1650 1649/1649/1649
f 1648/1648/1648 1646/1646/1646 1651/1651/1651
f 1652/1652/1652 1648/1648/1648 1651/1651/1651
f 1650/1650/1650 1653/1653/1653 1649/1649/1649
f 1650/1650/1650 1654/1654/1654 1653/1653/1653
f 1646/1646/1646 1649/1649/1649 1655/1655/1655
f 1651/1651/1651 1646/1646/1646 1655/1655/1655
f 1649/1649/1649 1653/1653/1653 1655/1655/1655
f 1656/1656/1656 1651/1651/1651 1655/1655/1655
f 1652/1652/1652 1651/1651/1651 1656/1656/1656
f 1653/1653/1653 1657/1657/1657 1655/1655/1655
f 1654/1654/1654 1657/1657/1657 1653/1653/1653
f 1658/1658/1658 1652/1652/1652 1656/1656/1656
f 1654/1654/1654 1659/1659/1659 1657/1657/1657
f 1658/1658/1658 1656/1656/1656 1660/1660/1660
f 1660/1660/1660 1656/1656/1656 1655/1655/1655
f 1661/1661/1661 1658/1658/1658 1660/1660/1660
f 1659/1659/1659 1662/1662/1662 1657/1657/1657
f 1657/1657/1657 1662/1662/1662 1655/1655/1655
f 1659/1659/1659 1663/1663/1663 1662/1662/1662
f 1661/1661/1661 1660/1660/1660 1664/1664/1664
f 1664/1664/1664 1660/1660/1660 1655/1655/1655
f 1665/1665/1665 1661/1661/1661 1664/1664/1664
f 1663/1663/1663 1666/1666/1666 1662/1662/1662
f 1662/1662/1662 1666/1666/1666 1655/1655/1655
f 1663/1663/1663 1667/1667/1667 1666/1666/1666
f 1665/1665/1665 1664/1664/1664 1668/1668/1668
f 1668/1668/1668 1664/1664/1664 1655/1655/1655
f 1669/1669/1669 1665/1665/1665 1668/1668/1668
f 1667/1667/1667 1670/1670/1670 1666/1666/1666
f 1666/1666/1666 1670/1670/1670 1655/1655/1655
f 1670/1670/1670 1668/1668/1668 1655/1655/1655
f 1669/1669/1669 1668/1668/1668 1670/1670/1670
f 1667/1667/1667 1669/1669/1669 1670/1670/1670
f 1673/1673/1673 1672/1672/1672 1671/1671/1671
f 1674/1674/1674 1673/1673/1673 1671/1671/1671
f 1671/1671/1671 1672/1672/1672 1675/1675/1675
f 1676/1676/1676 1673/1673/1673 1674/1674/1674
f 1677/1677/1677 1676/1676/1676 1674/1674/1674
f 1672/1672/1672 1678/1678/1678 1675/1675/1675
f 1675/1675/1675 1678/1678/1678 1679/1679/1679
f 1673/1673/1673 1680/1680/1680 1672/1672/1672
f 1676/1676/1676 1680/1680/1680 1673/1673/1673
f 1672/1672/1672 1680/1680/1680 1678/1678/1678
f 1681/1681/1681 1680/1680/1680 1676/1676/1676
f 1681/1681/1681 1676/1676/1676 1677/1677/1677
f 1678/1678/1678 1680/1680/1680 1682/1682/1682
f 1678/1678/1678 1682/1682/1682 1679/1679/1679
f 1683/1683/1683 1681/1681/1681 1677/1677/1677
f 1679/1679/1679 1682/1682/1682 1684/1684/1684
f 1685/1685/1685 1681/1681/1681 1683/1683/1683
f 1685/1685/1685 1680/1680/1680 1681/1681/1681
f 1686/1686/1686 1685/1685/1685 1683/1683/1683
f 1682/1682/1682 1687/1687/1687 1684/1684/1684
f 1682/1682/1682 1680/1680/1680 1687/1687/1687
f 1684/1684/1684 1687/1687/1687 1688/1688/1688
f 1689/1689/1689 1685/1685/1685 1686/1686/1686
f 1689/1689/1689 1680/1680/1680 1685/1685/1685
f 1690/1690/1690 1689/1689/1689 1686/1686/1686
f 1687/1687/1687 1691/1691/1691 1688/1688/1688
f 1687/1687/1687 1680/1680/1680 1691/1691/1691
f 1688/1688/1688 1691/1691/1691 1692/1692/1692
f 1693/1693/1693 1689/1689/1689 1690/1690/1690
f 1693/1693/1693 1680/1680/1680 1689/1689/1689
f 1694/1694/1694 1693/1693/1693 1690/1690/1690
f 1692/1692/1692 1695/1695/1695 1694/1694/1694
f 1691/1691/1691 1695/1695/1695 1692/1692/1692
f 1691/1691/1691 1680/1680/1680 1695/1695/1695
f 1695/1695/1695 1693/1693/1693 1694/1694/1694
f 1695/1695/1695 1680/1680/1680 1693/1693/1693
f 1698/1698/1698 1697/1697/1697 1696/1696/1696
f 1697/1697/1697 1699/1699/1699 1696/1696/1696
f 1697/1697/1697 1700/1700/1700 1699/1699/1699
f 1698/1698/1698 1696/1696/1696 1701/1701/1701
f 1702/1702/1702 1698/1698/1698 1701/1701/1701
f 1700/1700/1700 1703/1703/1703 1699/1699/1699
f 1700/1700/1700 1704/1704/1704 1703/1703/1703
f 1696/1696/1696 1699/1699/1699 1705/1705/1705
f 1701/1701/1701 1696/1696/1696 1705/1705/1705
f 1699/1699/1699 1703/1703/1703 1705/1705/1705
f 1706/1706/1706 1701/1701/1701 1705/1705/1705
f 1702/1702/1702 1701/1701/1701 1706/1706/1706
f 1703/1703/1703 1707/1707/1707 1705/1705/1705
f 1704/1704/1704 1707/1707/1707 1703/1703/1703
f 1708/1708/1708 1702/1702/1702 1706/1706/1706
f 1704/1704/1704 1709/1709/1709 1707/1707/1707
f 1708/1708/1708 1706/1706/1706 1710/1710/1710
f 1710/1710/1710 1706/1706/1706 1705/1705/1705
f 1711/1711/1711 1708/1708/1708 1710/1710/1710
f 1709/1709/1709 1712/1712/1712 1707/1707/1707
f 1707/1707/1707 1712/1712/1712 1705/1705/1705
f 1709/1709/1709 1713/1713/1713 1712/1712/1712
f 1711/1711/1711 1710/1710/1710 1714/1714/1714
f 1714/1714/1714 1710/1710/1710 1705/1705/1705
f 1715/1715/1715 1711/1711/1711 1714/1714/1714
f 1713/1713/1713 1716/1716/1716 1712/1712/1712
f 1712/1712/1712 1716/1716/1716 1705/1705/1705
f 1713/1713/1713 1717/1717/1717 1716/1716/1716
f 1715/1715/1715 1714/1714/1714 1718/1718/1718
f 1718/1718/1718 1714/1714/1714 1705/1705/1705
f 1719/1719/1719 1715/1715/1715 1718/1718/1718
f 1717/1717/1717 1720/1720/1720 1716/1716/1716
f 1716/1716/1716 1720/1720/1720 1705/1705/1705
f 1720/1720/1720 1718/1718/1718 1705/1705/1705
f 1719/1719/1719 1718/1718/1718 1720/1720/1720
f 1717/1717/1717 1719/1719/1719 1720/1720/1720
f 1723/1723/1723 1722/1722/1722 1721/1721/1721
f 1724/1724/1724 1723/1723/1723 1721/1721/1721
f 1721/1721/1721 1722/1722/1722 1725/1725/1725
f 1726/1726/1726 1723/1723/1723 1724/1724/1724
f 1727/1727/1727 1726/1726/1726 1724/1724/1724
f 1722/1722/1722 1728/1728/1728 1725/1725/1725
f 1725/1725/1725 1728/1728/1728 1729/1729/1729
f 1723/1723/1723 1730/1730/1730 1722/1722/1722
f 1726/1726/1726 1730/1730/1730 1723/1723/1723
f 1722/1722/1722 1730/1730/1730 1728/1728/1728
f 1731/1731/1731 1730/1730/1730 1726/1726/1726
f 1731/1731/1731 1726/1726/1726 1727/1727/1727
f 1728/1728/1728 1730/1730/1730 1732/1732/1732
f 1728/1728/1728 1732/1732/1732 1729/1729/1729
f 1733/1733/1733 1731/1731/1731 1727/1727/1727
f 1729/1729/1729 1732/1732/1732 1734/1734/1734
f 1735/1735/1735 1731/1731/1731 1733/1733/1733
f 1735/1735/1735 1730/1730/1730 1731/1731/1731
f 1736/1736/1736 1735/1735/1735 1733/1733/1733
f 1732/1732/1732 1737/1737/1737 1734/1734/1734
f 1732/1732/1732 1730/1730/1730 1737/1737/1737
f 1734/1734/1734 1737/1737/1737 1738/1738/1738
f 1739/1739/1739 1735/1735/1735 1736/1736/1736
f 1739/1739/1739 1730/1730/1730 1735/1735/1735
f 1740/1740/1740 1739/1739/1739 1736/1736/1736
f 1737/1737/1737 1741/1741/1741 1738/1738/1738
f 1737/1737/1737 1730/1730/1730 1741/1741/1741
f 1738/1738/1738 1741/1741/1741 1742/1742/1742
f 1743/1743/1743 1739/1739/1739 1740/1740/1740
f 1743/1743/1743 1730/1730/1730 1739/1739/1739
f 1744/1744/1744 1743/1743/1743 1740/1740/1740
f 1742/1742/1742 1745/1745/1745 1744/1744/1744
f 1741/1741/1741 1745/1745/1745 1742/1742/1742
f 1741/1741/1741 1730/1730/1730 1745/1745/1745
f 1745/1745/1745 1743/1743/1743 1744/1744/1744
f 1745/1745/1745 1730/1730/1730 1743/1743/1743
f 1748/1748/1748 1747/1747/1747 1746/1746/1746
f 1747/1747/1747 1749/1749/1749 1746/1746/1746
f 1747/1747/1747 1750/1750/1750 1749/1749/1749
f 1748/1748/1748 1746/1746/1746 1751/1751/1751
f 1752/1752/1752 1748/1748/1748 1751/1751/1751
f 1750/1750/1750 1753/1753/1753 1749/1749/1749
f 1750/1750/1750 1754/1754/1754 1753/1753/1753
f 1746/1746/1746 1749/1749/1749 1755/1755/1755
f 1751/1751/1751 1746/1746/1746 1755/1755/1755
f 1749/1749/1749 1753/1753/1753 1755/1755/1755
f 1756/1756/1756 1751/1751/1751 1755/1755/1755
f 1752/1752/1752 1751/1751/1751 1756/1756/1756
f 1753/1753/1753 1757/1757/1757 1755/1755/1755
f 1754/1754/1754 1757/1757/1757 1753/1753/1753
f 1758/1758/1758 1752/1752/1752 1756/1756/1756
f 1754/1754/1754 1759/1759/1759 1757/1757/1757
f 1758/1758/1758 1756/1756/1756 1760/1760/1760
f 1760/1760/1760 1756/1756/1756 1755/1755/1755
f 1761/1761/1761 1758/1758/1758 1760/1760/1760
f 1759/1759/1759 1762/1762/1762 1757/1757/1757
f 1757/1757/1757 1762/1762/1762 1755/1755/1755
f 1759/1759/1759 1763/1763/1763 1762/1762/1762
f 1761/1761/1761 1760/1760/1760 1764/1764/1764
f 1764/1764/1764 1760/1760/1760 1755/1755/1755
f 1765/1765/1765 1761/1761/1761 1764/1764/1764
f 1763/1763/1763 1766/1766/1766 1762/1762/1762
f 1762/1762/1762 1766/1766/1766 1755/1755/1755
f 1763/1763/1763 1767/1767/1767 1766/1766/1766
f 1765/1765/1765 1764/1764/1764 1768/1768/1768
f 1768/1768/1768 1764/1764/1764 1755/1755/1755
f 1769/1769/1769 1765/1765/1765 1768/1768/1768
f 1767/1767/1767 1770/1770/1770 1766/1766/1766
f 1766/1766/1766 1770/1770/1770 1755/1755/1755
f 1770/1770/1770 1768/1768/1768 1755/1755/1755
f 1769/1769/1769 1768/1768/1768 1770/1770/1770
f 1767/1767/1767 1769/1769/1769 1770/1770/1770
f 1773/1773/1773 1772/1772/1772 1771/1771/1771
f 1774/1774/1774 1773/1773/1773 1771/1771/1771
f 1771/1771/1771 1772/1772/1772 1775/1775/1775
f 1776/1776/1776 1773/1773/1773 1774/1774/1774
f 1777/1777/1777 1776/1776/1776 1774/1774/1774
f 1772/1772/1772 1778/1778/1778 1775/1775/1775
f 1775/1775/1775 1778/1778/1778 1779/1779/1779
f 1773/1773/1773 1780/1780/1780 1772/1772/1772
f 1776/1776/1776 1780/1780/1780 1773/1773/1773
f 1772/1772/1772 1780/1780/1780 1778/1778/1778
f 1781/1781/1781 1780/1780/1780 1776/1776/1776
f 1781/1781/1781 1776/1776/1776 1777/1777/1777
f 1778/1778/1778 1780/1780/1780 1782/1782/1782
f 1778/1778/1778 1782/1782/1782 1779/1779/1779
f 1783/1783/1783 1781/1781/1781 1777/1777/1777
f 1779/1779/1779 1782/1782/1782 1784/1784/1784
f 1785/1785/1785 1781/1781/1781 1783/1783/1783
f 1785/1785/1785 1780/1780/1780 1781/1781/1781
f 1786/1786/1786 1785/1785/1785 1783/1783/1783
f 1782/1782/1782 1787/1787/1787 1784/1784/1784
f 1782/1782/1782 1780/1780/1780 1787/1787/1787
f 1784/1784/1784 1787/1787/1787 1788/1788/1788
f 1789/1789/1789 1785/1785/1785 1786/1786/1786
f 1789/1789/1789 1780/1780/1780 1785/1785/1785
f 1790/1790/1790 1789/1789/1789 1786/1786/1786
f 1787/1787/1787 1791/1791/1791 1788/1788/1788
f 1787/1787/1787 1780/1780/1780 1791/1791/1791
f 1788/1788/1788 1791/1791/1791 1792/1792/1792
f 1793/1793/1793 1789/1789/1789 1790/1790/1790
f 1793/1793/1793 1780/1780/1780 1789/1789/1789
f 1794/1794/1794 1793/1793/1793 1790/1790/1790
f 1792/1792/1792 1795/1795/1795 1794/1794/1794
f 1791/1791/1791 1795/1795/1795 1792/1792/1792
f 1791/1791/1791 1780/1780/1780 1795/1795/1795
f 1795/1795/1795 1793/1793/1793 1794/1794/1794
f 1795/1795/1795 1780/1780/1780 1793/1793/1793
f 1798/1798/1798 1797/1797/1797 1796/1796/1796
f 1799/1799/1799 1798/1798/1798 1796/1796/1796
f 1800/1800/1800 1798/1798/1798 1799/1799/1799
f 1796/1796/1796 1797/1797/1797 1801/1801/1801
f 1797/1797/1797 1802/1802/1802 1801/1801/1801
f 1803/1803/1803 1800/1800/1800 1799/1799/1799
f 1804/1804/1804 1800/1800/1800 1803/1803/1803
f 1799/1799/1799 1796/1796/1796 1805/1805/1805
f 1796/1796/1796 1801/1801/1801 1805/1805/1805
f 1803/1803/1803 1799/1799/1799 1805/1805/1805
f 1801/1801/1801 1806/1806/1806 1805/1805/1805
f 1801/1801/1801 1802/1802/1802 1806/1806/1806
f 1807/1807/1807 1803/1803/1803 1805/1805/1805
f 1807/1807/1807 1804/1804/1804 1803/1803/1803
f 1802/1802/1802 1808/1808/1808 1806/1806/1806
f 1809/1809/1809 1804/1804/1804 1807/1807/1807
f 1806/1806/1806 1808/1808/1808 1810/1810/1810
f 1806/1806/1806 1810/1810/1810 1805/1805/1805
f 1808/1808/1808 1811/1811/1811 1810/1810/1810
f 1812/1812/1812 1809/1809/1809 1807/1807/1807
f 1812/1812/1812 1807/1807/1807 1805/1805/1805
f 1813/1813/1813 1809/1809/1809 1812/1812/1812
f 1810/1810/1810 1811/1811/1811 1814/1814/1814
f 1810/1810/1810 1814/1814/1814 1805/1805/1805
f 1811/1811/1811 1815/1815/1815 1814/1814/1814
f 1816/1816/1816 1813/1813/1813 1812/1812/1812
f 1816/1816/1816 1812/1812/1812 1805/1805/1805
f 1817/1817/1817 1813/1813/1813 1816/1816/1816
f 1814/1814/1814 1815/1815/1815 1818/1818/1818
f 1814/1814/1814 1818/1818/1818 1805/1805/1805
f 1815/1815/1815 1819/1819/1819 1818/1818/1818
f 1820/1820/1820 1817/1817/1817 1816/1816/1816
f 1820/1820/1820 1816/1816/1816 1805/1805/1805
f 1818/1818/1818 1820/1820/1820 1805/1805/1805
f 1819/1819/1819 1817/1817/1817 1820/1820/1820
f 1818/1818/1818 1819/1819/1819 1820/1820/1820
f 1823/1823/1823 1822/1822/1822 1821/1821/1821
f 1824/1824/1824 1823/1823/1823 1821/1821/1821
f 1824/1824/1824 1821/1821/1821 1825/1825/1825
f 1823/1823/1823 1826/1826/1826 1822/1822/1822
f 1826/1826/1826 1827/1827/1827 1822/1822/1822
f 1828/1828/1828 1824/1824/1824 1825/1825/1825
f 1828/1828/1828 1825/1825/1825 1829/1829/1829
f 1830/1830/1830 1823/1823/1823 1824/1824/1824
f 1830/1830/1830 1826/1826/1826 1823/1823/1823
f 1830/1830/1830 1824/1824/1824 1828/1828/1828
f 1830/1830/1830 1831/1831/1831 1826/1826/1826
f 1826/1826/1826 1831/1831/1831 1827/1827/1827
f 1830/1830/1830 1828/1828/1828 1832/1832/1832
f 1832/1832/1832 1828/1828/1828 1829/1829/1829
f 1831/1831/1831 1833/1833/1833 1827/1827/1827
f 1832/1832/1832 1829/1829/1829 1834/1834/1834
f 1831/1831/1831 1835/1835/1835 1833/1833/1833
f 1830/1830/1830 1835/1835/1835 1831/1831/1831
f 1835/1835/1835 1836/1836/1836 1833/1833/1833
f 1837/1837/1837 1832/1832/1832 1834/1834/1834
f 1830/1830/1830 1832/1832/1832 1837/1837/1837
f 1837/1837/1837 1834/1834/1834 1838/1838/1838
f 1835/1835/1835 1839/1839/1839 1836/1836/1836
f 1830/1830/1830 1839/1839/1839 1835/1835/1835
f 1839/1839/1839 1840/1840/1840 1836/1836/1836
f 1841/1841/1841 1837/1837/1837 1838/1838/1838
f 1830/1830/1830 1837/1837/1837 1841/1841/1841
f 1841/1841/1841 1838/1838/1838 1842/1842/1842
f 1839/1839/1839 1843/1843/1843 1840/1840/1840
f 1830/1830/1830 1843/1843/1843 1839/1839/1839
f 1843/1843/1843 1844/1844/1844 1840/1840/1840
f 1845/1845/1845 1842/1842/1842 1844/1844/1844
f 1845/1845/1845 1841/1841/1841 1842/1842/1842
f 1830/1830/1830 1841/1841/1841 1845/1845/1845
f 1843/1843/1843 1845/1845/1845 1844/1844/1844
f 1830/1830/1830 1845/1845/1845 1843/1843/1843
f 1848/1848/1848 1847/1847/1847 1846/1846/1846
f 1849/1849/1849 1848/1848/1848 1846/1846/1846
f 1850/1850/1850 1848/1848/1848 1849/1849/1849
f 1846/1846/1846 1847/1847/1847 1851/1851/1851
f 1847/1847/1847 1852/1852/1852 1851/1851/1851
f 1853/1853/1853 1850/1850/1850 1849/1849/1849
f 1854/1854/1854 1850/1850/1850 1853/1853/1853
f 1849/1849/1849 1846/1846/1846 1855/1855/1855
f 1846/1846/1846 1851/1851/1851 1855/1855/1855
f 1853/1853/1853 1849/1849/1849 1855/1855/1855
f 1851/1851/1851 1856/1856/1856 1855/1855/1855
f 1851/1851/1851 1852/1852/1852 1856/1856/1856
f 1857/1857/1857 1853/1853/1853 1855/1855/1855
f 1857/1857/1857 1854/1854/1854 1853/1853/1853
f 1852/1852/1852 1858/1858/1858 1856/1856/1856
f 1859/1859/1859 1854/1854/1854 1857/1857/1857
f 1856/1856/1856 1858/1858/1858 1860/1860/1860
f 1856/1856/1856 1860/1860/1860 1855/1855/1855
f 1858/1858/1858 1861/1861/1861 1860/1860/1860
f 1862/1862/1862 1859/1859/1859 1857/1857/1857
f 1862/1862/1862 1857/1857/1857 1855/1855/1855
f 1863/1863/1863 1859/1859/1859 1862/1862/1862
f 1860/1860/1860 1861/1861/1861 1864/1864/1864
f 1860/1860/1860 1864/1864/1864 1855/1855/1855
f 1861/1861/1861 1865/1865/1865 1864/1864/1864
f 1866/1866/1866 1863/1863/1863 1862/1862/1862
f 1866/1866/1866 1862/1862/1862 1855/1855/1855
f 1867/1867/1867 1863/1863/1863 1866/1866/1866
f 1864/1864/1864 1865/1865/1865 1868/1868/1868
f 1864/1864/1864 1868/1868/1868 1855/1855/1855
f 1865/1865/1865 1869/1869/1869 1868/1868/1868
f 1870/1870/1870 1867/1867/1867 1866/1866/1866
f 1870/1870/1870 1866/1866/1866 1855/1855/1855
f 1868/1868/1868 1870/1870/1870 1855/1855/1855
f 1869/1869/1869 1867/1867/1867 1870/1870/1870
f 1868/1868/1868 1869/1869/1869 1870/1870/1870
f 1873/1873/1873 1872/1872/1872 1871/1871/1871
f 1874/1874/1874 1873/1873/1873 1871/1871/1871
f 1874/1874/1874 1871/1871/1871 1875/1875/1875
f 1873/1873/1873 1876/1876/1876 1872/1872/1872
f 1876/1876/1876 1877/1877/1877 1872/1872/1872
f 1878/1878/1878 1874/1874/1874 1875/1875/1875
f 1878/1878/1878 1875/1875/1875 1879/1879/1879
f 1880/1880/1880 1873/1873/1873 1874/1874/1874
f 1880/1880/1880 1876/1876/1876 1873/1873/1873
f 1880/1880/1880 1874/1874/1874 1878/1878/1878
f 1880/1880/1880 1881/1881/1881 1876/1876/1876
f 1876/1876/1876 1881/1881/1881 1877/1877/1877
f 1880/1880/1880 1878/1878/1878 1882/1882/1882
f 1882/1882/1882 1878/1878/1878 1879/1879/1879
f 1881/1881/1881 1883/1883/1883 1877/1877/1877
f 1882/1882/1882 1879/1879/1879 1884/1884/1884
f 1881/1881/1881 1885/1885/1885 1883/1883/1883
f 1880/1880/1880 1885/1885/1885 1881/1881/1881
f 1885/1885/1885 1886/1886/1886 1883/1883/1883
f 1887/1887/1887 1882/1882/1882 1884/1884/1884
f 1880/1880/1880 1882/1882/1882 1887/1887/1887
f 1887/1887/1887 1884/1884/1884 1888/1888/1888
f 1885/1885/1885 1889/1889/1889 1886/1886/1886
f 1880/1880/1880 1889/1889/1889 1885/1885/1885
f 1889/1889/1889 1890/1890/1890 1886/1886/1886
f 1891/1891/1891 1887/1887/1887 1888/1888/1888
f 1880/1880/1880 1887/1887/1887 1891/1891/1891
f 1891/1891/1891 1888/1888/1888 1892/1892/1892
f 1889/1889/1889 1893/1893/1893 1890/1890/1890
f 1880/1880/1880 1893/1893/1893 1889/1889/1889
f 1893/1893/1893 1894/1894/1894 1890/1890/1890
f 1895/1895/1895 1892/1892/1892 1894/1894/1894
f 1895/1895/1895 1891/1891/1891 1892/1892/1892
f 1880/1880/1880 1891/1891/1891 1895/1895/1895
f 1893/1893/1893 1895/1895/1895 1894/1894/1894
f 1880/1880/1880 1895/1895/1895 1893/1893/1893
f 1898/1898/1898 1897/1897/1897 1896/1896/1896
f 1899/1899/1899 1898/1898/1898 1896/1896/1896
f 1900/1900/1900 1898/1898/1898 1899/1899/1899
f 1896/1896/1896 1897/1897/1897 1901/1901/1901
f 1897/1897/1897 1902/1902/1902 1901/1901/1901
f 1903/1903/1903 1900/1900/1900 1899/1899/1899
f 1904/1904/1904 1900/1900/1900 1903/1903/1903
f 1899/1899/1899 1896/1896/1896 1905/1905/1905
f 1896/1896/1896 1901/1901/1901 1905/1905/1905
f 1903/1903/1903 1899/1899/1899 1905/1905/1905
f 1901/1901/1901 1906/1906/1906 1905/1905/1905
f 1901/1901/1901 1902/1902/1902 1906/1906/1906
f 1907/1907/1907 1903/1903/1903 1905/1905/1905
f 1907/1907/1907 1904/1904/1904 1903/1903/1903
f 1902/1902/1902 1908/1908/1908 1906/1906/1906
f 1909/1909/1909 1904/1904/1904 1907/1907/1907
f 1906/1906/1906 1908/1908/1908 1910/1910/1910
f 1906/1906/1906 1910/1910/1910 1905/1905/1905
f 1908/1908/1908 1911/1911/1911 1910/1910/1910
f 1912/1912/1912 1909/1909/1909 1907/1907/1907
f 1912/1912/1912 1907/1907/1907 1905/1905/1905
f 1913/1913/1913 1909/1909/1909 1912/1912/1912
f 1910/1910/1910 1911/1911/1911 1914/1914/1914
f 1910/1910/1910 1914/1914/1914 1905/1905/1905
f 1911/1911/1911 1915/1915/1915 1914/1914/1914
f 1916/1916/1916 1913/1913/1913 1912/1912/1912
f 1916/1916/1916 1912/1912/1912 1905/1905/1905
f 1917/1917/1917 1913/1913/1913 1916/1916/1916
f 1914/1914/1914 1915/1915/1915 1918/1918/1918
f 1914/1914/1914 1918/1918/1918 1905/1905/1905
f 1915/1915/1915 1919/1919/1919 1918/1918/1918
f 1920/1920/1920 1917/1917/1917 1916/1916/1916
f 1920/1920/1920 1916/1916/1916 1905/1905/1905
f 1918/1918/1918 1920/1920/1920 1905/1905/1905
f 1919/1919/1919 1917/1917/1917 1920/1920/1920
f 1918/1918/1918 1919/1919/1919 1920/1920/1920
f 1923/1923/1923 1922/1922/1922 1921/1921/1921
f 1924/1924/1924 1923/1923/1923 1921/1921/1921
f 1924/1924/1924 1921/1921/1921 1925/1925/1925
f 1923/1923/1923 1926/1926/1926 1922/1922/1922
f 1926/1926/1926 1927/1927/1927 1922/1922/1922
f 1928/1928/1928 1924/1924/1924 1925/1925/1925
f 1928/1928/1928 1925/1925/1925 1929/1929/1929
f 1930/1930/1930 1923/1923/1923 1924/1924/1924
f 1930/1930/1930 1926/1926/1926 1923/1923/1923
f 1930/1930/1930 1924/1924/1924 1928/1928/1928
f 1930/1930/1930 1931/1931/1931 1926/1926/1926
f 1926/1926/1926 1931/1931/1931 1927/1927/1927
f 1930/1930/1930 1928/1928/1928 1932/1932/1932
f 1932/1932/1932 1928/1928/1928 1929/1929/1929
f 1931/1931/1931 1933/1933/1933 1927/1927/1927
f 1932/1932/1932 1929/1929/1929 1934/1934/1934
f 1931/1931/1931 1935/1935/1935 1933/1933/1933
f 1930/1930/1930 1935/1935/1935 1931/1931/1931
f 1935/1935/1935 1936/1936/1936 1933/1933/1933
f 1937/1937/1937 1932/1932/1932 1934/1934/1934
f 1930/1930/1930 1932/1932/1932 1937/1937/1937
f 1937/1937/1937 1934/1934/1934 1938/1938/1938
f 1935/1935/1935 1939/1939/1939 1936/1936/1936
f 1930/1930/1930 1939/1939/1939 1935/1935/1935
f 1939/1939/1939 1940/1940/1940 1936/1936/1936
f 1941/1941/1941 1937/1937/1937 1938/1938/1938
f 1930/1930/1930 1937/1937/1937 1941/1941/1941
f 1941/1941/1941 1938/1938/1938 1942/1942/1942
f 1939/1939/1939 1943/1943/1943 1940/1940/1940
f 1930/1930/1930 1943/1943/1943 1939/1939/1939
f 1943/1943/1943 1944/1944/1944 1940/1940/1940
f 1945/1945/1945 1942/1942/1942 1944/1944/1944
f 1945/1945/1945 1941/1941/1941 1942/1942/1942
f 1930/1930/1930 1941/1941/1941 1945/1945/1945
f 1943/1943/1943 1945/1945/1945 1944/1944/1944
f 1930/1930/1930 1945/1945/1945 1943/1943/1943
f 1948/1948/1948 1947/1947/1947 1946/1946/1946
f 1949/1949/1949 1948/1948/1948 1946/1946/1946
f 1950/1950/1950 1948/1948/1948 1949/1949/1949
f 1946/1946/1946 1947/1947/1947 1951/1951/1951
f 1947/1947/1947 1952/1952/1952 1951/1951/1951
f 1953/1953/1953 1950/1950/1950 1949/1949/1949
f 1954/1954/1954 1950/1950/1950 1953/1953/1953
f 1949/1949/1949 1946/1946/1946 1955/1955/1955
f 1946/1946/1946 1951/1951/1951 1955/1955/1955
f 1953/1953/1953 1949/1949/1949 1955/1955/1955
f 1951/1951/1951 1956/1956/1956 1955/1955/1955
f 1951/1951/1951 1952/1952/1952 1956/1956/1956
f 1957/1957/1957 1953/1953/1953 1955/1955/1955
f 1957/1957/1957 1954/1954/1954 1953/1953/1953
f 1952/1952/1952 1958/1958/1958 1956/1956/1956
f 1959/1959/1959 1954/1954/1954 1957/1957/1957
f 1956/1956/1956 1958/1958/1958 1960/1960/1960
f 1956/1956/1956 1960/1960/1960 1955/1955/1955
f 1958/1958/1958 1961/1961/1961 1960/1960/1960
f 1962/1962/1962 1959/1959/1959 1957/1957/1957
f 1962/1962/1962 1957/1957/1957 1955/1955/1955
f 1963/1963/1963 1959/1959/1959 1962/1962/1962
f 1960/1960/1960 1961/1961/1961 1964/1964/1964
f 1960/1960/1960 1964/1964/1964 1955/1955/1955
f 1961/1961/1961 1965/1965/1965 1964/1964/1964
f 1966/1966/1966 1963/1963/1963 1962/1962/1962
f 1966/1966/1966 1962/1962/1962 1955/1955/1955
f 1967/1967/1967 1963/1963/1963 1966/1966/1966
f 1964/1964/1964 1965/1965/1965 1968/1968/1968
f 1964/1964/1964 1968/1968/1968 1955/1955/1955
f 1965/1965/1965 1969/1969/1969 1968/1968/1968
f 1970/1970/1970 1967/1967/1967 1966/1966/1966
f 1970/1970/1970 1966/1966/1966 1955/1955/1955
f 1968/1968/1968 1970/1970/1970 1955/1955/1955
f 1969/1969/1969 1967/1967/1967 1970/1970/1970
f 1968/1968/1968 1969/1969/1969 1970/1970/1970
f 1973/1973/1973 1972/1972/1972 1971/1971/1971
f 1974/1974/1974 1973/1973/1973 1971/1971/1971
f 1974/1974/1974 1971/1971/1971 1975/1975/1975
f 1973/1973/1973 1976/1976/1976 1972/1972/1972
f 1976/1976/1976 1977/1977/1977 1972/1972/1972
f 1978/1978/1978 1974/1974/1974 1975/1975/1975
f 1978/1978/1978 1975/1975/1975 1979/1979/1979
f 1980/1980/1980 1973/1973/1973 1974/1974/1974
f 1980/1980/1980 1976/1976/1976 1973/1973/1973
f 1980/1980/1980 1974/1974/1974 1978/1978/1978
f 1980/1980/1980 1981/1981/1981 1976/1976/1976
f 1976/1976/1976 1981/1981/1981 1977/1977/1977
f 1980/1980/1980 1978/1978/1978 1982/1982/1982
f 1982/1982/1982 1978/1978/1978 1979/1979/1979
f 1981/1981/1981 1983/1983/1983 1977/1977/1977
f 1982/1982/1982 1979/1979/1979 1984/1984/1984
f 1981/1981/1981 1985/1985/1985 1983/1983/1983
f 1980/1980/1980 1985/1985/1985 1981/1981/1981
f 1985/1985/1985 1986/1986/1986 1983/1983/1983
f 1987/1987/1987 1982/1982/1982 1984/1984/1984
f 1980/1980/1980 1982/1982/1982 1987/1987/1987
f 1987/1987/1987 1984/1984/1984 1988/1988/1988
f 1985/1985/1985 1989/1989/1989 1986/1986/1986
f 1980/1980/1980 1989/1989/1989 1985/1985/1985
f 1989/1989/1989 1990/1990/1990 1986/1986/1986
f 1991/1991/1991 1987/1987/1987 1988/1988/1988
f 1980/1980/1980 1987/1987/1987 1991/1991/1991
f 1991/1991/1991 1988/1988/1988 1992/1992/1992
f 1989/1989/1989 1993/1993/1993 1990/1990/1990
f 1980/1980/1980 1993/1993/1993 1989/1989/1989
f 1993/1993/1993 1994/1994/1994 1990/1990/1990
f 1995/1995/1995 1992/1992/1992 1994/1994/1994
f 1995/1995/1995 1991/1991/1991 1992/1992/1992
f 1980/1980/1980 1991/1991/1991 1995/1995/1995
f 1993/1993/1993 1995/1995/1995 1994/1994/1994
f 1980/1980/1980 1995/1995/1995 1993/1993/1993
f 1998/1998/1998 1997/1997/1997 1996/1996/1996
f 1999/1999/1999 1998/1998/1998 1996/1996/1996
f 1996/1996/1996 1997/1997/1997 2000/2000/2000
f 2001/2001/2001 1998/1998/1998 1999/1999/1999
f 1997/1997/1997 2002/2002/2002 2000/2000/2000
f 2003/2003/2003 2001/2001/2001 1999/1999/1999
f 2000/2000/2000 2002/2002/2002 2004/2004/2004
f 2005/2005/2005 2001/2001/2001 2003/2003/2003
f 2002/2002/2002 2006/2006/2006 2004/2004/2004
f 2007/2007/2007 2005/2005/2005 2003/2003/2003
f 2004/2004/2004 2006/2006/2006 2008/2008/2008
f 2009/2009/2009 2005/2005/2005 2007/2007/2007
f 2006/2006/2006 2010/2010/2010 2008/2008/2008
f 2011/2011/2011 2009/2009/2009 2007/2007/2007
f 2008/2008/2008 2010/2010/2010 2012/2012/2012
f 2013/2013/2013 2009/2009/2009 2011/2011/2011
f 2010/2010/2010 2014/2014/2014 2012/2012/2012
f 2015/2015/2015 2013/2013/2013 2011/2011/2011
f 2012/2012/2012 2014/2014/2014 2016/2016/2016
f 2017/2017/2017 2013/2013/2013 2015/2015/2015
f 2014/2014/2014 2018/2018/2018 2016/2016/2016
f 2019/2019/2019 2017/2017/2017 2015/2015/2015
f 2016/2016/2016 2018/2018/2018 2019/2019/2019
f 2018/2018/2018 2017/2017/2017 2019/2019/2019
f 2022/2022/2022 2021/2021/2021 2020/2020/2020
f 2023/2023/2023 2022/2022/2022 2020/2020/2020
f 2020/2020/2020 2021/2021/2021 2024/2024/2024
f 2025/2025/2025 2022/2022/2022 2023/2023/2023
f 2021/2021/2021 2026/2026/2026 2024/2024/2024
f 2027/2027/2027 2025/2025/2025 2023/2023/2023
f 2024/2024/2024 2026/2026/2026 2028/2028/2028
f 2029/2029/2029 2025/2025/2025 2027/2027/2027
f 2026/2026/2026 2030/2030/2030 2028/2028/2028
f 2031/2031/2031 2029/2029/2029 2027/2027/2027
f 2028/2028/2028 2030/2030/2030 2032/2032/2032
f 2033/2033/2033 2029/2029/2029 2031/2031/2031
f 2030/2030/2030 2034/2034/2034 2032/2032/2032
f 2035/2035/2035 2033/2033/2033 2031/2031/2031
f 2032/2032/2032 2034/2034/2034 2036/2036/2036
f 2037/2037/2037 2033/2033/2033 2035/2035/2035
f 2034/2034/2034 2038/2038/2038 2036/2036/2036
f 2039/2039/2039 2037/2037/2037 2035/2035/2035
f 2036/2036/2036 2038/2038/2038 2040/2040/2040
f 2041/2041/2041 2037/2037/2037 2039/2039/2039
f 2038/2038/2038 2042/2042/2042 2040/2040/2040
f 2043/2043/2043 2041/2041/2041 2039/2039/2039
f 2040/2040/2040 2042/2042/2042 2043/2043/2043
f 2042/2042/2042 2041/2041/2041 2043/2043/2043
f 2046/2046/2046 2045/2045/2045 2044/2044/2044
f 2047/2047/2047 2046/2046/2046 2044/2044/2044
f 2044/2044/2044 2045/2045/2045 2048/2048/2048
f 2049/2049/2049 2046/2046/2046 2047/2047/2047
f 2045/2045/2045 2050/2050/2050 2048/2048/2048
f 2051/2051/2051 2049/2049/2049 2047/2047/2047
f 2048/2048/2048 2050/2050/2050 2052/2052/2052
f 2053/2053/2053 2049/2049/2049 2051/2051/2051
f 2050/2050/2050 2054/2054/2054 2052/2052/2052
f 2055/2055/2055 2053/2053/2053 2051/2051/2051
f 2052/2052/2052 2054/2054/2054 2056/2056/2056
f 2057/2057/2057 2053/2053/2053 2055/2055/2055
f 2054/2054/2054 2058/2058/2058 2056/2056/2056
f 2059/2059/2059 2057/2057/2057 2055/2055/2055
f 2056/2056/2056 2058/2058/2058 2060/2060/2060
f 2061/2061/2061 2057/2057/2057 2059/2059/2059
f 2058/2058/2058 2062/2062/2062 2060/2060/2060
f 2063/2063/2063 2061/2061/2061 2059/2059/2059
f 2060/2060/2060 2062/2062/2062 2064/2064/2064
f 2065/2065/2065 2061/2061/2061 2063/2063/2063
f 2062/2062/2062 2066/2066/2066 2064/2064/2064
f 2067/2067/2067 2065/2065/2065 2063/2063/2063
f 2064/2064/2064 2066/2066/2066 2067/2067/2067
f 2066/2066/2066 2065/2065/2065 2067/2067/2067
f 2070/2070/2070 2069/2069/2069 2068/2068/2068
f 2071/2071/2071 2070/2070/2070 2068/2068/2068
f 2068/2068/2068 2069/2069/2069 2072/2072/2072
f 2073/2073/2073 2070/2070/2070 2071/2071/2071
f 2069/2069/2069 2074/2074/2074 2072/2072/2072
f 2075/2075/2075 2073/2073/2073 2071/2071/2071
f 2072/2072/2072 2074/2074/2074 2076/2076/2076
f 2077/2077/2077 2073/2073/2073 2075/2075/2075
f 2074/2074/2074 2078/2078/2078 2076/2076/2076
f 2079/2079/2079 2077/2077/2077 2075/2075/2075
f 2076/2076/2076 2078/2078/2078 2080/2080/2080
f 2081/2081/2081 2077/2077/2077 2079/2079/2079
f 2078/2078/2078 2082/2082/2082 2080/2080/2080
f 2083/2083/2083 2081/2081/2081 2079/2079/2079
f 2080/2080/2080 2082/2082/2082 2084/2084/2084
f 2085/2085/2085 2081/2081/2081 2083/2083/2083
f 2082/2082/2082 2086/2086/2086 2084/2084/2084
f 2087/2087/2087 2085/2085/2085 2083/2083/2083
f 2084/2084/2084 2086/2086/2086 2088/2088/2088
f 2089/2089/2089 2085/2085/2085 2087/2087/2087
f 2086/2086/2086 2090/2090/2090 2088/2088/2088
f 2091/2091/2091 2089/2089/2089 2087/2087/2087
f 2088/2088/2088 2090/2090/2090 2091/2091/2091
f 2090/2090/2090 2089/2089/2089 2091/2091/2091
f 2094/2094/2094 2093/2093/2093 2092/2092/2092
f 2095/2095/2095 2094/2094/2094 2092/2092/2092
f 2094/2094/2094 2096/2096/2096 2093/2093/2093
f 2095/2095/2095 2092/2092/2092 2097/2097/2097
f 2096/2096/2096 2098/2098/2098 2093/2093/2093
f 2099/2099/2099 2095/2095/2095 2097/2097/2097
f 2096/2096/2096 2100/2100/2100 2098/2098/2098
f 2099/2099/2099 2097/2097/2097 2101/2101/2101
f 2100/2100/2100 2102/2102/2102 2098/2098/2098
f 2103/2103/2103 2099/2099/2099 2101/2101/2101
f 2100/2100/2100 2104/2104/2104 2102/2102/2102
f 2103/2103/2103 2101/2101/2101 2105/2105/2105
f 2104/2104/2104 2106/2106/2106 2102/2102/2102
f 2107/2107/2107 2103/2103/2103 2105/2105/2105
f 2104/2104/2104 2108/2108/2108 2106/2106/2106
f 2107/2107/2107 2105/2105/2105 2109/2109/2109
f 2108/2108/2108 2110/2110/2110 2106/2106/2106
f 2111/2111/2111 2107/2107/2107 2109/2109/2109
f 2108/2108/2108 2112/2112/2112 2110/2110/2110
f 2111/2111/2111 2109/2109/2109 2113/2113/2113
f 2112/2112/2112 2114/2114/2114 2110/2110/2110
f 2115/2115/2115 2111/2111/2111 2113/2113/2113
f 2115/2115/2115 2113/2113/2113 2114/2114/2114
f 2112/2112/2112 2115/2115/2115 2114/2114/2114
f 2118/2118/2118 2117/2117/2117 2116/2116/2116
f 2119/2119/2119 2118/2118/2118 2116/2116/2116
f 2118/2118/2118 2120/2120/2120 2117/2117/2117
f 2119/2119/2119 2116/2116/2116 2121/2121/2121
f 2120/2120/2120 2122/2122/2122 2117/2117/2117
f 2123/2123/2123 2119/2119/2119 2121/2121/2121
f 2120/2120/2120 2124/2124/2124 2122/2122/2122
f 2123/2123/2123 2121/2121/2121 2125/2125/2125
f 2124/2124/2124 2126/2126/2126 2122/2122/2122
f 2127/2127/2127 2123/2123/2123 2125/2125/2125
f 2124/2124/2124 2128/2128/2128 2126/2126/2126
f 2127/2127/2127 2125/2125/2125 2129/2129/2129
f 2128/2128/2128 2130/2130/2130 2126/2126/2126
f 2131/2131/2131 2127/2127/2127 2129/2129/2129
f 2128/2128/2128 2132/2132/2132 2130/2130/2130
f 2131/2131/2131 2129/2129/2129 2133/2133/2133
f 2132/2132/2132 2134/2134/2134 2130/2130/2130
f 2135/2135/2135 2131/2131/2131 2133/2133/2133
f 2132/2132/2132 2136/2136/2136 2134/2134/2134
f 2135/2135/2135 2133/2133/2133 2137/2137/2137
f 2136/2136/2136 2138/2138/2138 2134/2134/2134
f 2139/2139/2139 2135/2135/2135 2137/2137/2137
f 2139/2139/2139 2137/2137/2137 2138/2138/2138
f 2136/2136/2136 2139/2139/2139 2138/2138/2138
f 2142/2142/2142 2141/2141/2141 2140/2140/2140
f 2143/2143/2143 2142/2142/2142 2140/2140/2140
f 2142/2142/2142 2144/2144/2144 2141/2141/2141
f 2143/2143/2143 2140/2140/2140 2145/2145/2145
f 2144/2144/2144 2146/2146/2146 2141/2141/2141
f 2147/2147/2147 2143/2143/2143 2145/2145/2145
f 2144/2144/2144 2148/2148/2148 2146/2146/2146
f 2147/2147/2147 2145/2145/2145 2149/2149/2149
f 2148/2148/2148 2150/2150/2150 2146/2146/2146
f 2151/2151/2151 2147/2147/2147 2149/2149/2149
f 2148/2148/2148 2152/2152/2152 2150/2150/2150
f 2151/2151/2151 2149/2149/2149 2153/2153/2153
f 2152/2152/2152 2154/2154/2154 2150/2150/2150
f 2155/2155/2155 2151/2151/2151 2153/2153/2153
f 2152/2152/2152 2156/2156/2156 2154/2154/2154
f 2155/2155/2155 2153/2153/2153 2157/2157/2157
f 2156/2156/2156 2158/2158/2158 2154/2154/2154
f 2159/2159/2159 2155/2155/2155 2157/2157/2157
f 2156/2156/2156 2160/2160/2160 2158/2158/2158
f 2159/2159/2159 2157/2157/2157 2161/2161/2161
f 2160/2160/2160 2162/2162/2162 2158/2158/2158
f 2163/2163/2163 2159/2159/2159 2161/2161/2161
f 2163/2163/2163 2161/2161/2161 2162/2162/2162
f 2160/2160/2160 2163/2163/2163 2162/2162/2162
f 2166/2166/2166 2165/2165/2165 2164/2164/2164
f 2167/2167/2167 2166/2166/2166 2164/2164/2164
f 2166/2166/2166 2168/2168/2168 2165/2165/2165
f 2167/2167/2167 2164/2164/2164 2169/2169/2169
f 2168/2168/2168 2170/2170/2170 2165/2165/2165
f 2171/2171/2171 2167/2167/2167 2169/2169/2169
f 2168/2168/2168 2172/2172/2172 2170/2170/2170
f 2171/2171/2171 2169/2169/2169 2173/2173/2173
f 2172/2172/2172 2174/2174/2174 2170/2170/2170
f 2175/2175/2175 2171/2171/2171 2173/2173/2173
f 2172/2172/2172 2176/2176/2176 2174/2174/2174
f 2175/2175/2175 2173/2173/2173 2177/2177/2177
f 2176/2176/2176 2178/2178/2178 2174/2174/2174
f 2179/2179/2179 2175/2175/2175 2177/2177/2177
f 2176/2176/2176 2180/2180/2180 2178/2178/2178
f 2179/2179/2179 2177/2177/2177 2181/2181/2181
f 2180/2180/2180 2182/2182/2182 2178/2178/2178
f 2183/2183/2183 2179/2179/2179 2181/2181/2181
f 2180/2180/2180 2184/2184/2184 2182/2182/2182
f 2183/2183/2183 2181/2181/2181 2185/2185/2185
f 2184/2184/2184 2186/2186/2186 2182/2182/2182
f 2187/2187/2187 2183/2183/2183 2185/2185/2185
f 2187/2187/2187 2185/2185/2185 2186/2186/2186
f 2184/2184/2184 2187/2187/2187 2186/2186/2186
