g GuardTower_1_2
v -0.39175612 0.48516014 2.508633
v -0.42855912 0.49928853 2.508633
v -0.41015762 0.48516014 2.4767606
v -0.41015762 0.48516014 2.4767606
v -0.42855912 0.49928853 2.508633
v -0.44696066 0.48516014 2.4767606
v -0.44696066 0.48516014 2.4767606
v -0.42855912 0.49928853 2.508633
v -0.4653622 0.48516014 2.508633
v -0.4653622 0.48516014 2.508633
v -0.42855912 0.49928853 2.508633
v -0.44696066 0.48516014 2.5405052
v -0.44696066 0.48516014 2.5405052
v -0.42855912 0.49928853 2.508633
v -0.41015762 0.48516014 2.5405052
v -0.41015762 0.48516014 2.5405052
v -0.42855912 0.49928853 2.508633
v -0.39175612 0.48516014 2.508633
v -0.30234563 0.47343355 2.5068405
v -0.33059043 0.4842765 2.5068405
v -0.31646803 0.47343355 2.4823797
v -0.31646803 0.47343355 2.4823797
v -0.33059043 0.4842765 2.5068405
v -0.34471282 0.47343355 2.4823797
v -0.34471282 0.47343355 2.4823797
v -0.33059043 0.4842765 2.5068405
v -0.35883516 0.47343355 2.5068405
v -0.35883516 0.47343355 2.5068405
v -0.33059043 0.4842765 2.5068405
v -0.34471282 0.47343355 2.5313013
v -0.34471282 0.47343355 2.5313013
v -0.33059043 0.4842765 2.5068405
v -0.31646803 0.47343355 2.5313013
v -0.31646803 0.47343355 2.5313013
v -0.33059043 0.4842765 2.5068405
v -0.30234563 0.47343355 2.5068405
v -0.35918376 0.4683825 2.5068405
v -0.3787863 0.47590783 2.5068405
v -0.36898503 0.4683825 2.489864
v -0.36898503 0.4683825 2.489864
v -0.3787863 0.47590783 2.5068405
v -0.38858753 0.4683825 2.489864
v -0.38858753 0.4683825 2.489864
v -0.3787863 0.47590783 2.5068405
v -0.39838883 0.4683825 2.5068405
v -0.39838883 0.4683825 2.5068405
v -0.3787863 0.47590783 2.5068405
v -0.38858753 0.4683825 2.5238168
v -0.38858753 0.4683825 2.5238168
v -0.3787863 0.47590783 2.5068405
v -0.36898503 0.4683825 2.5238168
v -0.36898503 0.4683825 2.5238168
v -0.3787863 0.47590783 2.5068405
v -0.35918376 0.4683825 2.5068405
v -0.2620792 0.4683825 2.5068405
v -0.28168175 0.47590783 2.5068405
v -0.27188048 0.4683825 2.489864
v -0.27188048 0.4683825 2.489864
v -0.28168175 0.47590783 2.5068405
v -0.291483 0.4683825 2.489864
v -0.291483 0.4683825 2.489864
v -0.28168175 0.47590783 2.5068405
v -0.30128428 0.4683825 2.5068405
v -0.30128428 0.4683825 2.5068405
v -0.28168175 0.47590783 2.5068405
v -0.291483 0.4683825 2.5238168
v -0.291483 0.4683825 2.5238168
v -0.28168175 0.47590783 2.5068405
v -0.27188048 0.4683825 2.5238168
v -0.27188048 0.4683825 2.5238168
v -0.28168175 0.47590783 2.5068405
v -0.2620792 0.4683825 2.5068405
v -0.43464753 0.47481576 2.4405801
v -0.43464753 0.48607832 2.4112422
v -0.40924022 0.47481576 2.425911
v -0.40924022 0.47481576 2.425911
v -0.43464753 0.48607832 2.4112422
v -0.40924022 0.47481576 2.3965733
v -0.40924022 0.47481576 2.3965733
v -0.43464753 0.48607832 2.4112422
v -0.43464753 0.47481576 2.3819044
v -0.43464753 0.47481576 2.3819044
v -0.43464753 0.48607832 2.4112422
v -0.46005484 0.47481576 2.3965733
v -0.46005484 0.47481576 2.3965733
v -0.43464753 0.48607832 2.4112422
v -0.46005484 0.47481576 2.425911
v -0.46005484 0.47481576 2.425911
v -0.43464753 0.48607832 2.4112422
v -0.43464753 0.47481576 2.4405801
v -0.43464753 0.4683825 2.382492
v -0.43464753 0.47590786 2.3628898
v -0.41767123 0.4683825 2.372691
v -0.41767123 0.4683825 2.372691
v -0.43464753 0.47590786 2.3628898
v -0.41767123 0.4683825 2.3530884
v -0.41767123 0.4683825 2.3530884
v -0.43464753 0.47590786 2.3628898
v -0.43464753 0.4683825 2.3432872
v -0.43464753 0.4683825 2.3432872
v -0.43464753 0.47590786 2.3628898
v -0.45162383 0.4683825 2.3530884
v -0.45162383 0.4683825 2.3530884
v -0.43464753 0.47590786 2.3628898
v -0.45162383 0.4683825 2.372691
v -0.45162383 0.4683825 2.372691
v -0.43464753 0.47590786 2.3628898
v -0.43464753 0.4683825 2.382492
v -0.43464753 0.4683825 2.4795969
v -0.43464753 0.47590786 2.459994
v -0.41767123 0.4683825 2.4697955
v -0.41767123 0.4683825 2.4697955
v -0.43464753 0.47590786 2.459994
v -0.41767123 0.4683825 2.450193
v -0.41767123 0.4683825 2.450193
v -0.43464753 0.47590786 2.459994
v -0.43464753 0.4683825 2.4403915
v -0.43464753 0.4683825 2.4403915
v -0.43464753 0.47590786 2.459994
v -0.45162383 0.4683825 2.450193
v -0.45162383 0.4683825 2.450193
v -0.43464753 0.47590786 2.459994
v -0.45162383 0.4683825 2.4697955
v -0.45162383 0.4683825 2.4697955
v -0.43464753 0.47590786 2.459994
v -0.43464753 0.4683825 2.4795969
v -0.35503954 0.4734336 2.3070285
v -0.3267948 0.48427656 2.3070285
v -0.34091717 0.4734336 2.331489
v -0.34091717 0.4734336 2.331489
v -0.3267948 0.48427656 2.3070285
v -0.3126724 0.4734336 2.331489
v -0.3126724 0.4734336 2.331489
v -0.3267948 0.48427656 2.3070285
v -0.29855004 0.4734336 2.3070285
v -0.29855004 0.4734336 2.3070285
v -0.3267948 0.48427656 2.3070285
v -0.3126724 0.4734336 2.2825677
v -0.3126724 0.4734336 2.2825677
v -0.3267948 0.48427656 2.3070285
v -0.34091717 0.4734336 2.2825677
v -0.34091717 0.4734336 2.2825677
v -0.3267948 0.48427656 2.3070285
v -0.35503954 0.4734336 2.3070285
v -0.29820144 0.4683825 2.3070285
v -0.2785989 0.47590786 2.3070285
v -0.2884002 0.4683825 2.3240047
v -0.2884002 0.4683825 2.3240047
v -0.2785989 0.47590786 2.3070285
v -0.26879767 0.4683825 2.3240047
v -0.26879767 0.4683825 2.3240047
v -0.2785989 0.47590786 2.3070285
v -0.25899637 0.4683825 2.3070285
v -0.25899637 0.4683825 2.3070285
v -0.2785989 0.47590786 2.3070285
v -0.26879767 0.4683825 2.2900522
v -0.26879767 0.4683825 2.2900522
v -0.2785989 0.47590786 2.3070285
v -0.2884002 0.4683825 2.2900522
v -0.2884002 0.4683825 2.2900522
v -0.2785989 0.47590786 2.3070285
v -0.29820144 0.4683825 2.3070285
v -0.39530602 0.4683825 2.3070285
v -0.37570348 0.47590786 2.3070285
v -0.38550475 0.4683825 2.3240047
v -0.38550475 0.4683825 2.3240047
v -0.37570348 0.47590786 2.3070285
v -0.36590222 0.4683825 2.3240047
v -0.36590222 0.4683825 2.3240047
v -0.37570348 0.47590786 2.3070285
v -0.35610098 0.4683825 2.3070285
v -0.35610098 0.4683825 2.3070285
v -0.37570348 0.47590786 2.3070285
v -0.36590222 0.4683825 2.2900522
v -0.36590222 0.4683825 2.2900522
v -0.37570348 0.47590786 2.3070285
v -0.38550475 0.4683825 2.2900522
v -0.38550475 0.4683825 2.2900522
v -0.37570348 0.47590786 2.3070285
v -0.39530602 0.4683825 2.3070285
v -0.22273768 0.4734336 2.3866365
v -0.22273768 0.48427656 2.4148812
v -0.24719836 0.4734336 2.4007587
v -0.24719836 0.4734336 2.4007587
v -0.22273768 0.48427656 2.4148812
v -0.24719836 0.4734336 2.4290035
v -0.24719836 0.4734336 2.4290035
v -0.22273768 0.48427656 2.4148812
v -0.22273768 0.4734336 2.443126
v -0.22273768 0.4734336 2.443126
v -0.22273768 0.48427656 2.4148812
v -0.19827701 0.4734336 2.4290035
v -0.19827701 0.4734336 2.4290035
v -0.22273768 0.48427656 2.4148812
v -0.19827701 0.4734336 2.4007587
v -0.19827701 0.4734336 2.4007587
v -0.22273768 0.48427656 2.4148812
v -0.22273768 0.4734336 2.3866365
v -0.22273768 0.4683825 2.4434745
v -0.22273768 0.47590786 2.463077
v -0.23971398 0.4683825 2.4532757
v -0.23971398 0.4683825 2.4532757
v -0.22273768 0.47590786 2.463077
v -0.23971398 0.4683825 2.4728782
v -0.23971398 0.4683825 2.4728782
v -0.22273768 0.47590786 2.463077
v -0.22273768 0.4683825 2.4826796
v -0.22273768 0.4683825 2.4826796
v -0.22273768 0.47590786 2.463077
v -0.2057614 0.4683825 2.4728782
v -0.2057614 0.4683825 2.4728782
v -0.22273768 0.47590786 2.463077
v -0.2057614 0.4683825 2.4532757
v -0.2057614 0.4683825 2.4532757
v -0.22273768 0.47590786 2.463077
v -0.22273768 0.4683825 2.4434745
v -0.22273768 0.4683825 2.3463697
v -0.22273768 0.47590786 2.3659723
v -0.23971398 0.4683825 2.3561711
v -0.23971398 0.4683825 2.3561711
v -0.22273768 0.47590786 2.3659723
v -0.23971398 0.4683825 2.3757737
v -0.23971398 0.4683825 2.3757737
v -0.22273768 0.47590786 2.3659723
v -0.22273768 0.4683825 2.385575
v -0.22273768 0.4683825 2.385575
v -0.22273768 0.47590786 2.3659723
v -0.2057614 0.4683825 2.3757737
v -0.2057614 0.4683825 2.3757737
v -0.22273768 0.47590786 2.3659723
v -0.2057614 0.4683825 2.3561711
v -0.2057614 0.4683825 2.3561711
v -0.22273768 0.47590786 2.3659723
v -0.22273768 0.4683825 2.3463697
v -0.42434195 0.48516008 2.34992
v -0.42434195 0.49928847 2.313117
v -0.39246958 0.48516008 2.3315187
v -0.39246958 0.48516008 2.3315187
v -0.42434195 0.49928847 2.313117
v -0.39246958 0.48516008 2.2947156
v -0.39246958 0.48516008 2.2947156
v -0.42434195 0.49928847 2.313117
v -0.42434195 0.48516008 2.276314
v -0.42434195 0.48516008 2.276314
v -0.42434195 0.49928847 2.313117
v -0.4562143 0.48516008 2.2947156
v -0.4562143 0.48516008 2.2947156
v -0.42434195 0.49928847 2.313117
v -0.4562143 0.48516008 2.3315187
v -0.4562143 0.48516008 2.3315187
v -0.42434195 0.49928847 2.313117
v -0.42434195 0.48516008 2.34992
v -0.26562908 0.48516008 2.317334
v -0.22882606 0.49928847 2.317334
v -0.24722761 0.48516008 2.3492064
v -0.24722761 0.48516008 2.3492064
v -0.22882606 0.49928847 2.317334
v -0.21042457 0.48516008 2.3492064
v -0.21042457 0.48516008 2.3492064
v -0.22882606 0.49928847 2.317334
v -0.19202302 0.48516008 2.317334
v -0.19202302 0.48516008 2.317334
v -0.22882606 0.49928847 2.317334
v -0.21042457 0.48516008 2.2854617
v -0.21042457 0.48516008 2.2854617
v -0.22882606 0.49928847 2.317334
v -0.24722761 0.48516008 2.2854617
v -0.24722761 0.48516008 2.2854617
v -0.22882606 0.49928847 2.317334
v -0.26562908 0.48516008 2.317334
v -0.23304313 0.48516008 2.4760468
v -0.23304313 0.49928847 2.5128498
v -0.2649155 0.48516008 2.4944484
v -0.2649155 0.48516008 2.4944484
v -0.23304313 0.49928847 2.5128498
v -0.2649155 0.48516008 2.5312514
v -0.2649155 0.48516008 2.5312514
v -0.23304313 0.49928847 2.5128498
v -0.23304313 0.48516008 2.5496528
v -0.23304313 0.48516008 2.5496528
v -0.23304313 0.49928847 2.5128498
v -0.20117074 0.48516008 2.5312514
v -0.20117074 0.48516008 2.5312514
v -0.23304313 0.49928847 2.5128498
v -0.20117074 0.48516008 2.4944484
v -0.20117074 0.48516008 2.4944484
v -0.23304313 0.49928847 2.5128498
v -0.23304313 0.48516008 2.4760468
v 0.3917561 0.48516008 2.508633
v 0.4101575 0.48516008 2.4767606
v 0.42855904 0.49928847 2.508633
v 0.4101575 0.48516008 2.4767606
v 0.44696057 0.48516008 2.4767606
v 0.42855904 0.49928847 2.508633
v 0.44696057 0.48516008 2.4767606
v 0.4653621 0.48516008 2.508633
v 0.42855904 0.49928847 2.508633
v 0.4653621 0.48516008 2.508633
v 0.44696057 0.48516008 2.5405052
v 0.42855904 0.49928847 2.508633
v 0.44696057 0.48516008 2.5405052
v 0.4101575 0.48516008 2.5405052
v 0.42855904 0.49928847 2.508633
v 0.4101575 0.48516008 2.5405052
v 0.3917561 0.48516008 2.508633
v 0.42855904 0.49928847 2.508633
v 0.3023456 0.47343352 2.5068405
v 0.31646794 0.47343352 2.4823797
v 0.33059034 0.48427644 2.5068405
v 0.31646794 0.47343352 2.4823797
v 0.34471276 0.47343352 2.4823797
v 0.33059034 0.48427644 2.5068405
v 0.34471276 0.47343352 2.4823797
v 0.3588351 0.47343352 2.5068405
v 0.33059034 0.48427644 2.5068405
v 0.3588351 0.47343352 2.5068405
v 0.34471276 0.47343352 2.5313013
v 0.33059034 0.48427644 2.5068405
v 0.34471276 0.47343352 2.5313013
v 0.31646794 0.47343352 2.5313013
v 0.33059034 0.48427644 2.5068405
v 0.31646794 0.47343352 2.5313013
v 0.3023456 0.47343352 2.5068405
v 0.33059034 0.48427644 2.5068405
v 0.35918367 0.46838248 2.5068405
v 0.3689849 0.46838248 2.489864
v 0.3787862 0.47590783 2.5068405
v 0.3689849 0.46838248 2.489864
v 0.3885875 0.46838248 2.489864
v 0.3787862 0.47590783 2.5068405
v 0.3885875 0.46838248 2.489864
v 0.39838868 0.46838248 2.5068405
v 0.3787862 0.47590783 2.5068405
v 0.39838868 0.46838248 2.5068405
v 0.3885875 0.46838248 2.5238168
v 0.3787862 0.47590783 2.5068405
v 0.3885875 0.46838248 2.5238168
v 0.3689849 0.46838248 2.5238168
v 0.3787862 0.47590783 2.5068405
v 0.3689849 0.46838248 2.5238168
v 0.35918367 0.46838248 2.5068405
v 0.3787862 0.47590783 2.5068405
v 0.26207918 0.46838248 2.5068405
v 0.27188042 0.46838248 2.489864
v 0.28168172 0.47590783 2.5068405
v 0.27188042 0.46838248 2.489864
v 0.29148296 0.46838248 2.489864
v 0.28168172 0.47590783 2.5068405
v 0.29148296 0.46838248 2.489864
v 0.30128416 0.46838248 2.5068405
v 0.28168172 0.47590783 2.5068405
v 0.30128416 0.46838248 2.5068405
v 0.29148296 0.46838248 2.5238168
v 0.28168172 0.47590783 2.5068405
v 0.29148296 0.46838248 2.5238168
v 0.27188042 0.46838248 2.5238168
v 0.28168172 0.47590783 2.5068405
v 0.27188042 0.46838248 2.5238168
v 0.26207918 0.46838248 2.5068405
v 0.28168172 0.47590783 2.5068405
v 0.4346475 0.47481573 2.4405801
v 0.4092402 0.47481573 2.425911
v 0.4346475 0.4860783 2.4112422
v 0.4092402 0.47481573 2.425911
v 0.4092402 0.47481573 2.3965733
v 0.4346475 0.4860783 2.4112422
v 0.4092402 0.47481573 2.3965733
v 0.4346475 0.47481573 2.3819044
v 0.4346475 0.4860783 2.4112422
v 0.4346475 0.47481573 2.3819044
v 0.4600547 0.47481573 2.3965733
v 0.4346475 0.4860783 2.4112422
v 0.4600547 0.47481573 2.3965733
v 0.4600547 0.47481573 2.425911
v 0.4346475 0.4860783 2.4112422
v 0.4600547 0.47481573 2.425911
v 0.4346475 0.47481573 2.4405801
v 0.4346475 0.4860783 2.4112422
v 0.4346475 0.4683825 2.382492
v 0.41767123 0.4683825 2.372691
v 0.4346475 0.47590786 2.3628898
v 0.41767123 0.4683825 2.372691
v 0.41767123 0.4683825 2.3530884
v 0.4346475 0.47590786 2.3628898
v 0.41767123 0.4683825 2.3530884
v 0.4346475 0.4683825 2.3432872
v 0.4346475 0.47590786 2.3628898
v 0.4346475 0.4683825 2.3432872
v 0.45162374 0.4683825 2.3530884
v 0.4346475 0.47590786 2.3628898
v 0.45162374 0.4683825 2.3530884
v 0.45162374 0.4683825 2.372691
v 0.4346475 0.47590786 2.3628898
v 0.45162374 0.4683825 2.372691
v 0.4346475 0.4683825 2.382492
v 0.4346475 0.47590786 2.3628898
v 0.4346475 0.4683825 2.4795969
v 0.41767123 0.4683825 2.4697955
v 0.4346475 0.47590786 2.459994
v 0.41767123 0.4683825 2.4697955
v 0.41767123 0.4683825 2.450193
v 0.4346475 0.47590786 2.459994
v 0.41767123 0.4683825 2.450193
v 0.4346475 0.4683825 2.4403915
v 0.4346475 0.47590786 2.459994
v 0.4346475 0.4683825 2.4403915
v 0.45162374 0.4683825 2.450193
v 0.4346475 0.47590786 2.459994
v 0.45162374 0.4683825 2.450193
v 0.45162374 0.4683825 2.4697955
v 0.4346475 0.47590786 2.459994
v 0.45162374 0.4683825 2.4697955
v 0.4346475 0.4683825 2.4795969
v 0.4346475 0.47590786 2.459994
v 0.35503948 0.47343355 2.3070285
v 0.34091714 0.47343355 2.331489
v 0.3267947 0.4842765 2.3070285
v 0.34091714 0.47343355 2.331489
v 0.31267232 0.47343355 2.331489
v 0.3267947 0.4842765 2.3070285
v 0.31267232 0.47343355 2.331489
v 0.29854998 0.47343355 2.3070285
v 0.3267947 0.4842765 2.3070285
v 0.29854998 0.47343355 2.3070285
v 0.31267232 0.47343355 2.2825677
v 0.3267947 0.4842765 2.3070285
v 0.31267232 0.47343355 2.2825677
v 0.34091714 0.47343355 2.2825677
v 0.3267947 0.4842765 2.3070285
v 0.34091714 0.47343355 2.2825677
v 0.35503948 0.47343355 2.3070285
v 0.3267947 0.4842765 2.3070285
v 0.29820135 0.4683825 2.3070285
v 0.28840014 0.4683825 2.324005
v 0.27859882 0.47590786 2.3070285
v 0.28840014 0.4683825 2.324005
v 0.2687976 0.4683825 2.324005
v 0.27859882 0.47590786 2.3070285
v 0.2687976 0.4683825 2.324005
v 0.25899628 0.4683825 2.3070285
v 0.27859882 0.47590786 2.3070285
v 0.25899628 0.4683825 2.3070285
v 0.2687976 0.4683825 2.2900522
v 0.27859882 0.47590786 2.3070285
v 0.2687976 0.4683825 2.2900522
v 0.28840014 0.4683825 2.2900522
v 0.27859882 0.47590786 2.3070285
v 0.28840014 0.4683825 2.2900522
v 0.29820135 0.4683825 2.3070285
v 0.27859882 0.47590786 2.3070285
v 0.39530593 0.4683825 2.3070285
v 0.38550475 0.4683825 2.3240047
v 0.37570336 0.47590786 2.3070285
v 0.38550475 0.4683825 2.3240047
v 0.36590216 0.4683825 2.3240047
v 0.37570336 0.47590786 2.3070285
v 0.36590216 0.4683825 2.3240047
v 0.35610092 0.4683825 2.3070285
v 0.37570336 0.47590786 2.3070285
v 0.35610092 0.4683825 2.3070285
v 0.36590216 0.4683825 2.2900522
v 0.37570336 0.47590786 2.3070285
v 0.36590216 0.4683825 2.2900522
v 0.38550475 0.4683825 2.2900522
v 0.37570336 0.47590786 2.3070285
v 0.38550475 0.4683825 2.2900522
v 0.39530593 0.4683825 2.3070285
v 0.37570336 0.47590786 2.3070285
v 0.22273764 0.47343355 2.3866365
v 0.24719824 0.47343355 2.4007587
v 0.22273764 0.4842765 2.4148812
v 0.24719824 0.47343355 2.4007587
v 0.24719824 0.47343355 2.4290035
v 0.22273764 0.4842765 2.4148812
v 0.24719824 0.47343355 2.4290035
v 0.22273764 0.47343355 2.443126
v 0.22273764 0.4842765 2.4148812
v 0.22273764 0.47343355 2.443126
v 0.19827694 0.47343355 2.4290035
v 0.22273764 0.4842765 2.4148812
v 0.19827694 0.47343355 2.4290035
v 0.19827694 0.47343355 2.4007587
v 0.22273764 0.4842765 2.4148812
v 0.19827694 0.47343355 2.4007587
v 0.22273764 0.47343355 2.3866365
v 0.22273764 0.4842765 2.4148812
v 0.22273764 0.4683825 2.4434745
v 0.23971394 0.4683825 2.4532757
v 0.22273764 0.47590786 2.463077
v 0.23971394 0.4683825 2.4532757
v 0.23971389 0.4683825 2.4728782
v 0.22273764 0.47590786 2.463077
v 0.23971389 0.4683825 2.4728782
v 0.22273764 0.4683825 2.4826796
v 0.22273764 0.47590786 2.463077
v 0.22273764 0.4683825 2.4826796
v 0.20576133 0.4683825 2.4728782
v 0.22273764 0.47590786 2.463077
v 0.20576133 0.4683825 2.4728782
v 0.20576133 0.4683825 2.4532757
v 0.22273764 0.47590786 2.463077
v 0.20576133 0.4683825 2.4532757
v 0.22273764 0.4683825 2.4434745
v 0.22273764 0.47590786 2.463077
v 0.22273764 0.4683825 2.34637
v 0.23971394 0.4683825 2.3561714
v 0.22273764 0.47590786 2.3659723
v 0.23971394 0.4683825 2.3561714
v 0.23971389 0.4683825 2.3757737
v 0.22273764 0.47590786 2.3659723
v 0.23971389 0.4683825 2.3757737
v 0.22273764 0.4683825 2.385575
v 0.22273764 0.47590786 2.3659723
v 0.22273764 0.4683825 2.385575
v 0.20576133 0.4683825 2.3757737
v 0.22273764 0.47590786 2.3659723
v 0.20576133 0.4683825 2.3757737
v 0.20576133 0.4683825 2.3561714
v 0.22273764 0.47590786 2.3659723
v 0.20576133 0.4683825 2.3561714
v 0.22273764 0.4683825 2.34637
v 0.22273764 0.47590786 2.3659723
v 0.4243419 0.48516008 2.34992
v 0.39246953 0.48516008 2.3315187
v 0.4243419 0.49928844 2.313117
v 0.39246953 0.48516008 2.3315187
v 0.39246953 0.48516008 2.2947156
v 0.4243419 0.49928844 2.313117
v 0.39246953 0.48516008 2.2947156
v 0.4243419 0.48516008 2.276314
v 0.4243419 0.49928844 2.313117
v 0.4243419 0.48516008 2.276314
v 0.45621416 0.48516008 2.2947156
v 0.4243419 0.49928844 2.313117
v 0.45621416 0.48516008 2.2947156
v 0.45621416 0.48516008 2.3315187
v 0.4243419 0.49928844 2.313117
v 0.45621416 0.48516008 2.3315187
v 0.4243419 0.48516008 2.34992
v 0.4243419 0.49928844 2.313117
v 0.26562902 0.48516008 2.317334
v 0.2472275 0.48516008 2.3492064
v 0.22882603 0.49928844 2.317334
v 0.2472275 0.48516008 2.3492064
v 0.21042451 0.48516008 2.3492064
v 0.22882603 0.49928844 2.317334
v 0.21042451 0.48516008 2.3492064
v 0.19202293 0.48516008 2.317334
v 0.22882603 0.49928844 2.317334
v 0.19202293 0.48516008 2.317334
v 0.21042451 0.48516008 2.2854617
v 0.22882603 0.49928844 2.317334
v 0.21042451 0.48516008 2.2854617
v 0.2472275 0.48516008 2.2854617
v 0.22882603 0.49928844 2.317334
v 0.2472275 0.48516008 2.2854617
v 0.26562902 0.48516008 2.317334
v 0.22882603 0.49928844 2.317334
v 0.23304309 0.48516008 2.4760468
v 0.2649154 0.48516008 2.4944484
v 0.23304309 0.49928844 2.5128498
v 0.2649154 0.48516008 2.4944484
v 0.2649154 0.48516008 2.5312514
v 0.23304309 0.49928844 2.5128498
v 0.2649154 0.48516008 2.5312514
v 0.23304309 0.48516008 2.5496528
v 0.23304309 0.49928844 2.5128498
v 0.23304309 0.48516008 2.5496528
v 0.20117071 0.48516008 2.5312514
v 0.23304309 0.49928844 2.5128498
v 0.20117071 0.48516008 2.5312514
v 0.20117071 0.48516008 2.4944484
v 0.23304309 0.49928844 2.5128498
v 0.20117071 0.48516008 2.4944484
v 0.23304309 0.48516008 2.4760468
v 0.23304309 0.49928844 2.5128498
v 1.2593716 0.4005159 2.7176769
v 1.2232674 0.41437608 2.7176769
v 1.2413195 0.4005159 2.6864097
v 1.2413195 0.4005159 2.6864097
v 1.2232674 0.41437608 2.7176769
v 1.2052152 0.4005159 2.6864097
v 1.2052152 0.4005159 2.6864097
v 1.2232674 0.41437608 2.7176769
v 1.1871629 0.4005159 2.7176769
v 1.1871629 0.4005159 2.7176769
v 1.2232674 0.41437608 2.7176769
v 1.2052152 0.4005159 2.748944
v 1.2052152 0.4005159 2.748944
v 1.2232674 0.41437608 2.7176769
v 1.2413195 0.4005159 2.748944
v 1.2413195 0.4005159 2.748944
v 1.2232674 0.41437608 2.7176769
v 1.2593716 0.4005159 2.7176769
v 1.3470849 0.38901198 2.7277868
v 1.3193763 0.3996491 2.7277868
v 1.3332307 0.38901198 2.7037904
v 1.3332307 0.38901198 2.7037904
v 1.3193763 0.3996491 2.7277868
v 1.3055221 0.38901198 2.7037904
v 1.3055221 0.38901198 2.7037904
v 1.3193763 0.3996491 2.7277868
v 1.2916678 0.38901198 2.7277868
v 1.2916678 0.38901198 2.7277868
v 1.3193763 0.3996491 2.7277868
v 1.3055221 0.38901198 2.7517831
v 1.3055221 0.38901198 2.7517831
v 1.3193763 0.3996491 2.7277868
v 1.3332307 0.38901198 2.7517831
v 1.3332307 0.38901198 2.7517831
v 1.3193763 0.3996491 2.7277868
v 1.3470849 0.38901198 2.7277868
v 1.2913257 0.38405675 2.7277868
v 1.2720952 0.3914393 2.7277868
v 1.2817105 0.38405675 2.711133
v 1.2817105 0.38405675 2.711133
v 1.2720952 0.3914393 2.7277868
v 1.2624801 0.38405675 2.7111328
v 1.2624801 0.38405675 2.7111328
v 1.2720952 0.3914393 2.7277868
v 1.252865 0.38405675 2.7277868
v 1.252865 0.38405675 2.7277868
v 1.2720952 0.3914393 2.7277868
v 1.2624801 0.38405675 2.7444408
v 1.2624801 0.38405675 2.7444408
v 1.2720952 0.3914393 2.7277868
v 1.2817105 0.38405675 2.744441
v 1.2817105 0.38405675 2.744441
v 1.2720952 0.3914393 2.7277868
v 1.2913257 0.38405675 2.7277868
v 1.386587 0.38405675 2.7277868
v 1.3673567 0.3914393 2.7277868
v 1.3769717 0.38405675 2.711133
v 1.3769717 0.38405675 2.711133
v 1.3673567 0.3914393 2.7277868
v 1.3577415 0.38405675 2.711133
v 1.3577415 0.38405675 2.711133
v 1.3673567 0.3914393 2.7277868
v 1.3481259 0.38405675 2.7277868
v 1.3481259 0.38405675 2.7277868
v 1.3673567 0.3914393 2.7277868
v 1.3577415 0.38405675 2.744441
v 1.3577415 0.38405675 2.744441
v 1.3673567 0.3914393 2.7277868
v 1.3769717 0.38405675 2.744441
v 1.3769717 0.38405675 2.744441
v 1.3673567 0.3914393 2.7277868
v 1.386587 0.38405675 2.7277868
v 1.2172946 0.38901198 2.64969
v 1.2172946 0.3996491 2.6219814
v 1.2412909 0.38901198 2.635836
v 1.2412909 0.38901198 2.635836
v 1.2172946 0.3996491 2.6219814
v 1.2412908 0.38901198 2.608127
v 1.2412908 0.38901198 2.608127
v 1.2172946 0.3996491 2.6219814
v 1.2172946 0.38901198 2.5942729
v 1.2172946 0.38901198 2.5942729
v 1.2172946 0.3996491 2.6219814
v 1.1932981 0.38901198 2.608127
v 1.1932981 0.38901198 2.608127
v 1.2172946 0.3996491 2.6219814
v 1.1932981 0.38901198 2.635836
v 1.1932981 0.38901198 2.635836
v 1.2172946 0.3996491 2.6219814
v 1.2172946 0.38901198 2.64969
v 1.2172946 0.38405675 2.5939307
v 1.2172946 0.3914393 2.5747004
v 1.2339485 0.38405675 2.5843155
v 1.2339485 0.38405675 2.5843155
v 1.2172946 0.3914393 2.5747004
v 1.2339485 0.38405675 2.5650852
v 1.2339485 0.38405675 2.5650852
v 1.2172946 0.3914393 2.5747004
v 1.2172946 0.38405675 2.5554702
v 1.2172946 0.38405675 2.5554702
v 1.2172946 0.3914393 2.5747004
v 1.2006404 0.38405675 2.5650852
v 1.2006404 0.38405675 2.5650852
v 1.2172946 0.3914393 2.5747004
v 1.2006404 0.38405675 2.5843155
v 1.2006404 0.38405675 2.5843155
v 1.2172946 0.3914393 2.5747004
v 1.2172946 0.38405675 2.5939307
v 1.2172946 0.38405675 2.689192
v 1.2172946 0.3914393 2.6699615
v 1.2339485 0.38405675 2.6795769
v 1.2339485 0.38405675 2.6795769
v 1.2172946 0.3914393 2.6699615
v 1.2339485 0.38405675 2.6603467
v 1.2339485 0.38405675 2.6603467
v 1.2172946 0.3914393 2.6699615
v 1.2172946 0.38405675 2.650731
v 1.2172946 0.38405675 2.650731
v 1.2172946 0.3914393 2.6699615
v 1.2006404 0.38405675 2.6603467
v 1.2006404 0.38405675 2.6603467
v 1.2172946 0.3914393 2.6699615
v 1.2006404 0.38405675 2.6795769
v 1.2006404 0.38405675 2.6795769
v 1.2172946 0.3914393 2.6699615
v 1.2172946 0.38405675 2.689192
v 1.2953914 0.38901198 2.5198996
v 1.3231002 0.3996491 2.5198996
v 1.3092458 0.38901198 2.543896
v 1.3092458 0.38901198 2.543896
v 1.3231002 0.3996491 2.5198996
v 1.3369542 0.38901198 2.543896
v 1.3369542 0.38901198 2.543896
v 1.3231002 0.3996491 2.5198996
v 1.3508086 0.38901198 2.5198996
v 1.3508086 0.38901198 2.5198996
v 1.3231002 0.3996491 2.5198996
v 1.3369542 0.38901198 2.4959033
v 1.3369542 0.38901198 2.4959033
v 1.3231002 0.3996491 2.5198996
v 1.3092458 0.38901198 2.4959033
v 1.3092458 0.38901198 2.4959033
v 1.3231002 0.3996491 2.5198996
v 1.2953914 0.38901198 2.5198996
v 1.3511506 0.38405675 2.5198996
v 1.3703809 0.3914393 2.5198996
v 1.3607658 0.38405675 2.5365539
v 1.3607658 0.38405675 2.5365539
v 1.3703809 0.3914393 2.5198996
v 1.3799961 0.38405675 2.5365539
v 1.3799961 0.38405675 2.5365539
v 1.3703809 0.3914393 2.5198996
v 1.3896116 0.38405675 2.5198996
v 1.3896116 0.38405675 2.5198996
v 1.3703809 0.3914393 2.5198996
v 1.3799964 0.38405675 2.5032458
v 1.3799964 0.38405675 2.5032458
v 1.3703809 0.3914393 2.5198996
v 1.3607658 0.38405675 2.5032458
v 1.3607658 0.38405675 2.5032458
v 1.3703809 0.3914393 2.5198996
v 1.3511506 0.38405675 2.5198996
v 1.2558893 0.38405675 2.5198994
v 1.2751199 0.3914393 2.5198996
v 1.2655044 0.38405675 2.5365534
v 1.2655044 0.38405675 2.5365534
v 1.2751199 0.3914393 2.5198996
v 1.2847348 0.38405675 2.5365536
v 1.2847348 0.38405675 2.5365536
v 1.2751199 0.3914393 2.5198996
v 1.2943501 0.38405675 2.5198996
v 1.2943501 0.38405675 2.5198996
v 1.2751199 0.3914393 2.5198996
v 1.2847351 0.38405675 2.5032458
v 1.2847351 0.38405675 2.5032458
v 1.2751199 0.3914393 2.5198996
v 1.2655046 0.38405675 2.5032456
v 1.2655046 0.38405675 2.5032456
v 1.2751199 0.3914393 2.5198996
v 1.2558893 0.38405675 2.5198994
v 1.4251819 0.38901198 2.5979967
v 1.4251819 0.3996491 2.6257052
v 1.4011853 0.38901198 2.6118507
v 1.4011853 0.38901198 2.6118507
v 1.4251819 0.3996491 2.6257052
v 1.4011853 0.38901198 2.6395595
v 1.4011853 0.38901198 2.6395595
v 1.4251819 0.3996491 2.6257052
v 1.4251819 0.38901198 2.6534138
v 1.4251819 0.38901198 2.6534138
v 1.4251819 0.3996491 2.6257052
v 1.449178 0.38901198 2.6395595
v 1.449178 0.38901198 2.6395595
v 1.4251819 0.3996491 2.6257052
v 1.449178 0.38901198 2.6118507
v 1.449178 0.38901198 2.6118507
v 1.4251819 0.3996491 2.6257052
v 1.4251819 0.38901198 2.5979967
v 1.4251819 0.38405675 2.6537557
v 1.4251819 0.3914393 2.6729863
v 1.4085276 0.38405675 2.6633708
v 1.4085276 0.38405675 2.6633708
v 1.4251819 0.3914393 2.6729863
v 1.4085276 0.38405675 2.6826015
v 1.4085276 0.38405675 2.6826015
v 1.4251819 0.3914393 2.6729863
v 1.4251819 0.38405675 2.6922166
v 1.4251819 0.38405675 2.6922166
v 1.4251819 0.3914393 2.6729863
v 1.4418356 0.38405675 2.6826012
v 1.4418356 0.38405675 2.6826012
v 1.4251819 0.3914393 2.6729863
v 1.4418356 0.38405675 2.6633708
v 1.4418356 0.38405675 2.6633708
v 1.4251819 0.3914393 2.6729863
v 1.4251819 0.38405675 2.6537557
v 1.4251819 0.38405675 2.5584943
v 1.4251819 0.3914393 2.577725
v 1.4085276 0.38405675 2.5681098
v 1.4085276 0.38405675 2.5681098
v 1.4251819 0.3914393 2.577725
v 1.4085276 0.38405675 2.58734
v 1.4085276 0.38405675 2.58734
v 1.4251819 0.3914393 2.577725
v 1.4251819 0.38405675 2.5969553
v 1.4251819 0.38405675 2.5969553
v 1.4251819 0.3914393 2.577725
v 1.4418356 0.38405675 2.58734
v 1.4418356 0.38405675 2.58734
v 1.4251819 0.3914393 2.577725
v 1.4418356 0.38405675 2.5681098
v 1.4418356 0.38405675 2.5681098
v 1.4251819 0.3914393 2.577725
v 1.4251819 0.38405675 2.5584943
v 1.2274044 0.40051585 2.5619771
v 1.2274044 0.41437605 2.5258725
v 1.2586719 0.40051585 2.5439248
v 1.2586719 0.40051585 2.5439248
v 1.2274044 0.41437605 2.5258725
v 1.2586719 0.40051585 2.5078201
v 1.2586719 0.40051585 2.5078201
v 1.2274044 0.41437605 2.5258725
v 1.2274047 0.40051585 2.4897678
v 1.2274047 0.40051585 2.4897678
v 1.2274044 0.41437605 2.5258725
v 1.1961372 0.40051585 2.5078201
v 1.1961372 0.40051585 2.5078201
v 1.2274044 0.41437605 2.5258725
v 1.1961372 0.40051585 2.5439248
v 1.1961372 0.40051585 2.5439248
v 1.2274044 0.41437605 2.5258725
v 1.2274044 0.40051585 2.5619771
v 1.3831044 0.40051585 2.5300097
v 1.4192088 0.41437605 2.5300097
v 1.4011567 0.40051585 2.5612772
v 1.4011567 0.40051585 2.5612772
v 1.4192088 0.41437605 2.5300097
v 1.4372611 0.40051585 2.5612772
v 1.4372611 0.40051585 2.5612772
v 1.4192088 0.41437605 2.5300097
v 1.4553134 0.40051585 2.5300097
v 1.4553134 0.40051585 2.5300097
v 1.4192088 0.41437605 2.5300097
v 1.4372611 0.40051585 2.4987426
v 1.4372611 0.40051585 2.4987426
v 1.4192088 0.41437605 2.5300097
v 1.4011567 0.40051585 2.4987426
v 1.4011567 0.40051585 2.4987426
v 1.4192088 0.41437605 2.5300097
v 1.3831044 0.40051585 2.5300097
v 1.4150717 0.40051585 2.6857097
v 1.4150717 0.41437605 2.7218142
v 1.3838047 0.40051585 2.7037618
v 1.3838047 0.40051585 2.7037618
v 1.4150717 0.41437605 2.7218142
v 1.3838047 0.40051585 2.7398665
v 1.3838047 0.40051585 2.7398665
v 1.4150717 0.41437605 2.7218142
v 1.4150717 0.40051585 2.7579188
v 1.4150717 0.40051585 2.7579188
v 1.4150717 0.41437605 2.7218142
v 1.4463394 0.40051585 2.7398665
v 1.4463394 0.40051585 2.7398665
v 1.4150717 0.41437605 2.7218142
v 1.4463394 0.40051585 2.7037618
v 1.4463394 0.40051585 2.7037618
v 1.4150717 0.41437605 2.7218142
v 1.4150717 0.40051585 2.6857097
v -1.2593741 0.40051585 2.7176757
v -1.2413223 0.40051585 2.6864085
v -1.2232699 0.41437608 2.7176757
v -1.2413223 0.40051585 2.6864085
v -1.2052177 0.40051585 2.6864085
v -1.2232699 0.41437608 2.7176757
v -1.2052177 0.40051585 2.6864085
v -1.1871655 0.40051585 2.7176757
v -1.2232699 0.41437608 2.7176757
v -1.1871655 0.40051585 2.7176757
v -1.2052177 0.40051585 2.7489429
v -1.2232699 0.41437608 2.7176757
v -1.2052177 0.40051585 2.7489429
v -1.2413223 0.40051585 2.7489429
v -1.2232699 0.41437608 2.7176757
v -1.2413223 0.40051585 2.7489429
v -1.2593741 0.40051585 2.7176757
v -1.2232699 0.41437608 2.7176757
v -1.3470876 0.38901195 2.7277856
v -1.3332332 0.38901195 2.7037892
v -1.3193787 0.39964908 2.7277856
v -1.3332332 0.38901195 2.7037892
v -1.3055246 0.38901195 2.7037892
v -1.3193787 0.39964908 2.7277856
v -1.3055246 0.38901195 2.7037892
v -1.2916703 0.38901195 2.7277856
v -1.3193787 0.39964908 2.7277856
v -1.2916703 0.38901195 2.7277856
v -1.3055246 0.38901195 2.7517822
v -1.3193787 0.39964908 2.7277856
v -1.3055246 0.38901195 2.7517822
v -1.3332332 0.38901195 2.7517822
v -1.3193787 0.39964908 2.7277856
v -1.3332332 0.38901195 2.7517822
v -1.3470876 0.38901195 2.7277856
v -1.3193787 0.39964908 2.7277856
v -1.2913283 0.38405675 2.7277856
v -1.281713 0.38405675 2.7111316
v -1.272098 0.39143926 2.7277856
v -1.281713 0.38405675 2.7111316
v -1.2624825 0.38405675 2.7111316
v -1.272098 0.39143926 2.7277856
v -1.2624825 0.38405675 2.7111316
v -1.2528675 0.38405675 2.7277856
v -1.272098 0.39143926 2.7277856
v -1.2528675 0.38405675 2.7277856
v -1.2624825 0.38405675 2.7444394
v -1.272098 0.39143926 2.7277856
v -1.2624825 0.38405675 2.7444394
v -1.281713 0.38405675 2.7444394
v -1.272098 0.39143926 2.7277856
v -1.281713 0.38405675 2.7444394
v -1.2913283 0.38405675 2.7277856
v -1.272098 0.39143926 2.7277856
v -1.3865895 0.38405675 2.7277856
v -1.3769745 0.38405675 2.7111316
v -1.367359 0.39143926 2.7277856
v -1.3769745 0.38405675 2.7111316
v -1.357744 0.38405675 2.7111316
v -1.367359 0.39143926 2.7277856
v -1.357744 0.38405675 2.7111316
v -1.3481287 0.38405675 2.7277856
v -1.367359 0.39143926 2.7277856
v -1.3481287 0.38405675 2.7277856
v -1.357744 0.38405675 2.7444394
v -1.367359 0.39143926 2.7277856
v -1.357744 0.38405675 2.7444394
v -1.3769745 0.38405675 2.7444394
v -1.367359 0.39143926 2.7277856
v -1.3769745 0.38405675 2.7444394
v -1.3865895 0.38405675 2.7277856
v -1.367359 0.39143926 2.7277856
v -1.217297 0.38901195 2.6496887
v -1.2412934 0.38901195 2.6358345
v -1.217297 0.39964908 2.6219802
v -1.2412934 0.38901195 2.6358345
v -1.2412933 0.38901195 2.6081257
v -1.217297 0.39964908 2.6219802
v -1.2412933 0.38901195 2.6081257
v -1.217297 0.38901195 2.5942717
v -1.217297 0.39964908 2.6219802
v -1.217297 0.38901195 2.5942717
v -1.1933006 0.38901195 2.6081257
v -1.217297 0.39964908 2.6219802
v -1.1933006 0.38901195 2.6081257
v -1.1933006 0.38901195 2.6358345
v -1.217297 0.39964908 2.6219802
v -1.1933006 0.38901195 2.6358345
v -1.217297 0.38901195 2.6496887
v -1.217297 0.39964908 2.6219802
v -1.217297 0.38405675 2.5939295
v -1.2339511 0.38405675 2.5843143
v -1.217297 0.39143926 2.5746992
v -1.2339511 0.38405675 2.5843143
v -1.2339511 0.38405675 2.565084
v -1.217297 0.39143926 2.5746992
v -1.2339511 0.38405675 2.565084
v -1.217297 0.38405675 2.5554688
v -1.217297 0.39143926 2.5746992
v -1.217297 0.38405675 2.5554688
v -1.200643 0.38405675 2.565084
v -1.217297 0.39143926 2.5746992
v -1.200643 0.38405675 2.565084
v -1.200643 0.38405675 2.5843143
v -1.217297 0.39143926 2.5746992
v -1.200643 0.38405675 2.5843143
v -1.217297 0.38405675 2.5939295
v -1.217297 0.39143926 2.5746992
v -1.217297 0.38405675 2.6891909
v -1.2339511 0.38405675 2.6795757
v -1.217297 0.39143926 2.6699603
v -1.2339511 0.38405675 2.6795757
v -1.2339511 0.38405675 2.6603453
v -1.217297 0.39143926 2.6699603
v -1.2339511 0.38405675 2.6603453
v -1.217297 0.38405675 2.65073
v -1.217297 0.39143926 2.6699603
v -1.217297 0.38405675 2.65073
v -1.200643 0.38405675 2.6603453
v -1.217297 0.39143926 2.6699603
v -1.200643 0.38405675 2.6603453
v -1.200643 0.38405675 2.6795757
v -1.217297 0.39143926 2.6699603
v -1.200643 0.38405675 2.6795757
v -1.217297 0.38405675 2.6891909
v -1.217297 0.39143926 2.6699603
v -1.2953937 0.38901195 2.5198982
v -1.3092481 0.38901195 2.5438945
v -1.3231024 0.39964908 2.5198982
v -1.3092481 0.38901195 2.5438945
v -1.3369567 0.38901195 2.5438945
v -1.3231024 0.39964908 2.5198982
v -1.3369567 0.38901195 2.5438945
v -1.3508109 0.38901195 2.5198982
v -1.3231024 0.39964908 2.5198982
v -1.3508109 0.38901195 2.5198982
v -1.3369565 0.38901195 2.4959018
v -1.3231024 0.39964908 2.5198982
v -1.3369565 0.38901195 2.4959018
v -1.3092481 0.38901195 2.4959018
v -1.3231024 0.39964908 2.5198982
v -1.3092481 0.38901195 2.4959018
v -1.2953937 0.38901195 2.5198982
v -1.3231024 0.39964908 2.5198982
v -1.3511529 0.38405675 2.5198982
v -1.3607682 0.38405675 2.5365522
v -1.3703834 0.39143926 2.5198982
v -1.3607682 0.38405675 2.5365522
v -1.3799986 0.38405675 2.5365522
v -1.3703834 0.39143926 2.5198982
v -1.3799986 0.38405675 2.5365522
v -1.3896136 0.38405675 2.519898
v -1.3703834 0.39143926 2.5198982
v -1.3896136 0.38405675 2.519898
v -1.3799986 0.38405675 2.5032442
v -1.3703834 0.39143926 2.5198982
v -1.3799986 0.38405675 2.5032442
v -1.3607681 0.38405675 2.5032442
v -1.3703834 0.39143926 2.5198982
v -1.3607681 0.38405675 2.5032442
v -1.3511529 0.38405675 2.5198982
v -1.3703834 0.39143926 2.5198982
v -1.2558916 0.38405675 2.5198982
v -1.2655071 0.38405675 2.5365522
v -1.275122 0.39143926 2.5198982
v -1.2655071 0.38405675 2.5365522
v -1.2847373 0.38405675 2.5365522
v -1.275122 0.39143926 2.5198982
v -1.2847373 0.38405675 2.5365522
v -1.2943524 0.38405675 2.5198982
v -1.275122 0.39143926 2.5198982
v -1.2943524 0.38405675 2.5198982
v -1.2847373 0.38405675 2.5032442
v -1.275122 0.39143926 2.5198982
v -1.2847373 0.38405675 2.5032442
v -1.2655069 0.38405675 2.5032442
v -1.275122 0.39143926 2.5198982
v -1.2655069 0.38405675 2.5032442
v -1.2558916 0.38405675 2.5198982
v -1.275122 0.39143926 2.5198982
v -1.4251841 0.38901195 2.597995
v -1.4011878 0.38901195 2.611849
v -1.4251841 0.39964908 2.6257036
v -1.4011878 0.38901195 2.611849
v -1.4011878 0.38901195 2.6395578
v -1.4251841 0.39964908 2.6257036
v -1.4011878 0.38901195 2.6395578
v -1.4251841 0.38901195 2.653412
v -1.4251841 0.39964908 2.6257036
v -1.4251841 0.38901195 2.653412
v -1.4491805 0.38901195 2.6395578
v -1.4251841 0.39964908 2.6257036
v -1.4491805 0.38901195 2.6395578
v -1.4491805 0.38901195 2.611849
v -1.4251841 0.39964908 2.6257036
v -1.4491805 0.38901195 2.611849
v -1.4251841 0.38901195 2.597995
v -1.4251841 0.39964908 2.6257036
v -1.4251841 0.38405675 2.653754
v -1.4085301 0.38405675 2.663369
v -1.4251841 0.39143926 2.6729846
v -1.4085301 0.38405675 2.663369
v -1.4085301 0.38405675 2.6825998
v -1.4251841 0.39143926 2.6729846
v -1.4085301 0.38405675 2.6825998
v -1.4251841 0.38405675 2.6922147
v -1.4251841 0.39143926 2.6729846
v -1.4251841 0.38405675 2.6922147
v -1.4418384 0.38405675 2.6825995
v -1.4251841 0.39143926 2.6729846
v -1.4418384 0.38405675 2.6825995
v -1.4418384 0.38405675 2.663369
v -1.4251841 0.39143926 2.6729846
v -1.4418384 0.38405675 2.663369
v -1.4251841 0.38405675 2.653754
v -1.4251841 0.39143926 2.6729846
v -1.4251841 0.38405675 2.5584924
v -1.4085301 0.38405675 2.568108
v -1.4251841 0.39143926 2.5777233
v -1.4085301 0.38405675 2.568108
v -1.4085301 0.38405675 2.5873382
v -1.4251841 0.39143926 2.5777233
v -1.4085301 0.38405675 2.5873382
v -1.4251841 0.38405675 2.5969536
v -1.4251841 0.39143926 2.5777233
v -1.4251841 0.38405675 2.5969536
v -1.4418384 0.38405675 2.5873382
v -1.4251841 0.39143926 2.5777233
v -1.4418384 0.38405675 2.5873382
v -1.4418384 0.38405675 2.568108
v -1.4251841 0.39143926 2.5777233
v -1.4418384 0.38405675 2.568108
v -1.4251841 0.38405675 2.5584924
v -1.4251841 0.39143926 2.5777233
v -1.227407 0.40051582 2.5619757
v -1.2586744 0.40051582 2.5439236
v -1.227407 0.414376 2.5258713
v -1.2586744 0.40051582 2.5439236
v -1.2586744 0.40051582 2.507819
v -1.227407 0.414376 2.5258713
v -1.2586744 0.40051582 2.507819
v -1.2274069 0.40051582 2.4897668
v -1.227407 0.414376 2.5258713
v -1.2274069 0.40051582 2.4897668
v -1.1961395 0.40051582 2.507819
v -1.227407 0.414376 2.5258713
v -1.1961395 0.40051582 2.507819
v -1.1961397 0.40051582 2.5439236
v -1.227407 0.414376 2.5258713
v -1.1961397 0.40051582 2.5439236
v -1.227407 0.40051582 2.5619757
v -1.227407 0.414376 2.5258713
v -1.3831071 0.40051582 2.530008
v -1.4011592 0.40051582 2.5612752
v -1.4192115 0.414376 2.530008
v -1.4011592 0.40051582 2.5612752
v -1.4372636 0.40051582 2.5612752
v -1.4192115 0.414376 2.530008
v -1.4372636 0.40051582 2.5612752
v -1.4553158 0.40051582 2.530008
v -1.4192115 0.414376 2.530008
v -1.4553158 0.40051582 2.530008
v -1.4372634 0.40051582 2.4987407
v -1.4192115 0.414376 2.530008
v -1.4372634 0.40051582 2.4987407
v -1.401159 0.40051582 2.4987407
v -1.4192115 0.414376 2.530008
v -1.401159 0.40051582 2.4987407
v -1.3831071 0.40051582 2.530008
v -1.4192115 0.414376 2.530008
v -1.4150745 0.40051582 2.6857078
v -1.3838071 0.40051582 2.7037604
v -1.4150745 0.414376 2.7218125
v -1.3838071 0.40051582 2.7037604
v -1.3838071 0.40051582 2.739865
v -1.4150745 0.414376 2.7218125
v -1.3838071 0.40051582 2.739865
v -1.4150745 0.40051582 2.7579172
v -1.4150745 0.414376 2.7218125
v -1.4150745 0.40051582 2.7579172
v -1.4463418 0.40051582 2.739865
v -1.4150745 0.414376 2.7218125
v -1.4463418 0.40051582 2.739865
v -1.4463418 0.40051582 2.7037601
v -1.4150745 0.414376 2.7218125
v -1.4463418 0.40051582 2.7037601
v -1.4150745 0.40051582 2.6857078
v -1.4150745 0.414376 2.7218125
v 2.717676 0.40051582 1.2593733
v 2.6864085 0.40051582 1.2413213
v 2.717676 0.41437605 1.223269
v 2.6864085 0.40051582 1.2413213
v 2.6864085 0.40051582 1.2052168
v 2.717676 0.41437605 1.223269
v 2.6864085 0.40051582 1.2052168
v 2.717676 0.40051582 1.1871647
v 2.717676 0.41437605 1.223269
v 2.717676 0.40051582 1.1871647
v 2.7489429 0.40051582 1.2052168
v 2.717676 0.41437605 1.223269
v 2.7489429 0.40051582 1.2052168
v 2.7489429 0.40051582 1.2413213
v 2.717676 0.41437605 1.223269
v 2.7489429 0.40051582 1.2413213
v 2.717676 0.40051582 1.2593733
v 2.717676 0.41437605 1.223269
v 2.7277856 0.38901192 1.3470865
v 2.7037892 0.38901192 1.3332322
v 2.7277856 0.39964905 1.3193779
v 2.7037892 0.38901192 1.3332322
v 2.7037892 0.38901192 1.3055238
v 2.7277856 0.39964905 1.3193779
v 2.7037892 0.38901192 1.3055238
v 2.7277856 0.38901192 1.2916694
v 2.7277856 0.39964905 1.3193779
v 2.7277856 0.38901192 1.2916694
v 2.751782 0.38901192 1.3055238
v 2.7277856 0.39964905 1.3193779
v 2.751782 0.38901192 1.3055238
v 2.751782 0.38901192 1.3332322
v 2.7277856 0.39964905 1.3193779
v 2.751782 0.38901192 1.3332322
v 2.7277856 0.38901192 1.3470865
v 2.7277856 0.39964905 1.3193779
v 2.7277856 0.3840567 1.2913276
v 2.7111318 0.3840567 1.2817122
v 2.7277856 0.39143923 1.272097
v 2.7111318 0.3840567 1.2817122
v 2.7111318 0.3840567 1.2624818
v 2.7277856 0.39143923 1.272097
v 2.7111318 0.3840567 1.2624818
v 2.7277856 0.3840567 1.2528664
v 2.7277856 0.39143923 1.272097
v 2.7277856 0.3840567 1.2528664
v 2.7444398 0.3840567 1.2624818
v 2.7277856 0.39143923 1.272097
v 2.7444398 0.3840567 1.2624818
v 2.7444398 0.3840567 1.2817122
v 2.7277856 0.39143923 1.272097
v 2.7444398 0.3840567 1.2817122
v 2.7277856 0.3840567 1.2913276
v 2.7277856 0.39143923 1.272097
v 2.7277856 0.3840567 1.3865886
v 2.7111318 0.3840567 1.3769735
v 2.7277856 0.39143923 1.3673583
v 2.7111318 0.3840567 1.3769735
v 2.7111318 0.3840567 1.3577431
v 2.7277856 0.39143923 1.3673583
v 2.7111318 0.3840567 1.3577431
v 2.7277856 0.3840567 1.348128
v 2.7277856 0.39143923 1.3673583
v 2.7277856 0.3840567 1.348128
v 2.7444398 0.3840567 1.3577431
v 2.7277856 0.39143923 1.3673583
v 2.7444398 0.3840567 1.3577431
v 2.7444398 0.3840567 1.3769735
v 2.7277856 0.39143923 1.3673583
v 2.7444398 0.3840567 1.3769735
v 2.7277856 0.3840567 1.3865886
v 2.7277856 0.39143923 1.3673583
v 2.6496885 0.38901192 1.2172962
v 2.6358347 0.38901192 1.2412928
v 2.6219804 0.39964905 1.2172962
v 2.6358347 0.38901192 1.2412928
v 2.608126 0.38901192 1.2412926
v 2.6219804 0.39964905 1.2172962
v 2.608126 0.38901192 1.2412926
v 2.5942714 0.38901192 1.2172962
v 2.6219804 0.39964905 1.2172962
v 2.5942714 0.38901192 1.2172962
v 2.608126 0.38901192 1.1932999
v 2.6219804 0.39964905 1.2172962
v 2.608126 0.38901192 1.1932999
v 2.6358347 0.38901192 1.1932999
v 2.6219804 0.39964905 1.2172962
v 2.6358347 0.38901192 1.1932999
v 2.6496885 0.38901192 1.2172962
v 2.6219804 0.39964905 1.2172962
v 2.5939295 0.3840567 1.2172962
v 2.584314 0.3840567 1.2339504
v 2.5746992 0.39143923 1.2172962
v 2.584314 0.3840567 1.2339504
v 2.5650842 0.3840567 1.2339504
v 2.5746992 0.39143923 1.2172962
v 2.5650842 0.3840567 1.2339504
v 2.555469 0.3840567 1.2172962
v 2.5746992 0.39143923 1.2172962
v 2.555469 0.3840567 1.2172962
v 2.5650842 0.3840567 1.2006423
v 2.5746992 0.39143923 1.2172962
v 2.5650842 0.3840567 1.2006423
v 2.584314 0.3840567 1.2006423
v 2.5746992 0.39143923 1.2172962
v 2.584314 0.3840567 1.2006423
v 2.5939295 0.3840567 1.2172962
v 2.5746992 0.39143923 1.2172962
v 2.6891909 0.3840567 1.2172962
v 2.6795757 0.3840567 1.2339501
v 2.6699603 0.39143923 1.2172962
v 2.6795757 0.3840567 1.2339501
v 2.660345 0.3840567 1.2339501
v 2.6699603 0.39143923 1.2172962
v 2.660345 0.3840567 1.2339501
v 2.65073 0.3840567 1.2172962
v 2.6699603 0.39143923 1.2172962
v 2.65073 0.3840567 1.2172962
v 2.660345 0.3840567 1.2006423
v 2.6699603 0.39143923 1.2172962
v 2.660345 0.3840567 1.2006423
v 2.6795757 0.3840567 1.2006423
v 2.6699603 0.39143923 1.2172962
v 2.6795757 0.3840567 1.2006423
v 2.6891909 0.3840567 1.2172962
v 2.6699603 0.39143923 1.2172962
v 2.5198982 0.38901192 1.2953932
v 2.5438948 0.38901192 1.3092474
v 2.5198982 0.39964905 1.3231015
v 2.5438948 0.38901192 1.3092474
v 2.5438948 0.38901192 1.3369559
v 2.5198982 0.39964905 1.3231015
v 2.5438948 0.38901192 1.3369559
v 2.5198982 0.38901192 1.3508104
v 2.5198982 0.39964905 1.3231015
v 2.5198982 0.38901192 1.3508104
v 2.4959018 0.38901192 1.3369559
v 2.5198982 0.39964905 1.3231015
v 2.4959018 0.38901192 1.3369559
v 2.4959018 0.38901192 1.3092474
v 2.5198982 0.39964905 1.3231015
v 2.4959018 0.38901192 1.3092474
v 2.5198982 0.38901192 1.2953932
v 2.5198982 0.39964905 1.3231015
v 2.5198982 0.3840567 1.3511524
v 2.5365527 0.3840567 1.3607677
v 2.5198982 0.39143923 1.3703825
v 2.5365527 0.3840567 1.3607677
v 2.5365527 0.3840567 1.379998
v 2.5198982 0.39143923 1.3703825
v 2.5365527 0.3840567 1.379998
v 2.5198982 0.3840567 1.3896129
v 2.5198982 0.39143923 1.3703825
v 2.5198982 0.3840567 1.3896129
v 2.5032444 0.3840567 1.379998
v 2.5198982 0.39143923 1.3703825
v 2.5032444 0.3840567 1.379998
v 2.5032444 0.3840567 1.3607677
v 2.5198982 0.39143923 1.3703825
v 2.5032444 0.3840567 1.3607677
v 2.5198982 0.3840567 1.3511524
v 2.5198982 0.39143923 1.3703825
v 2.5198982 0.3840567 1.2558908
v 2.5365524 0.3840567 1.2655061
v 2.5198982 0.39143923 1.2751216
v 2.5365524 0.3840567 1.2655061
v 2.5365524 0.3840567 1.2847366
v 2.5198982 0.39143923 1.2751216
v 2.5365524 0.3840567 1.2847366
v 2.5198982 0.3840567 1.2943518
v 2.5198982 0.39143923 1.2751216
v 2.5198982 0.3840567 1.2943518
v 2.5032444 0.3840567 1.2847366
v 2.5198982 0.39143923 1.2751216
v 2.5032444 0.3840567 1.2847366
v 2.5032444 0.3840567 1.2655061
v 2.5198982 0.39143923 1.2751216
v 2.5032444 0.3840567 1.2655061
v 2.5198982 0.3840567 1.2558908
v 2.5198982 0.39143923 1.2751216
v 2.5979953 0.38901192 1.4251838
v 2.6118495 0.38901192 1.4011868
v 2.6257038 0.39964905 1.4251838
v 2.6118495 0.38901192 1.4011868
v 2.6395583 0.38901192 1.4011868
v 2.6257038 0.39964905 1.4251838
v 2.6395583 0.38901192 1.4011868
v 2.6534126 0.38901192 1.4251835
v 2.6257038 0.39964905 1.4251838
v 2.6534126 0.38901192 1.4251835
v 2.6395583 0.38901192 1.4491799
v 2.6257038 0.39964905 1.4251838
v 2.6395583 0.38901192 1.4491799
v 2.6118495 0.38901192 1.4491799
v 2.6257038 0.39964905 1.4251838
v 2.6118495 0.38901192 1.4491799
v 2.5979953 0.38901192 1.4251838
v 2.6257038 0.39964905 1.4251838
v 2.6537542 0.3840567 1.4251835
v 2.6633697 0.3840567 1.408529
v 2.6729848 0.39143923 1.4251835
v 2.6633697 0.3840567 1.408529
v 2.6826 0.3840567 1.408529
v 2.6729848 0.39143923 1.4251835
v 2.6826 0.3840567 1.408529
v 2.6922152 0.3840567 1.4251835
v 2.6729848 0.39143923 1.4251835
v 2.6922152 0.3840567 1.4251835
v 2.6825998 0.3840567 1.4418375
v 2.6729848 0.39143923 1.4251835
v 2.6825998 0.3840567 1.4418375
v 2.6633697 0.3840567 1.4418375
v 2.6729848 0.39143923 1.4251835
v 2.6633697 0.3840567 1.4418375
v 2.6537542 0.3840567 1.4251835
v 2.6729848 0.39143923 1.4251835
v 2.5584931 0.3840567 1.4251838
v 2.5681083 0.3840567 1.4085294
v 2.5777235 0.39143923 1.4251838
v 2.5681083 0.3840567 1.4085294
v 2.5873387 0.3840567 1.4085294
v 2.5777235 0.39143923 1.4251838
v 2.5873387 0.3840567 1.4085294
v 2.5969539 0.3840567 1.4251838
v 2.5777235 0.39143923 1.4251838
v 2.5969539 0.3840567 1.4251838
v 2.5873387 0.3840567 1.4418375
v 2.5777235 0.39143923 1.4251838
v 2.5873387 0.3840567 1.4418375
v 2.5681083 0.3840567 1.4418375
v 2.5777235 0.39143923 1.4251838
v 2.5681083 0.3840567 1.4418375
v 2.5584931 0.3840567 1.4251838
v 2.5777235 0.39143923 1.4251838
v 2.5619757 0.40051582 1.2274063
v 2.5439236 0.40051582 1.2586735
v 2.525871 0.414376 1.2274063
v 2.5439236 0.40051582 1.2586735
v 2.5078192 0.40051582 1.2586735
v 2.525871 0.414376 1.2274063
v 2.5078192 0.40051582 1.2586735
v 2.4897668 0.40051582 1.2274063
v 2.525871 0.414376 1.2274063
v 2.4897668 0.40051582 1.2274063
v 2.507819 0.40051582 1.196139
v 2.525871 0.414376 1.2274063
v 2.507819 0.40051582 1.196139
v 2.5439234 0.40051582 1.196139
v 2.525871 0.414376 1.2274063
v 2.5439234 0.40051582 1.196139
v 2.5619757 0.40051582 1.2274063
v 2.525871 0.414376 1.2274063
v 2.5300083 0.40051582 1.3831065
v 2.5612755 0.40051582 1.4011585
v 2.5300083 0.414376 1.4192107
v 2.5612755 0.40051582 1.4011585
v 2.5612755 0.40051582 1.4372628
v 2.5300083 0.414376 1.4192107
v 2.5612755 0.40051582 1.4372628
v 2.5300083 0.40051582 1.455315
v 2.5300083 0.414376 1.4192107
v 2.5300083 0.40051582 1.455315
v 2.498741 0.40051582 1.4372628
v 2.5300083 0.414376 1.4192107
v 2.498741 0.40051582 1.4372628
v 2.498741 0.40051582 1.4011585
v 2.5300083 0.414376 1.4192107
v 2.498741 0.40051582 1.4011585
v 2.5300083 0.40051582 1.3831065
v 2.5300083 0.414376 1.4192107
v 2.6857083 0.40051582 1.4150735
v 2.7037606 0.40051582 1.3838062
v 2.721813 0.414376 1.4150735
v 2.7037606 0.40051582 1.3838062
v 2.7398648 0.40051582 1.3838062
v 2.721813 0.414376 1.4150735
v 2.7398648 0.40051582 1.3838062
v 2.7579172 0.40051582 1.4150735
v 2.721813 0.414376 1.4150735
v 2.7579172 0.40051582 1.4150735
v 2.7398648 0.40051582 1.4463409
v 2.721813 0.414376 1.4150735
v 2.7398648 0.40051582 1.4463409
v 2.7037606 0.40051582 1.4463409
v 2.721813 0.414376 1.4150735
v 2.7037606 0.40051582 1.4463409
v 2.6857083 0.40051582 1.4150735
v 2.721813 0.414376 1.4150735
v 2.717676 0.40051582 -1.2593703
v 2.717676 0.41437605 -1.2232661
v 2.6864088 0.40051582 -1.2413185
v 2.6864088 0.40051582 -1.2413185
v 2.717676 0.41437605 -1.2232661
v 2.6864088 0.40051582 -1.2052139
v 2.6864088 0.40051582 -1.2052139
v 2.717676 0.41437605 -1.2232661
v 2.717676 0.40051582 -1.1871619
v 2.717676 0.40051582 -1.1871619
v 2.717676 0.41437605 -1.2232661
v 2.7489433 0.40051582 -1.2052139
v 2.7489433 0.40051582 -1.2052139
v 2.717676 0.41437605 -1.2232661
v 2.7489433 0.40051582 -1.2413185
v 2.7489433 0.40051582 -1.2413185
v 2.717676 0.41437605 -1.2232661
v 2.717676 0.40051582 -1.2593703
v 2.7277853 0.38901192 -1.3470836
v 2.7277853 0.39964905 -1.3193752
v 2.7037892 0.38901192 -1.3332294
v 2.7037892 0.38901192 -1.3332294
v 2.7277853 0.39964905 -1.3193752
v 2.7037892 0.38901192 -1.3055209
v 2.7037892 0.38901192 -1.3055209
v 2.7277853 0.39964905 -1.3193752
v 2.7277853 0.38901192 -1.2916667
v 2.7277853 0.38901192 -1.2916667
v 2.7277853 0.39964905 -1.3193752
v 2.7517822 0.38901192 -1.3055209
v 2.7517822 0.38901192 -1.3055209
v 2.7277853 0.39964905 -1.3193752
v 2.7517822 0.38901192 -1.3332294
v 2.7517822 0.38901192 -1.3332294
v 2.7277853 0.39964905 -1.3193752
v 2.7277853 0.38901192 -1.3470836
v 2.7277853 0.3840567 -1.2913245
v 2.7277853 0.39143923 -1.2720942
v 2.7111313 0.3840567 -1.2817096
v 2.7111313 0.3840567 -1.2817096
v 2.7277853 0.39143923 -1.2720942
v 2.7111313 0.3840567 -1.262479
v 2.7111313 0.3840567 -1.262479
v 2.7277853 0.39143923 -1.2720942
v 2.7277853 0.3840567 -1.2528636
v 2.7277853 0.3840567 -1.2528636
v 2.7277853 0.39143923 -1.2720942
v 2.7444398 0.3840567 -1.262479
v 2.7444398 0.3840567 -1.262479
v 2.7277853 0.39143923 -1.2720942
v 2.7444398 0.3840567 -1.2817096
v 2.7444398 0.3840567 -1.2817096
v 2.7277853 0.39143923 -1.2720942
v 2.7277853 0.3840567 -1.2913245
v 2.7277853 0.3840567 -1.386586
v 2.7277853 0.39143923 -1.3673552
v 2.7111313 0.3840567 -1.3769706
v 2.7111313 0.3840567 -1.3769706
v 2.7277853 0.39143923 -1.3673552
v 2.7111313 0.3840567 -1.3577403
v 2.7111313 0.3840567 -1.3577403
v 2.7277853 0.39143923 -1.3673552
v 2.7277853 0.3840567 -1.348125
v 2.7277853 0.3840567 -1.348125
v 2.7277853 0.39143923 -1.3673552
v 2.7444398 0.3840567 -1.3577403
v 2.7444398 0.3840567 -1.3577403
v 2.7277853 0.39143923 -1.3673552
v 2.7444398 0.3840567 -1.3769706
v 2.7444398 0.3840567 -1.3769706
v 2.7277853 0.39143923 -1.3673552
v 2.7277853 0.3840567 -1.386586
v 2.6496887 0.38901192 -1.2172935
v 2.62198 0.39964905 -1.2172935
v 2.6358345 0.38901192 -1.2412899
v 2.6358345 0.38901192 -1.2412899
v 2.62198 0.39964905 -1.2172935
v 2.6081254 0.38901192 -1.2412899
v 2.6081254 0.38901192 -1.2412899
v 2.62198 0.39964905 -1.2172935
v 2.5942717 0.38901192 -1.2172935
v 2.5942717 0.38901192 -1.2172935
v 2.62198 0.39964905 -1.2172935
v 2.6081254 0.38901192 -1.1932971
v 2.6081254 0.38901192 -1.1932971
v 2.62198 0.39964905 -1.2172935
v 2.6358345 0.38901192 -1.1932971
v 2.6358345 0.38901192 -1.1932971
v 2.62198 0.39964905 -1.2172935
v 2.6496887 0.38901192 -1.2172935
v 2.59393 0.3840567 -1.2172935
v 2.5746992 0.39143923 -1.2172935
v 2.5843143 0.3840567 -1.2339476
v 2.5843143 0.3840567 -1.2339476
v 2.5746992 0.39143923 -1.2172935
v 2.5650837 0.3840567 -1.2339476
v 2.5650837 0.3840567 -1.2339476
v 2.5746992 0.39143923 -1.2172935
v 2.5554686 0.3840567 -1.2172935
v 2.5554686 0.3840567 -1.2172935
v 2.5746992 0.39143923 -1.2172935
v 2.5650837 0.3840567 -1.2006392
v 2.5650837 0.3840567 -1.2006392
v 2.5746992 0.39143923 -1.2172935
v 2.5843143 0.3840567 -1.2006392
v 2.5843143 0.3840567 -1.2006392
v 2.5746992 0.39143923 -1.2172935
v 2.59393 0.3840567 -1.2172935
v 2.6891906 0.3840567 -1.2172935
v 2.66996 0.39143923 -1.2172935
v 2.6795757 0.3840567 -1.2339476
v 2.6795757 0.3840567 -1.2339476
v 2.66996 0.39143923 -1.2172935
v 2.6603453 0.3840567 -1.2339476
v 2.6603453 0.3840567 -1.2339476
v 2.66996 0.39143923 -1.2172935
v 2.6507301 0.3840567 -1.2172935
v 2.6507301 0.3840567 -1.2172935
v 2.66996 0.39143923 -1.2172935
v 2.6603453 0.3840567 -1.2006392
v 2.6603453 0.3840567 -1.2006392
v 2.66996 0.39143923 -1.2172935
v 2.6795757 0.3840567 -1.2006392
v 2.6795757 0.3840567 -1.2006392
v 2.66996 0.39143923 -1.2172935
v 2.6891906 0.3840567 -1.2172935
v 2.5198982 0.38901192 -1.2953902
v 2.5198982 0.39964905 -1.323099
v 2.5438945 0.38901192 -1.3092445
v 2.5438945 0.38901192 -1.3092445
v 2.5198982 0.39964905 -1.323099
v 2.5438945 0.38901192 -1.3369529
v 2.5438945 0.38901192 -1.3369529
v 2.5198982 0.39964905 -1.323099
v 2.5198982 0.38901192 -1.3508075
v 2.5198982 0.38901192 -1.3508075
v 2.5198982 0.39964905 -1.323099
v 2.4959018 0.38901192 -1.3369529
v 2.4959018 0.38901192 -1.3369529
v 2.5198982 0.39964905 -1.323099
v 2.4959018 0.38901192 -1.3092445
v 2.4959018 0.38901192 -1.3092445
v 2.5198982 0.39964905 -1.323099
v 2.5198982 0.38901192 -1.2953902
v 2.5198982 0.3840567 -1.3511493
v 2.5198982 0.39143923 -1.3703796
v 2.5365524 0.3840567 -1.3607646
v 2.5365524 0.3840567 -1.3607646
v 2.5198982 0.39143923 -1.3703796
v 2.5365524 0.3840567 -1.3799952
v 2.5365524 0.3840567 -1.3799952
v 2.5198982 0.39143923 -1.3703796
v 2.5198982 0.3840567 -1.3896102
v 2.5198982 0.3840567 -1.3896102
v 2.5198982 0.39143923 -1.3703796
v 2.5032442 0.3840567 -1.3799952
v 2.5032442 0.3840567 -1.3799952
v 2.5198982 0.39143923 -1.3703796
v 2.5032444 0.3840567 -1.3607646
v 2.5032444 0.3840567 -1.3607646
v 2.5198982 0.39143923 -1.3703796
v 2.5198982 0.3840567 -1.3511493
v 2.5198982 0.3840567 -1.2558879
v 2.5198982 0.39143923 -1.2751186
v 2.5365524 0.3840567 -1.2655033
v 2.5365524 0.3840567 -1.2655033
v 2.5198982 0.39143923 -1.2751186
v 2.5365524 0.3840567 -1.2847339
v 2.5365524 0.3840567 -1.2847339
v 2.5198982 0.39143923 -1.2751186
v 2.5198982 0.3840567 -1.2943488
v 2.5198982 0.3840567 -1.2943488
v 2.5198982 0.39143923 -1.2751186
v 2.5032444 0.3840567 -1.2847339
v 2.5032444 0.3840567 -1.2847339
v 2.5198982 0.39143923 -1.2751186
v 2.5032444 0.3840567 -1.2655033
v 2.5032444 0.3840567 -1.2655033
v 2.5198982 0.39143923 -1.2751186
v 2.5198982 0.3840567 -1.2558879
v 2.5979948 0.38901192 -1.4251807
v 2.6257033 0.39964905 -1.4251807
v 2.6118493 0.38901192 -1.4011843
v 2.6118493 0.38901192 -1.4011843
v 2.6257033 0.39964905 -1.4251807
v 2.639558 0.38901192 -1.4011843
v 2.639558 0.38901192 -1.4011843
v 2.6257033 0.39964905 -1.4251807
v 2.6534119 0.38901192 -1.4251807
v 2.6534119 0.38901192 -1.4251807
v 2.6257033 0.39964905 -1.4251807
v 2.6395576 0.38901192 -1.449177
v 2.6395576 0.38901192 -1.449177
v 2.6257033 0.39964905 -1.4251807
v 2.6118488 0.38901192 -1.449177
v 2.6118488 0.38901192 -1.449177
v 2.6257033 0.39964905 -1.4251807
v 2.5979948 0.38901192 -1.4251807
v 2.6537538 0.3840567 -1.4251807
v 2.6729844 0.39143923 -1.4251807
v 2.6633692 0.3840567 -1.4085265
v 2.6633692 0.3840567 -1.4085265
v 2.6729844 0.39143923 -1.4251807
v 2.6825995 0.3840567 -1.4085265
v 2.6825995 0.3840567 -1.4085265
v 2.6729844 0.39143923 -1.4251807
v 2.6922147 0.3840567 -1.4251807
v 2.6922147 0.3840567 -1.4251807
v 2.6729844 0.39143923 -1.4251807
v 2.6825995 0.3840567 -1.4418346
v 2.6825995 0.3840567 -1.4418346
v 2.6729844 0.39143923 -1.4251807
v 2.6633692 0.3840567 -1.4418346
v 2.6633692 0.3840567 -1.4418346
v 2.6729844 0.39143923 -1.4251807
v 2.6537538 0.3840567 -1.4251807
v 2.5584927 0.3840567 -1.4251807
v 2.577723 0.39143923 -1.4251807
v 2.5681078 0.3840567 -1.4085265
v 2.5681078 0.3840567 -1.4085265
v 2.577723 0.39143923 -1.4251807
v 2.5873382 0.3840567 -1.4085265
v 2.5873382 0.3840567 -1.4085265
v 2.577723 0.39143923 -1.4251807
v 2.5969534 0.3840567 -1.4251807
v 2.5969534 0.3840567 -1.4251807
v 2.577723 0.39143923 -1.4251807
v 2.5873382 0.3840567 -1.4418349
v 2.5873382 0.3840567 -1.4418349
v 2.577723 0.39143923 -1.4251807
v 2.5681078 0.3840567 -1.4418349
v 2.5681078 0.3840567 -1.4418349
v 2.577723 0.39143923 -1.4251807
v 2.5584927 0.3840567 -1.4251807
v 2.561976 0.40051582 -1.2274035
v 2.5258715 0.414376 -1.2274035
v 2.5439236 0.40051582 -1.2586707
v 2.5439236 0.40051582 -1.2586707
v 2.5258715 0.414376 -1.2274035
v 2.5078192 0.40051582 -1.2586707
v 2.5078192 0.40051582 -1.2586707
v 2.5258715 0.414376 -1.2274035
v 2.4897668 0.40051582 -1.2274035
v 2.4897668 0.40051582 -1.2274035
v 2.5258715 0.414376 -1.2274035
v 2.5078192 0.40051582 -1.196136
v 2.5078192 0.40051582 -1.196136
v 2.5258715 0.414376 -1.2274035
v 2.5439236 0.40051582 -1.196136
v 2.5439236 0.40051582 -1.196136
v 2.5258715 0.414376 -1.2274035
v 2.561976 0.40051582 -1.2274035
v 2.530008 0.40051582 -1.3831035
v 2.5300078 0.414376 -1.4192077
v 2.5612752 0.40051582 -1.4011554
v 2.5612752 0.40051582 -1.4011554
v 2.5300078 0.414376 -1.4192077
v 2.5612752 0.40051582 -1.4372599
v 2.5612752 0.40051582 -1.4372599
v 2.5300078 0.414376 -1.4192077
v 2.5300078 0.40051582 -1.4553123
v 2.5300078 0.40051582 -1.4553123
v 2.5300078 0.414376 -1.4192077
v 2.4987407 0.40051582 -1.4372599
v 2.4987407 0.40051582 -1.4372599
v 2.5300078 0.414376 -1.4192077
v 2.498741 0.40051582 -1.4011554
v 2.498741 0.40051582 -1.4011554
v 2.5300078 0.414376 -1.4192077
v 2.530008 0.40051582 -1.3831035
v 2.6857078 0.40051582 -1.415071
v 2.7218122 0.414376 -1.415071
v 2.7037601 0.40051582 -1.3838035
v 2.7037601 0.40051582 -1.3838035
v 2.7218122 0.414376 -1.415071
v 2.7398648 0.40051582 -1.3838035
v 2.7398648 0.40051582 -1.3838035
v 2.7218122 0.414376 -1.415071
v 2.7579172 0.40051582 -1.4150707
v 2.7579172 0.40051582 -1.4150707
v 2.7218122 0.414376 -1.415071
v 2.7398648 0.40051582 -1.4463382
v 2.7398648 0.40051582 -1.4463382
v 2.7218122 0.414376 -1.415071
v 2.70376 0.40051582 -1.4463382
v 2.70376 0.40051582 -1.4463382
v 2.7218122 0.414376 -1.415071
v 2.6857078 0.40051582 -1.415071
v -2.7176769 0.40051585 1.2593719
v -2.7176769 0.41437608 1.2232673
v -2.6864097 0.40051585 1.2413195
v -2.6864097 0.40051585 1.2413195
v -2.7176769 0.41437608 1.2232673
v -2.6864097 0.40051585 1.205215
v -2.6864097 0.40051585 1.205215
v -2.7176769 0.41437608 1.2232673
v -2.7176769 0.40051585 1.187163
v -2.7176769 0.40051585 1.187163
v -2.7176769 0.41437608 1.2232673
v -2.748944 0.40051585 1.205215
v -2.748944 0.40051585 1.205215
v -2.7176769 0.41437608 1.2232673
v -2.748944 0.40051585 1.2413195
v -2.748944 0.40051585 1.2413195
v -2.7176769 0.41437608 1.2232673
v -2.7176769 0.40051585 1.2593719
v -2.7277868 0.38901195 1.347085
v -2.7277868 0.39964908 1.3193762
v -2.7037902 0.38901195 1.3332306
v -2.7037902 0.38901195 1.3332306
v -2.7277868 0.39964908 1.3193762
v -2.7037902 0.38901195 1.3055221
v -2.7037902 0.38901195 1.3055221
v -2.7277868 0.39964908 1.3193762
v -2.7277868 0.38901195 1.2916679
v -2.7277868 0.38901195 1.2916679
v -2.7277868 0.39964908 1.3193762
v -2.751783 0.38901195 1.3055221
v -2.751783 0.38901195 1.3055221
v -2.7277868 0.39964908 1.3193762
v -2.751783 0.38901195 1.3332306
v -2.751783 0.38901195 1.3332306
v -2.7277868 0.39964908 1.3193762
v -2.7277868 0.38901195 1.347085
v -2.7277868 0.38405675 1.2913258
v -2.7277868 0.39143926 1.2720956
v -2.7111328 0.38405675 1.2817106
v -2.7111328 0.38405675 1.2817106
v -2.7277868 0.39143926 1.2720956
v -2.7111328 0.38405675 1.2624803
v -2.7111328 0.38405675 1.2624803
v -2.7277868 0.39143926 1.2720956
v -2.7277868 0.38405675 1.2528648
v -2.7277868 0.38405675 1.2528648
v -2.7277868 0.39143926 1.2720956
v -2.7444408 0.38405675 1.2624803
v -2.7444408 0.38405675 1.2624803
v -2.7277868 0.39143926 1.2720956
v -2.7444408 0.38405675 1.2817106
v -2.7444408 0.38405675 1.2817106
v -2.7277868 0.39143926 1.2720956
v -2.7277868 0.38405675 1.2913258
v -2.7277868 0.38405675 1.3865869
v -2.7277868 0.39143926 1.3673565
v -2.7111328 0.38405675 1.3769717
v -2.7111328 0.38405675 1.3769717
v -2.7277868 0.39143926 1.3673565
v -2.7111328 0.38405675 1.3577414
v -2.7111328 0.38405675 1.3577414
v -2.7277868 0.39143926 1.3673565
v -2.7277868 0.38405675 1.3481263
v -2.7277868 0.38405675 1.3481263
v -2.7277868 0.39143926 1.3673565
v -2.7444408 0.38405675 1.3577414
v -2.7444408 0.38405675 1.3577414
v -2.7277868 0.39143926 1.3673565
v -2.7444408 0.38405675 1.3769717
v -2.7444408 0.38405675 1.3769717
v -2.7277868 0.39143926 1.3673565
v -2.7277868 0.38405675 1.3865869
v -2.6496897 0.38901195 1.2172946
v -2.6219814 0.39964908 1.2172946
v -2.635836 0.38901195 1.2412909
v -2.635836 0.38901195 1.2412909
v -2.6219814 0.39964908 1.2172946
v -2.608127 0.38901195 1.2412909
v -2.608127 0.38901195 1.2412909
v -2.6219814 0.39964908 1.2172946
v -2.5942726 0.38901195 1.2172946
v -2.5942726 0.38901195 1.2172946
v -2.6219814 0.39964908 1.2172946
v -2.608127 0.38901195 1.1932979
v -2.608127 0.38901195 1.1932979
v -2.6219814 0.39964908 1.2172946
v -2.635836 0.38901195 1.1932979
v -2.635836 0.38901195 1.1932979
v -2.6219814 0.39964908 1.2172946
v -2.6496897 0.38901195 1.2172946
v -2.5939305 0.38405675 1.2172946
v -2.5747 0.39143926 1.2172946
v -2.5843153 0.38405675 1.2339486
v -2.5843153 0.38405675 1.2339486
v -2.5747 0.39143926 1.2172946
v -2.5650852 0.38405675 1.2339486
v -2.5650852 0.38405675 1.2339486
v -2.5747 0.39143926 1.2172946
v -2.5554702 0.38405675 1.2172946
v -2.5554702 0.38405675 1.2172946
v -2.5747 0.39143926 1.2172946
v -2.5650852 0.38405675 1.2006401
v -2.5650852 0.38405675 1.2006401
v -2.5747 0.39143926 1.2172946
v -2.5843153 0.38405675 1.2006401
v -2.5843153 0.38405675 1.2006401
v -2.5747 0.39143926 1.2172946
v -2.5939305 0.38405675 1.2172946
v -2.689192 0.38405675 1.2172948
v -2.6699617 0.39143926 1.2172946
v -2.6795769 0.38405675 1.2339486
v -2.6795769 0.38405675 1.2339486
v -2.6699617 0.39143926 1.2172946
v -2.6603463 0.38405675 1.2339486
v -2.6603463 0.38405675 1.2339486
v -2.6699617 0.39143926 1.2172946
v -2.6507308 0.38405675 1.2172946
v -2.6507308 0.38405675 1.2172946
v -2.6699617 0.39143926 1.2172946
v -2.6603463 0.38405675 1.2006401
v -2.6603463 0.38405675 1.2006401
v -2.6699617 0.39143926 1.2172946
v -2.6795769 0.38405675 1.2006401
v -2.6795769 0.38405675 1.2006401
v -2.6699617 0.39143926 1.2172946
v -2.689192 0.38405675 1.2172948
v -2.5198991 0.38901195 1.2953913
v -2.5198991 0.39964908 1.3230999
v -2.5438962 0.38901195 1.3092457
v -2.5438962 0.38901195 1.3092457
v -2.5198991 0.39964908 1.3230999
v -2.5438962 0.38901195 1.336954
v -2.5438962 0.38901195 1.336954
v -2.5198991 0.39964908 1.3230999
v -2.5198991 0.38901195 1.3508084
v -2.5198991 0.38901195 1.3508084
v -2.5198991 0.39964908 1.3230999
v -2.495903 0.38901195 1.336954
v -2.495903 0.38901195 1.336954
v -2.5198991 0.39964908 1.3230999
v -2.495903 0.38901195 1.3092457
v -2.495903 0.38901195 1.3092457
v -2.5198991 0.39964908 1.3230999
v -2.5198991 0.38901195 1.2953913
v -2.5198991 0.38405675 1.3511503
v -2.5198991 0.39143926 1.3703808
v -2.5365536 0.38405675 1.3607657
v -2.5365536 0.38405675 1.3607657
v -2.5198991 0.39143926 1.3703808
v -2.5365536 0.38405675 1.3799962
v -2.5365536 0.38405675 1.3799962
v -2.5198991 0.39143926 1.3703808
v -2.5198991 0.38405675 1.3896111
v -2.5198991 0.38405675 1.3896111
v -2.5198991 0.39143926 1.3703808
v -2.5032454 0.38405675 1.3799962
v -2.5032454 0.38405675 1.3799962
v -2.5198991 0.39143926 1.3703808
v -2.5032454 0.38405675 1.3607657
v -2.5032454 0.38405675 1.3607657
v -2.5198991 0.39143926 1.3703808
v -2.5198991 0.38405675 1.3511503
v -2.5198991 0.38405675 1.2558892
v -2.5198991 0.39143926 1.2751195
v -2.5365531 0.38405675 1.2655042
v -2.5365531 0.38405675 1.2655042
v -2.5198991 0.39143926 1.2751195
v -2.5365531 0.38405675 1.2847346
v -2.5365531 0.38405675 1.2847346
v -2.5198991 0.39143926 1.2751195
v -2.5198991 0.38405675 1.2943499
v -2.5198991 0.38405675 1.2943499
v -2.5198991 0.39143926 1.2751195
v -2.5032454 0.38405675 1.2847346
v -2.5032454 0.38405675 1.2847346
v -2.5198991 0.39143926 1.2751195
v -2.5032454 0.38405675 1.2655042
v -2.5032454 0.38405675 1.2655042
v -2.5198991 0.39143926 1.2751195
v -2.5198991 0.38405675 1.2558892
v -2.5979965 0.38901195 1.4251817
v -2.6257048 0.39964908 1.4251817
v -2.6118505 0.38901195 1.4011852
v -2.6118505 0.38901195 1.4011852
v -2.6257048 0.39964908 1.4251817
v -2.6395593 0.38901195 1.4011852
v -2.6395593 0.38901195 1.4011852
v -2.6257048 0.39964908 1.4251817
v -2.6534135 0.38901195 1.4251817
v -2.6534135 0.38901195 1.4251817
v -2.6257048 0.39964908 1.4251817
v -2.6395593 0.38901195 1.4491779
v -2.6395593 0.38901195 1.4491779
v -2.6257048 0.39964908 1.4251817
v -2.6118505 0.38901195 1.4491779
v -2.6118505 0.38901195 1.4491779
v -2.6257048 0.39964908 1.4251817
v -2.5979965 0.38901195 1.4251817
v -2.6537554 0.38405675 1.4251817
v -2.672986 0.39143926 1.4251817
v -2.6633706 0.38405675 1.4085276
v -2.6633706 0.38405675 1.4085276
v -2.672986 0.39143926 1.4251817
v -2.6826012 0.38405675 1.4085276
v -2.6826012 0.38405675 1.4085276
v -2.672986 0.39143926 1.4251817
v -2.6922162 0.3840567 1.4251817
v -2.6922162 0.3840567 1.4251817
v -2.672986 0.39143926 1.4251817
v -2.6826005 0.3840567 1.4418356
v -2.6826005 0.3840567 1.4418356
v -2.672986 0.39143926 1.4251817
v -2.6633706 0.38405675 1.4418356
v -2.6633706 0.38405675 1.4418356
v -2.672986 0.39143926 1.4251817
v -2.6537554 0.38405675 1.4251817
v -2.5584939 0.38405675 1.4251817
v -2.5777245 0.39143926 1.4251817
v -2.5681093 0.38405675 1.4085276
v -2.5681093 0.38405675 1.4085276
v -2.5777245 0.39143926 1.4251817
v -2.5873399 0.38405675 1.4085276
v -2.5873399 0.38405675 1.4085276
v -2.5777245 0.39143926 1.4251817
v -2.596955 0.38405675 1.4251817
v -2.596955 0.38405675 1.4251817
v -2.5777245 0.39143926 1.4251817
v -2.5873399 0.38405675 1.4418356
v -2.5873399 0.38405675 1.4418356
v -2.5777245 0.39143926 1.4251817
v -2.5681093 0.38405675 1.4418356
v -2.5681093 0.38405675 1.4418356
v -2.5777245 0.39143926 1.4251817
v -2.5584939 0.38405675 1.4251817
v -2.561977 0.40051582 1.2274044
v -2.5258722 0.414376 1.2274044
v -2.5439246 0.40051582 1.2586718
v -2.5439246 0.40051582 1.2586718
v -2.5258722 0.414376 1.2274044
v -2.50782 0.40051582 1.2586718
v -2.50782 0.40051582 1.2586718
v -2.5258722 0.414376 1.2274044
v -2.4897678 0.40051582 1.2274044
v -2.4897678 0.40051582 1.2274044
v -2.5258722 0.414376 1.2274044
v -2.50782 0.40051582 1.1961371
v -2.50782 0.40051582 1.1961371
v -2.5258722 0.414376 1.2274044
v -2.5439246 0.40051582 1.1961371
v -2.5439246 0.40051582 1.1961371
v -2.5258722 0.414376 1.2274044
v -2.561977 0.40051582 1.2274044
v -2.5300095 0.40051582 1.3831047
v -2.5300095 0.414376 1.4192088
v -2.5612764 0.40051582 1.4011567
v -2.5612764 0.40051582 1.4011567
v -2.5300095 0.414376 1.4192088
v -2.5612764 0.40051582 1.4372607
v -2.5612764 0.40051582 1.4372607
v -2.5300095 0.414376 1.4192088
v -2.5300095 0.40051582 1.455313
v -2.5300095 0.40051582 1.455313
v -2.5300095 0.414376 1.4192088
v -2.4987419 0.40051582 1.4372607
v -2.4987419 0.40051582 1.4372607
v -2.5300095 0.414376 1.4192088
v -2.4987419 0.40051582 1.4011567
v -2.4987419 0.40051582 1.4011567
v -2.5300095 0.414376 1.4192088
v -2.5300095 0.40051582 1.3831047
v -2.685709 0.40051582 1.415072
v -2.7218137 0.414376 1.415072
v -2.7037613 0.40051582 1.3838046
v -2.7037613 0.40051582 1.3838046
v -2.7218137 0.414376 1.415072
v -2.739866 0.40051582 1.3838046
v -2.739866 0.40051582 1.3838046
v -2.7218137 0.414376 1.415072
v -2.7579181 0.40051582 1.415072
v -2.7579181 0.40051582 1.415072
v -2.7218137 0.414376 1.415072
v -2.7398658 0.40051582 1.4463395
v -2.7398658 0.40051582 1.4463395
v -2.7218137 0.414376 1.415072
v -2.7037613 0.40051582 1.4463395
v -2.7037613 0.40051582 1.4463395
v -2.7218137 0.414376 1.415072
v -2.685709 0.40051582 1.415072
v -2.7176752 0.40051582 -1.2593738
v -2.6864085 0.40051582 -1.2413214
v -2.7176752 0.41437605 -1.2232696
v -2.6864085 0.40051582 -1.2413214
v -2.6864085 0.40051582 -1.2052172
v -2.7176752 0.41437605 -1.2232696
v -2.6864085 0.40051582 -1.2052172
v -2.7176752 0.40051582 -1.187165
v -2.7176752 0.41437605 -1.2232696
v -2.7176752 0.40051582 -1.187165
v -2.7489421 0.40051582 -1.2052172
v -2.7176752 0.41437605 -1.2232696
v -2.7489421 0.40051582 -1.2052172
v -2.7489421 0.40051582 -1.2413219
v -2.7176752 0.41437605 -1.2232696
v -2.7489421 0.40051582 -1.2413219
v -2.7176752 0.40051582 -1.2593738
v -2.7176752 0.41437605 -1.2232696
v -2.7277849 0.38901192 -1.347087
v -2.7037888 0.38901192 -1.3332328
v -2.7277849 0.39964905 -1.3193786
v -2.7037888 0.38901192 -1.3332328
v -2.7037888 0.38901192 -1.305524
v -2.7277849 0.39964905 -1.3193786
v -2.7037888 0.38901192 -1.305524
v -2.7277849 0.38901192 -1.2916702
v -2.7277849 0.39964905 -1.3193786
v -2.7277849 0.38901192 -1.2916702
v -2.7517815 0.38901192 -1.305524
v -2.7277849 0.39964905 -1.3193786
v -2.7517815 0.38901192 -1.305524
v -2.7517815 0.38901192 -1.3332328
v -2.7277849 0.39964905 -1.3193786
v -2.7517815 0.38901192 -1.3332328
v -2.7277849 0.38901192 -1.347087
v -2.7277849 0.39964905 -1.3193786
v -2.7277849 0.3840567 -1.291328
v -2.711131 0.3840567 -1.2817127
v -2.7277849 0.39143923 -1.2720977
v -2.711131 0.3840567 -1.2817127
v -2.711131 0.3840567 -1.2624824
v -2.7277849 0.39143923 -1.2720977
v -2.711131 0.3840567 -1.2624824
v -2.7277849 0.3840567 -1.2528671
v -2.7277849 0.39143923 -1.2720977
v -2.7277849 0.3840567 -1.2528671
v -2.744439 0.3840567 -1.2624824
v -2.7277849 0.39143923 -1.2720977
v -2.744439 0.3840567 -1.2624824
v -2.744439 0.3840567 -1.2817127
v -2.7277849 0.39143923 -1.2720977
v -2.744439 0.3840567 -1.2817127
v -2.7277849 0.3840567 -1.291328
v -2.7277849 0.39143923 -1.2720977
v -2.7277849 0.3840567 -1.3865894
v -2.711131 0.3840567 -1.376974
v -2.7277849 0.39143923 -1.3673587
v -2.711131 0.3840567 -1.376974
v -2.711131 0.3840567 -1.3577437
v -2.7277849 0.39143923 -1.3673587
v -2.711131 0.3840567 -1.3577437
v -2.7277849 0.3840567 -1.3481284
v -2.7277849 0.39143923 -1.3673587
v -2.7277849 0.3840567 -1.3481284
v -2.744439 0.3840567 -1.3577437
v -2.7277849 0.39143923 -1.3673587
v -2.744439 0.3840567 -1.3577437
v -2.744439 0.3840567 -1.376974
v -2.7277849 0.39143923 -1.3673587
v -2.744439 0.3840567 -1.376974
v -2.7277849 0.3840567 -1.3865894
v -2.7277849 0.39143923 -1.3673587
v -2.6496885 0.38901192 -1.217297
v -2.6358342 0.38901192 -1.2412933
v -2.6219797 0.39964905 -1.217297
v -2.6358342 0.38901192 -1.2412933
v -2.6081254 0.38901192 -1.2412933
v -2.6219797 0.39964905 -1.217297
v -2.6081254 0.38901192 -1.2412933
v -2.5942714 0.38901192 -1.217297
v -2.6219797 0.39964905 -1.217297
v -2.5942714 0.38901192 -1.217297
v -2.6081254 0.38901192 -1.1933006
v -2.6219797 0.39964905 -1.217297
v -2.6081254 0.38901192 -1.1933006
v -2.6358342 0.38901192 -1.1933006
v -2.6219797 0.39964905 -1.217297
v -2.6358342 0.38901192 -1.1933006
v -2.6496885 0.38901192 -1.217297
v -2.6219797 0.39964905 -1.217297
v -2.5939293 0.3840567 -1.217297
v -2.584314 0.3840567 -1.2339507
v -2.574699 0.39143923 -1.217297
v -2.584314 0.3840567 -1.2339507
v -2.5650835 0.3840567 -1.2339507
v -2.574699 0.39143923 -1.217297
v -2.5650835 0.3840567 -1.2339507
v -2.5554683 0.3840567 -1.217297
v -2.574699 0.39143923 -1.217297
v -2.5554683 0.3840567 -1.217297
v -2.5650835 0.3840567 -1.2006427
v -2.574699 0.39143923 -1.217297
v -2.5650835 0.3840567 -1.2006427
v -2.584314 0.3840567 -1.2006427
v -2.574699 0.39143923 -1.217297
v -2.584314 0.3840567 -1.2006427
v -2.5939293 0.3840567 -1.217297
v -2.574699 0.39143923 -1.217297
v -2.6891904 0.3840567 -1.2172965
v -2.6795752 0.3840567 -1.2339511
v -2.6699598 0.39143923 -1.217297
v -2.6795752 0.3840567 -1.2339511
v -2.660345 0.3840567 -1.2339511
v -2.6699598 0.39143923 -1.217297
v -2.660345 0.3840567 -1.2339511
v -2.6507297 0.3840567 -1.217297
v -2.6699598 0.39143923 -1.217297
v -2.6507297 0.3840567 -1.217297
v -2.660345 0.3840567 -1.2006427
v -2.6699598 0.39143923 -1.217297
v -2.660345 0.3840567 -1.2006427
v -2.6795752 0.3840567 -1.2006427
v -2.6699598 0.39143923 -1.217297
v -2.6795752 0.3840567 -1.2006427
v -2.6891904 0.3840567 -1.2172965
v -2.6699598 0.39143923 -1.217297
v -2.519898 0.38901192 -1.2953937
v -2.5438943 0.38901192 -1.3092479
v -2.519898 0.39964905 -1.3231021
v -2.5438943 0.38901192 -1.3092479
v -2.5438943 0.38901192 -1.3369567
v -2.519898 0.39964905 -1.3231021
v -2.5438943 0.38901192 -1.3369567
v -2.519898 0.38901192 -1.3508105
v -2.519898 0.39964905 -1.3231021
v -2.519898 0.38901192 -1.3508105
v -2.4959013 0.38901192 -1.3369564
v -2.519898 0.39964905 -1.3231021
v -2.4959013 0.38901192 -1.3369564
v -2.4959013 0.38901192 -1.3092479
v -2.519898 0.39964905 -1.3231021
v -2.4959013 0.38901192 -1.3092479
v -2.519898 0.38901192 -1.2953937
v -2.519898 0.39964905 -1.3231021
v -2.519898 0.3840567 -1.3511528
v -2.536552 0.3840567 -1.3607681
v -2.519898 0.39143923 -1.370383
v -2.536552 0.3840567 -1.3607681
v -2.536552 0.3840567 -1.3799983
v -2.519898 0.39143923 -1.370383
v -2.536552 0.3840567 -1.3799983
v -2.519898 0.3840567 -1.3896136
v -2.519898 0.39143923 -1.370383
v -2.519898 0.3840567 -1.3896136
v -2.5032442 0.3840567 -1.3799983
v -2.519898 0.39143923 -1.370383
v -2.5032442 0.3840567 -1.3799983
v -2.5032442 0.3840567 -1.3607681
v -2.519898 0.39143923 -1.370383
v -2.5032442 0.3840567 -1.3607681
v -2.519898 0.3840567 -1.3511528
v -2.519898 0.39143923 -1.370383
v -2.519898 0.3840567 -1.2558913
v -2.536552 0.3840567 -1.2655066
v -2.519898 0.39143923 -1.275122
v -2.536552 0.3840567 -1.2655066
v -2.536552 0.3840567 -1.284737
v -2.519898 0.39143923 -1.275122
v -2.536552 0.3840567 -1.284737
v -2.519898 0.3840567 -1.2943523
v -2.519898 0.39143923 -1.275122
v -2.519898 0.3840567 -1.2943523
v -2.5032442 0.3840567 -1.284737
v -2.519898 0.39143923 -1.275122
v -2.5032442 0.3840567 -1.284737
v -2.5032442 0.3840567 -1.2655066
v -2.519898 0.39143923 -1.275122
v -2.5032442 0.3840567 -1.2655066
v -2.519898 0.3840567 -1.2558913
v -2.519898 0.39143923 -1.275122
v -2.5979946 0.38901192 -1.4251841
v -2.611849 0.38901192 -1.4011874
v -2.6257036 0.39964905 -1.4251841
v -2.611849 0.38901192 -1.4011874
v -2.6395578 0.38901192 -1.4011874
v -2.6257036 0.39964905 -1.4251841
v -2.6395578 0.38901192 -1.4011874
v -2.6534119 0.38901192 -1.4251841
v -2.6257036 0.39964905 -1.4251841
v -2.6534119 0.38901192 -1.4251841
v -2.6395578 0.38901192 -1.4491801
v -2.6257036 0.39964905 -1.4251841
v -2.6395578 0.38901192 -1.4491801
v -2.611849 0.38901192 -1.4491801
v -2.6257036 0.39964905 -1.4251841
v -2.611849 0.38901192 -1.4491801
v -2.5979946 0.38901192 -1.4251841
v -2.6257036 0.39964905 -1.4251841
v -2.6537538 0.3840567 -1.4251841
v -2.663369 0.3840567 -1.40853
v -2.6729844 0.39143923 -1.4251841
v -2.663369 0.3840567 -1.40853
v -2.6825995 0.3840567 -1.40853
v -2.6729844 0.39143923 -1.4251841
v -2.6825995 0.3840567 -1.40853
v -2.6922147 0.3840567 -1.4251838
v -2.6729844 0.39143923 -1.4251841
v -2.6922147 0.3840567 -1.4251838
v -2.6825995 0.3840567 -1.441838
v -2.6729844 0.39143923 -1.4251841
v -2.6825995 0.3840567 -1.441838
v -2.663369 0.3840567 -1.441838
v -2.6729844 0.39143923 -1.4251841
v -2.663369 0.3840567 -1.441838
v -2.6537538 0.3840567 -1.4251841
v -2.6729844 0.39143923 -1.4251841
v -2.5584924 0.3840567 -1.4251841
v -2.568108 0.3840567 -1.40853
v -2.5777233 0.39143923 -1.4251841
v -2.568108 0.3840567 -1.40853
v -2.5873382 0.3840567 -1.40853
v -2.5777233 0.39143923 -1.4251841
v -2.5873382 0.3840567 -1.40853
v -2.5969532 0.3840567 -1.4251841
v -2.5777233 0.39143923 -1.4251841
v -2.5969532 0.3840567 -1.4251841
v -2.5873382 0.3840567 -1.441838
v -2.5777233 0.39143923 -1.4251841
v -2.5873382 0.3840567 -1.441838
v -2.568108 0.3840567 -1.441838
v -2.5777233 0.39143923 -1.4251841
v -2.568108 0.3840567 -1.441838
v -2.5584924 0.3840567 -1.4251841
v -2.5777233 0.39143923 -1.4251841
v -2.5619755 0.40051582 -1.2274066
v -2.5439231 0.40051582 -1.2586741
v -2.525871 0.414376 -1.2274066
v -2.5439231 0.40051582 -1.2586741
v -2.5078187 0.40051582 -1.2586741
v -2.525871 0.414376 -1.2274066
v -2.5078187 0.40051582 -1.2586741
v -2.4897668 0.40051582 -1.2274066
v -2.525871 0.414376 -1.2274066
v -2.4897668 0.40051582 -1.2274066
v -2.5078187 0.40051582 -1.1961395
v -2.525871 0.414376 -1.2274066
v -2.5078187 0.40051582 -1.1961395
v -2.5439231 0.40051582 -1.1961395
v -2.525871 0.414376 -1.2274066
v -2.5439231 0.40051582 -1.1961395
v -2.5619755 0.40051582 -1.2274066
v -2.525871 0.414376 -1.2274066
v -2.5300078 0.40051582 -1.383107
v -2.5612752 0.40051582 -1.4011592
v -2.5300078 0.414376 -1.4192111
v -2.5612752 0.40051582 -1.4011592
v -2.5612752 0.40051582 -1.4372634
v -2.5300078 0.414376 -1.4192111
v -2.5612752 0.40051582 -1.4372634
v -2.5300078 0.40051582 -1.4553157
v -2.5300078 0.414376 -1.4192111
v -2.5300078 0.40051582 -1.4553157
v -2.498741 0.40051582 -1.4372634
v -2.5300078 0.414376 -1.4192111
v -2.498741 0.40051582 -1.4372634
v -2.498741 0.40051582 -1.4011588
v -2.5300078 0.414376 -1.4192111
v -2.498741 0.40051582 -1.4011588
v -2.5300078 0.40051582 -1.383107
v -2.5300078 0.414376 -1.4192111
v -2.6857078 0.40051582 -1.4150741
v -2.7037601 0.40051582 -1.383807
v -2.7218125 0.414376 -1.4150741
v -2.7037601 0.40051582 -1.383807
v -2.7398648 0.40051582 -1.383807
v -2.7218125 0.414376 -1.4150741
v -2.7398648 0.40051582 -1.383807
v -2.7579172 0.40051582 -1.4150741
v -2.7218125 0.414376 -1.4150741
v -2.7579172 0.40051582 -1.4150741
v -2.7398648 0.40051582 -1.4463416
v -2.7218125 0.414376 -1.4150741
v -2.7398648 0.40051582 -1.4463416
v -2.7037601 0.40051582 -1.4463416
v -2.7218125 0.414376 -1.4150741
v -2.7037601 0.40051582 -1.4463416
v -2.6857078 0.40051582 -1.4150741
v -2.7218125 0.414376 -1.4150741
v -1.2593716 0.40051585 -2.717677
v -1.2232674 0.41437608 -2.7176769
v -1.2413198 0.40051585 -2.6864097
v -1.2413198 0.40051585 -2.6864097
v -1.2232674 0.41437608 -2.7176769
v -1.2052152 0.40051585 -2.6864097
v -1.2052152 0.40051585 -2.6864097
v -1.2232674 0.41437608 -2.7176769
v -1.187163 0.40051585 -2.7176769
v -1.187163 0.40051585 -2.7176769
v -1.2232674 0.41437608 -2.7176769
v -1.2052152 0.40051585 -2.748944
v -1.2052152 0.40051585 -2.748944
v -1.2232674 0.41437608 -2.7176769
v -1.2413198 0.40051585 -2.748944
v -1.2413198 0.40051585 -2.748944
v -1.2232674 0.41437608 -2.7176769
v -1.2593716 0.40051585 -2.717677
v -1.3470851 0.38901195 -2.7277868
v -1.3193763 0.39964908 -2.7277868
v -1.3332307 0.38901195 -2.7037904
v -1.3332307 0.38901195 -2.7037904
v -1.3193763 0.39964908 -2.7277868
v -1.3055221 0.38901195 -2.7037904
v -1.3055221 0.38901195 -2.7037904
v -1.3193763 0.39964908 -2.7277868
v -1.2916678 0.38901195 -2.7277868
v -1.2916678 0.38901195 -2.7277868
v -1.3193763 0.39964908 -2.7277868
v -1.3055221 0.38901195 -2.7517831
v -1.3055221 0.38901195 -2.7517831
v -1.3193763 0.39964908 -2.7277868
v -1.3332307 0.38901195 -2.7517831
v -1.3332307 0.38901195 -2.7517831
v -1.3193763 0.39964908 -2.7277868
v -1.3470851 0.38901195 -2.7277868
v -1.2913259 0.38405675 -2.7277868
v -1.2720954 0.39143926 -2.7277868
v -1.2817107 0.38405675 -2.7111328
v -1.2817107 0.38405675 -2.7111328
v -1.2720954 0.39143926 -2.7277868
v -1.2624801 0.38405675 -2.7111328
v -1.2624801 0.38405675 -2.7111328
v -1.2720954 0.39143926 -2.7277868
v -1.252865 0.38405675 -2.7277865
v -1.252865 0.38405675 -2.7277865
v -1.2720954 0.39143926 -2.7277868
v -1.2624801 0.38405675 -2.744441
v -1.2624801 0.38405675 -2.744441
v -1.2720954 0.39143926 -2.7277868
v -1.2817107 0.38405675 -2.744441
v -1.2817107 0.38405675 -2.744441
v -1.2720954 0.39143926 -2.7277868
v -1.2913259 0.38405675 -2.7277868
v -1.386587 0.38405675 -2.7277868
v -1.3673567 0.39143926 -2.7277868
v -1.376972 0.38405675 -2.7111328
v -1.376972 0.38405675 -2.7111328
v -1.3673567 0.39143926 -2.7277868
v -1.3577415 0.38405675 -2.7111328
v -1.3577415 0.38405675 -2.7111328
v -1.3673567 0.39143926 -2.7277868
v -1.3481262 0.38405675 -2.7277868
v -1.3481262 0.38405675 -2.7277868
v -1.3673567 0.39143926 -2.7277868
v -1.3577415 0.38405675 -2.744441
v -1.3577415 0.38405675 -2.744441
v -1.3673567 0.39143926 -2.7277868
v -1.376972 0.38405675 -2.744441
v -1.376972 0.38405675 -2.744441
v -1.3673567 0.39143926 -2.7277868
v -1.386587 0.38405675 -2.7277868
v -1.2172946 0.38901195 -2.6496897
v -1.2172946 0.39964908 -2.621981
v -1.2412909 0.38901195 -2.6358354
v -1.2412909 0.38901195 -2.6358354
v -1.2172946 0.39964908 -2.621981
v -1.2412908 0.38901195 -2.6081266
v -1.2412908 0.38901195 -2.6081266
v -1.2172946 0.39964908 -2.621981
v -1.2172946 0.38901195 -2.5942729
v -1.2172946 0.38901195 -2.5942729
v -1.2172946 0.39964908 -2.621981
v -1.1932982 0.38901195 -2.6081266
v -1.1932982 0.38901195 -2.6081266
v -1.2172946 0.39964908 -2.621981
v -1.1932982 0.38901195 -2.6358354
v -1.1932982 0.38901195 -2.6358354
v -1.2172946 0.39964908 -2.621981
v -1.2172946 0.38901195 -2.6496897
v -1.2172946 0.38405675 -2.5939307
v -1.2172946 0.39143926 -2.5747004
v -1.2339486 0.38405675 -2.5843153
v -1.2339486 0.38405675 -2.5843153
v -1.2172946 0.39143926 -2.5747004
v -1.2339486 0.38405675 -2.5650852
v -1.2339486 0.38405675 -2.5650852
v -1.2172946 0.39143926 -2.5747004
v -1.2172946 0.38405675 -2.5554698
v -1.2172946 0.38405675 -2.5554698
v -1.2172946 0.39143926 -2.5747004
v -1.2006406 0.38405675 -2.5650852
v -1.2006406 0.38405675 -2.5650852
v -1.2172946 0.39143926 -2.5747004
v -1.2006406 0.38405675 -2.5843153
v -1.2006406 0.38405675 -2.5843153
v -1.2172946 0.39143926 -2.5747004
v -1.2172946 0.38405675 -2.5939307
v -1.2172946 0.38405675 -2.6891916
v -1.2172946 0.39143926 -2.6699615
v -1.2339486 0.38405675 -2.679577
v -1.2339486 0.38405675 -2.679577
v -1.2172946 0.39143926 -2.6699615
v -1.2339486 0.38405675 -2.6603467
v -1.2339486 0.38405675 -2.6603467
v -1.2172946 0.39143926 -2.6699615
v -1.2172946 0.38405675 -2.650731
v -1.2172946 0.38405675 -2.650731
v -1.2172946 0.39143926 -2.6699615
v -1.2006406 0.38405675 -2.6603467
v -1.2006406 0.38405675 -2.6603467
v -1.2172946 0.39143926 -2.6699615
v -1.2006406 0.38405675 -2.679577
v -1.2006406 0.38405675 -2.679577
v -1.2172946 0.39143926 -2.6699615
v -1.2172946 0.38405675 -2.6891916
v -1.2953916 0.38901195 -2.5198996
v -1.3231 0.39964908 -2.5198996
v -1.3092456 0.38901195 -2.543896
v -1.3092456 0.38901195 -2.543896
v -1.3231 0.39964908 -2.5198996
v -1.3369542 0.38901195 -2.543896
v -1.3369542 0.38901195 -2.543896
v -1.3231 0.39964908 -2.5198996
v -1.3508086 0.38901195 -2.5198996
v -1.3508086 0.38901195 -2.5198996
v -1.3231 0.39964908 -2.5198996
v -1.3369545 0.38901195 -2.4959028
v -1.3369545 0.38901195 -2.4959028
v -1.3231 0.39964908 -2.5198996
v -1.3092458 0.38901195 -2.4959028
v -1.3092458 0.38901195 -2.4959028
v -1.3231 0.39964908 -2.5198996
v -1.2953916 0.38901195 -2.5198996
v -1.3511506 0.38405675 -2.5198996
v -1.3703811 0.39143926 -2.5198996
v -1.3607658 0.38405675 -2.5365539
v -1.3607658 0.38405675 -2.5365539
v -1.3703811 0.39143926 -2.5198996
v -1.3799961 0.38405675 -2.5365539
v -1.3799961 0.38405675 -2.5365539
v -1.3703811 0.39143926 -2.5198996
v -1.3896114 0.38405675 -2.5198996
v -1.3896114 0.38405675 -2.5198996
v -1.3703811 0.39143926 -2.5198996
v -1.3799962 0.38405675 -2.5032458
v -1.3799962 0.38405675 -2.5032458
v -1.3703811 0.39143926 -2.5198996
v -1.3607659 0.38405675 -2.5032458
v -1.3607659 0.38405675 -2.5032458
v -1.3703811 0.39143926 -2.5198996
v -1.3511506 0.38405675 -2.5198996
v -1.2558894 0.38405675 -2.5198996
v -1.2751197 0.39143926 -2.5198996
v -1.2655046 0.38405675 -2.5365534
v -1.2655046 0.38405675 -2.5365534
v -1.2751197 0.39143926 -2.5198996
v -1.2847348 0.38405675 -2.5365534
v -1.2847348 0.38405675 -2.5365534
v -1.2751197 0.39143926 -2.5198996
v -1.2943501 0.38405675 -2.5198996
v -1.2943501 0.38405675 -2.5198996
v -1.2751197 0.39143926 -2.5198996
v -1.2847351 0.38405675 -2.5032458
v -1.2847351 0.38405675 -2.5032458
v -1.2751197 0.39143926 -2.5198996
v -1.2655047 0.38405675 -2.5032458
v -1.2655047 0.38405675 -2.5032458
v -1.2751197 0.39143926 -2.5198996
v -1.2558894 0.38405675 -2.5198996
v -1.4251816 0.38901195 -2.5979965
v -1.4251816 0.39964908 -2.6257052
v -1.4011853 0.38901195 -2.6118505
v -1.4011853 0.38901195 -2.6118505
v -1.4251816 0.39964908 -2.6257052
v -1.4011853 0.38901195 -2.6395595
v -1.4011853 0.38901195 -2.6395595
v -1.4251816 0.39964908 -2.6257052
v -1.4251816 0.38901195 -2.6534133
v -1.4251816 0.38901195 -2.6534133
v -1.4251816 0.39964908 -2.6257052
v -1.449178 0.38901195 -2.6395595
v -1.449178 0.38901195 -2.6395595
v -1.4251816 0.39964908 -2.6257052
v -1.449178 0.38901195 -2.6118505
v -1.449178 0.38901195 -2.6118505
v -1.4251816 0.39964908 -2.6257052
v -1.4251816 0.38901195 -2.5979965
v -1.4251816 0.38405675 -2.6537554
v -1.4251816 0.39143926 -2.6729858
v -1.4085276 0.38405675 -2.6633708
v -1.4085276 0.38405675 -2.6633708
v -1.4251816 0.39143926 -2.6729858
v -1.4085276 0.38405675 -2.682601
v -1.4085276 0.38405675 -2.682601
v -1.4251816 0.39143926 -2.6729858
v -1.4251816 0.38405675 -2.6922164
v -1.4251816 0.38405675 -2.6922164
v -1.4251816 0.39143926 -2.6729858
v -1.4418359 0.38405675 -2.682601
v -1.4418359 0.38405675 -2.682601
v -1.4251816 0.39143926 -2.6729858
v -1.4418359 0.38405675 -2.6633708
v -1.4418359 0.38405675 -2.6633708
v -1.4251816 0.39143926 -2.6729858
v -1.4251816 0.38405675 -2.6537554
v -1.4251816 0.38405675 -2.5584943
v -1.4251816 0.39143926 -2.5777247
v -1.4085276 0.38405675 -2.5681098
v -1.4085276 0.38405675 -2.5681098
v -1.4251816 0.39143926 -2.5777247
v -1.4085276 0.38405675 -2.58734
v -1.4085276 0.38405675 -2.58734
v -1.4251816 0.39143926 -2.5777247
v -1.4251816 0.38405675 -2.596955
v -1.4251816 0.38405675 -2.596955
v -1.4251816 0.39143926 -2.5777247
v -1.4418359 0.38405675 -2.58734
v -1.4418359 0.38405675 -2.58734
v -1.4251816 0.39143926 -2.5777247
v -1.4418359 0.38405675 -2.5681098
v -1.4418359 0.38405675 -2.5681098
v -1.4251816 0.39143926 -2.5777247
v -1.4251816 0.38405675 -2.5584943
v -1.2274045 0.40051582 -2.561977
v -1.2274047 0.414376 -2.5258722
v -1.2586719 0.40051582 -2.543925
v -1.2586719 0.40051582 -2.543925
v -1.2274047 0.414376 -2.5258722
v -1.2586721 0.40051582 -2.5078204
v -1.2586721 0.40051582 -2.5078204
v -1.2274047 0.414376 -2.5258722
v -1.2274047 0.40051582 -2.4897678
v -1.2274047 0.40051582 -2.4897678
v -1.2274047 0.414376 -2.5258722
v -1.1961373 0.40051582 -2.5078204
v -1.1961373 0.40051582 -2.5078204
v -1.2274047 0.414376 -2.5258722
v -1.1961372 0.40051582 -2.543925
v -1.1961372 0.40051582 -2.543925
v -1.2274047 0.414376 -2.5258722
v -1.2274045 0.40051582 -2.561977
v -1.3831047 0.40051582 -2.5300093
v -1.419209 0.414376 -2.5300093
v -1.4011567 0.40051582 -2.561277
v -1.4011567 0.40051582 -2.561277
v -1.419209 0.414376 -2.5300093
v -1.4372611 0.40051582 -2.561277
v -1.4372611 0.40051582 -2.561277
v -1.419209 0.414376 -2.5300093
v -1.4553136 0.40051582 -2.5300093
v -1.4553136 0.40051582 -2.5300093
v -1.419209 0.414376 -2.5300093
v -1.4372613 0.40051582 -2.498742
v -1.4372613 0.40051582 -2.498742
v -1.419209 0.414376 -2.5300093
v -1.4011569 0.40051582 -2.498742
v -1.4011569 0.40051582 -2.498742
v -1.419209 0.414376 -2.5300093
v -1.3831047 0.40051582 -2.5300093
v -1.415072 0.40051582 -2.6857092
v -1.415072 0.414376 -2.7218142
v -1.3838047 0.40051582 -2.7037618
v -1.3838047 0.40051582 -2.7037618
v -1.415072 0.414376 -2.7218142
v -1.3838047 0.40051582 -2.7398658
v -1.3838047 0.40051582 -2.7398658
v -1.415072 0.414376 -2.7218142
v -1.415072 0.40051582 -2.7579184
v -1.415072 0.40051582 -2.7579184
v -1.415072 0.414376 -2.7218142
v -1.4463394 0.40051582 -2.7398658
v -1.4463394 0.40051582 -2.7398658
v -1.415072 0.414376 -2.7218142
v -1.4463394 0.40051582 -2.7037618
v -1.4463394 0.40051582 -2.7037618
v -1.415072 0.414376 -2.7218142
v -1.415072 0.40051582 -2.6857092
v 1.259374 0.40051582 -2.7176752
v 1.2413219 0.40051582 -2.6864085
v 1.2232696 0.41437605 -2.7176752
v 1.2413219 0.40051582 -2.6864085
v 1.2052172 0.40051582 -2.6864085
v 1.2232696 0.41437605 -2.7176752
v 1.2052172 0.40051582 -2.6864085
v 1.187165 0.40051582 -2.7176752
v 1.2232696 0.41437605 -2.7176752
v 1.187165 0.40051582 -2.7176752
v 1.2052172 0.40051582 -2.7489424
v 1.2232696 0.41437605 -2.7176752
v 1.2052172 0.40051582 -2.7489424
v 1.2413219 0.40051582 -2.7489424
v 1.2232696 0.41437605 -2.7176752
v 1.2413219 0.40051582 -2.7489424
v 1.259374 0.40051582 -2.7176752
v 1.2232696 0.41437605 -2.7176752
v 1.347087 0.38901192 -2.7277849
v 1.333233 0.38901192 -2.703789
v 1.3193786 0.39964905 -2.7277849
v 1.333233 0.38901192 -2.703789
v 1.3055243 0.38901192 -2.703789
v 1.3193786 0.39964905 -2.7277849
v 1.3055243 0.38901192 -2.703789
v 1.29167 0.38901192 -2.7277849
v 1.3193786 0.39964905 -2.7277849
v 1.29167 0.38901192 -2.7277849
v 1.3055243 0.38901192 -2.7517817
v 1.3193786 0.39964905 -2.7277849
v 1.3055243 0.38901192 -2.7517817
v 1.333233 0.38901192 -2.7517817
v 1.3193786 0.39964905 -2.7277849
v 1.333233 0.38901192 -2.7517817
v 1.347087 0.38901192 -2.7277849
v 1.3193786 0.39964905 -2.7277849
v 1.291328 0.3840567 -2.7277849
v 1.2817127 0.3840567 -2.711131
v 1.2720975 0.39143923 -2.7277849
v 1.2817127 0.3840567 -2.711131
v 1.2624824 0.3840567 -2.711131
v 1.2720975 0.39143923 -2.7277849
v 1.2624824 0.3840567 -2.711131
v 1.2528672 0.3840567 -2.7277849
v 1.2720975 0.39143923 -2.7277849
v 1.2528672 0.3840567 -2.7277849
v 1.2624824 0.3840567 -2.744439
v 1.2720975 0.39143923 -2.7277849
v 1.2624824 0.3840567 -2.744439
v 1.2817127 0.3840567 -2.744439
v 1.2720975 0.39143923 -2.7277849
v 1.2817127 0.3840567 -2.744439
v 1.291328 0.3840567 -2.7277849
v 1.2720975 0.39143923 -2.7277849
v 1.3865892 0.3840567 -2.7277849
v 1.376974 0.3840567 -2.711131
v 1.3673589 0.39143923 -2.7277849
v 1.376974 0.3840567 -2.711131
v 1.3577437 0.3840567 -2.711131
v 1.3673589 0.39143923 -2.7277849
v 1.3577437 0.3840567 -2.711131
v 1.3481282 0.3840567 -2.7277849
v 1.3673589 0.39143923 -2.7277849
v 1.3481282 0.3840567 -2.7277849
v 1.3577437 0.3840567 -2.744439
v 1.3673589 0.39143923 -2.7277849
v 1.3577437 0.3840567 -2.744439
v 1.376974 0.3840567 -2.744439
v 1.3673589 0.39143923 -2.7277849
v 1.376974 0.3840567 -2.744439
v 1.3865892 0.3840567 -2.7277849
v 1.3673589 0.39143923 -2.7277849
v 1.217297 0.38901192 -2.6496882
v 1.2412933 0.38901192 -2.6358345
v 1.217297 0.39964905 -2.6219802
v 1.2412933 0.38901192 -2.6358345
v 1.2412928 0.38901192 -2.6081254
v 1.217297 0.39964905 -2.6219802
v 1.2412928 0.38901192 -2.6081254
v 1.217297 0.38901192 -2.5942714
v 1.217297 0.39964905 -2.6219802
v 1.217297 0.38901192 -2.5942714
v 1.1933001 0.38901192 -2.6081254
v 1.217297 0.39964905 -2.6219802
v 1.1933001 0.38901192 -2.6081254
v 1.1933001 0.38901192 -2.6358345
v 1.217297 0.39964905 -2.6219802
v 1.1933001 0.38901192 -2.6358345
v 1.217297 0.38901192 -2.6496882
v 1.217297 0.39964905 -2.6219802
v 1.217297 0.3840567 -2.593929
v 1.2339507 0.3840567 -2.5843139
v 1.217297 0.39143923 -2.574699
v 1.2339507 0.3840567 -2.5843139
v 1.2339507 0.3840567 -2.565084
v 1.217297 0.39143923 -2.574699
v 1.2339507 0.3840567 -2.565084
v 1.217297 0.3840567 -2.5554686
v 1.217297 0.39143923 -2.574699
v 1.217297 0.3840567 -2.5554686
v 1.2006427 0.3840567 -2.565084
v 1.217297 0.39143923 -2.574699
v 1.2006427 0.3840567 -2.565084
v 1.2006427 0.3840567 -2.5843139
v 1.217297 0.39143923 -2.574699
v 1.2006427 0.3840567 -2.5843139
v 1.217297 0.3840567 -2.593929
v 1.217297 0.39143923 -2.574699
v 1.217297 0.3840567 -2.6891906
v 1.2339507 0.3840567 -2.6795757
v 1.217297 0.39143923 -2.6699603
v 1.2339507 0.3840567 -2.6795757
v 1.2339507 0.3840567 -2.6603453
v 1.217297 0.39143923 -2.6699603
v 1.2339507 0.3840567 -2.6603453
v 1.217297 0.3840567 -2.65073
v 1.217297 0.39143923 -2.6699603
v 1.217297 0.3840567 -2.65073
v 1.2006427 0.3840567 -2.6603453
v 1.217297 0.39143923 -2.6699603
v 1.2006427 0.3840567 -2.6603453
v 1.2006427 0.3840567 -2.6795757
v 1.217297 0.39143923 -2.6699603
v 1.2006427 0.3840567 -2.6795757
v 1.217297 0.3840567 -2.6891906
v 1.217297 0.39143923 -2.6699603
v 1.2953933 0.38901192 -2.5198982
v 1.3092479 0.38901192 -2.543894
v 1.3231021 0.39964905 -2.5198982
v 1.3092479 0.38901192 -2.543894
v 1.3369565 0.38901192 -2.543894
v 1.3231021 0.39964905 -2.5198982
v 1.3369565 0.38901192 -2.543894
v 1.3508108 0.38901192 -2.5198982
v 1.3231021 0.39964905 -2.5198982
v 1.3508108 0.38901192 -2.5198982
v 1.3369564 0.38901192 -2.4959013
v 1.3231021 0.39964905 -2.5198982
v 1.3369564 0.38901192 -2.4959013
v 1.3092477 0.38901192 -2.4959013
v 1.3231021 0.39964905 -2.5198982
v 1.3092477 0.38901192 -2.4959013
v 1.2953933 0.38901192 -2.5198982
v 1.3231021 0.39964905 -2.5198982
v 1.3511525 0.3840567 -2.5198982
v 1.3607681 0.3840567 -2.536552
v 1.3703828 0.39143923 -2.5198982
v 1.3607681 0.3840567 -2.536552
v 1.3799983 0.3840567 -2.536552
v 1.3703828 0.39143923 -2.5198982
v 1.3799983 0.3840567 -2.536552
v 1.3896135 0.3840567 -2.5198982
v 1.3703828 0.39143923 -2.5198982
v 1.3896135 0.3840567 -2.5198982
v 1.3799983 0.3840567 -2.5032442
v 1.3703828 0.39143923 -2.5198982
v 1.3799983 0.3840567 -2.5032442
v 1.3607677 0.3840567 -2.5032442
v 1.3703828 0.39143923 -2.5198982
v 1.3607677 0.3840567 -2.5032442
v 1.3511525 0.3840567 -2.5198982
v 1.3703828 0.39143923 -2.5198982
v 1.2558912 0.3840567 -2.5198982
v 1.2655066 0.3840567 -2.536552
v 1.2751218 0.39143923 -2.5198982
v 1.2655066 0.3840567 -2.536552
v 1.284737 0.3840567 -2.536552
v 1.2751218 0.39143923 -2.5198982
v 1.284737 0.3840567 -2.536552
v 1.294352 0.3840567 -2.5198982
v 1.2751218 0.39143923 -2.5198982
v 1.294352 0.3840567 -2.5198982
v 1.284737 0.3840567 -2.5032442
v 1.2751218 0.39143923 -2.5198982
v 1.284737 0.3840567 -2.5032442
v 1.2655066 0.3840567 -2.5032442
v 1.2751218 0.39143923 -2.5198982
v 1.2655066 0.3840567 -2.5032442
v 1.2558912 0.3840567 -2.5198982
v 1.2751218 0.39143923 -2.5198982
v 1.4251841 0.38901192 -2.5979948
v 1.4011874 0.38901192 -2.611849
v 1.4251841 0.39964905 -2.6257033
v 1.4011874 0.38901192 -2.611849
v 1.4011874 0.38901192 -2.6395578
v 1.4251841 0.39964905 -2.6257033
v 1.4011874 0.38901192 -2.6395578
v 1.4251841 0.38901192 -2.6534116
v 1.4251841 0.39964905 -2.6257033
v 1.4251841 0.38901192 -2.6534116
v 1.4491801 0.38901192 -2.6395578
v 1.4251841 0.39964905 -2.6257033
v 1.4491801 0.38901192 -2.6395578
v 1.4491801 0.38901192 -2.611849
v 1.4251841 0.39964905 -2.6257033
v 1.4491801 0.38901192 -2.611849
v 1.4251841 0.38901192 -2.5979948
v 1.4251841 0.39964905 -2.6257033
v 1.4251841 0.3840567 -2.653754
v 1.40853 0.3840567 -2.6633692
v 1.4251841 0.39143923 -2.6729846
v 1.40853 0.3840567 -2.6633692
v 1.40853 0.3840567 -2.6825995
v 1.4251841 0.39143923 -2.6729846
v 1.40853 0.3840567 -2.6825995
v 1.4251841 0.3840567 -2.6922147
v 1.4251841 0.39143923 -2.6729846
v 1.4251841 0.3840567 -2.6922147
v 1.441838 0.3840567 -2.6825995
v 1.4251841 0.39143923 -2.6729846
v 1.441838 0.3840567 -2.6825995
v 1.441838 0.3840567 -2.6633692
v 1.4251841 0.39143923 -2.6729846
v 1.441838 0.3840567 -2.6633692
v 1.4251841 0.3840567 -2.653754
v 1.4251841 0.39143923 -2.6729846
v 1.4251841 0.3840567 -2.5584924
v 1.40853 0.3840567 -2.5681083
v 1.4251841 0.39143923 -2.5777233
v 1.40853 0.3840567 -2.5681083
v 1.40853 0.3840567 -2.5873384
v 1.4251841 0.39143923 -2.5777233
v 1.40853 0.3840567 -2.5873384
v 1.4251841 0.3840567 -2.5969532
v 1.4251841 0.39143923 -2.5777233
v 1.4251841 0.3840567 -2.5969532
v 1.441838 0.3840567 -2.5873384
v 1.4251841 0.39143923 -2.5777233
v 1.441838 0.3840567 -2.5873384
v 1.441838 0.3840567 -2.5681083
v 1.4251841 0.39143923 -2.5777233
v 1.441838 0.3840567 -2.5681083
v 1.4251841 0.3840567 -2.5584924
v 1.4251841 0.39143923 -2.5777233
v 1.2274066 0.40051582 -2.5619757
v 1.2586741 0.40051582 -2.5439234
v 1.2274066 0.414376 -2.5258708
v 1.2586741 0.40051582 -2.5439234
v 1.2586738 0.40051582 -2.507819
v 1.2274066 0.414376 -2.5258708
v 1.2586738 0.40051582 -2.507819
v 1.2274066 0.40051582 -2.4897668
v 1.2274066 0.414376 -2.5258708
v 1.2274066 0.40051582 -2.4897668
v 1.1961391 0.40051582 -2.507819
v 1.2274066 0.414376 -2.5258708
v 1.1961391 0.40051582 -2.507819
v 1.1961392 0.40051582 -2.5439234
v 1.2274066 0.414376 -2.5258708
v 1.1961392 0.40051582 -2.5439234
v 1.2274066 0.40051582 -2.5619757
v 1.2274066 0.414376 -2.5258708
v 1.3831067 0.40051582 -2.5300078
v 1.401159 0.40051582 -2.5612752
v 1.4192111 0.414376 -2.5300078
v 1.401159 0.40051582 -2.5612752
v 1.4372634 0.40051582 -2.561275
v 1.4192111 0.414376 -2.5300078
v 1.4372634 0.40051582 -2.561275
v 1.4553154 0.40051582 -2.5300078
v 1.4192111 0.414376 -2.5300078
v 1.4553154 0.40051582 -2.5300078
v 1.437263 0.40051582 -2.498741
v 1.4192111 0.414376 -2.5300078
v 1.437263 0.40051582 -2.498741
v 1.4011588 0.40051582 -2.498741
v 1.4192111 0.414376 -2.5300078
v 1.4011588 0.40051582 -2.498741
v 1.3831067 0.40051582 -2.5300078
v 1.4192111 0.414376 -2.5300078
v 1.4150741 0.40051582 -2.6857078
v 1.3838067 0.40051582 -2.7037604
v 1.4150741 0.414376 -2.7218122
v 1.3838067 0.40051582 -2.7037604
v 1.3838067 0.40051582 -2.739865
v 1.4150741 0.414376 -2.7218122
v 1.3838067 0.40051582 -2.739865
v 1.4150741 0.40051582 -2.757917
v 1.4150741 0.414376 -2.7218122
v 1.4150741 0.40051582 -2.757917
v 1.4463416 0.40051582 -2.739864
v 1.4150741 0.414376 -2.7218122
v 1.4463416 0.40051582 -2.739864
v 1.4463416 0.40051582 -2.7037604
v 1.4150741 0.414376 -2.7218122
v 1.4463416 0.40051582 -2.7037604
v 1.4150741 0.40051582 -2.6857078
v 1.4150741 0.414376 -2.7218122
v -0.44869664 -3.8679033E-09 2.508633
v -0.4386279 -3.8679033E-09 2.4911933
v -0.4386981 0.17752585 2.4910717
v -0.4488371 0.17752585 2.508633
v -0.4386279 -3.8679033E-09 2.5260725
v -0.44869664 -3.8679033E-09 2.508633
v -0.4488371 0.17752585 2.508633
v -0.4386981 0.17752585 2.5261943
v -0.41849038 -3.8679033E-09 2.5260725
v -0.4386279 -3.8679033E-09 2.5260725
v -0.4386981 0.17752585 2.5261943
v -0.41842014 0.17752585 2.5261943
v -0.40842164 -3.8679033E-09 2.508633
v -0.41849038 -3.8679033E-09 2.5260725
v -0.41842014 0.17752585 2.5261943
v -0.40828115 0.17752585 2.508633
v -0.4653622 0.48516014 2.508633
v -0.46069804 0.21041676 2.508633
v -0.4446286 0.21041676 2.4807997
v -0.44696066 0.48516014 2.4767606
v -0.44696066 0.48516014 2.5405052
v -0.4446286 0.21041676 2.5364661
v -0.46069804 0.21041676 2.508633
v -0.4653622 0.48516014 2.508633
v -0.41015762 0.48516014 2.5405052
v -0.4124897 0.21041676 2.5364661
v -0.4446286 0.21041676 2.5364661
v -0.44696066 0.48516014 2.5405052
v -0.39175612 0.48516014 2.508633
v -0.39642027 0.21041676 2.508633
v -0.4124897 0.21041676 2.5364661
v -0.41015762 0.48516014 2.5405052
v -0.46069804 0.21041676 2.508633
v -0.4488371 0.17752585 2.508633
v -0.4386981 0.17752585 2.4910717
v -0.4446286 0.21041676 2.4807997
v -0.4446286 0.21041676 2.5364661
v -0.4386981 0.17752585 2.5261943
v -0.4488371 0.17752585 2.508633
v -0.46069804 0.21041676 2.508633
v -0.4124897 0.21041676 2.5364661
v -0.41842014 0.17752585 2.5261943
v -0.4386981 0.17752585 2.5261943
v -0.4446286 0.21041676 2.5364661
v -0.39642027 0.21041676 2.508633
v -0.40828115 0.17752585 2.508633
v -0.41842014 0.17752585 2.5261943
v -0.4124897 0.21041676 2.5364661
v -0.35883516 0.47343355 2.5068405
v -0.35883516 1.237729E-07 2.5068405
v -0.34471282 1.237729E-07 2.4823797
v -0.34471282 0.47343355 2.4823797
v -0.34471282 0.47343355 2.5313013
v -0.3447128 1.237729E-07 2.5313013
v -0.35883516 1.237729E-07 2.5068405
v -0.35883516 0.47343355 2.5068405
v -0.31646803 0.47343355 2.5313013
v -0.31646803 1.237729E-07 2.5313013
v -0.3447128 1.237729E-07 2.5313013
v -0.34471282 0.47343355 2.5313013
v -0.30234563 0.47343355 2.5068405
v -0.30234563 1.237729E-07 2.5068405
v -0.31646803 1.237729E-07 2.5313013
v -0.31646803 0.47343355 2.5313013
v -0.39838883 0.4683825 2.5068405
v -0.3983888 6.188645E-08 2.5068405
v -0.38858753 6.188645E-08 2.489864
v -0.38858753 0.4683825 2.489864
v -0.38858753 0.4683825 2.5238168
v -0.38858753 6.188645E-08 2.5238168
v -0.3983888 6.188645E-08 2.5068405
v -0.39838883 0.4683825 2.5068405
v -0.36898503 0.4683825 2.5238168
v -0.368985 6.188645E-08 2.5238168
v -0.38858753 6.188645E-08 2.5238168
v -0.38858753 0.4683825 2.5238168
v -0.35918376 0.4683825 2.5068405
v -0.35918376 6.188645E-08 2.5068405
v -0.368985 6.188645E-08 2.5238168
v -0.36898503 0.4683825 2.5238168
v -0.30128428 0.4683825 2.5068405
v -0.30128425 6.188645E-08 2.5068405
v -0.291483 6.188645E-08 2.489864
v -0.291483 0.4683825 2.489864
v -0.291483 0.4683825 2.5238168
v -0.291483 6.188645E-08 2.5238168
v -0.30128425 6.188645E-08 2.5068405
v -0.30128428 0.4683825 2.5068405
v -0.27188048 0.4683825 2.5238168
v -0.27188048 6.188645E-08 2.5238168
v -0.291483 6.188645E-08 2.5238168
v -0.291483 0.4683825 2.5238168
v -0.2620792 0.4683825 2.5068405
v -0.26207918 6.188645E-08 2.5068405
v -0.27188048 6.188645E-08 2.5238168
v -0.27188048 0.4683825 2.5238168
v -0.40924022 0.47481576 2.425911
v -0.40924022 0.33934832 2.4259112
v -0.43464753 0.33934832 2.4405801
v -0.43464753 0.47481576 2.4405801
v -0.46005484 0.47481576 2.3965733
v -0.46005484 0.33934832 2.3965733
v -0.43464753 0.33934832 2.3819044
v -0.43464753 0.47481576 2.3819044
v -0.46005484 0.47481576 2.425911
v -0.46005484 0.33934832 2.4259112
v -0.46005484 0.33934832 2.3965733
v -0.46005484 0.47481576 2.3965733
v -0.43464753 0.47481576 2.4405801
v -0.43464753 0.33934832 2.4405801
v -0.46005484 0.33934832 2.4259112
v -0.46005484 0.47481576 2.425911
v -0.41767123 0.4683825 2.372691
v -0.41767123 0.19339585 2.372691
v -0.43464753 0.19339585 2.382492
v -0.43464753 0.4683825 2.382492
v -0.45162383 0.4683825 2.3530884
v -0.45162383 0.19339585 2.3530884
v -0.43464753 0.19339585 2.3432872
v -0.43464753 0.4683825 2.3432872
v -0.45162383 0.4683825 2.372691
v -0.45162383 0.19339585 2.372691
v -0.45162383 0.19339585 2.3530884
v -0.45162383 0.4683825 2.3530884
v -0.43464753 0.4683825 2.382492
v -0.43464753 0.19339585 2.382492
v -0.45162383 0.19339585 2.372691
v -0.45162383 0.4683825 2.372691
v -0.41767123 0.4683825 2.4697955
v -0.41767123 0.19339585 2.4697955
v -0.43464753 0.19339585 2.4795969
v -0.43464753 0.4683825 2.4795969
v -0.45162383 0.4683825 2.450193
v -0.45162383 0.19339585 2.450193
v -0.43464753 0.19339585 2.4403915
v -0.43464753 0.4683825 2.4403915
v -0.45162383 0.4683825 2.4697955
v -0.45162383 0.19339585 2.4697955
v -0.45162383 0.19339585 2.450193
v -0.45162383 0.4683825 2.450193
v -0.43464753 0.4683825 2.4795969
v -0.43464753 0.19339585 2.4795969
v -0.45162383 0.19339585 2.4697955
v -0.45162383 0.4683825 2.4697955
v -0.34091717 0.4734336 2.331489
v -0.3409172 0.38143617 2.331489
v -0.35503957 0.38143617 2.3070285
v -0.35503954 0.4734336 2.3070285
v -0.3126724 0.4734336 2.331489
v -0.31267247 0.38143617 2.331489
v -0.3409172 0.38143617 2.331489
v -0.34091717 0.4734336 2.331489
v -0.29855004 0.4734336 2.3070285
v -0.29855007 0.38143617 2.3070285
v -0.31267247 0.38143617 2.331489
v -0.3126724 0.4734336 2.331489
v -0.35503954 0.4734336 2.3070285
v -0.35503957 0.38143617 2.3070285
v -0.3409172 0.38143617 2.2825677
v -0.34091717 0.4734336 2.2825677
v -0.2884002 0.4683825 2.3240047
v -0.28840026 0.38225433 2.324005
v -0.29820147 0.38225433 2.3070285
v -0.29820144 0.4683825 2.3070285
v -0.26879767 0.4683825 2.3240047
v -0.26879767 0.38225433 2.324005
v -0.28840026 0.38225433 2.324005
v -0.2884002 0.4683825 2.3240047
v -0.25899637 0.4683825 2.3070285
v -0.2589964 0.38225433 2.3070285
v -0.26879767 0.38225433 2.324005
v -0.26879767 0.4683825 2.3240047
v -0.29820144 0.4683825 2.3070285
v -0.29820147 0.38225433 2.3070285
v -0.28840026 0.38225433 2.2900522
v -0.2884002 0.4683825 2.2900522
v -0.38550475 0.4683825 2.3240047
v -0.38550478 0.38225433 2.3240047
v -0.39530602 0.38225433 2.3070285
v -0.39530602 0.4683825 2.3070285
v -0.36590222 0.4683825 2.3240047
v -0.36590225 0.38225433 2.3240047
v -0.38550478 0.38225433 2.3240047
v -0.38550475 0.4683825 2.3240047
v -0.35610098 0.4683825 2.3070285
v -0.35610098 0.38225433 2.3070285
v -0.36590225 0.38225433 2.3240047
v -0.36590222 0.4683825 2.3240047
v -0.39530602 0.4683825 2.3070285
v -0.39530602 0.38225433 2.3070285
v -0.38550478 0.38225433 2.2900522
v -0.38550475 0.4683825 2.2900522
v -0.24719836 0.4734336 2.4007587
v -0.24719833 1.0765411E-07 2.4007587
v -0.22273766 1.0765411E-07 2.3866365
v -0.22273768 0.4734336 2.3866365
v -0.24719836 0.4734336 2.4290035
v -0.24719833 1.0765411E-07 2.4290035
v -0.24719833 1.0765411E-07 2.4007587
v -0.24719836 0.4734336 2.4007587
v -0.22273768 0.4734336 2.443126
v -0.22273766 1.0765411E-07 2.443126
v -0.24719833 1.0765411E-07 2.4290035
v -0.24719836 0.4734336 2.4290035
v -0.19827701 0.4734336 2.4290035
v -0.19827698 1.0765411E-07 2.4290035
v -0.22273766 1.0765411E-07 2.443126
v -0.22273768 0.4734336 2.443126
v -0.23971398 0.4683825 2.4532757
v -0.23971397 7.47145E-08 2.4532757
v -0.22273766 7.47145E-08 2.4434745
v -0.22273768 0.4683825 2.4434745
v -0.23971398 0.4683825 2.4728782
v -0.23971394 7.47145E-08 2.4728782
v -0.23971397 7.47145E-08 2.4532757
v -0.23971398 0.4683825 2.4532757
v -0.22273768 0.4683825 2.4826796
v -0.22273766 7.47145E-08 2.4826796
v -0.23971394 7.47145E-08 2.4728782
v -0.23971398 0.4683825 2.4728782
v -0.2057614 0.4683825 2.4728782
v -0.20576134 7.47145E-08 2.4728782
v -0.22273766 7.47145E-08 2.4826796
v -0.22273768 0.4683825 2.4826796
v -0.23971398 0.4683825 2.3561711
v -0.23971397 7.47145E-08 2.3561711
v -0.22273766 7.47145E-08 2.3463697
v -0.22273768 0.4683825 2.3463697
v -0.23971398 0.4683825 2.3757737
v -0.23971394 7.47145E-08 2.3757737
v -0.23971397 7.47145E-08 2.3561711
v -0.23971398 0.4683825 2.3561711
v -0.22273768 0.4683825 2.385575
v -0.22273766 7.47145E-08 2.385575
v -0.23971394 7.47145E-08 2.3757737
v -0.23971398 0.4683825 2.3757737
v -0.2057614 0.4683825 2.3757737
v -0.20576134 7.47145E-08 2.3757737
v -0.22273766 7.47145E-08 2.385575
v -0.22273768 0.4683825 2.385575
v -0.40690234 -3.867903E-09 2.3231857
v -0.42434195 -3.867903E-09 2.3332546
v -0.42434195 0.17752585 2.333395
v -0.4067807 0.17752585 2.323256
v -0.44178155 -3.867903E-09 2.3030481
v -0.42434195 -3.867903E-09 2.2929795
v -0.42434195 0.17752585 2.292839
v -0.44190317 0.17752585 2.302978
v -0.44178155 -3.867903E-09 2.3231857
v -0.44178155 -3.867903E-09 2.3030481
v -0.44190317 0.17752585 2.302978
v -0.44190317 0.17752585 2.323256
v -0.42434195 -3.867903E-09 2.3332546
v -0.44178155 -3.867903E-09 2.3231857
v -0.44190317 0.17752585 2.323256
v -0.42434195 0.17752585 2.333395
v -0.39246958 0.48516008 2.3315187
v -0.39650887 0.21041676 2.3291864
v -0.42434195 0.21041676 2.3452559
v -0.42434195 0.48516008 2.34992
v -0.4562143 0.48516008 2.2947156
v -0.45217502 0.21041676 2.2970474
v -0.42434195 0.21041676 2.2809782
v -0.42434195 0.48516008 2.276314
v -0.4562143 0.48516008 2.3315187
v -0.45217502 0.21041676 2.3291864
v -0.45217502 0.21041676 2.2970474
v -0.4562143 0.48516008 2.2947156
v -0.42434195 0.48516008 2.34992
v -0.42434195 0.21041676 2.3452559
v -0.45217502 0.21041676 2.3291864
v -0.4562143 0.48516008 2.3315187
v -0.39650887 0.21041676 2.3291864
v -0.4067807 0.17752585 2.323256
v -0.42434195 0.17752585 2.333395
v -0.42434195 0.21041676 2.3452559
v -0.45217502 0.21041676 2.2970474
v -0.44190317 0.17752585 2.302978
v -0.42434195 0.17752585 2.292839
v -0.42434195 0.21041676 2.2809782
v -0.45217502 0.21041676 2.3291864
v -0.44190317 0.17752585 2.323256
v -0.44190317 0.17752585 2.302978
v -0.45217502 0.21041676 2.2970474
v -0.42434195 0.21041676 2.3452559
v -0.42434195 0.17752585 2.333395
v -0.44190317 0.17752585 2.323256
v -0.45217502 0.21041676 2.3291864
v -0.2388948 -3.867903E-09 2.3347735
v -0.24896355 -3.867903E-09 2.317334
v -0.24910405 0.17752585 2.317334
v -0.23896506 0.17752585 2.3348951
v -0.21875729 -3.867903E-09 2.3347735
v -0.2388948 -3.867903E-09 2.3347735
v -0.23896506 0.17752585 2.3348951
v -0.21868712 0.17752585 2.3348951
v -0.20868853 -3.867903E-09 2.317334
v -0.21875729 -3.867903E-09 2.3347735
v -0.21868712 0.17752585 2.3348951
v -0.2085481 0.17752585 2.317334
v -0.24896355 -3.867903E-09 2.317334
v -0.23889478 -3.867903E-09 2.2998943
v -0.23896506 0.17752585 2.2997727
v -0.24910405 0.17752585 2.317334
v -0.24722761 0.48516008 2.3492064
v -0.24489552 0.21041676 2.345167
v -0.2609649 0.21041676 2.317334
v -0.26562908 0.48516008 2.317334
v -0.21042457 0.48516008 2.3492064
v -0.21275666 0.21041676 2.345167
v -0.24489552 0.21041676 2.345167
v -0.24722761 0.48516008 2.3492064
v -0.19202302 0.48516008 2.317334
v -0.1966872 0.21041676 2.317334
v -0.21275666 0.21041676 2.345167
v -0.21042457 0.48516008 2.3492064
v -0.26562908 0.48516008 2.317334
v -0.2609649 0.21041676 2.317334
v -0.24489552 0.21041676 2.289501
v -0.24722761 0.48516008 2.2854617
v -0.24489552 0.21041676 2.345167
v -0.23896506 0.17752585 2.3348951
v -0.24910405 0.17752585 2.317334
v -0.2609649 0.21041676 2.317334
v -0.21275666 0.21041676 2.345167
v -0.21868712 0.17752585 2.3348951
v -0.23896506 0.17752585 2.3348951
v -0.24489552 0.21041676 2.345167
v -0.1966872 0.21041676 2.317334
v -0.2085481 0.17752585 2.317334
v -0.21868712 0.17752585 2.3348951
v -0.21275666 0.21041676 2.345167
v -0.2609649 0.21041676 2.317334
v -0.24910405 0.17752585 2.317334
v -0.23896506 0.17752585 2.2997727
v -0.24489552 0.21041676 2.289501
v -0.25048268 -3.867903E-09 2.5027812
v -0.2330431 -3.867903E-09 2.4927123
v -0.23304313 0.17752585 2.4925718
v -0.25060436 0.17752585 2.5027108
v -0.25048268 -3.867903E-09 2.5229185
v -0.25048268 -3.867903E-09 2.5027812
v -0.25060436 0.17752585 2.5027108
v -0.25060436 0.17752585 2.5229888
v -0.2330431 -3.867903E-09 2.5329874
v -0.25048268 -3.867903E-09 2.5229185
v -0.25060436 0.17752585 2.5229888
v -0.23304313 0.17752585 2.5331278
v -0.21560353 -3.867903E-09 2.5229185
v -0.2330431 -3.867903E-09 2.5329874
v -0.23304313 0.17752585 2.5331278
v -0.21548186 0.17752585 2.5229888
v -0.2649155 0.48516008 2.4944484
v -0.26087627 0.21041676 2.4967804
v -0.23304313 0.21041676 2.480711
v -0.23304313 0.48516008 2.4760468
v -0.2649155 0.48516008 2.5312514
v -0.26087624 0.21041676 2.5289192
v -0.26087627 0.21041676 2.4967804
v -0.2649155 0.48516008 2.4944484
v -0.23304313 0.48516008 2.5496528
v -0.23304313 0.21041676 2.5449886
v -0.26087624 0.21041676 2.5289192
v -0.2649155 0.48516008 2.5312514
v -0.20117074 0.48516008 2.5312514
v -0.20521007 0.21041676 2.5289192
v -0.23304313 0.21041676 2.5449886
v -0.23304313 0.48516008 2.5496528
v -0.26087627 0.21041676 2.4967804
v -0.25060436 0.17752585 2.5027108
v -0.23304313 0.17752585 2.4925718
v -0.23304313 0.21041676 2.480711
v -0.26087624 0.21041676 2.5289192
v -0.25060436 0.17752585 2.5229888
v -0.25060436 0.17752585 2.5027108
v -0.26087627 0.21041676 2.4967804
v -0.23304313 0.21041676 2.5449886
v -0.23304313 0.17752585 2.5331278
v -0.25060436 0.17752585 2.5229888
v -0.26087624 0.21041676 2.5289192
v -0.20521007 0.21041676 2.5289192
v -0.21548186 0.17752585 2.5229888
v -0.23304313 0.17752585 2.5331278
v -0.23304313 0.21041676 2.5449886
v -0.42891437 0.3849606 2.3103635
v -0.22144583 0.3849606 2.3103635
v -0.22144583 0.3849606 2.5178323
v -0.42891437 0.3849606 2.5178323
v -0.434077 0.4015519 2.5500188
v -0.23082234 0.4015519 2.5500188
v -0.23082234 0.39062744 2.5255582
v -0.434077 0.39062744 2.5255582
v -0.434077 0.42340076 2.5500188
v -0.23082235 0.42340076 2.5500188
v -0.23082234 0.4015519 2.5500188
v -0.434077 0.4015519 2.5500188
v -0.434077 0.4343252 2.5255582
v -0.23082235 0.43432528 2.5255582
v -0.23082235 0.42340076 2.5500188
v -0.434077 0.42340076 2.5500188
v -0.434077 0.4015519 2.5500188
v -0.434077 0.39062744 2.5255582
v -0.434077 0.4343252 2.5255582
v -0.434077 0.42340076 2.5500188
v 0.40828106 0.17752583 2.508633
v 0.40842155 -3.867903E-09 2.508633
v 0.41849035 -3.867903E-09 2.4911933
v 0.41842005 0.17752583 2.4910717
v 0.448837 0.17752583 2.508633
v 0.44869655 -3.867903E-09 2.508633
v 0.43862784 -3.867903E-09 2.5260725
v 0.43869802 0.17752583 2.5261943
v 0.43869802 0.17752583 2.5261943
v 0.43862784 -3.867903E-09 2.5260725
v 0.41849035 -3.867903E-09 2.5260725
v 0.41842005 0.17752583 2.5261943
v 0.41842005 0.17752583 2.5261943
v 0.41849035 -3.867903E-09 2.5260725
v 0.40842155 -3.867903E-09 2.508633
v 0.40828106 0.17752583 2.508633
v 0.3964202 0.21041673 2.508633
v 0.41248962 0.21041673 2.4807997
v 0.4101575 0.48516008 2.4767606
v 0.3917561 0.48516008 2.508633
v 0.46069795 0.21041673 2.508633
v 0.44462845 0.21041673 2.5364661
v 0.44696057 0.48516008 2.5405052
v 0.4653621 0.48516008 2.508633
v 0.44462845 0.21041673 2.5364661
v 0.41248962 0.21041673 2.5364661
v 0.4101575 0.48516008 2.5405052
v 0.44696057 0.48516008 2.5405052
v 0.41248962 0.21041673 2.5364661
v 0.3964202 0.21041673 2.508633
v 0.3917561 0.48516008 2.508633
v 0.4101575 0.48516008 2.5405052
v 0.40828106 0.17752583 2.508633
v 0.41842005 0.17752583 2.4910717
v 0.41248962 0.21041673 2.4807997
v 0.3964202 0.21041673 2.508633
v 0.448837 0.17752583 2.508633
v 0.43869802 0.17752583 2.5261943
v 0.44462845 0.21041673 2.5364661
v 0.46069795 0.21041673 2.508633
v 0.43869802 0.17752583 2.5261943
v 0.41842005 0.17752583 2.5261943
v 0.41248962 0.21041673 2.5364661
v 0.44462845 0.21041673 2.5364661
v 0.41842005 0.17752583 2.5261943
v 0.40828106 0.17752583 2.508633
v 0.3964202 0.21041673 2.508633
v 0.41248962 0.21041673 2.5364661
v 0.30234554 1.2377289E-07 2.5068405
v 0.31646794 1.2377289E-07 2.4823797
v 0.31646794 0.47343352 2.4823797
v 0.3023456 0.47343352 2.5068405
v 0.3588351 1.2377289E-07 2.5068405
v 0.34471267 1.2377289E-07 2.5313013
v 0.34471276 0.47343352 2.5313013
v 0.3588351 0.47343352 2.5068405
v 0.34471267 1.2377289E-07 2.5313013
v 0.31646794 1.2377289E-07 2.5313013
v 0.31646794 0.47343352 2.5313013
v 0.34471276 0.47343352 2.5313013
v 0.31646794 1.2377289E-07 2.5313013
v 0.30234554 1.2377289E-07 2.5068405
v 0.3023456 0.47343352 2.5068405
v 0.31646794 0.47343352 2.5313013
v 0.35918367 6.1886446E-08 2.5068405
v 0.3689849 6.1886446E-08 2.489864
v 0.3689849 0.46838248 2.489864
v 0.35918367 0.46838248 2.5068405
v 0.39838868 6.1886446E-08 2.5068405
v 0.3885875 6.1886446E-08 2.5238168
v 0.3885875 0.46838248 2.5238168
v 0.39838868 0.46838248 2.5068405
v 0.3885875 6.1886446E-08 2.5238168
v 0.3689849 6.1886446E-08 2.5238168
v 0.3689849 0.46838248 2.5238168
v 0.3885875 0.46838248 2.5238168
v 0.3689849 6.1886446E-08 2.5238168
v 0.35918367 6.1886446E-08 2.5068405
v 0.35918367 0.46838248 2.5068405
v 0.3689849 0.46838248 2.5238168
v 0.2620791 6.1886446E-08 2.5068405
v 0.27188036 6.1886446E-08 2.489864
v 0.27188042 0.46838248 2.489864
v 0.26207918 0.46838248 2.5068405
v 0.30128416 6.1886446E-08 2.5068405
v 0.2914829 6.1886446E-08 2.5238168
v 0.29148296 0.46838248 2.5238168
v 0.30128416 0.46838248 2.5068405
v 0.2914829 6.1886446E-08 2.5238168
v 0.27188036 6.1886446E-08 2.5238168
v 0.27188042 0.46838248 2.5238168
v 0.29148296 0.46838248 2.5238168
v 0.27188036 6.1886446E-08 2.5238168
v 0.2620791 6.1886446E-08 2.5068405
v 0.26207918 0.46838248 2.5068405
v 0.27188042 0.46838248 2.5238168
v 0.4346475 0.3393483 2.4405801
v 0.4092402 0.3393483 2.4259112
v 0.4092402 0.47481573 2.425911
v 0.4346475 0.47481573 2.4405801
v 0.4092402 0.3393483 2.4259112
v 0.4092402 0.3393483 2.3965733
v 0.4092402 0.47481573 2.3965733
v 0.4092402 0.47481573 2.425911
v 0.4092402 0.3393483 2.3965733
v 0.4346475 0.3393483 2.3819044
v 0.4346475 0.47481573 2.3819044
v 0.4092402 0.47481573 2.3965733
v 0.4600547 0.3393483 2.4259112
v 0.4346475 0.3393483 2.4405801
v 0.4346475 0.47481573 2.4405801
v 0.4600547 0.47481573 2.425911
v 0.4346475 0.19339584 2.382492
v 0.41767114 0.19339584 2.372691
v 0.41767123 0.4683825 2.372691
v 0.4346475 0.4683825 2.382492
v 0.41767114 0.19339584 2.372691
v 0.41767114 0.19339584 2.3530884
v 0.41767123 0.4683825 2.3530884
v 0.41767123 0.4683825 2.372691
v 0.41767114 0.19339584 2.3530884
v 0.4346475 0.19339584 2.3432872
v 0.4346475 0.4683825 2.3432872
v 0.41767123 0.4683825 2.3530884
v 0.45162374 0.19339584 2.372691
v 0.4346475 0.19339584 2.382492
v 0.4346475 0.4683825 2.382492
v 0.45162374 0.4683825 2.372691
v 0.4346475 0.19339584 2.4795969
v 0.41767114 0.19339584 2.4697955
v 0.41767123 0.4683825 2.4697955
v 0.4346475 0.4683825 2.4795969
v 0.41767114 0.19339584 2.4697955
v 0.41767114 0.19339584 2.450193
v 0.41767123 0.4683825 2.450193
v 0.41767123 0.4683825 2.4697955
v 0.41767114 0.19339584 2.450193
v 0.4346475 0.19339584 2.4403915
v 0.4346475 0.4683825 2.4403915
v 0.41767123 0.4683825 2.450193
v 0.45162374 0.19339584 2.4697955
v 0.4346475 0.19339584 2.4795969
v 0.4346475 0.4683825 2.4795969
v 0.45162374 0.4683825 2.4697955
v 0.35503948 0.38143614 2.3070285
v 0.34091714 0.38143614 2.331489
v 0.34091714 0.47343355 2.331489
v 0.35503948 0.47343355 2.3070285
v 0.34091714 0.38143614 2.331489
v 0.3126724 0.38143614 2.331489
v 0.31267232 0.47343355 2.331489
v 0.34091714 0.47343355 2.331489
v 0.3126724 0.38143614 2.331489
v 0.29855 0.38143614 2.3070285
v 0.29854998 0.47343355 2.3070285
v 0.31267232 0.47343355 2.331489
v 0.29855 0.38143614 2.3070285
v 0.3126724 0.38143614 2.2825677
v 0.31267232 0.47343355 2.2825677
v 0.29854998 0.47343355 2.3070285
v 0.2982014 0.3822543 2.3070285
v 0.28840014 0.3822543 2.324005
v 0.28840014 0.4683825 2.324005
v 0.29820135 0.4683825 2.3070285
v 0.28840014 0.3822543 2.324005
v 0.2687976 0.3822543 2.324005
v 0.2687976 0.4683825 2.324005
v 0.28840014 0.4683825 2.324005
v 0.2687976 0.3822543 2.324005
v 0.25899634 0.3822543 2.3070285
v 0.25899628 0.4683825 2.3070285
v 0.2687976 0.4683825 2.324005
v 0.25899634 0.3822543 2.3070285
v 0.2687976 0.3822543 2.2900522
v 0.2687976 0.4683825 2.2900522
v 0.25899628 0.4683825 2.3070285
v 0.39530593 0.3822543 2.3070285
v 0.38550475 0.3822543 2.3240047
v 0.38550475 0.4683825 2.3240047
v 0.39530593 0.4683825 2.3070285
v 0.38550475 0.3822543 2.3240047
v 0.36590216 0.3822543 2.3240047
v 0.36590216 0.4683825 2.3240047
v 0.38550475 0.4683825 2.3240047
v 0.36590216 0.3822543 2.3240047
v 0.35610092 0.3822543 2.3070285
v 0.35610092 0.4683825 2.3070285
v 0.36590216 0.4683825 2.3240047
v 0.35610092 0.3822543 2.3070285
v 0.36590216 0.3822543 2.2900522
v 0.36590216 0.4683825 2.2900522
v 0.35610092 0.4683825 2.3070285
v 0.24719824 1.07654095E-07 2.4290035
v 0.22273758 1.07654095E-07 2.443126
v 0.22273764 0.47343355 2.443126
v 0.24719824 0.47343355 2.4290035
v 0.22273758 1.07654095E-07 2.443126
v 0.19827689 1.07654095E-07 2.4290035
v 0.19827694 0.47343355 2.4290035
v 0.22273764 0.47343355 2.443126
v 0.19827689 1.07654095E-07 2.4290035
v 0.19827689 1.07654095E-07 2.4007587
v 0.19827694 0.47343355 2.4007587
v 0.19827694 0.47343355 2.4290035
v 0.19827689 1.07654095E-07 2.4007587
v 0.22273758 1.07654095E-07 2.3866365
v 0.22273764 0.47343355 2.3866365
v 0.19827694 0.47343355 2.4007587
v 0.23971389 7.471449E-08 2.4728782
v 0.22273758 7.471449E-08 2.4826796
v 0.22273764 0.4683825 2.4826796
v 0.23971389 0.4683825 2.4728782
v 0.22273758 7.471449E-08 2.4826796
v 0.20576133 7.471449E-08 2.4728782
v 0.20576133 0.4683825 2.4728782
v 0.22273764 0.4683825 2.4826796
v 0.20576133 7.471449E-08 2.4728782
v 0.20576133 7.471449E-08 2.4532757
v 0.20576133 0.4683825 2.4532757
v 0.20576133 0.4683825 2.4728782
v 0.20576133 7.471449E-08 2.4532757
v 0.22273758 7.471449E-08 2.4434745
v 0.22273764 0.4683825 2.4434745
v 0.20576133 0.4683825 2.4532757
v 0.23971389 7.471449E-08 2.3757737
v 0.22273758 7.471449E-08 2.385575
v 0.22273764 0.4683825 2.385575
v 0.23971389 0.4683825 2.3757737
v 0.22273758 7.471449E-08 2.385575
v 0.20576133 7.471449E-08 2.3757737
v 0.20576133 0.4683825 2.3757737
v 0.22273764 0.4683825 2.385575
v 0.20576133 7.471449E-08 2.3757737
v 0.20576133 7.471449E-08 2.3561711
v 0.20576133 0.4683825 2.3561714
v 0.20576133 0.4683825 2.3757737
v 0.20576133 7.471449E-08 2.3561711
v 0.22273758 7.471449E-08 2.3463697
v 0.22273764 0.4683825 2.34637
v 0.20576133 0.4683825 2.3561714
v 0.4243419 0.17752583 2.333395
v 0.4243419 -3.867903E-09 2.3332546
v 0.40690225 -3.867903E-09 2.3231857
v 0.40678066 0.17752583 2.323256
v 0.40678066 0.17752583 2.323256
v 0.40690225 -3.867903E-09 2.3231857
v 0.40690225 -3.867903E-09 2.3030481
v 0.40678066 0.17752583 2.302978
v 0.40678066 0.17752583 2.302978
v 0.40690225 -3.867903E-09 2.3030481
v 0.4243419 -3.867903E-09 2.2929795
v 0.4243419 0.17752583 2.292839
v 0.44190305 0.17752583 2.323256
v 0.44178146 -3.867903E-09 2.3231857
v 0.4243419 -3.867903E-09 2.3332546
v 0.4243419 0.17752583 2.333395
v 0.4243419 0.21041673 2.3452559
v 0.3965088 0.21041673 2.3291864
v 0.39246953 0.48516008 2.3315187
v 0.4243419 0.48516008 2.34992
v 0.3965088 0.21041673 2.3291864
v 0.3965088 0.21041673 2.2970476
v 0.39246953 0.48516008 2.2947156
v 0.39246953 0.48516008 2.3315187
v 0.3965088 0.21041673 2.2970476
v 0.4243419 0.21041673 2.2809782
v 0.4243419 0.48516008 2.276314
v 0.39246953 0.48516008 2.2947156
v 0.45217487 0.21041673 2.3291864
v 0.4243419 0.21041673 2.3452559
v 0.4243419 0.48516008 2.34992
v 0.45621416 0.48516008 2.3315187
v 0.4243419 0.17752583 2.333395
v 0.40678066 0.17752583 2.323256
v 0.3965088 0.21041673 2.3291864
v 0.4243419 0.21041673 2.3452559
v 0.40678066 0.17752583 2.323256
v 0.40678066 0.17752583 2.302978
v 0.3965088 0.21041673 2.2970476
v 0.3965088 0.21041673 2.3291864
v 0.40678066 0.17752583 2.302978
v 0.4243419 0.17752583 2.292839
v 0.4243419 0.21041673 2.2809782
v 0.3965088 0.21041673 2.2970476
v 0.44190305 0.17752583 2.323256
v 0.4243419 0.17752583 2.333395
v 0.4243419 0.21041673 2.3452559
v 0.45217487 0.21041673 2.3291864
v 0.24910401 0.17752583 2.317334
v 0.24896349 -3.867903E-09 2.317334
v 0.23889469 -3.867903E-09 2.3347735
v 0.23896502 0.17752583 2.3348951
v 0.23896502 0.17752583 2.3348951
v 0.23889469 -3.867903E-09 2.3347735
v 0.21875724 -3.867903E-09 2.3347735
v 0.21868704 0.17752583 2.3348951
v 0.21868704 0.17752583 2.3348951
v 0.21875724 -3.867903E-09 2.3347735
v 0.20868848 -3.867903E-09 2.317334
v 0.20854805 0.17752583 2.317334
v 0.20854805 0.17752583 2.317334
v 0.20868848 -3.867903E-09 2.317334
v 0.21875724 -3.867903E-09 2.2998943
v 0.21868704 0.17752583 2.2997727
v 0.26096484 0.21041673 2.317334
v 0.24489544 0.21041673 2.345167
v 0.2472275 0.48516008 2.3492064
v 0.26562902 0.48516008 2.317334
v 0.24489544 0.21041673 2.345167
v 0.21275657 0.21041673 2.345167
v 0.21042451 0.48516008 2.3492064
v 0.2472275 0.48516008 2.3492064
v 0.21275657 0.21041673 2.345167
v 0.19668716 0.21041673 2.317334
v 0.19202293 0.48516008 2.317334
v 0.21042451 0.48516008 2.3492064
v 0.19668716 0.21041673 2.317334
v 0.21275657 0.21041673 2.289501
v 0.21042451 0.48516008 2.2854617
v 0.19202293 0.48516008 2.317334
v 0.24910401 0.17752583 2.317334
v 0.23896502 0.17752583 2.3348951
v 0.24489544 0.21041673 2.345167
v 0.26096484 0.21041673 2.317334
v 0.23896502 0.17752583 2.3348951
v 0.21868704 0.17752583 2.3348951
v 0.21275657 0.21041673 2.345167
v 0.24489544 0.21041673 2.345167
v 0.21868704 0.17752583 2.3348951
v 0.20854805 0.17752583 2.317334
v 0.19668716 0.21041673 2.317334
v 0.21275657 0.21041673 2.345167
v 0.20854805 0.17752583 2.317334
v 0.21868704 0.17752583 2.2997727
v 0.21275657 0.21041673 2.289501
v 0.19668716 0.21041673 2.317334
v 0.25060427 0.17752583 2.5229888
v 0.25048265 -3.867903E-09 2.5229185
v 0.23304303 -3.867903E-09 2.5329874
v 0.23304309 0.17752583 2.5331278
v 0.23304309 0.17752583 2.5331278
v 0.23304303 -3.867903E-09 2.5329874
v 0.21560349 -3.867903E-09 2.5229185
v 0.21548185 0.17752583 2.5229888
v 0.21548185 0.17752583 2.5229888
v 0.21560349 -3.867903E-09 2.5229185
v 0.21560349 -3.867903E-09 2.5027812
v 0.21548185 0.17752583 2.5027108
v 0.21548185 0.17752583 2.5027108
v 0.21560349 -3.867903E-09 2.5027812
v 0.23304303 -3.867903E-09 2.4927123
v 0.23304309 0.17752583 2.4925718
v 0.26087615 0.21041673 2.5289192
v 0.23304309 0.21041673 2.5449886
v 0.23304309 0.48516008 2.5496528
v 0.2649154 0.48516008 2.5312514
v 0.23304309 0.21041673 2.5449886
v 0.20521 0.21041673 2.5289192
v 0.20117071 0.48516008 2.5312514
v 0.23304309 0.48516008 2.5496528
v 0.20521 0.21041673 2.5289192
v 0.20521 0.21041673 2.4967804
v 0.20117071 0.48516008 2.4944484
v 0.20117071 0.48516008 2.5312514
v 0.20521 0.21041673 2.4967804
v 0.23304309 0.21041673 2.480711
v 0.23304309 0.48516008 2.4760468
v 0.20117071 0.48516008 2.4944484
v 0.25060427 0.17752583 2.5229888
v 0.23304309 0.17752583 2.5331278
v 0.23304309 0.21041673 2.5449886
v 0.26087615 0.21041673 2.5289192
v 0.23304309 0.17752583 2.5331278
v 0.21548185 0.17752583 2.5229888
v 0.20521 0.21041673 2.5289192
v 0.23304309 0.21041673 2.5449886
v 0.21548185 0.17752583 2.5229888
v 0.21548185 0.17752583 2.5027108
v 0.20521 0.21041673 2.4967804
v 0.20521 0.21041673 2.5289192
v 0.21548185 0.17752583 2.5027108
v 0.23304309 0.17752583 2.4925718
v 0.23304309 0.21041673 2.480711
v 0.20521 0.21041673 2.4967804
v 0.42891428 0.38496056 2.3103638
v 0.42891428 0.38496056 2.5178323
v 0.22144574 0.38496056 2.5178323
v 0.22144574 0.38496056 2.3103638
v 0.23082222 0.39062744 2.5255582
v 0.23082222 0.40155184 2.5500188
v 0.4340769 0.40155184 2.5500188
v 0.4340769 0.3906274 2.5255582
v 0.23082222 0.40155184 2.5500188
v 0.23082231 0.4234007 2.5500188
v 0.4340769 0.4234007 2.5500188
v 0.4340769 0.40155184 2.5500188
v 0.23082231 0.4234007 2.5500188
v 0.23082231 0.43432525 2.5255582
v 0.4340769 0.4343252 2.5255582
v 0.4340769 0.4234007 2.5500188
v 0.23082231 0.4234007 2.5500188
v 0.23082222 0.40155184 2.5500188
v 0.23082222 0.39062744 2.5255582
v 0.23082231 0.43432525 2.5255582
v -0.010786962 0.41448432 2.4987082
v -0.028018378 0.41448432 2.5285537
v -0.028018378 0.41448432 2.4688625
v -0.062481042 0.41448432 2.4688625
v -0.07971234 0.41448432 2.4987082
v -0.062481042 0.41448432 2.5285537
v -0.07971234 0.41448432 2.4987082
v -0.07971238 0.30214486 2.4987082
v -0.062481064 0.30214486 2.4688625
v -0.062481042 0.41448432 2.4688625
v -0.062481042 0.41448432 2.5285537
v -0.06248102 0.30214486 2.5285537
v -0.07971238 0.30214486 2.4987082
v -0.07971234 0.41448432 2.4987082
v -0.028018378 0.41448432 2.5285537
v -0.028018378 0.30214486 2.5285537
v -0.06248102 0.30214486 2.5285537
v -0.062481042 0.41448432 2.5285537
v -0.010786962 0.41448432 2.4987082
v -0.010787058 0.30214486 2.4987082
v -0.028018378 0.30214486 2.5285537
v -0.028018378 0.41448432 2.5285537
v -0.07669048 0.41845518 2.4987082
v -0.09032418 0.41845518 2.5223224
v -0.09032418 0.41845518 2.475094
v -0.11759149 0.41845518 2.475094
v -0.13122512 0.41845518 2.4987082
v -0.11759149 0.41845518 2.5223224
v -0.13122512 0.41845518 2.4987082
v -0.13122517 0.28835922 2.4987082
v -0.11759159 0.28835922 2.475094
v -0.11759149 0.41845518 2.475094
v -0.11759149 0.41845518 2.5223224
v -0.11759159 0.28835922 2.5223224
v -0.13122517 0.28835922 2.4987082
v -0.13122512 0.41845518 2.4987082
v -0.09032418 0.41845518 2.5223224
v -0.09032423 0.28835922 2.5223224
v -0.11759159 0.28835922 2.5223224
v -0.11759149 0.41845518 2.5223224
v -0.07669048 0.41845518 2.4987082
v -0.07669072 0.28835922 2.4987082
v -0.09032423 0.28835922 2.5223224
v -0.09032418 0.41845518 2.5223224
v 0.03973217 0.41974398 2.4987082
v 0.027079057 0.41974398 2.5206242
v 0.027079057 0.41974398 2.476792
v 0.0017727851 0.41974398 2.476792
v -0.010880518 0.41974398 2.4987082
v 0.0017727851 0.41974398 2.5206242
v -0.010880518 0.41974398 2.4987082
v -0.010880374 0.2851008 2.4987082
v 0.0017727374 0.2851008 2.476792
v 0.0017727851 0.41974398 2.476792
v 0.0017727851 0.41974398 2.5206242
v 0.0017727374 0.2851008 2.5206242
v -0.010880374 0.2851008 2.4987082
v -0.010880518 0.41974398 2.4987082
v 0.027079057 0.41974398 2.5206242
v 0.027079009 0.2851008 2.5206242
v 0.0017727374 0.2851008 2.5206242
v 0.0017727851 0.41974398 2.5206242
v 0.03973217 0.41974398 2.4987082
v 0.039732214 0.2851008 2.4987082
v 0.027079009 0.2851008 2.5206242
v 0.027079057 0.41974398 2.5206242
v -0.1331912 0.41448432 2.4987082
v -0.15042256 0.41448432 2.5285537
v -0.15042256 0.41448432 2.4688625
v -0.18488523 0.41448432 2.4688625
v -0.20211658 0.41448432 2.4987082
v -0.18488523 0.41448432 2.5285537
v -0.20211658 0.41448432 2.4987082
v -0.2021166 0.30214486 2.4987082
v -0.18488528 0.30214486 2.4688625
v -0.18488523 0.41448432 2.4688625
v -0.18488523 0.41448432 2.5285537
v -0.18488523 0.30214486 2.5285537
v -0.2021166 0.30214486 2.4987082
v -0.20211658 0.41448432 2.4987082
v -0.15042256 0.41448432 2.5285537
v -0.15042262 0.30214486 2.5285537
v -0.18488523 0.30214486 2.5285537
v -0.18488523 0.41448432 2.5285537
v -0.1331912 0.41448432 2.4987082
v -0.13319124 0.30214486 2.4987082
v -0.15042262 0.30214486 2.5285537
v -0.15042256 0.41448432 2.5285537
v 0.15405878 0.4172451 2.4987082
v 0.13682745 0.4172451 2.5285537
v 0.13682745 0.4172451 2.4688625
v 0.10236473 0.4172451 2.4688625
v 0.085133456 0.4172451 2.4987082
v 0.10236473 0.4172451 2.5285537
v 0.085133456 0.4172451 2.4987082
v 0.08513336 0.29513097 2.4987082
v 0.10236463 0.29513097 2.4688625
v 0.10236473 0.4172451 2.4688625
v 0.10236473 0.4172451 2.5285537
v 0.10236482 0.29513097 2.5285537
v 0.08513336 0.29513097 2.4987082
v 0.085133456 0.4172451 2.4987082
v 0.13682745 0.4172451 2.5285537
v 0.13682741 0.29513097 2.5285537
v 0.10236482 0.29513097 2.5285537
v 0.10236473 0.4172451 2.5285537
v 0.15405878 0.4172451 2.4987082
v 0.15405868 0.29513097 2.4987082
v 0.13682741 0.29513097 2.5285537
v 0.13682745 0.4172451 2.5285537
v 0.08470821 0.41300285 2.4987082
v 0.07274923 0.41300285 2.5194216
v 0.07274923 0.41300285 2.4779947
v 0.048831366 0.41300285 2.4779947
v 0.03687229 0.41300285 2.4987082
v 0.048831366 0.41300285 2.5194216
v 0.03687229 0.41300285 2.4987082
v 0.03687229 0.30214486 2.4987082
v 0.04883127 0.30214486 2.4779947
v 0.048831366 0.41300285 2.4779947
v 0.048831366 0.41300285 2.5194216
v 0.04883127 0.30214486 2.5194218
v 0.03687229 0.30214486 2.4987082
v 0.03687229 0.41300285 2.4987082
v 0.07274923 0.41300285 2.5194216
v 0.07274923 0.30214486 2.5194218
v 0.04883127 0.30214486 2.5194218
v 0.048831366 0.41300285 2.5194216
v 0.08470821 0.41300285 2.4987082
v 0.08470812 0.30214486 2.4987082
v 0.07274923 0.30214486 2.5194218
v 0.07274923 0.41300285 2.5194216
v 0.2031897 0.41300285 2.4987082
v 0.19123076 0.41300285 2.5194216
v 0.19123076 0.41300285 2.4779947
v 0.16731285 0.41300285 2.4779947
v 0.15535383 0.41300285 2.4987082
v 0.16731285 0.41300285 2.5194216
v 0.19123076 0.41300285 2.4779947
v 0.19123067 0.30214486 2.4779947
v 0.2031896 0.30214486 2.4987082
v 0.2031897 0.41300285 2.4987082
v 0.16731285 0.41300285 2.4779947
v 0.1673128 0.30214486 2.4779947
v 0.19123067 0.30214486 2.4779947
v 0.19123076 0.41300285 2.4779947
v 0.15535383 0.41300285 2.4987082
v 0.15535372 0.30214486 2.4987082
v 0.1673128 0.30214486 2.4779947
v 0.16731285 0.41300285 2.4779947
v 0.16731285 0.41300285 2.5194216
v 0.1673128 0.30214486 2.5194218
v 0.15535372 0.30214486 2.4987082
v 0.15535383 0.41300285 2.4987082
v 0.19123076 0.41300285 2.5194216
v 0.19123067 0.30214486 2.5194218
v 0.1673128 0.30214486 2.5194218
v 0.16731285 0.41300285 2.5194216
v 0.2031897 0.41300285 2.4987082
v 0.2031896 0.30214486 2.4987082
v 0.19123067 0.30214486 2.5194218
v 0.19123076 0.41300285 2.5194216
v 0.06355404 0.4246055 2.29358
v 0.080785416 0.4246055 2.3234258
v 0.06355404 0.4246055 2.3532712
v 0.029091405 0.4246055 2.29358
v 0.011859989 0.4246055 2.3234258
v 0.029091405 0.4246055 2.3532712
v 0.01185994 0.3697979 2.3234258
v 0.029091261 0.3697979 2.2935803
v 0.029091405 0.4246055 2.29358
v 0.011859989 0.4246055 2.3234258
v 0.08078527 0.3697979 2.3234258
v 0.06355395 0.3697979 2.3532712
v 0.06355404 0.4246055 2.3532712
v 0.080785416 0.4246055 2.3234258
v 0.06355395 0.3697979 2.3532712
v 0.029091261 0.3697979 2.3532712
v 0.029091405 0.4246055 2.3532712
v 0.06355404 0.4246055 2.3532712
v 0.029091261 0.3697979 2.3532712
v 0.01185994 0.3697979 2.3234258
v 0.011859989 0.4246055 2.3234258
v 0.029091405 0.4246055 2.3532712
v 0.118664496 0.42857635 2.2998116
v 0.13229813 0.42857635 2.3234258
v 0.118664496 0.42857635 2.34704
v 0.09139718 0.42857635 2.2998116
v 0.077763505 0.42857635 2.3234258
v 0.09139718 0.42857635 2.34704
v 0.0777636 0.35601225 2.3234258
v 0.09139704 0.35601225 2.2998116
v 0.09139718 0.42857635 2.2998116
v 0.077763505 0.42857635 2.3234258
v 0.13229808 0.35601225 2.3234258
v 0.118664496 0.35601225 2.34704
v 0.118664496 0.42857635 2.34704
v 0.13229813 0.42857635 2.3234258
v 0.118664496 0.35601225 2.34704
v 0.09139704 0.35601225 2.34704
v 0.09139718 0.42857635 2.34704
v 0.118664496 0.42857635 2.34704
v 0.09139704 0.35601225 2.34704
v 0.0777636 0.35601225 2.3234258
v 0.077763505 0.42857635 2.3234258
v 0.09139718 0.42857635 2.34704
v -0.0006997108 0.42986518 2.3015096
v 0.011953591 0.42986518 2.3234258
v -0.0006997108 0.42986518 2.3453417
v -0.026005981 0.42986518 2.3015096
v -0.038659118 0.42986518 2.3234258
v -0.026005981 0.42986518 2.3453417
v -0.038659405 0.3527539 2.3234258
v -0.026006125 0.3527539 2.3015099
v -0.026005981 0.42986518 2.3015096
v -0.038659118 0.42986518 2.3234258
v 0.011953353 0.3527539 2.3234258
v -0.0006997585 0.3527539 2.3453417
v -0.0006997108 0.42986518 2.3453417
v 0.011953591 0.42986518 2.3234258
v -0.0006997585 0.3527539 2.3453417
v -0.026006125 0.3527539 2.3453417
v -0.026005981 0.42986518 2.3453417
v -0.0006997108 0.42986518 2.3453417
v -0.026006125 0.3527539 2.3453417
v -0.038659405 0.3527539 2.3234258
v -0.038659118 0.42986518 2.3234258
v -0.026005981 0.42986518 2.3453417
v 0.18595828 0.4246054 2.29358
v 0.20318955 0.4246054 2.3234258
v 0.18595828 0.4246054 2.3532712
v 0.15149555 0.4246054 2.29358
v 0.13426422 0.4246054 2.3234258
v 0.15149555 0.4246054 2.3532712
v 0.13426413 0.3697979 2.3234258
v 0.15149535 0.3697979 2.2935803
v 0.15149555 0.4246054 2.29358
v 0.13426422 0.4246054 2.3234258
v 0.20318936 0.3697979 2.3234258
v 0.18595794 0.3697979 2.3532712
v 0.18595828 0.4246054 2.3532712
v 0.20318955 0.4246054 2.3234258
v 0.18595794 0.3697979 2.3532712
v 0.15149535 0.3697979 2.3532712
v 0.15149555 0.4246054 2.3532712
v 0.18595828 0.4246054 2.3532712
v 0.15149535 0.3697979 2.3532712
v 0.13426413 0.3697979 2.3234258
v 0.13426422 0.4246054 2.3234258
v 0.15149555 0.4246054 2.3532712
v -0.1012917 0.4273663 2.29358
v -0.08406042 0.4273663 2.3234258
v -0.1012917 0.4273663 2.3532712
v -0.13575451 0.4273663 2.29358
v -0.1529858 0.4273663 2.3234258
v -0.13575451 0.4273663 2.3532712
v -0.15298583 0.36278406 2.3234258
v -0.13575456 0.36278406 2.2935803
v -0.13575451 0.4273663 2.29358
v -0.1529858 0.4273663 2.3234258
v -0.084060475 0.36278406 2.3234258
v -0.10129189 0.36278406 2.3532712
v -0.1012917 0.4273663 2.3532712
v -0.08406042 0.4273663 2.3234258
v -0.10129189 0.36278406 2.3532712
v -0.13575456 0.36278406 2.3532712
v -0.13575451 0.4273663 2.3532712
v -0.1012917 0.4273663 2.3532712
v -0.13575456 0.36278406 2.3532712
v -0.15298583 0.36278406 2.3234258
v -0.1529858 0.4273663 2.3234258
v -0.13575451 0.4273663 2.3532712
v -0.04775829 0.42312396 2.3027122
v -0.035799287 0.42312396 2.3234258
v -0.04775829 0.42312396 2.344139
v -0.071676224 0.42312396 2.3027122
v -0.08363516 0.42312396 2.3234258
v -0.071676224 0.42312396 2.344139
v -0.08363518 0.369798 2.3234258
v -0.07167628 0.369798 2.3027122
v -0.071676224 0.42312396 2.3027122
v -0.08363516 0.42312396 2.3234258
v -0.035799336 0.369798 2.3234258
v -0.047758386 0.369798 2.3441393
v -0.04775829 0.42312396 2.344139
v -0.035799287 0.42312396 2.3234258
v -0.047758386 0.369798 2.3441393
v -0.07167628 0.369798 2.3441393
v -0.071676224 0.42312396 2.344139
v -0.04775829 0.42312396 2.344139
v -0.07167628 0.369798 2.3441393
v -0.08363518 0.369798 2.3234258
v -0.08363516 0.42312396 2.3234258
v -0.071676224 0.42312396 2.344139
v -0.1662398 0.42312396 2.3027122
v -0.15428083 0.42312396 2.3234258
v -0.1662398 0.42312396 2.344139
v -0.19015776 0.42312396 2.3027122
v -0.20211662 0.42312396 2.3234258
v -0.19015776 0.42312396 2.344139
v -0.2021167 0.369798 2.3234258
v -0.19015779 0.369798 2.3027122
v -0.19015776 0.42312396 2.3027122
v -0.20211662 0.42312396 2.3234258
v -0.15428087 0.369798 2.3234258
v -0.16623984 0.369798 2.3441393
v -0.1662398 0.42312396 2.344139
v -0.15428083 0.42312396 2.3234258
v -0.16623984 0.369798 2.3441393
v -0.19015779 0.369798 2.3441393
v -0.19015776 0.42312396 2.344139
v -0.1662398 0.42312396 2.344139
v -0.19015779 0.369798 2.3441393
v -0.2021167 0.369798 2.3234258
v -0.20211662 0.42312396 2.3234258
v -0.19015776 0.42312396 2.344139
v -0.22303125 0.1522599 2.4935958
v 0.22303118 0.15225993 2.4935958
v 0.22303118 0.13813753 2.469135
v -0.22303125 0.1381375 2.469135
v -0.22303125 0.18050462 2.4935958
v 0.22303118 0.18050465 2.4935958
v 0.22303118 0.15225993 2.4935958
v -0.22303125 0.1522599 2.4935958
v -0.22303125 0.19462699 2.469135
v 0.22303118 0.19462706 2.469135
v 0.22303118 0.18050465 2.4935958
v -0.22303125 0.18050462 2.4935958
v -0.22303125 0.056384034 2.4935958
v 0.22303118 0.05638407 2.4935958
v 0.22303118 0.04226167 2.469135
v -0.22303125 0.04226164 2.469135
v -0.22303125 0.08462877 2.4935958
v 0.22303118 0.0846288 2.4935958
v 0.22303118 0.05638407 2.4935958
v -0.22303125 0.056384034 2.4935958
v -0.22303125 0.098751135 2.469135
v 0.22303118 0.098751195 2.469135
v 0.22303118 0.0846288 2.4935958
v -0.22303125 0.08462877 2.4935958
v -0.22303125 0.24813575 2.4935958
v 0.22303118 0.24813575 2.4935958
v 0.22303118 0.23401338 2.469135
v -0.22303125 0.23401338 2.469135
v -0.22303125 0.27638048 2.4935958
v 0.22303118 0.27638048 2.4935958
v 0.22303118 0.24813575 2.4935958
v -0.22303125 0.24813575 2.4935958
v -0.22303125 0.29050285 2.469135
v 0.22303118 0.2905029 2.469135
v 0.22303118 0.27638048 2.4935958
v -0.22303125 0.27638048 2.4935958
v -0.122821204 0.3128477 2.4970968
v -0.12282113 1.237729E-07 2.4970968
v -0.1369435 9.282969E-08 2.4726362
v -0.13694356 0.3128477 2.4726362
v -0.09457645 0.3128477 2.4970968
v -0.0945764 1.237729E-07 2.4970968
v -0.12282113 1.237729E-07 2.4970968
v -0.122821204 0.3128477 2.4970968
v -0.0804541 0.3128477 2.4726362
v -0.080454014 1.237729E-07 2.4726362
v -0.0945764 1.237729E-07 2.4970968
v -0.09457645 0.3128477 2.4970968
v -0.014122485 0.3128477 2.4970968
v -0.01412239 1.5471613E-07 2.4970968
v -0.028244875 1.5471613E-07 2.4726362
v -0.028244922 0.3128477 2.4726362
v 0.014122247 0.3128477 2.4970968
v 0.014122342 1.5471613E-07 2.4970968
v -0.01412239 1.5471613E-07 2.4970968
v -0.014122485 0.3128477 2.4970968
v 0.028244542 0.3128477 2.4726362
v 0.028244637 1.5471613E-07 2.4726362
v 0.014122342 1.5471613E-07 2.4970968
v 0.014122247 0.3128477 2.4970968
v 0.13694333 1.237729E-07 2.4726362
v 0.12282089 1.237729E-07 2.4970968
v 0.12282094 0.3128477 2.4970968
v 0.13694339 0.3128477 2.4726362
v 0.12282089 1.237729E-07 2.4970968
v 0.094576165 1.237729E-07 2.4970968
v 0.09457621 0.3128477 2.4970968
v 0.12282094 0.3128477 2.4970968
v 0.094576165 1.237729E-07 2.4970968
v 0.08045382 1.237729E-07 2.4726362
v 0.08045392 0.3128477 2.4726362
v 0.09457621 0.3128477 2.4970968
v 1.203512 -3.79448E-09 2.7176769
v 1.2133895 -3.79448E-09 2.7005687
v 1.2133206 0.12740882 2.7004492
v 1.2033744 0.12740882 2.7176769
v 1.2133895 -3.79448E-09 2.7347856
v 1.203512 -3.79448E-09 2.7176769
v 1.2033744 0.12740882 2.7176769
v 1.2133206 0.12740882 2.734905
v 1.2331449 -3.79448E-09 2.7347856
v 1.2133895 -3.79448E-09 2.7347856
v 1.2133206 0.12740882 2.734905
v 1.2332138 0.12740882 2.734905
v 1.2430224 -3.79448E-09 2.7176769
v 1.2331449 -3.79448E-09 2.7347856
v 1.2332138 0.12740882 2.734905
v 1.2431604 0.12740882 2.7176769
v 1.1871629 0.4005159 2.7176769
v 1.1917385 0.15967537 2.7176769
v 1.2075028 0.15967537 2.6903722
v 1.2052152 0.4005159 2.6864097
v 1.2052152 0.4005159 2.748944
v 1.2075028 0.15967537 2.744982
v 1.1917385 0.15967537 2.7176769
v 1.1871629 0.4005159 2.7176769
v 1.2413195 0.4005159 2.748944
v 1.2390316 0.15967537 2.744982
v 1.2075028 0.15967537 2.744982
v 1.2052152 0.4005159 2.748944
v 1.2593716 0.4005159 2.7176769
v 1.2547961 0.15967537 2.7176769
v 1.2390316 0.15967537 2.744982
v 1.2413195 0.4005159 2.748944
v 1.1917385 0.15967537 2.7176769
v 1.2033744 0.12740882 2.7176769
v 1.2133206 0.12740882 2.7004492
v 1.2075028 0.15967537 2.6903722
v 1.2075028 0.15967537 2.744982
v 1.2133206 0.12740882 2.734905
v 1.2033744 0.12740882 2.7176769
v 1.1917385 0.15967537 2.7176769
v 1.2390316 0.15967537 2.744982
v 1.2332138 0.12740882 2.734905
v 1.2133206 0.12740882 2.734905
v 1.2075028 0.15967537 2.744982
v 1.2547961 0.15967537 2.7176769
v 1.2431604 0.12740882 2.7176769
v 1.2332138 0.12740882 2.734905
v 1.2390316 0.15967537 2.744982
v 1.2916678 0.38901198 2.7277868
v 1.2916678 1.0561052E-07 2.7277868
v 1.3055221 1.0561052E-07 2.7037904
v 1.3055221 0.38901198 2.7037904
v 1.3055221 0.38901198 2.7517831
v 1.3055221 1.0561052E-07 2.7517831
v 1.2916678 1.0561052E-07 2.7277868
v 1.2916678 0.38901198 2.7277868
v 1.3332307 0.38901198 2.7517831
v 1.3332307 1.0561052E-07 2.7517831
v 1.3055221 1.0561052E-07 2.7517831
v 1.3055221 0.38901198 2.7517831
v 1.3470849 0.38901198 2.7277868
v 1.3470849 1.0561052E-07 2.7277868
v 1.3332307 1.0561052E-07 2.7517831
v 1.3332307 0.38901198 2.7517831
v 1.252865 0.38405675 2.7277868
v 1.252865 7.32962E-08 2.7277868
v 1.2624801 7.32962E-08 2.7111328
v 1.2624801 0.38405675 2.7111328
v 1.2624801 0.38405675 2.7444408
v 1.2624801 7.32962E-08 2.7444408
v 1.252865 7.32962E-08 2.7277868
v 1.252865 0.38405675 2.7277868
v 1.2817105 0.38405675 2.744441
v 1.2817105 7.32962E-08 2.744441
v 1.2624801 7.32962E-08 2.7444408
v 1.2624801 0.38405675 2.7444408
v 1.2913257 0.38405675 2.7277868
v 1.2913257 7.32962E-08 2.7277868
v 1.2817105 7.32962E-08 2.744441
v 1.2817105 0.38405675 2.744441
v 1.3481259 0.38405675 2.7277868
v 1.3481263 7.32962E-08 2.7277868
v 1.3577415 7.32962E-08 2.711133
v 1.3577415 0.38405675 2.711133
v 1.3577415 0.38405675 2.744441
v 1.3577415 7.32962E-08 2.744441
v 1.3481263 7.32962E-08 2.7277868
v 1.3481259 0.38405675 2.7277868
v 1.3769717 0.38405675 2.744441
v 1.3769717 7.32962E-08 2.744441
v 1.3577415 7.32962E-08 2.744441
v 1.3577415 0.38405675 2.744441
v 1.386587 0.38405675 2.7277868
v 1.386587 7.32962E-08 2.7277868
v 1.3769717 7.32962E-08 2.744441
v 1.3769717 0.38405675 2.744441
v 1.2412909 0.38901198 2.635836
v 1.2412909 1.0561052E-07 2.635836
v 1.2172946 1.0561052E-07 2.64969
v 1.2172946 0.38901198 2.64969
v 1.1932981 0.38901198 2.608127
v 1.1932981 1.0561052E-07 2.608127
v 1.2172946 1.0561052E-07 2.5942729
v 1.2172946 0.38901198 2.5942729
v 1.1932981 0.38901198 2.635836
v 1.1932981 1.0561052E-07 2.635836
v 1.1932981 1.0561052E-07 2.608127
v 1.1932981 0.38901198 2.608127
v 1.2172946 0.38901198 2.64969
v 1.2172946 1.0561052E-07 2.64969
v 1.1932981 1.0561052E-07 2.635836
v 1.1932981 0.38901198 2.635836
v 1.2339485 0.38405675 2.5843155
v 1.2339485 7.32962E-08 2.5843155
v 1.2172946 7.32962E-08 2.5939307
v 1.2172946 0.38405675 2.5939307
v 1.2006404 0.38405675 2.5650852
v 1.2006404 7.32962E-08 2.5650852
v 1.2172946 7.32962E-08 2.5554702
v 1.2172946 0.38405675 2.5554702
v 1.2006404 0.38405675 2.5843155
v 1.2006404 7.32962E-08 2.5843155
v 1.2006404 7.32962E-08 2.5650852
v 1.2006404 0.38405675 2.5650852
v 1.2172946 0.38405675 2.5939307
v 1.2172946 7.32962E-08 2.5939307
v 1.2006404 7.32962E-08 2.5843155
v 1.2006404 0.38405675 2.5843155
v 1.2339485 0.38405675 2.6795769
v 1.2339485 7.32962E-08 2.6795769
v 1.2172946 7.32962E-08 2.689192
v 1.2172946 0.38405675 2.689192
v 1.2006404 0.38405675 2.6603467
v 1.2006404 7.32962E-08 2.6603467
v 1.2172946 7.32962E-08 2.650731
v 1.2172946 0.38405675 2.650731
v 1.2006404 0.38405675 2.6795769
v 1.2006404 7.32962E-08 2.6795769
v 1.2006404 7.32962E-08 2.6603467
v 1.2006404 0.38405675 2.6603467
v 1.2172946 0.38405675 2.689192
v 1.2172946 7.32962E-08 2.689192
v 1.2006404 7.32962E-08 2.6795769
v 1.2006404 0.38405675 2.6795769
v 1.3092458 0.38901198 2.543896
v 1.3092458 0.3210396 2.543896
v 1.2953914 0.3210396 2.5198996
v 1.2953914 0.38901198 2.5198996
v 1.3369542 0.38901198 2.543896
v 1.3369542 0.3210396 2.543896
v 1.3092458 0.3210396 2.543896
v 1.3092458 0.38901198 2.543896
v 1.3508086 0.38901198 2.5198996
v 1.3508086 0.3210396 2.5198996
v 1.3369542 0.3210396 2.543896
v 1.3369542 0.38901198 2.543896
v 1.2953914 0.38901198 2.5198996
v 1.2953914 0.3210396 2.5198996
v 1.3092458 0.3210396 2.4959033
v 1.3092458 0.38901198 2.4959033
v 1.3607658 0.38405675 2.5365539
v 1.3607656 0.22813693 2.5365539
v 1.3511506 0.22813693 2.5198996
v 1.3511506 0.38405675 2.5198996
v 1.3799961 0.38405675 2.5365539
v 1.3799961 0.22813693 2.5365539
v 1.3607656 0.22813693 2.5365539
v 1.3607658 0.38405675 2.5365539
v 1.3896116 0.38405675 2.5198996
v 1.3896116 0.22813693 2.5198996
v 1.3799961 0.22813693 2.5365539
v 1.3799961 0.38405675 2.5365539
v 1.3511506 0.38405675 2.5198996
v 1.3511506 0.22813693 2.5198996
v 1.3607658 0.22813693 2.5032458
v 1.3607658 0.38405675 2.5032458
v 1.2655044 0.38405675 2.5365534
v 1.2655044 0.22813693 2.5365534
v 1.2558893 0.22813693 2.5198994
v 1.2558893 0.38405675 2.5198994
v 1.2847348 0.38405675 2.5365536
v 1.2847348 0.22813693 2.5365536
v 1.2655044 0.22813693 2.5365534
v 1.2655044 0.38405675 2.5365534
v 1.2943501 0.38405675 2.5198996
v 1.2943501 0.22813693 2.5198996
v 1.2847348 0.22813693 2.5365536
v 1.2847348 0.38405675 2.5365536
v 1.2558893 0.38405675 2.5198994
v 1.2558893 0.22813693 2.5198994
v 1.2655046 0.22813693 2.5032456
v 1.2655046 0.38405675 2.5032456
v 1.4011853 0.38901198 2.6118507
v 1.4011853 1.0561052E-07 2.6118507
v 1.4251819 1.0561052E-07 2.5979967
v 1.4251819 0.38901198 2.5979967
v 1.4011853 0.38901198 2.6395595
v 1.4011853 1.0561052E-07 2.6395595
v 1.4011853 1.0561052E-07 2.6118507
v 1.4011853 0.38901198 2.6118507
v 1.4251819 0.38901198 2.6534138
v 1.4251819 1.0561052E-07 2.6534138
v 1.4011853 1.0561052E-07 2.6395595
v 1.4011853 0.38901198 2.6395595
v 1.449178 0.38901198 2.6395595
v 1.449178 1.0561052E-07 2.6395595
v 1.4251819 1.0561052E-07 2.6534138
v 1.4251819 0.38901198 2.6534138
v 1.4085276 0.38405675 2.6633708
v 1.4085276 7.32962E-08 2.6633708
v 1.4251819 7.32962E-08 2.6537557
v 1.4251819 0.38405675 2.6537557
v 1.4085276 0.38405675 2.6826015
v 1.4085276 7.32962E-08 2.6826015
v 1.4085276 7.32962E-08 2.6633708
v 1.4085276 0.38405675 2.6633708
v 1.4251819 0.38405675 2.6922166
v 1.4251819 7.32962E-08 2.6922166
v 1.4085276 7.32962E-08 2.6826015
v 1.4085276 0.38405675 2.6826015
v 1.4418356 0.38405675 2.6826012
v 1.4418356 7.32962E-08 2.6826012
v 1.4251819 7.32962E-08 2.6922166
v 1.4251819 0.38405675 2.6922166
v 1.4085276 0.38405675 2.5681098
v 1.4085276 7.32962E-08 2.5681098
v 1.4251819 7.32962E-08 2.5584943
v 1.4251819 0.38405675 2.5584943
v 1.4085276 0.38405675 2.58734
v 1.4085276 7.32962E-08 2.58734
v 1.4085276 7.32962E-08 2.5681098
v 1.4085276 0.38405675 2.5681098
v 1.4251819 0.38405675 2.5969553
v 1.4251819 7.32962E-08 2.5969553
v 1.4085276 7.32962E-08 2.58734
v 1.4085276 0.38405675 2.58734
v 1.4418356 0.38405675 2.58734
v 1.4418356 7.32962E-08 2.58734
v 1.4251819 7.32962E-08 2.5969553
v 1.4251819 0.38405675 2.5969553
v 1.244513 -3.7944794E-09 2.5357502
v 1.2274044 -3.7944794E-09 2.5456278
v 1.2274044 0.1274088 2.5457656
v 1.2446322 0.1274088 2.535819
v 1.210296 -3.7944794E-09 2.5159948
v 1.2274047 -3.7944794E-09 2.5061173
v 1.2274047 0.1274088 2.5059793
v 1.2101766 0.1274088 2.5159261
v 1.210296 -3.7944794E-09 2.5357502
v 1.210296 -3.7944794E-09 2.5159948
v 1.2101766 0.1274088 2.5159261
v 1.2101766 0.1274088 2.535819
v 1.2274044 -3.7944794E-09 2.5456278
v 1.210296 -3.7944794E-09 2.5357502
v 1.2101766 0.1274088 2.535819
v 1.2274044 0.1274088 2.5457656
v 1.2586719 0.40051585 2.5439248
v 1.2547091 0.15967536 2.541637
v 1.2274044 0.15967536 2.5574014
v 1.2274044 0.40051585 2.5619771
v 1.1961372 0.40051585 2.5078201
v 1.2000998 0.15967536 2.5101082
v 1.2274047 0.15967536 2.4943438
v 1.2274047 0.40051585 2.4897678
v 1.1961372 0.40051585 2.5439248
v 1.2000998 0.15967536 2.541637
v 1.2000998 0.15967536 2.5101082
v 1.1961372 0.40051585 2.5078201
v 1.2274044 0.40051585 2.5619771
v 1.2274044 0.15967536 2.5574014
v 1.2000998 0.15967536 2.541637
v 1.1961372 0.40051585 2.5439248
v 1.2547091 0.15967536 2.541637
v 1.2446322 0.1274088 2.535819
v 1.2274044 0.1274088 2.5457656
v 1.2274044 0.15967536 2.5574014
v 1.2000998 0.15967536 2.5101082
v 1.2101766 0.1274088 2.5159261
v 1.2274047 0.1274088 2.5059793
v 1.2274047 0.15967536 2.4943438
v 1.2000998 0.15967536 2.541637
v 1.2101766 0.1274088 2.535819
v 1.2101766 0.1274088 2.5159261
v 1.2000998 0.15967536 2.5101082
v 1.2274044 0.15967536 2.5574014
v 1.2274044 0.1274088 2.5457656
v 1.2101766 0.1274088 2.535819
v 1.2000998 0.15967536 2.541637
v 1.4093312 -3.7944794E-09 2.5471184
v 1.3994536 -3.7944794E-09 2.5300097
v 1.3993157 0.1274088 2.5300097
v 1.4092624 0.1274088 2.5472374
v 1.4290866 -3.7944794E-09 2.5471184
v 1.4093312 -3.7944794E-09 2.5471184
v 1.4092624 0.1274088 2.5472374
v 1.4291555 0.1274088 2.5472374
v 1.4389641 -3.7944794E-09 2.5300097
v 1.4290866 -3.7944794E-09 2.5471184
v 1.4291555 0.1274088 2.5472374
v 1.4391019 0.1274088 2.5300097
v 1.3994536 -3.7944794E-09 2.5300097
v 1.4093314 -3.7944794E-09 2.512901
v 1.4092624 0.1274088 2.5127819
v 1.3993157 0.1274088 2.5300097
v 1.4011567 0.40051585 2.5612772
v 1.4034445 0.15967536 2.5573146
v 1.3876802 0.15967536 2.5300097
v 1.3831044 0.40051585 2.5300097
v 1.4372611 0.40051585 2.5612772
v 1.4349732 0.15967536 2.5573146
v 1.4034445 0.15967536 2.5573146
v 1.4011567 0.40051585 2.5612772
v 1.4553134 0.40051585 2.5300097
v 1.4507377 0.15967536 2.5300097
v 1.4349732 0.15967536 2.5573146
v 1.4372611 0.40051585 2.5612772
v 1.3831044 0.40051585 2.5300097
v 1.3876802 0.15967536 2.5300097
v 1.4034445 0.15967536 2.5027049
v 1.4011567 0.40051585 2.4987426
v 1.4034445 0.15967536 2.5573146
v 1.4092624 0.1274088 2.5472374
v 1.3993157 0.1274088 2.5300097
v 1.3876802 0.15967536 2.5300097
v 1.4349732 0.15967536 2.5573146
v 1.4291555 0.1274088 2.5472374
v 1.4092624 0.1274088 2.5472374
v 1.4034445 0.15967536 2.5573146
v 1.4507377 0.15967536 2.5300097
v 1.4391019 0.1274088 2.5300097
v 1.4291555 0.1274088 2.5472374
v 1.4349732 0.15967536 2.5573146
v 1.3876802 0.15967536 2.5300097
v 1.3993157 0.1274088 2.5300097
v 1.4092624 0.1274088 2.5127819
v 1.4034445 0.15967536 2.5027049
v 1.3979634 -3.7944794E-09 2.7119367
v 1.4150717 -3.7944794E-09 2.7020588
v 1.4150717 0.1274088 2.7019212
v 1.3978438 0.1274088 2.7118676
v 1.3979634 -3.7944794E-09 2.7316918
v 1.3979634 -3.7944794E-09 2.7119367
v 1.3978438 0.1274088 2.7118676
v 1.3978438 0.1274088 2.7317607
v 1.4150717 -3.7944794E-09 2.7415693
v 1.3979634 -3.7944794E-09 2.7316918
v 1.3978438 0.1274088 2.7317607
v 1.4150717 0.1274088 2.7417073
v 1.4321805 -3.7944794E-09 2.7316918
v 1.4150717 -3.7944794E-09 2.7415693
v 1.4150717 0.1274088 2.7417073
v 1.4322997 0.1274088 2.7317607
v 1.3838047 0.40051585 2.7037618
v 1.3877673 0.15967536 2.7060497
v 1.4150717 0.15967536 2.6902854
v 1.4150717 0.40051585 2.6857097
v 1.3838047 0.40051585 2.7398665
v 1.3877673 0.15967536 2.7375786
v 1.3877673 0.15967536 2.7060497
v 1.3838047 0.40051585 2.7037618
v 1.4150717 0.40051585 2.7579188
v 1.4150717 0.15967536 2.7533429
v 1.3877673 0.15967536 2.7375786
v 1.3838047 0.40051585 2.7398665
v 1.4463394 0.40051585 2.7398665
v 1.4423766 0.15967536 2.7375786
v 1.4150717 0.15967536 2.7533429
v 1.4150717 0.40051585 2.7579188
v 1.3877673 0.15967536 2.7060497
v 1.3978438 0.1274088 2.7118676
v 1.4150717 0.1274088 2.7019212
v 1.4150717 0.15967536 2.6902854
v 1.3877673 0.15967536 2.7375786
v 1.3978438 0.1274088 2.7317607
v 1.3978438 0.1274088 2.7118676
v 1.3877673 0.15967536 2.7060497
v 1.4150717 0.15967536 2.7533429
v 1.4150717 0.1274088 2.7417073
v 1.3978438 0.1274088 2.7317607
v 1.3877673 0.15967536 2.7375786
v 1.4423766 0.15967536 2.7375786
v 1.4322997 0.1274088 2.7317607
v 1.4150717 0.1274088 2.7417073
v 1.4150717 0.15967536 2.7533429
v 1.2276717 0.31922635 2.530277
v 1.4148046 0.31922635 2.530277
v 1.4148046 0.31922635 2.7174096
v 1.2276717 0.31922635 2.7174096
v -1.2431629 0.1274088 2.7176757
v -1.2430252 -3.7944794E-09 2.7176757
v -1.2331475 -3.7944794E-09 2.7005672
v -1.2332164 0.1274088 2.700448
v -1.2033769 0.1274088 2.7176757
v -1.2035146 -3.7944794E-09 2.7176757
v -1.2133921 -3.7944794E-09 2.7347844
v -1.2133234 0.1274088 2.7349036
v -1.2133234 0.1274088 2.7349036
v -1.2133921 -3.7944794E-09 2.7347844
v -1.2331475 -3.7944794E-09 2.7347844
v -1.2332164 0.1274088 2.7349036
v -1.2332164 0.1274088 2.7349036
v -1.2331475 -3.7944794E-09 2.7347844
v -1.2430252 -3.7944794E-09 2.7176757
v -1.2431629 0.1274088 2.7176757
v -1.2547987 0.15967536 2.7176757
v -1.2390342 0.15967536 2.6903713
v -1.2413223 0.40051585 2.6864085
v -1.2593741 0.40051585 2.7176757
v -1.1917411 0.15967536 2.7176757
v -1.2075055 0.15967536 2.7449806
v -1.2052177 0.40051585 2.7489429
v -1.1871655 0.40051585 2.7176757
v -1.2075055 0.15967536 2.7449806
v -1.2390342 0.15967536 2.7449806
v -1.2413223 0.40051585 2.7489429
v -1.2052177 0.40051585 2.7489429
v -1.2390342 0.15967536 2.7449806
v -1.2547987 0.15967536 2.7176757
v -1.2593741 0.40051585 2.7176757
v -1.2413223 0.40051585 2.7489429
v -1.2431629 0.1274088 2.7176757
v -1.2332164 0.1274088 2.700448
v -1.2390342 0.15967536 2.6903713
v -1.2547987 0.15967536 2.7176757
v -1.2033769 0.1274088 2.7176757
v -1.2133234 0.1274088 2.7349036
v -1.2075055 0.15967536 2.7449806
v -1.1917411 0.15967536 2.7176757
v -1.2133234 0.1274088 2.7349036
v -1.2332164 0.1274088 2.7349036
v -1.2390342 0.15967536 2.7449806
v -1.2075055 0.15967536 2.7449806
v -1.2332164 0.1274088 2.7349036
v -1.2431629 0.1274088 2.7176757
v -1.2547987 0.15967536 2.7176757
v -1.2390342 0.15967536 2.7449806
v -1.3470876 1.0561052E-07 2.7277856
v -1.3332332 1.0561052E-07 2.7037892
v -1.3332332 0.38901195 2.7037892
v -1.3470876 0.38901195 2.7277856
v -1.2916703 1.0561052E-07 2.7277856
v -1.3055246 1.0561052E-07 2.7517822
v -1.3055246 0.38901195 2.7517822
v -1.2916703 0.38901195 2.7277856
v -1.3055246 1.0561052E-07 2.7517822
v -1.3332332 1.0561052E-07 2.7517822
v -1.3332332 0.38901195 2.7517822
v -1.3055246 0.38901195 2.7517822
v -1.3332332 1.0561052E-07 2.7517822
v -1.3470876 1.0561052E-07 2.7277856
v -1.3470876 0.38901195 2.7277856
v -1.3332332 0.38901195 2.7517822
v -1.2913283 7.329619E-08 2.7277856
v -1.281713 7.329619E-08 2.7111316
v -1.281713 0.38405675 2.7111316
v -1.2913283 0.38405675 2.7277856
v -1.2528675 7.329619E-08 2.7277856
v -1.2624825 7.329619E-08 2.7444394
v -1.2624825 0.38405675 2.7444394
v -1.2528675 0.38405675 2.7277856
v -1.2624825 7.329619E-08 2.7444394
v -1.281713 7.329619E-08 2.7444394
v -1.281713 0.38405675 2.7444394
v -1.2624825 0.38405675 2.7444394
v -1.281713 7.329619E-08 2.7444394
v -1.2913283 7.329619E-08 2.7277856
v -1.2913283 0.38405675 2.7277856
v -1.281713 0.38405675 2.7444394
v -1.3865895 7.329619E-08 2.7277856
v -1.3769745 7.329619E-08 2.7111316
v -1.3769745 0.38405675 2.7111316
v -1.3865895 0.38405675 2.7277856
v -1.3481288 7.329619E-08 2.7277856
v -1.357744 7.329619E-08 2.7444394
v -1.357744 0.38405675 2.7444394
v -1.3481287 0.38405675 2.7277856
v -1.357744 7.329619E-08 2.7444394
v -1.3769745 7.329619E-08 2.7444394
v -1.3769745 0.38405675 2.7444394
v -1.357744 0.38405675 2.7444394
v -1.3769745 7.329619E-08 2.7444394
v -1.3865895 7.329619E-08 2.7277856
v -1.3865895 0.38405675 2.7277856
v -1.3769745 0.38405675 2.7444394
v -1.217297 1.0561052E-07 2.6496887
v -1.2412934 1.0561052E-07 2.6358345
v -1.2412934 0.38901195 2.6358345
v -1.217297 0.38901195 2.6496887
v -1.2412934 1.0561052E-07 2.6358345
v -1.2412933 1.0561052E-07 2.6081257
v -1.2412933 0.38901195 2.6081257
v -1.2412934 0.38901195 2.6358345
v -1.2412933 1.0561052E-07 2.6081257
v -1.217297 1.0561052E-07 2.5942717
v -1.217297 0.38901195 2.5942717
v -1.2412933 0.38901195 2.6081257
v -1.1933006 1.0561052E-07 2.6358345
v -1.217297 1.0561052E-07 2.6496887
v -1.217297 0.38901195 2.6496887
v -1.1933006 0.38901195 2.6358345
v -1.217297 7.329619E-08 2.5939295
v -1.2339511 7.329619E-08 2.5843143
v -1.2339511 0.38405675 2.5843143
v -1.217297 0.38405675 2.5939295
v -1.2339511 7.329619E-08 2.5843143
v -1.2339511 7.329619E-08 2.565084
v -1.2339511 0.38405675 2.565084
v -1.2339511 0.38405675 2.5843143
v -1.2339511 7.329619E-08 2.565084
v -1.217297 7.329619E-08 2.5554688
v -1.217297 0.38405675 2.5554688
v -1.2339511 0.38405675 2.565084
v -1.200643 7.329619E-08 2.5843143
v -1.217297 7.329619E-08 2.5939295
v -1.217297 0.38405675 2.5939295
v -1.200643 0.38405675 2.5843143
v -1.217297 7.329619E-08 2.6891909
v -1.2339511 7.329619E-08 2.6795757
v -1.2339511 0.38405675 2.6795757
v -1.217297 0.38405675 2.6891909
v -1.2339511 7.329619E-08 2.6795757
v -1.2339511 7.329619E-08 2.6603453
v -1.2339511 0.38405675 2.6603453
v -1.2339511 0.38405675 2.6795757
v -1.2339511 7.329619E-08 2.6603453
v -1.217297 7.329619E-08 2.65073
v -1.217297 0.38405675 2.65073
v -1.2339511 0.38405675 2.6603453
v -1.200643 7.329619E-08 2.6795757
v -1.217297 7.329619E-08 2.6891909
v -1.217297 0.38405675 2.6891909
v -1.200643 0.38405675 2.6795757
v -1.2953937 0.32103953 2.5198982
v -1.3092481 0.32103953 2.5438945
v -1.3092481 0.38901195 2.5438945
v -1.2953937 0.38901195 2.5198982
v -1.3092481 0.32103953 2.5438945
v -1.3369567 0.32103953 2.5438945
v -1.3369567 0.38901195 2.5438945
v -1.3092481 0.38901195 2.5438945
v -1.3369567 0.32103953 2.5438945
v -1.3508109 0.32103953 2.5198982
v -1.3508109 0.38901195 2.5198982
v -1.3369567 0.38901195 2.5438945
v -1.3508109 0.32103953 2.5198982
v -1.3369565 0.32103953 2.4959018
v -1.3369565 0.38901195 2.4959018
v -1.3508109 0.38901195 2.5198982
v -1.3511529 0.22813691 2.5198982
v -1.3607681 0.22813691 2.5365522
v -1.3607682 0.38405675 2.5365522
v -1.3511529 0.38405675 2.5198982
v -1.3607681 0.22813691 2.5365522
v -1.3799986 0.22813691 2.5365522
v -1.3799986 0.38405675 2.5365522
v -1.3607682 0.38405675 2.5365522
v -1.3799986 0.22813691 2.5365522
v -1.3896136 0.22813691 2.519898
v -1.3896136 0.38405675 2.519898
v -1.3799986 0.38405675 2.5365522
v -1.3896136 0.22813691 2.519898
v -1.3799986 0.22813691 2.5032442
v -1.3799986 0.38405675 2.5032442
v -1.3896136 0.38405675 2.519898
v -1.2558916 0.22813691 2.5198982
v -1.2655071 0.22813691 2.5365522
v -1.2655071 0.38405675 2.5365522
v -1.2558916 0.38405675 2.5198982
v -1.2655071 0.22813691 2.5365522
v -1.2847373 0.22813691 2.5365522
v -1.2847373 0.38405675 2.5365522
v -1.2655071 0.38405675 2.5365522
v -1.2847373 0.22813691 2.5365522
v -1.2943524 0.22813691 2.5198982
v -1.2943524 0.38405675 2.5198982
v -1.2847373 0.38405675 2.5365522
v -1.2943524 0.22813691 2.5198982
v -1.2847373 0.22813691 2.5032442
v -1.2847373 0.38405675 2.5032442
v -1.2943524 0.38405675 2.5198982
v -1.4011878 1.0561052E-07 2.6395578
v -1.4251841 1.0561052E-07 2.653412
v -1.4251841 0.38901195 2.653412
v -1.4011878 0.38901195 2.6395578
v -1.4251841 1.0561052E-07 2.653412
v -1.4491805 1.0561052E-07 2.6395578
v -1.4491805 0.38901195 2.6395578
v -1.4251841 0.38901195 2.653412
v -1.4491805 1.0561052E-07 2.6395578
v -1.4491805 1.0561052E-07 2.611849
v -1.4491805 0.38901195 2.611849
v -1.4491805 0.38901195 2.6395578
v -1.4491805 1.0561052E-07 2.611849
v -1.4251841 1.0561052E-07 2.597995
v -1.4251841 0.38901195 2.597995
v -1.4491805 0.38901195 2.611849
v -1.4085301 7.329619E-08 2.6825998
v -1.4251841 7.329619E-08 2.6922147
v -1.4251841 0.38405675 2.6922147
v -1.4085301 0.38405675 2.6825998
v -1.4251841 7.329619E-08 2.6922147
v -1.4418384 7.329619E-08 2.6825995
v -1.4418384 0.38405675 2.6825995
v -1.4251841 0.38405675 2.6922147
v -1.4418384 7.329619E-08 2.6825995
v -1.4418384 7.329619E-08 2.663369
v -1.4418384 0.38405675 2.663369
v -1.4418384 0.38405675 2.6825995
v -1.4418384 7.329619E-08 2.663369
v -1.4251841 7.329619E-08 2.653754
v -1.4251841 0.38405675 2.653754
v -1.4418384 0.38405675 2.663369
v -1.4085301 7.329619E-08 2.5873382
v -1.4251841 7.329619E-08 2.5969536
v -1.4251841 0.38405675 2.5969536
v -1.4085301 0.38405675 2.5873382
v -1.4251841 7.329619E-08 2.5969536
v -1.4418384 7.329619E-08 2.5873382
v -1.4418384 0.38405675 2.5873382
v -1.4251841 0.38405675 2.5969536
v -1.4418384 7.329619E-08 2.5873382
v -1.4418384 7.329619E-08 2.568108
v -1.4418384 0.38405675 2.568108
v -1.4418384 0.38405675 2.5873382
v -1.4418384 7.329619E-08 2.568108
v -1.4251841 7.329619E-08 2.5584924
v -1.4251841 0.38405675 2.5584924
v -1.4418384 0.38405675 2.568108
v -1.227407 0.12740879 2.5457642
v -1.227407 -3.794479E-09 2.5456266
v -1.2445155 -3.794479E-09 2.535749
v -1.244635 0.12740879 2.5358179
v -1.244635 0.12740879 2.5358179
v -1.2445155 -3.794479E-09 2.535749
v -1.2445153 -3.794479E-09 2.5159938
v -1.244635 0.12740879 2.515925
v -1.244635 0.12740879 2.515925
v -1.2445153 -3.794479E-09 2.5159938
v -1.2274069 -3.794479E-09 2.5061162
v -1.2274069 0.12740879 2.5059783
v -1.2101791 0.12740879 2.5358179
v -1.2102984 -3.794479E-09 2.535749
v -1.227407 -3.794479E-09 2.5456266
v -1.227407 0.12740879 2.5457642
v -1.227407 0.15967534 2.5574002
v -1.2547116 0.15967534 2.5416358
v -1.2586744 0.40051582 2.5439236
v -1.227407 0.40051582 2.5619757
v -1.2547116 0.15967534 2.5416358
v -1.2547116 0.15967534 2.510107
v -1.2586744 0.40051582 2.507819
v -1.2586744 0.40051582 2.5439236
v -1.2547116 0.15967534 2.510107
v -1.2274069 0.15967534 2.4943426
v -1.2274069 0.40051582 2.4897668
v -1.2586744 0.40051582 2.507819
v -1.2001023 0.15967534 2.5416358
v -1.227407 0.15967534 2.5574002
v -1.227407 0.40051582 2.5619757
v -1.1961397 0.40051582 2.5439236
v -1.227407 0.12740879 2.5457642
v -1.244635 0.12740879 2.5358179
v -1.2547116 0.15967534 2.5416358
v -1.227407 0.15967534 2.5574002
v -1.244635 0.12740879 2.5358179
v -1.244635 0.12740879 2.515925
v -1.2547116 0.15967534 2.510107
v -1.2547116 0.15967534 2.5416358
v -1.244635 0.12740879 2.515925
v -1.2274069 0.12740879 2.5059783
v -1.2274069 0.15967534 2.4943426
v -1.2547116 0.15967534 2.510107
v -1.2101791 0.12740879 2.5358179
v -1.227407 0.12740879 2.5457642
v -1.227407 0.15967534 2.5574002
v -1.2001023 0.15967534 2.5416358
v -1.3993185 0.12740879 2.530008
v -1.3994564 -3.794479E-09 2.530008
v -1.4093337 -3.794479E-09 2.5471168
v -1.4092648 0.12740879 2.5472357
v -1.4092648 0.12740879 2.5472357
v -1.4093337 -3.794479E-09 2.5471168
v -1.4290891 -3.794479E-09 2.5471168
v -1.429158 0.12740879 2.5472357
v -1.429158 0.12740879 2.5472357
v -1.4290891 -3.794479E-09 2.5471168
v -1.4389666 -3.794479E-09 2.530008
v -1.4391046 0.12740879 2.530008
v -1.4391046 0.12740879 2.530008
v -1.4389666 -3.794479E-09 2.530008
v -1.4290888 -3.794479E-09 2.5128992
v -1.429158 0.12740879 2.5127802
v -1.3876827 0.15967534 2.530008
v -1.403447 0.15967534 2.5573127
v -1.4011592 0.40051582 2.5612752
v -1.3831071 0.40051582 2.530008
v -1.403447 0.15967534 2.5573127
v -1.4349759 0.15967534 2.5573127
v -1.4372636 0.40051582 2.5612752
v -1.4011592 0.40051582 2.5612752
v -1.4349759 0.15967534 2.5573127
v -1.4507403 0.15967534 2.530008
v -1.4553158 0.40051582 2.530008
v -1.4372636 0.40051582 2.5612752
v -1.4507403 0.15967534 2.530008
v -1.4349757 0.15967534 2.5027032
v -1.4372634 0.40051582 2.4987407
v -1.4553158 0.40051582 2.530008
v -1.3993185 0.12740879 2.530008
v -1.4092648 0.12740879 2.5472357
v -1.403447 0.15967534 2.5573127
v -1.3876827 0.15967534 2.530008
v -1.4092648 0.12740879 2.5472357
v -1.429158 0.12740879 2.5472357
v -1.4349759 0.15967534 2.5573127
v -1.403447 0.15967534 2.5573127
v -1.429158 0.12740879 2.5472357
v -1.4391046 0.12740879 2.530008
v -1.4507403 0.15967534 2.530008
v -1.4349759 0.15967534 2.5573127
v -1.4391046 0.12740879 2.530008
v -1.429158 0.12740879 2.5127802
v -1.4349757 0.15967534 2.5027032
v -1.4507403 0.15967534 2.530008
v -1.3978466 0.12740879 2.731759
v -1.3979659 -3.794479E-09 2.7316902
v -1.4150745 -3.794479E-09 2.7415679
v -1.4150745 0.12740879 2.7417057
v -1.4150745 0.12740879 2.7417057
v -1.4150745 -3.794479E-09 2.7415679
v -1.432183 -3.794479E-09 2.7316902
v -1.4323024 0.12740879 2.731759
v -1.4323024 0.12740879 2.731759
v -1.432183 -3.794479E-09 2.7316902
v -1.432183 -3.794479E-09 2.7119348
v -1.4323024 0.12740879 2.7118661
v -1.4323024 0.12740879 2.7118661
v -1.432183 -3.794479E-09 2.7119348
v -1.4150745 -3.794479E-09 2.7020571
v -1.4150745 0.12740879 2.7019193
v -1.3877698 0.15967534 2.7375772
v -1.4150745 0.15967534 2.7533407
v -1.4150745 0.40051582 2.7579172
v -1.3838071 0.40051582 2.739865
v -1.4150745 0.15967534 2.7533407
v -1.4423791 0.15967534 2.737577
v -1.4463418 0.40051582 2.739865
v -1.4150745 0.40051582 2.7579172
v -1.4423791 0.15967534 2.737577
v -1.4423791 0.15967534 2.706048
v -1.4463418 0.40051582 2.7037601
v -1.4463418 0.40051582 2.739865
v -1.4423791 0.15967534 2.706048
v -1.4150745 0.15967534 2.6902838
v -1.4150745 0.40051582 2.6857078
v -1.4463418 0.40051582 2.7037601
v -1.3978466 0.12740879 2.731759
v -1.4150745 0.12740879 2.7417057
v -1.4150745 0.15967534 2.7533407
v -1.3877698 0.15967534 2.7375772
v -1.4150745 0.12740879 2.7417057
v -1.4323024 0.12740879 2.731759
v -1.4423791 0.15967534 2.737577
v -1.4150745 0.15967534 2.7533407
v -1.4323024 0.12740879 2.731759
v -1.4323024 0.12740879 2.7118661
v -1.4423791 0.15967534 2.706048
v -1.4423791 0.15967534 2.737577
v -1.4323024 0.12740879 2.7118661
v -1.4150745 0.12740879 2.7019193
v -1.4150745 0.15967534 2.6902838
v -1.4423791 0.15967534 2.706048
v -1.2276744 0.31922635 2.5302758
v -1.2276744 0.31922635 2.7174084
v -1.4148071 0.31922635 2.717408
v -1.4148071 0.31922635 2.5302753
v 2.717676 0.12740879 1.243162
v 2.717676 -3.794479E-09 1.2430245
v 2.7005675 -3.794479E-09 1.2331469
v 2.7004478 0.12740879 1.2332155
v 2.7004478 0.12740879 1.2332155
v 2.7005675 -3.794479E-09 1.2331469
v 2.7005675 -3.794479E-09 1.2133912
v 2.7004478 0.12740879 1.2133224
v 2.7004478 0.12740879 1.2133224
v 2.7005675 -3.794479E-09 1.2133912
v 2.717676 -3.794479E-09 1.2035136
v 2.717676 0.12740879 1.203376
v 2.7349036 0.12740879 1.2332155
v 2.7347844 -3.794479E-09 1.2331469
v 2.717676 -3.794479E-09 1.2430245
v 2.717676 0.12740879 1.243162
v 2.717676 0.15967534 1.2547977
v 2.6903713 0.15967534 1.2390336
v 2.6864085 0.40051582 1.2413213
v 2.717676 0.40051582 1.2593733
v 2.6903713 0.15967534 1.2390336
v 2.6903713 0.15967534 1.2075046
v 2.6864085 0.40051582 1.2052168
v 2.6864085 0.40051582 1.2413213
v 2.6903713 0.15967534 1.2075046
v 2.717676 0.15967534 1.1917402
v 2.717676 0.40051582 1.1871647
v 2.6864085 0.40051582 1.2052168
v 2.7449806 0.15967534 1.2390336
v 2.717676 0.15967534 1.2547977
v 2.717676 0.40051582 1.2593733
v 2.7489429 0.40051582 1.2413213
v 2.717676 0.12740879 1.243162
v 2.7004478 0.12740879 1.2332155
v 2.6903713 0.15967534 1.2390336
v 2.717676 0.15967534 1.2547977
v 2.7004478 0.12740879 1.2332155
v 2.7004478 0.12740879 1.2133224
v 2.6903713 0.15967534 1.2075046
v 2.6903713 0.15967534 1.2390336
v 2.7004478 0.12740879 1.2133224
v 2.717676 0.12740879 1.203376
v 2.717676 0.15967534 1.1917402
v 2.6903713 0.15967534 1.2075046
v 2.7349036 0.12740879 1.2332155
v 2.717676 0.12740879 1.243162
v 2.717676 0.15967534 1.2547977
v 2.7449806 0.15967534 1.2390336
v 2.7277856 1.0561051E-07 1.3470865
v 2.7037892 1.0561051E-07 1.3332322
v 2.7037892 0.38901192 1.3332322
v 2.7277856 0.38901192 1.3470865
v 2.7037892 1.0561051E-07 1.3332322
v 2.7037892 1.0561051E-07 1.3055238
v 2.7037892 0.38901192 1.3055238
v 2.7037892 0.38901192 1.3332322
v 2.7037892 1.0561051E-07 1.3055238
v 2.7277856 1.0561051E-07 1.2916694
v 2.7277856 0.38901192 1.2916694
v 2.7037892 0.38901192 1.3055238
v 2.751782 1.0561051E-07 1.3332322
v 2.7277856 1.0561051E-07 1.3470865
v 2.7277856 0.38901192 1.3470865
v 2.751782 0.38901192 1.3332322
v 2.7277856 7.3296185E-08 1.2913276
v 2.7111318 7.3296185E-08 1.2817122
v 2.7111318 0.3840567 1.2817122
v 2.7277856 0.3840567 1.2913276
v 2.7111318 7.3296185E-08 1.2817122
v 2.7111318 7.3296185E-08 1.2624818
v 2.7111318 0.3840567 1.2624818
v 2.7111318 0.3840567 1.2817122
v 2.7111318 7.3296185E-08 1.2624818
v 2.7277856 7.3296185E-08 1.2528664
v 2.7277856 0.3840567 1.2528664
v 2.7111318 0.3840567 1.2624818
v 2.7444398 7.3296185E-08 1.2817122
v 2.7277856 7.3296185E-08 1.2913276
v 2.7277856 0.3840567 1.2913276
v 2.7444398 0.3840567 1.2817122
v 2.7277856 7.3296185E-08 1.3865886
v 2.7111318 7.3296185E-08 1.3769735
v 2.7111318 0.3840567 1.3769735
v 2.7277856 0.3840567 1.3865886
v 2.7111318 7.3296185E-08 1.3769735
v 2.7111318 7.3296185E-08 1.3577431
v 2.7111318 0.3840567 1.3577431
v 2.7111318 0.3840567 1.3769735
v 2.7111318 7.3296185E-08 1.3577431
v 2.7277856 7.3296185E-08 1.348128
v 2.7277856 0.3840567 1.348128
v 2.7111318 0.3840567 1.3577431
v 2.7444398 7.3296185E-08 1.3769735
v 2.7277856 7.3296185E-08 1.3865886
v 2.7277856 0.3840567 1.3865886
v 2.7444398 0.3840567 1.3769735
v 2.6496885 1.0561051E-07 1.2172962
v 2.6358347 1.0561051E-07 1.2412928
v 2.6358347 0.38901192 1.2412928
v 2.6496885 0.38901192 1.2172962
v 2.6358347 1.0561051E-07 1.2412928
v 2.608126 1.0561051E-07 1.2412926
v 2.608126 0.38901192 1.2412926
v 2.6358347 0.38901192 1.2412928
v 2.608126 1.0561051E-07 1.2412926
v 2.5942714 1.0561051E-07 1.2172962
v 2.5942714 0.38901192 1.2172962
v 2.608126 0.38901192 1.2412926
v 2.5942714 1.0561051E-07 1.2172962
v 2.608126 1.0561051E-07 1.1932999
v 2.608126 0.38901192 1.1932999
v 2.5942714 0.38901192 1.2172962
v 2.5939295 7.3296185E-08 1.2172962
v 2.584314 7.3296185E-08 1.2339504
v 2.584314 0.3840567 1.2339504
v 2.5939295 0.3840567 1.2172962
v 2.584314 7.3296185E-08 1.2339504
v 2.5650842 7.3296185E-08 1.2339504
v 2.5650842 0.3840567 1.2339504
v 2.584314 0.3840567 1.2339504
v 2.5650842 7.3296185E-08 1.2339504
v 2.555469 7.3296185E-08 1.2172962
v 2.555469 0.3840567 1.2172962
v 2.5650842 0.3840567 1.2339504
v 2.555469 7.3296185E-08 1.2172962
v 2.5650842 7.3296185E-08 1.2006423
v 2.5650842 0.3840567 1.2006423
v 2.555469 0.3840567 1.2172962
v 2.6891909 7.3296185E-08 1.2172962
v 2.6795757 7.3296185E-08 1.2339501
v 2.6795757 0.3840567 1.2339501
v 2.6891909 0.3840567 1.2172962
v 2.6795757 7.3296185E-08 1.2339501
v 2.660345 7.3296185E-08 1.2339501
v 2.660345 0.3840567 1.2339501
v 2.6795757 0.3840567 1.2339501
v 2.660345 7.3296185E-08 1.2339501
v 2.65073 7.3296185E-08 1.2172962
v 2.65073 0.3840567 1.2172962
v 2.660345 0.3840567 1.2339501
v 2.65073 7.3296185E-08 1.2172962
v 2.660345 7.3296185E-08 1.2006423
v 2.660345 0.3840567 1.2006423
v 2.65073 0.3840567 1.2172962
v 2.5438948 0.32103953 1.3369559
v 2.5198982 0.32103953 1.3508104
v 2.5198982 0.38901192 1.3508104
v 2.5438948 0.38901192 1.3369559
v 2.5198982 0.32103953 1.3508104
v 2.4959018 0.32103953 1.3369559
v 2.4959018 0.38901192 1.3369559
v 2.5198982 0.38901192 1.3508104
v 2.4959018 0.32103953 1.3369559
v 2.4959018 0.32103953 1.3092474
v 2.4959018 0.38901192 1.3092474
v 2.4959018 0.38901192 1.3369559
v 2.4959018 0.32103953 1.3092474
v 2.5198982 0.32103953 1.2953932
v 2.5198982 0.38901192 1.2953932
v 2.4959018 0.38901192 1.3092474
v 2.5365527 0.22813691 1.379998
v 2.5198982 0.22813691 1.3896129
v 2.5198982 0.3840567 1.3896129
v 2.5365527 0.3840567 1.379998
v 2.5198982 0.22813691 1.3896129
v 2.5032444 0.22813691 1.379998
v 2.5032444 0.3840567 1.379998
v 2.5198982 0.3840567 1.3896129
v 2.5032444 0.22813691 1.379998
v 2.5032444 0.22813691 1.3607674
v 2.5032444 0.3840567 1.3607677
v 2.5032444 0.3840567 1.379998
v 2.5032444 0.22813691 1.3607674
v 2.5198982 0.22813691 1.3511524
v 2.5198982 0.3840567 1.3511524
v 2.5032444 0.3840567 1.3607677
v 2.5365524 0.22813691 1.2847366
v 2.5198982 0.22813691 1.2943518
v 2.5198982 0.3840567 1.2943518
v 2.5365524 0.3840567 1.2847366
v 2.5198982 0.22813691 1.2943518
v 2.5032444 0.22813691 1.2847366
v 2.5032444 0.3840567 1.2847366
v 2.5198982 0.3840567 1.2943518
v 2.5032444 0.22813691 1.2847366
v 2.5032444 0.22813691 1.2655061
v 2.5032444 0.3840567 1.2655061
v 2.5032444 0.3840567 1.2847366
v 2.5032444 0.22813691 1.2655061
v 2.5198982 0.22813691 1.2558908
v 2.5198982 0.3840567 1.2558908
v 2.5032444 0.3840567 1.2655061
v 2.5979953 1.0561051E-07 1.4251838
v 2.6118495 1.0561051E-07 1.4011868
v 2.6118495 0.38901192 1.4011868
v 2.5979953 0.38901192 1.4251838
v 2.6534126 1.0561051E-07 1.4251835
v 2.6395583 1.0561051E-07 1.4491799
v 2.6395583 0.38901192 1.4491799
v 2.6534126 0.38901192 1.4251835
v 2.6395583 1.0561051E-07 1.4491799
v 2.6118495 1.0561051E-07 1.4491799
v 2.6118495 0.38901192 1.4491799
v 2.6395583 0.38901192 1.4491799
v 2.6118495 1.0561051E-07 1.4491799
v 2.5979953 1.0561051E-07 1.4251838
v 2.5979953 0.38901192 1.4251838
v 2.6118495 0.38901192 1.4491799
v 2.6537542 7.3296185E-08 1.4251835
v 2.6633697 7.3296185E-08 1.408529
v 2.6633697 0.3840567 1.408529
v 2.6537542 0.3840567 1.4251835
v 2.6922152 7.3296185E-08 1.4251835
v 2.6825998 7.3296185E-08 1.4418375
v 2.6825998 0.3840567 1.4418375
v 2.6922152 0.3840567 1.4251835
v 2.6825998 7.3296185E-08 1.4418375
v 2.6633697 7.3296185E-08 1.4418375
v 2.6633697 0.3840567 1.4418375
v 2.6825998 0.3840567 1.4418375
v 2.6633697 7.3296185E-08 1.4418375
v 2.6537542 7.3296185E-08 1.4251835
v 2.6537542 0.3840567 1.4251835
v 2.6633697 0.3840567 1.4418375
v 2.5584931 7.3296185E-08 1.4251838
v 2.5681083 7.3296185E-08 1.4085294
v 2.5681083 0.3840567 1.4085294
v 2.5584931 0.3840567 1.4251838
v 2.5969539 7.3296185E-08 1.4251838
v 2.5873387 7.3296185E-08 1.4418375
v 2.5873387 0.3840567 1.4418375
v 2.5969539 0.3840567 1.4251838
v 2.5873387 7.3296185E-08 1.4418375
v 2.5681083 7.3296185E-08 1.4418375
v 2.5681083 0.3840567 1.4418375
v 2.5873387 0.3840567 1.4418375
v 2.5681083 7.3296185E-08 1.4418375
v 2.5584931 7.3296185E-08 1.4251838
v 2.5584931 0.3840567 1.4251838
v 2.5681083 0.3840567 1.4418375
v 2.5457642 0.12740877 1.2274063
v 2.5456266 -3.794479E-09 1.2274063
v 2.5357487 -3.794479E-09 1.2445148
v 2.5358179 0.12740877 1.2446343
v 2.5358179 0.12740877 1.2446343
v 2.5357487 -3.794479E-09 1.2445148
v 2.5159938 -3.794479E-09 1.2445148
v 2.5159247 0.12740877 1.2446343
v 2.5159247 0.12740877 1.2446343
v 2.5159938 -3.794479E-09 1.2445148
v 2.5061162 -3.794479E-09 1.2274063
v 2.505978 0.12740877 1.2274063
v 2.505978 0.12740877 1.2274063
v 2.5061162 -3.794479E-09 1.2274063
v 2.5159938 -3.794479E-09 1.210298
v 2.5159247 0.12740877 1.2101783
v 2.5574 0.15967533 1.2274063
v 2.5416358 0.15967533 1.254711
v 2.5439236 0.40051582 1.2586735
v 2.5619757 0.40051582 1.2274063
v 2.5416358 0.15967533 1.254711
v 2.510107 0.15967533 1.254711
v 2.5078192 0.40051582 1.2586735
v 2.5439236 0.40051582 1.2586735
v 2.510107 0.15967533 1.254711
v 2.4943426 0.15967533 1.2274063
v 2.4897668 0.40051582 1.2274063
v 2.5078192 0.40051582 1.2586735
v 2.4943426 0.15967533 1.2274063
v 2.510107 0.15967533 1.2001017
v 2.507819 0.40051582 1.196139
v 2.4897668 0.40051582 1.2274063
v 2.5457642 0.12740877 1.2274063
v 2.5358179 0.12740877 1.2446343
v 2.5416358 0.15967533 1.254711
v 2.5574 0.15967533 1.2274063
v 2.5358179 0.12740877 1.2446343
v 2.5159247 0.12740877 1.2446343
v 2.510107 0.15967533 1.254711
v 2.5416358 0.15967533 1.254711
v 2.5159247 0.12740877 1.2446343
v 2.505978 0.12740877 1.2274063
v 2.4943426 0.15967533 1.2274063
v 2.510107 0.15967533 1.254711
v 2.505978 0.12740877 1.2274063
v 2.5159247 0.12740877 1.2101783
v 2.510107 0.15967533 1.2001017
v 2.4943426 0.15967533 1.2274063
v 2.5472362 0.12740877 1.429157
v 2.547117 -3.794479E-09 1.4290884
v 2.5300083 -3.794479E-09 1.4389659
v 2.5300083 0.12740877 1.4391037
v 2.5300083 0.12740877 1.4391037
v 2.5300083 -3.794479E-09 1.4389659
v 2.5128996 -3.794479E-09 1.429088
v 2.5127807 0.12740877 1.429157
v 2.5127807 0.12740877 1.429157
v 2.5128996 -3.794479E-09 1.429088
v 2.5128996 -3.794479E-09 1.4093331
v 2.5127807 0.12740877 1.4092641
v 2.5127807 0.12740877 1.4092641
v 2.5128996 -3.794479E-09 1.4093331
v 2.5300083 -3.794479E-09 1.3994555
v 2.5300083 0.12740877 1.3993176
v 2.5573132 0.15967533 1.4349751
v 2.5300083 0.15967533 1.4507394
v 2.5300083 0.40051582 1.455315
v 2.5612755 0.40051582 1.4372628
v 2.5300083 0.15967533 1.4507394
v 2.5027034 0.15967533 1.4349751
v 2.498741 0.40051582 1.4372628
v 2.5300083 0.40051582 1.455315
v 2.5027034 0.15967533 1.4349751
v 2.5027034 0.15967533 1.4034464
v 2.498741 0.40051582 1.4011585
v 2.498741 0.40051582 1.4372628
v 2.5027034 0.15967533 1.4034464
v 2.5300083 0.15967533 1.3876818
v 2.5300083 0.40051582 1.3831065
v 2.498741 0.40051582 1.4011585
v 2.5472362 0.12740877 1.429157
v 2.5300083 0.12740877 1.4391037
v 2.5300083 0.15967533 1.4507394
v 2.5573132 0.15967533 1.4349751
v 2.5300083 0.12740877 1.4391037
v 2.5127807 0.12740877 1.429157
v 2.5027034 0.15967533 1.4349751
v 2.5300083 0.15967533 1.4507394
v 2.5127807 0.12740877 1.429157
v 2.5127807 0.12740877 1.4092641
v 2.5027034 0.15967533 1.4034464
v 2.5027034 0.15967533 1.4349751
v 2.5127807 0.12740877 1.4092641
v 2.5300083 0.12740877 1.3993176
v 2.5300083 0.15967533 1.3876818
v 2.5027034 0.15967533 1.4034464
v 2.7019198 0.12740877 1.4150735
v 2.7020574 -3.794479E-09 1.4150735
v 2.7119353 -3.794479E-09 1.3979648
v 2.7118664 0.12740877 1.3978457
v 2.7417057 0.12740877 1.4150735
v 2.7415676 -3.794479E-09 1.4150735
v 2.7316902 -3.794479E-09 1.4321821
v 2.7317595 0.12740877 1.4323014
v 2.7317595 0.12740877 1.4323014
v 2.7316902 -3.794479E-09 1.4321821
v 2.7119353 -3.794479E-09 1.4321821
v 2.7118664 0.12740877 1.4323014
v 2.7118664 0.12740877 1.4323014
v 2.7119353 -3.794479E-09 1.4321821
v 2.7020574 -3.794479E-09 1.4150735
v 2.7019198 0.12740877 1.4150735
v 2.690284 0.15967533 1.4150735
v 2.7060483 0.15967533 1.3877686
v 2.7037606 0.40051582 1.3838062
v 2.6857083 0.40051582 1.4150735
v 2.7533414 0.15967533 1.4150735
v 2.7375772 0.15967533 1.4423783
v 2.7398648 0.40051582 1.4463409
v 2.7579172 0.40051582 1.4150735
v 2.7375772 0.15967533 1.4423783
v 2.7060483 0.15967533 1.4423783
v 2.7037606 0.40051582 1.4463409
v 2.7398648 0.40051582 1.4463409
v 2.7060483 0.15967533 1.4423783
v 2.690284 0.15967533 1.4150735
v 2.6857083 0.40051582 1.4150735
v 2.7037606 0.40051582 1.4463409
v 2.7019198 0.12740877 1.4150735
v 2.7118664 0.12740877 1.3978457
v 2.7060483 0.15967533 1.3877686
v 2.690284 0.15967533 1.4150735
v 2.7417057 0.12740877 1.4150735
v 2.7317595 0.12740877 1.4323014
v 2.7375772 0.15967533 1.4423783
v 2.7533414 0.15967533 1.4150735
v 2.7317595 0.12740877 1.4323014
v 2.7118664 0.12740877 1.4323014
v 2.7060483 0.15967533 1.4423783
v 2.7375772 0.15967533 1.4423783
v 2.7118664 0.12740877 1.4323014
v 2.7019198 0.12740877 1.4150735
v 2.690284 0.15967533 1.4150735
v 2.7060483 0.15967533 1.4423783
v 2.530276 0.3192263 1.2276736
v 2.7174082 0.3192263 1.2276736
v 2.7174082 0.3192263 1.4148061
v 2.5302756 0.3192263 1.4148064
v 2.5302753 0.21549222 1.2276736
v 2.7174082 0.21549222 1.2276734
v 2.7174082 0.21549222 1.4148059
v 2.5302756 0.21549222 1.4148059
v 2.700567 -3.794479E-09 -1.2331439
v 2.717676 -3.794479E-09 -1.2430214
v 2.717676 0.12740879 -1.243159
v 2.700448 0.12740879 -1.2332126
v 2.700567 -3.794479E-09 -1.2133888
v 2.700567 -3.794479E-09 -1.2331439
v 2.700448 0.12740879 -1.2332126
v 2.700448 0.12740879 -1.2133197
v 2.717676 -3.794479E-09 -1.203511
v 2.700567 -3.794479E-09 -1.2133888
v 2.700448 0.12740879 -1.2133197
v 2.717676 0.12740879 -1.2033733
v 2.7347841 -3.794479E-09 -1.2133883
v 2.717676 -3.794479E-09 -1.203511
v 2.717676 0.12740879 -1.2033733
v 2.7349038 0.12740879 -1.2133197
v 2.6864088 0.40051582 -1.2413185
v 2.690371 0.15967534 -1.2390307
v 2.717676 0.15967534 -1.254795
v 2.717676 0.40051582 -1.2593703
v 2.6864088 0.40051582 -1.2052139
v 2.690371 0.15967534 -1.2075015
v 2.690371 0.15967534 -1.2390307
v 2.6864088 0.40051582 -1.2413185
v 2.717676 0.40051582 -1.1871619
v 2.717676 0.15967534 -1.1917377
v 2.690371 0.15967534 -1.2075015
v 2.6864088 0.40051582 -1.2052139
v 2.7489433 0.40051582 -1.2052139
v 2.7449808 0.15967534 -1.2075015
v 2.717676 0.15967534 -1.1917377
v 2.717676 0.40051582 -1.1871619
v 2.690371 0.15967534 -1.2390307
v 2.700448 0.12740879 -1.2332126
v 2.717676 0.12740879 -1.243159
v 2.717676 0.15967534 -1.254795
v 2.690371 0.15967534 -1.2075015
v 2.700448 0.12740879 -1.2133197
v 2.700448 0.12740879 -1.2332126
v 2.690371 0.15967534 -1.2390307
v 2.717676 0.15967534 -1.1917377
v 2.717676 0.12740879 -1.2033733
v 2.700448 0.12740879 -1.2133197
v 2.690371 0.15967534 -1.2075015
v 2.7449808 0.15967534 -1.2075015
v 2.7349038 0.12740879 -1.2133197
v 2.717676 0.12740879 -1.2033733
v 2.717676 0.15967534 -1.1917377
v 2.7037892 0.38901192 -1.3332294
v 2.7037892 1.0561051E-07 -1.3332294
v 2.7277853 1.0561051E-07 -1.3470836
v 2.7277853 0.38901192 -1.3470836
v 2.7037892 0.38901192 -1.3055209
v 2.7037892 1.0561051E-07 -1.3055209
v 2.7037892 1.0561051E-07 -1.3332294
v 2.7037892 0.38901192 -1.3332294
v 2.7277853 0.38901192 -1.2916667
v 2.7277853 1.0561051E-07 -1.2916667
v 2.7037892 1.0561051E-07 -1.3055209
v 2.7037892 0.38901192 -1.3055209
v 2.7517822 0.38901192 -1.3055209
v 2.7517822 1.0561051E-07 -1.3055209
v 2.7277853 1.0561051E-07 -1.2916667
v 2.7277853 0.38901192 -1.2916667
v 2.7111313 0.3840567 -1.2817096
v 2.7111313 7.3296185E-08 -1.2817096
v 2.7277853 7.3296185E-08 -1.2913245
v 2.7277853 0.3840567 -1.2913245
v 2.7111313 0.3840567 -1.262479
v 2.7111313 7.3296185E-08 -1.262479
v 2.7111313 7.3296185E-08 -1.2817096
v 2.7111313 0.3840567 -1.2817096
v 2.7277853 0.3840567 -1.2528636
v 2.7277853 7.3296185E-08 -1.2528636
v 2.7111313 7.3296185E-08 -1.262479
v 2.7111313 0.3840567 -1.262479
v 2.7444398 0.3840567 -1.262479
v 2.7444398 7.3296185E-08 -1.262479
v 2.7277853 7.3296185E-08 -1.2528636
v 2.7277853 0.3840567 -1.2528636
v 2.7111313 0.3840567 -1.3769706
v 2.7111313 7.3296185E-08 -1.3769706
v 2.7277853 7.3296185E-08 -1.386586
v 2.7277853 0.3840567 -1.386586
v 2.7111313 0.3840567 -1.3577403
v 2.7111313 7.3296185E-08 -1.3577403
v 2.7111313 7.3296185E-08 -1.3769706
v 2.7111313 0.3840567 -1.3769706
v 2.7277853 0.3840567 -1.348125
v 2.7277853 7.3296185E-08 -1.348125
v 2.7111313 7.3296185E-08 -1.3577403
v 2.7111313 0.3840567 -1.3577403
v 2.7444398 0.3840567 -1.3577403
v 2.7444398 7.3296185E-08 -1.3577403
v 2.7277853 7.3296185E-08 -1.348125
v 2.7277853 0.3840567 -1.348125
v 2.5942717 0.38901192 -1.2172935
v 2.5942717 1.0561051E-07 -1.2172935
v 2.6081254 1.0561051E-07 -1.2412899
v 2.6081254 0.38901192 -1.2412899
v 2.6081254 0.38901192 -1.1932971
v 2.6081254 1.0561051E-07 -1.1932971
v 2.5942717 1.0561051E-07 -1.2172935
v 2.5942717 0.38901192 -1.2172935
v 2.6358345 0.38901192 -1.1932971
v 2.6358345 1.0561051E-07 -1.1932971
v 2.6081254 1.0561051E-07 -1.1932971
v 2.6081254 0.38901192 -1.1932971
v 2.6496887 0.38901192 -1.2172935
v 2.6496887 1.0561051E-07 -1.2172935
v 2.6358345 1.0561051E-07 -1.1932971
v 2.6358345 0.38901192 -1.1932971
v 2.5554686 0.3840567 -1.2172935
v 2.5554686 7.3296185E-08 -1.2172935
v 2.5650837 7.3296185E-08 -1.2339476
v 2.5650837 0.3840567 -1.2339476
v 2.5650837 0.3840567 -1.2006392
v 2.5650837 7.3296185E-08 -1.2006392
v 2.5554686 7.3296185E-08 -1.2172935
v 2.5554686 0.3840567 -1.2172935
v 2.5843143 0.3840567 -1.2006392
v 2.5843143 7.3296185E-08 -1.2006392
v 2.5650837 7.3296185E-08 -1.2006392
v 2.5650837 0.3840567 -1.2006392
v 2.59393 0.3840567 -1.2172935
v 2.59393 7.3296185E-08 -1.2172935
v 2.5843143 7.3296185E-08 -1.2006392
v 2.5843143 0.3840567 -1.2006392
v 2.6507301 0.3840567 -1.2172935
v 2.6507301 7.3296185E-08 -1.2172935
v 2.6603453 7.3296185E-08 -1.2339476
v 2.6603453 0.3840567 -1.2339476
v 2.6603453 0.3840567 -1.2006392
v 2.6603453 7.3296185E-08 -1.2006392
v 2.6507301 7.3296185E-08 -1.2172935
v 2.6507301 0.3840567 -1.2172935
v 2.6795757 0.3840567 -1.2006392
v 2.6795757 7.3296185E-08 -1.2006392
v 2.6603453 7.3296185E-08 -1.2006392
v 2.6603453 0.3840567 -1.2006392
v 2.6891906 0.3840567 -1.2172935
v 2.6891906 7.3296185E-08 -1.2172935
v 2.6795757 7.3296185E-08 -1.2006392
v 2.6795757 0.3840567 -1.2006392
v 2.5438945 0.38901192 -1.3092445
v 2.5438945 0.32103953 -1.3092445
v 2.5198982 0.32103953 -1.2953902
v 2.5198982 0.38901192 -1.2953902
v 2.4959018 0.38901192 -1.3369529
v 2.4959018 0.32103953 -1.3369529
v 2.5198982 0.32103953 -1.3508075
v 2.5198982 0.38901192 -1.3508075
v 2.4959018 0.38901192 -1.3092445
v 2.4959018 0.32103953 -1.3092445
v 2.4959018 0.32103953 -1.3369529
v 2.4959018 0.38901192 -1.3369529
v 2.5198982 0.38901192 -1.2953902
v 2.5198982 0.32103953 -1.2953902
v 2.4959018 0.32103953 -1.3092445
v 2.4959018 0.38901192 -1.3092445
v 2.5365524 0.3840567 -1.3607646
v 2.5365524 0.22813691 -1.3607646
v 2.5198982 0.22813691 -1.3511493
v 2.5198982 0.3840567 -1.3511493
v 2.5032442 0.3840567 -1.3799952
v 2.5032442 0.22813691 -1.3799952
v 2.5198982 0.22813691 -1.3896102
v 2.5198982 0.3840567 -1.3896102
v 2.5032444 0.3840567 -1.3607646
v 2.5032444 0.22813691 -1.3607646
v 2.5032442 0.22813691 -1.3799952
v 2.5032442 0.3840567 -1.3799952
v 2.5198982 0.3840567 -1.3511493
v 2.5198982 0.22813691 -1.3511493
v 2.5032444 0.22813691 -1.3607646
v 2.5032444 0.3840567 -1.3607646
v 2.5365524 0.3840567 -1.2655033
v 2.5365524 0.22813691 -1.2655033
v 2.5198982 0.22813691 -1.2558879
v 2.5198982 0.3840567 -1.2558879
v 2.5032444 0.3840567 -1.2847339
v 2.5032444 0.22813691 -1.2847339
v 2.5198982 0.22813691 -1.2943488
v 2.5198982 0.3840567 -1.2943488
v 2.5032444 0.3840567 -1.2655033
v 2.5032444 0.22813691 -1.2655033
v 2.5032444 0.22813691 -1.2847339
v 2.5032444 0.3840567 -1.2847339
v 2.5198982 0.3840567 -1.2558879
v 2.5198982 0.22813691 -1.2558879
v 2.5032444 0.22813691 -1.2655033
v 2.5032444 0.3840567 -1.2655033
v 2.6118493 0.38901192 -1.4011843
v 2.6118493 1.0561051E-07 -1.4011843
v 2.5979948 1.0561051E-07 -1.4251807
v 2.5979948 0.38901192 -1.4251807
v 2.639558 0.38901192 -1.4011843
v 2.639558 1.0561051E-07 -1.4011843
v 2.6118493 1.0561051E-07 -1.4011843
v 2.6118493 0.38901192 -1.4011843
v 2.6534119 0.38901192 -1.4251807
v 2.6534119 1.0561051E-07 -1.4251807
v 2.639558 1.0561051E-07 -1.4011843
v 2.639558 0.38901192 -1.4011843
v 2.5979948 0.38901192 -1.4251807
v 2.5979948 1.0561051E-07 -1.4251807
v 2.6118488 1.0561051E-07 -1.449177
v 2.6118488 0.38901192 -1.449177
v 2.6633692 0.3840567 -1.4085265
v 2.6633692 7.3296185E-08 -1.4085265
v 2.6537538 7.3296185E-08 -1.4251807
v 2.6537538 0.3840567 -1.4251807
v 2.6825995 0.3840567 -1.4085265
v 2.6825995 7.3296185E-08 -1.4085265
v 2.6633692 7.3296185E-08 -1.4085265
v 2.6633692 0.3840567 -1.4085265
v 2.6922147 0.3840567 -1.4251807
v 2.6922147 7.3296185E-08 -1.4251807
v 2.6825995 7.3296185E-08 -1.4085265
v 2.6825995 0.3840567 -1.4085265
v 2.6537538 0.3840567 -1.4251807
v 2.6537538 7.3296185E-08 -1.4251807
v 2.6633692 7.3296185E-08 -1.4418346
v 2.6633692 0.3840567 -1.4418346
v 2.5681078 0.3840567 -1.4085265
v 2.5681078 7.3296185E-08 -1.4085265
v 2.5584927 7.3296185E-08 -1.4251807
v 2.5584927 0.3840567 -1.4251807
v 2.5873382 0.3840567 -1.4085265
v 2.5873382 7.3296185E-08 -1.4085265
v 2.5681078 7.3296185E-08 -1.4085265
v 2.5681078 0.3840567 -1.4085265
v 2.5969534 0.3840567 -1.4251807
v 2.5969534 7.3296185E-08 -1.4251807
v 2.5873382 7.3296185E-08 -1.4085265
v 2.5873382 0.3840567 -1.4085265
v 2.5584927 0.3840567 -1.4251807
v 2.5584927 7.3296185E-08 -1.4251807
v 2.5681078 7.3296185E-08 -1.4418349
v 2.5681078 0.3840567 -1.4418349
v 2.506116 -3.794479E-09 -1.2274035
v 2.5159938 -3.794479E-09 -1.2445121
v 2.515925 0.12740877 -1.2446315
v 2.5059786 0.12740877 -1.2274035
v 2.5159938 -3.794479E-09 -1.2102946
v 2.506116 -3.794479E-09 -1.2274035
v 2.5059786 0.12740877 -1.2274035
v 2.515925 0.12740877 -1.2101756
v 2.535749 -3.794479E-09 -1.2102946
v 2.5159938 -3.794479E-09 -1.2102946
v 2.515925 0.12740877 -1.2101756
v 2.5358179 0.12740877 -1.2101756
v 2.5456264 -3.794479E-09 -1.2274035
v 2.535749 -3.794479E-09 -1.2102946
v 2.5358179 0.12740877 -1.2101756
v 2.5457647 0.12740877 -1.2274035
v 2.4897668 0.40051582 -1.2274035
v 2.4943426 0.15967533 -1.2274035
v 2.5101068 0.15967533 -1.254708
v 2.5078192 0.40051582 -1.2586707
v 2.5078192 0.40051582 -1.196136
v 2.5101068 0.15967533 -1.2000988
v 2.4943426 0.15967533 -1.2274035
v 2.4897668 0.40051582 -1.2274035
v 2.5439236 0.40051582 -1.196136
v 2.5416355 0.15967533 -1.2000988
v 2.5101068 0.15967533 -1.2000988
v 2.5078192 0.40051582 -1.196136
v 2.561976 0.40051582 -1.2274035
v 2.5574002 0.15967533 -1.2274035
v 2.5416355 0.15967533 -1.2000988
v 2.5439236 0.40051582 -1.196136
v 2.4943426 0.15967533 -1.2274035
v 2.5059786 0.12740877 -1.2274035
v 2.515925 0.12740877 -1.2446315
v 2.5101068 0.15967533 -1.254708
v 2.5101068 0.15967533 -1.2000988
v 2.515925 0.12740877 -1.2101756
v 2.5059786 0.12740877 -1.2274035
v 2.4943426 0.15967533 -1.2274035
v 2.5416355 0.15967533 -1.2000988
v 2.5358179 0.12740877 -1.2101756
v 2.515925 0.12740877 -1.2101756
v 2.5101068 0.15967533 -1.2000988
v 2.5574002 0.15967533 -1.2274035
v 2.5457647 0.12740877 -1.2274035
v 2.5358179 0.12740877 -1.2101756
v 2.5416355 0.15967533 -1.2000988
v 2.5471165 -3.794479E-09 -1.4093302
v 2.530008 -3.794479E-09 -1.3994526
v 2.530008 0.12740877 -1.3993148
v 2.5472357 0.12740877 -1.4092612
v 2.5128994 -3.794479E-09 -1.4290855
v 2.5300078 -3.794479E-09 -1.4389628
v 2.5300078 0.12740877 -1.439101
v 2.51278 0.12740877 -1.4291542
v 2.5128994 -3.794479E-09 -1.4093302
v 2.5128994 -3.794479E-09 -1.4290855
v 2.51278 0.12740877 -1.4291542
v 2.51278 0.12740877 -1.4092612
v 2.530008 -3.794479E-09 -1.3994526
v 2.5128994 -3.794479E-09 -1.4093302
v 2.51278 0.12740877 -1.4092612
v 2.530008 0.12740877 -1.3993148
v 2.5612752 0.40051582 -1.4011554
v 2.5573127 0.15967533 -1.4034435
v 2.530008 0.15967533 -1.3876789
v 2.530008 0.40051582 -1.3831035
v 2.4987407 0.40051582 -1.4372599
v 2.5027034 0.15967533 -1.4349723
v 2.5300078 0.15967533 -1.4507365
v 2.5300078 0.40051582 -1.4553123
v 2.498741 0.40051582 -1.4011554
v 2.5027034 0.15967533 -1.4034435
v 2.5027034 0.15967533 -1.4349723
v 2.4987407 0.40051582 -1.4372599
v 2.530008 0.40051582 -1.3831035
v 2.530008 0.15967533 -1.3876789
v 2.5027034 0.15967533 -1.4034435
v 2.498741 0.40051582 -1.4011554
v 2.5573127 0.15967533 -1.4034435
v 2.5472357 0.12740877 -1.4092612
v 2.530008 0.12740877 -1.3993148
v 2.530008 0.15967533 -1.3876789
v 2.5027034 0.15967533 -1.4349723
v 2.51278 0.12740877 -1.4291542
v 2.5300078 0.12740877 -1.439101
v 2.5300078 0.15967533 -1.4507365
v 2.5027034 0.15967533 -1.4034435
v 2.51278 0.12740877 -1.4092612
v 2.51278 0.12740877 -1.4291542
v 2.5027034 0.15967533 -1.4349723
v 2.530008 0.15967533 -1.3876789
v 2.530008 0.12740877 -1.3993148
v 2.51278 0.12740877 -1.4092612
v 2.5027034 0.15967533 -1.4034435
v 2.7119348 -3.794479E-09 -1.3979621
v 2.7020571 -3.794479E-09 -1.415071
v 2.7019193 0.12740877 -1.415071
v 2.7118661 0.12740877 -1.3978431
v 2.7316902 -3.794479E-09 -1.3979621
v 2.7119348 -3.794479E-09 -1.3979621
v 2.7118661 0.12740877 -1.3978431
v 2.731759 0.12740877 -1.3978431
v 2.7415676 -3.794479E-09 -1.4150707
v 2.7316902 -3.794479E-09 -1.3979621
v 2.731759 0.12740877 -1.3978431
v 2.7417057 0.12740877 -1.4150707
v 2.7020571 -3.794479E-09 -1.415071
v 2.7119348 -3.794479E-09 -1.4321792
v 2.711866 0.12740877 -1.4322985
v 2.7019193 0.12740877 -1.415071
v 2.7037601 0.40051582 -1.3838035
v 2.7060483 0.15967533 -1.3877662
v 2.6902835 0.15967533 -1.415071
v 2.6857078 0.40051582 -1.415071
v 2.7398648 0.40051582 -1.3838035
v 2.737577 0.15967533 -1.3877662
v 2.7060483 0.15967533 -1.3877662
v 2.7037601 0.40051582 -1.3838035
v 2.7579172 0.40051582 -1.4150707
v 2.7533414 0.15967533 -1.4150707
v 2.737577 0.15967533 -1.3877662
v 2.7398648 0.40051582 -1.3838035
v 2.6857078 0.40051582 -1.415071
v 2.6902835 0.15967533 -1.415071
v 2.706048 0.15967533 -1.4423754
v 2.70376 0.40051582 -1.4463382
v 2.7060483 0.15967533 -1.3877662
v 2.7118661 0.12740877 -1.3978431
v 2.7019193 0.12740877 -1.415071
v 2.6902835 0.15967533 -1.415071
v 2.737577 0.15967533 -1.3877662
v 2.731759 0.12740877 -1.3978431
v 2.7118661 0.12740877 -1.3978431
v 2.7060483 0.15967533 -1.3877662
v 2.7533414 0.15967533 -1.4150707
v 2.7417057 0.12740877 -1.4150707
v 2.731759 0.12740877 -1.3978431
v 2.737577 0.15967533 -1.3877662
v 2.6902835 0.15967533 -1.415071
v 2.7019193 0.12740877 -1.415071
v 2.711866 0.12740877 -1.4322985
v 2.706048 0.15967533 -1.4423754
v 2.5302756 0.3192263 -1.2276706
v 2.530275 0.3192263 -1.4148033
v 2.717408 0.3192263 -1.4148033
v 2.7174087 0.3192263 -1.2276706
v 2.5302756 0.21549222 -1.2276706
v 2.530275 0.21549222 -1.4148028
v 2.717408 0.21549222 -1.4148028
v 2.7174082 0.21549222 -1.2276706
v -2.7005687 -3.7944794E-09 1.2331451
v -2.7176769 -3.7944794E-09 1.2430227
v -2.7176769 0.1274088 1.2431604
v -2.700449 0.1274088 1.2332138
v -2.7347856 -3.7944794E-09 1.2133898
v -2.7176769 -3.7944794E-09 1.2035121
v -2.7176769 0.1274088 1.2033743
v -2.7349048 0.1274088 1.2133206
v -2.7347856 -3.7944794E-09 1.2331451
v -2.7347856 -3.7944794E-09 1.2133898
v -2.7349048 0.1274088 1.2133206
v -2.7349048 0.1274088 1.2332138
v -2.7176769 -3.7944794E-09 1.2430227
v -2.7347856 -3.7944794E-09 1.2331451
v -2.7349048 0.1274088 1.2332138
v -2.7176769 0.1274088 1.2431604
v -2.6864097 0.40051585 1.2413195
v -2.6903722 0.15967536 1.239032
v -2.7176769 0.15967536 1.2547959
v -2.7176769 0.40051585 1.2593719
v -2.748944 0.40051585 1.205215
v -2.7449818 0.15967536 1.2075031
v -2.7176769 0.15967536 1.1917384
v -2.7176769 0.40051585 1.187163
v -2.748944 0.40051585 1.2413195
v -2.7449818 0.15967536 1.239032
v -2.7449818 0.15967536 1.2075031
v -2.748944 0.40051585 1.205215
v -2.7176769 0.40051585 1.2593719
v -2.7176769 0.15967536 1.2547959
v -2.7449818 0.15967536 1.239032
v -2.748944 0.40051585 1.2413195
v -2.6903722 0.15967536 1.239032
v -2.700449 0.1274088 1.2332138
v -2.7176769 0.1274088 1.2431604
v -2.7176769 0.15967536 1.2547959
v -2.7449818 0.15967536 1.2075031
v -2.7349048 0.1274088 1.2133206
v -2.7176769 0.1274088 1.2033743
v -2.7176769 0.15967536 1.1917384
v -2.7449818 0.15967536 1.239032
v -2.7349048 0.1274088 1.2332138
v -2.7349048 0.1274088 1.2133206
v -2.7449818 0.15967536 1.2075031
v -2.7176769 0.15967536 1.2547959
v -2.7176769 0.1274088 1.2431604
v -2.7349048 0.1274088 1.2332138
v -2.7449818 0.15967536 1.239032
v -2.7037902 0.38901195 1.3332306
v -2.7037902 1.0561052E-07 1.3332306
v -2.7277868 1.0561052E-07 1.347085
v -2.7277868 0.38901195 1.347085
v -2.751783 0.38901195 1.3055221
v -2.751783 1.0561052E-07 1.3055221
v -2.7277868 1.0561052E-07 1.2916679
v -2.7277868 0.38901195 1.2916679
v -2.751783 0.38901195 1.3332306
v -2.751783 1.0561052E-07 1.3332306
v -2.751783 1.0561052E-07 1.3055221
v -2.751783 0.38901195 1.3055221
v -2.7277868 0.38901195 1.347085
v -2.7277868 1.0561052E-07 1.347085
v -2.751783 1.0561052E-07 1.3332306
v -2.751783 0.38901195 1.3332306
v -2.7111328 0.38405675 1.2817106
v -2.7111328 7.329619E-08 1.2817106
v -2.7277868 7.329619E-08 1.2913258
v -2.7277868 0.38405675 1.2913258
v -2.7444408 0.38405675 1.2624803
v -2.7444408 7.329619E-08 1.2624803
v -2.7277868 7.329619E-08 1.2528648
v -2.7277868 0.38405675 1.2528648
v -2.7444408 0.38405675 1.2817106
v -2.7444408 7.329619E-08 1.2817106
v -2.7444408 7.329619E-08 1.2624803
v -2.7444408 0.38405675 1.2624803
v -2.7277868 0.38405675 1.2913258
v -2.7277868 7.329619E-08 1.2913258
v -2.7444408 7.329619E-08 1.2817106
v -2.7444408 0.38405675 1.2817106
v -2.7111328 0.38405675 1.3769717
v -2.7111328 7.329619E-08 1.3769717
v -2.7277868 7.329619E-08 1.3865869
v -2.7277868 0.38405675 1.3865869
v -2.7444408 0.38405675 1.3577414
v -2.7444408 7.329619E-08 1.3577414
v -2.7277868 7.329619E-08 1.3481264
v -2.7277868 0.38405675 1.3481263
v -2.7444408 0.38405675 1.3769717
v -2.7444408 7.329619E-08 1.3769717
v -2.7444408 7.329619E-08 1.3577414
v -2.7444408 0.38405675 1.3577414
v -2.7277868 0.38405675 1.3865869
v -2.7277868 7.329619E-08 1.3865869
v -2.7444408 7.329619E-08 1.3769717
v -2.7444408 0.38405675 1.3769717
v -2.635836 0.38901195 1.2412909
v -2.635836 1.0561052E-07 1.2412909
v -2.6496897 1.0561052E-07 1.2172946
v -2.6496897 0.38901195 1.2172946
v -2.608127 0.38901195 1.2412909
v -2.608127 1.0561052E-07 1.2412909
v -2.635836 1.0561052E-07 1.2412909
v -2.635836 0.38901195 1.2412909
v -2.5942726 0.38901195 1.2172946
v -2.5942726 1.0561052E-07 1.2172946
v -2.608127 1.0561052E-07 1.2412909
v -2.608127 0.38901195 1.2412909
v -2.6496897 0.38901195 1.2172946
v -2.6496897 1.0561052E-07 1.2172946
v -2.635836 1.0561052E-07 1.1932979
v -2.635836 0.38901195 1.1932979
v -2.5843153 0.38405675 1.2339486
v -2.5843153 7.329619E-08 1.2339486
v -2.5939305 7.329619E-08 1.2172946
v -2.5939305 0.38405675 1.2172946
v -2.5650852 0.38405675 1.2339486
v -2.5650852 7.329619E-08 1.2339486
v -2.5843153 7.329619E-08 1.2339486
v -2.5843153 0.38405675 1.2339486
v -2.5554702 0.38405675 1.2172946
v -2.5554702 7.329619E-08 1.2172946
v -2.5650852 7.329619E-08 1.2339486
v -2.5650852 0.38405675 1.2339486
v -2.5939305 0.38405675 1.2172946
v -2.5939305 7.329619E-08 1.2172946
v -2.5843153 7.329619E-08 1.2006401
v -2.5843153 0.38405675 1.2006401
v -2.6795769 0.38405675 1.2339486
v -2.6795769 7.329619E-08 1.2339486
v -2.689192 7.329619E-08 1.2172948
v -2.689192 0.38405675 1.2172948
v -2.6603463 0.38405675 1.2339486
v -2.6603463 7.329619E-08 1.2339486
v -2.6795769 7.329619E-08 1.2339486
v -2.6795769 0.38405675 1.2339486
v -2.6507308 0.38405675 1.2172946
v -2.6507308 7.329619E-08 1.2172946
v -2.6603463 7.329619E-08 1.2339486
v -2.6603463 0.38405675 1.2339486
v -2.689192 0.38405675 1.2172948
v -2.689192 7.329619E-08 1.2172948
v -2.6795769 7.329619E-08 1.2006401
v -2.6795769 0.38405675 1.2006401
v -2.5438962 0.38901195 1.3092457
v -2.5438962 0.32103953 1.3092457
v -2.5198991 0.32103953 1.2953913
v -2.5198991 0.38901195 1.2953913
v -2.5438962 0.38901195 1.336954
v -2.5438962 0.32103953 1.336954
v -2.5438962 0.32103953 1.3092457
v -2.5438962 0.38901195 1.3092457
v -2.5198991 0.38901195 1.3508084
v -2.5198991 0.32103953 1.3508084
v -2.5438962 0.32103953 1.336954
v -2.5438962 0.38901195 1.336954
v -2.495903 0.38901195 1.336954
v -2.495903 0.32103953 1.336954
v -2.5198991 0.32103953 1.3508084
v -2.5198991 0.38901195 1.3508084
v -2.5365536 0.38405675 1.3607657
v -2.5365536 0.22813691 1.3607657
v -2.5198991 0.22813691 1.3511503
v -2.5198991 0.38405675 1.3511503
v -2.5365536 0.38405675 1.3799962
v -2.5365536 0.22813691 1.3799962
v -2.5365536 0.22813691 1.3607657
v -2.5365536 0.38405675 1.3607657
v -2.5198991 0.38405675 1.3896111
v -2.5198991 0.22813691 1.3896111
v -2.5365536 0.22813691 1.3799962
v -2.5365536 0.38405675 1.3799962
v -2.5032454 0.38405675 1.3799962
v -2.5032454 0.22813691 1.3799962
v -2.5198991 0.22813691 1.3896111
v -2.5198991 0.38405675 1.3896111
v -2.5365531 0.38405675 1.2655042
v -2.5365531 0.22813691 1.2655042
v -2.5198991 0.22813691 1.2558892
v -2.5198991 0.38405675 1.2558892
v -2.5365531 0.38405675 1.2847346
v -2.5365531 0.22813691 1.2847346
v -2.5365531 0.22813691 1.2655042
v -2.5365531 0.38405675 1.2655042
v -2.5198991 0.38405675 1.2943499
v -2.5198991 0.22813691 1.2943499
v -2.5365531 0.22813691 1.2847346
v -2.5365531 0.38405675 1.2847346
v -2.5032454 0.38405675 1.2847346
v -2.5032454 0.22813691 1.2847346
v -2.5198991 0.22813691 1.2943499
v -2.5198991 0.38405675 1.2943499
v -2.6534135 0.38901195 1.4251817
v -2.6534135 1.0561052E-07 1.4251817
v -2.6395593 1.0561052E-07 1.4011852
v -2.6395593 0.38901195 1.4011852
v -2.6395593 0.38901195 1.4491779
v -2.6395593 1.0561052E-07 1.4491779
v -2.6534135 1.0561052E-07 1.4251817
v -2.6534135 0.38901195 1.4251817
v -2.6118505 0.38901195 1.4491779
v -2.6118505 1.0561052E-07 1.4491779
v -2.6395593 1.0561052E-07 1.4491779
v -2.6395593 0.38901195 1.4491779
v -2.5979965 0.38901195 1.4251817
v -2.5979965 1.0561052E-07 1.4251817
v -2.6118505 1.0561052E-07 1.4491779
v -2.6118505 0.38901195 1.4491779
v -2.6922162 0.3840567 1.4251817
v -2.6922162 7.3296185E-08 1.4251817
v -2.6826012 7.329619E-08 1.4085276
v -2.6826012 0.38405675 1.4085276
v -2.6633706 0.38405675 1.4418356
v -2.6633706 7.329619E-08 1.4418356
v -2.6826005 7.3296185E-08 1.4418356
v -2.6826005 0.3840567 1.4418356
v -2.6537554 0.38405675 1.4251817
v -2.6537554 7.329619E-08 1.4251817
v -2.6633706 7.329619E-08 1.4418356
v -2.6633706 0.38405675 1.4418356
v -2.596955 0.38405675 1.4251817
v -2.596955 7.329619E-08 1.4251817
v -2.5873399 7.329619E-08 1.4085276
v -2.5873399 0.38405675 1.4085276
v -2.5873399 0.38405675 1.4418356
v -2.5873399 7.329619E-08 1.4418356
v -2.596955 7.329619E-08 1.4251817
v -2.596955 0.38405675 1.4251817
v -2.5681093 0.38405675 1.4418356
v -2.5681093 7.329619E-08 1.4418356
v -2.5873399 7.329619E-08 1.4418356
v -2.5873399 0.38405675 1.4418356
v -2.5584939 0.38405675 1.4251817
v -2.5584939 7.329619E-08 1.4251817
v -2.5681093 7.329619E-08 1.4418356
v -2.5681093 0.38405675 1.4418356
v -2.53575 -3.794479E-09 1.2445129
v -2.5456278 -3.794479E-09 1.2274044
v -2.5457654 0.12740879 1.2274044
v -2.5358188 0.12740879 1.2446325
v -2.5159948 -3.794479E-09 1.2445129
v -2.53575 -3.794479E-09 1.2445129
v -2.5358188 0.12740879 1.2446325
v -2.515926 0.12740879 1.2446325
v -2.5061173 -3.794479E-09 1.2274044
v -2.5159948 -3.794479E-09 1.2445129
v -2.515926 0.12740879 1.2446325
v -2.5059793 0.12740879 1.2274044
v -2.5456278 -3.794479E-09 1.2274044
v -2.53575 -3.794479E-09 1.2102959
v -2.5358188 0.12740879 1.2101763
v -2.5457654 0.12740879 1.2274044
v -2.5439246 0.40051582 1.2586718
v -2.541637 0.15967534 1.2547091
v -2.5574012 0.15967534 1.2274044
v -2.561977 0.40051582 1.2274044
v -2.50782 0.40051582 1.2586718
v -2.5101082 0.15967534 1.2547091
v -2.541637 0.15967534 1.2547091
v -2.5439246 0.40051582 1.2586718
v -2.4897678 0.40051582 1.2274044
v -2.4943435 0.15967534 1.2274044
v -2.5101082 0.15967534 1.2547091
v -2.50782 0.40051582 1.2586718
v -2.561977 0.40051582 1.2274044
v -2.5574012 0.15967534 1.2274044
v -2.541637 0.15967534 1.2000998
v -2.5439246 0.40051582 1.1961371
v -2.541637 0.15967534 1.2547091
v -2.5358188 0.12740879 1.2446325
v -2.5457654 0.12740879 1.2274044
v -2.5574012 0.15967534 1.2274044
v -2.5101082 0.15967534 1.2547091
v -2.515926 0.12740879 1.2446325
v -2.5358188 0.12740879 1.2446325
v -2.541637 0.15967534 1.2547091
v -2.4943435 0.15967534 1.2274044
v -2.5059793 0.12740879 1.2274044
v -2.515926 0.12740879 1.2446325
v -2.5101082 0.15967534 1.2547091
v -2.5574012 0.15967534 1.2274044
v -2.5457654 0.12740879 1.2274044
v -2.5358188 0.12740879 1.2101763
v -2.541637 0.15967534 1.2000998
v -2.547118 -3.794479E-09 1.4093311
v -2.5300095 -3.794479E-09 1.3994535
v -2.5300095 0.12740879 1.3993157
v -2.547237 0.12740879 1.4092624
v -2.547118 -3.794479E-09 1.4290866
v -2.547118 -3.794479E-09 1.4093311
v -2.547237 0.12740879 1.4092624
v -2.547237 0.12740879 1.4291553
v -2.5300095 -3.794479E-09 1.4389641
v -2.547118 -3.794479E-09 1.4290866
v -2.547237 0.12740879 1.4291553
v -2.5300095 0.12740879 1.4391018
v -2.5129008 -3.794479E-09 1.4290863
v -2.5300095 -3.794479E-09 1.4389641
v -2.5300095 0.12740879 1.4391018
v -2.5127816 0.12740879 1.4291553
v -2.5612764 0.40051582 1.4011567
v -2.5573144 0.15967534 1.4034445
v -2.5300095 0.15967534 1.38768
v -2.5300095 0.40051582 1.3831047
v -2.5612764 0.40051582 1.4372607
v -2.5573144 0.15967534 1.4349731
v -2.5573144 0.15967534 1.4034445
v -2.5612764 0.40051582 1.4011567
v -2.5300095 0.40051582 1.455313
v -2.5300095 0.15967534 1.4507377
v -2.5573144 0.15967534 1.4349731
v -2.5612764 0.40051582 1.4372607
v -2.4987419 0.40051582 1.4372607
v -2.5027046 0.15967534 1.4349731
v -2.5300095 0.15967534 1.4507377
v -2.5300095 0.40051582 1.455313
v -2.5573144 0.15967534 1.4034445
v -2.547237 0.12740879 1.4092624
v -2.5300095 0.12740879 1.3993157
v -2.5300095 0.15967534 1.38768
v -2.5573144 0.15967534 1.4349731
v -2.547237 0.12740879 1.4291553
v -2.547237 0.12740879 1.4092624
v -2.5573144 0.15967534 1.4034445
v -2.5300095 0.15967534 1.4507377
v -2.5300095 0.12740879 1.4391018
v -2.547237 0.12740879 1.4291553
v -2.5573144 0.15967534 1.4349731
v -2.5027046 0.15967534 1.4349731
v -2.5127816 0.12740879 1.4291553
v -2.5300095 0.12740879 1.4391018
v -2.5300095 0.15967534 1.4507377
v -2.7415688 -3.794479E-09 1.415072
v -2.7316911 -3.794479E-09 1.3979634
v -2.7317603 0.12740879 1.3978441
v -2.7417066 0.12740879 1.415072
v -2.7316911 -3.794479E-09 1.4321806
v -2.7415688 -3.794479E-09 1.415072
v -2.7417066 0.12740879 1.415072
v -2.7317603 0.12740879 1.4322999
v -2.711936 -3.794479E-09 1.4321806
v -2.7316911 -3.794479E-09 1.4321806
v -2.7317603 0.12740879 1.4322999
v -2.7118673 0.12740879 1.4322999
v -2.7020586 -3.794479E-09 1.415072
v -2.711936 -3.794479E-09 1.4321806
v -2.7118673 0.12740879 1.4322999
v -2.7019207 0.12740879 1.415072
v -2.7579181 0.40051582 1.415072
v -2.7533426 0.15967534 1.415072
v -2.7375784 0.15967534 1.3877672
v -2.739866 0.40051582 1.3838046
v -2.7037613 0.40051582 1.4463395
v -2.7060494 0.15967534 1.4423769
v -2.7375784 0.15967534 1.4423769
v -2.7398658 0.40051582 1.4463395
v -2.685709 0.40051582 1.415072
v -2.690285 0.15967534 1.415072
v -2.7060494 0.15967534 1.4423769
v -2.7037613 0.40051582 1.4463395
v -2.7533426 0.15967534 1.415072
v -2.7417066 0.12740879 1.415072
v -2.7317603 0.12740879 1.3978441
v -2.7375784 0.15967534 1.3877672
v -2.7375784 0.15967534 1.4423769
v -2.7317603 0.12740879 1.4322999
v -2.7417066 0.12740879 1.415072
v -2.7533426 0.15967534 1.415072
v -2.7060494 0.15967534 1.4423769
v -2.7118673 0.12740879 1.4322999
v -2.7317603 0.12740879 1.4322999
v -2.7375784 0.15967534 1.4423769
v -2.690285 0.15967534 1.415072
v -2.7019207 0.12740879 1.415072
v -2.7118673 0.12740879 1.4322999
v -2.7060494 0.15967534 1.4423769
v -2.530277 0.31922635 1.227672
v -2.5302765 0.31922635 1.4148043
v -2.7174094 0.31922635 1.4148043
v -2.7174094 0.31922635 1.227672
v -2.7004478 0.12740879 -1.2133231
v -2.700567 -3.794479E-09 -1.2133918
v -2.7176752 -3.794479E-09 -1.2035145
v -2.7176752 0.12740879 -1.2033767
v -2.7176752 0.12740879 -1.2033767
v -2.7176752 -3.794479E-09 -1.2035145
v -2.734784 -3.794479E-09 -1.2133918
v -2.7349033 0.12740879 -1.2133231
v -2.7349033 0.12740879 -1.2133231
v -2.734784 -3.794479E-09 -1.2133918
v -2.734784 -3.794479E-09 -1.2331474
v -2.7349033 0.12740879 -1.233216
v -2.7349033 0.12740879 -1.233216
v -2.734784 -3.794479E-09 -1.2331474
v -2.7176752 -3.794479E-09 -1.2430247
v -2.7176752 0.12740879 -1.2431629
v -2.6903706 0.15967534 -1.2075053
v -2.7176752 0.15967534 -1.1917408
v -2.7176752 0.40051582 -1.187165
v -2.6864085 0.40051582 -1.2052172
v -2.7176752 0.15967534 -1.1917408
v -2.74498 0.15967534 -1.2075053
v -2.7489421 0.40051582 -1.2052172
v -2.7176752 0.40051582 -1.187165
v -2.74498 0.15967534 -1.2075053
v -2.74498 0.15967534 -1.2390338
v -2.7489421 0.40051582 -1.2413219
v -2.7489421 0.40051582 -1.2052172
v -2.74498 0.15967534 -1.2390338
v -2.7176752 0.15967534 -1.2547984
v -2.7176752 0.40051582 -1.2593738
v -2.7489421 0.40051582 -1.2413219
v -2.7004478 0.12740879 -1.2133231
v -2.7176752 0.12740879 -1.2033767
v -2.7176752 0.15967534 -1.1917408
v -2.6903706 0.15967534 -1.2075053
v -2.7176752 0.12740879 -1.2033767
v -2.7349033 0.12740879 -1.2133231
v -2.74498 0.15967534 -1.2075053
v -2.7176752 0.15967534 -1.1917408
v -2.7349033 0.12740879 -1.2133231
v -2.7349033 0.12740879 -1.233216
v -2.74498 0.15967534 -1.2390338
v -2.74498 0.15967534 -1.2075053
v -2.7349033 0.12740879 -1.233216
v -2.7176752 0.12740879 -1.2431629
v -2.7176752 0.15967534 -1.2547984
v -2.74498 0.15967534 -1.2390338
v -2.7037888 1.0561051E-07 -1.305524
v -2.7277849 1.0561051E-07 -1.2916702
v -2.7277849 0.38901192 -1.2916702
v -2.7037888 0.38901192 -1.305524
v -2.7277849 1.0561051E-07 -1.2916702
v -2.7517815 1.0561051E-07 -1.305524
v -2.7517815 0.38901192 -1.305524
v -2.7277849 0.38901192 -1.2916702
v -2.7517815 1.0561051E-07 -1.305524
v -2.7517815 1.0561051E-07 -1.3332328
v -2.7517815 0.38901192 -1.3332328
v -2.7517815 0.38901192 -1.305524
v -2.7517815 1.0561051E-07 -1.3332328
v -2.7277849 1.0561051E-07 -1.347087
v -2.7277849 0.38901192 -1.347087
v -2.7517815 0.38901192 -1.3332328
v -2.711131 7.3296185E-08 -1.2624824
v -2.7277849 7.3296185E-08 -1.2528671
v -2.7277849 0.3840567 -1.2528671
v -2.711131 0.3840567 -1.2624824
v -2.7277849 7.3296185E-08 -1.2528671
v -2.744439 7.3296185E-08 -1.2624824
v -2.744439 0.3840567 -1.2624824
v -2.7277849 0.3840567 -1.2528671
v -2.744439 7.3296185E-08 -1.2624824
v -2.744439 7.3296185E-08 -1.2817127
v -2.744439 0.3840567 -1.2817127
v -2.744439 0.3840567 -1.2624824
v -2.744439 7.3296185E-08 -1.2817127
v -2.7277849 7.3296185E-08 -1.291328
v -2.7277849 0.3840567 -1.291328
v -2.744439 0.3840567 -1.2817127
v -2.711131 7.3296185E-08 -1.3577437
v -2.7277849 7.3296185E-08 -1.3481284
v -2.7277849 0.3840567 -1.3481284
v -2.711131 0.3840567 -1.3577437
v -2.7277849 7.3296185E-08 -1.3481284
v -2.744439 7.3296185E-08 -1.3577437
v -2.744439 0.3840567 -1.3577437
v -2.7277849 0.3840567 -1.3481284
v -2.744439 7.3296185E-08 -1.3577437
v -2.744439 7.3296185E-08 -1.376974
v -2.744439 0.3840567 -1.376974
v -2.744439 0.3840567 -1.3577437
v -2.744439 7.3296185E-08 -1.376974
v -2.7277849 7.3296185E-08 -1.3865894
v -2.7277849 0.3840567 -1.3865894
v -2.744439 0.3840567 -1.376974
v -2.6496885 1.0561051E-07 -1.217297
v -2.6358342 1.0561051E-07 -1.2412933
v -2.6358342 0.38901192 -1.2412933
v -2.6496885 0.38901192 -1.217297
v -2.5942714 1.0561051E-07 -1.217297
v -2.6081254 1.0561051E-07 -1.1933006
v -2.6081254 0.38901192 -1.1933006
v -2.5942714 0.38901192 -1.217297
v -2.6081254 1.0561051E-07 -1.1933006
v -2.6358342 1.0561051E-07 -1.1933006
v -2.6358342 0.38901192 -1.1933006
v -2.6081254 0.38901192 -1.1933006
v -2.6358342 1.0561051E-07 -1.1933006
v -2.6496885 1.0561051E-07 -1.217297
v -2.6496885 0.38901192 -1.217297
v -2.6358342 0.38901192 -1.1933006
v -2.5939293 7.3296185E-08 -1.217297
v -2.584314 7.3296185E-08 -1.2339507
v -2.584314 0.3840567 -1.2339507
v -2.5939293 0.3840567 -1.217297
v -2.5554683 7.3296185E-08 -1.217297
v -2.5650835 7.3296185E-08 -1.2006427
v -2.5650835 0.3840567 -1.2006427
v -2.5554683 0.3840567 -1.217297
v -2.5650835 7.3296185E-08 -1.2006427
v -2.584314 7.3296185E-08 -1.2006427
v -2.584314 0.3840567 -1.2006427
v -2.5650835 0.3840567 -1.2006427
v -2.584314 7.3296185E-08 -1.2006427
v -2.5939293 7.3296185E-08 -1.217297
v -2.5939293 0.3840567 -1.217297
v -2.584314 0.3840567 -1.2006427
v -2.6891904 7.3296185E-08 -1.2172965
v -2.6795752 7.3296185E-08 -1.2339511
v -2.6795752 0.3840567 -1.2339511
v -2.6891904 0.3840567 -1.2172965
v -2.6507297 7.3296185E-08 -1.217297
v -2.660345 7.3296185E-08 -1.2006427
v -2.660345 0.3840567 -1.2006427
v -2.6507297 0.3840567 -1.217297
v -2.660345 7.3296185E-08 -1.2006427
v -2.6795752 7.3296185E-08 -1.2006427
v -2.6795752 0.3840567 -1.2006427
v -2.660345 0.3840567 -1.2006427
v -2.6795752 7.3296185E-08 -1.2006427
v -2.6891904 7.3296185E-08 -1.2172965
v -2.6891904 0.3840567 -1.2172965
v -2.6795752 0.3840567 -1.2006427
v -2.519898 0.32103953 -1.2953937
v -2.5438943 0.32103953 -1.3092479
v -2.5438943 0.38901192 -1.3092479
v -2.519898 0.38901192 -1.2953937
v -2.5438943 0.32103953 -1.3092479
v -2.5438943 0.32103953 -1.3369567
v -2.5438943 0.38901192 -1.3369567
v -2.5438943 0.38901192 -1.3092479
v -2.5438943 0.32103953 -1.3369567
v -2.519898 0.32103953 -1.3508105
v -2.519898 0.38901192 -1.3508105
v -2.5438943 0.38901192 -1.3369567
v -2.4959013 0.32103953 -1.3092479
v -2.519898 0.32103953 -1.2953937
v -2.519898 0.38901192 -1.2953937
v -2.4959013 0.38901192 -1.3092479
v -2.519898 0.22813691 -1.3511528
v -2.536552 0.22813691 -1.3607677
v -2.536552 0.3840567 -1.3607681
v -2.519898 0.3840567 -1.3511528
v -2.536552 0.22813691 -1.3607677
v -2.536552 0.22813691 -1.3799983
v -2.536552 0.3840567 -1.3799983
v -2.536552 0.3840567 -1.3607681
v -2.536552 0.22813691 -1.3799983
v -2.519898 0.22813691 -1.3896136
v -2.519898 0.3840567 -1.3896136
v -2.536552 0.3840567 -1.3799983
v -2.5032442 0.22813691 -1.3607677
v -2.519898 0.22813691 -1.3511528
v -2.519898 0.3840567 -1.3511528
v -2.5032442 0.3840567 -1.3607681
v -2.519898 0.22813691 -1.2558913
v -2.536552 0.22813691 -1.2655066
v -2.536552 0.3840567 -1.2655066
v -2.519898 0.3840567 -1.2558913
v -2.536552 0.22813691 -1.2655066
v -2.536552 0.22813691 -1.284737
v -2.536552 0.3840567 -1.284737
v -2.536552 0.3840567 -1.2655066
v -2.536552 0.22813691 -1.284737
v -2.519898 0.22813691 -1.2943523
v -2.519898 0.3840567 -1.2943523
v -2.536552 0.3840567 -1.284737
v -2.5032442 0.22813691 -1.2655066
v -2.519898 0.22813691 -1.2558913
v -2.519898 0.3840567 -1.2558913
v -2.5032442 0.3840567 -1.2655066
v -2.5979946 1.0561051E-07 -1.4251841
v -2.611849 1.0561051E-07 -1.4011874
v -2.611849 0.38901192 -1.4011874
v -2.5979946 0.38901192 -1.4251841
v -2.611849 1.0561051E-07 -1.4011874
v -2.6395578 1.0561051E-07 -1.4011874
v -2.6395578 0.38901192 -1.4011874
v -2.611849 0.38901192 -1.4011874
v -2.6395578 1.0561051E-07 -1.4011874
v -2.6534119 1.0561051E-07 -1.4251841
v -2.6534119 0.38901192 -1.4251841
v -2.6395578 0.38901192 -1.4011874
v -2.6534119 1.0561051E-07 -1.4251841
v -2.6395578 1.0561051E-07 -1.4491801
v -2.6395578 0.38901192 -1.4491801
v -2.6534119 0.38901192 -1.4251841
v -2.6537538 7.3296185E-08 -1.4251841
v -2.663369 7.3296185E-08 -1.40853
v -2.663369 0.3840567 -1.40853
v -2.6537538 0.3840567 -1.4251841
v -2.663369 7.3296185E-08 -1.40853
v -2.6825995 7.3296185E-08 -1.40853
v -2.6825995 0.3840567 -1.40853
v -2.663369 0.3840567 -1.40853
v -2.6825995 7.3296185E-08 -1.40853
v -2.6922147 7.3296185E-08 -1.4251838
v -2.6922147 0.3840567 -1.4251838
v -2.6825995 0.3840567 -1.40853
v -2.6922147 7.3296185E-08 -1.4251838
v -2.6825995 7.3296185E-08 -1.441838
v -2.6825995 0.3840567 -1.441838
v -2.6922147 0.3840567 -1.4251838
v -2.5584924 7.3296185E-08 -1.4251841
v -2.568108 7.3296185E-08 -1.40853
v -2.568108 0.3840567 -1.40853
v -2.5584924 0.3840567 -1.4251841
v -2.568108 7.3296185E-08 -1.40853
v -2.5873382 7.3296185E-08 -1.40853
v -2.5873382 0.3840567 -1.40853
v -2.568108 0.3840567 -1.40853
v -2.5873382 7.3296185E-08 -1.40853
v -2.5969532 7.3296185E-08 -1.4251841
v -2.5969532 0.3840567 -1.4251841
v -2.5873382 0.3840567 -1.40853
v -2.5969532 7.3296185E-08 -1.4251841
v -2.5873382 7.3296185E-08 -1.441838
v -2.5873382 0.3840567 -1.441838
v -2.5969532 0.3840567 -1.4251841
v -2.545764 0.12740877 -1.2274066
v -2.5456262 -3.794479E-09 -1.2274066
v -2.5357485 -3.794479E-09 -1.2445152
v -2.5358176 0.12740877 -1.2446345
v -2.505978 0.12740877 -1.2274066
v -2.5061157 -3.794479E-09 -1.2274066
v -2.5159934 -3.794479E-09 -1.2102981
v -2.5159247 0.12740877 -1.2101787
v -2.5159247 0.12740877 -1.2101787
v -2.5159934 -3.794479E-09 -1.2102981
v -2.5357485 -3.794479E-09 -1.2102981
v -2.5358176 0.12740877 -1.2101787
v -2.5358176 0.12740877 -1.2101787
v -2.5357485 -3.794479E-09 -1.2102981
v -2.5456262 -3.794479E-09 -1.2274066
v -2.545764 0.12740877 -1.2274066
v -2.5574 0.15967533 -1.2274066
v -2.5416353 0.15967533 -1.2547115
v -2.5439231 0.40051582 -1.2586741
v -2.5619755 0.40051582 -1.2274066
v -2.4943423 0.15967533 -1.2274066
v -2.5101066 0.15967533 -1.2001022
v -2.5078187 0.40051582 -1.1961395
v -2.4897668 0.40051582 -1.2274066
v -2.5101066 0.15967533 -1.2001022
v -2.5416353 0.15967533 -1.2001022
v -2.5439231 0.40051582 -1.1961395
v -2.5078187 0.40051582 -1.1961395
v -2.5416353 0.15967533 -1.2001022
v -2.5574 0.15967533 -1.2274066
v -2.5619755 0.40051582 -1.2274066
v -2.5439231 0.40051582 -1.1961395
v -2.545764 0.12740877 -1.2274066
v -2.5358176 0.12740877 -1.2446345
v -2.5416353 0.15967533 -1.2547115
v -2.5574 0.15967533 -1.2274066
v -2.505978 0.12740877 -1.2274066
v -2.5159247 0.12740877 -1.2101787
v -2.5101066 0.15967533 -1.2001022
v -2.4943423 0.15967533 -1.2274066
v -2.5159247 0.12740877 -1.2101787
v -2.5358176 0.12740877 -1.2101787
v -2.5416353 0.15967533 -1.2001022
v -2.5101066 0.15967533 -1.2001022
v -2.5358176 0.12740877 -1.2101787
v -2.545764 0.12740877 -1.2274066
v -2.5574 0.15967533 -1.2274066
v -2.5416353 0.15967533 -1.2001022
v -2.5300078 0.12740877 -1.3993179
v -2.5300078 -3.794479E-09 -1.3994559
v -2.5471163 -3.794479E-09 -1.4093333
v -2.5472357 0.12740877 -1.4092647
v -2.5472357 0.12740877 -1.4092647
v -2.5471163 -3.794479E-09 -1.4093333
v -2.5471163 -3.794479E-09 -1.4290888
v -2.5472357 0.12740877 -1.4291575
v -2.5472357 0.12740877 -1.4291575
v -2.5471163 -3.794479E-09 -1.4290888
v -2.5300078 -3.794479E-09 -1.4389663
v -2.5300078 0.12740877 -1.439104
v -2.5127802 0.12740877 -1.4092647
v -2.5128992 -3.794479E-09 -1.4093333
v -2.5300078 -3.794479E-09 -1.3994559
v -2.5300078 0.12740877 -1.3993179
v -2.5300078 0.15967533 -1.3876823
v -2.5573127 0.15967533 -1.4034469
v -2.5612752 0.40051582 -1.4011592
v -2.5300078 0.40051582 -1.383107
v -2.5573127 0.15967533 -1.4034469
v -2.5573127 0.15967533 -1.4349754
v -2.5612752 0.40051582 -1.4372634
v -2.5612752 0.40051582 -1.4011592
v -2.5573127 0.15967533 -1.4349754
v -2.5300078 0.15967533 -1.45074
v -2.5300078 0.40051582 -1.4553157
v -2.5612752 0.40051582 -1.4372634
v -2.502703 0.15967533 -1.4034469
v -2.5300078 0.15967533 -1.3876823
v -2.5300078 0.40051582 -1.383107
v -2.498741 0.40051582 -1.4011588
v -2.5300078 0.12740877 -1.3993179
v -2.5472357 0.12740877 -1.4092647
v -2.5573127 0.15967533 -1.4034469
v -2.5300078 0.15967533 -1.3876823
v -2.5472357 0.12740877 -1.4092647
v -2.5472357 0.12740877 -1.4291575
v -2.5573127 0.15967533 -1.4349754
v -2.5573127 0.15967533 -1.4034469
v -2.5472357 0.12740877 -1.4291575
v -2.5300078 0.12740877 -1.439104
v -2.5300078 0.15967533 -1.45074
v -2.5573127 0.15967533 -1.4349754
v -2.5127802 0.12740877 -1.4092647
v -2.5300078 0.12740877 -1.3993179
v -2.5300078 0.15967533 -1.3876823
v -2.502703 0.15967533 -1.4034469
v -2.7019193 0.12740877 -1.4150741
v -2.7020566 -3.794479E-09 -1.4150741
v -2.7119348 -3.794479E-09 -1.3979656
v -2.7118661 0.12740877 -1.3978461
v -2.7118661 0.12740877 -1.3978461
v -2.7119348 -3.794479E-09 -1.3979656
v -2.7316902 -3.794479E-09 -1.3979656
v -2.731759 0.12740877 -1.3978461
v -2.731759 0.12740877 -1.3978461
v -2.7316902 -3.794479E-09 -1.3979656
v -2.7415676 -3.794479E-09 -1.4150741
v -2.7417057 0.12740877 -1.4150741
v -2.7417057 0.12740877 -1.4150741
v -2.7415676 -3.794479E-09 -1.4150741
v -2.7316902 -3.794479E-09 -1.4321826
v -2.731759 0.12740877 -1.432302
v -2.6902838 0.15967533 -1.4150741
v -2.7060478 0.15967533 -1.3877692
v -2.7037601 0.40051582 -1.383807
v -2.6857078 0.40051582 -1.4150741
v -2.7060478 0.15967533 -1.3877692
v -2.7375767 0.15967533 -1.3877696
v -2.7398648 0.40051582 -1.383807
v -2.7037601 0.40051582 -1.383807
v -2.7375767 0.15967533 -1.3877696
v -2.753341 0.15967533 -1.4150741
v -2.7579172 0.40051582 -1.4150741
v -2.7398648 0.40051582 -1.383807
v -2.753341 0.15967533 -1.4150741
v -2.7375767 0.15967533 -1.4423789
v -2.7398648 0.40051582 -1.4463416
v -2.7579172 0.40051582 -1.4150741
v -2.7019193 0.12740877 -1.4150741
v -2.7118661 0.12740877 -1.3978461
v -2.7060478 0.15967533 -1.3877692
v -2.6902838 0.15967533 -1.4150741
v -2.7118661 0.12740877 -1.3978461
v -2.731759 0.12740877 -1.3978461
v -2.7375767 0.15967533 -1.3877696
v -2.7060478 0.15967533 -1.3877692
v -2.731759 0.12740877 -1.3978461
v -2.7417057 0.12740877 -1.4150741
v -2.753341 0.15967533 -1.4150741
v -2.7375767 0.15967533 -1.3877696
v -2.7417057 0.12740877 -1.4150741
v -2.731759 0.12740877 -1.432302
v -2.7375767 0.15967533 -1.4423789
v -2.753341 0.15967533 -1.4150741
v -2.5302753 0.3192263 -1.227674
v -2.717408 0.3192263 -1.227674
v -2.7174077 0.3192263 -1.4148066
v -2.5302753 0.3192263 -1.4148066
v -1.2331451 -3.7944794E-09 -2.7005682
v -1.2430227 -3.7944794E-09 -2.7176769
v -1.2431604 0.1274088 -2.7176769
v -1.2332139 0.1274088 -2.7004492
v -1.2133898 -3.7944794E-09 -2.7005682
v -1.2331451 -3.7944794E-09 -2.7005682
v -1.2332139 0.1274088 -2.7004492
v -1.2133209 0.1274088 -2.7004492
v -1.2035121 -3.7944794E-09 -2.7176769
v -1.2133898 -3.7944794E-09 -2.7005682
v -1.2133209 0.1274088 -2.7004492
v -1.2033744 0.1274088 -2.7176769
v -1.2430227 -3.7944794E-09 -2.7176769
v -1.2331451 -3.7944794E-09 -2.7347858
v -1.2332139 0.1274088 -2.7349043
v -1.2431604 0.1274088 -2.7176769
v -1.2413198 0.40051585 -2.6864097
v -1.2390317 0.15967536 -2.690372
v -1.2547961 0.15967536 -2.7176769
v -1.2593716 0.40051585 -2.717677
v -1.2052152 0.40051585 -2.6864097
v -1.207503 0.15967536 -2.690372
v -1.2390317 0.15967536 -2.690372
v -1.2413198 0.40051585 -2.6864097
v -1.187163 0.40051585 -2.7176769
v -1.1917386 0.15967536 -2.7176769
v -1.207503 0.15967536 -2.690372
v -1.2052152 0.40051585 -2.6864097
v -1.2593716 0.40051585 -2.717677
v -1.2547961 0.15967536 -2.7176769
v -1.2390317 0.15967536 -2.7449815
v -1.2413198 0.40051585 -2.748944
v -1.2390317 0.15967536 -2.690372
v -1.2332139 0.1274088 -2.7004492
v -1.2431604 0.1274088 -2.7176769
v -1.2547961 0.15967536 -2.7176769
v -1.207503 0.15967536 -2.690372
v -1.2133209 0.1274088 -2.7004492
v -1.2332139 0.1274088 -2.7004492
v -1.2390317 0.15967536 -2.690372
v -1.1917386 0.15967536 -2.7176769
v -1.2033744 0.1274088 -2.7176769
v -1.2133209 0.1274088 -2.7004492
v -1.207503 0.15967536 -2.690372
v -1.2547961 0.15967536 -2.7176769
v -1.2431604 0.1274088 -2.7176769
v -1.2332139 0.1274088 -2.7349043
v -1.2390317 0.15967536 -2.7449815
v -1.3332307 0.38901195 -2.7037904
v -1.3332307 1.0561052E-07 -2.7037904
v -1.3470851 1.0561052E-07 -2.7277868
v -1.3470851 0.38901195 -2.7277868
v -1.3055221 0.38901195 -2.7037904
v -1.3055221 1.0561052E-07 -2.7037904
v -1.3332307 1.0561052E-07 -2.7037904
v -1.3332307 0.38901195 -2.7037904
v -1.2916678 0.38901195 -2.7277868
v -1.2916678 1.0561052E-07 -2.7277868
v -1.3055221 1.0561052E-07 -2.7037904
v -1.3055221 0.38901195 -2.7037904
v -1.3470851 0.38901195 -2.7277868
v -1.3470851 1.0561052E-07 -2.7277868
v -1.3332307 1.0561052E-07 -2.7517831
v -1.3332307 0.38901195 -2.7517831
v -1.2817107 0.38405675 -2.7111328
v -1.2817107 7.329619E-08 -2.7111328
v -1.2913259 7.329619E-08 -2.7277868
v -1.2913259 0.38405675 -2.7277868
v -1.2624801 0.38405675 -2.7111328
v -1.2624801 7.329619E-08 -2.7111328
v -1.2817107 7.329619E-08 -2.7111328
v -1.2817107 0.38405675 -2.7111328
v -1.252865 0.38405675 -2.7277865
v -1.252865 7.329619E-08 -2.7277865
v -1.2624801 7.329619E-08 -2.7111328
v -1.2624801 0.38405675 -2.7111328
v -1.2913259 0.38405675 -2.7277868
v -1.2913259 7.329619E-08 -2.7277868
v -1.2817107 7.329619E-08 -2.744441
v -1.2817107 0.38405675 -2.744441
v -1.376972 0.38405675 -2.7111328
v -1.376972 7.329619E-08 -2.7111328
v -1.386587 7.329619E-08 -2.7277868
v -1.386587 0.38405675 -2.7277868
v -1.3577415 0.38405675 -2.7111328
v -1.3577415 7.329619E-08 -2.7111328
v -1.376972 7.329619E-08 -2.7111328
v -1.376972 0.38405675 -2.7111328
v -1.3481262 0.38405675 -2.7277868
v -1.3481263 7.329619E-08 -2.7277868
v -1.3577415 7.329619E-08 -2.7111328
v -1.3577415 0.38405675 -2.7111328
v -1.386587 0.38405675 -2.7277868
v -1.386587 7.329619E-08 -2.7277868
v -1.376972 7.329619E-08 -2.744441
v -1.376972 0.38405675 -2.744441
v -1.2412909 0.38901195 -2.6358354
v -1.2412909 1.0561052E-07 -2.6358354
v -1.2172946 1.0561052E-07 -2.6496897
v -1.2172946 0.38901195 -2.6496897
v -1.2412908 0.38901195 -2.6081266
v -1.2412908 1.0561052E-07 -2.6081266
v -1.2412909 1.0561052E-07 -2.6358354
v -1.2412909 0.38901195 -2.6358354
v -1.2172946 0.38901195 -2.5942729
v -1.2172946 1.0561052E-07 -2.5942729
v -1.2412908 1.0561052E-07 -2.6081266
v -1.2412908 0.38901195 -2.6081266
v -1.1932982 0.38901195 -2.6081266
v -1.1932982 1.0561052E-07 -2.6081266
v -1.2172946 1.0561052E-07 -2.5942729
v -1.2172946 0.38901195 -2.5942729
v -1.2339486 0.38405675 -2.5843153
v -1.2339486 7.329619E-08 -2.5843153
v -1.2172946 7.329619E-08 -2.5939307
v -1.2172946 0.38405675 -2.5939307
v -1.2339486 0.38405675 -2.5650852
v -1.2339486 7.329619E-08 -2.5650852
v -1.2339486 7.329619E-08 -2.5843153
v -1.2339486 0.38405675 -2.5843153
v -1.2172946 0.38405675 -2.5554698
v -1.2172946 7.329619E-08 -2.5554698
v -1.2339486 7.329619E-08 -2.5650852
v -1.2339486 0.38405675 -2.5650852
v -1.2006406 0.38405675 -2.5650852
v -1.2006406 7.329619E-08 -2.5650852
v -1.2172946 7.329619E-08 -2.5554698
v -1.2172946 0.38405675 -2.5554698
v -1.2339486 0.38405675 -2.679577
v -1.2339486 7.329619E-08 -2.679577
v -1.2172946 7.329619E-08 -2.6891916
v -1.2172946 0.38405675 -2.6891916
v -1.2339486 0.38405675 -2.6603467
v -1.2339486 7.329619E-08 -2.6603467
v -1.2339486 7.329619E-08 -2.679577
v -1.2339486 0.38405675 -2.679577
v -1.2172946 0.38405675 -2.650731
v -1.2172946 7.329619E-08 -2.650731
v -1.2339486 7.329619E-08 -2.6603467
v -1.2339486 0.38405675 -2.6603467
v -1.2006406 0.38405675 -2.6603467
v -1.2006406 7.329619E-08 -2.6603467
v -1.2172946 7.329619E-08 -2.650731
v -1.2172946 0.38405675 -2.650731
v -1.3508086 0.38901195 -2.5198996
v -1.3508086 0.32103953 -2.5198996
v -1.3369542 0.32103953 -2.543896
v -1.3369542 0.38901195 -2.543896
v -1.3369545 0.38901195 -2.4959028
v -1.3369545 0.32103953 -2.4959028
v -1.3508086 0.32103953 -2.5198996
v -1.3508086 0.38901195 -2.5198996
v -1.3092458 0.38901195 -2.4959028
v -1.3092458 0.32103953 -2.4959028
v -1.3369545 0.32103953 -2.4959028
v -1.3369545 0.38901195 -2.4959028
v -1.2953916 0.38901195 -2.5198996
v -1.2953916 0.32103953 -2.5198996
v -1.3092458 0.32103953 -2.4959028
v -1.3092458 0.38901195 -2.4959028
v -1.3896114 0.38405675 -2.5198996
v -1.3896114 0.22813691 -2.5198996
v -1.3799961 0.22813691 -2.5365539
v -1.3799961 0.38405675 -2.5365539
v -1.3799962 0.38405675 -2.5032458
v -1.3799962 0.22813691 -2.5032458
v -1.3896114 0.22813691 -2.5198996
v -1.3896114 0.38405675 -2.5198996
v -1.3607659 0.38405675 -2.5032458
v -1.3607658 0.22813691 -2.5032458
v -1.3799962 0.22813691 -2.5032458
v -1.3799962 0.38405675 -2.5032458
v -1.3511506 0.38405675 -2.5198996
v -1.3511506 0.22813691 -2.5198996
v -1.3607658 0.22813691 -2.5032458
v -1.3607659 0.38405675 -2.5032458
v -1.2943501 0.38405675 -2.5198996
v -1.2943501 0.22813691 -2.5198996
v -1.2847348 0.22813691 -2.5365534
v -1.2847348 0.38405675 -2.5365534
v -1.2847351 0.38405675 -2.5032458
v -1.2847351 0.22813691 -2.5032458
v -1.2943501 0.22813691 -2.5198996
v -1.2943501 0.38405675 -2.5198996
v -1.2655047 0.38405675 -2.5032458
v -1.2655047 0.22813691 -2.5032458
v -1.2847351 0.22813691 -2.5032458
v -1.2847351 0.38405675 -2.5032458
v -1.2558894 0.38405675 -2.5198996
v -1.2558894 0.22813691 -2.5198996
v -1.2655047 0.22813691 -2.5032458
v -1.2655047 0.38405675 -2.5032458
v -1.4011853 0.38901195 -2.6118505
v -1.4011853 1.0561052E-07 -2.6118505
v -1.4251816 1.0561052E-07 -2.5979965
v -1.4251816 0.38901195 -2.5979965
v -1.449178 0.38901195 -2.6395595
v -1.449178 1.0561052E-07 -2.6395595
v -1.4251816 1.0561052E-07 -2.6534133
v -1.4251816 0.38901195 -2.6534133
v -1.449178 0.38901195 -2.6118505
v -1.449178 1.0561052E-07 -2.6118505
v -1.449178 1.0561052E-07 -2.6395595
v -1.449178 0.38901195 -2.6395595
v -1.4251816 0.38901195 -2.5979965
v -1.4251816 1.0561052E-07 -2.5979965
v -1.449178 1.0561052E-07 -2.6118505
v -1.449178 0.38901195 -2.6118505
v -1.4085276 0.38405675 -2.6633708
v -1.4085276 7.329619E-08 -2.6633708
v -1.4251816 7.329619E-08 -2.6537554
v -1.4251816 0.38405675 -2.6537554
v -1.4418359 0.38405675 -2.682601
v -1.4418359 7.329619E-08 -2.682601
v -1.4251816 7.329619E-08 -2.6922164
v -1.4251816 0.38405675 -2.6922164
v -1.4418359 0.38405675 -2.6633708
v -1.4418359 7.329619E-08 -2.6633708
v -1.4418359 7.329619E-08 -2.682601
v -1.4418359 0.38405675 -2.682601
v -1.4251816 0.38405675 -2.6537554
v -1.4251816 7.329619E-08 -2.6537554
v -1.4418359 7.329619E-08 -2.6633708
v -1.4418359 0.38405675 -2.6633708
v -1.4085276 0.38405675 -2.5681098
v -1.4085276 7.329619E-08 -2.5681098
v -1.4251816 7.329619E-08 -2.5584943
v -1.4251816 0.38405675 -2.5584943
v -1.4418359 0.38405675 -2.58734
v -1.4418359 7.329619E-08 -2.58734
v -1.4251816 7.329619E-08 -2.596955
v -1.4251816 0.38405675 -2.596955
v -1.4418359 0.38405675 -2.5681098
v -1.4418359 7.329619E-08 -2.5681098
v -1.4418359 7.329619E-08 -2.58734
v -1.4418359 0.38405675 -2.58734
v -1.4251816 0.38405675 -2.5584943
v -1.4251816 7.329619E-08 -2.5584943
v -1.4418359 7.329619E-08 -2.5681098
v -1.4418359 0.38405675 -2.5681098
v -1.244513 -3.794479E-09 -2.5357502
v -1.2274045 -3.794479E-09 -2.5456278
v -1.2274045 0.12740879 -2.5457656
v -1.2446325 0.12740879 -2.535819
v -1.2445133 -3.794479E-09 -2.5159948
v -1.244513 -3.794479E-09 -2.5357502
v -1.2446325 0.12740879 -2.535819
v -1.2446326 0.12740879 -2.515926
v -1.2274047 -3.794479E-09 -2.506117
v -1.2445133 -3.794479E-09 -2.5159948
v -1.2446326 0.12740879 -2.515926
v -1.2274047 0.12740879 -2.5059793
v -1.2102962 -3.794479E-09 -2.5159948
v -1.2274047 -3.794479E-09 -2.506117
v -1.2274047 0.12740879 -2.5059793
v -1.2101768 0.12740879 -2.515926
v -1.2586719 0.40051582 -2.543925
v -1.2547091 0.15967534 -2.541637
v -1.2274045 0.15967534 -2.5574012
v -1.2274045 0.40051582 -2.561977
v -1.2586721 0.40051582 -2.5078204
v -1.2547094 0.15967534 -2.510108
v -1.2547091 0.15967534 -2.541637
v -1.2586719 0.40051582 -2.543925
v -1.2274047 0.40051582 -2.4897678
v -1.2274047 0.15967534 -2.4943435
v -1.2547094 0.15967534 -2.510108
v -1.2586721 0.40051582 -2.5078204
v -1.1961373 0.40051582 -2.5078204
v -1.2001 0.15967534 -2.510108
v -1.2274047 0.15967534 -2.4943435
v -1.2274047 0.40051582 -2.4897678
v -1.2547091 0.15967534 -2.541637
v -1.2446325 0.12740879 -2.535819
v -1.2274045 0.12740879 -2.5457656
v -1.2274045 0.15967534 -2.5574012
v -1.2547094 0.15967534 -2.510108
v -1.2446326 0.12740879 -2.515926
v -1.2446325 0.12740879 -2.535819
v -1.2547091 0.15967534 -2.541637
v -1.2274047 0.15967534 -2.4943435
v -1.2274047 0.12740879 -2.5059793
v -1.2446326 0.12740879 -2.515926
v -1.2547094 0.15967534 -2.510108
v -1.2001 0.15967534 -2.510108
v -1.2101768 0.12740879 -2.515926
v -1.2274047 0.12740879 -2.5059793
v -1.2274047 0.15967534 -2.4943435
v -1.4389644 -3.794479E-09 -2.5300093
v -1.4290866 -3.794479E-09 -2.5471182
v -1.4291555 0.12740879 -2.547237
v -1.439102 0.12740879 -2.5300093
v -1.4290866 -3.794479E-09 -2.5129008
v -1.4389644 -3.794479E-09 -2.5300093
v -1.439102 0.12740879 -2.5300093
v -1.4291556 0.12740879 -2.5127819
v -1.4093314 -3.794479E-09 -2.5129008
v -1.4290866 -3.794479E-09 -2.5129008
v -1.4291556 0.12740879 -2.5127819
v -1.4092625 0.12740879 -2.5127819
v -1.399454 -3.794479E-09 -2.5300093
v -1.4093314 -3.794479E-09 -2.5129008
v -1.4092625 0.12740879 -2.5127819
v -1.3993162 0.12740879 -2.5300093
v -1.4553136 0.40051582 -2.5300093
v -1.4507378 0.15967534 -2.5300093
v -1.4349735 0.15967534 -2.5573142
v -1.4372611 0.40051582 -2.561277
v -1.4372613 0.40051582 -2.498742
v -1.4349736 0.15967534 -2.5027044
v -1.4507378 0.15967534 -2.5300093
v -1.4553136 0.40051582 -2.5300093
v -1.4011569 0.40051582 -2.498742
v -1.4034448 0.15967534 -2.5027044
v -1.4349736 0.15967534 -2.5027044
v -1.4372613 0.40051582 -2.498742
v -1.3831047 0.40051582 -2.5300093
v -1.3876804 0.15967534 -2.5300093
v -1.4034448 0.15967534 -2.5027044
v -1.4011569 0.40051582 -2.498742
v -1.4507378 0.15967534 -2.5300093
v -1.439102 0.12740879 -2.5300093
v -1.4291555 0.12740879 -2.547237
v -1.4349735 0.15967534 -2.5573142
v -1.4349736 0.15967534 -2.5027044
v -1.4291556 0.12740879 -2.5127819
v -1.439102 0.12740879 -2.5300093
v -1.4507378 0.15967534 -2.5300093
v -1.4034448 0.15967534 -2.5027044
v -1.4092625 0.12740879 -2.5127819
v -1.4291556 0.12740879 -2.5127819
v -1.4349736 0.15967534 -2.5027044
v -1.3876804 0.15967534 -2.5300093
v -1.3993162 0.12740879 -2.5300093
v -1.4092625 0.12740879 -2.5127819
v -1.4034448 0.15967534 -2.5027044
v -1.3979634 -3.794479E-09 -2.711936
v -1.415072 -3.794479E-09 -2.7020586
v -1.415072 0.12740879 -2.701921
v -1.3978441 0.12740879 -2.7118673
v -1.4321805 -3.794479E-09 -2.7316911
v -1.415072 -3.794479E-09 -2.741569
v -1.415072 0.12740879 -2.741707
v -1.4322999 0.12740879 -2.7317607
v -1.4321805 -3.794479E-09 -2.711936
v -1.4321805 -3.794479E-09 -2.7316911
v -1.4322999 0.12740879 -2.7317607
v -1.4322999 0.12740879 -2.7118673
v -1.415072 -3.794479E-09 -2.7020586
v -1.4321805 -3.794479E-09 -2.711936
v -1.4322999 0.12740879 -2.7118673
v -1.415072 0.12740879 -2.701921
v -1.3838047 0.40051582 -2.7037618
v -1.3877673 0.15967534 -2.7060497
v -1.415072 0.15967534 -2.6902854
v -1.415072 0.40051582 -2.6857092
v -1.4463394 0.40051582 -2.7398658
v -1.4423766 0.15967534 -2.7375784
v -1.415072 0.15967534 -2.7533426
v -1.415072 0.40051582 -2.7579184
v -1.4463394 0.40051582 -2.7037618
v -1.4423766 0.15967534 -2.7060497
v -1.4423766 0.15967534 -2.7375784
v -1.4463394 0.40051582 -2.7398658
v -1.415072 0.40051582 -2.6857092
v -1.415072 0.15967534 -2.6902854
v -1.4423766 0.15967534 -2.7060497
v -1.4463394 0.40051582 -2.7037618
v -1.3877673 0.15967534 -2.7060497
v -1.3978441 0.12740879 -2.7118673
v -1.415072 0.12740879 -2.701921
v -1.415072 0.15967534 -2.6902854
v -1.4423766 0.15967534 -2.7375784
v -1.4322999 0.12740879 -2.7317607
v -1.415072 0.12740879 -2.741707
v -1.415072 0.15967534 -2.7533426
v -1.4423766 0.15967534 -2.7060497
v -1.4322999 0.12740879 -2.7118673
v -1.4322999 0.12740879 -2.7317607
v -1.4423766 0.15967534 -2.7375784
v -1.415072 0.15967534 -2.6902854
v -1.415072 0.12740879 -2.701921
v -1.4322999 0.12740879 -2.7118673
v -1.4423766 0.15967534 -2.7060497
v -1.227672 0.31922635 -2.530277
v -1.4148046 0.31922635 -2.530277
v -1.4148046 0.31922635 -2.7174094
v -1.227672 0.31922635 -2.7174094
v -1.2276717 0.21549223 -2.5302768
v -1.4148042 0.21549223 -2.530277
v -1.4148042 0.21549223 -2.7174094
v -1.2276716 0.21549223 -2.7174094
v 1.2431626 0.12740879 -2.7176752
v 1.2430247 -3.794479E-09 -2.7176752
v 1.2331471 -3.794479E-09 -2.700567
v 1.233216 0.12740879 -2.700448
v 1.233216 0.12740879 -2.700448
v 1.2331471 -3.794479E-09 -2.700567
v 1.2133918 -3.794479E-09 -2.700567
v 1.213323 0.12740879 -2.700448
v 1.213323 0.12740879 -2.700448
v 1.2133918 -3.794479E-09 -2.700567
v 1.2035142 -3.794479E-09 -2.7176752
v 1.2033765 0.12740879 -2.7176752
v 1.2033765 0.12740879 -2.7176752
v 1.2035142 -3.794479E-09 -2.7176752
v 1.2133918 -3.794479E-09 -2.7347841
v 1.213323 0.12740879 -2.7349036
v 1.2547983 0.15967534 -2.7176752
v 1.2390338 0.15967534 -2.6903713
v 1.2413219 0.40051582 -2.6864085
v 1.259374 0.40051582 -2.7176752
v 1.2390338 0.15967534 -2.6903713
v 1.2075051 0.15967534 -2.6903713
v 1.2052172 0.40051582 -2.6864085
v 1.2413219 0.40051582 -2.6864085
v 1.2075051 0.15967534 -2.6903713
v 1.1917408 0.15967534 -2.7176752
v 1.187165 0.40051582 -2.7176752
v 1.2052172 0.40051582 -2.6864085
v 1.1917408 0.15967534 -2.7176752
v 1.2075051 0.15967534 -2.74498
v 1.2052172 0.40051582 -2.7489424
v 1.187165 0.40051582 -2.7176752
v 1.2431626 0.12740879 -2.7176752
v 1.233216 0.12740879 -2.700448
v 1.2390338 0.15967534 -2.6903713
v 1.2547983 0.15967534 -2.7176752
v 1.233216 0.12740879 -2.700448
v 1.213323 0.12740879 -2.700448
v 1.2075051 0.15967534 -2.6903713
v 1.2390338 0.15967534 -2.6903713
v 1.213323 0.12740879 -2.700448
v 1.2033765 0.12740879 -2.7176752
v 1.1917408 0.15967534 -2.7176752
v 1.2075051 0.15967534 -2.6903713
v 1.2033765 0.12740879 -2.7176752
v 1.213323 0.12740879 -2.7349036
v 1.2075051 0.15967534 -2.74498
v 1.1917408 0.15967534 -2.7176752
v 1.347087 1.0561051E-07 -2.7277849
v 1.333233 1.0561051E-07 -2.703789
v 1.333233 0.38901192 -2.703789
v 1.347087 0.38901192 -2.7277849
v 1.333233 1.0561051E-07 -2.703789
v 1.3055243 1.0561051E-07 -2.703789
v 1.3055243 0.38901192 -2.703789
v 1.333233 0.38901192 -2.703789
v 1.3055243 1.0561051E-07 -2.703789
v 1.29167 1.0561051E-07 -2.7277849
v 1.29167 0.38901192 -2.7277849
v 1.3055243 0.38901192 -2.703789
v 1.29167 1.0561051E-07 -2.7277849
v 1.3055243 1.0561051E-07 -2.7517817
v 1.3055243 0.38901192 -2.7517817
v 1.29167 0.38901192 -2.7277849
v 1.291328 7.3296185E-08 -2.7277849
v 1.2817127 7.3296185E-08 -2.711131
v 1.2817127 0.3840567 -2.711131
v 1.291328 0.3840567 -2.7277849
v 1.2817127 7.3296185E-08 -2.711131
v 1.2624824 7.3296185E-08 -2.711131
v 1.2624824 0.3840567 -2.711131
v 1.2817127 0.3840567 -2.711131
v 1.2624824 7.3296185E-08 -2.711131
v 1.2528672 7.3296185E-08 -2.7277849
v 1.2528672 0.3840567 -2.7277849
v 1.2624824 0.3840567 -2.711131
v 1.2528672 7.3296185E-08 -2.7277849
v 1.2624824 7.3296185E-08 -2.744439
v 1.2624824 0.3840567 -2.744439
v 1.2528672 0.3840567 -2.7277849
v 1.3865892 7.3296185E-08 -2.7277849
v 1.376974 7.3296185E-08 -2.711131
v 1.376974 0.3840567 -2.711131
v 1.3865892 0.3840567 -2.7277849
v 1.376974 7.3296185E-08 -2.711131
v 1.3577437 7.3296185E-08 -2.711131
v 1.3577437 0.3840567 -2.711131
v 1.376974 0.3840567 -2.711131
v 1.3577437 7.3296185E-08 -2.711131
v 1.3481284 7.3296185E-08 -2.7277849
v 1.3481282 0.3840567 -2.7277849
v 1.3577437 0.3840567 -2.711131
v 1.3481284 7.3296185E-08 -2.7277849
v 1.3577437 7.3296185E-08 -2.744439
v 1.3577437 0.3840567 -2.744439
v 1.3481282 0.3840567 -2.7277849
v 1.2412928 1.0561051E-07 -2.6081254
v 1.217297 1.0561051E-07 -2.5942714
v 1.217297 0.38901192 -2.5942714
v 1.2412928 0.38901192 -2.6081254
v 1.217297 1.0561051E-07 -2.5942714
v 1.1933001 1.0561051E-07 -2.6081254
v 1.1933001 0.38901192 -2.6081254
v 1.217297 0.38901192 -2.5942714
v 1.1933001 1.0561051E-07 -2.6081254
v 1.1933001 1.0561051E-07 -2.6358345
v 1.1933001 0.38901192 -2.6358345
v 1.1933001 0.38901192 -2.6081254
v 1.1933001 1.0561051E-07 -2.6358345
v 1.217297 1.0561051E-07 -2.6496882
v 1.217297 0.38901192 -2.6496882
v 1.1933001 0.38901192 -2.6358345
v 1.2339507 7.3296185E-08 -2.565084
v 1.217297 7.3296185E-08 -2.5554686
v 1.217297 0.3840567 -2.5554686
v 1.2339507 0.3840567 -2.565084
v 1.217297 7.3296185E-08 -2.5554686
v 1.2006427 7.3296185E-08 -2.565084
v 1.2006427 0.3840567 -2.565084
v 1.217297 0.3840567 -2.5554686
v 1.2006427 7.3296185E-08 -2.565084
v 1.2006427 7.3296185E-08 -2.5843139
v 1.2006427 0.3840567 -2.5843139
v 1.2006427 0.3840567 -2.565084
v 1.2006427 7.3296185E-08 -2.5843139
v 1.217297 7.3296185E-08 -2.593929
v 1.217297 0.3840567 -2.593929
v 1.2006427 0.3840567 -2.5843139
v 1.2339507 7.3296185E-08 -2.6603453
v 1.217297 7.3296185E-08 -2.65073
v 1.217297 0.3840567 -2.65073
v 1.2339507 0.3840567 -2.6603453
v 1.217297 7.3296185E-08 -2.65073
v 1.2006427 7.3296185E-08 -2.6603453
v 1.2006427 0.3840567 -2.6603453
v 1.217297 0.3840567 -2.65073
v 1.2006427 7.3296185E-08 -2.6603453
v 1.2006427 7.3296185E-08 -2.6795757
v 1.2006427 0.3840567 -2.6795757
v 1.2006427 0.3840567 -2.6603453
v 1.2006427 7.3296185E-08 -2.6795757
v 1.217297 7.3296185E-08 -2.6891906
v 1.217297 0.3840567 -2.6891906
v 1.2006427 0.3840567 -2.6795757
v 1.2953933 0.32103953 -2.5198982
v 1.3092479 0.32103953 -2.543894
v 1.3092479 0.38901192 -2.543894
v 1.2953933 0.38901192 -2.5198982
v 1.3508108 0.32103953 -2.5198982
v 1.3369564 0.32103953 -2.4959013
v 1.3369564 0.38901192 -2.4959013
v 1.3508108 0.38901192 -2.5198982
v 1.3369564 0.32103953 -2.4959013
v 1.3092477 0.32103953 -2.4959013
v 1.3092477 0.38901192 -2.4959013
v 1.3369564 0.38901192 -2.4959013
v 1.3092477 0.32103953 -2.4959013
v 1.2953933 0.32103953 -2.5198982
v 1.2953933 0.38901192 -2.5198982
v 1.3092477 0.38901192 -2.4959013
v 1.3511525 0.22813691 -2.5198982
v 1.3607677 0.22813691 -2.536552
v 1.3607681 0.3840567 -2.536552
v 1.3511525 0.3840567 -2.5198982
v 1.3896135 0.22813691 -2.5198982
v 1.3799983 0.22813691 -2.5032442
v 1.3799983 0.3840567 -2.5032442
v 1.3896135 0.3840567 -2.5198982
v 1.3799983 0.22813691 -2.5032442
v 1.3607677 0.22813691 -2.5032442
v 1.3607677 0.3840567 -2.5032442
v 1.3799983 0.3840567 -2.5032442
v 1.3607677 0.22813691 -2.5032442
v 1.3511525 0.22813691 -2.5198982
v 1.3511525 0.3840567 -2.5198982
v 1.3607677 0.3840567 -2.5032442
v 1.2558912 0.22813691 -2.5198982
v 1.2655066 0.22813691 -2.536552
v 1.2655066 0.3840567 -2.536552
v 1.2558912 0.3840567 -2.5198982
v 1.294352 0.22813691 -2.5198982
v 1.284737 0.22813691 -2.5032442
v 1.284737 0.3840567 -2.5032442
v 1.294352 0.3840567 -2.5198982
v 1.284737 0.22813691 -2.5032442
v 1.2655066 0.22813691 -2.5032442
v 1.2655066 0.3840567 -2.5032442
v 1.284737 0.3840567 -2.5032442
v 1.2655066 0.22813691 -2.5032442
v 1.2558912 0.22813691 -2.5198982
v 1.2558912 0.3840567 -2.5198982
v 1.2655066 0.3840567 -2.5032442
v 1.4251841 1.0561051E-07 -2.5979948
v 1.4011874 1.0561051E-07 -2.611849
v 1.4011874 0.38901192 -2.611849
v 1.4251841 0.38901192 -2.5979948
v 1.4011874 1.0561051E-07 -2.611849
v 1.4011874 1.0561051E-07 -2.6395578
v 1.4011874 0.38901192 -2.6395578
v 1.4011874 0.38901192 -2.611849
v 1.4011874 1.0561051E-07 -2.6395578
v 1.4251841 1.0561051E-07 -2.6534116
v 1.4251841 0.38901192 -2.6534116
v 1.4011874 0.38901192 -2.6395578
v 1.4491801 1.0561051E-07 -2.611849
v 1.4251841 1.0561051E-07 -2.5979948
v 1.4251841 0.38901192 -2.5979948
v 1.4491801 0.38901192 -2.611849
v 1.4251841 7.3296185E-08 -2.653754
v 1.40853 7.3296185E-08 -2.6633692
v 1.40853 0.3840567 -2.6633692
v 1.4251841 0.3840567 -2.653754
v 1.40853 7.3296185E-08 -2.6633692
v 1.40853 7.3296185E-08 -2.6825995
v 1.40853 0.3840567 -2.6825995
v 1.40853 0.3840567 -2.6633692
v 1.40853 7.3296185E-08 -2.6825995
v 1.4251841 7.3296185E-08 -2.6922147
v 1.4251841 0.3840567 -2.6922147
v 1.40853 0.3840567 -2.6825995
v 1.441838 7.3296185E-08 -2.6633692
v 1.4251841 7.3296185E-08 -2.653754
v 1.4251841 0.3840567 -2.653754
v 1.441838 0.3840567 -2.6633692
v 1.4251841 7.3296185E-08 -2.5584924
v 1.40853 7.3296185E-08 -2.5681083
v 1.40853 0.3840567 -2.5681083
v 1.4251841 0.3840567 -2.5584924
v 1.40853 7.3296185E-08 -2.5681083
v 1.40853 7.3296185E-08 -2.5873384
v 1.40853 0.3840567 -2.5873384
v 1.40853 0.3840567 -2.5681083
v 1.40853 7.3296185E-08 -2.5873384
v 1.4251841 7.3296185E-08 -2.5969532
v 1.4251841 0.3840567 -2.5969532
v 1.40853 0.3840567 -2.5873384
v 1.441838 7.3296185E-08 -2.5681083
v 1.4251841 7.3296185E-08 -2.5584924
v 1.4251841 0.3840567 -2.5584924
v 1.441838 0.3840567 -2.5681083
v 1.2446345 0.12740877 -2.5159242
v 1.2445152 -3.794479E-09 -2.5159938
v 1.2274066 -3.794479E-09 -2.5061157
v 1.2274066 0.12740877 -2.5059783
v 1.2274066 0.12740877 -2.5059783
v 1.2274066 -3.794479E-09 -2.5061157
v 1.210298 -3.794479E-09 -2.5159938
v 1.2101787 0.12740877 -2.5159242
v 1.2101787 0.12740877 -2.5159242
v 1.210298 -3.794479E-09 -2.5159938
v 1.2102983 -3.794479E-09 -2.535749
v 1.2101789 0.12740877 -2.5358176
v 1.2101789 0.12740877 -2.5358176
v 1.2102983 -3.794479E-09 -2.535749
v 1.2274066 -3.794479E-09 -2.5456264
v 1.2274066 0.12740877 -2.545764
v 1.2547115 0.15967533 -2.5101066
v 1.2274066 0.15967533 -2.4943423
v 1.2274066 0.40051582 -2.4897668
v 1.2586738 0.40051582 -2.507819
v 1.2274066 0.15967533 -2.4943423
v 1.2001017 0.15967533 -2.5101066
v 1.1961391 0.40051582 -2.507819
v 1.2274066 0.40051582 -2.4897668
v 1.2001017 0.15967533 -2.5101066
v 1.200102 0.15967533 -2.5416353
v 1.1961392 0.40051582 -2.5439234
v 1.1961391 0.40051582 -2.507819
v 1.200102 0.15967533 -2.5416353
v 1.2274066 0.15967533 -2.5573995
v 1.2274066 0.40051582 -2.5619757
v 1.1961392 0.40051582 -2.5439234
v 1.2446345 0.12740877 -2.5159242
v 1.2274066 0.12740877 -2.5059783
v 1.2274066 0.15967533 -2.4943423
v 1.2547115 0.15967533 -2.5101066
v 1.2274066 0.12740877 -2.5059783
v 1.2101787 0.12740877 -2.5159242
v 1.2001017 0.15967533 -2.5101066
v 1.2274066 0.15967533 -2.4943423
v 1.2101787 0.12740877 -2.5159242
v 1.2101789 0.12740877 -2.5358176
v 1.200102 0.15967533 -2.5416353
v 1.2001017 0.15967533 -2.5101066
v 1.2101789 0.12740877 -2.5358176
v 1.2274066 0.12740877 -2.545764
v 1.2274066 0.15967533 -2.5573995
v 1.200102 0.15967533 -2.5416353
v 1.3993181 0.12740877 -2.5300078
v 1.3994559 -3.794479E-09 -2.5300078
v 1.4093335 -3.794479E-09 -2.5471163
v 1.4092647 0.12740877 -2.5472357
v 1.439104 0.12740877 -2.5300078
v 1.4389663 -3.794479E-09 -2.5300078
v 1.4290887 -3.794479E-09 -2.5128996
v 1.4291574 0.12740877 -2.5127802
v 1.4291574 0.12740877 -2.5127802
v 1.4290887 -3.794479E-09 -2.5128996
v 1.4093335 -3.794479E-09 -2.5128996
v 1.4092644 0.12740877 -2.5127802
v 1.4092644 0.12740877 -2.5127802
v 1.4093335 -3.794479E-09 -2.5128996
v 1.3994559 -3.794479E-09 -2.5300078
v 1.3993181 0.12740877 -2.5300078
v 1.3876821 0.15967533 -2.5300078
v 1.4034469 0.15967533 -2.5573127
v 1.401159 0.40051582 -2.5612752
v 1.3831067 0.40051582 -2.5300078
v 1.4507397 0.15967533 -2.5300078
v 1.4349755 0.15967533 -2.502703
v 1.437263 0.40051582 -2.498741
v 1.4553154 0.40051582 -2.5300078
v 1.4349755 0.15967533 -2.502703
v 1.4034464 0.15967533 -2.5027037
v 1.4011588 0.40051582 -2.498741
v 1.437263 0.40051582 -2.498741
v 1.4034464 0.15967533 -2.5027037
v 1.3876821 0.15967533 -2.5300078
v 1.3831067 0.40051582 -2.5300078
v 1.4011588 0.40051582 -2.498741
v 1.3993181 0.12740877 -2.5300078
v 1.4092647 0.12740877 -2.5472357
v 1.4034469 0.15967533 -2.5573127
v 1.3876821 0.15967533 -2.5300078
v 1.439104 0.12740877 -2.5300078
v 1.4291574 0.12740877 -2.5127802
v 1.4349755 0.15967533 -2.502703
v 1.4507397 0.15967533 -2.5300078
v 1.4291574 0.12740877 -2.5127802
v 1.4092644 0.12740877 -2.5127802
v 1.4034464 0.15967533 -2.5027037
v 1.4349755 0.15967533 -2.502703
v 1.4092644 0.12740877 -2.5127802
v 1.3993181 0.12740877 -2.5300078
v 1.3876821 0.15967533 -2.5300078
v 1.4034464 0.15967533 -2.5027037
v 1.4150741 0.12740877 -2.7019193
v 1.4150741 -3.794479E-09 -2.7020571
v 1.3979658 -3.794479E-09 -2.7119353
v 1.3978461 0.12740877 -2.711866
v 1.3978461 0.12740877 -2.711866
v 1.3979658 -3.794479E-09 -2.7119353
v 1.3979658 -3.794479E-09 -2.7316897
v 1.3978461 0.12740877 -2.731759
v 1.3978461 0.12740877 -2.731759
v 1.3979658 -3.794479E-09 -2.7316897
v 1.4150741 -3.794479E-09 -2.7415674
v 1.4150741 0.12740877 -2.7417057
v 1.432302 0.12740877 -2.711866
v 1.4321826 -3.794479E-09 -2.7119348
v 1.4150741 -3.794479E-09 -2.7020571
v 1.4150741 0.12740877 -2.7019193
v 1.4150741 0.15967533 -2.6902838
v 1.3877695 0.15967533 -2.706048
v 1.3838067 0.40051582 -2.7037604
v 1.4150741 0.40051582 -2.6857078
v 1.3877695 0.15967533 -2.706048
v 1.3877695 0.15967533 -2.737577
v 1.3838067 0.40051582 -2.739865
v 1.3838067 0.40051582 -2.7037604
v 1.3877695 0.15967533 -2.737577
v 1.4150741 0.15967533 -2.7533407
v 1.4150741 0.40051582 -2.757917
v 1.3838067 0.40051582 -2.739865
v 1.4423789 0.15967533 -2.706048
v 1.4150741 0.15967533 -2.6902838
v 1.4150741 0.40051582 -2.6857078
v 1.4463416 0.40051582 -2.7037604
v 1.4150741 0.12740877 -2.7019193
v 1.3978461 0.12740877 -2.711866
v 1.3877695 0.15967533 -2.706048
v 1.4150741 0.15967533 -2.6902838
v 1.3978461 0.12740877 -2.711866
v 1.3978461 0.12740877 -2.731759
v 1.3877695 0.15967533 -2.737577
v 1.3877695 0.15967533 -2.706048
v 1.3978461 0.12740877 -2.731759
v 1.4150741 0.12740877 -2.7417057
v 1.4150741 0.15967533 -2.7533407
v 1.3877695 0.15967533 -2.737577
v 1.432302 0.12740877 -2.711866
v 1.4150741 0.12740877 -2.7019193
v 1.4150741 0.15967533 -2.6902838
v 1.4423789 0.15967533 -2.706048
v 1.227674 0.3192263 -2.5302756
v 1.227674 0.3192263 -2.717408
v 1.4148066 0.3192263 -2.717408
v 1.4148065 0.3192263 -2.530275
v 1.2276736 0.21549222 -2.530275
v 1.2276736 0.21549222 -2.717408
v 1.4148062 0.21549222 -2.717408
v 1.4148062 0.21549222 -2.530275
v -2.6826005 0.3840567 1.4418356
v -2.6826005 7.3296185E-08 1.4418356
v -2.6922162 7.3296185E-08 1.4251817
v -2.6922162 0.3840567 1.4251817
v -2.7398658 0.40051582 1.4463395
v -2.7375784 0.15967534 1.4423769
v -2.7533426 0.15967534 1.415072
v -2.7579181 0.40051582 1.415072
v -0.13678004 0.38452697 2.4897826
v -0.21657577 0.38452697 2.491106
v -0.20989576 0.39846697 2.3420112
v -0.14283003 0.39846697 2.3304617
v -0.13678004 0.38452697 2.4897826
v -0.14283003 0.39846697 2.3304617
v -0.13042943 0.37766698 2.340738
v -0.13059446 0.38012698 2.4888778
v -0.03209002 0.38603693 2.4826815
v -0.12673455 0.38603693 2.4889538
v -0.12051887 0.38686702 2.333516
v -0.040270016 0.38686702 2.333516
v -0.13042943 0.37766698 2.340738
v -0.12051887 0.38686702 2.333516
v -0.12673455 0.38603693 2.4889538
v -0.13059446 0.38012698 2.4888778
v -0.028660033 0.37889698 2.4790223
v -0.03209002 0.38603693 2.4826815
v -0.040270016 0.38686702 2.333516
v -0.03661003 0.37889698 2.3341882
v 0.10603995 0.38603693 2.4868746
v -0.021710014 0.39846697 2.4923918
v -0.02777004 0.38452697 2.3318503
v 0.0983199 0.38686702 2.3284972
v 0.108454935 0.37948698 2.4870453
v 0.10603995 0.38603693 2.4868746
v 0.0983199 0.38686702 2.3284972
v 0.1075499 0.37670198 2.3348608
v 0.11758994 0.38879701 2.3334517
v 0.22018494 0.38666195 2.3305078
v 0.22624491 0.394037 2.4895868
v 0.11167993 0.387317 2.486839
v 0.1075499 0.37670198 2.3348608
v 0.11758994 0.38879701 2.3334517
v 0.11167993 0.387317 2.486839
v 0.108454935 0.37948698 2.4870453
v -0.02777004 0.38452697 2.3318503
v -0.021710014 0.39846697 2.4923918
v -0.028660033 0.37889698 2.4790223
v -0.03661003 0.37889698 2.3341882
v -1.3065307 0.326471 -2.5970068
v -1.3230987 0.34579405 -2.577189
v -1.2988415 0.34579405 -2.5836885
v -1.3230987 0.326471 -2.5925674
v -1.347356 0.34579405 -2.5836887
v -1.2944019 0.326471 -2.6091354
v -1.281084 0.34579405 -2.6014462
v -1.3396667 0.326471 -2.5970068
v -1.3651134 0.34579405 -2.6014462
v -1.3230985 0.3175031 -2.6257033
v -1.2899625 0.32647097 -2.6257033
v -1.3517952 0.326471 -2.6091354
v -1.274584 0.34579402 -2.6257033
v -1.371613 0.34579402 -2.6257033
v -1.2944019 0.32647097 -2.6422713
v -1.2810838 0.34579402 -2.6499605
v -1.3562346 0.32647097 -2.6257033
v -1.3651133 0.34579402 -2.6499605
v -1.3065306 0.32647097 -2.6543999
v -1.2988414 0.34579402 -2.6677182
v -1.3517951 0.32647097 -2.6422713
v -1.3473557 0.34579402 -2.6677182
v -1.3230985 0.32647097 -2.6588392
v -1.3230985 0.345794 -2.6742177
v -1.3396665 0.32647097 -2.6543999
v -1.3230987 0.3496298 -2.5820086
v -1.3230987 0.33147374 -2.596161
v -1.3083274 0.33147374 -2.6001189
v -1.3012513 0.3496298 -2.5878625
v -1.3449461 0.3496298 -2.5878625
v -1.2975141 0.33147374 -2.610932
v -1.2852577 0.3496298 -2.6038558
v -1.3378699 0.33147374 -2.6001189
v -1.3609394 0.3496298 -2.6038558
v -1.3230985 0.32366276 -2.6257033
v -1.2935562 0.3314737 -2.6257033
v -1.348683 0.33147374 -2.610932
v -1.2794037 0.34962976 -2.6257033
v -1.3667934 0.34962976 -2.6257033
v -1.2975141 0.3314737 -2.6404746
v -1.2852577 0.34962976 -2.6475508
v -1.3526409 0.3314737 -2.6257033
v -1.3609394 0.34962976 -2.6475508
v -1.3083273 0.3314737 -2.6512878
v -1.301251 0.34962976 -2.6635442
v -1.348683 0.3314737 -2.6404746
v -1.3449459 0.34962976 -2.6635442
v -1.3230985 0.3314737 -2.6552458
v -1.3230985 0.34962973 -2.669398
v -1.3378696 0.3314737 -2.6512878
v -1.3028103 0.32647204 2.6543977
v -1.3193783 0.34579512 2.6742156
v -1.2951211 0.3457951 2.6677158
v -1.3193783 0.32647204 2.658837
v -1.3436356 0.3457951 2.6677158
v -1.2906816 0.32647204 2.6422694
v -1.2773635 0.3457951 2.6499588
v -1.3359463 0.32647204 2.6543977
v -1.361393 0.3457951 2.649958
v -1.3193783 0.31750417 2.6257012
v -1.2862422 0.32647204 2.6257012
v -1.3480749 0.32647204 2.6422694
v -1.2708638 0.3457951 2.6257012
v -1.3678927 0.3457951 2.6257012
v -1.2906816 0.326472 2.609133
v -1.2773634 0.34579507 2.6014435
v -1.3525143 0.32647204 2.6257012
v -1.3613929 0.34579507 2.6014435
v -1.3028102 0.326472 2.5970047
v -1.295121 0.34579507 2.5836866
v -1.3480748 0.326472 2.609133
v -1.3436353 0.34579507 2.5836866
v -1.3193781 0.326472 2.5925653
v -1.3193781 0.34579507 2.5771868
v -1.3359461 0.326472 2.5970047
v -1.3193783 0.34963092 2.6693957
v -1.3193783 0.33147478 2.6552436
v -1.304607 0.33147478 2.6512854
v -1.2975309 0.3496309 2.663542
v -1.3412257 0.3496309 2.663542
v -1.2937938 0.33147478 2.6404722
v -1.2815374 0.3496309 2.6475484
v -1.3341495 0.33147478 2.6512854
v -1.3572191 0.3496309 2.6475484
v -1.3193783 0.32366383 2.6257012
v -1.2898359 0.33147478 2.6257012
v -1.3449627 0.33147478 2.6404722
v -1.2756834 0.3496309 2.6257012
v -1.3630731 0.34963083 2.6257012
v -1.2937938 0.33147475 2.6109302
v -1.2815374 0.34963086 2.603854
v -1.3489206 0.33147478 2.6257012
v -1.3572191 0.34963086 2.603854
v -1.3046069 0.33147475 2.600117
v -1.2975308 0.3496308 2.5878603
v -1.3449627 0.33147475 2.6109297
v -1.3412255 0.34963086 2.5878603
v -1.3193781 0.33147475 2.5961587
v -1.3193781 0.3496308 2.5820067
v -1.3341492 0.33147475 2.600117
v -2.6091383 0.32647172 1.3480709
v -2.6257062 0.34579483 1.3678887
v -2.601449 0.34579483 1.361389
v -2.6257062 0.32647172 1.3525102
v -2.6499636 0.34579483 1.3613889
v -2.5970097 0.32647172 1.3359426
v -2.5836916 0.34579483 1.3436321
v -2.6422744 0.32647178 1.3480709
v -2.667721 0.34579483 1.3436315
v -2.6257062 0.3175039 1.3193743
v -2.5925703 0.32647172 1.3193744
v -2.654403 0.32647172 1.3359425
v -2.5771918 0.34579483 1.3193744
v -2.6742206 0.34579483 1.3193743
v -2.5970097 0.32647172 1.3028063
v -2.5836916 0.34579483 1.2951173
v -2.658842 0.32647172 1.3193743
v -2.667721 0.34579483 1.2951171
v -2.6091383 0.32647172 1.2906778
v -2.601449 0.34579477 1.2773598
v -2.654403 0.32647172 1.3028061
v -2.6499634 0.34579477 1.2773597
v -2.6257062 0.32647172 1.2862384
v -2.6257062 0.34579477 1.27086
v -2.6422744 0.32647172 1.2906778
v -2.6257062 0.34963056 1.3630693
v -2.6257062 0.3314745 1.3489168
v -2.6109352 0.3314745 1.344959
v -2.603859 0.34963056 1.3572156
v -2.647554 0.34963056 1.3572156
v -2.600122 0.3314745 1.3341454
v -2.5878656 0.34963056 1.3412217
v -2.6404777 0.3314745 1.344959
v -2.663547 0.34963056 1.3412216
v -2.6257062 0.32366356 1.3193743
v -2.596164 0.3314745 1.3193744
v -2.651291 0.3314745 1.3341453
v -2.5820115 0.34963056 1.3193744
v -2.6694012 0.34963056 1.3193743
v -2.600122 0.3314745 1.3046035
v -2.5878654 0.34963056 1.2975272
v -2.6552486 0.3314745 1.3193743
v -2.663547 0.34963056 1.2975271
v -2.6109352 0.3314745 1.2937901
v -2.603859 0.34963056 1.2815335
v -2.651291 0.3314745 1.3046029
v -2.6475537 0.34963056 1.2815335
v -2.6257062 0.3314745 1.2898319
v -2.6257062 0.3496305 1.2756798
v -2.6404777 0.3314745 1.2937901
v -2.6054087 0.32647124 -1.2944055
v -2.6219766 0.3457944 -1.2745876
v -2.5977194 0.3457944 -1.2810873
v -2.6219766 0.32647124 -1.2899661
v -2.646234 0.3457944 -1.2810874
v -2.59328 0.32647124 -1.3065339
v -2.579962 0.34579435 -1.2988448
v -2.6385448 0.32647124 -1.2944055
v -2.6639915 0.34579435 -1.2988449
v -2.6219766 0.31750336 -1.3231021
v -2.5888407 0.32647124 -1.323102
v -2.6506734 0.32647124 -1.3065342
v -2.5734622 0.34579435 -1.323102
v -2.670491 0.3457943 -1.3231021
v -2.59328 0.32647124 -1.3396701
v -2.579962 0.34579435 -1.3473592
v -2.6551125 0.32647124 -1.3231021
v -2.6639915 0.34579435 -1.3473594
v -2.6054087 0.32647124 -1.3517988
v -2.5977194 0.3457943 -1.3651167
v -2.6506734 0.32647124 -1.3396702
v -2.6462338 0.3457943 -1.3651168
v -2.6219766 0.32647124 -1.356238
v -2.6219766 0.34579426 -1.3716166
v -2.6385448 0.32647124 -1.3517988
v -2.6219766 0.34963015 -1.2794073
v -2.6219766 0.33147398 -1.2935598
v -2.6072056 0.33147398 -1.2975177
v -2.6001294 0.3496301 -1.2852613
v -2.6438243 0.3496301 -1.2852614
v -2.5963924 0.33147398 -1.3083308
v -2.584136 0.3496301 -1.3012546
v -2.636748 0.33147398 -1.2975177
v -2.6598175 0.3496301 -1.3012547
v -2.6219766 0.3236631 -1.3231021
v -2.5924344 0.33147398 -1.323102
v -2.6475613 0.33147398 -1.3083309
v -2.5782819 0.3496301 -1.323102
v -2.6656716 0.3496301 -1.3231021
v -2.5963924 0.33147398 -1.3378731
v -2.5841358 0.3496301 -1.3449494
v -2.651519 0.33147398 -1.3231021
v -2.6598175 0.3496301 -1.3449496
v -2.6072056 0.33147398 -1.3486865
v -2.6001294 0.3496301 -1.3609427
v -2.6475613 0.33147398 -1.3378732
v -2.643824 0.3496301 -1.360943
v -2.6219766 0.33147398 -1.3526444
v -2.6219766 0.3496301 -1.366797
v -2.636748 0.33147398 -1.3486865
v 1.3065326 0.326471 -2.5970058
v 1.2988434 0.34579405 -2.5836875
v 1.3231006 0.34579405 -2.577188
v 1.3231006 0.326471 -2.5925665
v 1.3473579 0.34579405 -2.5836878
v 1.294404 0.326471 -2.6091344
v 1.2810858 0.34579405 -2.6014452
v 1.3396686 0.326471 -2.5970058
v 1.3651153 0.34579405 -2.6014452
v 1.3231007 0.3175031 -2.6257024
v 1.2899647 0.32647097 -2.6257024
v 1.3517973 0.326471 -2.6091344
v 1.2745862 0.34579402 -2.6257024
v 1.3716152 0.34579402 -2.6257024
v 1.294404 0.32647097 -2.6422703
v 1.281086 0.34579402 -2.6499596
v 1.3562367 0.32647097 -2.6257024
v 1.3651154 0.34579402 -2.6499596
v 1.3065327 0.32647097 -2.654399
v 1.2988435 0.34579402 -2.6677172
v 1.3517972 0.32647097 -2.6422703
v 1.3473579 0.34579402 -2.6677172
v 1.3231007 0.32647097 -2.6588383
v 1.3231007 0.345794 -2.6742167
v 1.3396686 0.32647097 -2.654399
v 1.3231006 0.3496298 -2.5820076
v 1.3012532 0.3496298 -2.5878615
v 1.3083293 0.33147374 -2.600118
v 1.3231006 0.33147374 -2.59616
v 1.344948 0.3496298 -2.5878615
v 1.2975162 0.33147374 -2.6109312
v 1.2852598 0.3496298 -2.603855
v 1.3378718 0.33147374 -2.600118
v 1.3609415 0.3496298 -2.603855
v 1.3231007 0.32366276 -2.6257024
v 1.2935584 0.3314737 -2.6257024
v 1.3486851 0.33147374 -2.6109312
v 1.2794058 0.34962976 -2.6257024
v 1.3667955 0.34962976 -2.6257024
v 1.2975162 0.3314737 -2.6404736
v 1.2852598 0.34962976 -2.6475499
v 1.352643 0.3314737 -2.6257024
v 1.3609415 0.34962976 -2.6475499
v 1.3083295 0.3314737 -2.6512868
v 1.3012532 0.34962976 -2.6635432
v 1.3486851 0.3314737 -2.6404736
v 1.344948 0.34962976 -2.6635432
v 1.3231007 0.3314737 -2.6552448
v 1.3231007 0.34962973 -2.669397
v 1.3378718 0.3314737 -2.6512868
v 1.3028082 0.32647204 2.6543987
v 1.2951189 0.3457951 2.6677167
v 1.3193761 0.34579512 2.6742165
v 1.3193761 0.32647204 2.658838
v 1.3436334 0.3457951 2.6677167
v 1.2906795 0.32647204 2.6422703
v 1.2773614 0.3457951 2.6499598
v 1.3359442 0.32647204 2.6543987
v 1.3613908 0.3457951 2.6499588
v 1.3193761 0.31750417 2.6257021
v 1.2862401 0.32647204 2.6257021
v 1.3480728 0.32647204 2.6422703
v 1.2708616 0.3457951 2.6257021
v 1.3678906 0.3457951 2.6257021
v 1.2906795 0.326472 2.609134
v 1.2773615 0.34579507 2.6014445
v 1.3525121 0.32647204 2.6257021
v 1.361391 0.34579507 2.6014445
v 1.3028083 0.326472 2.5970056
v 1.295119 0.34579507 2.5836875
v 1.3480726 0.326472 2.609134
v 1.3436334 0.34579507 2.5836875
v 1.3193762 0.326472 2.5925663
v 1.3193762 0.34579507 2.5771878
v 1.3359442 0.326472 2.5970056
v 1.3193761 0.34963092 2.6693966
v 1.2975287 0.3496309 2.663543
v 1.3046049 0.33147478 2.6512864
v 1.3193761 0.33147478 2.6552446
v 1.3412236 0.3496309 2.663543
v 1.2937917 0.33147478 2.6404731
v 1.2815353 0.3496309 2.6475494
v 1.3341473 0.33147478 2.6512864
v 1.357217 0.3496309 2.6475494
v 1.3193761 0.32366383 2.6257021
v 1.2898338 0.33147478 2.6257021
v 1.3449606 0.33147478 2.6404731
v 1.2756813 0.3496309 2.6257021
v 1.363071 0.34963083 2.6257021
v 1.2937917 0.33147475 2.6109312
v 1.2815353 0.34963086 2.603855
v 1.3489184 0.33147478 2.6257021
v 1.357217 0.34963086 2.603855
v 1.304605 0.33147475 2.600118
v 1.2975289 0.3496308 2.5878613
v 1.3449606 0.33147475 2.6109307
v 1.3412236 0.34963086 2.5878613
v 1.3193762 0.33147475 2.5961597
v 1.3193762 0.3496308 2.5820076
v 1.3341473 0.33147475 2.600118
v 2.6091373 0.32647172 1.348073
v 2.601448 0.34579483 1.361391
v 2.6257052 0.34579483 1.3678908
v 2.6257052 0.32647172 1.3525124
v 2.6499627 0.34579483 1.3613911
v 2.5970087 0.32647172 1.3359445
v 2.5836906 0.34579483 1.343634
v 2.6422734 0.32647178 1.348073
v 2.66772 0.34579483 1.3436337
v 2.6257052 0.3175039 1.3193765
v 2.5925694 0.32647172 1.3193763
v 2.654402 0.32647172 1.3359447
v 2.5771909 0.34579483 1.3193763
v 2.6742196 0.34579483 1.3193765
v 2.5970087 0.32647172 1.3028082
v 2.5836906 0.34579483 1.2951192
v 2.6588411 0.32647172 1.3193765
v 2.66772 0.34579483 1.2951193
v 2.6091373 0.32647172 1.2906799
v 2.601448 0.34579477 1.2773618
v 2.654402 0.32647172 1.3028083
v 2.6499624 0.34579477 1.2773619
v 2.6257052 0.32647172 1.2862406
v 2.6257052 0.34579477 1.2708621
v 2.6422734 0.32647172 1.2906799
v 2.6257052 0.34963056 1.3630714
v 2.603858 0.34963056 1.3572178
v 2.6109343 0.3314745 1.3449612
v 2.6257052 0.3314745 1.3489189
v 2.647553 0.34963056 1.3572178
v 2.600121 0.3314745 1.3341473
v 2.5878646 0.34963056 1.3412236
v 2.6404767 0.3314745 1.3449612
v 2.663546 0.34963056 1.3412237
v 2.6257052 0.32366356 1.3193765
v 2.596163 0.3314745 1.3193763
v 2.65129 0.3314745 1.3341475
v 2.5820105 0.34963056 1.3193763
v 2.6694002 0.34963056 1.3193765
v 2.600121 0.3314745 1.3046054
v 2.5878644 0.34963056 1.2975291
v 2.6552477 0.3314745 1.3193765
v 2.663546 0.34963056 1.2975292
v 2.6109343 0.3314745 1.2937922
v 2.603858 0.34963056 1.2815356
v 2.65129 0.3314745 1.304605
v 2.6475527 0.34963056 1.2815356
v 2.6257052 0.3314745 1.289834
v 2.6257052 0.3496305 1.275682
v 2.6404767 0.3314745 1.2937922
v 2.6054096 0.32647124 -1.2944033
v 2.5977204 0.3457944 -1.2810854
v 2.6219776 0.3457944 -1.2745855
v 2.6219776 0.32647124 -1.289964
v 2.646235 0.3457944 -1.2810853
v 2.593281 0.32647124 -1.306532
v 2.579963 0.34579435 -1.2988429
v 2.6385458 0.32647124 -1.2944033
v 2.6639924 0.34579435 -1.2988428
v 2.6219776 0.31750336 -1.3231
v 2.5888417 0.32647124 -1.3231001
v 2.6506743 0.32647124 -1.306532
v 2.5734632 0.34579435 -1.3231001
v 2.670492 0.3457943 -1.3231
v 2.593281 0.32647124 -1.3396682
v 2.579963 0.34579435 -1.3473573
v 2.6551135 0.32647124 -1.3231
v 2.6639924 0.34579435 -1.3473573
v 2.6054096 0.32647124 -1.3517966
v 2.5977204 0.3457943 -1.3651148
v 2.6506743 0.32647124 -1.339668
v 2.6462348 0.3457943 -1.3651147
v 2.6219776 0.32647124 -1.3562359
v 2.6219776 0.34579426 -1.3716145
v 2.6385458 0.32647124 -1.3517966
v 2.6219776 0.34963015 -1.2794051
v 2.6001303 0.3496301 -1.2852594
v 2.6072066 0.33147398 -1.2975155
v 2.6219776 0.33147398 -1.2935576
v 2.6438253 0.3496301 -1.2852592
v 2.5963933 0.33147398 -1.3083289
v 2.584137 0.3496301 -1.3012527
v 2.636749 0.33147398 -1.2975155
v 2.6598184 0.3496301 -1.3012526
v 2.6219776 0.3236631 -1.3231
v 2.5924354 0.33147398 -1.3231001
v 2.6475623 0.33147398 -1.3083287
v 2.5782828 0.3496301 -1.3231001
v 2.6656725 0.3496301 -1.3231
v 2.5963933 0.33147398 -1.3378712
v 2.5841367 0.3496301 -1.3449475
v 2.65152 0.33147398 -1.3231
v 2.6598184 0.3496301 -1.3449475
v 2.6072066 0.33147398 -1.3486843
v 2.6001303 0.3496301 -1.3609408
v 2.6475623 0.33147398 -1.3378711
v 2.643825 0.3496301 -1.3609408
v 2.6219776 0.33147398 -1.3526423
v 2.6219776 0.3496301 -1.3667948
v 2.636749 0.33147398 -1.3486843
v -1.3230987 0.34579405 -2.577189
v -1.3230987 0.3496298 -2.5820086
v -1.3012513 0.3496298 -2.5878625
v -1.2988415 0.34579405 -2.5836885
v -1.347356 0.34579405 -2.5836887
v -1.2852577 0.3496298 -2.6038558
v -1.3449461 0.3496298 -2.5878625
v -1.281084 0.34579405 -2.6014462
v -1.3651134 0.34579405 -2.6014462
v -1.2794037 0.34962976 -2.6257033
v -1.3609394 0.3496298 -2.6038558
v -1.274584 0.34579402 -2.6257033
v -1.371613 0.34579402 -2.6257033
v -1.2852577 0.34962976 -2.6475508
v -1.3667934 0.34962976 -2.6257033
v -1.2810838 0.34579402 -2.6499605
v -1.3651133 0.34579402 -2.6499605
v -1.301251 0.34962976 -2.6635442
v -1.3609394 0.34962976 -2.6475508
v -1.2988414 0.34579402 -2.6677182
v -1.3473557 0.34579402 -2.6677182
v -1.3230985 0.34962973 -2.669398
v -1.3449459 0.34962976 -2.6635442
v -1.3230985 0.345794 -2.6742177
v -1.3193783 0.34579512 2.6742156
v -1.3193783 0.34963092 2.6693957
v -1.2975309 0.3496309 2.663542
v -1.2951211 0.3457951 2.6677158
v -1.3436356 0.3457951 2.6677158
v -1.2815374 0.3496309 2.6475484
v -1.3412257 0.3496309 2.663542
v -1.2773635 0.3457951 2.6499588
v -1.361393 0.3457951 2.649958
v -1.2756834 0.3496309 2.6257012
v -1.3572191 0.3496309 2.6475484
v -1.2708638 0.3457951 2.6257012
v -1.3678927 0.3457951 2.6257012
v -1.2815374 0.34963086 2.603854
v -1.3630731 0.34963083 2.6257012
v -1.2773634 0.34579507 2.6014435
v -1.3613929 0.34579507 2.6014435
v -1.2975308 0.3496308 2.5878603
v -1.3572191 0.34963086 2.603854
v -1.295121 0.34579507 2.5836866
v -1.3436353 0.34579507 2.5836866
v -1.3193781 0.3496308 2.5820067
v -1.3412255 0.34963086 2.5878603
v -1.3193781 0.34579507 2.5771868
v -2.6257062 0.34579483 1.3678887
v -2.6257062 0.34963056 1.3630693
v -2.603859 0.34963056 1.3572156
v -2.601449 0.34579483 1.361389
v -2.6499636 0.34579483 1.3613889
v -2.5878656 0.34963056 1.3412217
v -2.647554 0.34963056 1.3572156
v -2.5836916 0.34579483 1.3436321
v -2.667721 0.34579483 1.3436315
v -2.5820115 0.34963056 1.3193744
v -2.663547 0.34963056 1.3412216
v -2.5771918 0.34579483 1.3193744
v -2.6742206 0.34579483 1.3193743
v -2.5878654 0.34963056 1.2975272
v -2.6694012 0.34963056 1.3193743
v -2.5836916 0.34579483 1.2951173
v -2.667721 0.34579483 1.2951171
v -2.603859 0.34963056 1.2815335
v -2.663547 0.34963056 1.2975271
v -2.601449 0.34579477 1.2773598
v -2.6499634 0.34579477 1.2773597
v -2.6257062 0.3496305 1.2756798
v -2.6475537 0.34963056 1.2815335
v -2.6257062 0.34579477 1.27086
v -2.6219766 0.3457944 -1.2745876
v -2.6219766 0.34963015 -1.2794073
v -2.6001294 0.3496301 -1.2852613
v -2.5977194 0.3457944 -1.2810873
v -2.646234 0.3457944 -1.2810874
v -2.584136 0.3496301 -1.3012546
v -2.6438243 0.3496301 -1.2852614
v -2.579962 0.34579435 -1.2988448
v -2.6639915 0.34579435 -1.2988449
v -2.5782819 0.3496301 -1.323102
v -2.6598175 0.3496301 -1.3012547
v -2.5734622 0.34579435 -1.323102
v -2.670491 0.3457943 -1.3231021
v -2.5841358 0.3496301 -1.3449494
v -2.6656716 0.3496301 -1.3231021
v -2.579962 0.34579435 -1.3473592
v -2.6639915 0.34579435 -1.3473594
v -2.6001294 0.3496301 -1.3609427
v -2.6598175 0.3496301 -1.3449496
v -2.5977194 0.3457943 -1.3651167
v -2.6462338 0.3457943 -1.3651168
v -2.6219766 0.3496301 -1.366797
v -2.643824 0.3496301 -1.360943
v -2.6219766 0.34579426 -1.3716166
v 1.3231006 0.34579405 -2.577188
v 1.2988434 0.34579405 -2.5836875
v 1.3012532 0.3496298 -2.5878615
v 1.3231006 0.3496298 -2.5820076
v 1.2852598 0.3496298 -2.603855
v 1.3473579 0.34579405 -2.5836878
v 1.2810858 0.34579405 -2.6014452
v 1.344948 0.3496298 -2.5878615
v 1.2794058 0.34962976 -2.6257024
v 1.3651153 0.34579405 -2.6014452
v 1.2745862 0.34579402 -2.6257024
v 1.3609415 0.3496298 -2.603855
v 1.2852598 0.34962976 -2.6475499
v 1.3716152 0.34579402 -2.6257024
v 1.281086 0.34579402 -2.6499596
v 1.3667955 0.34962976 -2.6257024
v 1.3012532 0.34962976 -2.6635432
v 1.3651154 0.34579402 -2.6499596
v 1.2988435 0.34579402 -2.6677172
v 1.3609415 0.34962976 -2.6475499
v 1.3231007 0.34962973 -2.669397
v 1.3473579 0.34579402 -2.6677172
v 1.3231007 0.345794 -2.6742167
v 1.344948 0.34962976 -2.6635432
v 1.3193761 0.34579512 2.6742165
v 1.2951189 0.3457951 2.6677167
v 1.2975287 0.3496309 2.663543
v 1.3193761 0.34963092 2.6693966
v 1.2815353 0.3496309 2.6475494
v 1.3436334 0.3457951 2.6677167
v 1.2773614 0.3457951 2.6499598
v 1.3412236 0.3496309 2.663543
v 1.2756813 0.3496309 2.6257021
v 1.3613908 0.3457951 2.6499588
v 1.2708616 0.3457951 2.6257021
v 1.357217 0.3496309 2.6475494
v 1.2815353 0.34963086 2.603855
v 1.3678906 0.3457951 2.6257021
v 1.2773615 0.34579507 2.6014445
v 1.363071 0.34963083 2.6257021
v 1.2975289 0.3496308 2.5878613
v 1.361391 0.34579507 2.6014445
v 1.295119 0.34579507 2.5836875
v 1.357217 0.34963086 2.603855
v 1.3193762 0.3496308 2.5820076
v 1.3436334 0.34579507 2.5836875
v 1.3193762 0.34579507 2.5771878
v 1.3412236 0.34963086 2.5878613
v 2.6257052 0.34579483 1.3678908
v 2.601448 0.34579483 1.361391
v 2.603858 0.34963056 1.3572178
v 2.6257052 0.34963056 1.3630714
v 2.5878646 0.34963056 1.3412236
v 2.6499627 0.34579483 1.3613911
v 2.5836906 0.34579483 1.343634
v 2.647553 0.34963056 1.3572178
v 2.5820105 0.34963056 1.3193763
v 2.66772 0.34579483 1.3436337
v 2.5771909 0.34579483 1.3193763
v 2.663546 0.34963056 1.3412237
v 2.5878644 0.34963056 1.2975291
v 2.6742196 0.34579483 1.3193765
v 2.5836906 0.34579483 1.2951192
v 2.6694002 0.34963056 1.3193765
v 2.603858 0.34963056 1.2815356
v 2.66772 0.34579483 1.2951193
v 2.601448 0.34579477 1.2773618
v 2.663546 0.34963056 1.2975292
v 2.6257052 0.3496305 1.275682
v 2.6499624 0.34579477 1.2773619
v 2.6257052 0.34579477 1.2708621
v 2.6475527 0.34963056 1.2815356
v 2.6219776 0.3457944 -1.2745855
v 2.5977204 0.3457944 -1.2810854
v 2.6001303 0.3496301 -1.2852594
v 2.6219776 0.34963015 -1.2794051
v 2.584137 0.3496301 -1.3012527
v 2.646235 0.3457944 -1.2810853
v 2.579963 0.34579435 -1.2988429
v 2.6438253 0.3496301 -1.2852592
v 2.5782828 0.3496301 -1.3231001
v 2.6639924 0.34579435 -1.2988428
v 2.5734632 0.34579435 -1.3231001
v 2.6598184 0.3496301 -1.3012526
v 2.5841367 0.3496301 -1.3449475
v 2.670492 0.3457943 -1.3231
v 2.579963 0.34579435 -1.3473573
v 2.6656725 0.3496301 -1.3231
v 2.6001303 0.3496301 -1.3609408
v 2.6639924 0.34579435 -1.3473573
v 2.5977204 0.3457943 -1.3651148
v 2.6598184 0.3496301 -1.3449475
v 2.6219776 0.3496301 -1.3667948
v 2.6462348 0.3457943 -1.3651147
v 2.6219776 0.34579426 -1.3716145
v 2.643825 0.3496301 -1.3609408
vt 0.95654297 0.92871094
vt 0.9482422 0.91845703
vt 0.94384766 0.93066406
vt 0.94384766 0.93066406
vt 0.9482422 0.91845703
vt 0.9355469 0.92089844
vt 0.9355469 0.92089844
vt 0.9482422 0.91845703
vt 0.9399414 0.9086914
vt 0.9399414 0.9086914
vt 0.9482422 0.91845703
vt 0.9526367 0.9067383
vt 0.9526367 0.9067383
vt 0.9482422 0.91845703
vt 0.9614258 0.9165039
vt 0.9614258 0.9165039
vt 0.9482422 0.91845703
vt 0.95654297 0.92871094
vt 0.9277344 0.7504883
vt 0.92089844 0.7426758
vt 0.91796875 0.7519531
vt 0.91796875 0.7519531
vt 0.92089844 0.7426758
vt 0.9111328 0.7446289
vt 0.9111328 0.7446289
vt 0.92089844 0.7426758
vt 0.9145508 0.73535156
vt 0.9145508 0.73535156
vt 0.92089844 0.7426758
vt 0.9243164 0.73339844
vt 0.9243164 0.73339844
vt 0.92089844 0.7426758
vt 0.93115234 0.74121094
vt 0.93115234 0.74121094
vt 0.92089844 0.7426758
vt 0.9277344 0.7504883
vt 0.7167969 0.8857422
vt 0.71240234 0.8803711
vt 0.70996094 0.88671875
vt 0.70996094 0.88671875
vt 0.71240234 0.8803711
vt 0.7055664 0.88183594
vt 0.7055664 0.88183594
vt 0.71240234 0.8803711
vt 0.7080078 0.875
vt 0.7080078 0.875
vt 0.71240234 0.8803711
vt 0.71484375 0.87402344
vt 0.71484375 0.87402344
vt 0.71240234 0.8803711
vt 0.7192383 0.87939453
vt 0.7192383 0.87939453
vt 0.71240234 0.8803711
vt 0.7167969 0.8857422
vt 0.71875 0.93603516
vt 0.71435547 0.93066406
vt 0.71191406 0.9370117
vt 0.71191406 0.9370117
vt 0.71435547 0.93066406
vt 0.70751953 0.9316406
vt 0.70751953 0.9316406
vt 0.71435547 0.93066406
vt 0.70996094 0.92529297
vt 0.70996094 0.92529297
vt 0.71435547 0.93066406
vt 0.7167969 0.9238281
vt 0.7167969 0.9238281
vt 0.71435547 0.93066406
vt 0.7211914 0.9291992
vt 0.7211914 0.9291992
vt 0.71435547 0.93066406
vt 0.71875 0.93603516
vt 0.8984375 0.77978516
vt 0.89160156 0.77197266
vt 0.8881836 0.7817383
vt 0.8881836 0.7817383
vt 0.89160156 0.77197266
vt 0.88134766 0.7739258
vt 0.88134766 0.7739258
vt 0.89160156 0.77197266
vt 0.8852539 0.76416016
vt 0.8852539 0.76416016
vt 0.89160156 0.77197266
vt 0.89501953 0.76220703
vt 0.89501953 0.76220703
vt 0.89160156 0.77197266
vt 0.90185547 0.77001953
vt 0.90185547 0.77001953
vt 0.89160156 0.77197266
vt 0.8984375 0.77978516
vt 0.84277344 0.74902344
vt 0.8383789 0.74365234
vt 0.8359375 0.7504883
vt 0.8359375 0.7504883
vt 0.8383789 0.74365234
vt 0.83154297 0.7451172
vt 0.83154297 0.7451172
vt 0.8383789 0.74365234
vt 0.8339844 0.73876953
vt 0.8339844 0.73876953
vt 0.8383789 0.74365234
vt 0.84033203 0.7373047
vt 0.84033203 0.7373047
vt 0.8383789 0.74365234
vt 0.84521484 0.7426758
vt 0.84521484 0.7426758
vt 0.8383789 0.74365234
vt 0.84277344 0.74902344
vt 0.76171875 0.8598633
vt 0.7573242 0.8544922
vt 0.7548828 0.86083984
vt 0.7548828 0.86083984
vt 0.7573242 0.8544922
vt 0.7504883 0.85546875
vt 0.7504883 0.85546875
vt 0.7573242 0.8544922
vt 0.7529297 0.8491211
vt 0.7529297 0.8491211
vt 0.7573242 0.8544922
vt 0.7597656 0.84814453
vt 0.7597656 0.84814453
vt 0.7573242 0.8544922
vt 0.76416016 0.85302734
vt 0.76416016 0.85302734
vt 0.7573242 0.8544922
vt 0.76171875 0.8598633
vt 0.8261719 0.9433594
vt 0.83251953 0.9511719
vt 0.8359375 0.94189453
vt 0.8359375 0.94189453
vt 0.83251953 0.9511719
vt 0.84228516 0.94970703
vt 0.84228516 0.94970703
vt 0.83251953 0.9511719
vt 0.8383789 0.9589844
vt 0.8383789 0.9589844
vt 0.83251953 0.9511719
vt 0.8286133 0.9604492
vt 0.8286133 0.9604492
vt 0.83251953 0.9511719
vt 0.8222656 0.9526367
vt 0.8222656 0.9526367
vt 0.83251953 0.9511719
vt 0.8261719 0.9433594
vt 0.8095703 0.7607422
vt 0.81396484 0.7661133
vt 0.81640625 0.75927734
vt 0.81640625 0.75927734
vt 0.81396484 0.7661133
vt 0.8208008 0.76464844
vt 0.8208008 0.76464844
vt 0.81396484 0.7661133
vt 0.81884766 0.7709961
vt 0.81884766 0.7709961
vt 0.81396484 0.7661133
vt 0.8120117 0.77246094
vt 0.8120117 0.77246094
vt 0.81396484 0.7661133
vt 0.8071289 0.76708984
vt 0.8071289 0.76708984
vt 0.81396484 0.7661133
vt 0.8095703 0.7607422
vt 0.8613281 0.7060547
vt 0.86621094 0.7114258
vt 0.86816406 0.7050781
vt 0.86816406 0.7050781
vt 0.86621094 0.7114258
vt 0.8725586 0.70996094
vt 0.8725586 0.70996094
vt 0.86621094 0.7114258
vt 0.87060547 0.7167969
vt 0.87060547 0.7167969
vt 0.86621094 0.7114258
vt 0.86376953 0.71777344
vt 0.86376953 0.71777344
vt 0.86621094 0.7114258
vt 0.859375 0.7128906
vt 0.859375 0.7128906
vt 0.86621094 0.7114258
vt 0.8613281 0.7060547
vt 0.80078125 0.8544922
vt 0.8076172 0.8618164
vt 0.8105469 0.85253906
vt 0.8105469 0.85253906
vt 0.8076172 0.8618164
vt 0.8173828 0.8598633
vt 0.8173828 0.8598633
vt 0.8076172 0.8618164
vt 0.81396484 0.8696289
vt 0.81396484 0.8696289
vt 0.8076172 0.8618164
vt 0.8041992 0.87109375
vt 0.8041992 0.87109375
vt 0.8076172 0.8618164
vt 0.79785156 0.86376953
vt 0.79785156 0.86376953
vt 0.8076172 0.8618164
vt 0.80078125 0.8544922
vt 0.76123047 0.80615234
vt 0.765625 0.81103516
vt 0.7680664 0.8046875
vt 0.7680664 0.8046875
vt 0.765625 0.81103516
vt 0.77246094 0.8100586
vt 0.77246094 0.8100586
vt 0.765625 0.81103516
vt 0.7705078 0.81640625
vt 0.7705078 0.81640625
vt 0.765625 0.81103516
vt 0.7636719 0.8178711
vt 0.7636719 0.8178711
vt 0.765625 0.81103516
vt 0.75927734 0.8125
vt 0.75927734 0.8125
vt 0.765625 0.81103516
vt 0.76123047 0.80615234
vt 0.78564453 0.7832031
vt 0.79003906 0.78808594
vt 0.7919922 0.7817383
vt 0.7919922 0.7817383
vt 0.79003906 0.78808594
vt 0.796875 0.7871094
vt 0.796875 0.7871094
vt 0.79003906 0.78808594
vt 0.7944336 0.79345703
vt 0.7944336 0.79345703
vt 0.79003906 0.78808594
vt 0.78759766 0.7949219
vt 0.78759766 0.7949219
vt 0.79003906 0.78808594
vt 0.7832031 0.7895508
vt 0.7832031 0.7895508
vt 0.79003906 0.78808594
vt 0.78564453 0.7832031
vt 0.99072266 0.9736328
vt 0.9785156 0.97753906
vt 0.98779297 0.9863281
vt 0.98779297 0.9863281
vt 0.9785156 0.97753906
vt 0.97509766 0.9897461
vt 0.97509766 0.9897461
vt 0.9785156 0.97753906
vt 0.9658203 0.98095703
vt 0.9658203 0.98095703
vt 0.9785156 0.97753906
vt 0.9692383 0.9682617
vt 0.9692383 0.9682617
vt 0.9785156 0.97753906
vt 0.9814453 0.96484375
vt 0.9814453 0.96484375
vt 0.9785156 0.97753906
vt 0.99072266 0.9736328
vt 0.9145508 0.9897461
vt 0.91845703 0.97753906
vt 0.9057617 0.97998047
vt 0.9057617 0.97998047
vt 0.91845703 0.97753906
vt 0.91015625 0.96777344
vt 0.91015625 0.96777344
vt 0.91845703 0.97753906
vt 0.92285156 0.96533203
vt 0.92285156 0.96533203
vt 0.91845703 0.97753906
vt 0.93115234 0.97509766
vt 0.93115234 0.97509766
vt 0.91845703 0.97753906
vt 0.9272461 0.9873047
vt 0.9272461 0.9873047
vt 0.91845703 0.97753906
vt 0.9145508 0.9897461
vt 0.9614258 0.9741211
vt 0.94873047 0.97753906
vt 0.95751953 0.9868164
vt 0.95751953 0.9868164
vt 0.94873047 0.97753906
vt 0.9448242 0.9897461
vt 0.9448242 0.9897461
vt 0.94873047 0.97753906
vt 0.93603516 0.98046875
vt 0.93603516 0.98046875
vt 0.94873047 0.97753906
vt 0.9394531 0.9682617
vt 0.9394531 0.9682617
vt 0.94873047 0.97753906
vt 0.95214844 0.96484375
vt 0.95214844 0.96484375
vt 0.94873047 0.97753906
vt 0.9614258 0.9741211
vt 0.92626953 0.9379883
vt 0.9135742 0.93603516
vt 0.91845703 0.9482422
vt 0.9135742 0.93603516
vt 0.90527344 0.94628906
vt 0.91845703 0.9482422
vt 0.90527344 0.94628906
vt 0.91015625 0.9584961
vt 0.91845703 0.9482422
vt 0.91015625 0.9584961
vt 0.92285156 0.9604492
vt 0.91845703 0.9482422
vt 0.92285156 0.9604492
vt 0.93115234 0.9501953
vt 0.91845703 0.9482422
vt 0.93115234 0.9501953
vt 0.92626953 0.9379883
vt 0.91845703 0.9482422
vt 0.7998047 0.9291992
vt 0.8095703 0.93066406
vt 0.80615234 0.9213867
vt 0.8095703 0.93066406
vt 0.81591797 0.92285156
vt 0.80615234 0.9213867
vt 0.81591797 0.92285156
vt 0.8120117 0.9140625
vt 0.80615234 0.9213867
vt 0.8120117 0.9140625
vt 0.8022461 0.9121094
vt 0.80615234 0.9213867
vt 0.8022461 0.9121094
vt 0.79589844 0.9199219
vt 0.80615234 0.9213867
vt 0.79589844 0.9199219
vt 0.7998047 0.9291992
vt 0.80615234 0.9213867
vt 0.6875 0.9111328
vt 0.69433594 0.9121094
vt 0.69189453 0.9057617
vt 0.69433594 0.9121094
vt 0.69873047 0.9067383
vt 0.69189453 0.9057617
vt 0.69873047 0.9067383
vt 0.69628906 0.9003906
vt 0.69189453 0.9057617
vt 0.69628906 0.9003906
vt 0.6894531 0.89941406
vt 0.69189453 0.9057617
vt 0.6894531 0.89941406
vt 0.6850586 0.90478516
vt 0.69189453 0.9057617
vt 0.6850586 0.90478516
vt 0.6875 0.9111328
vt 0.69189453 0.9057617
vt 0.7368164 0.9589844
vt 0.74365234 0.9604492
vt 0.74121094 0.9536133
vt 0.74365234 0.9604492
vt 0.7480469 0.95458984
vt 0.74121094 0.9536133
vt 0.7480469 0.95458984
vt 0.74560547 0.9482422
vt 0.74121094 0.9536133
vt 0.74560547 0.9482422
vt 0.73876953 0.9472656
vt 0.74121094 0.9536133
vt 0.73876953 0.9472656
vt 0.734375 0.9526367
vt 0.74121094 0.9536133
vt 0.734375 0.9526367
vt 0.7368164 0.9589844
vt 0.74121094 0.9536133
vt 0.85595703 0.8095703
vt 0.86621094 0.81103516
vt 0.86279297 0.8017578
vt 0.86621094 0.81103516
vt 0.8725586 0.80322266
vt 0.86279297 0.8017578
vt 0.8725586 0.80322266
vt 0.8691406 0.79345703
vt 0.86279297 0.8017578
vt 0.8691406 0.79345703
vt 0.8588867 0.7919922
vt 0.86279297 0.8017578
vt 0.8588867 0.7919922
vt 0.85253906 0.7998047
vt 0.86279297 0.8017578
vt 0.85253906 0.7998047
vt 0.85595703 0.8095703
vt 0.86279297 0.8017578
vt 0.8618164 0.69921875
vt 0.86865234 0.7001953
vt 0.86572266 0.69384766
vt 0.86865234 0.7001953
vt 0.8725586 0.6948242
vt 0.86572266 0.69384766
vt 0.8725586 0.6948242
vt 0.8701172 0.68847656
vt 0.86572266 0.69384766
vt 0.8701172 0.68847656
vt 0.86328125 0.6875
vt 0.86572266 0.69384766
vt 0.86328125 0.6875
vt 0.859375 0.6928711
vt 0.86572266 0.69384766
vt 0.859375 0.6928711
vt 0.8618164 0.69921875
vt 0.86572266 0.69384766
vt 0.8095703 0.75341797
vt 0.81640625 0.75439453
vt 0.81396484 0.7480469
vt 0.81640625 0.75439453
vt 0.8208008 0.74902344
vt 0.81396484 0.7480469
vt 0.8208008 0.74902344
vt 0.8183594 0.7426758
vt 0.81396484 0.7480469
vt 0.8183594 0.7426758
vt 0.81152344 0.7416992
vt 0.81396484 0.7480469
vt 0.81152344 0.7416992
vt 0.8071289 0.7470703
vt 0.81396484 0.7480469
vt 0.8071289 0.7470703
vt 0.8095703 0.75341797
vt 0.81396484 0.7480469
vt 0.84228516 0.82421875
vt 0.83251953 0.8222656
vt 0.8354492 0.83154297
vt 0.83251953 0.8222656
vt 0.8256836 0.82958984
vt 0.8354492 0.83154297
vt 0.8256836 0.82958984
vt 0.8286133 0.8388672
vt 0.8354492 0.83154297
vt 0.8286133 0.8388672
vt 0.8383789 0.8413086
vt 0.8354492 0.83154297
vt 0.8383789 0.8413086
vt 0.84521484 0.8339844
vt 0.8354492 0.83154297
vt 0.84521484 0.8339844
vt 0.84228516 0.82421875
vt 0.8354492 0.83154297
vt 0.79785156 0.7651367
vt 0.7910156 0.76416016
vt 0.79345703 0.7705078
vt 0.7910156 0.76416016
vt 0.7866211 0.77001953
vt 0.79345703 0.7705078
vt 0.7866211 0.77001953
vt 0.7895508 0.7763672
vt 0.79345703 0.7705078
vt 0.7895508 0.7763672
vt 0.7963867 0.77685547
vt 0.79345703 0.7705078
vt 0.7963867 0.77685547
vt 0.80029297 0.7714844
vt 0.79345703 0.7705078
vt 0.80029297 0.7714844
vt 0.79785156 0.7651367
vt 0.79345703 0.7705078
vt 0.7524414 0.8071289
vt 0.74560547 0.80615234
vt 0.7480469 0.8125
vt 0.74560547 0.80615234
vt 0.74121094 0.8120117
vt 0.7480469 0.8125
vt 0.74121094 0.8120117
vt 0.7441406 0.8183594
vt 0.7480469 0.8125
vt 0.7441406 0.8183594
vt 0.75097656 0.81884766
vt 0.7480469 0.8125
vt 0.75097656 0.81884766
vt 0.7548828 0.81347656
vt 0.7480469 0.8125
vt 0.7548828 0.81347656
vt 0.7524414 0.8071289
vt 0.7480469 0.8125
vt 0.75146484 0.97265625
vt 0.7416992 0.9716797
vt 0.74560547 0.98046875
vt 0.7416992 0.9716797
vt 0.73535156 0.9794922
vt 0.74560547 0.98046875
vt 0.73535156 0.9794922
vt 0.7397461 0.98876953
vt 0.74560547 0.98046875
vt 0.7397461 0.98876953
vt 0.7495117 0.9897461
vt 0.74560547 0.98046875
vt 0.7495117 0.9897461
vt 0.7553711 0.9819336
vt 0.74560547 0.98046875
vt 0.7553711 0.9819336
vt 0.75146484 0.97265625
vt 0.74560547 0.98046875
vt 0.74658203 0.8286133
vt 0.7397461 0.8276367
vt 0.7426758 0.8339844
vt 0.7397461 0.8276367
vt 0.73583984 0.8330078
vt 0.7426758 0.8339844
vt 0.73583984 0.8330078
vt 0.73828125 0.83935547
vt 0.7426758 0.8339844
vt 0.73828125 0.83935547
vt 0.7451172 0.84033203
vt 0.7426758 0.8339844
vt 0.7451172 0.84033203
vt 0.7495117 0.83496094
vt 0.7426758 0.8339844
vt 0.7495117 0.83496094
vt 0.74658203 0.8286133
vt 0.7426758 0.8339844
vt 0.74316406 0.8491211
vt 0.7363281 0.84814453
vt 0.73876953 0.8544922
vt 0.7363281 0.84814453
vt 0.7319336 0.8535156
vt 0.73876953 0.8544922
vt 0.7319336 0.8535156
vt 0.7348633 0.8598633
vt 0.73876953 0.8544922
vt 0.7348633 0.8598633
vt 0.7416992 0.86083984
vt 0.73876953 0.8544922
vt 0.7416992 0.86083984
vt 0.74560547 0.85546875
vt 0.73876953 0.8544922
vt 0.74560547 0.85546875
vt 0.74316406 0.8491211
vt 0.73876953 0.8544922
vt 0.7949219 0.9667969
vt 0.78808594 0.97753906
vt 0.80078125 0.9785156
vt 0.78808594 0.97753906
vt 0.7939453 0.9892578
vt 0.80078125 0.9785156
vt 0.7939453 0.9892578
vt 0.8071289 0.9897461
vt 0.80078125 0.9785156
vt 0.8071289 0.9897461
vt 0.81396484 0.9790039
vt 0.80078125 0.9785156
vt 0.81396484 0.9790039
vt 0.80810547 0.96728516
vt 0.80078125 0.9785156
vt 0.80810547 0.96728516
vt 0.7949219 0.9667969
vt 0.80078125 0.9785156
vt 0.9008789 0.94921875
vt 0.89501953 0.9379883
vt 0.8876953 0.94873047
vt 0.89501953 0.9379883
vt 0.88183594 0.9370117
vt 0.8876953 0.94873047
vt 0.88183594 0.9370117
vt 0.875 0.9477539
vt 0.8876953 0.94873047
vt 0.875 0.9477539
vt 0.8808594 0.95947266
vt 0.8876953 0.94873047
vt 0.8808594 0.95947266
vt 0.8935547 0.9604492
vt 0.8876953 0.94873047
vt 0.8935547 0.9604492
vt 0.9008789 0.94921875
vt 0.8876953 0.94873047
vt 0.94433594 0.9355469
vt 0.93603516 0.9453125
vt 0.94873047 0.9477539
vt 0.93603516 0.9453125
vt 0.9399414 0.95751953
vt 0.94873047 0.9477539
vt 0.9399414 0.95751953
vt 0.9526367 0.9604492
vt 0.94873047 0.9477539
vt 0.9526367 0.9604492
vt 0.9614258 0.9506836
vt 0.94873047 0.9477539
vt 0.9614258 0.9506836
vt 0.95703125 0.93847656
vt 0.94873047 0.9477539
vt 0.95703125 0.93847656
vt 0.94433594 0.9355469
vt 0.94873047 0.9477539
vt 0.9667969 0.8847656
vt 0.9790039 0.8886719
vt 0.9760742 0.87597656
vt 0.9760742 0.87597656
vt 0.9790039 0.8886719
vt 0.98828125 0.8798828
vt 0.98828125 0.8798828
vt 0.9790039 0.8886719
vt 0.99072266 0.89208984
vt 0.99072266 0.89208984
vt 0.9790039 0.8886719
vt 0.9814453 0.9008789
vt 0.9814453 0.9008789
vt 0.9790039 0.8886719
vt 0.9692383 0.89746094
vt 0.9692383 0.89746094
vt 0.9790039 0.8886719
vt 0.9667969 0.8847656
vt 0.703125 0.98828125
vt 0.6972656 0.98095703
vt 0.69384766 0.9897461
vt 0.69384766 0.9897461
vt 0.6972656 0.98095703
vt 0.6875 0.9819336
vt 0.6875 0.9819336
vt 0.6972656 0.98095703
vt 0.69140625 0.97314453
vt 0.69140625 0.97314453
vt 0.6972656 0.98095703
vt 0.7006836 0.9716797
vt 0.7006836 0.9716797
vt 0.6972656 0.98095703
vt 0.70703125 0.9794922
vt 0.70703125 0.9794922
vt 0.6972656 0.98095703
vt 0.703125 0.98828125
vt 0.70703125 0.8598633
vt 0.7026367 0.8544922
vt 0.7001953 0.86083984
vt 0.7001953 0.86083984
vt 0.7026367 0.8544922
vt 0.6958008 0.85595703
vt 0.6958008 0.85595703
vt 0.7026367 0.8544922
vt 0.6982422 0.8496094
vt 0.6982422 0.8496094
vt 0.7026367 0.8544922
vt 0.7050781 0.84814453
vt 0.7050781 0.84814453
vt 0.7026367 0.8544922
vt 0.70947266 0.8535156
vt 0.70947266 0.8535156
vt 0.7026367 0.8544922
vt 0.70703125 0.8598633
vt 0.7104492 0.83935547
vt 0.7060547 0.8339844
vt 0.70410156 0.84033203
vt 0.70410156 0.84033203
vt 0.7060547 0.8339844
vt 0.69970703 0.83496094
vt 0.69970703 0.83496094
vt 0.7060547 0.8339844
vt 0.70166016 0.8286133
vt 0.70166016 0.8286133
vt 0.7060547 0.8339844
vt 0.7084961 0.8276367
vt 0.7084961 0.8276367
vt 0.7060547 0.8339844
vt 0.7128906 0.8330078
vt 0.7128906 0.8330078
vt 0.7060547 0.8339844
vt 0.7104492 0.83935547
vt 0.76416016 0.91015625
vt 0.7578125 0.90283203
vt 0.75439453 0.9121094
vt 0.75439453 0.9121094
vt 0.7578125 0.90283203
vt 0.74853516 0.90478516
vt 0.74853516 0.90478516
vt 0.7578125 0.90283203
vt 0.75146484 0.8955078
vt 0.75146484 0.8955078
vt 0.7578125 0.90283203
vt 0.76123047 0.8935547
vt 0.76123047 0.8935547
vt 0.7578125 0.90283203
vt 0.7675781 0.9013672
vt 0.7675781 0.9013672
vt 0.7578125 0.90283203
vt 0.76416016 0.91015625
vt 0.8183594 0.7182617
vt 0.8144531 0.7128906
vt 0.8120117 0.7192383
vt 0.8120117 0.7192383
vt 0.8144531 0.7128906
vt 0.8076172 0.71435547
vt 0.8076172 0.71435547
vt 0.8144531 0.7128906
vt 0.8100586 0.7080078
vt 0.8100586 0.7080078
vt 0.8144531 0.7128906
vt 0.81640625 0.70654297
vt 0.81640625 0.70654297
vt 0.8144531 0.7128906
vt 0.8208008 0.71191406
vt 0.8208008 0.71191406
vt 0.8144531 0.7128906
vt 0.8183594 0.7182617
vt 0.72265625 0.47070312
vt 0.7133789 0.45996094
vt 0.7089844 0.47314453
vt 0.7089844 0.47314453
vt 0.7133789 0.45996094
vt 0.69970703 0.46240234
vt 0.69970703 0.46240234
vt 0.7133789 0.45996094
vt 0.70458984 0.4489746
vt 0.70458984 0.4489746
vt 0.7133789 0.45996094
vt 0.7182617 0.4465332
vt 0.7182617 0.4465332
vt 0.7133789 0.45996094
vt 0.72753906 0.4572754
vt 0.72753906 0.4572754
vt 0.7133789 0.45996094
vt 0.72265625 0.47070312
vt 0.7753906 0.9140625
vt 0.7817383 0.921875
vt 0.78515625 0.91259766
vt 0.78515625 0.91259766
vt 0.7817383 0.921875
vt 0.7915039 0.9199219
vt 0.7915039 0.9199219
vt 0.7817383 0.921875
vt 0.78808594 0.9291992
vt 0.78808594 0.9291992
vt 0.7817383 0.921875
vt 0.7783203 0.93066406
vt 0.7783203 0.93066406
vt 0.7817383 0.921875
vt 0.77197266 0.92333984
vt 0.77197266 0.92333984
vt 0.7817383 0.921875
vt 0.7753906 0.9140625
vt 0.75146484 0.7685547
vt 0.7558594 0.7734375
vt 0.7583008 0.76708984
vt 0.7583008 0.76708984
vt 0.7558594 0.7734375
vt 0.7626953 0.77246094
vt 0.7626953 0.77246094
vt 0.7558594 0.7734375
vt 0.7602539 0.7788086
vt 0.7602539 0.7788086
vt 0.7558594 0.7734375
vt 0.75390625 0.77978516
vt 0.75390625 0.77978516
vt 0.7558594 0.7734375
vt 0.7495117 0.77490234
vt 0.7495117 0.77490234
vt 0.7558594 0.7734375
vt 0.75146484 0.7685547
vt 0.8305664 0.70654297
vt 0.83496094 0.7114258
vt 0.83740234 0.7050781
vt 0.83740234 0.7050781
vt 0.83496094 0.7114258
vt 0.8417969 0.7104492
vt 0.8417969 0.7104492
vt 0.83496094 0.7114258
vt 0.83935547 0.7167969
vt 0.83935547 0.7167969
vt 0.83496094 0.7114258
vt 0.8330078 0.71777344
vt 0.8330078 0.71777344
vt 0.83496094 0.7114258
vt 0.8286133 0.7128906
vt 0.8286133 0.7128906
vt 0.83496094 0.7114258
vt 0.8305664 0.70654297
vt 0.7739258 0.8642578
vt 0.7832031 0.8618164
vt 0.77685547 0.85498047
vt 0.77685547 0.85498047
vt 0.7832031 0.8618164
vt 0.7861328 0.85253906
vt 0.7861328 0.85253906
vt 0.7832031 0.8618164
vt 0.79296875 0.8598633
vt 0.79296875 0.8598633
vt 0.7832031 0.8618164
vt 0.79003906 0.8691406
vt 0.79003906 0.8691406
vt 0.7832031 0.8618164
vt 0.7807617 0.87109375
vt 0.7807617 0.87109375
vt 0.7832031 0.8618164
vt 0.7739258 0.8642578
vt 0.6899414 0.8754883
vt 0.69433594 0.8803711
vt 0.69628906 0.87402344
vt 0.69628906 0.87402344
vt 0.69433594 0.8803711
vt 0.7011719 0.87939453
vt 0.7011719 0.87939453
vt 0.69433594 0.8803711
vt 0.69873047 0.8857422
vt 0.69873047 0.8857422
vt 0.69433594 0.8803711
vt 0.69189453 0.88671875
vt 0.69189453 0.88671875
vt 0.69433594 0.8803711
vt 0.6875 0.88183594
vt 0.6875 0.88183594
vt 0.69433594 0.8803711
vt 0.6899414 0.8754883
vt 0.9121094 0.64208984
vt 0.9165039 0.64746094
vt 0.91845703 0.6411133
vt 0.91845703 0.6411133
vt 0.9165039 0.64746094
vt 0.92285156 0.6459961
vt 0.92285156 0.6459961
vt 0.9165039 0.64746094
vt 0.92089844 0.65234375
vt 0.92089844 0.65234375
vt 0.9165039 0.64746094
vt 0.9140625 0.6538086
vt 0.9140625 0.6538086
vt 0.9165039 0.64746094
vt 0.90966797 0.6484375
vt 0.90966797 0.6484375
vt 0.9165039 0.64746094
vt 0.9121094 0.64208984
vt 0.8769531 0.9736328
vt 0.88916016 0.97753906
vt 0.88623047 0.96484375
vt 0.88623047 0.96484375
vt 0.88916016 0.97753906
vt 0.8984375 0.96875
vt 0.8984375 0.96875
vt 0.88916016 0.97753906
vt 0.9013672 0.98095703
vt 0.9013672 0.98095703
vt 0.88916016 0.97753906
vt 0.89208984 0.9897461
vt 0.89208984 0.9897461
vt 0.88916016 0.97753906
vt 0.8798828 0.9863281
vt 0.8798828 0.9863281
vt 0.88916016 0.97753906
vt 0.8769531 0.9736328
vt 0.8486328 0.9145508
vt 0.86083984 0.91845703
vt 0.85791016 0.90625
vt 0.85791016 0.90625
vt 0.86083984 0.91845703
vt 0.8701172 0.90966797
vt 0.8701172 0.90966797
vt 0.86083984 0.91845703
vt 0.8725586 0.9223633
vt 0.8725586 0.9223633
vt 0.86083984 0.91845703
vt 0.86328125 0.93066406
vt 0.86328125 0.93066406
vt 0.86083984 0.91845703
vt 0.8515625 0.9272461
vt 0.8515625 0.9272461
vt 0.86083984 0.91845703
vt 0.8486328 0.9145508
vt 0.9370117 0.85595703
vt 0.94921875 0.8598633
vt 0.94628906 0.84765625
vt 0.94628906 0.84765625
vt 0.94921875 0.8598633
vt 0.9584961 0.8510742
vt 0.9584961 0.8510742
vt 0.94921875 0.8598633
vt 0.9614258 0.86376953
vt 0.9614258 0.86376953
vt 0.94921875 0.8598633
vt 0.95214844 0.8720703
vt 0.95214844 0.8720703
vt 0.94921875 0.8598633
vt 0.9399414 0.86865234
vt 0.9399414 0.86865234
vt 0.94921875 0.8598633
vt 0.9370117 0.85595703
vt 0.89160156 0.81640625
vt 0.8798828 0.82177734
vt 0.8901367 0.82910156
vt 0.8798828 0.82177734
vt 0.87890625 0.83447266
vt 0.8901367 0.82910156
vt 0.87890625 0.83447266
vt 0.88916016 0.8417969
vt 0.8901367 0.82910156
vt 0.88916016 0.8417969
vt 0.9008789 0.8364258
vt 0.8901367 0.82910156
vt 0.9008789 0.8364258
vt 0.90185547 0.82373047
vt 0.8901367 0.82910156
vt 0.90185547 0.82373047
vt 0.89160156 0.81640625
vt 0.8901367 0.82910156
vt 0.7729492 0.8989258
vt 0.78271484 0.9013672
vt 0.77978516 0.89208984
vt 0.78271484 0.9013672
vt 0.7890625 0.89404297
vt 0.77978516 0.89208984
vt 0.7890625 0.89404297
vt 0.7866211 0.8847656
vt 0.77978516 0.89208984
vt 0.7866211 0.8847656
vt 0.77685547 0.8828125
vt 0.77978516 0.89208984
vt 0.77685547 0.8828125
vt 0.7705078 0.88964844
vt 0.77978516 0.89208984
vt 0.7705078 0.88964844
vt 0.7729492 0.8989258
vt 0.77978516 0.89208984
vt 0.7084961 0.4338379
vt 0.72265625 0.43579102
vt 0.71728516 0.42285156
vt 0.72265625 0.43579102
vt 0.7314453 0.4248047
vt 0.71728516 0.42285156
vt 0.7314453 0.4248047
vt 0.7260742 0.4116211
vt 0.71728516 0.42285156
vt 0.7260742 0.4116211
vt 0.71240234 0.40966797
vt 0.71728516 0.42285156
vt 0.71240234 0.40966797
vt 0.7036133 0.4206543
vt 0.71728516 0.42285156
vt 0.7036133 0.4206543
vt 0.7084961 0.4338379
vt 0.71728516 0.42285156
vt 0.86621094 0.6616211
vt 0.8730469 0.66259766
vt 0.87060547 0.65625
vt 0.8730469 0.66259766
vt 0.8769531 0.65722656
vt 0.87060547 0.65625
vt 0.8769531 0.65722656
vt 0.8745117 0.6513672
vt 0.87060547 0.65625
vt 0.8745117 0.6513672
vt 0.86816406 0.64990234
vt 0.87060547 0.65625
vt 0.86816406 0.64990234
vt 0.86376953 0.65527344
vt 0.87060547 0.65625
vt 0.86376953 0.65527344
vt 0.86621094 0.6616211
vt 0.87060547 0.65625
vt 0.7519531 0.8852539
vt 0.76123047 0.88671875
vt 0.7578125 0.8779297
vt 0.76123047 0.88671875
vt 0.7675781 0.87939453
vt 0.7578125 0.8779297
vt 0.7675781 0.87939453
vt 0.76416016 0.8701172
vt 0.7578125 0.8779297
vt 0.76416016 0.8701172
vt 0.75439453 0.86865234
vt 0.7578125 0.8779297
vt 0.75439453 0.86865234
vt 0.7480469 0.87646484
vt 0.7578125 0.8779297
vt 0.7480469 0.87646484
vt 0.7519531 0.8852539
vt 0.7578125 0.8779297
vt 0.890625 0.6850586
vt 0.8925781 0.67871094
vt 0.8857422 0.6801758
vt 0.8925781 0.67871094
vt 0.88916016 0.67333984
vt 0.8857422 0.6801758
vt 0.88916016 0.67333984
vt 0.8823242 0.6738281
vt 0.8857422 0.6801758
vt 0.8823242 0.6738281
vt 0.8798828 0.6801758
vt 0.8857422 0.6801758
vt 0.8798828 0.6801758
vt 0.88427734 0.68603516
vt 0.8857422 0.6801758
vt 0.88427734 0.68603516
vt 0.890625 0.6850586
vt 0.8857422 0.6801758
vt 0.7324219 0.7607422
vt 0.7392578 0.76171875
vt 0.7368164 0.7553711
vt 0.7392578 0.76171875
vt 0.74316406 0.75634766
vt 0.7368164 0.7553711
vt 0.74316406 0.75634766
vt 0.74072266 0.75
vt 0.7368164 0.7553711
vt 0.74072266 0.75
vt 0.734375 0.74902344
vt 0.7368164 0.7553711
vt 0.734375 0.74902344
vt 0.72998047 0.75439453
vt 0.7368164 0.7553711
vt 0.72998047 0.75439453
vt 0.7324219 0.7607422
vt 0.7368164 0.7553711
vt 0.8691406 0.7236328
vt 0.859375 0.72265625
vt 0.86328125 0.7314453
vt 0.859375 0.72265625
vt 0.8535156 0.73046875
vt 0.86328125 0.7314453
vt 0.8535156 0.73046875
vt 0.8574219 0.7392578
vt 0.86328125 0.7314453
vt 0.8574219 0.7392578
vt 0.8666992 0.74072266
vt 0.86328125 0.7314453
vt 0.8666992 0.74072266
vt 0.8725586 0.73291016
vt 0.86328125 0.7314453
vt 0.8725586 0.73291016
vt 0.8691406 0.7236328
vt 0.86328125 0.7314453
vt 0.75683594 0.7314453
vt 0.7504883 0.73046875
vt 0.7529297 0.7368164
vt 0.7504883 0.73046875
vt 0.74609375 0.7363281
vt 0.7529297 0.7368164
vt 0.74609375 0.7363281
vt 0.74902344 0.7421875
vt 0.7529297 0.7368164
vt 0.74902344 0.7421875
vt 0.7558594 0.74316406
vt 0.7529297 0.7368164
vt 0.7558594 0.74316406
vt 0.7597656 0.73779297
vt 0.7529297 0.7368164
vt 0.7597656 0.73779297
vt 0.75683594 0.7314453
vt 0.7529297 0.7368164
vt 0.70410156 0.75
vt 0.6977539 0.7495117
vt 0.7001953 0.7553711
vt 0.6977539 0.7495117
vt 0.6933594 0.7548828
vt 0.7001953 0.7553711
vt 0.6933594 0.7548828
vt 0.69628906 0.7607422
vt 0.7001953 0.7553711
vt 0.69628906 0.7607422
vt 0.703125 0.76171875
vt 0.7001953 0.7553711
vt 0.703125 0.76171875
vt 0.70703125 0.75634766
vt 0.7001953 0.7553711
vt 0.70703125 0.75634766
vt 0.70410156 0.75
vt 0.7001953 0.7553711
vt 0.75927734 0.82373047
vt 0.75390625 0.83154297
vt 0.7631836 0.83251953
vt 0.75390625 0.83154297
vt 0.7578125 0.84033203
vt 0.7631836 0.83251953
vt 0.7578125 0.84033203
vt 0.7675781 0.8413086
vt 0.7631836 0.83251953
vt 0.7675781 0.8413086
vt 0.7729492 0.8330078
vt 0.7631836 0.83251953
vt 0.7729492 0.8330078
vt 0.76904297 0.82421875
vt 0.7631836 0.83251953
vt 0.76904297 0.82421875
vt 0.75927734 0.82373047
vt 0.7631836 0.83251953
vt 0.7260742 0.71484375
vt 0.7192383 0.71435547
vt 0.72216797 0.7207031
vt 0.7192383 0.71435547
vt 0.71533203 0.71972656
vt 0.72216797 0.7207031
vt 0.71533203 0.71972656
vt 0.7182617 0.7260742
vt 0.72216797 0.7207031
vt 0.7182617 0.7260742
vt 0.72509766 0.7265625
vt 0.72216797 0.7207031
vt 0.72509766 0.7265625
vt 0.7290039 0.7211914
vt 0.72216797 0.7207031
vt 0.7290039 0.7211914
vt 0.7260742 0.71484375
vt 0.72216797 0.7207031
vt 0.73876953 0.7314453
vt 0.7319336 0.73046875
vt 0.7348633 0.7368164
vt 0.7319336 0.73046875
vt 0.72802734 0.7363281
vt 0.7348633 0.7368164
vt 0.72802734 0.7363281
vt 0.73095703 0.7421875
vt 0.7348633 0.7368164
vt 0.73095703 0.7421875
vt 0.7373047 0.74316406
vt 0.7348633 0.7368164
vt 0.7373047 0.74316406
vt 0.7416992 0.73779297
vt 0.7348633 0.7368164
vt 0.7416992 0.73779297
vt 0.73876953 0.7314453
vt 0.7348633 0.7368164
vt 0.9506836 0.72753906
vt 0.9394531 0.73291016
vt 0.94970703 0.7402344
vt 0.9394531 0.73291016
vt 0.9379883 0.74560547
vt 0.94970703 0.7402344
vt 0.9379883 0.74560547
vt 0.94873047 0.7529297
vt 0.94970703 0.7402344
vt 0.94873047 0.7529297
vt 0.95996094 0.7475586
vt 0.94970703 0.7402344
vt 0.95996094 0.7475586
vt 0.9614258 0.7348633
vt 0.94970703 0.7402344
vt 0.9614258 0.7348633
vt 0.9506836 0.72753906
vt 0.94970703 0.7402344
vt 0.9506836 0.7578125
vt 0.9394531 0.7631836
vt 0.94970703 0.7705078
vt 0.9394531 0.7631836
vt 0.9379883 0.7758789
vt 0.94970703 0.7705078
vt 0.9379883 0.7758789
vt 0.94873047 0.7832031
vt 0.94970703 0.7705078
vt 0.94873047 0.7832031
vt 0.95996094 0.77783203
vt 0.94970703 0.7705078
vt 0.95996094 0.77783203
vt 0.9614258 0.7651367
vt 0.94970703 0.7705078
vt 0.9614258 0.7651367
vt 0.9506836 0.7578125
vt 0.94970703 0.7705078
vt 0.92041016 0.7871094
vt 0.9091797 0.79248047
vt 0.9194336 0.7998047
vt 0.9091797 0.79248047
vt 0.90771484 0.8051758
vt 0.9194336 0.7998047
vt 0.90771484 0.8051758
vt 0.91845703 0.8120117
vt 0.9194336 0.7998047
vt 0.91845703 0.8120117
vt 0.9296875 0.8066406
vt 0.9194336 0.7998047
vt 0.9296875 0.8066406
vt 0.93115234 0.7944336
vt 0.9194336 0.7998047
vt 0.93115234 0.7944336
vt 0.92041016 0.7871094
vt 0.9194336 0.7998047
vt 0.83447266 0.87597656
vt 0.8232422 0.88134766
vt 0.8334961 0.8886719
vt 0.8232422 0.88134766
vt 0.82177734 0.89404297
vt 0.8334961 0.8886719
vt 0.82177734 0.89404297
vt 0.83251953 0.9013672
vt 0.8334961 0.8886719
vt 0.83251953 0.9013672
vt 0.84375 0.8959961
vt 0.8334961 0.8886719
vt 0.84375 0.8959961
vt 0.84521484 0.8833008
vt 0.8334961 0.8886719
vt 0.84521484 0.8833008
vt 0.83447266 0.87597656
vt 0.8334961 0.8886719
vt 0.8857422 0.7553711
vt 0.89501953 0.7573242
vt 0.8925781 0.7480469
vt 0.89501953 0.7573242
vt 0.90185547 0.7504883
vt 0.8925781 0.7480469
vt 0.90185547 0.7504883
vt 0.8989258 0.74121094
vt 0.8925781 0.7480469
vt 0.8989258 0.74121094
vt 0.88964844 0.73876953
vt 0.8925781 0.7480469
vt 0.88964844 0.73876953
vt 0.8828125 0.74560547
vt 0.8925781 0.7480469
vt 0.8828125 0.74560547
vt 0.8857422 0.7553711
vt 0.8925781 0.7480469
vt 0.71435547 0.79589844
vt 0.7211914 0.796875
vt 0.71875 0.79052734
vt 0.7211914 0.796875
vt 0.72509766 0.7915039
vt 0.71875 0.79052734
vt 0.72509766 0.7915039
vt 0.72265625 0.78515625
vt 0.71875 0.79052734
vt 0.72265625 0.78515625
vt 0.7163086 0.7841797
vt 0.71875 0.79052734
vt 0.7163086 0.7841797
vt 0.71191406 0.7895508
vt 0.71875 0.79052734
vt 0.71191406 0.7895508
vt 0.71435547 0.79589844
vt 0.71875 0.79052734
vt 0.77001953 0.7788086
vt 0.7763672 0.77978516
vt 0.7739258 0.7739258
vt 0.7763672 0.77978516
vt 0.7807617 0.77490234
vt 0.7739258 0.7739258
vt 0.7807617 0.77490234
vt 0.7783203 0.7685547
vt 0.7739258 0.7739258
vt 0.7783203 0.7685547
vt 0.7714844 0.7675781
vt 0.7739258 0.7739258
vt 0.7714844 0.7675781
vt 0.76708984 0.77246094
vt 0.7739258 0.7739258
vt 0.76708984 0.77246094
vt 0.77001953 0.7788086
vt 0.7739258 0.7739258
vt 0.82910156 0.79248047
vt 0.8388672 0.7939453
vt 0.8354492 0.78466797
vt 0.8388672 0.7939453
vt 0.84521484 0.7861328
vt 0.8354492 0.78466797
vt 0.84521484 0.7861328
vt 0.8413086 0.77734375
vt 0.8354492 0.78466797
vt 0.8413086 0.77734375
vt 0.83154297 0.7758789
vt 0.8354492 0.78466797
vt 0.83154297 0.7758789
vt 0.8256836 0.7832031
vt 0.8354492 0.78466797
vt 0.8256836 0.7832031
vt 0.82910156 0.79248047
vt 0.8354492 0.78466797
vt 0.6977539 0.7788086
vt 0.70410156 0.77978516
vt 0.70166016 0.7734375
vt 0.70410156 0.77978516
vt 0.7084961 0.77441406
vt 0.70166016 0.7734375
vt 0.7084961 0.77441406
vt 0.7060547 0.7685547
vt 0.70166016 0.7734375
vt 0.7060547 0.7685547
vt 0.69921875 0.76708984
vt 0.70166016 0.7734375
vt 0.69921875 0.76708984
vt 0.6953125 0.77246094
vt 0.70166016 0.7734375
vt 0.6953125 0.77246094
vt 0.6977539 0.7788086
vt 0.70166016 0.7734375
vt 0.77001953 0.7963867
vt 0.7763672 0.7973633
vt 0.7739258 0.7910156
vt 0.7763672 0.7973633
vt 0.7807617 0.7919922
vt 0.7739258 0.7910156
vt 0.7807617 0.7919922
vt 0.7783203 0.78564453
vt 0.7739258 0.7910156
vt 0.7783203 0.78564453
vt 0.7714844 0.78466797
vt 0.7739258 0.7910156
vt 0.7714844 0.78466797
vt 0.76708984 0.79003906
vt 0.7739258 0.7910156
vt 0.76708984 0.79003906
vt 0.77001953 0.7963867
vt 0.7739258 0.7910156
vt 0.9873047 0.69384766
vt 0.97753906 0.6923828
vt 0.9814453 0.7011719
vt 0.97753906 0.6923828
vt 0.9716797 0.7001953
vt 0.9814453 0.7011719
vt 0.9716797 0.7001953
vt 0.97558594 0.7089844
vt 0.9814453 0.7011719
vt 0.97558594 0.7089844
vt 0.9848633 0.7104492
vt 0.9814453 0.7011719
vt 0.9848633 0.7104492
vt 0.99072266 0.7026367
vt 0.9814453 0.7011719
vt 0.99072266 0.7026367
vt 0.9873047 0.69384766
vt 0.9814453 0.7011719
vt 0.75927734 0.7133789
vt 0.7524414 0.7128906
vt 0.7553711 0.71875
vt 0.7524414 0.7128906
vt 0.74853516 0.7182617
vt 0.7553711 0.71875
vt 0.74853516 0.7182617
vt 0.75146484 0.7241211
vt 0.7553711 0.71875
vt 0.75146484 0.7241211
vt 0.7578125 0.72509766
vt 0.7553711 0.71875
vt 0.7578125 0.72509766
vt 0.76220703 0.71972656
vt 0.7553711 0.71875
vt 0.76220703 0.71972656
vt 0.75927734 0.7133789
vt 0.7553711 0.71875
vt 0.77734375 0.7133789
vt 0.7709961 0.7128906
vt 0.7734375 0.71875
vt 0.7709961 0.7128906
vt 0.76660156 0.7182617
vt 0.7734375 0.71875
vt 0.76660156 0.7182617
vt 0.76953125 0.7241211
vt 0.7734375 0.71875
vt 0.76953125 0.7241211
vt 0.7763672 0.72509766
vt 0.7734375 0.71875
vt 0.7763672 0.72509766
vt 0.78027344 0.71972656
vt 0.7734375 0.71875
vt 0.78027344 0.71972656
vt 0.77734375 0.7133789
vt 0.7734375 0.71875
vt 0.7294922 0.8691406
vt 0.7241211 0.8774414
vt 0.7338867 0.8779297
vt 0.7241211 0.8774414
vt 0.72802734 0.88623047
vt 0.7338867 0.8779297
vt 0.72802734 0.88623047
vt 0.73779297 0.88671875
vt 0.7338867 0.8779297
vt 0.73779297 0.88671875
vt 0.74365234 0.87890625
vt 0.7338867 0.8779297
vt 0.74365234 0.87890625
vt 0.7392578 0.8701172
vt 0.7338867 0.8779297
vt 0.7392578 0.8701172
vt 0.7294922 0.8691406
vt 0.7338867 0.8779297
vt 0.72021484 0.7314453
vt 0.7138672 0.73095703
vt 0.7163086 0.7368164
vt 0.7138672 0.73095703
vt 0.70996094 0.7363281
vt 0.7163086 0.7368164
vt 0.70996094 0.7363281
vt 0.7128906 0.7426758
vt 0.7163086 0.7368164
vt 0.7128906 0.7426758
vt 0.7192383 0.74316406
vt 0.7163086 0.7368164
vt 0.7192383 0.74316406
vt 0.72314453 0.73779297
vt 0.7163086 0.7368164
vt 0.72314453 0.73779297
vt 0.72021484 0.7314453
vt 0.7163086 0.7368164
vt 0.75390625 0.45654297
vt 0.74316406 0.45532227
vt 0.7475586 0.46557617
vt 0.74316406 0.45532227
vt 0.7363281 0.46411133
vt 0.7475586 0.46557617
vt 0.7363281 0.46411133
vt 0.74072266 0.47436523
vt 0.7475586 0.46557617
vt 0.74072266 0.47436523
vt 0.7519531 0.47558594
vt 0.7475586 0.46557617
vt 0.7519531 0.47558594
vt 0.7583008 0.46679688
vt 0.7475586 0.46557617
vt 0.7583008 0.46679688
vt 0.75390625 0.45654297
vt 0.7475586 0.46557617
vt 0.8623047 0.87597656
vt 0.8510742 0.88134766
vt 0.8613281 0.8886719
vt 0.8510742 0.88134766
vt 0.8496094 0.89404297
vt 0.8613281 0.8886719
vt 0.8496094 0.89404297
vt 0.86035156 0.9013672
vt 0.8613281 0.8886719
vt 0.86035156 0.9013672
vt 0.87158203 0.8959961
vt 0.8613281 0.8886719
vt 0.87158203 0.8959961
vt 0.8725586 0.8833008
vt 0.8613281 0.8886719
vt 0.8725586 0.8833008
vt 0.8623047 0.87597656
vt 0.8613281 0.8886719
vt 0.92041016 0.81689453
vt 0.9091797 0.8222656
vt 0.9194336 0.82958984
vt 0.9091797 0.8222656
vt 0.90771484 0.83496094
vt 0.9194336 0.82958984
vt 0.90771484 0.83496094
vt 0.91845703 0.84228516
vt 0.9194336 0.82958984
vt 0.91845703 0.84228516
vt 0.9296875 0.83691406
vt 0.9194336 0.82958984
vt 0.9296875 0.83691406
vt 0.93115234 0.82421875
vt 0.9194336 0.82958984
vt 0.93115234 0.82421875
vt 0.92041016 0.81689453
vt 0.9194336 0.82958984
vt 0.98046875 0.81640625
vt 0.96875 0.82177734
vt 0.9794922 0.82910156
vt 0.96875 0.82177734
vt 0.96777344 0.83447266
vt 0.9794922 0.82910156
vt 0.96777344 0.83447266
vt 0.9785156 0.8417969
vt 0.9794922 0.82910156
vt 0.9785156 0.8417969
vt 0.9897461 0.8364258
vt 0.9794922 0.82910156
vt 0.9897461 0.8364258
vt 0.99072266 0.82373047
vt 0.9794922 0.82910156
vt 0.99072266 0.82373047
vt 0.98046875 0.81640625
vt 0.9794922 0.82910156
vt 0.8774414 0.8852539
vt 0.88964844 0.88916016
vt 0.88671875 0.87646484
vt 0.88671875 0.87646484
vt 0.88964844 0.88916016
vt 0.8989258 0.8803711
vt 0.8989258 0.8803711
vt 0.88964844 0.88916016
vt 0.90185547 0.8925781
vt 0.90185547 0.8925781
vt 0.88964844 0.88916016
vt 0.8925781 0.9013672
vt 0.8925781 0.9013672
vt 0.88964844 0.88916016
vt 0.8803711 0.89746094
vt 0.8803711 0.89746094
vt 0.88964844 0.88916016
vt 0.8774414 0.8852539
vt 0.7631836 0.9355469
vt 0.7573242 0.9277344
vt 0.75390625 0.9370117
vt 0.75390625 0.9370117
vt 0.7573242 0.9277344
vt 0.7475586 0.9291992
vt 0.7475586 0.9291992
vt 0.7573242 0.9277344
vt 0.75146484 0.92041016
vt 0.75146484 0.92041016
vt 0.7573242 0.9277344
vt 0.7607422 0.9189453
vt 0.7607422 0.9189453
vt 0.7573242 0.9277344
vt 0.76708984 0.9267578
vt 0.76708984 0.9267578
vt 0.7573242 0.9277344
vt 0.7631836 0.9355469
vt 0.7163086 0.8178711
vt 0.71191406 0.8125
vt 0.70947266 0.81884766
vt 0.70947266 0.81884766
vt 0.71191406 0.8125
vt 0.7050781 0.81396484
vt 0.7050781 0.81396484
vt 0.71191406 0.8125
vt 0.70751953 0.8076172
vt 0.70751953 0.8076172
vt 0.71191406 0.8125
vt 0.71435547 0.80615234
vt 0.71435547 0.80615234
vt 0.71191406 0.8125
vt 0.71875 0.81152344
vt 0.71875 0.81152344
vt 0.71191406 0.8125
vt 0.7163086 0.8178711
vt 0.69091797 0.9589844
vt 0.68652344 0.95410156
vt 0.6845703 0.9604492
vt 0.6845703 0.9604492
vt 0.68652344 0.95410156
vt 0.6801758 0.9550781
vt 0.6801758 0.9550781
vt 0.68652344 0.95410156
vt 0.6826172 0.94873047
vt 0.6826172 0.94873047
vt 0.68652344 0.95410156
vt 0.68896484 0.9472656
vt 0.68896484 0.9472656
vt 0.68652344 0.95410156
vt 0.6933594 0.9526367
vt 0.6933594 0.9526367
vt 0.68652344 0.95410156
vt 0.69091797 0.9589844
vt 0.8984375 0.7324219
vt 0.89208984 0.7246094
vt 0.8886719 0.7338867
vt 0.8886719 0.7338867
vt 0.89208984 0.7246094
vt 0.8828125 0.7265625
vt 0.8828125 0.7265625
vt 0.89208984 0.7246094
vt 0.8857422 0.71728516
vt 0.8857422 0.71728516
vt 0.89208984 0.7246094
vt 0.8955078 0.7158203
vt 0.8955078 0.7158203
vt 0.89208984 0.7246094
vt 0.90185547 0.72314453
vt 0.90185547 0.72314453
vt 0.89208984 0.7246094
vt 0.8984375 0.7324219
vt 0.70458984 0.74072266
vt 0.7001953 0.73535156
vt 0.6977539 0.7416992
vt 0.6977539 0.7416992
vt 0.7001953 0.73535156
vt 0.6933594 0.7368164
vt 0.6933594 0.7368164
vt 0.7001953 0.73535156
vt 0.6958008 0.73046875
vt 0.6958008 0.73046875
vt 0.7001953 0.73535156
vt 0.7026367 0.7290039
vt 0.7026367 0.7290039
vt 0.7001953 0.73535156
vt 0.70703125 0.734375
vt 0.70703125 0.734375
vt 0.7001953 0.73535156
vt 0.70458984 0.74072266
vt 0.9916992 0.5751953
vt 0.98339844 0.5649414
vt 0.9785156 0.5776367
vt 0.9785156 0.5776367
vt 0.98339844 0.5649414
vt 0.97021484 0.5673828
vt 0.97021484 0.5673828
vt 0.98339844 0.5649414
vt 0.9746094 0.5546875
vt 0.9746094 0.5546875
vt 0.98339844 0.5649414
vt 0.98779297 0.5527344
vt 0.98779297 0.5527344
vt 0.98339844 0.5649414
vt 0.99658203 0.5629883
vt 0.99658203 0.5629883
vt 0.98339844 0.5649414
vt 0.9916992 0.5751953
vt 0.9140625 0.7128906
vt 0.92041016 0.72021484
vt 0.92333984 0.7109375
vt 0.92333984 0.7109375
vt 0.92041016 0.72021484
vt 0.9296875 0.7182617
vt 0.9296875 0.7182617
vt 0.92041016 0.72021484
vt 0.9267578 0.72753906
vt 0.9267578 0.72753906
vt 0.92041016 0.72021484
vt 0.9169922 0.7294922
vt 0.9169922 0.7294922
vt 0.92041016 0.72021484
vt 0.91064453 0.72216797
vt 0.91064453 0.72216797
vt 0.92041016 0.72021484
vt 0.9140625 0.7128906
vt 0.72558594 0.8076172
vt 0.72998047 0.8125
vt 0.7324219 0.80615234
vt 0.7324219 0.80615234
vt 0.72998047 0.8125
vt 0.7368164 0.81152344
vt 0.7368164 0.81152344
vt 0.72998047 0.8125
vt 0.734375 0.8178711
vt 0.734375 0.8178711
vt 0.72998047 0.8125
vt 0.72753906 0.81884766
vt 0.72753906 0.81884766
vt 0.72998047 0.8125
vt 0.72314453 0.81396484
vt 0.72314453 0.81396484
vt 0.72998047 0.8125
vt 0.72558594 0.8076172
vt 0.9116211 0.59814453
vt 0.9160156 0.60302734
vt 0.91845703 0.5966797
vt 0.91845703 0.5966797
vt 0.9160156 0.60302734
vt 0.92285156 0.6020508
vt 0.92285156 0.6020508
vt 0.9160156 0.60302734
vt 0.92041016 0.60839844
vt 0.92041016 0.60839844
vt 0.9160156 0.60302734
vt 0.9140625 0.6098633
vt 0.9140625 0.6098633
vt 0.9160156 0.60302734
vt 0.90966797 0.6044922
vt 0.90966797 0.6044922
vt 0.9160156 0.60302734
vt 0.9116211 0.59814453
vt 0.8017578 0.8339844
vt 0.81152344 0.83203125
vt 0.8046875 0.82470703
vt 0.8046875 0.82470703
vt 0.81152344 0.83203125
vt 0.81396484 0.8222656
vt 0.81396484 0.8222656
vt 0.81152344 0.83203125
vt 0.8208008 0.82958984
vt 0.8208008 0.82958984
vt 0.81152344 0.83203125
vt 0.8183594 0.8388672
vt 0.8183594 0.8388672
vt 0.81152344 0.83203125
vt 0.80859375 0.8413086
vt 0.80859375 0.8413086
vt 0.81152344 0.83203125
vt 0.8017578 0.8339844
vt 0.7182617 0.94873047
vt 0.72265625 0.9536133
vt 0.72509766 0.9472656
vt 0.72509766 0.9472656
vt 0.72265625 0.9536133
vt 0.7294922 0.9526367
vt 0.7294922 0.9526367
vt 0.72265625 0.9536133
vt 0.72753906 0.9589844
vt 0.72753906 0.9589844
vt 0.72265625 0.9536133
vt 0.7207031 0.9604492
vt 0.7207031 0.9604492
vt 0.72265625 0.9536133
vt 0.7163086 0.9550781
vt 0.7163086 0.9550781
vt 0.72265625 0.9536133
vt 0.7182617 0.94873047
vt 0.8095703 0.72558594
vt 0.8144531 0.73046875
vt 0.81640625 0.7241211
vt 0.81640625 0.7241211
vt 0.8144531 0.73046875
vt 0.8208008 0.7294922
vt 0.8208008 0.7294922
vt 0.8144531 0.73046875
vt 0.81884766 0.73583984
vt 0.81884766 0.73583984
vt 0.8144531 0.73046875
vt 0.8120117 0.7368164
vt 0.8120117 0.7368164
vt 0.8144531 0.73046875
vt 0.8076172 0.7319336
vt 0.8076172 0.7319336
vt 0.8144531 0.73046875
vt 0.8095703 0.72558594
vt 0.84765625 0.9736328
vt 0.8598633 0.97753906
vt 0.8569336 0.96484375
vt 0.8569336 0.96484375
vt 0.8598633 0.97753906
vt 0.8691406 0.96875
vt 0.8691406 0.96875
vt 0.8598633 0.97753906
vt 0.8720703 0.98095703
vt 0.8720703 0.98095703
vt 0.8598633 0.97753906
vt 0.86279297 0.9897461
vt 0.86279297 0.9897461
vt 0.8598633 0.97753906
vt 0.85058594 0.9863281
vt 0.85058594 0.9863281
vt 0.8598633 0.97753906
vt 0.84765625 0.9736328
vt 0.9370117 0.82666016
vt 0.94921875 0.8305664
vt 0.94628906 0.8178711
vt 0.94628906 0.8178711
vt 0.94921875 0.8305664
vt 0.9584961 0.82177734
vt 0.9584961 0.82177734
vt 0.94921875 0.8305664
vt 0.9614258 0.8339844
vt 0.9614258 0.8339844
vt 0.94921875 0.8305664
vt 0.95214844 0.84277344
vt 0.95214844 0.84277344
vt 0.94921875 0.8305664
vt 0.9399414 0.8388672
vt 0.9399414 0.8388672
vt 0.94921875 0.8305664
vt 0.9370117 0.82666016
vt 0.8774414 0.9145508
vt 0.88964844 0.91845703
vt 0.88671875 0.90625
vt 0.88671875 0.90625
vt 0.88964844 0.91845703
vt 0.8989258 0.90966797
vt 0.8989258 0.90966797
vt 0.88964844 0.91845703
vt 0.90185547 0.9223633
vt 0.90185547 0.9223633
vt 0.88964844 0.91845703
vt 0.8925781 0.93066406
vt 0.8925781 0.93066406
vt 0.88964844 0.91845703
vt 0.8803711 0.9272461
vt 0.8803711 0.9272461
vt 0.88964844 0.91845703
vt 0.8774414 0.9145508
vt 0.9067383 0.8852539
vt 0.9189453 0.88916016
vt 0.9160156 0.87646484
vt 0.9160156 0.87646484
vt 0.9189453 0.88916016
vt 0.92822266 0.8803711
vt 0.92822266 0.8803711
vt 0.9189453 0.88916016
vt 0.93115234 0.8925781
vt 0.93115234 0.8925781
vt 0.9189453 0.88916016
vt 0.921875 0.9013672
vt 0.921875 0.9013672
vt 0.9189453 0.88916016
vt 0.90966797 0.89746094
vt 0.90966797 0.89746094
vt 0.9189453 0.88916016
vt 0.9067383 0.8852539
vt 0.79003906 0.9589844
vt 0.7841797 0.9511719
vt 0.78027344 0.9604492
vt 0.78027344 0.9604492
vt 0.7841797 0.9511719
vt 0.77441406 0.9526367
vt 0.77441406 0.9526367
vt 0.7841797 0.9511719
vt 0.7783203 0.9433594
vt 0.7783203 0.9433594
vt 0.7841797 0.9511719
vt 0.78759766 0.94189453
vt 0.78759766 0.94189453
vt 0.7841797 0.9511719
vt 0.7939453 0.94970703
vt 0.7939453 0.94970703
vt 0.7841797 0.9511719
vt 0.79003906 0.9589844
vt 0.68896484 0.8598633
vt 0.6845703 0.8544922
vt 0.6821289 0.86083984
vt 0.6821289 0.86083984
vt 0.6845703 0.8544922
vt 0.6777344 0.85595703
vt 0.6777344 0.85595703
vt 0.6845703 0.8544922
vt 0.6801758 0.8496094
vt 0.6801758 0.8496094
vt 0.6845703 0.8544922
vt 0.6870117 0.84814453
vt 0.6870117 0.84814453
vt 0.6845703 0.8544922
vt 0.69140625 0.8535156
vt 0.69140625 0.8535156
vt 0.6845703 0.8544922
vt 0.68896484 0.8598633
vt 0.6923828 0.83935547
vt 0.6879883 0.8339844
vt 0.68603516 0.84033203
vt 0.68603516 0.84033203
vt 0.6879883 0.8339844
vt 0.6816406 0.83496094
vt 0.6816406 0.83496094
vt 0.6879883 0.8339844
vt 0.68359375 0.8286133
vt 0.68359375 0.8286133
vt 0.6879883 0.8339844
vt 0.6904297 0.8276367
vt 0.6904297 0.8276367
vt 0.6879883 0.8339844
vt 0.6948242 0.8330078
vt 0.6948242 0.8330078
vt 0.6879883 0.8339844
vt 0.6923828 0.83935547
vt 0.8696289 0.76220703
vt 0.86328125 0.75439453
vt 0.8598633 0.7636719
vt 0.8598633 0.7636719
vt 0.86328125 0.75439453
vt 0.8535156 0.75634766
vt 0.8535156 0.75634766
vt 0.86328125 0.75439453
vt 0.8569336 0.7470703
vt 0.8569336 0.7470703
vt 0.86328125 0.75439453
vt 0.8666992 0.74560547
vt 0.8666992 0.74560547
vt 0.86328125 0.75439453
vt 0.8725586 0.7529297
vt 0.8725586 0.7529297
vt 0.86328125 0.75439453
vt 0.8696289 0.76220703
vt 0.95947266 0.5776367
vt 0.9501953 0.56689453
vt 0.9458008 0.5800781
vt 0.9458008 0.5800781
vt 0.9501953 0.56689453
vt 0.93652344 0.56933594
vt 0.93652344 0.56933594
vt 0.9501953 0.56689453
vt 0.94140625 0.55615234
vt 0.94140625 0.55615234
vt 0.9501953 0.56689453
vt 0.9550781 0.55371094
vt 0.9550781 0.55371094
vt 0.9501953 0.56689453
vt 0.9638672 0.5644531
vt 0.9638672 0.5644531
vt 0.9501953 0.56689453
vt 0.95947266 0.5776367
vt 0.6982422 0.8178711
vt 0.69384766 0.8125
vt 0.69140625 0.81884766
vt 0.69140625 0.81884766
vt 0.69384766 0.8125
vt 0.6870117 0.81396484
vt 0.6870117 0.81396484
vt 0.69384766 0.8125
vt 0.6894531 0.8076172
vt 0.6894531 0.8076172
vt 0.69384766 0.8125
vt 0.69628906 0.80615234
vt 0.69628906 0.80615234
vt 0.69384766 0.8125
vt 0.7006836 0.81152344
vt 0.7006836 0.81152344
vt 0.69384766 0.8125
vt 0.6982422 0.8178711
vt 0.71484375 0.97314453
vt 0.7211914 0.98046875
vt 0.7246094 0.9711914
vt 0.7246094 0.9711914
vt 0.7211914 0.98046875
vt 0.73095703 0.9790039
vt 0.73095703 0.9790039
vt 0.7211914 0.98046875
vt 0.72753906 0.98779297
vt 0.72753906 0.98779297
vt 0.7211914 0.98046875
vt 0.7182617 0.9897461
vt 0.7182617 0.9897461
vt 0.7211914 0.98046875
vt 0.71191406 0.9824219
vt 0.71191406 0.9824219
vt 0.7211914 0.98046875
vt 0.71484375 0.97314453
vt 0.7163086 0.8496094
vt 0.7207031 0.8544922
vt 0.72265625 0.84814453
vt 0.72265625 0.84814453
vt 0.7207031 0.8544922
vt 0.72753906 0.85302734
vt 0.72753906 0.85302734
vt 0.7207031 0.8544922
vt 0.72509766 0.8598633
vt 0.72509766 0.8598633
vt 0.7207031 0.8544922
vt 0.7182617 0.86083984
vt 0.7182617 0.86083984
vt 0.7207031 0.8544922
vt 0.7138672 0.85595703
vt 0.7138672 0.85595703
vt 0.7207031 0.8544922
vt 0.7163086 0.8496094
vt 0.7001953 0.94873047
vt 0.70458984 0.9536133
vt 0.70703125 0.9472656
vt 0.70703125 0.9472656
vt 0.70458984 0.9536133
vt 0.7114258 0.9526367
vt 0.7114258 0.9526367
vt 0.70458984 0.9536133
vt 0.70947266 0.9589844
vt 0.70947266 0.9589844
vt 0.70458984 0.9536133
vt 0.7026367 0.9604492
vt 0.7026367 0.9604492
vt 0.70458984 0.9536133
vt 0.6982422 0.9550781
vt 0.6982422 0.9550781
vt 0.70458984 0.9536133
vt 0.7001953 0.94873047
vt 0.8261719 0.8105469
vt 0.8354492 0.80810547
vt 0.8286133 0.80078125
vt 0.8286133 0.80078125
vt 0.8354492 0.80810547
vt 0.8383789 0.7988281
vt 0.8383789 0.7988281
vt 0.8354492 0.80810547
vt 0.84521484 0.80566406
vt 0.84521484 0.80566406
vt 0.8354492 0.80810547
vt 0.84228516 0.8149414
vt 0.84228516 0.8149414
vt 0.8354492 0.80810547
vt 0.83251953 0.8173828
vt 0.83251953 0.8173828
vt 0.8354492 0.80810547
vt 0.8261719 0.8105469
vt 0.8339844 0.7211914
vt 0.8383789 0.7260742
vt 0.84033203 0.71972656
vt 0.84033203 0.71972656
vt 0.8383789 0.7260742
vt 0.84521484 0.72509766
vt 0.84521484 0.72509766
vt 0.8383789 0.7260742
vt 0.84277344 0.7314453
vt 0.84277344 0.7314453
vt 0.8383789 0.7260742
vt 0.8359375 0.7324219
vt 0.8359375 0.7324219
vt 0.8383789 0.7260742
vt 0.83154297 0.72753906
vt 0.83154297 0.72753906
vt 0.8383789 0.7260742
vt 0.8339844 0.7211914
vt 0.8618164 0.67089844
vt 0.86621094 0.67626953
vt 0.86816406 0.6699219
vt 0.86816406 0.6699219
vt 0.86621094 0.67626953
vt 0.8725586 0.6748047
vt 0.8725586 0.6748047
vt 0.86621094 0.67626953
vt 0.87060547 0.68115234
vt 0.87060547 0.68115234
vt 0.86621094 0.67626953
vt 0.86376953 0.6826172
vt 0.86376953 0.6826172
vt 0.86621094 0.67626953
vt 0.859375 0.6772461
vt 0.859375 0.6772461
vt 0.86621094 0.67626953
vt 0.8618164 0.67089844
vt 0.9667969 0.9145508
vt 0.9790039 0.91796875
vt 0.9760742 0.9057617
vt 0.9760742 0.9057617
vt 0.9790039 0.91796875
vt 0.98828125 0.90966797
vt 0.98828125 0.90966797
vt 0.9790039 0.91796875
vt 0.99072266 0.921875
vt 0.99072266 0.921875
vt 0.9790039 0.91796875
vt 0.9814453 0.93066406
vt 0.9814453 0.93066406
vt 0.9790039 0.91796875
vt 0.9692383 0.9267578
vt 0.9692383 0.9267578
vt 0.9790039 0.91796875
vt 0.9667969 0.9145508
vt 0.9667969 0.85546875
vt 0.9790039 0.8588867
vt 0.9760742 0.8466797
vt 0.9760742 0.8466797
vt 0.9790039 0.8588867
vt 0.98828125 0.85058594
vt 0.98828125 0.85058594
vt 0.9790039 0.8588867
vt 0.99072266 0.86279297
vt 0.99072266 0.86279297
vt 0.9790039 0.8588867
vt 0.9814453 0.87158203
vt 0.9814453 0.87158203
vt 0.9790039 0.8588867
vt 0.9692383 0.8676758
vt 0.9692383 0.8676758
vt 0.9790039 0.8588867
vt 0.9667969 0.85546875
vt 0.9370117 0.8857422
vt 0.94921875 0.88916016
vt 0.94628906 0.8769531
vt 0.94628906 0.8769531
vt 0.94921875 0.88916016
vt 0.9584961 0.8808594
vt 0.9584961 0.8808594
vt 0.94921875 0.88916016
vt 0.9614258 0.8930664
vt 0.9614258 0.8930664
vt 0.94921875 0.88916016
vt 0.95214844 0.90185547
vt 0.95214844 0.90185547
vt 0.94921875 0.88916016
vt 0.9399414 0.8979492
vt 0.9399414 0.8979492
vt 0.94921875 0.88916016
vt 0.9370117 0.8857422
vt 0.83447266 0.8461914
vt 0.8232422 0.8510742
vt 0.8334961 0.85839844
vt 0.8232422 0.8510742
vt 0.82177734 0.86376953
vt 0.8334961 0.85839844
vt 0.82177734 0.86376953
vt 0.83251953 0.87109375
vt 0.8334961 0.85839844
vt 0.83251953 0.87109375
vt 0.84375 0.86572266
vt 0.8334961 0.85839844
vt 0.84375 0.86572266
vt 0.84521484 0.85302734
vt 0.8334961 0.85839844
vt 0.84521484 0.85302734
vt 0.83447266 0.8461914
vt 0.8334961 0.85839844
vt 0.9746094 0.7548828
vt 0.984375 0.75683594
vt 0.9814453 0.7475586
vt 0.984375 0.75683594
vt 0.99072266 0.75
vt 0.9814453 0.7475586
vt 0.99072266 0.75
vt 0.98828125 0.74072266
vt 0.9814453 0.7475586
vt 0.98828125 0.74072266
vt 0.9785156 0.73828125
vt 0.9814453 0.7475586
vt 0.9785156 0.73828125
vt 0.97216797 0.7451172
vt 0.9814453 0.7475586
vt 0.97216797 0.7451172
vt 0.9746094 0.7548828
vt 0.9814453 0.7475586
vt 0.75097656 0.79785156
vt 0.7578125 0.7988281
vt 0.7553711 0.79248047
vt 0.7578125 0.7988281
vt 0.76220703 0.79345703
vt 0.7553711 0.79248047
vt 0.76220703 0.79345703
vt 0.7597656 0.7871094
vt 0.7553711 0.79248047
vt 0.7597656 0.7871094
vt 0.7529297 0.7861328
vt 0.7553711 0.79248047
vt 0.7529297 0.7861328
vt 0.74853516 0.7915039
vt 0.7553711 0.79248047
vt 0.74853516 0.7915039
vt 0.75097656 0.79785156
vt 0.7553711 0.79248047
vt 0.7504883 0.7607422
vt 0.7573242 0.76171875
vt 0.7548828 0.7553711
vt 0.7573242 0.76171875
vt 0.76171875 0.75634766
vt 0.7548828 0.7553711
vt 0.76171875 0.75634766
vt 0.75878906 0.75
vt 0.7548828 0.7553711
vt 0.75878906 0.75
vt 0.7524414 0.74902344
vt 0.7548828 0.7553711
vt 0.7524414 0.74902344
vt 0.7480469 0.75439453
vt 0.7548828 0.7553711
vt 0.7480469 0.75439453
vt 0.7504883 0.7607422
vt 0.7548828 0.7553711
vt 0.78125 0.83984375
vt 0.7910156 0.8413086
vt 0.78759766 0.83203125
vt 0.7910156 0.8413086
vt 0.7973633 0.8334961
vt 0.78759766 0.83203125
vt 0.7973633 0.8334961
vt 0.79345703 0.82470703
vt 0.78759766 0.83203125
vt 0.79345703 0.82470703
vt 0.7841797 0.8232422
vt 0.78759766 0.83203125
vt 0.7841797 0.8232422
vt 0.77783203 0.8305664
vt 0.78759766 0.83203125
vt 0.77783203 0.8305664
vt 0.78125 0.83984375
vt 0.78759766 0.83203125
vt 0.75146484 0.44848633
vt 0.76220703 0.4501953
vt 0.7583008 0.4399414
vt 0.76220703 0.4501953
vt 0.76904297 0.44140625
vt 0.7583008 0.4399414
vt 0.76904297 0.44140625
vt 0.7651367 0.43115234
vt 0.7583008 0.4399414
vt 0.7651367 0.43115234
vt 0.75439453 0.4296875
vt 0.7583008 0.4399414
vt 0.75439453 0.4296875
vt 0.7475586 0.43823242
vt 0.7583008 0.4399414
vt 0.7475586 0.43823242
vt 0.75146484 0.44848633
vt 0.7583008 0.4399414
vt 0.9086914 0.5776367
vt 0.921875 0.57958984
vt 0.9169922 0.5673828
vt 0.921875 0.57958984
vt 0.9301758 0.56933594
vt 0.9169922 0.5673828
vt 0.9301758 0.56933594
vt 0.92529297 0.5571289
vt 0.9169922 0.5673828
vt 0.92529297 0.5571289
vt 0.9121094 0.5551758
vt 0.9169922 0.5673828
vt 0.9121094 0.5551758
vt 0.9038086 0.5654297
vt 0.9169922 0.5673828
vt 0.9038086 0.5654297
vt 0.9086914 0.5776367
vt 0.9169922 0.5673828
vt 0.8955078 0.6933594
vt 0.8857422 0.6923828
vt 0.88964844 0.7011719
vt 0.8857422 0.6923828
vt 0.8798828 0.7001953
vt 0.88964844 0.7011719
vt 0.8798828 0.7001953
vt 0.88378906 0.7089844
vt 0.88964844 0.7011719
vt 0.88378906 0.7089844
vt 0.8935547 0.7104492
vt 0.88964844 0.7011719
vt 0.8935547 0.7104492
vt 0.89941406 0.7026367
vt 0.88964844 0.7011719
vt 0.89941406 0.7026367
vt 0.8955078 0.6933594
vt 0.88964844 0.7011719
vt 0.8886719 0.6591797
vt 0.88183594 0.6582031
vt 0.8847656 0.6645508
vt 0.88183594 0.6582031
vt 0.8779297 0.6635742
vt 0.8847656 0.6645508
vt 0.8779297 0.6635742
vt 0.8808594 0.6699219
vt 0.8847656 0.6645508
vt 0.8808594 0.6699219
vt 0.88720703 0.67041016
vt 0.8847656 0.6645508
vt 0.88720703 0.67041016
vt 0.89160156 0.66503906
vt 0.8847656 0.6645508
vt 0.89160156 0.66503906
vt 0.8886719 0.6591797
vt 0.8847656 0.6645508
vt 0.90478516 0.6542969
vt 0.8979492 0.6533203
vt 0.9008789 0.65966797
vt 0.8979492 0.6533203
vt 0.89404297 0.6586914
vt 0.9008789 0.65966797
vt 0.89404297 0.6586914
vt 0.89697266 0.66503906
vt 0.9008789 0.65966797
vt 0.89697266 0.66503906
vt 0.9033203 0.66552734
vt 0.9008789 0.65966797
vt 0.9033203 0.66552734
vt 0.90771484 0.66015625
vt 0.9008789 0.65966797
vt 0.90771484 0.66015625
vt 0.90478516 0.6542969
vt 0.9008789 0.65966797
vt 0.7832031 0.80029297
vt 0.77734375 0.80810547
vt 0.7871094 0.80908203
vt 0.77734375 0.80810547
vt 0.7817383 0.81689453
vt 0.7871094 0.80908203
vt 0.7817383 0.81689453
vt 0.7910156 0.8178711
vt 0.7871094 0.80908203
vt 0.7910156 0.8178711
vt 0.796875 0.8095703
vt 0.7871094 0.80908203
vt 0.796875 0.8095703
vt 0.79248047 0.80078125
vt 0.7871094 0.80908203
vt 0.79248047 0.80078125
vt 0.7832031 0.80029297
vt 0.7871094 0.80908203
vt 0.70996094 0.71191406
vt 0.703125 0.7114258
vt 0.7060547 0.71777344
vt 0.703125 0.7114258
vt 0.69921875 0.71728516
vt 0.7060547 0.71777344
vt 0.69921875 0.71728516
vt 0.70214844 0.72314453
vt 0.7060547 0.71777344
vt 0.70214844 0.72314453
vt 0.7089844 0.7236328
vt 0.7060547 0.71777344
vt 0.7089844 0.7236328
vt 0.7128906 0.7182617
vt 0.7060547 0.71777344
vt 0.7128906 0.7182617
vt 0.70996094 0.71191406
vt 0.7060547 0.71777344
vt 0.74121094 0.7133789
vt 0.734375 0.7128906
vt 0.7373047 0.71875
vt 0.734375 0.7128906
vt 0.73046875 0.7182617
vt 0.7373047 0.71875
vt 0.73046875 0.7182617
vt 0.73291016 0.7241211
vt 0.7373047 0.71875
vt 0.73291016 0.7241211
vt 0.7397461 0.72509766
vt 0.7373047 0.71875
vt 0.7397461 0.72509766
vt 0.74365234 0.71972656
vt 0.7373047 0.71875
vt 0.74365234 0.71972656
vt 0.74121094 0.7133789
vt 0.7373047 0.71875
vt 0.89160156 0.8466797
vt 0.8798828 0.8520508
vt 0.8901367 0.859375
vt 0.8798828 0.8520508
vt 0.87890625 0.8647461
vt 0.8901367 0.859375
vt 0.87890625 0.8647461
vt 0.88916016 0.8720703
vt 0.8901367 0.859375
vt 0.88916016 0.8720703
vt 0.9008789 0.8666992
vt 0.8901367 0.859375
vt 0.9008789 0.8666992
vt 0.90185547 0.8540039
vt 0.8901367 0.859375
vt 0.90185547 0.8540039
vt 0.89160156 0.8466797
vt 0.8901367 0.859375
vt 0.89160156 0.7861328
vt 0.8798828 0.7915039
vt 0.8901367 0.7988281
vt 0.8798828 0.7915039
vt 0.87890625 0.8041992
vt 0.8901367 0.7988281
vt 0.87890625 0.8041992
vt 0.88916016 0.81152344
vt 0.8901367 0.7988281
vt 0.88916016 0.81152344
vt 0.9008789 0.80615234
vt 0.8901367 0.7988281
vt 0.9008789 0.80615234
vt 0.90185547 0.79345703
vt 0.8901367 0.7988281
vt 0.90185547 0.79345703
vt 0.89160156 0.7861328
vt 0.8901367 0.7988281
vt 0.9506836 0.78808594
vt 0.9394531 0.79345703
vt 0.94970703 0.80078125
vt 0.9394531 0.79345703
vt 0.9379883 0.80615234
vt 0.94970703 0.80078125
vt 0.9379883 0.80615234
vt 0.94873047 0.8129883
vt 0.94970703 0.80078125
vt 0.94873047 0.8129883
vt 0.95996094 0.8076172
vt 0.94970703 0.80078125
vt 0.95996094 0.8076172
vt 0.9614258 0.79541016
vt 0.94970703 0.80078125
vt 0.9614258 0.79541016
vt 0.9506836 0.78808594
vt 0.94970703 0.80078125
vt 0.9067383 0.85595703
vt 0.9189453 0.859375
vt 0.9160156 0.84716797
vt 0.9160156 0.84716797
vt 0.9189453 0.859375
vt 0.92822266 0.85058594
vt 0.92822266 0.85058594
vt 0.9189453 0.859375
vt 0.93115234 0.86328125
vt 0.93115234 0.86328125
vt 0.9189453 0.859375
vt 0.921875 0.8720703
vt 0.921875 0.8720703
vt 0.9189453 0.859375
vt 0.90966797 0.86816406
vt 0.90966797 0.86816406
vt 0.9189453 0.859375
vt 0.9067383 0.85595703
vt 0.9301758 0.70458984
vt 0.9243164 0.6972656
vt 0.92089844 0.7060547
vt 0.92089844 0.7060547
vt 0.9243164 0.6972656
vt 0.9145508 0.69873047
vt 0.9145508 0.69873047
vt 0.9243164 0.6972656
vt 0.91845703 0.6894531
vt 0.91845703 0.6894531
vt 0.9243164 0.6972656
vt 0.9277344 0.6879883
vt 0.9277344 0.6879883
vt 0.9243164 0.6972656
vt 0.93408203 0.6958008
vt 0.93408203 0.6958008
vt 0.9243164 0.6972656
vt 0.9301758 0.70458984
vt 0.7241211 0.7788086
vt 0.71972656 0.7734375
vt 0.71777344 0.77978516
vt 0.71777344 0.77978516
vt 0.71972656 0.7734375
vt 0.7133789 0.77490234
vt 0.7133789 0.77490234
vt 0.71972656 0.7734375
vt 0.71533203 0.7685547
vt 0.71533203 0.7685547
vt 0.71972656 0.7734375
vt 0.72216797 0.76708984
vt 0.72216797 0.76708984
vt 0.71972656 0.7734375
vt 0.7265625 0.77246094
vt 0.7265625 0.77246094
vt 0.71972656 0.7734375
vt 0.7241211 0.7788086
vt 0.79833984 0.72216797
vt 0.7939453 0.7167969
vt 0.7915039 0.72314453
vt 0.7915039 0.72314453
vt 0.7939453 0.7167969
vt 0.7871094 0.7182617
vt 0.7871094 0.7182617
vt 0.7939453 0.7167969
vt 0.7895508 0.71191406
vt 0.7895508 0.71191406
vt 0.7939453 0.7167969
vt 0.7963867 0.7104492
vt 0.7963867 0.7104492
vt 0.7939453 0.7167969
vt 0.80078125 0.7158203
vt 0.80078125 0.7158203
vt 0.7939453 0.7167969
vt 0.79833984 0.72216797
vt 0.98779297 0.7319336
vt 0.9814453 0.7241211
vt 0.97802734 0.73339844
vt 0.97802734 0.73339844
vt 0.9814453 0.7241211
vt 0.9716797 0.7260742
vt 0.9716797 0.7260742
vt 0.9814453 0.7241211
vt 0.97509766 0.7167969
vt 0.97509766 0.7167969
vt 0.9814453 0.7241211
vt 0.9848633 0.71533203
vt 0.9848633 0.71533203
vt 0.9814453 0.7241211
vt 0.99072266 0.72265625
vt 0.99072266 0.72265625
vt 0.9814453 0.7241211
vt 0.98779297 0.7319336
vt 0.7944336 0.74072266
vt 0.79003906 0.73583984
vt 0.78759766 0.7421875
vt 0.78759766 0.7421875
vt 0.79003906 0.73583984
vt 0.7832031 0.7368164
vt 0.7832031 0.7368164
vt 0.79003906 0.73583984
vt 0.78564453 0.73046875
vt 0.78564453 0.73046875
vt 0.79003906 0.73583984
vt 0.79248047 0.7294922
vt 0.79248047 0.7294922
vt 0.79003906 0.73583984
vt 0.796875 0.734375
vt 0.796875 0.734375
vt 0.79003906 0.73583984
vt 0.7944336 0.74072266
vt 0.7421875 0.7788086
vt 0.73779297 0.7734375
vt 0.73583984 0.77978516
vt 0.73583984 0.77978516
vt 0.73779297 0.7734375
vt 0.7314453 0.77490234
vt 0.7314453 0.77490234
vt 0.73779297 0.7734375
vt 0.7338867 0.7685547
vt 0.7338867 0.7685547
vt 0.73779297 0.7734375
vt 0.7402344 0.76708984
vt 0.7402344 0.76708984
vt 0.73779297 0.7734375
vt 0.7446289 0.77246094
vt 0.7446289 0.77246094
vt 0.73779297 0.7734375
vt 0.7421875 0.7788086
vt 0.8017578 0.94384766
vt 0.80810547 0.9511719
vt 0.81152344 0.94189453
vt 0.81152344 0.94189453
vt 0.80810547 0.9511719
vt 0.8178711 0.94921875
vt 0.8178711 0.94921875
vt 0.80810547 0.9511719
vt 0.8144531 0.9584961
vt 0.8144531 0.9584961
vt 0.80810547 0.9511719
vt 0.8046875 0.9604492
vt 0.8046875 0.9604492
vt 0.80810547 0.9511719
vt 0.79833984 0.9526367
vt 0.79833984 0.9526367
vt 0.80810547 0.9511719
vt 0.8017578 0.94384766
vt 0.71972656 0.8286133
vt 0.7241211 0.8339844
vt 0.7265625 0.8276367
vt 0.7265625 0.8276367
vt 0.7241211 0.8339844
vt 0.73095703 0.83251953
vt 0.73095703 0.83251953
vt 0.7241211 0.8339844
vt 0.7285156 0.8388672
vt 0.7285156 0.8388672
vt 0.7241211 0.8339844
vt 0.72216797 0.84033203
vt 0.72216797 0.84033203
vt 0.7241211 0.8339844
vt 0.71777344 0.83496094
vt 0.71777344 0.83496094
vt 0.7241211 0.8339844
vt 0.71972656 0.8286133
vt 0.91064453 0.62353516
vt 0.91503906 0.62841797
vt 0.91748047 0.6220703
vt 0.91748047 0.6220703
vt 0.91503906 0.62841797
vt 0.921875 0.6274414
vt 0.921875 0.6274414
vt 0.91503906 0.62841797
vt 0.9194336 0.63378906
vt 0.9194336 0.63378906
vt 0.91503906 0.62841797
vt 0.91308594 0.6352539
vt 0.91308594 0.6352539
vt 0.91503906 0.62841797
vt 0.9086914 0.6298828
vt 0.9086914 0.6298828
vt 0.91503906 0.62841797
vt 0.91064453 0.62353516
vt 0.8540039 0.78027344
vt 0.86328125 0.77783203
vt 0.8564453 0.7705078
vt 0.8564453 0.7705078
vt 0.86328125 0.77783203
vt 0.86621094 0.7685547
vt 0.86621094 0.7685547
vt 0.86328125 0.77783203
vt 0.8725586 0.7753906
vt 0.8725586 0.7753906
vt 0.86328125 0.77783203
vt 0.8701172 0.78466797
vt 0.8701172 0.78466797
vt 0.86328125 0.77783203
vt 0.86035156 0.7871094
vt 0.86035156 0.7871094
vt 0.86328125 0.77783203
vt 0.8540039 0.78027344
vt 0.69189453 0.92529297
vt 0.69628906 0.93066406
vt 0.6982422 0.9243164
vt 0.6982422 0.9243164
vt 0.69628906 0.93066406
vt 0.7026367 0.9291992
vt 0.7026367 0.9291992
vt 0.69628906 0.93066406
vt 0.7006836 0.9355469
vt 0.7006836 0.9355469
vt 0.69628906 0.93066406
vt 0.69384766 0.9370117
vt 0.69384766 0.9370117
vt 0.69628906 0.93066406
vt 0.6894531 0.9321289
vt 0.6894531 0.9321289
vt 0.69628906 0.93066406
vt 0.69189453 0.92529297
vt 0.78564453 0.7480469
vt 0.79003906 0.75341797
vt 0.79248047 0.74658203
vt 0.79248047 0.74658203
vt 0.79003906 0.75341797
vt 0.796875 0.7519531
vt 0.796875 0.7519531
vt 0.79003906 0.75341797
vt 0.7944336 0.7583008
vt 0.7944336 0.7583008
vt 0.79003906 0.75341797
vt 0.78759766 0.7597656
vt 0.78759766 0.7597656
vt 0.79003906 0.75341797
vt 0.7832031 0.75439453
vt 0.7832031 0.75439453
vt 0.79003906 0.75341797
vt 0.78564453 0.7480469
vt 0.9667969 0.94384766
vt 0.9790039 0.9477539
vt 0.9760742 0.9350586
vt 0.9760742 0.9350586
vt 0.9790039 0.9477539
vt 0.98828125 0.93896484
vt 0.98828125 0.93896484
vt 0.9790039 0.9477539
vt 0.99072266 0.9511719
vt 0.99072266 0.9511719
vt 0.9790039 0.9477539
vt 0.9814453 0.95996094
vt 0.9814453 0.95996094
vt 0.9790039 0.9477539
vt 0.9692383 0.95654297
vt 0.9692383 0.95654297
vt 0.9790039 0.9477539
vt 0.9667969 0.94384766
vt 0.81884766 0.9736328
vt 0.8310547 0.97753906
vt 0.828125 0.96484375
vt 0.828125 0.96484375
vt 0.8310547 0.97753906
vt 0.84033203 0.96875
vt 0.84033203 0.96875
vt 0.8310547 0.97753906
vt 0.84277344 0.98095703
vt 0.84277344 0.98095703
vt 0.8310547 0.97753906
vt 0.8334961 0.9897461
vt 0.8334961 0.9897461
vt 0.8310547 0.97753906
vt 0.82177734 0.9863281
vt 0.82177734 0.9863281
vt 0.8310547 0.97753906
vt 0.81884766 0.9736328
vt 0.9067383 0.9145508
vt 0.9189453 0.91845703
vt 0.9160156 0.90625
vt 0.9160156 0.90625
vt 0.9189453 0.91845703
vt 0.92822266 0.90966797
vt 0.92822266 0.90966797
vt 0.9189453 0.91845703
vt 0.93115234 0.9223633
vt 0.93115234 0.9223633
vt 0.9189453 0.91845703
vt 0.921875 0.93066406
vt 0.921875 0.93066406
vt 0.9189453 0.91845703
vt 0.90966797 0.9272461
vt 0.90966797 0.9272461
vt 0.9189453 0.91845703
vt 0.9067383 0.9145508
vt 0.92041016 0.75683594
vt 0.9091797 0.76220703
vt 0.9194336 0.76953125
vt 0.9091797 0.76220703
vt 0.90771484 0.77490234
vt 0.9194336 0.76953125
vt 0.90771484 0.77490234
vt 0.91845703 0.78222656
vt 0.9194336 0.76953125
vt 0.91845703 0.78222656
vt 0.9296875 0.77685547
vt 0.9194336 0.76953125
vt 0.9296875 0.77685547
vt 0.93115234 0.76416016
vt 0.9194336 0.76953125
vt 0.93115234 0.76416016
vt 0.92041016 0.75683594
vt 0.9194336 0.76953125
vt 0.95458984 0.6953125
vt 0.9638672 0.6972656
vt 0.9609375 0.6879883
vt 0.9638672 0.6972656
vt 0.9707031 0.6904297
vt 0.9609375 0.6879883
vt 0.9707031 0.6904297
vt 0.96777344 0.68115234
vt 0.9609375 0.6879883
vt 0.96777344 0.68115234
vt 0.9584961 0.67871094
vt 0.9609375 0.6879883
vt 0.9584961 0.67871094
vt 0.95166016 0.68603516
vt 0.9609375 0.6879883
vt 0.95166016 0.68603516
vt 0.95458984 0.6953125
vt 0.9609375 0.6879883
vt 0.76708984 0.7421875
vt 0.7734375 0.74316406
vt 0.7709961 0.7368164
vt 0.7734375 0.74316406
vt 0.77783203 0.73779297
vt 0.7709961 0.7368164
vt 0.77783203 0.73779297
vt 0.7753906 0.7314453
vt 0.7709961 0.7368164
vt 0.7753906 0.7314453
vt 0.7685547 0.73046875
vt 0.7709961 0.7368164
vt 0.7685547 0.73046875
vt 0.76464844 0.73583984
vt 0.7709961 0.7368164
vt 0.76464844 0.73583984
vt 0.76708984 0.7421875
vt 0.7709961 0.7368164
vt 0.92041016 0.6767578
vt 0.9272461 0.6777344
vt 0.9248047 0.6713867
vt 0.9272461 0.6777344
vt 0.93115234 0.6723633
vt 0.9248047 0.6713867
vt 0.93115234 0.6723633
vt 0.92871094 0.6660156
vt 0.9248047 0.6713867
vt 0.92871094 0.6660156
vt 0.9223633 0.66503906
vt 0.9248047 0.6713867
vt 0.9223633 0.66503906
vt 0.91796875 0.67041016
vt 0.9248047 0.6713867
vt 0.91796875 0.67041016
vt 0.92041016 0.6767578
vt 0.9248047 0.6713867
vt 0.8051758 0.81640625
vt 0.8149414 0.8178711
vt 0.81103516 0.80859375
vt 0.8149414 0.8178711
vt 0.8208008 0.8100586
vt 0.81103516 0.80859375
vt 0.8208008 0.8100586
vt 0.8173828 0.80126953
vt 0.81103516 0.80859375
vt 0.8173828 0.80126953
vt 0.8076172 0.7998047
vt 0.81103516 0.80859375
vt 0.8076172 0.7998047
vt 0.8017578 0.8071289
vt 0.81103516 0.80859375
vt 0.8017578 0.8071289
vt 0.8051758 0.81640625
vt 0.81103516 0.80859375
vt 0.9428711 0.6689453
vt 0.94921875 0.67041016
vt 0.94677734 0.6640625
vt 0.94921875 0.67041016
vt 0.9536133 0.66503906
vt 0.94677734 0.6640625
vt 0.9536133 0.66503906
vt 0.9511719 0.6586914
vt 0.94677734 0.6640625
vt 0.9511719 0.6586914
vt 0.94433594 0.65771484
vt 0.94677734 0.6640625
vt 0.94433594 0.65771484
vt 0.9399414 0.66308594
vt 0.94677734 0.6640625
vt 0.9399414 0.66308594
vt 0.9428711 0.6689453
vt 0.94677734 0.6640625
vt 0.7324219 0.79589844
vt 0.7392578 0.796875
vt 0.7368164 0.79052734
vt 0.7392578 0.796875
vt 0.74316406 0.7915039
vt 0.7368164 0.79052734
vt 0.74316406 0.7915039
vt 0.74072266 0.78515625
vt 0.7368164 0.79052734
vt 0.74072266 0.78515625
vt 0.734375 0.7841797
vt 0.7368164 0.79052734
vt 0.734375 0.7841797
vt 0.72998047 0.7895508
vt 0.7368164 0.79052734
vt 0.72998047 0.7895508
vt 0.7324219 0.79589844
vt 0.7368164 0.79052734
vt 0.7397461 0.89501953
vt 0.72998047 0.89404297
vt 0.7338867 0.90283203
vt 0.72998047 0.89404297
vt 0.7241211 0.90185547
vt 0.7338867 0.90283203
vt 0.7241211 0.90185547
vt 0.72802734 0.91064453
vt 0.7338867 0.90283203
vt 0.72802734 0.91064453
vt 0.73779297 0.9121094
vt 0.7338867 0.90283203
vt 0.73779297 0.9121094
vt 0.74365234 0.9042969
vt 0.7338867 0.90283203
vt 0.74365234 0.9042969
vt 0.7397461 0.89501953
vt 0.7338867 0.90283203
vt 0.70458984 0.78515625
vt 0.6977539 0.78466797
vt 0.7001953 0.79052734
vt 0.6977539 0.78466797
vt 0.69384766 0.79003906
vt 0.7001953 0.79052734
vt 0.69384766 0.79003906
vt 0.69628906 0.79589844
vt 0.7001953 0.79052734
vt 0.69628906 0.79589844
vt 0.703125 0.796875
vt 0.7001953 0.79052734
vt 0.703125 0.796875
vt 0.70703125 0.7915039
vt 0.7001953 0.79052734
vt 0.70703125 0.7915039
vt 0.70458984 0.78515625
vt 0.7001953 0.79052734
vt 0.72265625 0.75
vt 0.7158203 0.7495117
vt 0.7182617 0.7553711
vt 0.7158203 0.7495117
vt 0.71191406 0.7548828
vt 0.7182617 0.7553711
vt 0.71191406 0.7548828
vt 0.71435547 0.7607422
vt 0.7182617 0.7553711
vt 0.71435547 0.7607422
vt 0.7211914 0.76171875
vt 0.7182617 0.7553711
vt 0.7211914 0.76171875
vt 0.72509766 0.75634766
vt 0.7182617 0.7553711
vt 0.72509766 0.75634766
vt 0.72265625 0.75
vt 0.7182617 0.7553711
vt 0.8071289 0.77734375
vt 0.80126953 0.78515625
vt 0.81103516 0.7861328
vt 0.80126953 0.78515625
vt 0.80566406 0.7939453
vt 0.81103516 0.7861328
vt 0.80566406 0.7939453
vt 0.8154297 0.7949219
vt 0.81103516 0.7861328
vt 0.8154297 0.7949219
vt 0.8208008 0.7866211
vt 0.81103516 0.7861328
vt 0.8208008 0.7866211
vt 0.81689453 0.77783203
vt 0.81103516 0.7861328
vt 0.81689453 0.77783203
vt 0.8071289 0.77734375
vt 0.81103516 0.7861328
vt 0.77783203 0.75097656
vt 0.7709961 0.7504883
vt 0.7739258 0.75634766
vt 0.7709961 0.7504883
vt 0.76708984 0.7558594
vt 0.7739258 0.75634766
vt 0.76708984 0.7558594
vt 0.77001953 0.76220703
vt 0.7739258 0.75634766
vt 0.77001953 0.76220703
vt 0.77685547 0.7626953
vt 0.7739258 0.75634766
vt 0.77685547 0.7626953
vt 0.7807617 0.75683594
vt 0.7739258 0.75634766
vt 0.7807617 0.75683594
vt 0.77783203 0.75097656
vt 0.7739258 0.75634766
vt 0.6904297 0.71240234
vt 0.68359375 0.71191406
vt 0.68652344 0.71777344
vt 0.68359375 0.71191406
vt 0.6796875 0.71728516
vt 0.68652344 0.71777344
vt 0.6796875 0.71728516
vt 0.6821289 0.7236328
vt 0.68652344 0.71777344
vt 0.6821289 0.7236328
vt 0.68896484 0.7241211
vt 0.68652344 0.71777344
vt 0.68896484 0.7241211
vt 0.6928711 0.71875
vt 0.68652344 0.71777344
vt 0.6928711 0.71875
vt 0.6904297 0.71240234
vt 0.68652344 0.71777344
vt 0.98046875 0.7866211
vt 0.96875 0.7919922
vt 0.9794922 0.7993164
vt 0.96875 0.7919922
vt 0.96777344 0.8046875
vt 0.9794922 0.7993164
vt 0.96777344 0.8046875
vt 0.9785156 0.8120117
vt 0.9794922 0.7993164
vt 0.9785156 0.8120117
vt 0.9897461 0.8066406
vt 0.9794922 0.7993164
vt 0.9897461 0.8066406
vt 0.99072266 0.7939453
vt 0.9794922 0.7993164
vt 0.99072266 0.7939453
vt 0.98046875 0.7866211
vt 0.9794922 0.7993164
vt 0.8623047 0.81591797
vt 0.8510742 0.82128906
vt 0.8613281 0.8286133
vt 0.8510742 0.82128906
vt 0.8496094 0.8339844
vt 0.8613281 0.8286133
vt 0.8496094 0.8339844
vt 0.86035156 0.8413086
vt 0.8613281 0.8286133
vt 0.86035156 0.8413086
vt 0.87158203 0.8359375
vt 0.8613281 0.8286133
vt 0.87158203 0.8359375
vt 0.8725586 0.8232422
vt 0.8613281 0.8286133
vt 0.8725586 0.8232422
vt 0.8623047 0.81591797
vt 0.8613281 0.8286133
vt 0.8623047 0.8461914
vt 0.8510742 0.8510742
vt 0.8613281 0.85839844
vt 0.8510742 0.8510742
vt 0.8496094 0.86376953
vt 0.8613281 0.85839844
vt 0.8496094 0.86376953
vt 0.86035156 0.87109375
vt 0.8613281 0.85839844
vt 0.86035156 0.87109375
vt 0.87158203 0.86572266
vt 0.8613281 0.85839844
vt 0.87158203 0.86572266
vt 0.8725586 0.85302734
vt 0.8613281 0.85839844
vt 0.8725586 0.85302734
vt 0.8623047 0.8461914
vt 0.8613281 0.85839844
vt 0.41308594 0.98583984
vt 0.41308594 0.99121094
vt 0.45996094 0.9921875
vt 0.45996094 0.98583984
vt 0.4128418 0.98095703
vt 0.41308594 0.98583984
vt 0.45996094 0.98583984
vt 0.4597168 0.97802734
vt 0.41259766 0.97558594
vt 0.4128418 0.98095703
vt 0.4597168 0.97802734
vt 0.45922852 0.9711914
vt 0.41186523 0.97021484
vt 0.41259766 0.97558594
vt 0.45922852 0.9711914
vt 0.45825195 0.9638672
vt 0.5410156 0.9848633
vt 0.46875 0.98535156
vt 0.46850586 0.9941406
vt 0.5410156 0.99609375
vt 0.5410156 0.9736328
vt 0.46850586 0.97753906
vt 0.46875 0.98535156
vt 0.5410156 0.9848633
vt 0.54003906 0.9638672
vt 0.46777344 0.97021484
vt 0.46850586 0.97753906
vt 0.5410156 0.9736328
vt 0.5390625 0.9526367
vt 0.46704102 0.96240234
vt 0.46777344 0.97021484
vt 0.54003906 0.9638672
vt 0.46875 0.98535156
vt 0.45996094 0.98583984
vt 0.45996094 0.9921875
vt 0.46850586 0.9941406
vt 0.46850586 0.97753906
vt 0.4597168 0.97802734
vt 0.45996094 0.98583984
vt 0.46875 0.98535156
vt 0.46777344 0.97021484
vt 0.45922852 0.9711914
vt 0.4597168 0.97802734
vt 0.46850586 0.97753906
vt 0.46704102 0.96240234
vt 0.45825195 0.9638672
vt 0.45922852 0.9711914
vt 0.46777344 0.97021484
vt 0.15441895 0.95654297
vt 0.0032024384 0.95654297
vt 0.0032024384 0.9658203
vt 0.15441895 0.9658203
vt 0.15441895 0.9477539
vt 0.0032024384 0.9477539
vt 0.0032024384 0.95654297
vt 0.15441895 0.95654297
vt 0.15441895 0.93847656
vt 0.0032024384 0.93847656
vt 0.0032024384 0.9477539
vt 0.15441895 0.9477539
vt 0.15441895 0.9296875
vt 0.0032024384 0.9296875
vt 0.0032024384 0.93847656
vt 0.15441895 0.93847656
vt 0.15246582 0.9902344
vt 0.0031147003 0.9902344
vt 0.0031147003 0.99658203
vt 0.15246582 0.99658203
vt 0.15246582 0.9838867
vt 0.0031147003 0.9838867
vt 0.0031147003 0.9902344
vt 0.15246582 0.9902344
vt 0.15246582 0.97753906
vt 0.0031147003 0.97753906
vt 0.0031147003 0.9838867
vt 0.15246582 0.9838867
vt 0.15246582 0.9716797
vt 0.0031147003 0.9716797
vt 0.0031147003 0.97753906
vt 0.15246582 0.97753906
vt 0.15246582 0.91796875
vt 0.0030727386 0.91796875
vt 0.0030727386 0.9243164
vt 0.15246582 0.9243164
vt 0.15246582 0.9121094
vt 0.0030727386 0.9121094
vt 0.0030727386 0.91796875
vt 0.15246582 0.91796875
vt 0.15246582 0.9057617
vt 0.0030727386 0.9057617
vt 0.0030727386 0.9121094
vt 0.15246582 0.9121094
vt 0.15246582 0.89941406
vt 0.0030727386 0.89941406
vt 0.0030727386 0.9057617
vt 0.15246582 0.9057617
vt 0.20568848 0.92822266
vt 0.1619873 0.92822266
vt 0.1619873 0.9379883
vt 0.20568848 0.9379883
vt 0.20568848 0.95654297
vt 0.1619873 0.95654297
vt 0.1619873 0.9663086
vt 0.20568848 0.9663086
vt 0.20568848 0.9472656
vt 0.1619873 0.9472656
vt 0.1619873 0.95654297
vt 0.20568848 0.95654297
vt 0.20568848 0.9379883
vt 0.1619873 0.9379883
vt 0.1619873 0.9472656
vt 0.20568848 0.9472656
vt 0.24645996 0.9707031
vt 0.15856934 0.9707031
vt 0.15856934 0.9770508
vt 0.24645996 0.9770508
vt 0.24645996 0.9897461
vt 0.15856934 0.9897461
vt 0.15856934 0.99609375
vt 0.24645996 0.99609375
vt 0.24645996 0.98339844
vt 0.15856934 0.98339844
vt 0.15856934 0.9897461
vt 0.24645996 0.9897461
vt 0.24645996 0.9770508
vt 0.15856934 0.9770508
vt 0.15856934 0.98339844
vt 0.24645996 0.98339844
vt 0.24560547 0.89990234
vt 0.15783691 0.89990234
vt 0.15783691 0.9057617
vt 0.24560547 0.9057617
vt 0.24560547 0.91845703
vt 0.15783691 0.91845703
vt 0.15783691 0.9248047
vt 0.24560547 0.9248047
vt 0.24560547 0.9121094
vt 0.15783691 0.9121094
vt 0.15783691 0.91845703
vt 0.24560547 0.91845703
vt 0.24560547 0.9057617
vt 0.15783691 0.9057617
vt 0.15783691 0.9121094
vt 0.24560547 0.9121094
vt 0.24621582 0.9472656
vt 0.2166748 0.9472656
vt 0.2166748 0.95654297
vt 0.24621582 0.95654297
vt 0.24621582 0.93847656
vt 0.2166748 0.93847656
vt 0.2166748 0.9472656
vt 0.24621582 0.9472656
vt 0.24621582 0.9291992
vt 0.2166748 0.9291992
vt 0.2166748 0.93847656
vt 0.24621582 0.93847656
vt 0.24621582 0.95654297
vt 0.2166748 0.95654297
vt 0.2166748 0.96533203
vt 0.24621582 0.96533203
vt 0.32763672 0.5078125
vt 0.30004883 0.5078125
vt 0.30004883 0.51416016
vt 0.32763672 0.5136719
vt 0.32763672 0.50146484
vt 0.30004883 0.50146484
vt 0.30004883 0.5078125
vt 0.32763672 0.5078125
vt 0.32763672 0.4951172
vt 0.30004883 0.4951172
vt 0.30004883 0.50146484
vt 0.32763672 0.50146484
vt 0.32763672 0.5136719
vt 0.30004883 0.51416016
vt 0.30004883 0.52001953
vt 0.32763672 0.52001953
vt 0.15942383 0.7421875
vt 0.13183594 0.7421875
vt 0.13183594 0.74853516
vt 0.15942383 0.74853516
vt 0.15942383 0.7363281
vt 0.13183594 0.7363281
vt 0.13183594 0.7421875
vt 0.15942383 0.7421875
vt 0.15942383 0.72998047
vt 0.13183594 0.72998047
vt 0.13183594 0.7363281
vt 0.15942383 0.7363281
vt 0.15942383 0.74853516
vt 0.13183594 0.74853516
vt 0.13195801 0.7548828
vt 0.1595459 0.7548828
vt 0.40478516 0.9560547
vt 0.2536621 0.9560547
vt 0.2536621 0.96533203
vt 0.40478516 0.96533203
vt 0.40478516 0.9472656
vt 0.2536621 0.9472656
vt 0.2536621 0.9560547
vt 0.40478516 0.9560547
vt 0.40478516 0.93847656
vt 0.2536621 0.93847656
vt 0.2536621 0.9472656
vt 0.40478516 0.9472656
vt 0.40478516 0.9291992
vt 0.2536621 0.9291992
vt 0.2536621 0.93847656
vt 0.40478516 0.93847656
vt 0.4038086 0.91845703
vt 0.25439453 0.91845703
vt 0.25439453 0.9248047
vt 0.4038086 0.9248047
vt 0.4038086 0.91259766
vt 0.25439453 0.91259766
vt 0.25439453 0.91845703
vt 0.4038086 0.91845703
vt 0.4038086 0.90625
vt 0.25439453 0.90625
vt 0.25439453 0.91259766
vt 0.4038086 0.91259766
vt 0.4038086 0.89990234
vt 0.25439453 0.89990234
vt 0.25439453 0.90625
vt 0.4038086 0.90625
vt 0.40307617 0.9897461
vt 0.2536621 0.9897461
vt 0.2536621 0.99560547
vt 0.40307617 0.99560547
vt 0.40307617 0.98339844
vt 0.2536621 0.98339844
vt 0.2536621 0.9897461
vt 0.40307617 0.9897461
vt 0.40307617 0.9770508
vt 0.2536621 0.9770508
vt 0.2536621 0.98339844
vt 0.40307617 0.98339844
vt 0.40307617 0.9707031
vt 0.2536621 0.9707031
vt 0.2536621 0.9770508
vt 0.40307617 0.9770508
vt 0.5517578 0.9667969
vt 0.5522461 0.97216797
vt 0.5991211 0.9682617
vt 0.59814453 0.9604492
vt 0.5527344 0.98291016
vt 0.5527344 0.98828125
vt 0.5996094 0.98876953
vt 0.5996094 0.9824219
vt 0.5527344 0.97753906
vt 0.5527344 0.98291016
vt 0.5996094 0.9824219
vt 0.5996094 0.97509766
vt 0.5522461 0.97216797
vt 0.5527344 0.97753906
vt 0.5996094 0.97509766
vt 0.5991211 0.9682617
vt 0.67871094 0.94970703
vt 0.6069336 0.95947266
vt 0.6074219 0.96728516
vt 0.6796875 0.9609375
vt 0.68066406 0.9814453
vt 0.60839844 0.9824219
vt 0.60839844 0.99072266
vt 0.68066406 0.9926758
vt 0.68066406 0.97021484
vt 0.60839844 0.9746094
vt 0.60839844 0.9824219
vt 0.68066406 0.9814453
vt 0.6796875 0.9609375
vt 0.6074219 0.96728516
vt 0.60839844 0.9746094
vt 0.68066406 0.97021484
vt 0.6069336 0.95947266
vt 0.59814453 0.9604492
vt 0.5991211 0.9682617
vt 0.6074219 0.96728516
vt 0.60839844 0.9824219
vt 0.5996094 0.9824219
vt 0.5996094 0.98876953
vt 0.60839844 0.99072266
vt 0.60839844 0.9746094
vt 0.5996094 0.97509766
vt 0.5996094 0.9824219
vt 0.60839844 0.9824219
vt 0.6074219 0.96728516
vt 0.5991211 0.9682617
vt 0.5996094 0.97509766
vt 0.60839844 0.9746094
vt 0.6821289 0.92822266
vt 0.6816406 0.92285156
vt 0.6352539 0.92333984
vt 0.6352539 0.9301758
vt 0.6821289 0.93359375
vt 0.6821289 0.92822266
vt 0.6352539 0.9301758
vt 0.6357422 0.9375
vt 0.68310547 0.93847656
vt 0.6821289 0.93359375
vt 0.6357422 0.9375
vt 0.63671875 0.94433594
vt 0.6816406 0.92285156
vt 0.6821289 0.91748047
vt 0.6352539 0.9160156
vt 0.6352539 0.92333984
vt 0.5541992 0.93359375
vt 0.62646484 0.93066406
vt 0.62646484 0.92333984
vt 0.5541992 0.9243164
vt 0.5551758 0.9448242
vt 0.6269531 0.93847656
vt 0.62646484 0.93066406
vt 0.5541992 0.93359375
vt 0.55615234 0.9560547
vt 0.6279297 0.94677734
vt 0.6269531 0.93847656
vt 0.5551758 0.9448242
vt 0.5541992 0.9243164
vt 0.62646484 0.92333984
vt 0.62646484 0.91552734
vt 0.5541992 0.91308594
vt 0.62646484 0.93066406
vt 0.6352539 0.9301758
vt 0.6352539 0.92333984
vt 0.62646484 0.92333984
vt 0.6269531 0.93847656
vt 0.6357422 0.9375
vt 0.6352539 0.9301758
vt 0.62646484 0.93066406
vt 0.6279297 0.94677734
vt 0.63671875 0.94433594
vt 0.6357422 0.9375
vt 0.6269531 0.93847656
vt 0.62646484 0.92333984
vt 0.6352539 0.92333984
vt 0.6352539 0.9160156
vt 0.62646484 0.91552734
vt 0.54248047 0.9277344
vt 0.54248047 0.9223633
vt 0.4963379 0.92041016
vt 0.4963379 0.92822266
vt 0.54296875 0.93310547
vt 0.54248047 0.9277344
vt 0.4963379 0.92822266
vt 0.49658203 0.9355469
vt 0.54296875 0.9379883
vt 0.54296875 0.93310547
vt 0.49658203 0.9355469
vt 0.4970703 0.9423828
vt 0.5439453 0.9433594
vt 0.54296875 0.9379883
vt 0.4970703 0.9423828
vt 0.49780273 0.94970703
vt 0.41601562 0.92871094
vt 0.48754883 0.92822266
vt 0.48779297 0.9199219
vt 0.41625977 0.9165039
vt 0.41625977 0.9399414
vt 0.4880371 0.93603516
vt 0.48754883 0.92822266
vt 0.41601562 0.92871094
vt 0.4169922 0.94921875
vt 0.4885254 0.9428711
vt 0.4880371 0.93603516
vt 0.41625977 0.9399414
vt 0.4182129 0.9604492
vt 0.4892578 0.9506836
vt 0.4885254 0.9428711
vt 0.4169922 0.94921875
vt 0.48754883 0.92822266
vt 0.4963379 0.92822266
vt 0.4963379 0.92041016
vt 0.48779297 0.9199219
vt 0.4880371 0.93603516
vt 0.49658203 0.9355469
vt 0.4963379 0.92822266
vt 0.48754883 0.92822266
vt 0.4885254 0.9428711
vt 0.4970703 0.9423828
vt 0.49658203 0.9355469
vt 0.4880371 0.93603516
vt 0.4892578 0.9506836
vt 0.49780273 0.94970703
vt 0.4970703 0.9423828
vt 0.4885254 0.9428711
vt 0.89208984 0.08532715
vt 0.89208984 0.18774414
vt 0.9946289 0.18774414
vt 0.9946289 0.08532715
vt 0.84716797 0.4567871
vt 0.7739258 0.4567871
vt 0.7739258 0.46557617
vt 0.84716797 0.46557617
vt 0.84716797 0.4489746
vt 0.7739258 0.4489746
vt 0.7739258 0.4567871
vt 0.84716797 0.4567871
vt 0.84716797 0.43945312
vt 0.7739258 0.43945312
vt 0.7739258 0.4489746
vt 0.84716797 0.4489746
vt 0.84716797 0.4567871
vt 0.85595703 0.46069336
vt 0.85595703 0.44506836
vt 0.84716797 0.4489746
vt 0.6328125 0.84716797
vt 0.67822266 0.8408203
vt 0.6791992 0.8461914
vt 0.63378906 0.85498047
vt 0.6308594 0.8256836
vt 0.6772461 0.8251953
vt 0.6777344 0.8305664
vt 0.63134766 0.8330078
vt 0.63134766 0.8330078
vt 0.6777344 0.8305664
vt 0.6777344 0.8354492
vt 0.63183594 0.83984375
vt 0.63183594 0.83984375
vt 0.6777344 0.8354492
vt 0.67822266 0.8408203
vt 0.6328125 0.84716797
vt 0.62402344 0.84814453
vt 0.6254883 0.8564453
vt 0.5551758 0.8701172
vt 0.55322266 0.85791016
vt 0.6225586 0.8256836
vt 0.6225586 0.8334961
vt 0.55126953 0.83740234
vt 0.55078125 0.8261719
vt 0.6225586 0.8334961
vt 0.6230469 0.8408203
vt 0.5517578 0.84716797
vt 0.55126953 0.83740234
vt 0.6230469 0.8408203
vt 0.62402344 0.84814453
vt 0.55322266 0.85791016
vt 0.5517578 0.84716797
vt 0.6328125 0.84716797
vt 0.63378906 0.85498047
vt 0.6254883 0.8564453
vt 0.62402344 0.84814453
vt 0.6308594 0.8256836
vt 0.63134766 0.8330078
vt 0.6225586 0.8334961
vt 0.6225586 0.8256836
vt 0.63134766 0.8330078
vt 0.63183594 0.83984375
vt 0.6230469 0.8408203
vt 0.6225586 0.8334961
vt 0.63183594 0.83984375
vt 0.6328125 0.84716797
vt 0.62402344 0.84814453
vt 0.6230469 0.8408203
vt 0.25073242 0.8378906
vt 0.25073242 0.8286133
vt 0.4020996 0.8286133
vt 0.4020996 0.8378906
vt 0.25073242 0.8647461
vt 0.25073242 0.85595703
vt 0.4020996 0.85595703
vt 0.4020996 0.8647461
vt 0.25073242 0.85595703
vt 0.25073242 0.8466797
vt 0.4020996 0.8466797
vt 0.4020996 0.85595703
vt 0.25073242 0.8466797
vt 0.25073242 0.8378906
vt 0.4020996 0.8378906
vt 0.4020996 0.8466797
vt 0.28833008 0.8046875
vt 0.28833008 0.79833984
vt 0.43774414 0.79833984
vt 0.43774414 0.8046875
vt 0.28833008 0.8232422
vt 0.28833008 0.81689453
vt 0.43774414 0.81689453
vt 0.43774414 0.8232422
vt 0.28833008 0.81689453
vt 0.28833008 0.8105469
vt 0.43774414 0.8105469
vt 0.43774414 0.81689453
vt 0.28833008 0.8105469
vt 0.28833008 0.8046875
vt 0.43774414 0.8046875
vt 0.43774414 0.8105469
vt 0.2553711 0.8754883
vt 0.2553711 0.8691406
vt 0.40454102 0.8691406
vt 0.40454102 0.8754883
vt 0.2553711 0.89453125
vt 0.2553711 0.8881836
vt 0.40454102 0.8881836
vt 0.40454102 0.89453125
vt 0.2553711 0.8881836
vt 0.2553711 0.88183594
vt 0.40454102 0.88183594
vt 0.40454102 0.8881836
vt 0.2553711 0.88183594
vt 0.2553711 0.8754883
vt 0.40454102 0.8754883
vt 0.40454102 0.88183594
vt 0.19592285 0.8569336
vt 0.19616699 0.84765625
vt 0.23950195 0.84765625
vt 0.23962402 0.8569336
vt 0.19616699 0.84765625
vt 0.19628906 0.8383789
vt 0.23937988 0.8383789
vt 0.23950195 0.84765625
vt 0.19628906 0.8383789
vt 0.19628906 0.82910156
vt 0.23937988 0.82910156
vt 0.23937988 0.8383789
vt 0.19592285 0.8666992
vt 0.19592285 0.8569336
vt 0.23962402 0.8569336
vt 0.23962402 0.86621094
vt 0.16186523 0.88916016
vt 0.1619873 0.8828125
vt 0.25 0.8828125
vt 0.25024414 0.88916016
vt 0.1619873 0.8828125
vt 0.16210938 0.87646484
vt 0.25 0.87646484
vt 0.25 0.8828125
vt 0.16210938 0.87646484
vt 0.16210938 0.8701172
vt 0.25 0.8701172
vt 0.25 0.87646484
vt 0.16186523 0.8955078
vt 0.16186523 0.88916016
vt 0.25024414 0.88916016
vt 0.25024414 0.89501953
vt 0.19396973 0.8183594
vt 0.1940918 0.8120117
vt 0.28173828 0.8120117
vt 0.28198242 0.8183594
vt 0.1940918 0.8120117
vt 0.19421387 0.80566406
vt 0.28173828 0.80566406
vt 0.28173828 0.8120117
vt 0.19421387 0.80566406
vt 0.19421387 0.7998047
vt 0.28173828 0.7998047
vt 0.28173828 0.80566406
vt 0.19396973 0.82470703
vt 0.19396973 0.8183594
vt 0.28198242 0.8183594
vt 0.28198242 0.82470703
vt 0.15979004 0.8647461
vt 0.15979004 0.85546875
vt 0.18933105 0.85546875
vt 0.18933105 0.8647461
vt 0.15979004 0.85546875
vt 0.15979004 0.8466797
vt 0.18933105 0.8466797
vt 0.18933105 0.85546875
vt 0.15979004 0.8466797
vt 0.15979004 0.83740234
vt 0.18933105 0.83740234
vt 0.18933105 0.8466797
vt 0.15979004 0.83740234
vt 0.15979004 0.8286133
vt 0.18933105 0.8286133
vt 0.18933105 0.83740234
vt 0.28833008 0.63623047
vt 0.28833008 0.6298828
vt 0.31591797 0.6298828
vt 0.31591797 0.63623047
vt 0.28833008 0.6298828
vt 0.28833008 0.62353516
vt 0.31591797 0.62353516
vt 0.31591797 0.6298828
vt 0.28833008 0.62353516
vt 0.28833008 0.6171875
vt 0.31591797 0.6171875
vt 0.31591797 0.62353516
vt 0.28833008 0.6171875
vt 0.28833008 0.61083984
vt 0.31591797 0.6113281
vt 0.31591797 0.6171875
vt 0.15930176 0.82421875
vt 0.15930176 0.8178711
vt 0.18688965 0.8178711
vt 0.18688965 0.82421875
vt 0.15930176 0.8178711
vt 0.15930176 0.81152344
vt 0.18688965 0.81152344
vt 0.18688965 0.8178711
vt 0.15930176 0.81152344
vt 0.15930176 0.80566406
vt 0.18688965 0.80566406
vt 0.18688965 0.81152344
vt 0.15930176 0.80566406
vt 0.15930176 0.7993164
vt 0.18688965 0.7993164
vt 0.18688965 0.80566406
vt 0.001868248 0.8652344
vt 0.001868248 0.8564453
vt 0.15307617 0.8564453
vt 0.15307617 0.8652344
vt 0.001868248 0.8564453
vt 0.0019254684 0.84716797
vt 0.1529541 0.84716797
vt 0.15307617 0.8564453
vt 0.0019254684 0.84716797
vt 0.0019817352 0.8383789
vt 0.1529541 0.8383789
vt 0.1529541 0.84716797
vt 0.0019817352 0.8383789
vt 0.0019817352 0.82910156
vt 0.1529541 0.82910156
vt 0.1529541 0.8383789
vt 0.0022506714 0.82470703
vt 0.0022506714 0.8183594
vt 0.1517334 0.8183594
vt 0.1517334 0.82470703
vt 0.0022506714 0.8183594
vt 0.0022907257 0.8120117
vt 0.15161133 0.8120117
vt 0.1517334 0.8183594
vt 0.0022907257 0.8120117
vt 0.00233078 0.80566406
vt 0.15161133 0.80566406
vt 0.15161133 0.8120117
vt 0.00233078 0.80566406
vt 0.00233078 0.7998047
vt 0.15161133 0.7998047
vt 0.15161133 0.80566406
vt 0.0021877289 0.89501953
vt 0.0021877289 0.8886719
vt 0.15161133 0.8886719
vt 0.15161133 0.89501953
vt 0.0021877289 0.8886719
vt 0.0022277832 0.8823242
vt 0.15161133 0.8823242
vt 0.15161133 0.8886719
vt 0.0022277832 0.8823242
vt 0.0022678375 0.87646484
vt 0.15148926 0.87646484
vt 0.15161133 0.8823242
vt 0.0022678375 0.87646484
vt 0.0022678375 0.8701172
vt 0.15148926 0.8701172
vt 0.15148926 0.87646484
vt 0.4963379 0.83935547
vt 0.54248047 0.8388672
vt 0.54248047 0.8442383
vt 0.4963379 0.8466797
vt 0.4963379 0.8466797
vt 0.54248047 0.8442383
vt 0.54296875 0.8496094
vt 0.4970703 0.8544922
vt 0.4970703 0.8544922
vt 0.54296875 0.8496094
vt 0.5439453 0.85498047
vt 0.49780273 0.86083984
vt 0.4963379 0.83251953
vt 0.54248047 0.8339844
vt 0.54248047 0.8388672
vt 0.4963379 0.83935547
vt 0.48754883 0.83935547
vt 0.48779297 0.84716797
vt 0.41625977 0.85058594
vt 0.41601562 0.83935547
vt 0.48779297 0.84716797
vt 0.4885254 0.85546875
vt 0.41723633 0.86279297
vt 0.41625977 0.85058594
vt 0.4885254 0.85546875
vt 0.48950195 0.86376953
vt 0.41870117 0.87353516
vt 0.41723633 0.86279297
vt 0.48779297 0.83203125
vt 0.48754883 0.83935547
vt 0.41601562 0.83935547
vt 0.41601562 0.8300781
vt 0.4963379 0.83935547
vt 0.4963379 0.8466797
vt 0.48779297 0.84716797
vt 0.48754883 0.83935547
vt 0.4963379 0.8466797
vt 0.4970703 0.8544922
vt 0.4885254 0.85546875
vt 0.48779297 0.84716797
vt 0.4970703 0.8544922
vt 0.49780273 0.86083984
vt 0.48950195 0.86376953
vt 0.4885254 0.85546875
vt 0.4963379 0.83251953
vt 0.4963379 0.83935547
vt 0.48754883 0.83935547
vt 0.48779297 0.83203125
vt 0.4633789 0.9067383
vt 0.4169922 0.9038086
vt 0.41748047 0.8984375
vt 0.4638672 0.89990234
vt 0.4638672 0.89990234
vt 0.41748047 0.8984375
vt 0.41748047 0.8930664
vt 0.4638672 0.8925781
vt 0.4638672 0.8925781
vt 0.41748047 0.8930664
vt 0.41748047 0.8876953
vt 0.4633789 0.8847656
vt 0.4633789 0.8847656
vt 0.41748047 0.8876953
vt 0.4169922 0.8828125
vt 0.46264648 0.8769531
vt 0.47216797 0.90722656
vt 0.4724121 0.9003906
vt 0.5444336 0.90234375
vt 0.5439453 0.9121094
vt 0.4724121 0.9003906
vt 0.47265625 0.8925781
vt 0.5444336 0.89160156
vt 0.5444336 0.90234375
vt 0.47265625 0.8925781
vt 0.47216797 0.88427734
vt 0.54345703 0.87890625
vt 0.5444336 0.89160156
vt 0.47216797 0.88427734
vt 0.4711914 0.87597656
vt 0.5415039 0.8666992
vt 0.54345703 0.87890625
vt 0.4633789 0.9067383
vt 0.4638672 0.89990234
vt 0.4724121 0.9003906
vt 0.47216797 0.90722656
vt 0.4638672 0.89990234
vt 0.4638672 0.8925781
vt 0.47265625 0.8925781
vt 0.4724121 0.9003906
vt 0.4638672 0.8925781
vt 0.4633789 0.8847656
vt 0.47216797 0.88427734
vt 0.47265625 0.8925781
vt 0.4633789 0.8847656
vt 0.46264648 0.8769531
vt 0.4711914 0.87597656
vt 0.47216797 0.88427734
vt 0.6015625 0.9033203
vt 0.5551758 0.9003906
vt 0.55566406 0.89501953
vt 0.6015625 0.8964844
vt 0.6015625 0.8964844
vt 0.55566406 0.89501953
vt 0.55566406 0.8901367
vt 0.6020508 0.88916016
vt 0.6020508 0.88916016
vt 0.55566406 0.8901367
vt 0.5551758 0.8847656
vt 0.6015625 0.88134766
vt 0.6015625 0.88134766
vt 0.5551758 0.8847656
vt 0.5546875 0.87939453
vt 0.60058594 0.87353516
vt 0.6098633 0.9042969
vt 0.61035156 0.89697266
vt 0.6821289 0.89941406
vt 0.6816406 0.9086914
vt 0.61035156 0.89697266
vt 0.61035156 0.88916016
vt 0.6821289 0.8881836
vt 0.6821289 0.89941406
vt 0.61035156 0.88916016
vt 0.61035156 0.8808594
vt 0.6816406 0.87597656
vt 0.6821289 0.8881836
vt 0.61035156 0.8808594
vt 0.609375 0.8725586
vt 0.68066406 0.86328125
vt 0.6816406 0.87597656
vt 0.6015625 0.9033203
vt 0.6015625 0.8964844
vt 0.61035156 0.89697266
vt 0.6098633 0.9042969
vt 0.6015625 0.8964844
vt 0.6020508 0.88916016
vt 0.61035156 0.88916016
vt 0.61035156 0.89697266
vt 0.6020508 0.88916016
vt 0.6015625 0.88134766
vt 0.61035156 0.8808594
vt 0.61035156 0.88916016
vt 0.6015625 0.88134766
vt 0.60058594 0.87353516
vt 0.609375 0.8725586
vt 0.61035156 0.8808594
vt 0.78027344 0.085754395
vt 0.8828125 0.085754395
vt 0.8828125 0.18823242
vt 0.78027344 0.18823242
vt 0.71728516 0.2668457
vt 0.7084961 0.2668457
vt 0.7084961 0.19372559
vt 0.71728516 0.19372559
vt 0.7084961 0.2668457
vt 0.7006836 0.2668457
vt 0.7006836 0.19372559
vt 0.7084961 0.19372559
vt 0.7006836 0.2668457
vt 0.69140625 0.2668457
vt 0.69140625 0.19372559
vt 0.7006836 0.19372559
vt 0.7006836 0.2668457
vt 0.7084961 0.2668457
vt 0.71240234 0.27563477
vt 0.69677734 0.27563477
vt 0.8466797 0.9501953
vt 0.85253906 0.9604492
vt 0.85253906 0.9399414
vt 0.8642578 0.9399414
vt 0.8701172 0.9501953
vt 0.8642578 0.9604492
vt 0.7910156 0.5444336
vt 0.7910156 0.5107422
vt 0.7807617 0.5107422
vt 0.7807617 0.5444336
vt 0.8017578 0.5444336
vt 0.8017578 0.5107422
vt 0.7910156 0.5107422
vt 0.7910156 0.5444336
vt 0.8120117 0.5444336
vt 0.8120117 0.5107422
vt 0.8017578 0.5107422
vt 0.8017578 0.5444336
vt 0.8222656 0.5444336
vt 0.8222656 0.5107422
vt 0.8120117 0.5107422
vt 0.8120117 0.5444336
vt 0.89746094 0.67822266
vt 0.90185547 0.68652344
vt 0.90185547 0.67041016
vt 0.9111328 0.67041016
vt 0.91552734 0.67822266
vt 0.9111328 0.68652344
vt 0.74902344 0.54541016
vt 0.74902344 0.5058594
vt 0.74072266 0.5058594
vt 0.74072266 0.54541016
vt 0.75683594 0.54541016
vt 0.75683594 0.5058594
vt 0.74902344 0.5058594
vt 0.74902344 0.54541016
vt 0.7651367 0.54541016
vt 0.7651367 0.5058594
vt 0.75683594 0.5058594
vt 0.75683594 0.54541016
vt 0.7734375 0.54541016
vt 0.7734375 0.5058594
vt 0.7651367 0.5058594
vt 0.7651367 0.54541016
vt 0.7524414 0.9526367
vt 0.75683594 0.9604492
vt 0.75683594 0.9453125
vt 0.765625 0.9453125
vt 0.76953125 0.9526367
vt 0.765625 0.9604492
vt 0.8388672 0.5449219
vt 0.8388672 0.50390625
vt 0.8310547 0.50390625
vt 0.8310547 0.5449219
vt 0.8461914 0.5449219
vt 0.8461914 0.50390625
vt 0.8388672 0.50390625
vt 0.8388672 0.5449219
vt 0.8540039 0.5449219
vt 0.8540039 0.50390625
vt 0.8461914 0.50390625
vt 0.8461914 0.5449219
vt 0.8618164 0.5449219
vt 0.8618164 0.50390625
vt 0.8540039 0.50390625
vt 0.8540039 0.5449219
vt 0.96777344 0.7714844
vt 0.9736328 0.7817383
vt 0.9736328 0.76171875
vt 0.98535156 0.76171875
vt 0.99072266 0.77197266
vt 0.9848633 0.7817383
vt 0.7026367 0.5449219
vt 0.7026367 0.51123047
vt 0.6923828 0.51123047
vt 0.6923828 0.5449219
vt 0.7133789 0.5449219
vt 0.7133789 0.51123047
vt 0.7026367 0.51123047
vt 0.7026367 0.5449219
vt 0.7236328 0.5449219
vt 0.7236328 0.51123047
vt 0.7133789 0.51123047
vt 0.7133789 0.5449219
vt 0.7338867 0.5449219
vt 0.7338867 0.51123047
vt 0.7236328 0.51123047
vt 0.7236328 0.5449219
vt 0.9379883 0.7128906
vt 0.94384766 0.72314453
vt 0.94384766 0.703125
vt 0.9555664 0.703125
vt 0.9614258 0.7128906
vt 0.9555664 0.72314453
vt 0.91015625 0.546875
vt 0.91015625 0.5102539
vt 0.89990234 0.5102539
vt 0.89990234 0.546875
vt 0.92089844 0.546875
vt 0.92089844 0.5102539
vt 0.91015625 0.5102539
vt 0.91015625 0.546875
vt 0.93115234 0.546875
vt 0.93115234 0.5102539
vt 0.92089844 0.5102539
vt 0.92089844 0.546875
vt 0.94140625 0.546875
vt 0.94140625 0.5102539
vt 0.93115234 0.5102539
vt 0.93115234 0.546875
vt 0.95996094 0.66552734
vt 0.9638672 0.6723633
vt 0.9638672 0.6582031
vt 0.97216797 0.6582031
vt 0.9760742 0.66552734
vt 0.97216797 0.6723633
vt 0.8720703 0.54589844
vt 0.8720703 0.5126953
vt 0.8647461 0.5126953
vt 0.8647461 0.54589844
vt 0.87939453 0.54589844
vt 0.87939453 0.5126953
vt 0.8720703 0.5126953
vt 0.8720703 0.54589844
vt 0.88671875 0.54589844
vt 0.88671875 0.5126953
vt 0.87939453 0.5126953
vt 0.87939453 0.54589844
vt 0.8935547 0.54589844
vt 0.8935547 0.5126953
vt 0.88671875 0.5126953
vt 0.88671875 0.54589844
vt 0.7036133 0.90478516
vt 0.70751953 0.9121094
vt 0.70751953 0.8979492
vt 0.71533203 0.8979492
vt 0.71972656 0.90527344
vt 0.71533203 0.9121094
vt 0.9916992 0.5444336
vt 0.9916992 0.5107422
vt 0.984375 0.5107422
vt 0.984375 0.5444336
vt 0.9550781 0.5444336
vt 0.9550781 0.5107422
vt 0.9482422 0.5107422
vt 0.9482422 0.5444336
vt 0.96240234 0.5444336
vt 0.96240234 0.5107422
vt 0.9550781 0.5107422
vt 0.9550781 0.5444336
vt 0.96972656 0.5444336
vt 0.96972656 0.5107422
vt 0.96240234 0.5107422
vt 0.96240234 0.5444336
vt 0.9770508 0.5444336
vt 0.9770508 0.5107422
vt 0.96972656 0.5107422
vt 0.96972656 0.5444336
vt 0.984375 0.5444336
vt 0.984375 0.5107422
vt 0.9770508 0.5107422
vt 0.9770508 0.5444336
vt 0.7661133 0.96972656
vt 0.7602539 0.97998047
vt 0.7661133 0.9897461
vt 0.77734375 0.96972656
vt 0.7832031 0.97998047
vt 0.77734375 0.9897461
vt 0.8598633 0.48095703
vt 0.8496094 0.48095703
vt 0.8496094 0.4975586
vt 0.8598633 0.4975586
vt 0.8911133 0.48095703
vt 0.8808594 0.48095703
vt 0.8808594 0.4975586
vt 0.8911133 0.4975586
vt 0.8808594 0.48095703
vt 0.8701172 0.48095703
vt 0.8701172 0.4975586
vt 0.8808594 0.4975586
vt 0.8701172 0.48095703
vt 0.8598633 0.48095703
vt 0.8598633 0.4975586
vt 0.8701172 0.4975586
vt 0.8310547 0.7548828
vt 0.82666016 0.7631836
vt 0.8310547 0.7709961
vt 0.84033203 0.7553711
vt 0.84521484 0.7631836
vt 0.84033203 0.7709961
vt 0.90527344 0.47705078
vt 0.89697266 0.47705078
vt 0.89697266 0.49902344
vt 0.90527344 0.49902344
vt 0.9296875 0.47705078
vt 0.9213867 0.47705078
vt 0.9213867 0.49902344
vt 0.9296875 0.49902344
vt 0.9213867 0.47705078
vt 0.9135742 0.47705078
vt 0.9135742 0.49902344
vt 0.9213867 0.49902344
vt 0.9135742 0.47705078
vt 0.90527344 0.47705078
vt 0.90527344 0.49902344
vt 0.9135742 0.49902344
vt 0.72998047 0.9223633
vt 0.7260742 0.9296875
vt 0.72998047 0.9370117
vt 0.73876953 0.9223633
vt 0.74316406 0.9296875
vt 0.73876953 0.9370117
vt 0.82128906 0.47558594
vt 0.81347656 0.47558594
vt 0.81347656 0.4987793
vt 0.82128906 0.4987793
vt 0.8442383 0.47558594
vt 0.8364258 0.47558594
vt 0.8364258 0.4987793
vt 0.8442383 0.4987793
vt 0.8364258 0.47558594
vt 0.82910156 0.47558594
vt 0.82910156 0.4987793
vt 0.8364258 0.4987793
vt 0.82910156 0.47558594
vt 0.82128906 0.47558594
vt 0.82128906 0.4987793
vt 0.82910156 0.4987793
vt 0.8261719 0.91064453
vt 0.8203125 0.92089844
vt 0.8261719 0.93066406
vt 0.8378906 0.91064453
vt 0.84375 0.92089844
vt 0.8378906 0.93066406
vt 0.94628906 0.47851562
vt 0.93603516 0.47851562
vt 0.93603516 0.49536133
vt 0.94628906 0.49536133
vt 0.9765625 0.47851562
vt 0.96777344 0.47851562
vt 0.96777344 0.49536133
vt 0.9765625 0.49536133
vt 0.96777344 0.47851562
vt 0.95703125 0.47851562
vt 0.95703125 0.49536133
vt 0.96777344 0.49536133
vt 0.95703125 0.47851562
vt 0.94628906 0.47851562
vt 0.94628906 0.49536133
vt 0.95703125 0.49536133
vt 0.7998047 0.88134766
vt 0.7939453 0.8911133
vt 0.7998047 0.9013672
vt 0.81152344 0.88134766
vt 0.8173828 0.8911133
vt 0.81152344 0.9013672
vt 0.74121094 0.47973633
vt 0.73095703 0.47973633
vt 0.73095703 0.49926758
vt 0.74121094 0.49926758
vt 0.77246094 0.47973633
vt 0.76220703 0.47973633
vt 0.76220703 0.49926758
vt 0.77246094 0.49926758
vt 0.76220703 0.47973633
vt 0.75146484 0.47973633
vt 0.75146484 0.49926758
vt 0.76220703 0.49926758
vt 0.75146484 0.47973633
vt 0.74121094 0.47973633
vt 0.74121094 0.49926758
vt 0.75146484 0.49926758
vt 0.9790039 0.6738281
vt 0.9746094 0.68066406
vt 0.9790039 0.6875
vt 0.9868164 0.6738281
vt 0.99072266 0.68066406
vt 0.9868164 0.6875
vt 0.78759766 0.48217773
vt 0.78027344 0.48217773
vt 0.78027344 0.49829102
vt 0.78759766 0.49829102
vt 0.80908203 0.48217773
vt 0.8017578 0.48217773
vt 0.8017578 0.49829102
vt 0.80908203 0.49829102
vt 0.8017578 0.48217773
vt 0.7944336 0.48217773
vt 0.7944336 0.49829102
vt 0.8017578 0.49829102
vt 0.7944336 0.48217773
vt 0.78759766 0.48217773
vt 0.78759766 0.49829102
vt 0.7944336 0.49829102
vt 0.9370117 0.6743164
vt 0.93310547 0.68115234
vt 0.9370117 0.6879883
vt 0.9448242 0.6743164
vt 0.94921875 0.68115234
vt 0.9448242 0.6879883
vt 0.7036133 0.4831543
vt 0.6972656 0.4831543
vt 0.6972656 0.49975586
vt 0.7036133 0.49975586
vt 0.7246094 0.4831543
vt 0.71728516 0.4831543
vt 0.71728516 0.49975586
vt 0.7246094 0.49975586
vt 0.71728516 0.4831543
vt 0.70996094 0.4831543
vt 0.70996094 0.49975586
vt 0.71728516 0.49975586
vt 0.70996094 0.4831543
vt 0.7036133 0.4831543
vt 0.7036133 0.49975586
vt 0.70996094 0.49975586
vt 0.8847656 0.24255371
vt 0.73535156 0.24255371
vt 0.73535156 0.25024414
vt 0.8847656 0.25024414
vt 0.8847656 0.23364258
vt 0.73535156 0.23364258
vt 0.73535156 0.24255371
vt 0.8847656 0.24255371
vt 0.8847656 0.22595215
vt 0.73535156 0.22595215
vt 0.73535156 0.23364258
vt 0.8847656 0.23364258
vt 0.88671875 0.21008301
vt 0.73779297 0.21008301
vt 0.73779297 0.21777344
vt 0.88671875 0.21777344
vt 0.88671875 0.20117188
vt 0.73779297 0.20117188
vt 0.73779297 0.21008301
vt 0.88671875 0.21008301
vt 0.88671875 0.19348145
vt 0.73779297 0.19348145
vt 0.73779297 0.20117188
vt 0.88671875 0.20117188
vt 0.8828125 0.27514648
vt 0.7338867 0.27514648
vt 0.7338867 0.28271484
vt 0.8828125 0.28271484
vt 0.8828125 0.26611328
vt 0.7338867 0.26611328
vt 0.7338867 0.27514648
vt 0.8828125 0.27514648
vt 0.8828125 0.25854492
vt 0.7338867 0.25854492
vt 0.7338867 0.26611328
vt 0.8828125 0.26611328
vt 0.89404297 0.26757812
vt 0.9946289 0.26757812
vt 0.9946289 0.25976562
vt 0.89404297 0.25976562
vt 0.89404297 0.27734375
vt 0.9946289 0.27734375
vt 0.9946289 0.26757812
vt 0.89404297 0.26757812
vt 0.89404297 0.28515625
vt 0.9946289 0.28515625
vt 0.9946289 0.27734375
vt 0.89404297 0.27734375
vt 0.8955078 0.2331543
vt 0.99609375 0.2331543
vt 0.99609375 0.2253418
vt 0.8955078 0.2253418
vt 0.8955078 0.24279785
vt 0.99609375 0.24279785
vt 0.99609375 0.2331543
vt 0.8955078 0.2331543
vt 0.8955078 0.25073242
vt 0.99609375 0.25073242
vt 0.99609375 0.24279785
vt 0.8955078 0.24279785
vt 0.9946289 0.21655273
vt 0.9946289 0.20874023
vt 0.89453125 0.20874023
vt 0.89453125 0.21655273
vt 0.9946289 0.20874023
vt 0.9946289 0.19909668
vt 0.89453125 0.19909668
vt 0.89453125 0.20874023
vt 0.9946289 0.19909668
vt 0.9946289 0.19116211
vt 0.89453125 0.19116211
vt 0.89453125 0.19909668
vt 0.80029297 0.62597656
vt 0.7993164 0.6308594
vt 0.8310547 0.63671875
vt 0.83251953 0.62939453
vt 0.80078125 0.62060547
vt 0.80029297 0.62597656
vt 0.83251953 0.62939453
vt 0.8330078 0.6220703
vt 0.80078125 0.61572266
vt 0.80078125 0.62060547
vt 0.8330078 0.6220703
vt 0.8330078 0.6147461
vt 0.80029297 0.61083984
vt 0.80078125 0.61572266
vt 0.8330078 0.6147461
vt 0.83251953 0.6074219
vt 0.9008789 0.63720703
vt 0.84033203 0.6303711
vt 0.83935547 0.6381836
vt 0.89941406 0.64941406
vt 0.90185547 0.6245117
vt 0.8408203 0.6225586
vt 0.84033203 0.6303711
vt 0.9008789 0.63720703
vt 0.90185547 0.6123047
vt 0.8408203 0.6142578
vt 0.8408203 0.6225586
vt 0.90185547 0.6245117
vt 0.9008789 0.5996094
vt 0.84033203 0.6064453
vt 0.8408203 0.6142578
vt 0.90185547 0.6123047
vt 0.84033203 0.6303711
vt 0.83251953 0.62939453
vt 0.8310547 0.63671875
vt 0.83935547 0.6381836
vt 0.8408203 0.6225586
vt 0.8330078 0.6220703
vt 0.83251953 0.62939453
vt 0.84033203 0.6303711
vt 0.8408203 0.6142578
vt 0.8330078 0.6147461
vt 0.8330078 0.6220703
vt 0.8408203 0.6225586
vt 0.84033203 0.6064453
vt 0.83251953 0.6074219
vt 0.8330078 0.6147461
vt 0.8408203 0.6142578
vt 0.99121094 0.46191406
vt 0.8671875 0.46191406
vt 0.8671875 0.47070312
vt 0.99121094 0.47070312
vt 0.99121094 0.453125
vt 0.8671875 0.453125
vt 0.8671875 0.46191406
vt 0.99121094 0.46191406
vt 0.99121094 0.44433594
vt 0.8671875 0.44433594
vt 0.8671875 0.453125
vt 0.99121094 0.453125
vt 0.99121094 0.43530273
vt 0.8671875 0.43530273
vt 0.8671875 0.44433594
vt 0.99121094 0.44433594
vt 0.86279297 0.41918945
vt 0.7402344 0.41918945
vt 0.7402344 0.42529297
vt 0.86279297 0.42529297
vt 0.86279297 0.41308594
vt 0.7402344 0.4128418
vt 0.7402344 0.41918945
vt 0.86279297 0.41918945
vt 0.86279297 0.40673828
vt 0.7402344 0.40673828
vt 0.7402344 0.4128418
vt 0.86279297 0.41308594
vt 0.86279297 0.40063477
vt 0.7402344 0.40063477
vt 0.7402344 0.40673828
vt 0.86279297 0.40673828
vt 0.9921875 0.41992188
vt 0.8701172 0.41992188
vt 0.8701172 0.4260254
vt 0.9921875 0.4260254
vt 0.9921875 0.41357422
vt 0.8701172 0.41357422
vt 0.8701172 0.41992188
vt 0.9921875 0.41992188
vt 0.9921875 0.4074707
vt 0.8701172 0.4074707
vt 0.8701172 0.41357422
vt 0.9921875 0.41357422
vt 0.9921875 0.4013672
vt 0.8701172 0.4013672
vt 0.8701172 0.4074707
vt 0.9921875 0.4074707
vt 0.8203125 0.3269043
vt 0.69628906 0.3269043
vt 0.69628906 0.33569336
vt 0.8203125 0.33569336
vt 0.8203125 0.35351562
vt 0.69628906 0.35351562
vt 0.69628906 0.3623047
vt 0.8203125 0.3623047
vt 0.8203125 0.34448242
vt 0.69628906 0.34448242
vt 0.69628906 0.35351562
vt 0.8203125 0.35351562
vt 0.8203125 0.33569336
vt 0.69628906 0.33569336
vt 0.69628906 0.34448242
vt 0.8203125 0.34448242
vt 0.8071289 0.37036133
vt 0.6845703 0.37036133
vt 0.6845703 0.37646484
vt 0.8071289 0.37646484
vt 0.8071289 0.38891602
vt 0.6845703 0.38867188
vt 0.6845703 0.39501953
vt 0.8071289 0.39501953
vt 0.8071289 0.38256836
vt 0.6845703 0.38256836
vt 0.6845703 0.38867188
vt 0.8071289 0.38891602
vt 0.8071289 0.37646484
vt 0.6845703 0.37646484
vt 0.6845703 0.38256836
vt 0.8071289 0.38256836
vt 0.8051758 0.2939453
vt 0.6826172 0.2939453
vt 0.6826172 0.30029297
vt 0.8051758 0.30029297
vt 0.8051758 0.3125
vt 0.6826172 0.3125
vt 0.6826172 0.31860352
vt 0.8051758 0.31860352
vt 0.8051758 0.30639648
vt 0.6826172 0.30639648
vt 0.6826172 0.3125
vt 0.8051758 0.3125
vt 0.8051758 0.30029297
vt 0.6826172 0.30029297
vt 0.6826172 0.30639648
vt 0.8051758 0.30639648
vt 0.86035156 0.34375
vt 0.8383789 0.34399414
vt 0.8383789 0.3527832
vt 0.86035156 0.3527832
vt 0.86035156 0.33520508
vt 0.8383789 0.33496094
vt 0.8383789 0.34399414
vt 0.86035156 0.34375
vt 0.86035156 0.32617188
vt 0.8383789 0.32617188
vt 0.8383789 0.33496094
vt 0.86035156 0.33520508
vt 0.86035156 0.3527832
vt 0.8383789 0.3527832
vt 0.8383789 0.3618164
vt 0.86035156 0.3618164
vt 0.8647461 0.30615234
vt 0.8149414 0.30639648
vt 0.8149414 0.3125
vt 0.8647461 0.3125
vt 0.8647461 0.30029297
vt 0.8149414 0.30029297
vt 0.8149414 0.30639648
vt 0.8647461 0.30615234
vt 0.8647461 0.2939453
vt 0.8149414 0.2939453
vt 0.8149414 0.30029297
vt 0.8647461 0.30029297
vt 0.8647461 0.3125
vt 0.8149414 0.3125
vt 0.8149414 0.31860352
vt 0.8647461 0.31860352
vt 0.8642578 0.38305664
vt 0.8144531 0.38305664
vt 0.8144531 0.38916016
vt 0.8642578 0.38916016
vt 0.8642578 0.37695312
vt 0.8144531 0.37695312
vt 0.8144531 0.38305664
vt 0.8642578 0.38305664
vt 0.8642578 0.3708496
vt 0.8144531 0.3708496
vt 0.8144531 0.37695312
vt 0.8642578 0.37695312
vt 0.8642578 0.38916016
vt 0.8144531 0.38916016
vt 0.8144531 0.3955078
vt 0.8642578 0.3955078
vt 0.99365234 0.35327148
vt 0.8696289 0.35327148
vt 0.8696289 0.36206055
vt 0.99365234 0.36206055
vt 0.99365234 0.34448242
vt 0.8696289 0.34448242
vt 0.8696289 0.35327148
vt 0.99365234 0.35327148
vt 0.99365234 0.33569336
vt 0.8696289 0.33569336
vt 0.8696289 0.34448242
vt 0.99365234 0.34448242
vt 0.99365234 0.32666016
vt 0.8696289 0.32666016
vt 0.8696289 0.33569336
vt 0.99365234 0.33569336
vt 0.9951172 0.31323242
vt 0.8725586 0.31323242
vt 0.8725586 0.31933594
vt 0.9951172 0.31933594
vt 0.9951172 0.3071289
vt 0.8725586 0.3071289
vt 0.8725586 0.31323242
vt 0.9951172 0.31323242
vt 0.9951172 0.3010254
vt 0.8725586 0.3010254
vt 0.8725586 0.3071289
vt 0.9951172 0.3071289
vt 0.9951172 0.29492188
vt 0.8725586 0.29492188
vt 0.8725586 0.3010254
vt 0.9951172 0.3010254
vt 0.9946289 0.38842773
vt 0.8720703 0.38842773
vt 0.8720703 0.39453125
vt 0.9946289 0.39453125
vt 0.9946289 0.38232422
vt 0.8720703 0.38232422
vt 0.8720703 0.38842773
vt 0.9946289 0.38842773
vt 0.9946289 0.3762207
vt 0.8720703 0.3762207
vt 0.8720703 0.38232422
vt 0.9946289 0.38232422
vt 0.9946289 0.3701172
vt 0.8720703 0.3701172
vt 0.8720703 0.3762207
vt 0.9946289 0.3762207
vt 0.68896484 0.6113281
vt 0.6894531 0.6166992
vt 0.7216797 0.61279297
vt 0.7211914 0.6069336
vt 0.6899414 0.62646484
vt 0.6894531 0.63183594
vt 0.7216797 0.6352539
vt 0.72265625 0.6279297
vt 0.6899414 0.62158203
vt 0.6899414 0.62646484
vt 0.72265625 0.6279297
vt 0.72265625 0.62060547
vt 0.6894531 0.6166992
vt 0.6899414 0.62158203
vt 0.72265625 0.62060547
vt 0.7216797 0.61279297
vt 0.79003906 0.5942383
vt 0.7290039 0.6040039
vt 0.72998047 0.6118164
vt 0.7915039 0.60546875
vt 0.79248047 0.6303711
vt 0.73095703 0.6279297
vt 0.72998047 0.63623047
vt 0.7915039 0.6430664
vt 0.79248047 0.6176758
vt 0.73095703 0.6201172
vt 0.73095703 0.6279297
vt 0.79248047 0.6303711
vt 0.7915039 0.60546875
vt 0.72998047 0.6118164
vt 0.73095703 0.6201172
vt 0.79248047 0.6176758
vt 0.7290039 0.6040039
vt 0.7211914 0.6069336
vt 0.7216797 0.61279297
vt 0.72998047 0.6118164
vt 0.73095703 0.6279297
vt 0.72265625 0.6279297
vt 0.7216797 0.6352539
vt 0.72998047 0.63623047
vt 0.73095703 0.6201172
vt 0.72265625 0.62060547
vt 0.72265625 0.6279297
vt 0.73095703 0.6279297
vt 0.72998047 0.6118164
vt 0.7216797 0.61279297
vt 0.72265625 0.62060547
vt 0.73095703 0.6201172
vt 0.7871094 0.57958984
vt 0.78759766 0.57470703
vt 0.7553711 0.57128906
vt 0.7548828 0.5786133
vt 0.7871094 0.58447266
vt 0.7871094 0.57958984
vt 0.7548828 0.5786133
vt 0.7548828 0.5859375
vt 0.78759766 0.58984375
vt 0.7871094 0.58447266
vt 0.7548828 0.5859375
vt 0.7553711 0.5932617
vt 0.78759766 0.57470703
vt 0.78808594 0.5698242
vt 0.75683594 0.56396484
vt 0.7553711 0.57128906
vt 0.68603516 0.5756836
vt 0.74658203 0.578125
vt 0.7475586 0.5703125
vt 0.68652344 0.56347656
vt 0.68603516 0.5883789
vt 0.74658203 0.5859375
vt 0.74658203 0.578125
vt 0.68603516 0.5756836
vt 0.68652344 0.60058594
vt 0.7475586 0.5942383
vt 0.74658203 0.5859375
vt 0.68603516 0.5883789
vt 0.68652344 0.56347656
vt 0.7475586 0.5703125
vt 0.74853516 0.5625
vt 0.68847656 0.55126953
vt 0.74658203 0.578125
vt 0.7548828 0.5786133
vt 0.7553711 0.57128906
vt 0.7475586 0.5703125
vt 0.74658203 0.5859375
vt 0.7548828 0.5859375
vt 0.7548828 0.5786133
vt 0.74658203 0.578125
vt 0.7475586 0.5942383
vt 0.7553711 0.5932617
vt 0.7548828 0.5859375
vt 0.74658203 0.5859375
vt 0.7475586 0.5703125
vt 0.7553711 0.57128906
vt 0.75683594 0.56396484
vt 0.74853516 0.5625
vt 0.8979492 0.5698242
vt 0.8979492 0.5649414
vt 0.86572266 0.56103516
vt 0.8652344 0.56884766
vt 0.8979492 0.57470703
vt 0.8979492 0.5698242
vt 0.8652344 0.56884766
vt 0.8652344 0.5761719
vt 0.8979492 0.5800781
vt 0.8979492 0.57470703
vt 0.8652344 0.5761719
vt 0.86572266 0.5834961
vt 0.8989258 0.58496094
vt 0.8979492 0.5800781
vt 0.86572266 0.5834961
vt 0.8666992 0.58984375
vt 0.79541016 0.56591797
vt 0.8569336 0.5683594
vt 0.8574219 0.5605469
vt 0.7963867 0.55371094
vt 0.79541016 0.5786133
vt 0.8569336 0.57666016
vt 0.8569336 0.5683594
vt 0.79541016 0.56591797
vt 0.7963867 0.5913086
vt 0.8574219 0.58447266
vt 0.8569336 0.57666016
vt 0.79541016 0.5786133
vt 0.79785156 0.6020508
vt 0.8588867 0.59228516
vt 0.8574219 0.58447266
vt 0.7963867 0.5913086
vt 0.8569336 0.5683594
vt 0.8652344 0.56884766
vt 0.86572266 0.56103516
vt 0.8574219 0.5605469
vt 0.8569336 0.57666016
vt 0.8652344 0.5761719
vt 0.8652344 0.56884766
vt 0.8569336 0.5683594
vt 0.8574219 0.58447266
vt 0.86572266 0.5834961
vt 0.8652344 0.5761719
vt 0.8569336 0.57666016
vt 0.8588867 0.59228516
vt 0.8666992 0.58984375
vt 0.86572266 0.5834961
vt 0.8574219 0.58447266
vt 0.92871094 0.58691406
vt 0.92871094 0.6538086
vt 0.99560547 0.6538086
vt 0.99560547 0.58691406
vt 0.6459961 0.7495117
vt 0.67822266 0.74609375
vt 0.6791992 0.75097656
vt 0.64697266 0.7558594
vt 0.6459961 0.7270508
vt 0.67822266 0.73095703
vt 0.6777344 0.73583984
vt 0.6455078 0.734375
vt 0.6455078 0.734375
vt 0.6777344 0.73583984
vt 0.6777344 0.74072266
vt 0.6455078 0.7421875
vt 0.6455078 0.7421875
vt 0.6777344 0.74072266
vt 0.67822266 0.74609375
vt 0.6459961 0.7495117
vt 0.6376953 0.7504883
vt 0.6386719 0.7583008
vt 0.578125 0.7680664
vt 0.57666016 0.7573242
vt 0.6376953 0.7260742
vt 0.63720703 0.734375
vt 0.5756836 0.7319336
vt 0.57666016 0.7192383
vt 0.63720703 0.734375
vt 0.63720703 0.7421875
vt 0.5756836 0.7446289
vt 0.5756836 0.7319336
vt 0.63720703 0.7421875
vt 0.6376953 0.7504883
vt 0.57666016 0.7573242
vt 0.5756836 0.7446289
vt 0.6459961 0.7495117
vt 0.64697266 0.7558594
vt 0.6386719 0.7583008
vt 0.6376953 0.7504883
vt 0.6459961 0.7270508
vt 0.6455078 0.734375
vt 0.63720703 0.734375
vt 0.6376953 0.7260742
vt 0.6455078 0.734375
vt 0.6455078 0.7421875
vt 0.63720703 0.7421875
vt 0.63720703 0.734375
vt 0.6455078 0.7421875
vt 0.6459961 0.7495117
vt 0.6376953 0.7504883
vt 0.63720703 0.7421875
vt 0.3305664 0.7314453
vt 0.3305664 0.72265625
vt 0.45483398 0.72265625
vt 0.45483398 0.7314453
vt 0.3305664 0.7583008
vt 0.3305664 0.7495117
vt 0.45458984 0.7495117
vt 0.45483398 0.7583008
vt 0.3305664 0.7495117
vt 0.3305664 0.74072266
vt 0.45483398 0.74072266
vt 0.45458984 0.7495117
vt 0.3305664 0.74072266
vt 0.3305664 0.7314453
vt 0.45483398 0.7314453
vt 0.45483398 0.74072266
vt 0.3322754 0.6972656
vt 0.3322754 0.69091797
vt 0.45483398 0.69091797
vt 0.45483398 0.6972656
vt 0.3322754 0.7158203
vt 0.3322754 0.70947266
vt 0.45483398 0.70947266
vt 0.45483398 0.7158203
vt 0.3322754 0.70947266
vt 0.3322754 0.703125
vt 0.45483398 0.703125
vt 0.45483398 0.70947266
vt 0.3322754 0.703125
vt 0.3322754 0.6972656
vt 0.45483398 0.6972656
vt 0.45483398 0.703125
vt 0.32885742 0.77441406
vt 0.32885742 0.7685547
vt 0.45141602 0.7685547
vt 0.45141602 0.77441406
vt 0.32885742 0.79296875
vt 0.32885742 0.7871094
vt 0.45141602 0.7871094
vt 0.45141602 0.79296875
vt 0.32885742 0.7871094
vt 0.32885742 0.7807617
vt 0.45141602 0.7807617
vt 0.45141602 0.7871094
vt 0.32885742 0.7807617
vt 0.32885742 0.77441406
vt 0.45141602 0.77441406
vt 0.45141602 0.7807617
vt 0.19567871 0.7504883
vt 0.19592285 0.7416992
vt 0.32055664 0.7416992
vt 0.32080078 0.7504883
vt 0.19592285 0.7416992
vt 0.19604492 0.7324219
vt 0.32055664 0.7324219
vt 0.32055664 0.7416992
vt 0.19604492 0.7324219
vt 0.19604492 0.7236328
vt 0.32055664 0.7236328
vt 0.32055664 0.7324219
vt 0.19567871 0.75927734
vt 0.19567871 0.7504883
vt 0.32080078 0.7504883
vt 0.32080078 0.75927734
vt 0.19348145 0.78808594
vt 0.19348145 0.78222656
vt 0.3161621 0.78222656
vt 0.3161621 0.78808594
vt 0.19348145 0.78222656
vt 0.19360352 0.7758789
vt 0.31591797 0.7758789
vt 0.3161621 0.78222656
vt 0.19360352 0.7758789
vt 0.19372559 0.77001953
vt 0.31591797 0.77001953
vt 0.31591797 0.7758789
vt 0.19348145 0.7944336
vt 0.19348145 0.78808594
vt 0.3161621 0.78808594
vt 0.3161621 0.7944336
vt 0.19958496 0.70947266
vt 0.19970703 0.703125
vt 0.32202148 0.703125
vt 0.32226562 0.70947266
vt 0.19970703 0.703125
vt 0.1998291 0.69677734
vt 0.32202148 0.69677734
vt 0.32202148 0.703125
vt 0.1998291 0.69677734
vt 0.1998291 0.69091797
vt 0.32202148 0.69091797
vt 0.32202148 0.69677734
vt 0.19958496 0.71533203
vt 0.19958496 0.70947266
vt 0.32226562 0.70947266
vt 0.32226562 0.71533203
vt 0.16418457 0.7602539
vt 0.16418457 0.75146484
vt 0.18603516 0.75146484
vt 0.18603516 0.7602539
vt 0.16418457 0.75146484
vt 0.16418457 0.7426758
vt 0.18603516 0.7426758
vt 0.18603516 0.75146484
vt 0.16418457 0.7426758
vt 0.16418457 0.73339844
vt 0.18603516 0.73339844
vt 0.18603516 0.7426758
vt 0.16418457 0.73339844
vt 0.16418457 0.7246094
vt 0.18603516 0.7246094
vt 0.18603516 0.73339844
vt 0.1352539 0.7939453
vt 0.1352539 0.78808594
vt 0.18518066 0.78808594
vt 0.18518066 0.7939453
vt 0.1352539 0.78808594
vt 0.1352539 0.7817383
vt 0.18518066 0.7817383
vt 0.18518066 0.78808594
vt 0.1352539 0.7817383
vt 0.1352539 0.7758789
vt 0.18518066 0.7758789
vt 0.18518066 0.7817383
vt 0.1352539 0.7758789
vt 0.1352539 0.76953125
vt 0.18518066 0.76953125
vt 0.18518066 0.7758789
vt 0.1385498 0.7158203
vt 0.1385498 0.70947266
vt 0.18835449 0.70947266
vt 0.18835449 0.7158203
vt 0.1385498 0.70947266
vt 0.1385498 0.703125
vt 0.18835449 0.703125
vt 0.18835449 0.70947266
vt 0.1385498 0.703125
vt 0.1385498 0.6972656
vt 0.18835449 0.6972656
vt 0.18835449 0.703125
vt 0.1385498 0.6972656
vt 0.1385498 0.69091797
vt 0.18835449 0.69091797
vt 0.18835449 0.6972656
vt 0.0035076141 0.7597656
vt 0.0035076141 0.75097656
vt 0.12768555 0.75097656
vt 0.12768555 0.7597656
vt 0.0035076141 0.75097656
vt 0.0035076141 0.7421875
vt 0.12768555 0.7421875
vt 0.12768555 0.75097656
vt 0.0035076141 0.7421875
vt 0.0035076141 0.73339844
vt 0.12768555 0.73339844
vt 0.12768555 0.7421875
vt 0.0035076141 0.73339844
vt 0.0035076141 0.7246094
vt 0.12768555 0.7246094
vt 0.12768555 0.73339844
vt 0.0053977966 0.7133789
vt 0.0053977966 0.70751953
vt 0.12780762 0.70751953
vt 0.12780762 0.7133789
vt 0.0053977966 0.70751953
vt 0.0054397583 0.7011719
vt 0.12780762 0.7011719
vt 0.12780762 0.70751953
vt 0.0054397583 0.7011719
vt 0.00548172 0.6953125
vt 0.12768555 0.6953125
vt 0.12780762 0.7011719
vt 0.00548172 0.6953125
vt 0.00548172 0.68896484
vt 0.12768555 0.68896484
vt 0.12768555 0.6953125
vt 0.0036468506 0.7944336
vt 0.0036468506 0.78808594
vt 0.12609863 0.78808594
vt 0.12609863 0.7944336
vt 0.0036468506 0.78808594
vt 0.003686905 0.78222656
vt 0.12597656 0.78222656
vt 0.12609863 0.78808594
vt 0.003686905 0.78222656
vt 0.0037250519 0.7758789
vt 0.12597656 0.7758789
vt 0.12597656 0.78222656
vt 0.0037250519 0.7758789
vt 0.0037250519 0.76953125
vt 0.12597656 0.76953125
vt 0.12597656 0.7758789
vt 0.53564453 0.734375
vt 0.56884766 0.7348633
vt 0.56884766 0.7402344
vt 0.5361328 0.7421875
vt 0.5361328 0.7421875
vt 0.56884766 0.7402344
vt 0.56933594 0.7451172
vt 0.5366211 0.7495117
vt 0.5366211 0.7495117
vt 0.56933594 0.7451172
vt 0.5703125 0.7504883
vt 0.53808594 0.75683594
vt 0.5361328 0.7270508
vt 0.56884766 0.72998047
vt 0.56884766 0.7348633
vt 0.53564453 0.734375
vt 0.52734375 0.734375
vt 0.52734375 0.7426758
vt 0.46533203 0.74560547
vt 0.4650879 0.73291016
vt 0.52734375 0.7426758
vt 0.5283203 0.7504883
vt 0.46655273 0.7583008
vt 0.46533203 0.74560547
vt 0.5283203 0.7504883
vt 0.52978516 0.75878906
vt 0.46875 0.7709961
vt 0.46655273 0.7583008
vt 0.52783203 0.7260742
vt 0.52734375 0.734375
vt 0.4650879 0.73291016
vt 0.4658203 0.72021484
vt 0.53564453 0.734375
vt 0.5361328 0.7421875
vt 0.52734375 0.7426758
vt 0.52734375 0.734375
vt 0.5361328 0.7421875
vt 0.5366211 0.7495117
vt 0.5283203 0.7504883
vt 0.52734375 0.7426758
vt 0.5366211 0.7495117
vt 0.53808594 0.75683594
vt 0.52978516 0.75878906
vt 0.5283203 0.7504883
vt 0.5361328 0.7270508
vt 0.53564453 0.734375
vt 0.52734375 0.734375
vt 0.52783203 0.7260742
vt 0.49145508 0.80566406
vt 0.45898438 0.8022461
vt 0.45947266 0.796875
vt 0.49194336 0.79833984
vt 0.49194336 0.79833984
vt 0.45947266 0.796875
vt 0.45947266 0.7919922
vt 0.49194336 0.79052734
vt 0.49194336 0.79052734
vt 0.45947266 0.7919922
vt 0.45898438 0.7871094
vt 0.49145508 0.7832031
vt 0.49145508 0.7832031
vt 0.45898438 0.7871094
vt 0.45825195 0.7817383
vt 0.49047852 0.77734375
vt 0.49975586 0.8066406
vt 0.5004883 0.79833984
vt 0.5620117 0.80078125
vt 0.56103516 0.81347656
vt 0.5004883 0.79833984
vt 0.5004883 0.79052734
vt 0.5620117 0.78808594
vt 0.5620117 0.80078125
vt 0.5004883 0.79052734
vt 0.49975586 0.78222656
vt 0.56103516 0.7753906
vt 0.5620117 0.78808594
vt 0.49975586 0.78222656
vt 0.49853516 0.77441406
vt 0.5595703 0.76464844
vt 0.56103516 0.7753906
vt 0.49145508 0.80566406
vt 0.49194336 0.79833984
vt 0.5004883 0.79833984
vt 0.49975586 0.8066406
vt 0.49194336 0.79833984
vt 0.49194336 0.79052734
vt 0.5004883 0.79052734
vt 0.5004883 0.79833984
vt 0.49194336 0.79052734
vt 0.49145508 0.7832031
vt 0.49975586 0.78222656
vt 0.5004883 0.79052734
vt 0.49145508 0.7832031
vt 0.49047852 0.77734375
vt 0.49853516 0.77441406
vt 0.49975586 0.78222656
vt 0.6123047 0.80322266
vt 0.57958984 0.7988281
vt 0.5800781 0.7939453
vt 0.61279297 0.79589844
vt 0.61279297 0.79589844
vt 0.5800781 0.7939453
vt 0.5800781 0.7885742
vt 0.61279297 0.7885742
vt 0.61279297 0.7885742
vt 0.5800781 0.7885742
vt 0.5800781 0.7836914
vt 0.61279297 0.7807617
vt 0.61279297 0.7807617
vt 0.5800781 0.7836914
vt 0.57910156 0.7783203
vt 0.6118164 0.7734375
vt 0.62060547 0.8046875
vt 0.62109375 0.7963867
vt 0.68310547 0.80029297
vt 0.6821289 0.8129883
vt 0.62109375 0.7963867
vt 0.62158203 0.78808594
vt 0.68359375 0.78759766
vt 0.68310547 0.80029297
vt 0.62158203 0.78808594
vt 0.62109375 0.78027344
vt 0.68310547 0.77490234
vt 0.68359375 0.78759766
vt 0.62109375 0.78027344
vt 0.6201172 0.77197266
vt 0.6816406 0.76220703
vt 0.68310547 0.77490234
vt 0.6123047 0.80322266
vt 0.61279297 0.79589844
vt 0.62109375 0.7963867
vt 0.62060547 0.8046875
vt 0.61279297 0.79589844
vt 0.61279297 0.7885742
vt 0.62158203 0.78808594
vt 0.62109375 0.7963867
vt 0.61279297 0.7885742
vt 0.61279297 0.7807617
vt 0.62109375 0.78027344
vt 0.62158203 0.78808594
vt 0.61279297 0.7807617
vt 0.6118164 0.7734375
vt 0.6201172 0.77197266
vt 0.62109375 0.78027344
vt 0.9238281 0.0042762756
vt 0.9951172 0.0042762756
vt 0.9951172 0.07574463
vt 0.9238281 0.07574463
vt 0.640625 0.12634277
vt 0.67333984 0.12866211
vt 0.67333984 0.13378906
vt 0.6401367 0.13391113
vt 0.6401367 0.13391113
vt 0.67333984 0.13378906
vt 0.67333984 0.13891602
vt 0.640625 0.14135742
vt 0.640625 0.14135742
vt 0.67333984 0.13891602
vt 0.6738281 0.1439209
vt 0.6411133 0.14892578
vt 0.6411133 0.11883545
vt 0.6738281 0.12359619
vt 0.67333984 0.12866211
vt 0.640625 0.12634277
vt 0.63183594 0.12573242
vt 0.63183594 0.13391113
vt 0.56933594 0.1340332
vt 0.5698242 0.12133789
vt 0.63183594 0.13391113
vt 0.6323242 0.14196777
vt 0.5698242 0.14672852
vt 0.56933594 0.1340332
vt 0.6323242 0.14196777
vt 0.6328125 0.15014648
vt 0.57128906 0.15942383
vt 0.5698242 0.14672852
vt 0.6328125 0.117614746
vt 0.63183594 0.12573242
vt 0.5698242 0.12133789
vt 0.57128906 0.10864258
vt 0.640625 0.12634277
vt 0.6401367 0.13391113
vt 0.63183594 0.13391113
vt 0.63183594 0.12573242
vt 0.6401367 0.13391113
vt 0.640625 0.14135742
vt 0.6323242 0.14196777
vt 0.63183594 0.13391113
vt 0.640625 0.14135742
vt 0.6411133 0.14892578
vt 0.6328125 0.15014648
vt 0.6323242 0.14196777
vt 0.6411133 0.11883545
vt 0.640625 0.12634277
vt 0.63183594 0.12573242
vt 0.6328125 0.117614746
vt 0.32226562 0.06530762
vt 0.32226562 0.05645752
vt 0.44628906 0.05645752
vt 0.44628906 0.06530762
vt 0.32226562 0.05645752
vt 0.32250977 0.04763794
vt 0.44628906 0.04763794
vt 0.44628906 0.05645752
vt 0.32250977 0.04763794
vt 0.32250977 0.03881836
vt 0.44628906 0.03881836
vt 0.44628906 0.04763794
vt 0.32226562 0.074157715
vt 0.32226562 0.06530762
vt 0.44628906 0.06530762
vt 0.44628906 0.07421875
vt 0.32861328 0.101135254
vt 0.32885742 0.0949707
vt 0.45141602 0.0949707
vt 0.45141602 0.101135254
vt 0.32885742 0.0949707
vt 0.32885742 0.08886719
vt 0.45117188 0.08886719
vt 0.45141602 0.0949707
vt 0.32885742 0.08886719
vt 0.32885742 0.08276367
vt 0.45117188 0.08276367
vt 0.45117188 0.08886719
vt 0.32861328 0.107299805
vt 0.32861328 0.101135254
vt 0.45141602 0.101135254
vt 0.45141602 0.10723877
vt 0.32739258 0.02519226
vt 0.32763672 0.019042969
vt 0.44995117 0.019042969
vt 0.4501953 0.02519226
vt 0.32763672 0.019042969
vt 0.32763672 0.012924194
vt 0.44995117 0.012924194
vt 0.44995117 0.019042969
vt 0.32763672 0.012924194
vt 0.32763672 0.00680542
vt 0.44995117 0.00680542
vt 0.44995117 0.012924194
vt 0.32739258 0.031341553
vt 0.32739258 0.02519226
vt 0.4501953 0.02519226
vt 0.4501953 0.031311035
vt 0.18579102 0.074523926
vt 0.18566895 0.06573486
vt 0.30981445 0.06573486
vt 0.3095703 0.074523926
vt 0.18566895 0.06573486
vt 0.18554688 0.056854248
vt 0.30981445 0.056854248
vt 0.30981445 0.06573486
vt 0.18554688 0.056854248
vt 0.18554688 0.048034668
vt 0.30981445 0.048034668
vt 0.30981445 0.056854248
vt 0.18554688 0.048034668
vt 0.18554688 0.039154053
vt 0.30981445 0.03918457
vt 0.30981445 0.048034668
vt 0.19482422 0.10644531
vt 0.19482422 0.10028076
vt 0.31762695 0.10028076
vt 0.31762695 0.10644531
vt 0.19482422 0.10028076
vt 0.19470215 0.094177246
vt 0.31762695 0.094177246
vt 0.31762695 0.10028076
vt 0.19470215 0.094177246
vt 0.19458008 0.088012695
vt 0.3178711 0.088012695
vt 0.31762695 0.094177246
vt 0.19458008 0.088012695
vt 0.19458008 0.08178711
vt 0.3178711 0.081848145
vt 0.3178711 0.088012695
vt 0.19592285 0.031707764
vt 0.19592285 0.02558899
vt 0.31835938 0.02558899
vt 0.31811523 0.031707764
vt 0.19592285 0.02558899
vt 0.19580078 0.019454956
vt 0.31835938 0.019454956
vt 0.31835938 0.02558899
vt 0.19580078 0.019454956
vt 0.19580078 0.013313293
vt 0.31835938 0.013313293
vt 0.31835938 0.019454956
vt 0.19580078 0.013313293
vt 0.19580078 0.0071640015
vt 0.31835938 0.0071907043
vt 0.31835938 0.013313293
vt 0.14428711 0.07476807
vt 0.14428711 0.06585693
vt 0.16601562 0.06585693
vt 0.16601562 0.0748291
vt 0.14428711 0.06585693
vt 0.14428711 0.057006836
vt 0.16601562 0.057006836
vt 0.16601562 0.06585693
vt 0.14428711 0.057006836
vt 0.14440918 0.048187256
vt 0.16601562 0.048187256
vt 0.16601562 0.057006836
vt 0.14440918 0.048187256
vt 0.14440918 0.039367676
vt 0.16601562 0.039367676
vt 0.16601562 0.048187256
vt 0.13684082 0.03250122
vt 0.13684082 0.026367188
vt 0.18664551 0.026367188
vt 0.18664551 0.03253174
vt 0.13684082 0.026367188
vt 0.13696289 0.020233154
vt 0.18664551 0.020233154
vt 0.18664551 0.026367188
vt 0.13696289 0.020233154
vt 0.13696289 0.0141067505
vt 0.18652344 0.0141067505
vt 0.18664551 0.020233154
vt 0.13696289 0.0141067505
vt 0.13696289 0.007987976
vt 0.18652344 0.007987976
vt 0.18652344 0.0141067505
vt 0.13623047 0.10723877
vt 0.13623047 0.101135254
vt 0.18591309 0.101135254
vt 0.18591309 0.107299805
vt 0.13623047 0.101135254
vt 0.13623047 0.0949707
vt 0.18591309 0.0949707
vt 0.18591309 0.101135254
vt 0.13623047 0.0949707
vt 0.13623047 0.08886719
vt 0.18591309 0.08886719
vt 0.18591309 0.0949707
vt 0.13623047 0.08886719
vt 0.13623047 0.08276367
vt 0.18591309 0.08276367
vt 0.18591309 0.08886719
vt 0.0038719177 0.049835205
vt 0.0039138794 0.041015625
vt 0.12780762 0.041015625
vt 0.12780762 0.049835205
vt 0.0038280487 0.076293945
vt 0.0038280487 0.06750488
vt 0.12780762 0.06750488
vt 0.12780762 0.07635498
vt 0.0038280487 0.06750488
vt 0.0038280487 0.058654785
vt 0.12780762 0.058654785
vt 0.12780762 0.06750488
vt 0.0038280487 0.058654785
vt 0.0038719177 0.049835205
vt 0.12780762 0.049835205
vt 0.12780762 0.058654785
vt 0.0048713684 0.014823914
vt 0.0048713684 0.008712769
vt 0.12719727 0.008682251
vt 0.12719727 0.014823914
vt 0.0049324036 0.033203125
vt 0.004901886 0.02708435
vt 0.12719727 0.02708435
vt 0.12719727 0.033203125
vt 0.004901886 0.02708435
vt 0.0048713684 0.020950317
vt 0.12719727 0.020950317
vt 0.12719727 0.02708435
vt 0.0048713684 0.020950317
vt 0.0048713684 0.014823914
vt 0.12719727 0.014823914
vt 0.12719727 0.020950317
vt 0.0046806335 0.08959961
vt 0.0046806335 0.083496094
vt 0.1270752 0.08343506
vt 0.1270752 0.08959961
vt 0.0047340393 0.10797119
vt 0.0047073364 0.101867676
vt 0.1270752 0.101867676
vt 0.12695312 0.10797119
vt 0.0047073364 0.101867676
vt 0.0046806335 0.095703125
vt 0.1270752 0.095703125
vt 0.1270752 0.101867676
vt 0.0046806335 0.095703125
vt 0.0046806335 0.08959961
vt 0.1270752 0.08959961
vt 0.1270752 0.095703125
vt 0.60058594 0.19763184
vt 0.5673828 0.1928711
vt 0.5678711 0.18762207
vt 0.6015625 0.1899414
vt 0.6015625 0.1899414
vt 0.5678711 0.18762207
vt 0.5683594 0.18249512
vt 0.6015625 0.18237305
vt 0.6015625 0.18237305
vt 0.5683594 0.18249512
vt 0.5683594 0.17736816
vt 0.6010742 0.17480469
vt 0.6010742 0.17480469
vt 0.5683594 0.17736816
vt 0.5673828 0.17224121
vt 0.60058594 0.16723633
vt 0.609375 0.19885254
vt 0.6098633 0.19055176
vt 0.67285156 0.19482422
vt 0.6723633 0.20788574
vt 0.6098633 0.19055176
vt 0.6098633 0.18225098
vt 0.67285156 0.18200684
vt 0.67285156 0.19482422
vt 0.6098633 0.18225098
vt 0.6098633 0.17407227
vt 0.6723633 0.16918945
vt 0.67285156 0.18200684
vt 0.6098633 0.17407227
vt 0.6088867 0.16589355
vt 0.67089844 0.15637207
vt 0.6723633 0.16918945
vt 0.60058594 0.19763184
vt 0.6015625 0.1899414
vt 0.6098633 0.19055176
vt 0.609375 0.19885254
vt 0.6015625 0.1899414
vt 0.6015625 0.18237305
vt 0.6098633 0.18225098
vt 0.6098633 0.19055176
vt 0.6015625 0.18237305
vt 0.6010742 0.17480469
vt 0.6098633 0.17407227
vt 0.6098633 0.18225098
vt 0.6010742 0.17480469
vt 0.60058594 0.16723633
vt 0.6088867 0.16589355
vt 0.6098633 0.17407227
vt 0.48779297 0.2088623
vt 0.45532227 0.20397949
vt 0.45581055 0.19897461
vt 0.48876953 0.20141602
vt 0.48876953 0.20141602
vt 0.45581055 0.19897461
vt 0.4560547 0.19384766
vt 0.48901367 0.19384766
vt 0.48901367 0.19384766
vt 0.4560547 0.19384766
vt 0.45581055 0.1887207
vt 0.48876953 0.18640137
vt 0.48876953 0.18640137
vt 0.45581055 0.1887207
vt 0.45532227 0.18359375
vt 0.48779297 0.17883301
vt 0.49609375 0.21020508
vt 0.4970703 0.20202637
vt 0.55908203 0.20678711
vt 0.5576172 0.21936035
vt 0.4970703 0.20202637
vt 0.49731445 0.19384766
vt 0.5595703 0.19396973
vt 0.55908203 0.20678711
vt 0.49731445 0.19384766
vt 0.4970703 0.18579102
vt 0.55908203 0.18127441
vt 0.5595703 0.19396973
vt 0.4970703 0.18579102
vt 0.49609375 0.1776123
vt 0.5576172 0.1685791
vt 0.55908203 0.18127441
vt 0.48779297 0.2088623
vt 0.48876953 0.20141602
vt 0.4970703 0.20202637
vt 0.49609375 0.21020508
vt 0.48876953 0.20141602
vt 0.48901367 0.19384766
vt 0.49731445 0.19384766
vt 0.4970703 0.20202637
vt 0.48901367 0.19384766
vt 0.48876953 0.18640137
vt 0.4970703 0.18579102
vt 0.49731445 0.19384766
vt 0.48876953 0.18640137
vt 0.48779297 0.17883301
vt 0.49609375 0.1776123
vt 0.4970703 0.18579102
vt 0.53027344 0.14746094
vt 0.5625 0.14440918
vt 0.56347656 0.14953613
vt 0.53125 0.15490723
vt 0.53027344 0.124938965
vt 0.56347656 0.12915039
vt 0.5625 0.13427734
vt 0.52978516 0.13256836
vt 0.52978516 0.13256836
vt 0.5625 0.13427734
vt 0.5625 0.1394043
vt 0.52978516 0.14001465
vt 0.52978516 0.14001465
vt 0.5625 0.1394043
vt 0.5625 0.14440918
vt 0.53027344 0.14746094
vt 0.52197266 0.14819336
vt 0.5229492 0.15625
vt 0.46191406 0.1665039
vt 0.46020508 0.15393066
vt 0.52197266 0.12390137
vt 0.5214844 0.13208008
vt 0.45922852 0.12866211
vt 0.4597168 0.11584473
vt 0.5214844 0.13208008
vt 0.5214844 0.14013672
vt 0.45947266 0.14135742
vt 0.45922852 0.12866211
vt 0.5214844 0.14013672
vt 0.52197266 0.14819336
vt 0.46020508 0.15393066
vt 0.45947266 0.14135742
vt 0.53027344 0.14746094
vt 0.53125 0.15490723
vt 0.5229492 0.15625
vt 0.52197266 0.14819336
vt 0.53027344 0.124938965
vt 0.52978516 0.13256836
vt 0.5214844 0.13208008
vt 0.52197266 0.12390137
vt 0.52978516 0.13256836
vt 0.52978516 0.14001465
vt 0.5214844 0.14013672
vt 0.5214844 0.13208008
vt 0.52978516 0.14001465
vt 0.53027344 0.14746094
vt 0.52197266 0.14819336
vt 0.5214844 0.14013672
vt 0.4597168 0.0051612854
vt 0.53125 0.0051612854
vt 0.53125 0.07659912
vt 0.4597168 0.07659912
vt 0.7314453 0.085998535
vt 0.77197266 0.085998535
vt 0.77197266 0.12634277
vt 0.7314453 0.12634277
vt 0.5566406 0.23754883
vt 0.5576172 0.23242188
vt 0.52490234 0.22692871
vt 0.5239258 0.23449707
vt 0.5566406 0.24255371
vt 0.5566406 0.23754883
vt 0.5239258 0.23449707
vt 0.5239258 0.24194336
vt 0.5566406 0.24768066
vt 0.5566406 0.24255371
vt 0.5239258 0.24194336
vt 0.5239258 0.24951172
vt 0.5571289 0.25268555
vt 0.5566406 0.24768066
vt 0.5239258 0.24951172
vt 0.52441406 0.25683594
vt 0.45361328 0.22802734
vt 0.515625 0.23376465
vt 0.51660156 0.22558594
vt 0.45458984 0.21533203
vt 0.45361328 0.24072266
vt 0.5151367 0.24182129
vt 0.515625 0.23376465
vt 0.45361328 0.22802734
vt 0.45385742 0.25341797
vt 0.515625 0.25
vt 0.5151367 0.24182129
vt 0.45361328 0.24072266
vt 0.45507812 0.26611328
vt 0.5161133 0.25805664
vt 0.515625 0.25
vt 0.45385742 0.25341797
vt 0.515625 0.23376465
vt 0.5239258 0.23449707
vt 0.52490234 0.22692871
vt 0.51660156 0.22558594
vt 0.5151367 0.24182129
vt 0.5239258 0.24194336
vt 0.5239258 0.23449707
vt 0.515625 0.23376465
vt 0.515625 0.25
vt 0.5239258 0.24951172
vt 0.5239258 0.24194336
vt 0.5151367 0.24182129
vt 0.5161133 0.25805664
vt 0.52441406 0.25683594
vt 0.5239258 0.24951172
vt 0.515625 0.25
vt 0.44213867 0.17370605
vt 0.31811523 0.17370605
vt 0.31835938 0.18261719
vt 0.44213867 0.18261719
vt 0.44213867 0.16491699
vt 0.31811523 0.16491699
vt 0.31811523 0.17370605
vt 0.44213867 0.17370605
vt 0.44213867 0.15612793
vt 0.31811523 0.15612793
vt 0.31811523 0.16491699
vt 0.44213867 0.16491699
vt 0.44189453 0.1472168
vt 0.31811523 0.1472168
vt 0.31811523 0.15612793
vt 0.44213867 0.15612793
vt 0.44873047 0.13330078
vt 0.32641602 0.13330078
vt 0.32641602 0.1394043
vt 0.44873047 0.1394043
vt 0.4489746 0.12719727
vt 0.32617188 0.12719727
vt 0.32641602 0.13330078
vt 0.44873047 0.13330078
vt 0.4489746 0.121032715
vt 0.32617188 0.121032715
vt 0.32617188 0.12719727
vt 0.4489746 0.12719727
vt 0.4489746 0.1149292
vt 0.32617188 0.114868164
vt 0.32617188 0.121032715
vt 0.4489746 0.121032715
vt 0.44677734 0.21069336
vt 0.3244629 0.21069336
vt 0.3244629 0.21679688
vt 0.44677734 0.21679688
vt 0.44702148 0.20458984
vt 0.3244629 0.20458984
vt 0.3244629 0.21069336
vt 0.44677734 0.21069336
vt 0.44702148 0.19836426
vt 0.3244629 0.19836426
vt 0.3244629 0.20458984
vt 0.44702148 0.20458984
vt 0.44702148 0.19226074
vt 0.3244629 0.19226074
vt 0.3244629 0.19836426
vt 0.44702148 0.19836426
vt 0.12731934 0.17541504
vt 0.003030777 0.17541504
vt 0.003030777 0.18432617
vt 0.12731934 0.18432617
vt 0.12731934 0.16662598
vt 0.003030777 0.16662598
vt 0.003030777 0.17541504
vt 0.12731934 0.17541504
vt 0.12731934 0.15771484
vt 0.003030777 0.15771484
vt 0.003030777 0.16662598
vt 0.12731934 0.16662598
vt 0.12731934 0.14880371
vt 0.0030288696 0.14880371
vt 0.003030777 0.15771484
vt 0.12731934 0.15771484
vt 0.12634277 0.2097168
vt 0.0036830902 0.2097168
vt 0.0036830902 0.21582031
vt 0.12634277 0.21582031
vt 0.12634277 0.20361328
vt 0.0036830902 0.20349121
vt 0.0036830902 0.2097168
vt 0.12634277 0.2097168
vt 0.12634277 0.1973877
vt 0.0036830902 0.1973877
vt 0.0036830902 0.20349121
vt 0.12634277 0.20361328
vt 0.12634277 0.19128418
vt 0.0036830902 0.19128418
vt 0.0036830902 0.1973877
vt 0.12634277 0.1973877
vt 0.12524414 0.1352539
vt 0.0027580261 0.1352539
vt 0.0027580261 0.14135742
vt 0.12524414 0.14135742
vt 0.12524414 0.12902832
vt 0.0027580261 0.12902832
vt 0.0027580261 0.1352539
vt 0.12524414 0.1352539
vt 0.12524414 0.12286377
vt 0.0027580261 0.12286377
vt 0.0027580261 0.12902832
vt 0.12524414 0.12902832
vt 0.12524414 0.116760254
vt 0.0027580261 0.116760254
vt 0.0027580261 0.12286377
vt 0.12524414 0.12286377
vt 0.16333008 0.14770508
vt 0.14160156 0.14770508
vt 0.14160156 0.15661621
vt 0.16333008 0.15661621
vt 0.16333008 0.1743164
vt 0.14160156 0.1743164
vt 0.14160156 0.18310547
vt 0.16333008 0.18310547
vt 0.16333008 0.16552734
vt 0.14160156 0.16552734
vt 0.14160156 0.1743164
vt 0.16333008 0.1743164
vt 0.16333008 0.15661621
vt 0.14160156 0.15661621
vt 0.14160156 0.16552734
vt 0.16333008 0.16552734
vt 0.18481445 0.19140625
vt 0.13513184 0.19152832
vt 0.13513184 0.19763184
vt 0.18481445 0.19763184
vt 0.18481445 0.20983887
vt 0.13513184 0.20983887
vt 0.13513184 0.21594238
vt 0.18481445 0.21594238
vt 0.18481445 0.20373535
vt 0.13513184 0.20373535
vt 0.13513184 0.20983887
vt 0.18481445 0.20983887
vt 0.18481445 0.19763184
vt 0.13513184 0.19763184
vt 0.13513184 0.20373535
vt 0.18481445 0.20373535
vt 0.1887207 0.1161499
vt 0.13891602 0.11621094
vt 0.13891602 0.12231445
vt 0.1887207 0.12231445
vt 0.18615723 0.13464355
vt 0.13647461 0.13464355
vt 0.13903809 0.14074707
vt 0.18859863 0.14074707
vt 0.18615723 0.12841797
vt 0.13635254 0.12841797
vt 0.13647461 0.13464355
vt 0.18615723 0.13464355
vt 0.1887207 0.12231445
vt 0.13891602 0.12231445
vt 0.13635254 0.12841797
vt 0.18615723 0.12841797
vt 0.31103516 0.16503906
vt 0.18676758 0.16503906
vt 0.18688965 0.17382812
vt 0.31103516 0.17382812
vt 0.31103516 0.15612793
vt 0.18676758 0.15612793
vt 0.18676758 0.16503906
vt 0.31103516 0.16503906
vt 0.31103516 0.14733887
vt 0.18676758 0.14733887
vt 0.18676758 0.15612793
vt 0.31103516 0.15612793
vt 0.31103516 0.17382812
vt 0.18688965 0.17382812
vt 0.18688965 0.18273926
vt 0.31103516 0.18273926
vt 0.31860352 0.12670898
vt 0.19616699 0.12670898
vt 0.19616699 0.1328125
vt 0.31860352 0.1328125
vt 0.31860352 0.120666504
vt 0.19616699 0.12060547
vt 0.19616699 0.12670898
vt 0.31860352 0.12670898
vt 0.31860352 0.11450195
vt 0.19616699 0.11450195
vt 0.19616699 0.12060547
vt 0.31860352 0.120666504
vt 0.31860352 0.1328125
vt 0.19616699 0.1328125
vt 0.19616699 0.13903809
vt 0.31860352 0.13903809
vt 0.31762695 0.20446777
vt 0.19506836 0.20446777
vt 0.19506836 0.21057129
vt 0.31762695 0.21057129
vt 0.31762695 0.19836426
vt 0.19506836 0.19836426
vt 0.19506836 0.20446777
vt 0.31762695 0.20446777
vt 0.31762695 0.19226074
vt 0.19506836 0.19226074
vt 0.19506836 0.19836426
vt 0.31762695 0.19836426
vt 0.31762695 0.21057129
vt 0.19506836 0.21057129
vt 0.19506836 0.21679688
vt 0.31762695 0.21679688
vt 0.4519043 0.29248047
vt 0.45117188 0.29736328
vt 0.48291016 0.30322266
vt 0.48388672 0.29614258
vt 0.45214844 0.28759766
vt 0.4519043 0.29248047
vt 0.48388672 0.29614258
vt 0.484375 0.28857422
vt 0.45214844 0.2824707
vt 0.45214844 0.28759766
vt 0.484375 0.28857422
vt 0.484375 0.28125
vt 0.4519043 0.2775879
vt 0.45214844 0.2824707
vt 0.484375 0.28125
vt 0.48388672 0.27392578
vt 0.5527344 0.30371094
vt 0.4921875 0.296875
vt 0.4909668 0.30493164
vt 0.55078125 0.31591797
vt 0.55371094 0.29125977
vt 0.49267578 0.2890625
vt 0.4921875 0.296875
vt 0.5527344 0.30371094
vt 0.55371094 0.2788086
vt 0.49267578 0.28100586
vt 0.49267578 0.2890625
vt 0.55371094 0.29125977
vt 0.5527344 0.26635742
vt 0.4921875 0.27294922
vt 0.49267578 0.28100586
vt 0.55371094 0.2788086
vt 0.4921875 0.296875
vt 0.48388672 0.29614258
vt 0.48291016 0.30322266
vt 0.4909668 0.30493164
vt 0.49267578 0.2890625
vt 0.484375 0.28857422
vt 0.48388672 0.29614258
vt 0.4921875 0.296875
vt 0.49267578 0.28100586
vt 0.484375 0.28125
vt 0.484375 0.28857422
vt 0.49267578 0.2890625
vt 0.4921875 0.27294922
vt 0.48388672 0.27392578
vt 0.484375 0.28125
vt 0.49267578 0.28100586
vt 0.5620117 0.27905273
vt 0.5629883 0.2841797
vt 0.5957031 0.27856445
vt 0.5942383 0.27124023
vt 0.56396484 0.2944336
vt 0.56347656 0.29956055
vt 0.59716797 0.30126953
vt 0.59716797 0.29370117
vt 0.56396484 0.28930664
vt 0.56396484 0.2944336
vt 0.59716797 0.29370117
vt 0.5966797 0.2861328
vt 0.5629883 0.2841797
vt 0.56396484 0.28930664
vt 0.5966797 0.2861328
vt 0.5957031 0.27856445
vt 0.6635742 0.25390625
vt 0.60253906 0.26904297
vt 0.6040039 0.2770996
vt 0.6660156 0.26660156
vt 0.6689453 0.2919922
vt 0.60595703 0.29345703
vt 0.60595703 0.3017578
vt 0.6694336 0.30517578
vt 0.66748047 0.27929688
vt 0.60546875 0.2854004
vt 0.60595703 0.29345703
vt 0.6689453 0.2919922
vt 0.6660156 0.26660156
vt 0.6040039 0.2770996
vt 0.60546875 0.2854004
vt 0.66748047 0.27929688
vt 0.60253906 0.26904297
vt 0.5942383 0.27124023
vt 0.5957031 0.27856445
vt 0.6040039 0.2770996
vt 0.60595703 0.29345703
vt 0.59716797 0.29370117
vt 0.59716797 0.30126953
vt 0.60595703 0.3017578
vt 0.60546875 0.2854004
vt 0.5966797 0.2861328
vt 0.59716797 0.29370117
vt 0.60595703 0.29345703
vt 0.6040039 0.2770996
vt 0.5957031 0.27856445
vt 0.5966797 0.2861328
vt 0.60546875 0.2854004
vt 0.6699219 0.22949219
vt 0.6694336 0.2244873
vt 0.63720703 0.2244873
vt 0.6376953 0.23181152
vt 0.67041016 0.234375
vt 0.6699219 0.22949219
vt 0.6376953 0.23181152
vt 0.6386719 0.23913574
vt 0.6713867 0.23937988
vt 0.67041016 0.234375
vt 0.6386719 0.23913574
vt 0.63964844 0.24633789
vt 0.6694336 0.2244873
vt 0.6699219 0.21948242
vt 0.6376953 0.21704102
vt 0.63720703 0.2244873
vt 0.56884766 0.23693848
vt 0.62939453 0.23242188
vt 0.62939453 0.2244873
vt 0.5683594 0.2244873
vt 0.5698242 0.24926758
vt 0.6303711 0.24035645
vt 0.62939453 0.23242188
vt 0.56884766 0.23693848
vt 0.5722656 0.2614746
vt 0.63183594 0.24816895
vt 0.6303711 0.24035645
vt 0.5698242 0.24926758
vt 0.5683594 0.2244873
vt 0.62939453 0.2244873
vt 0.62939453 0.21643066
vt 0.56884766 0.21191406
vt 0.62939453 0.23242188
vt 0.6376953 0.23181152
vt 0.63720703 0.2244873
vt 0.62939453 0.2244873
vt 0.6303711 0.24035645
vt 0.6386719 0.23913574
vt 0.6376953 0.23181152
vt 0.62939453 0.23242188
vt 0.63183594 0.24816895
vt 0.63964844 0.24633789
vt 0.6386719 0.23913574
vt 0.6303711 0.24035645
vt 0.62939453 0.2244873
vt 0.63720703 0.2244873
vt 0.6376953 0.21704102
vt 0.62939453 0.21643066
vt 0.5371094 0.0053253174
vt 0.5371094 0.07678223
vt 0.60839844 0.07678223
vt 0.60839844 0.0053253174
vt 0.6826172 0.08679199
vt 0.6826172 0.1270752
vt 0.72265625 0.1270752
vt 0.72265625 0.08679199
vt 0.5678711 0.6801758
vt 0.56884766 0.6850586
vt 0.6010742 0.6816406
vt 0.60009766 0.67529297
vt 0.56933594 0.6953125
vt 0.56884766 0.7001953
vt 0.6010742 0.7036133
vt 0.6015625 0.69628906
vt 0.56933594 0.6899414
vt 0.56933594 0.6953125
vt 0.6015625 0.69628906
vt 0.6015625 0.68896484
vt 0.56884766 0.6850586
vt 0.56933594 0.6899414
vt 0.6015625 0.68896484
vt 0.6010742 0.6816406
vt 0.6689453 0.66259766
vt 0.60839844 0.6723633
vt 0.609375 0.68066406
vt 0.67041016 0.6738281
vt 0.6713867 0.69873047
vt 0.6098633 0.69677734
vt 0.609375 0.70458984
vt 0.67089844 0.7114258
vt 0.6713867 0.68603516
vt 0.6098633 0.68847656
vt 0.6098633 0.69677734
vt 0.6713867 0.69873047
vt 0.67041016 0.6738281
vt 0.609375 0.68066406
vt 0.6098633 0.68847656
vt 0.6713867 0.68603516
vt 0.60839844 0.6723633
vt 0.60009766 0.67529297
vt 0.6010742 0.6816406
vt 0.609375 0.68066406
vt 0.6098633 0.69677734
vt 0.6015625 0.69628906
vt 0.6010742 0.7036133
vt 0.609375 0.70458984
vt 0.6098633 0.68847656
vt 0.6015625 0.68896484
vt 0.6015625 0.69628906
vt 0.6098633 0.69677734
vt 0.609375 0.68066406
vt 0.6010742 0.6816406
vt 0.6015625 0.68896484
vt 0.6098633 0.68847656
vt 0.1262207 0.60839844
vt 0.002166748 0.60839844
vt 0.002166748 0.6171875
vt 0.1262207 0.6171875
vt 0.12597656 0.6347656
vt 0.002166748 0.6347656
vt 0.002166748 0.64404297
vt 0.1262207 0.64404297
vt 0.1262207 0.62597656
vt 0.002166748 0.62597656
vt 0.002166748 0.6347656
vt 0.12597656 0.6347656
vt 0.1262207 0.6171875
vt 0.002166748 0.6171875
vt 0.002166748 0.62597656
vt 0.1262207 0.62597656
vt 0.12524414 0.6538086
vt 0.0025749207 0.6538086
vt 0.0025749207 0.65966797
vt 0.12524414 0.65966797
vt 0.12524414 0.671875
vt 0.0025749207 0.671875
vt 0.0025749207 0.67822266
vt 0.12524414 0.67822266
vt 0.12524414 0.6660156
vt 0.0025749207 0.6660156
vt 0.0025749207 0.671875
vt 0.12524414 0.671875
vt 0.12524414 0.65966797
vt 0.0025749207 0.65966797
vt 0.0025749207 0.6660156
vt 0.12524414 0.6660156
vt 0.12805176 0.57373047
vt 0.0055122375 0.57373047
vt 0.0055122375 0.57958984
vt 0.12805176 0.57958984
vt 0.12805176 0.59228516
vt 0.0055122375 0.59228516
vt 0.0055122375 0.59814453
vt 0.12805176 0.59814453
vt 0.12805176 0.5859375
vt 0.0055122375 0.5859375
vt 0.0055122375 0.59228516
vt 0.12805176 0.59228516
vt 0.12805176 0.57958984
vt 0.0055122375 0.57958984
vt 0.0055122375 0.5859375
vt 0.12805176 0.5859375
vt 0.44458008 0.6245117
vt 0.31982422 0.6245117
vt 0.31982422 0.6333008
vt 0.44482422 0.6333008
vt 0.44433594 0.61572266
vt 0.32006836 0.61572266
vt 0.31982422 0.6245117
vt 0.44458008 0.6245117
vt 0.44433594 0.6064453
vt 0.32006836 0.6064453
vt 0.32006836 0.61572266
vt 0.44433594 0.61572266
vt 0.44482422 0.6333008
vt 0.31982422 0.6333008
vt 0.31982422 0.64208984
vt 0.44482422 0.64208984
vt 0.4440918 0.5854492
vt 0.3215332 0.5854492
vt 0.3215332 0.5913086
vt 0.4440918 0.5913086
vt 0.4440918 0.57910156
vt 0.3215332 0.57910156
vt 0.3215332 0.5854492
vt 0.4440918 0.5854492
vt 0.4440918 0.5732422
vt 0.32177734 0.5732422
vt 0.3215332 0.57910156
vt 0.4440918 0.57910156
vt 0.4440918 0.5913086
vt 0.3215332 0.5913086
vt 0.3215332 0.59765625
vt 0.4440918 0.59765625
vt 0.4423828 0.66503906
vt 0.31982422 0.66503906
vt 0.31982422 0.6713867
vt 0.4423828 0.6713867
vt 0.44213867 0.6586914
vt 0.32006836 0.6586914
vt 0.31982422 0.66503906
vt 0.4423828 0.66503906
vt 0.44213867 0.65283203
vt 0.32006836 0.65283203
vt 0.32006836 0.6586914
vt 0.44213867 0.6586914
vt 0.4423828 0.6713867
vt 0.31982422 0.6713867
vt 0.31982422 0.6772461
vt 0.4423828 0.6772461
vt 0.2841797 0.6328125
vt 0.26245117 0.6328125
vt 0.26245117 0.64160156
vt 0.2841797 0.64160156
vt 0.2841797 0.62402344
vt 0.26245117 0.62402344
vt 0.26245117 0.6328125
vt 0.2841797 0.6328125
vt 0.2841797 0.6152344
vt 0.26245117 0.6152344
vt 0.26245117 0.62402344
vt 0.2841797 0.62402344
vt 0.2841797 0.60595703
vt 0.26245117 0.60595703
vt 0.26245117 0.6152344
vt 0.2841797 0.6152344
vt 0.31420898 0.59228516
vt 0.2644043 0.59228516
vt 0.2644043 0.59814453
vt 0.31420898 0.59814453
vt 0.31420898 0.5859375
vt 0.2644043 0.5859375
vt 0.2644043 0.59228516
vt 0.31420898 0.59228516
vt 0.31420898 0.5800781
vt 0.2644043 0.5800781
vt 0.2644043 0.5859375
vt 0.31420898 0.5859375
vt 0.31420898 0.57373047
vt 0.2644043 0.57373047
vt 0.2644043 0.5800781
vt 0.31420898 0.5800781
vt 0.31274414 0.6713867
vt 0.26293945 0.6713867
vt 0.26293945 0.6777344
vt 0.31274414 0.6777344
vt 0.31274414 0.66552734
vt 0.26293945 0.66552734
vt 0.26293945 0.6713867
vt 0.31274414 0.6713867
vt 0.31274414 0.6591797
vt 0.26293945 0.6591797
vt 0.26293945 0.66552734
vt 0.31274414 0.66552734
vt 0.31274414 0.65283203
vt 0.26293945 0.65283203
vt 0.26293945 0.6591797
vt 0.31274414 0.6591797
vt 0.25805664 0.63378906
vt 0.13391113 0.63378906
vt 0.13391113 0.6425781
vt 0.25805664 0.6425781
vt 0.25805664 0.625
vt 0.13391113 0.625
vt 0.13391113 0.63378906
vt 0.25805664 0.63378906
vt 0.25805664 0.61621094
vt 0.13391113 0.61621094
vt 0.13391113 0.625
vt 0.25805664 0.625
vt 0.25805664 0.6074219
vt 0.13391113 0.6074219
vt 0.13391113 0.61621094
vt 0.25805664 0.61621094
vt 0.2565918 0.671875
vt 0.13391113 0.671875
vt 0.13378906 0.67822266
vt 0.25683594 0.67822266
vt 0.2565918 0.65966797
vt 0.1340332 0.65966797
vt 0.1340332 0.6660156
vt 0.2565918 0.6660156
vt 0.2565918 0.6533203
vt 0.1340332 0.6533203
vt 0.1340332 0.65966797
vt 0.2565918 0.65966797
vt 0.25683594 0.5917969
vt 0.13415527 0.5917969
vt 0.13415527 0.59765625
vt 0.25683594 0.59814453
vt 0.2565918 0.5854492
vt 0.13415527 0.5854492
vt 0.13415527 0.5917969
vt 0.25683594 0.5917969
vt 0.2565918 0.57958984
vt 0.13427734 0.57958984
vt 0.13415527 0.5854492
vt 0.2565918 0.5854492
vt 0.2565918 0.5732422
vt 0.13427734 0.5732422
vt 0.13427734 0.57958984
vt 0.2565918 0.57958984
vt 0.6777344 0.6323242
vt 0.6777344 0.6274414
vt 0.64453125 0.62597656
vt 0.64453125 0.6333008
vt 0.6777344 0.6376953
vt 0.6777344 0.6323242
vt 0.64453125 0.6333008
vt 0.64501953 0.640625
vt 0.67871094 0.6425781
vt 0.6777344 0.6376953
vt 0.64501953 0.640625
vt 0.6459961 0.6484375
vt 0.6777344 0.6274414
vt 0.67822266 0.6220703
vt 0.6455078 0.61816406
vt 0.64453125 0.62597656
vt 0.57421875 0.6352539
vt 0.63623047 0.6333008
vt 0.63623047 0.6254883
vt 0.57421875 0.6225586
vt 0.57470703 0.6479492
vt 0.63671875 0.64160156
vt 0.63623047 0.6333008
vt 0.57421875 0.6352539
vt 0.57666016 0.66064453
vt 0.6376953 0.64990234
vt 0.63671875 0.64160156
vt 0.57470703 0.6479492
vt 0.57421875 0.6225586
vt 0.63623047 0.6254883
vt 0.63720703 0.6171875
vt 0.5751953 0.6098633
vt 0.63623047 0.6333008
vt 0.64453125 0.6333008
vt 0.64453125 0.62597656
vt 0.63623047 0.6254883
vt 0.63671875 0.64160156
vt 0.64501953 0.640625
vt 0.64453125 0.6333008
vt 0.63623047 0.6333008
vt 0.6376953 0.64990234
vt 0.6459961 0.6484375
vt 0.64501953 0.640625
vt 0.63671875 0.64160156
vt 0.63623047 0.6254883
vt 0.64453125 0.62597656
vt 0.6455078 0.61816406
vt 0.63720703 0.6171875
vt 0.55859375 0.6328125
vt 0.55908203 0.6274414
vt 0.52685547 0.62402344
vt 0.5263672 0.63134766
vt 0.55859375 0.6376953
vt 0.55859375 0.6328125
vt 0.5263672 0.63134766
vt 0.5263672 0.63916016
vt 0.55908203 0.6425781
vt 0.55859375 0.6376953
vt 0.5263672 0.63916016
vt 0.52685547 0.6464844
vt 0.5600586 0.6479492
vt 0.55908203 0.6425781
vt 0.52685547 0.6464844
vt 0.52734375 0.65283203
vt 0.45629883 0.62890625
vt 0.5180664 0.63134766
vt 0.5185547 0.6230469
vt 0.4572754 0.61621094
vt 0.45629883 0.64160156
vt 0.5180664 0.63916016
vt 0.5180664 0.63134766
vt 0.45629883 0.62890625
vt 0.4572754 0.6542969
vt 0.5185547 0.64746094
vt 0.5180664 0.63916016
vt 0.45629883 0.64160156
vt 0.45874023 0.66503906
vt 0.51953125 0.65527344
vt 0.5185547 0.64746094
vt 0.4572754 0.6542969
vt 0.5180664 0.63134766
vt 0.5263672 0.63134766
vt 0.52685547 0.62402344
vt 0.5185547 0.6230469
vt 0.5180664 0.63916016
vt 0.5263672 0.63916016
vt 0.5263672 0.63134766
vt 0.5180664 0.63134766
vt 0.5185547 0.64746094
vt 0.52685547 0.6464844
vt 0.5263672 0.63916016
vt 0.5180664 0.63916016
vt 0.51953125 0.65527344
vt 0.52734375 0.65283203
vt 0.52685547 0.6464844
vt 0.5185547 0.64746094
vt 0.4580078 0.6933594
vt 0.4572754 0.6982422
vt 0.4892578 0.70410156
vt 0.49023438 0.69677734
vt 0.45825195 0.6879883
vt 0.4580078 0.6933594
vt 0.49023438 0.69677734
vt 0.49072266 0.6894531
vt 0.45825195 0.68310547
vt 0.45825195 0.6879883
vt 0.49072266 0.6894531
vt 0.49072266 0.6816406
vt 0.45776367 0.67822266
vt 0.45825195 0.68310547
vt 0.49072266 0.6816406
vt 0.49023438 0.6743164
vt 0.5600586 0.70410156
vt 0.49829102 0.6977539
vt 0.49731445 0.7055664
vt 0.55810547 0.7167969
vt 0.5605469 0.67871094
vt 0.49902344 0.6816406
vt 0.49902344 0.6894531
vt 0.56103516 0.69140625
vt 0.5595703 0.6665039
vt 0.49853516 0.67333984
vt 0.49902344 0.6816406
vt 0.5605469 0.67871094
vt 0.49829102 0.6977539
vt 0.49023438 0.69677734
vt 0.4892578 0.70410156
vt 0.49731445 0.7055664
vt 0.49902344 0.6894531
vt 0.49072266 0.6894531
vt 0.49023438 0.69677734
vt 0.49829102 0.6977539
vt 0.49902344 0.6816406
vt 0.49072266 0.6816406
vt 0.49072266 0.6894531
vt 0.49902344 0.6894531
vt 0.49853516 0.67333984
vt 0.49023438 0.6743164
vt 0.49072266 0.6816406
vt 0.49902344 0.6816406
vt 0.8461914 0.005264282
vt 0.8461914 0.07672119
vt 0.91748047 0.07672119
vt 0.91748047 0.005264282
vt 0.48632812 0.5996094
vt 0.45458984 0.59375
vt 0.45532227 0.5888672
vt 0.48754883 0.59228516
vt 0.48754883 0.59228516
vt 0.45532227 0.5888672
vt 0.45581055 0.5839844
vt 0.4880371 0.58496094
vt 0.4880371 0.58496094
vt 0.45581055 0.5839844
vt 0.45581055 0.57910156
vt 0.4880371 0.5776367
vt 0.4880371 0.5776367
vt 0.45581055 0.57910156
vt 0.45532227 0.57421875
vt 0.48754883 0.5703125
vt 0.49438477 0.6015625
vt 0.49560547 0.5932617
vt 0.55615234 0.60009766
vt 0.5541992 0.6123047
vt 0.49560547 0.5932617
vt 0.49609375 0.5854492
vt 0.5571289 0.5878906
vt 0.55615234 0.60009766
vt 0.49609375 0.5854492
vt 0.49609375 0.5776367
vt 0.5571289 0.5751953
vt 0.5571289 0.5878906
vt 0.49609375 0.5776367
vt 0.49560547 0.56933594
vt 0.55615234 0.5629883
vt 0.5571289 0.5751953
vt 0.48632812 0.5996094
vt 0.48754883 0.59228516
vt 0.49560547 0.5932617
vt 0.49438477 0.6015625
vt 0.48754883 0.59228516
vt 0.4880371 0.58496094
vt 0.49609375 0.5854492
vt 0.49560547 0.5932617
vt 0.4880371 0.58496094
vt 0.4880371 0.5776367
vt 0.49609375 0.5776367
vt 0.49609375 0.5854492
vt 0.4880371 0.5776367
vt 0.48754883 0.5703125
vt 0.49560547 0.56933594
vt 0.49609375 0.5776367
vt 0.3334961 0.52734375
vt 0.3334961 0.5185547
vt 0.45751953 0.5185547
vt 0.45751953 0.52734375
vt 0.3334961 0.5185547
vt 0.3334961 0.50927734
vt 0.4572754 0.5097656
vt 0.45751953 0.5185547
vt 0.3334961 0.50927734
vt 0.3334961 0.5004883
vt 0.45751953 0.50097656
vt 0.4572754 0.5097656
vt 0.3334961 0.5004883
vt 0.3334961 0.49194336
vt 0.45751953 0.49194336
vt 0.45751953 0.50097656
vt 0.3400879 0.48168945
vt 0.3400879 0.47558594
vt 0.46264648 0.47558594
vt 0.46264648 0.48168945
vt 0.3400879 0.47558594
vt 0.3400879 0.46948242
vt 0.46264648 0.46948242
vt 0.46264648 0.47558594
vt 0.3400879 0.46948242
vt 0.3400879 0.46313477
vt 0.46264648 0.46313477
vt 0.46264648 0.46948242
vt 0.3400879 0.46313477
vt 0.3400879 0.45703125
vt 0.46264648 0.45703125
vt 0.46264648 0.46313477
vt 0.33618164 0.56152344
vt 0.33618164 0.5551758
vt 0.45874023 0.5551758
vt 0.45874023 0.56152344
vt 0.33618164 0.5551758
vt 0.33618164 0.5493164
vt 0.45874023 0.5493164
vt 0.45874023 0.5551758
vt 0.33618164 0.5493164
vt 0.33618164 0.54296875
vt 0.45874023 0.54296875
vt 0.45874023 0.5493164
vt 0.33618164 0.54296875
vt 0.33618164 0.5371094
vt 0.45874023 0.5371094
vt 0.45874023 0.54296875
vt 0.1418457 0.50097656
vt 0.1418457 0.49243164
vt 0.26611328 0.49243164
vt 0.26611328 0.50097656
vt 0.1418457 0.52783203
vt 0.1418457 0.51904297
vt 0.26611328 0.51904297
vt 0.26611328 0.52783203
vt 0.1418457 0.51904297
vt 0.1418457 0.5102539
vt 0.26611328 0.5102539
vt 0.26611328 0.51904297
vt 0.1418457 0.5102539
vt 0.1418457 0.50097656
vt 0.26611328 0.50097656
vt 0.26611328 0.5102539
vt 0.14575195 0.46313477
vt 0.14575195 0.45703125
vt 0.26831055 0.45703125
vt 0.26831055 0.46313477
vt 0.14575195 0.48168945
vt 0.14575195 0.47558594
vt 0.26831055 0.47558594
vt 0.26831055 0.48168945
vt 0.14575195 0.47558594
vt 0.14575195 0.46948242
vt 0.26831055 0.46923828
vt 0.26831055 0.47558594
vt 0.14575195 0.46948242
vt 0.14575195 0.46313477
vt 0.26831055 0.46313477
vt 0.26831055 0.46923828
vt 0.14196777 0.5419922
vt 0.14196777 0.5361328
vt 0.2644043 0.5361328
vt 0.2644043 0.5419922
vt 0.14196777 0.5605469
vt 0.14196777 0.5546875
vt 0.2644043 0.5546875
vt 0.2644043 0.5605469
vt 0.14196777 0.5546875
vt 0.14196777 0.54833984
vt 0.2644043 0.54833984
vt 0.2644043 0.5546875
vt 0.14196777 0.54833984
vt 0.14196777 0.5419922
vt 0.2644043 0.5419922
vt 0.2644043 0.54833984
vt 0.27246094 0.5180664
vt 0.27246094 0.50927734
vt 0.29418945 0.50927734
vt 0.29418945 0.5180664
vt 0.27246094 0.50927734
vt 0.27246094 0.5004883
vt 0.29418945 0.5004883
vt 0.29418945 0.50927734
vt 0.27246094 0.5004883
vt 0.27246094 0.49145508
vt 0.29418945 0.49145508
vt 0.29418945 0.5004883
vt 0.27246094 0.52685547
vt 0.27246094 0.5180664
vt 0.29418945 0.5180664
vt 0.29418945 0.52685547
vt 0.27734375 0.5551758
vt 0.27734375 0.5493164
vt 0.32714844 0.5488281
vt 0.32714844 0.5551758
vt 0.27734375 0.5493164
vt 0.27734375 0.54296875
vt 0.32714844 0.54296875
vt 0.32714844 0.5488281
vt 0.27734375 0.54296875
vt 0.27734375 0.5366211
vt 0.32714844 0.5366211
vt 0.32714844 0.54296875
vt 0.27734375 0.56152344
vt 0.27734375 0.5551758
vt 0.32714844 0.5551758
vt 0.32714844 0.56152344
vt 0.28051758 0.4741211
vt 0.28051758 0.46801758
vt 0.33032227 0.46801758
vt 0.33032227 0.4741211
vt 0.28051758 0.46801758
vt 0.28051758 0.46191406
vt 0.33032227 0.46191406
vt 0.33032227 0.46801758
vt 0.28051758 0.46191406
vt 0.28051758 0.45581055
vt 0.33032227 0.45581055
vt 0.33032227 0.46191406
vt 0.28051758 0.4802246
vt 0.28051758 0.4741211
vt 0.33032227 0.4741211
vt 0.33032227 0.4802246
vt 0.0041275024 0.5239258
vt 0.0041275024 0.5151367
vt 0.1282959 0.5151367
vt 0.1282959 0.5239258
vt 0.0041275024 0.5151367
vt 0.0041275024 0.50634766
vt 0.1282959 0.50634766
vt 0.1282959 0.5151367
vt 0.0041275024 0.50634766
vt 0.0041275024 0.49731445
vt 0.1282959 0.49731445
vt 0.1282959 0.50634766
vt 0.0041275024 0.49731445
vt 0.0041275024 0.4885254
vt 0.1282959 0.4885254
vt 0.1282959 0.49731445
vt 0.0028743744 0.56103516
vt 0.0028743744 0.5551758
vt 0.12536621 0.5551758
vt 0.12536621 0.56103516
vt 0.0028743744 0.5551758
vt 0.0028743744 0.5488281
vt 0.12536621 0.5488281
vt 0.12536621 0.5551758
vt 0.0028743744 0.5488281
vt 0.0028743744 0.54296875
vt 0.12536621 0.54296875
vt 0.12536621 0.5488281
vt 0.0028743744 0.54296875
vt 0.0028743744 0.5366211
vt 0.12536621 0.5366211
vt 0.12536621 0.54296875
vt 0.006385803 0.47705078
vt 0.006385803 0.47094727
vt 0.12890625 0.47094727
vt 0.12890625 0.47705078
vt 0.006385803 0.47094727
vt 0.006385803 0.46484375
vt 0.12890625 0.46484375
vt 0.12890625 0.47094727
vt 0.006385803 0.46484375
vt 0.006385803 0.45874023
vt 0.12890625 0.45874023
vt 0.12890625 0.46484375
vt 0.006385803 0.45874023
vt 0.006385803 0.45263672
vt 0.12890625 0.45263672
vt 0.12890625 0.45874023
vt 0.5390625 0.5463867
vt 0.57128906 0.54296875
vt 0.5722656 0.54785156
vt 0.54003906 0.5527344
vt 0.5390625 0.5239258
vt 0.57128906 0.52783203
vt 0.57128906 0.53271484
vt 0.5385742 0.5317383
vt 0.5385742 0.5317383
vt 0.57128906 0.53271484
vt 0.57128906 0.53759766
vt 0.5385742 0.5390625
vt 0.5385742 0.5390625
vt 0.57128906 0.53759766
vt 0.57128906 0.54296875
vt 0.5390625 0.5463867
vt 0.5307617 0.5473633
vt 0.53222656 0.5551758
vt 0.4711914 0.5649414
vt 0.46972656 0.5541992
vt 0.5307617 0.5229492
vt 0.53027344 0.53125
vt 0.46875 0.5288086
vt 0.46972656 0.51660156
vt 0.53027344 0.53125
vt 0.53027344 0.5390625
vt 0.46875 0.5415039
vt 0.46875 0.5288086
vt 0.53027344 0.5390625
vt 0.5307617 0.5473633
vt 0.46972656 0.5541992
vt 0.46875 0.5415039
vt 0.5390625 0.5463867
vt 0.54003906 0.5527344
vt 0.53222656 0.5551758
vt 0.5307617 0.5473633
vt 0.5390625 0.5239258
vt 0.5385742 0.5317383
vt 0.53027344 0.53125
vt 0.5307617 0.5229492
vt 0.5385742 0.5317383
vt 0.5385742 0.5390625
vt 0.53027344 0.5390625
vt 0.53027344 0.53125
vt 0.5385742 0.5390625
vt 0.5390625 0.5463867
vt 0.5307617 0.5473633
vt 0.53027344 0.5390625
vt 0.6508789 0.5307617
vt 0.68310547 0.53466797
vt 0.6826172 0.5395508
vt 0.6503906 0.53808594
vt 0.6503906 0.53808594
vt 0.6826172 0.5395508
vt 0.6826172 0.5444336
vt 0.6503906 0.54589844
vt 0.6503906 0.54589844
vt 0.6826172 0.5444336
vt 0.68310547 0.5493164
vt 0.6508789 0.55322266
vt 0.65185547 0.5234375
vt 0.68359375 0.52978516
vt 0.68310547 0.53466797
vt 0.6508789 0.5307617
vt 0.6425781 0.53027344
vt 0.64208984 0.53808594
vt 0.5810547 0.53564453
vt 0.58203125 0.5234375
vt 0.64208984 0.53808594
vt 0.64208984 0.54589844
vt 0.5810547 0.54833984
vt 0.5810547 0.53564453
vt 0.64208984 0.54589844
vt 0.6425781 0.5541992
vt 0.58203125 0.5605469
vt 0.5810547 0.54833984
vt 0.64404297 0.52197266
vt 0.6425781 0.53027344
vt 0.58203125 0.5234375
vt 0.5839844 0.51123047
vt 0.6508789 0.5307617
vt 0.6503906 0.53808594
vt 0.64208984 0.53808594
vt 0.6425781 0.53027344
vt 0.6503906 0.53808594
vt 0.6503906 0.54589844
vt 0.64208984 0.54589844
vt 0.64208984 0.53808594
vt 0.6503906 0.54589844
vt 0.6508789 0.55322266
vt 0.6425781 0.5541992
vt 0.64208984 0.54589844
vt 0.65185547 0.5234375
vt 0.6508789 0.5307617
vt 0.6425781 0.53027344
vt 0.64404297 0.52197266
vt 0.60546875 0.5991211
vt 0.5727539 0.5957031
vt 0.5732422 0.59033203
vt 0.60595703 0.5917969
vt 0.60595703 0.5917969
vt 0.5732422 0.59033203
vt 0.5732422 0.5854492
vt 0.60595703 0.58447266
vt 0.60595703 0.58447266
vt 0.5732422 0.5854492
vt 0.5727539 0.5805664
vt 0.60546875 0.57666016
vt 0.60546875 0.57666016
vt 0.5727539 0.5805664
vt 0.5722656 0.5751953
vt 0.6044922 0.5708008
vt 0.61376953 0.60009766
vt 0.6142578 0.5917969
vt 0.67578125 0.5942383
vt 0.6748047 0.6069336
vt 0.6142578 0.5917969
vt 0.6142578 0.5839844
vt 0.67578125 0.58154297
vt 0.67578125 0.5942383
vt 0.6142578 0.5839844
vt 0.61376953 0.5756836
vt 0.6748047 0.56884766
vt 0.67578125 0.58154297
vt 0.61376953 0.5756836
vt 0.6123047 0.5678711
vt 0.67333984 0.55810547
vt 0.6748047 0.56884766
vt 0.60546875 0.5991211
vt 0.60595703 0.5917969
vt 0.6142578 0.5917969
vt 0.61376953 0.60009766
vt 0.60595703 0.5917969
vt 0.60595703 0.58447266
vt 0.6142578 0.5839844
vt 0.6142578 0.5917969
vt 0.60595703 0.58447266
vt 0.60546875 0.57666016
vt 0.61376953 0.5756836
vt 0.6142578 0.5839844
vt 0.60546875 0.57666016
vt 0.6044922 0.5708008
vt 0.6123047 0.5678711
vt 0.61376953 0.5756836
vt 0.7680664 0.0055732727
vt 0.83984375 0.0055732727
vt 0.83984375 0.07702637
vt 0.7680664 0.07702637
vt 0.69140625 0.44555664
vt 0.69189453 0.4404297
vt 0.65966797 0.4338379
vt 0.6586914 0.4411621
vt 0.69091797 0.4506836
vt 0.69140625 0.44555664
vt 0.6586914 0.4411621
vt 0.65771484 0.44873047
vt 0.6904297 0.45581055
vt 0.69091797 0.4506836
vt 0.65771484 0.44873047
vt 0.65771484 0.45629883
vt 0.69189453 0.4404297
vt 0.6933594 0.43554688
vt 0.6616211 0.42651367
vt 0.65966797 0.4338379
vt 0.5883789 0.4321289
vt 0.6503906 0.44018555
vt 0.6513672 0.4321289
vt 0.5908203 0.41967773
vt 0.58740234 0.44482422
vt 0.64941406 0.4482422
vt 0.6503906 0.44018555
vt 0.5883789 0.4321289
vt 0.58691406 0.45751953
vt 0.64941406 0.45654297
vt 0.64941406 0.4482422
vt 0.58740234 0.44482422
vt 0.5908203 0.41967773
vt 0.6513672 0.4321289
vt 0.6533203 0.4243164
vt 0.59375 0.40722656
vt 0.6503906 0.44018555
vt 0.6586914 0.4411621
vt 0.65966797 0.4338379
vt 0.6513672 0.4321289
vt 0.64941406 0.4482422
vt 0.65771484 0.44873047
vt 0.6586914 0.4411621
vt 0.6503906 0.44018555
vt 0.64941406 0.45654297
vt 0.65771484 0.45629883
vt 0.65771484 0.44873047
vt 0.64941406 0.4482422
vt 0.6513672 0.4321289
vt 0.65966797 0.4338379
vt 0.6616211 0.42651367
vt 0.6533203 0.4243164
vt 0.31445312 0.39013672
vt 0.19042969 0.39013672
vt 0.19042969 0.39892578
vt 0.31445312 0.39892578
vt 0.31445312 0.38110352
vt 0.19055176 0.38110352
vt 0.19042969 0.39013672
vt 0.31445312 0.39013672
vt 0.31445312 0.37231445
vt 0.19055176 0.37231445
vt 0.19055176 0.38110352
vt 0.31445312 0.38110352
vt 0.31445312 0.39892578
vt 0.19042969 0.39892578
vt 0.19042969 0.40771484
vt 0.31445312 0.40771484
vt 0.32177734 0.3503418
vt 0.19921875 0.3503418
vt 0.19909668 0.35668945
vt 0.32177734 0.35668945
vt 0.3215332 0.34423828
vt 0.19934082 0.34423828
vt 0.19921875 0.3503418
vt 0.32177734 0.3503418
vt 0.3215332 0.33813477
vt 0.19934082 0.33813477
vt 0.19934082 0.34423828
vt 0.3215332 0.34423828
vt 0.32177734 0.35668945
vt 0.19909668 0.35668945
vt 0.19909668 0.36279297
vt 0.32177734 0.36254883
vt 0.3215332 0.4333496
vt 0.19897461 0.4333496
vt 0.19885254 0.43945312
vt 0.3215332 0.43945312
vt 0.32128906 0.4272461
vt 0.19909668 0.4272461
vt 0.19897461 0.4333496
vt 0.3215332 0.4333496
vt 0.32128906 0.42114258
vt 0.19909668 0.42114258
vt 0.19909668 0.4272461
vt 0.32128906 0.4272461
vt 0.3215332 0.43945312
vt 0.19885254 0.43945312
vt 0.19885254 0.44555664
vt 0.3215332 0.44555664
vt 0.45507812 0.39794922
vt 0.3310547 0.39794922
vt 0.3310547 0.40698242
vt 0.45483398 0.40698242
vt 0.45507812 0.38916016
vt 0.33081055 0.38916016
vt 0.3310547 0.39794922
vt 0.45507812 0.39794922
vt 0.45507812 0.3803711
vt 0.33081055 0.3803711
vt 0.33081055 0.38916016
vt 0.45507812 0.38916016
vt 0.45507812 0.37158203
vt 0.33081055 0.37158203
vt 0.33081055 0.3803711
vt 0.45507812 0.3803711
vt 0.45532227 0.35498047
vt 0.33251953 0.35498047
vt 0.33251953 0.36108398
vt 0.45532227 0.36108398
vt 0.4555664 0.34887695
vt 0.33251953 0.34887695
vt 0.33251953 0.35498047
vt 0.45532227 0.35498047
vt 0.4555664 0.3425293
vt 0.3322754 0.3425293
vt 0.33251953 0.34887695
vt 0.4555664 0.34887695
vt 0.4555664 0.33642578
vt 0.3322754 0.33642578
vt 0.3322754 0.3425293
vt 0.4555664 0.3425293
vt 0.4580078 0.43652344
vt 0.33544922 0.43652344
vt 0.33569336 0.44262695
vt 0.45776367 0.44262695
vt 0.4580078 0.43041992
vt 0.33544922 0.43041992
vt 0.33544922 0.43652344
vt 0.4580078 0.43652344
vt 0.4580078 0.4243164
vt 0.33544922 0.4243164
vt 0.33544922 0.43041992
vt 0.4580078 0.43041992
vt 0.4580078 0.4182129
vt 0.33544922 0.4182129
vt 0.33544922 0.4243164
vt 0.4580078 0.4243164
vt 0.16357422 0.39916992
vt 0.14172363 0.39916992
vt 0.14172363 0.40820312
vt 0.16357422 0.40820312
vt 0.16345215 0.39038086
vt 0.14172363 0.39038086
vt 0.14172363 0.39916992
vt 0.16357422 0.39916992
vt 0.16345215 0.3815918
vt 0.1418457 0.3815918
vt 0.14172363 0.39038086
vt 0.16345215 0.39038086
vt 0.16345215 0.37280273
vt 0.1418457 0.37280273
vt 0.1418457 0.3815918
vt 0.16345215 0.3815918
vt 0.18762207 0.43701172
vt 0.13781738 0.43701172
vt 0.13781738 0.44311523
vt 0.18762207 0.44311523
vt 0.1875 0.4309082
vt 0.13781738 0.4309082
vt 0.13781738 0.43701172
vt 0.18762207 0.43701172
vt 0.1875 0.4248047
vt 0.13781738 0.4248047
vt 0.13781738 0.4309082
vt 0.1875 0.4309082
vt 0.1875 0.41870117
vt 0.13781738 0.41870117
vt 0.13781738 0.4248047
vt 0.1875 0.4248047
vt 0.1887207 0.3569336
vt 0.13891602 0.3569336
vt 0.13891602 0.3630371
vt 0.1887207 0.3630371
vt 0.18859863 0.35083008
vt 0.13891602 0.35083008
vt 0.13891602 0.3569336
vt 0.1887207 0.3569336
vt 0.18859863 0.34448242
vt 0.13903809 0.34448242
vt 0.13891602 0.35083008
vt 0.18859863 0.35083008
vt 0.18859863 0.3383789
vt 0.13903809 0.3383789
vt 0.13903809 0.34448242
vt 0.18859863 0.34448242
vt 0.12768555 0.37353516
vt 0.0039100647 0.37353516
vt 0.0038661957 0.38232422
vt 0.12780762 0.38232422
vt 0.12780762 0.40014648
vt 0.0038223267 0.40014648
vt 0.0038223267 0.40893555
vt 0.12780762 0.40893555
vt 0.12780762 0.39111328
vt 0.0038223267 0.39111328
vt 0.0038223267 0.40014648
vt 0.12780762 0.40014648
vt 0.12780762 0.38232422
vt 0.0038661957 0.38232422
vt 0.0038223267 0.39111328
vt 0.12780762 0.39111328
vt 0.1262207 0.41674805
vt 0.0038967133 0.41674805
vt 0.0038967133 0.42285156
vt 0.1262207 0.42285156
vt 0.1262207 0.4350586
vt 0.0039253235 0.4350586
vt 0.003955841 0.4411621
vt 0.1262207 0.4411621
vt 0.1262207 0.42895508
vt 0.0038967133 0.42895508
vt 0.0039253235 0.4350586
vt 0.1262207 0.4350586
vt 0.1262207 0.42285156
vt 0.0038967133 0.42285156
vt 0.0038967133 0.42895508
vt 0.1262207 0.42895508
vt 0.12695312 0.34033203
vt 0.0045776367 0.34033203
vt 0.0045776367 0.34643555
vt 0.12695312 0.34643555
vt 0.12695312 0.35864258
vt 0.0046043396 0.35864258
vt 0.0046310425 0.3647461
vt 0.12683105 0.3647461
vt 0.12695312 0.35253906
vt 0.0045776367 0.35253906
vt 0.0046043396 0.35864258
vt 0.12695312 0.35864258
vt 0.12695312 0.34643555
vt 0.0045776367 0.34643555
vt 0.0045776367 0.35253906
vt 0.12695312 0.35253906
vt 0.5708008 0.4338379
vt 0.57177734 0.42895508
vt 0.5395508 0.42211914
vt 0.53808594 0.4296875
vt 0.5703125 0.43896484
vt 0.5708008 0.4338379
vt 0.53808594 0.4296875
vt 0.53759766 0.43701172
vt 0.5703125 0.4440918
vt 0.5703125 0.43896484
vt 0.53759766 0.43701172
vt 0.53759766 0.44458008
vt 0.5703125 0.44921875
vt 0.5703125 0.4440918
vt 0.53759766 0.44458008
vt 0.53808594 0.45214844
vt 0.46826172 0.42041016
vt 0.52978516 0.4284668
vt 0.53125 0.42041016
vt 0.46972656 0.40771484
vt 0.46777344 0.43310547
vt 0.5292969 0.43652344
vt 0.52978516 0.4284668
vt 0.46826172 0.42041016
vt 0.4675293 0.44580078
vt 0.5292969 0.44482422
vt 0.5292969 0.43652344
vt 0.46777344 0.43310547
vt 0.46801758 0.4584961
vt 0.52978516 0.45288086
vt 0.5292969 0.44482422
vt 0.4675293 0.44580078
vt 0.52978516 0.4284668
vt 0.53808594 0.4296875
vt 0.5395508 0.42211914
vt 0.53125 0.42041016
vt 0.5292969 0.43652344
vt 0.53759766 0.43701172
vt 0.53808594 0.4296875
vt 0.52978516 0.4284668
vt 0.5292969 0.44482422
vt 0.53759766 0.44458008
vt 0.53759766 0.43701172
vt 0.5292969 0.43652344
vt 0.52978516 0.45288086
vt 0.53808594 0.45214844
vt 0.53759766 0.44458008
vt 0.5292969 0.44482422
vt 0.46923828 0.48657227
vt 0.46826172 0.49169922
vt 0.5004883 0.49902344
vt 0.5019531 0.49145508
vt 0.4699707 0.4814453
vt 0.46923828 0.48657227
vt 0.5019531 0.49145508
vt 0.5029297 0.48413086
vt 0.47021484 0.47631836
vt 0.4699707 0.4814453
vt 0.5029297 0.48413086
vt 0.5029297 0.4765625
vt 0.4699707 0.4711914
vt 0.47021484 0.47631836
vt 0.5029297 0.4765625
vt 0.5029297 0.46899414
vt 0.57177734 0.5019531
vt 0.5102539 0.49291992
vt 0.50878906 0.50097656
vt 0.56933594 0.51464844
vt 0.5732422 0.48950195
vt 0.51123047 0.48461914
vt 0.5102539 0.49291992
vt 0.57177734 0.5019531
vt 0.57373047 0.47680664
vt 0.51123047 0.4765625
vt 0.51123047 0.48461914
vt 0.5732422 0.48950195
vt 0.5732422 0.46411133
vt 0.51123047 0.46850586
vt 0.51123047 0.4765625
vt 0.57373047 0.47680664
vt 0.5102539 0.49291992
vt 0.5019531 0.49145508
vt 0.5004883 0.49902344
vt 0.50878906 0.50097656
vt 0.51123047 0.48461914
vt 0.5029297 0.48413086
vt 0.5019531 0.49145508
vt 0.5102539 0.49291992
vt 0.51123047 0.4765625
vt 0.5029297 0.4765625
vt 0.5029297 0.48413086
vt 0.51123047 0.48461914
vt 0.51123047 0.46850586
vt 0.5029297 0.46899414
vt 0.5029297 0.4765625
vt 0.51123047 0.4765625
vt 0.58691406 0.4729004
vt 0.58691406 0.47802734
vt 0.6191406 0.47998047
vt 0.6196289 0.4724121
vt 0.5854492 0.4880371
vt 0.5839844 0.49291992
vt 0.61572266 0.5024414
vt 0.6176758 0.49487305
vt 0.5864258 0.4831543
vt 0.5854492 0.4880371
vt 0.6176758 0.49487305
vt 0.61865234 0.48754883
vt 0.58691406 0.47802734
vt 0.5864258 0.4831543
vt 0.61865234 0.48754883
vt 0.6191406 0.47998047
vt 0.6894531 0.4716797
vt 0.6279297 0.4724121
vt 0.6274414 0.48046875
vt 0.6894531 0.48413086
vt 0.68652344 0.50927734
vt 0.6254883 0.49658203
vt 0.62402344 0.50439453
vt 0.68408203 0.52197266
vt 0.6879883 0.49682617
vt 0.6269531 0.4885254
vt 0.6254883 0.49658203
vt 0.68652344 0.50927734
vt 0.6894531 0.48413086
vt 0.6274414 0.48046875
vt 0.6269531 0.4885254
vt 0.6879883 0.49682617
vt 0.6279297 0.4724121
vt 0.6196289 0.4724121
vt 0.6191406 0.47998047
vt 0.6274414 0.48046875
vt 0.6254883 0.49658203
vt 0.6176758 0.49487305
vt 0.61572266 0.5024414
vt 0.62402344 0.50439453
vt 0.6269531 0.4885254
vt 0.61865234 0.48754883
vt 0.6176758 0.49487305
vt 0.6254883 0.49658203
vt 0.6274414 0.48046875
vt 0.6191406 0.47998047
vt 0.61865234 0.48754883
vt 0.6269531 0.4885254
vt 0.69091797 0.005420685
vt 0.69091797 0.0769043
vt 0.7626953 0.0769043
vt 0.7626953 0.005420685
vt 0.73095703 0.13659668
vt 0.73095703 0.17687988
vt 0.7709961 0.17687988
vt 0.7709961 0.13659668
vt 0.6064453 0.3996582
vt 0.57373047 0.3918457
vt 0.57470703 0.38671875
vt 0.60791016 0.39208984
vt 0.60791016 0.39208984
vt 0.57470703 0.38671875
vt 0.5756836 0.3815918
vt 0.6088867 0.38452148
vt 0.6088867 0.38452148
vt 0.5756836 0.3815918
vt 0.5761719 0.37646484
vt 0.609375 0.37695312
vt 0.609375 0.37695312
vt 0.5761719 0.37646484
vt 0.5756836 0.3713379
vt 0.6088867 0.36938477
vt 0.6147461 0.40161133
vt 0.61621094 0.3935547
vt 0.67871094 0.4038086
vt 0.6767578 0.41674805
vt 0.61621094 0.3935547
vt 0.6171875 0.3852539
vt 0.6796875 0.39111328
vt 0.67871094 0.4038086
vt 0.6171875 0.3852539
vt 0.6176758 0.37719727
vt 0.6801758 0.37817383
vt 0.6796875 0.39111328
vt 0.6176758 0.37719727
vt 0.6176758 0.36889648
vt 0.6801758 0.36547852
vt 0.6801758 0.37817383
vt 0.6064453 0.3996582
vt 0.60791016 0.39208984
vt 0.61621094 0.3935547
vt 0.6147461 0.40161133
vt 0.60791016 0.39208984
vt 0.6088867 0.38452148
vt 0.6171875 0.3852539
vt 0.61621094 0.3935547
vt 0.6088867 0.38452148
vt 0.609375 0.37695312
vt 0.6176758 0.37719727
vt 0.6171875 0.3852539
vt 0.609375 0.37695312
vt 0.6088867 0.36938477
vt 0.6176758 0.36889648
vt 0.6176758 0.37719727
vt 0.18115234 0.29467773
vt 0.18115234 0.28588867
vt 0.30517578 0.28588867
vt 0.30493164 0.29467773
vt 0.18115234 0.28588867
vt 0.18115234 0.2770996
vt 0.30517578 0.2770996
vt 0.30517578 0.28588867
vt 0.18115234 0.2770996
vt 0.18115234 0.2680664
vt 0.30517578 0.2680664
vt 0.30517578 0.2770996
vt 0.18115234 0.2680664
vt 0.18115234 0.25927734
vt 0.30493164 0.25927734
vt 0.30517578 0.2680664
vt 0.19458008 0.33007812
vt 0.19445801 0.3239746
vt 0.31689453 0.3239746
vt 0.31689453 0.33007812
vt 0.19445801 0.3239746
vt 0.19433594 0.31762695
vt 0.31689453 0.31762695
vt 0.31689453 0.3239746
vt 0.19433594 0.31762695
vt 0.19433594 0.31152344
vt 0.31689453 0.31152344
vt 0.31689453 0.31762695
vt 0.19433594 0.31152344
vt 0.19433594 0.30541992
vt 0.31689453 0.30541992
vt 0.31689453 0.31152344
vt 0.19018555 0.25024414
vt 0.19018555 0.24414062
vt 0.3125 0.24414062
vt 0.3125 0.25024414
vt 0.19018555 0.24414062
vt 0.19006348 0.23791504
vt 0.31274414 0.23791504
vt 0.3125 0.24414062
vt 0.19006348 0.23791504
vt 0.19006348 0.23181152
vt 0.31274414 0.23181152
vt 0.31274414 0.23791504
vt 0.19006348 0.23181152
vt 0.19006348 0.22570801
vt 0.31274414 0.22570801
vt 0.31274414 0.23181152
vt 0.004497528 0.29711914
vt 0.004497528 0.28808594
vt 0.12878418 0.28808594
vt 0.12878418 0.29711914
vt 0.004497528 0.28808594
vt 0.004497528 0.27929688
vt 0.12878418 0.27929688
vt 0.12878418 0.28808594
vt 0.004497528 0.27929688
vt 0.004497528 0.2705078
vt 0.12878418 0.27026367
vt 0.12878418 0.27929688
vt 0.004497528 0.2705078
vt 0.004497528 0.2614746
vt 0.12878418 0.2614746
vt 0.12878418 0.27026367
vt 0.0038318634 0.25170898
vt 0.0038318634 0.24560547
vt 0.12646484 0.24560547
vt 0.12646484 0.25170898
vt 0.0038318634 0.24560547
vt 0.0038318634 0.23950195
vt 0.12646484 0.23950195
vt 0.12646484 0.24560547
vt 0.0038318634 0.23950195
vt 0.0038318634 0.23327637
vt 0.12646484 0.23327637
vt 0.12646484 0.23950195
vt 0.0038318634 0.23327637
vt 0.0038318634 0.22717285
vt 0.12646484 0.22717285
vt 0.12646484 0.23327637
vt 0.005016327 0.33129883
vt 0.005016327 0.32495117
vt 0.12756348 0.32495117
vt 0.12756348 0.33129883
vt 0.005016327 0.32495117
vt 0.005016327 0.31884766
vt 0.12756348 0.31884766
vt 0.12756348 0.32495117
vt 0.005016327 0.31884766
vt 0.005016327 0.31274414
vt 0.12756348 0.31274414
vt 0.12756348 0.31884766
vt 0.005016327 0.31274414
vt 0.005016327 0.30664062
vt 0.12756348 0.30664062
vt 0.12756348 0.31274414
vt 0.14831543 0.26953125
vt 0.14831543 0.2607422
vt 0.17004395 0.26049805
vt 0.17004395 0.26953125
vt 0.14831543 0.29614258
vt 0.14831543 0.28735352
vt 0.17004395 0.28735352
vt 0.16992188 0.29614258
vt 0.14831543 0.28735352
vt 0.14831543 0.2783203
vt 0.17004395 0.2783203
vt 0.17004395 0.28735352
vt 0.14831543 0.2783203
vt 0.14831543 0.26953125
vt 0.17004395 0.26953125
vt 0.17004395 0.2783203
vt 0.13305664 0.23278809
vt 0.13305664 0.22668457
vt 0.18273926 0.22668457
vt 0.18273926 0.23278809
vt 0.13305664 0.2512207
vt 0.13305664 0.24511719
vt 0.18273926 0.24511719
vt 0.18273926 0.2512207
vt 0.13305664 0.24511719
vt 0.13305664 0.23901367
vt 0.18273926 0.23901367
vt 0.18273926 0.24511719
vt 0.13305664 0.23901367
vt 0.13305664 0.23278809
vt 0.18273926 0.23278809
vt 0.18273926 0.23901367
vt 0.13537598 0.31176758
vt 0.13537598 0.30541992
vt 0.18518066 0.30541992
vt 0.18518066 0.31176758
vt 0.13537598 0.33007812
vt 0.13537598 0.3239746
vt 0.18518066 0.3239746
vt 0.18518066 0.33007812
vt 0.13537598 0.3239746
vt 0.13537598 0.3178711
vt 0.18518066 0.3178711
vt 0.18518066 0.3239746
vt 0.13537598 0.3178711
vt 0.13537598 0.31176758
vt 0.18518066 0.31176758
vt 0.18518066 0.3178711
vt 0.3149414 0.28564453
vt 0.3149414 0.27685547
vt 0.43896484 0.27685547
vt 0.43896484 0.28564453
vt 0.3149414 0.27685547
vt 0.3149414 0.2680664
vt 0.43896484 0.2680664
vt 0.43896484 0.27685547
vt 0.3149414 0.2680664
vt 0.3149414 0.25927734
vt 0.43896484 0.25927734
vt 0.43896484 0.2680664
vt 0.31445312 0.29345703
vt 0.3149414 0.28564453
vt 0.43896484 0.28564453
vt 0.43847656 0.29345703
vt 0.32836914 0.32250977
vt 0.32836914 0.31640625
vt 0.45092773 0.31640625
vt 0.45092773 0.32250977
vt 0.32836914 0.31640625
vt 0.32836914 0.31030273
vt 0.45092773 0.31030273
vt 0.45092773 0.31640625
vt 0.32836914 0.31030273
vt 0.32836914 0.30419922
vt 0.45092773 0.30419922
vt 0.45092773 0.31030273
vt 0.32836914 0.32861328
vt 0.32836914 0.32250977
vt 0.45092773 0.32250977
vt 0.45092773 0.32861328
vt 0.32104492 0.24438477
vt 0.32104492 0.23828125
vt 0.44360352 0.23828125
vt 0.44360352 0.24438477
vt 0.32104492 0.23828125
vt 0.32104492 0.23217773
vt 0.44360352 0.23217773
vt 0.44360352 0.23828125
vt 0.32104492 0.23217773
vt 0.32104492 0.22607422
vt 0.44360352 0.22607422
vt 0.44360352 0.23217773
vt 0.32104492 0.25048828
vt 0.32104492 0.24438477
vt 0.44360352 0.24438477
vt 0.44360352 0.25048828
vt 0.49487305 0.4025879
vt 0.46313477 0.39672852
vt 0.4638672 0.3918457
vt 0.4958496 0.39526367
vt 0.4958496 0.39526367
vt 0.4638672 0.3918457
vt 0.46435547 0.38671875
vt 0.49658203 0.38793945
vt 0.49658203 0.38793945
vt 0.46435547 0.38671875
vt 0.46435547 0.38183594
vt 0.49658203 0.38061523
vt 0.49658203 0.38061523
vt 0.46435547 0.38183594
vt 0.4638672 0.37670898
vt 0.4958496 0.37329102
vt 0.5029297 0.40405273
vt 0.50390625 0.39624023
vt 0.5644531 0.40283203
vt 0.5629883 0.4152832
vt 0.50390625 0.39624023
vt 0.5048828 0.3881836
vt 0.5654297 0.39038086
vt 0.5644531 0.40283203
vt 0.5048828 0.3881836
vt 0.5048828 0.3803711
vt 0.5654297 0.3779297
vt 0.5654297 0.39038086
vt 0.5048828 0.3803711
vt 0.50390625 0.37231445
vt 0.5644531 0.36547852
vt 0.5654297 0.3779297
vt 0.49487305 0.4025879
vt 0.4958496 0.39526367
vt 0.50390625 0.39624023
vt 0.5029297 0.40405273
vt 0.4958496 0.39526367
vt 0.49658203 0.38793945
vt 0.5048828 0.3881836
vt 0.50390625 0.39624023
vt 0.49658203 0.38793945
vt 0.49658203 0.38061523
vt 0.5048828 0.3803711
vt 0.5048828 0.3881836
vt 0.49658203 0.38061523
vt 0.4958496 0.37329102
vt 0.50390625 0.37231445
vt 0.5048828 0.3803711
vt 0.53222656 0.3479004
vt 0.5654297 0.34594727
vt 0.56591797 0.35107422
vt 0.5332031 0.35546875
vt 0.5332031 0.3251953
vt 0.56640625 0.33032227
vt 0.5654297 0.33544922
vt 0.53222656 0.33276367
vt 0.53222656 0.33276367
vt 0.5654297 0.33544922
vt 0.5654297 0.34057617
vt 0.53222656 0.34033203
vt 0.53222656 0.34033203
vt 0.5654297 0.34057617
vt 0.5654297 0.34594727
vt 0.53222656 0.3479004
vt 0.5239258 0.34838867
vt 0.52441406 0.35668945
vt 0.46240234 0.36523438
vt 0.46118164 0.35229492
vt 0.52441406 0.32373047
vt 0.5239258 0.33203125
vt 0.46069336 0.32666016
vt 0.46166992 0.3137207
vt 0.5239258 0.33203125
vt 0.5234375 0.34033203
vt 0.46069336 0.3395996
vt 0.46069336 0.32666016
vt 0.5234375 0.34033203
vt 0.5239258 0.34838867
vt 0.46118164 0.35229492
vt 0.46069336 0.3395996
vt 0.53222656 0.3479004
vt 0.5332031 0.35546875
vt 0.52441406 0.35668945
vt 0.5239258 0.34838867
vt 0.5332031 0.3251953
vt 0.53222656 0.33276367
vt 0.5239258 0.33203125
vt 0.52441406 0.32373047
vt 0.53222656 0.33276367
vt 0.53222656 0.34033203
vt 0.5234375 0.34033203
vt 0.5239258 0.33203125
vt 0.53222656 0.34033203
vt 0.53222656 0.3479004
vt 0.5239258 0.34838867
vt 0.5234375 0.34033203
vt 0.64208984 0.33007812
vt 0.6738281 0.33374023
vt 0.67333984 0.33862305
vt 0.64160156 0.33740234
vt 0.64160156 0.33740234
vt 0.67333984 0.33862305
vt 0.67333984 0.34350586
vt 0.64160156 0.34472656
vt 0.64160156 0.34472656
vt 0.67333984 0.34350586
vt 0.6738281 0.3486328
vt 0.64208984 0.35205078
vt 0.6430664 0.3227539
vt 0.6748047 0.32861328
vt 0.6738281 0.33374023
vt 0.64208984 0.33007812
vt 0.63378906 0.32910156
vt 0.6333008 0.3371582
vt 0.5722656 0.33496094
vt 0.5732422 0.32250977
vt 0.6333008 0.3371582
vt 0.6333008 0.34521484
vt 0.5722656 0.3474121
vt 0.5722656 0.33496094
vt 0.6333008 0.34521484
vt 0.63378906 0.35302734
vt 0.5732422 0.35986328
vt 0.5722656 0.3474121
vt 0.6347656 0.32128906
vt 0.63378906 0.32910156
vt 0.5732422 0.32250977
vt 0.5751953 0.3100586
vt 0.64208984 0.33007812
vt 0.64160156 0.33740234
vt 0.6333008 0.3371582
vt 0.63378906 0.32910156
vt 0.64160156 0.33740234
vt 0.64160156 0.34472656
vt 0.6333008 0.34521484
vt 0.6333008 0.3371582
vt 0.64160156 0.34472656
vt 0.64208984 0.35205078
vt 0.63378906 0.35302734
vt 0.6333008 0.34521484
vt 0.6430664 0.3227539
vt 0.64208984 0.33007812
vt 0.63378906 0.32910156
vt 0.6347656 0.32128906
vt 0.6142578 0.0049858093
vt 0.68603516 0.0049858093
vt 0.68603516 0.07647705
vt 0.6142578 0.07647705
vt 0.68359375 0.13623047
vt 0.7236328 0.13623047
vt 0.7236328 0.17651367
vt 0.68359375 0.17651367
vt 0.2565918 0.6660156
vt 0.1340332 0.6660156
vt 0.13391113 0.671875
vt 0.2565918 0.671875
vt 0.56103516 0.69140625
vt 0.49902344 0.6894531
vt 0.49829102 0.6977539
vt 0.5600586 0.70410156
vt 0.81933594 0.70214844
vt 0.84716797 0.7026367
vt 0.84521484 0.64990234
vt 0.82128906 0.6459961
vt 0.81933594 0.70214844
vt 0.82128906 0.6459961
vt 0.8129883 0.64990234
vt 0.81689453 0.70214844
vt 0.7807617 0.7026367
vt 0.8144531 0.70214844
vt 0.80810547 0.6479492
vt 0.77978516 0.6503906
vt 0.8129883 0.64990234
vt 0.80810547 0.6479492
vt 0.8144531 0.70214844
vt 0.81689453 0.70214844
vt 0.77783203 0.70166016
vt 0.7807617 0.7026367
vt 0.77978516 0.6503906
vt 0.77734375 0.6503906
vt 0.72509766 0.7026367
vt 0.77001953 0.70654297
vt 0.7739258 0.64990234
vt 0.7294922 0.64697266
vt 0.72314453 0.7026367
vt 0.72509766 0.7026367
vt 0.7294922 0.64697266
vt 0.7246094 0.64941406
vt 0.71875 0.6489258
vt 0.6826172 0.64697266
vt 0.6796875 0.703125
vt 0.72021484 0.7026367
vt 0.7246094 0.64941406
vt 0.71875 0.6489258
vt 0.72021484 0.7026367
vt 0.72314453 0.7026367
vt 0.7739258 0.64990234
vt 0.77001953 0.70654297
vt 0.77783203 0.70166016
vt 0.77734375 0.6503906
vt 0.62402344 0.10217285
vt 0.6279297 0.10723877
vt 0.6220703 0.10559082
vt 0.6279297 0.10333252
vt 0.63427734 0.10559082
vt 0.62060547 0.09906006
vt 0.6171875 0.10101318
vt 0.6323242 0.10217285
vt 0.6386719 0.10101318
vt 0.6279297 0.09484863
vt 0.6196289 0.09484863
vt 0.6352539 0.09906006
vt 0.61572266 0.09484863
vt 0.640625 0.09484863
vt 0.62060547 0.09063721
vt 0.6171875 0.08868408
vt 0.63671875 0.09484863
vt 0.6386719 0.08868408
vt 0.62402344 0.087524414
vt 0.6220703 0.084106445
vt 0.6352539 0.09063721
vt 0.63427734 0.084106445
vt 0.6279297 0.086364746
vt 0.6279297 0.082458496
vt 0.6323242 0.087524414
vt 0.6645508 0.109313965
vt 0.6645508 0.105285645
vt 0.66064453 0.10412598
vt 0.6586914 0.10760498
vt 0.67089844 0.10760498
vt 0.65722656 0.10107422
vt 0.6538086 0.10308838
vt 0.6689453 0.10412598
vt 0.67529297 0.10308838
vt 0.6645508 0.09692383
vt 0.65625 0.09692383
vt 0.671875 0.10107422
vt 0.65234375 0.09692383
vt 0.6772461 0.09692383
vt 0.65722656 0.0927124
vt 0.6538086 0.09069824
vt 0.67285156 0.09692383
vt 0.67529297 0.09069824
vt 0.66064453 0.089660645
vt 0.6586914 0.08618164
vt 0.671875 0.0927124
vt 0.67089844 0.08618164
vt 0.6645508 0.08850098
vt 0.6645508 0.08453369
vt 0.6689453 0.089660645
vt 0.62402344 0.10217285
vt 0.6279297 0.107177734
vt 0.6220703 0.105529785
vt 0.6279297 0.103271484
vt 0.63427734 0.105529785
vt 0.62060547 0.09906006
vt 0.6171875 0.10101318
vt 0.6323242 0.10217285
vt 0.6386719 0.10101318
vt 0.6279297 0.09484863
vt 0.6196289 0.09484863
vt 0.6352539 0.09906006
vt 0.61572266 0.09484863
vt 0.640625 0.09484863
vt 0.62060547 0.09063721
vt 0.6171875 0.08868408
vt 0.63671875 0.09484863
vt 0.6386719 0.08868408
vt 0.62402344 0.087524414
vt 0.6220703 0.084106445
vt 0.6352539 0.09063721
vt 0.63427734 0.084106445
vt 0.6279297 0.08642578
vt 0.6279297 0.082458496
vt 0.6323242 0.087524414
vt 0.6645508 0.10925293
vt 0.6645508 0.10522461
vt 0.66064453 0.10412598
vt 0.6586914 0.10760498
vt 0.67089844 0.10760498
vt 0.65722656 0.10107422
vt 0.6538086 0.10308838
vt 0.6689453 0.10412598
vt 0.67529297 0.10308838
vt 0.6645508 0.09686279
vt 0.65625 0.09686279
vt 0.671875 0.10107422
vt 0.65234375 0.09686279
vt 0.6772461 0.09686279
vt 0.65722656 0.0927124
vt 0.6538086 0.09069824
vt 0.67285156 0.09686279
vt 0.67529297 0.09069824
vt 0.66064453 0.089660645
vt 0.6586914 0.08618164
vt 0.671875 0.0927124
vt 0.67089844 0.08618164
vt 0.6645508 0.08850098
vt 0.6645508 0.08453369
vt 0.6689453 0.089660645
vt 0.62402344 0.10217285
vt 0.6279297 0.10723877
vt 0.6220703 0.10559082
vt 0.6279297 0.10333252
vt 0.63427734 0.10559082
vt 0.62060547 0.09906006
vt 0.6171875 0.10101318
vt 0.6323242 0.10217285
vt 0.6386719 0.10101318
vt 0.6279297 0.09484863
vt 0.6196289 0.09484863
vt 0.6352539 0.09906006
vt 0.61572266 0.09484863
vt 0.640625 0.09484863
vt 0.62060547 0.09063721
vt 0.6171875 0.08868408
vt 0.63671875 0.09484863
vt 0.6386719 0.08868408
vt 0.62402344 0.087524414
vt 0.6220703 0.084106445
vt 0.6352539 0.09063721
vt 0.63427734 0.084106445
vt 0.6279297 0.086364746
vt 0.6279297 0.082458496
vt 0.6323242 0.087524414
vt 0.6645508 0.109313965
vt 0.6645508 0.105285645
vt 0.66064453 0.10412598
vt 0.6586914 0.10760498
vt 0.67089844 0.10760498
vt 0.65722656 0.10107422
vt 0.6538086 0.10308838
vt 0.6689453 0.10412598
vt 0.67529297 0.10308838
vt 0.6645508 0.09692383
vt 0.65625 0.09692383
vt 0.671875 0.10107422
vt 0.65234375 0.09692383
vt 0.6772461 0.09692383
vt 0.65722656 0.0927124
vt 0.6538086 0.09069824
vt 0.67285156 0.09692383
vt 0.67529297 0.09069824
vt 0.66064453 0.089660645
vt 0.6586914 0.08618164
vt 0.671875 0.0927124
vt 0.67089844 0.08618164
vt 0.6645508 0.08850098
vt 0.6645508 0.08453369
vt 0.6689453 0.089660645
vt 0.62402344 0.10217285
vt 0.6279297 0.10723877
vt 0.6220703 0.10559082
vt 0.6279297 0.10333252
vt 0.63427734 0.10559082
vt 0.62060547 0.09906006
vt 0.6171875 0.10101318
vt 0.6323242 0.10217285
vt 0.6386719 0.10101318
vt 0.6279297 0.09484863
vt 0.6196289 0.09484863
vt 0.6352539 0.09906006
vt 0.61572266 0.09484863
vt 0.640625 0.09484863
vt 0.62060547 0.09063721
vt 0.6171875 0.08868408
vt 0.63671875 0.09484863
vt 0.6386719 0.08868408
vt 0.62402344 0.087524414
vt 0.6220703 0.084106445
vt 0.6352539 0.09063721
vt 0.63427734 0.084106445
vt 0.6279297 0.086364746
vt 0.6279297 0.082458496
vt 0.6323242 0.087524414
vt 0.6645508 0.109313965
vt 0.6645508 0.105285645
vt 0.66064453 0.10412598
vt 0.6586914 0.10760498
vt 0.67089844 0.10760498
vt 0.65722656 0.10107422
vt 0.6538086 0.10308838
vt 0.6689453 0.10412598
vt 0.67529297 0.10308838
vt 0.6645508 0.09692383
vt 0.65625 0.09692383
vt 0.671875 0.10107422
vt 0.65234375 0.09692383
vt 0.6772461 0.09692383
vt 0.65722656 0.0927124
vt 0.6538086 0.09069824
vt 0.67285156 0.09692383
vt 0.67529297 0.09069824
vt 0.66064453 0.089660645
vt 0.6586914 0.08618164
vt 0.671875 0.0927124
vt 0.67089844 0.08618164
vt 0.6645508 0.08850098
vt 0.6645508 0.08453369
vt 0.6689453 0.089660645
vt 0.62402344 0.10217285
vt 0.6220703 0.10559082
vt 0.6279297 0.10723877
vt 0.6279297 0.10333252
vt 0.63427734 0.10559082
vt 0.62060547 0.09906006
vt 0.6171875 0.10101318
vt 0.6323242 0.10217285
vt 0.6386719 0.10101318
vt 0.6279297 0.09484863
vt 0.6196289 0.09484863
vt 0.6352539 0.09906006
vt 0.61572266 0.09484863
vt 0.640625 0.09484863
vt 0.62060547 0.09063721
vt 0.6171875 0.08868408
vt 0.63671875 0.09484863
vt 0.6386719 0.08868408
vt 0.62402344 0.087524414
vt 0.6220703 0.084106445
vt 0.6352539 0.09063721
vt 0.63427734 0.084106445
vt 0.6279297 0.086364746
vt 0.6279297 0.082458496
vt 0.6323242 0.087524414
vt 0.6645508 0.109313965
vt 0.6586914 0.10760498
vt 0.66064453 0.10412598
vt 0.6645508 0.105285645
vt 0.67089844 0.10760498
vt 0.65722656 0.10107422
vt 0.6538086 0.10308838
vt 0.6689453 0.10412598
vt 0.67529297 0.10308838
vt 0.6645508 0.09692383
vt 0.65625 0.09692383
vt 0.671875 0.10107422
vt 0.65234375 0.09692383
vt 0.6772461 0.09692383
vt 0.65722656 0.0927124
vt 0.6538086 0.09069824
vt 0.67285156 0.09692383
vt 0.67529297 0.09069824
vt 0.66064453 0.089660645
vt 0.6586914 0.08618164
vt 0.671875 0.0927124
vt 0.67089844 0.08618164
vt 0.6645508 0.08850098
vt 0.6645508 0.08453369
vt 0.6689453 0.089660645
vt 0.62402344 0.10217285
vt 0.6220703 0.10559082
vt 0.6279297 0.10723877
vt 0.6279297 0.10333252
vt 0.63427734 0.10559082
vt 0.62060547 0.09906006
vt 0.6171875 0.10101318
vt 0.6323242 0.10217285
vt 0.6386719 0.10101318
vt 0.6279297 0.09484863
vt 0.6196289 0.09484863
vt 0.6352539 0.09906006
vt 0.61572266 0.09484863
vt 0.640625 0.09484863
vt 0.62060547 0.09063721
vt 0.6171875 0.08868408
vt 0.63671875 0.09484863
vt 0.6386719 0.08868408
vt 0.62402344 0.087524414
vt 0.6220703 0.084106445
vt 0.6352539 0.09063721
vt 0.63427734 0.084106445
vt 0.6279297 0.086364746
vt 0.6279297 0.082458496
vt 0.6323242 0.087524414
vt 0.6645508 0.109313965
vt 0.6586914 0.10760498
vt 0.66064453 0.10412598
vt 0.6645508 0.105285645
vt 0.67089844 0.10760498
vt 0.65722656 0.10107422
vt 0.6538086 0.10308838
vt 0.6689453 0.10412598
vt 0.67529297 0.10308838
vt 0.6645508 0.09692383
vt 0.65625 0.09692383
vt 0.671875 0.10107422
vt 0.65234375 0.09692383
vt 0.6772461 0.09692383
vt 0.65722656 0.0927124
vt 0.6538086 0.09069824
vt 0.67285156 0.09692383
vt 0.67529297 0.09069824
vt 0.66064453 0.089660645
vt 0.6586914 0.08618164
vt 0.671875 0.0927124
vt 0.67089844 0.08618164
vt 0.6645508 0.08850098
vt 0.6645508 0.08453369
vt 0.6689453 0.089660645
vt 0.62402344 0.10217285
vt 0.6220703 0.10559082
vt 0.6279297 0.10723877
vt 0.6279297 0.10333252
vt 0.63427734 0.10559082
vt 0.62060547 0.09906006
vt 0.6171875 0.10101318
vt 0.6323242 0.10217285
vt 0.6386719 0.10101318
vt 0.6279297 0.09484863
vt 0.6196289 0.09484863
vt 0.6352539 0.09906006
vt 0.61572266 0.09484863
vt 0.640625 0.09484863
vt 0.62060547 0.09063721
vt 0.6171875 0.08868408
vt 0.63671875 0.09484863
vt 0.6386719 0.08868408
vt 0.62402344 0.087524414
vt 0.6220703 0.084106445
vt 0.6352539 0.09063721
vt 0.63427734 0.084106445
vt 0.6279297 0.086364746
vt 0.6279297 0.082458496
vt 0.6323242 0.087524414
vt 0.6645508 0.109313965
vt 0.6586914 0.10760498
vt 0.66064453 0.10412598
vt 0.6645508 0.105285645
vt 0.67089844 0.10760498
vt 0.65722656 0.10107422
vt 0.6538086 0.10308838
vt 0.6689453 0.10412598
vt 0.67529297 0.10308838
vt 0.6645508 0.09692383
vt 0.65625 0.09692383
vt 0.671875 0.10107422
vt 0.65234375 0.09692383
vt 0.6772461 0.09692383
vt 0.65722656 0.0927124
vt 0.6538086 0.09069824
vt 0.67285156 0.09692383
vt 0.67529297 0.09069824
vt 0.66064453 0.089660645
vt 0.6586914 0.08618164
vt 0.671875 0.0927124
vt 0.67089844 0.08618164
vt 0.6645508 0.08850098
vt 0.6645508 0.08453369
vt 0.6689453 0.089660645
vt 0.62402344 0.10217285
vt 0.6220703 0.10559082
vt 0.6279297 0.10723877
vt 0.6279297 0.10333252
vt 0.63427734 0.10559082
vt 0.62060547 0.09906006
vt 0.6171875 0.10101318
vt 0.6323242 0.10217285
vt 0.6386719 0.10101318
vt 0.6279297 0.09484863
vt 0.6196289 0.09484863
vt 0.6352539 0.09906006
vt 0.61572266 0.09484863
vt 0.640625 0.09484863
vt 0.62060547 0.09063721
vt 0.6171875 0.08868408
vt 0.63671875 0.09484863
vt 0.6386719 0.08868408
vt 0.62402344 0.087524414
vt 0.6220703 0.084106445
vt 0.6352539 0.09063721
vt 0.63427734 0.084106445
vt 0.6279297 0.086364746
vt 0.6279297 0.082458496
vt 0.6323242 0.087524414
vt 0.6645508 0.109313965
vt 0.6586914 0.10760498
vt 0.66064453 0.10412598
vt 0.6645508 0.105285645
vt 0.67089844 0.10760498
vt 0.65722656 0.10107422
vt 0.6538086 0.10308838
vt 0.6689453 0.10412598
vt 0.67529297 0.10308838
vt 0.6645508 0.09692383
vt 0.65625 0.09692383
vt 0.671875 0.10107422
vt 0.65234375 0.09692383
vt 0.6772461 0.09692383
vt 0.65722656 0.0927124
vt 0.6538086 0.09069824
vt 0.67285156 0.09692383
vt 0.67529297 0.09069824
vt 0.66064453 0.089660645
vt 0.6586914 0.08618164
vt 0.671875 0.0927124
vt 0.67089844 0.08618164
vt 0.6645508 0.08850098
vt 0.6645508 0.08453369
vt 0.6689453 0.089660645
vt 0.6645508 0.11065674
vt 0.6645508 0.109313965
vt 0.6586914 0.10760498
vt 0.65771484 0.10882568
vt 0.6713867 0.10882568
vt 0.6538086 0.10308838
vt 0.67089844 0.10760498
vt 0.65283203 0.103759766
vt 0.6767578 0.103759766
vt 0.65234375 0.09692383
vt 0.67529297 0.10308838
vt 0.6508789 0.09692383
vt 0.67822266 0.09692383
vt 0.6538086 0.09069824
vt 0.6772461 0.09692383
vt 0.65283203 0.090026855
vt 0.6767578 0.090026855
vt 0.6586914 0.08618164
vt 0.67529297 0.09069824
vt 0.65771484 0.08496094
vt 0.6713867 0.08496094
vt 0.6645508 0.08453369
vt 0.67089844 0.08618164
vt 0.6645508 0.08312988
vt 0.6645508 0.1105957
vt 0.6645508 0.10925293
vt 0.6586914 0.10760498
vt 0.65771484 0.10876465
vt 0.6713867 0.10876465
vt 0.6538086 0.10308838
vt 0.67089844 0.10760498
vt 0.65283203 0.103759766
vt 0.6767578 0.103759766
vt 0.65234375 0.09686279
vt 0.67529297 0.10308838
vt 0.6508789 0.09686279
vt 0.67822266 0.09686279
vt 0.6538086 0.09069824
vt 0.6772461 0.09686279
vt 0.65283203 0.090026855
vt 0.6767578 0.090026855
vt 0.6586914 0.08618164
vt 0.67529297 0.09069824
vt 0.65771484 0.08496094
vt 0.6713867 0.08496094
vt 0.6645508 0.08453369
vt 0.67089844 0.08618164
vt 0.6645508 0.08312988
vt 0.6645508 0.11065674
vt 0.6645508 0.109313965
vt 0.6586914 0.10760498
vt 0.65771484 0.10882568
vt 0.6713867 0.10882568
vt 0.6538086 0.10308838
vt 0.67089844 0.10760498
vt 0.65283203 0.103759766
vt 0.6767578 0.103759766
vt 0.65234375 0.09692383
vt 0.67529297 0.10308838
vt 0.6508789 0.09692383
vt 0.67822266 0.09692383
vt 0.6538086 0.09069824
vt 0.6772461 0.09692383
vt 0.65283203 0.090026855
vt 0.6767578 0.090026855
vt 0.6586914 0.08618164
vt 0.67529297 0.09069824
vt 0.65771484 0.08496094
vt 0.6713867 0.08496094
vt 0.6645508 0.08453369
vt 0.67089844 0.08618164
vt 0.6645508 0.08312988
vt 0.6645508 0.11065674
vt 0.6645508 0.109313965
vt 0.6586914 0.10760498
vt 0.65771484 0.10882568
vt 0.6713867 0.10882568
vt 0.6538086 0.10308838
vt 0.67089844 0.10760498
vt 0.65283203 0.103759766
vt 0.6767578 0.103759766
vt 0.65234375 0.09692383
vt 0.67529297 0.10308838
vt 0.6508789 0.09692383
vt 0.67822266 0.09692383
vt 0.6538086 0.09069824
vt 0.6772461 0.09692383
vt 0.65283203 0.090026855
vt 0.6767578 0.090026855
vt 0.6586914 0.08618164
vt 0.67529297 0.09069824
vt 0.65771484 0.08496094
vt 0.6713867 0.08496094
vt 0.6645508 0.08453369
vt 0.67089844 0.08618164
vt 0.6645508 0.08312988
vt 0.6645508 0.11065674
vt 0.65771484 0.10882568
vt 0.6586914 0.10760498
vt 0.6645508 0.109313965
vt 0.6538086 0.10308838
vt 0.6713867 0.10882568
vt 0.65283203 0.103759766
vt 0.67089844 0.10760498
vt 0.65234375 0.09692383
vt 0.6767578 0.103759766
vt 0.6508789 0.09692383
vt 0.67529297 0.10308838
vt 0.6538086 0.09069824
vt 0.67822266 0.09692383
vt 0.65283203 0.090026855
vt 0.6772461 0.09692383
vt 0.6586914 0.08618164
vt 0.6767578 0.090026855
vt 0.65771484 0.08496094
vt 0.67529297 0.09069824
vt 0.6645508 0.08453369
vt 0.6713867 0.08496094
vt 0.6645508 0.08312988
vt 0.67089844 0.08618164
vt 0.6645508 0.11065674
vt 0.65771484 0.10882568
vt 0.6586914 0.10760498
vt 0.6645508 0.109313965
vt 0.6538086 0.10308838
vt 0.6713867 0.10882568
vt 0.65283203 0.103759766
vt 0.67089844 0.10760498
vt 0.65234375 0.09692383
vt 0.6767578 0.103759766
vt 0.6508789 0.09692383
vt 0.67529297 0.10308838
vt 0.6538086 0.09069824
vt 0.67822266 0.09692383
vt 0.65283203 0.090026855
vt 0.6772461 0.09692383
vt 0.6586914 0.08618164
vt 0.6767578 0.090026855
vt 0.65771484 0.08496094
vt 0.67529297 0.09069824
vt 0.6645508 0.08453369
vt 0.6713867 0.08496094
vt 0.6645508 0.08312988
vt 0.67089844 0.08618164
vt 0.6645508 0.11065674
vt 0.65771484 0.10882568
vt 0.6586914 0.10760498
vt 0.6645508 0.109313965
vt 0.6538086 0.10308838
vt 0.6713867 0.10882568
vt 0.65283203 0.103759766
vt 0.67089844 0.10760498
vt 0.65234375 0.09692383
vt 0.6767578 0.103759766
vt 0.6508789 0.09692383
vt 0.67529297 0.10308838
vt 0.6538086 0.09069824
vt 0.67822266 0.09692383
vt 0.65283203 0.090026855
vt 0.6772461 0.09692383
vt 0.6586914 0.08618164
vt 0.6767578 0.090026855
vt 0.65771484 0.08496094
vt 0.67529297 0.09069824
vt 0.6645508 0.08453369
vt 0.6713867 0.08496094
vt 0.6645508 0.08312988
vt 0.67089844 0.08618164
vt 0.6645508 0.11065674
vt 0.65771484 0.10882568
vt 0.6586914 0.10760498
vt 0.6645508 0.109313965
vt 0.6538086 0.10308838
vt 0.6713867 0.10882568
vt 0.65283203 0.103759766
vt 0.67089844 0.10760498
vt 0.65234375 0.09692383
vt 0.6767578 0.103759766
vt 0.6508789 0.09692383
vt 0.67529297 0.10308838
vt 0.6538086 0.09069824
vt 0.67822266 0.09692383
vt 0.65283203 0.090026855
vt 0.6772461 0.09692383
vt 0.6586914 0.08618164
vt 0.6767578 0.090026855
vt 0.65771484 0.08496094
vt 0.67529297 0.09069824
vt 0.6645508 0.08453369
vt 0.6713867 0.08496094
vt 0.6645508 0.08312988
vt 0.67089844 0.08618164
vn 0.35107422 0.9140625 -0.20263672
vn 0.35107422 0.9140625 -0.20263672
vn 0.35107422 0.9140625 -0.20263672
vn -0 0.9140625 -0.40527344
vn -0 0.9140625 -0.40527344
vn -0 0.9140625 -0.40527344
vn -0.35107422 0.9140625 -0.20263672
vn -0.35107422 0.9140625 -0.20263672
vn -0.35107422 0.9140625 -0.20263672
vn -0.35107422 0.9140625 0.20263672
vn -0.35107422 0.9140625 0.20263672
vn -0.35107422 0.9140625 0.20263672
vn -0 0.9140625 0.40527344
vn -0 0.9140625 0.40527344
vn -0 0.9140625 0.40527344
vn 0.35107422 0.9140625 0.20263672
vn 0.35107422 0.9140625 0.20263672
vn 0.35107422 0.9140625 0.20263672
vn 0.35107422 0.9140625 -0.20263672
vn 0.35107422 0.9140625 -0.20263672
vn 0.35107422 0.9140625 -0.20263672
vn -0 0.9140625 -0.40527344
vn -0 0.9140625 -0.40527344
vn -0 0.9140625 -0.40527344
vn -0.35107422 0.9140625 -0.20263672
vn -0.35107422 0.9140625 -0.20263672
vn -0.35107422 0.9140625 -0.20263672
vn -0.35107422 0.9140625 0.20263672
vn -0.35107422 0.9140625 0.20263672
vn -0.35107422 0.9140625 0.20263672
vn -0 0.9140625 0.40527344
vn -0 0.9140625 0.40527344
vn -0 0.9140625 0.40527344
vn 0.35107422 0.9140625 0.20263672
vn 0.35107422 0.9140625 0.20263672
vn 0.35107422 0.9140625 0.20263672
vn 0.35107422 0.9140625 -0.20263672
vn 0.35107422 0.9140625 -0.20263672
vn 0.35107422 0.9140625 -0.20263672
vn -0 0.9140625 -0.40527344
vn -0 0.9140625 -0.40527344
vn -0 0.9140625 -0.40527344
vn -0.35107422 0.9140625 -0.20263672
vn -0.35107422 0.9140625 -0.20263672
vn -0.35107422 0.9140625 -0.20263672
vn -0.35107422 0.9140625 0.20263672
vn -0.35107422 0.9140625 0.20263672
vn -0.35107422 0.9140625 0.20263672
vn -0 0.9140625 0.40527344
vn -0 0.9140625 0.40527344
vn -0 0.9140625 0.40527344
vn 0.35107422 0.9140625 0.20263672
vn 0.35107422 0.9140625 0.20263672
vn 0.35107422 0.9140625 0.20263672
vn 0.35107422 0.9140625 -0.20263672
vn 0.35107422 0.9140625 -0.20263672
vn 0.35107422 0.9140625 -0.20263672
vn -0 0.9140625 -0.40527344
vn -0 0.9140625 -0.40527344
vn -0 0.9140625 -0.40527344
vn -0.35107422 0.9140625 -0.20263672
vn -0.35107422 0.9140625 -0.20263672
vn -0.35107422 0.9140625 -0.20263672
vn -0.35107422 0.9140625 0.20263672
vn -0.35107422 0.9140625 0.20263672
vn -0.35107422 0.9140625 0.20263672
vn -0 0.9140625 0.40527344
vn -0 0.9140625 0.40527344
vn -0 0.9140625 0.40527344
vn 0.35107422 0.9140625 0.20263672
vn 0.35107422 0.9140625 0.20263672
vn 0.35107422 0.9140625 0.20263672
vn 0.20263672 0.9140625 0.35107422
vn 0.20263672 0.9140625 0.35107422
vn 0.20263672 0.9140625 0.35107422
vn 0.40527344 0.9140625 0
vn 0.40527344 0.9140625 0
vn 0.40527344 0.9140625 0
vn 0.20263672 0.9140625 -0.35107422
vn 0.20263672 0.9140625 -0.35107422
vn 0.20263672 0.9140625 -0.35107422
vn -0.20263672 0.9140625 -0.35107422
vn -0.20263672 0.9140625 -0.35107422
vn -0.20263672 0.9140625 -0.35107422
vn -0.40527344 0.9140625 0
vn -0.40527344 0.9140625 0
vn -0.40527344 0.9140625 0
vn -0.20263672 0.9140625 0.35107422
vn -0.20263672 0.9140625 0.35107422
vn -0.20263672 0.9140625 0.35107422
vn 0.20263672 0.9140625 0.35107422
vn 0.20263672 0.9140625 0.35107422
vn 0.20263672 0.9140625 0.35107422
vn 0.40527344 0.9140625 0
vn 0.40527344 0.9140625 0
vn 0.40527344 0.9140625 0
vn 0.20263672 0.9140625 -0.35107422
vn 0.20263672 0.9140625 -0.35107422
vn 0.20263672 0.9140625 -0.35107422
vn -0.20263672 0.9140625 -0.35107422
vn -0.20263672 0.9140625 -0.35107422
vn -0.20263672 0.9140625 -0.35107422
vn -0.40527344 0.9140625 0
vn -0.40527344 0.9140625 0
vn -0.40527344 0.9140625 0
vn -0.20263672 0.9140625 0.35107422
vn -0.20263672 0.9140625 0.35107422
vn -0.20263672 0.9140625 0.35107422
vn 0.20263672 0.9140625 0.35107422
vn 0.20263672 0.9140625 0.35107422
vn 0.20263672 0.9140625 0.35107422
vn 0.40527344 0.9140625 0
vn 0.40527344 0.9140625 0
vn 0.40527344 0.9140625 0
vn 0.20263672 0.9140625 -0.35107422
vn 0.20263672 0.9140625 -0.35107422
vn 0.20263672 0.9140625 -0.35107422
vn -0.20263672 0.9140625 -0.35107422
vn -0.20263672 0.9140625 -0.35107422
vn -0.20263672 0.9140625 -0.35107422
vn -0.40527344 0.9140625 0
vn -0.40527344 0.9140625 0
vn -0.40527344 0.9140625 0
vn -0.20263672 0.9140625 0.35107422
vn -0.20263672 0.9140625 0.35107422
vn -0.20263672 0.9140625 0.35107422
vn -0.35107422 0.9140625 0.20263672
vn -0.35107422 0.9140625 0.20263672
vn -0.35107422 0.9140625 0.20263672
vn -0 0.9140625 0.40527344
vn -0 0.9140625 0.40527344
vn -0 0.9140625 0.40527344
vn 0.35107422 0.9140625 0.20263672
vn 0.35107422 0.9140625 0.20263672
vn 0.35107422 0.9140625 0.20263672
vn 0.35107422 0.9140625 -0.20263672
vn 0.35107422 0.9140625 -0.20263672
vn 0.35107422 0.9140625 -0.20263672
vn -0 0.9140625 -0.40527344
vn -0 0.9140625 -0.40527344
vn -0 0.9140625 -0.40527344
vn -0.35107422 0.9140625 -0.20263672
vn -0.35107422 0.9140625 -0.20263672
vn -0.35107422 0.9140625 -0.20263672
vn -0.35107422 0.9140625 0.20263672
vn -0.35107422 0.9140625 0.20263672
vn -0.35107422 0.9140625 0.20263672
vn -0 0.9140625 0.40527344
vn -0 0.9140625 0.40527344
vn -0 0.9140625 0.40527344
vn 0.35107422 0.9140625 0.20263672
vn 0.35107422 0.9140625 0.20263672
vn 0.35107422 0.9140625 0.20263672
vn 0.35107422 0.9140625 -0.20263672
vn 0.35107422 0.9140625 -0.20263672
vn 0.35107422 0.9140625 -0.20263672
vn -0 0.9140625 -0.40527344
vn -0 0.9140625 -0.40527344
vn -0 0.9140625 -0.40527344
vn -0.35107422 0.9140625 -0.20263672
vn -0.35107422 0.9140625 -0.20263672
vn -0.35107422 0.9140625 -0.20263672
vn -0.35107422 0.9140625 0.20263672
vn -0.35107422 0.9140625 0.20263672
vn -0.35107422 0.9140625 0.20263672
vn -0 0.9140625 0.40527344
vn -0 0.9140625 0.40527344
vn -0 0.9140625 0.40527344
vn 0.35107422 0.9140625 0.20263672
vn 0.35107422 0.9140625 0.20263672
vn 0.35107422 0.9140625 0.20263672
vn 0.35107422 0.9140625 -0.20263672
vn 0.35107422 0.9140625 -0.20263672
vn 0.35107422 0.9140625 -0.20263672
vn -0 0.9140625 -0.40527344
vn -0 0.9140625 -0.40527344
vn -0 0.9140625 -0.40527344
vn -0.35107422 0.9140625 -0.20263672
vn -0.35107422 0.9140625 -0.20263672
vn -0.35107422 0.9140625 -0.20263672
vn -0.20263672 0.9140625 -0.35107422
vn -0.20263672 0.9140625 -0.35107422
vn -0.20263672 0.9140625 -0.35107422
vn -0.40527344 0.9140625 0
vn -0.40527344 0.9140625 0
vn -0.40527344 0.9140625 0
vn -0.20263672 0.9140625 0.35107422
vn -0.20263672 0.9140625 0.35107422
vn -0.20263672 0.9140625 0.35107422
vn 0.20263672 0.9140625 0.35107422
vn 0.20263672 0.9140625 0.35107422
vn 0.20263672 0.9140625 0.35107422
vn 0.40527344 0.9140625 0
vn 0.40527344 0.9140625 0
vn 0.40527344 0.9140625 0
vn 0.20263672 0.9140625 -0.35107422
vn 0.20263672 0.9140625 -0.35107422
vn 0.20263672 0.9140625 -0.35107422
vn -0.20263672 0.9140625 -0.35107422
vn -0.20263672 0.9140625 -0.35107422
vn -0.20263672 0.9140625 -0.35107422
vn -0.40527344 0.9140625 0
vn -0.40527344 0.9140625 0
vn -0.40527344 0.9140625 0
vn -0.20263672 0.9140625 0.35107422
vn -0.20263672 0.9140625 0.35107422
vn -0.20263672 0.9140625 0.35107422
vn 0.20263672 0.9140625 0.35107422
vn 0.20263672 0.9140625 0.35107422
vn 0.20263672 0.9140625 0.35107422
vn 0.40527344 0.9140625 0
vn 0.40527344 0.9140625 0
vn 0.40527344 0.9140625 0
vn 0.20263672 0.9140625 -0.35107422
vn 0.20263672 0.9140625 -0.35107422
vn 0.20263672 0.9140625 -0.35107422
vn -0.20263672 0.9140625 -0.35107422
vn -0.20263672 0.9140625 -0.35107422
vn -0.20263672 0.9140625 -0.35107422
vn -0.40527344 0.9140625 0
vn -0.40527344 0.9140625 0
vn -0.40527344 0.9140625 0
vn -0.20263672 0.9140625 0.35107422
vn -0.20263672 0.9140625 0.35107422
vn -0.20263672 0.9140625 0.35107422
vn 0.20263672 0.9140625 0.35107422
vn 0.20263672 0.9140625 0.35107422
vn 0.20263672 0.9140625 0.35107422
vn 0.40527344 0.9140625 0
vn 0.40527344 0.9140625 0
vn 0.40527344 0.9140625 0
vn 0.20263672 0.9140625 -0.35107422
vn 0.20263672 0.9140625 -0.35107422
vn 0.20263672 0.9140625 -0.35107422
vn 0.20263672 0.9140625 0.35107422
vn 0.20263672 0.9140625 0.35107422
vn 0.20263672 0.9140625 0.35107422
vn 0.40527344 0.9140625 0
vn 0.40527344 0.9140625 0
vn 0.40527344 0.9140625 0
vn 0.20263672 0.9140625 -0.35107422
vn 0.20263672 0.9140625 -0.35107422
vn 0.20263672 0.9140625 -0.35107422
vn -0.20263672 0.9140625 -0.35107422
vn -0.20263672 0.9140625 -0.35107422
vn -0.20263672 0.9140625 -0.35107422
vn -0.40527344 0.9140625 0
vn -0.40527344 0.9140625 0
vn -0.40527344 0.9140625 0
vn -0.20263672 0.9140625 0.35107422
vn -0.20263672 0.9140625 0.35107422
vn -0.20263672 0.9140625 0.35107422
vn -0.35107422 0.9140625 0.20263672
vn -0.35107422 0.9140625 0.20263672
vn -0.35107422 0.9140625 0.20263672
vn -0 0.9140625 0.40527344
vn -0 0.9140625 0.40527344
vn -0 0.9140625 0.40527344
vn 0.35107422 0.9140625 0.20263672
vn 0.35107422 0.9140625 0.20263672
vn 0.35107422 0.9140625 0.20263672
vn 0.35107422 0.9140625 -0.20263672
vn 0.35107422 0.9140625 -0.20263672
vn 0.35107422 0.9140625 -0.20263672
vn -0 0.9140625 -0.40527344
vn -0 0.9140625 -0.40527344
vn -0 0.9140625 -0.40527344
vn -0.35107422 0.9140625 -0.20263672
vn -0.35107422 0.9140625 -0.20263672
vn -0.35107422 0.9140625 -0.20263672
vn -0.20263672 0.9140625 -0.35107422
vn -0.20263672 0.9140625 -0.35107422
vn -0.20263672 0.9140625 -0.35107422
vn -0.40527344 0.9140625 0
vn -0.40527344 0.9140625 0
vn -0.40527344 0.9140625 0
vn -0.20263672 0.9140625 0.35107422
vn -0.20263672 0.9140625 0.35107422
vn -0.20263672 0.9140625 0.35107422
vn 0.20263672 0.9140625 0.35107422
vn 0.20263672 0.9140625 0.35107422
vn 0.20263672 0.9140625 0.35107422
vn 0.40527344 0.9140625 0
vn 0.40527344 0.9140625 0
vn 0.40527344 0.9140625 0
vn 0.20263672 0.9140625 -0.35107422
vn 0.20263672 0.9140625 -0.35107422
vn 0.20263672 0.9140625 -0.35107422
vn -0.35107422 0.9140625 -0.20263672
vn -0.35107422 0.9140625 -0.20263672
vn -0.35107422 0.9140625 -0.20263672
vn -0 0.9140625 -0.40527344
vn -0 0.9140625 -0.40527344
vn -0 0.9140625 -0.40527344
vn 0.35107422 0.9140625 -0.20263672
vn 0.35107422 0.9140625 -0.20263672
vn 0.35107422 0.9140625 -0.20263672
vn 0.35107422 0.9140625 0.20263672
vn 0.35107422 0.9140625 0.20263672
vn 0.35107422 0.9140625 0.20263672
vn -0 0.9140625 0.40527344
vn -0 0.9140625 0.40527344
vn -0 0.9140625 0.40527344
vn -0.35107422 0.9140625 0.20263672
vn -0.35107422 0.9140625 0.20263672
vn -0.35107422 0.9140625 0.20263672
vn -0.35107422 0.9140625 -0.20263672
vn -0.35107422 0.9140625 -0.20263672
vn -0.35107422 0.9140625 -0.20263672
vn -0 0.9140625 -0.40527344
vn -0 0.9140625 -0.40527344
vn -0 0.9140625 -0.40527344
vn 0.35107422 0.9140625 -0.20263672
vn 0.35107422 0.9140625 -0.20263672
vn 0.35107422 0.9140625 -0.20263672
vn 0.35107422 0.9140625 0.20263672
vn 0.35107422 0.9140625 0.20263672
vn 0.35107422 0.9140625 0.20263672
vn -0 0.9140625 0.40527344
vn -0 0.9140625 0.40527344
vn -0 0.9140625 0.40527344
vn -0.35107422 0.9140625 0.20263672
vn -0.35107422 0.9140625 0.20263672
vn -0.35107422 0.9140625 0.20263672
vn -0.35107422 0.9140625 -0.20263672
vn -0.35107422 0.9140625 -0.20263672
vn -0.35107422 0.9140625 -0.20263672
vn -0 0.9140625 -0.40527344
vn -0 0.9140625 -0.40527344
vn -0 0.9140625 -0.40527344
vn 0.35107422 0.9140625 -0.20263672
vn 0.35107422 0.9140625 -0.20263672
vn 0.35107422 0.9140625 -0.20263672
vn 0.35107422 0.9140625 0.20263672
vn 0.35107422 0.9140625 0.20263672
vn 0.35107422 0.9140625 0.20263672
vn -0 0.9140625 0.40527344
vn -0 0.9140625 0.40527344
vn -0 0.9140625 0.40527344
vn -0.35107422 0.9140625 0.20263672
vn -0.35107422 0.9140625 0.20263672
vn -0.35107422 0.9140625 0.20263672
vn -0.35107422 0.9140625 -0.20263672
vn -0.35107422 0.9140625 -0.20263672
vn -0.35107422 0.9140625 -0.20263672
vn -0 0.9140625 -0.40527344
vn -0 0.9140625 -0.40527344
vn -0 0.9140625 -0.40527344
vn 0.35107422 0.9140625 -0.20263672
vn 0.35107422 0.9140625 -0.20263672
vn 0.35107422 0.9140625 -0.20263672
vn 0.35107422 0.9140625 0.20263672
vn 0.35107422 0.9140625 0.20263672
vn 0.35107422 0.9140625 0.20263672
vn -0 0.9140625 0.40527344
vn -0 0.9140625 0.40527344
vn -0 0.9140625 0.40527344
vn -0.35107422 0.9140625 0.20263672
vn -0.35107422 0.9140625 0.20263672
vn -0.35107422 0.9140625 0.20263672
vn -0.20263672 0.9140625 0.35107422
vn -0.20263672 0.9140625 0.35107422
vn -0.20263672 0.9140625 0.35107422
vn -0.40527344 0.9140625 0
vn -0.40527344 0.9140625 0
vn -0.40527344 0.9140625 0
vn -0.20263672 0.9140625 -0.35107422
vn -0.20263672 0.9140625 -0.35107422
vn -0.20263672 0.9140625 -0.35107422
vn 0.20263672 0.9140625 -0.35107422
vn 0.20263672 0.9140625 -0.35107422
vn 0.20263672 0.9140625 -0.35107422
vn 0.40527344 0.9140625 0
vn 0.40527344 0.9140625 0
vn 0.40527344 0.9140625 0
vn 0.20263672 0.9140625 0.35107422
vn 0.20263672 0.9140625 0.35107422
vn 0.20263672 0.9140625 0.35107422
vn -0.20263672 0.9140625 0.35107422
vn -0.20263672 0.9140625 0.35107422
vn -0.20263672 0.9140625 0.35107422
vn -0.40527344 0.9140625 0
vn -0.40527344 0.9140625 0
vn -0.40527344 0.9140625 0
vn -0.20263672 0.9140625 -0.35107422
vn -0.20263672 0.9140625 -0.35107422
vn -0.20263672 0.9140625 -0.35107422
vn 0.20263672 0.9140625 -0.35107422
vn 0.20263672 0.9140625 -0.35107422
vn 0.20263672 0.9140625 -0.35107422
vn 0.40527344 0.9140625 0
vn 0.40527344 0.9140625 0
vn 0.40527344 0.9140625 0
vn 0.20263672 0.9140625 0.35107422
vn 0.20263672 0.9140625 0.35107422
vn 0.20263672 0.9140625 0.35107422
vn -0.20263672 0.9140625 0.35107422
vn -0.20263672 0.9140625 0.35107422
vn -0.20263672 0.9140625 0.35107422
vn -0.40527344 0.9140625 0
vn -0.40527344 0.9140625 0
vn -0.40527344 0.9140625 0
vn -0.20263672 0.9140625 -0.35107422
vn -0.20263672 0.9140625 -0.35107422
vn -0.20263672 0.9140625 -0.35107422
vn 0.20263672 0.9140625 -0.35107422
vn 0.20263672 0.9140625 -0.35107422
vn 0.20263672 0.9140625 -0.35107422
vn 0.40527344 0.9140625 0
vn 0.40527344 0.9140625 0
vn 0.40527344 0.9140625 0
vn 0.20263672 0.9140625 0.35107422
vn 0.20263672 0.9140625 0.35107422
vn 0.20263672 0.9140625 0.35107422
vn 0.35107422 0.9140625 0.20263672
vn 0.35107422 0.9140625 0.20263672
vn 0.35107422 0.9140625 0.20263672
vn -0 0.9140625 0.40527344
vn -0 0.9140625 0.40527344
vn -0 0.9140625 0.40527344
vn -0.35107422 0.9140625 0.20263672
vn -0.35107422 0.9140625 0.20263672
vn -0.35107422 0.9140625 0.20263672
vn -0.35107422 0.9140625 -0.20263672
vn -0.35107422 0.9140625 -0.20263672
vn -0.35107422 0.9140625 -0.20263672
vn -0 0.9140625 -0.40527344
vn -0 0.9140625 -0.40527344
vn -0 0.9140625 -0.40527344
vn 0.35107422 0.9140625 -0.20263672
vn 0.35107422 0.9140625 -0.20263672
vn 0.35107422 0.9140625 -0.20263672
vn 0.35107422 0.9140625 0.20263672
vn 0.35107422 0.9140625 0.20263672
vn 0.35107422 0.9140625 0.20263672
vn -0 0.9140625 0.40527344
vn -0 0.9140625 0.40527344
vn -0 0.9140625 0.40527344
vn -0.35107422 0.9140625 0.20263672
vn -0.35107422 0.9140625 0.20263672
vn -0.35107422 0.9140625 0.20263672
vn -0.35107422 0.9140625 -0.20263672
vn -0.35107422 0.9140625 -0.20263672
vn -0.35107422 0.9140625 -0.20263672
vn -0 0.9140625 -0.40527344
vn -0 0.9140625 -0.40527344
vn -0 0.9140625 -0.40527344
vn 0.35107422 0.9140625 -0.20263672
vn 0.35107422 0.9140625 -0.20263672
vn 0.35107422 0.9140625 -0.20263672
vn 0.35107422 0.9140625 0.20263672
vn 0.35107422 0.9140625 0.20263672
vn 0.35107422 0.9140625 0.20263672
vn -0 0.9140625 0.40527344
vn -0 0.9140625 0.40527344
vn -0 0.9140625 0.40527344
vn -0.35107422 0.9140625 0.20263672
vn -0.35107422 0.9140625 0.20263672
vn -0.35107422 0.9140625 0.20263672
vn -0.35107422 0.9140625 -0.20263672
vn -0.35107422 0.9140625 -0.20263672
vn -0.35107422 0.9140625 -0.20263672
vn -0 0.9140625 -0.40527344
vn -0 0.9140625 -0.40527344
vn -0 0.9140625 -0.40527344
vn 0.35107422 0.9140625 -0.20263672
vn 0.35107422 0.9140625 -0.20263672
vn 0.35107422 0.9140625 -0.20263672
vn 0.20263672 0.9140625 -0.35107422
vn 0.20263672 0.9140625 -0.35107422
vn 0.20263672 0.9140625 -0.35107422
vn 0.40527344 0.9140625 0
vn 0.40527344 0.9140625 0
vn 0.40527344 0.9140625 0
vn 0.20263672 0.9140625 0.35107422
vn 0.20263672 0.9140625 0.35107422
vn 0.20263672 0.9140625 0.35107422
vn -0.20263672 0.9140625 0.35107422
vn -0.20263672 0.9140625 0.35107422
vn -0.20263672 0.9140625 0.35107422
vn -0.40527344 0.9140625 0
vn -0.40527344 0.9140625 0
vn -0.40527344 0.9140625 0
vn -0.20263672 0.9140625 -0.35107422
vn -0.20263672 0.9140625 -0.35107422
vn -0.20263672 0.9140625 -0.35107422
vn 0.20263672 0.9140625 -0.35107422
vn 0.20263672 0.9140625 -0.35107422
vn 0.20263672 0.9140625 -0.35107422
vn 0.40527344 0.9140625 0
vn 0.40527344 0.9140625 0
vn 0.40527344 0.9140625 0
vn 0.20263672 0.9140625 0.35107422
vn 0.20263672 0.9140625 0.35107422
vn 0.20263672 0.9140625 0.35107422
vn -0.20263672 0.9140625 0.35107422
vn -0.20263672 0.9140625 0.35107422
vn -0.20263672 0.9140625 0.35107422
vn -0.40527344 0.9140625 0
vn -0.40527344 0.9140625 0
vn -0.40527344 0.9140625 0
vn -0.20263672 0.9140625 -0.35107422
vn -0.20263672 0.9140625 -0.35107422
vn -0.20263672 0.9140625 -0.35107422
vn 0.20263672 0.9140625 -0.35107422
vn 0.20263672 0.9140625 -0.35107422
vn 0.20263672 0.9140625 -0.35107422
vn 0.40527344 0.9140625 0
vn 0.40527344 0.9140625 0
vn 0.40527344 0.9140625 0
vn 0.20263672 0.9140625 0.35107422
vn 0.20263672 0.9140625 0.35107422
vn 0.20263672 0.9140625 0.35107422
vn -0.20263672 0.9140625 0.35107422
vn -0.20263672 0.9140625 0.35107422
vn -0.20263672 0.9140625 0.35107422
vn -0.40527344 0.9140625 0
vn -0.40527344 0.9140625 0
vn -0.40527344 0.9140625 0
vn -0.20263672 0.9140625 -0.35107422
vn -0.20263672 0.9140625 -0.35107422
vn -0.20263672 0.9140625 -0.35107422
vn -0.20263672 0.9140625 0.35107422
vn -0.20263672 0.9140625 0.35107422
vn -0.20263672 0.9140625 0.35107422
vn -0.40527344 0.9140625 0
vn -0.40527344 0.9140625 0
vn -0.40527344 0.9140625 0
vn -0.20263672 0.9140625 -0.35107422
vn -0.20263672 0.9140625 -0.35107422
vn -0.20263672 0.9140625 -0.35107422
vn 0.20263672 0.9140625 -0.35107422
vn 0.20263672 0.9140625 -0.35107422
vn 0.20263672 0.9140625 -0.35107422
vn 0.40527344 0.9140625 0
vn 0.40527344 0.9140625 0
vn 0.40527344 0.9140625 0
vn 0.20263672 0.9140625 0.35107422
vn 0.20263672 0.9140625 0.35107422
vn 0.20263672 0.9140625 0.35107422
vn 0.35107422 0.9140625 0.20263672
vn 0.35107422 0.9140625 0.20263672
vn 0.35107422 0.9140625 0.20263672
vn -0 0.9140625 0.40527344
vn -0 0.9140625 0.40527344
vn -0 0.9140625 0.40527344
vn -0.35107422 0.9140625 0.20263672
vn -0.35107422 0.9140625 0.20263672
vn -0.35107422 0.9140625 0.20263672
vn -0.35107422 0.9140625 -0.20263672
vn -0.35107422 0.9140625 -0.20263672
vn -0.35107422 0.9140625 -0.20263672
vn -0 0.9140625 -0.40527344
vn -0 0.9140625 -0.40527344
vn -0 0.9140625 -0.40527344
vn 0.35107422 0.9140625 -0.20263672
vn 0.35107422 0.9140625 -0.20263672
vn 0.35107422 0.9140625 -0.20263672
vn 0.20263672 0.9140625 -0.35107422
vn 0.20263672 0.9140625 -0.35107422
vn 0.20263672 0.9140625 -0.35107422
vn 0.40527344 0.9140625 0
vn 0.40527344 0.9140625 0
vn 0.40527344 0.9140625 0
vn 0.20263672 0.9140625 0.35107422
vn 0.20263672 0.9140625 0.35107422
vn 0.20263672 0.9140625 0.35107422
vn -0.20263672 0.9140625 0.35107422
vn -0.20263672 0.9140625 0.35107422
vn -0.20263672 0.9140625 0.35107422
vn -0.40527344 0.9140625 0
vn -0.40527344 0.9140625 0
vn -0.40527344 0.9140625 0
vn -0.20263672 0.9140625 -0.35107422
vn -0.20263672 0.9140625 -0.35107422
vn -0.20263672 0.9140625 -0.35107422
vn 0.35107422 0.9140625 -0.20263672
vn 0.35107422 0.9140625 -0.20263672
vn 0.35107422 0.9140625 -0.20263672
vn -0 0.9140625 -0.40527344
vn -0 0.9140625 -0.40527344
vn -0 0.9140625 -0.40527344
vn -0.35107422 0.9140625 -0.20263672
vn -0.35107422 0.9140625 -0.20263672
vn -0.35107422 0.9140625 -0.20263672
vn -0.35107422 0.9140625 0.20263672
vn -0.35107422 0.9140625 0.20263672
vn -0.35107422 0.9140625 0.20263672
vn -0 0.9140625 0.40527344
vn -0 0.9140625 0.40527344
vn -0 0.9140625 0.40527344
vn 0.35107422 0.9140625 0.20263672
vn 0.35107422 0.9140625 0.20263672
vn 0.35107422 0.9140625 0.20263672
vn 0.35107422 0.9140625 -0.20263672
vn 0.35107422 0.9140625 -0.20263672
vn 0.35107422 0.9140625 -0.20263672
vn -0 0.9140625 -0.40527344
vn -0 0.9140625 -0.40527344
vn -0 0.9140625 -0.40527344
vn -0.35107422 0.9140625 -0.20263672
vn -0.35107422 0.9140625 -0.20263672
vn -0.35107422 0.9140625 -0.20263672
vn -0.35107422 0.9140625 0.20263672
vn -0.35107422 0.9140625 0.20263672
vn -0.35107422 0.9140625 0.20263672
vn -0 0.9140625 0.40527344
vn -0 0.9140625 0.40527344
vn -0 0.9140625 0.40527344
vn 0.35107422 0.9140625 0.20263672
vn 0.35107422 0.9140625 0.20263672
vn 0.35107422 0.9140625 0.20263672
vn 0.35107422 0.9140625 -0.20263672
vn 0.35107422 0.9140625 -0.20263672
vn 0.35107422 0.9140625 -0.20263672
vn -0 0.9140625 -0.40527344
vn -0 0.9140625 -0.40527344
vn -0 0.9140625 -0.40527344
vn -0.35107422 0.9140625 -0.20263672
vn -0.35107422 0.9140625 -0.20263672
vn -0.35107422 0.9140625 -0.20263672
vn -0.35107422 0.9140625 0.20263672
vn -0.35107422 0.9140625 0.20263672
vn -0.35107422 0.9140625 0.20263672
vn -0 0.9140625 0.40527344
vn -0 0.9140625 0.40527344
vn -0 0.9140625 0.40527344
vn 0.35107422 0.9140625 0.20263672
vn 0.35107422 0.9140625 0.20263672
vn 0.35107422 0.9140625 0.20263672
vn 0.35107422 0.9140625 -0.20263672
vn 0.35107422 0.9140625 -0.20263672
vn 0.35107422 0.9140625 -0.20263672
vn -0 0.9140625 -0.40527344
vn -0 0.9140625 -0.40527344
vn -0 0.9140625 -0.40527344
vn -0.35107422 0.9140625 -0.20263672
vn -0.35107422 0.9140625 -0.20263672
vn -0.35107422 0.9140625 -0.20263672
vn -0.35107422 0.9140625 0.20263672
vn -0.35107422 0.9140625 0.20263672
vn -0.35107422 0.9140625 0.20263672
vn -0 0.9140625 0.40527344
vn -0 0.9140625 0.40527344
vn -0 0.9140625 0.40527344
vn 0.35107422 0.9140625 0.20263672
vn 0.35107422 0.9140625 0.20263672
vn 0.35107422 0.9140625 0.20263672
vn 0.20263672 0.9140625 0.35107422
vn 0.20263672 0.9140625 0.35107422
vn 0.20263672 0.9140625 0.35107422
vn 0.40527344 0.9140625 0
vn 0.40527344 0.9140625 0
vn 0.40527344 0.9140625 0
vn 0.20263672 0.9140625 -0.35107422
vn 0.20263672 0.9140625 -0.35107422
vn 0.20263672 0.9140625 -0.35107422
vn -0.20263672 0.9140625 -0.35107422
vn -0.20263672 0.9140625 -0.35107422
vn -0.20263672 0.9140625 -0.35107422
vn -0.40527344 0.9140625 0
vn -0.40527344 0.9140625 0
vn -0.40527344 0.9140625 0
vn -0.20263672 0.9140625 0.35107422
vn -0.20263672 0.9140625 0.35107422
vn -0.20263672 0.9140625 0.35107422
vn 0.20263672 0.9140625 0.35107422
vn 0.20263672 0.9140625 0.35107422
vn 0.20263672 0.9140625 0.35107422
vn 0.40527344 0.9140625 0
vn 0.40527344 0.9140625 0
vn 0.40527344 0.9140625 0
vn 0.20263672 0.9140625 -0.35107422
vn 0.20263672 0.9140625 -0.35107422
vn 0.20263672 0.9140625 -0.35107422
vn -0.20263672 0.9140625 -0.35107422
vn -0.20263672 0.9140625 -0.35107422
vn -0.20263672 0.9140625 -0.35107422
vn -0.40527344 0.9140625 0
vn -0.40527344 0.9140625 0
vn -0.40527344 0.9140625 0
vn -0.20263672 0.9140625 0.35107422
vn -0.20263672 0.9140625 0.35107422
vn -0.20263672 0.9140625 0.35107422
vn 0.20263672 0.9140625 0.35107422
vn 0.20263672 0.9140625 0.35107422
vn 0.20263672 0.9140625 0.35107422
vn 0.40527344 0.9140625 0
vn 0.40527344 0.9140625 0
vn 0.40527344 0.9140625 0
vn 0.20263672 0.9140625 -0.35107422
vn 0.20263672 0.9140625 -0.35107422
vn 0.20263672 0.9140625 -0.35107422
vn -0.20263672 0.9140625 -0.35107422
vn -0.20263672 0.9140625 -0.35107422
vn -0.20263672 0.9140625 -0.35107422
vn -0.40527344 0.9140625 0
vn -0.40527344 0.9140625 0
vn -0.40527344 0.9140625 0
vn -0.20263672 0.9140625 0.35107422
vn -0.20263672 0.9140625 0.35107422
vn -0.20263672 0.9140625 0.35107422
vn -0.35107422 0.9140625 0.20263672
vn -0.35107422 0.9140625 0.20263672
vn -0.35107422 0.9140625 0.20263672
vn -0 0.9140625 0.40527344
vn -0 0.9140625 0.40527344
vn -0 0.9140625 0.40527344
vn 0.35107422 0.9140625 0.20263672
vn 0.35107422 0.9140625 0.20263672
vn 0.35107422 0.9140625 0.20263672
vn 0.35107422 0.9140625 -0.20263672
vn 0.35107422 0.9140625 -0.20263672
vn 0.35107422 0.9140625 -0.20263672
vn -0 0.9140625 -0.40527344
vn -0 0.9140625 -0.40527344
vn -0 0.9140625 -0.40527344
vn -0.35107422 0.9140625 -0.20263672
vn -0.35107422 0.9140625 -0.20263672
vn -0.35107422 0.9140625 -0.20263672
vn -0.35107422 0.9140625 0.20263672
vn -0.35107422 0.9140625 0.20263672
vn -0.35107422 0.9140625 0.20263672
vn -0 0.9140625 0.40527344
vn -0 0.9140625 0.40527344
vn -0 0.9140625 0.40527344
vn 0.35107422 0.9140625 0.20263672
vn 0.35107422 0.9140625 0.20263672
vn 0.35107422 0.9140625 0.20263672
vn 0.35107422 0.9140625 -0.20263672
vn 0.35107422 0.9140625 -0.20263672
vn 0.35107422 0.9140625 -0.20263672
vn -0 0.9140625 -0.40527344
vn -0 0.9140625 -0.40527344
vn -0 0.9140625 -0.40527344
vn -0.35107422 0.9140625 -0.20263672
vn -0.35107422 0.9140625 -0.20263672
vn -0.35107422 0.9140625 -0.20263672
vn -0.35107422 0.9140625 0.20263672
vn -0.35107422 0.9140625 0.20263672
vn -0.35107422 0.9140625 0.20263672
vn -0 0.9140625 0.40527344
vn -0 0.9140625 0.40527344
vn -0 0.9140625 0.40527344
vn 0.35107422 0.9140625 0.20263672
vn 0.35107422 0.9140625 0.20263672
vn 0.35107422 0.9140625 0.20263672
vn 0.35107422 0.9140625 -0.20263672
vn 0.35107422 0.9140625 -0.20263672
vn 0.35107422 0.9140625 -0.20263672
vn -0 0.9140625 -0.40527344
vn -0 0.9140625 -0.40527344
vn -0 0.9140625 -0.40527344
vn -0.35107422 0.9140625 -0.20263672
vn -0.35107422 0.9140625 -0.20263672
vn -0.35107422 0.9140625 -0.20263672
vn -0.20263672 0.9140625 -0.35107422
vn -0.20263672 0.9140625 -0.35107422
vn -0.20263672 0.9140625 -0.35107422
vn -0.40527344 0.9140625 0
vn -0.40527344 0.9140625 0
vn -0.40527344 0.9140625 0
vn -0.20263672 0.9140625 0.35107422
vn -0.20263672 0.9140625 0.35107422
vn -0.20263672 0.9140625 0.35107422
vn 0.20263672 0.9140625 0.35107422
vn 0.20263672 0.9140625 0.35107422
vn 0.20263672 0.9140625 0.35107422
vn 0.40527344 0.9140625 0
vn 0.40527344 0.9140625 0
vn 0.40527344 0.9140625 0
vn 0.20263672 0.9140625 -0.35107422
vn 0.20263672 0.9140625 -0.35107422
vn 0.20263672 0.9140625 -0.35107422
vn -0.20263672 0.9140625 -0.35107422
vn -0.20263672 0.9140625 -0.35107422
vn -0.20263672 0.9140625 -0.35107422
vn -0.40527344 0.9140625 0
vn -0.40527344 0.9140625 0
vn -0.40527344 0.9140625 0
vn -0.20263672 0.9140625 0.35107422
vn -0.20263672 0.9140625 0.35107422
vn -0.20263672 0.9140625 0.35107422
vn 0.20263672 0.9140625 0.35107422
vn 0.20263672 0.9140625 0.35107422
vn 0.20263672 0.9140625 0.35107422
vn 0.40527344 0.9140625 0
vn 0.40527344 0.9140625 0
vn 0.40527344 0.9140625 0
vn 0.20263672 0.9140625 -0.35107422
vn 0.20263672 0.9140625 -0.35107422
vn 0.20263672 0.9140625 -0.35107422
vn -0.20263672 0.9140625 -0.35107422
vn -0.20263672 0.9140625 -0.35107422
vn -0.20263672 0.9140625 -0.35107422
vn -0.40527344 0.9140625 0
vn -0.40527344 0.9140625 0
vn -0.40527344 0.9140625 0
vn -0.20263672 0.9140625 0.35107422
vn -0.20263672 0.9140625 0.35107422
vn -0.20263672 0.9140625 0.35107422
vn 0.20263672 0.9140625 0.35107422
vn 0.20263672 0.9140625 0.35107422
vn 0.20263672 0.9140625 0.35107422
vn 0.40527344 0.9140625 0
vn 0.40527344 0.9140625 0
vn 0.40527344 0.9140625 0
vn 0.20263672 0.9140625 -0.35107422
vn 0.20263672 0.9140625 -0.35107422
vn 0.20263672 0.9140625 -0.35107422
vn 0.20263672 0.9140625 0.35107422
vn 0.20263672 0.9140625 0.35107422
vn 0.20263672 0.9140625 0.35107422
vn 0.40527344 0.9140625 0
vn 0.40527344 0.9140625 0
vn 0.40527344 0.9140625 0
vn 0.20263672 0.9140625 -0.35107422
vn 0.20263672 0.9140625 -0.35107422
vn 0.20263672 0.9140625 -0.35107422
vn -0.20263672 0.9140625 -0.35107422
vn -0.20263672 0.9140625 -0.35107422
vn -0.20263672 0.9140625 -0.35107422
vn -0.40527344 0.9140625 0
vn -0.40527344 0.9140625 0
vn -0.40527344 0.9140625 0
vn -0.20263672 0.9140625 0.35107422
vn -0.20263672 0.9140625 0.35107422
vn -0.20263672 0.9140625 0.35107422
vn -0.35107422 0.9140625 0.20263672
vn -0.35107422 0.9140625 0.20263672
vn -0.35107422 0.9140625 0.20263672
vn -0 0.9140625 0.40527344
vn -0 0.9140625 0.40527344
vn -0 0.9140625 0.40527344
vn 0.35107422 0.9140625 0.20263672
vn 0.35107422 0.9140625 0.20263672
vn 0.35107422 0.9140625 0.20263672
vn 0.35107422 0.9140625 -0.20263672
vn 0.35107422 0.9140625 -0.20263672
vn 0.35107422 0.9140625 -0.20263672
vn -0 0.9140625 -0.40527344
vn -0 0.9140625 -0.40527344
vn -0 0.9140625 -0.40527344
vn -0.35107422 0.9140625 -0.20263672
vn -0.35107422 0.9140625 -0.20263672
vn -0.35107422 0.9140625 -0.20263672
vn -0.20263672 0.9140625 -0.35107422
vn -0.20263672 0.9140625 -0.35107422
vn -0.20263672 0.9140625 -0.35107422
vn -0.40527344 0.9140625 0
vn -0.40527344 0.9140625 0
vn -0.40527344 0.9140625 0
vn -0.20263672 0.9140625 0.35107422
vn -0.20263672 0.9140625 0.35107422
vn -0.20263672 0.9140625 0.35107422
vn 0.20263672 0.9140625 0.35107422
vn 0.20263672 0.9140625 0.35107422
vn 0.20263672 0.9140625 0.35107422
vn 0.40527344 0.9140625 0
vn 0.40527344 0.9140625 0
vn 0.40527344 0.9140625 0
vn 0.20263672 0.9140625 -0.35107422
vn 0.20263672 0.9140625 -0.35107422
vn 0.20263672 0.9140625 -0.35107422
vn -0.35107422 0.9140625 -0.20263672
vn -0.35107422 0.9140625 -0.20263672
vn -0.35107422 0.9140625 -0.20263672
vn -0 0.9140625 -0.40527344
vn -0 0.9140625 -0.40527344
vn -0 0.9140625 -0.40527344
vn 0.35107422 0.9140625 -0.20263672
vn 0.35107422 0.9140625 -0.20263672
vn 0.35107422 0.9140625 -0.20263672
vn 0.35107422 0.9140625 0.20263672
vn 0.35107422 0.9140625 0.20263672
vn 0.35107422 0.9140625 0.20263672
vn -0 0.9140625 0.40527344
vn -0 0.9140625 0.40527344
vn -0 0.9140625 0.40527344
vn -0.35107422 0.9140625 0.20263672
vn -0.35107422 0.9140625 0.20263672
vn -0.35107422 0.9140625 0.20263672
vn -0.35107422 0.9140625 -0.20263672
vn -0.35107422 0.9140625 -0.20263672
vn -0.35107422 0.9140625 -0.20263672
vn -0 0.9140625 -0.40527344
vn -0 0.9140625 -0.40527344
vn -0 0.9140625 -0.40527344
vn 0.35107422 0.9140625 -0.20263672
vn 0.35107422 0.9140625 -0.20263672
vn 0.35107422 0.9140625 -0.20263672
vn 0.35107422 0.9140625 0.20263672
vn 0.35107422 0.9140625 0.20263672
vn 0.35107422 0.9140625 0.20263672
vn -0 0.9140625 0.40527344
vn -0 0.9140625 0.40527344
vn -0 0.9140625 0.40527344
vn -0.35107422 0.9140625 0.20263672
vn -0.35107422 0.9140625 0.20263672
vn -0.35107422 0.9140625 0.20263672
vn -0.35107422 0.9140625 -0.20263672
vn -0.35107422 0.9140625 -0.20263672
vn -0.35107422 0.9140625 -0.20263672
vn -0 0.9140625 -0.40527344
vn -0 0.9140625 -0.40527344
vn -0 0.9140625 -0.40527344
vn 0.35107422 0.9140625 -0.20263672
vn 0.35107422 0.9140625 -0.20263672
vn 0.35107422 0.9140625 -0.20263672
vn 0.35107422 0.9140625 0.20263672
vn 0.35107422 0.9140625 0.20263672
vn 0.35107422 0.9140625 0.20263672
vn -0 0.9140625 0.40527344
vn -0 0.9140625 0.40527344
vn -0 0.9140625 0.40527344
vn -0.35107422 0.9140625 0.20263672
vn -0.35107422 0.9140625 0.20263672
vn -0.35107422 0.9140625 0.20263672
vn -0.35107422 0.9140625 -0.20263672
vn -0.35107422 0.9140625 -0.20263672
vn -0.35107422 0.9140625 -0.20263672
vn -0 0.9140625 -0.40527344
vn -0 0.9140625 -0.40527344
vn -0 0.9140625 -0.40527344
vn 0.35107422 0.9140625 -0.20263672
vn 0.35107422 0.9140625 -0.20263672
vn 0.35107422 0.9140625 -0.20263672
vn 0.35107422 0.9140625 0.20263672
vn 0.35107422 0.9140625 0.20263672
vn 0.35107422 0.9140625 0.20263672
vn -0 0.9140625 0.40527344
vn -0 0.9140625 0.40527344
vn -0 0.9140625 0.40527344
vn -0.35107422 0.9140625 0.20263672
vn -0.35107422 0.9140625 0.20263672
vn -0.35107422 0.9140625 0.20263672
vn -0.20263672 0.9140625 0.35107422
vn -0.20263672 0.9140625 0.35107422
vn -0.20263672 0.9140625 0.35107422
vn -0.40527344 0.9140625 0
vn -0.40527344 0.9140625 0
vn -0.40527344 0.9140625 0
vn -0.20263672 0.9140625 -0.35107422
vn -0.20263672 0.9140625 -0.35107422
vn -0.20263672 0.9140625 -0.35107422
vn 0.20263672 0.9140625 -0.35107422
vn 0.20263672 0.9140625 -0.35107422
vn 0.20263672 0.9140625 -0.35107422
vn 0.40527344 0.9140625 0
vn 0.40527344 0.9140625 0
vn 0.40527344 0.9140625 0
vn 0.20263672 0.9140625 0.35107422
vn 0.20263672 0.9140625 0.35107422
vn 0.20263672 0.9140625 0.35107422
vn -0.20263672 0.9140625 0.35107422
vn -0.20263672 0.9140625 0.35107422
vn -0.20263672 0.9140625 0.35107422
vn -0.40527344 0.9140625 0
vn -0.40527344 0.9140625 0
vn -0.40527344 0.9140625 0
vn -0.20263672 0.9140625 -0.35107422
vn -0.20263672 0.9140625 -0.35107422
vn -0.20263672 0.9140625 -0.35107422
vn 0.20263672 0.9140625 -0.35107422
vn 0.20263672 0.9140625 -0.35107422
vn 0.20263672 0.9140625 -0.35107422
vn 0.40527344 0.9140625 0
vn 0.40527344 0.9140625 0
vn 0.40527344 0.9140625 0
vn 0.20263672 0.9140625 0.35107422
vn 0.20263672 0.9140625 0.35107422
vn 0.20263672 0.9140625 0.35107422
vn -0.20263672 0.9140625 0.35107422
vn -0.20263672 0.9140625 0.35107422
vn -0.20263672 0.9140625 0.35107422
vn -0.40527344 0.9140625 0
vn -0.40527344 0.9140625 0
vn -0.40527344 0.9140625 0
vn -0.20263672 0.9140625 -0.35107422
vn -0.20263672 0.9140625 -0.35107422
vn -0.20263672 0.9140625 -0.35107422
vn 0.20263672 0.9140625 -0.35107422
vn 0.20263672 0.9140625 -0.35107422
vn 0.20263672 0.9140625 -0.35107422
vn 0.40527344 0.9140625 0
vn 0.40527344 0.9140625 0
vn 0.40527344 0.9140625 0
vn 0.20263672 0.9140625 0.35107422
vn 0.20263672 0.9140625 0.35107422
vn 0.20263672 0.9140625 0.35107422
vn 0.35107422 0.9140625 0.20263672
vn 0.35107422 0.9140625 0.20263672
vn 0.35107422 0.9140625 0.20263672
vn -0 0.9140625 0.40527344
vn -0 0.9140625 0.40527344
vn -0 0.9140625 0.40527344
vn -0.35107422 0.9140625 0.20263672
vn -0.35107422 0.9140625 0.20263672
vn -0.35107422 0.9140625 0.20263672
vn -0.35107422 0.9140625 -0.20263672
vn -0.35107422 0.9140625 -0.20263672
vn -0.35107422 0.9140625 -0.20263672
vn -0 0.9140625 -0.40527344
vn -0 0.9140625 -0.40527344
vn -0 0.9140625 -0.40527344
vn 0.35107422 0.9140625 -0.20263672
vn 0.35107422 0.9140625 -0.20263672
vn 0.35107422 0.9140625 -0.20263672
vn 0.35107422 0.9140625 0.20263672
vn 0.35107422 0.9140625 0.20263672
vn 0.35107422 0.9140625 0.20263672
vn -0 0.9140625 0.40527344
vn -0 0.9140625 0.40527344
vn -0 0.9140625 0.40527344
vn -0.35107422 0.9140625 0.20263672
vn -0.35107422 0.9140625 0.20263672
vn -0.35107422 0.9140625 0.20263672
vn -0.35107422 0.9140625 -0.20263672
vn -0.35107422 0.9140625 -0.20263672
vn -0.35107422 0.9140625 -0.20263672
vn -0 0.9140625 -0.40527344
vn -0 0.9140625 -0.40527344
vn -0 0.9140625 -0.40527344
vn 0.35107422 0.9140625 -0.20263672
vn 0.35107422 0.9140625 -0.20263672
vn 0.35107422 0.9140625 -0.20263672
vn 0.35107422 0.9140625 0.20263672
vn 0.35107422 0.9140625 0.20263672
vn 0.35107422 0.9140625 0.20263672
vn -0 0.9140625 0.40527344
vn -0 0.9140625 0.40527344
vn -0 0.9140625 0.40527344
vn -0.35107422 0.9140625 0.20263672
vn -0.35107422 0.9140625 0.20263672
vn -0.35107422 0.9140625 0.20263672
vn -0.35107422 0.9140625 -0.20263672
vn -0.35107422 0.9140625 -0.20263672
vn -0.35107422 0.9140625 -0.20263672
vn -0 0.9140625 -0.40527344
vn -0 0.9140625 -0.40527344
vn -0 0.9140625 -0.40527344
vn 0.35107422 0.9140625 -0.20263672
vn 0.35107422 0.9140625 -0.20263672
vn 0.35107422 0.9140625 -0.20263672
vn 0.20263672 0.9140625 -0.35107422
vn 0.20263672 0.9140625 -0.35107422
vn 0.20263672 0.9140625 -0.35107422
vn 0.40527344 0.9140625 0
vn 0.40527344 0.9140625 0
vn 0.40527344 0.9140625 0
vn 0.20263672 0.9140625 0.35107422
vn 0.20263672 0.9140625 0.35107422
vn 0.20263672 0.9140625 0.35107422
vn -0.20263672 0.9140625 0.35107422
vn -0.20263672 0.9140625 0.35107422
vn -0.20263672 0.9140625 0.35107422
vn -0.40527344 0.9140625 0
vn -0.40527344 0.9140625 0
vn -0.40527344 0.9140625 0
vn -0.20263672 0.9140625 -0.35107422
vn -0.20263672 0.9140625 -0.35107422
vn -0.20263672 0.9140625 -0.35107422
vn 0.20263672 0.9140625 -0.35107422
vn 0.20263672 0.9140625 -0.35107422
vn 0.20263672 0.9140625 -0.35107422
vn 0.40527344 0.9140625 0
vn 0.40527344 0.9140625 0
vn 0.40527344 0.9140625 0
vn 0.20263672 0.9140625 0.35107422
vn 0.20263672 0.9140625 0.35107422
vn 0.20263672 0.9140625 0.35107422
vn -0.20263672 0.9140625 0.35107422
vn -0.20263672 0.9140625 0.35107422
vn -0.20263672 0.9140625 0.35107422
vn -0.40527344 0.9140625 0
vn -0.40527344 0.9140625 0
vn -0.40527344 0.9140625 0
vn -0.20263672 0.9140625 -0.35107422
vn -0.20263672 0.9140625 -0.35107422
vn -0.20263672 0.9140625 -0.35107422
vn 0.20263672 0.9140625 -0.35107422
vn 0.20263672 0.9140625 -0.35107422
vn 0.20263672 0.9140625 -0.35107422
vn 0.40527344 0.9140625 0
vn 0.40527344 0.9140625 0
vn 0.40527344 0.9140625 0
vn 0.20263672 0.9140625 0.35107422
vn 0.20263672 0.9140625 0.35107422
vn 0.20263672 0.9140625 0.35107422
vn -0.20263672 0.9140625 0.35107422
vn -0.20263672 0.9140625 0.35107422
vn -0.20263672 0.9140625 0.35107422
vn -0.40527344 0.9140625 0
vn -0.40527344 0.9140625 0
vn -0.40527344 0.9140625 0
vn -0.20263672 0.9140625 -0.35107422
vn -0.20263672 0.9140625 -0.35107422
vn -0.20263672 0.9140625 -0.35107422
vn -0.20263672 0.9140625 0.35107422
vn -0.20263672 0.9140625 0.35107422
vn -0.20263672 0.9140625 0.35107422
vn -0.40527344 0.9140625 0
vn -0.40527344 0.9140625 0
vn -0.40527344 0.9140625 0
vn -0.20263672 0.9140625 -0.35107422
vn -0.20263672 0.9140625 -0.35107422
vn -0.20263672 0.9140625 -0.35107422
vn 0.20263672 0.9140625 -0.35107422
vn 0.20263672 0.9140625 -0.35107422
vn 0.20263672 0.9140625 -0.35107422
vn 0.40527344 0.9140625 0
vn 0.40527344 0.9140625 0
vn 0.40527344 0.9140625 0
vn 0.20263672 0.9140625 0.35107422
vn 0.20263672 0.9140625 0.35107422
vn 0.20263672 0.9140625 0.35107422
vn 0.35107422 0.9140625 0.20263672
vn 0.35107422 0.9140625 0.20263672
vn 0.35107422 0.9140625 0.20263672
vn -0 0.9140625 0.40527344
vn -0 0.9140625 0.40527344
vn -0 0.9140625 0.40527344
vn -0.35107422 0.9140625 0.20263672
vn -0.35107422 0.9140625 0.20263672
vn -0.35107422 0.9140625 0.20263672
vn -0.35107422 0.9140625 -0.20263672
vn -0.35107422 0.9140625 -0.20263672
vn -0.35107422 0.9140625 -0.20263672
vn -0 0.9140625 -0.40527344
vn -0 0.9140625 -0.40527344
vn -0 0.9140625 -0.40527344
vn 0.35107422 0.9140625 -0.20263672
vn 0.35107422 0.9140625 -0.20263672
vn 0.35107422 0.9140625 -0.20263672
vn 0.20263672 0.9140625 -0.35107422
vn 0.20263672 0.9140625 -0.35107422
vn 0.20263672 0.9140625 -0.35107422
vn 0.40527344 0.9140625 0
vn 0.40527344 0.9140625 0
vn 0.40527344 0.9140625 0
vn 0.20263672 0.9140625 0.35107422
vn 0.20263672 0.9140625 0.35107422
vn 0.20263672 0.9140625 0.35107422
vn -0.20263672 0.9140625 0.35107422
vn -0.20263672 0.9140625 0.35107422
vn -0.20263672 0.9140625 0.35107422
vn -0.40527344 0.9140625 0
vn -0.40527344 0.9140625 0
vn -0.40527344 0.9140625 0
vn -0.20263672 0.9140625 -0.35107422
vn -0.20263672 0.9140625 -0.35107422
vn -0.20263672 0.9140625 -0.35107422
vn -0.20263672 0.9140625 0.35107422
vn -0.20263672 0.9140625 0.35107422
vn -0.20263672 0.9140625 0.35107422
vn -0.40527344 0.9140625 0
vn -0.40527344 0.9140625 0
vn -0.40527344 0.9140625 0
vn -0.20263672 0.9140625 -0.35107422
vn -0.20263672 0.9140625 -0.35107422
vn -0.20263672 0.9140625 -0.35107422
vn 0.20263672 0.9140625 -0.35107422
vn 0.20263672 0.9140625 -0.35107422
vn 0.20263672 0.9140625 -0.35107422
vn 0.40527344 0.9140625 0
vn 0.40527344 0.9140625 0
vn 0.40527344 0.9140625 0
vn 0.20263672 0.9140625 0.35107422
vn 0.20263672 0.9140625 0.35107422
vn 0.20263672 0.9140625 0.35107422
vn -0.20263672 0.9140625 0.35107422
vn -0.20263672 0.9140625 0.35107422
vn -0.20263672 0.9140625 0.35107422
vn -0.40527344 0.9140625 0
vn -0.40527344 0.9140625 0
vn -0.40527344 0.9140625 0
vn -0.20263672 0.9140625 -0.35107422
vn -0.20263672 0.9140625 -0.35107422
vn -0.20263672 0.9140625 -0.35107422
vn 0.20263672 0.9140625 -0.35107422
vn 0.20263672 0.9140625 -0.35107422
vn 0.20263672 0.9140625 -0.35107422
vn 0.40527344 0.9140625 0
vn 0.40527344 0.9140625 0
vn 0.40527344 0.9140625 0
vn 0.20263672 0.9140625 0.35107422
vn 0.20263672 0.9140625 0.35107422
vn 0.20263672 0.9140625 0.35107422
vn -0.20263672 0.9140625 0.35107422
vn -0.20263672 0.9140625 0.35107422
vn -0.20263672 0.9140625 0.35107422
vn -0.40527344 0.9140625 0
vn -0.40527344 0.9140625 0
vn -0.40527344 0.9140625 0
vn -0.20263672 0.9140625 -0.35107422
vn -0.20263672 0.9140625 -0.35107422
vn -0.20263672 0.9140625 -0.35107422
vn 0.20263672 0.9140625 -0.35107422
vn 0.20263672 0.9140625 -0.35107422
vn 0.20263672 0.9140625 -0.35107422
vn 0.40527344 0.9140625 0
vn 0.40527344 0.9140625 0
vn 0.40527344 0.9140625 0
vn 0.20263672 0.9140625 0.35107422
vn 0.20263672 0.9140625 0.35107422
vn 0.20263672 0.9140625 0.35107422
vn -0.20263672 0.9140625 0.35107422
vn -0.20263672 0.9140625 0.35107422
vn -0.20263672 0.9140625 0.35107422
vn -0.40527344 0.9140625 0
vn -0.40527344 0.9140625 0
vn -0.40527344 0.9140625 0
vn -0.20263672 0.9140625 -0.35107422
vn -0.20263672 0.9140625 -0.35107422
vn -0.20263672 0.9140625 -0.35107422
vn 0.20263672 0.9140625 -0.35107422
vn 0.20263672 0.9140625 -0.35107422
vn 0.20263672 0.9140625 -0.35107422
vn 0.40527344 0.9140625 0
vn 0.40527344 0.9140625 0
vn 0.40527344 0.9140625 0
vn 0.20263672 0.9140625 0.35107422
vn 0.20263672 0.9140625 0.35107422
vn 0.20263672 0.9140625 0.35107422
vn 0.35107422 0.9140625 0.20263672
vn 0.35107422 0.9140625 0.20263672
vn 0.35107422 0.9140625 0.20263672
vn -0 0.9140625 0.40527344
vn -0 0.9140625 0.40527344
vn -0 0.9140625 0.40527344
vn -0.35107422 0.9140625 0.20263672
vn -0.35107422 0.9140625 0.20263672
vn -0.35107422 0.9140625 0.20263672
vn -0.35107422 0.9140625 -0.20263672
vn -0.35107422 0.9140625 -0.20263672
vn -0.35107422 0.9140625 -0.20263672
vn -0 0.9140625 -0.40527344
vn -0 0.9140625 -0.40527344
vn -0 0.9140625 -0.40527344
vn 0.35107422 0.9140625 -0.20263672
vn 0.35107422 0.9140625 -0.20263672
vn 0.35107422 0.9140625 -0.20263672
vn 0.35107422 0.9140625 0.20263672
vn 0.35107422 0.9140625 0.20263672
vn 0.35107422 0.9140625 0.20263672
vn -0 0.9140625 0.40527344
vn -0 0.9140625 0.40527344
vn -0 0.9140625 0.40527344
vn -0.35107422 0.9140625 0.20263672
vn -0.35107422 0.9140625 0.20263672
vn -0.35107422 0.9140625 0.20263672
vn -0.35107422 0.9140625 -0.20263672
vn -0.35107422 0.9140625 -0.20263672
vn -0.35107422 0.9140625 -0.20263672
vn -0 0.9140625 -0.40527344
vn -0 0.9140625 -0.40527344
vn -0 0.9140625 -0.40527344
vn 0.35107422 0.9140625 -0.20263672
vn 0.35107422 0.9140625 -0.20263672
vn 0.35107422 0.9140625 -0.20263672
vn 0.35107422 0.9140625 0.20263672
vn 0.35107422 0.9140625 0.20263672
vn 0.35107422 0.9140625 0.20263672
vn -0 0.9140625 0.40527344
vn -0 0.9140625 0.40527344
vn -0 0.9140625 0.40527344
vn -0.35107422 0.9140625 0.20263672
vn -0.35107422 0.9140625 0.20263672
vn -0.35107422 0.9140625 0.20263672
vn -0.35107422 0.9140625 -0.20263672
vn -0.35107422 0.9140625 -0.20263672
vn -0.35107422 0.9140625 -0.20263672
vn -0 0.9140625 -0.40527344
vn -0 0.9140625 -0.40527344
vn -0 0.9140625 -0.40527344
vn 0.35107422 0.9140625 -0.20263672
vn 0.35107422 0.9140625 -0.20263672
vn 0.35107422 0.9140625 -0.20263672
vn 0.20263672 0.9140625 -0.35107422
vn 0.20263672 0.9140625 -0.35107422
vn 0.20263672 0.9140625 -0.35107422
vn 0.40527344 0.9140625 0
vn 0.40527344 0.9140625 0
vn 0.40527344 0.9140625 0
vn 0.20263672 0.9140625 0.35107422
vn 0.20263672 0.9140625 0.35107422
vn 0.20263672 0.9140625 0.35107422
vn -0.20263672 0.9140625 0.35107422
vn -0.20263672 0.9140625 0.35107422
vn -0.20263672 0.9140625 0.35107422
vn -0.40527344 0.9140625 0
vn -0.40527344 0.9140625 0
vn -0.40527344 0.9140625 0
vn -0.20263672 0.9140625 -0.35107422
vn -0.20263672 0.9140625 -0.35107422
vn -0.20263672 0.9140625 -0.35107422
vn 0.20263672 0.9140625 -0.35107422
vn 0.20263672 0.9140625 -0.35107422
vn 0.20263672 0.9140625 -0.35107422
vn 0.40527344 0.9140625 0
vn 0.40527344 0.9140625 0
vn 0.40527344 0.9140625 0
vn 0.20263672 0.9140625 0.35107422
vn 0.20263672 0.9140625 0.35107422
vn 0.20263672 0.9140625 0.35107422
vn -0.20263672 0.9140625 0.35107422
vn -0.20263672 0.9140625 0.35107422
vn -0.20263672 0.9140625 0.35107422
vn -0.40527344 0.9140625 0
vn -0.40527344 0.9140625 0
vn -0.40527344 0.9140625 0
vn -0.20263672 0.9140625 -0.35107422
vn -0.20263672 0.9140625 -0.35107422
vn -0.20263672 0.9140625 -0.35107422
vn 0.20263672 0.9140625 -0.35107422
vn 0.20263672 0.9140625 -0.35107422
vn 0.20263672 0.9140625 -0.35107422
vn 0.40527344 0.9140625 0
vn 0.40527344 0.9140625 0
vn 0.40527344 0.9140625 0
vn 0.20263672 0.9140625 0.35107422
vn 0.20263672 0.9140625 0.35107422
vn 0.20263672 0.9140625 0.35107422
vn -0.20263672 0.9140625 0.35107422
vn -0.20263672 0.9140625 0.35107422
vn -0.20263672 0.9140625 0.35107422
vn -0.40527344 0.9140625 0
vn -0.40527344 0.9140625 0
vn -0.40527344 0.9140625 0
vn -0.20263672 0.9140625 -0.35107422
vn -0.20263672 0.9140625 -0.35107422
vn -0.20263672 0.9140625 -0.35107422
vn -0.35107422 0.9140625 -0.20263672
vn -0.35107422 0.9140625 -0.20263672
vn -0.35107422 0.9140625 -0.20263672
vn -0 0.9140625 -0.40527344
vn -0 0.9140625 -0.40527344
vn -0 0.9140625 -0.40527344
vn 0.35107422 0.9140625 -0.20263672
vn 0.35107422 0.9140625 -0.20263672
vn 0.35107422 0.9140625 -0.20263672
vn 0.35107422 0.9140625 0.20263672
vn 0.35107422 0.9140625 0.20263672
vn 0.35107422 0.9140625 0.20263672
vn -0 0.9140625 0.40527344
vn -0 0.9140625 0.40527344
vn -0 0.9140625 0.40527344
vn -0.35107422 0.9140625 0.20263672
vn -0.35107422 0.9140625 0.20263672
vn -0.35107422 0.9140625 0.20263672
vn -0.35107422 0.9140625 -0.20263672
vn -0.35107422 0.9140625 -0.20263672
vn -0.35107422 0.9140625 -0.20263672
vn -0 0.9140625 -0.40527344
vn -0 0.9140625 -0.40527344
vn -0 0.9140625 -0.40527344
vn 0.35107422 0.9140625 -0.20263672
vn 0.35107422 0.9140625 -0.20263672
vn 0.35107422 0.9140625 -0.20263672
vn 0.35107422 0.9140625 0.20263672
vn 0.35107422 0.9140625 0.20263672
vn 0.35107422 0.9140625 0.20263672
vn -0 0.9140625 0.40527344
vn -0 0.9140625 0.40527344
vn -0 0.9140625 0.40527344
vn -0.35107422 0.9140625 0.20263672
vn -0.35107422 0.9140625 0.20263672
vn -0.35107422 0.9140625 0.20263672
vn -0.35107422 0.9140625 -0.20263672
vn -0.35107422 0.9140625 -0.20263672
vn -0.35107422 0.9140625 -0.20263672
vn -0 0.9140625 -0.40527344
vn -0 0.9140625 -0.40527344
vn -0 0.9140625 -0.40527344
vn 0.35107422 0.9140625 -0.20263672
vn 0.35107422 0.9140625 -0.20263672
vn 0.35107422 0.9140625 -0.20263672
vn 0.35107422 0.9140625 0.20263672
vn 0.35107422 0.9140625 0.20263672
vn 0.35107422 0.9140625 0.20263672
vn -0 0.9140625 0.40527344
vn -0 0.9140625 0.40527344
vn -0 0.9140625 0.40527344
vn -0.35107422 0.9140625 0.20263672
vn -0.35107422 0.9140625 0.20263672
vn -0.35107422 0.9140625 0.20263672
vn 0.35107422 0.9140625 0.20263672
vn 0.35107422 0.9140625 0.20263672
vn 0.35107422 0.9140625 0.20263672
vn -0 0.9140625 0.40527344
vn -0 0.9140625 0.40527344
vn -0 0.9140625 0.40527344
vn -0.35107422 0.9140625 0.20263672
vn -0.35107422 0.9140625 0.20263672
vn -0.35107422 0.9140625 0.20263672
vn -0.35107422 0.9140625 -0.20263672
vn -0.35107422 0.9140625 -0.20263672
vn -0.35107422 0.9140625 -0.20263672
vn -0 0.9140625 -0.40527344
vn -0 0.9140625 -0.40527344
vn -0 0.9140625 -0.40527344
vn 0.35107422 0.9140625 -0.20263672
vn 0.35107422 0.9140625 -0.20263672
vn 0.35107422 0.9140625 -0.20263672
vn 0.20263672 0.9140625 -0.35107422
vn 0.20263672 0.9140625 -0.35107422
vn 0.20263672 0.9140625 -0.35107422
vn 0.40527344 0.9140625 0
vn 0.40527344 0.9140625 0
vn 0.40527344 0.9140625 0
vn 0.20263672 0.9140625 0.35107422
vn 0.20263672 0.9140625 0.35107422
vn 0.20263672 0.9140625 0.35107422
vn -0.20263672 0.9140625 0.35107422
vn -0.20263672 0.9140625 0.35107422
vn -0.20263672 0.9140625 0.35107422
vn -0.40527344 0.9140625 0
vn -0.40527344 0.9140625 0
vn -0.40527344 0.9140625 0
vn -0.20263672 0.9140625 -0.35107422
vn -0.20263672 0.9140625 -0.35107422
vn -0.20263672 0.9140625 -0.35107422
vn -0.35107422 0.9140625 -0.20263672
vn -0.35107422 0.9140625 -0.20263672
vn -0.35107422 0.9140625 -0.20263672
vn -0 0.9140625 -0.40527344
vn -0 0.9140625 -0.40527344
vn -0 0.9140625 -0.40527344
vn 0.35107422 0.9140625 -0.20263672
vn 0.35107422 0.9140625 -0.20263672
vn 0.35107422 0.9140625 -0.20263672
vn 0.35107422 0.9140625 0.20263672
vn 0.35107422 0.9140625 0.20263672
vn 0.35107422 0.9140625 0.20263672
vn -0 0.9140625 0.40527344
vn -0 0.9140625 0.40527344
vn -0 0.9140625 0.40527344
vn -0.35107422 0.9140625 0.20263672
vn -0.35107422 0.9140625 0.20263672
vn -0.35107422 0.9140625 0.20263672
vn -0.20263672 0.9140625 -0.35107422
vn -0.20263672 0.9140625 -0.35107422
vn -0.20263672 0.9140625 -0.35107422
vn -0.40527344 0.9140625 0
vn -0.40527344 0.9140625 0
vn -0.40527344 0.9140625 0
vn -0.20263672 0.9140625 0.35107422
vn -0.20263672 0.9140625 0.35107422
vn -0.20263672 0.9140625 0.35107422
vn 0.20263672 0.9140625 0.35107422
vn 0.20263672 0.9140625 0.35107422
vn 0.20263672 0.9140625 0.35107422
vn 0.40527344 0.9140625 0
vn 0.40527344 0.9140625 0
vn 0.40527344 0.9140625 0
vn 0.20263672 0.9140625 -0.35107422
vn 0.20263672 0.9140625 -0.35107422
vn 0.20263672 0.9140625 -0.35107422
vn -0.20263672 0.9140625 -0.35107422
vn -0.20263672 0.9140625 -0.35107422
vn -0.20263672 0.9140625 -0.35107422
vn -0.40527344 0.9140625 0
vn -0.40527344 0.9140625 0
vn -0.40527344 0.9140625 0
vn -0.20263672 0.9140625 0.35107422
vn -0.20263672 0.9140625 0.35107422
vn -0.20263672 0.9140625 0.35107422
vn 0.20263672 0.9140625 0.35107422
vn 0.20263672 0.9140625 0.35107422
vn 0.20263672 0.9140625 0.35107422
vn 0.40527344 0.9140625 0
vn 0.40527344 0.9140625 0
vn 0.40527344 0.9140625 0
vn 0.20263672 0.9140625 -0.35107422
vn 0.20263672 0.9140625 -0.35107422
vn 0.20263672 0.9140625 -0.35107422
vn -0.20263672 0.9140625 -0.35107422
vn -0.20263672 0.9140625 -0.35107422
vn -0.20263672 0.9140625 -0.35107422
vn -0.40527344 0.9140625 0
vn -0.40527344 0.9140625 0
vn -0.40527344 0.9140625 0
vn -0.20263672 0.9140625 0.35107422
vn -0.20263672 0.9140625 0.35107422
vn -0.20263672 0.9140625 0.35107422
vn 0.20263672 0.9140625 0.35107422
vn 0.20263672 0.9140625 0.35107422
vn 0.20263672 0.9140625 0.35107422
vn 0.40527344 0.9140625 0
vn 0.40527344 0.9140625 0
vn 0.40527344 0.9140625 0
vn 0.20263672 0.9140625 -0.35107422
vn 0.20263672 0.9140625 -0.35107422
vn 0.20263672 0.9140625 -0.35107422
vn -0.20263672 0.9140625 -0.35107422
vn -0.20263672 0.9140625 -0.35107422
vn -0.20263672 0.9140625 -0.35107422
vn -0.40527344 0.9140625 0
vn -0.40527344 0.9140625 0
vn -0.40527344 0.9140625 0
vn -0.20263672 0.9140625 0.35107422
vn -0.20263672 0.9140625 0.35107422
vn -0.20263672 0.9140625 0.35107422
vn 0.20263672 0.9140625 0.35107422
vn 0.20263672 0.9140625 0.35107422
vn 0.20263672 0.9140625 0.35107422
vn 0.40527344 0.9140625 0
vn 0.40527344 0.9140625 0
vn 0.40527344 0.9140625 0
vn 0.20263672 0.9140625 -0.35107422
vn 0.20263672 0.9140625 -0.35107422
vn 0.20263672 0.9140625 -0.35107422
vn 0.35107422 0.9140625 -0.20263672
vn 0.35107422 0.9140625 -0.20263672
vn 0.35107422 0.9140625 -0.20263672
vn -0 0.9140625 -0.40527344
vn -0 0.9140625 -0.40527344
vn -0 0.9140625 -0.40527344
vn -0.35107422 0.9140625 -0.20263672
vn -0.35107422 0.9140625 -0.20263672
vn -0.35107422 0.9140625 -0.20263672
vn -0.35107422 0.9140625 0.20263672
vn -0.35107422 0.9140625 0.20263672
vn -0.35107422 0.9140625 0.20263672
vn -0 0.9140625 0.40527344
vn -0 0.9140625 0.40527344
vn -0 0.9140625 0.40527344
vn 0.35107422 0.9140625 0.20263672
vn 0.35107422 0.9140625 0.20263672
vn 0.35107422 0.9140625 0.20263672
vn 0.35107422 0.9140625 -0.20263672
vn 0.35107422 0.9140625 -0.20263672
vn 0.35107422 0.9140625 -0.20263672
vn -0 0.9140625 -0.40527344
vn -0 0.9140625 -0.40527344
vn -0 0.9140625 -0.40527344
vn -0.35107422 0.9140625 -0.20263672
vn -0.35107422 0.9140625 -0.20263672
vn -0.35107422 0.9140625 -0.20263672
vn -0.35107422 0.9140625 0.20263672
vn -0.35107422 0.9140625 0.20263672
vn -0.35107422 0.9140625 0.20263672
vn -0 0.9140625 0.40527344
vn -0 0.9140625 0.40527344
vn -0 0.9140625 0.40527344
vn 0.35107422 0.9140625 0.20263672
vn 0.35107422 0.9140625 0.20263672
vn 0.35107422 0.9140625 0.20263672
vn 0.35107422 0.9140625 -0.20263672
vn 0.35107422 0.9140625 -0.20263672
vn 0.35107422 0.9140625 -0.20263672
vn -0 0.9140625 -0.40527344
vn -0 0.9140625 -0.40527344
vn -0 0.9140625 -0.40527344
vn -0.35107422 0.9140625 -0.20263672
vn -0.35107422 0.9140625 -0.20263672
vn -0.35107422 0.9140625 -0.20263672
vn -0.35107422 0.9140625 0.20263672
vn -0.35107422 0.9140625 0.20263672
vn -0.35107422 0.9140625 0.20263672
vn -0 0.9140625 0.40527344
vn -0 0.9140625 0.40527344
vn -0 0.9140625 0.40527344
vn 0.35107422 0.9140625 0.20263672
vn 0.35107422 0.9140625 0.20263672
vn 0.35107422 0.9140625 0.20263672
vn 0.20263672 0.9140625 0.35107422
vn 0.20263672 0.9140625 0.35107422
vn 0.20263672 0.9140625 0.35107422
vn 0.40527344 0.9140625 0
vn 0.40527344 0.9140625 0
vn 0.40527344 0.9140625 0
vn 0.20263672 0.9140625 -0.35107422
vn 0.20263672 0.9140625 -0.35107422
vn 0.20263672 0.9140625 -0.35107422
vn -0.20263672 0.9140625 -0.35107422
vn -0.20263672 0.9140625 -0.35107422
vn -0.20263672 0.9140625 -0.35107422
vn -0.40527344 0.9140625 0
vn -0.40527344 0.9140625 0
vn -0.40527344 0.9140625 0
vn -0.20263672 0.9140625 0.35107422
vn -0.20263672 0.9140625 0.35107422
vn -0.20263672 0.9140625 0.35107422
vn 0.20263672 0.9140625 0.35107422
vn 0.20263672 0.9140625 0.35107422
vn 0.20263672 0.9140625 0.35107422
vn 0.40527344 0.9140625 0
vn 0.40527344 0.9140625 0
vn 0.40527344 0.9140625 0
vn 0.20263672 0.9140625 -0.35107422
vn 0.20263672 0.9140625 -0.35107422
vn 0.20263672 0.9140625 -0.35107422
vn -0.20263672 0.9140625 -0.35107422
vn -0.20263672 0.9140625 -0.35107422
vn -0.20263672 0.9140625 -0.35107422
vn -0.40527344 0.9140625 0
vn -0.40527344 0.9140625 0
vn -0.40527344 0.9140625 0
vn -0.20263672 0.9140625 0.35107422
vn -0.20263672 0.9140625 0.35107422
vn -0.20263672 0.9140625 0.35107422
vn 0.20263672 0.9140625 0.35107422
vn 0.20263672 0.9140625 0.35107422
vn 0.20263672 0.9140625 0.35107422
vn 0.40527344 0.9140625 0
vn 0.40527344 0.9140625 0
vn 0.40527344 0.9140625 0
vn 0.20263672 0.9140625 -0.35107422
vn 0.20263672 0.9140625 -0.35107422
vn 0.20263672 0.9140625 -0.35107422
vn -0.20263672 0.9140625 -0.35107422
vn -0.20263672 0.9140625 -0.35107422
vn -0.20263672 0.9140625 -0.35107422
vn -0.40527344 0.9140625 0
vn -0.40527344 0.9140625 0
vn -0.40527344 0.9140625 0
vn -0.20263672 0.9140625 0.35107422
vn -0.20263672 0.9140625 0.35107422
vn -0.20263672 0.9140625 0.35107422
vn -0.35107422 0.9140625 0.20263672
vn -0.35107422 0.9140625 0.20263672
vn -0.35107422 0.9140625 0.20263672
vn -0 0.9140625 0.40527344
vn -0 0.9140625 0.40527344
vn -0 0.9140625 0.40527344
vn 0.35107422 0.9140625 0.20263672
vn 0.35107422 0.9140625 0.20263672
vn 0.35107422 0.9140625 0.20263672
vn 0.35107422 0.9140625 -0.20263672
vn 0.35107422 0.9140625 -0.20263672
vn 0.35107422 0.9140625 -0.20263672
vn -0 0.9140625 -0.40527344
vn -0 0.9140625 -0.40527344
vn -0 0.9140625 -0.40527344
vn -0.35107422 0.9140625 -0.20263672
vn -0.35107422 0.9140625 -0.20263672
vn -0.35107422 0.9140625 -0.20263672
vn -0.35107422 0.9140625 0.20263672
vn -0.35107422 0.9140625 0.20263672
vn -0.35107422 0.9140625 0.20263672
vn -0 0.9140625 0.40527344
vn -0 0.9140625 0.40527344
vn -0 0.9140625 0.40527344
vn 0.35107422 0.9140625 0.20263672
vn 0.35107422 0.9140625 0.20263672
vn 0.35107422 0.9140625 0.20263672
vn 0.35107422 0.9140625 -0.20263672
vn 0.35107422 0.9140625 -0.20263672
vn 0.35107422 0.9140625 -0.20263672
vn -0 0.9140625 -0.40527344
vn -0 0.9140625 -0.40527344
vn -0 0.9140625 -0.40527344
vn -0.35107422 0.9140625 -0.20263672
vn -0.35107422 0.9140625 -0.20263672
vn -0.35107422 0.9140625 -0.20263672
vn -0.35107422 0.9140625 0.20263672
vn -0.35107422 0.9140625 0.20263672
vn -0.35107422 0.9140625 0.20263672
vn -0 0.9140625 0.40527344
vn -0 0.9140625 0.40527344
vn -0 0.9140625 0.40527344
vn 0.35107422 0.9140625 0.20263672
vn 0.35107422 0.9140625 0.20263672
vn 0.35107422 0.9140625 0.20263672
vn 0.35107422 0.9140625 -0.20263672
vn 0.35107422 0.9140625 -0.20263672
vn 0.35107422 0.9140625 -0.20263672
vn -0 0.9140625 -0.40527344
vn -0 0.9140625 -0.40527344
vn -0 0.9140625 -0.40527344
vn -0.35107422 0.9140625 -0.20263672
vn -0.35107422 0.9140625 -0.20263672
vn -0.35107422 0.9140625 -0.20263672
vn 0.35107422 0.9140625 -0.20263672
vn 0.35107422 0.9140625 -0.20263672
vn 0.35107422 0.9140625 -0.20263672
vn -0 0.9140625 -0.40527344
vn -0 0.9140625 -0.40527344
vn -0 0.9140625 -0.40527344
vn -0.35107422 0.9140625 -0.20263672
vn -0.35107422 0.9140625 -0.20263672
vn -0.35107422 0.9140625 -0.20263672
vn -0.35107422 0.9140625 0.20263672
vn -0.35107422 0.9140625 0.20263672
vn -0.35107422 0.9140625 0.20263672
vn -0 0.9140625 0.40527344
vn -0 0.9140625 0.40527344
vn -0 0.9140625 0.40527344
vn 0.35107422 0.9140625 0.20263672
vn 0.35107422 0.9140625 0.20263672
vn 0.35107422 0.9140625 0.20263672
vn 0.20263672 0.9140625 0.35107422
vn 0.20263672 0.9140625 0.35107422
vn 0.20263672 0.9140625 0.35107422
vn 0.40527344 0.9140625 0
vn 0.40527344 0.9140625 0
vn 0.40527344 0.9140625 0
vn 0.20263672 0.9140625 -0.35107422
vn 0.20263672 0.9140625 -0.35107422
vn 0.20263672 0.9140625 -0.35107422
vn -0.20263672 0.9140625 -0.35107422
vn -0.20263672 0.9140625 -0.35107422
vn -0.20263672 0.9140625 -0.35107422
vn -0.40527344 0.9140625 0
vn -0.40527344 0.9140625 0
vn -0.40527344 0.9140625 0
vn -0.20263672 0.9140625 0.35107422
vn -0.20263672 0.9140625 0.35107422
vn -0.20263672 0.9140625 0.35107422
vn -0.35107422 0.9140625 0.20263672
vn -0.35107422 0.9140625 0.20263672
vn -0.35107422 0.9140625 0.20263672
vn -0 0.9140625 0.40527344
vn -0 0.9140625 0.40527344
vn -0 0.9140625 0.40527344
vn 0.35083008 0.9140625 0.20263672
vn 0.35083008 0.9140625 0.20263672
vn 0.35083008 0.9140625 0.20263672
vn 0.35107422 0.9140625 -0.20263672
vn 0.35107422 0.9140625 -0.20263672
vn 0.35107422 0.9140625 -0.20263672
vn -0 0.9140625 -0.40527344
vn -0 0.9140625 -0.40527344
vn -0 0.9140625 -0.40527344
vn -0.35107422 0.9140625 -0.20263672
vn -0.35107422 0.9140625 -0.20263672
vn -0.35107422 0.9140625 -0.20263672
vn 0.20263672 0.9140625 0.35107422
vn 0.20263672 0.9140625 0.35107422
vn 0.20263672 0.9140625 0.35107422
vn 0.40527344 0.9140625 0
vn 0.40527344 0.9140625 0
vn 0.40527344 0.9140625 0
vn 0.20263672 0.9140625 -0.35107422
vn 0.20263672 0.9140625 -0.35107422
vn 0.20263672 0.9140625 -0.35107422
vn -0.20263672 0.9140625 -0.35107422
vn -0.20263672 0.9140625 -0.35107422
vn -0.20263672 0.9140625 -0.35107422
vn -0.40527344 0.9140625 0
vn -0.40527344 0.9140625 0
vn -0.40527344 0.9140625 0
vn -0.20263672 0.9140625 0.35107422
vn -0.20263672 0.9140625 0.35107422
vn -0.20263672 0.9140625 0.35107422
vn 0.20263672 0.9140625 0.35107422
vn 0.20263672 0.9140625 0.35107422
vn 0.20263672 0.9140625 0.35107422
vn 0.40527344 0.9140625 0
vn 0.40527344 0.9140625 0
vn 0.40527344 0.9140625 0
vn 0.20263672 0.9140625 -0.35107422
vn 0.20263672 0.9140625 -0.35107422
vn 0.20263672 0.9140625 -0.35107422
vn -0.20263672 0.9140625 -0.35107422
vn -0.20263672 0.9140625 -0.35107422
vn -0.20263672 0.9140625 -0.35107422
vn -0.40527344 0.9140625 0
vn -0.40527344 0.9140625 0
vn -0.40527344 0.9140625 0
vn -0.20263672 0.9140625 0.35107422
vn -0.20263672 0.9140625 0.35107422
vn -0.20263672 0.9140625 0.35107422
vn 0.20263672 0.9140625 0.35107422
vn 0.20263672 0.9140625 0.35107422
vn 0.20263672 0.9140625 0.35107422
vn 0.40527344 0.9140625 0
vn 0.40527344 0.9140625 0
vn 0.40527344 0.9140625 0
vn 0.20263672 0.9140625 -0.35107422
vn 0.20263672 0.9140625 -0.35107422
vn 0.20263672 0.9140625 -0.35107422
vn -0.20263672 0.9140625 -0.35107422
vn -0.20263672 0.9140625 -0.35107422
vn -0.20263672 0.9140625 -0.35107422
vn -0.40527344 0.9140625 0
vn -0.40527344 0.9140625 0
vn -0.40527344 0.9140625 0
vn -0.20263672 0.9140625 0.35107422
vn -0.20263672 0.9140625 0.35107422
vn -0.20263672 0.9140625 0.35107422
vn 0.20263672 0.9140625 0.35107422
vn 0.20263672 0.9140625 0.35107422
vn 0.20263672 0.9140625 0.35107422
vn 0.40527344 0.9140625 0
vn 0.40527344 0.9140625 0
vn 0.40527344 0.9140625 0
vn 0.20263672 0.9140625 -0.35107422
vn 0.20263672 0.9140625 -0.35107422
vn 0.20263672 0.9140625 -0.35107422
vn -0.20263672 0.9140625 -0.35107422
vn -0.20263672 0.9140625 -0.35107422
vn -0.20263672 0.9140625 -0.35107422
vn -0.40527344 0.9140625 0
vn -0.40527344 0.9140625 0
vn -0.40527344 0.9140625 0
vn -0.20263672 0.9140625 0.35107422
vn -0.20263672 0.9140625 0.35107422
vn -0.20263672 0.9140625 0.35107422
vn -0.35107422 0.9140625 0.20263672
vn -0.35107422 0.9140625 0.20263672
vn -0.35107422 0.9140625 0.20263672
vn -0 0.9140625 0.40527344
vn -0 0.9140625 0.40527344
vn -0 0.9140625 0.40527344
vn 0.35107422 0.9140625 0.20263672
vn 0.35107422 0.9140625 0.20263672
vn 0.35107422 0.9140625 0.20263672
vn 0.35107422 0.9140625 -0.20263672
vn 0.35107422 0.9140625 -0.20263672
vn 0.35107422 0.9140625 -0.20263672
vn -0 0.9140625 -0.40527344
vn -0 0.9140625 -0.40527344
vn -0 0.9140625 -0.40527344
vn -0.35107422 0.9140625 -0.20263672
vn -0.35107422 0.9140625 -0.20263672
vn -0.35107422 0.9140625 -0.20263672
vn -0.35107422 0.9140625 0.20263672
vn -0.35107422 0.9140625 0.20263672
vn -0.35107422 0.9140625 0.20263672
vn -0 0.9140625 0.40527344
vn -0 0.9140625 0.40527344
vn -0 0.9140625 0.40527344
vn 0.35107422 0.9140625 0.20263672
vn 0.35107422 0.9140625 0.20263672
vn 0.35107422 0.9140625 0.20263672
vn 0.35107422 0.9140625 -0.20263672
vn 0.35107422 0.9140625 -0.20263672
vn 0.35107422 0.9140625 -0.20263672
vn -0 0.9140625 -0.40527344
vn -0 0.9140625 -0.40527344
vn -0 0.9140625 -0.40527344
vn -0.35107422 0.9140625 -0.20263672
vn -0.35107422 0.9140625 -0.20263672
vn -0.35107422 0.9140625 -0.20263672
vn -0.35107422 0.9140625 0.20263672
vn -0.35107422 0.9140625 0.20263672
vn -0.35107422 0.9140625 0.20263672
vn -0 0.9140625 0.40527344
vn -0 0.9140625 0.40527344
vn -0 0.9140625 0.40527344
vn 0.35107422 0.9140625 0.20263672
vn 0.35107422 0.9140625 0.20263672
vn 0.35107422 0.9140625 0.20263672
vn 0.35107422 0.9140625 -0.20263672
vn 0.35107422 0.9140625 -0.20263672
vn 0.35107422 0.9140625 -0.20263672
vn -0 0.9140625 -0.40527344
vn -0 0.9140625 -0.40527344
vn -0 0.9140625 -0.40527344
vn -0.35107422 0.9140625 -0.20263672
vn -0.35107422 0.9140625 -0.20263672
vn -0.35107422 0.9140625 -0.20263672
vn -0.20263672 0.9140625 -0.35107422
vn -0.20263672 0.9140625 -0.35107422
vn -0.20263672 0.9140625 -0.35107422
vn -0.40527344 0.9140625 0
vn -0.40527344 0.9140625 0
vn -0.40527344 0.9140625 0
vn -0.20263672 0.9140625 0.35107422
vn -0.20263672 0.9140625 0.35107422
vn -0.20263672 0.9140625 0.35107422
vn 0.20263672 0.9140625 0.35107422
vn 0.20263672 0.9140625 0.35107422
vn 0.20263672 0.9140625 0.35107422
vn 0.40527344 0.9140625 0
vn 0.40527344 0.9140625 0
vn 0.40527344 0.9140625 0
vn 0.20263672 0.9140625 -0.35107422
vn 0.20263672 0.9140625 -0.35107422
vn 0.20263672 0.9140625 -0.35107422
vn -0.20263672 0.9140625 -0.35107422
vn -0.20263672 0.9140625 -0.35107422
vn -0.20263672 0.9140625 -0.35107422
vn -0.40527344 0.9140625 0
vn -0.40527344 0.9140625 0
vn -0.40527344 0.9140625 0
vn -0.20263672 0.9140625 0.35107422
vn -0.20263672 0.9140625 0.35107422
vn -0.20263672 0.9140625 0.35107422
vn 0.20263672 0.9140625 0.35107422
vn 0.20263672 0.9140625 0.35107422
vn 0.20263672 0.9140625 0.35107422
vn 0.40527344 0.9140625 0
vn 0.40527344 0.9140625 0
vn 0.40527344 0.9140625 0
vn 0.20263672 0.9140625 -0.35107422
vn 0.20263672 0.9140625 -0.35107422
vn 0.20263672 0.9140625 -0.35107422
vn -0.20263672 0.9140625 -0.35107422
vn -0.20263672 0.9140625 -0.35107422
vn -0.20263672 0.9140625 -0.35107422
vn -0.40527344 0.9140625 0
vn -0.40527344 0.9140625 0
vn -0.40527344 0.9140625 0
vn -0.20263672 0.9140625 0.35107422
vn -0.20263672 0.9140625 0.35107422
vn -0.20263672 0.9140625 0.35107422
vn 0.20263672 0.9140625 0.35107422
vn 0.20263672 0.9140625 0.35107422
vn 0.20263672 0.9140625 0.35107422
vn 0.40527344 0.9140625 0
vn 0.40527344 0.9140625 0
vn 0.40527344 0.9140625 0
vn 0.20263672 0.9140625 -0.35107422
vn 0.20263672 0.9140625 -0.35107422
vn 0.20263672 0.9140625 -0.35107422
vn 0.35107422 0.9140625 -0.20263672
vn 0.35107422 0.9140625 -0.20263672
vn 0.35107422 0.9140625 -0.20263672
vn -0 0.9140625 -0.40527344
vn -0 0.9140625 -0.40527344
vn -0 0.9140625 -0.40527344
vn -0.35107422 0.9140625 -0.20263672
vn -0.35107422 0.9140625 -0.20263672
vn -0.35107422 0.9140625 -0.20263672
vn -0.35107422 0.9140625 0.20263672
vn -0.35107422 0.9140625 0.20263672
vn -0.35107422 0.9140625 0.20263672
vn -0 0.9140625 0.40527344
vn -0 0.9140625 0.40527344
vn -0 0.9140625 0.40527344
vn 0.35107422 0.9140625 0.20263672
vn 0.35107422 0.9140625 0.20263672
vn 0.35107422 0.9140625 0.20263672
vn 0.35107422 0.9140625 -0.20263672
vn 0.35107422 0.9140625 -0.20263672
vn 0.35107422 0.9140625 -0.20263672
vn -0 0.9140625 -0.40527344
vn -0 0.9140625 -0.40527344
vn -0 0.9140625 -0.40527344
vn -0.35107422 0.9140625 -0.20263672
vn -0.35107422 0.9140625 -0.20263672
vn -0.35107422 0.9140625 -0.20263672
vn -0.35107422 0.9140625 0.20263672
vn -0.35107422 0.9140625 0.20263672
vn -0.35107422 0.9140625 0.20263672
vn -0 0.9140625 0.40527344
vn -0 0.9140625 0.40527344
vn -0 0.9140625 0.40527344
vn 0.35107422 0.9140625 0.20263672
vn 0.35107422 0.9140625 0.20263672
vn 0.35107422 0.9140625 0.20263672
vn 0.35107422 0.9140625 -0.20263672
vn 0.35107422 0.9140625 -0.20263672
vn 0.35107422 0.9140625 -0.20263672
vn -0 0.9140625 -0.40527344
vn -0 0.9140625 -0.40527344
vn -0 0.9140625 -0.40527344
vn -0.35107422 0.9140625 -0.20263672
vn -0.35107422 0.9140625 -0.20263672
vn -0.35107422 0.9140625 -0.20263672
vn -0.35107422 0.9140625 0.20263672
vn -0.35107422 0.9140625 0.20263672
vn -0.35107422 0.9140625 0.20263672
vn -0 0.9140625 0.40527344
vn -0 0.9140625 0.40527344
vn -0 0.9140625 0.40527344
vn 0.35107422 0.9140625 0.20263672
vn 0.35107422 0.9140625 0.20263672
vn 0.35107422 0.9140625 0.20263672
vn -0.35107422 0.9140625 0.20263672
vn -0.35107422 0.9140625 0.20263672
vn -0.35107422 0.9140625 0.20263672
vn -0 0.9140625 0.40527344
vn -0 0.9140625 0.40527344
vn -0 0.9140625 0.40527344
vn 0.35107422 0.9140625 0.20263672
vn 0.35107422 0.9140625 0.20263672
vn 0.35107422 0.9140625 0.20263672
vn 0.35107422 0.9140625 -0.20263672
vn 0.35107422 0.9140625 -0.20263672
vn 0.35107422 0.9140625 -0.20263672
vn -0 0.9140625 -0.40527344
vn -0 0.9140625 -0.40527344
vn -0 0.9140625 -0.40527344
vn -0.35107422 0.9140625 -0.20263672
vn -0.35107422 0.9140625 -0.20263672
vn -0.35107422 0.9140625 -0.20263672
vn -0.20263672 0.9140625 -0.35107422
vn -0.20263672 0.9140625 -0.35107422
vn -0.20263672 0.9140625 -0.35107422
vn -0.40527344 0.9140625 0
vn -0.40527344 0.9140625 0
vn -0.40527344 0.9140625 0
vn -0.20263672 0.9140625 0.35107422
vn -0.20263672 0.9140625 0.35107422
vn -0.20263672 0.9140625 0.35107422
vn 0.20263672 0.9140625 0.35107422
vn 0.20263672 0.9140625 0.35107422
vn 0.20263672 0.9140625 0.35107422
vn 0.40527344 0.9140625 0
vn 0.40527344 0.9140625 0
vn 0.40527344 0.9140625 0
vn 0.20263672 0.9140625 -0.35107422
vn 0.20263672 0.9140625 -0.35107422
vn 0.20263672 0.9140625 -0.35107422
vn 0.35107422 0.9140625 -0.20263672
vn 0.35107422 0.9140625 -0.20263672
vn 0.35107422 0.9140625 -0.20263672
vn -0 0.9140625 -0.40527344
vn -0 0.9140625 -0.40527344
vn -0 0.9140625 -0.40527344
vn -0.35107422 0.9140625 -0.20263672
vn -0.35107422 0.9140625 -0.20263672
vn -0.35107422 0.9140625 -0.20263672
vn -0.35107422 0.9140625 0.20263672
vn -0.35107422 0.9140625 0.20263672
vn -0.35107422 0.9140625 0.20263672
vn -0 0.9140625 0.40527344
vn -0 0.9140625 0.40527344
vn -0 0.9140625 0.40527344
vn 0.35107422 0.9140625 0.20263672
vn 0.35107422 0.9140625 0.20263672
vn 0.35107422 0.9140625 0.20263672
vn 0.20263672 0.9140625 -0.35107422
vn 0.20263672 0.9140625 -0.35107422
vn 0.20263672 0.9140625 -0.35107422
vn 0.40527344 0.9140625 0
vn 0.40527344 0.9140625 0
vn 0.40527344 0.9140625 0
vn 0.20263672 0.9140625 0.35107422
vn 0.20263672 0.9140625 0.35107422
vn 0.20263672 0.9140625 0.35107422
vn -0.20263672 0.9140625 0.35107422
vn -0.20263672 0.9140625 0.35107422
vn -0.20263672 0.9140625 0.35107422
vn -0.40527344 0.9140625 0
vn -0.40527344 0.9140625 0
vn -0.40527344 0.9140625 0
vn -0.20263672 0.9140625 -0.35107422
vn -0.20263672 0.9140625 -0.35107422
vn -0.20263672 0.9140625 -0.35107422
vn 0.20263672 0.9140625 -0.35107422
vn 0.20263672 0.9140625 -0.35107422
vn 0.20263672 0.9140625 -0.35107422
vn 0.40527344 0.9140625 0
vn 0.40527344 0.9140625 0
vn 0.40527344 0.9140625 0
vn 0.20263672 0.9140625 0.35107422
vn 0.20263672 0.9140625 0.35107422
vn 0.20263672 0.9140625 0.35107422
vn -0.20263672 0.9140625 0.35107422
vn -0.20263672 0.9140625 0.35107422
vn -0.20263672 0.9140625 0.35107422
vn -0.40527344 0.9140625 0
vn -0.40527344 0.9140625 0
vn -0.40527344 0.9140625 0
vn -0.20263672 0.9140625 -0.35107422
vn -0.20263672 0.9140625 -0.35107422
vn -0.20263672 0.9140625 -0.35107422
vn 0.20263672 0.9140625 -0.35107422
vn 0.20263672 0.9140625 -0.35107422
vn 0.20263672 0.9140625 -0.35107422
vn 0.40527344 0.9140625 0
vn 0.40527344 0.9140625 0
vn 0.40527344 0.9140625 0
vn 0.20263672 0.9140625 0.35107422
vn 0.20263672 0.9140625 0.35107422
vn 0.20263672 0.9140625 0.35107422
vn -0.20263672 0.9140625 0.35107422
vn -0.20263672 0.9140625 0.35107422
vn -0.20263672 0.9140625 0.35107422
vn -0.40527344 0.9140625 0
vn -0.40527344 0.9140625 0
vn -0.40527344 0.9140625 0
vn -0.20263672 0.9140625 -0.35107422
vn -0.20263672 0.9140625 -0.35107422
vn -0.20263672 0.9140625 -0.35107422
vn 0.20263672 0.9140625 -0.35107422
vn 0.20263672 0.9140625 -0.35107422
vn 0.20263672 0.9140625 -0.35107422
vn 0.40527344 0.9140625 0
vn 0.40527344 0.9140625 0
vn 0.40527344 0.9140625 0
vn 0.20263672 0.9140625 0.35107422
vn 0.20263672 0.9140625 0.35107422
vn 0.20263672 0.9140625 0.35107422
vn -0.20263672 0.9140625 0.35107422
vn -0.20263672 0.9140625 0.35107422
vn -0.20263672 0.9140625 0.35107422
vn -0.40527344 0.9140625 0
vn -0.40527344 0.9140625 0
vn -0.40527344 0.9140625 0
vn -0.20263672 0.9140625 -0.35107422
vn -0.20263672 0.9140625 -0.35107422
vn -0.20263672 0.9140625 -0.35107422
vn -0.35107422 0.9140625 -0.20263672
vn -0.35107422 0.9140625 -0.20263672
vn -0.35107422 0.9140625 -0.20263672
vn -0 0.9140625 -0.40527344
vn -0 0.9140625 -0.40527344
vn -0 0.9140625 -0.40527344
vn 0.35107422 0.9140625 -0.20263672
vn 0.35107422 0.9140625 -0.20263672
vn 0.35107422 0.9140625 -0.20263672
vn 0.35107422 0.9140625 0.20263672
vn 0.35107422 0.9140625 0.20263672
vn 0.35107422 0.9140625 0.20263672
vn -0 0.9140625 0.40527344
vn -0 0.9140625 0.40527344
vn -0 0.9140625 0.40527344
vn -0.35107422 0.9140625 0.20263672
vn -0.35107422 0.9140625 0.20263672
vn -0.35107422 0.9140625 0.20263672
vn -0.35107422 0.9140625 -0.20263672
vn -0.35107422 0.9140625 -0.20263672
vn -0.35107422 0.9140625 -0.20263672
vn -0 0.9140625 -0.40527344
vn -0 0.9140625 -0.40527344
vn -0 0.9140625 -0.40527344
vn 0.35107422 0.9140625 -0.20263672
vn 0.35107422 0.9140625 -0.20263672
vn 0.35107422 0.9140625 -0.20263672
vn 0.35107422 0.9140625 0.20263672
vn 0.35107422 0.9140625 0.20263672
vn 0.35107422 0.9140625 0.20263672
vn -0 0.9140625 0.40527344
vn -0 0.9140625 0.40527344
vn -0 0.9140625 0.40527344
vn -0.35107422 0.9140625 0.20263672
vn -0.35107422 0.9140625 0.20263672
vn -0.35107422 0.9140625 0.20263672
vn -0.35107422 0.9140625 -0.20263672
vn -0.35107422 0.9140625 -0.20263672
vn -0.35107422 0.9140625 -0.20263672
vn -0 0.9140625 -0.40527344
vn -0 0.9140625 -0.40527344
vn -0 0.9140625 -0.40527344
vn 0.35107422 0.9140625 -0.20263672
vn 0.35107422 0.9140625 -0.20263672
vn 0.35107422 0.9140625 -0.20263672
vn 0.35107422 0.9140625 0.20263672
vn 0.35107422 0.9140625 0.20263672
vn 0.35107422 0.9140625 0.20263672
vn -0 0.9140625 0.40527344
vn -0 0.9140625 0.40527344
vn -0 0.9140625 0.40527344
vn -0.35107422 0.9140625 0.20263672
vn -0.35107422 0.9140625 0.20263672
vn -0.35107422 0.9140625 0.20263672
vn -0.20263672 0.9140625 0.35107422
vn -0.20263672 0.9140625 0.35107422
vn -0.20263672 0.9140625 0.35107422
vn -0.40527344 0.9140625 0
vn -0.40527344 0.9140625 0
vn -0.40527344 0.9140625 0
vn -0.20263672 0.9140625 -0.35107422
vn -0.20263672 0.9140625 -0.35107422
vn -0.20263672 0.9140625 -0.35107422
vn 0.20263672 0.9140625 -0.35107422
vn 0.20263672 0.9140625 -0.35107422
vn 0.20263672 0.9140625 -0.35107422
vn 0.40527344 0.9140625 0
vn 0.40527344 0.9140625 0
vn 0.40527344 0.9140625 0
vn 0.20263672 0.9140625 0.35107422
vn 0.20263672 0.9140625 0.35107422
vn 0.20263672 0.9140625 0.35107422
vn -0.20263672 0.9140625 0.35107422
vn -0.20263672 0.9140625 0.35107422
vn -0.20263672 0.9140625 0.35107422
vn -0.40527344 0.9140625 0
vn -0.40527344 0.9140625 0
vn -0.40527344 0.9140625 0
vn -0.20263672 0.9140625 -0.35107422
vn -0.20263672 0.9140625 -0.35107422
vn -0.20263672 0.9140625 -0.35107422
vn 0.20263672 0.9140625 -0.35107422
vn 0.20263672 0.9140625 -0.35107422
vn 0.20263672 0.9140625 -0.35107422
vn 0.40527344 0.9140625 0
vn 0.40527344 0.9140625 0
vn 0.40527344 0.9140625 0
vn 0.20263672 0.9140625 0.35107422
vn 0.20263672 0.9140625 0.35107422
vn 0.20263672 0.9140625 0.35107422
vn -0.20263672 0.9140625 0.35107422
vn -0.20263672 0.9140625 0.35107422
vn -0.20263672 0.9140625 0.35107422
vn -0.40527344 0.9140625 0
vn -0.40527344 0.9140625 0
vn -0.40527344 0.9140625 0
vn -0.20263672 0.9140625 -0.35107422
vn -0.20263672 0.9140625 -0.35107422
vn -0.20263672 0.9140625 -0.35107422
vn 0.20263672 0.9140625 -0.35107422
vn 0.20263672 0.9140625 -0.35107422
vn 0.20263672 0.9140625 -0.35107422
vn 0.40527344 0.9140625 0
vn 0.40527344 0.9140625 0
vn 0.40527344 0.9140625 0
vn 0.20263672 0.9140625 0.35107422
vn 0.20263672 0.9140625 0.35107422
vn 0.20263672 0.9140625 0.35107422
vn 0.35107422 0.9140625 0.20263672
vn 0.35107422 0.9140625 0.20263672
vn 0.35107422 0.9140625 0.20263672
vn -0 0.9140625 0.40527344
vn -0 0.9140625 0.40527344
vn -0 0.9140625 0.40527344
vn -0.35107422 0.9140625 0.20263672
vn -0.35107422 0.9140625 0.20263672
vn -0.35107422 0.9140625 0.20263672
vn -0.35107422 0.9140625 -0.20263672
vn -0.35107422 0.9140625 -0.20263672
vn -0.35107422 0.9140625 -0.20263672
vn -0 0.9140625 -0.40527344
vn -0 0.9140625 -0.40527344
vn -0 0.9140625 -0.40527344
vn 0.35107422 0.9140625 -0.20263672
vn 0.35107422 0.9140625 -0.20263672
vn 0.35107422 0.9140625 -0.20263672
vn 0.35107422 0.9140625 0.20263672
vn 0.35107422 0.9140625 0.20263672
vn 0.35107422 0.9140625 0.20263672
vn -0 0.9140625 0.40527344
vn -0 0.9140625 0.40527344
vn -0 0.9140625 0.40527344
vn -0.35107422 0.9140625 0.20263672
vn -0.35107422 0.9140625 0.20263672
vn -0.35107422 0.9140625 0.20263672
vn -0.35107422 0.9140625 -0.20263672
vn -0.35107422 0.9140625 -0.20263672
vn -0.35107422 0.9140625 -0.20263672
vn -0 0.9140625 -0.40527344
vn -0 0.9140625 -0.40527344
vn -0 0.9140625 -0.40527344
vn 0.35107422 0.9140625 -0.20263672
vn 0.35107422 0.9140625 -0.20263672
vn 0.35107422 0.9140625 -0.20263672
vn 0.35107422 0.9140625 0.20263672
vn 0.35107422 0.9140625 0.20263672
vn 0.35107422 0.9140625 0.20263672
vn -0 0.9140625 0.40527344
vn -0 0.9140625 0.40527344
vn -0 0.9140625 0.40527344
vn -0.35107422 0.9140625 0.20263672
vn -0.35107422 0.9140625 0.20263672
vn -0.35107422 0.9140625 0.20263672
vn -0.35107422 0.9140625 -0.20263672
vn -0.35107422 0.9140625 -0.20263672
vn -0.35107422 0.9140625 -0.20263672
vn -0 0.9140625 -0.40527344
vn -0 0.9140625 -0.40527344
vn -0 0.9140625 -0.40527344
vn 0.35107422 0.9140625 -0.20263672
vn 0.35107422 0.9140625 -0.20263672
vn 0.35107422 0.9140625 -0.20263672
vn -0.35107422 0.9140625 -0.20263672
vn -0.35107422 0.9140625 -0.20263672
vn -0.35107422 0.9140625 -0.20263672
vn -0 0.9140625 -0.40527344
vn -0 0.9140625 -0.40527344
vn -0 0.9140625 -0.40527344
vn 0.35107422 0.9140625 -0.20263672
vn 0.35107422 0.9140625 -0.20263672
vn 0.35107422 0.9140625 -0.20263672
vn 0.35107422 0.9140625 0.20263672
vn 0.35107422 0.9140625 0.20263672
vn 0.35107422 0.9140625 0.20263672
vn -0 0.9140625 0.40527344
vn -0 0.9140625 0.40527344
vn -0 0.9140625 0.40527344
vn -0.35107422 0.9140625 0.20263672
vn -0.35107422 0.9140625 0.20263672
vn -0.35107422 0.9140625 0.20263672
vn -0.20263672 0.9140625 0.35107422
vn -0.20263672 0.9140625 0.35107422
vn -0.20263672 0.9140625 0.35107422
vn -0.40527344 0.9140625 0
vn -0.40527344 0.9140625 0
vn -0.40527344 0.9140625 0
vn -0.20263672 0.9140625 -0.35107422
vn -0.20263672 0.9140625 -0.35107422
vn -0.20263672 0.9140625 -0.35107422
vn 0.20263672 0.9140625 -0.35107422
vn 0.20263672 0.9140625 -0.35107422
vn 0.20263672 0.9140625 -0.35107422
vn 0.40527344 0.9140625 0
vn 0.40527344 0.9140625 0
vn 0.40527344 0.9140625 0
vn 0.20263672 0.9140625 0.35107422
vn 0.20263672 0.9140625 0.35107422
vn 0.20263672 0.9140625 0.35107422
vn 0.35107422 0.9140625 0.20263672
vn 0.35107422 0.9140625 0.20263672
vn 0.35107422 0.9140625 0.20263672
vn -0 0.9140625 0.40527344
vn -0 0.9140625 0.40527344
vn -0 0.9140625 0.40527344
vn -0.35107422 0.9140625 0.20263672
vn -0.35107422 0.9140625 0.20263672
vn -0.35107422 0.9140625 0.20263672
vn -0.35107422 0.9140625 -0.20263672
vn -0.35107422 0.9140625 -0.20263672
vn -0.35107422 0.9140625 -0.20263672
vn -0 0.9140625 -0.40527344
vn -0 0.9140625 -0.40527344
vn -0 0.9140625 -0.40527344
vn 0.35107422 0.9140625 -0.20263672
vn 0.35107422 0.9140625 -0.20263672
vn 0.35107422 0.9140625 -0.20263672
vn -0.35107422 0.9140625 0.20263672
vn -0.35107422 0.9140625 0.20263672
vn -0.35107422 0.9140625 0.20263672
vn -0 0.9140625 0.40527344
vn -0 0.9140625 0.40527344
vn -0 0.9140625 0.40527344
vn 0.35107422 0.9140625 0.20263672
vn 0.35107422 0.9140625 0.20263672
vn 0.35107422 0.9140625 0.20263672
vn 0.35107422 0.9140625 -0.20263672
vn 0.35107422 0.9140625 -0.20263672
vn 0.35107422 0.9140625 -0.20263672
vn -0 0.9140625 -0.40527344
vn -0 0.9140625 -0.40527344
vn -0 0.9140625 -0.40527344
vn -0.35107422 0.9140625 -0.20263672
vn -0.35107422 0.9140625 -0.20263672
vn -0.35107422 0.9140625 -0.20263672
vn -0.35107422 0.9140625 0.20263672
vn -0.35107422 0.9140625 0.20263672
vn -0.35107422 0.9140625 0.20263672
vn -0 0.9140625 0.40527344
vn -0 0.9140625 0.40527344
vn -0 0.9140625 0.40527344
vn 0.35107422 0.9140625 0.20263672
vn 0.35107422 0.9140625 0.20263672
vn 0.35107422 0.9140625 0.20263672
vn 0.35107422 0.9140625 -0.20263672
vn 0.35107422 0.9140625 -0.20263672
vn 0.35107422 0.9140625 -0.20263672
vn -0 0.9140625 -0.40527344
vn -0 0.9140625 -0.40527344
vn -0 0.9140625 -0.40527344
vn -0.35107422 0.9140625 -0.20263672
vn -0.35107422 0.9140625 -0.20263672
vn -0.35107422 0.9140625 -0.20263672
vn -0.35107422 0.9140625 0.20263672
vn -0.35107422 0.9140625 0.20263672
vn -0.35107422 0.9140625 0.20263672
vn -0 0.9140625 0.40527344
vn -0 0.9140625 0.40527344
vn -0 0.9140625 0.40527344
vn 0.35107422 0.9140625 0.20263672
vn 0.35107422 0.9140625 0.20263672
vn 0.35107422 0.9140625 0.20263672
vn 0.35107422 0.9140625 -0.20263672
vn 0.35107422 0.9140625 -0.20263672
vn 0.35107422 0.9140625 -0.20263672
vn -0 0.9140625 -0.40527344
vn -0 0.9140625 -0.40527344
vn -0 0.9140625 -0.40527344
vn -0.35107422 0.9140625 -0.20263672
vn -0.35107422 0.9140625 -0.20263672
vn -0.35107422 0.9140625 -0.20263672
vn -0.35107422 0.9140625 0.20263672
vn -0.35107422 0.9140625 0.20263672
vn -0.35107422 0.9140625 0.20263672
vn -0 0.9140625 0.40527344
vn -0 0.9140625 0.40527344
vn -0 0.9140625 0.40527344
vn 0.35107422 0.9140625 0.20263672
vn 0.35107422 0.9140625 0.20263672
vn 0.35107422 0.9140625 0.20263672
vn 0.35107422 0.9140625 -0.20263672
vn 0.35107422 0.9140625 -0.20263672
vn 0.35107422 0.9140625 -0.20263672
vn -0 0.9140625 -0.40527344
vn -0 0.9140625 -0.40527344
vn -0 0.9140625 -0.40527344
vn -0.35107422 0.9140625 -0.20263672
vn -0.35107422 0.9140625 -0.20263672
vn -0.35107422 0.9140625 -0.20263672
vn -0.20263672 0.9140625 -0.35107422
vn -0.20263672 0.9140625 -0.35107422
vn -0.20263672 0.9140625 -0.35107422
vn -0.40527344 0.9140625 0
vn -0.40527344 0.9140625 0
vn -0.40527344 0.9140625 0
vn -0.20263672 0.9140625 0.35107422
vn -0.20263672 0.9140625 0.35107422
vn -0.20263672 0.9140625 0.35107422
vn 0.20263672 0.9140625 0.35107422
vn 0.20263672 0.9140625 0.35107422
vn 0.20263672 0.9140625 0.35107422
vn 0.40527344 0.9140625 0
vn 0.40527344 0.9140625 0
vn 0.40527344 0.9140625 0
vn 0.20263672 0.9140625 -0.35107422
vn 0.20263672 0.9140625 -0.35107422
vn 0.20263672 0.9140625 -0.35107422
vn -0.20263672 0.9140625 -0.35107422
vn -0.20263672 0.9140625 -0.35107422
vn -0.20263672 0.9140625 -0.35107422
vn -0.40527344 0.9140625 0
vn -0.40527344 0.9140625 0
vn -0.40527344 0.9140625 0
vn -0.20263672 0.9140625 0.35107422
vn -0.20263672 0.9140625 0.35107422
vn -0.20263672 0.9140625 0.35107422
vn 0.20263672 0.9140625 0.35107422
vn 0.20263672 0.9140625 0.35107422
vn 0.20263672 0.9140625 0.35107422
vn 0.40527344 0.9140625 0
vn 0.40527344 0.9140625 0
vn 0.40527344 0.9140625 0
vn 0.20263672 0.9140625 -0.35107422
vn 0.20263672 0.9140625 -0.35107422
vn 0.20263672 0.9140625 -0.35107422
vn -0.20263672 0.9140625 -0.35107422
vn -0.20263672 0.9140625 -0.35107422
vn -0.20263672 0.9140625 -0.35107422
vn -0.40527344 0.9140625 0
vn -0.40527344 0.9140625 0
vn -0.40527344 0.9140625 0
vn -0.20263672 0.9140625 0.35107422
vn -0.20263672 0.9140625 0.35107422
vn -0.20263672 0.9140625 0.35107422
vn 0.20263672 0.9140625 0.35107422
vn 0.20263672 0.9140625 0.35107422
vn 0.20263672 0.9140625 0.35107422
vn 0.40527344 0.9140625 0
vn 0.40527344 0.9140625 0
vn 0.40527344 0.9140625 0
vn 0.20263672 0.9140625 -0.35107422
vn 0.20263672 0.9140625 -0.35107422
vn 0.20263672 0.9140625 -0.35107422
vn 0.35107422 0.9140625 -0.20263672
vn 0.35107422 0.9140625 -0.20263672
vn 0.35107422 0.9140625 -0.20263672
vn -0 0.9140625 -0.40527344
vn -0 0.9140625 -0.40527344
vn -0 0.9140625 -0.40527344
vn -0.35107422 0.9140625 -0.20263672
vn -0.35107422 0.9140625 -0.20263672
vn -0.35107422 0.9140625 -0.20263672
vn -0.35107422 0.9140625 0.20263672
vn -0.35107422 0.9140625 0.20263672
vn -0.35107422 0.9140625 0.20263672
vn -0 0.9140625 0.40527344
vn -0 0.9140625 0.40527344
vn -0 0.9140625 0.40527344
vn 0.35107422 0.9140625 0.20263672
vn 0.35107422 0.9140625 0.20263672
vn 0.35107422 0.9140625 0.20263672
vn 0.35107422 0.9140625 -0.20263672
vn 0.35107422 0.9140625 -0.20263672
vn 0.35107422 0.9140625 -0.20263672
vn -0 0.9140625 -0.40527344
vn -0 0.9140625 -0.40527344
vn -0 0.9140625 -0.40527344
vn -0.35107422 0.9140625 -0.20263672
vn -0.35107422 0.9140625 -0.20263672
vn -0.35107422 0.9140625 -0.20263672
vn -0.35107422 0.9140625 0.20263672
vn -0.35107422 0.9140625 0.20263672
vn -0.35107422 0.9140625 0.20263672
vn -0 0.9140625 0.40527344
vn -0 0.9140625 0.40527344
vn -0 0.9140625 0.40527344
vn 0.35107422 0.9140625 0.20263672
vn 0.35107422 0.9140625 0.20263672
vn 0.35107422 0.9140625 0.20263672
vn 0.35107422 0.9140625 -0.20263672
vn 0.35107422 0.9140625 -0.20263672
vn 0.35107422 0.9140625 -0.20263672
vn -0 0.9140625 -0.40527344
vn -0 0.9140625 -0.40527344
vn -0 0.9140625 -0.40527344
vn -0.35107422 0.9140625 -0.20263672
vn -0.35107422 0.9140625 -0.20263672
vn -0.35107422 0.9140625 -0.20263672
vn -0.35107422 0.9140625 0.20263672
vn -0.35107422 0.9140625 0.20263672
vn -0.35107422 0.9140625 0.20263672
vn -0 0.9140625 0.40527344
vn -0 0.9140625 0.40527344
vn -0 0.9140625 0.40527344
vn 0.35107422 0.9140625 0.20263672
vn 0.35107422 0.9140625 0.20263672
vn 0.35107422 0.9140625 0.20263672
vn 0.20263672 0.9140625 0.35107422
vn 0.20263672 0.9140625 0.35107422
vn 0.20263672 0.9140625 0.35107422
vn 0.40527344 0.9140625 0
vn 0.40527344 0.9140625 0
vn 0.40527344 0.9140625 0
vn 0.20263672 0.9140625 -0.35107422
vn 0.20263672 0.9140625 -0.35107422
vn 0.20263672 0.9140625 -0.35107422
vn -0.20263672 0.9140625 -0.35107422
vn -0.20263672 0.9140625 -0.35107422
vn -0.20263672 0.9140625 -0.35107422
vn -0.40527344 0.9140625 0
vn -0.40527344 0.9140625 0
vn -0.40527344 0.9140625 0
vn -0.20263672 0.9140625 0.35107422
vn -0.20263672 0.9140625 0.35107422
vn -0.20263672 0.9140625 0.35107422
vn 0.20263672 0.9140625 0.35107422
vn 0.20263672 0.9140625 0.35107422
vn 0.20263672 0.9140625 0.35107422
vn 0.40527344 0.9140625 0
vn 0.40527344 0.9140625 0
vn 0.40527344 0.9140625 0
vn 0.20263672 0.9140625 -0.35107422
vn 0.20263672 0.9140625 -0.35107422
vn 0.20263672 0.9140625 -0.35107422
vn -0.20263672 0.9140625 -0.35107422
vn -0.20263672 0.9140625 -0.35107422
vn -0.20263672 0.9140625 -0.35107422
vn -0.40527344 0.9140625 0
vn -0.40527344 0.9140625 0
vn -0.40527344 0.9140625 0
vn -0.20263672 0.9140625 0.35107422
vn -0.20263672 0.9140625 0.35107422
vn -0.20263672 0.9140625 0.35107422
vn 0.20263672 0.9140625 0.35107422
vn 0.20263672 0.9140625 0.35107422
vn 0.20263672 0.9140625 0.35107422
vn 0.40527344 0.9140625 0
vn 0.40527344 0.9140625 0
vn 0.40527344 0.9140625 0
vn 0.20263672 0.9140625 -0.35107422
vn 0.20263672 0.9140625 -0.35107422
vn 0.20263672 0.9140625 -0.35107422
vn -0.20263672 0.9140625 -0.35107422
vn -0.20263672 0.9140625 -0.35107422
vn -0.20263672 0.9140625 -0.35107422
vn -0.40527344 0.9140625 0
vn -0.40527344 0.9140625 0
vn -0.40527344 0.9140625 0
vn -0.20263672 0.9140625 0.35107422
vn -0.20263672 0.9140625 0.35107422
vn -0.20263672 0.9140625 0.35107422
vn -0.20263672 0.9140625 -0.35107422
vn -0.20263672 0.9140625 -0.35107422
vn -0.20263672 0.9140625 -0.35107422
vn -0.40527344 0.9140625 0
vn -0.40527344 0.9140625 0
vn -0.40527344 0.9140625 0
vn -0.20263672 0.9140625 0.35107422
vn -0.20263672 0.9140625 0.35107422
vn -0.20263672 0.9140625 0.35107422
vn 0.20263672 0.9140625 0.35107422
vn 0.20263672 0.9140625 0.35107422
vn 0.20263672 0.9140625 0.35107422
vn 0.40527344 0.9140625 0
vn 0.40527344 0.9140625 0
vn 0.40527344 0.9140625 0
vn 0.20263672 0.9140625 -0.35107422
vn 0.20263672 0.9140625 -0.35107422
vn 0.20263672 0.9140625 -0.35107422
vn 0.35107422 0.9140625 -0.20263672
vn 0.35107422 0.9140625 -0.20263672
vn 0.35107422 0.9140625 -0.20263672
vn -0 0.9140625 -0.40527344
vn -0 0.9140625 -0.40527344
vn -0 0.9140625 -0.40527344
vn -0.35107422 0.9140625 -0.20263672
vn -0.35107422 0.9140625 -0.20263672
vn -0.35107422 0.9140625 -0.20263672
vn -0.35107422 0.9140625 0.20263672
vn -0.35107422 0.9140625 0.20263672
vn -0.35107422 0.9140625 0.20263672
vn -0 0.9140625 0.40527344
vn -0 0.9140625 0.40527344
vn -0 0.9140625 0.40527344
vn 0.35107422 0.9140625 0.20263672
vn 0.35107422 0.9140625 0.20263672
vn 0.35107422 0.9140625 0.20263672
vn 0.20263672 0.9140625 0.35083008
vn 0.20263672 0.9140625 0.35083008
vn 0.20263672 0.9140625 0.35083008
vn 0.40527344 0.9140625 0
vn 0.40527344 0.9140625 0
vn 0.40527344 0.9140625 0
vn 0.20263672 0.9140625 -0.35107422
vn 0.20263672 0.9140625 -0.35107422
vn 0.20263672 0.9140625 -0.35107422
vn -0.20263672 0.9140625 -0.35107422
vn -0.20263672 0.9140625 -0.35107422
vn -0.20263672 0.9140625 -0.35107422
vn -0.40527344 0.9140625 0
vn -0.40527344 0.9140625 0
vn -0.40527344 0.9140625 0
vn -0.20263672 0.9140625 0.35083008
vn -0.20263672 0.9140625 0.35083008
vn -0.20263672 0.9140625 0.35083008
vn 0.35107422 0.9140625 0.20263672
vn 0.35107422 0.9140625 0.20263672
vn 0.35107422 0.9140625 0.20263672
vn -0 0.9140625 0.40527344
vn -0 0.9140625 0.40527344
vn -0 0.9140625 0.40527344
vn -0.35107422 0.9140625 0.20263672
vn -0.35107422 0.9140625 0.20263672
vn -0.35107422 0.9140625 0.20263672
vn -0.35107422 0.9140625 -0.20263672
vn -0.35107422 0.9140625 -0.20263672
vn -0.35107422 0.9140625 -0.20263672
vn -0 0.9140625 -0.40527344
vn -0 0.9140625 -0.40527344
vn -0 0.9140625 -0.40527344
vn 0.35107422 0.9140625 -0.20263672
vn 0.35107422 0.9140625 -0.20263672
vn 0.35107422 0.9140625 -0.20263672
vn 0.35107422 0.9140625 0.20263672
vn 0.35107422 0.9140625 0.20263672
vn 0.35107422 0.9140625 0.20263672
vn -0 0.9140625 0.40527344
vn -0 0.9140625 0.40527344
vn -0 0.9140625 0.40527344
vn -0.35107422 0.9140625 0.20263672
vn -0.35107422 0.9140625 0.20263672
vn -0.35107422 0.9140625 0.20263672
vn -0.35107422 0.9140625 -0.20263672
vn -0.35107422 0.9140625 -0.20263672
vn -0.35107422 0.9140625 -0.20263672
vn -0 0.9140625 -0.40527344
vn -0 0.9140625 -0.40527344
vn -0 0.9140625 -0.40527344
vn 0.35107422 0.9140625 -0.20263672
vn 0.35107422 0.9140625 -0.20263672
vn 0.35107422 0.9140625 -0.20263672
vn 0.35107422 0.9140625 0.20263672
vn 0.35107422 0.9140625 0.20263672
vn 0.35107422 0.9140625 0.20263672
vn -0 0.9140625 0.40527344
vn -0 0.9140625 0.40527344
vn -0 0.9140625 0.40527344
vn -0.35107422 0.9140625 0.20263672
vn -0.35107422 0.9140625 0.20263672
vn -0.35107422 0.9140625 0.20263672
vn -0.35107422 0.9140625 -0.20263672
vn -0.35107422 0.9140625 -0.20263672
vn -0.35107422 0.9140625 -0.20263672
vn -0 0.9140625 -0.40527344
vn -0 0.9140625 -0.40527344
vn -0 0.9140625 -0.40527344
vn 0.35107422 0.9140625 -0.20263672
vn 0.35107422 0.9140625 -0.20263672
vn 0.35107422 0.9140625 -0.20263672
vn 0.35107422 0.9140625 0.20263672
vn 0.35107422 0.9140625 0.20263672
vn 0.35107422 0.9140625 0.20263672
vn -0 0.9140625 0.40527344
vn -0 0.9140625 0.40527344
vn -0 0.9140625 0.40527344
vn -0.35107422 0.9140625 0.20263672
vn -0.35107422 0.9140625 0.20263672
vn -0.35107422 0.9140625 0.20263672
vn -0.35107422 0.9140625 -0.20263672
vn -0.35107422 0.9140625 -0.20263672
vn -0.35107422 0.9140625 -0.20263672
vn -0 0.9140625 -0.40527344
vn -0 0.9140625 -0.40527344
vn -0 0.9140625 -0.40527344
vn 0.35107422 0.9140625 -0.20263672
vn 0.35107422 0.9140625 -0.20263672
vn 0.35107422 0.9140625 -0.20263672
vn 0.20263672 0.9140625 -0.35107422
vn 0.20263672 0.9140625 -0.35107422
vn 0.20263672 0.9140625 -0.35107422
vn 0.40527344 0.9140625 0
vn 0.40527344 0.9140625 0
vn 0.40527344 0.9140625 0
vn 0.20263672 0.9140625 0.35107422
vn 0.20263672 0.9140625 0.35107422
vn 0.20263672 0.9140625 0.35107422
vn -0.20263672 0.9140625 0.35107422
vn -0.20263672 0.9140625 0.35107422
vn -0.20263672 0.9140625 0.35107422
vn -0.40527344 0.9140625 0
vn -0.40527344 0.9140625 0
vn -0.40527344 0.9140625 0
vn -0.20263672 0.9140625 -0.35107422
vn -0.20263672 0.9140625 -0.35107422
vn -0.20263672 0.9140625 -0.35107422
vn 0.20263672 0.9140625 -0.35107422
vn 0.20263672 0.9140625 -0.35107422
vn 0.20263672 0.9140625 -0.35107422
vn 0.40527344 0.9140625 0
vn 0.40527344 0.9140625 0
vn 0.40527344 0.9140625 0
vn 0.20263672 0.9140625 0.35107422
vn 0.20263672 0.9140625 0.35107422
vn 0.20263672 0.9140625 0.35107422
vn -0.20263672 0.9140625 0.35107422
vn -0.20263672 0.9140625 0.35107422
vn -0.20263672 0.9140625 0.35107422
vn -0.40527344 0.9140625 0
vn -0.40527344 0.9140625 0
vn -0.40527344 0.9140625 0
vn -0.20263672 0.9140625 -0.35107422
vn -0.20263672 0.9140625 -0.35107422
vn -0.20263672 0.9140625 -0.35107422
vn 0.20263672 0.9140625 -0.35107422
vn 0.20263672 0.9140625 -0.35107422
vn 0.20263672 0.9140625 -0.35107422
vn 0.40527344 0.9140625 0
vn 0.40527344 0.9140625 0
vn 0.40527344 0.9140625 0
vn 0.20263672 0.9140625 0.35107422
vn 0.20263672 0.9140625 0.35107422
vn 0.20263672 0.9140625 0.35107422
vn -0.20263672 0.9140625 0.35107422
vn -0.20263672 0.9140625 0.35107422
vn -0.20263672 0.9140625 0.35107422
vn -0.40527344 0.9140625 0
vn -0.40527344 0.9140625 0
vn -0.40527344 0.9140625 0
vn -0.20263672 0.9140625 -0.35107422
vn -0.20263672 0.9140625 -0.35107422
vn -0.20263672 0.9140625 -0.35107422
vn -0.35107422 0.9140625 -0.20263672
vn -0.35107422 0.9140625 -0.20263672
vn -0.35107422 0.9140625 -0.20263672
vn -0 0.9140625 -0.40527344
vn -0 0.9140625 -0.40527344
vn -0 0.9140625 -0.40527344
vn 0.35107422 0.9140625 -0.20263672
vn 0.35107422 0.9140625 -0.20263672
vn 0.35107422 0.9140625 -0.20263672
vn 0.35107422 0.9140625 0.20263672
vn 0.35107422 0.9140625 0.20263672
vn 0.35107422 0.9140625 0.20263672
vn -0 0.9140625 0.40527344
vn -0 0.9140625 0.40527344
vn -0 0.9140625 0.40527344
vn -0.35107422 0.9140625 0.20263672
vn -0.35107422 0.9140625 0.20263672
vn -0.35107422 0.9140625 0.20263672
vn -0.35107422 0.9140625 -0.20263672
vn -0.35107422 0.9140625 -0.20263672
vn -0.35107422 0.9140625 -0.20263672
vn -0 0.9140625 -0.40527344
vn -0 0.9140625 -0.40527344
vn -0 0.9140625 -0.40527344
vn 0.35107422 0.9140625 -0.20263672
vn 0.35107422 0.9140625 -0.20263672
vn 0.35107422 0.9140625 -0.20263672
vn 0.35107422 0.9140625 0.20263672
vn 0.35107422 0.9140625 0.20263672
vn 0.35107422 0.9140625 0.20263672
vn -0 0.9140625 0.40527344
vn -0 0.9140625 0.40527344
vn -0 0.9140625 0.40527344
vn -0.35107422 0.9140625 0.20263672
vn -0.35107422 0.9140625 0.20263672
vn -0.35107422 0.9140625 0.20263672
vn -0.35107422 0.9140625 -0.20263672
vn -0.35107422 0.9140625 -0.20263672
vn -0.35107422 0.9140625 -0.20263672
vn -0 0.9140625 -0.40527344
vn -0 0.9140625 -0.40527344
vn -0 0.9140625 -0.40527344
vn 0.35107422 0.9140625 -0.20263672
vn 0.35107422 0.9140625 -0.20263672
vn 0.35107422 0.9140625 -0.20263672
vn 0.35107422 0.9140625 0.20263672
vn 0.35107422 0.9140625 0.20263672
vn 0.35107422 0.9140625 0.20263672
vn -0 0.9140625 0.40527344
vn -0 0.9140625 0.40527344
vn -0 0.9140625 0.40527344
vn -0.35107422 0.9140625 0.20263672
vn -0.35107422 0.9140625 0.20263672
vn -0.35107422 0.9140625 0.20263672
vn -0.20263672 0.9140625 0.35107422
vn -0.20263672 0.9140625 0.35107422
vn -0.20263672 0.9140625 0.35107422
vn -0.40527344 0.9140625 0
vn -0.40527344 0.9140625 0
vn -0.40527344 0.9140625 0
vn -0.20263672 0.9140625 -0.35107422
vn -0.20263672 0.9140625 -0.35107422
vn -0.20263672 0.9140625 -0.35107422
vn 0.20263672 0.9140625 -0.35107422
vn 0.20263672 0.9140625 -0.35107422
vn 0.20263672 0.9140625 -0.35107422
vn 0.40527344 0.9140625 0
vn 0.40527344 0.9140625 0
vn 0.40527344 0.9140625 0
vn 0.20263672 0.9140625 0.35107422
vn 0.20263672 0.9140625 0.35107422
vn 0.20263672 0.9140625 0.35107422
vn -0.20263672 0.9140625 0.35107422
vn -0.20263672 0.9140625 0.35107422
vn -0.20263672 0.9140625 0.35107422
vn -0.40527344 0.9140625 0
vn -0.40527344 0.9140625 0
vn -0.40527344 0.9140625 0
vn -0.20263672 0.9140625 -0.35107422
vn -0.20263672 0.9140625 -0.35107422
vn -0.20263672 0.9140625 -0.35107422
vn 0.20263672 0.9140625 -0.35107422
vn 0.20263672 0.9140625 -0.35107422
vn 0.20263672 0.9140625 -0.35107422
vn 0.40527344 0.9140625 0
vn 0.40527344 0.9140625 0
vn 0.40527344 0.9140625 0
vn 0.20263672 0.9140625 0.35107422
vn 0.20263672 0.9140625 0.35107422
vn 0.20263672 0.9140625 0.35107422
vn -0.20263672 0.9140625 0.35107422
vn -0.20263672 0.9140625 0.35107422
vn -0.20263672 0.9140625 0.35107422
vn -0.40527344 0.9140625 0
vn -0.40527344 0.9140625 0
vn -0.40527344 0.9140625 0
vn -0.20263672 0.9140625 -0.35107422
vn -0.20263672 0.9140625 -0.35107422
vn -0.20263672 0.9140625 -0.35107422
vn 0.20263672 0.9140625 -0.35107422
vn 0.20263672 0.9140625 -0.35107422
vn 0.20263672 0.9140625 -0.35107422
vn 0.40527344 0.9140625 0
vn 0.40527344 0.9140625 0
vn 0.40527344 0.9140625 0
vn 0.20263672 0.9140625 0.35107422
vn 0.20263672 0.9140625 0.35107422
vn 0.20263672 0.9140625 0.35107422
vn 0.20263672 0.9140625 -0.35083008
vn 0.20263672 0.9140625 -0.35083008
vn 0.20263672 0.9140625 -0.35083008
vn 0.40527344 0.9140625 0
vn 0.40527344 0.9140625 0
vn 0.40527344 0.9140625 0
vn 0.20263672 0.9140625 0.35107422
vn 0.20263672 0.9140625 0.35107422
vn 0.20263672 0.9140625 0.35107422
vn -0.20263672 0.9140625 0.35107422
vn -0.20263672 0.9140625 0.35107422
vn -0.20263672 0.9140625 0.35107422
vn -0.40527344 0.9140625 0
vn -0.40527344 0.9140625 0
vn -0.40527344 0.9140625 0
vn -0.20263672 0.9140625 -0.35083008
vn -0.20263672 0.9140625 -0.35083008
vn -0.20263672 0.9140625 -0.35083008
vn -0.35107422 0.9140625 -0.20263672
vn -0.35107422 0.9140625 -0.20263672
vn -0.35107422 0.9140625 -0.20263672
vn -0 0.9140625 -0.40527344
vn -0 0.9140625 -0.40527344
vn -0 0.9140625 -0.40527344
vn 0.35107422 0.9140625 -0.20263672
vn 0.35107422 0.9140625 -0.20263672
vn 0.35107422 0.9140625 -0.20263672
vn 0.35107422 0.9140625 0.20263672
vn 0.35107422 0.9140625 0.20263672
vn 0.35107422 0.9140625 0.20263672
vn -0 0.9140625 0.40527344
vn -0 0.9140625 0.40527344
vn -0 0.9140625 0.40527344
vn -0.35107422 0.9140625 0.20263672
vn -0.35107422 0.9140625 0.20263672
vn -0.35107422 0.9140625 0.20263672
vn -0.20263672 0.9140625 0.35107422
vn -0.20263672 0.9140625 0.35107422
vn -0.20263672 0.9140625 0.35107422
vn -0.40527344 0.9140625 0
vn -0.40527344 0.9140625 0
vn -0.40527344 0.9140625 0
vn -0.20263672 0.9140625 -0.35107422
vn -0.20263672 0.9140625 -0.35107422
vn -0.20263672 0.9140625 -0.35107422
vn 0.20263672 0.9140625 -0.35107422
vn 0.20263672 0.9140625 -0.35107422
vn 0.20263672 0.9140625 -0.35107422
vn 0.40527344 0.9140625 0
vn 0.40527344 0.9140625 0
vn 0.40527344 0.9140625 0
vn 0.20263672 0.9140625 0.35107422
vn 0.20263672 0.9140625 0.35107422
vn 0.20263672 0.9140625 0.35107422
vn -0.86621094 -0.000685215 -0.5
vn -0.86621094 -0.000685215 -0.5
vn -0.86621094 -0.000685215 -0.5
vn -0.86621094 -0.000685215 -0.5
vn -0.86621094 -0.000685215 0.5
vn -0.86621094 -0.000685215 0.5
vn -0.86621094 -0.000685215 0.5
vn -0.86621094 -0.000685215 0.5
vn -0 -0.00068616867 1
vn -0 -0.00068616867 1
vn -0 -0.00068616867 1
vn -0 -0.00068616867 1
vn 0.86621094 -0.00068569183 0.5
vn 0.86621094 -0.00068569183 0.5
vn 0.86621094 -0.00068569183 0.5
vn 0.86621094 -0.00068569183 0.5
vn -0.86572266 -0.014701843 -0.5
vn -0.86572266 -0.014701843 -0.5
vn -0.86572266 -0.014701843 -0.5
vn -0.86572266 -0.014701843 -0.5
vn -0.86572266 -0.014701843 0.5
vn -0.86572266 -0.014701843 0.5
vn -0.86572266 -0.014701843 0.5
vn -0.86572266 -0.014701843 0.5
vn -0 -0.014701843 1
vn -0 -0.014701843 1
vn -0 -0.014701843 1
vn -0 -0.014701843 1
vn 0.86572266 -0.014701843 0.5
vn 0.86572266 -0.014701843 0.5
vn 0.86572266 -0.014701843 0.5
vn 0.86572266 -0.014701843 0.5
vn -0.82666016 -0.2980957 -0.47729492
vn -0.82666016 -0.2980957 -0.47729492
vn -0.82666016 -0.2980957 -0.47729492
vn -0.82666016 -0.2980957 -0.47729492
vn -0.82666016 -0.2980957 0.47729492
vn -0.82666016 -0.2980957 0.47729492
vn -0.82666016 -0.2980957 0.47729492
vn -0.82666016 -0.2980957 0.47729492
vn -0 -0.2980957 0.95458984
vn -0 -0.2980957 0.95458984
vn -0 -0.2980957 0.95458984
vn -0 -0.2980957 0.95458984
vn 0.82666016 -0.2980957 0.47729492
vn 0.82666016 -0.2980957 0.47729492
vn 0.82666016 -0.2980957 0.47729492
vn 0.82666016 -0.2980957 0.47729492
vn -0.86621094 0 -0.5
vn -0.86621094 0 -0.5
vn -0.86621094 0 -0.5
vn -0.86621094 0 -0.5
vn -0.86621094 0 0.5
vn -0.86621094 0 0.5
vn -0.86621094 0 0.5
vn -0.86621094 0 0.5
vn -0 0 1
vn -0 0 1
vn -0 0 1
vn -0 0 1
vn 0.86621094 0 0.5
vn 0.86621094 0 0.5
vn 0.86621094 0 0.5
vn 0.86621094 0 0.5
vn -0.86621094 0 -0.5
vn -0.86621094 0 -0.5
vn -0.86621094 0 -0.5
vn -0.86621094 0 -0.5
vn -0.86621094 0 0.5
vn -0.86621094 0 0.5
vn -0.86621094 0 0.5
vn -0.86621094 0 0.5
vn -0 0 1
vn -0 0 1
vn -0 0 1
vn -0 0 1
vn 0.86621094 0 0.5
vn 0.86621094 0 0.5
vn 0.86621094 0 0.5
vn 0.86621094 0 0.5
vn -0.86621094 0 -0.5
vn -0.86621094 0 -0.5
vn -0.86621094 0 -0.5
vn -0.86621094 0 -0.5
vn -0.86621094 0 0.5
vn -0.86621094 0 0.5
vn -0.86621094 0 0.5
vn -0.86621094 0 0.5
vn -0 0 1
vn -0 0 1
vn -0 0 1
vn -0 0 1
vn 0.86621094 0 0.5
vn 0.86621094 0 0.5
vn 0.86621094 0 0.5
vn 0.86621094 0 0.5
vn 0.5 0 0.86621094
vn 0.5 0 0.86621094
vn 0.5 0 0.86621094
vn 0.5 0 0.86621094
vn -0.5 0 -0.86621094
vn -0.5 0 -0.86621094
vn -0.5 0 -0.86621094
vn -0.5 0 -0.86621094
vn -1 0 0
vn -1 0 0
vn -1 0 0
vn -1 0 0
vn -0.5 0 0.86621094
vn -0.5 0 0.86621094
vn -0.5 0 0.86621094
vn -0.5 0 0.86621094
vn 0.5 0 0.86621094
vn 0.5 0 0.86621094
vn 0.5 0 0.86621094
vn 0.5 0 0.86621094
vn -0.5 0 -0.86621094
vn -0.5 0 -0.86621094
vn -0.5 0 -0.86621094
vn -0.5 0 -0.86621094
vn -1 0 0
vn -1 0 0
vn -1 0 0
vn -1 0 0
vn -0.5 0 0.86621094
vn -0.5 0 0.86621094
vn -0.5 0 0.86621094
vn -0.5 0 0.86621094
vn 0.5 0 0.86621094
vn 0.5 0 0.86621094
vn 0.5 0 0.86621094
vn 0.5 0 0.86621094
vn -0.5 0 -0.86621094
vn -0.5 0 -0.86621094
vn -0.5 0 -0.86621094
vn -0.5 0 -0.86621094
vn -1 0 0
vn -1 0 0
vn -1 0 0
vn -1 0 0
vn -0.5 0 0.86621094
vn -0.5 0 0.86621094
vn -0.5 0 0.86621094
vn -0.5 0 0.86621094
vn -0.86621094 0 0.5
vn -0.86621094 0 0.5
vn -0.86621094 0 0.5
vn -0.86621094 0 0.5
vn -0 0 1
vn -0 0 1
vn -0 0 1
vn -0 0 1
vn 0.86621094 0 0.5
vn 0.86621094 0 0.5
vn 0.86621094 0 0.5
vn 0.86621094 0 0.5
vn -0.86621094 0 -0.5
vn -0.86621094 0 -0.5
vn -0.86621094 0 -0.5
vn -0.86621094 0 -0.5
vn -0.86621094 0 0.5
vn -0.86621094 0 0.5
vn -0.86621094 0 0.5
vn -0.86621094 0 0.5
vn -0 0 1
vn -0 0 1
vn -0 0 1
vn -0 0 1
vn 0.86621094 0 0.5
vn 0.86621094 0 0.5
vn 0.86621094 0 0.5
vn 0.86621094 0 0.5
vn -0.86621094 0 -0.5
vn -0.86621094 0 -0.5
vn -0.86621094 0 -0.5
vn -0.86621094 0 -0.5
vn -0.86621094 0 0.5
vn -0.86621094 0 0.5
vn -0.86621094 0 0.5
vn -0.86621094 0 0.5
vn -0 0 1
vn -0 0 1
vn -0 0 1
vn -0 0 1
vn 0.86621094 0 0.5
vn 0.86621094 0 0.5
vn 0.86621094 0 0.5
vn 0.86621094 0 0.5
vn -0.86621094 0 -0.5
vn -0.86621094 0 -0.5
vn -0.86621094 0 -0.5
vn -0.86621094 0 -0.5
vn -0.5 0 -0.86621094
vn -0.5 0 -0.86621094
vn -0.5 0 -0.86621094
vn -0.5 0 -0.86621094
vn -1 0 0
vn -1 0 0
vn -1 0 0
vn -1 0 0
vn -0.5 0 0.86621094
vn -0.5 0 0.86621094
vn -0.5 0 0.86621094
vn -0.5 0 0.86621094
vn 0.5 0 0.86621094
vn 0.5 0 0.86621094
vn 0.5 0 0.86621094
vn 0.5 0 0.86621094
vn -0.5 0 -0.86621094
vn -0.5 0 -0.86621094
vn -0.5 0 -0.86621094
vn -0.5 0 -0.86621094
vn -1 0 0
vn -1 0 0
vn -1 0 0
vn -1 0 0
vn -0.5 0 0.86621094
vn -0.5 0 0.86621094
vn -0.5 0 0.86621094
vn -0.5 0 0.86621094
vn 0.5 0 0.86621094
vn 0.5 0 0.86621094
vn 0.5 0 0.86621094
vn 0.5 0 0.86621094
vn -0.5 0 -0.86621094
vn -0.5 0 -0.86621094
vn -0.5 0 -0.86621094
vn -0.5 0 -0.86621094
vn -1 0 0
vn -1 0 0
vn -1 0 0
vn -1 0 0
vn -0.5 0 0.86621094
vn -0.5 0 0.86621094
vn -0.5 0 0.86621094
vn -0.5 0 0.86621094
vn 0.5 0 0.86621094
vn 0.5 0 0.86621094
vn 0.5 0 0.86621094
vn 0.5 0 0.86621094
vn 0.5 -0.000685215 0.86621094
vn 0.5 -0.000685215 0.86621094
vn 0.5 -0.000685215 0.86621094
vn 0.5 -0.000685215 0.86621094
vn -0.5 -0.00068473816 -0.86621094
vn -0.5 -0.00068473816 -0.86621094
vn -0.5 -0.00068473816 -0.86621094
vn -0.5 -0.00068473816 -0.86621094
vn -1 -0.000685215 0
vn -1 -0.000685215 0
vn -1 -0.000685215 0
vn -1 -0.000685215 0
vn -0.5 -0.000685215 0.86621094
vn -0.5 -0.000685215 0.86621094
vn -0.5 -0.000685215 0.86621094
vn -0.5 -0.000685215 0.86621094
vn 0.5 -0.014701843 0.86572266
vn 0.5 -0.014701843 0.86572266
vn 0.5 -0.014701843 0.86572266
vn 0.5 -0.014701843 0.86572266
vn -0.5 -0.014701843 -0.86572266
vn -0.5 -0.014701843 -0.86572266
vn -0.5 -0.014701843 -0.86572266
vn -0.5 -0.014701843 -0.86572266
vn -1 -0.014701843 0
vn -1 -0.014701843 0
vn -1 -0.014701843 0
vn -1 -0.014701843 0
vn -0.5 -0.014701843 0.86572266
vn -0.5 -0.014701843 0.86572266
vn -0.5 -0.014701843 0.86572266
vn -0.5 -0.014701843 0.86572266
vn 0.47729492 -0.2980957 0.82666016
vn 0.47729492 -0.2980957 0.82666016
vn 0.47729492 -0.2980957 0.82666016
vn 0.47729492 -0.2980957 0.82666016
vn -0.47729492 -0.2980957 -0.82666016
vn -0.47729492 -0.2980957 -0.82666016
vn -0.47729492 -0.2980957 -0.82666016
vn -0.47729492 -0.2980957 -0.82666016
vn -0.95458984 -0.2980957 0
vn -0.95458984 -0.2980957 0
vn -0.95458984 -0.2980957 0
vn -0.95458984 -0.2980957 0
vn -0.47729492 -0.2980957 0.82666016
vn -0.47729492 -0.2980957 0.82666016
vn -0.47729492 -0.2980957 0.82666016
vn -0.47729492 -0.2980957 0.82666016
vn -0.86621094 -0.000685215 0.5
vn -0.86621094 -0.000685215 0.5
vn -0.86621094 -0.000685215 0.5
vn -0.86621094 -0.000685215 0.5
vn -0 -0.00068473816 1
vn -0 -0.00068473816 1
vn -0 -0.00068473816 1
vn -0 -0.00068473816 1
vn 0.86621094 -0.00068473816 0.5
vn 0.86621094 -0.00068473816 0.5
vn 0.86621094 -0.00068473816 0.5
vn 0.86621094 -0.00068473816 0.5
vn -0.86621094 -0.000685215 -0.5
vn -0.86621094 -0.000685215 -0.5
vn -0.86621094 -0.000685215 -0.5
vn -0.86621094 -0.000685215 -0.5
vn -0.86572266 -0.014701843 0.5
vn -0.86572266 -0.014701843 0.5
vn -0.86572266 -0.014701843 0.5
vn -0.86572266 -0.014701843 0.5
vn -0 -0.014701843 1
vn -0 -0.014701843 1
vn -0 -0.014701843 1
vn -0 -0.014701843 1
vn 0.86572266 -0.014701843 0.5
vn 0.86572266 -0.014701843 0.5
vn 0.86572266 -0.014701843 0.5
vn 0.86572266 -0.014701843 0.5
vn -0.86572266 -0.014701843 -0.5
vn -0.86572266 -0.014701843 -0.5
vn -0.86572266 -0.014701843 -0.5
vn -0.86572266 -0.014701843 -0.5
vn -0.82666016 -0.2980957 0.47729492
vn -0.82666016 -0.2980957 0.47729492
vn -0.82666016 -0.2980957 0.47729492
vn -0.82666016 -0.2980957 0.47729492
vn -0 -0.2980957 0.95458984
vn -0 -0.2980957 0.95458984
vn -0 -0.2980957 0.95458984
vn -0 -0.2980957 0.95458984
vn 0.82666016 -0.2980957 0.47729492
vn 0.82666016 -0.2980957 0.47729492
vn 0.82666016 -0.2980957 0.47729492
vn 0.82666016 -0.2980957 0.47729492
vn -0.82666016 -0.2980957 -0.47729492
vn -0.82666016 -0.2980957 -0.47729492
vn -0.82666016 -0.2980957 -0.47729492
vn -0.82666016 -0.2980957 -0.47729492
vn -0.5 -0.00068569183 -0.86621094
vn -0.5 -0.00068569183 -0.86621094
vn -0.5 -0.00068569183 -0.86621094
vn -0.5 -0.00068569183 -0.86621094
vn -1 -0.000685215 0
vn -1 -0.000685215 0
vn -1 -0.000685215 0
vn -1 -0.000685215 0
vn -0.5 -0.00068569183 0.86621094
vn -0.5 -0.00068569183 0.86621094
vn -0.5 -0.00068569183 0.86621094
vn -0.5 -0.00068569183 0.86621094
vn 0.5 -0.000685215 0.86621094
vn 0.5 -0.000685215 0.86621094
vn 0.5 -0.000685215 0.86621094
vn 0.5 -0.000685215 0.86621094
vn -0.5 -0.014701843 -0.86572266
vn -0.5 -0.014701843 -0.86572266
vn -0.5 -0.014701843 -0.86572266
vn -0.5 -0.014701843 -0.86572266
vn -1 -0.014701843 0
vn -1 -0.014701843 0
vn -1 -0.014701843 0
vn -1 -0.014701843 0
vn -0.5 -0.014701843 0.86572266
vn -0.5 -0.014701843 0.86572266
vn -0.5 -0.014701843 0.86572266
vn -0.5 -0.014701843 0.86572266
vn 0.5 -0.014701843 0.86572266
vn 0.5 -0.014701843 0.86572266
vn 0.5 -0.014701843 0.86572266
vn 0.5 -0.014701843 0.86572266
vn -0.47729492 -0.2980957 -0.82666016
vn -0.47729492 -0.2980957 -0.82666016
vn -0.47729492 -0.2980957 -0.82666016
vn -0.47729492 -0.2980957 -0.82666016
vn -0.95458984 -0.2980957 0
vn -0.95458984 -0.2980957 0
vn -0.95458984 -0.2980957 0
vn -0.95458984 -0.2980957 0
vn -0.47729492 -0.2980957 0.82666016
vn -0.47729492 -0.2980957 0.82666016
vn -0.47729492 -0.2980957 0.82666016
vn -0.47729492 -0.2980957 0.82666016
vn 0.47729492 -0.2980957 0.82666016
vn 0.47729492 -0.2980957 0.82666016
vn 0.47729492 -0.2980957 0.82666016
vn 0.47729492 -0.2980957 0.82666016
vn -0 1 0
vn -0 1 0
vn -0 1 0
vn -0 1 0
vn -0 -0.91308594 0.40771484
vn -0 -0.91308594 0.40771484
vn -0 -0.91308594 0.40771484
vn -0 -0.91308594 0.40771484
vn -0 0 1
vn -0 0 1
vn -0 0 1
vn -0 0 1
vn -0 0.91308594 0.40771484
vn -0 0.91308594 0.40771484
vn -0 0.91308594 0.40771484
vn -0 0.91308594 0.40771484
vn -1 0 0
vn -1 0 0
vn -1 0 0
vn -1 0 0
vn -0.86621094 -0.000685215 -0.5
vn -0.86621094 -0.000685215 -0.5
vn -0.86621094 -0.000685215 -0.5
vn -0.86621094 -0.000685215 -0.5
vn 0.86621094 -0.000685215 0.5
vn 0.86621094 -0.000685215 0.5
vn 0.86621094 -0.000685215 0.5
vn 0.86621094 -0.000685215 0.5
vn -0 -0.00068616867 1
vn -0 -0.00068616867 1
vn -0 -0.00068616867 1
vn -0 -0.00068616867 1
vn -0.86621094 -0.00068569183 0.5
vn -0.86621094 -0.00068569183 0.5
vn -0.86621094 -0.00068569183 0.5
vn -0.86621094 -0.00068569183 0.5
vn -0.86572266 -0.014701843 -0.5
vn -0.86572266 -0.014701843 -0.5
vn -0.86572266 -0.014701843 -0.5
vn -0.86572266 -0.014701843 -0.5
vn 0.86572266 -0.014701843 0.5
vn 0.86572266 -0.014701843 0.5
vn 0.86572266 -0.014701843 0.5
vn 0.86572266 -0.014701843 0.5
vn -0 -0.014701843 1
vn -0 -0.014701843 1
vn -0 -0.014701843 1
vn -0 -0.014701843 1
vn -0.86572266 -0.014701843 0.5
vn -0.86572266 -0.014701843 0.5
vn -0.86572266 -0.014701843 0.5
vn -0.86572266 -0.014701843 0.5
vn -0.82666016 -0.2980957 -0.47729492
vn -0.82666016 -0.2980957 -0.47729492
vn -0.82666016 -0.2980957 -0.47729492
vn -0.82666016 -0.2980957 -0.47729492
vn 0.82666016 -0.2980957 0.47729492
vn 0.82666016 -0.2980957 0.47729492
vn 0.82666016 -0.2980957 0.47729492
vn 0.82666016 -0.2980957 0.47729492
vn -0 -0.2980957 0.95458984
vn -0 -0.2980957 0.95458984
vn -0 -0.2980957 0.95458984
vn -0 -0.2980957 0.95458984
vn -0.82666016 -0.2980957 0.47729492
vn -0.82666016 -0.2980957 0.47729492
vn -0.82666016 -0.2980957 0.47729492
vn -0.82666016 -0.2980957 0.47729492
vn -0.86621094 0 -0.5
vn -0.86621094 0 -0.5
vn -0.86621094 0 -0.5
vn -0.86621094 0 -0.5
vn 0.86621094 0 0.5
vn 0.86621094 0 0.5
vn 0.86621094 0 0.5
vn 0.86621094 0 0.5
vn -0 0 1
vn -0 0 1
vn -0 0 1
vn -0 0 1
vn -0.86621094 0 0.5
vn -0.86621094 0 0.5
vn -0.86621094 0 0.5
vn -0.86621094 0 0.5
vn -0.86621094 0 -0.5
vn -0.86621094 0 -0.5
vn -0.86621094 0 -0.5
vn -0.86621094 0 -0.5
vn 0.86621094 0 0.5
vn 0.86621094 0 0.5
vn 0.86621094 0 0.5
vn 0.86621094 0 0.5
vn -0 0 1
vn -0 0 1
vn -0 0 1
vn -0 0 1
vn -0.86621094 0 0.5
vn -0.86621094 0 0.5
vn -0.86621094 0 0.5
vn -0.86621094 0 0.5
vn -0.86621094 0 -0.5
vn -0.86621094 0 -0.5
vn -0.86621094 0 -0.5
vn -0.86621094 0 -0.5
vn 0.86621094 0 0.5
vn 0.86621094 0 0.5
vn 0.86621094 0 0.5
vn 0.86621094 0 0.5
vn -0 0 1
vn -0 0 1
vn -0 0 1
vn -0 0 1
vn -0.86621094 0 0.5
vn -0.86621094 0 0.5
vn -0.86621094 0 0.5
vn -0.86621094 0 0.5
vn -0.5 0 0.86621094
vn -0.5 0 0.86621094
vn -0.5 0 0.86621094
vn -0.5 0 0.86621094
vn -1 0 0
vn -1 0 0
vn -1 0 0
vn -1 0 0
vn -0.5 0 -0.86621094
vn -0.5 0 -0.86621094
vn -0.5 0 -0.86621094
vn -0.5 0 -0.86621094
vn 0.5 0 0.86621094
vn 0.5 0 0.86621094
vn 0.5 0 0.86621094
vn 0.5 0 0.86621094
vn -0.5 0 0.86621094
vn -0.5 0 0.86621094
vn -0.5 0 0.86621094
vn -0.5 0 0.86621094
vn -1 0 0
vn -1 0 0
vn -1 0 0
vn -1 0 0
vn -0.5 0 -0.86621094
vn -0.5 0 -0.86621094
vn -0.5 0 -0.86621094
vn -0.5 0 -0.86621094
vn 0.5 0 0.86621094
vn 0.5 0 0.86621094
vn 0.5 0 0.86621094
vn 0.5 0 0.86621094
vn -0.5 0 0.86621094
vn -0.5 0 0.86621094
vn -0.5 0 0.86621094
vn -0.5 0 0.86621094
vn -1 0 0
vn -1 0 0
vn -1 0 0
vn -1 0 0
vn -0.5 0 -0.86621094
vn -0.5 0 -0.86621094
vn -0.5 0 -0.86621094
vn -0.5 0 -0.86621094
vn 0.5 0 0.86621094
vn 0.5 0 0.86621094
vn 0.5 0 0.86621094
vn 0.5 0 0.86621094
vn 0.86621094 0 0.5
vn 0.86621094 0 0.5
vn 0.86621094 0 0.5
vn 0.86621094 0 0.5
vn -0 0 1
vn -0 0 1
vn -0 0 1
vn -0 0 1
vn -0.86621094 0 0.5
vn -0.86621094 0 0.5
vn -0.86621094 0 0.5
vn -0.86621094 0 0.5
vn -0.86621094 0 -0.5
vn -0.86621094 0 -0.5
vn -0.86621094 0 -0.5
vn -0.86621094 0 -0.5
vn 0.86621094 0 0.5
vn 0.86621094 0 0.5
vn 0.86621094 0 0.5
vn 0.86621094 0 0.5
vn -0 0 1
vn -0 0 1
vn -0 0 1
vn -0 0 1
vn -0.86621094 0 0.5
vn -0.86621094 0 0.5
vn -0.86621094 0 0.5
vn -0.86621094 0 0.5
vn -0.86621094 0 -0.5
vn -0.86621094 0 -0.5
vn -0.86621094 0 -0.5
vn -0.86621094 0 -0.5
vn 0.86621094 0 0.5
vn 0.86621094 0 0.5
vn 0.86621094 0 0.5
vn 0.86621094 0 0.5
vn -0 0 1
vn -0 0 1
vn -0 0 1
vn -0 0 1
vn -0.86621094 0 0.5
vn -0.86621094 0 0.5
vn -0.86621094 0 0.5
vn -0.86621094 0 0.5
vn -0.86621094 0 -0.5
vn -0.86621094 0 -0.5
vn -0.86621094 0 -0.5
vn -0.86621094 0 -0.5
vn 0.5 0 0.86621094
vn 0.5 0 0.86621094
vn 0.5 0 0.86621094
vn 0.5 0 0.86621094
vn -0.5 0 0.86621094
vn -0.5 0 0.86621094
vn -0.5 0 0.86621094
vn -0.5 0 0.86621094
vn -1 0 0
vn -1 0 0
vn -1 0 0
vn -1 0 0
vn -0.5 0 -0.86621094
vn -0.5 0 -0.86621094
vn -0.5 0 -0.86621094
vn -0.5 0 -0.86621094
vn 0.5 0 0.86621094
vn 0.5 0 0.86621094
vn 0.5 0 0.86621094
vn 0.5 0 0.86621094
vn -0.5 0 0.86621094
vn -0.5 0 0.86621094
vn -0.5 0 0.86621094
vn -0.5 0 0.86621094
vn -1 0 0
vn -1 0 0
vn -1 0 0
vn -1 0 0
vn -0.5 0 -0.86621094
vn -0.5 0 -0.86621094
vn -0.5 0 -0.86621094
vn -0.5 0 -0.86621094
vn 0.5 0 0.86621094
vn 0.5 0 0.86621094
vn 0.5 0 0.86621094
vn 0.5 0 0.86621094
vn -0.5 0 0.86621094
vn -0.5 0 0.86621094
vn -0.5 0 0.86621094
vn -0.5 0 0.86621094
vn -1 0 0
vn -1 0 0
vn -1 0 0
vn -1 0 0
vn -0.5 0 -0.86621094
vn -0.5 0 -0.86621094
vn -0.5 0 -0.86621094
vn -0.5 0 -0.86621094
vn -0.5 -0.000685215 0.86621094
vn -0.5 -0.000685215 0.86621094
vn -0.5 -0.000685215 0.86621094
vn -0.5 -0.000685215 0.86621094
vn -1 -0.00068473816 0
vn -1 -0.00068473816 0
vn -1 -0.00068473816 0
vn -1 -0.00068473816 0
vn -0.5 -0.00068473816 -0.86621094
vn -0.5 -0.00068473816 -0.86621094
vn -0.5 -0.00068473816 -0.86621094
vn -0.5 -0.00068473816 -0.86621094
vn 0.5 -0.000685215 0.86621094
vn 0.5 -0.000685215 0.86621094
vn 0.5 -0.000685215 0.86621094
vn 0.5 -0.000685215 0.86621094
vn -0.5 -0.014701843 0.86572266
vn -0.5 -0.014701843 0.86572266
vn -0.5 -0.014701843 0.86572266
vn -0.5 -0.014701843 0.86572266
vn -1 -0.014701843 0
vn -1 -0.014701843 0
vn -1 -0.014701843 0
vn -1 -0.014701843 0
vn -0.5 -0.014701843 -0.86572266
vn -0.5 -0.014701843 -0.86572266
vn -0.5 -0.014701843 -0.86572266
vn -0.5 -0.014701843 -0.86572266
vn 0.5 -0.014701843 0.86572266
vn 0.5 -0.014701843 0.86572266
vn 0.5 -0.014701843 0.86572266
vn 0.5 -0.014701843 0.86572266
vn -0.47729492 -0.2980957 0.82666016
vn -0.47729492 -0.2980957 0.82666016
vn -0.47729492 -0.2980957 0.82666016
vn -0.47729492 -0.2980957 0.82666016
vn -0.95458984 -0.2980957 0
vn -0.95458984 -0.2980957 0
vn -0.95458984 -0.2980957 0
vn -0.95458984 -0.2980957 0
vn -0.47729492 -0.2980957 -0.82666016
vn -0.47729492 -0.2980957 -0.82666016
vn -0.47729492 -0.2980957 -0.82666016
vn -0.47729492 -0.2980957 -0.82666016
vn 0.47729492 -0.2980957 0.82666016
vn 0.47729492 -0.2980957 0.82666016
vn 0.47729492 -0.2980957 0.82666016
vn 0.47729492 -0.2980957 0.82666016
vn 0.86621094 -0.00068569183 0.5
vn 0.86621094 -0.00068569183 0.5
vn 0.86621094 -0.00068569183 0.5
vn 0.86621094 -0.00068569183 0.5
vn -0 -0.00068473816 1
vn -0 -0.00068473816 1
vn -0 -0.00068473816 1
vn -0 -0.00068473816 1
vn -0.86621094 -0.000685215 0.5
vn -0.86621094 -0.000685215 0.5
vn -0.86621094 -0.000685215 0.5
vn -0.86621094 -0.000685215 0.5
vn -0.86621094 -0.000685215 -0.5
vn -0.86621094 -0.000685215 -0.5
vn -0.86621094 -0.000685215 -0.5
vn -0.86621094 -0.000685215 -0.5
vn 0.86572266 -0.014701843 0.5
vn 0.86572266 -0.014701843 0.5
vn 0.86572266 -0.014701843 0.5
vn 0.86572266 -0.014701843 0.5
vn -0 -0.014701843 1
vn -0 -0.014701843 1
vn -0 -0.014701843 1
vn -0 -0.014701843 1
vn -0.86572266 -0.014701843 0.5
vn -0.86572266 -0.014701843 0.5
vn -0.86572266 -0.014701843 0.5
vn -0.86572266 -0.014701843 0.5
vn -0.86572266 -0.014701843 -0.5
vn -0.86572266 -0.014701843 -0.5
vn -0.86572266 -0.014701843 -0.5
vn -0.86572266 -0.014701843 -0.5
vn 0.82666016 -0.2980957 0.47729492
vn 0.82666016 -0.2980957 0.47729492
vn 0.82666016 -0.2980957 0.47729492
vn 0.82666016 -0.2980957 0.47729492
vn -0 -0.2980957 0.95458984
vn -0 -0.2980957 0.95458984
vn -0 -0.2980957 0.95458984
vn -0 -0.2980957 0.95458984
vn -0.82666016 -0.2980957 0.47729492
vn -0.82666016 -0.2980957 0.47729492
vn -0.82666016 -0.2980957 0.47729492
vn -0.82666016 -0.2980957 0.47729492
vn -0.82666016 -0.2980957 -0.47729492
vn -0.82666016 -0.2980957 -0.47729492
vn -0.82666016 -0.2980957 -0.47729492
vn -0.82666016 -0.2980957 -0.47729492
vn 0.5 -0.000685215 0.86621094
vn 0.5 -0.000685215 0.86621094
vn 0.5 -0.000685215 0.86621094
vn 0.5 -0.000685215 0.86621094
vn -0.5 -0.000685215 0.86621094
vn -0.5 -0.000685215 0.86621094
vn -0.5 -0.000685215 0.86621094
vn -0.5 -0.000685215 0.86621094
vn -1 -0.000685215 0
vn -1 -0.000685215 0
vn -1 -0.000685215 0
vn -1 -0.000685215 0
vn -0.5 -0.000685215 -0.86621094
vn -0.5 -0.000685215 -0.86621094
vn -0.5 -0.000685215 -0.86621094
vn -0.5 -0.000685215 -0.86621094
vn 0.5 -0.014701843 0.86572266
vn 0.5 -0.014701843 0.86572266
vn 0.5 -0.014701843 0.86572266
vn 0.5 -0.014701843 0.86572266
vn -0.5 -0.014701843 0.86572266
vn -0.5 -0.014701843 0.86572266
vn -0.5 -0.014701843 0.86572266
vn -0.5 -0.014701843 0.86572266
vn -1 -0.014701843 0
vn -1 -0.014701843 0
vn -1 -0.014701843 0
vn -1 -0.014701843 0
vn -0.5 -0.014701843 -0.86572266
vn -0.5 -0.014701843 -0.86572266
vn -0.5 -0.014701843 -0.86572266
vn -0.5 -0.014701843 -0.86572266
vn 0.47729492 -0.2980957 0.82666016
vn 0.47729492 -0.2980957 0.82666016
vn 0.47729492 -0.2980957 0.82666016
vn 0.47729492 -0.2980957 0.82666016
vn -0.47729492 -0.2980957 0.82666016
vn -0.47729492 -0.2980957 0.82666016
vn -0.47729492 -0.2980957 0.82666016
vn -0.47729492 -0.2980957 0.82666016
vn -0.95458984 -0.2980957 0
vn -0.95458984 -0.2980957 0
vn -0.95458984 -0.2980957 0
vn -0.95458984 -0.2980957 0
vn -0.47729492 -0.2980957 -0.82666016
vn -0.47729492 -0.2980957 -0.82666016
vn -0.47729492 -0.2980957 -0.82666016
vn -0.47729492 -0.2980957 -0.82666016
vn -0 1 0
vn -0 1 0
vn -0 1 0
vn -0 1 0
vn -0 -0.91308594 0.40771484
vn -0 -0.91308594 0.40771484
vn -0 -0.91308594 0.40771484
vn -0 -0.91308594 0.40771484
vn -0 0 1
vn -0 0 1
vn -0 0 1
vn -0 0 1
vn -0 0.91308594 0.40771484
vn -0 0.91308594 0.40771484
vn -0 0.91308594 0.40771484
vn -0 0.91308594 0.40771484
vn -1 0 0
vn -1 0 0
vn -1 0 0
vn -1 0 0
vn -0 1 0
vn -0 1 0
vn -0 1 0
vn -0 1 0
vn -0 1 0
vn -0 1 0
vn -0.86621094 0 -0.5
vn -0.86621094 0 -0.5
vn -0.86621094 0 -0.5
vn -0.86621094 0 -0.5
vn -0.86621094 0 0.5
vn -0.86621094 0 0.5
vn -0.86621094 0 0.5
vn -0.86621094 0 0.5
vn -0 0 1
vn -0 0 1
vn -0 0 1
vn -0 0 1
vn 0.86621094 0 0.5
vn 0.86621094 0 0.5
vn 0.86621094 0 0.5
vn 0.86621094 0 0.5
vn -0 1 0
vn -0 1 0
vn -0 1 0
vn -0 1 0
vn -0 1 0
vn -0 1 0
vn -0.86621094 0 -0.5
vn -0.86621094 0 -0.5
vn -0.86621094 0 -0.5
vn -0.86621094 0 -0.5
vn -0.86621094 0 0.5
vn -0.86621094 0 0.5
vn -0.86621094 0 0.5
vn -0.86621094 0 0.5
vn -0 0 1
vn -0 0 1
vn -0 0 1
vn -0 0 1
vn 0.86621094 0 0.5
vn 0.86621094 0 0.5
vn 0.86621094 0 0.5
vn 0.86621094 0 0.5
vn -0 1 0
vn -0 1 0
vn -0 1 0
vn -0 1 0
vn -0 1 0
vn -0 1 0
vn -0.86621094 0 -0.5
vn -0.86621094 0 -0.5
vn -0.86621094 0 -0.5
vn -0.86621094 0 -0.5
vn -0.86621094 0 0.5
vn -0.86621094 0 0.5
vn -0.86621094 0 0.5
vn -0.86621094 0 0.5
vn -0 0 1
vn -0 0 1
vn -0 0 1
vn -0 0 1
vn 0.86621094 0 0.5
vn 0.86621094 0 0.5
vn 0.86621094 0 0.5
vn 0.86621094 0 0.5
vn -0 1 0
vn -0 1 0
vn -0 1 0
vn -0 1 0
vn -0 1 0
vn -0 1 0
vn -0.86621094 0 -0.5
vn -0.86621094 0 -0.5
vn -0.86621094 0 -0.5
vn -0.86621094 0 -0.5
vn -0.86621094 0 0.5
vn -0.86621094 0 0.5
vn -0.86621094 0 0.5
vn -0.86621094 0 0.5
vn -0 0 1
vn -0 0 1
vn -0 0 1
vn -0 0 1
vn 0.86621094 0 0.5
vn 0.86621094 0 0.5
vn 0.86621094 0 0.5
vn 0.86621094 0 0.5
vn -0 1 0
vn -0 1 0
vn -0 1 0
vn -0 1 0
vn -0 1 0
vn -0 1 0
vn -0.86621094 0 -0.5
vn -0.86621094 0 -0.5
vn -0.86621094 0 -0.5
vn -0.86621094 0 -0.5
vn -0.86621094 0 0.5
vn -0.86621094 0 0.5
vn -0.86621094 0 0.5
vn -0.86621094 0 0.5
vn -0 0 1
vn -0 0 1
vn -0 0 1
vn -0 0 1
vn 0.86621094 0 0.5
vn 0.86621094 0 0.5
vn 0.86621094 0 0.5
vn 0.86621094 0 0.5
vn -0 1 0
vn -0 1 0
vn -0 1 0
vn -0 1 0
vn -0 1 0
vn -0 1 0
vn -0.86621094 0 -0.5
vn -0.86621094 0 -0.5
vn -0.86621094 0 -0.5
vn -0.86621094 0 -0.5
vn -0.86621094 0 0.5
vn -0.86621094 0 0.5
vn -0.86621094 0 0.5
vn -0.86621094 0 0.5
vn -0 0 1
vn -0 0 1
vn -0 0 1
vn -0 0 1
vn 0.86621094 0 0.5
vn 0.86621094 0 0.5
vn 0.86621094 0 0.5
vn 0.86621094 0 0.5
vn -0 1 0
vn -0 1 0
vn -0 1 0
vn -0 1 0
vn -0 1 0
vn -0 1 0
vn 0.86621094 0 -0.5
vn 0.86621094 0 -0.5
vn 0.86621094 0 -0.5
vn 0.86621094 0 -0.5
vn -0 0 -1
vn -0 0 -1
vn -0 0 -1
vn -0 0 -1
vn -0.86621094 0 -0.5
vn -0.86621094 0 -0.5
vn -0.86621094 0 -0.5
vn -0.86621094 0 -0.5
vn -0.86621094 0 0.5
vn -0.86621094 0 0.5
vn -0.86621094 0 0.5
vn -0.86621094 0 0.5
vn -0 0 1
vn -0 0 1
vn -0 0 1
vn -0 0 1
vn 0.86621094 0 0.5
vn 0.86621094 0 0.5
vn 0.86621094 0 0.5
vn 0.86621094 0 0.5
vn -0 1 0
vn -0 1 0
vn -0 1 0
vn -0 1 0
vn -0 1 0
vn -0 1 0
vn -0.86621094 0 -0.5
vn -0.86621094 0 -0.5
vn -0.86621094 0 -0.5
vn -0.86621094 0 -0.5
vn 0.86621094 0 0.5
vn 0.86621094 0 0.5
vn 0.86621094 0 0.5
vn 0.86621094 0 0.5
vn -0 0 1
vn -0 0 1
vn -0 0 1
vn -0 0 1
vn -0.86621094 0 0.5
vn -0.86621094 0 0.5
vn -0.86621094 0 0.5
vn -0.86621094 0 0.5
vn -0 1 0
vn -0 1 0
vn -0 1 0
vn -0 1 0
vn -0 1 0
vn -0 1 0
vn -0.86621094 0 -0.5
vn -0.86621094 0 -0.5
vn -0.86621094 0 -0.5
vn -0.86621094 0 -0.5
vn 0.86621094 0 0.5
vn 0.86621094 0 0.5
vn 0.86621094 0 0.5
vn 0.86621094 0 0.5
vn -0 0 1
vn -0 0 1
vn -0 0 1
vn -0 0 1
vn -0.86621094 0 0.5
vn -0.86621094 0 0.5
vn -0.86621094 0 0.5
vn -0.86621094 0 0.5
vn -0 1 0
vn -0 1 0
vn -0 1 0
vn -0 1 0
vn -0 1 0
vn -0 1 0
vn -0.86621094 0 -0.5
vn -0.86621094 0 -0.5
vn -0.86621094 0 -0.5
vn -0.86621094 0 -0.5
vn 0.86621094 0 0.5
vn 0.86621094 0 0.5
vn 0.86621094 0 0.5
vn 0.86621094 0 0.5
vn -0 0 1
vn -0 0 1
vn -0 0 1
vn -0 0 1
vn -0.86621094 0 0.5
vn -0.86621094 0 0.5
vn -0.86621094 0 0.5
vn -0.86621094 0 0.5
vn -0 1 0
vn -0 1 0
vn -0 1 0
vn -0 1 0
vn -0 1 0
vn -0 1 0
vn -0.86621094 0 -0.5
vn -0.86621094 0 -0.5
vn -0.86621094 0 -0.5
vn -0.86621094 0 -0.5
vn 0.86621094 0 0.5
vn 0.86621094 0 0.5
vn 0.86621094 0 0.5
vn 0.86621094 0 0.5
vn -0 0 1
vn -0 0 1
vn -0 0 1
vn -0 0 1
vn -0.86621094 0 0.5
vn -0.86621094 0 0.5
vn -0.86621094 0 0.5
vn -0.86621094 0 0.5
vn -0 1 0
vn -0 1 0
vn -0 1 0
vn -0 1 0
vn -0 1 0
vn -0 1 0
vn -0.86621094 0 -0.5
vn -0.86621094 0 -0.5
vn -0.86621094 0 -0.5
vn -0.86621094 0 -0.5
vn 0.86621094 0 0.5
vn 0.86621094 0 0.5
vn 0.86621094 0 0.5
vn 0.86621094 0 0.5
vn -0 0 1
vn -0 0 1
vn -0 0 1
vn -0 0 1
vn -0.86621094 0 0.5
vn -0.86621094 0 0.5
vn -0.86621094 0 0.5
vn -0.86621094 0 0.5
vn -0 1 0
vn -0 1 0
vn -0 1 0
vn -0 1 0
vn -0 1 0
vn -0 1 0
vn -0.86621094 0 -0.5
vn -0.86621094 0 -0.5
vn -0.86621094 0 -0.5
vn -0.86621094 0 -0.5
vn 0.86621094 0 0.5
vn 0.86621094 0 0.5
vn 0.86621094 0 0.5
vn 0.86621094 0 0.5
vn -0 0 1
vn -0 0 1
vn -0 0 1
vn -0 0 1
vn -0.86621094 0 0.5
vn -0.86621094 0 0.5
vn -0.86621094 0 0.5
vn -0.86621094 0 0.5
vn -0 1 0
vn -0 1 0
vn -0 1 0
vn -0 1 0
vn -0 1 0
vn -0 1 0
vn -0.86621094 0 -0.5
vn -0.86621094 0 -0.5
vn -0.86621094 0 -0.5
vn -0.86621094 0 -0.5
vn 0.86621094 0 0.5
vn 0.86621094 0 0.5
vn 0.86621094 0 0.5
vn 0.86621094 0 0.5
vn -0 0 1
vn -0 0 1
vn -0 0 1
vn -0 0 1
vn -0.86621094 0 0.5
vn -0.86621094 0 0.5
vn -0.86621094 0 0.5
vn -0.86621094 0 0.5
vn -0 -0.86621094 0.5
vn -0 -0.86621094 0.5
vn -0 -0.86621094 0.5
vn -0 -0.86621094 0.5
vn -0 0 1
vn -0 0 1
vn -0 0 1
vn -0 0 1
vn -0 0.86621094 0.5
vn -0 0.86621094 0.5
vn -0 0.86621094 0.5
vn -0 0.86621094 0.5
vn -0 -0.86621094 0.5
vn -0 -0.86621094 0.5
vn -0 -0.86621094 0.5
vn -0 -0.86621094 0.5
vn -0 0 1
vn -0 0 1
vn -0 0 1
vn -0 0 1
vn -0 0.86621094 0.5
vn -0 0.86621094 0.5
vn -0 0.86621094 0.5
vn -0 0.86621094 0.5
vn -0 -0.86621094 0.5
vn -0 -0.86621094 0.5
vn -0 -0.86621094 0.5
vn -0 -0.86621094 0.5
vn -0 0 1
vn -0 0 1
vn -0 0 1
vn -0 0 1
vn -0 0.86621094 0.5
vn -0 0.86621094 0.5
vn -0 0.86621094 0.5
vn -0 0.86621094 0.5
vn -0.86621094 0 0.5
vn -0.86621094 0 0.5
vn -0.86621094 0 0.5
vn -0.86621094 0 0.5
vn -0 0 1
vn -0 0 1
vn -0 0 1
vn -0 0 1
vn 0.86621094 0 0.5
vn 0.86621094 0 0.5
vn 0.86621094 0 0.5
vn 0.86621094 0 0.5
vn -0.86621094 0 0.5
vn -0.86621094 0 0.5
vn -0.86621094 0 0.5
vn -0.86621094 0 0.5
vn -0 0 1
vn -0 0 1
vn -0 0 1
vn -0 0 1
vn 0.86621094 0 0.5
vn 0.86621094 0 0.5
vn 0.86621094 0 0.5
vn 0.86621094 0 0.5
vn 0.86621094 0 0.5
vn 0.86621094 0 0.5
vn 0.86621094 0 0.5
vn 0.86621094 0 0.5
vn -0 0 1
vn -0 0 1
vn -0 0 1
vn -0 0 1
vn -0.86621094 0 0.5
vn -0.86621094 0 0.5
vn -0.86621094 0 0.5
vn -0.86621094 0 0.5
vn -0.86621094 -0.00093603134 -0.5
vn -0.86621094 -0.00093603134 -0.5
vn -0.86621094 -0.00093603134 -0.5
vn -0.86621094 -0.00093603134 -0.5
vn -0.86621094 -0.00093603134 0.5
vn -0.86621094 -0.00093603134 0.5
vn -0.86621094 -0.00093603134 0.5
vn -0.86621094 -0.00093603134 0.5
vn -0 -0.00093746185 1
vn -0 -0.00093746185 1
vn -0 -0.00093746185 1
vn -0 -0.00093746185 1
vn 0.86621094 -0.00093746185 0.5
vn 0.86621094 -0.00093746185 0.5
vn 0.86621094 -0.00093746185 0.5
vn 0.86621094 -0.00093746185 0.5
vn -0.86572266 -0.016448975 -0.5
vn -0.86572266 -0.016448975 -0.5
vn -0.86572266 -0.016448975 -0.5
vn -0.86572266 -0.016448975 -0.5
vn -0.86572266 -0.016448975 0.5
vn -0.86572266 -0.016448975 0.5
vn -0.86572266 -0.016448975 0.5
vn -0.86572266 -0.016448975 0.5
vn -0 -0.016448975 1
vn -0 -0.016448975 1
vn -0 -0.016448975 1
vn -0 -0.016448975 1
vn 0.86572266 -0.016448975 0.5
vn 0.86572266 -0.016448975 0.5
vn 0.86572266 -0.016448975 0.5
vn 0.86572266 -0.016448975 0.5
vn -0.82666016 -0.2980957 -0.47729492
vn -0.82666016 -0.2980957 -0.47729492
vn -0.82666016 -0.2980957 -0.47729492
vn -0.82666016 -0.2980957 -0.47729492
vn -0.82666016 -0.2980957 0.47729492
vn -0.82666016 -0.2980957 0.47729492
vn -0.82666016 -0.2980957 0.47729492
vn -0.82666016 -0.2980957 0.47729492
vn -0 -0.2980957 0.95458984
vn -0 -0.2980957 0.95458984
vn -0 -0.2980957 0.95458984
vn -0 -0.2980957 0.95458984
vn 0.82666016 -0.2980957 0.47729492
vn 0.82666016 -0.2980957 0.47729492
vn 0.82666016 -0.2980957 0.47729492
vn 0.82666016 -0.2980957 0.47729492
vn -0.86621094 0 -0.5
vn -0.86621094 0 -0.5
vn -0.86621094 0 -0.5
vn -0.86621094 0 -0.5
vn -0.86621094 0 0.5
vn -0.86621094 0 0.5
vn -0.86621094 0 0.5
vn -0.86621094 0 0.5
vn -0 0 1
vn -0 0 1
vn -0 0 1
vn -0 0 1
vn 0.86621094 0 0.5
vn 0.86621094 0 0.5
vn 0.86621094 0 0.5
vn 0.86621094 0 0.5
vn -0.86621094 0 -0.5
vn -0.86621094 0 -0.5
vn -0.86621094 0 -0.5
vn -0.86621094 0 -0.5
vn -0.86621094 0 0.5
vn -0.86621094 0 0.5
vn -0.86621094 0 0.5
vn -0.86621094 0 0.5
vn -1.2397766E-05 0 1
vn -1.2397766E-05 0 1
vn -1.2397766E-05 0 1
vn -1.2397766E-05 0 1
vn 0.86621094 0 0.5
vn 0.86621094 0 0.5
vn 0.86621094 0 0.5
vn 0.86621094 0 0.5
vn -0.86621094 0 -0.5
vn -0.86621094 0 -0.5
vn -0.86621094 0 -0.5
vn -0.86621094 0 -0.5
vn -0.86621094 0 0.5
vn -0.86621094 0 0.5
vn -0.86621094 0 0.5
vn -0.86621094 0 0.5
vn -0 0 1
vn -0 0 1
vn -0 0 1
vn -0 0 1
vn 0.86621094 0 0.5
vn 0.86621094 0 0.5
vn 0.86621094 0 0.5
vn 0.86621094 0 0.5
vn 0.5 0 0.86621094
vn 0.5 0 0.86621094
vn 0.5 0 0.86621094
vn 0.5 0 0.86621094
vn -0.5 0 -0.86621094
vn -0.5 0 -0.86621094
vn -0.5 0 -0.86621094
vn -0.5 0 -0.86621094
vn -1 0 0
vn -1 0 0
vn -1 0 0
vn -1 0 0
vn -0.5 0 0.86621094
vn -0.5 0 0.86621094
vn -0.5 0 0.86621094
vn -0.5 0 0.86621094
vn 0.5 0 0.86621094
vn 0.5 0 0.86621094
vn 0.5 0 0.86621094
vn 0.5 0 0.86621094
vn -0.5 0 -0.86621094
vn -0.5 0 -0.86621094
vn -0.5 0 -0.86621094
vn -0.5 0 -0.86621094
vn -1 0 0
vn -1 0 0
vn -1 0 0
vn -1 0 0
vn -0.5 0 0.86621094
vn -0.5 0 0.86621094
vn -0.5 0 0.86621094
vn -0.5 0 0.86621094
vn 0.5 0 0.86621094
vn 0.5 0 0.86621094
vn 0.5 0 0.86621094
vn 0.5 0 0.86621094
vn -0.5 0 -0.86621094
vn -0.5 0 -0.86621094
vn -0.5 0 -0.86621094
vn -0.5 0 -0.86621094
vn -1 0 0
vn -1 0 0
vn -1 0 0
vn -1 0 0
vn -0.5 0 0.86621094
vn -0.5 0 0.86621094
vn -0.5 0 0.86621094
vn -0.5 0 0.86621094
vn -0.86621094 0 0.5
vn -0.86621094 0 0.5
vn -0.86621094 0 0.5
vn -0.86621094 0 0.5
vn -0 0 1
vn -0 0 1
vn -0 0 1
vn -0 0 1
vn 0.86621094 0 0.5
vn 0.86621094 0 0.5
vn 0.86621094 0 0.5
vn 0.86621094 0 0.5
vn -0.86621094 0 -0.5
vn -0.86621094 0 -0.5
vn -0.86621094 0 -0.5
vn -0.86621094 0 -0.5
vn -0.86621094 0 0.5
vn -0.86621094 0 0.5
vn -0.86621094 0 0.5
vn -0.86621094 0 0.5
vn -0 0 1
vn -0 0 1
vn -0 0 1
vn -0 0 1
vn 0.86621094 0 0.5
vn 0.86621094 0 0.5
vn 0.86621094 0 0.5
vn 0.86621094 0 0.5
vn -0.86621094 0 -0.5
vn -0.86621094 0 -0.5
vn -0.86621094 0 -0.5
vn -0.86621094 0 -0.5
vn -0.86621094 0 0.5
vn -0.86621094 0 0.5
vn -0.86621094 0 0.5
vn -0.86621094 0 0.5
vn -1.2397766E-05 0 1
vn -1.2397766E-05 0 1
vn -1.2397766E-05 0 1
vn -1.2397766E-05 0 1
vn 0.86621094 0 0.5
vn 0.86621094 0 0.5
vn 0.86621094 0 0.5
vn 0.86621094 0 0.5
vn -0.86621094 0 -0.5
vn -0.86621094 0 -0.5
vn -0.86621094 0 -0.5
vn -0.86621094 0 -0.5
vn -0.5 0 -0.86621094
vn -0.5 0 -0.86621094
vn -0.5 0 -0.86621094
vn -0.5 0 -0.86621094
vn -1 0 0
vn -1 0 0
vn -1 0 0
vn -1 0 0
vn -0.5 0 0.86621094
vn -0.5 0 0.86621094
vn -0.5 0 0.86621094
vn -0.5 0 0.86621094
vn 0.5 0 0.86621094
vn 0.5 0 0.86621094
vn 0.5 0 0.86621094
vn 0.5 0 0.86621094
vn -0.5 0 -0.86621094
vn -0.5 0 -0.86621094
vn -0.5 0 -0.86621094
vn -0.5 0 -0.86621094
vn -1 0 0
vn -1 0 0
vn -1 0 0
vn -1 0 0
vn -0.5 0 0.86621094
vn -0.5 0 0.86621094
vn -0.5 0 0.86621094
vn -0.5 0 0.86621094
vn 0.5 0 0.86621094
vn 0.5 0 0.86621094
vn 0.5 0 0.86621094
vn 0.5 0 0.86621094
vn -0.5 0 -0.86621094
vn -0.5 0 -0.86621094
vn -0.5 0 -0.86621094
vn -0.5 0 -0.86621094
vn -1 0 0
vn -1 0 0
vn -1 0 0
vn -1 0 0
vn -0.5 0 0.86621094
vn -0.5 0 0.86621094
vn -0.5 0 0.86621094
vn -0.5 0 0.86621094
vn 0.5 0 0.86621094
vn 0.5 0 0.86621094
vn 0.5 0 0.86621094
vn 0.5 0 0.86621094
vn 0.5 -0.0009365082 0.86621094
vn 0.5 -0.0009365082 0.86621094
vn 0.5 -0.0009365082 0.86621094
vn 0.5 -0.0009365082 0.86621094
vn -0.5 -0.000936985 -0.86621094
vn -0.5 -0.000936985 -0.86621094
vn -0.5 -0.000936985 -0.86621094
vn -0.5 -0.000936985 -0.86621094
vn -1 -0.00093746185 0
vn -1 -0.00093746185 0
vn -1 -0.00093746185 0
vn -1 -0.00093746185 0
vn -0.5 -0.000936985 0.86621094
vn -0.5 -0.000936985 0.86621094
vn -0.5 -0.000936985 0.86621094
vn -0.5 -0.000936985 0.86621094
vn 0.5 -0.016448975 0.86572266
vn 0.5 -0.016448975 0.86572266
vn 0.5 -0.016448975 0.86572266
vn 0.5 -0.016448975 0.86572266
vn -0.5 -0.016448975 -0.86572266
vn -0.5 -0.016448975 -0.86572266
vn -0.5 -0.016448975 -0.86572266
vn -0.5 -0.016448975 -0.86572266
vn -1 -0.016448975 0
vn -1 -0.016448975 0
vn -1 -0.016448975 0
vn -1 -0.016448975 0
vn -0.5 -0.016448975 0.86572266
vn -0.5 -0.016448975 0.86572266
vn -0.5 -0.016448975 0.86572266
vn -0.5 -0.016448975 0.86572266
vn 0.47729492 -0.2980957 0.82666016
vn 0.47729492 -0.2980957 0.82666016
vn 0.47729492 -0.2980957 0.82666016
vn 0.47729492 -0.2980957 0.82666016
vn -0.47729492 -0.2980957 -0.82666016
vn -0.47729492 -0.2980957 -0.82666016
vn -0.47729492 -0.2980957 -0.82666016
vn -0.47729492 -0.2980957 -0.82666016
vn -0.95458984 -0.2980957 0
vn -0.95458984 -0.2980957 0
vn -0.95458984 -0.2980957 0
vn -0.95458984 -0.2980957 0
vn -0.47729492 -0.2980957 0.82666016
vn -0.47729492 -0.2980957 0.82666016
vn -0.47729492 -0.2980957 0.82666016
vn -0.47729492 -0.2980957 0.82666016
vn -0.86621094 -0.00093603134 0.5
vn -0.86621094 -0.00093603134 0.5
vn -0.86621094 -0.00093603134 0.5
vn -0.86621094 -0.00093603134 0.5
vn -0 -0.00093364716 1
vn -0 -0.00093364716 1
vn -0 -0.00093364716 1
vn -0 -0.00093364716 1
vn 0.86621094 -0.00093603134 0.5
vn 0.86621094 -0.00093603134 0.5
vn 0.86621094 -0.00093603134 0.5
vn 0.86621094 -0.00093603134 0.5
vn -0.86621094 -0.00093746185 -0.5
vn -0.86621094 -0.00093746185 -0.5
vn -0.86621094 -0.00093746185 -0.5
vn -0.86621094 -0.00093746185 -0.5
vn -0.86572266 -0.016448975 0.5
vn -0.86572266 -0.016448975 0.5
vn -0.86572266 -0.016448975 0.5
vn -0.86572266 -0.016448975 0.5
vn -0 -0.016448975 1
vn -0 -0.016448975 1
vn -0 -0.016448975 1
vn -0 -0.016448975 1
vn 0.86572266 -0.016448975 0.5
vn 0.86572266 -0.016448975 0.5
vn 0.86572266 -0.016448975 0.5
vn 0.86572266 -0.016448975 0.5
vn -0.86572266 -0.016448975 -0.5
vn -0.86572266 -0.016448975 -0.5
vn -0.86572266 -0.016448975 -0.5
vn -0.86572266 -0.016448975 -0.5
vn -0.82666016 -0.2980957 0.47729492
vn -0.82666016 -0.2980957 0.47729492
vn -0.82666016 -0.2980957 0.47729492
vn -0.82666016 -0.2980957 0.47729492
vn -0 -0.2980957 0.95458984
vn -0 -0.2980957 0.95458984
vn -0 -0.2980957 0.95458984
vn -0 -0.2980957 0.95458984
vn 0.82666016 -0.2980957 0.47729492
vn 0.82666016 -0.2980957 0.47729492
vn 0.82666016 -0.2980957 0.47729492
vn 0.82666016 -0.2980957 0.47729492
vn -0.82666016 -0.2980957 -0.47729492
vn -0.82666016 -0.2980957 -0.47729492
vn -0.82666016 -0.2980957 -0.47729492
vn -0.82666016 -0.2980957 -0.47729492
vn -0.5 -0.000936985 -0.86621094
vn -0.5 -0.000936985 -0.86621094
vn -0.5 -0.000936985 -0.86621094
vn -0.5 -0.000936985 -0.86621094
vn -1 -0.0009384155 0
vn -1 -0.0009384155 0
vn -1 -0.0009384155 0
vn -1 -0.0009384155 0
vn -0.5 -0.0009379387 0.86621094
vn -0.5 -0.0009379387 0.86621094
vn -0.5 -0.0009379387 0.86621094
vn -0.5 -0.0009379387 0.86621094
vn 0.5 -0.00093746185 0.86621094
vn 0.5 -0.00093746185 0.86621094
vn 0.5 -0.00093746185 0.86621094
vn 0.5 -0.00093746185 0.86621094
vn -0.5 -0.016448975 -0.86572266
vn -0.5 -0.016448975 -0.86572266
vn -0.5 -0.016448975 -0.86572266
vn -0.5 -0.016448975 -0.86572266
vn -1 -0.016448975 0
vn -1 -0.016448975 0
vn -1 -0.016448975 0
vn -1 -0.016448975 0
vn -0.5 -0.016448975 0.86572266
vn -0.5 -0.016448975 0.86572266
vn -0.5 -0.016448975 0.86572266
vn -0.5 -0.016448975 0.86572266
vn 0.5 -0.016448975 0.86572266
vn 0.5 -0.016448975 0.86572266
vn 0.5 -0.016448975 0.86572266
vn 0.5 -0.016448975 0.86572266
vn -0.47729492 -0.2980957 -0.82666016
vn -0.47729492 -0.2980957 -0.82666016
vn -0.47729492 -0.2980957 -0.82666016
vn -0.47729492 -0.2980957 -0.82666016
vn -0.95458984 -0.2980957 0
vn -0.95458984 -0.2980957 0
vn -0.95458984 -0.2980957 0
vn -0.95458984 -0.2980957 0
vn -0.47729492 -0.2980957 0.82666016
vn -0.47729492 -0.2980957 0.82666016
vn -0.47729492 -0.2980957 0.82666016
vn -0.47729492 -0.2980957 0.82666016
vn 0.47729492 -0.2980957 0.82666016
vn 0.47729492 -0.2980957 0.82666016
vn 0.47729492 -0.2980957 0.82666016
vn 0.47729492 -0.2980957 0.82666016
vn -0 1 0
vn -0 1 0
vn -0 1 0
vn -0 1 0
vn -0.86621094 -0.00093603134 -0.5
vn -0.86621094 -0.00093603134 -0.5
vn -0.86621094 -0.00093603134 -0.5
vn -0.86621094 -0.00093603134 -0.5
vn 0.86621094 -0.0009355545 0.5
vn 0.86621094 -0.0009355545 0.5
vn 0.86621094 -0.0009355545 0.5
vn 0.86621094 -0.0009355545 0.5
vn -0 -0.0009355545 1
vn -0 -0.0009355545 1
vn -0 -0.0009355545 1
vn -0 -0.0009355545 1
vn -0.86621094 -0.00093603134 0.5
vn -0.86621094 -0.00093603134 0.5
vn -0.86621094 -0.00093603134 0.5
vn -0.86621094 -0.00093603134 0.5
vn -0.86572266 -0.016448975 -0.5
vn -0.86572266 -0.016448975 -0.5
vn -0.86572266 -0.016448975 -0.5
vn -0.86572266 -0.016448975 -0.5
vn 0.86572266 -0.016448975 0.5
vn 0.86572266 -0.016448975 0.5
vn 0.86572266 -0.016448975 0.5
vn 0.86572266 -0.016448975 0.5
vn -0 -0.016448975 1
vn -0 -0.016448975 1
vn -0 -0.016448975 1
vn -0 -0.016448975 1
vn -0.86572266 -0.016448975 0.5
vn -0.86572266 -0.016448975 0.5
vn -0.86572266 -0.016448975 0.5
vn -0.86572266 -0.016448975 0.5
vn -0.82666016 -0.2980957 -0.47729492
vn -0.82666016 -0.2980957 -0.47729492
vn -0.82666016 -0.2980957 -0.47729492
vn -0.82666016 -0.2980957 -0.47729492
vn 0.82666016 -0.2980957 0.47729492
vn 0.82666016 -0.2980957 0.47729492
vn 0.82666016 -0.2980957 0.47729492
vn 0.82666016 -0.2980957 0.47729492
vn -0 -0.2980957 0.95458984
vn -0 -0.2980957 0.95458984
vn -0 -0.2980957 0.95458984
vn -0 -0.2980957 0.95458984
vn -0.82666016 -0.2980957 0.47729492
vn -0.82666016 -0.2980957 0.47729492
vn -0.82666016 -0.2980957 0.47729492
vn -0.82666016 -0.2980957 0.47729492
vn -0.86621094 0 -0.5
vn -0.86621094 0 -0.5
vn -0.86621094 0 -0.5
vn -0.86621094 0 -0.5
vn 0.86621094 0 0.5
vn 0.86621094 0 0.5
vn 0.86621094 0 0.5
vn 0.86621094 0 0.5
vn -0 0 1
vn -0 0 1
vn -0 0 1
vn -0 0 1
vn -0.86621094 0 0.5
vn -0.86621094 0 0.5
vn -0.86621094 0 0.5
vn -0.86621094 0 0.5
vn -0.86621094 0 -0.5
vn -0.86621094 0 -0.5
vn -0.86621094 0 -0.5
vn -0.86621094 0 -0.5
vn 0.86621094 0 0.5
vn 0.86621094 0 0.5
vn 0.86621094 0 0.5
vn 0.86621094 0 0.5
vn -0 0 1
vn -0 0 1
vn -0 0 1
vn -0 0 1
vn -0.86621094 0 0.5
vn -0.86621094 0 0.5
vn -0.86621094 0 0.5
vn -0.86621094 0 0.5
vn -0.86621094 0 -0.5
vn -0.86621094 0 -0.5
vn -0.86621094 0 -0.5
vn -0.86621094 0 -0.5
vn 0.86621094 0 0.5
vn 0.86621094 0 0.5
vn 0.86621094 0 0.5
vn 0.86621094 0 0.5
vn -0 0 1
vn -0 0 1
vn -0 0 1
vn -0 0 1
vn -0.86621094 0 0.5
vn -0.86621094 0 0.5
vn -0.86621094 0 0.5
vn -0.86621094 0 0.5
vn -0.5 0 0.86621094
vn -0.5 0 0.86621094
vn -0.5 0 0.86621094
vn -0.5 0 0.86621094
vn -1 0 0
vn -1 0 0
vn -1 0 0
vn -1 0 0
vn -0.5 0 -0.86621094
vn -0.5 0 -0.86621094
vn -0.5 0 -0.86621094
vn -0.5 0 -0.86621094
vn 0.5 0 0.86621094
vn 0.5 0 0.86621094
vn 0.5 0 0.86621094
vn 0.5 0 0.86621094
vn -0.5 0 0.86621094
vn -0.5 0 0.86621094
vn -0.5 0 0.86621094
vn -0.5 0 0.86621094
vn -1 0 0
vn -1 0 0
vn -1 0 0
vn -1 0 0
vn -0.5 0 -0.86621094
vn -0.5 0 -0.86621094
vn -0.5 0 -0.86621094
vn -0.5 0 -0.86621094
vn 0.5 0 0.86621094
vn 0.5 0 0.86621094
vn 0.5 0 0.86621094
vn 0.5 0 0.86621094
vn -0.5 0 0.86621094
vn -0.5 0 0.86621094
vn -0.5 0 0.86621094
vn -0.5 0 0.86621094
vn -1 0 0
vn -1 0 0
vn -1 0 0
vn -1 0 0
vn -0.5 0 -0.86621094
vn -0.5 0 -0.86621094
vn -0.5 0 -0.86621094
vn -0.5 0 -0.86621094
vn 0.5 0 0.86621094
vn 0.5 0 0.86621094
vn 0.5 0 0.86621094
vn 0.5 0 0.86621094
vn 0.86621094 0 0.5
vn 0.86621094 0 0.5
vn 0.86621094 0 0.5
vn 0.86621094 0 0.5
vn -0 0 1
vn -0 0 1
vn -0 0 1
vn -0 0 1
vn -0.86621094 0 0.5
vn -0.86621094 0 0.5
vn -0.86621094 0 0.5
vn -0.86621094 0 0.5
vn -0.86621094 0 -0.5
vn -0.86621094 0 -0.5
vn -0.86621094 0 -0.5
vn -0.86621094 0 -0.5
vn 0.86621094 0 0.5
vn 0.86621094 0 0.5
vn 0.86621094 0 0.5
vn 0.86621094 0 0.5
vn -0 0 1
vn -0 0 1
vn -0 0 1
vn -0 0 1
vn -0.86621094 0 0.5
vn -0.86621094 0 0.5
vn -0.86621094 0 0.5
vn -0.86621094 0 0.5
vn -0.86621094 0 -0.5
vn -0.86621094 0 -0.5
vn -0.86621094 0 -0.5
vn -0.86621094 0 -0.5
vn 0.86621094 0 0.5
vn 0.86621094 0 0.5
vn 0.86621094 0 0.5
vn 0.86621094 0 0.5
vn -0 0 1
vn -0 0 1
vn -0 0 1
vn -0 0 1
vn -0.86621094 0 0.5
vn -0.86621094 0 0.5
vn -0.86621094 0 0.5
vn -0.86621094 0 0.5
vn -0.86621094 0 -0.5
vn -0.86621094 0 -0.5
vn -0.86621094 0 -0.5
vn -0.86621094 0 -0.5
vn 0.5 0 0.86621094
vn 0.5 0 0.86621094
vn 0.5 0 0.86621094
vn 0.5 0 0.86621094
vn -0.5 0 0.86621094
vn -0.5 0 0.86621094
vn -0.5 0 0.86621094
vn -0.5 0 0.86621094
vn -1 0 0
vn -1 0 0
vn -1 0 0
vn -1 0 0
vn -0.5 0 -0.86621094
vn -0.5 0 -0.86621094
vn -0.5 0 -0.86621094
vn -0.5 0 -0.86621094
vn 0.5 0 0.86621094
vn 0.5 0 0.86621094
vn 0.5 0 0.86621094
vn 0.5 0 0.86621094
vn -0.5 0 0.86621094
vn -0.5 0 0.86621094
vn -0.5 0 0.86621094
vn -0.5 0 0.86621094
vn -1 0 0
vn -1 0 0
vn -1 0 0
vn -1 0 0
vn -0.5 0 -0.86621094
vn -0.5 0 -0.86621094
vn -0.5 0 -0.86621094
vn -0.5 0 -0.86621094
vn 0.5 0 0.86621094
vn 0.5 0 0.86621094
vn 0.5 0 0.86621094
vn 0.5 0 0.86621094
vn -0.5 0 0.86621094
vn -0.5 0 0.86621094
vn -0.5 0 0.86621094
vn -0.5 0 0.86621094
vn -1 0 0
vn -1 0 0
vn -1 0 0
vn -1 0 0
vn -0.5 0 -0.86621094
vn -0.5 0 -0.86621094
vn -0.5 0 -0.86621094
vn -0.5 0 -0.86621094
vn -0.5 -0.00093603134 0.86621094
vn -0.5 -0.00093603134 0.86621094
vn -0.5 -0.00093603134 0.86621094
vn -0.5 -0.00093603134 0.86621094
vn -1 -0.0009384155 0
vn -1 -0.0009384155 0
vn -1 -0.0009384155 0
vn -1 -0.0009384155 0
vn -0.5 -0.00093746185 -0.86621094
vn -0.5 -0.00093746185 -0.86621094
vn -0.5 -0.00093746185 -0.86621094
vn -0.5 -0.00093746185 -0.86621094
vn 0.5 -0.00093603134 0.86621094
vn 0.5 -0.00093603134 0.86621094
vn 0.5 -0.00093603134 0.86621094
vn 0.5 -0.00093603134 0.86621094
vn -0.5 -0.016448975 0.86572266
vn -0.5 -0.016448975 0.86572266
vn -0.5 -0.016448975 0.86572266
vn -0.5 -0.016448975 0.86572266
vn -1 -0.016448975 0
vn -1 -0.016448975 0
vn -1 -0.016448975 0
vn -1 -0.016448975 0
vn -0.5 -0.016448975 -0.86572266
vn -0.5 -0.016448975 -0.86572266
vn -0.5 -0.016448975 -0.86572266
vn -0.5 -0.016448975 -0.86572266
vn 0.5 -0.016448975 0.86572266
vn 0.5 -0.016448975 0.86572266
vn 0.5 -0.016448975 0.86572266
vn 0.5 -0.016448975 0.86572266
vn -0.47729492 -0.2980957 0.82666016
vn -0.47729492 -0.2980957 0.82666016
vn -0.47729492 -0.2980957 0.82666016
vn -0.47729492 -0.2980957 0.82666016
vn -0.95458984 -0.2980957 0
vn -0.95458984 -0.2980957 0
vn -0.95458984 -0.2980957 0
vn -0.95458984 -0.2980957 0
vn -0.47729492 -0.2980957 -0.82666016
vn -0.47729492 -0.2980957 -0.82666016
vn -0.47729492 -0.2980957 -0.82666016
vn -0.47729492 -0.2980957 -0.82666016
vn 0.47729492 -0.2980957 0.82666016
vn 0.47729492 -0.2980957 0.82666016
vn 0.47729492 -0.2980957 0.82666016
vn 0.47729492 -0.2980957 0.82666016
vn 0.86621094 -0.0009365082 0.5
vn 0.86621094 -0.0009365082 0.5
vn 0.86621094 -0.0009365082 0.5
vn 0.86621094 -0.0009365082 0.5
vn -0 -0.00093364716 1
vn -0 -0.00093364716 1
vn -0 -0.00093364716 1
vn -0 -0.00093364716 1
vn -0.86621094 -0.0009365082 0.5
vn -0.86621094 -0.0009365082 0.5
vn -0.86621094 -0.0009365082 0.5
vn -0.86621094 -0.0009365082 0.5
vn -0.86621094 -0.000936985 -0.5
vn -0.86621094 -0.000936985 -0.5
vn -0.86621094 -0.000936985 -0.5
vn -0.86621094 -0.000936985 -0.5
vn 0.86572266 -0.016448975 0.5
vn 0.86572266 -0.016448975 0.5
vn 0.86572266 -0.016448975 0.5
vn 0.86572266 -0.016448975 0.5
vn -0 -0.016448975 1
vn -0 -0.016448975 1
vn -0 -0.016448975 1
vn -0 -0.016448975 1
vn -0.86572266 -0.016448975 0.5
vn -0.86572266 -0.016448975 0.5
vn -0.86572266 -0.016448975 0.5
vn -0.86572266 -0.016448975 0.5
vn -0.86572266 -0.016448975 -0.5
vn -0.86572266 -0.016448975 -0.5
vn -0.86572266 -0.016448975 -0.5
vn -0.86572266 -0.016448975 -0.5
vn 0.82666016 -0.2980957 0.47729492
vn 0.82666016 -0.2980957 0.47729492
vn 0.82666016 -0.2980957 0.47729492
vn 0.82666016 -0.2980957 0.47729492
vn -0 -0.2980957 0.95458984
vn -0 -0.2980957 0.95458984
vn -0 -0.2980957 0.95458984
vn -0 -0.2980957 0.95458984
vn -0.82666016 -0.2980957 0.47729492
vn -0.82666016 -0.2980957 0.47729492
vn -0.82666016 -0.2980957 0.47729492
vn -0.82666016 -0.2980957 0.47729492
vn -0.82666016 -0.2980957 -0.47729492
vn -0.82666016 -0.2980957 -0.47729492
vn -0.82666016 -0.2980957 -0.47729492
vn -0.82666016 -0.2980957 -0.47729492
vn 0.5 -0.0009365082 0.86621094
vn 0.5 -0.0009365082 0.86621094
vn 0.5 -0.0009365082 0.86621094
vn 0.5 -0.0009365082 0.86621094
vn -0.5 -0.0009365082 0.86621094
vn -0.5 -0.0009365082 0.86621094
vn -0.5 -0.0009365082 0.86621094
vn -0.5 -0.0009365082 0.86621094
vn -1 -0.0009365082 0
vn -1 -0.0009365082 0
vn -1 -0.0009365082 0
vn -1 -0.0009365082 0
vn -0.5 -0.00093603134 -0.86621094
vn -0.5 -0.00093603134 -0.86621094
vn -0.5 -0.00093603134 -0.86621094
vn -0.5 -0.00093603134 -0.86621094
vn 0.5 -0.016448975 0.86572266
vn 0.5 -0.016448975 0.86572266
vn 0.5 -0.016448975 0.86572266
vn 0.5 -0.016448975 0.86572266
vn -0.5 -0.016448975 0.86572266
vn -0.5 -0.016448975 0.86572266
vn -0.5 -0.016448975 0.86572266
vn -0.5 -0.016448975 0.86572266
vn -1 -0.016448975 0
vn -1 -0.016448975 0
vn -1 -0.016448975 0
vn -1 -0.016448975 0
vn -0.5 -0.016448975 -0.86572266
vn -0.5 -0.016448975 -0.86572266
vn -0.5 -0.016448975 -0.86572266
vn -0.5 -0.016448975 -0.86572266
vn 0.47729492 -0.2980957 0.82666016
vn 0.47729492 -0.2980957 0.82666016
vn 0.47729492 -0.2980957 0.82666016
vn 0.47729492 -0.2980957 0.82666016
vn -0.47729492 -0.2980957 0.82666016
vn -0.47729492 -0.2980957 0.82666016
vn -0.47729492 -0.2980957 0.82666016
vn -0.47729492 -0.2980957 0.82666016
vn -0.95458984 -0.2980957 0
vn -0.95458984 -0.2980957 0
vn -0.95458984 -0.2980957 0
vn -0.95458984 -0.2980957 0
vn -0.47729492 -0.2980957 -0.82666016
vn -0.47729492 -0.2980957 -0.82666016
vn -0.47729492 -0.2980957 -0.82666016
vn -0.47729492 -0.2980957 -0.82666016
vn -0 1 0
vn -0 1 0
vn -0 1 0
vn -0 1 0
vn -0.5 -0.0009355545 0.86621094
vn -0.5 -0.0009355545 0.86621094
vn -0.5 -0.0009355545 0.86621094
vn -0.5 -0.0009355545 0.86621094
vn -1 -0.0009393692 0
vn -1 -0.0009393692 0
vn -1 -0.0009393692 0
vn -1 -0.0009393692 0
vn -0.5 -0.00093603134 -0.86621094
vn -0.5 -0.00093603134 -0.86621094
vn -0.5 -0.00093603134 -0.86621094
vn -0.5 -0.00093603134 -0.86621094
vn 0.5 -0.00093460083 0.86621094
vn 0.5 -0.00093460083 0.86621094
vn 0.5 -0.00093460083 0.86621094
vn 0.5 -0.00093460083 0.86621094
vn -0.5 -0.016448975 0.86572266
vn -0.5 -0.016448975 0.86572266
vn -0.5 -0.016448975 0.86572266
vn -0.5 -0.016448975 0.86572266
vn -1 -0.016448975 0
vn -1 -0.016448975 0
vn -1 -0.016448975 0
vn -1 -0.016448975 0
vn -0.5 -0.016448975 -0.86572266
vn -0.5 -0.016448975 -0.86572266
vn -0.5 -0.016448975 -0.86572266
vn -0.5 -0.016448975 -0.86572266
vn 0.5 -0.016448975 0.86572266
vn 0.5 -0.016448975 0.86572266
vn 0.5 -0.016448975 0.86572266
vn 0.5 -0.016448975 0.86572266
vn -0.47729492 -0.2980957 0.82666016
vn -0.47729492 -0.2980957 0.82666016
vn -0.47729492 -0.2980957 0.82666016
vn -0.47729492 -0.2980957 0.82666016
vn -0.95458984 -0.2980957 0
vn -0.95458984 -0.2980957 0
vn -0.95458984 -0.2980957 0
vn -0.95458984 -0.2980957 0
vn -0.47729492 -0.2980957 -0.82666016
vn -0.47729492 -0.2980957 -0.82666016
vn -0.47729492 -0.2980957 -0.82666016
vn -0.47729492 -0.2980957 -0.82666016
vn 0.47729492 -0.2980957 0.82666016
vn 0.47729492 -0.2980957 0.82666016
vn 0.47729492 -0.2980957 0.82666016
vn 0.47729492 -0.2980957 0.82666016
vn -0.5 0 0.86621094
vn -0.5 0 0.86621094
vn -0.5 0 0.86621094
vn -0.5 0 0.86621094
vn -1 0 0
vn -1 0 0
vn -1 0 0
vn -1 0 0
vn -0.5 0 -0.86621094
vn -0.5 0 -0.86621094
vn -0.5 0 -0.86621094
vn -0.5 0 -0.86621094
vn 0.5 0 0.86621094
vn 0.5 0 0.86621094
vn 0.5 0 0.86621094
vn 0.5 0 0.86621094
vn -0.5 0 0.86621094
vn -0.5 0 0.86621094
vn -0.5 0 0.86621094
vn -0.5 0 0.86621094
vn -1 0 0
vn -1 0 0
vn -1 0 0
vn -1 0 0
vn -0.5 0 -0.86621094
vn -0.5 0 -0.86621094
vn -0.5 0 -0.86621094
vn -0.5 0 -0.86621094
vn 0.5 0 0.86621094
vn 0.5 0 0.86621094
vn 0.5 0 0.86621094
vn 0.5 0 0.86621094
vn -0.5 0 0.86621094
vn -0.5 0 0.86621094
vn -0.5 0 0.86621094
vn -0.5 0 0.86621094
vn -1 0 0
vn -1 0 0
vn -1 0 0
vn -1 0 0
vn -0.5 0 -0.86621094
vn -0.5 0 -0.86621094
vn -0.5 0 -0.86621094
vn -0.5 0 -0.86621094
vn 0.5 0 0.86621094
vn 0.5 0 0.86621094
vn 0.5 0 0.86621094
vn 0.5 0 0.86621094
vn 0.86621094 0 0.5
vn 0.86621094 0 0.5
vn 0.86621094 0 0.5
vn 0.86621094 0 0.5
vn -0 0 1
vn -0 0 1
vn -0 0 1
vn -0 0 1
vn -0.86621094 0 0.5
vn -0.86621094 0 0.5
vn -0.86621094 0 0.5
vn -0.86621094 0 0.5
vn -0.86621094 0 -0.5
vn -0.86621094 0 -0.5
vn -0.86621094 0 -0.5
vn -0.86621094 0 -0.5
vn 0.86621094 0 0.5
vn 0.86621094 0 0.5
vn 0.86621094 0 0.5
vn 0.86621094 0 0.5
vn -0 0 1
vn -0 0 1
vn -0 0 1
vn -0 0 1
vn -0.86621094 0 0.5
vn -0.86621094 0 0.5
vn -0.86621094 0 0.5
vn -0.86621094 0 0.5
vn -0.86621094 0 -0.5
vn -0.86621094 0 -0.5
vn -0.86621094 0 -0.5
vn -0.86621094 0 -0.5
vn 0.86621094 0 0.5
vn 0.86621094 0 0.5
vn 0.86621094 0 0.5
vn 0.86621094 0 0.5
vn -0 0 1
vn -0 0 1
vn -0 0 1
vn -0 0 1
vn -0.86621094 0 0.5
vn -0.86621094 0 0.5
vn -0.86621094 0 0.5
vn -0.86621094 0 0.5
vn -0.86621094 0 -0.5
vn -0.86621094 0 -0.5
vn -0.86621094 0 -0.5
vn -0.86621094 0 -0.5
vn 0.5 0 0.86621094
vn 0.5 0 0.86621094
vn 0.5 0 0.86621094
vn 0.5 0 0.86621094
vn -0.5 0 0.86621094
vn -0.5 0 0.86621094
vn -0.5 0 0.86621094
vn -0.5 0 0.86621094
vn -1 0 0
vn -1 0 0
vn -1 0 0
vn -1 0 0
vn -0.5 0 -0.86621094
vn -0.5 0 -0.86621094
vn -0.5 0 -0.86621094
vn -0.5 0 -0.86621094
vn 0.5 0 0.86621094
vn 0.5 0 0.86621094
vn 0.5 0 0.86621094
vn 0.5 0 0.86621094
vn -0.5 0 0.86621094
vn -0.5 0 0.86621094
vn -0.5 0 0.86621094
vn -0.5 0 0.86621094
vn -1 0 0
vn -1 0 0
vn -1 0 0
vn -1 0 0
vn -0.5 0 -0.86621094
vn -0.5 0 -0.86621094
vn -0.5 0 -0.86621094
vn -0.5 0 -0.86621094
vn 0.5 0 0.86621094
vn 0.5 0 0.86621094
vn 0.5 0 0.86621094
vn 0.5 0 0.86621094
vn -0.5 0 0.86621094
vn -0.5 0 0.86621094
vn -0.5 0 0.86621094
vn -0.5 0 0.86621094
vn -1 0 0
vn -1 0 0
vn -1 0 0
vn -1 0 0
vn -0.5 0 -0.86621094
vn -0.5 0 -0.86621094
vn -0.5 0 -0.86621094
vn -0.5 0 -0.86621094
vn -0.86621094 0 -0.5
vn -0.86621094 0 -0.5
vn -0.86621094 0 -0.5
vn -0.86621094 0 -0.5
vn 0.86621094 0 0.5
vn 0.86621094 0 0.5
vn 0.86621094 0 0.5
vn 0.86621094 0 0.5
vn -0 0 1
vn -0 0 1
vn -0 0 1
vn -0 0 1
vn -0.86621094 0 0.5
vn -0.86621094 0 0.5
vn -0.86621094 0 0.5
vn -0.86621094 0 0.5
vn -0.86621094 0 -0.5
vn -0.86621094 0 -0.5
vn -0.86621094 0 -0.5
vn -0.86621094 0 -0.5
vn 0.86621094 0 0.5
vn 0.86621094 0 0.5
vn 0.86621094 0 0.5
vn 0.86621094 0 0.5
vn -0 0 1
vn -0 0 1
vn -0 0 1
vn -0 0 1
vn -0.86621094 0 0.5
vn -0.86621094 0 0.5
vn -0.86621094 0 0.5
vn -0.86621094 0 0.5
vn -0.86621094 0 -0.5
vn -0.86621094 0 -0.5
vn -0.86621094 0 -0.5
vn -0.86621094 0 -0.5
vn 0.86621094 0 0.5
vn 0.86621094 0 0.5
vn 0.86621094 0 0.5
vn 0.86621094 0 0.5
vn -0 0 1
vn -0 0 1
vn -0 0 1
vn -0 0 1
vn -0.86621094 0 0.5
vn -0.86621094 0 0.5
vn -0.86621094 0 0.5
vn -0.86621094 0 0.5
vn 0.86621094 -0.000936985 0.5
vn 0.86621094 -0.000936985 0.5
vn 0.86621094 -0.000936985 0.5
vn 0.86621094 -0.000936985 0.5
vn -0 -0.00093746185 1
vn -0 -0.00093746185 1
vn -0 -0.00093746185 1
vn -0 -0.00093746185 1
vn -0.86621094 -0.0009384155 0.5
vn -0.86621094 -0.0009384155 0.5
vn -0.86621094 -0.0009384155 0.5
vn -0.86621094 -0.0009384155 0.5
vn -0.86621094 -0.00093889236 -0.5
vn -0.86621094 -0.00093889236 -0.5
vn -0.86621094 -0.00093889236 -0.5
vn -0.86621094 -0.00093889236 -0.5
vn 0.86572266 -0.016448975 0.5
vn 0.86572266 -0.016448975 0.5
vn 0.86572266 -0.016448975 0.5
vn 0.86572266 -0.016448975 0.5
vn -0 -0.016448975 1
vn -0 -0.016448975 1
vn -0 -0.016448975 1
vn -0 -0.016448975 1
vn -0.86572266 -0.016448975 0.5
vn -0.86572266 -0.016448975 0.5
vn -0.86572266 -0.016448975 0.5
vn -0.86572266 -0.016448975 0.5
vn -0.86572266 -0.016448975 -0.5
vn -0.86572266 -0.016448975 -0.5
vn -0.86572266 -0.016448975 -0.5
vn -0.86572266 -0.016448975 -0.5
vn 0.82666016 -0.2980957 0.47729492
vn 0.82666016 -0.2980957 0.47729492
vn 0.82666016 -0.2980957 0.47729492
vn 0.82666016 -0.2980957 0.47729492
vn -0 -0.2980957 0.95458984
vn -0 -0.2980957 0.95458984
vn -0 -0.2980957 0.95458984
vn -0 -0.2980957 0.95458984
vn -0.82666016 -0.2980957 0.47729492
vn -0.82666016 -0.2980957 0.47729492
vn -0.82666016 -0.2980957 0.47729492
vn -0.82666016 -0.2980957 0.47729492
vn -0.82666016 -0.2980957 -0.47729492
vn -0.82666016 -0.2980957 -0.47729492
vn -0.82666016 -0.2980957 -0.47729492
vn -0.82666016 -0.2980957 -0.47729492
vn 0.5 -0.0009355545 0.86621094
vn 0.5 -0.0009355545 0.86621094
vn 0.5 -0.0009355545 0.86621094
vn 0.5 -0.0009355545 0.86621094
vn -0.5 -0.0009365082 0.86621094
vn -0.5 -0.0009365082 0.86621094
vn -0.5 -0.0009365082 0.86621094
vn -0.5 -0.0009365082 0.86621094
vn -1 -0.00093364716 0
vn -1 -0.00093364716 0
vn -1 -0.00093364716 0
vn -1 -0.00093364716 0
vn -0.5 -0.000936985 -0.86621094
vn -0.5 -0.000936985 -0.86621094
vn -0.5 -0.000936985 -0.86621094
vn -0.5 -0.000936985 -0.86621094
vn 0.5 -0.016448975 0.86572266
vn 0.5 -0.016448975 0.86572266
vn 0.5 -0.016448975 0.86572266
vn 0.5 -0.016448975 0.86572266
vn -0.5 -0.016448975 0.86572266
vn -0.5 -0.016448975 0.86572266
vn -0.5 -0.016448975 0.86572266
vn -0.5 -0.016448975 0.86572266
vn -1 -0.016448975 0
vn -1 -0.016448975 0
vn -1 -0.016448975 0
vn -1 -0.016448975 0
vn -0.5 -0.016448975 -0.86572266
vn -0.5 -0.016448975 -0.86572266
vn -0.5 -0.016448975 -0.86572266
vn -0.5 -0.016448975 -0.86572266
vn 0.47729492 -0.2980957 0.82666016
vn 0.47729492 -0.2980957 0.82666016
vn 0.47729492 -0.2980957 0.82666016
vn 0.47729492 -0.2980957 0.82666016
vn -0.47729492 -0.2980957 0.82666016
vn -0.47729492 -0.2980957 0.82666016
vn -0.47729492 -0.2980957 0.82666016
vn -0.47729492 -0.2980957 0.82666016
vn -0.95458984 -0.2980957 0
vn -0.95458984 -0.2980957 0
vn -0.95458984 -0.2980957 0
vn -0.95458984 -0.2980957 0
vn -0.47729492 -0.2980957 -0.82666016
vn -0.47729492 -0.2980957 -0.82666016
vn -0.47729492 -0.2980957 -0.82666016
vn -0.47729492 -0.2980957 -0.82666016
vn -0.86621094 -0.0009355545 -0.5
vn -0.86621094 -0.0009355545 -0.5
vn -0.86621094 -0.0009355545 -0.5
vn -0.86621094 -0.0009355545 -0.5
vn 0.86621094 -0.00093889236 0.5
vn 0.86621094 -0.00093889236 0.5
vn 0.86621094 -0.00093889236 0.5
vn 0.86621094 -0.00093889236 0.5
vn -0 -0.0009365082 1
vn -0 -0.0009365082 1
vn -0 -0.0009365082 1
vn -0 -0.0009365082 1
vn -0.86621094 -0.00093603134 0.5
vn -0.86621094 -0.00093603134 0.5
vn -0.86621094 -0.00093603134 0.5
vn -0.86621094 -0.00093603134 0.5
vn -0.86572266 -0.016448975 -0.5
vn -0.86572266 -0.016448975 -0.5
vn -0.86572266 -0.016448975 -0.5
vn -0.86572266 -0.016448975 -0.5
vn 0.86572266 -0.016448975 0.5
vn 0.86572266 -0.016448975 0.5
vn 0.86572266 -0.016448975 0.5
vn 0.86572266 -0.016448975 0.5
vn -0 -0.016448975 1
vn -0 -0.016448975 1
vn -0 -0.016448975 1
vn -0 -0.016448975 1
vn -0.86572266 -0.016448975 0.5
vn -0.86572266 -0.016448975 0.5
vn -0.86572266 -0.016448975 0.5
vn -0.86572266 -0.016448975 0.5
vn -0.82666016 -0.2980957 -0.47729492
vn -0.82666016 -0.2980957 -0.47729492
vn -0.82666016 -0.2980957 -0.47729492
vn -0.82666016 -0.2980957 -0.47729492
vn 0.82666016 -0.2980957 0.47729492
vn 0.82666016 -0.2980957 0.47729492
vn 0.82666016 -0.2980957 0.47729492
vn 0.82666016 -0.2980957 0.47729492
vn -0 -0.2980957 0.95458984
vn -0 -0.2980957 0.95458984
vn -0 -0.2980957 0.95458984
vn -0 -0.2980957 0.95458984
vn -0.82666016 -0.2980957 0.47729492
vn -0.82666016 -0.2980957 0.47729492
vn -0.82666016 -0.2980957 0.47729492
vn -0.82666016 -0.2980957 0.47729492
vn -0 1 0
vn -0 1 0
vn -0 1 0
vn -0 1 0
vn -0 1 0
vn -0 1 0
vn -0 1 0
vn -0 1 0
vn -0.5 -0.00093460083 -0.86621094
vn -0.5 -0.00093460083 -0.86621094
vn -0.5 -0.00093460083 -0.86621094
vn -0.5 -0.00093460083 -0.86621094
vn -1 -0.00093364716 0
vn -1 -0.00093364716 0
vn -1 -0.00093364716 0
vn -1 -0.00093364716 0
vn -0.5 -0.0009365082 0.86621094
vn -0.5 -0.0009365082 0.86621094
vn -0.5 -0.0009365082 0.86621094
vn -0.5 -0.0009365082 0.86621094
vn 0.5 -0.00093603134 0.86621094
vn 0.5 -0.00093603134 0.86621094
vn 0.5 -0.00093603134 0.86621094
vn 0.5 -0.00093603134 0.86621094
vn -0.5 -0.016448975 -0.86572266
vn -0.5 -0.016448975 -0.86572266
vn -0.5 -0.016448975 -0.86572266
vn -0.5 -0.016448975 -0.86572266
vn -1 -0.016448975 0
vn -1 -0.016448975 0
vn -1 -0.016448975 0
vn -1 -0.016448975 0
vn -0.5 -0.016448975 0.86572266
vn -0.5 -0.016448975 0.86572266
vn -0.5 -0.016448975 0.86572266
vn -0.5 -0.016448975 0.86572266
vn 0.5 -0.016448975 0.86572266
vn 0.5 -0.016448975 0.86572266
vn 0.5 -0.016448975 0.86572266
vn 0.5 -0.016448975 0.86572266
vn -0.47729492 -0.2980957 -0.82666016
vn -0.47729492 -0.2980957 -0.82666016
vn -0.47729492 -0.2980957 -0.82666016
vn -0.47729492 -0.2980957 -0.82666016
vn -0.95458984 -0.2980957 0
vn -0.95458984 -0.2980957 0
vn -0.95458984 -0.2980957 0
vn -0.95458984 -0.2980957 0
vn -0.47729492 -0.2980957 0.82666016
vn -0.47729492 -0.2980957 0.82666016
vn -0.47729492 -0.2980957 0.82666016
vn -0.47729492 -0.2980957 0.82666016
vn 0.47729492 -0.2980957 0.82666016
vn 0.47729492 -0.2980957 0.82666016
vn 0.47729492 -0.2980957 0.82666016
vn 0.47729492 -0.2980957 0.82666016
vn -0.5 0 -0.86621094
vn -0.5 0 -0.86621094
vn -0.5 0 -0.86621094
vn -0.5 0 -0.86621094
vn -1 0 0
vn -1 0 0
vn -1 0 0
vn -1 0 0
vn -0.5 0 0.86621094
vn -0.5 0 0.86621094
vn -0.5 0 0.86621094
vn -0.5 0 0.86621094
vn 0.5 0 0.86621094
vn 0.5 0 0.86621094
vn 0.5 0 0.86621094
vn 0.5 0 0.86621094
vn -0.5 0 -0.86621094
vn -0.5 0 -0.86621094
vn -0.5 0 -0.86621094
vn -0.5 0 -0.86621094
vn -1 0 0
vn -1 0 0
vn -1 0 0
vn -1 0 0
vn -0.5 0 0.86621094
vn -0.5 0 0.86621094
vn -0.5 0 0.86621094
vn -0.5 0 0.86621094
vn 0.5 0 0.86621094
vn 0.5 0 0.86621094
vn 0.5 0 0.86621094
vn 0.5 0 0.86621094
vn -0.5 0 -0.86621094
vn -0.5 0 -0.86621094
vn -0.5 0 -0.86621094
vn -0.5 0 -0.86621094
vn -1 0 0
vn -1 0 0
vn -1 0 0
vn -1 0 0
vn -0.5 0 0.86621094
vn -0.5 0 0.86621094
vn -0.5 0 0.86621094
vn -0.5 0 0.86621094
vn 0.5 0 0.86621094
vn 0.5 0 0.86621094
vn 0.5 0 0.86621094
vn 0.5 0 0.86621094
vn -0.86621094 0 -0.5
vn -0.86621094 0 -0.5
vn -0.86621094 0 -0.5
vn -0.86621094 0 -0.5
vn -0.86621094 0 0.5
vn -0.86621094 0 0.5
vn -0.86621094 0 0.5
vn -0.86621094 0 0.5
vn -0 0 1
vn -0 0 1
vn -0 0 1
vn -0 0 1
vn 0.86621094 0 0.5
vn 0.86621094 0 0.5
vn 0.86621094 0 0.5
vn 0.86621094 0 0.5
vn -0.86621094 0 -0.5
vn -0.86621094 0 -0.5
vn -0.86621094 0 -0.5
vn -0.86621094 0 -0.5
vn -0.86621094 0 0.5
vn -0.86621094 0 0.5
vn -0.86621094 0 0.5
vn -0.86621094 0 0.5
vn -0 0 1
vn -0 0 1
vn -0 0 1
vn -0 0 1
vn 0.86621094 0 0.5
vn 0.86621094 0 0.5
vn 0.86621094 0 0.5
vn 0.86621094 0 0.5
vn -0.86621094 0 -0.5
vn -0.86621094 0 -0.5
vn -0.86621094 0 -0.5
vn -0.86621094 0 -0.5
vn -0.86621094 0 0.5
vn -0.86621094 0 0.5
vn -0.86621094 0 0.5
vn -0.86621094 0 0.5
vn -0 0 1
vn -0 0 1
vn -0 0 1
vn -0 0 1
vn 0.86621094 0 0.5
vn 0.86621094 0 0.5
vn 0.86621094 0 0.5
vn 0.86621094 0 0.5
vn 0.5 0 0.86621094
vn 0.5 0 0.86621094
vn 0.5 0 0.86621094
vn 0.5 0 0.86621094
vn -0.5 0 -0.86621094
vn -0.5 0 -0.86621094
vn -0.5 0 -0.86621094
vn -0.5 0 -0.86621094
vn -1 0 0
vn -1 0 0
vn -1 0 0
vn -1 0 0
vn -0.5 0 0.86621094
vn -0.5 0 0.86621094
vn -0.5 0 0.86621094
vn -0.5 0 0.86621094
vn 0.5 0 0.86621094
vn 0.5 0 0.86621094
vn 0.5 0 0.86621094
vn 0.5 0 0.86621094
vn -0.5 0 -0.86621094
vn -0.5 0 -0.86621094
vn -0.5 0 -0.86621094
vn -0.5 0 -0.86621094
vn -1 0 1.2397766E-05
vn -1 0 1.2397766E-05
vn -1 0 1.2397766E-05
vn -1 0 1.2397766E-05
vn -0.5 0 0.86621094
vn -0.5 0 0.86621094
vn -0.5 0 0.86621094
vn -0.5 0 0.86621094
vn 0.5 0 0.86621094
vn 0.5 0 0.86621094
vn 0.5 0 0.86621094
vn 0.5 0 0.86621094
vn -0.5 0 -0.86621094
vn -0.5 0 -0.86621094
vn -0.5 0 -0.86621094
vn -0.5 0 -0.86621094
vn -1 0 0
vn -1 0 0
vn -1 0 0
vn -1 0 0
vn -0.5 0 0.86621094
vn -0.5 0 0.86621094
vn -0.5 0 0.86621094
vn -0.5 0 0.86621094
vn -0.86621094 0 0.5
vn -0.86621094 0 0.5
vn -0.86621094 0 0.5
vn -0.86621094 0 0.5
vn -0 0 1
vn -0 0 1
vn -0 0 1
vn -0 0 1
vn 0.86621094 0 0.5
vn 0.86621094 0 0.5
vn 0.86621094 0 0.5
vn 0.86621094 0 0.5
vn -0.86621094 0 -0.5
vn -0.86621094 0 -0.5
vn -0.86621094 0 -0.5
vn -0.86621094 0 -0.5
vn -0.86621094 0 0.5
vn -0.86621094 0 0.5
vn -0.86621094 0 0.5
vn -0.86621094 0 0.5
vn -0 0 1
vn -0 0 1
vn -0 0 1
vn -0 0 1
vn 0.86621094 0 0.5
vn 0.86621094 0 0.5
vn 0.86621094 0 0.5
vn 0.86621094 0 0.5
vn -0.86621094 0 -0.5
vn -0.86621094 0 -0.5
vn -0.86621094 0 -0.5
vn -0.86621094 0 -0.5
vn -0.86621094 0 0.5
vn -0.86621094 0 0.5
vn -0.86621094 0 0.5
vn -0.86621094 0 0.5
vn -0 0 1
vn -0 0 1
vn -0 0 1
vn -0 0 1
vn 0.86621094 0 0.5
vn 0.86621094 0 0.5
vn 0.86621094 0 0.5
vn 0.86621094 0 0.5
vn -0.86621094 0 -0.5
vn -0.86621094 0 -0.5
vn -0.86621094 0 -0.5
vn -0.86621094 0 -0.5
vn -0.86621094 -0.00093507767 -0.5
vn -0.86621094 -0.00093507767 -0.5
vn -0.86621094 -0.00093507767 -0.5
vn -0.86621094 -0.00093507767 -0.5
vn -0.86621094 -0.000934124 0.5
vn -0.86621094 -0.000934124 0.5
vn -0.86621094 -0.000934124 0.5
vn -0.86621094 -0.000934124 0.5
vn -0 -0.00093364716 1
vn -0 -0.00093364716 1
vn -0 -0.00093364716 1
vn -0 -0.00093364716 1
vn 0.86621094 -0.00093746185 0.5
vn 0.86621094 -0.00093746185 0.5
vn 0.86621094 -0.00093746185 0.5
vn 0.86621094 -0.00093746185 0.5
vn -0.86572266 -0.016448975 -0.5
vn -0.86572266 -0.016448975 -0.5
vn -0.86572266 -0.016448975 -0.5
vn -0.86572266 -0.016448975 -0.5
vn -0.86572266 -0.016448975 0.5
vn -0.86572266 -0.016448975 0.5
vn -0.86572266 -0.016448975 0.5
vn -0.86572266 -0.016448975 0.5
vn -0 -0.016448975 1
vn -0 -0.016448975 1
vn -0 -0.016448975 1
vn -0 -0.016448975 1
vn 0.86572266 -0.016448975 0.5
vn 0.86572266 -0.016448975 0.5
vn 0.86572266 -0.016448975 0.5
vn 0.86572266 -0.016448975 0.5
vn -0.82666016 -0.2980957 -0.47729492
vn -0.82666016 -0.2980957 -0.47729492
vn -0.82666016 -0.2980957 -0.47729492
vn -0.82666016 -0.2980957 -0.47729492
vn -0.82666016 -0.2980957 0.47729492
vn -0.82666016 -0.2980957 0.47729492
vn -0.82666016 -0.2980957 0.47729492
vn -0.82666016 -0.2980957 0.47729492
vn -0 -0.2980957 0.95458984
vn -0 -0.2980957 0.95458984
vn -0 -0.2980957 0.95458984
vn -0 -0.2980957 0.95458984
vn 0.82666016 -0.2980957 0.47729492
vn 0.82666016 -0.2980957 0.47729492
vn 0.82666016 -0.2980957 0.47729492
vn 0.82666016 -0.2980957 0.47729492
vn 0.5 -0.000936985 0.86621094
vn 0.5 -0.000936985 0.86621094
vn 0.5 -0.000936985 0.86621094
vn 0.5 -0.000936985 0.86621094
vn -0.5 -0.00093746185 -0.86621094
vn -0.5 -0.00093746185 -0.86621094
vn -0.5 -0.00093746185 -0.86621094
vn -0.5 -0.00093746185 -0.86621094
vn -1 -0.00093746185 0
vn -1 -0.00093746185 0
vn -1 -0.00093746185 0
vn -1 -0.00093746185 0
vn -0.5 -0.00093746185 0.86621094
vn -0.5 -0.00093746185 0.86621094
vn -0.5 -0.00093746185 0.86621094
vn -0.5 -0.00093746185 0.86621094
vn 0.5 -0.016448975 0.86572266
vn 0.5 -0.016448975 0.86572266
vn 0.5 -0.016448975 0.86572266
vn 0.5 -0.016448975 0.86572266
vn -0.5 -0.016448975 -0.86572266
vn -0.5 -0.016448975 -0.86572266
vn -0.5 -0.016448975 -0.86572266
vn -0.5 -0.016448975 -0.86572266
vn -1 -0.016448975 0
vn -1 -0.016448975 0
vn -1 -0.016448975 0
vn -1 -0.016448975 0
vn -0.5 -0.016448975 0.86572266
vn -0.5 -0.016448975 0.86572266
vn -0.5 -0.016448975 0.86572266
vn -0.5 -0.016448975 0.86572266
vn 0.47729492 -0.2980957 0.82666016
vn 0.47729492 -0.2980957 0.82666016
vn 0.47729492 -0.2980957 0.82666016
vn 0.47729492 -0.2980957 0.82666016
vn -0.47729492 -0.2980957 -0.82666016
vn -0.47729492 -0.2980957 -0.82666016
vn -0.47729492 -0.2980957 -0.82666016
vn -0.47729492 -0.2980957 -0.82666016
vn -0.95458984 -0.2980957 0
vn -0.95458984 -0.2980957 0
vn -0.95458984 -0.2980957 0
vn -0.95458984 -0.2980957 0
vn -0.47729492 -0.2980957 0.82666016
vn -0.47729492 -0.2980957 0.82666016
vn -0.47729492 -0.2980957 0.82666016
vn -0.47729492 -0.2980957 0.82666016
vn -0.86621094 -0.00093507767 0.5
vn -0.86621094 -0.00093507767 0.5
vn -0.86621094 -0.00093507767 0.5
vn -0.86621094 -0.00093507767 0.5
vn -0 -0.00093364716 1
vn -0 -0.00093364716 1
vn -0 -0.00093364716 1
vn -0 -0.00093364716 1
vn 0.86621094 -0.000936985 0.5
vn 0.86621094 -0.000936985 0.5
vn 0.86621094 -0.000936985 0.5
vn 0.86621094 -0.000936985 0.5
vn -0.86621094 -0.0009365082 -0.5
vn -0.86621094 -0.0009365082 -0.5
vn -0.86621094 -0.0009365082 -0.5
vn -0.86621094 -0.0009365082 -0.5
vn -0.86572266 -0.016448975 0.5
vn -0.86572266 -0.016448975 0.5
vn -0.86572266 -0.016448975 0.5
vn -0.86572266 -0.016448975 0.5
vn -0 -0.016448975 1
vn -0 -0.016448975 1
vn -0 -0.016448975 1
vn -0 -0.016448975 1
vn 0.86572266 -0.016448975 0.5
vn 0.86572266 -0.016448975 0.5
vn 0.86572266 -0.016448975 0.5
vn 0.86572266 -0.016448975 0.5
vn -0.86572266 -0.016448975 -0.5
vn -0.86572266 -0.016448975 -0.5
vn -0.86572266 -0.016448975 -0.5
vn -0.86572266 -0.016448975 -0.5
vn -0.82666016 -0.2980957 0.47729492
vn -0.82666016 -0.2980957 0.47729492
vn -0.82666016 -0.2980957 0.47729492
vn -0.82666016 -0.2980957 0.47729492
vn -0 -0.2980957 0.95458984
vn -0 -0.2980957 0.95458984
vn -0 -0.2980957 0.95458984
vn -0 -0.2980957 0.95458984
vn 0.82666016 -0.2980957 0.47729492
vn 0.82666016 -0.2980957 0.47729492
vn 0.82666016 -0.2980957 0.47729492
vn 0.82666016 -0.2980957 0.47729492
vn -0.82666016 -0.2980957 -0.47729492
vn -0.82666016 -0.2980957 -0.47729492
vn -0.82666016 -0.2980957 -0.47729492
vn -0.82666016 -0.2980957 -0.47729492
vn -0 1 0
vn -0 1 0
vn -0 1 0
vn -0 1 0
vn -0 1 0
vn -0 1 0
vn -0 1 0
vn -0 1 0
vn 0.5 -0.00093603134 0.86621094
vn 0.5 -0.00093603134 0.86621094
vn 0.5 -0.00093603134 0.86621094
vn 0.5 -0.00093603134 0.86621094
vn -0.5 -0.00093746185 -0.86621094
vn -0.5 -0.00093746185 -0.86621094
vn -0.5 -0.00093746185 -0.86621094
vn -0.5 -0.00093746185 -0.86621094
vn -1 -0.0009355545 0
vn -1 -0.0009355545 0
vn -1 -0.0009355545 0
vn -1 -0.0009355545 0
vn -0.5 -0.00093507767 0.86621094
vn -0.5 -0.00093507767 0.86621094
vn -0.5 -0.00093507767 0.86621094
vn -0.5 -0.00093507767 0.86621094
vn 0.5 -0.016448975 0.86572266
vn 0.5 -0.016448975 0.86572266
vn 0.5 -0.016448975 0.86572266
vn 0.5 -0.016448975 0.86572266
vn -0.5 -0.016448975 -0.86572266
vn -0.5 -0.016448975 -0.86572266
vn -0.5 -0.016448975 -0.86572266
vn -0.5 -0.016448975 -0.86572266
vn -1 -0.016448975 0
vn -1 -0.016448975 0
vn -1 -0.016448975 0
vn -1 -0.016448975 0
vn -0.5 -0.016448975 0.86572266
vn -0.5 -0.016448975 0.86572266
vn -0.5 -0.016448975 0.86572266
vn -0.5 -0.016448975 0.86572266
vn 0.47729492 -0.2980957 0.82666016
vn 0.47729492 -0.2980957 0.82666016
vn 0.47729492 -0.2980957 0.82666016
vn 0.47729492 -0.2980957 0.82666016
vn -0.47729492 -0.2980957 -0.82666016
vn -0.47729492 -0.2980957 -0.82666016
vn -0.47729492 -0.2980957 -0.82666016
vn -0.47729492 -0.2980957 -0.82666016
vn -0.95458984 -0.2980957 0
vn -0.95458984 -0.2980957 0
vn -0.95458984 -0.2980957 0
vn -0.95458984 -0.2980957 0
vn -0.47729492 -0.2980957 0.82666016
vn -0.47729492 -0.2980957 0.82666016
vn -0.47729492 -0.2980957 0.82666016
vn -0.47729492 -0.2980957 0.82666016
vn 0.5 0 0.86621094
vn 0.5 0 0.86621094
vn 0.5 0 0.86621094
vn 0.5 0 0.86621094
vn -0.5 0 -0.86621094
vn -0.5 0 -0.86621094
vn -0.5 0 -0.86621094
vn -0.5 0 -0.86621094
vn -1 0 0
vn -1 0 0
vn -1 0 0
vn -1 0 0
vn -0.5 0 0.86621094
vn -0.5 0 0.86621094
vn -0.5 0 0.86621094
vn -0.5 0 0.86621094
vn 0.5 0 0.86621094
vn 0.5 0 0.86621094
vn 0.5 0 0.86621094
vn 0.5 0 0.86621094
vn -0.5 0 -0.86621094
vn -0.5 0 -0.86621094
vn -0.5 0 -0.86621094
vn -0.5 0 -0.86621094
vn -1 0 0
vn -1 0 0
vn -1 0 0
vn -1 0 0
vn -0.5 0 0.86621094
vn -0.5 0 0.86621094
vn -0.5 0 0.86621094
vn -0.5 0 0.86621094
vn 0.5 0 0.86621094
vn 0.5 0 0.86621094
vn 0.5 0 0.86621094
vn 0.5 0 0.86621094
vn -0.5 0 -0.86621094
vn -0.5 0 -0.86621094
vn -0.5 0 -0.86621094
vn -0.5 0 -0.86621094
vn -1 0 0
vn -1 0 0
vn -1 0 0
vn -1 0 0
vn -0.5 0 0.86621094
vn -0.5 0 0.86621094
vn -0.5 0 0.86621094
vn -0.5 0 0.86621094
vn -0.86621094 0 0.5
vn -0.86621094 0 0.5
vn -0.86621094 0 0.5
vn -0.86621094 0 0.5
vn -0 0 1
vn -0 0 1
vn -0 0 1
vn -0 0 1
vn 0.86621094 0 0.5
vn 0.86621094 0 0.5
vn 0.86621094 0 0.5
vn 0.86621094 0 0.5
vn -0.86621094 0 -0.5
vn -0.86621094 0 -0.5
vn -0.86621094 0 -0.5
vn -0.86621094 0 -0.5
vn -0.86621094 0 0.5
vn -0.86621094 0 0.5
vn -0.86621094 0 0.5
vn -0.86621094 0 0.5
vn -0 0 1
vn -0 0 1
vn -0 0 1
vn -0 0 1
vn 0.86621094 0 0.5
vn 0.86621094 0 0.5
vn 0.86621094 0 0.5
vn 0.86621094 0 0.5
vn -0.86621094 0 -0.5
vn -0.86621094 0 -0.5
vn -0.86621094 0 -0.5
vn -0.86621094 0 -0.5
vn -0.86621094 0 0.5
vn -0.86621094 0 0.5
vn -0.86621094 0 0.5
vn -0.86621094 0 0.5
vn -0 0 1
vn -0 0 1
vn -0 0 1
vn -0 0 1
vn 0.86621094 0 0.5
vn 0.86621094 0 0.5
vn 0.86621094 0 0.5
vn 0.86621094 0 0.5
vn -0.86621094 0 -0.5
vn -0.86621094 0 -0.5
vn -0.86621094 0 -0.5
vn -0.86621094 0 -0.5
vn -0.5 0 -0.86621094
vn -0.5 0 -0.86621094
vn -0.5 0 -0.86621094
vn -0.5 0 -0.86621094
vn -1 0 0
vn -1 0 0
vn -1 0 0
vn -1 0 0
vn -0.5 0 0.86621094
vn -0.5 0 0.86621094
vn -0.5 0 0.86621094
vn -0.5 0 0.86621094
vn 0.5 0 0.86621094
vn 0.5 0 0.86621094
vn 0.5 0 0.86621094
vn 0.5 0 0.86621094
vn -0.5 0 -0.86621094
vn -0.5 0 -0.86621094
vn -0.5 0 -0.86621094
vn -0.5 0 -0.86621094
vn -1 0 0
vn -1 0 0
vn -1 0 0
vn -1 0 0
vn -0.5 0 0.86621094
vn -0.5 0 0.86621094
vn -0.5 0 0.86621094
vn -0.5 0 0.86621094
vn 0.5 0 0.86621094
vn 0.5 0 0.86621094
vn 0.5 0 0.86621094
vn 0.5 0 0.86621094
vn -0.5 0 -0.86621094
vn -0.5 0 -0.86621094
vn -0.5 0 -0.86621094
vn -0.5 0 -0.86621094
vn -1 0 0
vn -1 0 0
vn -1 0 0
vn -1 0 0
vn -0.5 0 0.86621094
vn -0.5 0 0.86621094
vn -0.5 0 0.86621094
vn -0.5 0 0.86621094
vn 0.5 0 0.86621094
vn 0.5 0 0.86621094
vn 0.5 0 0.86621094
vn 0.5 0 0.86621094
vn -0.86621094 0 -0.5
vn -0.86621094 0 -0.5
vn -0.86621094 0 -0.5
vn -0.86621094 0 -0.5
vn -0.86621094 0 0.5
vn -0.86621094 0 0.5
vn -0.86621094 0 0.5
vn -0.86621094 0 0.5
vn -0 0 1
vn -0 0 1
vn -0 0 1
vn -0 0 1
vn 0.86621094 0 0.5
vn 0.86621094 0 0.5
vn 0.86621094 0 0.5
vn 0.86621094 0 0.5
vn -0.86621094 0 -0.5
vn -0.86621094 0 -0.5
vn -0.86621094 0 -0.5
vn -0.86621094 0 -0.5
vn -0 0 1
vn -0 0 1
vn -0 0 1
vn -0 0 1
vn 0.86621094 0 0.5
vn 0.86621094 0 0.5
vn 0.86621094 0 0.5
vn 0.86621094 0 0.5
vn -0.86621094 0 -0.5
vn -0.86621094 0 -0.5
vn -0.86621094 0 -0.5
vn -0.86621094 0 -0.5
vn -0.86621094 0 0.5
vn -0.86621094 0 0.5
vn -0.86621094 0 0.5
vn -0.86621094 0 0.5
vn -0 0 1
vn -0 0 1
vn -0 0 1
vn -0 0 1
vn 0.86621094 0 0.5
vn 0.86621094 0 0.5
vn 0.86621094 0 0.5
vn 0.86621094 0 0.5
vn -0.86621094 -0.0009365082 0.5
vn -0.86621094 -0.0009365082 0.5
vn -0.86621094 -0.0009365082 0.5
vn -0.86621094 -0.0009365082 0.5
vn -0 -0.0009384155 1
vn -0 -0.0009384155 1
vn -0 -0.0009384155 1
vn -0 -0.0009384155 1
vn 0.86621094 -0.0009379387 0.5
vn 0.86621094 -0.0009379387 0.5
vn 0.86621094 -0.0009379387 0.5
vn 0.86621094 -0.0009379387 0.5
vn -0.86621094 -0.0009365082 -0.5
vn -0.86621094 -0.0009365082 -0.5
vn -0.86621094 -0.0009365082 -0.5
vn -0.86621094 -0.0009365082 -0.5
vn -0.86572266 -0.016448975 0.5
vn -0.86572266 -0.016448975 0.5
vn -0.86572266 -0.016448975 0.5
vn -0.86572266 -0.016448975 0.5
vn -0 -0.016448975 1
vn -0 -0.016448975 1
vn -0 -0.016448975 1
vn -0 -0.016448975 1
vn 0.86572266 -0.016448975 0.5
vn 0.86572266 -0.016448975 0.5
vn 0.86572266 -0.016448975 0.5
vn 0.86572266 -0.016448975 0.5
vn -0.86572266 -0.016448975 -0.5
vn -0.86572266 -0.016448975 -0.5
vn -0.86572266 -0.016448975 -0.5
vn -0.86572266 -0.016448975 -0.5
vn -0.82666016 -0.2980957 0.47729492
vn -0.82666016 -0.2980957 0.47729492
vn -0.82666016 -0.2980957 0.47729492
vn -0.82666016 -0.2980957 0.47729492
vn -0 -0.2980957 0.95458984
vn -0 -0.2980957 0.95458984
vn -0 -0.2980957 0.95458984
vn -0 -0.2980957 0.95458984
vn 0.82666016 -0.2980957 0.47729492
vn 0.82666016 -0.2980957 0.47729492
vn 0.82666016 -0.2980957 0.47729492
vn 0.82666016 -0.2980957 0.47729492
vn -0.82666016 -0.2980957 -0.47729492
vn -0.82666016 -0.2980957 -0.47729492
vn -0.82666016 -0.2980957 -0.47729492
vn -0.82666016 -0.2980957 -0.47729492
vn -0.5 -0.00093507767 -0.86621094
vn -0.5 -0.00093507767 -0.86621094
vn -0.5 -0.00093507767 -0.86621094
vn -0.5 -0.00093507767 -0.86621094
vn -1 -0.00093364716 0
vn -1 -0.00093364716 0
vn -1 -0.00093364716 0
vn -1 -0.00093364716 0
vn -0.5 -0.00093507767 0.86621094
vn -0.5 -0.00093507767 0.86621094
vn -0.5 -0.00093507767 0.86621094
vn -0.5 -0.00093507767 0.86621094
vn 0.5 -0.0009365082 0.86621094
vn 0.5 -0.0009365082 0.86621094
vn 0.5 -0.0009365082 0.86621094
vn 0.5 -0.0009365082 0.86621094
vn -0.5 -0.016448975 -0.86572266
vn -0.5 -0.016448975 -0.86572266
vn -0.5 -0.016448975 -0.86572266
vn -0.5 -0.016448975 -0.86572266
vn -1 -0.016448975 0
vn -1 -0.016448975 0
vn -1 -0.016448975 0
vn -1 -0.016448975 0
vn -0.5 -0.016448975 0.86572266
vn -0.5 -0.016448975 0.86572266
vn -0.5 -0.016448975 0.86572266
vn -0.5 -0.016448975 0.86572266
vn 0.5 -0.016448975 0.86572266
vn 0.5 -0.016448975 0.86572266
vn 0.5 -0.016448975 0.86572266
vn 0.5 -0.016448975 0.86572266
vn -0.47729492 -0.2980957 -0.82666016
vn -0.47729492 -0.2980957 -0.82666016
vn -0.47729492 -0.2980957 -0.82666016
vn -0.47729492 -0.2980957 -0.82666016
vn -0.95458984 -0.2980957 0
vn -0.95458984 -0.2980957 0
vn -0.95458984 -0.2980957 0
vn -0.95458984 -0.2980957 0
vn -0.47729492 -0.2980957 0.82666016
vn -0.47729492 -0.2980957 0.82666016
vn -0.47729492 -0.2980957 0.82666016
vn -0.47729492 -0.2980957 0.82666016
vn 0.47729492 -0.2980957 0.82666016
vn 0.47729492 -0.2980957 0.82666016
vn 0.47729492 -0.2980957 0.82666016
vn 0.47729492 -0.2980957 0.82666016
vn -0.86621094 -0.00093746185 -0.5
vn -0.86621094 -0.00093746185 -0.5
vn -0.86621094 -0.00093746185 -0.5
vn -0.86621094 -0.00093746185 -0.5
vn -0.86621094 -0.00093746185 0.5
vn -0.86621094 -0.00093746185 0.5
vn -0.86621094 -0.00093746185 0.5
vn -0.86621094 -0.00093746185 0.5
vn -0 -0.0009355545 1
vn -0 -0.0009355545 1
vn -0 -0.0009355545 1
vn -0 -0.0009355545 1
vn 0.86621094 -0.0009355545 0.5
vn 0.86621094 -0.0009355545 0.5
vn 0.86621094 -0.0009355545 0.5
vn 0.86621094 -0.0009355545 0.5
vn -0.86572266 -0.016448975 -0.5
vn -0.86572266 -0.016448975 -0.5
vn -0.86572266 -0.016448975 -0.5
vn -0.86572266 -0.016448975 -0.5
vn -0 -0.016448975 1
vn -0 -0.016448975 1
vn -0 -0.016448975 1
vn -0 -0.016448975 1
vn 0.86572266 -0.016448975 0.5
vn 0.86572266 -0.016448975 0.5
vn 0.86572266 -0.016448975 0.5
vn 0.86572266 -0.016448975 0.5
vn -0.82666016 -0.2980957 -0.47729492
vn -0.82666016 -0.2980957 -0.47729492
vn -0.82666016 -0.2980957 -0.47729492
vn -0.82666016 -0.2980957 -0.47729492
vn -0.82666016 -0.2980957 0.47729492
vn -0.82666016 -0.2980957 0.47729492
vn -0.82666016 -0.2980957 0.47729492
vn -0.82666016 -0.2980957 0.47729492
vn -0 -0.2980957 0.95458984
vn -0 -0.2980957 0.95458984
vn -0 -0.2980957 0.95458984
vn -0 -0.2980957 0.95458984
vn 0.82666016 -0.2980957 0.47729492
vn 0.82666016 -0.2980957 0.47729492
vn 0.82666016 -0.2980957 0.47729492
vn 0.82666016 -0.2980957 0.47729492
vn -0 1 0
vn -0 1 0
vn -0 1 0
vn -0 1 0
vn 0.5 -0.0009355545 0.86621094
vn 0.5 -0.0009355545 0.86621094
vn 0.5 -0.0009355545 0.86621094
vn 0.5 -0.0009355545 0.86621094
vn -0.5 -0.00093603134 0.86621094
vn -0.5 -0.00093603134 0.86621094
vn -0.5 -0.00093603134 0.86621094
vn -0.5 -0.00093603134 0.86621094
vn -1 -0.00093746185 0
vn -1 -0.00093746185 0
vn -1 -0.00093746185 0
vn -1 -0.00093746185 0
vn -0.5 -0.00093746185 -0.86621094
vn -0.5 -0.00093746185 -0.86621094
vn -0.5 -0.00093746185 -0.86621094
vn -0.5 -0.00093746185 -0.86621094
vn 0.5 -0.016448975 0.86572266
vn 0.5 -0.016448975 0.86572266
vn 0.5 -0.016448975 0.86572266
vn 0.5 -0.016448975 0.86572266
vn -0.5 -0.016448975 0.86572266
vn -0.5 -0.016448975 0.86572266
vn -0.5 -0.016448975 0.86572266
vn -0.5 -0.016448975 0.86572266
vn -1 -0.016448975 0
vn -1 -0.016448975 0
vn -1 -0.016448975 0
vn -1 -0.016448975 0
vn -0.5 -0.016448975 -0.86572266
vn -0.5 -0.016448975 -0.86572266
vn -0.5 -0.016448975 -0.86572266
vn -0.5 -0.016448975 -0.86572266
vn 0.47729492 -0.2980957 0.82666016
vn 0.47729492 -0.2980957 0.82666016
vn 0.47729492 -0.2980957 0.82666016
vn 0.47729492 -0.2980957 0.82666016
vn -0.47729492 -0.2980957 0.82666016
vn -0.47729492 -0.2980957 0.82666016
vn -0.47729492 -0.2980957 0.82666016
vn -0.47729492 -0.2980957 0.82666016
vn -0.95458984 -0.2980957 0
vn -0.95458984 -0.2980957 0
vn -0.95458984 -0.2980957 0
vn -0.95458984 -0.2980957 0
vn -0.47729492 -0.2980957 -0.82666016
vn -0.47729492 -0.2980957 -0.82666016
vn -0.47729492 -0.2980957 -0.82666016
vn -0.47729492 -0.2980957 -0.82666016
vn 0.5 0 0.86621094
vn 0.5 0 0.86621094
vn 0.5 0 0.86621094
vn 0.5 0 0.86621094
vn -0.5 0 0.86621094
vn -0.5 0 0.86621094
vn -0.5 0 0.86621094
vn -0.5 0 0.86621094
vn -1 0 0
vn -1 0 0
vn -1 0 0
vn -1 0 0
vn -0.5 0 -0.86621094
vn -0.5 0 -0.86621094
vn -0.5 0 -0.86621094
vn -0.5 0 -0.86621094
vn 0.5 0 0.86621094
vn 0.5 0 0.86621094
vn 0.5 0 0.86621094
vn 0.5 0 0.86621094
vn -0.5 0 0.86621094
vn -0.5 0 0.86621094
vn -0.5 0 0.86621094
vn -0.5 0 0.86621094
vn -1 0 0
vn -1 0 0
vn -1 0 0
vn -1 0 0
vn -0.5 0 -0.86621094
vn -0.5 0 -0.86621094
vn -0.5 0 -0.86621094
vn -0.5 0 -0.86621094
vn 0.5 0 0.86621094
vn 0.5 0 0.86621094
vn 0.5 0 0.86621094
vn 0.5 0 0.86621094
vn -0.5 0 0.86621094
vn -0.5 0 0.86621094
vn -0.5 0 0.86621094
vn -0.5 0 0.86621094
vn -1 0 0
vn -1 0 0
vn -1 0 0
vn -1 0 0
vn -0.5 0 -0.86621094
vn -0.5 0 -0.86621094
vn -0.5 0 -0.86621094
vn -0.5 0 -0.86621094
vn -0.86621094 0 -0.5
vn -0.86621094 0 -0.5
vn -0.86621094 0 -0.5
vn -0.86621094 0 -0.5
vn 0.86621094 0 0.5
vn 0.86621094 0 0.5
vn 0.86621094 0 0.5
vn 0.86621094 0 0.5
vn -0 0 1
vn -0 0 1
vn -0 0 1
vn -0 0 1
vn -0.86621094 0 0.5
vn -0.86621094 0 0.5
vn -0.86621094 0 0.5
vn -0.86621094 0 0.5
vn -0.86621094 0 -0.5
vn -0.86621094 0 -0.5
vn -0.86621094 0 -0.5
vn -0.86621094 0 -0.5
vn 0.86621094 0 0.5
vn 0.86621094 0 0.5
vn 0.86621094 0 0.5
vn 0.86621094 0 0.5
vn -0 0 1
vn -0 0 1
vn -0 0 1
vn -0 0 1
vn -0.86621094 0 0.5
vn -0.86621094 0 0.5
vn -0.86621094 0 0.5
vn -0.86621094 0 0.5
vn -0.86621094 0 -0.5
vn -0.86621094 0 -0.5
vn -0.86621094 0 -0.5
vn -0.86621094 0 -0.5
vn 0.86621094 0 0.5
vn 0.86621094 0 0.5
vn 0.86621094 0 0.5
vn 0.86621094 0 0.5
vn -0 0 1
vn -0 0 1
vn -0 0 1
vn -0 0 1
vn -0.86621094 0 0.5
vn -0.86621094 0 0.5
vn -0.86621094 0 0.5
vn -0.86621094 0 0.5
vn -0.5 0 0.86621094
vn -0.5 0 0.86621094
vn -0.5 0 0.86621094
vn -0.5 0 0.86621094
vn -1 0 0
vn -1 0 0
vn -1 0 0
vn -1 0 0
vn -0.5 0 -0.86621094
vn -0.5 0 -0.86621094
vn -0.5 0 -0.86621094
vn -0.5 0 -0.86621094
vn 0.5 0 0.86621094
vn 0.5 0 0.86621094
vn 0.5 0 0.86621094
vn 0.5 0 0.86621094
vn -0.5 0 0.86621094
vn -0.5 0 0.86621094
vn -0.5 0 0.86621094
vn -0.5 0 0.86621094
vn -1 0 0
vn -1 0 0
vn -1 0 0
vn -1 0 0
vn -0.5 0 -0.86621094
vn -0.5 0 -0.86621094
vn -0.5 0 -0.86621094
vn -0.5 0 -0.86621094
vn 0.5 0 0.86621094
vn 0.5 0 0.86621094
vn 0.5 0 0.86621094
vn 0.5 0 0.86621094
vn -0.5 0 0.86621094
vn -0.5 0 0.86621094
vn -0.5 0 0.86621094
vn -0.5 0 0.86621094
vn -1 0 0
vn -1 0 0
vn -1 0 0
vn -1 0 0
vn -0.5 0 -0.86621094
vn -0.5 0 -0.86621094
vn -0.5 0 -0.86621094
vn -0.5 0 -0.86621094
vn 0.5 0 0.86621094
vn 0.5 0 0.86621094
vn 0.5 0 0.86621094
vn 0.5 0 0.86621094
vn 0.86621094 0 0.5
vn 0.86621094 0 0.5
vn 0.86621094 0 0.5
vn 0.86621094 0 0.5
vn -0 0 1
vn -0 0 1
vn -0 0 1
vn -0 0 1
vn -0.86621094 0 0.5
vn -0.86621094 0 0.5
vn -0.86621094 0 0.5
vn -0.86621094 0 0.5
vn -0.86621094 0 -0.5
vn -0.86621094 0 -0.5
vn -0.86621094 0 -0.5
vn -0.86621094 0 -0.5
vn 0.86621094 0 0.5
vn 0.86621094 0 0.5
vn 0.86621094 0 0.5
vn 0.86621094 0 0.5
vn -0 0 1
vn -0 0 1
vn -0 0 1
vn -0 0 1
vn -0.86621094 0 0.5
vn -0.86621094 0 0.5
vn -0.86621094 0 0.5
vn -0.86621094 0 0.5
vn -0.86621094 0 -0.5
vn -0.86621094 0 -0.5
vn -0.86621094 0 -0.5
vn -0.86621094 0 -0.5
vn 0.86621094 0 0.5
vn 0.86621094 0 0.5
vn 0.86621094 0 0.5
vn 0.86621094 0 0.5
vn -0 0 1
vn -0 0 1
vn -0 0 1
vn -0 0 1
vn -0.86621094 0 0.5
vn -0.86621094 0 0.5
vn -0.86621094 0 0.5
vn -0.86621094 0 0.5
vn -0.86621094 0 -0.5
vn -0.86621094 0 -0.5
vn -0.86621094 0 -0.5
vn -0.86621094 0 -0.5
vn -0.86621094 -0.00093746185 -0.5
vn -0.86621094 -0.00093746185 -0.5
vn -0.86621094 -0.00093746185 -0.5
vn -0.86621094 -0.00093746185 -0.5
vn 0.86621094 -0.00093507767 0.5
vn 0.86621094 -0.00093507767 0.5
vn 0.86621094 -0.00093507767 0.5
vn 0.86621094 -0.00093507767 0.5
vn -0 -0.0009365082 1
vn -0 -0.0009365082 1
vn -0 -0.0009365082 1
vn -0 -0.0009365082 1
vn -0.86621094 -0.00093746185 0.5
vn -0.86621094 -0.00093746185 0.5
vn -0.86621094 -0.00093746185 0.5
vn -0.86621094 -0.00093746185 0.5
vn -0.86572266 -0.016448975 -0.5
vn -0.86572266 -0.016448975 -0.5
vn -0.86572266 -0.016448975 -0.5
vn -0.86572266 -0.016448975 -0.5
vn 0.86572266 -0.016448975 0.5
vn 0.86572266 -0.016448975 0.5
vn 0.86572266 -0.016448975 0.5
vn 0.86572266 -0.016448975 0.5
vn -0 -0.016448975 1
vn -0 -0.016448975 1
vn -0 -0.016448975 1
vn -0 -0.016448975 1
vn -0.86572266 -0.016448975 0.5
vn -0.86572266 -0.016448975 0.5
vn -0.86572266 -0.016448975 0.5
vn -0.86572266 -0.016448975 0.5
vn -0.82666016 -0.2980957 -0.47729492
vn -0.82666016 -0.2980957 -0.47729492
vn -0.82666016 -0.2980957 -0.47729492
vn -0.82666016 -0.2980957 -0.47729492
vn 0.82666016 -0.2980957 0.47729492
vn 0.82666016 -0.2980957 0.47729492
vn 0.82666016 -0.2980957 0.47729492
vn 0.82666016 -0.2980957 0.47729492
vn -0 -0.2980957 0.95458984
vn -0 -0.2980957 0.95458984
vn -0 -0.2980957 0.95458984
vn -0 -0.2980957 0.95458984
vn -0.82666016 -0.2980957 0.47729492
vn -0.82666016 -0.2980957 0.47729492
vn -0.82666016 -0.2980957 0.47729492
vn -0.82666016 -0.2980957 0.47729492
vn -0.5 -0.000936985 0.86621094
vn -0.5 -0.000936985 0.86621094
vn -0.5 -0.000936985 0.86621094
vn -0.5 -0.000936985 0.86621094
vn -1 -0.00093746185 0
vn -1 -0.00093746185 0
vn -1 -0.00093746185 0
vn -1 -0.00093746185 0
vn -0.5 -0.0009355545 -0.86621094
vn -0.5 -0.0009355545 -0.86621094
vn -0.5 -0.0009355545 -0.86621094
vn -0.5 -0.0009355545 -0.86621094
vn 0.5 -0.00093603134 0.86621094
vn 0.5 -0.00093603134 0.86621094
vn 0.5 -0.00093603134 0.86621094
vn 0.5 -0.00093603134 0.86621094
vn -0.5 -0.016448975 0.86572266
vn -0.5 -0.016448975 0.86572266
vn -0.5 -0.016448975 0.86572266
vn -0.5 -0.016448975 0.86572266
vn -1 -0.016448975 0
vn -1 -0.016448975 0
vn -1 -0.016448975 0
vn -1 -0.016448975 0
vn -0.5 -0.016448975 -0.86572266
vn -0.5 -0.016448975 -0.86572266
vn -0.5 -0.016448975 -0.86572266
vn -0.5 -0.016448975 -0.86572266
vn 0.5 -0.016448975 0.86572266
vn 0.5 -0.016448975 0.86572266
vn 0.5 -0.016448975 0.86572266
vn 0.5 -0.016448975 0.86572266
vn -0.47729492 -0.2980957 0.82666016
vn -0.47729492 -0.2980957 0.82666016
vn -0.47729492 -0.2980957 0.82666016
vn -0.47729492 -0.2980957 0.82666016
vn -0.95458984 -0.2980957 0
vn -0.95458984 -0.2980957 0
vn -0.95458984 -0.2980957 0
vn -0.95458984 -0.2980957 0
vn -0.47729492 -0.2980957 -0.82666016
vn -0.47729492 -0.2980957 -0.82666016
vn -0.47729492 -0.2980957 -0.82666016
vn -0.47729492 -0.2980957 -0.82666016
vn 0.47729492 -0.2980957 0.82666016
vn 0.47729492 -0.2980957 0.82666016
vn 0.47729492 -0.2980957 0.82666016
vn 0.47729492 -0.2980957 0.82666016
vn 0.86621094 -0.00093460083 0.5
vn 0.86621094 -0.00093460083 0.5
vn 0.86621094 -0.00093460083 0.5
vn 0.86621094 -0.00093460083 0.5
vn -0 -0.00093746185 1
vn -0 -0.00093746185 1
vn -0 -0.00093746185 1
vn -0 -0.00093746185 1
vn -0.86621094 -0.0009379387 0.5
vn -0.86621094 -0.0009379387 0.5
vn -0.86621094 -0.0009379387 0.5
vn -0.86621094 -0.0009379387 0.5
vn -0.86621094 -0.0009379387 -0.5
vn -0.86621094 -0.0009379387 -0.5
vn -0.86621094 -0.0009379387 -0.5
vn -0.86621094 -0.0009379387 -0.5
vn 0.86572266 -0.016448975 0.5
vn 0.86572266 -0.016448975 0.5
vn 0.86572266 -0.016448975 0.5
vn 0.86572266 -0.016448975 0.5
vn -0 -0.016448975 1
vn -0 -0.016448975 1
vn -0 -0.016448975 1
vn -0 -0.016448975 1
vn -0.86572266 -0.016448975 0.5
vn -0.86572266 -0.016448975 0.5
vn -0.86572266 -0.016448975 0.5
vn -0.86572266 -0.016448975 0.5
vn -0.86572266 -0.016448975 -0.5
vn -0.86572266 -0.016448975 -0.5
vn -0.86572266 -0.016448975 -0.5
vn -0.86572266 -0.016448975 -0.5
vn 0.82666016 -0.2980957 0.47729492
vn 0.82666016 -0.2980957 0.47729492
vn 0.82666016 -0.2980957 0.47729492
vn 0.82666016 -0.2980957 0.47729492
vn -0 -0.2980957 0.95458984
vn -0 -0.2980957 0.95458984
vn -0 -0.2980957 0.95458984
vn -0 -0.2980957 0.95458984
vn -0.82666016 -0.2980957 0.47729492
vn -0.82666016 -0.2980957 0.47729492
vn -0.82666016 -0.2980957 0.47729492
vn -0.82666016 -0.2980957 0.47729492
vn -0.82666016 -0.2980957 -0.47729492
vn -0.82666016 -0.2980957 -0.47729492
vn -0.82666016 -0.2980957 -0.47729492
vn -0.82666016 -0.2980957 -0.47729492
vn -0 1 0
vn -0 1 0
vn -0 1 0
vn -0 1 0
vn -0.86621094 -0.00093507767 0.5
vn -0.86621094 -0.00093507767 0.5
vn -0.86621094 -0.00093507767 0.5
vn -0.86621094 -0.00093507767 0.5
vn -0 -0.00093364716 1
vn -0 -0.00093364716 1
vn -0 -0.00093364716 1
vn -0 -0.00093364716 1
vn 0.86621094 -0.0009355545 0.5
vn 0.86621094 -0.0009355545 0.5
vn 0.86621094 -0.0009355545 0.5
vn 0.86621094 -0.0009355545 0.5
vn -0.86621094 -0.000934124 -0.5
vn -0.86621094 -0.000934124 -0.5
vn -0.86621094 -0.000934124 -0.5
vn -0.86621094 -0.000934124 -0.5
vn -0.86572266 -0.016448975 0.5
vn -0.86572266 -0.016448975 0.5
vn -0.86572266 -0.016448975 0.5
vn -0.86572266 -0.016448975 0.5
vn -0 -0.016448975 1
vn -0 -0.016448975 1
vn -0 -0.016448975 1
vn -0 -0.016448975 1
vn 0.86572266 -0.016448975 0.5
vn 0.86572266 -0.016448975 0.5
vn 0.86572266 -0.016448975 0.5
vn 0.86572266 -0.016448975 0.5
vn -0.86572266 -0.016448975 -0.5
vn -0.86572266 -0.016448975 -0.5
vn -0.86572266 -0.016448975 -0.5
vn -0.86572266 -0.016448975 -0.5
vn -0.82666016 -0.2980957 0.47729492
vn -0.82666016 -0.2980957 0.47729492
vn -0.82666016 -0.2980957 0.47729492
vn -0.82666016 -0.2980957 0.47729492
vn -0 -0.2980957 0.95458984
vn -0 -0.2980957 0.95458984
vn -0 -0.2980957 0.95458984
vn -0 -0.2980957 0.95458984
vn 0.82666016 -0.2980957 0.47729492
vn 0.82666016 -0.2980957 0.47729492
vn 0.82666016 -0.2980957 0.47729492
vn 0.82666016 -0.2980957 0.47729492
vn -0.82666016 -0.2980957 -0.47729492
vn -0.82666016 -0.2980957 -0.47729492
vn -0.82666016 -0.2980957 -0.47729492
vn -0.82666016 -0.2980957 -0.47729492
vn -0.86621094 0 0.5
vn -0.86621094 0 0.5
vn -0.86621094 0 0.5
vn -0.86621094 0 0.5
vn -0 0 1
vn -0 0 1
vn -0 0 1
vn -0 0 1
vn 0.86621094 0 0.5
vn 0.86621094 0 0.5
vn 0.86621094 0 0.5
vn 0.86621094 0 0.5
vn -0.86621094 0 -0.5
vn -0.86621094 0 -0.5
vn -0.86621094 0 -0.5
vn -0.86621094 0 -0.5
vn -0.86621094 0 0.5
vn -0.86621094 0 0.5
vn -0.86621094 0 0.5
vn -0.86621094 0 0.5
vn -0 0 1
vn -0 0 1
vn -0 0 1
vn -0 0 1
vn 0.86621094 0 0.5
vn 0.86621094 0 0.5
vn 0.86621094 0 0.5
vn 0.86621094 0 0.5
vn -0.86621094 0 -0.5
vn -0.86621094 0 -0.5
vn -0.86621094 0 -0.5
vn -0.86621094 0 -0.5
vn -0.86621094 0 0.5
vn -0.86621094 0 0.5
vn -0.86621094 0 0.5
vn -0.86621094 0 0.5
vn -0 0 1
vn -0 0 1
vn -0 0 1
vn -0 0 1
vn 0.86621094 0 0.5
vn 0.86621094 0 0.5
vn 0.86621094 0 0.5
vn 0.86621094 0 0.5
vn -0.86621094 0 -0.5
vn -0.86621094 0 -0.5
vn -0.86621094 0 -0.5
vn -0.86621094 0 -0.5
vn -0.5 0 -0.86621094
vn -0.5 0 -0.86621094
vn -0.5 0 -0.86621094
vn -0.5 0 -0.86621094
vn -1 0 0
vn -1 0 0
vn -1 0 0
vn -1 0 0
vn -0.5 0 0.86621094
vn -0.5 0 0.86621094
vn -0.5 0 0.86621094
vn -0.5 0 0.86621094
vn 0.5 0 0.86621094
vn 0.5 0 0.86621094
vn 0.5 0 0.86621094
vn 0.5 0 0.86621094
vn -0.5 0 -0.86621094
vn -0.5 0 -0.86621094
vn -0.5 0 -0.86621094
vn -0.5 0 -0.86621094
vn -1 0 0
vn -1 0 0
vn -1 0 0
vn -1 0 0
vn -0.5 0 0.86621094
vn -0.5 0 0.86621094
vn -0.5 0 0.86621094
vn -0.5 0 0.86621094
vn 0.5 0 0.86621094
vn 0.5 0 0.86621094
vn 0.5 0 0.86621094
vn 0.5 0 0.86621094
vn -0.5 0 -0.86621094
vn -0.5 0 -0.86621094
vn -0.5 0 -0.86621094
vn -0.5 0 -0.86621094
vn -1 0 0
vn -1 0 0
vn -1 0 0
vn -1 0 0
vn -0.5 0 0.86621094
vn -0.5 0 0.86621094
vn -0.5 0 0.86621094
vn -0.5 0 0.86621094
vn 0.5 0 0.86621094
vn 0.5 0 0.86621094
vn 0.5 0 0.86621094
vn 0.5 0 0.86621094
vn -0.86621094 0 -0.5
vn -0.86621094 0 -0.5
vn -0.86621094 0 -0.5
vn -0.86621094 0 -0.5
vn -0.86621094 0 0.5
vn -0.86621094 0 0.5
vn -0.86621094 0 0.5
vn -0.86621094 0 0.5
vn -0 0 1
vn -0 0 1
vn -0 0 1
vn -0 0 1
vn 0.86621094 0 0.5
vn 0.86621094 0 0.5
vn 0.86621094 0 0.5
vn 0.86621094 0 0.5
vn -0.86621094 0 -0.5
vn -0.86621094 0 -0.5
vn -0.86621094 0 -0.5
vn -0.86621094 0 -0.5
vn -0.86621094 0 0.5
vn -0.86621094 0 0.5
vn -0.86621094 0 0.5
vn -0.86621094 0 0.5
vn -0 0 1
vn -0 0 1
vn -0 0 1
vn -0 0 1
vn 0.86621094 0 0.5
vn 0.86621094 0 0.5
vn 0.86621094 0 0.5
vn 0.86621094 0 0.5
vn -0.86621094 0 -0.5
vn -0.86621094 0 -0.5
vn -0.86621094 0 -0.5
vn -0.86621094 0 -0.5
vn -0.86621094 0 0.5
vn -0.86621094 0 0.5
vn -0.86621094 0 0.5
vn -0.86621094 0 0.5
vn -0 0 1
vn -0 0 1
vn -0 0 1
vn -0 0 1
vn 0.86621094 0 0.5
vn 0.86621094 0 0.5
vn 0.86621094 0 0.5
vn 0.86621094 0 0.5
vn 0.5 0 0.86621094
vn 0.5 0 0.86621094
vn 0.5 0 0.86621094
vn 0.5 0 0.86621094
vn -0.5 0 -0.86621094
vn -0.5 0 -0.86621094
vn -0.5 0 -0.86621094
vn -0.5 0 -0.86621094
vn -1 0 0
vn -1 0 0
vn -1 0 0
vn -1 0 0
vn -0.5 0 0.86621094
vn -0.5 0 0.86621094
vn -0.5 0 0.86621094
vn -0.5 0 0.86621094
vn 0.5 0 0.86621094
vn 0.5 0 0.86621094
vn 0.5 0 0.86621094
vn 0.5 0 0.86621094
vn -0.5 0 -0.86621094
vn -0.5 0 -0.86621094
vn -0.5 0 -0.86621094
vn -0.5 0 -0.86621094
vn -1 0 0
vn -1 0 0
vn -1 0 0
vn -1 0 0
vn -0.5 0 0.86621094
vn -0.5 0 0.86621094
vn -0.5 0 0.86621094
vn -0.5 0 0.86621094
vn 0.5 0 0.86621094
vn 0.5 0 0.86621094
vn 0.5 0 0.86621094
vn 0.5 0 0.86621094
vn -0.5 0 -0.86621094
vn -0.5 0 -0.86621094
vn -0.5 0 -0.86621094
vn -0.5 0 -0.86621094
vn -1 0 0
vn -1 0 0
vn -1 0 0
vn -1 0 0
vn -0.5 0 0.86621094
vn -0.5 0 0.86621094
vn -0.5 0 0.86621094
vn -0.5 0 0.86621094
vn -0.5 -0.000936985 -0.86621094
vn -0.5 -0.000936985 -0.86621094
vn -0.5 -0.000936985 -0.86621094
vn -0.5 -0.000936985 -0.86621094
vn -1 -0.000936985 0
vn -1 -0.000936985 0
vn -1 -0.000936985 0
vn -1 -0.000936985 0
vn -0.5 -0.0009365082 0.86621094
vn -0.5 -0.0009365082 0.86621094
vn -0.5 -0.0009365082 0.86621094
vn -0.5 -0.0009365082 0.86621094
vn 0.5 -0.0009365082 0.86621094
vn 0.5 -0.0009365082 0.86621094
vn 0.5 -0.0009365082 0.86621094
vn 0.5 -0.0009365082 0.86621094
vn -0.5 -0.016448975 -0.86572266
vn -0.5 -0.016448975 -0.86572266
vn -0.5 -0.016448975 -0.86572266
vn -0.5 -0.016448975 -0.86572266
vn -1 -0.016448975 0
vn -1 -0.016448975 0
vn -1 -0.016448975 0
vn -1 -0.016448975 0
vn -0.5 -0.016448975 0.86572266
vn -0.5 -0.016448975 0.86572266
vn -0.5 -0.016448975 0.86572266
vn -0.5 -0.016448975 0.86572266
vn 0.5 -0.016448975 0.86572266
vn 0.5 -0.016448975 0.86572266
vn 0.5 -0.016448975 0.86572266
vn 0.5 -0.016448975 0.86572266
vn -0.47729492 -0.2980957 -0.82666016
vn -0.47729492 -0.2980957 -0.82666016
vn -0.47729492 -0.2980957 -0.82666016
vn -0.47729492 -0.2980957 -0.82666016
vn -0.95458984 -0.2980957 0
vn -0.95458984 -0.2980957 0
vn -0.95458984 -0.2980957 0
vn -0.95458984 -0.2980957 0
vn -0.47729492 -0.2980957 0.82666016
vn -0.47729492 -0.2980957 0.82666016
vn -0.47729492 -0.2980957 0.82666016
vn -0.47729492 -0.2980957 0.82666016
vn 0.47729492 -0.2980957 0.82666016
vn 0.47729492 -0.2980957 0.82666016
vn 0.47729492 -0.2980957 0.82666016
vn 0.47729492 -0.2980957 0.82666016
vn -0.86621094 -0.00093507767 -0.5
vn -0.86621094 -0.00093507767 -0.5
vn -0.86621094 -0.00093507767 -0.5
vn -0.86621094 -0.00093507767 -0.5
vn -0.86621094 -0.00093603134 0.5
vn -0.86621094 -0.00093603134 0.5
vn -0.86621094 -0.00093603134 0.5
vn -0.86621094 -0.00093603134 0.5
vn -0 -0.00093364716 1
vn -0 -0.00093364716 1
vn -0 -0.00093364716 1
vn -0 -0.00093364716 1
vn 0.86621094 -0.00093603134 0.5
vn 0.86621094 -0.00093603134 0.5
vn 0.86621094 -0.00093603134 0.5
vn 0.86621094 -0.00093603134 0.5
vn -0.86572266 -0.016448975 -0.5
vn -0.86572266 -0.016448975 -0.5
vn -0.86572266 -0.016448975 -0.5
vn -0.86572266 -0.016448975 -0.5
vn -0.86572266 -0.016448975 0.5
vn -0.86572266 -0.016448975 0.5
vn -0.86572266 -0.016448975 0.5
vn -0.86572266 -0.016448975 0.5
vn -0 -0.016448975 1
vn -0 -0.016448975 1
vn -0 -0.016448975 1
vn -0 -0.016448975 1
vn 0.86572266 -0.016448975 0.5
vn 0.86572266 -0.016448975 0.5
vn 0.86572266 -0.016448975 0.5
vn 0.86572266 -0.016448975 0.5
vn -0.82666016 -0.2980957 -0.47729492
vn -0.82666016 -0.2980957 -0.47729492
vn -0.82666016 -0.2980957 -0.47729492
vn -0.82666016 -0.2980957 -0.47729492
vn -0.82666016 -0.2980957 0.47729492
vn -0.82666016 -0.2980957 0.47729492
vn -0.82666016 -0.2980957 0.47729492
vn -0.82666016 -0.2980957 0.47729492
vn -0 -0.2980957 0.95458984
vn -0 -0.2980957 0.95458984
vn -0 -0.2980957 0.95458984
vn -0 -0.2980957 0.95458984
vn 0.82666016 -0.2980957 0.47729492
vn 0.82666016 -0.2980957 0.47729492
vn 0.82666016 -0.2980957 0.47729492
vn 0.82666016 -0.2980957 0.47729492
vn 0.5 -0.00093507767 0.86621094
vn 0.5 -0.00093507767 0.86621094
vn 0.5 -0.00093507767 0.86621094
vn 0.5 -0.00093507767 0.86621094
vn -0.5 -0.00093984604 -0.86621094
vn -0.5 -0.00093984604 -0.86621094
vn -0.5 -0.00093984604 -0.86621094
vn -0.5 -0.00093984604 -0.86621094
vn -1 -0.0009365082 0
vn -1 -0.0009365082 0
vn -1 -0.0009365082 0
vn -1 -0.0009365082 0
vn -0.5 -0.00093507767 0.86621094
vn -0.5 -0.00093507767 0.86621094
vn -0.5 -0.00093507767 0.86621094
vn -0.5 -0.00093507767 0.86621094
vn 0.5 -0.016448975 0.86572266
vn 0.5 -0.016448975 0.86572266
vn 0.5 -0.016448975 0.86572266
vn 0.5 -0.016448975 0.86572266
vn -0.5 -0.016448975 -0.86572266
vn -0.5 -0.016448975 -0.86572266
vn -0.5 -0.016448975 -0.86572266
vn -0.5 -0.016448975 -0.86572266
vn -1 -0.016448975 0
vn -1 -0.016448975 0
vn -1 -0.016448975 0
vn -1 -0.016448975 0
vn -0.5 -0.016448975 0.86572266
vn -0.5 -0.016448975 0.86572266
vn -0.5 -0.016448975 0.86572266
vn -0.5 -0.016448975 0.86572266
vn 0.47729492 -0.2980957 0.82666016
vn 0.47729492 -0.2980957 0.82666016
vn 0.47729492 -0.2980957 0.82666016
vn 0.47729492 -0.2980957 0.82666016
vn -0.47729492 -0.2980957 -0.82666016
vn -0.47729492 -0.2980957 -0.82666016
vn -0.47729492 -0.2980957 -0.82666016
vn -0.47729492 -0.2980957 -0.82666016
vn -0.95458984 -0.2980957 0
vn -0.95458984 -0.2980957 0
vn -0.95458984 -0.2980957 0
vn -0.95458984 -0.2980957 0
vn -0.47729492 -0.2980957 0.82666016
vn -0.47729492 -0.2980957 0.82666016
vn -0.47729492 -0.2980957 0.82666016
vn -0.47729492 -0.2980957 0.82666016
vn -0 1 0
vn -0 1 0
vn -0 1 0
vn -0 1 0
vn -0 1 0
vn -0 1 0
vn -0 1 0
vn -0 1 0
vn 0.86621094 -0.0009365082 0.5
vn 0.86621094 -0.0009365082 0.5
vn 0.86621094 -0.0009365082 0.5
vn 0.86621094 -0.0009365082 0.5
vn -0 -0.00093364716 1
vn -0 -0.00093364716 1
vn -0 -0.00093364716 1
vn -0 -0.00093364716 1
vn -0.86621094 -0.00093507767 0.5
vn -0.86621094 -0.00093507767 0.5
vn -0.86621094 -0.00093507767 0.5
vn -0.86621094 -0.00093507767 0.5
vn -0.86621094 -0.00093603134 -0.5
vn -0.86621094 -0.00093603134 -0.5
vn -0.86621094 -0.00093603134 -0.5
vn -0.86621094 -0.00093603134 -0.5
vn 0.86572266 -0.016448975 0.5
vn 0.86572266 -0.016448975 0.5
vn 0.86572266 -0.016448975 0.5
vn 0.86572266 -0.016448975 0.5
vn -0 -0.016448975 1
vn -0 -0.016448975 1
vn -0 -0.016448975 1
vn -0 -0.016448975 1
vn -0.86572266 -0.016448975 0.5
vn -0.86572266 -0.016448975 0.5
vn -0.86572266 -0.016448975 0.5
vn -0.86572266 -0.016448975 0.5
vn -0.86572266 -0.016448975 -0.5
vn -0.86572266 -0.016448975 -0.5
vn -0.86572266 -0.016448975 -0.5
vn -0.86572266 -0.016448975 -0.5
vn 0.82666016 -0.2980957 0.47729492
vn 0.82666016 -0.2980957 0.47729492
vn 0.82666016 -0.2980957 0.47729492
vn 0.82666016 -0.2980957 0.47729492
vn -0 -0.2980957 0.95458984
vn -0 -0.2980957 0.95458984
vn -0 -0.2980957 0.95458984
vn -0 -0.2980957 0.95458984
vn -0.82666016 -0.2980957 0.47729492
vn -0.82666016 -0.2980957 0.47729492
vn -0.82666016 -0.2980957 0.47729492
vn -0.82666016 -0.2980957 0.47729492
vn -0.82666016 -0.2980957 -0.47729492
vn -0.82666016 -0.2980957 -0.47729492
vn -0.82666016 -0.2980957 -0.47729492
vn -0.82666016 -0.2980957 -0.47729492
vn 0.86621094 0 0.5
vn 0.86621094 0 0.5
vn 0.86621094 0 0.5
vn 0.86621094 0 0.5
vn -0 0 1
vn -0 0 1
vn -0 0 1
vn -0 0 1
vn -0.86621094 0 0.5
vn -0.86621094 0 0.5
vn -0.86621094 0 0.5
vn -0.86621094 0 0.5
vn -0.86621094 0 -0.5
vn -0.86621094 0 -0.5
vn -0.86621094 0 -0.5
vn -0.86621094 0 -0.5
vn 0.86621094 0 0.5
vn 0.86621094 0 0.5
vn 0.86621094 0 0.5
vn 0.86621094 0 0.5
vn -0 0 1
vn -0 0 1
vn -0 0 1
vn -0 0 1
vn -0.86621094 0 0.5
vn -0.86621094 0 0.5
vn -0.86621094 0 0.5
vn -0.86621094 0 0.5
vn -0.86621094 0 -0.5
vn -0.86621094 0 -0.5
vn -0.86621094 0 -0.5
vn -0.86621094 0 -0.5
vn 0.86621094 0 0.5
vn 0.86621094 0 0.5
vn 0.86621094 0 0.5
vn 0.86621094 0 0.5
vn -0 0 1
vn -0 0 1
vn -0 0 1
vn -0 0 1
vn -0.86621094 0 0.5
vn -0.86621094 0 0.5
vn -0.86621094 0 0.5
vn -0.86621094 0 0.5
vn -0.86621094 0 -0.5
vn -0.86621094 0 -0.5
vn -0.86621094 0 -0.5
vn -0.86621094 0 -0.5
vn 0.5 0 0.86621094
vn 0.5 0 0.86621094
vn 0.5 0 0.86621094
vn 0.5 0 0.86621094
vn -0.5 0 0.86621094
vn -0.5 0 0.86621094
vn -0.5 0 0.86621094
vn -0.5 0 0.86621094
vn -1 0 0
vn -1 0 0
vn -1 0 0
vn -1 0 0
vn -0.5 0 -0.86621094
vn -0.5 0 -0.86621094
vn -0.5 0 -0.86621094
vn -0.5 0 -0.86621094
vn 0.5 0 0.86621094
vn 0.5 0 0.86621094
vn 0.5 0 0.86621094
vn 0.5 0 0.86621094
vn -0.5 0 0.86621094
vn -0.5 0 0.86621094
vn -0.5 0 0.86621094
vn -0.5 0 0.86621094
vn -1 0 0
vn -1 0 0
vn -1 0 0
vn -1 0 0
vn -0.5 0 -0.86621094
vn -0.5 0 -0.86621094
vn -0.5 0 -0.86621094
vn -0.5 0 -0.86621094
vn 0.5 0 0.86621094
vn 0.5 0 0.86621094
vn 0.5 0 0.86621094
vn 0.5 0 0.86621094
vn -0.5 0 0.86621094
vn -0.5 0 0.86621094
vn -0.5 0 0.86621094
vn -0.5 0 0.86621094
vn -1 0 0
vn -1 0 0
vn -1 0 0
vn -1 0 0
vn -0.5 0 -0.86621094
vn -0.5 0 -0.86621094
vn -0.5 0 -0.86621094
vn -0.5 0 -0.86621094
vn -0.86621094 0 -0.5
vn -0.86621094 0 -0.5
vn -0.86621094 0 -0.5
vn -0.86621094 0 -0.5
vn 0.86621094 0 0.5
vn 0.86621094 0 0.5
vn 0.86621094 0 0.5
vn 0.86621094 0 0.5
vn -0 0 1
vn -0 0 1
vn -0 0 1
vn -0 0 1
vn -0.86621094 0 0.5
vn -0.86621094 0 0.5
vn -0.86621094 0 0.5
vn -0.86621094 0 0.5
vn -0.86621094 0 -0.5
vn -0.86621094 0 -0.5
vn -0.86621094 0 -0.5
vn -0.86621094 0 -0.5
vn 0.86621094 0 0.5
vn 0.86621094 0 0.5
vn 0.86621094 0 0.5
vn 0.86621094 0 0.5
vn -0 0 1
vn -0 0 1
vn -0 0 1
vn -0 0 1
vn -0.86621094 0 0.5
vn -0.86621094 0 0.5
vn -0.86621094 0 0.5
vn -0.86621094 0 0.5
vn -0.86621094 0 -0.5
vn -0.86621094 0 -0.5
vn -0.86621094 0 -0.5
vn -0.86621094 0 -0.5
vn 0.86621094 0 0.5
vn 0.86621094 0 0.5
vn 0.86621094 0 0.5
vn 0.86621094 0 0.5
vn -0 0 1
vn -0 0 1
vn -0 0 1
vn -0 0 1
vn -0.86621094 0 0.5
vn -0.86621094 0 0.5
vn -0.86621094 0 0.5
vn -0.86621094 0 0.5
vn -0.5 0 0.86621094
vn -0.5 0 0.86621094
vn -0.5 0 0.86621094
vn -0.5 0 0.86621094
vn -1 0 0
vn -1 0 0
vn -1 0 0
vn -1 0 0
vn -0.5 0 -0.86621094
vn -0.5 0 -0.86621094
vn -0.5 0 -0.86621094
vn -0.5 0 -0.86621094
vn 0.5 0 0.86621094
vn 0.5 0 0.86621094
vn 0.5 0 0.86621094
vn 0.5 0 0.86621094
vn -0.5 0 0.86621094
vn -0.5 0 0.86621094
vn -0.5 0 0.86621094
vn -0.5 0 0.86621094
vn -1 0 0
vn -1 0 0
vn -1 0 0
vn -1 0 0
vn -0.5 0 -0.86621094
vn -0.5 0 -0.86621094
vn -0.5 0 -0.86621094
vn -0.5 0 -0.86621094
vn 0.5 0 0.86621094
vn 0.5 0 0.86621094
vn 0.5 0 0.86621094
vn 0.5 0 0.86621094
vn -0.5 0 0.86621094
vn -0.5 0 0.86621094
vn -0.5 0 0.86621094
vn -0.5 0 0.86621094
vn -1 0 0
vn -1 0 0
vn -1 0 0
vn -1 0 0
vn -0.5 0 -0.86621094
vn -0.5 0 -0.86621094
vn -0.5 0 -0.86621094
vn -0.5 0 -0.86621094
vn 0.5 0 0.86621094
vn 0.5 0 0.86621094
vn 0.5 0 0.86621094
vn 0.5 0 0.86621094
vn 0.5 -0.00093746185 0.86621094
vn 0.5 -0.00093746185 0.86621094
vn 0.5 -0.00093746185 0.86621094
vn 0.5 -0.00093746185 0.86621094
vn -0.5 -0.00093746185 0.86621094
vn -0.5 -0.00093746185 0.86621094
vn -0.5 -0.00093746185 0.86621094
vn -0.5 -0.00093746185 0.86621094
vn -1 -0.0009365082 -1.2040138E-05
vn -1 -0.0009365082 -1.2040138E-05
vn -1 -0.0009365082 -1.2040138E-05
vn -1 -0.0009365082 -1.2040138E-05
vn -0.5 -0.00093507767 -0.86621094
vn -0.5 -0.00093507767 -0.86621094
vn -0.5 -0.00093507767 -0.86621094
vn -0.5 -0.00093507767 -0.86621094
vn 0.5 -0.016448975 0.86572266
vn 0.5 -0.016448975 0.86572266
vn 0.5 -0.016448975 0.86572266
vn 0.5 -0.016448975 0.86572266
vn -0.5 -0.016448975 0.86572266
vn -0.5 -0.016448975 0.86572266
vn -0.5 -0.016448975 0.86572266
vn -0.5 -0.016448975 0.86572266
vn -1 -0.016448975 0
vn -1 -0.016448975 0
vn -1 -0.016448975 0
vn -1 -0.016448975 0
vn -0.5 -0.016448975 -0.86572266
vn -0.5 -0.016448975 -0.86572266
vn -0.5 -0.016448975 -0.86572266
vn -0.5 -0.016448975 -0.86572266
vn 0.47729492 -0.2980957 0.82666016
vn 0.47729492 -0.2980957 0.82666016
vn 0.47729492 -0.2980957 0.82666016
vn 0.47729492 -0.2980957 0.82666016
vn -0.47729492 -0.2980957 0.82666016
vn -0.47729492 -0.2980957 0.82666016
vn -0.47729492 -0.2980957 0.82666016
vn -0.47729492 -0.2980957 0.82666016
vn -0.95458984 -0.2980957 0
vn -0.95458984 -0.2980957 0
vn -0.95458984 -0.2980957 0
vn -0.95458984 -0.2980957 0
vn -0.47729492 -0.2980957 -0.82666016
vn -0.47729492 -0.2980957 -0.82666016
vn -0.47729492 -0.2980957 -0.82666016
vn -0.47729492 -0.2980957 -0.82666016
vn -0.86621094 -0.0009365082 -0.5
vn -0.86621094 -0.0009365082 -0.5
vn -0.86621094 -0.0009365082 -0.5
vn -0.86621094 -0.0009365082 -0.5
vn 0.86621094 -0.0009355545 0.5
vn 0.86621094 -0.0009355545 0.5
vn 0.86621094 -0.0009355545 0.5
vn 0.86621094 -0.0009355545 0.5
vn -0 -0.00093746185 1
vn -0 -0.00093746185 1
vn -0 -0.00093746185 1
vn -0 -0.00093746185 1
vn -0.86621094 -0.00093746185 0.5
vn -0.86621094 -0.00093746185 0.5
vn -0.86621094 -0.00093746185 0.5
vn -0.86621094 -0.00093746185 0.5
vn -0.86572266 -0.016448975 -0.5
vn -0.86572266 -0.016448975 -0.5
vn -0.86572266 -0.016448975 -0.5
vn -0.86572266 -0.016448975 -0.5
vn 0.86572266 -0.016448975 0.5
vn 0.86572266 -0.016448975 0.5
vn 0.86572266 -0.016448975 0.5
vn 0.86572266 -0.016448975 0.5
vn -1.0550022E-05 -0.016448975 1
vn -1.0550022E-05 -0.016448975 1
vn -1.0550022E-05 -0.016448975 1
vn -1.0550022E-05 -0.016448975 1
vn -0.86572266 -0.016448975 0.5
vn -0.86572266 -0.016448975 0.5
vn -0.86572266 -0.016448975 0.5
vn -0.86572266 -0.016448975 0.5
vn -0.82666016 -0.2980957 -0.47729492
vn -0.82666016 -0.2980957 -0.47729492
vn -0.82666016 -0.2980957 -0.47729492
vn -0.82666016 -0.2980957 -0.47729492
vn 0.82666016 -0.2980957 0.47729492
vn 0.82666016 -0.2980957 0.47729492
vn 0.82666016 -0.2980957 0.47729492
vn 0.82666016 -0.2980957 0.47729492
vn -1.3291836E-05 -0.2980957 0.95458984
vn -1.3291836E-05 -0.2980957 0.95458984
vn -1.3291836E-05 -0.2980957 0.95458984
vn -1.3291836E-05 -0.2980957 0.95458984
vn -0.82666016 -0.2980957 0.47729492
vn -0.82666016 -0.2980957 0.47729492
vn -0.82666016 -0.2980957 0.47729492
vn -0.82666016 -0.2980957 0.47729492
vn -0.5 -0.00093889236 0.86621094
vn -0.5 -0.00093889236 0.86621094
vn -0.5 -0.00093889236 0.86621094
vn -0.5 -0.00093889236 0.86621094
vn -1 -0.0009393692 0
vn -1 -0.0009393692 0
vn -1 -0.0009393692 0
vn -1 -0.0009393692 0
vn -0.5 -0.0009407997 -0.86621094
vn -0.5 -0.0009407997 -0.86621094
vn -0.5 -0.0009407997 -0.86621094
vn -0.5 -0.0009407997 -0.86621094
vn 0.5 -0.000936985 0.86621094
vn 0.5 -0.000936985 0.86621094
vn 0.5 -0.000936985 0.86621094
vn 0.5 -0.000936985 0.86621094
vn -0.5 -0.016448975 0.86572266
vn -0.5 -0.016448975 0.86572266
vn -0.5 -0.016448975 0.86572266
vn -0.5 -0.016448975 0.86572266
vn -1 -0.016448975 0
vn -1 -0.016448975 0
vn -1 -0.016448975 0
vn -1 -0.016448975 0
vn -0.5 -0.016448975 -0.86572266
vn -0.5 -0.016448975 -0.86572266
vn -0.5 -0.016448975 -0.86572266
vn -0.5 -0.016448975 -0.86572266
vn 0.5 -0.016448975 0.86572266
vn 0.5 -0.016448975 0.86572266
vn 0.5 -0.016448975 0.86572266
vn 0.5 -0.016448975 0.86572266
vn -0.47729492 -0.2980957 0.82666016
vn -0.47729492 -0.2980957 0.82666016
vn -0.47729492 -0.2980957 0.82666016
vn -0.47729492 -0.2980957 0.82666016
vn -0.95458984 -0.2980957 0
vn -0.95458984 -0.2980957 0
vn -0.95458984 -0.2980957 0
vn -0.95458984 -0.2980957 0
vn -0.47729492 -0.2980957 -0.82666016
vn -0.47729492 -0.2980957 -0.82666016
vn -0.47729492 -0.2980957 -0.82666016
vn -0.47729492 -0.2980957 -0.82666016
vn 0.47729492 -0.2980957 0.82666016
vn 0.47729492 -0.2980957 0.82666016
vn 0.47729492 -0.2980957 0.82666016
vn 0.47729492 -0.2980957 0.82666016
vn -0 1 0
vn -0 1 0
vn -0 1 0
vn -0 1 0
vn -0 1 0
vn -0 1 0
vn -0 1 0
vn -0 1 0
vn -0.86621094 0 0.5
vn -0.86621094 0 0.5
vn -0.86621094 0 0.5
vn -0.86621094 0 0.5
vn -0.86572266 -0.016448975 0.5
vn -0.86572266 -0.016448975 0.5
vn -0.86572266 -0.016448975 0.5
vn -0.86572266 -0.016448975 0.5
vn 0.007896423 0.99609375 0.090026855
vn 0.007896423 0.99609375 0.090026855
vn 0.007896423 0.99609375 0.090026855
vn 0.007896423 0.99609375 0.090026855
vn 0.80371094 0.59521484 0.006843567
vn 0.80371094 0.59521484 0.006843567
vn 0.80371094 0.59521484 0.006843567
vn 0.80371094 0.59521484 0.006843567
vn 0.00019538403 1 0.0054473877
vn 0.00019538403 1 0.0054473877
vn 0.00019538403 1 0.0054473877
vn 0.00019538403 1 0.0054473877
vn -0.74365234 0.66845703 -0.019210815
vn -0.74365234 0.66845703 -0.019210815
vn -0.74365234 0.66845703 -0.019210815
vn -0.74365234 0.66845703 -0.019210815
vn 0.9003906 0.4321289 -0.048187256
vn 0.9003906 0.4321289 -0.048187256
vn 0.9003906 0.4321289 -0.048187256
vn 0.9003906 0.4321289 -0.048187256
vn 0.03817749 0.99853516 -0.04269409
vn 0.03817749 0.99853516 -0.04269409
vn 0.03817749 0.99853516 -0.04269409
vn 0.03817749 0.99853516 -0.04269409
vn 0.8251953 0.5644531 -0.026473999
vn 0.8251953 0.5644531 -0.026473999
vn 0.8251953 0.5644531 -0.026473999
vn 0.8251953 0.5644531 -0.026473999
vn -0.021118164 0.9995117 -0.018844604
vn -0.021118164 0.9995117 -0.018844604
vn -0.021118164 0.9995117 -0.018844604
vn -0.021118164 0.9995117 -0.018844604
vn -0.8330078 0.55322266 -0.01600647
vn -0.8330078 0.55322266 -0.01600647
vn -0.8330078 0.55322266 -0.01600647
vn -0.8330078 0.55322266 -0.01600647
vn -0.85009766 0.5263672 0.014984131
vn -0.85009766 0.5263672 0.014984131
vn -0.85009766 0.5263672 0.014984131
vn -0.85009766 0.5263672 0.014984131
vn 0.29174805 -0.8120117 0.5053711
vn -0 -0.6225586 0.78222656
vn 0.39111328 -0.6225586 0.6777344
vn -0 -0.8120117 0.5834961
vn -0.39111328 -0.6225586 0.6777344
vn 0.5053711 -0.8120117 0.29174805
vn 0.6777344 -0.6225586 0.39111328
vn -0.29174805 -0.8120117 0.5053711
vn -0.6777344 -0.6225586 0.39111328
vn -0 -1 0
vn 0.5834961 -0.8120117 0
vn -0.5053711 -0.8120117 0.29174805
vn 0.78222656 -0.6225586 0
vn -0.78222656 -0.6225586 0
vn 0.5053711 -0.8120117 -0.29174805
vn 0.6777344 -0.6225586 -0.39111328
vn -0.5834961 -0.8120117 0
vn -0.6777344 -0.6225586 -0.39111328
vn 0.29174805 -0.8120117 -0.5053711
vn 0.39111328 -0.6225586 -0.6777344
vn -0.5053711 -0.8120117 -0.29174805
vn -0.39111328 -0.6225586 -0.6777344
vn -0 -0.8120117 -0.5834961
vn -0 -0.6225586 -0.78222656
vn -0.29174805 -0.8120117 -0.5053711
vn -0 0.6147461 -0.7885742
vn -0 0.8105469 -0.5859375
vn -0.29296875 0.8105469 -0.5073242
vn -0.3942871 0.6147461 -0.68310547
vn 0.3942871 0.6147461 -0.68310547
vn -0.5073242 0.8105469 -0.29296875
vn -0.68310547 0.6147461 -0.3942871
vn 0.29296875 0.8105469 -0.5073242
vn 0.68310547 0.6147461 -0.3942871
vn -0 1 0
vn -0.5859375 0.8105469 0
vn 0.5073242 0.8105469 -0.29296875
vn -0.7885742 0.6147461 0
vn 0.7885742 0.6147461 0
vn -0.5073242 0.8105469 0.29296875
vn -0.68310547 0.6147461 0.3942871
vn 0.5859375 0.8105469 0
vn 0.68310547 0.6147461 0.3942871
vn -0.29296875 0.8105469 0.5073242
vn -0.3942871 0.6147461 0.68310547
vn 0.5073242 0.8105469 0.29296875
vn 0.3942871 0.6147461 0.68310547
vn -0 0.8105469 0.5859375
vn -0 0.6147461 0.7885742
vn 0.29296875 0.8105469 0.5073242
vn 0.29174805 -0.8120117 0.5053711
vn -0 -0.6225586 0.78222656
vn 0.39111328 -0.6225586 0.6777344
vn -0 -0.8120117 0.5834961
vn -0.39111328 -0.6225586 0.6777344
vn 0.5053711 -0.8120117 0.29174805
vn 0.6777344 -0.6225586 0.39111328
vn -0.29174805 -0.8120117 0.5053711
vn -0.6777344 -0.6225586 0.39111328
vn -0 -1 0
vn 0.5834961 -0.8120117 0
vn -0.5053711 -0.8120117 0.29174805
vn 0.78222656 -0.6225586 0
vn -0.78222656 -0.6225586 0
vn 0.5053711 -0.8120117 -0.29174805
vn 0.6777344 -0.6225586 -0.39111328
vn -0.5834961 -0.8120117 0
vn -0.6777344 -0.6225586 -0.39111328
vn 0.29174805 -0.8120117 -0.5053711
vn 0.39111328 -0.6225586 -0.6777344
vn -0.5053711 -0.8120117 -0.29174805
vn -0.39111328 -0.6225586 -0.6777344
vn -0 -0.8120117 -0.5834961
vn -0 -0.6225586 -0.78222656
vn -0.29174805 -0.8120117 -0.5053711
vn -0 0.6147461 -0.7885742
vn -0 0.8105469 -0.5859375
vn -0.29296875 0.8105469 -0.5073242
vn -0.3942871 0.6147461 -0.68310547
vn 0.3942871 0.6147461 -0.68310547
vn -0.5073242 0.8105469 -0.29296875
vn -0.68310547 0.6147461 -0.3942871
vn 0.29296875 0.8105469 -0.5073242
vn 0.68310547 0.6147461 -0.3942871
vn -0 1 0
vn -0.5859375 0.8105469 0
vn 0.5073242 0.8105469 -0.29296875
vn -0.7885742 0.6147461 0
vn 0.7885742 0.6147461 0
vn -0.5073242 0.8105469 0.29296875
vn -0.68310547 0.6147461 0.3942871
vn 0.5859375 0.8105469 0
vn 0.68310547 0.6147461 0.3942871
vn -0.29296875 0.8105469 0.5073242
vn -0.3942871 0.6147461 0.68310547
vn 0.5073242 0.8105469 0.29296875
vn 0.3942871 0.6147461 0.68310547
vn -0 0.8105469 0.5859375
vn -0 0.6147461 0.7885742
vn 0.29296875 0.8105469 0.5073242
vn 0.29174805 -0.8120117 0.5053711
vn -0 -0.6225586 0.78222656
vn 0.39111328 -0.6225586 0.6777344
vn -0 -0.8120117 0.5834961
vn -0.39111328 -0.6225586 0.6777344
vn 0.5053711 -0.8120117 0.29174805
vn 0.6777344 -0.6225586 0.39111328
vn -0.29174805 -0.8120117 0.5053711
vn -0.6777344 -0.6225586 0.39111328
vn -0 -1 0
vn 0.5834961 -0.8120117 0
vn -0.5053711 -0.8120117 0.29174805
vn 0.78222656 -0.6225586 0
vn -0.78222656 -0.6225586 0
vn 0.5053711 -0.8120117 -0.29174805
vn 0.6777344 -0.6225586 -0.39111328
vn -0.5834961 -0.8120117 0
vn -0.6777344 -0.6225586 -0.39111328
vn 0.29174805 -0.8120117 -0.5053711
vn 0.39111328 -0.6225586 -0.6777344
vn -0.5053711 -0.8120117 -0.29174805
vn -0.39111328 -0.6225586 -0.6777344
vn -0 -0.8120117 -0.5834961
vn -0 -0.6225586 -0.78222656
vn -0.29174805 -0.8120117 -0.5053711
vn -0 0.6147461 -0.7885742
vn -0 0.8105469 -0.5859375
vn -0.29296875 0.8105469 -0.5073242
vn -0.3942871 0.6147461 -0.68310547
vn 0.3942871 0.6147461 -0.68310547
vn -0.5073242 0.8105469 -0.29296875
vn -0.68310547 0.6147461 -0.3942871
vn 0.29296875 0.8105469 -0.5073242
vn 0.68310547 0.6147461 -0.3942871
vn -0 1 0
vn -0.5859375 0.8105469 0
vn 0.5073242 0.8105469 -0.29296875
vn -0.7885742 0.6147461 0
vn 0.7885742 0.6147461 0
vn -0.5073242 0.8105469 0.29296875
vn -0.68310547 0.6147461 0.3942871
vn 0.5859375 0.8105469 0
vn 0.68310547 0.6147461 0.3942871
vn -0.29296875 0.8105469 0.5073242
vn -0.3942871 0.6147461 0.68310547
vn 0.5073242 0.8105469 0.29296875
vn 0.3942871 0.6147461 0.68310547
vn -0 0.8105469 0.5859375
vn -0 0.6147461 0.7885742
vn 0.29296875 0.8105469 0.5073242
vn 0.29174805 -0.8120117 0.5053711
vn -0 -0.6225586 0.78222656
vn 0.39111328 -0.6225586 0.6777344
vn -0 -0.8120117 0.5834961
vn -0.39111328 -0.6225586 0.6777344
vn 0.5053711 -0.8120117 0.29174805
vn 0.6777344 -0.6225586 0.39111328
vn -0.29174805 -0.8120117 0.5053711
vn -0.6777344 -0.6225586 0.39111328
vn -0 -1 0
vn 0.5834961 -0.8120117 0
vn -0.5053711 -0.8120117 0.29174805
vn 0.78222656 -0.6225586 0
vn -0.78222656 -0.6225586 0
vn 0.5053711 -0.8120117 -0.29174805
vn 0.6777344 -0.6225586 -0.39111328
vn -0.5834961 -0.8120117 0
vn -0.6777344 -0.6225586 -0.39111328
vn 0.29174805 -0.8120117 -0.5053711
vn 0.39111328 -0.6225586 -0.6777344
vn -0.5053711 -0.8120117 -0.29174805
vn -0.39111328 -0.6225586 -0.6777344
vn -0 -0.8120117 -0.5834961
vn -0 -0.6225586 -0.78222656
vn -0.29174805 -0.8120117 -0.5053711
vn -0 0.6147461 -0.7885742
vn -0 0.8105469 -0.5859375
vn -0.29296875 0.8105469 -0.5073242
vn -0.3942871 0.6147461 -0.68310547
vn 0.3942871 0.6147461 -0.68310547
vn -0.5073242 0.8105469 -0.29296875
vn -0.68310547 0.6147461 -0.3942871
vn 0.29296875 0.8105469 -0.5073242
vn 0.68310547 0.6147461 -0.3942871
vn -0 1 0
vn -0.5859375 0.8105469 0
vn 0.5073242 0.8105469 -0.29296875
vn -0.7885742 0.6147461 0
vn 0.7885742 0.6147461 0
vn -0.5073242 0.8105469 0.29296875
vn -0.68310547 0.6147461 0.3942871
vn 0.5859375 0.8105469 0
vn 0.68310547 0.6147461 0.3942871
vn -0.29296875 0.8105469 0.5073242
vn -0.3942871 0.6147461 0.68310547
vn 0.5073242 0.8105469 0.29296875
vn 0.3942871 0.6147461 0.68310547
vn -0 0.8105469 0.5859375
vn -0 0.6147461 0.7885742
vn 0.29296875 0.8105469 0.5073242
vn -0.29174805 -0.8120117 0.5053711
vn -0.39111328 -0.6225586 0.6777344
vn -0 -0.6225586 0.78222656
vn -0 -0.8120117 0.5834961
vn 0.39111328 -0.6225586 0.6777344
vn -0.5053711 -0.8120117 0.29174805
vn -0.6777344 -0.6225586 0.39111328
vn 0.29174805 -0.8120117 0.5053711
vn 0.6777344 -0.6225586 0.39111328
vn -0 -1 0
vn -0.5834961 -0.8120117 0
vn 0.5053711 -0.8120117 0.29174805
vn -0.78222656 -0.6225586 0
vn 0.78222656 -0.6225586 0
vn -0.5053711 -0.8120117 -0.29174805
vn -0.6777344 -0.6225586 -0.39111328
vn 0.5834961 -0.8120117 0
vn 0.6777344 -0.6225586 -0.39111328
vn -0.29174805 -0.8120117 -0.5053711
vn -0.39111328 -0.6225586 -0.6777344
vn 0.5053711 -0.8120117 -0.29174805
vn 0.39111328 -0.6225586 -0.6777344
vn -0 -0.8120117 -0.5834961
vn -0 -0.6225586 -0.78222656
vn 0.29174805 -0.8120117 -0.5053711
vn -0 0.6147461 -0.7885742
vn 0.3942871 0.6147461 -0.68310547
vn 0.29296875 0.8105469 -0.5073242
vn -0 0.8105469 -0.5859375
vn -0.3942871 0.6147461 -0.68310547
vn 0.5073242 0.8105469 -0.29296875
vn 0.68310547 0.6147461 -0.3942871
vn -0.29296875 0.8105469 -0.5073242
vn -0.68310547 0.6147461 -0.3942871
vn -0 1 0
vn 0.5859375 0.8105469 0
vn -0.5073242 0.8105469 -0.29296875
vn 0.7885742 0.6147461 0
vn -0.7885742 0.6147461 0
vn 0.5073242 0.8105469 0.29296875
vn 0.68310547 0.6147461 0.3942871
vn -0.5859375 0.8105469 0
vn -0.68310547 0.6147461 0.3942871
vn 0.29296875 0.8105469 0.5073242
vn 0.3942871 0.6147461 0.68310547
vn -0.5073242 0.8105469 0.29296875
vn -0.3942871 0.6147461 0.68310547
vn -0 0.8105469 0.5859375
vn -0 0.6147461 0.7885742
vn -0.29296875 0.8105469 0.5073242
vn -0.29174805 -0.8120117 0.5053711
vn -0.39111328 -0.6225586 0.6777344
vn -0 -0.6225586 0.78222656
vn -0 -0.8120117 0.5834961
vn 0.39111328 -0.6225586 0.6777344
vn -0.5053711 -0.8120117 0.29174805
vn -0.6777344 -0.6225586 0.39111328
vn 0.29174805 -0.8120117 0.5053711
vn 0.6777344 -0.6225586 0.39111328
vn -0 -1 0
vn -0.5834961 -0.8120117 0
vn 0.5053711 -0.8120117 0.29174805
vn -0.78222656 -0.6225586 0
vn 0.78222656 -0.6225586 0
vn -0.5053711 -0.8120117 -0.29174805
vn -0.6777344 -0.6225586 -0.39111328
vn 0.5834961 -0.8120117 0
vn 0.6777344 -0.6225586 -0.39111328
vn -0.29174805 -0.8120117 -0.5053711
vn -0.39111328 -0.6225586 -0.6777344
vn 0.5053711 -0.8120117 -0.29174805
vn 0.39111328 -0.6225586 -0.6777344
vn -0 -0.8120117 -0.5834961
vn -0 -0.6225586 -0.78222656
vn 0.29174805 -0.8120117 -0.5053711
vn -0 0.6147461 -0.7885742
vn 0.3942871 0.6147461 -0.68310547
vn 0.29296875 0.8105469 -0.5073242
vn -0 0.8105469 -0.5859375
vn -0.3942871 0.6147461 -0.68310547
vn 0.5073242 0.8105469 -0.29296875
vn 0.68310547 0.6147461 -0.3942871
vn -0.29296875 0.8105469 -0.5073242
vn -0.68310547 0.6147461 -0.3942871
vn -0 1 0
vn 0.5859375 0.8105469 0
vn -0.5073242 0.8105469 -0.29296875
vn 0.7885742 0.6147461 0
vn -0.7885742 0.6147461 0
vn 0.5073242 0.8105469 0.29296875
vn 0.68310547 0.6147461 0.3942871
vn -0.5859375 0.8105469 0
vn -0.68310547 0.6147461 0.3942871
vn 0.29296875 0.8105469 0.5073242
vn 0.3942871 0.6147461 0.68310547
vn -0.5073242 0.8105469 0.29296875
vn -0.3942871 0.6147461 0.68310547
vn -0 0.8105469 0.5859375
vn -0 0.6147461 0.7885742
vn -0.29296875 0.8105469 0.5073242
vn -0.29174805 -0.8120117 0.5053711
vn -0.39111328 -0.6225586 0.6777344
vn -0 -0.6225586 0.78222656
vn -0 -0.8120117 0.5834961
vn 0.39111328 -0.6225586 0.6777344
vn -0.5053711 -0.8120117 0.29174805
vn -0.6777344 -0.6225586 0.39111328
vn 0.29174805 -0.8120117 0.5053711
vn 0.6777344 -0.6225586 0.39111328
vn -0 -1 0
vn -0.5834961 -0.8120117 0
vn 0.5053711 -0.8120117 0.29174805
vn -0.78222656 -0.6225586 0
vn 0.78222656 -0.6225586 0
vn -0.5053711 -0.8120117 -0.29174805
vn -0.6777344 -0.6225586 -0.39111328
vn 0.5834961 -0.8120117 0
vn 0.6777344 -0.6225586 -0.39111328
vn -0.29174805 -0.8120117 -0.5053711
vn -0.39111328 -0.6225586 -0.6777344
vn 0.5053711 -0.8120117 -0.29174805
vn 0.39111328 -0.6225586 -0.6777344
vn -0 -0.8120117 -0.5834961
vn -0 -0.6225586 -0.78222656
vn 0.29174805 -0.8120117 -0.5053711
vn -0 0.6147461 -0.7885742
vn 0.3942871 0.6147461 -0.68310547
vn 0.29296875 0.8105469 -0.5073242
vn -0 0.8105469 -0.5859375
vn -0.3942871 0.6147461 -0.68310547
vn 0.5073242 0.8105469 -0.29296875
vn 0.68310547 0.6147461 -0.3942871
vn -0.29296875 0.8105469 -0.5073242
vn -0.68310547 0.6147461 -0.3942871
vn -0 1 0
vn 0.5859375 0.8105469 0
vn -0.5073242 0.8105469 -0.29296875
vn 0.7885742 0.6147461 0
vn -0.7885742 0.6147461 0
vn 0.5073242 0.8105469 0.29296875
vn 0.68310547 0.6147461 0.3942871
vn -0.5859375 0.8105469 0
vn -0.68310547 0.6147461 0.3942871
vn 0.29296875 0.8105469 0.5073242
vn 0.3942871 0.6147461 0.68310547
vn -0.5073242 0.8105469 0.29296875
vn -0.3942871 0.6147461 0.68310547
vn -0 0.8105469 0.5859375
vn -0 0.6147461 0.7885742
vn -0.29296875 0.8105469 0.5073242
vn -0.29174805 -0.8120117 0.5053711
vn -0.39111328 -0.6225586 0.6777344
vn -0 -0.6225586 0.78222656
vn -0 -0.8120117 0.5834961
vn 0.39111328 -0.6225586 0.6777344
vn -0.5053711 -0.8120117 0.29174805
vn -0.6777344 -0.6225586 0.39111328
vn 0.29174805 -0.8120117 0.5053711
vn 0.6777344 -0.6225586 0.39111328
vn -0 -1 0
vn -0.5834961 -0.8120117 0
vn 0.5053711 -0.8120117 0.29174805
vn -0.78222656 -0.6225586 0
vn 0.78222656 -0.6225586 0
vn -0.5053711 -0.8120117 -0.29174805
vn -0.6777344 -0.6225586 -0.39111328
vn 0.5834961 -0.8120117 0
vn 0.6777344 -0.6225586 -0.39111328
vn -0.29174805 -0.8120117 -0.5053711
vn -0.39111328 -0.6225586 -0.6777344
vn 0.5053711 -0.8120117 -0.29174805
vn 0.39111328 -0.6225586 -0.6777344
vn -0 -0.8120117 -0.5834961
vn -0 -0.6225586 -0.78222656
vn 0.29174805 -0.8120117 -0.5053711
vn -0 0.6147461 -0.7885742
vn 0.3942871 0.6147461 -0.68310547
vn 0.29296875 0.8105469 -0.5073242
vn -0 0.8105469 -0.5859375
vn -0.3942871 0.6147461 -0.68310547
vn 0.5073242 0.8105469 -0.29296875
vn 0.68310547 0.6147461 -0.3942871
vn -0.29296875 0.8105469 -0.5073242
vn -0.68310547 0.6147461 -0.3942871
vn -0 1 0
vn 0.5859375 0.8105469 0
vn -0.5073242 0.8105469 -0.29296875
vn 0.7885742 0.6147461 0
vn -0.7885742 0.6147461 0
vn 0.5073242 0.8105469 0.29296875
vn 0.68310547 0.6147461 0.3942871
vn -0.5859375 0.8105469 0
vn -0.68310547 0.6147461 0.3942871
vn 0.29296875 0.8105469 0.5073242
vn 0.3942871 0.6147461 0.68310547
vn -0.5073242 0.8105469 0.29296875
vn -0.3942871 0.6147461 0.68310547
vn -0 0.8105469 0.5859375
vn -0 0.6147461 0.7885742
vn -0.29296875 0.8105469 0.5073242
vn -0 0.78222656 0.6225586
vn -0 0.78222656 0.6225586
vn 0.3112793 0.78222656 0.5390625
vn 0.3112793 0.78222656 0.5390625
vn -0.3112793 0.78222656 0.5390625
vn 0.5390625 0.78222656 0.3112793
vn -0.3112793 0.78222656 0.5390625
vn 0.5390625 0.78222656 0.3112793
vn -0.5390625 0.78222656 0.3112793
vn 0.6225586 0.78222656 0
vn -0.5390625 0.78222656 0.3112793
vn 0.6225586 0.78222656 0
vn -0.6225586 0.78222656 0
vn 0.5390625 0.78222656 -0.3112793
vn -0.6225586 0.78222656 0
vn 0.5390625 0.78222656 -0.3112793
vn -0.5390625 0.78222656 -0.3112793
vn 0.3112793 0.78222656 -0.5390625
vn -0.5390625 0.78222656 -0.3112793
vn 0.3112793 0.78222656 -0.5390625
vn -0.3112793 0.78222656 -0.5390625
vn -0 0.78222656 -0.6225586
vn -0.3112793 0.78222656 -0.5390625
vn -0 0.78222656 -0.6225586
vn -0 0.78222656 0.6225586
vn -0 0.78222656 0.6225586
vn 0.3112793 0.78222656 0.5390625
vn 0.3112793 0.78222656 0.5390625
vn -0.3112793 0.78222656 0.5390625
vn 0.5390625 0.78222656 0.3112793
vn -0.3112793 0.78222656 0.5390625
vn 0.5390625 0.78222656 0.3112793
vn -0.5390625 0.78222656 0.3112793
vn 0.6225586 0.78222656 0
vn -0.5390625 0.78222656 0.3112793
vn 0.6225586 0.78222656 0
vn -0.6225586 0.78222656 0
vn 0.5390625 0.78222656 -0.3112793
vn -0.6225586 0.78222656 0
vn 0.5390625 0.78222656 -0.3112793
vn -0.5390625 0.78222656 -0.3112793
vn 0.3112793 0.78222656 -0.5390625
vn -0.5390625 0.78222656 -0.3112793
vn 0.3112793 0.78222656 -0.5390625
vn -0.3112793 0.78222656 -0.5390625
vn -0 0.78222656 -0.6225586
vn -0.3112793 0.78222656 -0.5390625
vn -0 0.78222656 -0.6225586
vn -0 0.78222656 0.6225586
vn -0 0.78222656 0.6225586
vn 0.3112793 0.78222656 0.5390625
vn 0.3112793 0.78222656 0.5390625
vn -0.3112793 0.78222656 0.5395508
vn 0.5390625 0.78222656 0.3112793
vn -0.3112793 0.78222656 0.5395508
vn 0.5390625 0.78222656 0.3112793
vn -0.5390625 0.78222656 0.3112793
vn 0.6225586 0.78222656 0
vn -0.5390625 0.78222656 0.3112793
vn 0.6225586 0.78222656 0
vn -0.6225586 0.78222656 0
vn 0.5390625 0.78222656 -0.3112793
vn -0.6225586 0.78222656 0
vn 0.5390625 0.78222656 -0.3112793
vn -0.5390625 0.78222656 -0.3112793
vn 0.3112793 0.78222656 -0.5390625
vn -0.5390625 0.78222656 -0.3112793
vn 0.3112793 0.78222656 -0.5390625
vn -0.3112793 0.78222656 -0.5390625
vn -0 0.78222656 -0.6225586
vn -0.3112793 0.78222656 -0.5390625
vn -0 0.78222656 -0.6225586
vn -0 0.78222656 0.6225586
vn -0 0.78222656 0.6225586
vn 0.3112793 0.78222656 0.5390625
vn 0.3112793 0.78222656 0.5390625
vn -0.3112793 0.78222656 0.5390625
vn 0.5390625 0.78222656 0.3112793
vn -0.3112793 0.78222656 0.5390625
vn 0.5390625 0.78222656 0.3112793
vn -0.5390625 0.78222656 0.3112793
vn 0.6225586 0.78222656 0
vn -0.5390625 0.78222656 0.3112793
vn 0.6225586 0.78222656 0
vn -0.6225586 0.78222656 0
vn 0.5390625 0.78222656 -0.3112793
vn -0.6225586 0.78222656 0
vn 0.5390625 0.78222656 -0.3112793
vn -0.5390625 0.78222656 -0.3112793
vn 0.3112793 0.78222656 -0.5390625
vn -0.5390625 0.78222656 -0.3112793
vn 0.3112793 0.78222656 -0.5390625
vn -0.3112793 0.78222656 -0.5390625
vn -0 0.78222656 -0.6225586
vn -0.3112793 0.78222656 -0.5390625
vn -0 0.78222656 -0.6225586
vn -0 0.78222656 0.6225586
vn -0.3112793 0.78222656 0.5390625
vn -0.3112793 0.78222656 0.5390625
vn -0 0.78222656 0.6225586
vn -0.5390625 0.78222656 0.3112793
vn 0.3112793 0.78222656 0.5390625
vn -0.5390625 0.78222656 0.3112793
vn 0.3112793 0.78222656 0.5390625
vn -0.6225586 0.78222656 0
vn 0.5390625 0.78222656 0.3112793
vn -0.6225586 0.78222656 0
vn 0.5390625 0.78222656 0.3112793
vn -0.5390625 0.78222656 -0.3112793
vn 0.6225586 0.78222656 0
vn -0.5390625 0.78222656 -0.3112793
vn 0.6225586 0.78222656 0
vn -0.3112793 0.78222656 -0.5390625
vn 0.5390625 0.78222656 -0.3112793
vn -0.3112793 0.78222656 -0.5390625
vn 0.5390625 0.78222656 -0.3112793
vn -0 0.78222656 -0.6225586
vn 0.3112793 0.78222656 -0.5390625
vn -0 0.78222656 -0.6225586
vn 0.3112793 0.78222656 -0.5390625
vn -0 0.78222656 0.6225586
vn -0.3112793 0.78222656 0.5390625
vn -0.3112793 0.78222656 0.5390625
vn -0 0.78222656 0.6225586
vn -0.5390625 0.78222656 0.3112793
vn 0.3112793 0.78222656 0.5390625
vn -0.5390625 0.78222656 0.3112793
vn 0.3112793 0.78222656 0.5390625
vn -0.6225586 0.78222656 0
vn 0.5390625 0.78222656 0.3112793
vn -0.6225586 0.78222656 0
vn 0.5390625 0.78222656 0.3112793
vn -0.5390625 0.78222656 -0.3112793
vn 0.6225586 0.78222656 0
vn -0.5390625 0.78222656 -0.3112793
vn 0.6225586 0.78222656 0
vn -0.3112793 0.78222656 -0.5390625
vn 0.5390625 0.78222656 -0.3112793
vn -0.3112793 0.78222656 -0.5390625
vn 0.5390625 0.78222656 -0.3112793
vn -0 0.78222656 -0.6225586
vn 0.3112793 0.78222656 -0.5390625
vn -0 0.78222656 -0.6225586
vn 0.3112793 0.78222656 -0.5390625
vn -0 0.78222656 0.6225586
vn -0.3112793 0.78222656 0.5390625
vn -0.3112793 0.78222656 0.5395508
vn -0 0.78222656 0.6225586
vn -0.5390625 0.78222656 0.3112793
vn 0.3112793 0.78222656 0.5395508
vn -0.5390625 0.78222656 0.3112793
vn 0.3112793 0.78222656 0.5395508
vn -0.6225586 0.78222656 0
vn 0.5390625 0.78222656 0.3112793
vn -0.6225586 0.78222656 0
vn 0.5390625 0.78222656 0.3112793
vn -0.5390625 0.78222656 -0.3112793
vn 0.6225586 0.78222656 0
vn -0.5390625 0.78222656 -0.3112793
vn 0.6225586 0.78222656 0
vn -0.3112793 0.78222656 -0.5390625
vn 0.5390625 0.78222656 -0.3112793
vn -0.3112793 0.78222656 -0.5390625
vn 0.5390625 0.78222656 -0.3112793
vn -0 0.78222656 -0.6225586
vn 0.3112793 0.78222656 -0.5390625
vn -0 0.78222656 -0.6225586
vn 0.3112793 0.78222656 -0.5390625
vn -0 0.78222656 0.6225586
vn -0.3112793 0.78222656 0.5390625
vn -0.3112793 0.78222656 0.5390625
vn -0 0.78222656 0.6225586
vn -0.5390625 0.78222656 0.3112793
vn 0.3112793 0.78222656 0.5390625
vn -0.5390625 0.78222656 0.3112793
vn 0.3112793 0.78222656 0.5390625
vn -0.6225586 0.78222656 0
vn 0.5390625 0.78222656 0.3112793
vn -0.6225586 0.78222656 0
vn 0.5390625 0.78222656 0.3112793
vn -0.5390625 0.78222656 -0.3112793
vn 0.6225586 0.78222656 0
vn -0.5390625 0.78222656 -0.3112793
vn 0.6225586 0.78222656 0
vn -0.3112793 0.78222656 -0.5390625
vn 0.5390625 0.78222656 -0.3112793
vn -0.3112793 0.78222656 -0.5390625
vn 0.5390625 0.78222656 -0.3112793
vn -0 0.78222656 -0.6225586
vn 0.3112793 0.78222656 -0.5390625
vn -0 0.78222656 -0.6225586
vn 0.3112793 0.78222656 -0.5390625
g GuardTower_1_2_0
f 3/3/3 2/2/2 1/1/1
f 6/6/6 5/5/5 4/4/4
f 9/9/9 8/8/8 7/7/7
f 12/12/12 11/11/11 10/10/10
f 15/15/15 14/14/14 13/13/13
f 18/18/18 17/17/17 16/16/16
f 21/21/21 20/20/20 19/19/19
f 24/24/24 23/23/23 22/22/22
f 27/27/27 26/26/26 25/25/25
f 30/30/30 29/29/29 28/28/28
f 33/33/33 32/32/32 31/31/31
f 36/36/36 35/35/35 34/34/34
f 39/39/39 38/38/38 37/37/37
f 42/42/42 41/41/41 40/40/40
f 45/45/45 44/44/44 43/43/43
f 48/48/48 47/47/47 46/46/46
f 51/51/51 50/50/50 49/49/49
f 54/54/54 53/53/53 52/52/52
f 57/57/57 56/56/56 55/55/55
f 60/60/60 59/59/59 58/58/58
f 63/63/63 62/62/62 61/61/61
f 66/66/66 65/65/65 64/64/64
f 69/69/69 68/68/68 67/67/67
f 72/72/72 71/71/71 70/70/70
f 75/75/75 74/74/74 73/73/73
f 78/78/78 77/77/77 76/76/76
f 81/81/81 80/80/80 79/79/79
f 84/84/84 83/83/83 82/82/82
f 87/87/87 86/86/86 85/85/85
f 90/90/90 89/89/89 88/88/88
f 93/93/93 92/92/92 91/91/91
f 96/96/96 95/95/95 94/94/94
f 99/99/99 98/98/98 97/97/97
f 102/102/102 101/101/101 100/100/100
f 105/105/105 104/104/104 103/103/103
f 108/108/108 107/107/107 106/106/106
f 111/111/111 110/110/110 109/109/109
f 114/114/114 113/113/113 112/112/112
f 117/117/117 116/116/116 115/115/115
f 120/120/120 119/119/119 118/118/118
f 123/123/123 122/122/122 121/121/121
f 126/126/126 125/125/125 124/124/124
f 129/129/129 128/128/128 127/127/127
f 132/132/132 131/131/131 130/130/130
f 135/135/135 134/134/134 133/133/133
f 138/138/138 137/137/137 136/136/136
f 141/141/141 140/140/140 139/139/139
f 144/144/144 143/143/143 142/142/142
f 147/147/147 146/146/146 145/145/145
f 150/150/150 149/149/149 148/148/148
f 153/153/153 152/152/152 151/151/151
f 156/156/156 155/155/155 154/154/154
f 159/159/159 158/158/158 157/157/157
f 162/162/162 161/161/161 160/160/160
f 165/165/165 164/164/164 163/163/163
f 168/168/168 167/167/167 166/166/166
f 171/171/171 170/170/170 169/169/169
f 174/174/174 173/173/173 172/172/172
f 177/177/177 176/176/176 175/175/175
f 180/180/180 179/179/179 178/178/178
f 183/183/183 182/182/182 181/181/181
f 186/186/186 185/185/185 184/184/184
f 189/189/189 188/188/188 187/187/187
f 192/192/192 191/191/191 190/190/190
f 195/195/195 194/194/194 193/193/193
f 198/198/198 197/197/197 196/196/196
f 201/201/201 200/200/200 199/199/199
f 204/204/204 203/203/203 202/202/202
f 207/207/207 206/206/206 205/205/205
f 210/210/210 209/209/209 208/208/208
f 213/213/213 212/212/212 211/211/211
f 216/216/216 215/215/215 214/214/214
f 219/219/219 218/218/218 217/217/217
f 222/222/222 221/221/221 220/220/220
f 225/225/225 224/224/224 223/223/223
f 228/228/228 227/227/227 226/226/226
f 231/231/231 230/230/230 229/229/229
f 234/234/234 233/233/233 232/232/232
f 237/237/237 236/236/236 235/235/235
f 240/240/240 239/239/239 238/238/238
f 243/243/243 242/242/242 241/241/241
f 246/246/246 245/245/245 244/244/244
f 249/249/249 248/248/248 247/247/247
f 252/252/252 251/251/251 250/250/250
f 255/255/255 254/254/254 253/253/253
f 258/258/258 257/257/257 256/256/256
f 261/261/261 260/260/260 259/259/259
f 264/264/264 263/263/263 262/262/262
f 267/267/267 266/266/266 265/265/265
f 270/270/270 269/269/269 268/268/268
f 273/273/273 272/272/272 271/271/271
f 276/276/276 275/275/275 274/274/274
f 279/279/279 278/278/278 277/277/277
f 282/282/282 281/281/281 280/280/280
f 285/285/285 284/284/284 283/283/283
f 288/288/288 287/287/287 286/286/286
f 291/291/291 290/290/290 289/289/289
f 294/294/294 293/293/293 292/292/292
f 297/297/297 296/296/296 295/295/295
f 300/300/300 299/299/299 298/298/298
f 303/303/303 302/302/302 301/301/301
f 306/306/306 305/305/305 304/304/304
f 309/309/309 308/308/308 307/307/307
f 312/312/312 311/311/311 310/310/310
f 315/315/315 314/314/314 313/313/313
f 318/318/318 317/317/317 316/316/316
f 321/321/321 320/320/320 319/319/319
f 324/324/324 323/323/323 322/322/322
f 327/327/327 326/326/326 325/325/325
f 330/330/330 329/329/329 328/328/328
f 333/333/333 332/332/332 331/331/331
f 336/336/336 335/335/335 334/334/334
f 339/339/339 338/338/338 337/337/337
f 342/342/342 341/341/341 340/340/340
f 345/345/345 344/344/344 343/343/343
f 348/348/348 347/347/347 346/346/346
f 351/351/351 350/350/350 349/349/349
f 354/354/354 353/353/353 352/352/352
f 357/357/357 356/356/356 355/355/355
f 360/360/360 359/359/359 358/358/358
f 363/363/363 362/362/362 361/361/361
f 366/366/366 365/365/365 364/364/364
f 369/369/369 368/368/368 367/367/367
f 372/372/372 371/371/371 370/370/370
f 375/375/375 374/374/374 373/373/373
f 378/378/378 377/377/377 376/376/376
f 381/381/381 380/380/380 379/379/379
f 384/384/384 383/383/383 382/382/382
f 387/387/387 386/386/386 385/385/385
f 390/390/390 389/389/389 388/388/388
f 393/393/393 392/392/392 391/391/391
f 396/396/396 395/395/395 394/394/394
f 399/399/399 398/398/398 397/397/397
f 402/402/402 401/401/401 400/400/400
f 405/405/405 404/404/404 403/403/403
f 408/408/408 407/407/407 406/406/406
f 411/411/411 410/410/410 409/409/409
f 414/414/414 413/413/413 412/412/412
f 417/417/417 416/416/416 415/415/415
f 420/420/420 419/419/419 418/418/418
f 423/423/423 422/422/422 421/421/421
f 426/426/426 425/425/425 424/424/424
f 429/429/429 428/428/428 427/427/427
f 432/432/432 431/431/431 430/430/430
f 435/435/435 434/434/434 433/433/433
f 438/438/438 437/437/437 436/436/436
f 441/441/441 440/440/440 439/439/439
f 444/444/444 443/443/443 442/442/442
f 447/447/447 446/446/446 445/445/445
f 450/450/450 449/449/449 448/448/448
f 453/453/453 452/452/452 451/451/451
f 456/456/456 455/455/455 454/454/454
f 459/459/459 458/458/458 457/457/457
f 462/462/462 461/461/461 460/460/460
f 465/465/465 464/464/464 463/463/463
f 468/468/468 467/467/467 466/466/466
f 471/471/471 470/470/470 469/469/469
f 474/474/474 473/473/473 472/472/472
f 477/477/477 476/476/476 475/475/475
f 480/480/480 479/479/479 478/478/478
f 483/483/483 482/482/482 481/481/481
f 486/486/486 485/485/485 484/484/484
f 489/489/489 488/488/488 487/487/487
f 492/492/492 491/491/491 490/490/490
f 495/495/495 494/494/494 493/493/493
f 498/498/498 497/497/497 496/496/496
f 501/501/501 500/500/500 499/499/499
f 504/504/504 503/503/503 502/502/502
f 507/507/507 506/506/506 505/505/505
f 510/510/510 509/509/509 508/508/508
f 513/513/513 512/512/512 511/511/511
f 516/516/516 515/515/515 514/514/514
f 519/519/519 518/518/518 517/517/517
f 522/522/522 521/521/521 520/520/520
f 525/525/525 524/524/524 523/523/523
f 528/528/528 527/527/527 526/526/526
f 531/531/531 530/530/530 529/529/529
f 534/534/534 533/533/533 532/532/532
f 537/537/537 536/536/536 535/535/535
f 540/540/540 539/539/539 538/538/538
f 543/543/543 542/542/542 541/541/541
f 546/546/546 545/545/545 544/544/544
f 549/549/549 548/548/548 547/547/547
f 552/552/552 551/551/551 550/550/550
f 555/555/555 554/554/554 553/553/553
f 558/558/558 557/557/557 556/556/556
f 561/561/561 560/560/560 559/559/559
f 564/564/564 563/563/563 562/562/562
f 567/567/567 566/566/566 565/565/565
f 570/570/570 569/569/569 568/568/568
f 573/573/573 572/572/572 571/571/571
f 576/576/576 575/575/575 574/574/574
f 579/579/579 578/578/578 577/577/577
f 582/582/582 581/581/581 580/580/580
f 585/585/585 584/584/584 583/583/583
f 588/588/588 587/587/587 586/586/586
f 591/591/591 590/590/590 589/589/589
f 594/594/594 593/593/593 592/592/592
f 597/597/597 596/596/596 595/595/595
f 600/600/600 599/599/599 598/598/598
f 603/603/603 602/602/602 601/601/601
f 606/606/606 605/605/605 604/604/604
f 609/609/609 608/608/608 607/607/607
f 612/612/612 611/611/611 610/610/610
f 615/615/615 614/614/614 613/613/613
f 618/618/618 617/617/617 616/616/616
f 621/621/621 620/620/620 619/619/619
f 624/624/624 623/623/623 622/622/622
f 627/627/627 626/626/626 625/625/625
f 630/630/630 629/629/629 628/628/628
f 633/633/633 632/632/632 631/631/631
f 636/636/636 635/635/635 634/634/634
f 639/639/639 638/638/638 637/637/637
f 642/642/642 641/641/641 640/640/640
f 645/645/645 644/644/644 643/643/643
f 648/648/648 647/647/647 646/646/646
f 651/651/651 650/650/650 649/649/649
f 654/654/654 653/653/653 652/652/652
f 657/657/657 656/656/656 655/655/655
f 660/660/660 659/659/659 658/658/658
f 663/663/663 662/662/662 661/661/661
f 666/666/666 665/665/665 664/664/664
f 669/669/669 668/668/668 667/667/667
f 672/672/672 671/671/671 670/670/670
f 675/675/675 674/674/674 673/673/673
f 678/678/678 677/677/677 676/676/676
f 681/681/681 680/680/680 679/679/679
f 684/684/684 683/683/683 682/682/682
f 687/687/687 686/686/686 685/685/685
f 690/690/690 689/689/689 688/688/688
f 693/693/693 692/692/692 691/691/691
f 696/696/696 695/695/695 694/694/694
f 699/699/699 698/698/698 697/697/697
f 702/702/702 701/701/701 700/700/700
f 705/705/705 704/704/704 703/703/703
f 708/708/708 707/707/707 706/706/706
f 711/711/711 710/710/710 709/709/709
f 714/714/714 713/713/713 712/712/712
f 717/717/717 716/716/716 715/715/715
f 720/720/720 719/719/719 718/718/718
f 723/723/723 722/722/722 721/721/721
f 726/726/726 725/725/725 724/724/724
f 729/729/729 728/728/728 727/727/727
f 732/732/732 731/731/731 730/730/730
f 735/735/735 734/734/734 733/733/733
f 738/738/738 737/737/737 736/736/736
f 741/741/741 740/740/740 739/739/739
f 744/744/744 743/743/743 742/742/742
f 747/747/747 746/746/746 745/745/745
f 750/750/750 749/749/749 748/748/748
f 753/753/753 752/752/752 751/751/751
f 756/756/756 755/755/755 754/754/754
f 759/759/759 758/758/758 757/757/757
f 762/762/762 761/761/761 760/760/760
f 765/765/765 764/764/764 763/763/763
f 768/768/768 767/767/767 766/766/766
f 771/771/771 770/770/770 769/769/769
f 774/774/774 773/773/773 772/772/772
f 777/777/777 776/776/776 775/775/775
f 780/780/780 779/779/779 778/778/778
f 783/783/783 782/782/782 781/781/781
f 786/786/786 785/785/785 784/784/784
f 789/789/789 788/788/788 787/787/787
f 792/792/792 791/791/791 790/790/790
f 795/795/795 794/794/794 793/793/793
f 798/798/798 797/797/797 796/796/796
f 801/801/801 800/800/800 799/799/799
f 804/804/804 803/803/803 802/802/802
f 807/807/807 806/806/806 805/805/805
f 810/810/810 809/809/809 808/808/808
f 813/813/813 812/812/812 811/811/811
f 816/816/816 815/815/815 814/814/814
f 819/819/819 818/818/818 817/817/817
f 822/822/822 821/821/821 820/820/820
f 825/825/825 824/824/824 823/823/823
f 828/828/828 827/827/827 826/826/826
f 831/831/831 830/830/830 829/829/829
f 834/834/834 833/833/833 832/832/832
f 837/837/837 836/836/836 835/835/835
f 840/840/840 839/839/839 838/838/838
f 843/843/843 842/842/842 841/841/841
f 846/846/846 845/845/845 844/844/844
f 849/849/849 848/848/848 847/847/847
f 852/852/852 851/851/851 850/850/850
f 855/855/855 854/854/854 853/853/853
f 858/858/858 857/857/857 856/856/856
f 861/861/861 860/860/860 859/859/859
f 864/864/864 863/863/863 862/862/862
f 867/867/867 866/866/866 865/865/865
f 870/870/870 869/869/869 868/868/868
f 873/873/873 872/872/872 871/871/871
f 876/876/876 875/875/875 874/874/874
f 879/879/879 878/878/878 877/877/877
f 882/882/882 881/881/881 880/880/880
f 885/885/885 884/884/884 883/883/883
f 888/888/888 887/887/887 886/886/886
f 891/891/891 890/890/890 889/889/889
f 894/894/894 893/893/893 892/892/892
f 897/897/897 896/896/896 895/895/895
f 900/900/900 899/899/899 898/898/898
f 903/903/903 902/902/902 901/901/901
f 906/906/906 905/905/905 904/904/904
f 909/909/909 908/908/908 907/907/907
f 912/912/912 911/911/911 910/910/910
f 915/915/915 914/914/914 913/913/913
f 918/918/918 917/917/917 916/916/916
f 921/921/921 920/920/920 919/919/919
f 924/924/924 923/923/923 922/922/922
f 927/927/927 926/926/926 925/925/925
f 930/930/930 929/929/929 928/928/928
f 933/933/933 932/932/932 931/931/931
f 936/936/936 935/935/935 934/934/934
f 939/939/939 938/938/938 937/937/937
f 942/942/942 941/941/941 940/940/940
f 945/945/945 944/944/944 943/943/943
f 948/948/948 947/947/947 946/946/946
f 951/951/951 950/950/950 949/949/949
f 954/954/954 953/953/953 952/952/952
f 957/957/957 956/956/956 955/955/955
f 960/960/960 959/959/959 958/958/958
f 963/963/963 962/962/962 961/961/961
f 966/966/966 965/965/965 964/964/964
f 969/969/969 968/968/968 967/967/967
f 972/972/972 971/971/971 970/970/970
f 975/975/975 974/974/974 973/973/973
f 978/978/978 977/977/977 976/976/976
f 981/981/981 980/980/980 979/979/979
f 984/984/984 983/983/983 982/982/982
f 987/987/987 986/986/986 985/985/985
f 990/990/990 989/989/989 988/988/988
f 993/993/993 992/992/992 991/991/991
f 996/996/996 995/995/995 994/994/994
f 999/999/999 998/998/998 997/997/997
f 1002/1002/1002 1001/1001/1001 1000/1000/1000
f 1005/1005/1005 1004/1004/1004 1003/1003/1003
f 1008/1008/1008 1007/1007/1007 1006/1006/1006
f 1011/1011/1011 1010/1010/1010 1009/1009/1009
f 1014/1014/1014 1013/1013/1013 1012/1012/1012
f 1017/1017/1017 1016/1016/1016 1015/1015/1015
f 1020/1020/1020 1019/1019/1019 1018/1018/1018
f 1023/1023/1023 1022/1022/1022 1021/1021/1021
f 1026/1026/1026 1025/1025/1025 1024/1024/1024
f 1029/1029/1029 1028/1028/1028 1027/1027/1027
f 1032/1032/1032 1031/1031/1031 1030/1030/1030
f 1035/1035/1035 1034/1034/1034 1033/1033/1033
f 1038/1038/1038 1037/1037/1037 1036/1036/1036
f 1041/1041/1041 1040/1040/1040 1039/1039/1039
f 1044/1044/1044 1043/1043/1043 1042/1042/1042
f 1047/1047/1047 1046/1046/1046 1045/1045/1045
f 1050/1050/1050 1049/1049/1049 1048/1048/1048
f 1053/1053/1053 1052/1052/1052 1051/1051/1051
f 1056/1056/1056 1055/1055/1055 1054/1054/1054
f 1059/1059/1059 1058/1058/1058 1057/1057/1057
f 1062/1062/1062 1061/1061/1061 1060/1060/1060
f 1065/1065/1065 1064/1064/1064 1063/1063/1063
f 1068/1068/1068 1067/1067/1067 1066/1066/1066
f 1071/1071/1071 1070/1070/1070 1069/1069/1069
f 1074/1074/1074 1073/1073/1073 1072/1072/1072
f 1077/1077/1077 1076/1076/1076 1075/1075/1075
f 1080/1080/1080 1079/1079/1079 1078/1078/1078
f 1083/1083/1083 1082/1082/1082 1081/1081/1081
f 1086/1086/1086 1085/1085/1085 1084/1084/1084
f 1089/1089/1089 1088/1088/1088 1087/1087/1087
f 1092/1092/1092 1091/1091/1091 1090/1090/1090
f 1095/1095/1095 1094/1094/1094 1093/1093/1093
f 1098/1098/1098 1097/1097/1097 1096/1096/1096
f 1101/1101/1101 1100/1100/1100 1099/1099/1099
f 1104/1104/1104 1103/1103/1103 1102/1102/1102
f 1107/1107/1107 1106/1106/1106 1105/1105/1105
f 1110/1110/1110 1109/1109/1109 1108/1108/1108
f 1113/1113/1113 1112/1112/1112 1111/1111/1111
f 1116/1116/1116 1115/1115/1115 1114/1114/1114
f 1119/1119/1119 1118/1118/1118 1117/1117/1117
f 1122/1122/1122 1121/1121/1121 1120/1120/1120
f 1125/1125/1125 1124/1124/1124 1123/1123/1123
f 1128/1128/1128 1127/1127/1127 1126/1126/1126
f 1131/1131/1131 1130/1130/1130 1129/1129/1129
f 1134/1134/1134 1133/1133/1133 1132/1132/1132
f 1137/1137/1137 1136/1136/1136 1135/1135/1135
f 1140/1140/1140 1139/1139/1139 1138/1138/1138
f 1143/1143/1143 1142/1142/1142 1141/1141/1141
f 1146/1146/1146 1145/1145/1145 1144/1144/1144
f 1149/1149/1149 1148/1148/1148 1147/1147/1147
f 1152/1152/1152 1151/1151/1151 1150/1150/1150
f 1155/1155/1155 1154/1154/1154 1153/1153/1153
f 1158/1158/1158 1157/1157/1157 1156/1156/1156
f 1161/1161/1161 1160/1160/1160 1159/1159/1159
f 1164/1164/1164 1163/1163/1163 1162/1162/1162
f 1167/1167/1167 1166/1166/1166 1165/1165/1165
f 1170/1170/1170 1169/1169/1169 1168/1168/1168
f 1173/1173/1173 1172/1172/1172 1171/1171/1171
f 1176/1176/1176 1175/1175/1175 1174/1174/1174
f 1179/1179/1179 1178/1178/1178 1177/1177/1177
f 1182/1182/1182 1181/1181/1181 1180/1180/1180
f 1185/1185/1185 1184/1184/1184 1183/1183/1183
f 1188/1188/1188 1187/1187/1187 1186/1186/1186
f 1191/1191/1191 1190/1190/1190 1189/1189/1189
f 1194/1194/1194 1193/1193/1193 1192/1192/1192
f 1197/1197/1197 1196/1196/1196 1195/1195/1195
f 1200/1200/1200 1199/1199/1199 1198/1198/1198
f 1203/1203/1203 1202/1202/1202 1201/1201/1201
f 1206/1206/1206 1205/1205/1205 1204/1204/1204
f 1209/1209/1209 1208/1208/1208 1207/1207/1207
f 1212/1212/1212 1211/1211/1211 1210/1210/1210
f 1215/1215/1215 1214/1214/1214 1213/1213/1213
f 1218/1218/1218 1217/1217/1217 1216/1216/1216
f 1221/1221/1221 1220/1220/1220 1219/1219/1219
f 1224/1224/1224 1223/1223/1223 1222/1222/1222
f 1227/1227/1227 1226/1226/1226 1225/1225/1225
f 1230/1230/1230 1229/1229/1229 1228/1228/1228
f 1233/1233/1233 1232/1232/1232 1231/1231/1231
f 1236/1236/1236 1235/1235/1235 1234/1234/1234
f 1239/1239/1239 1238/1238/1238 1237/1237/1237
f 1242/1242/1242 1241/1241/1241 1240/1240/1240
f 1245/1245/1245 1244/1244/1244 1243/1243/1243
f 1248/1248/1248 1247/1247/1247 1246/1246/1246
f 1251/1251/1251 1250/1250/1250 1249/1249/1249
f 1254/1254/1254 1253/1253/1253 1252/1252/1252
f 1257/1257/1257 1256/1256/1256 1255/1255/1255
f 1260/1260/1260 1259/1259/1259 1258/1258/1258
f 1263/1263/1263 1262/1262/1262 1261/1261/1261
f 1266/1266/1266 1265/1265/1265 1264/1264/1264
f 1269/1269/1269 1268/1268/1268 1267/1267/1267
f 1272/1272/1272 1271/1271/1271 1270/1270/1270
f 1275/1275/1275 1274/1274/1274 1273/1273/1273
f 1278/1278/1278 1277/1277/1277 1276/1276/1276
f 1281/1281/1281 1280/1280/1280 1279/1279/1279
f 1284/1284/1284 1283/1283/1283 1282/1282/1282
f 1287/1287/1287 1286/1286/1286 1285/1285/1285
f 1290/1290/1290 1289/1289/1289 1288/1288/1288
f 1293/1293/1293 1292/1292/1292 1291/1291/1291
f 1296/1296/1296 1295/1295/1295 1294/1294/1294
f 1299/1299/1299 1298/1298/1298 1297/1297/1297
f 1302/1302/1302 1301/1301/1301 1300/1300/1300
f 1305/1305/1305 1304/1304/1304 1303/1303/1303
f 1308/1308/1308 1307/1307/1307 1306/1306/1306
f 1311/1311/1311 1310/1310/1310 1309/1309/1309
f 1314/1314/1314 1313/1313/1313 1312/1312/1312
f 1317/1317/1317 1316/1316/1316 1315/1315/1315
f 1320/1320/1320 1319/1319/1319 1318/1318/1318
f 1323/1323/1323 1322/1322/1322 1321/1321/1321
f 1326/1326/1326 1325/1325/1325 1324/1324/1324
f 1329/1329/1329 1328/1328/1328 1327/1327/1327
f 1332/1332/1332 1331/1331/1331 1330/1330/1330
f 1335/1335/1335 1334/1334/1334 1333/1333/1333
f 1338/1338/1338 1337/1337/1337 1336/1336/1336
f 1341/1341/1341 1340/1340/1340 1339/1339/1339
f 1344/1344/1344 1343/1343/1343 1342/1342/1342
f 1347/1347/1347 1346/1346/1346 1345/1345/1345
f 1350/1350/1350 1349/1349/1349 1348/1348/1348
f 1353/1353/1353 1352/1352/1352 1351/1351/1351
f 1356/1356/1356 1355/1355/1355 1354/1354/1354
f 1359/1359/1359 1358/1358/1358 1357/1357/1357
f 1362/1362/1362 1361/1361/1361 1360/1360/1360
f 1365/1365/1365 1364/1364/1364 1363/1363/1363
f 1368/1368/1368 1367/1367/1367 1366/1366/1366
f 1371/1371/1371 1370/1370/1370 1369/1369/1369
f 1374/1374/1374 1373/1373/1373 1372/1372/1372
f 1377/1377/1377 1376/1376/1376 1375/1375/1375
f 1380/1380/1380 1379/1379/1379 1378/1378/1378
f 1383/1383/1383 1382/1382/1382 1381/1381/1381
f 1386/1386/1386 1385/1385/1385 1384/1384/1384
f 1389/1389/1389 1388/1388/1388 1387/1387/1387
f 1392/1392/1392 1391/1391/1391 1390/1390/1390
f 1395/1395/1395 1394/1394/1394 1393/1393/1393
f 1398/1398/1398 1397/1397/1397 1396/1396/1396
f 1401/1401/1401 1400/1400/1400 1399/1399/1399
f 1404/1404/1404 1403/1403/1403 1402/1402/1402
f 1407/1407/1407 1406/1406/1406 1405/1405/1405
f 1410/1410/1410 1409/1409/1409 1408/1408/1408
f 1413/1413/1413 1412/1412/1412 1411/1411/1411
f 1416/1416/1416 1415/1415/1415 1414/1414/1414
f 1419/1419/1419 1418/1418/1418 1417/1417/1417
f 1422/1422/1422 1421/1421/1421 1420/1420/1420
f 1425/1425/1425 1424/1424/1424 1423/1423/1423
f 1428/1428/1428 1427/1427/1427 1426/1426/1426
f 1431/1431/1431 1430/1430/1430 1429/1429/1429
f 1434/1434/1434 1433/1433/1433 1432/1432/1432
f 1437/1437/1437 1436/1436/1436 1435/1435/1435
f 1440/1440/1440 1439/1439/1439 1438/1438/1438
f 1443/1443/1443 1442/1442/1442 1441/1441/1441
f 1446/1446/1446 1445/1445/1445 1444/1444/1444
f 1449/1449/1449 1448/1448/1448 1447/1447/1447
f 1452/1452/1452 1451/1451/1451 1450/1450/1450
f 1455/1455/1455 1454/1454/1454 1453/1453/1453
f 1458/1458/1458 1457/1457/1457 1456/1456/1456
f 1461/1461/1461 1460/1460/1460 1459/1459/1459
f 1464/1464/1464 1463/1463/1463 1462/1462/1462
f 1467/1467/1467 1466/1466/1466 1465/1465/1465
f 1470/1470/1470 1469/1469/1469 1468/1468/1468
f 1473/1473/1473 1472/1472/1472 1471/1471/1471
f 1476/1476/1476 1475/1475/1475 1474/1474/1474
f 1479/1479/1479 1478/1478/1478 1477/1477/1477
f 1482/1482/1482 1481/1481/1481 1480/1480/1480
f 1485/1485/1485 1484/1484/1484 1483/1483/1483
f 1488/1488/1488 1487/1487/1487 1486/1486/1486
f 1491/1491/1491 1490/1490/1490 1489/1489/1489
f 1494/1494/1494 1493/1493/1493 1492/1492/1492
f 1497/1497/1497 1496/1496/1496 1495/1495/1495
f 1500/1500/1500 1499/1499/1499 1498/1498/1498
f 1503/1503/1503 1502/1502/1502 1501/1501/1501
f 1506/1506/1506 1505/1505/1505 1504/1504/1504
f 1509/1509/1509 1508/1508/1508 1507/1507/1507
f 1512/1512/1512 1511/1511/1511 1510/1510/1510
f 1515/1515/1515 1514/1514/1514 1513/1513/1513
f 1518/1518/1518 1517/1517/1517 1516/1516/1516
f 1521/1521/1521 1520/1520/1520 1519/1519/1519
f 1524/1524/1524 1523/1523/1523 1522/1522/1522
f 1527/1527/1527 1526/1526/1526 1525/1525/1525
f 1530/1530/1530 1529/1529/1529 1528/1528/1528
f 1533/1533/1533 1532/1532/1532 1531/1531/1531
f 1536/1536/1536 1535/1535/1535 1534/1534/1534
f 1539/1539/1539 1538/1538/1538 1537/1537/1537
f 1542/1542/1542 1541/1541/1541 1540/1540/1540
f 1545/1545/1545 1544/1544/1544 1543/1543/1543
f 1548/1548/1548 1547/1547/1547 1546/1546/1546
f 1551/1551/1551 1550/1550/1550 1549/1549/1549
f 1554/1554/1554 1553/1553/1553 1552/1552/1552
f 1557/1557/1557 1556/1556/1556 1555/1555/1555
f 1560/1560/1560 1559/1559/1559 1558/1558/1558
f 1563/1563/1563 1562/1562/1562 1561/1561/1561
f 1566/1566/1566 1565/1565/1565 1564/1564/1564
f 1569/1569/1569 1568/1568/1568 1567/1567/1567
f 1572/1572/1572 1571/1571/1571 1570/1570/1570
f 1575/1575/1575 1574/1574/1574 1573/1573/1573
f 1578/1578/1578 1577/1577/1577 1576/1576/1576
f 1581/1581/1581 1580/1580/1580 1579/1579/1579
f 1584/1584/1584 1583/1583/1583 1582/1582/1582
f 1587/1587/1587 1586/1586/1586 1585/1585/1585
f 1590/1590/1590 1589/1589/1589 1588/1588/1588
f 1593/1593/1593 1592/1592/1592 1591/1591/1591
f 1596/1596/1596 1595/1595/1595 1594/1594/1594
f 1599/1599/1599 1598/1598/1598 1597/1597/1597
f 1602/1602/1602 1601/1601/1601 1600/1600/1600
f 1605/1605/1605 1604/1604/1604 1603/1603/1603
f 1608/1608/1608 1607/1607/1607 1606/1606/1606
f 1611/1611/1611 1610/1610/1610 1609/1609/1609
f 1614/1614/1614 1613/1613/1613 1612/1612/1612
f 1617/1617/1617 1616/1616/1616 1615/1615/1615
f 1620/1620/1620 1619/1619/1619 1618/1618/1618
f 1623/1623/1623 1622/1622/1622 1621/1621/1621
f 1626/1626/1626 1625/1625/1625 1624/1624/1624
f 1629/1629/1629 1628/1628/1628 1627/1627/1627
f 1632/1632/1632 1631/1631/1631 1630/1630/1630
f 1635/1635/1635 1634/1634/1634 1633/1633/1633
f 1638/1638/1638 1637/1637/1637 1636/1636/1636
f 1641/1641/1641 1640/1640/1640 1639/1639/1639
f 1644/1644/1644 1643/1643/1643 1642/1642/1642
f 1647/1647/1647 1646/1646/1646 1645/1645/1645
f 1650/1650/1650 1649/1649/1649 1648/1648/1648
f 1653/1653/1653 1652/1652/1652 1651/1651/1651
f 1656/1656/1656 1655/1655/1655 1654/1654/1654
f 1659/1659/1659 1658/1658/1658 1657/1657/1657
f 1662/1662/1662 1661/1661/1661 1660/1660/1660
f 1665/1665/1665 1664/1664/1664 1663/1663/1663
f 1668/1668/1668 1667/1667/1667 1666/1666/1666
f 1671/1671/1671 1670/1670/1670 1669/1669/1669
f 1674/1674/1674 1673/1673/1673 1672/1672/1672
f 1677/1677/1677 1676/1676/1676 1675/1675/1675
f 1680/1680/1680 1679/1679/1679 1678/1678/1678
f 1683/1683/1683 1682/1682/1682 1681/1681/1681
f 1686/1686/1686 1685/1685/1685 1684/1684/1684
f 1689/1689/1689 1688/1688/1688 1687/1687/1687
f 1692/1692/1692 1691/1691/1691 1690/1690/1690
f 1695/1695/1695 1694/1694/1694 1693/1693/1693
f 1698/1698/1698 1697/1697/1697 1696/1696/1696
f 1701/1701/1701 1700/1700/1700 1699/1699/1699
f 1704/1704/1704 1703/1703/1703 1702/1702/1702
f 1707/1707/1707 1706/1706/1706 1705/1705/1705
f 1710/1710/1710 1709/1709/1709 1708/1708/1708
f 1713/1713/1713 1712/1712/1712 1711/1711/1711
f 1716/1716/1716 1715/1715/1715 1714/1714/1714
f 1719/1719/1719 1718/1718/1718 1717/1717/1717
f 1722/1722/1722 1721/1721/1721 1720/1720/1720
f 1725/1725/1725 1724/1724/1724 1723/1723/1723
f 1728/1728/1728 1727/1727/1727 1726/1726/1726
f 1731/1731/1731 1730/1730/1730 1729/1729/1729
f 1734/1734/1734 1733/1733/1733 1732/1732/1732
f 1737/1737/1737 1736/1736/1736 1735/1735/1735
f 1740/1740/1740 1739/1739/1739 1738/1738/1738
f 1743/1743/1743 1742/1742/1742 1741/1741/1741
f 1746/1746/1746 1745/1745/1745 1744/1744/1744
f 1749/1749/1749 1748/1748/1748 1747/1747/1747
f 1752/1752/1752 1751/1751/1751 1750/1750/1750
f 1755/1755/1755 1754/1754/1754 1753/1753/1753
f 1758/1758/1758 1757/1757/1757 1756/1756/1756
f 1761/1761/1761 1760/1760/1760 1759/1759/1759
f 1764/1764/1764 1763/1763/1763 1762/1762/1762
f 1767/1767/1767 1766/1766/1766 1765/1765/1765
f 1770/1770/1770 1769/1769/1769 1768/1768/1768
f 1773/1773/1773 1772/1772/1772 1771/1771/1771
f 1776/1776/1776 1775/1775/1775 1774/1774/1774
f 1779/1779/1779 1778/1778/1778 1777/1777/1777
f 1782/1782/1782 1781/1781/1781 1780/1780/1780
f 1785/1785/1785 1784/1784/1784 1783/1783/1783
f 1788/1788/1788 1787/1787/1787 1786/1786/1786
f 1791/1791/1791 1790/1790/1790 1789/1789/1789
f 1794/1794/1794 1793/1793/1793 1792/1792/1792
f 1797/1797/1797 1796/1796/1796 1795/1795/1795
f 1800/1800/1800 1799/1799/1799 1798/1798/1798
f 1803/1803/1803 1802/1802/1802 1801/1801/1801
f 1806/1806/1806 1805/1805/1805 1804/1804/1804
f 1809/1809/1809 1808/1808/1808 1807/1807/1807
f 1812/1812/1812 1811/1811/1811 1810/1810/1810
f 1815/1815/1815 1814/1814/1814 1813/1813/1813
f 1818/1818/1818 1817/1817/1817 1816/1816/1816
f 1821/1821/1821 1820/1820/1820 1819/1819/1819
f 1824/1824/1824 1823/1823/1823 1822/1822/1822
f 1827/1827/1827 1826/1826/1826 1825/1825/1825
f 1830/1830/1830 1829/1829/1829 1828/1828/1828
f 1833/1833/1833 1832/1832/1832 1831/1831/1831
f 1836/1836/1836 1835/1835/1835 1834/1834/1834
f 1839/1839/1839 1838/1838/1838 1837/1837/1837
f 1842/1842/1842 1841/1841/1841 1840/1840/1840
f 1845/1845/1845 1844/1844/1844 1843/1843/1843
f 1848/1848/1848 1847/1847/1847 1846/1846/1846
f 1851/1851/1851 1850/1850/1850 1849/1849/1849
f 1854/1854/1854 1853/1853/1853 1852/1852/1852
f 1857/1857/1857 1856/1856/1856 1855/1855/1855
f 1860/1860/1860 1859/1859/1859 1858/1858/1858
f 1863/1863/1863 1862/1862/1862 1861/1861/1861
f 1866/1866/1866 1865/1865/1865 1864/1864/1864
f 1869/1869/1869 1868/1868/1868 1867/1867/1867
f 1872/1872/1872 1871/1871/1871 1870/1870/1870
f 1875/1875/1875 1874/1874/1874 1873/1873/1873
f 1878/1878/1878 1877/1877/1877 1876/1876/1876
f 1881/1881/1881 1880/1880/1880 1879/1879/1879
f 1884/1884/1884 1883/1883/1883 1882/1882/1882
f 1887/1887/1887 1886/1886/1886 1885/1885/1885
f 1890/1890/1890 1889/1889/1889 1888/1888/1888
f 1893/1893/1893 1892/1892/1892 1891/1891/1891
f 1896/1896/1896 1895/1895/1895 1894/1894/1894
f 1899/1899/1899 1898/1898/1898 1897/1897/1897
f 1902/1902/1902 1901/1901/1901 1900/1900/1900
f 1905/1905/1905 1904/1904/1904 1903/1903/1903
f 1908/1908/1908 1907/1907/1907 1906/1906/1906
f 1911/1911/1911 1910/1910/1910 1909/1909/1909
f 1914/1914/1914 1913/1913/1913 1912/1912/1912
f 1917/1917/1917 1916/1916/1916 1915/1915/1915
f 1920/1920/1920 1919/1919/1919 1918/1918/1918
f 1923/1923/1923 1922/1922/1922 1921/1921/1921
f 1926/1926/1926 1925/1925/1925 1924/1924/1924
f 1929/1929/1929 1928/1928/1928 1927/1927/1927
f 1932/1932/1932 1931/1931/1931 1930/1930/1930
f 1935/1935/1935 1934/1934/1934 1933/1933/1933
f 1938/1938/1938 1937/1937/1937 1936/1936/1936
f 1941/1941/1941 1940/1940/1940 1939/1939/1939
f 1944/1944/1944 1943/1943/1943 1942/1942/1942
f 1947/1947/1947 1946/1946/1946 1945/1945/1945
f 1950/1950/1950 1949/1949/1949 1948/1948/1948
f 1953/1953/1953 1952/1952/1952 1951/1951/1951
f 1956/1956/1956 1955/1955/1955 1954/1954/1954
f 1959/1959/1959 1958/1958/1958 1957/1957/1957
f 1962/1962/1962 1961/1961/1961 1960/1960/1960
f 1965/1965/1965 1964/1964/1964 1963/1963/1963
f 1968/1968/1968 1967/1967/1967 1966/1966/1966
f 1971/1971/1971 1970/1970/1970 1969/1969/1969
f 1974/1974/1974 1973/1973/1973 1972/1972/1972
f 1977/1977/1977 1976/1976/1976 1975/1975/1975
f 1980/1980/1980 1979/1979/1979 1978/1978/1978
f 1983/1983/1983 1982/1982/1982 1981/1981/1981
f 1986/1986/1986 1985/1985/1985 1984/1984/1984
f 1989/1989/1989 1988/1988/1988 1987/1987/1987
f 1992/1992/1992 1991/1991/1991 1990/1990/1990
f 1995/1995/1995 1994/1994/1994 1993/1993/1993
f 1998/1998/1998 1997/1997/1997 1996/1996/1996
f 2001/2001/2001 2000/2000/2000 1999/1999/1999
f 2004/2004/2004 2003/2003/2003 2002/2002/2002
f 2007/2007/2007 2006/2006/2006 2005/2005/2005
f 2010/2010/2010 2009/2009/2009 2008/2008/2008
f 2013/2013/2013 2012/2012/2012 2011/2011/2011
f 2016/2016/2016 2015/2015/2015 2014/2014/2014
f 2019/2019/2019 2018/2018/2018 2017/2017/2017
f 2022/2022/2022 2021/2021/2021 2020/2020/2020
f 2025/2025/2025 2024/2024/2024 2023/2023/2023
f 2028/2028/2028 2027/2027/2027 2026/2026/2026
f 2031/2031/2031 2030/2030/2030 2029/2029/2029
f 2034/2034/2034 2033/2033/2033 2032/2032/2032
f 2037/2037/2037 2036/2036/2036 2035/2035/2035
f 2040/2040/2040 2039/2039/2039 2038/2038/2038
f 2043/2043/2043 2042/2042/2042 2041/2041/2041
f 2046/2046/2046 2045/2045/2045 2044/2044/2044
f 2049/2049/2049 2048/2048/2048 2047/2047/2047
f 2052/2052/2052 2051/2051/2051 2050/2050/2050
f 2055/2055/2055 2054/2054/2054 2053/2053/2053
f 2058/2058/2058 2057/2057/2057 2056/2056/2056
f 2061/2061/2061 2060/2060/2060 2059/2059/2059
f 2064/2064/2064 2063/2063/2063 2062/2062/2062
f 2067/2067/2067 2066/2066/2066 2065/2065/2065
f 2070/2070/2070 2069/2069/2069 2068/2068/2068
f 2073/2073/2073 2072/2072/2072 2071/2071/2071
f 2076/2076/2076 2075/2075/2075 2074/2074/2074
f 2079/2079/2079 2078/2078/2078 2077/2077/2077
f 2082/2082/2082 2081/2081/2081 2080/2080/2080
f 2085/2085/2085 2084/2084/2084 2083/2083/2083
f 2088/2088/2088 2087/2087/2087 2086/2086/2086
f 2091/2091/2091 2090/2090/2090 2089/2089/2089
f 2094/2094/2094 2093/2093/2093 2092/2092/2092
f 2097/2097/2097 2096/2096/2096 2095/2095/2095
f 2100/2100/2100 2099/2099/2099 2098/2098/2098
f 2103/2103/2103 2102/2102/2102 2101/2101/2101
f 2106/2106/2106 2105/2105/2105 2104/2104/2104
f 2109/2109/2109 2108/2108/2108 2107/2107/2107
f 2112/2112/2112 2111/2111/2111 2110/2110/2110
f 2115/2115/2115 2114/2114/2114 2113/2113/2113
f 2118/2118/2118 2117/2117/2117 2116/2116/2116
f 2121/2121/2121 2120/2120/2120 2119/2119/2119
f 2124/2124/2124 2123/2123/2123 2122/2122/2122
f 2127/2127/2127 2126/2126/2126 2125/2125/2125
f 2130/2130/2130 2129/2129/2129 2128/2128/2128
f 2133/2133/2133 2132/2132/2132 2131/2131/2131
f 2136/2136/2136 2135/2135/2135 2134/2134/2134
f 2139/2139/2139 2138/2138/2138 2137/2137/2137
f 2142/2142/2142 2141/2141/2141 2140/2140/2140
f 2145/2145/2145 2144/2144/2144 2143/2143/2143
f 2148/2148/2148 2147/2147/2147 2146/2146/2146
f 2151/2151/2151 2150/2150/2150 2149/2149/2149
f 2154/2154/2154 2153/2153/2153 2152/2152/2152
f 2157/2157/2157 2156/2156/2156 2155/2155/2155
f 2160/2160/2160 2159/2159/2159 2158/2158/2158
f 2163/2163/2163 2162/2162/2162 2161/2161/2161
f 2166/2166/2166 2165/2165/2165 2164/2164/2164
f 2169/2169/2169 2168/2168/2168 2167/2167/2167
f 2172/2172/2172 2171/2171/2171 2170/2170/2170
f 2175/2175/2175 2174/2174/2174 2173/2173/2173
f 2178/2178/2178 2177/2177/2177 2176/2176/2176
f 2181/2181/2181 2180/2180/2180 2179/2179/2179
f 2184/2184/2184 2183/2183/2183 2182/2182/2182
f 2187/2187/2187 2186/2186/2186 2185/2185/2185
f 2190/2190/2190 2189/2189/2189 2188/2188/2188
f 2193/2193/2193 2192/2192/2192 2191/2191/2191
f 2196/2196/2196 2195/2195/2195 2194/2194/2194
f 2199/2199/2199 2198/2198/2198 2197/2197/2197
f 2202/2202/2202 2201/2201/2201 2200/2200/2200
f 2205/2205/2205 2204/2204/2204 2203/2203/2203
f 2208/2208/2208 2207/2207/2207 2206/2206/2206
f 2211/2211/2211 2210/2210/2210 2209/2209/2209
f 2214/2214/2214 2213/2213/2213 2212/2212/2212
f 2217/2217/2217 2216/2216/2216 2215/2215/2215
f 2220/2220/2220 2219/2219/2219 2218/2218/2218
f 2223/2223/2223 2222/2222/2222 2221/2221/2221
f 2226/2226/2226 2225/2225/2225 2224/2224/2224
f 2229/2229/2229 2228/2228/2228 2227/2227/2227
f 2232/2232/2232 2231/2231/2231 2230/2230/2230
f 2235/2235/2235 2234/2234/2234 2233/2233/2233
f 2238/2238/2238 2237/2237/2237 2236/2236/2236
f 2241/2241/2241 2240/2240/2240 2239/2239/2239
f 2244/2244/2244 2243/2243/2243 2242/2242/2242
f 2247/2247/2247 2246/2246/2246 2245/2245/2245
f 2250/2250/2250 2249/2249/2249 2248/2248/2248
f 2253/2253/2253 2252/2252/2252 2251/2251/2251
f 2256/2256/2256 2255/2255/2255 2254/2254/2254
f 2259/2259/2259 2258/2258/2258 2257/2257/2257
f 2262/2262/2262 2261/2261/2261 2260/2260/2260
f 2265/2265/2265 2264/2264/2264 2263/2263/2263
f 2268/2268/2268 2267/2267/2267 2266/2266/2266
f 2271/2271/2271 2270/2270/2270 2269/2269/2269
f 2274/2274/2274 2273/2273/2273 2272/2272/2272
f 2277/2277/2277 2276/2276/2276 2275/2275/2275
f 2280/2280/2280 2279/2279/2279 2278/2278/2278
f 2283/2283/2283 2282/2282/2282 2281/2281/2281
f 2286/2286/2286 2285/2285/2285 2284/2284/2284
f 2289/2289/2289 2288/2288/2288 2287/2287/2287
f 2292/2292/2292 2291/2291/2291 2290/2290/2290
f 2295/2295/2295 2294/2294/2294 2293/2293/2293
f 2298/2298/2298 2297/2297/2297 2296/2296/2296
f 2301/2301/2301 2300/2300/2300 2299/2299/2299
f 2304/2304/2304 2303/2303/2303 2302/2302/2302
f 2307/2307/2307 2306/2306/2306 2305/2305/2305
f 2310/2310/2310 2309/2309/2309 2308/2308/2308
f 2313/2313/2313 2312/2312/2312 2311/2311/2311
f 2316/2316/2316 2315/2315/2315 2314/2314/2314
f 2319/2319/2319 2318/2318/2318 2317/2317/2317
f 2322/2322/2322 2321/2321/2321 2320/2320/2320
f 2325/2325/2325 2324/2324/2324 2323/2323/2323
f 2328/2328/2328 2327/2327/2327 2326/2326/2326
f 2331/2331/2331 2330/2330/2330 2329/2329/2329
f 2334/2334/2334 2333/2333/2333 2332/2332/2332
f 2337/2337/2337 2336/2336/2336 2335/2335/2335
f 2340/2340/2340 2339/2339/2339 2338/2338/2338
f 2343/2343/2343 2342/2342/2342 2341/2341/2341
f 2346/2346/2346 2345/2345/2345 2344/2344/2344
f 2349/2349/2349 2348/2348/2348 2347/2347/2347
f 2352/2352/2352 2351/2351/2351 2350/2350/2350
f 2355/2355/2355 2354/2354/2354 2353/2353/2353
f 2358/2358/2358 2357/2357/2357 2356/2356/2356
f 2361/2361/2361 2360/2360/2360 2359/2359/2359
f 2364/2364/2364 2363/2363/2363 2362/2362/2362
f 2367/2367/2367 2366/2366/2366 2365/2365/2365
f 2370/2370/2370 2369/2369/2369 2368/2368/2368
f 2373/2373/2373 2372/2372/2372 2371/2371/2371
f 2376/2376/2376 2375/2375/2375 2374/2374/2374
f 2379/2379/2379 2378/2378/2378 2377/2377/2377
f 2382/2382/2382 2381/2381/2381 2380/2380/2380
f 2385/2385/2385 2384/2384/2384 2383/2383/2383
f 2388/2388/2388 2387/2387/2387 2386/2386/2386
f 2391/2391/2391 2390/2390/2390 2389/2389/2389
f 2394/2394/2394 2393/2393/2393 2392/2392/2392
f 2397/2397/2397 2396/2396/2396 2395/2395/2395
f 2400/2400/2400 2399/2399/2399 2398/2398/2398
f 2403/2403/2403 2402/2402/2402 2401/2401/2401
f 2406/2406/2406 2405/2405/2405 2404/2404/2404
f 2409/2409/2409 2408/2408/2408 2407/2407/2407
f 2412/2412/2412 2411/2411/2411 2410/2410/2410
f 2415/2415/2415 2414/2414/2414 2413/2413/2413
f 2418/2418/2418 2417/2417/2417 2416/2416/2416
f 2421/2421/2421 2420/2420/2420 2419/2419/2419
f 2424/2424/2424 2423/2423/2423 2422/2422/2422
f 2427/2427/2427 2426/2426/2426 2425/2425/2425
f 2430/2430/2430 2429/2429/2429 2428/2428/2428
f 2433/2433/2433 2432/2432/2432 2431/2431/2431
f 2436/2436/2436 2435/2435/2435 2434/2434/2434
f 2439/2439/2439 2438/2438/2438 2437/2437/2437
f 2442/2442/2442 2441/2441/2441 2440/2440/2440
f 2445/2445/2445 2444/2444/2444 2443/2443/2443
f 2448/2448/2448 2447/2447/2447 2446/2446/2446
f 2451/2451/2451 2450/2450/2450 2449/2449/2449
f 2454/2454/2454 2453/2453/2453 2452/2452/2452
f 2457/2457/2457 2456/2456/2456 2455/2455/2455
f 2460/2460/2460 2459/2459/2459 2458/2458/2458
f 2463/2463/2463 2462/2462/2462 2461/2461/2461
f 2466/2466/2466 2465/2465/2465 2464/2464/2464
f 2469/2469/2469 2468/2468/2468 2467/2467/2467
f 2472/2472/2472 2471/2471/2471 2470/2470/2470
f 2475/2475/2475 2474/2474/2474 2473/2473/2473
f 2478/2478/2478 2477/2477/2477 2476/2476/2476
f 2481/2481/2481 2480/2480/2480 2479/2479/2479
f 2484/2484/2484 2483/2483/2483 2482/2482/2482
f 2487/2487/2487 2486/2486/2486 2485/2485/2485
f 2490/2490/2490 2489/2489/2489 2488/2488/2488
f 2493/2493/2493 2492/2492/2492 2491/2491/2491
f 2496/2496/2496 2495/2495/2495 2494/2494/2494
f 2499/2499/2499 2498/2498/2498 2497/2497/2497
f 2502/2502/2502 2501/2501/2501 2500/2500/2500
f 2505/2505/2505 2504/2504/2504 2503/2503/2503
f 2508/2508/2508 2507/2507/2507 2506/2506/2506
f 2511/2511/2511 2510/2510/2510 2509/2509/2509
f 2514/2514/2514 2513/2513/2513 2512/2512/2512
f 2517/2517/2517 2516/2516/2516 2515/2515/2515
f 2520/2520/2520 2519/2519/2519 2518/2518/2518
f 2523/2523/2523 2522/2522/2522 2521/2521/2521
f 2526/2526/2526 2525/2525/2525 2524/2524/2524
f 2529/2529/2529 2528/2528/2528 2527/2527/2527
f 2532/2532/2532 2531/2531/2531 2530/2530/2530
f 2535/2535/2535 2534/2534/2534 2533/2533/2533
f 2538/2538/2538 2537/2537/2537 2536/2536/2536
f 2541/2541/2541 2540/2540/2540 2539/2539/2539
f 2544/2544/2544 2543/2543/2543 2542/2542/2542
f 2547/2547/2547 2546/2546/2546 2545/2545/2545
f 2550/2550/2550 2549/2549/2549 2548/2548/2548
f 2553/2553/2553 2552/2552/2552 2551/2551/2551
f 2556/2556/2556 2555/2555/2555 2554/2554/2554
f 2559/2559/2559 2558/2558/2558 2557/2557/2557
f 2562/2562/2562 2561/2561/2561 2560/2560/2560
f 2565/2565/2565 2564/2564/2564 2563/2563/2563
f 2568/2568/2568 2567/2567/2567 2566/2566/2566
f 2571/2571/2571 2570/2570/2570 2569/2569/2569
f 2574/2574/2574 2573/2573/2573 2572/2572/2572
f 2577/2577/2577 2576/2576/2576 2575/2575/2575
f 2580/2580/2580 2579/2579/2579 2578/2578/2578
f 2583/2583/2583 2582/2582/2582 2581/2581/2581
f 2586/2586/2586 2585/2585/2585 2584/2584/2584
f 2589/2589/2589 2588/2588/2588 2587/2587/2587
f 2592/2592/2592 2591/2591/2591 2590/2590/2590
f 2595/2595/2595 2594/2594/2594 2593/2593/2593
f 2598/2598/2598 2597/2597/2597 2596/2596/2596
f 2601/2601/2601 2600/2600/2600 2599/2599/2599
f 2604/2604/2604 2603/2603/2603 2602/2602/2602
f 2607/2607/2607 2606/2606/2606 2605/2605/2605
f 2610/2610/2610 2609/2609/2609 2608/2608/2608
f 2613/2613/2613 2612/2612/2612 2611/2611/2611
f 2616/2616/2616 2615/2615/2615 2614/2614/2614
f 2619/2619/2619 2618/2618/2618 2617/2617/2617
f 2622/2622/2622 2621/2621/2621 2620/2620/2620
f 2625/2625/2625 2624/2624/2624 2623/2623/2623
f 2628/2628/2628 2627/2627/2627 2626/2626/2626
f 2631/2631/2631 2630/2630/2630 2629/2629/2629
f 2634/2634/2634 2633/2633/2633 2632/2632/2632
f 2637/2637/2637 2636/2636/2636 2635/2635/2635
f 2640/2640/2640 2639/2639/2639 2638/2638/2638
f 2643/2643/2643 2642/2642/2642 2641/2641/2641
f 2646/2646/2646 2645/2645/2645 2644/2644/2644
f 2649/2649/2649 2648/2648/2648 2647/2647/2647
f 2652/2652/2652 2651/2651/2651 2650/2650/2650
f 2655/2655/2655 2654/2654/2654 2653/2653/2653
f 2658/2658/2658 2657/2657/2657 2656/2656/2656
f 2661/2661/2661 2660/2660/2660 2659/2659/2659
f 2664/2664/2664 2663/2663/2663 2662/2662/2662
f 2667/2667/2667 2666/2666/2666 2665/2665/2665
f 2670/2670/2670 2669/2669/2669 2668/2668/2668
f 2673/2673/2673 2672/2672/2672 2671/2671/2671
f 2676/2676/2676 2675/2675/2675 2674/2674/2674
f 2679/2679/2679 2678/2678/2678 2677/2677/2677
f 2682/2682/2682 2681/2681/2681 2680/2680/2680
f 2685/2685/2685 2684/2684/2684 2683/2683/2683
f 2688/2688/2688 2687/2687/2687 2686/2686/2686
f 2691/2691/2691 2690/2690/2690 2689/2689/2689
f 2694/2694/2694 2693/2693/2693 2692/2692/2692
f 2697/2697/2697 2696/2696/2696 2695/2695/2695
f 2700/2700/2700 2699/2699/2699 2698/2698/2698
f 2703/2703/2703 2702/2702/2702 2701/2701/2701
f 2706/2706/2706 2705/2705/2705 2704/2704/2704
f 2709/2709/2709 2708/2708/2708 2707/2707/2707
f 2712/2712/2712 2711/2711/2711 2710/2710/2710
f 2715/2715/2715 2714/2714/2714 2713/2713/2713
f 2718/2718/2718 2717/2717/2717 2716/2716/2716
f 2721/2721/2721 2720/2720/2720 2719/2719/2719
f 2724/2724/2724 2723/2723/2723 2722/2722/2722
f 2727/2727/2727 2726/2726/2726 2725/2725/2725
f 2730/2730/2730 2729/2729/2729 2728/2728/2728
f 2733/2733/2733 2732/2732/2732 2731/2731/2731
f 2736/2736/2736 2735/2735/2735 2734/2734/2734
f 2739/2739/2739 2738/2738/2738 2737/2737/2737
f 2742/2742/2742 2741/2741/2741 2740/2740/2740
f 2745/2745/2745 2744/2744/2744 2743/2743/2743
f 2748/2748/2748 2747/2747/2747 2746/2746/2746
f 2751/2751/2751 2750/2750/2750 2749/2749/2749
f 2754/2754/2754 2753/2753/2753 2752/2752/2752
f 2757/2757/2757 2756/2756/2756 2755/2755/2755
f 2760/2760/2760 2759/2759/2759 2758/2758/2758
f 2763/2763/2763 2762/2762/2762 2761/2761/2761
f 2766/2766/2766 2765/2765/2765 2764/2764/2764
f 2769/2769/2769 2768/2768/2768 2767/2767/2767
f 2772/2772/2772 2771/2771/2771 2770/2770/2770
f 2775/2775/2775 2774/2774/2774 2773/2773/2773
f 2778/2778/2778 2777/2777/2777 2776/2776/2776
f 2781/2781/2781 2780/2780/2780 2779/2779/2779
f 2784/2784/2784 2783/2783/2783 2782/2782/2782
f 2787/2787/2787 2786/2786/2786 2785/2785/2785
f 2790/2790/2790 2789/2789/2789 2788/2788/2788
f 2793/2793/2793 2792/2792/2792 2791/2791/2791
f 2796/2796/2796 2795/2795/2795 2794/2794/2794
f 2799/2799/2799 2798/2798/2798 2797/2797/2797
f 2802/2802/2802 2801/2801/2801 2800/2800/2800
f 2805/2805/2805 2804/2804/2804 2803/2803/2803
f 2808/2808/2808 2807/2807/2807 2806/2806/2806
f 2811/2811/2811 2810/2810/2810 2809/2809/2809
f 2814/2814/2814 2813/2813/2813 2812/2812/2812
f 2817/2817/2817 2816/2816/2816 2815/2815/2815
f 2820/2820/2820 2819/2819/2819 2818/2818/2818
f 2823/2823/2823 2822/2822/2822 2821/2821/2821
f 2826/2826/2826 2825/2825/2825 2824/2824/2824
f 2829/2829/2829 2828/2828/2828 2827/2827/2827
f 2832/2832/2832 2831/2831/2831 2830/2830/2830
f 2835/2835/2835 2834/2834/2834 2833/2833/2833
f 2838/2838/2838 2837/2837/2837 2836/2836/2836
f 2841/2841/2841 2840/2840/2840 2839/2839/2839
f 2844/2844/2844 2843/2843/2843 2842/2842/2842
f 2847/2847/2847 2846/2846/2846 2845/2845/2845
f 2850/2850/2850 2849/2849/2849 2848/2848/2848
f 2853/2853/2853 2852/2852/2852 2851/2851/2851
f 2856/2856/2856 2855/2855/2855 2854/2854/2854
f 2859/2859/2859 2858/2858/2858 2857/2857/2857
f 2862/2862/2862 2861/2861/2861 2860/2860/2860
f 2865/2865/2865 2864/2864/2864 2863/2863/2863
f 2868/2868/2868 2867/2867/2867 2866/2866/2866
f 2871/2871/2871 2870/2870/2870 2869/2869/2869
f 2874/2874/2874 2873/2873/2873 2872/2872/2872
f 2877/2877/2877 2876/2876/2876 2875/2875/2875
f 2880/2880/2880 2879/2879/2879 2878/2878/2878
f 2883/2883/2883 2882/2882/2882 2881/2881/2881
f 2884/2884/2884 2883/2883/2883 2881/2881/2881
f 2887/2887/2887 2886/2886/2886 2885/2885/2885
f 2888/2888/2888 2887/2887/2887 2885/2885/2885
f 2891/2891/2891 2890/2890/2890 2889/2889/2889
f 2892/2892/2892 2891/2891/2891 2889/2889/2889
f 2895/2895/2895 2894/2894/2894 2893/2893/2893
f 2896/2896/2896 2895/2895/2895 2893/2893/2893
f 2899/2899/2899 2898/2898/2898 2897/2897/2897
f 2900/2900/2900 2899/2899/2899 2897/2897/2897
f 2903/2903/2903 2902/2902/2902 2901/2901/2901
f 2904/2904/2904 2903/2903/2903 2901/2901/2901
f 2907/2907/2907 2906/2906/2906 2905/2905/2905
f 2908/2908/2908 2907/2907/2907 2905/2905/2905
f 2911/2911/2911 2910/2910/2910 2909/2909/2909
f 2912/2912/2912 2911/2911/2911 2909/2909/2909
f 2915/2915/2915 2914/2914/2914 2913/2913/2913
f 2916/2916/2916 2915/2915/2915 2913/2913/2913
f 2919/2919/2919 2918/2918/2918 2917/2917/2917
f 2920/2920/2920 2919/2919/2919 2917/2917/2917
f 2923/2923/2923 2922/2922/2922 2921/2921/2921
f 2924/2924/2924 2923/2923/2923 2921/2921/2921
f 2927/2927/2927 2926/2926/2926 2925/2925/2925
f 2928/2928/2928 2927/2927/2927 2925/2925/2925
f 2931/2931/2931 2930/2930/2930 2929/2929/2929
f 2932/2932/2932 2931/2931/2931 2929/2929/2929
f 2935/2935/2935 2934/2934/2934 2933/2933/2933
f 2936/2936/2936 2935/2935/2935 2933/2933/2933
f 2939/2939/2939 2938/2938/2938 2937/2937/2937
f 2940/2940/2940 2939/2939/2939 2937/2937/2937
f 2943/2943/2943 2942/2942/2942 2941/2941/2941
f 2944/2944/2944 2943/2943/2943 2941/2941/2941
f 2947/2947/2947 2946/2946/2946 2945/2945/2945
f 2948/2948/2948 2947/2947/2947 2945/2945/2945
f 2951/2951/2951 2950/2950/2950 2949/2949/2949
f 2952/2952/2952 2951/2951/2951 2949/2949/2949
f 2955/2955/2955 2954/2954/2954 2953/2953/2953
f 2956/2956/2956 2955/2955/2955 2953/2953/2953
f 2959/2959/2959 2958/2958/2958 2957/2957/2957
f 2960/2960/2960 2959/2959/2959 2957/2957/2957
f 2963/2963/2963 2962/2962/2962 2961/2961/2961
f 2964/2964/2964 2963/2963/2963 2961/2961/2961
f 2967/2967/2967 2966/2966/2966 2965/2965/2965
f 2968/2968/2968 2967/2967/2967 2965/2965/2965
f 2971/2971/2971 2970/2970/2970 2969/2969/2969
f 2972/2972/2972 2971/2971/2971 2969/2969/2969
f 2975/2975/2975 2974/2974/2974 2973/2973/2973
f 2976/2976/2976 2975/2975/2975 2973/2973/2973
f 2979/2979/2979 2978/2978/2978 2977/2977/2977
f 2980/2980/2980 2979/2979/2979 2977/2977/2977
f 2983/2983/2983 2982/2982/2982 2981/2981/2981
f 2984/2984/2984 2983/2983/2983 2981/2981/2981
f 2987/2987/2987 2986/2986/2986 2985/2985/2985
f 2988/2988/2988 2987/2987/2987 2985/2985/2985
f 2991/2991/2991 2990/2990/2990 2989/2989/2989
f 2992/2992/2992 2991/2991/2991 2989/2989/2989
f 2995/2995/2995 2994/2994/2994 2993/2993/2993
f 2996/2996/2996 2995/2995/2995 2993/2993/2993
f 2999/2999/2999 2998/2998/2998 2997/2997/2997
f 3000/3000/3000 2999/2999/2999 2997/2997/2997
f 3003/3003/3003 3002/3002/3002 3001/3001/3001
f 3004/3004/3004 3003/3003/3003 3001/3001/3001
f 3007/3007/3007 3006/3006/3006 3005/3005/3005
f 3008/3008/3008 3007/3007/3007 3005/3005/3005
f 3011/3011/3011 3010/3010/3010 3009/3009/3009
f 3012/3012/3012 3011/3011/3011 3009/3009/3009
f 3015/3015/3015 3014/3014/3014 3013/3013/3013
f 3016/3016/3016 3015/3015/3015 3013/3013/3013
f 3019/3019/3019 3018/3018/3018 3017/3017/3017
f 3020/3020/3020 3019/3019/3019 3017/3017/3017
f 3023/3023/3023 3022/3022/3022 3021/3021/3021
f 3024/3024/3024 3023/3023/3023 3021/3021/3021
f 3027/3027/3027 3026/3026/3026 3025/3025/3025
f 3028/3028/3028 3027/3027/3027 3025/3025/3025
f 3031/3031/3031 3030/3030/3030 3029/3029/3029
f 3032/3032/3032 3031/3031/3031 3029/3029/3029
f 3035/3035/3035 3034/3034/3034 3033/3033/3033
f 3036/3036/3036 3035/3035/3035 3033/3033/3033
f 3039/3039/3039 3038/3038/3038 3037/3037/3037
f 3040/3040/3040 3039/3039/3039 3037/3037/3037
f 3043/3043/3043 3042/3042/3042 3041/3041/3041
f 3044/3044/3044 3043/3043/3043 3041/3041/3041
f 3047/3047/3047 3046/3046/3046 3045/3045/3045
f 3048/3048/3048 3047/3047/3047 3045/3045/3045
f 3051/3051/3051 3050/3050/3050 3049/3049/3049
f 3052/3052/3052 3051/3051/3051 3049/3049/3049
f 3055/3055/3055 3054/3054/3054 3053/3053/3053
f 3056/3056/3056 3055/3055/3055 3053/3053/3053
f 3059/3059/3059 3058/3058/3058 3057/3057/3057
f 3060/3060/3060 3059/3059/3059 3057/3057/3057
f 3063/3063/3063 3062/3062/3062 3061/3061/3061
f 3064/3064/3064 3063/3063/3063 3061/3061/3061
f 3067/3067/3067 3066/3066/3066 3065/3065/3065
f 3068/3068/3068 3067/3067/3067 3065/3065/3065
f 3071/3071/3071 3070/3070/3070 3069/3069/3069
f 3072/3072/3072 3071/3071/3071 3069/3069/3069
f 3075/3075/3075 3074/3074/3074 3073/3073/3073
f 3076/3076/3076 3075/3075/3075 3073/3073/3073
f 3079/3079/3079 3078/3078/3078 3077/3077/3077
f 3080/3080/3080 3079/3079/3079 3077/3077/3077
f 3083/3083/3083 3082/3082/3082 3081/3081/3081
f 3084/3084/3084 3083/3083/3083 3081/3081/3081
f 3087/3087/3087 3086/3086/3086 3085/3085/3085
f 3088/3088/3088 3087/3087/3087 3085/3085/3085
f 3091/3091/3091 3090/3090/3090 3089/3089/3089
f 3092/3092/3092 3091/3091/3091 3089/3089/3089
f 3095/3095/3095 3094/3094/3094 3093/3093/3093
f 3096/3096/3096 3095/3095/3095 3093/3093/3093
f 3099/3099/3099 3098/3098/3098 3097/3097/3097
f 3100/3100/3100 3099/3099/3099 3097/3097/3097
f 3103/3103/3103 3102/3102/3102 3101/3101/3101
f 3104/3104/3104 3103/3103/3103 3101/3101/3101
f 3107/3107/3107 3106/3106/3106 3105/3105/3105
f 3108/3108/3108 3107/3107/3107 3105/3105/3105
f 3111/3111/3111 3110/3110/3110 3109/3109/3109
f 3112/3112/3112 3111/3111/3111 3109/3109/3109
f 3115/3115/3115 3114/3114/3114 3113/3113/3113
f 3116/3116/3116 3115/3115/3115 3113/3113/3113
f 3119/3119/3119 3118/3118/3118 3117/3117/3117
f 3120/3120/3120 3119/3119/3119 3117/3117/3117
f 3123/3123/3123 3122/3122/3122 3121/3121/3121
f 3124/3124/3124 3123/3123/3123 3121/3121/3121
f 3127/3127/3127 3126/3126/3126 3125/3125/3125
f 3128/3128/3128 3127/3127/3127 3125/3125/3125
f 3131/3131/3131 3130/3130/3130 3129/3129/3129
f 3132/3132/3132 3131/3131/3131 3129/3129/3129
f 3135/3135/3135 3134/3134/3134 3133/3133/3133
f 3136/3136/3136 3135/3135/3135 3133/3133/3133
f 3139/3139/3139 3138/3138/3138 3137/3137/3137
f 3140/3140/3140 3139/3139/3139 3137/3137/3137
f 3143/3143/3143 3142/3142/3142 3141/3141/3141
f 3144/3144/3144 3143/3143/3143 3141/3141/3141
f 3147/3147/3147 3146/3146/3146 3145/3145/3145
f 3148/3148/3148 3147/3147/3147 3145/3145/3145
f 3151/3151/3151 3150/3150/3150 3149/3149/3149
f 3152/3152/3152 3151/3151/3151 3149/3149/3149
f 3155/3155/3155 3154/3154/3154 3153/3153/3153
f 3156/3156/3156 3155/3155/3155 3153/3153/3153
f 3159/3159/3159 3158/3158/3158 3157/3157/3157
f 3160/3160/3160 3159/3159/3159 3157/3157/3157
f 3163/3163/3163 3162/3162/3162 3161/3161/3161
f 3164/3164/3164 3163/3163/3163 3161/3161/3161
f 3167/3167/3167 3166/3166/3166 3165/3165/3165
f 3168/3168/3168 3167/3167/3167 3165/3165/3165
f 3171/3171/3171 3170/3170/3170 3169/3169/3169
f 3172/3172/3172 3171/3171/3171 3169/3169/3169
f 3175/3175/3175 3174/3174/3174 3173/3173/3173
f 3176/3176/3176 3175/3175/3175 3173/3173/3173
f 3179/3179/3179 3178/3178/3178 3177/3177/3177
f 3180/3180/3180 3179/3179/3179 3177/3177/3177
f 3183/3183/3183 3182/3182/3182 3181/3181/3181
f 3184/3184/3184 3183/3183/3183 3181/3181/3181
f 3187/3187/3187 3186/3186/3186 3185/3185/3185
f 3188/3188/3188 3187/3187/3187 3185/3185/3185
f 3191/3191/3191 3190/3190/3190 3189/3189/3189
f 3192/3192/3192 3191/3191/3191 3189/3189/3189
f 3195/3195/3195 3194/3194/3194 3193/3193/3193
f 3196/3196/3196 3195/3195/3195 3193/3193/3193
f 3199/3199/3199 3198/3198/3198 3197/3197/3197
f 3200/3200/3200 3199/3199/3199 3197/3197/3197
f 3203/3203/3203 3202/3202/3202 3201/3201/3201
f 3204/3204/3204 3203/3203/3203 3201/3201/3201
f 3207/3207/3207 3206/3206/3206 3205/3205/3205
f 3208/3208/3208 3207/3207/3207 3205/3205/3205
f 3211/3211/3211 3210/3210/3210 3209/3209/3209
f 3212/3212/3212 3211/3211/3211 3209/3209/3209
f 3215/3215/3215 3214/3214/3214 3213/3213/3213
f 3216/3216/3216 3215/3215/3215 3213/3213/3213
f 3219/3219/3219 3218/3218/3218 3217/3217/3217
f 3220/3220/3220 3219/3219/3219 3217/3217/3217
f 3223/3223/3223 3222/3222/3222 3221/3221/3221
f 3224/3224/3224 3223/3223/3223 3221/3221/3221
f 3227/3227/3227 3226/3226/3226 3225/3225/3225
f 3228/3228/3228 3227/3227/3227 3225/3225/3225
f 3231/3231/3231 3230/3230/3230 3229/3229/3229
f 3232/3232/3232 3231/3231/3231 3229/3229/3229
f 3235/3235/3235 3234/3234/3234 3233/3233/3233
f 3236/3236/3236 3235/3235/3235 3233/3233/3233
f 3239/3239/3239 3238/3238/3238 3237/3237/3237
f 3240/3240/3240 3239/3239/3239 3237/3237/3237
f 3243/3243/3243 3242/3242/3242 3241/3241/3241
f 3244/3244/3244 3243/3243/3243 3241/3241/3241
f 3247/3247/3247 3246/3246/3246 3245/3245/3245
f 3248/3248/3248 3247/3247/3247 3245/3245/3245
f 3251/3251/3251 3250/3250/3250 3249/3249/3249
f 3252/3252/3252 3251/3251/3251 3249/3249/3249
f 3255/3255/3255 3254/3254/3254 3253/3253/3253
f 3256/3256/3256 3255/3255/3255 3253/3253/3253
f 3259/3259/3259 3258/3258/3258 3257/3257/3257
f 3260/3260/3260 3259/3259/3259 3257/3257/3257
f 3263/3263/3263 3262/3262/3262 3261/3261/3261
f 3264/3264/3264 3263/3263/3263 3261/3261/3261
f 3267/3267/3267 3266/3266/3266 3265/3265/3265
f 3268/3268/3268 3267/3267/3267 3265/3265/3265
f 3271/3271/3271 3270/3270/3270 3269/3269/3269
f 3272/3272/3272 3271/3271/3271 3269/3269/3269
f 3275/3275/3275 3274/3274/3274 3273/3273/3273
f 3276/3276/3276 3275/3275/3275 3273/3273/3273
f 3279/3279/3279 3278/3278/3278 3277/3277/3277
f 3280/3280/3280 3279/3279/3279 3277/3277/3277
f 3283/3283/3283 3282/3282/3282 3281/3281/3281
f 3284/3284/3284 3283/3283/3283 3281/3281/3281
f 3287/3287/3287 3286/3286/3286 3285/3285/3285
f 3288/3288/3288 3287/3287/3287 3285/3285/3285
f 3291/3291/3291 3290/3290/3290 3289/3289/3289
f 3292/3292/3292 3291/3291/3291 3289/3289/3289
f 3295/3295/3295 3294/3294/3294 3293/3293/3293
f 3296/3296/3296 3295/3295/3295 3293/3293/3293
f 3299/3299/3299 3298/3298/3298 3297/3297/3297
f 3300/3300/3300 3299/3299/3299 3297/3297/3297
f 3303/3303/3303 3302/3302/3302 3301/3301/3301
f 3304/3304/3304 3303/3303/3303 3301/3301/3301
f 3307/3307/3307 3306/3306/3306 3305/3305/3305
f 3308/3308/3308 3307/3307/3307 3305/3305/3305
f 3311/3311/3311 3310/3310/3310 3309/3309/3309
f 3312/3312/3312 3311/3311/3311 3309/3309/3309
f 3315/3315/3315 3314/3314/3314 3313/3313/3313
f 3316/3316/3316 3315/3315/3315 3313/3313/3313
f 3319/3319/3319 3318/3318/3318 3317/3317/3317
f 3320/3320/3320 3319/3319/3319 3317/3317/3317
f 3323/3323/3323 3322/3322/3322 3321/3321/3321
f 3324/3324/3324 3323/3323/3323 3321/3321/3321
f 3327/3327/3327 3326/3326/3326 3325/3325/3325
f 3328/3328/3328 3327/3327/3327 3325/3325/3325
f 3331/3331/3331 3330/3330/3330 3329/3329/3329
f 3332/3332/3332 3331/3331/3331 3329/3329/3329
f 3335/3335/3335 3334/3334/3334 3333/3333/3333
f 3336/3336/3336 3335/3335/3335 3333/3333/3333
f 3339/3339/3339 3338/3338/3338 3337/3337/3337
f 3340/3340/3340 3339/3339/3339 3337/3337/3337
f 3343/3343/3343 3342/3342/3342 3341/3341/3341
f 3344/3344/3344 3343/3343/3343 3341/3341/3341
f 3347/3347/3347 3346/3346/3346 3345/3345/3345
f 3348/3348/3348 3347/3347/3347 3345/3345/3345
f 3351/3351/3351 3350/3350/3350 3349/3349/3349
f 3352/3352/3352 3351/3351/3351 3349/3349/3349
f 3355/3355/3355 3354/3354/3354 3353/3353/3353
f 3356/3356/3356 3355/3355/3355 3353/3353/3353
f 3359/3359/3359 3358/3358/3358 3357/3357/3357
f 3360/3360/3360 3359/3359/3359 3357/3357/3357
f 3363/3363/3363 3362/3362/3362 3361/3361/3361
f 3364/3364/3364 3363/3363/3363 3361/3361/3361
f 3367/3367/3367 3366/3366/3366 3365/3365/3365
f 3368/3368/3368 3367/3367/3367 3365/3365/3365
f 3371/3371/3371 3370/3370/3370 3369/3369/3369
f 3372/3372/3372 3371/3371/3371 3369/3369/3369
f 3375/3375/3375 3374/3374/3374 3373/3373/3373
f 3376/3376/3376 3375/3375/3375 3373/3373/3373
f 3379/3379/3379 3378/3378/3378 3377/3377/3377
f 3380/3380/3380 3379/3379/3379 3377/3377/3377
f 3383/3383/3383 3382/3382/3382 3381/3381/3381
f 3384/3384/3384 3383/3383/3383 3381/3381/3381
f 3387/3387/3387 3386/3386/3386 3385/3385/3385
f 3388/3388/3388 3387/3387/3387 3385/3385/3385
f 3391/3391/3391 3390/3390/3390 3389/3389/3389
f 3392/3392/3392 3391/3391/3391 3389/3389/3389
f 3395/3395/3395 3394/3394/3394 3393/3393/3393
f 3396/3396/3396 3395/3395/3395 3393/3393/3393
f 3399/3399/3399 3398/3398/3398 3397/3397/3397
f 3400/3400/3400 3399/3399/3399 3397/3397/3397
f 3403/3403/3403 3402/3402/3402 3401/3401/3401
f 3404/3404/3404 3403/3403/3403 3401/3401/3401
f 3407/3407/3407 3406/3406/3406 3405/3405/3405
f 3408/3408/3408 3407/3407/3407 3405/3405/3405
f 3411/3411/3411 3410/3410/3410 3409/3409/3409
f 3412/3412/3412 3411/3411/3411 3409/3409/3409
f 3415/3415/3415 3414/3414/3414 3413/3413/3413
f 3416/3416/3416 3415/3415/3415 3413/3413/3413
f 3419/3419/3419 3418/3418/3418 3417/3417/3417
f 3420/3420/3420 3419/3419/3419 3417/3417/3417
f 3423/3423/3423 3422/3422/3422 3421/3421/3421
f 3424/3424/3424 3423/3423/3423 3421/3421/3421
f 3427/3427/3427 3426/3426/3426 3425/3425/3425
f 3428/3428/3428 3427/3427/3427 3425/3425/3425
f 3431/3431/3431 3430/3430/3430 3429/3429/3429
f 3432/3432/3432 3431/3431/3431 3429/3429/3429
f 3435/3435/3435 3434/3434/3434 3433/3433/3433
f 3436/3436/3436 3435/3435/3435 3433/3433/3433
f 3439/3439/3439 3438/3438/3438 3437/3437/3437
f 3440/3440/3440 3439/3439/3439 3437/3437/3437
f 3443/3443/3443 3442/3442/3442 3441/3441/3441
f 3444/3444/3444 3443/3443/3443 3441/3441/3441
f 3447/3447/3447 3446/3446/3446 3445/3445/3445
f 3448/3448/3448 3447/3447/3447 3445/3445/3445
f 3451/3451/3451 3450/3450/3450 3449/3449/3449
f 3452/3452/3452 3451/3451/3451 3449/3449/3449
f 3455/3455/3455 3454/3454/3454 3453/3453/3453
f 3456/3456/3456 3455/3455/3455 3453/3453/3453
f 3459/3459/3459 3458/3458/3458 3457/3457/3457
f 3460/3460/3460 3459/3459/3459 3457/3457/3457
f 3463/3463/3463 3462/3462/3462 3461/3461/3461
f 3464/3464/3464 3463/3463/3463 3461/3461/3461
f 3467/3467/3467 3466/3466/3466 3465/3465/3465
f 3468/3468/3468 3467/3467/3467 3465/3465/3465
f 3471/3471/3471 3470/3470/3470 3469/3469/3469
f 3472/3472/3472 3471/3471/3471 3469/3469/3469
f 3475/3475/3475 3474/3474/3474 3473/3473/3473
f 3476/3476/3476 3475/3475/3475 3473/3473/3473
f 3479/3479/3479 3478/3478/3478 3477/3477/3477
f 3480/3480/3480 3479/3479/3479 3477/3477/3477
f 3483/3483/3483 3482/3482/3482 3481/3481/3481
f 3484/3484/3484 3483/3483/3483 3481/3481/3481
f 3487/3487/3487 3486/3486/3486 3485/3485/3485
f 3488/3488/3488 3487/3487/3487 3485/3485/3485
f 3491/3491/3491 3490/3490/3490 3489/3489/3489
f 3492/3492/3492 3491/3491/3491 3489/3489/3489
f 3495/3495/3495 3494/3494/3494 3493/3493/3493
f 3496/3496/3496 3495/3495/3495 3493/3493/3493
f 3499/3499/3499 3498/3498/3498 3497/3497/3497
f 3500/3500/3500 3499/3499/3499 3497/3497/3497
f 3503/3503/3503 3502/3502/3502 3501/3501/3501
f 3504/3504/3504 3503/3503/3503 3501/3501/3501
f 3507/3507/3507 3506/3506/3506 3505/3505/3505
f 3508/3508/3508 3507/3507/3507 3505/3505/3505
f 3511/3511/3511 3510/3510/3510 3509/3509/3509
f 3512/3512/3512 3511/3511/3511 3509/3509/3509
f 3515/3515/3515 3514/3514/3514 3513/3513/3513
f 3516/3516/3516 3515/3515/3515 3513/3513/3513
f 3519/3519/3519 3518/3518/3518 3517/3517/3517
f 3520/3520/3520 3519/3519/3519 3517/3517/3517
f 3523/3523/3523 3522/3522/3522 3521/3521/3521
f 3524/3524/3524 3523/3523/3523 3521/3521/3521
f 3527/3527/3527 3526/3526/3526 3525/3525/3525
f 3528/3528/3528 3527/3527/3527 3525/3525/3525
f 3531/3531/3531 3530/3530/3530 3529/3529/3529
f 3532/3532/3532 3531/3531/3531 3529/3529/3529
f 3535/3535/3535 3534/3534/3534 3533/3533/3533
f 3536/3536/3536 3535/3535/3535 3533/3533/3533
f 3539/3539/3539 3538/3538/3538 3537/3537/3537
f 3540/3540/3540 3539/3539/3539 3537/3537/3537
f 3543/3543/3543 3542/3542/3542 3541/3541/3541
f 3544/3544/3544 3543/3543/3543 3541/3541/3541
f 3547/3547/3547 3546/3546/3546 3545/3545/3545
f 3548/3548/3548 3547/3547/3547 3545/3545/3545
f 3551/3551/3551 3550/3550/3550 3549/3549/3549
f 3552/3552/3552 3551/3551/3551 3549/3549/3549
f 3555/3555/3555 3554/3554/3554 3553/3553/3553
f 3556/3556/3556 3555/3555/3555 3553/3553/3553
f 3559/3559/3559 3558/3558/3558 3557/3557/3557
f 3560/3560/3560 3559/3559/3559 3557/3557/3557
f 3563/3563/3563 3562/3562/3562 3561/3561/3561
f 3564/3564/3564 3563/3563/3563 3561/3561/3561
f 3567/3567/3567 3566/3566/3566 3565/3565/3565
f 3568/3568/3568 3567/3567/3567 3565/3565/3565
f 3571/3571/3571 3570/3570/3570 3569/3569/3569
f 3572/3572/3572 3571/3571/3571 3569/3569/3569
f 3575/3575/3575 3574/3574/3574 3573/3573/3573
f 3576/3576/3576 3575/3575/3575 3573/3573/3573
f 3579/3579/3579 3578/3578/3578 3577/3577/3577
f 3580/3580/3580 3579/3579/3579 3577/3577/3577
f 3583/3583/3583 3582/3582/3582 3581/3581/3581
f 3584/3584/3584 3583/3583/3583 3581/3581/3581
f 3587/3587/3587 3586/3586/3586 3585/3585/3585
f 3588/3588/3588 3587/3587/3587 3585/3585/3585
f 3591/3591/3591 3590/3590/3590 3589/3589/3589
f 3592/3592/3592 3591/3591/3591 3589/3589/3589
f 3595/3595/3595 3594/3594/3594 3593/3593/3593
f 3596/3596/3596 3595/3595/3595 3593/3593/3593
f 3599/3599/3599 3598/3598/3598 3597/3597/3597
f 3600/3600/3600 3599/3599/3599 3597/3597/3597
f 3603/3603/3603 3602/3602/3602 3601/3601/3601
f 3604/3604/3604 3603/3603/3603 3601/3601/3601
f 3607/3607/3607 3606/3606/3606 3605/3605/3605
f 3608/3608/3608 3607/3607/3607 3605/3605/3605
f 3611/3611/3611 3610/3610/3610 3609/3609/3609
f 3612/3612/3612 3611/3611/3611 3609/3609/3609
f 3615/3615/3615 3614/3614/3614 3613/3613/3613
f 3616/3616/3616 3615/3615/3615 3613/3613/3613
f 3619/3619/3619 3618/3618/3618 3617/3617/3617
f 3620/3620/3620 3619/3619/3619 3617/3617/3617
f 3623/3623/3623 3622/3622/3622 3621/3621/3621
f 3624/3624/3624 3623/3623/3623 3621/3621/3621
f 3627/3627/3627 3626/3626/3626 3625/3625/3625
f 3628/3628/3628 3627/3627/3627 3625/3625/3625
f 3631/3631/3631 3630/3630/3630 3629/3629/3629
f 3632/3632/3632 3631/3631/3631 3629/3629/3629
f 3635/3635/3635 3634/3634/3634 3633/3633/3633
f 3636/3636/3636 3635/3635/3635 3633/3633/3633
f 3639/3639/3639 3638/3638/3638 3637/3637/3637
f 3640/3640/3640 3639/3639/3639 3637/3637/3637
f 3643/3643/3643 3642/3642/3642 3641/3641/3641
f 3644/3644/3644 3643/3643/3643 3641/3641/3641
f 3647/3647/3647 3646/3646/3646 3645/3645/3645
f 3648/3648/3648 3647/3647/3647 3645/3645/3645
f 3651/3651/3651 3650/3650/3650 3649/3649/3649
f 3652/3652/3652 3651/3651/3651 3649/3649/3649
f 3655/3655/3655 3654/3654/3654 3653/3653/3653
f 3656/3656/3656 3655/3655/3655 3653/3653/3653
f 3659/3659/3659 3658/3658/3658 3657/3657/3657
f 3660/3660/3660 3659/3659/3659 3657/3657/3657
f 3663/3663/3663 3662/3662/3662 3661/3661/3661
f 3664/3664/3664 3663/3663/3663 3661/3661/3661
f 3667/3667/3667 3666/3666/3666 3665/3665/3665
f 3668/3668/3668 3667/3667/3667 3665/3665/3665
f 3671/3671/3671 3670/3670/3670 3669/3669/3669
f 3672/3672/3672 3671/3671/3671 3669/3669/3669
f 3675/3675/3675 3674/3674/3674 3673/3673/3673
f 3676/3676/3676 3675/3675/3675 3673/3673/3673
f 3679/3679/3679 3678/3678/3678 3677/3677/3677
f 3680/3680/3680 3679/3679/3679 3677/3677/3677
f 3683/3683/3683 3682/3682/3682 3681/3681/3681
f 3684/3684/3684 3683/3683/3683 3681/3681/3681
f 3687/3687/3687 3686/3686/3686 3685/3685/3685
f 3688/3688/3688 3687/3687/3687 3685/3685/3685
f 3691/3691/3691 3690/3690/3690 3689/3689/3689
f 3692/3692/3692 3690/3690/3690 3691/3691/3691
f 3693/3693/3693 3690/3690/3690 3692/3692/3692
f 3694/3694/3694 3690/3690/3690 3693/3693/3693
f 3697/3697/3697 3696/3696/3696 3695/3695/3695
f 3698/3698/3698 3697/3697/3697 3695/3695/3695
f 3701/3701/3701 3700/3700/3700 3699/3699/3699
f 3702/3702/3702 3701/3701/3701 3699/3699/3699
f 3705/3705/3705 3704/3704/3704 3703/3703/3703
f 3706/3706/3706 3705/3705/3705 3703/3703/3703
f 3709/3709/3709 3708/3708/3708 3707/3707/3707
f 3710/3710/3710 3709/3709/3709 3707/3707/3707
f 3713/3713/3713 3712/3712/3712 3711/3711/3711
f 3714/3714/3714 3712/3712/3712 3713/3713/3713
f 3715/3715/3715 3712/3712/3712 3714/3714/3714
f 3716/3716/3716 3712/3712/3712 3715/3715/3715
f 3719/3719/3719 3718/3718/3718 3717/3717/3717
f 3720/3720/3720 3719/3719/3719 3717/3717/3717
f 3723/3723/3723 3722/3722/3722 3721/3721/3721
f 3724/3724/3724 3723/3723/3723 3721/3721/3721
f 3727/3727/3727 3726/3726/3726 3725/3725/3725
f 3728/3728/3728 3727/3727/3727 3725/3725/3725
f 3731/3731/3731 3730/3730/3730 3729/3729/3729
f 3732/3732/3732 3731/3731/3731 3729/3729/3729
f 3735/3735/3735 3734/3734/3734 3733/3733/3733
f 3736/3736/3736 3734/3734/3734 3735/3735/3735
f 3737/3737/3737 3734/3734/3734 3736/3736/3736
f 3738/3738/3738 3734/3734/3734 3737/3737/3737
f 3741/3741/3741 3740/3740/3740 3739/3739/3739
f 3742/3742/3742 3741/3741/3741 3739/3739/3739
f 3745/3745/3745 3744/3744/3744 3743/3743/3743
f 3746/3746/3746 3745/3745/3745 3743/3743/3743
f 3749/3749/3749 3748/3748/3748 3747/3747/3747
f 3750/3750/3750 3749/3749/3749 3747/3747/3747
f 3753/3753/3753 3752/3752/3752 3751/3751/3751
f 3754/3754/3754 3753/3753/3753 3751/3751/3751
f 3757/3757/3757 3756/3756/3756 3755/3755/3755
f 3758/3758/3758 3756/3756/3756 3757/3757/3757
f 3759/3759/3759 3756/3756/3756 3758/3758/3758
f 3760/3760/3760 3756/3756/3756 3759/3759/3759
f 3763/3763/3763 3762/3762/3762 3761/3761/3761
f 3764/3764/3764 3763/3763/3763 3761/3761/3761
f 3767/3767/3767 3766/3766/3766 3765/3765/3765
f 3768/3768/3768 3767/3767/3767 3765/3765/3765
f 3771/3771/3771 3770/3770/3770 3769/3769/3769
f 3772/3772/3772 3771/3771/3771 3769/3769/3769
f 3775/3775/3775 3774/3774/3774 3773/3773/3773
f 3776/3776/3776 3775/3775/3775 3773/3773/3773
f 3779/3779/3779 3778/3778/3778 3777/3777/3777
f 3780/3780/3780 3778/3778/3778 3779/3779/3779
f 3781/3781/3781 3778/3778/3778 3780/3780/3780
f 3782/3782/3782 3778/3778/3778 3781/3781/3781
f 3785/3785/3785 3784/3784/3784 3783/3783/3783
f 3786/3786/3786 3785/3785/3785 3783/3783/3783
f 3789/3789/3789 3788/3788/3788 3787/3787/3787
f 3790/3790/3790 3789/3789/3789 3787/3787/3787
f 3793/3793/3793 3792/3792/3792 3791/3791/3791
f 3794/3794/3794 3793/3793/3793 3791/3791/3791
f 3797/3797/3797 3796/3796/3796 3795/3795/3795
f 3798/3798/3798 3797/3797/3797 3795/3795/3795
f 3801/3801/3801 3800/3800/3800 3799/3799/3799
f 3802/3802/3802 3800/3800/3800 3801/3801/3801
f 3803/3803/3803 3800/3800/3800 3802/3802/3802
f 3804/3804/3804 3800/3800/3800 3803/3803/3803
f 3807/3807/3807 3806/3806/3806 3805/3805/3805
f 3808/3808/3808 3807/3807/3807 3805/3805/3805
f 3811/3811/3811 3810/3810/3810 3809/3809/3809
f 3812/3812/3812 3811/3811/3811 3809/3809/3809
f 3815/3815/3815 3814/3814/3814 3813/3813/3813
f 3816/3816/3816 3815/3815/3815 3813/3813/3813
f 3819/3819/3819 3818/3818/3818 3817/3817/3817
f 3820/3820/3820 3819/3819/3819 3817/3817/3817
f 3823/3823/3823 3822/3822/3822 3821/3821/3821
f 3824/3824/3824 3822/3822/3822 3823/3823/3823
f 3825/3825/3825 3822/3822/3822 3824/3824/3824
f 3826/3826/3826 3822/3822/3822 3825/3825/3825
f 3829/3829/3829 3828/3828/3828 3827/3827/3827
f 3830/3830/3830 3829/3829/3829 3827/3827/3827
f 3833/3833/3833 3832/3832/3832 3831/3831/3831
f 3834/3834/3834 3833/3833/3833 3831/3831/3831
f 3837/3837/3837 3836/3836/3836 3835/3835/3835
f 3838/3838/3838 3837/3837/3837 3835/3835/3835
f 3841/3841/3841 3840/3840/3840 3839/3839/3839
f 3842/3842/3842 3841/3841/3841 3839/3839/3839
f 3845/3845/3845 3844/3844/3844 3843/3843/3843
f 3846/3846/3846 3845/3845/3845 3843/3843/3843
f 3849/3849/3849 3848/3848/3848 3847/3847/3847
f 3850/3850/3850 3849/3849/3849 3847/3847/3847
f 3853/3853/3853 3852/3852/3852 3851/3851/3851
f 3853/3853/3853 3851/3851/3851 3854/3854/3854
f 3853/3853/3853 3854/3854/3854 3855/3855/3855
f 3853/3853/3853 3855/3855/3855 3856/3856/3856
f 3859/3859/3859 3858/3858/3858 3857/3857/3857
f 3860/3860/3860 3859/3859/3859 3857/3857/3857
f 3863/3863/3863 3862/3862/3862 3861/3861/3861
f 3864/3864/3864 3863/3863/3863 3861/3861/3861
f 3867/3867/3867 3866/3866/3866 3865/3865/3865
f 3868/3868/3868 3867/3867/3867 3865/3865/3865
f 3871/3871/3871 3870/3870/3870 3869/3869/3869
f 3872/3872/3872 3871/3871/3871 3869/3869/3869
f 3875/3875/3875 3874/3874/3874 3873/3873/3873
f 3875/3875/3875 3873/3873/3873 3876/3876/3876
f 3875/3875/3875 3876/3876/3876 3877/3877/3877
f 3875/3875/3875 3877/3877/3877 3878/3878/3878
f 3881/3881/3881 3880/3880/3880 3879/3879/3879
f 3882/3882/3882 3881/3881/3881 3879/3879/3879
f 3885/3885/3885 3884/3884/3884 3883/3883/3883
f 3886/3886/3886 3885/3885/3885 3883/3883/3883
f 3889/3889/3889 3888/3888/3888 3887/3887/3887
f 3890/3890/3890 3889/3889/3889 3887/3887/3887
f 3893/3893/3893 3892/3892/3892 3891/3891/3891
f 3894/3894/3894 3893/3893/3893 3891/3891/3891
f 3897/3897/3897 3896/3896/3896 3895/3895/3895
f 3897/3897/3897 3895/3895/3895 3898/3898/3898
f 3897/3897/3897 3898/3898/3898 3899/3899/3899
f 3897/3897/3897 3899/3899/3899 3900/3900/3900
f 3903/3903/3903 3902/3902/3902 3901/3901/3901
f 3904/3904/3904 3903/3903/3903 3901/3901/3901
f 3907/3907/3907 3906/3906/3906 3905/3905/3905
f 3908/3908/3908 3907/3907/3907 3905/3905/3905
f 3911/3911/3911 3910/3910/3910 3909/3909/3909
f 3912/3912/3912 3911/3911/3911 3909/3909/3909
f 3915/3915/3915 3914/3914/3914 3913/3913/3913
f 3916/3916/3916 3915/3915/3915 3913/3913/3913
f 3919/3919/3919 3918/3918/3918 3917/3917/3917
f 3919/3919/3919 3917/3917/3917 3920/3920/3920
f 3919/3919/3919 3920/3920/3920 3921/3921/3921
f 3919/3919/3919 3921/3921/3921 3922/3922/3922
f 3925/3925/3925 3924/3924/3924 3923/3923/3923
f 3926/3926/3926 3925/3925/3925 3923/3923/3923
f 3929/3929/3929 3928/3928/3928 3927/3927/3927
f 3930/3930/3930 3929/3929/3929 3927/3927/3927
f 3933/3933/3933 3932/3932/3932 3931/3931/3931
f 3934/3934/3934 3933/3933/3933 3931/3931/3931
f 3937/3937/3937 3936/3936/3936 3935/3935/3935
f 3938/3938/3938 3937/3937/3937 3935/3935/3935
f 3941/3941/3941 3940/3940/3940 3939/3939/3939
f 3941/3941/3941 3939/3939/3939 3942/3942/3942
f 3941/3941/3941 3942/3942/3942 3943/3943/3943
f 3941/3941/3941 3943/3943/3943 3944/3944/3944
f 3947/3947/3947 3946/3946/3946 3945/3945/3945
f 3948/3948/3948 3947/3947/3947 3945/3945/3945
f 3951/3951/3951 3950/3950/3950 3949/3949/3949
f 3952/3952/3952 3951/3951/3951 3949/3949/3949
f 3955/3955/3955 3954/3954/3954 3953/3953/3953
f 3956/3956/3956 3955/3955/3955 3953/3953/3953
f 3959/3959/3959 3958/3958/3958 3957/3957/3957
f 3960/3960/3960 3959/3959/3959 3957/3957/3957
f 3963/3963/3963 3962/3962/3962 3961/3961/3961
f 3963/3963/3963 3961/3961/3961 3964/3964/3964
f 3963/3963/3963 3964/3964/3964 3965/3965/3965
f 3963/3963/3963 3965/3965/3965 3966/3966/3966
f 3969/3969/3969 3968/3968/3968 3967/3967/3967
f 3970/3970/3970 3969/3969/3969 3967/3967/3967
f 3973/3973/3973 3972/3972/3972 3971/3971/3971
f 3974/3974/3974 3973/3973/3973 3971/3971/3971
f 3977/3977/3977 3976/3976/3976 3975/3975/3975
f 3978/3978/3978 3977/3977/3977 3975/3975/3975
f 3981/3981/3981 3980/3980/3980 3979/3979/3979
f 3982/3982/3982 3981/3981/3981 3979/3979/3979
f 3985/3985/3985 3984/3984/3984 3983/3983/3983
f 3985/3985/3985 3983/3983/3983 3986/3986/3986
f 3985/3985/3985 3986/3986/3986 3987/3987/3987
f 3985/3985/3985 3987/3987/3987 3988/3988/3988
f 3991/3991/3991 3990/3990/3990 3989/3989/3989
f 3992/3992/3992 3991/3991/3991 3989/3989/3989
f 3995/3995/3995 3994/3994/3994 3993/3993/3993
f 3996/3996/3996 3995/3995/3995 3993/3993/3993
f 3999/3999/3999 3998/3998/3998 3997/3997/3997
f 4000/4000/4000 3999/3999/3999 3997/3997/3997
f 4003/4003/4003 4002/4002/4002 4001/4001/4001
f 4004/4004/4004 4003/4003/4003 4001/4001/4001
f 4007/4007/4007 4006/4006/4006 4005/4005/4005
f 4008/4008/4008 4007/4007/4007 4005/4005/4005
f 4011/4011/4011 4010/4010/4010 4009/4009/4009
f 4012/4012/4012 4011/4011/4011 4009/4009/4009
f 4015/4015/4015 4014/4014/4014 4013/4013/4013
f 4016/4016/4016 4015/4015/4015 4013/4013/4013
f 4019/4019/4019 4018/4018/4018 4017/4017/4017
f 4020/4020/4020 4019/4019/4019 4017/4017/4017
f 4023/4023/4023 4022/4022/4022 4021/4021/4021
f 4024/4024/4024 4023/4023/4023 4021/4021/4021
f 4027/4027/4027 4026/4026/4026 4025/4025/4025
f 4028/4028/4028 4027/4027/4027 4025/4025/4025
f 4031/4031/4031 4030/4030/4030 4029/4029/4029
f 4032/4032/4032 4031/4031/4031 4029/4029/4029
f 4035/4035/4035 4034/4034/4034 4033/4033/4033
f 4036/4036/4036 4035/4035/4035 4033/4033/4033
f 4039/4039/4039 4038/4038/4038 4037/4037/4037
f 4040/4040/4040 4039/4039/4039 4037/4037/4037
f 4043/4043/4043 4042/4042/4042 4041/4041/4041
f 4044/4044/4044 4043/4043/4043 4041/4041/4041
f 4047/4047/4047 4046/4046/4046 4045/4045/4045
f 4048/4048/4048 4047/4047/4047 4045/4045/4045
f 4051/4051/4051 4050/4050/4050 4049/4049/4049
f 4052/4052/4052 4051/4051/4051 4049/4049/4049
f 4055/4055/4055 4054/4054/4054 4053/4053/4053
f 4056/4056/4056 4055/4055/4055 4053/4053/4053
f 4059/4059/4059 4058/4058/4058 4057/4057/4057
f 4060/4060/4060 4059/4059/4059 4057/4057/4057
f 4063/4063/4063 4062/4062/4062 4061/4061/4061
f 4064/4064/4064 4063/4063/4063 4061/4061/4061
f 4067/4067/4067 4066/4066/4066 4065/4065/4065
f 4068/4068/4068 4067/4067/4067 4065/4065/4065
f 4071/4071/4071 4070/4070/4070 4069/4069/4069
f 4072/4072/4072 4071/4071/4071 4069/4069/4069
f 4075/4075/4075 4074/4074/4074 4073/4073/4073
f 4076/4076/4076 4075/4075/4075 4073/4073/4073
f 4079/4079/4079 4078/4078/4078 4077/4077/4077
f 4080/4080/4080 4079/4079/4079 4077/4077/4077
f 4083/4083/4083 4082/4082/4082 4081/4081/4081
f 4084/4084/4084 4083/4083/4083 4081/4081/4081
f 4087/4087/4087 4086/4086/4086 4085/4085/4085
f 4088/4088/4088 4087/4087/4087 4085/4085/4085
f 4091/4091/4091 4090/4090/4090 4089/4089/4089
f 4092/4092/4092 4091/4091/4091 4089/4089/4089
f 4095/4095/4095 4094/4094/4094 4093/4093/4093
f 4096/4096/4096 4095/4095/4095 4093/4093/4093
f 4099/4099/4099 4098/4098/4098 4097/4097/4097
f 4100/4100/4100 4099/4099/4099 4097/4097/4097
f 4103/4103/4103 4102/4102/4102 4101/4101/4101
f 4104/4104/4104 4103/4103/4103 4101/4101/4101
f 4107/4107/4107 4106/4106/4106 4105/4105/4105
f 4108/4108/4108 4107/4107/4107 4105/4105/4105
f 4111/4111/4111 4110/4110/4110 4109/4109/4109
f 4112/4112/4112 4111/4111/4111 4109/4109/4109
f 4115/4115/4115 4114/4114/4114 4113/4113/4113
f 4116/4116/4116 4115/4115/4115 4113/4113/4113
f 4119/4119/4119 4118/4118/4118 4117/4117/4117
f 4120/4120/4120 4119/4119/4119 4117/4117/4117
f 4123/4123/4123 4122/4122/4122 4121/4121/4121
f 4124/4124/4124 4123/4123/4123 4121/4121/4121
f 4127/4127/4127 4126/4126/4126 4125/4125/4125
f 4128/4128/4128 4127/4127/4127 4125/4125/4125
f 4131/4131/4131 4130/4130/4130 4129/4129/4129
f 4132/4132/4132 4131/4131/4131 4129/4129/4129
f 4135/4135/4135 4134/4134/4134 4133/4133/4133
f 4136/4136/4136 4135/4135/4135 4133/4133/4133
f 4139/4139/4139 4138/4138/4138 4137/4137/4137
f 4140/4140/4140 4139/4139/4139 4137/4137/4137
f 4143/4143/4143 4142/4142/4142 4141/4141/4141
f 4144/4144/4144 4143/4143/4143 4141/4141/4141
f 4147/4147/4147 4146/4146/4146 4145/4145/4145
f 4148/4148/4148 4147/4147/4147 4145/4145/4145
f 4151/4151/4151 4150/4150/4150 4149/4149/4149
f 4152/4152/4152 4151/4151/4151 4149/4149/4149
f 4155/4155/4155 4154/4154/4154 4153/4153/4153
f 4156/4156/4156 4155/4155/4155 4153/4153/4153
f 4159/4159/4159 4158/4158/4158 4157/4157/4157
f 4160/4160/4160 4159/4159/4159 4157/4157/4157
f 4163/4163/4163 4162/4162/4162 4161/4161/4161
f 4164/4164/4164 4163/4163/4163 4161/4161/4161
f 4167/4167/4167 4166/4166/4166 4165/4165/4165
f 4168/4168/4168 4167/4167/4167 4165/4165/4165
f 4171/4171/4171 4170/4170/4170 4169/4169/4169
f 4172/4172/4172 4171/4171/4171 4169/4169/4169
f 4175/4175/4175 4174/4174/4174 4173/4173/4173
f 4176/4176/4176 4175/4175/4175 4173/4173/4173
f 4179/4179/4179 4178/4178/4178 4177/4177/4177
f 4180/4180/4180 4179/4179/4179 4177/4177/4177
f 4183/4183/4183 4182/4182/4182 4181/4181/4181
f 4184/4184/4184 4183/4183/4183 4181/4181/4181
f 4187/4187/4187 4186/4186/4186 4185/4185/4185
f 4188/4188/4188 4187/4187/4187 4185/4185/4185
f 4191/4191/4191 4190/4190/4190 4189/4189/4189
f 4192/4192/4192 4191/4191/4191 4189/4189/4189
f 4195/4195/4195 4194/4194/4194 4193/4193/4193
f 4196/4196/4196 4195/4195/4195 4193/4193/4193
f 4199/4199/4199 4198/4198/4198 4197/4197/4197
f 4200/4200/4200 4199/4199/4199 4197/4197/4197
f 4203/4203/4203 4202/4202/4202 4201/4201/4201
f 4204/4204/4204 4203/4203/4203 4201/4201/4201
f 4207/4207/4207 4206/4206/4206 4205/4205/4205
f 4208/4208/4208 4207/4207/4207 4205/4205/4205
f 4211/4211/4211 4210/4210/4210 4209/4209/4209
f 4212/4212/4212 4211/4211/4211 4209/4209/4209
f 4215/4215/4215 4214/4214/4214 4213/4213/4213
f 4216/4216/4216 4215/4215/4215 4213/4213/4213
f 4219/4219/4219 4218/4218/4218 4217/4217/4217
f 4220/4220/4220 4219/4219/4219 4217/4217/4217
f 4223/4223/4223 4222/4222/4222 4221/4221/4221
f 4224/4224/4224 4223/4223/4223 4221/4221/4221
f 4227/4227/4227 4226/4226/4226 4225/4225/4225
f 4228/4228/4228 4227/4227/4227 4225/4225/4225
f 4231/4231/4231 4230/4230/4230 4229/4229/4229
f 4232/4232/4232 4231/4231/4231 4229/4229/4229
f 4235/4235/4235 4234/4234/4234 4233/4233/4233
f 4236/4236/4236 4235/4235/4235 4233/4233/4233
f 4239/4239/4239 4238/4238/4238 4237/4237/4237
f 4240/4240/4240 4239/4239/4239 4237/4237/4237
f 4243/4243/4243 4242/4242/4242 4241/4241/4241
f 4244/4244/4244 4243/4243/4243 4241/4241/4241
f 4247/4247/4247 4246/4246/4246 4245/4245/4245
f 4248/4248/4248 4247/4247/4247 4245/4245/4245
f 4251/4251/4251 4250/4250/4250 4249/4249/4249
f 4252/4252/4252 4251/4251/4251 4249/4249/4249
f 4255/4255/4255 4254/4254/4254 4253/4253/4253
f 4256/4256/4256 4255/4255/4255 4253/4253/4253
f 4259/4259/4259 4258/4258/4258 4257/4257/4257
f 4260/4260/4260 4259/4259/4259 4257/4257/4257
f 4263/4263/4263 4262/4262/4262 4261/4261/4261
f 4264/4264/4264 4263/4263/4263 4261/4261/4261
f 4267/4267/4267 4266/4266/4266 4265/4265/4265
f 4268/4268/4268 4267/4267/4267 4265/4265/4265
f 4271/4271/4271 4270/4270/4270 4269/4269/4269
f 4272/4272/4272 4271/4271/4271 4269/4269/4269
f 4275/4275/4275 4274/4274/4274 4273/4273/4273
f 4276/4276/4276 4275/4275/4275 4273/4273/4273
f 4279/4279/4279 4278/4278/4278 4277/4277/4277
f 4280/4280/4280 4279/4279/4279 4277/4277/4277
f 4283/4283/4283 4282/4282/4282 4281/4281/4281
f 4284/4284/4284 4283/4283/4283 4281/4281/4281
f 4287/4287/4287 4286/4286/4286 4285/4285/4285
f 4288/4288/4288 4287/4287/4287 4285/4285/4285
f 4291/4291/4291 4290/4290/4290 4289/4289/4289
f 4292/4292/4292 4291/4291/4291 4289/4289/4289
f 4295/4295/4295 4294/4294/4294 4293/4293/4293
f 4296/4296/4296 4295/4295/4295 4293/4293/4293
f 4299/4299/4299 4298/4298/4298 4297/4297/4297
f 4300/4300/4300 4299/4299/4299 4297/4297/4297
f 4303/4303/4303 4302/4302/4302 4301/4301/4301
f 4304/4304/4304 4303/4303/4303 4301/4301/4301
f 4307/4307/4307 4306/4306/4306 4305/4305/4305
f 4308/4308/4308 4307/4307/4307 4305/4305/4305
f 4311/4311/4311 4310/4310/4310 4309/4309/4309
f 4312/4312/4312 4311/4311/4311 4309/4309/4309
f 4315/4315/4315 4314/4314/4314 4313/4313/4313
f 4316/4316/4316 4315/4315/4315 4313/4313/4313
f 4319/4319/4319 4318/4318/4318 4317/4317/4317
f 4320/4320/4320 4319/4319/4319 4317/4317/4317
f 4323/4323/4323 4322/4322/4322 4321/4321/4321
f 4324/4324/4324 4323/4323/4323 4321/4321/4321
f 4327/4327/4327 4326/4326/4326 4325/4325/4325
f 4328/4328/4328 4327/4327/4327 4325/4325/4325
f 4331/4331/4331 4330/4330/4330 4329/4329/4329
f 4332/4332/4332 4331/4331/4331 4329/4329/4329
f 4335/4335/4335 4334/4334/4334 4333/4333/4333
f 4336/4336/4336 4335/4335/4335 4333/4333/4333
f 4339/4339/4339 4338/4338/4338 4337/4337/4337
f 4340/4340/4340 4339/4339/4339 4337/4337/4337
f 4343/4343/4343 4342/4342/4342 4341/4341/4341
f 4344/4344/4344 4343/4343/4343 4341/4341/4341
f 4347/4347/4347 4346/4346/4346 4345/4345/4345
f 4348/4348/4348 4347/4347/4347 4345/4345/4345
f 4351/4351/4351 4350/4350/4350 4349/4349/4349
f 4352/4352/4352 4351/4351/4351 4349/4349/4349
f 4355/4355/4355 4354/4354/4354 4353/4353/4353
f 4356/4356/4356 4355/4355/4355 4353/4353/4353
f 4359/4359/4359 4358/4358/4358 4357/4357/4357
f 4360/4360/4360 4359/4359/4359 4357/4357/4357
f 4363/4363/4363 4362/4362/4362 4361/4361/4361
f 4364/4364/4364 4363/4363/4363 4361/4361/4361
f 4367/4367/4367 4366/4366/4366 4365/4365/4365
f 4368/4368/4368 4367/4367/4367 4365/4365/4365
f 4371/4371/4371 4370/4370/4370 4369/4369/4369
f 4372/4372/4372 4371/4371/4371 4369/4369/4369
f 4375/4375/4375 4374/4374/4374 4373/4373/4373
f 4376/4376/4376 4375/4375/4375 4373/4373/4373
f 4379/4379/4379 4378/4378/4378 4377/4377/4377
f 4380/4380/4380 4379/4379/4379 4377/4377/4377
f 4383/4383/4383 4382/4382/4382 4381/4381/4381
f 4384/4384/4384 4383/4383/4383 4381/4381/4381
f 4387/4387/4387 4386/4386/4386 4385/4385/4385
f 4388/4388/4388 4387/4387/4387 4385/4385/4385
f 4391/4391/4391 4390/4390/4390 4389/4389/4389
f 4392/4392/4392 4391/4391/4391 4389/4389/4389
f 4395/4395/4395 4394/4394/4394 4393/4393/4393
f 4396/4396/4396 4395/4395/4395 4393/4393/4393
f 4399/4399/4399 4398/4398/4398 4397/4397/4397
f 4400/4400/4400 4399/4399/4399 4397/4397/4397
f 4403/4403/4403 4402/4402/4402 4401/4401/4401
f 4404/4404/4404 4403/4403/4403 4401/4401/4401
f 4407/4407/4407 4406/4406/4406 4405/4405/4405
f 4408/4408/4408 4407/4407/4407 4405/4405/4405
f 4411/4411/4411 4410/4410/4410 4409/4409/4409
f 4412/4412/4412 4411/4411/4411 4409/4409/4409
f 4415/4415/4415 4414/4414/4414 4413/4413/4413
f 4416/4416/4416 4415/4415/4415 4413/4413/4413
f 4419/4419/4419 4418/4418/4418 4417/4417/4417
f 4420/4420/4420 4419/4419/4419 4417/4417/4417
f 4423/4423/4423 4422/4422/4422 4421/4421/4421
f 4424/4424/4424 4423/4423/4423 4421/4421/4421
f 4427/4427/4427 4426/4426/4426 4425/4425/4425
f 4428/4428/4428 4427/4427/4427 4425/4425/4425
f 4431/4431/4431 4430/4430/4430 4429/4429/4429
f 4432/4432/4432 4431/4431/4431 4429/4429/4429
f 4435/4435/4435 4434/4434/4434 4433/4433/4433
f 4436/4436/4436 4435/4435/4435 4433/4433/4433
f 4439/4439/4439 4438/4438/4438 4437/4437/4437
f 4440/4440/4440 4439/4439/4439 4437/4437/4437
f 4443/4443/4443 4442/4442/4442 4441/4441/4441
f 4444/4444/4444 4443/4443/4443 4441/4441/4441
f 4447/4447/4447 4446/4446/4446 4445/4445/4445
f 4448/4448/4448 4447/4447/4447 4445/4445/4445
f 4451/4451/4451 4450/4450/4450 4449/4449/4449
f 4452/4452/4452 4451/4451/4451 4449/4449/4449
f 4455/4455/4455 4454/4454/4454 4453/4453/4453
f 4456/4456/4456 4455/4455/4455 4453/4453/4453
f 4459/4459/4459 4458/4458/4458 4457/4457/4457
f 4460/4460/4460 4459/4459/4459 4457/4457/4457
f 4463/4463/4463 4462/4462/4462 4461/4461/4461
f 4464/4464/4464 4463/4463/4463 4461/4461/4461
f 4467/4467/4467 4466/4466/4466 4465/4465/4465
f 4468/4468/4468 4467/4467/4467 4465/4465/4465
f 4471/4471/4471 4470/4470/4470 4469/4469/4469
f 4472/4472/4472 4471/4471/4471 4469/4469/4469
f 4475/4475/4475 4474/4474/4474 4473/4473/4473
f 4476/4476/4476 4475/4475/4475 4473/4473/4473
f 4479/4479/4479 4478/4478/4478 4477/4477/4477
f 4480/4480/4480 4479/4479/4479 4477/4477/4477
f 4483/4483/4483 4482/4482/4482 4481/4481/4481
f 4484/4484/4484 4483/4483/4483 4481/4481/4481
f 4487/4487/4487 4486/4486/4486 4485/4485/4485
f 4488/4488/4488 4487/4487/4487 4485/4485/4485
f 4491/4491/4491 4490/4490/4490 4489/4489/4489
f 4492/4492/4492 4491/4491/4491 4489/4489/4489
f 4495/4495/4495 4494/4494/4494 4493/4493/4493
f 4496/4496/4496 4495/4495/4495 4493/4493/4493
f 4499/4499/4499 4498/4498/4498 4497/4497/4497
f 4500/4500/4500 4499/4499/4499 4497/4497/4497
f 4503/4503/4503 4502/4502/4502 4501/4501/4501
f 4504/4504/4504 4503/4503/4503 4501/4501/4501
f 4507/4507/4507 4506/4506/4506 4505/4505/4505
f 4508/4508/4508 4507/4507/4507 4505/4505/4505
f 4511/4511/4511 4510/4510/4510 4509/4509/4509
f 4512/4512/4512 4511/4511/4511 4509/4509/4509
f 4515/4515/4515 4514/4514/4514 4513/4513/4513
f 4516/4516/4516 4515/4515/4515 4513/4513/4513
f 4519/4519/4519 4518/4518/4518 4517/4517/4517
f 4520/4520/4520 4519/4519/4519 4517/4517/4517
f 4523/4523/4523 4522/4522/4522 4521/4521/4521
f 4524/4524/4524 4523/4523/4523 4521/4521/4521
f 4527/4527/4527 4526/4526/4526 4525/4525/4525
f 4528/4528/4528 4527/4527/4527 4525/4525/4525
f 4531/4531/4531 4530/4530/4530 4529/4529/4529
f 4532/4532/4532 4531/4531/4531 4529/4529/4529
f 4535/4535/4535 4534/4534/4534 4533/4533/4533
f 4536/4536/4536 4535/4535/4535 4533/4533/4533
f 4539/4539/4539 4538/4538/4538 4537/4537/4537
f 4540/4540/4540 4539/4539/4539 4537/4537/4537
f 4543/4543/4543 4542/4542/4542 4541/4541/4541
f 4544/4544/4544 4543/4543/4543 4541/4541/4541
f 4547/4547/4547 4546/4546/4546 4545/4545/4545
f 4548/4548/4548 4547/4547/4547 4545/4545/4545
f 4551/4551/4551 4550/4550/4550 4549/4549/4549
f 4552/4552/4552 4551/4551/4551 4549/4549/4549
f 4555/4555/4555 4554/4554/4554 4553/4553/4553
f 4556/4556/4556 4555/4555/4555 4553/4553/4553
f 4559/4559/4559 4558/4558/4558 4557/4557/4557
f 4560/4560/4560 4559/4559/4559 4557/4557/4557
f 4563/4563/4563 4562/4562/4562 4561/4561/4561
f 4564/4564/4564 4563/4563/4563 4561/4561/4561
f 4567/4567/4567 4566/4566/4566 4565/4565/4565
f 4568/4568/4568 4567/4567/4567 4565/4565/4565
f 4571/4571/4571 4570/4570/4570 4569/4569/4569
f 4572/4572/4572 4571/4571/4571 4569/4569/4569
f 4575/4575/4575 4574/4574/4574 4573/4573/4573
f 4576/4576/4576 4575/4575/4575 4573/4573/4573
f 4579/4579/4579 4578/4578/4578 4577/4577/4577
f 4580/4580/4580 4579/4579/4579 4577/4577/4577
f 4583/4583/4583 4582/4582/4582 4581/4581/4581
f 4584/4584/4584 4583/4583/4583 4581/4581/4581
f 4587/4587/4587 4586/4586/4586 4585/4585/4585
f 4588/4588/4588 4587/4587/4587 4585/4585/4585
f 4591/4591/4591 4590/4590/4590 4589/4589/4589
f 4592/4592/4592 4591/4591/4591 4589/4589/4589
f 4595/4595/4595 4594/4594/4594 4593/4593/4593
f 4596/4596/4596 4595/4595/4595 4593/4593/4593
f 4599/4599/4599 4598/4598/4598 4597/4597/4597
f 4600/4600/4600 4599/4599/4599 4597/4597/4597
f 4603/4603/4603 4602/4602/4602 4601/4601/4601
f 4604/4604/4604 4603/4603/4603 4601/4601/4601
f 4607/4607/4607 4606/4606/4606 4605/4605/4605
f 4608/4608/4608 4607/4607/4607 4605/4605/4605
f 4611/4611/4611 4610/4610/4610 4609/4609/4609
f 4612/4612/4612 4611/4611/4611 4609/4609/4609
f 4615/4615/4615 4614/4614/4614 4613/4613/4613
f 4616/4616/4616 4615/4615/4615 4613/4613/4613
f 4619/4619/4619 4618/4618/4618 4617/4617/4617
f 4620/4620/4620 4619/4619/4619 4617/4617/4617
f 4623/4623/4623 4622/4622/4622 4621/4621/4621
f 4624/4624/4624 4623/4623/4623 4621/4621/4621
f 4627/4627/4627 4626/4626/4626 4625/4625/4625
f 4628/4628/4628 4627/4627/4627 4625/4625/4625
f 4631/4631/4631 4630/4630/4630 4629/4629/4629
f 4632/4632/4632 4631/4631/4631 4629/4629/4629
f 4635/4635/4635 4634/4634/4634 4633/4633/4633
f 4636/4636/4636 4635/4635/4635 4633/4633/4633
f 4639/4639/4639 4638/4638/4638 4637/4637/4637
f 4640/4640/4640 4639/4639/4639 4637/4637/4637
f 4643/4643/4643 4642/4642/4642 4641/4641/4641
f 4644/4644/4644 4643/4643/4643 4641/4641/4641
f 4647/4647/4647 4646/4646/4646 4645/4645/4645
f 4648/4648/4648 4647/4647/4647 4645/4645/4645
f 4651/4651/4651 4650/4650/4650 4649/4649/4649
f 4652/4652/4652 4651/4651/4651 4649/4649/4649
f 4655/4655/4655 4654/4654/4654 4653/4653/4653
f 4656/4656/4656 4655/4655/4655 4653/4653/4653
f 4659/4659/4659 4658/4658/4658 4657/4657/4657
f 4660/4660/4660 4659/4659/4659 4657/4657/4657
f 4663/4663/4663 4662/4662/4662 4661/4661/4661
f 4664/4664/4664 4663/4663/4663 4661/4661/4661
f 4667/4667/4667 4666/4666/4666 4665/4665/4665
f 4668/4668/4668 4667/4667/4667 4665/4665/4665
f 4671/4671/4671 4670/4670/4670 4669/4669/4669
f 4672/4672/4672 4671/4671/4671 4669/4669/4669
f 4675/4675/4675 4674/4674/4674 4673/4673/4673
f 4676/4676/4676 4675/4675/4675 4673/4673/4673
f 4679/4679/4679 4678/4678/4678 4677/4677/4677
f 4680/4680/4680 4679/4679/4679 4677/4677/4677
f 4683/4683/4683 4682/4682/4682 4681/4681/4681
f 4684/4684/4684 4683/4683/4683 4681/4681/4681
f 4687/4687/4687 4686/4686/4686 4685/4685/4685
f 4688/4688/4688 4687/4687/4687 4685/4685/4685
f 4691/4691/4691 4690/4690/4690 4689/4689/4689
f 4692/4692/4692 4691/4691/4691 4689/4689/4689
f 4695/4695/4695 4694/4694/4694 4693/4693/4693
f 4696/4696/4696 4695/4695/4695 4693/4693/4693
f 4699/4699/4699 4698/4698/4698 4697/4697/4697
f 4700/4700/4700 4699/4699/4699 4697/4697/4697
f 4703/4703/4703 4702/4702/4702 4701/4701/4701
f 4704/4704/4704 4703/4703/4703 4701/4701/4701
f 4707/4707/4707 4706/4706/4706 4705/4705/4705
f 4708/4708/4708 4707/4707/4707 4705/4705/4705
f 4711/4711/4711 4710/4710/4710 4709/4709/4709
f 4712/4712/4712 4711/4711/4711 4709/4709/4709
f 4715/4715/4715 4714/4714/4714 4713/4713/4713
f 4716/4716/4716 4715/4715/4715 4713/4713/4713
f 4719/4719/4719 4718/4718/4718 4717/4717/4717
f 4720/4720/4720 4719/4719/4719 4717/4717/4717
f 4723/4723/4723 4722/4722/4722 4721/4721/4721
f 4724/4724/4724 4723/4723/4723 4721/4721/4721
f 4727/4727/4727 4726/4726/4726 4725/4725/4725
f 4728/4728/4728 4727/4727/4727 4725/4725/4725
f 4731/4731/4731 4730/4730/4730 4729/4729/4729
f 4732/4732/4732 4731/4731/4731 4729/4729/4729
f 4735/4735/4735 4734/4734/4734 4733/4733/4733
f 4736/4736/4736 4735/4735/4735 4733/4733/4733
f 4739/4739/4739 4738/4738/4738 4737/4737/4737
f 4740/4740/4740 4739/4739/4739 4737/4737/4737
f 4743/4743/4743 4742/4742/4742 4741/4741/4741
f 4744/4744/4744 4743/4743/4743 4741/4741/4741
f 4747/4747/4747 4746/4746/4746 4745/4745/4745
f 4748/4748/4748 4747/4747/4747 4745/4745/4745
f 4751/4751/4751 4750/4750/4750 4749/4749/4749
f 4752/4752/4752 4751/4751/4751 4749/4749/4749
f 4755/4755/4755 4754/4754/4754 4753/4753/4753
f 4756/4756/4756 4755/4755/4755 4753/4753/4753
f 4759/4759/4759 4758/4758/4758 4757/4757/4757
f 4760/4760/4760 4759/4759/4759 4757/4757/4757
f 4763/4763/4763 4762/4762/4762 4761/4761/4761
f 4764/4764/4764 4763/4763/4763 4761/4761/4761
f 4767/4767/4767 4766/4766/4766 4765/4765/4765
f 4768/4768/4768 4767/4767/4767 4765/4765/4765
f 4771/4771/4771 4770/4770/4770 4769/4769/4769
f 4772/4772/4772 4771/4771/4771 4769/4769/4769
f 4775/4775/4775 4774/4774/4774 4773/4773/4773
f 4776/4776/4776 4775/4775/4775 4773/4773/4773
f 4779/4779/4779 4778/4778/4778 4777/4777/4777
f 4780/4780/4780 4779/4779/4779 4777/4777/4777
f 4783/4783/4783 4782/4782/4782 4781/4781/4781
f 4784/4784/4784 4783/4783/4783 4781/4781/4781
f 4787/4787/4787 4786/4786/4786 4785/4785/4785
f 4788/4788/4788 4787/4787/4787 4785/4785/4785
f 4791/4791/4791 4790/4790/4790 4789/4789/4789
f 4792/4792/4792 4791/4791/4791 4789/4789/4789
f 4795/4795/4795 4794/4794/4794 4793/4793/4793
f 4796/4796/4796 4795/4795/4795 4793/4793/4793
f 4799/4799/4799 4798/4798/4798 4797/4797/4797
f 4800/4800/4800 4799/4799/4799 4797/4797/4797
f 4803/4803/4803 4802/4802/4802 4801/4801/4801
f 4804/4804/4804 4803/4803/4803 4801/4801/4801
f 4807/4807/4807 4806/4806/4806 4805/4805/4805
f 4808/4808/4808 4807/4807/4807 4805/4805/4805
f 4811/4811/4811 4810/4810/4810 4809/4809/4809
f 4812/4812/4812 4811/4811/4811 4809/4809/4809
f 4815/4815/4815 4814/4814/4814 4813/4813/4813
f 4816/4816/4816 4815/4815/4815 4813/4813/4813
f 4819/4819/4819 4818/4818/4818 4817/4817/4817
f 4820/4820/4820 4819/4819/4819 4817/4817/4817
f 4823/4823/4823 4822/4822/4822 4821/4821/4821
f 4824/4824/4824 4823/4823/4823 4821/4821/4821
f 4827/4827/4827 4826/4826/4826 4825/4825/4825
f 4828/4828/4828 4827/4827/4827 4825/4825/4825
f 4831/4831/4831 4830/4830/4830 4829/4829/4829
f 4832/4832/4832 4831/4831/4831 4829/4829/4829
f 4835/4835/4835 4834/4834/4834 4833/4833/4833
f 4836/4836/4836 4835/4835/4835 4833/4833/4833
f 4839/4839/4839 4838/4838/4838 4837/4837/4837
f 4840/4840/4840 4839/4839/4839 4837/4837/4837
f 4843/4843/4843 4842/4842/4842 4841/4841/4841
f 4844/4844/4844 4843/4843/4843 4841/4841/4841
f 4847/4847/4847 4846/4846/4846 4845/4845/4845
f 4848/4848/4848 4847/4847/4847 4845/4845/4845
f 4851/4851/4851 4850/4850/4850 4849/4849/4849
f 4852/4852/4852 4851/4851/4851 4849/4849/4849
f 4855/4855/4855 4854/4854/4854 4853/4853/4853
f 4856/4856/4856 4855/4855/4855 4853/4853/4853
f 4859/4859/4859 4858/4858/4858 4857/4857/4857
f 4860/4860/4860 4859/4859/4859 4857/4857/4857
f 4863/4863/4863 4862/4862/4862 4861/4861/4861
f 4864/4864/4864 4863/4863/4863 4861/4861/4861
f 4867/4867/4867 4866/4866/4866 4865/4865/4865
f 4868/4868/4868 4867/4867/4867 4865/4865/4865
f 4871/4871/4871 4870/4870/4870 4869/4869/4869
f 4872/4872/4872 4871/4871/4871 4869/4869/4869
f 4875/4875/4875 4874/4874/4874 4873/4873/4873
f 4876/4876/4876 4875/4875/4875 4873/4873/4873
f 4879/4879/4879 4878/4878/4878 4877/4877/4877
f 4880/4880/4880 4879/4879/4879 4877/4877/4877
f 4883/4883/4883 4882/4882/4882 4881/4881/4881
f 4884/4884/4884 4883/4883/4883 4881/4881/4881
f 4887/4887/4887 4886/4886/4886 4885/4885/4885
f 4888/4888/4888 4887/4887/4887 4885/4885/4885
f 4891/4891/4891 4890/4890/4890 4889/4889/4889
f 4892/4892/4892 4891/4891/4891 4889/4889/4889
f 4895/4895/4895 4894/4894/4894 4893/4893/4893
f 4896/4896/4896 4895/4895/4895 4893/4893/4893
f 4899/4899/4899 4898/4898/4898 4897/4897/4897
f 4900/4900/4900 4899/4899/4899 4897/4897/4897
f 4903/4903/4903 4902/4902/4902 4901/4901/4901
f 4904/4904/4904 4903/4903/4903 4901/4901/4901
f 4907/4907/4907 4906/4906/4906 4905/4905/4905
f 4908/4908/4908 4907/4907/4907 4905/4905/4905
f 4911/4911/4911 4910/4910/4910 4909/4909/4909
f 4912/4912/4912 4911/4911/4911 4909/4909/4909
f 4915/4915/4915 4914/4914/4914 4913/4913/4913
f 4916/4916/4916 4915/4915/4915 4913/4913/4913
f 4919/4919/4919 4918/4918/4918 4917/4917/4917
f 4920/4920/4920 4919/4919/4919 4917/4917/4917
f 4923/4923/4923 4922/4922/4922 4921/4921/4921
f 4924/4924/4924 4923/4923/4923 4921/4921/4921
f 4927/4927/4927 4926/4926/4926 4925/4925/4925
f 4928/4928/4928 4927/4927/4927 4925/4925/4925
f 4931/4931/4931 4930/4930/4930 4929/4929/4929
f 4932/4932/4932 4931/4931/4931 4929/4929/4929
f 4935/4935/4935 4934/4934/4934 4933/4933/4933
f 4936/4936/4936 4935/4935/4935 4933/4933/4933
f 4939/4939/4939 4938/4938/4938 4937/4937/4937
f 4940/4940/4940 4939/4939/4939 4937/4937/4937
f 4943/4943/4943 4942/4942/4942 4941/4941/4941
f 4944/4944/4944 4943/4943/4943 4941/4941/4941
f 4947/4947/4947 4946/4946/4946 4945/4945/4945
f 4948/4948/4948 4947/4947/4947 4945/4945/4945
f 4951/4951/4951 4950/4950/4950 4949/4949/4949
f 4952/4952/4952 4951/4951/4951 4949/4949/4949
f 4955/4955/4955 4954/4954/4954 4953/4953/4953
f 4956/4956/4956 4955/4955/4955 4953/4953/4953
f 4959/4959/4959 4958/4958/4958 4957/4957/4957
f 4960/4960/4960 4959/4959/4959 4957/4957/4957
f 4963/4963/4963 4962/4962/4962 4961/4961/4961
f 4964/4964/4964 4963/4963/4963 4961/4961/4961
f 4967/4967/4967 4966/4966/4966 4965/4965/4965
f 4968/4968/4968 4967/4967/4967 4965/4965/4965
f 4971/4971/4971 4970/4970/4970 4969/4969/4969
f 4972/4972/4972 4971/4971/4971 4969/4969/4969
f 4975/4975/4975 4974/4974/4974 4973/4973/4973
f 4976/4976/4976 4975/4975/4975 4973/4973/4973
f 4979/4979/4979 4978/4978/4978 4977/4977/4977
f 4980/4980/4980 4979/4979/4979 4977/4977/4977
f 4983/4983/4983 4982/4982/4982 4981/4981/4981
f 4984/4984/4984 4983/4983/4983 4981/4981/4981
f 4987/4987/4987 4986/4986/4986 4985/4985/4985
f 4988/4988/4988 4987/4987/4987 4985/4985/4985
f 4991/4991/4991 4990/4990/4990 4989/4989/4989
f 4992/4992/4992 4991/4991/4991 4989/4989/4989
f 4995/4995/4995 4994/4994/4994 4993/4993/4993
f 4996/4996/4996 4995/4995/4995 4993/4993/4993
f 4999/4999/4999 4998/4998/4998 4997/4997/4997
f 5000/5000/5000 4999/4999/4999 4997/4997/4997
f 5003/5003/5003 5002/5002/5002 5001/5001/5001
f 5004/5004/5004 5003/5003/5003 5001/5001/5001
f 5007/5007/5007 5006/5006/5006 5005/5005/5005
f 5008/5008/5008 5007/5007/5007 5005/5005/5005
f 5011/5011/5011 5010/5010/5010 5009/5009/5009
f 5012/5012/5012 5011/5011/5011 5009/5009/5009
f 5015/5015/5015 5014/5014/5014 5013/5013/5013
f 5016/5016/5016 5015/5015/5015 5013/5013/5013
f 5019/5019/5019 5018/5018/5018 5017/5017/5017
f 5020/5020/5020 5019/5019/5019 5017/5017/5017
f 5023/5023/5023 5022/5022/5022 5021/5021/5021
f 5024/5024/5024 5023/5023/5023 5021/5021/5021
f 5027/5027/5027 5026/5026/5026 5025/5025/5025
f 5028/5028/5028 5027/5027/5027 5025/5025/5025
f 5031/5031/5031 5030/5030/5030 5029/5029/5029
f 5032/5032/5032 5031/5031/5031 5029/5029/5029
f 5035/5035/5035 5034/5034/5034 5033/5033/5033
f 5036/5036/5036 5035/5035/5035 5033/5033/5033
f 5039/5039/5039 5038/5038/5038 5037/5037/5037
f 5040/5040/5040 5039/5039/5039 5037/5037/5037
f 5043/5043/5043 5042/5042/5042 5041/5041/5041
f 5044/5044/5044 5043/5043/5043 5041/5041/5041
f 5047/5047/5047 5046/5046/5046 5045/5045/5045
f 5048/5048/5048 5047/5047/5047 5045/5045/5045
f 5051/5051/5051 5050/5050/5050 5049/5049/5049
f 5052/5052/5052 5051/5051/5051 5049/5049/5049
f 5055/5055/5055 5054/5054/5054 5053/5053/5053
f 5056/5056/5056 5055/5055/5055 5053/5053/5053
f 5059/5059/5059 5058/5058/5058 5057/5057/5057
f 5060/5060/5060 5059/5059/5059 5057/5057/5057
f 5063/5063/5063 5062/5062/5062 5061/5061/5061
f 5064/5064/5064 5063/5063/5063 5061/5061/5061
f 5067/5067/5067 5066/5066/5066 5065/5065/5065
f 5068/5068/5068 5067/5067/5067 5065/5065/5065
f 5071/5071/5071 5070/5070/5070 5069/5069/5069
f 5072/5072/5072 5071/5071/5071 5069/5069/5069
f 5075/5075/5075 5074/5074/5074 5073/5073/5073
f 5076/5076/5076 5075/5075/5075 5073/5073/5073
f 5079/5079/5079 5078/5078/5078 5077/5077/5077
f 5080/5080/5080 5079/5079/5079 5077/5077/5077
f 5083/5083/5083 5082/5082/5082 5081/5081/5081
f 5084/5084/5084 5083/5083/5083 5081/5081/5081
f 5087/5087/5087 5086/5086/5086 5085/5085/5085
f 5088/5088/5088 5087/5087/5087 5085/5085/5085
f 5091/5091/5091 5090/5090/5090 5089/5089/5089
f 5092/5092/5092 5091/5091/5091 5089/5089/5089
f 5095/5095/5095 5094/5094/5094 5093/5093/5093
f 5096/5096/5096 5095/5095/5095 5093/5093/5093
f 5099/5099/5099 5098/5098/5098 5097/5097/5097
f 5100/5100/5100 5099/5099/5099 5097/5097/5097
f 5103/5103/5103 5102/5102/5102 5101/5101/5101
f 5104/5104/5104 5103/5103/5103 5101/5101/5101
f 5107/5107/5107 5106/5106/5106 5105/5105/5105
f 5108/5108/5108 5107/5107/5107 5105/5105/5105
f 5111/5111/5111 5110/5110/5110 5109/5109/5109
f 5112/5112/5112 5111/5111/5111 5109/5109/5109
f 5115/5115/5115 5114/5114/5114 5113/5113/5113
f 5116/5116/5116 5115/5115/5115 5113/5113/5113
f 5119/5119/5119 5118/5118/5118 5117/5117/5117
f 5120/5120/5120 5119/5119/5119 5117/5117/5117
f 5123/5123/5123 5122/5122/5122 5121/5121/5121
f 5124/5124/5124 5123/5123/5123 5121/5121/5121
f 5127/5127/5127 5126/5126/5126 5125/5125/5125
f 5128/5128/5128 5127/5127/5127 5125/5125/5125
f 5131/5131/5131 5130/5130/5130 5129/5129/5129
f 5132/5132/5132 5131/5131/5131 5129/5129/5129
f 5135/5135/5135 5134/5134/5134 5133/5133/5133
f 5136/5136/5136 5135/5135/5135 5133/5133/5133
f 5139/5139/5139 5138/5138/5138 5137/5137/5137
f 5140/5140/5140 5139/5139/5139 5137/5137/5137
f 5143/5143/5143 5142/5142/5142 5141/5141/5141
f 5144/5144/5144 5143/5143/5143 5141/5141/5141
f 5147/5147/5147 5146/5146/5146 5145/5145/5145
f 5148/5148/5148 5147/5147/5147 5145/5145/5145
f 5151/5151/5151 5150/5150/5150 5149/5149/5149
f 5152/5152/5152 5151/5151/5151 5149/5149/5149
f 5155/5155/5155 5154/5154/5154 5153/5153/5153
f 5156/5156/5156 5155/5155/5155 5153/5153/5153
f 5159/5159/5159 5158/5158/5158 5157/5157/5157
f 5160/5160/5160 5159/5159/5159 5157/5157/5157
f 5163/5163/5163 5162/5162/5162 5161/5161/5161
f 5164/5164/5164 5163/5163/5163 5161/5161/5161
f 5167/5167/5167 5166/5166/5166 5165/5165/5165
f 5168/5168/5168 5167/5167/5167 5165/5165/5165
f 5171/5171/5171 5170/5170/5170 5169/5169/5169
f 5172/5172/5172 5171/5171/5171 5169/5169/5169
f 5175/5175/5175 5174/5174/5174 5173/5173/5173
f 5176/5176/5176 5175/5175/5175 5173/5173/5173
f 5179/5179/5179 5178/5178/5178 5177/5177/5177
f 5180/5180/5180 5179/5179/5179 5177/5177/5177
f 5183/5183/5183 5182/5182/5182 5181/5181/5181
f 5184/5184/5184 5183/5183/5183 5181/5181/5181
f 5187/5187/5187 5186/5186/5186 5185/5185/5185
f 5188/5188/5188 5187/5187/5187 5185/5185/5185
f 5191/5191/5191 5190/5190/5190 5189/5189/5189
f 5192/5192/5192 5191/5191/5191 5189/5189/5189
f 5195/5195/5195 5194/5194/5194 5193/5193/5193
f 5196/5196/5196 5195/5195/5195 5193/5193/5193
f 5199/5199/5199 5198/5198/5198 5197/5197/5197
f 5200/5200/5200 5199/5199/5199 5197/5197/5197
f 5203/5203/5203 5202/5202/5202 5201/5201/5201
f 5204/5204/5204 5203/5203/5203 5201/5201/5201
f 5207/5207/5207 5206/5206/5206 5205/5205/5205
f 5208/5208/5208 5207/5207/5207 5205/5205/5205
f 5211/5211/5211 5210/5210/5210 5209/5209/5209
f 5212/5212/5212 5211/5211/5211 5209/5209/5209
f 5215/5215/5215 5214/5214/5214 5213/5213/5213
f 5216/5216/5216 5215/5215/5215 5213/5213/5213
f 5219/5219/5219 5218/5218/5218 5217/5217/5217
f 5220/5220/5220 5219/5219/5219 5217/5217/5217
f 5223/5223/5223 5222/5222/5222 5221/5221/5221
f 5224/5224/5224 5223/5223/5223 5221/5221/5221
f 5227/5227/5227 5226/5226/5226 5225/5225/5225
f 5228/5228/5228 5227/5227/5227 5225/5225/5225
f 5231/5231/5231 5230/5230/5230 5229/5229/5229
f 5232/5232/5232 5231/5231/5231 5229/5229/5229
f 5235/5235/5235 5234/5234/5234 5233/5233/5233
f 5236/5236/5236 5235/5235/5235 5233/5233/5233
f 5239/5239/5239 5238/5238/5238 5237/5237/5237
f 5240/5240/5240 5239/5239/5239 5237/5237/5237
f 5243/5243/5243 5242/5242/5242 5241/5241/5241
f 5244/5244/5244 5243/5243/5243 5241/5241/5241
f 5247/5247/5247 5246/5246/5246 5245/5245/5245
f 5248/5248/5248 5247/5247/5247 5245/5245/5245
f 5251/5251/5251 5250/5250/5250 5249/5249/5249
f 5252/5252/5252 5251/5251/5251 5249/5249/5249
f 5255/5255/5255 5254/5254/5254 5253/5253/5253
f 5256/5256/5256 5255/5255/5255 5253/5253/5253
f 5259/5259/5259 5258/5258/5258 5257/5257/5257
f 5260/5260/5260 5259/5259/5259 5257/5257/5257
f 5263/5263/5263 5262/5262/5262 5261/5261/5261
f 5264/5264/5264 5263/5263/5263 5261/5261/5261
f 5267/5267/5267 5266/5266/5266 5265/5265/5265
f 5268/5268/5268 5267/5267/5267 5265/5265/5265
f 5271/5271/5271 5270/5270/5270 5269/5269/5269
f 5272/5272/5272 5271/5271/5271 5269/5269/5269
f 5275/5275/5275 5274/5274/5274 5273/5273/5273
f 5276/5276/5276 5275/5275/5275 5273/5273/5273
f 5279/5279/5279 5278/5278/5278 5277/5277/5277
f 5280/5280/5280 5279/5279/5279 5277/5277/5277
f 5283/5283/5283 5282/5282/5282 5281/5281/5281
f 5284/5284/5284 5283/5283/5283 5281/5281/5281
f 5287/5287/5287 5286/5286/5286 5285/5285/5285
f 5288/5288/5288 5287/5287/5287 5285/5285/5285
f 5291/5291/5291 5290/5290/5290 5289/5289/5289
f 5292/5292/5292 5291/5291/5291 5289/5289/5289
f 5295/5295/5295 5294/5294/5294 5293/5293/5293
f 5296/5296/5296 5295/5295/5295 5293/5293/5293
f 5299/5299/5299 5298/5298/5298 5297/5297/5297
f 5300/5300/5300 5299/5299/5299 5297/5297/5297
f 5303/5303/5303 5302/5302/5302 5301/5301/5301
f 5304/5304/5304 5303/5303/5303 5301/5301/5301
f 5307/5307/5307 5306/5306/5306 5305/5305/5305
f 5308/5308/5308 5307/5307/5307 5305/5305/5305
f 5311/5311/5311 5310/5310/5310 5309/5309/5309
f 5312/5312/5312 5311/5311/5311 5309/5309/5309
f 5315/5315/5315 5314/5314/5314 5313/5313/5313
f 5316/5316/5316 5315/5315/5315 5313/5313/5313
f 5319/5319/5319 5318/5318/5318 5317/5317/5317
f 5320/5320/5320 5319/5319/5319 5317/5317/5317
f 5323/5323/5323 5322/5322/5322 5321/5321/5321
f 5324/5324/5324 5323/5323/5323 5321/5321/5321
f 5327/5327/5327 5326/5326/5326 5325/5325/5325
f 5328/5328/5328 5327/5327/5327 5325/5325/5325
f 5331/5331/5331 5330/5330/5330 5329/5329/5329
f 5332/5332/5332 5331/5331/5331 5329/5329/5329
f 5335/5335/5335 5334/5334/5334 5333/5333/5333
f 5336/5336/5336 5335/5335/5335 5333/5333/5333
f 5339/5339/5339 5338/5338/5338 5337/5337/5337
f 5340/5340/5340 5339/5339/5339 5337/5337/5337
f 5343/5343/5343 5342/5342/5342 5341/5341/5341
f 5344/5344/5344 5343/5343/5343 5341/5341/5341
f 5347/5347/5347 5346/5346/5346 5345/5345/5345
f 5348/5348/5348 5347/5347/5347 5345/5345/5345
f 5351/5351/5351 5350/5350/5350 5349/5349/5349
f 5352/5352/5352 5351/5351/5351 5349/5349/5349
f 5355/5355/5355 5354/5354/5354 5353/5353/5353
f 5356/5356/5356 5355/5355/5355 5353/5353/5353
f 5359/5359/5359 5358/5358/5358 5357/5357/5357
f 5360/5360/5360 5359/5359/5359 5357/5357/5357
f 5363/5363/5363 5362/5362/5362 5361/5361/5361
f 5364/5364/5364 5363/5363/5363 5361/5361/5361
f 5367/5367/5367 5366/5366/5366 5365/5365/5365
f 5368/5368/5368 5367/5367/5367 5365/5365/5365
f 5371/5371/5371 5370/5370/5370 5369/5369/5369
f 5372/5372/5372 5371/5371/5371 5369/5369/5369
f 5375/5375/5375 5374/5374/5374 5373/5373/5373
f 5376/5376/5376 5375/5375/5375 5373/5373/5373
f 5379/5379/5379 5378/5378/5378 5377/5377/5377
f 5380/5380/5380 5379/5379/5379 5377/5377/5377
f 5383/5383/5383 5382/5382/5382 5381/5381/5381
f 5384/5384/5384 5383/5383/5383 5381/5381/5381
f 5387/5387/5387 5386/5386/5386 5385/5385/5385
f 5388/5388/5388 5387/5387/5387 5385/5385/5385
f 5391/5391/5391 5390/5390/5390 5389/5389/5389
f 5392/5392/5392 5391/5391/5391 5389/5389/5389
f 5395/5395/5395 5394/5394/5394 5393/5393/5393
f 5396/5396/5396 5395/5395/5395 5393/5393/5393
f 5399/5399/5399 5398/5398/5398 5397/5397/5397
f 5400/5400/5400 5399/5399/5399 5397/5397/5397
f 5403/5403/5403 5402/5402/5402 5401/5401/5401
f 5404/5404/5404 5403/5403/5403 5401/5401/5401
f 5407/5407/5407 5406/5406/5406 5405/5405/5405
f 5408/5408/5408 5407/5407/5407 5405/5405/5405
f 5411/5411/5411 5410/5410/5410 5409/5409/5409
f 5412/5412/5412 5411/5411/5411 5409/5409/5409
f 5415/5415/5415 5414/5414/5414 5413/5413/5413
f 5416/5416/5416 5415/5415/5415 5413/5413/5413
f 5419/5419/5419 5418/5418/5418 5417/5417/5417
f 5420/5420/5420 5419/5419/5419 5417/5417/5417
f 5423/5423/5423 5422/5422/5422 5421/5421/5421
f 5424/5424/5424 5423/5423/5423 5421/5421/5421
f 5427/5427/5427 5426/5426/5426 5425/5425/5425
f 5428/5428/5428 5427/5427/5427 5425/5425/5425
f 5431/5431/5431 5430/5430/5430 5429/5429/5429
f 5432/5432/5432 5431/5431/5431 5429/5429/5429
f 5435/5435/5435 5434/5434/5434 5433/5433/5433
f 5436/5436/5436 5435/5435/5435 5433/5433/5433
f 5439/5439/5439 5438/5438/5438 5437/5437/5437
f 5440/5440/5440 5439/5439/5439 5437/5437/5437
f 5443/5443/5443 5442/5442/5442 5441/5441/5441
f 5444/5444/5444 5443/5443/5443 5441/5441/5441
f 5447/5447/5447 5446/5446/5446 5445/5445/5445
f 5448/5448/5448 5447/5447/5447 5445/5445/5445
f 5451/5451/5451 5450/5450/5450 5449/5449/5449
f 5452/5452/5452 5451/5451/5451 5449/5449/5449
f 5455/5455/5455 5454/5454/5454 5453/5453/5453
f 5456/5456/5456 5455/5455/5455 5453/5453/5453
f 5459/5459/5459 5458/5458/5458 5457/5457/5457
f 5460/5460/5460 5459/5459/5459 5457/5457/5457
f 5463/5463/5463 5462/5462/5462 5461/5461/5461
f 5464/5464/5464 5463/5463/5463 5461/5461/5461
f 5467/5467/5467 5466/5466/5466 5465/5465/5465
f 5468/5468/5468 5467/5467/5467 5465/5465/5465
f 5471/5471/5471 5470/5470/5470 5469/5469/5469
f 5472/5472/5472 5471/5471/5471 5469/5469/5469
f 5475/5475/5475 5474/5474/5474 5473/5473/5473
f 5476/5476/5476 5475/5475/5475 5473/5473/5473
f 5479/5479/5479 5478/5478/5478 5477/5477/5477
f 5480/5480/5480 5479/5479/5479 5477/5477/5477
f 5483/5483/5483 5482/5482/5482 5481/5481/5481
f 5484/5484/5484 5483/5483/5483 5481/5481/5481
f 5487/5487/5487 5486/5486/5486 5485/5485/5485
f 5488/5488/5488 5487/5487/5487 5485/5485/5485
f 5491/5491/5491 5490/5490/5490 5489/5489/5489
f 5492/5492/5492 5491/5491/5491 5489/5489/5489
f 5495/5495/5495 5494/5494/5494 5493/5493/5493
f 5496/5496/5496 5495/5495/5495 5493/5493/5493
f 5499/5499/5499 5498/5498/5498 5497/5497/5497
f 5500/5500/5500 5499/5499/5499 5497/5497/5497
f 5503/5503/5503 5502/5502/5502 5501/5501/5501
f 5504/5504/5504 5503/5503/5503 5501/5501/5501
f 5507/5507/5507 5506/5506/5506 5505/5505/5505
f 5508/5508/5508 5507/5507/5507 5505/5505/5505
f 5511/5511/5511 5510/5510/5510 5509/5509/5509
f 5512/5512/5512 5511/5511/5511 5509/5509/5509
f 5515/5515/5515 5514/5514/5514 5513/5513/5513
f 5516/5516/5516 5515/5515/5515 5513/5513/5513
f 5519/5519/5519 5518/5518/5518 5517/5517/5517
f 5520/5520/5520 5519/5519/5519 5517/5517/5517
f 5523/5523/5523 5522/5522/5522 5521/5521/5521
f 5524/5524/5524 5523/5523/5523 5521/5521/5521
f 5527/5527/5527 5526/5526/5526 5525/5525/5525
f 5528/5528/5528 5527/5527/5527 5525/5525/5525
f 5531/5531/5531 5530/5530/5530 5529/5529/5529
f 5532/5532/5532 5531/5531/5531 5529/5529/5529
f 5535/5535/5535 5534/5534/5534 5533/5533/5533
f 5536/5536/5536 5535/5535/5535 5533/5533/5533
f 5539/5539/5539 5538/5538/5538 5537/5537/5537
f 5540/5540/5540 5539/5539/5539 5537/5537/5537
f 5543/5543/5543 5542/5542/5542 5541/5541/5541
f 5544/5544/5544 5543/5543/5543 5541/5541/5541
f 5547/5547/5547 5546/5546/5546 5545/5545/5545
f 5548/5548/5548 5547/5547/5547 5545/5545/5545
f 5551/5551/5551 5550/5550/5550 5549/5549/5549
f 5552/5552/5552 5551/5551/5551 5549/5549/5549
f 5555/5555/5555 5554/5554/5554 5553/5553/5553
f 5556/5556/5556 5555/5555/5555 5553/5553/5553
f 5559/5559/5559 5558/5558/5558 5557/5557/5557
f 5560/5560/5560 5559/5559/5559 5557/5557/5557
f 5563/5563/5563 5562/5562/5562 5561/5561/5561
f 5564/5564/5564 5563/5563/5563 5561/5561/5561
f 5567/5567/5567 5566/5566/5566 5565/5565/5565
f 5568/5568/5568 5567/5567/5567 5565/5565/5565
f 5571/5571/5571 5570/5570/5570 5569/5569/5569
f 5572/5572/5572 5571/5571/5571 5569/5569/5569
f 5575/5575/5575 5574/5574/5574 5573/5573/5573
f 5576/5576/5576 5575/5575/5575 5573/5573/5573
f 5579/5579/5579 5578/5578/5578 5577/5577/5577
f 5580/5580/5580 5579/5579/5579 5577/5577/5577
f 5583/5583/5583 5582/5582/5582 5581/5581/5581
f 5584/5584/5584 5583/5583/5583 5581/5581/5581
f 5587/5587/5587 5586/5586/5586 5585/5585/5585
f 5588/5588/5588 5587/5587/5587 5585/5585/5585
f 5591/5591/5591 5590/5590/5590 5589/5589/5589
f 5592/5592/5592 5591/5591/5591 5589/5589/5589
f 5595/5595/5595 5594/5594/5594 5593/5593/5593
f 5596/5596/5596 5595/5595/5595 5593/5593/5593
f 5599/5599/5599 5598/5598/5598 5597/5597/5597
f 5600/5600/5600 5599/5599/5599 5597/5597/5597
f 5603/5603/5603 5602/5602/5602 5601/5601/5601
f 5604/5604/5604 5603/5603/5603 5601/5601/5601
f 5607/5607/5607 5606/5606/5606 5605/5605/5605
f 5608/5608/5608 5607/5607/5607 5605/5605/5605
f 5611/5611/5611 5610/5610/5610 5609/5609/5609
f 5612/5612/5612 5611/5611/5611 5609/5609/5609
f 5615/5615/5615 5614/5614/5614 5613/5613/5613
f 5616/5616/5616 5615/5615/5615 5613/5613/5613
f 5619/5619/5619 5618/5618/5618 5617/5617/5617
f 5620/5620/5620 5619/5619/5619 5617/5617/5617
f 5623/5623/5623 5622/5622/5622 5621/5621/5621
f 5624/5624/5624 5623/5623/5623 5621/5621/5621
f 5627/5627/5627 5626/5626/5626 5625/5625/5625
f 5628/5628/5628 5627/5627/5627 5625/5625/5625
f 5631/5631/5631 5630/5630/5630 5629/5629/5629
f 5632/5632/5632 5631/5631/5631 5629/5629/5629
f 5635/5635/5635 5634/5634/5634 5633/5633/5633
f 5636/5636/5636 5635/5635/5635 5633/5633/5633
f 5639/5639/5639 5638/5638/5638 5637/5637/5637
f 5640/5640/5640 5639/5639/5639 5637/5637/5637
f 5643/5643/5643 5642/5642/5642 5641/5641/5641
f 5644/5644/5644 5643/5643/5643 5641/5641/5641
f 5647/5647/5647 5646/5646/5646 5645/5645/5645
f 5648/5648/5648 5647/5647/5647 5645/5645/5645
f 5651/5651/5651 5650/5650/5650 5649/5649/5649
f 5652/5652/5652 5651/5651/5651 5649/5649/5649
f 5655/5655/5655 5654/5654/5654 5653/5653/5653
f 5656/5656/5656 5655/5655/5655 5653/5653/5653
f 5659/5659/5659 5658/5658/5658 5657/5657/5657
f 5660/5660/5660 5659/5659/5659 5657/5657/5657
f 5663/5663/5663 5662/5662/5662 5661/5661/5661
f 5664/5664/5664 5663/5663/5663 5661/5661/5661
f 5667/5667/5667 5666/5666/5666 5665/5665/5665
f 5668/5668/5668 5667/5667/5667 5665/5665/5665
f 5671/5671/5671 5670/5670/5670 5669/5669/5669
f 5672/5672/5672 5671/5671/5671 5669/5669/5669
f 5675/5675/5675 5674/5674/5674 5673/5673/5673
f 5676/5676/5676 5675/5675/5675 5673/5673/5673
f 5679/5679/5679 5678/5678/5678 5677/5677/5677
f 5680/5680/5680 5679/5679/5679 5677/5677/5677
f 5683/5683/5683 5682/5682/5682 5681/5681/5681
f 5684/5684/5684 5683/5683/5683 5681/5681/5681
f 5687/5687/5687 5686/5686/5686 5685/5685/5685
f 5688/5688/5688 5687/5687/5687 5685/5685/5685
f 5691/5691/5691 5690/5690/5690 5689/5689/5689
f 5692/5692/5692 5691/5691/5691 5689/5689/5689
f 5695/5695/5695 5694/5694/5694 5693/5693/5693
f 5696/5696/5696 5695/5695/5695 5693/5693/5693
f 5699/5699/5699 5698/5698/5698 5697/5697/5697
f 5700/5700/5700 5699/5699/5699 5697/5697/5697
f 5703/5703/5703 5702/5702/5702 5701/5701/5701
f 5704/5704/5704 5703/5703/5703 5701/5701/5701
f 5707/5707/5707 5706/5706/5706 5705/5705/5705
f 5708/5708/5708 5707/5707/5707 5705/5705/5705
f 5711/5711/5711 5710/5710/5710 5709/5709/5709
f 5712/5712/5712 5711/5711/5711 5709/5709/5709
f 5715/5715/5715 5714/5714/5714 5713/5713/5713
f 5716/5716/5716 5715/5715/5715 5713/5713/5713
f 5719/5719/5719 5718/5718/5718 5717/5717/5717
f 5720/5720/5720 5719/5719/5719 5717/5717/5717
f 5723/5723/5723 5722/5722/5722 5721/5721/5721
f 5724/5724/5724 5723/5723/5723 5721/5721/5721
f 5727/5727/5727 5726/5726/5726 5725/5725/5725
f 5728/5728/5728 5727/5727/5727 5725/5725/5725
f 5731/5731/5731 5730/5730/5730 5729/5729/5729
f 5732/5732/5732 5731/5731/5731 5729/5729/5729
f 5735/5735/5735 5734/5734/5734 5733/5733/5733
f 5736/5736/5736 5735/5735/5735 5733/5733/5733
f 5739/5739/5739 5738/5738/5738 5737/5737/5737
f 5740/5740/5740 5739/5739/5739 5737/5737/5737
f 5743/5743/5743 5742/5742/5742 5741/5741/5741
f 5744/5744/5744 5743/5743/5743 5741/5741/5741
f 5747/5747/5747 5746/5746/5746 5745/5745/5745
f 5748/5748/5748 5747/5747/5747 5745/5745/5745
f 5751/5751/5751 5750/5750/5750 5749/5749/5749
f 5752/5752/5752 5751/5751/5751 5749/5749/5749
f 5755/5755/5755 5754/5754/5754 5753/5753/5753
f 5756/5756/5756 5755/5755/5755 5753/5753/5753
f 5759/5759/5759 5758/5758/5758 5757/5757/5757
f 5760/5760/5760 5759/5759/5759 5757/5757/5757
f 5763/5763/5763 5762/5762/5762 5761/5761/5761
f 5764/5764/5764 5763/5763/5763 5761/5761/5761
f 5767/5767/5767 5766/5766/5766 5765/5765/5765
f 5768/5768/5768 5767/5767/5767 5765/5765/5765
f 5771/5771/5771 5770/5770/5770 5769/5769/5769
f 5772/5772/5772 5771/5771/5771 5769/5769/5769
f 5775/5775/5775 5774/5774/5774 5773/5773/5773
f 5776/5776/5776 5775/5775/5775 5773/5773/5773
f 5779/5779/5779 5778/5778/5778 5777/5777/5777
f 5780/5780/5780 5779/5779/5779 5777/5777/5777
f 5783/5783/5783 5782/5782/5782 5781/5781/5781
f 5784/5784/5784 5783/5783/5783 5781/5781/5781
f 5787/5787/5787 5786/5786/5786 5785/5785/5785
f 5788/5788/5788 5787/5787/5787 5785/5785/5785
f 5791/5791/5791 5790/5790/5790 5789/5789/5789
f 5792/5792/5792 5791/5791/5791 5789/5789/5789
f 5795/5795/5795 5794/5794/5794 5793/5793/5793
f 5796/5796/5796 5795/5795/5795 5793/5793/5793
f 5799/5799/5799 5798/5798/5798 5797/5797/5797
f 5800/5800/5800 5799/5799/5799 5797/5797/5797
f 5803/5803/5803 5802/5802/5802 5801/5801/5801
f 5804/5804/5804 5803/5803/5803 5801/5801/5801
f 5807/5807/5807 5806/5806/5806 5805/5805/5805
f 5808/5808/5808 5807/5807/5807 5805/5805/5805
f 5811/5811/5811 5810/5810/5810 5809/5809/5809
f 5812/5812/5812 5811/5811/5811 5809/5809/5809
f 5815/5815/5815 5814/5814/5814 5813/5813/5813
f 5816/5816/5816 5815/5815/5815 5813/5813/5813
f 5819/5819/5819 5818/5818/5818 5817/5817/5817
f 5820/5820/5820 5819/5819/5819 5817/5817/5817
f 5823/5823/5823 5822/5822/5822 5821/5821/5821
f 5824/5824/5824 5823/5823/5823 5821/5821/5821
f 5827/5827/5827 5826/5826/5826 5825/5825/5825
f 5828/5828/5828 5827/5827/5827 5825/5825/5825
f 5831/5831/5831 5830/5830/5830 5829/5829/5829
f 5832/5832/5832 5831/5831/5831 5829/5829/5829
f 5835/5835/5835 5834/5834/5834 5833/5833/5833
f 5836/5836/5836 5835/5835/5835 5833/5833/5833
f 5839/5839/5839 5838/5838/5838 5837/5837/5837
f 5840/5840/5840 5839/5839/5839 5837/5837/5837
f 5843/5843/5843 5842/5842/5842 5841/5841/5841
f 5844/5844/5844 5843/5843/5843 5841/5841/5841
f 5847/5847/5847 5846/5846/5846 5845/5845/5845
f 5848/5848/5848 5847/5847/5847 5845/5845/5845
f 5851/5851/5851 5850/5850/5850 5849/5849/5849
f 5852/5852/5852 5851/5851/5851 5849/5849/5849
f 5855/5855/5855 5854/5854/5854 5853/5853/5853
f 5856/5856/5856 5855/5855/5855 5853/5853/5853
f 5859/5859/5859 5858/5858/5858 5857/5857/5857
f 5860/5860/5860 5859/5859/5859 5857/5857/5857
f 5863/5863/5863 5862/5862/5862 5861/5861/5861
f 5864/5864/5864 5863/5863/5863 5861/5861/5861
f 5867/5867/5867 5866/5866/5866 5865/5865/5865
f 5868/5868/5868 5867/5867/5867 5865/5865/5865
f 5871/5871/5871 5870/5870/5870 5869/5869/5869
f 5872/5872/5872 5871/5871/5871 5869/5869/5869
f 5875/5875/5875 5874/5874/5874 5873/5873/5873
f 5876/5876/5876 5875/5875/5875 5873/5873/5873
f 5879/5879/5879 5878/5878/5878 5877/5877/5877
f 5880/5880/5880 5879/5879/5879 5877/5877/5877
f 5883/5883/5883 5882/5882/5882 5881/5881/5881
f 5884/5884/5884 5883/5883/5883 5881/5881/5881
f 5887/5887/5887 5886/5886/5886 5885/5885/5885
f 5888/5888/5888 5887/5887/5887 5885/5885/5885
f 5891/5891/5891 5890/5890/5890 5889/5889/5889
f 5892/5892/5892 5891/5891/5891 5889/5889/5889
f 5895/5895/5895 5894/5894/5894 5893/5893/5893
f 5896/5896/5896 5895/5895/5895 5893/5893/5893
f 5899/5899/5899 5898/5898/5898 5897/5897/5897
f 5900/5900/5900 5899/5899/5899 5897/5897/5897
f 5903/5903/5903 5902/5902/5902 5901/5901/5901
f 5904/5904/5904 5903/5903/5903 5901/5901/5901
f 5907/5907/5907 5906/5906/5906 5905/5905/5905
f 5908/5908/5908 5907/5907/5907 5905/5905/5905
f 5911/5911/5911 5910/5910/5910 5909/5909/5909
f 5912/5912/5912 5911/5911/5911 5909/5909/5909
f 5915/5915/5915 5914/5914/5914 5913/5913/5913
f 5916/5916/5916 5915/5915/5915 5913/5913/5913
f 5919/5919/5919 5918/5918/5918 5917/5917/5917
f 5920/5920/5920 5919/5919/5919 5917/5917/5917
f 5923/5923/5923 5922/5922/5922 5921/5921/5921
f 5924/5924/5924 5923/5923/5923 5921/5921/5921
f 5927/5927/5927 5926/5926/5926 5925/5925/5925
f 5928/5928/5928 5927/5927/5927 5925/5925/5925
f 5931/5931/5931 5930/5930/5930 5929/5929/5929
f 5932/5932/5932 5931/5931/5931 5929/5929/5929
f 5935/5935/5935 5934/5934/5934 5933/5933/5933
f 5936/5936/5936 5935/5935/5935 5933/5933/5933
f 5939/5939/5939 5938/5938/5938 5937/5937/5937
f 5940/5940/5940 5939/5939/5939 5937/5937/5937
f 5943/5943/5943 5942/5942/5942 5941/5941/5941
f 5944/5944/5944 5943/5943/5943 5941/5941/5941
f 5947/5947/5947 5946/5946/5946 5945/5945/5945
f 5948/5948/5948 5947/5947/5947 5945/5945/5945
f 5951/5951/5951 5950/5950/5950 5949/5949/5949
f 5952/5952/5952 5951/5951/5951 5949/5949/5949
f 5955/5955/5955 5954/5954/5954 5953/5953/5953
f 5956/5956/5956 5955/5955/5955 5953/5953/5953
f 5959/5959/5959 5958/5958/5958 5957/5957/5957
f 5960/5960/5960 5959/5959/5959 5957/5957/5957
f 5963/5963/5963 5962/5962/5962 5961/5961/5961
f 5964/5964/5964 5963/5963/5963 5961/5961/5961
f 5967/5967/5967 5966/5966/5966 5965/5965/5965
f 5968/5968/5968 5967/5967/5967 5965/5965/5965
f 5971/5971/5971 5970/5970/5970 5969/5969/5969
f 5972/5972/5972 5971/5971/5971 5969/5969/5969
f 5975/5975/5975 5974/5974/5974 5973/5973/5973
f 5976/5976/5976 5975/5975/5975 5973/5973/5973
f 5979/5979/5979 5978/5978/5978 5977/5977/5977
f 5980/5980/5980 5979/5979/5979 5977/5977/5977
f 5983/5983/5983 5982/5982/5982 5981/5981/5981
f 5984/5984/5984 5983/5983/5983 5981/5981/5981
f 5987/5987/5987 5986/5986/5986 5985/5985/5985
f 5988/5988/5988 5987/5987/5987 5985/5985/5985
f 5991/5991/5991 5990/5990/5990 5989/5989/5989
f 5992/5992/5992 5991/5991/5991 5989/5989/5989
f 5995/5995/5995 5994/5994/5994 5993/5993/5993
f 5996/5996/5996 5995/5995/5995 5993/5993/5993
f 5999/5999/5999 5998/5998/5998 5997/5997/5997
f 6000/6000/6000 5999/5999/5999 5997/5997/5997
f 6003/6003/6003 6002/6002/6002 6001/6001/6001
f 6004/6004/6004 6003/6003/6003 6001/6001/6001
f 6007/6007/6007 6006/6006/6006 6005/6005/6005
f 6008/6008/6008 6007/6007/6007 6005/6005/6005
f 6011/6011/6011 6010/6010/6010 6009/6009/6009
f 6012/6012/6012 6011/6011/6011 6009/6009/6009
f 6015/6015/6015 6014/6014/6014 6013/6013/6013
f 6016/6016/6016 6015/6015/6015 6013/6013/6013
f 6019/6019/6019 6018/6018/6018 6017/6017/6017
f 6020/6020/6020 6019/6019/6019 6017/6017/6017
f 6023/6023/6023 6022/6022/6022 6021/6021/6021
f 6024/6024/6024 6023/6023/6023 6021/6021/6021
f 6027/6027/6027 6026/6026/6026 6025/6025/6025
f 6028/6028/6028 6027/6027/6027 6025/6025/6025
f 6031/6031/6031 6030/6030/6030 6029/6029/6029
f 6032/6032/6032 6031/6031/6031 6029/6029/6029
f 6035/6035/6035 6034/6034/6034 6033/6033/6033
f 6036/6036/6036 6035/6035/6035 6033/6033/6033
f 6039/6039/6039 6038/6038/6038 6037/6037/6037
f 6040/6040/6040 6039/6039/6039 6037/6037/6037
f 6043/6043/6043 6042/6042/6042 6041/6041/6041
f 6044/6044/6044 6043/6043/6043 6041/6041/6041
f 6047/6047/6047 6046/6046/6046 6045/6045/6045
f 6048/6048/6048 6047/6047/6047 6045/6045/6045
f 6051/6051/6051 6050/6050/6050 6049/6049/6049
f 6052/6052/6052 6051/6051/6051 6049/6049/6049
f 6055/6055/6055 6054/6054/6054 6053/6053/6053
f 6056/6056/6056 6055/6055/6055 6053/6053/6053
f 6059/6059/6059 6058/6058/6058 6057/6057/6057
f 6060/6060/6060 6059/6059/6059 6057/6057/6057
f 6063/6063/6063 6062/6062/6062 6061/6061/6061
f 6064/6064/6064 6063/6063/6063 6061/6061/6061
f 6067/6067/6067 6066/6066/6066 6065/6065/6065
f 6068/6068/6068 6067/6067/6067 6065/6065/6065
f 6071/6071/6071 6070/6070/6070 6069/6069/6069
f 6072/6072/6072 6071/6071/6071 6069/6069/6069
f 6075/6075/6075 6074/6074/6074 6073/6073/6073
f 6076/6076/6076 6075/6075/6075 6073/6073/6073
f 6079/6079/6079 6078/6078/6078 6077/6077/6077
f 6080/6080/6080 6079/6079/6079 6077/6077/6077
f 6083/6083/6083 6082/6082/6082 6081/6081/6081
f 6084/6084/6084 6083/6083/6083 6081/6081/6081
f 6087/6087/6087 6086/6086/6086 6085/6085/6085
f 6088/6088/6088 6087/6087/6087 6085/6085/6085
f 6091/6091/6091 6090/6090/6090 6089/6089/6089
f 6092/6092/6092 6091/6091/6091 6089/6089/6089
f 6095/6095/6095 6094/6094/6094 6093/6093/6093
f 6096/6096/6096 6095/6095/6095 6093/6093/6093
f 6099/6099/6099 6098/6098/6098 6097/6097/6097
f 6100/6100/6100 6099/6099/6099 6097/6097/6097
f 6103/6103/6103 6102/6102/6102 6101/6101/6101
f 6104/6104/6104 6103/6103/6103 6101/6101/6101
f 6107/6107/6107 6106/6106/6106 6105/6105/6105
f 6108/6108/6108 6107/6107/6107 6105/6105/6105
f 6111/6111/6111 6110/6110/6110 6109/6109/6109
f 6112/6112/6112 6111/6111/6111 6109/6109/6109
f 6115/6115/6115 6114/6114/6114 6113/6113/6113
f 6116/6116/6116 6115/6115/6115 6113/6113/6113
f 6119/6119/6119 6118/6118/6118 6117/6117/6117
f 6120/6120/6120 6119/6119/6119 6117/6117/6117
f 6123/6123/6123 6122/6122/6122 6121/6121/6121
f 6124/6124/6124 6123/6123/6123 6121/6121/6121
f 6127/6127/6127 6126/6126/6126 6125/6125/6125
f 6128/6128/6128 6127/6127/6127 6125/6125/6125
f 6131/6131/6131 6130/6130/6130 6129/6129/6129
f 6132/6132/6132 6131/6131/6131 6129/6129/6129
f 6135/6135/6135 6134/6134/6134 6133/6133/6133
f 6136/6136/6136 6135/6135/6135 6133/6133/6133
f 6139/6139/6139 6138/6138/6138 6137/6137/6137
f 6140/6140/6140 6139/6139/6139 6137/6137/6137
f 6143/6143/6143 6142/6142/6142 6141/6141/6141
f 6144/6144/6144 6143/6143/6143 6141/6141/6141
f 6147/6147/6147 6146/6146/6146 6145/6145/6145
f 6148/6148/6148 6147/6147/6147 6145/6145/6145
f 6151/6151/6151 6150/6150/6150 6149/6149/6149
f 6152/6152/6152 6151/6151/6151 6149/6149/6149
f 6155/6155/6155 6154/6154/6154 6153/6153/6153
f 6156/6156/6156 6155/6155/6155 6153/6153/6153
f 6159/6159/6159 6158/6158/6158 6157/6157/6157
f 6160/6160/6160 6159/6159/6159 6157/6157/6157
f 6163/6163/6163 6162/6162/6162 6161/6161/6161
f 6164/6164/6164 6163/6163/6163 6161/6161/6161
f 6167/6167/6167 6166/6166/6166 6165/6165/6165
f 6168/6168/6168 6167/6167/6167 6165/6165/6165
f 6171/6171/6171 6170/6170/6170 6169/6169/6169
f 6172/6172/6172 6171/6171/6171 6169/6169/6169
f 6175/6175/6175 6174/6174/6174 6173/6173/6173
f 6176/6176/6176 6175/6175/6175 6173/6173/6173
f 6179/6179/6179 6178/6178/6178 6177/6177/6177
f 6180/6180/6180 6179/6179/6179 6177/6177/6177
f 6183/6183/6183 6182/6182/6182 6181/6181/6181
f 6184/6184/6184 6183/6183/6183 6181/6181/6181
f 6187/6187/6187 6186/6186/6186 6185/6185/6185
f 6188/6188/6188 6187/6187/6187 6185/6185/6185
f 6191/6191/6191 6190/6190/6190 6189/6189/6189
f 6192/6192/6192 6191/6191/6191 6189/6189/6189
f 6195/6195/6195 6194/6194/6194 6193/6193/6193
f 6196/6196/6196 6195/6195/6195 6193/6193/6193
f 6199/6199/6199 6198/6198/6198 6197/6197/6197
f 6200/6200/6200 6199/6199/6199 6197/6197/6197
f 6203/6203/6203 6202/6202/6202 6201/6201/6201
f 6204/6204/6204 6203/6203/6203 6201/6201/6201
f 6207/6207/6207 6206/6206/6206 6205/6205/6205
f 6208/6208/6208 6207/6207/6207 6205/6205/6205
f 6211/6211/6211 6210/6210/6210 6209/6209/6209
f 6212/6212/6212 6211/6211/6211 6209/6209/6209
f 6215/6215/6215 6214/6214/6214 6213/6213/6213
f 6216/6216/6216 6215/6215/6215 6213/6213/6213
f 6219/6219/6219 6218/6218/6218 6217/6217/6217
f 6220/6220/6220 6219/6219/6219 6217/6217/6217
f 6223/6223/6223 6222/6222/6222 6221/6221/6221
f 6224/6224/6224 6223/6223/6223 6221/6221/6221
f 6227/6227/6227 6226/6226/6226 6225/6225/6225
f 6228/6228/6228 6227/6227/6227 6225/6225/6225
f 6231/6231/6231 6230/6230/6230 6229/6229/6229
f 6232/6232/6232 6231/6231/6231 6229/6229/6229
f 6235/6235/6235 6234/6234/6234 6233/6233/6233
f 6236/6236/6236 6235/6235/6235 6233/6233/6233
f 6239/6239/6239 6238/6238/6238 6237/6237/6237
f 6240/6240/6240 6239/6239/6239 6237/6237/6237
f 6243/6243/6243 6242/6242/6242 6241/6241/6241
f 6244/6244/6244 6243/6243/6243 6241/6241/6241
f 6247/6247/6247 6246/6246/6246 6245/6245/6245
f 6248/6248/6248 6247/6247/6247 6245/6245/6245
f 6251/6251/6251 6250/6250/6250 6249/6249/6249
f 6252/6252/6252 6251/6251/6251 6249/6249/6249
f 6255/6255/6255 6254/6254/6254 6253/6253/6253
f 6256/6256/6256 6255/6255/6255 6253/6253/6253
f 6259/6259/6259 6258/6258/6258 6257/6257/6257
f 6260/6260/6260 6259/6259/6259 6257/6257/6257
f 6263/6263/6263 6262/6262/6262 6261/6261/6261
f 6264/6264/6264 6263/6263/6263 6261/6261/6261
f 6267/6267/6267 6266/6266/6266 6265/6265/6265
f 6268/6268/6268 6267/6267/6267 6265/6265/6265
f 6271/6271/6271 6270/6270/6270 6269/6269/6269
f 6272/6272/6272 6271/6271/6271 6269/6269/6269
f 6275/6275/6275 6274/6274/6274 6273/6273/6273
f 6276/6276/6276 6275/6275/6275 6273/6273/6273
f 6279/6279/6279 6278/6278/6278 6277/6277/6277
f 6280/6280/6280 6279/6279/6279 6277/6277/6277
f 6283/6283/6283 6282/6282/6282 6281/6281/6281
f 6284/6284/6284 6283/6283/6283 6281/6281/6281
f 6287/6287/6287 6286/6286/6286 6285/6285/6285
f 6288/6288/6288 6287/6287/6287 6285/6285/6285
f 6291/6291/6291 6290/6290/6290 6289/6289/6289
f 6292/6292/6292 6291/6291/6291 6289/6289/6289
f 6295/6295/6295 6294/6294/6294 6293/6293/6293
f 6296/6296/6296 6295/6295/6295 6293/6293/6293
f 6299/6299/6299 6298/6298/6298 6297/6297/6297
f 6300/6300/6300 6299/6299/6299 6297/6297/6297
f 6303/6303/6303 6302/6302/6302 6301/6301/6301
f 6304/6304/6304 6303/6303/6303 6301/6301/6301
f 6307/6307/6307 6306/6306/6306 6305/6305/6305
f 6308/6308/6308 6307/6307/6307 6305/6305/6305
f 6311/6311/6311 6310/6310/6310 6309/6309/6309
f 6312/6312/6312 6311/6311/6311 6309/6309/6309
f 6315/6315/6315 6314/6314/6314 6313/6313/6313
f 6316/6316/6316 6315/6315/6315 6313/6313/6313
f 6319/6319/6319 6318/6318/6318 6317/6317/6317
f 6320/6320/6320 6319/6319/6319 6317/6317/6317
f 6323/6323/6323 6322/6322/6322 6321/6321/6321
f 6324/6324/6324 6323/6323/6323 6321/6321/6321
f 6327/6327/6327 6326/6326/6326 6325/6325/6325
f 6328/6328/6328 6327/6327/6327 6325/6325/6325
f 6331/6331/6331 6330/6330/6330 6329/6329/6329
f 6332/6332/6332 6331/6331/6331 6329/6329/6329
f 6335/6335/6335 6334/6334/6334 6333/6333/6333
f 6336/6336/6336 6335/6335/6335 6333/6333/6333
f 6339/6339/6339 6338/6338/6338 6337/6337/6337
f 6340/6340/6340 6339/6339/6339 6337/6337/6337
f 6343/6343/6343 6342/6342/6342 6341/6341/6341
f 6344/6344/6344 6343/6343/6343 6341/6341/6341
f 6347/6347/6347 6346/6346/6346 6345/6345/6345
f 6348/6348/6348 6347/6347/6347 6345/6345/6345
f 6351/6351/6351 6350/6350/6350 6349/6349/6349
f 6352/6352/6352 6351/6351/6351 6349/6349/6349
f 6355/6355/6355 6354/6354/6354 6353/6353/6353
f 6356/6356/6356 6355/6355/6355 6353/6353/6353
f 6359/6359/6359 6358/6358/6358 6357/6357/6357
f 6360/6360/6360 6359/6359/6359 6357/6357/6357
f 6363/6363/6363 6362/6362/6362 6361/6361/6361
f 6364/6364/6364 6363/6363/6363 6361/6361/6361
f 6367/6367/6367 6366/6366/6366 6365/6365/6365
f 6368/6368/6368 6367/6367/6367 6365/6365/6365
f 6371/6371/6371 6370/6370/6370 6369/6369/6369
f 6372/6372/6372 6371/6371/6371 6369/6369/6369
f 6375/6375/6375 6374/6374/6374 6373/6373/6373
f 6376/6376/6376 6375/6375/6375 6373/6373/6373
f 6379/6379/6379 6378/6378/6378 6377/6377/6377
f 6380/6380/6380 6379/6379/6379 6377/6377/6377
f 6383/6383/6383 6382/6382/6382 6381/6381/6381
f 6384/6384/6384 6383/6383/6383 6381/6381/6381
f 6387/6387/6387 6386/6386/6386 6385/6385/6385
f 6388/6388/6388 6387/6387/6387 6385/6385/6385
f 6391/6391/6391 6390/6390/6390 6389/6389/6389
f 6392/6392/6392 6391/6391/6391 6389/6389/6389
f 6395/6395/6395 6394/6394/6394 6393/6393/6393
f 6396/6396/6396 6395/6395/6395 6393/6393/6393
f 6399/6399/6399 6398/6398/6398 6397/6397/6397
f 6400/6400/6400 6399/6399/6399 6397/6397/6397
f 6403/6403/6403 6402/6402/6402 6401/6401/6401
f 6404/6404/6404 6403/6403/6403 6401/6401/6401
f 6407/6407/6407 6406/6406/6406 6405/6405/6405
f 6408/6408/6408 6407/6407/6407 6405/6405/6405
f 6411/6411/6411 6410/6410/6410 6409/6409/6409
f 6412/6412/6412 6411/6411/6411 6409/6409/6409
f 6415/6415/6415 6414/6414/6414 6413/6413/6413
f 6416/6416/6416 6415/6415/6415 6413/6413/6413
f 6419/6419/6419 6418/6418/6418 6417/6417/6417
f 6420/6420/6420 6419/6419/6419 6417/6417/6417
f 6423/6423/6423 6422/6422/6422 6421/6421/6421
f 6424/6424/6424 6423/6423/6423 6421/6421/6421
f 6427/6427/6427 6426/6426/6426 6425/6425/6425
f 6428/6428/6428 6427/6427/6427 6425/6425/6425
f 6431/6431/6431 6430/6430/6430 6429/6429/6429
f 6432/6432/6432 6431/6431/6431 6429/6429/6429
f 6435/6435/6435 6434/6434/6434 6433/6433/6433
f 6436/6436/6436 6435/6435/6435 6433/6433/6433
f 6439/6439/6439 6438/6438/6438 6437/6437/6437
f 6440/6440/6440 6439/6439/6439 6437/6437/6437
f 6443/6443/6443 6442/6442/6442 6441/6441/6441
f 6444/6444/6444 6443/6443/6443 6441/6441/6441
f 6447/6447/6447 6446/6446/6446 6445/6445/6445
f 6448/6448/6448 6447/6447/6447 6445/6445/6445
f 6451/6451/6451 6450/6450/6450 6449/6449/6449
f 6452/6452/6452 6451/6451/6451 6449/6449/6449
f 6455/6455/6455 6454/6454/6454 6453/6453/6453
f 6456/6456/6456 6455/6455/6455 6453/6453/6453
f 6459/6459/6459 6458/6458/6458 6457/6457/6457
f 6460/6460/6460 6459/6459/6459 6457/6457/6457
f 6463/6463/6463 6462/6462/6462 6461/6461/6461
f 6464/6464/6464 6463/6463/6463 6461/6461/6461
f 6467/6467/6467 6466/6466/6466 6465/6465/6465
f 6468/6468/6468 6467/6467/6467 6465/6465/6465
f 6471/6471/6471 6470/6470/6470 6469/6469/6469
f 6472/6472/6472 6471/6471/6471 6469/6469/6469
f 6475/6475/6475 6474/6474/6474 6473/6473/6473
f 6476/6476/6476 6475/6475/6475 6473/6473/6473
f 6479/6479/6479 6478/6478/6478 6477/6477/6477
f 6480/6480/6480 6479/6479/6479 6477/6477/6477
f 6483/6483/6483 6482/6482/6482 6481/6481/6481
f 6484/6484/6484 6483/6483/6483 6481/6481/6481
f 6487/6487/6487 6486/6486/6486 6485/6485/6485
f 6488/6488/6488 6487/6487/6487 6485/6485/6485
f 6491/6491/6491 6490/6490/6490 6489/6489/6489
f 6492/6492/6492 6491/6491/6491 6489/6489/6489
f 6495/6495/6495 6494/6494/6494 6493/6493/6493
f 6496/6496/6496 6495/6495/6495 6493/6493/6493
f 6499/6499/6499 6498/6498/6498 6497/6497/6497
f 6500/6500/6500 6499/6499/6499 6497/6497/6497
f 6503/6503/6503 6502/6502/6502 6501/6501/6501
f 6504/6504/6504 6503/6503/6503 6501/6501/6501
f 6507/6507/6507 6506/6506/6506 6505/6505/6505
f 6508/6508/6508 6507/6507/6507 6505/6505/6505
f 6511/6511/6511 6510/6510/6510 6509/6509/6509
f 6512/6512/6512 6511/6511/6511 6509/6509/6509
f 6515/6515/6515 6514/6514/6514 6513/6513/6513
f 6516/6516/6516 6515/6515/6515 6513/6513/6513
f 6519/6519/6519 6518/6518/6518 6517/6517/6517
f 6520/6520/6520 6519/6519/6519 6517/6517/6517
f 6523/6523/6523 6522/6522/6522 6521/6521/6521
f 6524/6524/6524 6523/6523/6523 6521/6521/6521
f 6527/6527/6527 6526/6526/6526 6525/6525/6525
f 6528/6528/6528 6527/6527/6527 6525/6525/6525
f 6531/6531/6531 6530/6530/6530 6529/6529/6529
f 6532/6532/6532 6531/6531/6531 6529/6529/6529
f 6535/6535/6535 6534/6534/6534 6533/6533/6533
f 6536/6536/6536 6535/6535/6535 6533/6533/6533
f 6539/6539/6539 6538/6538/6538 6537/6537/6537
f 6540/6540/6540 6539/6539/6539 6537/6537/6537
f 6543/6543/6543 6542/6542/6542 6541/6541/6541
f 6544/6544/6544 6543/6543/6543 6541/6541/6541
f 6547/6547/6547 6546/6546/6546 6545/6545/6545
f 6548/6548/6548 6547/6547/6547 6545/6545/6545
f 6551/6551/6551 6550/6550/6550 6549/6549/6549
f 6552/6552/6552 6551/6551/6551 6549/6549/6549
f 6555/6555/6555 6554/6554/6554 6553/6553/6553
f 6556/6556/6556 6555/6555/6555 6553/6553/6553
f 6559/6559/6559 6558/6558/6558 6557/6557/6557
f 6560/6560/6560 6559/6559/6559 6557/6557/6557
f 6563/6563/6563 6562/6562/6562 6561/6561/6561
f 6564/6564/6564 6563/6563/6563 6561/6561/6561
f 6567/6567/6567 6566/6566/6566 6565/6565/6565
f 6568/6568/6568 6567/6567/6567 6565/6565/6565
f 6571/6571/6571 6570/6570/6570 6569/6569/6569
f 6572/6572/6572 6571/6571/6571 6569/6569/6569
f 6575/6575/6575 6574/6574/6574 6573/6573/6573
f 6576/6576/6576 6575/6575/6575 6573/6573/6573
f 6579/6579/6579 6578/6578/6578 6577/6577/6577
f 6580/6580/6580 6579/6579/6579 6577/6577/6577
f 6583/6583/6583 6582/6582/6582 6581/6581/6581
f 6584/6584/6584 6583/6583/6583 6581/6581/6581
f 6587/6587/6587 6586/6586/6586 6585/6585/6585
f 6588/6588/6588 6587/6587/6587 6585/6585/6585
f 6591/6591/6591 6590/6590/6590 6589/6589/6589
f 6592/6592/6592 6591/6591/6591 6589/6589/6589
f 6595/6595/6595 6594/6594/6594 6593/6593/6593
f 6596/6596/6596 6595/6595/6595 6593/6593/6593
f 6599/6599/6599 6598/6598/6598 6597/6597/6597
f 6600/6600/6600 6599/6599/6599 6597/6597/6597
f 6603/6603/6603 6602/6602/6602 6601/6601/6601
f 6604/6604/6604 6603/6603/6603 6601/6601/6601
f 6607/6607/6607 6606/6606/6606 6605/6605/6605
f 6608/6608/6608 6607/6607/6607 6605/6605/6605
f 6611/6611/6611 6610/6610/6610 6609/6609/6609
f 6612/6612/6612 6611/6611/6611 6609/6609/6609
f 6615/6615/6615 6614/6614/6614 6613/6613/6613
f 6616/6616/6616 6615/6615/6615 6613/6613/6613
f 6619/6619/6619 6618/6618/6618 6617/6617/6617
f 6620/6620/6620 6619/6619/6619 6617/6617/6617
f 6623/6623/6623 6622/6622/6622 6621/6621/6621
f 6624/6624/6624 6623/6623/6623 6621/6621/6621
f 6627/6627/6627 6626/6626/6626 6625/6625/6625
f 6628/6628/6628 6627/6627/6627 6625/6625/6625
f 6631/6631/6631 6630/6630/6630 6629/6629/6629
f 6632/6632/6632 6631/6631/6631 6629/6629/6629
f 6635/6635/6635 6634/6634/6634 6633/6633/6633
f 6636/6636/6636 6635/6635/6635 6633/6633/6633
f 6639/6639/6639 6638/6638/6638 6637/6637/6637
f 6640/6640/6640 6639/6639/6639 6637/6637/6637
f 6643/6643/6643 6642/6642/6642 6641/6641/6641
f 6644/6644/6644 6643/6643/6643 6641/6641/6641
f 6647/6647/6647 6646/6646/6646 6645/6645/6645
f 6648/6648/6648 6647/6647/6647 6645/6645/6645
f 6651/6651/6651 6650/6650/6650 6649/6649/6649
f 6652/6652/6652 6651/6651/6651 6649/6649/6649
f 6655/6655/6655 6654/6654/6654 6653/6653/6653
f 6656/6656/6656 6655/6655/6655 6653/6653/6653
f 6659/6659/6659 6658/6658/6658 6657/6657/6657
f 6660/6660/6660 6659/6659/6659 6657/6657/6657
f 6663/6663/6663 6662/6662/6662 6661/6661/6661
f 6664/6664/6664 6663/6663/6663 6661/6661/6661
f 6667/6667/6667 6666/6666/6666 6665/6665/6665
f 6668/6668/6668 6667/6667/6667 6665/6665/6665
f 6671/6671/6671 6670/6670/6670 6669/6669/6669
f 6672/6672/6672 6671/6671/6671 6669/6669/6669
f 6675/6675/6675 6674/6674/6674 6673/6673/6673
f 6676/6676/6676 6675/6675/6675 6673/6673/6673
f 6679/6679/6679 6678/6678/6678 6677/6677/6677
f 6680/6680/6680 6679/6679/6679 6677/6677/6677
f 6683/6683/6683 6682/6682/6682 6681/6681/6681
f 6684/6684/6684 6683/6683/6683 6681/6681/6681
f 6687/6687/6687 6686/6686/6686 6685/6685/6685
f 6688/6688/6688 6687/6687/6687 6685/6685/6685
f 6691/6691/6691 6690/6690/6690 6689/6689/6689
f 6692/6692/6692 6691/6691/6691 6689/6689/6689
f 6695/6695/6695 6694/6694/6694 6693/6693/6693
f 6696/6696/6696 6695/6695/6695 6693/6693/6693
f 6699/6699/6699 6698/6698/6698 6697/6697/6697
f 6700/6700/6700 6699/6699/6699 6697/6697/6697
f 6703/6703/6703 6702/6702/6702 6701/6701/6701
f 6704/6704/6704 6703/6703/6703 6701/6701/6701
f 6707/6707/6707 6706/6706/6706 6705/6705/6705
f 6708/6708/6708 6707/6707/6707 6705/6705/6705
f 6711/6711/6711 6710/6710/6710 6709/6709/6709
f 6712/6712/6712 6711/6711/6711 6709/6709/6709
f 6715/6715/6715 6714/6714/6714 6713/6713/6713
f 6716/6716/6716 6715/6715/6715 6713/6713/6713
f 6719/6719/6719 6718/6718/6718 6717/6717/6717
f 6720/6720/6720 6719/6719/6719 6717/6717/6717
f 6723/6723/6723 6722/6722/6722 6721/6721/6721
f 6724/6724/6724 6723/6723/6723 6721/6721/6721
f 6727/6727/6727 6726/6726/6726 6725/6725/6725
f 6728/6728/6728 6727/6727/6727 6725/6725/6725
f 6731/6731/6731 6730/6730/6730 6729/6729/6729
f 6732/6732/6732 6731/6731/6731 6729/6729/6729
f 6735/6735/6735 6734/6734/6734 6733/6733/6733
f 6736/6736/6736 6735/6735/6735 6733/6733/6733
f 6739/6739/6739 6738/6738/6738 6737/6737/6737
f 6740/6740/6740 6739/6739/6739 6737/6737/6737
f 6743/6743/6743 6742/6742/6742 6741/6741/6741
f 6744/6744/6744 6743/6743/6743 6741/6741/6741
f 6747/6747/6747 6746/6746/6746 6745/6745/6745
f 6748/6748/6748 6747/6747/6747 6745/6745/6745
f 6751/6751/6751 6750/6750/6750 6749/6749/6749
f 6752/6752/6752 6751/6751/6751 6749/6749/6749
f 6755/6755/6755 6754/6754/6754 6753/6753/6753
f 6756/6756/6756 6755/6755/6755 6753/6753/6753
f 6759/6759/6759 6758/6758/6758 6757/6757/6757
f 6760/6760/6760 6759/6759/6759 6757/6757/6757
f 6763/6763/6763 6762/6762/6762 6761/6761/6761
f 6764/6764/6764 6763/6763/6763 6761/6761/6761
f 6767/6767/6767 6766/6766/6766 6765/6765/6765
f 6768/6768/6768 6767/6767/6767 6765/6765/6765
f 6771/6771/6771 6770/6770/6770 6769/6769/6769
f 6772/6772/6772 6771/6771/6771 6769/6769/6769
f 6775/6775/6775 6774/6774/6774 6773/6773/6773
f 6776/6776/6776 6775/6775/6775 6773/6773/6773
f 6779/6779/6779 6778/6778/6778 6777/6777/6777
f 6780/6780/6780 6779/6779/6779 6777/6777/6777
f 6783/6783/6783 6782/6782/6782 6781/6781/6781
f 6784/6784/6784 6783/6783/6783 6781/6781/6781
f 6787/6787/6787 6786/6786/6786 6785/6785/6785
f 6788/6788/6788 6787/6787/6787 6785/6785/6785
f 6791/6791/6791 6790/6790/6790 6789/6789/6789
f 6792/6792/6792 6791/6791/6791 6789/6789/6789
f 6795/6795/6795 6794/6794/6794 6793/6793/6793
f 6796/6796/6796 6795/6795/6795 6793/6793/6793
f 6799/6799/6799 6798/6798/6798 6797/6797/6797
f 6800/6800/6800 6799/6799/6799 6797/6797/6797
f 6803/6803/6803 6802/6802/6802 6801/6801/6801
f 6804/6804/6804 6803/6803/6803 6801/6801/6801
f 6807/6807/6807 6806/6806/6806 6805/6805/6805
f 6808/6808/6808 6807/6807/6807 6805/6805/6805
f 6811/6811/6811 6810/6810/6810 6809/6809/6809
f 6812/6812/6812 6811/6811/6811 6809/6809/6809
f 6815/6815/6815 6814/6814/6814 6813/6813/6813
f 6816/6816/6816 6815/6815/6815 6813/6813/6813
f 6819/6819/6819 6818/6818/6818 6817/6817/6817
f 6820/6820/6820 6819/6819/6819 6817/6817/6817
f 6823/6823/6823 6822/6822/6822 6821/6821/6821
f 6824/6824/6824 6823/6823/6823 6821/6821/6821
f 6827/6827/6827 6826/6826/6826 6825/6825/6825
f 6828/6828/6828 6827/6827/6827 6825/6825/6825
f 6831/6831/6831 6830/6830/6830 6829/6829/6829
f 6832/6832/6832 6831/6831/6831 6829/6829/6829
f 6835/6835/6835 6834/6834/6834 6833/6833/6833
f 6836/6836/6836 6835/6835/6835 6833/6833/6833
f 6839/6839/6839 6838/6838/6838 6837/6837/6837
f 6840/6840/6840 6839/6839/6839 6837/6837/6837
f 6843/6843/6843 6842/6842/6842 6841/6841/6841
f 6844/6844/6844 6843/6843/6843 6841/6841/6841
f 6847/6847/6847 6846/6846/6846 6845/6845/6845
f 6848/6848/6848 6847/6847/6847 6845/6845/6845
f 6851/6851/6851 6850/6850/6850 6849/6849/6849
f 6852/6852/6852 6851/6851/6851 6849/6849/6849
f 6855/6855/6855 6854/6854/6854 6853/6853/6853
f 6856/6856/6856 6855/6855/6855 6853/6853/6853
f 6859/6859/6859 6858/6858/6858 6857/6857/6857
f 6860/6860/6860 6859/6859/6859 6857/6857/6857
f 6863/6863/6863 6862/6862/6862 6861/6861/6861
f 6864/6864/6864 6863/6863/6863 6861/6861/6861
f 6867/6867/6867 6866/6866/6866 6865/6865/6865
f 6868/6868/6868 6867/6867/6867 6865/6865/6865
f 6871/6871/6871 6870/6870/6870 6869/6869/6869
f 6872/6872/6872 6871/6871/6871 6869/6869/6869
f 6875/6875/6875 6874/6874/6874 6873/6873/6873
f 6876/6876/6876 6875/6875/6875 6873/6873/6873
f 6879/6879/6879 6878/6878/6878 6877/6877/6877
f 6880/6880/6880 6879/6879/6879 6877/6877/6877
f 6883/6883/6883 6882/6882/6882 6881/6881/6881
f 6884/6884/6884 6883/6883/6883 6881/6881/6881
f 6887/6887/6887 6886/6886/6886 6885/6885/6885
f 6888/6888/6888 6887/6887/6887 6885/6885/6885
f 6891/6891/6891 6890/6890/6890 6889/6889/6889
f 6892/6892/6892 6891/6891/6891 6889/6889/6889
f 6895/6895/6895 6894/6894/6894 6893/6893/6893
f 6896/6896/6896 6895/6895/6895 6893/6893/6893
f 6899/6899/6899 6898/6898/6898 6897/6897/6897
f 6900/6900/6900 6899/6899/6899 6897/6897/6897
f 6903/6903/6903 6902/6902/6902 6901/6901/6901
f 6904/6904/6904 6903/6903/6903 6901/6901/6901
f 6907/6907/6907 6906/6906/6906 6905/6905/6905
f 6908/6908/6908 6907/6907/6907 6905/6905/6905
f 6911/6911/6911 6910/6910/6910 6909/6909/6909
f 6912/6912/6912 6911/6911/6911 6909/6909/6909
f 6915/6915/6915 6914/6914/6914 6913/6913/6913
f 6916/6916/6916 6915/6915/6915 6913/6913/6913
f 6919/6919/6919 6918/6918/6918 6917/6917/6917
f 6920/6920/6920 6919/6919/6919 6917/6917/6917
f 6923/6923/6923 6922/6922/6922 6921/6921/6921
f 6924/6924/6924 6923/6923/6923 6921/6921/6921
f 6927/6927/6927 6926/6926/6926 6925/6925/6925
f 6928/6928/6928 6927/6927/6927 6925/6925/6925
f 6931/6931/6931 6930/6930/6930 6929/6929/6929
f 6932/6932/6932 6931/6931/6931 6929/6929/6929
f 6935/6935/6935 6934/6934/6934 6933/6933/6933
f 6936/6936/6936 6935/6935/6935 6933/6933/6933
f 6939/6939/6939 6938/6938/6938 6937/6937/6937
f 6940/6940/6940 6939/6939/6939 6937/6937/6937
f 6943/6943/6943 6942/6942/6942 6941/6941/6941
f 6944/6944/6944 6943/6943/6943 6941/6941/6941
f 6947/6947/6947 6946/6946/6946 6945/6945/6945
f 6948/6948/6948 6947/6947/6947 6945/6945/6945
f 6951/6951/6951 6950/6950/6950 6949/6949/6949
f 6952/6952/6952 6951/6951/6951 6949/6949/6949
f 6955/6955/6955 6954/6954/6954 6953/6953/6953
f 6956/6956/6956 6955/6955/6955 6953/6953/6953
f 6959/6959/6959 6958/6958/6958 6957/6957/6957
f 6960/6960/6960 6959/6959/6959 6957/6957/6957
f 6963/6963/6963 6962/6962/6962 6961/6961/6961
f 6964/6964/6964 6963/6963/6963 6961/6961/6961
f 6967/6967/6967 6966/6966/6966 6965/6965/6965
f 6968/6968/6968 6967/6967/6967 6965/6965/6965
f 6971/6971/6971 6970/6970/6970 6969/6969/6969
f 6972/6972/6972 6971/6971/6971 6969/6969/6969
f 6975/6975/6975 6974/6974/6974 6973/6973/6973
f 6976/6976/6976 6975/6975/6975 6973/6973/6973
f 6979/6979/6979 6978/6978/6978 6977/6977/6977
f 6980/6980/6980 6979/6979/6979 6977/6977/6977
f 6983/6983/6983 6982/6982/6982 6981/6981/6981
f 6984/6984/6984 6983/6983/6983 6981/6981/6981
f 6987/6987/6987 6986/6986/6986 6985/6985/6985
f 6988/6988/6988 6987/6987/6987 6985/6985/6985
f 6991/6991/6991 6990/6990/6990 6989/6989/6989
f 6992/6992/6992 6991/6991/6991 6989/6989/6989
f 6995/6995/6995 6994/6994/6994 6993/6993/6993
f 6996/6996/6996 6995/6995/6995 6993/6993/6993
f 6999/6999/6999 6998/6998/6998 6997/6997/6997
f 7000/7000/7000 6999/6999/6999 6997/6997/6997
f 7003/7003/7003 7002/7002/7002 7001/7001/7001
f 7004/7004/7004 7003/7003/7003 7001/7001/7001
f 7007/7007/7007 7006/7006/7006 7005/7005/7005
f 7008/7008/7008 7007/7007/7007 7005/7005/7005
f 7011/7011/7011 7010/7010/7010 7009/7009/7009
f 7012/7012/7012 7011/7011/7011 7009/7009/7009
f 7015/7015/7015 7014/7014/7014 7013/7013/7013
f 7016/7016/7016 7015/7015/7015 7013/7013/7013
f 7019/7019/7019 7018/7018/7018 7017/7017/7017
f 7020/7020/7020 7019/7019/7019 7017/7017/7017
f 7023/7023/7023 7022/7022/7022 7021/7021/7021
f 7024/7024/7024 7023/7023/7023 7021/7021/7021
f 7027/7027/7027 7026/7026/7026 7025/7025/7025
f 7028/7028/7028 7027/7027/7027 7025/7025/7025
f 7031/7031/7031 7030/7030/7030 7029/7029/7029
f 7032/7032/7032 7031/7031/7031 7029/7029/7029
f 7035/7035/7035 7034/7034/7034 7033/7033/7033
f 7036/7036/7036 7035/7035/7035 7033/7033/7033
f 7039/7039/7039 7038/7038/7038 7037/7037/7037
f 7040/7040/7040 7039/7039/7039 7037/7037/7037
f 7043/7043/7043 7042/7042/7042 7041/7041/7041
f 7044/7044/7044 7043/7043/7043 7041/7041/7041
f 7047/7047/7047 7046/7046/7046 7045/7045/7045
f 7048/7048/7048 7047/7047/7047 7045/7045/7045
f 7051/7051/7051 7050/7050/7050 7049/7049/7049
f 7052/7052/7052 7051/7051/7051 7049/7049/7049
f 7055/7055/7055 7054/7054/7054 7053/7053/7053
f 7056/7056/7056 7055/7055/7055 7053/7053/7053
f 7059/7059/7059 7058/7058/7058 7057/7057/7057
f 7060/7060/7060 7059/7059/7059 7057/7057/7057
f 7063/7063/7063 7062/7062/7062 7061/7061/7061
f 7064/7064/7064 7063/7063/7063 7061/7061/7061
f 7067/7067/7067 7066/7066/7066 7065/7065/7065
f 7068/7068/7068 7067/7067/7067 7065/7065/7065
f 7071/7071/7071 7070/7070/7070 7069/7069/7069
f 7072/7072/7072 7071/7071/7071 7069/7069/7069
f 7075/7075/7075 7074/7074/7074 7073/7073/7073
f 7076/7076/7076 7075/7075/7075 7073/7073/7073
f 7079/7079/7079 7078/7078/7078 7077/7077/7077
f 7080/7080/7080 7079/7079/7079 7077/7077/7077
f 7083/7083/7083 7082/7082/7082 7081/7081/7081
f 7084/7084/7084 7083/7083/7083 7081/7081/7081
f 7087/7087/7087 7086/7086/7086 7085/7085/7085
f 7088/7088/7088 7087/7087/7087 7085/7085/7085
f 7091/7091/7091 7090/7090/7090 7089/7089/7089
f 7092/7092/7092 7091/7091/7091 7089/7089/7089
f 7095/7095/7095 7094/7094/7094 7093/7093/7093
f 7096/7096/7096 7095/7095/7095 7093/7093/7093
f 7099/7099/7099 7098/7098/7098 7097/7097/7097
f 7100/7100/7100 7099/7099/7099 7097/7097/7097
f 7103/7103/7103 7102/7102/7102 7101/7101/7101
f 7104/7104/7104 7103/7103/7103 7101/7101/7101
f 7107/7107/7107 7106/7106/7106 7105/7105/7105
f 7108/7108/7108 7107/7107/7107 7105/7105/7105
f 7111/7111/7111 7110/7110/7110 7109/7109/7109
f 7112/7112/7112 7111/7111/7111 7109/7109/7109
f 7115/7115/7115 7114/7114/7114 7113/7113/7113
f 7116/7116/7116 7115/7115/7115 7113/7113/7113
f 7119/7119/7119 7118/7118/7118 7117/7117/7117
f 7120/7120/7120 7119/7119/7119 7117/7117/7117
f 7123/7123/7123 7122/7122/7122 7121/7121/7121
f 7124/7124/7124 7123/7123/7123 7121/7121/7121
f 7127/7127/7127 7126/7126/7126 7125/7125/7125
f 7128/7128/7128 7127/7127/7127 7125/7125/7125
f 7131/7131/7131 7130/7130/7130 7129/7129/7129
f 7132/7132/7132 7131/7131/7131 7129/7129/7129
f 7135/7135/7135 7134/7134/7134 7133/7133/7133
f 7136/7136/7136 7135/7135/7135 7133/7133/7133
f 7139/7139/7139 7138/7138/7138 7137/7137/7137
f 7140/7140/7140 7139/7139/7139 7137/7137/7137
f 7143/7143/7143 7142/7142/7142 7141/7141/7141
f 7144/7144/7144 7143/7143/7143 7141/7141/7141
f 7147/7147/7147 7146/7146/7146 7145/7145/7145
f 7148/7148/7148 7147/7147/7147 7145/7145/7145
f 7151/7151/7151 7150/7150/7150 7149/7149/7149
f 7152/7152/7152 7151/7151/7151 7149/7149/7149
f 7155/7155/7155 7154/7154/7154 7153/7153/7153
f 7156/7156/7156 7155/7155/7155 7153/7153/7153
f 7159/7159/7159 7158/7158/7158 7157/7157/7157
f 7160/7160/7160 7159/7159/7159 7157/7157/7157
f 7163/7163/7163 7162/7162/7162 7161/7161/7161
f 7164/7164/7164 7163/7163/7163 7161/7161/7161
f 7167/7167/7167 7166/7166/7166 7165/7165/7165
f 7168/7168/7168 7167/7167/7167 7165/7165/7165
f 7171/7171/7171 7170/7170/7170 7169/7169/7169
f 7172/7172/7172 7171/7171/7171 7169/7169/7169
f 7175/7175/7175 7174/7174/7174 7173/7173/7173
f 7176/7176/7176 7175/7175/7175 7173/7173/7173
f 7179/7179/7179 7178/7178/7178 7177/7177/7177
f 7180/7180/7180 7179/7179/7179 7177/7177/7177
f 7183/7183/7183 7182/7182/7182 7181/7181/7181
f 7184/7184/7184 7183/7183/7183 7181/7181/7181
f 7187/7187/7187 7186/7186/7186 7185/7185/7185
f 7188/7188/7188 7187/7187/7187 7185/7185/7185
f 7191/7191/7191 7190/7190/7190 7189/7189/7189
f 7192/7192/7192 7191/7191/7191 7189/7189/7189
f 7195/7195/7195 7194/7194/7194 7193/7193/7193
f 7196/7196/7196 7195/7195/7195 7193/7193/7193
f 7199/7199/7199 7198/7198/7198 7197/7197/7197
f 7200/7200/7200 7199/7199/7199 7197/7197/7197
f 7203/7203/7203 7202/7202/7202 7201/7201/7201
f 7204/7204/7204 7203/7203/7203 7201/7201/7201
f 7207/7207/7207 7206/7206/7206 7205/7205/7205
f 7208/7208/7208 7207/7207/7207 7205/7205/7205
f 7211/7211/7211 7210/7210/7210 7209/7209/7209
f 7212/7212/7212 7211/7211/7211 7209/7209/7209
f 7215/7215/7215 7214/7214/7214 7213/7213/7213
f 7216/7216/7216 7215/7215/7215 7213/7213/7213
f 7219/7219/7219 7218/7218/7218 7217/7217/7217
f 7220/7220/7220 7219/7219/7219 7217/7217/7217
f 7223/7223/7223 7222/7222/7222 7221/7221/7221
f 7224/7224/7224 7223/7223/7223 7221/7221/7221
f 7227/7227/7227 7226/7226/7226 7225/7225/7225
f 7228/7228/7228 7227/7227/7227 7225/7225/7225
f 7231/7231/7231 7230/7230/7230 7229/7229/7229
f 7232/7232/7232 7231/7231/7231 7229/7229/7229
f 7235/7235/7235 7234/7234/7234 7233/7233/7233
f 7236/7236/7236 7235/7235/7235 7233/7233/7233
f 7239/7239/7239 7238/7238/7238 7237/7237/7237
f 7238/7238/7238 7240/7240/7240 7237/7237/7237
f 7238/7238/7238 7241/7241/7241 7240/7240/7240
f 7239/7239/7239 7237/7237/7237 7242/7242/7242
f 7243/7243/7243 7239/7239/7239 7242/7242/7242
f 7241/7241/7241 7244/7244/7244 7240/7240/7240
f 7241/7241/7241 7245/7245/7245 7244/7244/7244
f 7237/7237/7237 7240/7240/7240 7246/7246/7246
f 7242/7242/7242 7237/7237/7237 7246/7246/7246
f 7240/7240/7240 7244/7244/7244 7246/7246/7246
f 7247/7247/7247 7242/7242/7242 7246/7246/7246
f 7243/7243/7243 7242/7242/7242 7247/7247/7247
f 7244/7244/7244 7248/7248/7248 7246/7246/7246
f 7245/7245/7245 7248/7248/7248 7244/7244/7244
f 7249/7249/7249 7243/7243/7243 7247/7247/7247
f 7245/7245/7245 7250/7250/7250 7248/7248/7248
f 7249/7249/7249 7247/7247/7247 7251/7251/7251
f 7251/7251/7251 7247/7247/7247 7246/7246/7246
f 7252/7252/7252 7249/7249/7249 7251/7251/7251
f 7250/7250/7250 7253/7253/7253 7248/7248/7248
f 7248/7248/7248 7253/7253/7253 7246/7246/7246
f 7250/7250/7250 7254/7254/7254 7253/7253/7253
f 7252/7252/7252 7251/7251/7251 7255/7255/7255
f 7255/7255/7255 7251/7251/7251 7246/7246/7246
f 7256/7256/7256 7252/7252/7252 7255/7255/7255
f 7254/7254/7254 7257/7257/7257 7253/7253/7253
f 7253/7253/7253 7257/7257/7257 7246/7246/7246
f 7254/7254/7254 7258/7258/7258 7257/7257/7257
f 7256/7256/7256 7255/7255/7255 7259/7259/7259
f 7259/7259/7259 7255/7255/7255 7246/7246/7246
f 7260/7260/7260 7256/7256/7256 7259/7259/7259
f 7258/7258/7258 7261/7261/7261 7257/7257/7257
f 7257/7257/7257 7261/7261/7261 7246/7246/7246
f 7261/7261/7261 7259/7259/7259 7246/7246/7246
f 7260/7260/7260 7259/7259/7259 7261/7261/7261
f 7258/7258/7258 7260/7260/7260 7261/7261/7261
f 7264/7264/7264 7263/7263/7263 7262/7262/7262
f 7265/7265/7265 7264/7264/7264 7262/7262/7262
f 7262/7262/7262 7263/7263/7263 7266/7266/7266
f 7267/7267/7267 7264/7264/7264 7265/7265/7265
f 7268/7268/7268 7267/7267/7267 7265/7265/7265
f 7263/7263/7263 7269/7269/7269 7266/7266/7266
f 7266/7266/7266 7269/7269/7269 7270/7270/7270
f 7264/7264/7264 7271/7271/7271 7263/7263/7263
f 7267/7267/7267 7271/7271/7271 7264/7264/7264
f 7263/7263/7263 7271/7271/7271 7269/7269/7269
f 7272/7272/7272 7271/7271/7271 7267/7267/7267
f 7272/7272/7272 7267/7267/7267 7268/7268/7268
f 7269/7269/7269 7271/7271/7271 7273/7273/7273
f 7269/7269/7269 7273/7273/7273 7270/7270/7270
f 7274/7274/7274 7272/7272/7272 7268/7268/7268
f 7270/7270/7270 7273/7273/7273 7275/7275/7275
f 7276/7276/7276 7272/7272/7272 7274/7274/7274
f 7276/7276/7276 7271/7271/7271 7272/7272/7272
f 7277/7277/7277 7276/7276/7276 7274/7274/7274
f 7273/7273/7273 7278/7278/7278 7275/7275/7275
f 7273/7273/7273 7271/7271/7271 7278/7278/7278
f 7275/7275/7275 7278/7278/7278 7279/7279/7279
f 7280/7280/7280 7276/7276/7276 7277/7277/7277
f 7280/7280/7280 7271/7271/7271 7276/7276/7276
f 7281/7281/7281 7280/7280/7280 7277/7277/7277
f 7278/7278/7278 7282/7282/7282 7279/7279/7279
f 7278/7278/7278 7271/7271/7271 7282/7282/7282
f 7279/7279/7279 7282/7282/7282 7283/7283/7283
f 7284/7284/7284 7280/7280/7280 7281/7281/7281
f 7284/7284/7284 7271/7271/7271 7280/7280/7280
f 7285/7285/7285 7284/7284/7284 7281/7281/7281
f 7283/7283/7283 7286/7286/7286 7285/7285/7285
f 7282/7282/7282 7286/7286/7286 7283/7283/7283
f 7282/7282/7282 7271/7271/7271 7286/7286/7286
f 7286/7286/7286 7284/7284/7284 7285/7285/7285
f 7286/7286/7286 7271/7271/7271 7284/7284/7284
f 7289/7289/7289 7288/7288/7288 7287/7287/7287
f 7288/7288/7288 7290/7290/7290 7287/7287/7287
f 7288/7288/7288 7291/7291/7291 7290/7290/7290
f 7289/7289/7289 7287/7287/7287 7292/7292/7292
f 7293/7293/7293 7289/7289/7289 7292/7292/7292
f 7291/7291/7291 7294/7294/7294 7290/7290/7290
f 7291/7291/7291 7295/7295/7295 7294/7294/7294
f 7287/7287/7287 7290/7290/7290 7296/7296/7296
f 7292/7292/7292 7287/7287/7287 7296/7296/7296
f 7290/7290/7290 7294/7294/7294 7296/7296/7296
f 7297/7297/7297 7292/7292/7292 7296/7296/7296
f 7293/7293/7293 7292/7292/7292 7297/7297/7297
f 7294/7294/7294 7298/7298/7298 7296/7296/7296
f 7295/7295/7295 7298/7298/7298 7294/7294/7294
f 7299/7299/7299 7293/7293/7293 7297/7297/7297
f 7295/7295/7295 7300/7300/7300 7298/7298/7298
f 7299/7299/7299 7297/7297/7297 7301/7301/7301
f 7301/7301/7301 7297/7297/7297 7296/7296/7296
f 7302/7302/7302 7299/7299/7299 7301/7301/7301
f 7300/7300/7300 7303/7303/7303 7298/7298/7298
f 7298/7298/7298 7303/7303/7303 7296/7296/7296
f 7300/7300/7300 7304/7304/7304 7303/7303/7303
f 7302/7302/7302 7301/7301/7301 7305/7305/7305
f 7305/7305/7305 7301/7301/7301 7296/7296/7296
f 7306/7306/7306 7302/7302/7302 7305/7305/7305
f 7304/7304/7304 7307/7307/7307 7303/7303/7303
f 7303/7303/7303 7307/7307/7307 7296/7296/7296
f 7304/7304/7304 7308/7308/7308 7307/7307/7307
f 7306/7306/7306 7305/7305/7305 7309/7309/7309
f 7309/7309/7309 7305/7305/7305 7296/7296/7296
f 7310/7310/7310 7306/7306/7306 7309/7309/7309
f 7308/7308/7308 7311/7311/7311 7307/7307/7307
f 7307/7307/7307 7311/7311/7311 7296/7296/7296
f 7311/7311/7311 7309/7309/7309 7296/7296/7296
f 7310/7310/7310 7309/7309/7309 7311/7311/7311
f 7308/7308/7308 7310/7310/7310 7311/7311/7311
f 7314/7314/7314 7313/7313/7313 7312/7312/7312
f 7315/7315/7315 7314/7314/7314 7312/7312/7312
f 7312/7312/7312 7313/7313/7313 7316/7316/7316
f 7317/7317/7317 7314/7314/7314 7315/7315/7315
f 7318/7318/7318 7317/7317/7317 7315/7315/7315
f 7313/7313/7313 7319/7319/7319 7316/7316/7316
f 7316/7316/7316 7319/7319/7319 7320/7320/7320
f 7314/7314/7314 7321/7321/7321 7313/7313/7313
f 7317/7317/7317 7321/7321/7321 7314/7314/7314
f 7313/7313/7313 7321/7321/7321 7319/7319/7319
f 7322/7322/7322 7321/7321/7321 7317/7317/7317
f 7322/7322/7322 7317/7317/7317 7318/7318/7318
f 7319/7319/7319 7321/7321/7321 7323/7323/7323
f 7319/7319/7319 7323/7323/7323 7320/7320/7320
f 7324/7324/7324 7322/7322/7322 7318/7318/7318
f 7320/7320/7320 7323/7323/7323 7325/7325/7325
f 7326/7326/7326 7322/7322/7322 7324/7324/7324
f 7326/7326/7326 7321/7321/7321 7322/7322/7322
f 7327/7327/7327 7326/7326/7326 7324/7324/7324
f 7323/7323/7323 7328/7328/7328 7325/7325/7325
f 7323/7323/7323 7321/7321/7321 7328/7328/7328
f 7325/7325/7325 7328/7328/7328 7329/7329/7329
f 7330/7330/7330 7326/7326/7326 7327/7327/7327
f 7330/7330/7330 7321/7321/7321 7326/7326/7326
f 7331/7331/7331 7330/7330/7330 7327/7327/7327
f 7328/7328/7328 7332/7332/7332 7329/7329/7329
f 7328/7328/7328 7321/7321/7321 7332/7332/7332
f 7329/7329/7329 7332/7332/7332 7333/7333/7333
f 7334/7334/7334 7330/7330/7330 7331/7331/7331
f 7334/7334/7334 7321/7321/7321 7330/7330/7330
f 7335/7335/7335 7334/7334/7334 7331/7331/7331
f 7333/7333/7333 7336/7336/7336 7335/7335/7335
f 7332/7332/7332 7336/7336/7336 7333/7333/7333
f 7332/7332/7332 7321/7321/7321 7336/7336/7336
f 7336/7336/7336 7334/7334/7334 7335/7335/7335
f 7336/7336/7336 7321/7321/7321 7334/7334/7334
f 7339/7339/7339 7338/7338/7338 7337/7337/7337
f 7338/7338/7338 7340/7340/7340 7337/7337/7337
f 7338/7338/7338 7341/7341/7341 7340/7340/7340
f 7339/7339/7339 7337/7337/7337 7342/7342/7342
f 7343/7343/7343 7339/7339/7339 7342/7342/7342
f 7341/7341/7341 7344/7344/7344 7340/7340/7340
f 7341/7341/7341 7345/7345/7345 7344/7344/7344
f 7337/7337/7337 7340/7340/7340 7346/7346/7346
f 7342/7342/7342 7337/7337/7337 7346/7346/7346
f 7340/7340/7340 7344/7344/7344 7346/7346/7346
f 7347/7347/7347 7342/7342/7342 7346/7346/7346
f 7343/7343/7343 7342/7342/7342 7347/7347/7347
f 7344/7344/7344 7348/7348/7348 7346/7346/7346
f 7345/7345/7345 7348/7348/7348 7344/7344/7344
f 7349/7349/7349 7343/7343/7343 7347/7347/7347
f 7345/7345/7345 7350/7350/7350 7348/7348/7348
f 7349/7349/7349 7347/7347/7347 7351/7351/7351
f 7351/7351/7351 7347/7347/7347 7346/7346/7346
f 7352/7352/7352 7349/7349/7349 7351/7351/7351
f 7350/7350/7350 7353/7353/7353 7348/7348/7348
f 7348/7348/7348 7353/7353/7353 7346/7346/7346
f 7350/7350/7350 7354/7354/7354 7353/7353/7353
f 7352/7352/7352 7351/7351/7351 7355/7355/7355
f 7355/7355/7355 7351/7351/7351 7346/7346/7346
f 7356/7356/7356 7352/7352/7352 7355/7355/7355
f 7354/7354/7354 7357/7357/7357 7353/7353/7353
f 7353/7353/7353 7357/7357/7357 7346/7346/7346
f 7354/7354/7354 7358/7358/7358 7357/7357/7357
f 7356/7356/7356 7355/7355/7355 7359/7359/7359
f 7359/7359/7359 7355/7355/7355 7346/7346/7346
f 7360/7360/7360 7356/7356/7356 7359/7359/7359
f 7358/7358/7358 7361/7361/7361 7357/7357/7357
f 7357/7357/7357 7361/7361/7361 7346/7346/7346
f 7361/7361/7361 7359/7359/7359 7346/7346/7346
f 7360/7360/7360 7359/7359/7359 7361/7361/7361
f 7358/7358/7358 7360/7360/7360 7361/7361/7361
f 7364/7364/7364 7363/7363/7363 7362/7362/7362
f 7365/7365/7365 7364/7364/7364 7362/7362/7362
f 7362/7362/7362 7363/7363/7363 7366/7366/7366
f 7367/7367/7367 7364/7364/7364 7365/7365/7365
f 7368/7368/7368 7367/7367/7367 7365/7365/7365
f 7363/7363/7363 7369/7369/7369 7366/7366/7366
f 7366/7366/7366 7369/7369/7369 7370/7370/7370
f 7364/7364/7364 7371/7371/7371 7363/7363/7363
f 7367/7367/7367 7371/7371/7371 7364/7364/7364
f 7363/7363/7363 7371/7371/7371 7369/7369/7369
f 7372/7372/7372 7371/7371/7371 7367/7367/7367
f 7372/7372/7372 7367/7367/7367 7368/7368/7368
f 7369/7369/7369 7371/7371/7371 7373/7373/7373
f 7369/7369/7369 7373/7373/7373 7370/7370/7370
f 7374/7374/7374 7372/7372/7372 7368/7368/7368
f 7370/7370/7370 7373/7373/7373 7375/7375/7375
f 7376/7376/7376 7372/7372/7372 7374/7374/7374
f 7376/7376/7376 7371/7371/7371 7372/7372/7372
f 7377/7377/7377 7376/7376/7376 7374/7374/7374
f 7373/7373/7373 7378/7378/7378 7375/7375/7375
f 7373/7373/7373 7371/7371/7371 7378/7378/7378
f 7375/7375/7375 7378/7378/7378 7379/7379/7379
f 7380/7380/7380 7376/7376/7376 7377/7377/7377
f 7380/7380/7380 7371/7371/7371 7376/7376/7376
f 7381/7381/7381 7380/7380/7380 7377/7377/7377
f 7378/7378/7378 7382/7382/7382 7379/7379/7379
f 7378/7378/7378 7371/7371/7371 7382/7382/7382
f 7379/7379/7379 7382/7382/7382 7383/7383/7383
f 7384/7384/7384 7380/7380/7380 7381/7381/7381
f 7384/7384/7384 7371/7371/7371 7380/7380/7380
f 7385/7385/7385 7384/7384/7384 7381/7381/7381
f 7383/7383/7383 7386/7386/7386 7385/7385/7385
f 7382/7382/7382 7386/7386/7386 7383/7383/7383
f 7382/7382/7382 7371/7371/7371 7386/7386/7386
f 7386/7386/7386 7384/7384/7384 7385/7385/7385
f 7386/7386/7386 7371/7371/7371 7384/7384/7384
f 7389/7389/7389 7388/7388/7388 7387/7387/7387
f 7388/7388/7388 7390/7390/7390 7387/7387/7387
f 7388/7388/7388 7391/7391/7391 7390/7390/7390
f 7389/7389/7389 7387/7387/7387 7392/7392/7392
f 7393/7393/7393 7389/7389/7389 7392/7392/7392
f 7391/7391/7391 7394/7394/7394 7390/7390/7390
f 7391/7391/7391 7395/7395/7395 7394/7394/7394
f 7387/7387/7387 7390/7390/7390 7396/7396/7396
f 7392/7392/7392 7387/7387/7387 7396/7396/7396
f 7390/7390/7390 7394/7394/7394 7396/7396/7396
f 7397/7397/7397 7392/7392/7392 7396/7396/7396
f 7393/7393/7393 7392/7392/7392 7397/7397/7397
f 7394/7394/7394 7398/7398/7398 7396/7396/7396
f 7395/7395/7395 7398/7398/7398 7394/7394/7394
f 7399/7399/7399 7393/7393/7393 7397/7397/7397
f 7395/7395/7395 7400/7400/7400 7398/7398/7398
f 7399/7399/7399 7397/7397/7397 7401/7401/7401
f 7401/7401/7401 7397/7397/7397 7396/7396/7396
f 7402/7402/7402 7399/7399/7399 7401/7401/7401
f 7400/7400/7400 7403/7403/7403 7398/7398/7398
f 7398/7398/7398 7403/7403/7403 7396/7396/7396
f 7400/7400/7400 7404/7404/7404 7403/7403/7403
f 7402/7402/7402 7401/7401/7401 7405/7405/7405
f 7405/7405/7405 7401/7401/7401 7396/7396/7396
f 7406/7406/7406 7402/7402/7402 7405/7405/7405
f 7404/7404/7404 7407/7407/7407 7403/7403/7403
f 7403/7403/7403 7407/7407/7407 7396/7396/7396
f 7404/7404/7404 7408/7408/7408 7407/7407/7407
f 7406/7406/7406 7405/7405/7405 7409/7409/7409
f 7409/7409/7409 7405/7405/7405 7396/7396/7396
f 7410/7410/7410 7406/7406/7406 7409/7409/7409
f 7408/7408/7408 7411/7411/7411 7407/7407/7407
f 7407/7407/7407 7411/7411/7411 7396/7396/7396
f 7411/7411/7411 7409/7409/7409 7396/7396/7396
f 7410/7410/7410 7409/7409/7409 7411/7411/7411
f 7408/7408/7408 7410/7410/7410 7411/7411/7411
f 7414/7414/7414 7413/7413/7413 7412/7412/7412
f 7415/7415/7415 7414/7414/7414 7412/7412/7412
f 7412/7412/7412 7413/7413/7413 7416/7416/7416
f 7417/7417/7417 7414/7414/7414 7415/7415/7415
f 7418/7418/7418 7417/7417/7417 7415/7415/7415
f 7413/7413/7413 7419/7419/7419 7416/7416/7416
f 7416/7416/7416 7419/7419/7419 7420/7420/7420
f 7414/7414/7414 7421/7421/7421 7413/7413/7413
f 7417/7417/7417 7421/7421/7421 7414/7414/7414
f 7413/7413/7413 7421/7421/7421 7419/7419/7419
f 7422/7422/7422 7421/7421/7421 7417/7417/7417
f 7422/7422/7422 7417/7417/7417 7418/7418/7418
f 7419/7419/7419 7421/7421/7421 7423/7423/7423
f 7419/7419/7419 7423/7423/7423 7420/7420/7420
f 7424/7424/7424 7422/7422/7422 7418/7418/7418
f 7420/7420/7420 7423/7423/7423 7425/7425/7425
f 7426/7426/7426 7422/7422/7422 7424/7424/7424
f 7426/7426/7426 7421/7421/7421 7422/7422/7422
f 7427/7427/7427 7426/7426/7426 7424/7424/7424
f 7423/7423/7423 7428/7428/7428 7425/7425/7425
f 7423/7423/7423 7421/7421/7421 7428/7428/7428
f 7425/7425/7425 7428/7428/7428 7429/7429/7429
f 7430/7430/7430 7426/7426/7426 7427/7427/7427
f 7430/7430/7430 7421/7421/7421 7426/7426/7426
f 7431/7431/7431 7430/7430/7430 7427/7427/7427
f 7428/7428/7428 7432/7432/7432 7429/7429/7429
f 7428/7428/7428 7421/7421/7421 7432/7432/7432
f 7429/7429/7429 7432/7432/7432 7433/7433/7433
f 7434/7434/7434 7430/7430/7430 7431/7431/7431
f 7434/7434/7434 7421/7421/7421 7430/7430/7430
f 7435/7435/7435 7434/7434/7434 7431/7431/7431
f 7433/7433/7433 7436/7436/7436 7435/7435/7435
f 7432/7432/7432 7436/7436/7436 7433/7433/7433
f 7432/7432/7432 7421/7421/7421 7436/7436/7436
f 7436/7436/7436 7434/7434/7434 7435/7435/7435
f 7436/7436/7436 7421/7421/7421 7434/7434/7434
f 7439/7439/7439 7438/7438/7438 7437/7437/7437
f 7440/7440/7440 7439/7439/7439 7437/7437/7437
f 7441/7441/7441 7439/7439/7439 7440/7440/7440
f 7437/7437/7437 7438/7438/7438 7442/7442/7442
f 7438/7438/7438 7443/7443/7443 7442/7442/7442
f 7444/7444/7444 7441/7441/7441 7440/7440/7440
f 7445/7445/7445 7441/7441/7441 7444/7444/7444
f 7440/7440/7440 7437/7437/7437 7446/7446/7446
f 7437/7437/7437 7442/7442/7442 7446/7446/7446
f 7444/7444/7444 7440/7440/7440 7446/7446/7446
f 7442/7442/7442 7447/7447/7447 7446/7446/7446
f 7442/7442/7442 7443/7443/7443 7447/7447/7447
f 7448/7448/7448 7444/7444/7444 7446/7446/7446
f 7448/7448/7448 7445/7445/7445 7444/7444/7444
f 7443/7443/7443 7449/7449/7449 7447/7447/7447
f 7450/7450/7450 7445/7445/7445 7448/7448/7448
f 7447/7447/7447 7449/7449/7449 7451/7451/7451
f 7447/7447/7447 7451/7451/7451 7446/7446/7446
f 7449/7449/7449 7452/7452/7452 7451/7451/7451
f 7453/7453/7453 7450/7450/7450 7448/7448/7448
f 7453/7453/7453 7448/7448/7448 7446/7446/7446
f 7454/7454/7454 7450/7450/7450 7453/7453/7453
f 7451/7451/7451 7452/7452/7452 7455/7455/7455
f 7451/7451/7451 7455/7455/7455 7446/7446/7446
f 7452/7452/7452 7456/7456/7456 7455/7455/7455
f 7457/7457/7457 7454/7454/7454 7453/7453/7453
f 7457/7457/7457 7453/7453/7453 7446/7446/7446
f 7458/7458/7458 7454/7454/7454 7457/7457/7457
f 7455/7455/7455 7456/7456/7456 7459/7459/7459
f 7455/7455/7455 7459/7459/7459 7446/7446/7446
f 7456/7456/7456 7460/7460/7460 7459/7459/7459
f 7461/7461/7461 7458/7458/7458 7457/7457/7457
f 7461/7461/7461 7457/7457/7457 7446/7446/7446
f 7459/7459/7459 7461/7461/7461 7446/7446/7446
f 7460/7460/7460 7458/7458/7458 7461/7461/7461
f 7459/7459/7459 7460/7460/7460 7461/7461/7461
f 7464/7464/7464 7463/7463/7463 7462/7462/7462
f 7465/7465/7465 7464/7464/7464 7462/7462/7462
f 7465/7465/7465 7462/7462/7462 7466/7466/7466
f 7464/7464/7464 7467/7467/7467 7463/7463/7463
f 7467/7467/7467 7468/7468/7468 7463/7463/7463
f 7469/7469/7469 7465/7465/7465 7466/7466/7466
f 7469/7469/7469 7466/7466/7466 7470/7470/7470
f 7471/7471/7471 7464/7464/7464 7465/7465/7465
f 7471/7471/7471 7467/7467/7467 7464/7464/7464
f 7471/7471/7471 7465/7465/7465 7469/7469/7469
f 7471/7471/7471 7472/7472/7472 7467/7467/7467
f 7467/7467/7467 7472/7472/7472 7468/7468/7468
f 7471/7471/7471 7469/7469/7469 7473/7473/7473
f 7473/7473/7473 7469/7469/7469 7470/7470/7470
f 7472/7472/7472 7474/7474/7474 7468/7468/7468
f 7473/7473/7473 7470/7470/7470 7475/7475/7475
f 7472/7472/7472 7476/7476/7476 7474/7474/7474
f 7471/7471/7471 7476/7476/7476 7472/7472/7472
f 7476/7476/7476 7477/7477/7477 7474/7474/7474
f 7478/7478/7478 7473/7473/7473 7475/7475/7475
f 7471/7471/7471 7473/7473/7473 7478/7478/7478
f 7478/7478/7478 7475/7475/7475 7479/7479/7479
f 7476/7476/7476 7480/7480/7480 7477/7477/7477
f 7471/7471/7471 7480/7480/7480 7476/7476/7476
f 7480/7480/7480 7481/7481/7481 7477/7477/7477
f 7482/7482/7482 7478/7478/7478 7479/7479/7479
f 7471/7471/7471 7478/7478/7478 7482/7482/7482
f 7482/7482/7482 7479/7479/7479 7483/7483/7483
f 7480/7480/7480 7484/7484/7484 7481/7481/7481
f 7471/7471/7471 7484/7484/7484 7480/7480/7480
f 7484/7484/7484 7485/7485/7485 7481/7481/7481
f 7486/7486/7486 7483/7483/7483 7485/7485/7485
f 7486/7486/7486 7482/7482/7482 7483/7483/7483
f 7471/7471/7471 7482/7482/7482 7486/7486/7486
f 7484/7484/7484 7486/7486/7486 7485/7485/7485
f 7471/7471/7471 7486/7486/7486 7484/7484/7484
f 7489/7489/7489 7488/7488/7488 7487/7487/7487
f 7490/7490/7490 7489/7489/7489 7487/7487/7487
f 7491/7491/7491 7489/7489/7489 7490/7490/7490
f 7487/7487/7487 7488/7488/7488 7492/7492/7492
f 7488/7488/7488 7493/7493/7493 7492/7492/7492
f 7494/7494/7494 7491/7491/7491 7490/7490/7490
f 7495/7495/7495 7491/7491/7491 7494/7494/7494
f 7490/7490/7490 7487/7487/7487 7496/7496/7496
f 7487/7487/7487 7492/7492/7492 7496/7496/7496
f 7494/7494/7494 7490/7490/7490 7496/7496/7496
f 7492/7492/7492 7497/7497/7497 7496/7496/7496
f 7492/7492/7492 7493/7493/7493 7497/7497/7497
f 7498/7498/7498 7494/7494/7494 7496/7496/7496
f 7498/7498/7498 7495/7495/7495 7494/7494/7494
f 7493/7493/7493 7499/7499/7499 7497/7497/7497
f 7500/7500/7500 7495/7495/7495 7498/7498/7498
f 7497/7497/7497 7499/7499/7499 7501/7501/7501
f 7497/7497/7497 7501/7501/7501 7496/7496/7496
f 7499/7499/7499 7502/7502/7502 7501/7501/7501
f 7503/7503/7503 7500/7500/7500 7498/7498/7498
f 7503/7503/7503 7498/7498/7498 7496/7496/7496
f 7504/7504/7504 7500/7500/7500 7503/7503/7503
f 7501/7501/7501 7502/7502/7502 7505/7505/7505
f 7501/7501/7501 7505/7505/7505 7496/7496/7496
f 7502/7502/7502 7506/7506/7506 7505/7505/7505
f 7507/7507/7507 7504/7504/7504 7503/7503/7503
f 7507/7507/7507 7503/7503/7503 7496/7496/7496
f 7508/7508/7508 7504/7504/7504 7507/7507/7507
f 7505/7505/7505 7506/7506/7506 7509/7509/7509
f 7505/7505/7505 7509/7509/7509 7496/7496/7496
f 7506/7506/7506 7510/7510/7510 7509/7509/7509
f 7511/7511/7511 7508/7508/7508 7507/7507/7507
f 7511/7511/7511 7507/7507/7507 7496/7496/7496
f 7509/7509/7509 7511/7511/7511 7496/7496/7496
f 7510/7510/7510 7508/7508/7508 7511/7511/7511
f 7509/7509/7509 7510/7510/7510 7511/7511/7511
f 7514/7514/7514 7513/7513/7513 7512/7512/7512
f 7515/7515/7515 7514/7514/7514 7512/7512/7512
f 7515/7515/7515 7512/7512/7512 7516/7516/7516
f 7514/7514/7514 7517/7517/7517 7513/7513/7513
f 7517/7517/7517 7518/7518/7518 7513/7513/7513
f 7519/7519/7519 7515/7515/7515 7516/7516/7516
f 7519/7519/7519 7516/7516/7516 7520/7520/7520
f 7521/7521/7521 7514/7514/7514 7515/7515/7515
f 7521/7521/7521 7517/7517/7517 7514/7514/7514
f 7521/7521/7521 7515/7515/7515 7519/7519/7519
f 7521/7521/7521 7522/7522/7522 7517/7517/7517
f 7517/7517/7517 7522/7522/7522 7518/7518/7518
f 7521/7521/7521 7519/7519/7519 7523/7523/7523
f 7523/7523/7523 7519/7519/7519 7520/7520/7520
f 7522/7522/7522 7524/7524/7524 7518/7518/7518
f 7523/7523/7523 7520/7520/7520 7525/7525/7525
f 7522/7522/7522 7526/7526/7526 7524/7524/7524
f 7521/7521/7521 7526/7526/7526 7522/7522/7522
f 7526/7526/7526 7527/7527/7527 7524/7524/7524
f 7528/7528/7528 7523/7523/7523 7525/7525/7525
f 7521/7521/7521 7523/7523/7523 7528/7528/7528
f 7528/7528/7528 7525/7525/7525 7529/7529/7529
f 7526/7526/7526 7530/7530/7530 7527/7527/7527
f 7521/7521/7521 7530/7530/7530 7526/7526/7526
f 7530/7530/7530 7531/7531/7531 7527/7527/7527
f 7532/7532/7532 7528/7528/7528 7529/7529/7529
f 7521/7521/7521 7528/7528/7528 7532/7532/7532
f 7532/7532/7532 7529/7529/7529 7533/7533/7533
f 7530/7530/7530 7534/7534/7534 7531/7531/7531
f 7521/7521/7521 7534/7534/7534 7530/7530/7530
f 7534/7534/7534 7535/7535/7535 7531/7531/7531
f 7536/7536/7536 7533/7533/7533 7535/7535/7535
f 7536/7536/7536 7532/7532/7532 7533/7533/7533
f 7521/7521/7521 7532/7532/7532 7536/7536/7536
f 7534/7534/7534 7536/7536/7536 7535/7535/7535
f 7521/7521/7521 7536/7536/7536 7534/7534/7534
f 7539/7539/7539 7538/7538/7538 7537/7537/7537
f 7540/7540/7540 7539/7539/7539 7537/7537/7537
f 7541/7541/7541 7539/7539/7539 7540/7540/7540
f 7537/7537/7537 7538/7538/7538 7542/7542/7542
f 7538/7538/7538 7543/7543/7543 7542/7542/7542
f 7544/7544/7544 7541/7541/7541 7540/7540/7540
f 7545/7545/7545 7541/7541/7541 7544/7544/7544
f 7540/7540/7540 7537/7537/7537 7546/7546/7546
f 7537/7537/7537 7542/7542/7542 7546/7546/7546
f 7544/7544/7544 7540/7540/7540 7546/7546/7546
f 7542/7542/7542 7547/7547/7547 7546/7546/7546
f 7542/7542/7542 7543/7543/7543 7547/7547/7547
f 7548/7548/7548 7544/7544/7544 7546/7546/7546
f 7548/7548/7548 7545/7545/7545 7544/7544/7544
f 7543/7543/7543 7549/7549/7549 7547/7547/7547
f 7550/7550/7550 7545/7545/7545 7548/7548/7548
f 7547/7547/7547 7549/7549/7549 7551/7551/7551
f 7547/7547/7547 7551/7551/7551 7546/7546/7546
f 7549/7549/7549 7552/7552/7552 7551/7551/7551
f 7553/7553/7553 7550/7550/7550 7548/7548/7548
f 7553/7553/7553 7548/7548/7548 7546/7546/7546
f 7554/7554/7554 7550/7550/7550 7553/7553/7553
f 7551/7551/7551 7552/7552/7552 7555/7555/7555
f 7551/7551/7551 7555/7555/7555 7546/7546/7546
f 7552/7552/7552 7556/7556/7556 7555/7555/7555
f 7557/7557/7557 7554/7554/7554 7553/7553/7553
f 7557/7557/7557 7553/7553/7553 7546/7546/7546
f 7558/7558/7558 7554/7554/7554 7557/7557/7557
f 7555/7555/7555 7556/7556/7556 7559/7559/7559
f 7555/7555/7555 7559/7559/7559 7546/7546/7546
f 7556/7556/7556 7560/7560/7560 7559/7559/7559
f 7561/7561/7561 7558/7558/7558 7557/7557/7557
f 7561/7561/7561 7557/7557/7557 7546/7546/7546
f 7559/7559/7559 7561/7561/7561 7546/7546/7546
f 7560/7560/7560 7558/7558/7558 7561/7561/7561
f 7559/7559/7559 7560/7560/7560 7561/7561/7561
f 7564/7564/7564 7563/7563/7563 7562/7562/7562
f 7565/7565/7565 7564/7564/7564 7562/7562/7562
f 7565/7565/7565 7562/7562/7562 7566/7566/7566
f 7564/7564/7564 7567/7567/7567 7563/7563/7563
f 7567/7567/7567 7568/7568/7568 7563/7563/7563
f 7569/7569/7569 7565/7565/7565 7566/7566/7566
f 7569/7569/7569 7566/7566/7566 7570/7570/7570
f 7571/7571/7571 7564/7564/7564 7565/7565/7565
f 7571/7571/7571 7567/7567/7567 7564/7564/7564
f 7571/7571/7571 7565/7565/7565 7569/7569/7569
f 7571/7571/7571 7572/7572/7572 7567/7567/7567
f 7567/7567/7567 7572/7572/7572 7568/7568/7568
f 7571/7571/7571 7569/7569/7569 7573/7573/7573
f 7573/7573/7573 7569/7569/7569 7570/7570/7570
f 7572/7572/7572 7574/7574/7574 7568/7568/7568
f 7573/7573/7573 7570/7570/7570 7575/7575/7575
f 7572/7572/7572 7576/7576/7576 7574/7574/7574
f 7571/7571/7571 7576/7576/7576 7572/7572/7572
f 7576/7576/7576 7577/7577/7577 7574/7574/7574
f 7578/7578/7578 7573/7573/7573 7575/7575/7575
f 7571/7571/7571 7573/7573/7573 7578/7578/7578
f 7578/7578/7578 7575/7575/7575 7579/7579/7579
f 7576/7576/7576 7580/7580/7580 7577/7577/7577
f 7571/7571/7571 7580/7580/7580 7576/7576/7576
f 7580/7580/7580 7581/7581/7581 7577/7577/7577
f 7582/7582/7582 7578/7578/7578 7579/7579/7579
f 7571/7571/7571 7578/7578/7578 7582/7582/7582
f 7582/7582/7582 7579/7579/7579 7583/7583/7583
f 7580/7580/7580 7584/7584/7584 7581/7581/7581
f 7571/7571/7571 7584/7584/7584 7580/7580/7580
f 7584/7584/7584 7585/7585/7585 7581/7581/7581
f 7586/7586/7586 7583/7583/7583 7585/7585/7585
f 7586/7586/7586 7582/7582/7582 7583/7583/7583
f 7571/7571/7571 7582/7582/7582 7586/7586/7586
f 7584/7584/7584 7586/7586/7586 7585/7585/7585
f 7571/7571/7571 7586/7586/7586 7584/7584/7584
f 7589/7589/7589 7588/7588/7588 7587/7587/7587
f 7590/7590/7590 7589/7589/7589 7587/7587/7587
f 7591/7591/7591 7589/7589/7589 7590/7590/7590
f 7587/7587/7587 7588/7588/7588 7592/7592/7592
f 7588/7588/7588 7593/7593/7593 7592/7592/7592
f 7594/7594/7594 7591/7591/7591 7590/7590/7590
f 7595/7595/7595 7591/7591/7591 7594/7594/7594
f 7590/7590/7590 7587/7587/7587 7596/7596/7596
f 7587/7587/7587 7592/7592/7592 7596/7596/7596
f 7594/7594/7594 7590/7590/7590 7596/7596/7596
f 7592/7592/7592 7597/7597/7597 7596/7596/7596
f 7592/7592/7592 7593/7593/7593 7597/7597/7597
f 7598/7598/7598 7594/7594/7594 7596/7596/7596
f 7598/7598/7598 7595/7595/7595 7594/7594/7594
f 7593/7593/7593 7599/7599/7599 7597/7597/7597
f 7600/7600/7600 7595/7595/7595 7598/7598/7598
f 7597/7597/7597 7599/7599/7599 7601/7601/7601
f 7597/7597/7597 7601/7601/7601 7596/7596/7596
f 7599/7599/7599 7602/7602/7602 7601/7601/7601
f 7603/7603/7603 7600/7600/7600 7598/7598/7598
f 7603/7603/7603 7598/7598/7598 7596/7596/7596
f 7604/7604/7604 7600/7600/7600 7603/7603/7603
f 7601/7601/7601 7602/7602/7602 7605/7605/7605
f 7601/7601/7601 7605/7605/7605 7596/7596/7596
f 7602/7602/7602 7606/7606/7606 7605/7605/7605
f 7607/7607/7607 7604/7604/7604 7603/7603/7603
f 7607/7607/7607 7603/7603/7603 7596/7596/7596
f 7608/7608/7608 7604/7604/7604 7607/7607/7607
f 7605/7605/7605 7606/7606/7606 7609/7609/7609
f 7605/7605/7605 7609/7609/7609 7596/7596/7596
f 7606/7606/7606 7610/7610/7610 7609/7609/7609
f 7611/7611/7611 7608/7608/7608 7607/7607/7607
f 7611/7611/7611 7607/7607/7607 7596/7596/7596
f 7609/7609/7609 7611/7611/7611 7596/7596/7596
f 7610/7610/7610 7608/7608/7608 7611/7611/7611
f 7609/7609/7609 7610/7610/7610 7611/7611/7611
f 7614/7614/7614 7613/7613/7613 7612/7612/7612
f 7615/7615/7615 7614/7614/7614 7612/7612/7612
f 7615/7615/7615 7612/7612/7612 7616/7616/7616
f 7614/7614/7614 7617/7617/7617 7613/7613/7613
f 7617/7617/7617 7618/7618/7618 7613/7613/7613
f 7619/7619/7619 7615/7615/7615 7616/7616/7616
f 7619/7619/7619 7616/7616/7616 7620/7620/7620
f 7621/7621/7621 7614/7614/7614 7615/7615/7615
f 7621/7621/7621 7617/7617/7617 7614/7614/7614
f 7621/7621/7621 7615/7615/7615 7619/7619/7619
f 7621/7621/7621 7622/7622/7622 7617/7617/7617
f 7617/7617/7617 7622/7622/7622 7618/7618/7618
f 7621/7621/7621 7619/7619/7619 7623/7623/7623
f 7623/7623/7623 7619/7619/7619 7620/7620/7620
f 7622/7622/7622 7624/7624/7624 7618/7618/7618
f 7623/7623/7623 7620/7620/7620 7625/7625/7625
f 7622/7622/7622 7626/7626/7626 7624/7624/7624
f 7621/7621/7621 7626/7626/7626 7622/7622/7622
f 7626/7626/7626 7627/7627/7627 7624/7624/7624
f 7628/7628/7628 7623/7623/7623 7625/7625/7625
f 7621/7621/7621 7623/7623/7623 7628/7628/7628
f 7628/7628/7628 7625/7625/7625 7629/7629/7629
f 7626/7626/7626 7630/7630/7630 7627/7627/7627
f 7621/7621/7621 7630/7630/7630 7626/7626/7626
f 7630/7630/7630 7631/7631/7631 7627/7627/7627
f 7632/7632/7632 7628/7628/7628 7629/7629/7629
f 7621/7621/7621 7628/7628/7628 7632/7632/7632
f 7632/7632/7632 7629/7629/7629 7633/7633/7633
f 7630/7630/7630 7634/7634/7634 7631/7631/7631
f 7621/7621/7621 7634/7634/7634 7630/7630/7630
f 7634/7634/7634 7635/7635/7635 7631/7631/7631
f 7636/7636/7636 7633/7633/7633 7635/7635/7635
f 7636/7636/7636 7632/7632/7632 7633/7633/7633
f 7621/7621/7621 7632/7632/7632 7636/7636/7636
f 7634/7634/7634 7636/7636/7636 7635/7635/7635
f 7621/7621/7621 7636/7636/7636 7634/7634/7634
f 7639/7639/7639 7638/7638/7638 7637/7637/7637
f 7640/7640/7640 7639/7639/7639 7637/7637/7637
f 7637/7637/7637 7638/7638/7638 7641/7641/7641
f 7642/7642/7642 7639/7639/7639 7640/7640/7640
f 7638/7638/7638 7643/7643/7643 7641/7641/7641
f 7644/7644/7644 7642/7642/7642 7640/7640/7640
f 7641/7641/7641 7643/7643/7643 7645/7645/7645
f 7646/7646/7646 7642/7642/7642 7644/7644/7644
f 7643/7643/7643 7647/7647/7647 7645/7645/7645
f 7648/7648/7648 7646/7646/7646 7644/7644/7644
f 7645/7645/7645 7647/7647/7647 7649/7649/7649
f 7650/7650/7650 7646/7646/7646 7648/7648/7648
f 7647/7647/7647 7651/7651/7651 7649/7649/7649
f 7652/7652/7652 7650/7650/7650 7648/7648/7648
f 7649/7649/7649 7651/7651/7651 7653/7653/7653
f 7654/7654/7654 7650/7650/7650 7652/7652/7652
f 7651/7651/7651 7655/7655/7655 7653/7653/7653
f 7656/7656/7656 7654/7654/7654 7652/7652/7652
f 7653/7653/7653 7655/7655/7655 7657/7657/7657
f 7658/7658/7658 7654/7654/7654 7656/7656/7656
f 7655/7655/7655 7659/7659/7659 7657/7657/7657
f 7660/7660/7660 7658/7658/7658 7656/7656/7656
f 7657/7657/7657 7659/7659/7659 7660/7660/7660
f 7659/7659/7659 7658/7658/7658 7660/7660/7660
f 7663/7663/7663 7662/7662/7662 7661/7661/7661
f 7664/7664/7664 7663/7663/7663 7661/7661/7661
f 7661/7661/7661 7662/7662/7662 7665/7665/7665
f 7666/7666/7666 7663/7663/7663 7664/7664/7664
f 7662/7662/7662 7667/7667/7667 7665/7665/7665
f 7668/7668/7668 7666/7666/7666 7664/7664/7664
f 7665/7665/7665 7667/7667/7667 7669/7669/7669
f 7670/7670/7670 7666/7666/7666 7668/7668/7668
f 7667/7667/7667 7671/7671/7671 7669/7669/7669
f 7672/7672/7672 7670/7670/7670 7668/7668/7668
f 7669/7669/7669 7671/7671/7671 7673/7673/7673
f 7674/7674/7674 7670/7670/7670 7672/7672/7672
f 7671/7671/7671 7675/7675/7675 7673/7673/7673
f 7676/7676/7676 7674/7674/7674 7672/7672/7672
f 7673/7673/7673 7675/7675/7675 7677/7677/7677
f 7678/7678/7678 7674/7674/7674 7676/7676/7676
f 7675/7675/7675 7679/7679/7679 7677/7677/7677
f 7680/7680/7680 7678/7678/7678 7676/7676/7676
f 7677/7677/7677 7679/7679/7679 7681/7681/7681
f 7682/7682/7682 7678/7678/7678 7680/7680/7680
f 7679/7679/7679 7683/7683/7683 7681/7681/7681
f 7684/7684/7684 7682/7682/7682 7680/7680/7680
f 7681/7681/7681 7683/7683/7683 7684/7684/7684
f 7683/7683/7683 7682/7682/7682 7684/7684/7684
f 7687/7687/7687 7686/7686/7686 7685/7685/7685
f 7688/7688/7688 7687/7687/7687 7685/7685/7685
f 7685/7685/7685 7686/7686/7686 7689/7689/7689
f 7690/7690/7690 7687/7687/7687 7688/7688/7688
f 7686/7686/7686 7691/7691/7691 7689/7689/7689
f 7692/7692/7692 7690/7690/7690 7688/7688/7688
f 7689/7689/7689 7691/7691/7691 7693/7693/7693
f 7694/7694/7694 7690/7690/7690 7692/7692/7692
f 7691/7691/7691 7695/7695/7695 7693/7693/7693
f 7696/7696/7696 7694/7694/7694 7692/7692/7692
f 7693/7693/7693 7695/7695/7695 7697/7697/7697
f 7698/7698/7698 7694/7694/7694 7696/7696/7696
f 7695/7695/7695 7699/7699/7699 7697/7697/7697
f 7700/7700/7700 7698/7698/7698 7696/7696/7696
f 7697/7697/7697 7699/7699/7699 7701/7701/7701
f 7702/7702/7702 7698/7698/7698 7700/7700/7700
f 7699/7699/7699 7703/7703/7703 7701/7701/7701
f 7704/7704/7704 7702/7702/7702 7700/7700/7700
f 7701/7701/7701 7703/7703/7703 7705/7705/7705
f 7706/7706/7706 7702/7702/7702 7704/7704/7704
f 7703/7703/7703 7707/7707/7707 7705/7705/7705
f 7708/7708/7708 7706/7706/7706 7704/7704/7704
f 7705/7705/7705 7707/7707/7707 7708/7708/7708
f 7707/7707/7707 7706/7706/7706 7708/7708/7708
f 7711/7711/7711 7710/7710/7710 7709/7709/7709
f 7712/7712/7712 7711/7711/7711 7709/7709/7709
f 7709/7709/7709 7710/7710/7710 7713/7713/7713
f 7714/7714/7714 7711/7711/7711 7712/7712/7712
f 7710/7710/7710 7715/7715/7715 7713/7713/7713
f 7716/7716/7716 7714/7714/7714 7712/7712/7712
f 7713/7713/7713 7715/7715/7715 7717/7717/7717
f 7718/7718/7718 7714/7714/7714 7716/7716/7716
f 7715/7715/7715 7719/7719/7719 7717/7717/7717
f 7720/7720/7720 7718/7718/7718 7716/7716/7716
f 7717/7717/7717 7719/7719/7719 7721/7721/7721
f 7722/7722/7722 7718/7718/7718 7720/7720/7720
f 7719/7719/7719 7723/7723/7723 7721/7721/7721
f 7724/7724/7724 7722/7722/7722 7720/7720/7720
f 7721/7721/7721 7723/7723/7723 7725/7725/7725
f 7726/7726/7726 7722/7722/7722 7724/7724/7724
f 7723/7723/7723 7727/7727/7727 7725/7725/7725
f 7728/7728/7728 7726/7726/7726 7724/7724/7724
f 7725/7725/7725 7727/7727/7727 7729/7729/7729
f 7730/7730/7730 7726/7726/7726 7728/7728/7728
f 7727/7727/7727 7731/7731/7731 7729/7729/7729
f 7732/7732/7732 7730/7730/7730 7728/7728/7728
f 7729/7729/7729 7731/7731/7731 7732/7732/7732
f 7731/7731/7731 7730/7730/7730 7732/7732/7732
f 7735/7735/7735 7734/7734/7734 7733/7733/7733
f 7736/7736/7736 7735/7735/7735 7733/7733/7733
f 7735/7735/7735 7737/7737/7737 7734/7734/7734
f 7736/7736/7736 7733/7733/7733 7738/7738/7738
f 7737/7737/7737 7739/7739/7739 7734/7734/7734
f 7740/7740/7740 7736/7736/7736 7738/7738/7738
f 7737/7737/7737 7741/7741/7741 7739/7739/7739
f 7740/7740/7740 7738/7738/7738 7742/7742/7742
f 7741/7741/7741 7743/7743/7743 7739/7739/7739
f 7744/7744/7744 7740/7740/7740 7742/7742/7742
f 7741/7741/7741 7745/7745/7745 7743/7743/7743
f 7744/7744/7744 7742/7742/7742 7746/7746/7746
f 7745/7745/7745 7747/7747/7747 7743/7743/7743
f 7748/7748/7748 7744/7744/7744 7746/7746/7746
f 7745/7745/7745 7749/7749/7749 7747/7747/7747
f 7748/7748/7748 7746/7746/7746 7750/7750/7750
f 7749/7749/7749 7751/7751/7751 7747/7747/7747
f 7752/7752/7752 7748/7748/7748 7750/7750/7750
f 7749/7749/7749 7753/7753/7753 7751/7751/7751
f 7752/7752/7752 7750/7750/7750 7754/7754/7754
f 7753/7753/7753 7755/7755/7755 7751/7751/7751
f 7756/7756/7756 7752/7752/7752 7754/7754/7754
f 7756/7756/7756 7754/7754/7754 7755/7755/7755
f 7753/7753/7753 7756/7756/7756 7755/7755/7755
f 7759/7759/7759 7758/7758/7758 7757/7757/7757
f 7760/7760/7760 7759/7759/7759 7757/7757/7757
f 7759/7759/7759 7761/7761/7761 7758/7758/7758
f 7760/7760/7760 7757/7757/7757 7762/7762/7762
f 7761/7761/7761 7763/7763/7763 7758/7758/7758
f 7764/7764/7764 7760/7760/7760 7762/7762/7762
f 7761/7761/7761 7765/7765/7765 7763/7763/7763
f 7764/7764/7764 7762/7762/7762 7766/7766/7766
f 7765/7765/7765 7767/7767/7767 7763/7763/7763
f 7768/7768/7768 7764/7764/7764 7766/7766/7766
f 7765/7765/7765 7769/7769/7769 7767/7767/7767
f 7768/7768/7768 7766/7766/7766 7770/7770/7770
f 7769/7769/7769 7771/7771/7771 7767/7767/7767
f 7772/7772/7772 7768/7768/7768 7770/7770/7770
f 7769/7769/7769 7773/7773/7773 7771/7771/7771
f 7772/7772/7772 7770/7770/7770 7774/7774/7774
f 7773/7773/7773 7775/7775/7775 7771/7771/7771
f 7776/7776/7776 7772/7772/7772 7774/7774/7774
f 7773/7773/7773 7777/7777/7777 7775/7775/7775
f 7776/7776/7776 7774/7774/7774 7778/7778/7778
f 7777/7777/7777 7779/7779/7779 7775/7775/7775
f 7780/7780/7780 7776/7776/7776 7778/7778/7778
f 7780/7780/7780 7778/7778/7778 7779/7779/7779
f 7777/7777/7777 7780/7780/7780 7779/7779/7779
f 7783/7783/7783 7782/7782/7782 7781/7781/7781
f 7784/7784/7784 7783/7783/7783 7781/7781/7781
f 7783/7783/7783 7785/7785/7785 7782/7782/7782
f 7784/7784/7784 7781/7781/7781 7786/7786/7786
f 7785/7785/7785 7787/7787/7787 7782/7782/7782
f 7788/7788/7788 7784/7784/7784 7786/7786/7786
f 7785/7785/7785 7789/7789/7789 7787/7787/7787
f 7788/7788/7788 7786/7786/7786 7790/7790/7790
f 7789/7789/7789 7791/7791/7791 7787/7787/7787
f 7792/7792/7792 7788/7788/7788 7790/7790/7790
f 7789/7789/7789 7793/7793/7793 7791/7791/7791
f 7792/7792/7792 7790/7790/7790 7794/7794/7794
f 7793/7793/7793 7795/7795/7795 7791/7791/7791
f 7796/7796/7796 7792/7792/7792 7794/7794/7794
f 7793/7793/7793 7797/7797/7797 7795/7795/7795
f 7796/7796/7796 7794/7794/7794 7798/7798/7798
f 7797/7797/7797 7799/7799/7799 7795/7795/7795
f 7800/7800/7800 7796/7796/7796 7798/7798/7798
f 7797/7797/7797 7801/7801/7801 7799/7799/7799
f 7800/7800/7800 7798/7798/7798 7802/7802/7802
f 7801/7801/7801 7803/7803/7803 7799/7799/7799
f 7804/7804/7804 7800/7800/7800 7802/7802/7802
f 7804/7804/7804 7802/7802/7802 7803/7803/7803
f 7801/7801/7801 7804/7804/7804 7803/7803/7803
f 7807/7807/7807 7806/7806/7806 7805/7805/7805
f 7808/7808/7808 7807/7807/7807 7805/7805/7805
f 7807/7807/7807 7809/7809/7809 7806/7806/7806
f 7808/7808/7808 7805/7805/7805 7810/7810/7810
f 7809/7809/7809 7811/7811/7811 7806/7806/7806
f 7812/7812/7812 7808/7808/7808 7810/7810/7810
f 7809/7809/7809 7813/7813/7813 7811/7811/7811
f 7812/7812/7812 7810/7810/7810 7814/7814/7814
f 7813/7813/7813 7815/7815/7815 7811/7811/7811
f 7816/7816/7816 7812/7812/7812 7814/7814/7814
f 7813/7813/7813 7817/7817/7817 7815/7815/7815
f 7816/7816/7816 7814/7814/7814 7818/7818/7818
f 7817/7817/7817 7819/7819/7819 7815/7815/7815
f 7820/7820/7820 7816/7816/7816 7818/7818/7818
f 7817/7817/7817 7821/7821/7821 7819/7819/7819
f 7820/7820/7820 7818/7818/7818 7822/7822/7822
f 7821/7821/7821 7823/7823/7823 7819/7819/7819
f 7824/7824/7824 7820/7820/7820 7822/7822/7822
f 7821/7821/7821 7825/7825/7825 7823/7823/7823
f 7824/7824/7824 7822/7822/7822 7826/7826/7826
f 7825/7825/7825 7827/7827/7827 7823/7823/7823
f 7828/7828/7828 7824/7824/7824 7826/7826/7826
f 7828/7828/7828 7826/7826/7826 7827/7827/7827
f 7825/7825/7825 7828/7828/7828 7827/7827/7827
