g GuardTower_1_4
v 1.6057494 0.0888756 -2.69085
v 1.590869 0.13364038 -2.668331
v 1.5863073 0.1052514 -2.693654
v 1.590869 0.13364038 -2.668331
v 1.6070983 0.12885232 -2.647849
v 1.5801798 0.117696635 -2.6274812
v 1.590869 0.13364038 -2.668331
v 1.5801798 0.117696635 -2.6274812
v 1.5635616 0.11690059 -2.649597
v 1.6057494 0.0888756 -2.69085
v 1.5863073 0.1052514 -2.693654
v 1.5870126 0.0888756 -2.7021158
v 1.6906354 0.08977856 -2.6327884
v 1.6197139 0.08164433 -2.568064
v 1.5556511 0.08977858 -2.5770442
v 3.2271597 0.44180414 1.7322589
v 3.2271597 1.3925767E-08 1.7322589
v 2.9085755 1.3925767E-08 1.7322589
v 2.9085755 0.22295362 1.7322589
v 2.9085755 0.44180414 1.7322589
v 3.2271597 0.44180414 1.7322589
v 2.9085755 0.44180414 1.7322589
v 2.9590912 0.44180414 1.6817431
v 3.176644 0.44180414 1.6817431
v 2.9085755 0.44180414 1.7322589
v 2.9085755 0.44180414 1.4136745
v 2.9590912 0.44180414 1.4641902
v 2.9590912 0.44180414 1.6817431
v 2.9085755 0.44180414 1.4136745
v 3.2271597 0.44180414 1.4136745
v 3.176644 0.44180414 1.4641902
v 2.9590912 0.44180414 1.4641902
v 3.2271597 0.44180414 1.4136745
v 3.2271597 0.44180414 1.7322589
v 3.176644 0.44180414 1.6817431
v 3.176644 0.44180414 1.4641902
v 2.9590912 0.44180414 1.4641902
v 3.176644 0.44180414 1.4641902
v 3.176644 0.37680036 1.4641902
v 2.9590912 0.37680036 1.4641902
v 3.176644 0.44180414 1.4641902
v 3.176644 0.44180414 1.6817431
v 3.176644 0.37680036 1.6817431
v 3.176644 0.37680036 1.4641902
v 3.176644 0.37680036 1.4641902
v 3.176644 0.37680036 1.6817431
v 2.9590912 0.37680036 1.6817431
v 2.9590912 0.37680036 1.4641902
v 2.9085755 0.22295357 1.4136745
v 2.9085755 0.37504217 1.5230695
v 2.9085755 0.22295359 1.5230695
v 2.9085755 0.44180414 1.4136745
v 2.9085755 0.44180414 1.7322589
v 2.9085755 0.37504217 1.6228694
v 2.9085755 0.22295362 1.7322589
v 2.9085755 0.22295359 1.6228694
v 2.968104 0.37504217 1.5230695
v 2.968104 0.37504217 1.6228694
v 2.968104 0.22295359 1.6228694
v 2.968104 0.22295359 1.5230695
v 2.9085755 0.22295359 1.6228694
v 2.9085755 0.22295359 1.5230695
v 2.968104 0.22295359 1.5230695
v 2.968104 0.22295359 1.6228694
v 2.9085755 0.22295359 1.5230695
v 2.9085755 0.37504217 1.5230695
v 2.968104 0.37504217 1.5230695
v 2.968104 0.22295359 1.5230695
v 2.9085755 0.37504217 1.5230695
v 2.9085755 0.37504217 1.6228694
v 2.968104 0.37504217 1.6228694
v 2.968104 0.37504217 1.5230695
v 2.9085755 0.37504217 1.6228694
v 2.9085755 0.22295359 1.6228694
v 2.968104 0.22295359 1.6228694
v 2.968104 0.37504217 1.6228694
v 3.2271597 -2.6110044E-07 -1.4136745
v 2.9085755 -2.6110044E-07 -1.4136745
v 2.9085755 0.22295333 -1.4136745
v 3.2271597 0.4418039 -1.4136745
v 2.9085755 0.4418039 -1.4136745
v 3.2271597 0.44180387 -1.7322589
v 3.176644 0.44180387 -1.6817431
v 2.9590912 0.44180387 -1.6817431
v 2.9085755 0.44180387 -1.7322589
v 2.9085755 0.44180387 -1.7322589
v 2.9590912 0.44180387 -1.6817431
v 2.9590912 0.44180387 -1.4641902
v 2.9085755 0.4418039 -1.4136745
v 2.9085755 0.4418039 -1.4136745
v 2.9590912 0.44180387 -1.4641902
v 3.176644 0.44180387 -1.4641902
v 3.2271597 0.4418039 -1.4136745
v 3.2271597 0.4418039 -1.4136745
v 3.176644 0.44180387 -1.4641902
v 3.176644 0.44180387 -1.6817431
v 3.2271597 0.44180387 -1.7322589
v 3.176644 0.44180387 -1.6817431
v 3.176644 0.37680006 -1.6817431
v 2.9590912 0.37680006 -1.6817431
v 2.9590912 0.44180387 -1.6817431
v 3.176644 0.44180387 -1.4641902
v 3.176644 0.3768001 -1.4641902
v 3.176644 0.37680006 -1.6817431
v 3.176644 0.44180387 -1.6817431
v 3.176644 0.3768001 -1.4641902
v 2.9590912 0.3768001 -1.4641902
v 2.9590912 0.37680006 -1.6817431
v 3.176644 0.37680006 -1.6817431
v 2.9085755 0.22295333 -1.4136745
v 2.9085755 0.22295333 -1.5230695
v 2.9085755 0.3750419 -1.5230695
v 2.9085755 0.4418039 -1.4136745
v 2.9085755 0.44180387 -1.7322589
v 2.9085755 0.3750419 -1.6228694
v 2.9085755 0.2229533 -1.7322589
v 2.9085755 0.2229533 -1.6228694
v 2.968104 0.2229533 -1.6228694
v 2.968104 0.3750419 -1.6228694
v 2.968104 0.3750419 -1.5230695
v 2.968104 0.22295333 -1.5230695
v 2.9085755 0.2229533 -1.6228694
v 2.968104 0.2229533 -1.6228694
v 2.968104 0.22295333 -1.5230695
v 2.9085755 0.22295333 -1.5230695
v 2.9085755 0.22295333 -1.5230695
v 2.968104 0.22295333 -1.5230695
v 2.968104 0.3750419 -1.5230695
v 2.9085755 0.3750419 -1.5230695
v 2.9085755 0.3750419 -1.5230695
v 2.968104 0.3750419 -1.5230695
v 2.968104 0.3750419 -1.6228694
v 2.9085755 0.3750419 -1.6228694
v 2.9085755 0.3750419 -1.6228694
v 2.968104 0.3750419 -1.6228694
v 2.968104 0.2229533 -1.6228694
v 2.9085755 0.2229533 -1.6228694
v 1.4136755 1.4461415E-07 3.2271597
v 1.4136754 1.16762614E-07 2.9085753
v 1.4136754 0.2229537 2.9085753
v 1.4136755 0.4418043 3.2271597
v 1.4136754 0.44180423 2.9085753
v 1.4136755 1.4461415E-07 3.2271597
v 1.4136755 0.4418043 3.2271597
v 1.73226 0.4418043 3.2271597
v 1.73226 1.4461415E-07 3.2271597
v 1.73226 0.4418043 3.2271597
v 1.6817443 0.4418043 3.1766438
v 1.6817441 0.4418043 2.959091
v 1.73226 0.44180423 2.9085753
v 1.73226 0.44180423 2.9085753
v 1.6817441 0.4418043 2.959091
v 1.4641912 0.4418043 2.959091
v 1.4136754 0.44180423 2.9085753
v 1.4136754 0.44180423 2.9085753
v 1.4641912 0.4418043 2.959091
v 1.4641913 0.4418043 3.1766438
v 1.4136755 0.4418043 3.2271597
v 1.4136755 0.4418043 3.2271597
v 1.4641913 0.4418043 3.1766438
v 1.6817443 0.4418043 3.1766438
v 1.73226 0.4418043 3.2271597
v 1.6817443 0.4418043 3.1766438
v 1.6817443 0.37680048 3.1766438
v 1.6817441 0.37680048 2.959091
v 1.6817441 0.4418043 2.959091
v 1.4641912 0.4418043 2.959091
v 1.6817441 0.4418043 2.959091
v 1.6817441 0.37680048 2.959091
v 1.4641912 0.37680048 2.959091
v 1.6817441 0.37680048 2.959091
v 1.6817443 0.37680048 3.1766438
v 1.4641913 0.37680048 3.1766438
v 1.4641912 0.37680048 2.959091
v -1.7322583 0.4418043 3.22716
v -1.7322583 1.4461419E-07 3.22716
v -1.7322583 1.1676264E-07 2.9085755
v -1.7322583 0.2229537 2.9085755
v -1.7322583 0.44180423 2.9085755
v -1.4136739 1.4461416E-07 3.2271597
v -1.7322583 1.4461419E-07 3.22716
v -1.7322583 0.4418043 3.22716
v -1.4136739 0.4418043 3.2271597
v -1.7322583 0.4418043 3.22716
v -1.7322583 0.44180423 2.9085755
v -1.6817425 0.4418043 2.9590914
v -1.6817425 0.4418043 3.176644
v -1.7322583 0.44180423 2.9085755
v -1.4136739 0.44180423 2.9085755
v -1.4641896 0.4418043 2.9590914
v -1.6817425 0.4418043 2.9590914
v -1.4136739 0.44180423 2.9085755
v -1.4136739 0.4418043 3.2271597
v -1.4641896 0.4418043 3.176644
v -1.4641896 0.4418043 2.9590914
v -1.4136739 0.4418043 3.2271597
v -1.7322583 0.4418043 3.22716
v -1.6817425 0.4418043 3.176644
v -1.4641896 0.4418043 3.176644
v -1.6817425 0.37680048 2.9590914
v -1.6817425 0.4418043 2.9590914
v -1.4641896 0.4418043 2.9590914
v -1.4641896 0.37680048 2.9590914
v -1.4641896 0.4418043 2.9590914
v -1.4641896 0.4418043 3.176644
v -1.4641896 0.37680048 3.176644
v -1.4641896 0.37680048 2.9590914
v -1.4641896 0.37680048 3.176644
v -1.6817425 0.37680048 3.176644
v -1.6817425 0.37680048 2.9590914
v -1.4641896 0.37680048 2.9590914
v -2.9085755 1.3925767E-08 1.7322589
v -3.2271597 1.3925767E-08 1.7322589
v -3.2271597 0.44180414 1.7322589
v -2.9085755 0.22295362 1.7322589
v -2.9085755 0.44180414 1.7322589
v -3.2271597 -1.3925767E-08 1.4136745
v -3.2271597 0.44180414 1.4136745
v -3.2271597 0.44180414 1.7322589
v -3.2271597 1.3925767E-08 1.7322589
v -3.2271597 0.44180414 1.7322589
v -3.176644 0.44180414 1.6817431
v -2.9590912 0.44180414 1.6817431
v -2.9085755 0.44180414 1.7322589
v -2.9085755 0.44180414 1.7322589
v -2.9590912 0.44180414 1.6817431
v -2.9590912 0.44180414 1.4641902
v -2.9085755 0.44180414 1.4136745
v -2.9085755 0.44180414 1.4136745
v -2.9590912 0.44180414 1.4641902
v -3.176644 0.44180414 1.4641902
v -3.2271597 0.44180414 1.4136745
v -3.2271597 0.44180414 1.4136745
v -3.176644 0.44180414 1.4641902
v -3.176644 0.44180414 1.6817431
v -3.2271597 0.44180414 1.7322589
v -2.9590912 0.44180414 1.4641902
v -2.9590912 0.44180414 1.6817431
v -2.9590912 0.37680036 1.6817431
v -2.9590912 0.37680036 1.4641902
v -2.9590912 0.44180414 1.4641902
v -2.9590912 0.37680036 1.4641902
v -3.176644 0.37680036 1.4641902
v -3.176644 0.44180414 1.4641902
v -2.9590912 0.37680036 1.6817431
v -3.176644 0.37680036 1.6817431
v -3.176644 0.37680036 1.4641902
v -2.9590912 0.37680036 1.4641902
v -2.9085755 0.22295333 -1.4136745
v -2.9085755 -2.6110044E-07 -1.4136745
v -3.2271597 -2.6110044E-07 -1.4136745
v -3.2271597 0.4418039 -1.4136745
v -2.9085755 0.4418039 -1.4136745
v -3.2271597 -2.6110044E-07 -1.4136745
v -3.2271597 -2.88952E-07 -1.7322589
v -3.2271597 0.44180387 -1.7322589
v -3.2271597 0.4418039 -1.4136745
v -3.2271597 0.44180387 -1.7322589
v -2.9085755 0.44180387 -1.7322589
v -2.9590912 0.44180387 -1.6817431
v -3.176644 0.44180387 -1.6817431
v -2.9085755 0.44180387 -1.7322589
v -2.9085755 0.4418039 -1.4136745
v -2.9590912 0.44180387 -1.4641902
v -2.9590912 0.44180387 -1.6817431
v -2.9085755 0.4418039 -1.4136745
v -3.2271597 0.4418039 -1.4136745
v -3.176644 0.44180387 -1.4641902
v -2.9590912 0.44180387 -1.4641902
v -3.2271597 0.4418039 -1.4136745
v -3.2271597 0.44180387 -1.7322589
v -3.176644 0.44180387 -1.6817431
v -3.176644 0.44180387 -1.4641902
v -3.176644 0.44180387 -1.6817431
v -2.9590912 0.44180387 -1.6817431
v -2.9590912 0.37680006 -1.6817431
v -3.176644 0.37680006 -1.6817431
v -2.9590912 0.37680006 -1.6817431
v -2.9590912 0.44180387 -1.6817431
v -2.9590912 0.44180387 -1.4641902
v -2.9590912 0.3768001 -1.4641902
v -2.9590912 0.37680006 -1.6817431
v -2.9590912 0.3768001 -1.4641902
v -3.176644 0.3768001 -1.4641902
v -3.176644 0.37680006 -1.6817431
v 1.4136745 0.22295322 -2.9085755
v 1.4136745 -3.917889E-07 -2.9085755
v 1.4136742 -4.1964043E-07 -3.22716
v 1.4136742 0.44180372 -3.22716
v 1.4136745 0.44180375 -2.9085755
v 1.7322589 0.44180372 -3.22716
v 1.7322589 0.44180375 -2.9085755
v 1.6817431 0.44180375 -2.9590914
v 1.6817431 0.44180372 -3.1766443
v 1.7322589 0.44180375 -2.9085755
v 1.4136745 0.44180375 -2.9085755
v 1.4641902 0.44180375 -2.9590914
v 1.6817431 0.44180375 -2.9590914
v 1.4136745 0.44180375 -2.9085755
v 1.4136742 0.44180372 -3.22716
v 1.4641902 0.44180372 -3.1766443
v 1.4641902 0.44180375 -2.9590914
v 1.4136742 0.44180372 -3.22716
v 1.7322589 0.44180372 -3.22716
v 1.6817431 0.44180372 -3.1766443
v 1.4641902 0.44180372 -3.1766443
v 1.6817431 0.44180372 -3.1766443
v 1.6817431 0.44180375 -2.9590914
v 1.6817431 0.37679994 -2.9590914
v 1.6817431 0.37679994 -3.1766443
v 1.4641902 0.44180372 -3.1766443
v 1.6817431 0.44180372 -3.1766443
v 1.6817431 0.37679994 -3.1766443
v 1.4641902 0.37679994 -3.1766443
v 1.6817431 0.37679994 -3.1766443
v 1.6817431 0.37679994 -2.9590914
v 1.4641902 0.37679994 -2.9590914
v 1.4641902 0.37679994 -3.1766443
v 1.4136745 0.22295322 -2.9085755
v 1.5230694 0.37504178 -2.9085755
v 1.5230694 0.22295322 -2.9085755
v 1.4136745 0.44180375 -2.9085755
v 1.7322589 0.44180375 -2.9085755
v 1.6228694 0.37504178 -2.9085755
v 1.7322589 0.22295322 -2.9085755
v 1.6228694 0.22295322 -2.9085755
v 1.5230694 0.37504178 -2.9681044
v 1.6228694 0.37504178 -2.9681044
v 1.6228694 0.22295319 -2.9681044
v 1.5230694 0.22295319 -2.9681044
v 1.6228694 0.22295322 -2.9085755
v 1.5230694 0.22295322 -2.9085755
v 1.5230694 0.22295319 -2.9681044
v 1.6228694 0.22295319 -2.9681044
v 1.5230694 0.22295322 -2.9085755
v 1.5230694 0.37504178 -2.9085755
v 1.5230694 0.37504178 -2.9681044
v 1.5230694 0.22295319 -2.9681044
v 1.5230694 0.37504178 -2.9085755
v 1.6228694 0.37504178 -2.9085755
v 1.6228694 0.37504178 -2.9681044
v 1.5230694 0.37504178 -2.9681044
v 1.6228694 0.37504178 -2.9085755
v 1.6228694 0.22295322 -2.9085755
v 1.6228694 0.22295319 -2.9681044
v 1.6228694 0.37504178 -2.9681044
v -1.732259 -3.917889E-07 -2.9085755
v -1.732259 -4.1964043E-07 -3.22716
v -1.732259 0.44180372 -3.22716
v -1.732259 0.22295322 -2.9085755
v -1.732259 0.44180375 -2.9085755
v -1.732259 0.44180372 -3.22716
v -1.6817434 0.44180372 -3.1766443
v -1.6817434 0.44180375 -2.9590914
v -1.732259 0.44180375 -2.9085755
v -1.732259 0.44180375 -2.9085755
v -1.6817434 0.44180375 -2.9590914
v -1.4641904 0.44180375 -2.9590914
v -1.4136746 0.44180375 -2.9085755
v -1.4136746 0.44180375 -2.9085755
v -1.4641904 0.44180375 -2.9590914
v -1.4641904 0.44180372 -3.1766443
v -1.4136746 0.44180372 -3.22716
v -1.4136746 0.44180372 -3.22716
v -1.4641904 0.44180372 -3.1766443
v -1.6817434 0.44180372 -3.1766443
v -1.732259 0.44180372 -3.22716
v -1.4641904 0.44180375 -2.9590914
v -1.4641904 0.37679994 -2.9590914
v -1.4641904 0.37679994 -3.1766443
v -1.4641904 0.44180372 -3.1766443
v -1.4641904 0.44180372 -3.1766443
v -1.4641904 0.37679994 -3.1766443
v -1.6817434 0.37679994 -3.1766443
v -1.6817434 0.44180372 -3.1766443
v -1.4641904 0.37679994 -2.9590914
v -1.6817434 0.37679994 -2.9590914
v -1.6817434 0.37679994 -3.1766443
v -1.4641904 0.37679994 -3.1766443
v -1.4136746 0.22295322 -2.9085755
v -1.5230695 0.22295322 -2.9085755
v -1.5230695 0.37504178 -2.9085755
v -1.4136746 0.44180375 -2.9085755
v -1.732259 0.44180375 -2.9085755
v -1.6228696 0.37504178 -2.9085755
v -1.732259 0.22295322 -2.9085755
v -1.6228696 0.22295322 -2.9085755
v -1.6228696 0.22295319 -2.968104
v -1.6228696 0.37504178 -2.968104
v -1.5230695 0.37504178 -2.968104
v -1.5230695 0.22295319 -2.968104
v -1.6228696 0.22295322 -2.9085755
v -1.6228696 0.22295319 -2.968104
v -1.5230695 0.22295319 -2.968104
v -1.5230695 0.22295322 -2.9085755
v -1.5230695 0.22295322 -2.9085755
v -1.5230695 0.22295319 -2.968104
v -1.5230695 0.37504178 -2.968104
v -1.5230695 0.37504178 -2.9085755
v -1.5230695 0.37504178 -2.9085755
v -1.5230695 0.37504178 -2.968104
v -1.6228696 0.37504178 -2.968104
v -1.6228696 0.37504178 -2.9085755
v -1.6228696 0.37504178 -2.9085755
v -1.6228696 0.37504178 -2.968104
v -1.6228696 0.22295319 -2.968104
v -1.6228696 0.22295322 -2.9085755
v 0.60751647 0.22883724 3.021957
v 0.60751647 1.2667475E-07 3.021957
v 0.24205378 1.2667475E-07 3.021957
v 0.24205378 0.5393712 3.021957
v 0.60751647 0.5393712 3.021957
v 0.24205378 0.5393712 2.6564944
v 0.6075162 0.5393712 2.6564944
v 0.5495674 0.5393712 2.7144432
v 0.30000266 0.5393712 2.7144432
v 0.6075162 0.5393712 2.6564944
v 0.60751647 0.5393712 3.021957
v 0.5495674 0.5393712 2.9640079
v 0.5495674 0.5393712 2.7144432
v 0.60751647 0.5393712 3.021957
v 0.24205378 0.5393712 3.021957
v 0.30000284 0.5393712 2.9640079
v 0.5495674 0.5393712 2.9640079
v 0.30000266 0.5393712 2.7144432
v 0.5495674 0.5393712 2.7144432
v 0.5495674 0.46001208 2.7144432
v 0.30000266 0.46001208 2.7144432
v 0.5495674 0.46001208 2.7144432
v 0.5495674 0.5393712 2.7144432
v 0.5495674 0.5393712 2.9640079
v 0.5495674 0.4600121 2.9640079
v 0.5495674 0.46001208 2.7144432
v 0.5495674 0.4600121 2.9640079
v 0.30000266 0.4600121 2.9640079
v 0.30000266 0.46001208 2.7144432
v -0.30000246 0.46001208 2.7144434
v -0.30000246 0.4600121 2.9640079
v -0.5495668 0.4600121 2.964008
v -0.5495668 0.46001208 2.7144434
v -0.2420534 1.2667475E-07 3.021957
v -0.6075159 1.2667475E-07 3.021957
v -0.6075159 0.22883724 3.021957
v -0.2420534 0.5393712 3.021957
v -0.6075159 0.5393712 3.021957
v -0.2420534 0.5393712 2.6564944
v -0.30000246 0.5393712 2.7144434
v -0.5495668 0.5393712 2.7144434
v -0.6075159 0.5393712 2.6564944
v -0.6075159 0.5393712 2.6564944
v -0.5495668 0.5393712 2.7144434
v -0.5495668 0.5393712 2.964008
v -0.6075159 0.5393712 3.021957
v -0.6075159 0.5393712 3.021957
v -0.5495668 0.5393712 2.964008
v -0.30000246 0.5393712 2.9640079
v -0.2420534 0.5393712 3.021957
v -0.30000246 0.5393712 2.7144434
v -0.30000246 0.46001208 2.7144434
v -0.5495668 0.46001208 2.7144434
v -0.5495668 0.5393712 2.7144434
v -0.6075159 0.22883724 3.021957
v -0.6075159 0.22883724 2.896465
v -0.6075159 0.45786563 2.896465
v -0.6075159 0.5393712 3.021957
v -0.6075159 0.5393712 2.6564944
v -0.6075159 0.45786563 2.78198
v -0.6075159 0.2288372 2.6564944
v -0.6075159 0.2288372 2.78198
v -0.53922784 0.2288372 2.78198
v -0.53922784 0.45786563 2.78198
v -0.53922784 0.45786563 2.896465
v -0.53922784 0.22883724 2.896465
v -0.6075159 0.22883724 2.896465
v -0.53922784 0.22883724 2.896465
v -0.53922784 0.45786563 2.896465
v -0.6075159 0.45786563 2.896465
v -0.6075159 0.45786563 2.896465
v -0.53922784 0.45786563 2.896465
v -0.53922784 0.45786563 2.78198
v -0.6075159 0.45786563 2.78198
v -0.6075159 0.45786563 2.78198
v -0.53922784 0.45786563 2.78198
v -0.53922784 0.2288372 2.78198
v -0.6075159 0.2288372 2.78198
v -0.20903148 0.5474129 2.6618228
v 0.20903204 0.5474129 2.6618228
v 0.20903204 0.5474129 2.714443
v -0.20903148 0.5474129 2.714443
v 0.20903204 0.46001226 2.714443
v -0.20903148 0.46001226 2.714443
v -0.20903148 0.5474129 2.714443
v 0.20903204 0.5474129 2.714443
v -0.20903148 0.547413 3.0166285
v -0.20903148 0.547413 2.964008
v 0.20903204 0.547413 2.964008
v 0.20903204 0.547413 3.0166285
v 0.20903204 0.39839858 3.0166285
v -0.20903148 0.39839858 3.0166285
v -0.20903148 0.45613015 3.0166285
v 0.20903204 0.45613015 3.0166285
v 0.20903204 0.547413 3.0166285
v 0.20903204 0.48967797 3.0166285
v -0.20903148 0.48967797 3.0166285
v -0.20903148 0.547413 3.0166285
v 0.20903204 0.462513 2.9825587
v -0.20903148 0.462513 2.9825587
v -0.20903148 0.48329785 2.9825587
v 0.20903204 0.48329785 2.9825587
v -0.20903148 0.45613015 3.0166285
v -0.20903148 0.462513 2.9825587
v 0.20903204 0.462513 2.9825587
v 0.20903204 0.45613015 3.0166285
v 0.20903204 0.48967797 3.0166285
v 0.20903204 0.48329785 2.9825587
v -0.20903148 0.48329785 2.9825587
v -0.20903148 0.48967797 3.0166285
v -0.22360095 0.1798131 2.9936056
v 0.22359885 0.16429664 2.9667304
v -0.22360095 0.16429657 2.9667306
v 0.22359885 0.17981315 2.993606
v -0.22360095 0.21084604 2.9936056
v 0.22359885 0.2108461 2.993606
v -0.22360095 0.2263625 2.9667306
v 0.22359885 0.2263626 2.9667304
v -0.22360095 0.06195041 2.9936056
v 0.22359885 0.04643394 2.9667304
v -0.22360095 0.04643391 2.9667304
v 0.22359885 0.06195045 2.993606
v -0.22360095 0.092983335 2.9936056
v 0.22359885 0.092983365 2.9936056
v -0.22360095 0.108499795 2.9667304
v 0.22359885 0.108499855 2.9667304
v -0.22360095 0.30063227 2.993606
v 0.22359885 0.28511575 2.966731
v -0.22360095 0.28511575 2.9667313
v 0.22359885 0.30063227 2.993606
v -0.22360095 0.33166525 2.993606
v 0.22359885 0.33166525 2.993606
v -0.22360095 0.34718165 2.9667306
v 0.22359885 0.34718168 2.966731
v -0.13494548 0.39537618 2.983228
v -0.15046214 4.793829E-07 2.9563532
v -0.15046291 0.39537618 2.9563532
v -0.13494548 5.265378E-07 2.983228
v -0.10391292 0.39537618 2.983228
v -0.10391292 5.265378E-07 2.983228
v -0.088396445 0.39537618 2.9563532
v -0.088396445 5.2418835E-07 2.9563532
v -0.015517043 0.39537618 2.983228
v -0.031033704 5.689937E-07 2.956353
v -0.031033704 0.39537618 2.956353
v -0.015516852 5.713432E-07 2.983228
v 0.0155153265 0.39537618 2.983228
v 0.015515898 5.713432E-07 2.983228
v 0.031031225 0.39537618 2.956353
v 0.031032179 5.689937E-07 2.956353
v 0.15046118 5.2418835E-07 2.9563537
v 0.1349449 0.39537618 2.9832282
v 0.15046118 0.39537618 2.9563537
v 0.1349449 5.265378E-07 2.9832282
v 0.103911966 0.39537618 2.983228
v 0.10391177 5.265378E-07 2.983228
v 0.08839549 0.39537618 2.956353
v 0.08839549 5.241883E-07 2.956353
v 3.2559462 0.49860355 1.761045
v 3.1766443 0.49860355 1.761045
v 3.1766443 0.49860355 1.6817431
v 3.2559462 0.49860355 1.6817431
v 3.2559462 1.3679373E-07 1.7610452
v 3.1766443 1.3679373E-07 1.7610452
v 3.1766443 0.49860355 1.761045
v 3.2559462 0.49860355 1.761045
v 3.1766443 1.3679373E-07 1.7610452
v 3.1766443 1.1732747E-07 1.6817434
v 3.1766443 0.49860355 1.6817431
v 3.1766443 0.49860355 1.761045
v 3.2559457 0.49860355 1.3848883
v 3.2559457 0.4986036 1.46419
v 3.176644 0.4986036 1.46419
v 3.176644 0.49860355 1.3848883
v 3.2559457 8.4889955E-08 1.4641902
v 3.176644 7.648894E-08 1.4641902
v 3.176644 0.4986036 1.46419
v 3.2559457 0.4986036 1.46419
v 3.176644 7.648894E-08 1.4641902
v 3.176644 6.54237E-08 1.3848883
v 3.176644 0.49860355 1.3848883
v 3.176644 0.4986036 1.46419
v 2.879789 0.49860355 1.3848885
v 2.959091 0.49860355 1.3848885
v 2.959091 0.4986036 1.4641902
v 2.879789 0.4986036 1.4641902
v 2.959091 7.9289315E-08 1.4641904
v 2.879789 7.9289315E-08 1.4641904
v 2.879789 0.4986036 1.4641902
v 2.959091 0.4986036 1.4641902
v 2.879789 7.9289315E-08 1.4641904
v 2.879789 7.102442E-08 1.3848885
v 2.879789 0.49860355 1.3848885
v 2.879789 0.4986036 1.4641902
v 2.8797894 0.49860355 1.7610453
v 2.8797894 0.49860355 1.6817435
v 2.9590912 0.49860355 1.6817435
v 2.9590912 0.49860355 1.7610453
v 2.8797894 1.367938E-07 1.7610456
v 2.8797894 1.285289E-07 1.6817437
v 2.8797894 0.49860355 1.6817435
v 2.8797894 0.49860355 1.7610453
v 2.9590912 1.3119312E-07 1.7610456
v 2.8797894 1.367938E-07 1.7610456
v 2.8797894 0.49860355 1.7610453
v 2.9590912 0.49860355 1.7610453
v 3.2559462 0.49860293 -1.761045
v 3.2559462 0.498603 -1.6817431
v 3.1766443 0.498603 -1.6817431
v 3.1766443 0.49860293 -1.761045
v 3.1766443 -4.790281E-07 -1.7610453
v 3.1766443 0.49860293 -1.761045
v 3.1766443 0.498603 -1.6817431
v 3.1766443 -4.7076315E-07 -1.6817431
v 3.1766443 -4.7076315E-07 -1.6817431
v 3.1766443 0.498603 -1.6817431
v 3.2559462 0.498603 -1.6817431
v 3.2559462 -4.7076315E-07 -1.6817431
v 3.2559457 0.49860302 -1.3848884
v 3.176644 0.49860302 -1.3848884
v 3.176644 0.49860302 -1.4641902
v 3.2559457 0.49860302 -1.4641902
v 3.176644 -4.3552532E-07 -1.4641902
v 3.176644 0.49860302 -1.4641902
v 3.176644 0.49860302 -1.3848884
v 3.176644 -4.1885943E-07 -1.3848884
v 3.176644 -4.1885943E-07 -1.3848884
v 3.176644 0.49860302 -1.3848884
v 3.2559457 0.49860302 -1.3848884
v 3.2559457 -4.1325873E-07 -1.3848884
v 2.879789 0.49860302 -1.3848885
v 2.879789 0.49860302 -1.4641904
v 2.959091 0.49860302 -1.4641904
v 2.959091 0.49860302 -1.3848885
v 2.879789 -4.1325882E-07 -1.3848885
v 2.879789 0.49860302 -1.3848885
v 2.959091 0.49860302 -1.3848885
v 2.959091 -4.1325882E-07 -1.3848885
v 2.879789 -4.3272505E-07 -1.4641904
v 2.879789 0.49860302 -1.4641904
v 2.879789 0.49860302 -1.3848885
v 2.879789 -4.1325882E-07 -1.3848885
v 2.8797894 0.49860293 -1.7610453
v 2.9590912 0.49860293 -1.7610453
v 2.9590912 0.498603 -1.6817435
v 2.8797894 0.498603 -1.6817435
v 2.8797894 -4.790282E-07 -1.7610457
v 2.8797894 0.49860293 -1.7610453
v 2.8797894 0.498603 -1.6817435
v 2.8797894 -4.595619E-07 -1.6817435
v 2.8797894 -4.595619E-07 -1.6817435
v 2.8797894 0.498603 -1.6817435
v 2.9590912 0.498603 -1.6817435
v 2.9590912 -4.7076324E-07 -1.6817435
v 1.7610462 0.49860385 3.2559462
v 1.6817443 0.49860385 3.2559462
v 1.6817443 0.49860385 3.176644
v 1.7610462 0.49860385 3.176644
v 1.6817443 3.7870424E-07 3.176644
v 1.6817443 0.49860385 3.176644
v 1.6817443 0.49860385 3.2559462
v 1.6817443 3.925698E-07 3.2559462
v 1.6817443 3.925698E-07 3.2559462
v 1.6817443 0.49860385 3.2559462
v 1.7610462 0.49860385 3.2559462
v 1.7610463 3.9817047E-07 3.2559462
v 1.3848894 0.49860385 3.2559457
v 1.3848894 0.49860385 3.1766438
v 1.4641912 0.49860385 3.1766438
v 1.4641912 0.49860385 3.2559457
v 1.3848894 3.9817044E-07 3.2559457
v 1.3848894 0.49860385 3.2559457
v 1.4641912 0.49860385 3.2559457
v 1.4641912 3.9817044E-07 3.2559457
v 1.3848894 3.7870421E-07 3.1766438
v 1.3848894 0.49860385 3.1766438
v 1.3848894 0.49860385 3.2559457
v 1.3848894 3.9817044E-07 3.2559457
v 1.3848895 0.4986038 2.8797889
v 1.4641913 0.4986038 2.8797889
v 1.4641913 0.49860385 2.9590907
v 1.3848895 0.49860385 2.9590907
v 1.3848895 3.324011E-07 2.8797889
v 1.3848895 0.4986038 2.8797889
v 1.3848895 0.49860385 2.9590907
v 1.3848895 3.4626672E-07 2.9590907
v 1.3848895 3.4626672E-07 2.9590907
v 1.3848895 0.49860385 2.9590907
v 1.4641913 0.49860385 2.9590907
v 1.4641913 3.40666E-07 2.9590907
v 1.7610465 0.4986038 2.879789
v 1.7610465 0.49860385 2.959091
v 1.6817447 0.49860385 2.959091
v 1.6817447 0.4986038 2.879789
v 1.6817447 3.3800183E-07 2.879789
v 1.6817447 0.4986038 2.879789
v 1.6817447 0.49860385 2.959091
v 1.6817447 3.4066605E-07 2.959091
v 1.6817447 3.4066605E-07 2.959091
v 1.6817447 0.49860385 2.959091
v 1.7610465 0.49860385 2.959091
v 1.7610465 3.4066605E-07 2.959091
v -1.7610444 0.49860385 3.2559462
v -1.7610444 0.49860385 3.1766446
v -1.6817425 0.49860385 3.1766446
v -1.6817425 0.49860385 3.2559462
v -1.7610447 3.9817058E-07 3.2559462
v -1.7610447 3.8430497E-07 3.1766446
v -1.7610444 0.49860385 3.1766446
v -1.7610444 0.49860385 3.2559462
v -1.6817425 3.9256986E-07 3.2559462
v -1.7610447 3.9817058E-07 3.2559462
v -1.7610444 0.49860385 3.2559462
v -1.6817425 0.49860385 3.2559462
v -1.3848878 0.49860385 3.2559462
v -1.4641896 0.49860385 3.2559462
v -1.4641896 0.49860385 3.176644
v -1.3848878 0.49860385 3.176644
v -1.3848878 3.9817047E-07 3.2559462
v -1.4641896 3.9817047E-07 3.2559462
v -1.4641896 0.49860385 3.2559462
v -1.3848878 0.49860385 3.2559462
v -1.4641896 3.9817047E-07 3.2559462
v -1.4641896 3.7590388E-07 3.176644
v -1.4641896 0.49860385 3.176644
v -1.4641896 0.49860385 3.2559462
v -1.3848878 0.4986038 2.879789
v -1.3848878 0.49860385 2.959091
v -1.4641896 0.49860385 2.959091
v -1.4641896 0.4986038 2.879789
v -1.3848878 3.4626675E-07 2.959091
v -1.4641896 3.4066605E-07 2.959091
v -1.4641896 0.49860385 2.959091
v -1.3848878 0.49860385 2.959091
v -1.4641896 3.4066605E-07 2.959091
v -1.4641896 3.268005E-07 2.879789
v -1.4641896 0.4986038 2.879789
v -1.4641896 0.49860385 2.959091
v -1.7610447 0.4986038 2.8797896
v -1.6817429 0.4986038 2.8797896
v -1.6817429 0.49860385 2.9590914
v -1.7610447 0.49860385 2.9590914
v -1.6817429 3.4066608E-07 2.9590914
v -1.7610452 3.4066608E-07 2.9590914
v -1.7610447 0.49860385 2.9590914
v -1.6817429 0.49860385 2.9590914
v -1.7610452 3.4066608E-07 2.9590914
v -1.7610452 3.3240119E-07 2.8797896
v -1.7610447 0.4986038 2.8797896
v -1.7610447 0.49860385 2.9590914
v -3.2559462 0.49860355 1.761045
v -3.2559462 0.49860355 1.6817431
v -3.1766446 0.49860355 1.6817431
v -3.1766446 0.49860355 1.761045
v -3.2559462 1.3679373E-07 1.7610452
v -3.2559462 0.49860355 1.761045
v -3.1766446 0.49860355 1.761045
v -3.1766446 1.3679373E-07 1.7610452
v -3.2559462 1.1732747E-07 1.6817434
v -3.2559462 0.49860355 1.6817431
v -3.2559462 0.49860355 1.761045
v -3.2559462 1.3679373E-07 1.7610452
v -3.2559462 0.49860355 1.3848883
v -3.176644 0.49860355 1.3848883
v -3.176644 0.4986036 1.46419
v -3.2559462 0.4986036 1.46419
v -3.2559462 7.102437E-08 1.3848883
v -3.2559462 0.49860355 1.3848883
v -3.2559462 0.4986036 1.46419
v -3.2559462 8.4889955E-08 1.4641902
v -3.2559462 8.4889955E-08 1.4641902
v -3.2559462 0.4986036 1.46419
v -3.176644 0.4986036 1.46419
v -3.176644 7.648894E-08 1.4641902
v -2.8797889 0.49860355 1.3848885
v -2.8797889 0.4986036 1.4641902
v -2.9590907 0.4986036 1.4641902
v -2.9590907 0.49860355 1.3848885
v -2.9590907 7.102442E-08 1.3848885
v -2.9590907 0.49860355 1.3848885
v -2.9590907 0.4986036 1.4641902
v -2.9590907 7.9289315E-08 1.4641904
v -2.9590907 7.9289315E-08 1.4641904
v -2.9590907 0.4986036 1.4641902
v -2.8797889 0.4986036 1.4641902
v -2.8797889 7.9289315E-08 1.4641904
v -2.8797894 0.49860355 1.7610453
v -2.9590912 0.49860355 1.7610453
v -2.9590912 0.49860355 1.6817435
v -2.8797894 0.49860355 1.6817435
v -2.9590912 1.1732754E-07 1.6817437
v -2.9590912 0.49860355 1.6817435
v -2.9590912 0.49860355 1.7610453
v -2.9590912 1.3119312E-07 1.7610456
v -2.9590912 1.3119312E-07 1.7610456
v -2.9590912 0.49860355 1.7610453
v -2.8797894 0.49860355 1.7610453
v -2.8797894 1.367938E-07 1.7610456
v -3.2559462 0.49860293 -1.761045
v -3.1766446 0.49860293 -1.761045
v -3.1766446 0.498603 -1.6817431
v -3.2559462 0.498603 -1.6817431
v -3.1766446 -4.7076315E-07 -1.6817431
v -3.2559462 -4.7076315E-07 -1.6817431
v -3.2559462 0.498603 -1.6817431
v -3.1766446 0.498603 -1.6817431
v -3.2559462 -4.7076315E-07 -1.6817431
v -3.2559462 -4.790281E-07 -1.7610453
v -3.2559462 0.49860293 -1.761045
v -3.2559462 0.498603 -1.6817431
v -3.2559462 0.49860302 -1.3848884
v -3.2559462 0.49860302 -1.4641902
v -3.176644 0.49860302 -1.4641902
v -3.176644 0.49860302 -1.3848884
v -3.2559462 -4.1325873E-07 -1.3848884
v -3.2559462 -4.2712435E-07 -1.4641902
v -3.2559462 0.49860302 -1.4641902
v -3.2559462 0.49860302 -1.3848884
v -3.176644 -4.1885943E-07 -1.3848884
v -3.2559462 -4.1325873E-07 -1.3848884
v -3.2559462 0.49860302 -1.3848884
v -3.176644 0.49860302 -1.3848884
v -2.8797889 0.49860302 -1.3848885
v -2.9590907 0.49860302 -1.3848885
v -2.9590907 0.49860302 -1.4641904
v -2.8797889 0.49860302 -1.4641904
v -2.8797889 -4.1325882E-07 -1.3848885
v -2.9590907 -4.1325882E-07 -1.3848885
v -2.9590907 0.49860302 -1.3848885
v -2.8797889 0.49860302 -1.3848885
v -2.9590907 -4.1325882E-07 -1.3848885
v -2.9590907 -4.3272505E-07 -1.4641904
v -2.9590907 0.49860302 -1.4641904
v -2.9590907 0.49860302 -1.3848885
v -2.8797894 0.49860293 -1.7610453
v -2.8797894 0.498603 -1.6817435
v -2.9590912 0.498603 -1.6817435
v -2.9590912 0.49860293 -1.7610453
v -2.8797894 -4.595619E-07 -1.6817435
v -2.9590912 -4.7076324E-07 -1.6817435
v -2.9590912 0.498603 -1.6817435
v -2.8797894 0.498603 -1.6817435
v -2.9590912 -4.7076324E-07 -1.6817435
v -2.9590912 -4.8462886E-07 -1.7610457
v -2.9590912 0.49860293 -1.7610453
v -2.9590912 0.498603 -1.6817435
v 1.761045 0.4986027 -3.2559466
v 1.761045 0.4986027 -3.1766448
v 1.6817431 0.4986027 -3.1766448
v 1.6817431 0.4986027 -3.2559466
v 1.761045 -7.2653944E-07 -3.1766448
v 1.6817431 -7.321401E-07 -3.1766448
v 1.6817431 0.4986027 -3.1766448
v 1.761045 0.4986027 -3.1766448
v 1.6817431 -7.321401E-07 -3.1766448
v 1.6817431 -7.4600564E-07 -3.2559466
v 1.6817431 0.4986027 -3.2559466
v 1.6817431 0.4986027 -3.1766448
v 1.3848882 0.4986027 -3.2559462
v 1.46419 0.49860275 -3.2559462
v 1.46419 0.49860275 -3.1766443
v 1.3848882 0.4986027 -3.1766443
v 1.46419 -7.3494033E-07 -3.1766443
v 1.3848882 -7.3214E-07 -3.1766443
v 1.3848882 0.4986027 -3.1766443
v 1.46419 0.49860275 -3.1766443
v 1.3848882 -7.3214E-07 -3.1766443
v 1.3848882 -7.4040486E-07 -3.2559462
v 1.3848882 0.4986027 -3.2559462
v 1.3848882 0.4986027 -3.1766443
v 1.3848885 0.49860275 -2.879789
v 1.3848885 0.49860275 -2.959091
v 1.4641902 0.49860278 -2.959091
v 1.4641904 0.49860278 -2.879789
v 1.3848884 -6.746355E-07 -2.879789
v 1.3848884 -6.885011E-07 -2.959091
v 1.3848885 0.49860275 -2.959091
v 1.3848885 0.49860275 -2.879789
v 1.4641902 -6.8023616E-07 -2.879789
v 1.3848884 -6.746355E-07 -2.879789
v 1.3848885 0.49860275 -2.879789
v 1.4641904 0.49860278 -2.879789
v 1.7610453 0.49860275 -2.8797896
v 1.6817435 0.49860275 -2.8797896
v 1.6817435 0.49860275 -2.9590914
v 1.7610453 0.49860275 -2.9590914
v 1.7610453 -6.7463554E-07 -2.8797896
v 1.6817435 -6.690349E-07 -2.8797896
v 1.6817435 0.49860275 -2.8797896
v 1.7610453 0.49860275 -2.8797896
v 1.6817435 -6.690349E-07 -2.8797896
v 1.6817435 -6.9410186E-07 -2.9590914
v 1.6817435 0.49860275 -2.9590914
v 1.6817435 0.49860275 -2.8797896
v -1.7610452 0.4986027 -3.2559462
v -1.6817434 0.4986027 -3.2559462
v -1.6817434 0.4986027 -3.1766443
v -1.7610452 0.4986027 -3.1766443
v -1.7610456 -7.4040486E-07 -3.2559462
v -1.7610452 0.4986027 -3.2559462
v -1.7610452 0.4986027 -3.1766443
v -1.7610456 -7.265393E-07 -3.1766443
v -1.7610456 -7.265393E-07 -3.1766443
v -1.7610452 0.4986027 -3.1766443
v -1.6817434 0.4986027 -3.1766443
v -1.6817434 -7.3214E-07 -3.1766443
v -1.3848885 0.4986027 -3.2559462
v -1.3848885 0.4986027 -3.1766438
v -1.4641904 0.49860275 -3.1766438
v -1.4641904 0.49860275 -3.2559462
v -1.4641904 -7.4040486E-07 -3.2559462
v -1.4641904 0.49860275 -3.2559462
v -1.4641904 0.49860275 -3.1766438
v -1.4641904 -7.3494033E-07 -3.1766443
v -1.4641904 -7.3494033E-07 -3.1766443
v -1.4641904 0.49860275 -3.1766438
v -1.3848885 0.4986027 -3.1766438
v -1.3848885 -7.3214E-07 -3.1766443
v -1.3848885 0.49860275 -2.879789
v -1.4641904 0.49860278 -2.879789
v -1.4641904 0.49860278 -2.959091
v -1.3848885 0.49860275 -2.959091
v -1.4641904 -6.9410174E-07 -2.959091
v -1.4641904 0.49860278 -2.959091
v -1.4641904 0.49860278 -2.879789
v -1.4641904 -6.8023616E-07 -2.879789
v -1.4641904 -6.8023616E-07 -2.879789
v -1.4641904 0.49860278 -2.879789
v -1.3848885 0.49860275 -2.879789
v -1.3848885 -6.746355E-07 -2.879789
v -1.7610456 0.49860275 -2.8797896
v -1.7610456 0.49860275 -2.9590914
v -1.6817437 0.49860275 -2.9590914
v -1.6817437 0.49860275 -2.8797896
v -1.7610459 -6.7463554E-07 -2.8797896
v -1.7610456 0.49860275 -2.8797896
v -1.6817437 0.49860275 -2.8797896
v -1.6817437 -6.690349E-07 -2.8797896
v -1.7610459 -6.9410186E-07 -2.9590914
v -1.7610456 0.49860275 -2.9590914
v -1.7610456 0.49860275 -2.8797896
v -1.7610459 -6.7463554E-07 -2.8797896
v 0.20903167 0.60871404 2.623472
v 0.30000246 0.60871404 2.623472
v 0.30000246 0.60871404 2.714443
v 0.20903167 0.60871404 2.714443
v 0.30000246 2.8239504E-07 2.714443
v 0.20903167 2.8239504E-07 2.714443
v 0.20903167 0.60871404 2.714443
v 0.30000246 0.60871404 2.714443
v 0.20903167 2.8239504E-07 2.714443
v 0.20903167 2.664892E-07 2.6234722
v 0.20903167 0.60871404 2.623472
v 0.20903167 0.60871404 2.714443
v 0.20903204 0.6087141 3.0549786
v 0.20903204 0.60871416 2.9640079
v 0.30000284 0.60871416 2.9640079
v 0.30000284 0.6087141 3.0549786
v 0.20903204 3.419362E-07 3.0549788
v 0.20903204 3.2603037E-07 2.964008
v 0.20903204 0.60871416 2.9640079
v 0.20903204 0.6087141 3.0549786
v 0.30000266 3.419362E-07 3.0549788
v 0.20903204 3.419362E-07 3.0549788
v 0.20903204 0.6087141 3.0549786
v 0.30000284 0.6087141 3.0549786
v 0.6405384 0.6087141 3.0549784
v 0.54956776 0.6087141 3.0549784
v 0.54956776 0.60871416 2.9640076
v 0.6405384 0.60871416 2.9640076
v 0.6405386 3.4193616E-07 3.0549786
v 0.54956776 3.4193616E-07 3.0549786
v 0.54956776 0.6087141 3.0549784
v 0.6405384 0.6087141 3.0549784
v 0.54956776 3.4193616E-07 3.0549786
v 0.54956776 3.2603032E-07 2.9640079
v 0.54956776 0.60871416 2.9640076
v 0.54956776 0.6087141 3.0549784
v 0.64053816 0.60871404 2.6234717
v 0.64053816 0.60871404 2.7144423
v 0.5495674 0.60871404 2.7144423
v 0.5495674 0.60871404 2.6234717
v 0.64053816 3.09745E-07 2.7144427
v 0.5495674 2.8239495E-07 2.7144427
v 0.5495674 0.60871404 2.7144423
v 0.64053816 0.60871404 2.7144423
v 0.5495674 2.8239495E-07 2.7144427
v 0.5495674 2.6648914E-07 2.623472
v 0.5495674 0.60871404 2.6234717
v 0.5495674 0.60871404 2.7144423
v -0.20903109 0.60871404 2.623472
v -0.20903109 0.60871404 2.714443
v -0.30000207 0.60871404 2.714443
v -0.30000207 0.60871404 2.6234722
v -0.30000207 2.664892E-07 2.6234725
v -0.30000207 0.60871404 2.6234722
v -0.30000207 0.60871404 2.714443
v -0.30000207 2.8239504E-07 2.714443
v -0.30000207 2.8239504E-07 2.714443
v -0.30000207 0.60871404 2.714443
v -0.20903109 0.60871404 2.714443
v -0.20903109 2.8239504E-07 2.714443
v -0.20903148 0.6087141 3.0549786
v -0.30000246 0.6087141 3.0549786
v -0.30000246 0.60871416 2.9640079
v -0.20903148 0.60871416 2.9640079
v -0.30000246 3.260304E-07 2.964008
v -0.30000246 0.60871416 2.9640079
v -0.30000246 0.6087141 3.0549786
v -0.30000246 3.419362E-07 3.0549788
v -0.30000246 3.419362E-07 3.0549788
v -0.30000246 0.6087141 3.0549786
v -0.20903148 0.6087141 3.0549786
v -0.20903148 3.419362E-07 3.0549788
v -0.6405378 0.6087141 3.0549784
v -0.6405378 0.60871416 2.9640079
v -0.54956716 0.60871416 2.9640079
v -0.54956716 0.6087141 3.0549784
v -0.64053816 3.419362E-07 3.0549788
v -0.6405378 0.6087141 3.0549784
v -0.54956716 0.6087141 3.0549784
v -0.54956716 3.419362E-07 3.0549788
v -0.64053816 3.2603037E-07 2.9640079
v -0.6405378 0.60871416 2.9640079
v -0.6405378 0.6087141 3.0549784
v -0.64053816 3.419362E-07 3.0549788
v -0.6405378 0.60871404 2.623472
v -0.5495668 0.60871404 2.623472
v -0.5495668 0.60871404 2.7144425
v -0.6405378 0.60871404 2.7144425
v -0.6405378 2.6648917E-07 2.623472
v -0.6405378 0.60871404 2.623472
v -0.6405378 0.60871404 2.7144425
v -0.6405378 3.0974505E-07 2.7144427
v -0.6405378 3.0974505E-07 2.7144427
v -0.6405378 0.60871404 2.7144425
v -0.5495668 0.60871404 2.7144425
v -0.5495668 2.8239498E-07 2.7144427
v 0.7309995 0.014239685 3.0951018
v 0.6867689 0.014239688 3.1684055
v 0.68150765 0.014239686 3.1078115
v 0.7408124 0.01423969 3.170167
v 0.75062615 0.014239683 3.0766459
v 0.8501062 0.014239692 3.1620564
v 0.8381765 0.014239683 3.0766459
v 0.73864913 7.823109E-08 3.1760077
v 0.67813814 7.823109E-08 3.1742463
v 0.6867689 0.014239688 3.1684055
v 0.7408124 0.01423969 3.170167
v 0.8501062 0.014239692 3.1620564
v 0.85873693 7.823109E-08 3.1678972
v 0.84681904 6.854534E-08 3.070805
v 0.85873693 7.823109E-08 3.1678972
v 0.8501062 0.014239692 3.1620564
v 0.8381765 0.014239683 3.0766459
v 0.75062615 6.854534E-08 3.070805
v 0.84681904 6.854534E-08 3.070805
v 0.8381765 0.014239683 3.0766459
v 0.75062615 0.014239683 3.0766459
v 0.726684 7.078051E-08 3.089261
v 0.7309995 0.014239685 3.0951018
v 0.68150765 0.014239686 3.1078115
v 0.6728769 7.3015684E-08 3.1019707
v 0.67813814 7.823109E-08 3.1742463
v 0.6728769 7.3015684E-08 3.1019707
v 0.68150765 0.014239686 3.1078115
v 0.6867689 0.014239688 3.1684055
v -1.8586457 0.050268 -3.0183122
v -1.9141438 0.050267998 -2.9810343
v -1.8978635 0.050268 -3.0256426
v -1.8764752 0.050268 -2.9619393
v -1.8386647 0.050268 -3.024898
v -1.7964444 0.050268 -2.9316134
v -1.7766992 0.050267998 -2.9959903
v -1.8799279 -3.3974646E-07 -2.958523
v -1.9221718 -3.3974646E-07 -2.9797456
v -1.9141438 0.050267998 -2.9810343
v -1.8764752 0.050268 -2.9619393
v -1.7964444 0.050268 -2.9316134
v -1.792259 -3.3378598E-07 -2.9246256
v -1.7686601 -3.3974646E-07 -2.9972787
v -1.792259 -3.3378598E-07 -2.9246256
v -1.7964444 0.050268 -2.9316134
v -1.7766992 0.050267998 -2.9959903
v -1.9221718 -3.3974646E-07 -2.9797456
v -1.902049 -3.4272668E-07 -3.0326304
v -1.8978635 0.050268 -3.0256426
v -1.9141438 0.050267998 -2.9810343
v -1.9312978 0.014500337 -3.2118192
v -1.9775383 0.014500344 -3.1351933
v -1.9830357 0.014500336 -3.1985295
v -1.9210469 0.014500341 -3.133337
v -1.9107964 0.014500336 -3.2311025
v -1.8067998 0.0145003395 -3.141826
v -1.8192617 0.014500336 -3.2311025
v -1.9233052 -3.494322E-07 -3.1272366
v -1.9865594 -3.494322E-07 -3.1290805
v -1.9775383 0.014500344 -3.1351933
v -1.9210469 0.014500341 -3.133337
v -1.8067998 0.0145003395 -3.141826
v -1.7977669 -3.494322E-07 -3.1357129
v -1.8102406 -3.5837292E-07 -3.2372038
v -1.7977669 -3.494322E-07 -3.1357129
v -1.8067998 0.0145003395 -3.141826
v -1.8192617 0.014500336 -3.2311025
v -1.9107964 -3.5837292E-07 -3.2372038
v -1.8102406 -3.5837292E-07 -3.2372038
v -1.8192617 0.014500336 -3.2311025
v -1.9107964 0.014500336 -3.2311025
v -1.9358144 -3.568828E-07 -3.2179205
v -1.9312978 0.014500337 -3.2118192
v -1.9830357 0.014500336 -3.1985295
v -1.9920571 -3.5613772E-07 -3.2046309
v -1.9865594 -3.494322E-07 -3.1290805
v -1.9920571 -3.5613772E-07 -3.2046309
v -1.9830357 0.014500336 -3.1985295
v -1.9775383 0.014500344 -3.1351933
v -3.1675014 0.037616696 -1.1503898
v -3.166201 0.037616692 -1.2172261
v -3.1389966 0.03761669 -1.1783042
v -3.2034438 0.03761669 -1.1973277
v -3.1735668 0.037616696 -1.1302431
v -3.2741933 0.037616696 -1.1491603
v -3.232777 0.0376167 -1.0960624
v -3.2042594 -2.426054E-07 -1.2021159
v -3.162642 -2.4618723E-07 -1.2245449
v -3.166201 0.037616692 -1.2172261
v -3.2034438 0.03761669 -1.1973277
v -3.2741933 0.037616696 -1.1491603
v -3.282305 -2.3802653E-07 -1.1497394
v -3.2363355 -2.3431508E-07 -1.0887436
v -3.282305 -2.3802653E-07 -1.1497394
v -3.2741933 0.037616696 -1.1491603
v -3.232777 0.0376167 -1.0960624
v -3.171285 -2.3759786E-07 -1.126294
v -3.2363355 -2.3431508E-07 -1.0887436
v -3.232777 0.0376167 -1.0960624
v -3.1735668 0.037616696 -1.1302431
v -3.1622994 -2.3788492E-07 -1.1481197
v -3.1675014 0.037616696 -1.1503898
v -3.1389966 0.03761669 -1.1783042
v -3.1308732 -2.4209407E-07 -1.177725
v -3.1204886 0.041075997 -0.96388465
v -3.1581345 0.04268598 -0.96388465
v -3.1581345 0.041315306 -1.0011871
v -3.1204886 0.039705325 -1.0011871
v -3.1631591 -2.2296548E-07 -0.9589191
v -3.1581345 0.04268598 -0.96388465
v -3.1204886 0.041075997 -0.96388465
v -3.1154766 -2.2296548E-07 -0.9589191
v -3.1154766 -2.2296548E-07 -0.9589191
v -3.1204886 0.041075997 -0.96388465
v -3.1204886 0.039705325 -1.0011871
v -3.1154766 -2.2547377E-07 -1.0061526
v -3.1631591 -2.2296548E-07 -0.9589191
v -3.1631591 -2.2547377E-07 -1.0061526
v -3.1581345 0.041315306 -1.0011871
v -3.1581345 0.04268598 -0.96388465
v -2.0685089 0.033450242 -2.9653654
v -2.0266435 0.03161182 -2.999948
v -1.9832169 0.029457929 -2.9692435
v -2.0155296 0.031296354 -2.9294348
v -2.0453002 0.032373298 -2.9372969
v -2.0491188 -3.3825634E-07 -2.9318464
v -2.077826 -3.3974646E-07 -2.9637694
v -2.0685089 0.033450242 -2.9653654
v -2.0453002 0.032373298 -2.9372969
v -2.0155296 0.031296354 -2.9294348
v -2.013839 -3.352761E-07 -2.9201417
v -2.013839 -3.352761E-07 -2.9201417
v -2.0155296 0.031296354 -2.9294348
v -1.9832169 0.029457929 -2.9692435
v -1.9739 -3.3974646E-07 -2.9708395
v -2.028322 -3.4272668E-07 -3.0092535
v -2.0266435 0.03161182 -2.999948
v -2.0685089 0.033450242 -2.9653654
v -2.077826 -3.3974646E-07 -2.9637694
v -2.0861123 0.03720325 -2.8220916
v -2.078994 0.037801545 -2.8411982
v -2.0448608 0.03677899 -2.8305802
v -2.0475922 0.03557152 -2.8009279
v -2.0815842 0.036604945 -2.805456
v -2.0898247 -3.2335518E-07 -2.8224108
v -2.0823758 -3.248453E-07 -2.8452647
v -2.078994 0.037801545 -2.8411982
v -2.0861123 0.03720325 -2.8220916
v -2.0815842 0.036604945 -2.805456
v -2.085627 -3.2335518E-07 -2.8020277
v -2.085627 -3.2335518E-07 -2.8020277
v -2.0815842 0.036604945 -2.805456
v -2.0475922 0.03557152 -2.8009279
v -2.044211 -3.2186506E-07 -2.7968607
v -3.1774979 0.018699469 -0.89384186
v -3.1999378 0.019547982 -0.8803518
v -3.2134047 0.018830014 -0.9024139
v -3.1839175 0.017981498 -0.91662514
v -3.2021132 -2.1329953E-07 -0.87616646
v -3.1999378 0.019547982 -0.8803518
v -3.1774979 0.018699469 -0.89384186
v -3.1731467 -2.156532E-07 -0.89381844
v -3.1731467 -2.156532E-07 -0.89381844
v -3.1774979 0.018699469 -0.89384186
v -3.1839175 0.017981498 -0.91662514
v -3.1821797 -2.1803982E-07 -0.9211181
v -3.2181814 -2.1562307E-07 -0.9027448
v -3.1821797 -2.1803982E-07 -0.9211181
v -3.1839175 0.017981498 -0.91662514
v -3.2134047 0.018830014 -0.9024139
v -3.2021132 -2.1329953E-07 -0.87616646
v -3.2181814 -2.1562307E-07 -0.9027448
v -3.2134047 0.018830014 -0.9024139
v -3.1999378 0.019547982 -0.8803518
v 1.3240079 0.014902924 -3.369747
v 1.2642299 0.014902919 -3.443843
v 1.3295525 0.014902921 -3.4262853
v 1.2418249 0.014902924 -3.3880491
v 1.3358308 0.014902929 -3.3422225
v 1.2087436 0.0149029335 -3.2707396
v 1.3025253 0.014902936 -3.2507231
v 1.2365518 -2.6151537E-07 -3.3925185
v 1.261416 -2.6747583E-07 -3.4550867
v 1.2642299 0.014902919 -3.443843
v 1.2418249 0.014902924 -3.3880491
v 1.2087436 0.0149029335 -3.2707396
v 1.1993562 -2.5108454E-07 -3.263941
v 1.3053508 -2.4884937E-07 -3.2394788
v 1.1993562 -2.5108454E-07 -3.263941
v 1.2087436 0.0149029335 -3.2707396
v 1.3025253 0.014902936 -3.2507231
v 1.3419317 -2.5779008E-07 -3.34
v 1.3053508 -2.4884937E-07 -3.2394788
v 1.3025253 0.014902936 -3.2507231
v 1.3358308 0.014902929 -3.3422225
v 1.3317522 -2.6002525E-07 -3.3720288
v 1.3240079 0.014902924 -3.369747
v 1.3295525 0.014902921 -3.4262853
v 1.3389404 -2.6524066E-07 -3.4330835
v 1.261416 -2.6747583E-07 -3.4550867
v 1.3389404 -2.6524066E-07 -3.4330835
v 1.3295525 0.014902921 -3.4262853
v 1.2642299 0.014902919 -3.443843
v 2.6267927 0.03761665 -1.5294547
v 2.6891716 0.037616655 -1.5053828
v 2.643286 0.03761666 -1.493122
v 2.683201 0.03761665 -1.5471778
v 2.6099443 0.03761665 -1.5420463
v 2.662144 0.037616644 -1.6301291
v 2.5980742 0.037616648 -1.6093795
v 2.5924108 -3.0100344E-07 -1.6152198
v 2.6654544 -3.0100344E-07 -1.6375659
v 2.662144 0.037616644 -1.6301291
v 2.5980742 0.037616648 -1.6093795
v 2.6054516 -2.9504298E-07 -1.5412543
v 2.5924108 -3.0100344E-07 -1.6152198
v 2.5980742 0.037616648 -1.6093795
v 2.6099443 0.03761665 -1.5420463
v 2.622891 -2.9206274E-07 -1.5253402
v 2.6267927 0.03761665 -1.5294547
v 2.643286 0.03761666 -1.493122
v 2.6399636 -2.8908252E-07 -1.485697
v 2.6948352 -2.8908252E-07 -1.49953
v 2.6399636 -2.8908252E-07 -1.485697
v 2.643286 0.03761666 -1.493122
v 2.6891716 0.037616655 -1.5053828
v 2.6311738 0.022789631 -0.9519748
v 2.6440492 0.024399608 -0.98736185
v 2.6790931 0.023028951 -0.97460437
v 2.6662176 0.021418976 -0.9392177
v 2.6410937 -2.8163194E-07 -0.99376976
v 2.6440492 0.024399608 -0.98736185
v 2.6311738 0.022789631 -0.9519748
v 2.6247892 -2.7716158E-07 -0.94896007
v 2.6247892 -2.7716158E-07 -0.94896007
v 2.6311738 0.022789631 -0.9519748
v 2.6662176 0.021418976 -0.9392177
v 2.6691732 -2.7567145E-07 -0.9328096
v 2.6854777 -2.786517E-07 -0.9776193
v 2.6691732 -2.7567145E-07 -0.9328096
v 2.6662176 0.021418976 -0.9392177
v 2.6790931 0.023028951 -0.97460437
v 2.6410937 -2.8163194E-07 -0.99376976
v 2.6854777 -2.786517E-07 -0.9776193
v 2.6790931 0.023028951 -0.97460437
v 2.6440492 0.024399608 -0.98736185
v 2.6575823 0.016828349 0.33465976
v 2.6536808 0.017481042 0.31458375
v 2.6734726 0.016915368 0.3105875
v 2.6760147 0.01626268 0.33603153
v 2.651186 -2.875924E-07 0.31187648
v 2.6536808 0.017481042 0.31458375
v 2.6575823 0.016828349 0.33465976
v 2.6564 -2.8535723E-07 0.33784005
v 2.6564 -2.8535723E-07 0.33784005
v 2.6575823 0.016828349 0.33465976
v 2.6760147 0.01626268 0.33603153
v 2.678852 -2.8535723E-07 0.3385023
v 2.6749856 -2.8833745E-07 0.30717105
v 2.678852 -2.8535723E-07 0.3385023
v 2.6760147 0.01626268 0.33603153
v 2.6734726 0.016915368 0.3105875
v 2.651186 -2.875924E-07 0.31187648
v 2.6749856 -2.8833745E-07 0.30717105
v 2.6734726 0.016915368 0.3105875
v 2.6536808 0.017481042 0.31458375
v -1.8154584 0.041075815 -3.3169713
v -1.8531147 0.042685796 -3.3169713
v -1.8531147 0.041315127 -3.3542738
v -1.8154576 0.039705154 -3.3542738
v -1.8581272 -4.0531157E-07 -3.3120055
v -1.8531147 0.042685796 -3.3169713
v -1.8154584 0.041075815 -3.3169713
v -1.8104454 -4.0531157E-07 -3.3120055
v -1.8581272 -4.1425227E-07 -3.3592393
v -1.8104444 -4.1425227E-07 -3.3592393
v -1.8154576 0.039705154 -3.3542738
v -1.8531147 0.041315127 -3.3542738
v -1.8581272 -4.0531157E-07 -3.3120055
v -1.8581272 -4.1425227E-07 -3.3592393
v -1.8531147 0.041315127 -3.3542738
v -1.8531147 0.042685796 -3.3169713
v -3.2586653 0.01682858 0.97330517
v -3.276199 0.017481267 0.9838281
v -3.2867217 0.0169156 0.96660143
v -3.26369 0.016262904 0.9555112
v -3.2778897 -5.2028334E-08 0.9871028
v -3.276199 0.017481267 0.9838281
v -3.2586653 0.01682858 0.97330517
v -3.2552717 -5.4044E-08 0.9733172
v -3.2904456 -5.384336E-08 0.9663413
v -3.2623305 -5.4286637E-08 0.9519999
v -3.26369 0.016262904 0.9555112
v -3.2867217 0.0169156 0.96660143
v -3.2778897 -5.2028334E-08 0.9871028
v -3.2904456 -5.384336E-08 0.9663413
v -3.2867217 0.0169156 0.96660143
v -3.276199 0.017481267 0.9838281
v -2.4858525 0.023464335 2.354077
v -2.5074413 0.025074316 2.3232424
v -2.4768906 0.023692776 2.3018541
v -2.4553013 0.022093678 2.332689
v -2.5143933 -2.5331973E-08 2.3219774
v -2.5074413 0.025074316 2.3232424
v -2.4858525 0.023464335 2.354077
v -2.4870465 -2.0861624E-08 2.361041
v -2.4870465 -2.0861624E-08 2.361041
v -2.4858525 0.023464335 2.354077
v -2.4553013 0.022093678 2.332689
v -2.4483495 -2.3841856E-08 2.333954
v -2.5143933 -2.5331973E-08 2.3219774
v -2.4756966 -2.8312204E-08 2.2948904
v -2.4768906 0.023692776 2.3018541
v -2.5074413 0.025074316 2.3232424
v -2.5855453 0.016828604 2.2734547
v -2.5858884 0.017481294 2.2530124
v -2.5657177 0.016915629 2.252516
v -2.5676212 0.016262934 2.2780066
v -2.5878742 -3.2782552E-08 2.249915
v -2.5858884 0.017481294 2.2530124
v -2.5855453 0.016828604 2.2734547
v -2.5872593 -2.980232E-08 2.276387
v -2.5872593 -2.980232E-08 2.276387
v -2.5855453 0.016828604 2.2734547
v -2.5676212 0.016262934 2.2780066
v -2.5652566 -2.980232E-08 2.2809386
v -2.563625 -3.2782552E-08 2.249418
v -2.5652566 -2.980232E-08 2.2809386
v -2.5676212 0.016262934 2.2780066
v -2.5657177 0.016915629 2.252516
v -2.5878742 -3.2782552E-08 2.249915
v -2.563625 -3.2782552E-08 2.249418
v -2.5657177 0.016915629 2.252516
v -2.5858884 0.017481294 2.2530124
v -2.3523254 0.010943495 2.4442387
v -2.3980331 0.010943492 2.4513915
v -2.3747652 0.010943492 2.428171
v -2.379992 0.010943493 2.474376
v -2.3378656 0.010943495 2.4459531
v -2.3386695 0.010943499 2.5167978
v -2.3074563 0.010943494 2.482203
v -2.38316 -1.26659865E-08 2.4755108
v -2.4034488 -1.490116E-08 2.4498427
v -2.3980331 0.010943492 2.4513915
v -2.379992 0.010943493 2.474376
v -2.3386695 0.010943499 2.5167978
v -2.3380783 -8.195638E-09 2.5224018
v -2.3020298 -1.1920928E-08 2.48374
v -2.3380783 -8.195638E-09 2.5224018
v -2.3386695 0.010943499 2.5167978
v -2.3074563 0.010943494 2.482203
v -2.3354537 -1.490116E-08 2.4439194
v -2.3020298 -1.1920928E-08 2.48374
v -2.3074563 0.010943494 2.482203
v -2.3378656 0.010943495 2.4459531
v -2.3514035 -1.5646219E-08 2.44042
v -2.3523254 0.010943495 2.4442387
v -2.3747652 0.010943492 2.428171
v -2.3753572 -1.7136335E-08 2.4225671
v -2.4034488 -1.490116E-08 2.4498427
v -2.3753572 -1.7136335E-08 2.4225671
v -2.3747652 0.010943492 2.428171
v -2.3980331 0.010943492 2.4513915
v -3.2128224 0.019384973 1.069053
v -3.2280028 0.01763357 1.0324605
v -3.2088141 0.017013513 1.026076
v -3.190796 0.018764919 1.0696918
v -3.1645608 0.01791641 1.0609543
v -3.1855817 0.016175887 1.0090742
v -3.150006 0.017328989 1.0476532
v -3.166357 0.015588466 1.0064611
v -3.1910088 -4.4212847E-08 1.0765016
v -3.2166648 -4.4152877E-08 1.0771875
v -3.2128224 0.019384973 1.069053
v -3.190796 0.018764919 1.0696918
v -3.1645608 0.01791641 1.0609543
v -3.1598313 -4.351279E-08 1.0659674
v -3.150006 0.017328989 1.0476532
v -3.1418357 -4.6406146E-08 1.0514132
v -3.1418357 -4.6406146E-08 1.0514132
v -3.150006 0.017328989 1.0476532
v -3.166357 0.015588466 1.0064611
v -3.1625144 -5.023658E-08 0.9983272
v -3.1851673 -5.070806E-08 1.002205
v -3.1625144 -5.023658E-08 0.9983272
v -3.166357 0.015588466 1.0064611
v -3.1855817 0.016175887 1.0090742
v -3.2133536 -4.825515E-08 1.0209922
v -3.2088141 0.017013513 1.026076
v -3.2280028 0.01763357 1.0324605
v -3.2361617 -4.6770733E-08 1.0287008
v -3.2166648 -4.4152877E-08 1.0771875
v -3.2361617 -4.6770733E-08 1.0287008
v -3.2280028 0.01763357 1.0324605
v -3.2128224 0.019384973 1.069053
v -0.119456 0.012259433 -2.6539981
v -0.14430818 0.011160733 -2.6507113
v -0.14506501 0.010769113 -2.6634805
v -0.11545953 0.011867818 -2.6673586
v -0.11650018 0.011334782 -2.6848216
v -0.15165032 0.010236079 -2.6804702
v -0.12224626 0.010964919 -2.695888
v -0.15010156 0.00985534 -2.6926363
v -0.11133318 -3.4198163E-07 -2.666105
v -0.11511678 -3.404915E-07 -2.6503215
v -0.119456 0.012259433 -2.6539981
v -0.11545953 0.011867818 -2.6673586
v -0.11650018 0.011334782 -2.6848216
v -0.11266946 -3.442168E-07 -2.6868906
v -0.12224626 0.010964919 -2.695888
v -0.11861619 -3.4496185E-07 -2.7002623
v -0.11861619 -3.4496185E-07 -2.7002623
v -0.12224626 0.010964919 -2.695888
v -0.15010156 0.00985534 -2.6926363
v -0.15444078 -3.4496185E-07 -2.6963134
v -0.15578851 -3.4347175E-07 -2.6818416
v -0.15444078 -3.4496185E-07 -2.6963134
v -0.15010156 0.00985534 -2.6926363
v -0.15165032 0.010236079 -2.6804702
v -0.1489192 -3.4198163E-07 -2.6615412
v -0.14506501 0.010769113 -2.6634805
v -0.14430818 0.011160733 -2.6507113
v -0.14793786 -3.404915E-07 -2.6463366
v -0.11511678 -3.404915E-07 -2.6503215
v -0.14793786 -3.404915E-07 -2.6463366
v -0.14430818 0.011160733 -2.6507113
v -0.119456 0.012259433 -2.6539981
v -0.29645595 0.041075878 -2.6744165
v -0.3061983 0.042685863 -2.638048
v -0.34222353 0.04131521 -2.6477077
v -0.332481 0.039705217 -2.6840758
v -0.3026985 -3.4570692E-07 -2.6319125
v -0.3061983 0.042685863 -2.638048
v -0.29645595 0.041075878 -2.6744165
v -0.2903551 -3.4868714E-07 -2.6779754
v -0.348324 -3.4570692E-07 -2.6441493
v -0.33598077 -3.4868714E-07 -2.6902003
v -0.332481 0.039705217 -2.6840758
v -0.34222353 0.04131521 -2.6477077
v -0.3026985 -3.4570692E-07 -2.6319125
v -0.348324 -3.4570692E-07 -2.6441493
v -0.34222353 0.04131521 -2.6477077
v -0.3061983 0.042685863 -2.638048
v -0.17711772 0.016828293 -2.636169
v -0.1714897 0.01748099 -2.6165068
v -0.19084433 0.016915323 -2.6108084
v -0.19560908 0.016262623 -2.635921
v -0.17621917 -3.3974646E-07 -2.639432
v -0.17711772 0.016828293 -2.636169
v -0.19560908 0.016262623 -2.635921
v -0.19864748 -3.3974646E-07 -2.6381433
v -0.19206217 -3.3751127E-07 -2.6072733
v -0.19864748 -3.3974646E-07 -2.6381433
v -0.19560908 0.016262623 -2.635921
v -0.19084433 0.016915323 -2.6108084
v -0.1687704 -3.3751127E-07 -2.614024
v -0.19206217 -3.3751127E-07 -2.6072733
v -0.19084433 0.016915323 -2.6108084
v -0.1714897 0.01748099 -2.6165068
v -3.2912717 0.012934187 1.1508015
v -3.3579786 0.012934187 1.1553415
v -3.321575 0.012934185 1.1248378
v -3.3348997 0.012934191 1.1907052
v -3.2706885 0.012934187 1.1550932
v -3.2807622 0.012934197 1.2569854
v -3.2314703 0.012934194 1.2111
v -3.3396049 -3.3309856E-08 1.1919464
v -3.3655806 -3.676419E-08 1.1524333
v -3.3579786 0.012934187 1.1553415
v -3.3348997 0.012934191 1.1907052
v -3.2807622 0.012934197 1.2569854
v -3.2806318 -2.6912822E-08 1.2651199
v -3.2238684 -3.138113E-08 1.2140083
v -3.2806318 -2.6912822E-08 1.2651199
v -3.2807622 0.012934197 1.2569854
v -3.2314703 0.012934194 1.2111
v -3.2669523 -3.676005E-08 1.1524807
v -3.2238684 -3.138113E-08 1.2140083
v -3.2314703 0.012934194 1.2111
v -3.2706885 0.012934187 1.1550932
v -3.289475 -3.656663E-08 1.1454222
v -3.2912717 0.012934187 1.1508015
v -3.321575 0.012934185 1.1248378
v -3.3217053 -3.9887762E-08 1.1167039
v -3.3655806 -3.676419E-08 1.1524333
v -3.3217053 -3.9887762E-08 1.1167039
v -3.321575 0.012934185 1.1248378
v -3.3579786 0.012934187 1.1553415
v -3.1069884 0.012934239 1.8640924
v -3.1057823 0.012934232 1.8218952
v -3.0402348 0.012934231 1.8206185
v -3.0271466 0.01293424 1.8686442
v -3.0951176 0.012934241 1.9335653
v -3.0271466 0.012934241 1.9370291
v -3.1175702 1.117587E-08 1.8624133
v -3.1161869 6.7055224E-09 1.8151565
v -3.1057823 0.012934232 1.8218952
v -3.1069884 0.012934239 1.8640924
v -3.0951176 0.012934241 1.9335653
v -3.1039147 1.7881392E-08 1.9403043
v -3.1039147 1.7881392E-08 1.9403043
v -3.0951176 0.012934241 1.9335653
v -3.0271466 0.012934241 1.9370291
v -3.0165646 1.7881392E-08 1.9437684
v -3.0165646 1.117587E-08 1.8686442
v -3.0165646 1.7881392E-08 1.9437684
v -3.0271466 0.012934241 1.9370291
v -3.0271466 0.01293424 1.8686442
v -3.0402348 0.012934231 1.8206185
v -3.0316157 6.7055224E-09 1.8138677
v -3.0316157 6.7055224E-09 1.8138677
v -3.0402348 0.012934231 1.8206185
v -3.1057823 0.012934232 1.8218952
v -3.1161869 6.7055224E-09 1.8151565
v -0.7418444 0.012934289 3.144503
v -0.76805633 0.012934283 3.1114109
v -0.71865904 0.012934281 3.0682912
v -0.67776287 0.0129342815 3.096679
v -0.6881079 0.012934294 3.1900938
v -0.633816 0.012934289 3.149055
v -0.7510428 6.332993E-08 3.150025
v -0.7803637 5.960464E-08 3.1129355
v -0.76805633 0.012934283 3.1114109
v -0.7418444 0.012934289 3.144503
v -0.6881079 0.012934294 3.1900938
v -0.69050854 6.780028E-08 3.2009122
v -0.69050854 6.780028E-08 3.2009122
v -0.6881079 0.012934294 3.1900938
v -0.633816 0.012934289 3.149055
v -0.6213664 6.183981E-08 3.1474118
v -0.66965204 5.8114527E-08 3.0898685
v -0.6213664 6.183981E-08 3.1474118
v -0.633816 0.012934289 3.149055
v -0.67776287 0.0129342815 3.096679
v -0.71865904 0.012934281 3.0682912
v -0.71640074 5.5134294E-08 3.0575914
v -0.71640074 5.5134294E-08 3.0575914
v -0.71865904 0.012934281 3.0682912
v -0.76805633 0.012934283 3.1114109
v -0.7803637 5.960464E-08 3.1129355
v -3.1884947 0.015588583 -2.0164258
v -3.1455412 0.0134564545 -2.0388072
v -3.135716 0.012705856 -2.0161178
v -3.1869223 0.014837992 -1.9895278
v -3.1734915 0.013804563 -1.958504
v -3.1125543 0.011672424 -1.9896342
v -3.1557329 0.013086603 -1.9422
v -3.107305 0.010954462 -1.9665084
v -3.195234 7.45058E-08 -1.989067
v -3.1988046 7.227063E-08 -2.0202327
v -3.1884947 0.015588583 -2.0164258
v -3.1869223 0.014837992 -1.9895278
v -3.1734915 0.013804563 -1.958504
v -3.1790838 7.823109E-08 -1.9522144
v -3.1557329 0.013086603 -1.9422
v -3.1594453 7.972121E-08 -1.9318548
v -3.0969954 7.7486035E-08 -1.962701
v -3.1594453 7.972121E-08 -1.9318548
v -3.1557329 0.013086603 -1.9422
v -3.107305 0.010954462 -1.9665084
v -3.1041245 7.45058E-08 -1.9898703
v -3.0969954 7.7486035E-08 -1.962701
v -3.107305 0.010954462 -1.9665084
v -3.1125543 0.011672424 -1.9896342
v -3.1300173 7.227063E-08 -2.0221946
v -3.135716 0.012705856 -2.0161178
v -3.1455412 0.0134564545 -2.0388072
v -3.1418405 7.0035455E-08 -2.0491521
v -3.1988046 7.227063E-08 -2.0202327
v -3.1418405 7.0035455E-08 -2.0491521
v -3.1455412 0.0134564545 -2.0388072
v -3.1884947 0.015588583 -2.0164258
v 1.2112569 0.010943661 3.359837
v 1.2461113 0.010943659 3.3294158
v 1.2439951 0.0109436605 3.3569403
v 1.2052388 0.010943659 3.3312368
v 1.2540923 0.010943658 3.3172383
v 1.1993035 0.010943654 3.2723105
v 1.2458749 0.010943654 3.2706435
v 1.2023301 1.5386068E-07 3.3329275
v 1.2112569 0.010943661 3.359837
v 1.2089629 1.5666177E-07 3.3649688
v 1.2052388 0.010943659 3.3312368
v 1.1993035 0.010943654 3.2723105
v 1.1953901 1.4820783E-07 3.268267
v 1.1993035 0.010943654 3.2723105
v 1.1953901 1.4820783E-07 3.268267
v 1.2481803 1.4796596E-07 3.2654996
v 1.2458749 0.010943654 3.2706435
v 1.2572013 1.5244152E-07 3.3166945
v 1.2458749 0.010943654 3.2706435
v 1.2481803 1.4796596E-07 3.2654996
v 1.2540923 0.010943658 3.3172383
v 1.2496346 1.5370671E-07 3.3311667
v 1.2461113 0.010943659 3.3294158
v 1.2439951 0.0109436605 3.3569403
v 1.247909 1.5631348E-07 3.3609846
v 1.2439951 0.0109436605 3.3569403
v 1.247909 1.5631348E-07 3.3609846
v 1.2089629 1.5666177E-07 3.3649688
v 1.2112569 0.010943661 3.359837
v 1.1830308 0.023692949 3.2375968
v 1.1470056 0.025074484 3.2472448
v 1.1372632 0.0234645 3.2108884
v 1.1732887 0.022093836 3.2012289
v 1.1435064 1.4690649E-07 3.2533813
v 1.1311628 1.428795E-07 3.2073178
v 1.1372632 0.0234645 3.2108884
v 1.1470056 0.025074484 3.2472448
v 1.1311628 1.428795E-07 3.2073178
v 1.1767884 1.4181073E-07 3.1950924
v 1.1732887 0.022093836 3.2012289
v 1.1372632 0.0234645 3.2108884
v 1.1830308 0.023692949 3.2375968
v 1.1891316 1.4745869E-07 3.2411559
v 1.1435064 1.4690649E-07 3.2533813
v 1.1470056 0.025074484 3.2472448
v 1.1236783 0.016915817 3.338755
v 1.11033 0.017481482 3.3538885
v 1.094889 0.016828788 3.3404806
v 1.1029168 0.016263118 3.3238218
v 1.1114297 1.5681063E-07 3.3574004
v 1.091543 1.5447137E-07 3.339913
v 1.094889 0.016828788 3.3404806
v 1.11033 0.017481482 3.3538885
v 1.091543 1.5447137E-07 3.339913
v 1.1021959 1.5274217E-07 3.3201337
v 1.1029168 0.016263118 3.3238218
v 1.094889 0.016828788 3.3404806
v 1.1236783 0.016915817 3.338755
v 1.1273907 1.5440423E-07 3.3391454
v 1.1114297 1.5681063E-07 3.3574004
v 1.11033 0.017481482 3.3538885
v -1.8701451 0.01938517 3.3162932
v -1.8346398 0.017013716 3.3408613
v -1.8518662 0.01763378 3.3514547
v -1.8564652 0.018765112 3.2990193
v -1.832914 0.017916603 3.284536
v -1.8066899 0.01617609 3.3339803
v -1.8133699 0.017329184 3.281935
v -1.7923245 0.015588667 3.3209395
v -1.8618218 1.4971684E-07 3.2947989
v -1.8701451 0.01938517 3.3162932
v -1.8788346 1.5139643E-07 3.314011
v -1.8564652 0.018765112 3.2990193
v -1.832914 0.017916603 3.284536
v -1.833706 1.4903166E-07 3.27769
v -1.8133699 0.017329184 3.281935
v -1.8109933 1.4864405E-07 3.2732565
v -1.8011563 1.5350187E-07 3.3380942
v -1.7923245 0.015588667 3.3209395
v -1.7836232 1.5301315E-07 3.323233
v -1.8066899 0.01617609 3.3339803
v -1.8336701 1.5514345E-07 3.3476012
v -1.8346398 0.017013716 3.3408613
v -1.8518662 0.01763378 3.3514547
v -1.8542314 1.5542747E-07 3.360121
v -1.8518662 0.01763378 3.3514547
v -1.8542314 1.5542747E-07 3.360121
v -1.8788346 1.5139643E-07 3.314011
v -1.8701451 0.01938517 3.3162932
v -1.8947197 0.012934355 3.0777934
v -1.8185074 0.012934353 3.0546083
v -1.8616265 0.012934358 3.1040053
v -1.8468949 0.01293435 3.0137122
v -1.94031 0.01293435 3.0240571
v -1.8992711 0.012934346 2.9697652
v -1.900242 1.3236028E-07 3.0869918
v -1.8616265 0.012934358 3.1040053
v -1.8631517 1.3492262E-07 3.1163015
v -1.8947197 0.012934355 3.0777934
v -1.94031 0.01293435 3.0240571
v -1.9511281 1.2706818E-07 3.0264573
v -1.9511281 1.2706818E-07 3.0264573
v -1.8976281 1.210236E-07 2.9573154
v -1.8992711 0.012934346 2.9697652
v -1.94031 0.01293435 3.0240571
v -1.8400846 1.2524488E-07 3.0056012
v -1.8992711 0.012934346 2.9697652
v -1.8976281 1.210236E-07 2.9573154
v -1.8468949 0.01293435 3.0137122
v -1.8185074 0.012934353 3.0546083
v -1.8078076 1.293318E-07 3.05235
v -1.8078076 1.293318E-07 3.05235
v -1.8631517 1.3492262E-07 3.1163015
v -1.8616265 0.012934358 3.1040053
v -1.8185074 0.012934353 3.0546083
v -2.608292 0.023790473 -2.4998915
v -2.6368575 0.025172003 -2.5238569
v -2.6126556 0.023562023 -2.552706
v -2.58409 0.022180486 -2.5287282
v -2.6438916 -2.3841856E-07 -2.523207
v -2.613247 -2.413988E-07 -2.5597403
v -2.6126556 0.023562023 -2.552706
v -2.6368575 0.025172003 -2.5238569
v -2.58409 0.022180486 -2.5287282
v -2.5770557 -2.3990867E-07 -2.5293787
v -2.607702 -2.3543834E-07 -2.492845
v -2.608292 0.023790473 -2.4998915
v -2.608292 0.023790473 -2.4998915
v -2.607702 -2.3543834E-07 -2.492845
v -2.6438916 -2.3841856E-07 -2.523207
v -2.6368575 0.025172003 -2.5238569
v -1.9682893 0.016915811 3.3121817
v -1.9747212 0.017481476 3.2930524
v -1.9553895 0.016828783 3.2863958
v -1.944986 0.016263114 3.3016715
v -1.9783155 1.5030439E-07 3.2922482
v -1.9532269 1.5037482E-07 3.2837827
v -1.9553895 0.016828783 3.2863958
v -1.9747212 0.017481476 3.2930524
v -1.944986 0.016263114 3.3016715
v -1.9414274 1.5123467E-07 3.3028898
v -1.9704884 1.5312217E-07 3.315209
v -1.9682893 0.016915811 3.3121817
v -1.9682893 0.016915811 3.3121817
v -1.9704884 1.5312217E-07 3.315209
v -1.9783155 1.5030439E-07 3.2922482
v -1.9747212 0.017481476 3.2930524
v -3.1285572 0.01558821 -0.23603286
v -3.0948613 0.012705474 -0.27665707
v -3.083795 0.013456075 -0.25454786
v -3.1481485 0.0148376115 -0.2545242
v -3.1632705 0.013804176 -0.28475568
v -3.1002643 0.011672038 -0.31142882
v -3.1643581 0.013086209 -0.3088394
v -3.1146064 0.010954072 -0.33031043
v -3.1538472 -3.0621885E-07 -0.24844702
v -3.1285572 0.01558821 -0.23603286
v -3.1322703 -3.0398368E-07 -0.2256874
v -3.1481485 0.0148376115 -0.2545242
v -3.1632705 0.013804176 -0.28475568
v -3.1717 -3.0994414E-07 -0.28451917
v -3.1643581 0.013086209 -0.3088394
v -3.1746678 -3.1143426E-07 -0.31264648
v -3.1643581 0.013086209 -0.3088394
v -3.1746678 -3.1143426E-07 -0.31264648
v -3.1109052 -3.1441448E-07 -0.3406559
v -3.1146064 0.010954072 -0.33031043
v -3.0946603 -3.121793E-07 -0.3177307
v -3.1146064 0.010954072 -0.33031043
v -3.1109052 -3.1441448E-07 -0.3406559
v -3.1002643 0.011672038 -0.31142882
v -3.08655 -3.0845402E-07 -0.2771183
v -3.0948613 0.012705474 -0.27665707
v -3.083795 0.013456075 -0.25454786
v -3.0734968 -3.0621885E-07 -0.2507408
v -3.083795 0.013456075 -0.25454786
v -3.0734968 -3.0621885E-07 -0.2507408
v -3.1322703 -3.0398368E-07 -0.2256874
v -3.1285572 0.01558821 -0.23603286
v -3.1959612 0.012259503 0.1459381
v -3.1884418 0.0111608 0.122019954
v -3.1765356 0.010769181 0.12672538
v -3.185545 0.011867887 0.155196
v -3.1692762 0.011334853 0.16163902
v -3.1583638 0.010236149 0.12794302
v -3.156803 0.010964993 0.16110724
v -3.1479828 0.009855411 0.13449325
v -3.188418 -2.7045607E-07 0.1584114
v -3.2011282 -2.7120112E-07 0.14831465
v -3.1959612 0.012259503 0.1459381
v -3.185545 0.011867887 0.155196
v -3.1692762 0.011334853 0.16163902
v -3.1690161 -2.69711E-07 0.16599044
v -3.156803 0.010964993 0.16110724
v -3.1543791 -2.69711E-07 0.16625021
v -3.1543791 -2.69711E-07 0.16625021
v -3.156803 0.010964993 0.16110724
v -3.1479828 0.009855411 0.13449325
v -3.142816 -2.7269124E-07 0.13210486
v -3.1553721 -2.7343629E-07 0.124774545
v -3.142816 -2.7269124E-07 0.13210486
v -3.1479828 0.009855411 0.13449325
v -3.1583638 0.010236149 0.12794302
v -3.1766777 -2.7343629E-07 0.12242202
v -3.1765356 0.010769181 0.12672538
v -3.1884418 0.0111608 0.122019954
v -3.1908653 -2.7418136E-07 0.116876595
v -3.2011282 -2.7120112E-07 0.14831465
v -3.1908653 -2.7418136E-07 0.116876595
v -3.1884418 0.0111608 0.122019954
v -3.1959612 0.012259503 0.1459381
v -3.0581381 0.026847215 0.045571513
v -3.0869749 0.028457183 0.02136917
v -3.0630088 0.027086524 -0.007195663
v -3.0341609 0.025476549 0.016994856
v -3.094022 -2.8312203E-07 0.021948623
v -3.0869749 0.028457183 0.02136917
v -3.0581381 0.026847215 0.045571513
v -3.057488 -2.8014182E-07 0.052605815
v -3.057488 -2.8014182E-07 0.052605815
v -3.0581381 0.026847215 0.045571513
v -3.0341609 0.025476549 0.016994856
v -3.0271256 -2.8461216E-07 0.016415404
v -3.094022 -2.8312203E-07 0.021948623
v -3.0636477 -2.8610228E-07 -0.014230345
v -3.0630088 0.027086524 -0.007195663
v -3.0869749 0.028457183 0.02136917
v -3.187756 0.016828356 0.086137004
v -3.20795 0.01748105 0.08293304
v -3.2049239 0.016915381 0.06297531
v -3.180154 0.016262686 0.069289014
v -3.2113433 -2.7716158E-07 0.084351726
v -3.20795 0.01748105 0.08293304
v -3.187756 0.016828356 0.086137004
v -3.185167 -2.7716158E-07 0.08833618
v -3.185167 -2.7716158E-07 0.08833618
v -3.187756 0.016828356 0.086137004
v -3.180154 0.016262686 0.069289014
v -3.1768553 -2.786517E-07 0.067468256
v -3.2113433 -2.7716158E-07 0.084351726
v -3.207619 -2.7939674E-07 0.06038589
v -3.2049239 0.016915381 0.06297531
v -3.20795 0.01748105 0.08293304
v 1.3083259 0.050268337 3.1783593
v 1.3502983 0.05026833 3.1263137
v 1.3541881 0.050268337 3.1660275
v 1.2925897 0.05026833 3.1391654
v 1.3585985 0.05026833 3.1069946
v 1.2693568 0.050268326 3.0568051
v 1.3352116 0.050268326 3.0427356
v 1.2888769 -2.9802323E-09 3.1423106
v 1.3083259 0.050268337 3.1783593
v 1.3063396 -1.9510125E-16 3.1862452
v 1.2925897 0.05026833 3.1391654
v 1.2693568 0.050268326 3.0568051
v 1.2627596 -8.940696E-09 3.0520284
v 1.2693568 0.050268326 3.0568051
v 1.2627596 -8.940696E-09 3.0520284
v 1.3371866 -1.1920928E-08 3.0348496
v 1.3352116 0.050268326 3.0427356
v 1.3541881 0.050268337 3.1660275
v 1.3607736 -2.9802323E-09 3.1708043
v 1.3063396 -1.9510125E-16 3.1862452
v 1.3083259 0.050268337 3.1783593
v -3.2304494 0.021593308 1.2638503
v -3.1879923 0.019754885 1.2351317
v -3.1611774 0.021908777 1.2810653
v -3.2252233 0.022670254 1.2941886
v -3.1992836 0.023747204 1.3197623
v -3.2309813 7.45058E-09 1.2975112
v -3.1992836 0.023747204 1.3197623
v -3.2016835 1.0430812E-08 1.3289016
v -3.2252233 0.022670254 1.2941886
v -3.2304494 0.021593308 1.2638503
v -3.2395773 5.960464E-09 1.2613559
v -3.2395773 5.960464E-09 1.2613559
v -3.1855805 1.4901159E-09 1.2259926
v -3.1879923 0.019754885 1.2351317
v -3.2304494 0.021593308 1.2638503
v -3.1520503 7.45058E-09 1.2835479
v -3.2016835 1.0430812E-08 1.3289016
v -3.1992836 0.023747204 1.3197623
v -3.1611774 0.021908777 1.2810653
v -2.968007 0.03660527 1.8116606
v -2.9408374 0.03557185 1.7907455
v -2.9236465 0.036779325 1.8150538
v -2.9636087 0.037203584 1.8283312
v -2.9478958 0.037801884 1.8413249
v -2.966659 1.0430812E-08 1.8304595
v -2.9478958 0.037801884 1.8413249
v -2.9487941 1.0430812E-08 1.8465388
v -2.9636087 0.037203584 1.8283312
v -2.968007 0.03660527 1.8116606
v -2.973221 8.940696E-09 1.810715
v -2.973221 8.940696E-09 1.810715
v -2.939939 7.45058E-09 1.7855312
v -2.9408374 0.03557185 1.7907455
v -2.968007 0.03660527 1.8116606
v -2.9236465 0.036779325 1.8150538
v -2.9184327 8.940696E-09 1.8159999
v -2.9487941 1.0430812E-08 1.8465388
v -2.9478958 0.037801884 1.8413249
v 1.6256254 0.107184656 -2.6447952
v 1.5980401 0.10554382 -2.619476
v 1.5801798 0.117696635 -2.6274812
v 1.6070983 0.12885232 -2.647849
v 1.6251832 0.08887561 -2.6665602
v 1.6340823 0.08887561 -2.6440103
v 1.6256254 0.107184656 -2.6447952
v 1.6070983 0.12885232 -2.647849
v 1.5870126 0.0888756 -2.7021158
v 1.5863073 0.1052514 -2.693654
v 1.555027 0.10359432 -2.6658194
v 1.5465609 0.08887561 -2.6665885
v 1.552293 0.08887561 -2.6426
v 1.5465609 0.08887561 -2.6665885
v 1.555027 0.10359432 -2.6658194
v 1.5635616 0.11690059 -2.649597
v 1.6340823 0.08887561 -2.6440103
v 1.5973343 0.08887561 -2.6110141
v 1.5980401 0.10554382 -2.619476
v 1.6256254 0.107184656 -2.6447952
v 1.5863073 0.1052514 -2.693654
v 1.590869 0.13364038 -2.668331
v 1.5635616 0.11690059 -2.649597
v 1.555027 0.10359432 -2.6658194
v 1.5780916 0.08887561 -2.6236484
v 1.552293 0.08887561 -2.6426
v 1.5635616 0.11690059 -2.649597
v 1.5801798 0.117696635 -2.6274812
v 1.6251832 0.08887561 -2.6665602
v 1.6070983 0.12885232 -2.647849
v 1.590869 0.13364038 -2.668331
v 1.6057494 0.0888756 -2.69085
v 1.5780916 0.08887561 -2.6236484
v 1.5801798 0.117696635 -2.6274812
v 1.5980401 0.10554382 -2.619476
v 1.5973343 0.08887561 -2.6110141
v 1.6197139 0.08164433 -2.568064
v 1.6906354 0.08977856 -2.6327884
v 1.7300277 0.053385787 -2.591274
v 1.6622401 0.05338578 -2.5402439
v 1.5426662 -3.6217793E-07 -2.569866
v 1.5000162 -3.7526968E-07 -2.719618
v 1.5211146 0.089778565 -2.7132583
v 1.5556511 0.08977858 -2.5770442
v 1.7447073 -3.629798E-07 -2.5790381
v 1.6653444 -3.5822626E-07 -2.5246642
v 1.6622401 0.05338578 -2.5402439
v 1.7300277 0.053385787 -2.591274
v 1.6142757 0.08977856 -2.7195506
v 1.6906354 0.08977856 -2.6327884
v 1.5556511 0.08977858 -2.5770442
v 1.5211146 0.089778565 -2.7132583
v 1.616858 -3.611329E-07 -2.5579123
v 1.5426662 -3.6217793E-07 -2.569866
v 1.5556511 0.08977858 -2.5770442
v 1.6197139 0.08164433 -2.568064
v 1.616858 -3.611329E-07 -2.5579123
v 1.6197139 0.08164433 -2.568064
v 1.6622401 0.05338578 -2.5402439
v 1.6653444 -3.5822626E-07 -2.5246642
v 1.5852159 0.105945036 -2.595702
v 1.5655596 0.10659773 -2.5900714
v 1.5598683 0.106032066 -2.6094382
v 1.5849855 0.10537937 -2.6141844
v 1.5630839 0.089116424 -2.5873516
v 1.5655596 0.10659773 -2.5900714
v 1.5852159 0.105945036 -2.595702
v 1.5884917 0.089116424 -2.5948026
v 1.5884917 0.089116424 -2.5948026
v 1.5852159 0.105945036 -2.595702
v 1.5849855 0.10537937 -2.6141844
v 1.5872058 0.089116424 -2.6172285
v 1.5630839 0.089116424 -2.5873516
v 1.5563309 0.089116424 -2.610646
v 1.5598683 0.106032066 -2.6094382
v 1.5655596 0.10659773 -2.5900714
v 1.582037 0.38377804 3.100724
v 1.565469 0.40310118 3.1205418
v 1.5897262 0.40310118 3.114042
v 1.565469 0.38377813 3.1051633
v 1.5412118 0.40310118 3.114042
v 1.5941658 0.3837781 3.0885956
v 1.6074839 0.40310115 3.096285
v 1.5489011 0.38377804 3.100724
v 1.5234544 0.40310115 3.096284
v 1.565469 0.37481022 3.0720274
v 1.5986052 0.3837781 3.0720274
v 1.5367725 0.3837781 3.0885956
v 1.6139834 0.40310115 3.0720274
v 1.5169547 0.40310115 3.0720272
v 1.5941658 0.3837781 3.0554593
v 1.6074839 0.40310115 3.0477698
v 1.5323329 0.3837781 3.0720274
v 1.5234544 0.40310115 3.0477695
v 1.582037 0.3837781 3.043331
v 1.5897262 0.40310115 3.0300128
v 1.5367725 0.3837781 3.0554593
v 1.5412118 0.40310115 3.0300128
v 1.565469 0.3837781 3.0388916
v 1.565469 0.40310115 3.023513
v 1.5489011 0.3837781 3.043331
v 1.565469 0.40693697 3.115722
v 1.565469 0.3887808 3.10157
v 1.5802402 0.38878077 3.0976117
v 1.5873165 0.40693697 3.1098683
v 1.5436218 0.40693697 3.1098683
v 1.5910535 0.38878083 3.0867984
v 1.6033099 0.40693694 3.0938747
v 1.5506978 0.38878077 3.0976117
v 1.5276284 0.40693694 3.0938745
v 1.565469 0.38096988 3.0720274
v 1.5950115 0.38878083 3.0720274
v 1.5398846 0.38878083 3.0867984
v 1.6091638 0.40693694 3.0720274
v 1.5217743 0.40693688 3.0720272
v 1.5910535 0.38878083 3.0572565
v 1.6033099 0.40693694 3.0501802
v 1.5359268 0.38878083 3.0720274
v 1.5276284 0.40693694 3.05018
v 1.5802402 0.38878083 3.0464432
v 1.5873165 0.40693688 3.0341866
v 1.5398846 0.38878083 3.057256
v 1.5436218 0.40693694 3.0341866
v 1.565469 0.38878083 3.042485
v 1.565469 0.40693688 3.028333
v 1.5506978 0.38878083 3.0464432
v 1.5880855 0.38377696 -3.0405252
v 1.5715176 0.4031 -3.0207074
v 1.5957748 0.4031 -3.027207
v 1.5715176 0.38377696 -3.0360858
v 1.5472604 0.4031 -3.0272071
v 1.6002144 0.38377696 -3.0526538
v 1.6135324 0.4031 -3.0449646
v 1.5549496 0.38377696 -3.0405252
v 1.529503 0.4031 -3.0449648
v 1.5715176 0.3748091 -3.0692217
v 1.6046537 0.38377696 -3.0692217
v 1.542821 0.38377696 -3.0526538
v 1.620032 0.4031 -3.0692217
v 1.5230032 0.4031 -3.069222
v 1.6002144 0.38377696 -3.0857897
v 1.6135324 0.4031 -3.093479
v 1.5383815 0.38377696 -3.0692217
v 1.529503 0.4031 -3.0934792
v 1.5880855 0.38377696 -3.0979183
v 1.5957748 0.40310004 -3.1112366
v 1.542821 0.38377696 -3.0857897
v 1.5472604 0.40310004 -3.1112366
v 1.5715176 0.38377693 -3.1023576
v 1.5715176 0.40310004 -3.117736
v 1.5549496 0.38377696 -3.0979183
v 1.5715176 0.40693575 -3.025527
v 1.5715176 0.3887797 -3.0396793
v 1.5862888 0.3887797 -3.0436373
v 1.5933651 0.40693575 -3.031381
v 1.5496703 0.40693575 -3.031381
v 1.597102 0.3887797 -3.0544505
v 1.6093584 0.40693575 -3.0473742
v 1.5567464 0.3887797 -3.0436373
v 1.533677 0.40693575 -3.0473742
v 1.5715176 0.38096875 -3.0692217
v 1.60106 0.3887797 -3.0692217
v 1.5459331 0.3887797 -3.0544505
v 1.6152123 0.40693575 -3.0692217
v 1.5278229 0.40693575 -3.069222
v 1.597102 0.3887797 -3.083993
v 1.6093584 0.40693575 -3.0910692
v 1.5419754 0.3887797 -3.0692217
v 1.533677 0.40693575 -3.0910692
v 1.5862888 0.3887797 -3.0948062
v 1.5933651 0.40693578 -3.1070626
v 1.5459331 0.3887797 -3.083993
v 1.5496703 0.40693578 -3.1070626
v 1.5715176 0.3887797 -3.0987642
v 1.5715176 0.40693578 -3.1129165
v 1.5567464 0.3887797 -3.0948062
v 3.087183 0.38377774 1.6037399
v 3.0706148 0.40310085 1.6235577
v 3.094872 0.40310085 1.6170579
v 3.0706148 0.38377774 1.6081792
v 3.0463572 0.40310085 1.6170579
v 3.0993114 0.38377774 1.5916115
v 3.1126294 0.40310085 1.599301
v 3.0540466 0.3837778 1.6037399
v 3.0285997 0.40310085 1.5993005
v 3.0706148 0.37480992 1.5750433
v 3.1037502 0.38377774 1.5750433
v 3.0419178 0.38377774 1.5916115
v 3.1191292 0.40310085 1.5750433
v 3.0221004 0.40310085 1.5750433
v 3.0993114 0.38377774 1.5584751
v 3.1126294 0.40310085 1.5507861
v 3.037479 0.38377774 1.5750433
v 3.0285997 0.40310085 1.5507861
v 3.087183 0.38377774 1.5463468
v 3.094872 0.4031009 1.5330287
v 3.0419178 0.38377774 1.5584751
v 3.0463572 0.4031009 1.5330287
v 3.0706148 0.38377774 1.5419074
v 3.070615 0.4031009 1.526529
v 3.0540466 0.38377774 1.5463468
v 3.0706148 0.4069366 1.6187383
v 3.0706148 0.38878053 1.6045858
v 3.0853853 0.38878053 1.600628
v 3.092462 0.4069366 1.6128846
v 3.048767 0.4069366 1.6128846
v 3.096199 0.38878053 1.5898143
v 3.1084557 0.4069366 1.5968906
v 3.0558434 0.38878053 1.600628
v 3.0327735 0.4069366 1.5968906
v 3.0706148 0.38096958 1.5750433
v 3.1001568 0.38878053 1.5750433
v 3.04503 0.38878053 1.5898143
v 3.1143093 0.4069366 1.5750433
v 3.0269198 0.4069366 1.5750433
v 3.096199 0.38878053 1.5602723
v 3.1084557 0.4069366 1.5531961
v 3.0410724 0.38878053 1.5750433
v 3.0327735 0.4069366 1.5531961
v 3.0853863 0.38878053 1.5494591
v 3.092462 0.40693665 1.5372025
v 3.04503 0.38878053 1.5602719
v 3.048767 0.40693665 1.5372025
v 3.0706148 0.38878053 1.5455009
v 3.0706148 0.40693665 1.5313488
v 3.0558438 0.38878053 1.5494591
v 3.0805278 0.38377726 -1.5457146
v 3.0639594 0.4031003 -1.5258968
v 3.0882168 0.4031003 -1.5323966
v 3.0639596 0.3837772 -1.5412753
v 3.039702 0.4031003 -1.5323966
v 3.0926561 0.38377726 -1.5578432
v 3.1059742 0.40310037 -1.5501541
v 3.0473914 0.38377726 -1.5457146
v 3.0219445 0.40310037 -1.5501541
v 3.0639596 0.37480938 -1.5744113
v 3.097095 0.38377726 -1.5744113
v 3.0352626 0.38377726 -1.5578433
v 3.112474 0.40310037 -1.5744113
v 3.0154452 0.4031003 -1.5744113
v 3.0926561 0.38377726 -1.5909793
v 3.1059742 0.40310037 -1.5986685
v 3.0308237 0.38377726 -1.5744113
v 3.0219445 0.40310037 -1.5986686
v 3.0805278 0.38377726 -1.6031079
v 3.0882168 0.4031003 -1.616426
v 3.0352626 0.38377726 -1.5909793
v 3.039702 0.4031003 -1.616426
v 3.0639596 0.38377726 -1.6075472
v 3.0639596 0.4031003 -1.6229258
v 3.0473914 0.38377726 -1.6031079
v 3.0639596 0.40693605 -1.5307164
v 3.0639596 0.38878 -1.544869
v 3.07873 0.38878 -1.5488268
v 3.0858068 0.40693605 -1.5365705
v 3.0421119 0.40693605 -1.5365705
v 3.0895438 0.38878 -1.55964
v 3.1018004 0.4069361 -1.5525639
v 3.0491881 0.38878 -1.5488268
v 3.0261183 0.4069361 -1.5525639
v 3.0639596 0.3809691 -1.5744113
v 3.0935016 0.38878 -1.5744113
v 3.038375 0.38878 -1.55964
v 3.107654 0.4069361 -1.5744113
v 3.0202646 0.4069361 -1.5744113
v 3.0895438 0.38878 -1.5891824
v 3.1018004 0.4069361 -1.5962586
v 3.0344172 0.38878 -1.5744113
v 3.0261183 0.4069361 -1.5962588
v 3.078731 0.38878 -1.5999956
v 3.0858068 0.4069361 -1.612252
v 3.038375 0.38878 -1.5891824
v 3.0421119 0.4069361 -1.6122521
v 3.0639596 0.38878 -1.6039536
v 3.0639596 0.4069361 -1.6181061
v 3.0491886 0.38878 -1.5999956
v -1.5820394 0.38377804 3.1007226
v -1.5897286 0.40310118 3.1140406
v -1.5654714 0.40310118 3.1205404
v -1.5654714 0.38377813 3.105162
v -1.5412142 0.40310118 3.1140406
v -1.5941682 0.3837781 3.0885942
v -1.6074862 0.40310115 3.0962837
v -1.5489035 0.38377804 3.1007226
v -1.5234568 0.40310115 3.096283
v -1.5654714 0.37481022 3.072026
v -1.5986075 0.3837781 3.072026
v -1.5367749 0.3837781 3.0885942
v -1.6139858 0.40310115 3.072026
v -1.516957 0.40310115 3.0720263
v -1.5941682 0.3837781 3.0554578
v -1.6074862 0.40310115 3.0477684
v -1.5323353 0.3837781 3.072026
v -1.5234568 0.40310115 3.0477686
v -1.5820394 0.3837781 3.0433295
v -1.5897286 0.40310115 3.0300114
v -1.5367749 0.3837781 3.0554578
v -1.5412142 0.40310115 3.0300114
v -1.5654714 0.3837781 3.0388901
v -1.5654714 0.40310115 3.0235116
v -1.5489035 0.3837781 3.0433295
v -1.5654714 0.40693697 3.1157205
v -1.5873189 0.40693697 3.1098669
v -1.5802426 0.38878077 3.0976102
v -1.5654714 0.3887808 3.1015685
v -1.5436242 0.40693697 3.1098669
v -1.5910559 0.38878083 3.086797
v -1.6033123 0.40693694 3.0938733
v -1.5507002 0.38878077 3.0976102
v -1.5276308 0.40693694 3.0938735
v -1.5654714 0.38096988 3.072026
v -1.5950139 0.38878083 3.072026
v -1.539887 0.38878083 3.086797
v -1.6091661 0.40693694 3.072026
v -1.5217767 0.40693688 3.0720263
v -1.5910559 0.38878083 3.057255
v -1.6033123 0.40693694 3.0501788
v -1.5359292 0.38878083 3.072026
v -1.5276308 0.40693694 3.050179
v -1.5802426 0.38878083 3.0464418
v -1.5873189 0.40693688 3.0341852
v -1.539887 0.38878083 3.0572546
v -1.5436242 0.40693694 3.0341852
v -1.5654714 0.38878083 3.0424836
v -1.5654714 0.40693688 3.0283315
v -1.5507002 0.38878083 3.0464418
v -1.5880831 0.38377696 -3.0405266
v -1.5957724 0.4031 -3.0272083
v -1.5715152 0.4031 -3.0207088
v -1.5715152 0.38377696 -3.0360873
v -1.547258 0.4031 -3.0272086
v -1.600212 0.38377696 -3.0526552
v -1.61353 0.4031 -3.044966
v -1.5549473 0.38377696 -3.0405266
v -1.5295006 0.4031 -3.0449657
v -1.5715152 0.3748091 -3.0692232
v -1.6046513 0.38377696 -3.0692232
v -1.5428187 0.38377696 -3.0526552
v -1.6200296 0.4031 -3.0692232
v -1.5230008 0.4031 -3.069223
v -1.600212 0.38377696 -3.085791
v -1.61353 0.4031 -3.0934803
v -1.5383791 0.38377696 -3.0692232
v -1.5295006 0.4031 -3.09348
v -1.5880831 0.38377696 -3.0979197
v -1.5957724 0.40310004 -3.111238
v -1.5428187 0.38377696 -3.085791
v -1.547258 0.40310004 -3.111238
v -1.5715152 0.38377693 -3.102359
v -1.5715152 0.40310004 -3.1177375
v -1.5549473 0.38377696 -3.0979197
v -1.5715152 0.40693575 -3.0255284
v -1.5933627 0.40693575 -3.0313823
v -1.5862864 0.3887797 -3.0436387
v -1.5715152 0.3887797 -3.0396807
v -1.549668 0.40693575 -3.0313823
v -1.5970997 0.3887797 -3.054452
v -1.609356 0.40693575 -3.0473757
v -1.556744 0.3887797 -3.0436387
v -1.5336746 0.40693575 -3.0473757
v -1.5715152 0.38096875 -3.0692232
v -1.6010576 0.3887797 -3.0692232
v -1.5459307 0.3887797 -3.054452
v -1.6152099 0.40693575 -3.0692232
v -1.5278205 0.40693575 -3.069223
v -1.5970997 0.3887797 -3.0839944
v -1.609356 0.40693575 -3.0910707
v -1.541973 0.3887797 -3.0692232
v -1.5336746 0.40693575 -3.0910707
v -1.5862864 0.3887797 -3.0948076
v -1.5933627 0.40693578 -3.107064
v -1.5459307 0.3887797 -3.0839944
v -1.549668 0.40693578 -3.107064
v -1.5715152 0.3887797 -3.0987656
v -1.5715152 0.40693578 -3.112918
v -1.556744 0.3887797 -3.0948076
v -3.0871844 0.38377774 1.6037375
v -3.0948734 0.40310085 1.6170555
v -3.0706162 0.40310085 1.6235553
v -3.0706162 0.38377774 1.6081768
v -3.0463586 0.40310085 1.6170555
v -3.0993128 0.38377774 1.5916091
v -3.1126308 0.40310085 1.5992986
v -3.054048 0.3837778 1.6037375
v -3.0286012 0.40310085 1.5992981
v -3.0706162 0.37480992 1.5750409
v -3.1037517 0.38377774 1.5750409
v -3.0419192 0.38377774 1.5916091
v -3.1191306 0.40310085 1.5750409
v -3.0221019 0.40310085 1.5750409
v -3.0993128 0.38377774 1.5584728
v -3.1126308 0.40310085 1.5507838
v -3.0374804 0.38377774 1.5750409
v -3.0286012 0.40310085 1.5507838
v -3.0871844 0.38377774 1.5463444
v -3.0948734 0.4031009 1.5330263
v -3.0419192 0.38377774 1.5584728
v -3.0463586 0.4031009 1.5330263
v -3.0706162 0.38377774 1.541905
v -3.070616 0.4031009 1.5265266
v -3.054048 0.38377774 1.5463444
v -3.0706162 0.4069366 1.6187359
v -3.0924635 0.4069366 1.6128823
v -3.0853868 0.38878053 1.6006256
v -3.0706162 0.38878053 1.6045834
v -3.0487685 0.4069366 1.6128823
v -3.0962005 0.38878053 1.5898119
v -3.108457 0.4069366 1.5968882
v -3.0558448 0.38878053 1.6006256
v -3.032775 0.4069366 1.5968882
v -3.0706162 0.38096958 1.5750409
v -3.1001582 0.38878053 1.5750409
v -3.0450315 0.38878053 1.5898119
v -3.1143107 0.4069366 1.5750409
v -3.0269213 0.4069366 1.5750409
v -3.0962005 0.38878053 1.56027
v -3.108457 0.4069366 1.5531937
v -3.0410738 0.38878053 1.5750409
v -3.032775 0.4069366 1.5531937
v -3.0853877 0.38878053 1.5494567
v -3.0924635 0.40693665 1.5372001
v -3.0450315 0.38878053 1.5602695
v -3.0487685 0.40693665 1.5372001
v -3.0706162 0.38878053 1.5454985
v -3.0706162 0.40693665 1.5313464
v -3.0558453 0.38878053 1.5494567
v -3.0805264 0.38377726 -1.545717
v -3.0882154 0.4031003 -1.5323989
v -3.0639584 0.4031003 -1.5258992
v -3.0639582 0.3837772 -1.5412776
v -3.0397005 0.4031003 -1.5323989
v -3.0926547 0.38377726 -1.5578456
v -3.1059728 0.40310037 -1.5501565
v -3.04739 0.38377726 -1.545717
v -3.021943 0.40310037 -1.5501565
v -3.0639582 0.37480938 -1.5744137
v -3.0970936 0.38377726 -1.5744137
v -3.0352612 0.38377726 -1.5578457
v -3.1124725 0.40310037 -1.5744137
v -3.0154438 0.4031003 -1.5744137
v -3.0926547 0.38377726 -1.5909817
v -3.1059728 0.40310037 -1.5986708
v -3.0308223 0.38377726 -1.5744137
v -3.021943 0.40310037 -1.598671
v -3.0805264 0.38377726 -1.6031103
v -3.0882154 0.4031003 -1.6164284
v -3.0352612 0.38377726 -1.5909817
v -3.0397005 0.4031003 -1.6164284
v -3.0639582 0.38377726 -1.6075495
v -3.0639582 0.4031003 -1.6229281
v -3.04739 0.38377726 -1.6031103
v -3.0639582 0.40693605 -1.5307188
v -3.0858054 0.40693605 -1.5365729
v -3.0787287 0.38878 -1.5488292
v -3.0639582 0.38878 -1.5448713
v -3.0421104 0.40693605 -1.5365729
v -3.0895424 0.38878 -1.5596424
v -3.101799 0.4069361 -1.5525663
v -3.0491867 0.38878 -1.5488292
v -3.0261168 0.4069361 -1.5525663
v -3.0639582 0.3809691 -1.5744137
v -3.0935001 0.38878 -1.5744137
v -3.0383735 0.38878 -1.5596424
v -3.1076527 0.4069361 -1.5744137
v -3.0202632 0.4069361 -1.5744137
v -3.0895424 0.38878 -1.5891848
v -3.101799 0.4069361 -1.596261
v -3.0344157 0.38878 -1.5744137
v -3.0261168 0.4069361 -1.5962611
v -3.0787296 0.38878 -1.599998
v -3.0858054 0.4069361 -1.6122544
v -3.0383735 0.38878 -1.5891848
v -3.0421104 0.4069361 -1.6122545
v -3.0639582 0.38878 -1.603956
v -3.0639582 0.4069361 -1.6181085
v -3.0491872 0.38878 -1.599998
v 1.565469 0.40310118 3.1205418
v 1.565469 0.40693697 3.115722
v 1.5873165 0.40693697 3.1098683
v 1.5897262 0.40310118 3.114042
v 1.5412118 0.40310118 3.114042
v 1.6033099 0.40693694 3.0938747
v 1.5436218 0.40693697 3.1098683
v 1.6074839 0.40310115 3.096285
v 1.5234544 0.40310115 3.096284
v 1.6091638 0.40693694 3.0720274
v 1.5276284 0.40693694 3.0938745
v 1.6139834 0.40310115 3.0720274
v 1.5169547 0.40310115 3.0720272
v 1.6033099 0.40693694 3.0501802
v 1.5217743 0.40693688 3.0720272
v 1.6074839 0.40310115 3.0477698
v 1.5234544 0.40310115 3.0477695
v 1.5873165 0.40693688 3.0341866
v 1.5276284 0.40693694 3.05018
v 1.5897262 0.40310115 3.0300128
v 1.5412118 0.40310115 3.0300128
v 1.565469 0.40693688 3.028333
v 1.5436218 0.40693694 3.0341866
v 1.565469 0.40310115 3.023513
v 1.5715176 0.4031 -3.0207074
v 1.5715176 0.40693575 -3.025527
v 1.5933651 0.40693575 -3.031381
v 1.5957748 0.4031 -3.027207
v 1.5472604 0.4031 -3.0272071
v 1.6093584 0.40693575 -3.0473742
v 1.5496703 0.40693575 -3.031381
v 1.6135324 0.4031 -3.0449646
v 1.529503 0.4031 -3.0449648
v 1.6152123 0.40693575 -3.0692217
v 1.533677 0.40693575 -3.0473742
v 1.620032 0.4031 -3.0692217
v 1.5230032 0.4031 -3.069222
v 1.6093584 0.40693575 -3.0910692
v 1.5278229 0.40693575 -3.069222
v 1.6135324 0.4031 -3.093479
v 1.529503 0.4031 -3.0934792
v 1.5933651 0.40693578 -3.1070626
v 1.533677 0.40693575 -3.0910692
v 1.5957748 0.40310004 -3.1112366
v 1.5472604 0.40310004 -3.1112366
v 1.5715176 0.40693578 -3.1129165
v 1.5496703 0.40693578 -3.1070626
v 1.5715176 0.40310004 -3.117736
v 3.0706148 0.40310085 1.6235577
v 3.0706148 0.4069366 1.6187383
v 3.092462 0.4069366 1.6128846
v 3.094872 0.40310085 1.6170579
v 3.0463572 0.40310085 1.6170579
v 3.1084557 0.4069366 1.5968906
v 3.048767 0.4069366 1.6128846
v 3.1126294 0.40310085 1.599301
v 3.0285997 0.40310085 1.5993005
v 3.1143093 0.4069366 1.5750433
v 3.0327735 0.4069366 1.5968906
v 3.1191292 0.40310085 1.5750433
v 3.0221004 0.40310085 1.5750433
v 3.1084557 0.4069366 1.5531961
v 3.0269198 0.4069366 1.5750433
v 3.1126294 0.40310085 1.5507861
v 3.0285997 0.40310085 1.5507861
v 3.092462 0.40693665 1.5372025
v 3.0327735 0.4069366 1.5531961
v 3.094872 0.4031009 1.5330287
v 3.0463572 0.4031009 1.5330287
v 3.0706148 0.40693665 1.5313488
v 3.048767 0.40693665 1.5372025
v 3.070615 0.4031009 1.526529
v 3.0639594 0.4031003 -1.5258968
v 3.0639596 0.40693605 -1.5307164
v 3.0858068 0.40693605 -1.5365705
v 3.0882168 0.4031003 -1.5323966
v 3.039702 0.4031003 -1.5323966
v 3.1018004 0.4069361 -1.5525639
v 3.0421119 0.40693605 -1.5365705
v 3.1059742 0.40310037 -1.5501541
v 3.0219445 0.40310037 -1.5501541
v 3.107654 0.4069361 -1.5744113
v 3.0261183 0.4069361 -1.5525639
v 3.112474 0.40310037 -1.5744113
v 3.0154452 0.4031003 -1.5744113
v 3.1018004 0.4069361 -1.5962586
v 3.0202646 0.4069361 -1.5744113
v 3.1059742 0.40310037 -1.5986685
v 3.0219445 0.40310037 -1.5986686
v 3.0858068 0.4069361 -1.612252
v 3.0261183 0.4069361 -1.5962588
v 3.0882168 0.4031003 -1.616426
v 3.039702 0.4031003 -1.616426
v 3.0639596 0.4069361 -1.6181061
v 3.0421119 0.4069361 -1.6122521
v 3.0639596 0.4031003 -1.6229258
v -1.5654714 0.40310118 3.1205404
v -1.5897286 0.40310118 3.1140406
v -1.5873189 0.40693697 3.1098669
v -1.5654714 0.40693697 3.1157205
v -1.6033123 0.40693694 3.0938733
v -1.5412142 0.40310118 3.1140406
v -1.6074862 0.40310115 3.0962837
v -1.5436242 0.40693697 3.1098669
v -1.6091661 0.40693694 3.072026
v -1.5234568 0.40310115 3.096283
v -1.6139858 0.40310115 3.072026
v -1.5276308 0.40693694 3.0938735
v -1.6033123 0.40693694 3.0501788
v -1.516957 0.40310115 3.0720263
v -1.6074862 0.40310115 3.0477684
v -1.5217767 0.40693688 3.0720263
v -1.5873189 0.40693688 3.0341852
v -1.5234568 0.40310115 3.0477686
v -1.5897286 0.40310115 3.0300114
v -1.5276308 0.40693694 3.050179
v -1.5654714 0.40693688 3.0283315
v -1.5412142 0.40310115 3.0300114
v -1.5654714 0.40310115 3.0235116
v -1.5436242 0.40693694 3.0341852
v -1.5715152 0.4031 -3.0207088
v -1.5957724 0.4031 -3.0272083
v -1.5933627 0.40693575 -3.0313823
v -1.5715152 0.40693575 -3.0255284
v -1.609356 0.40693575 -3.0473757
v -1.547258 0.4031 -3.0272086
v -1.61353 0.4031 -3.044966
v -1.549668 0.40693575 -3.0313823
v -1.6152099 0.40693575 -3.0692232
v -1.5295006 0.4031 -3.0449657
v -1.6200296 0.4031 -3.0692232
v -1.5336746 0.40693575 -3.0473757
v -1.609356 0.40693575 -3.0910707
v -1.5230008 0.4031 -3.069223
v -1.61353 0.4031 -3.0934803
v -1.5278205 0.40693575 -3.069223
v -1.5933627 0.40693578 -3.107064
v -1.5295006 0.4031 -3.09348
v -1.5957724 0.40310004 -3.111238
v -1.5336746 0.40693575 -3.0910707
v -1.5715152 0.40693578 -3.112918
v -1.547258 0.40310004 -3.111238
v -1.5715152 0.40310004 -3.1177375
v -1.549668 0.40693578 -3.107064
v -3.0706162 0.40310085 1.6235553
v -3.0948734 0.40310085 1.6170555
v -3.0924635 0.4069366 1.6128823
v -3.0706162 0.4069366 1.6187359
v -3.108457 0.4069366 1.5968882
v -3.0463586 0.40310085 1.6170555
v -3.1126308 0.40310085 1.5992986
v -3.0487685 0.4069366 1.6128823
v -3.1143107 0.4069366 1.5750409
v -3.0286012 0.40310085 1.5992981
v -3.1191306 0.40310085 1.5750409
v -3.032775 0.4069366 1.5968882
v -3.108457 0.4069366 1.5531937
v -3.0221019 0.40310085 1.5750409
v -3.1126308 0.40310085 1.5507838
v -3.0269213 0.4069366 1.5750409
v -3.0924635 0.40693665 1.5372001
v -3.0286012 0.40310085 1.5507838
v -3.0948734 0.4031009 1.5330263
v -3.032775 0.4069366 1.5531937
v -3.0706162 0.40693665 1.5313464
v -3.0463586 0.4031009 1.5330263
v -3.070616 0.4031009 1.5265266
v -3.0487685 0.40693665 1.5372001
v -3.0639584 0.4031003 -1.5258992
v -3.0882154 0.4031003 -1.5323989
v -3.0858054 0.40693605 -1.5365729
v -3.0639582 0.40693605 -1.5307188
v -3.101799 0.4069361 -1.5525663
v -3.0397005 0.4031003 -1.5323989
v -3.1059728 0.40310037 -1.5501565
v -3.0421104 0.40693605 -1.5365729
v -3.1076527 0.4069361 -1.5744137
v -3.021943 0.40310037 -1.5501565
v -3.1124725 0.40310037 -1.5744137
v -3.0261168 0.4069361 -1.5525663
v -3.101799 0.4069361 -1.596261
v -3.0154438 0.4031003 -1.5744137
v -3.1059728 0.40310037 -1.5986708
v -3.0202632 0.4069361 -1.5744137
v -3.0858054 0.4069361 -1.6122544
v -3.021943 0.40310037 -1.598671
v -3.0882154 0.4031003 -1.6164284
v -3.0261168 0.4069361 -1.5962611
v -3.0639582 0.4069361 -1.6181085
v -3.0397005 0.4031003 -1.6164284
v -3.0639582 0.4031003 -1.6229281
v -3.0421104 0.4069361 -1.6122545
vt 0.7675781 0.19873047
vt 0.73828125 0.18737793
vt 0.74853516 0.20471191
vt 0.73828125 0.18737793
vt 0.7402344 0.1776123
vt 0.72021484 0.17077637
vt 0.73828125 0.18737793
vt 0.72021484 0.17077637
vt 0.7182617 0.18786621
vt 0.7675781 0.19873047
vt 0.74853516 0.20471191
vt 0.7553711 0.21166992
vt 0.9038086 0.0026721954
vt 0.90185547 0.04385376
vt 0.921875 0.062805176
vt 0.009483337 0.49194336
vt 0.009483337 0.34277344
vt 0.1105957 0.34277344
vt 0.1105957 0.4182129
vt 0.1105957 0.49194336
vt 0.009483337 0.49194336
vt 0.1105957 0.49194336
vt 0.09454346 0.5083008
vt 0.025512695 0.5083008
vt 0.44726562 0.92089844
vt 0.3461914 0.92089844
vt 0.3623047 0.90478516
vt 0.43139648 0.90478516
vt 0.6201172 0.36499023
vt 0.51904297 0.36499023
vt 0.53515625 0.34887695
vt 0.6040039 0.34887695
vt 0.51953125 0.46166992
vt 0.62060547 0.46166992
vt 0.6044922 0.47753906
vt 0.53564453 0.47753906
vt 0.6040039 0.34887695
vt 0.53515625 0.34887695
vt 0.53515625 0.3269043
vt 0.6040039 0.3269043
vt 0.53564453 0.47753906
vt 0.6044922 0.47753906
vt 0.6044922 0.49951172
vt 0.53564453 0.49951172
vt 0.15112305 0.9951172
vt 0.15112305 0.92626953
vt 0.22021484 0.92626953
vt 0.22021484 0.9951172
vt 0.3461914 0.9946289
vt 0.38085938 0.9433594
vt 0.38085938 0.9946289
vt 0.3461914 0.92089844
vt 0.44726562 0.92089844
vt 0.41259766 0.9433594
vt 0.44726562 0.9946289
vt 0.41259766 0.9946289
vt 0.85302734 0.27075195
vt 0.85302734 0.23901367
vt 0.9042969 0.23901367
vt 0.9042969 0.27075195
vt 0.92333984 0.23901367
vt 0.92333984 0.27075195
vt 0.9042969 0.27075195
vt 0.9042969 0.23901367
vt 0.9042969 0.28955078
vt 0.85302734 0.28955078
vt 0.85302734 0.27075195
vt 0.9042969 0.27075195
vt 0.8339844 0.27075195
vt 0.8339844 0.23901367
vt 0.85302734 0.23901367
vt 0.85302734 0.27075195
vt 0.85302734 0.22009277
vt 0.9042969 0.22009277
vt 0.9042969 0.23901367
vt 0.85302734 0.23901367
vt 0.11010742 0.0023498535
vt 0.008987427 0.0023498535
vt 0.008987427 0.07763672
vt 0.11010742 0.15161133
vt 0.008987427 0.15161133
vt 0.37329102 0.30541992
vt 0.3894043 0.28930664
vt 0.3894043 0.22033691
vt 0.37329102 0.2043457
vt 0.34350586 0.8149414
vt 0.32739258 0.7988281
vt 0.25830078 0.7988281
vt 0.24230957 0.8149414
vt 0.008987427 0.15161133
vt 0.025024414 0.16760254
vt 0.094055176 0.16760254
vt 0.11010742 0.15161133
vt 0.37329102 0.40649414
vt 0.3894043 0.390625
vt 0.3894043 0.3215332
vt 0.37329102 0.30541992
vt 0.3894043 0.28930664
vt 0.4111328 0.28930664
vt 0.4111328 0.22033691
vt 0.3894043 0.22033691
vt 0.3894043 0.390625
vt 0.4111328 0.390625
vt 0.4111328 0.3215332
vt 0.3894043 0.3215332
vt 0.07733154 0.8461914
vt 0.1463623 0.8461914
vt 0.1463623 0.77734375
vt 0.07733154 0.77734375
vt 0.24230957 0.8886719
vt 0.2770996 0.8886719
vt 0.2770996 0.83740234
vt 0.24230957 0.8149414
vt 0.34350586 0.8149414
vt 0.30859375 0.83740234
vt 0.34350586 0.8886719
vt 0.30859375 0.8886719
vt 0.78759766 0.23913574
vt 0.7363281 0.23913574
vt 0.7363281 0.27075195
vt 0.78759766 0.27075195
vt 0.8066406 0.23913574
vt 0.78759766 0.23913574
vt 0.78759766 0.27075195
vt 0.8066406 0.27075195
vt 0.78759766 0.28979492
vt 0.78759766 0.27075195
vt 0.7363281 0.27075195
vt 0.7363281 0.28979492
vt 0.71728516 0.27075195
vt 0.7363281 0.27075195
vt 0.7363281 0.23913574
vt 0.71728516 0.23913574
vt 0.7363281 0.22033691
vt 0.7363281 0.23913574
vt 0.78759766 0.23913574
vt 0.78759766 0.22033691
vt 0.21582031 0.0025253296
vt 0.114746094 0.0025253296
vt 0.114746094 0.077819824
vt 0.21582031 0.1517334
vt 0.114746094 0.1517334
vt 0.21582031 0.0025253296
vt 0.21582031 0.1517334
vt 0.31689453 0.1517334
vt 0.31689453 0.0025253296
vt 0.5180664 0.36914062
vt 0.5341797 0.3852539
vt 0.60302734 0.3852539
vt 0.6191406 0.36914062
vt 0.61083984 0.24682617
vt 0.6269531 0.26293945
vt 0.69628906 0.26293945
vt 0.71240234 0.24682617
vt 0.114746094 0.1517334
vt 0.1307373 0.16772461
vt 0.1998291 0.16772461
vt 0.21582031 0.1517334
vt 0.21582031 0.1517334
vt 0.2319336 0.16772461
vt 0.3010254 0.16772461
vt 0.31689453 0.1517334
vt 0.5341797 0.3852539
vt 0.5341797 0.40722656
vt 0.60302734 0.40722656
vt 0.60302734 0.3852539
vt 0.69628906 0.26293945
vt 0.6269531 0.26293945
vt 0.6269531 0.2849121
vt 0.69628906 0.2849121
vt 0.0715332 0.9277344
vt 0.0024929047 0.9277344
vt 0.0024929047 0.99658203
vt 0.0715332 0.99658203
vt 0.1105957 0.32128906
vt 0.1105957 0.17199707
vt 0.21166992 0.17199707
vt 0.21166992 0.24731445
vt 0.21166992 0.32128906
vt 0.009468079 0.17199707
vt 0.1105957 0.17199707
vt 0.1105957 0.32128906
vt 0.009468079 0.32128906
vt 0.1105957 0.32128906
vt 0.21166992 0.32128906
vt 0.19567871 0.33740234
vt 0.12658691 0.33740234
vt 0.6171875 0.26879883
vt 0.5161133 0.26879883
vt 0.53222656 0.25268555
vt 0.6010742 0.25268555
vt 0.47045898 0.30419922
vt 0.47045898 0.20300293
vt 0.48632812 0.21911621
vt 0.48632812 0.28808594
vt 0.009468079 0.32128906
vt 0.1105957 0.32128906
vt 0.09454346 0.33740234
vt 0.025497437 0.33740234
vt 0.6010742 0.23083496
vt 0.6010742 0.25268555
vt 0.53222656 0.25268555
vt 0.53222656 0.23083496
vt 0.48632812 0.28808594
vt 0.48632812 0.21911621
vt 0.5083008 0.21911621
vt 0.5083008 0.28808594
vt 0.0024929047 0.921875
vt 0.0024929047 0.85302734
vt 0.0715332 0.85302734
vt 0.0715332 0.921875
vt 0.31762695 0.34350586
vt 0.21655273 0.34350586
vt 0.21655273 0.49291992
vt 0.31762695 0.4189453
vt 0.31762695 0.49291992
vt 0.11541748 0.34350586
vt 0.11541748 0.49291992
vt 0.21655273 0.49291992
vt 0.21655273 0.34350586
vt 0.21655273 0.49291992
vt 0.23254395 0.50878906
vt 0.30151367 0.50878906
vt 0.31762695 0.49291992
vt 0.71191406 0.24243164
vt 0.6958008 0.22644043
vt 0.62646484 0.22644043
vt 0.61083984 0.24243164
vt 0.4663086 0.4086914
vt 0.48242188 0.39257812
vt 0.48242188 0.32348633
vt 0.4663086 0.30737305
vt 0.11541748 0.49291992
vt 0.13146973 0.50878906
vt 0.20043945 0.50878906
vt 0.21655273 0.49291992
vt 0.62646484 0.22644043
vt 0.6958008 0.22644043
vt 0.6958008 0.20446777
vt 0.62646484 0.20446777
vt 0.48242188 0.39257812
vt 0.50439453 0.39257812
vt 0.50439453 0.32348633
vt 0.48242188 0.32348633
vt 0.14538574 0.8515625
vt 0.076416016 0.8515625
vt 0.076416016 0.92041016
vt 0.14538574 0.92041016
vt 0.010299683 0.5878906
vt 0.010299683 0.5126953
vt 0.11138916 0.5126953
vt 0.11138916 0.6616211
vt 0.010299683 0.6616211
vt 0.11138916 0.5126953
vt 0.21252441 0.5126953
vt 0.21252441 0.6616211
vt 0.11138916 0.6616211
vt 0.5151367 0.27416992
vt 0.61621094 0.27416992
vt 0.60009766 0.2902832
vt 0.53125 0.2902832
vt 0.62109375 0.45410156
vt 0.52001953 0.45410156
vt 0.5361328 0.43823242
vt 0.60498047 0.43823242
vt 0.010299683 0.6616211
vt 0.11138916 0.6616211
vt 0.095336914 0.6777344
vt 0.026321411 0.6777344
vt 0.11138916 0.6616211
vt 0.21252441 0.6616211
vt 0.19641113 0.6777344
vt 0.1274414 0.6777344
vt 0.53125 0.2902832
vt 0.60009766 0.2902832
vt 0.60009766 0.31225586
vt 0.53125 0.31225586
vt 0.60498047 0.41625977
vt 0.60498047 0.43823242
vt 0.5361328 0.43823242
vt 0.5361328 0.41625977
vt 0.22021484 0.8510742
vt 0.22021484 0.9199219
vt 0.15112305 0.9199219
vt 0.15112305 0.8510742
vt 0.21618652 0.24694824
vt 0.21618652 0.17163086
vt 0.3173828 0.17163086
vt 0.3173828 0.32080078
vt 0.21618652 0.32080078
vt 0.4230957 0.30395508
vt 0.4230957 0.20288086
vt 0.43920898 0.21887207
vt 0.43920898 0.2878418
vt 0.4543457 0.8203125
vt 0.35327148 0.8203125
vt 0.36914062 0.8046875
vt 0.43823242 0.8046875
vt 0.21618652 0.32080078
vt 0.3173828 0.32080078
vt 0.30126953 0.33691406
vt 0.2322998 0.33691406
vt 0.4230957 0.4050293
vt 0.4230957 0.30395508
vt 0.43920898 0.32006836
vt 0.43920898 0.38891602
vt 0.43920898 0.2878418
vt 0.43920898 0.21887207
vt 0.46118164 0.21887207
vt 0.46118164 0.2878418
vt 0.43920898 0.38891602
vt 0.43920898 0.32006836
vt 0.46118164 0.32006836
vt 0.46118164 0.38891602
vt 0.002960205 0.77734375
vt 0.072021484 0.77734375
vt 0.072021484 0.8466797
vt 0.002960205 0.8466797
vt 0.35327148 0.89453125
vt 0.38793945 0.8432617
vt 0.38793945 0.89453125
vt 0.35327148 0.8203125
vt 0.4543457 0.8203125
vt 0.41967773 0.8432617
vt 0.4543457 0.89453125
vt 0.41967773 0.89453125
vt 0.7944336 0.2130127
vt 0.7944336 0.18127441
vt 0.8461914 0.18127441
vt 0.8461914 0.2130127
vt 0.8647461 0.18127441
vt 0.8647461 0.2130127
vt 0.8461914 0.2130127
vt 0.8461914 0.18127441
vt 0.8461914 0.23181152
vt 0.7944336 0.23181152
vt 0.7944336 0.2130127
vt 0.8461914 0.2130127
vt 0.7758789 0.2130127
vt 0.7758789 0.18127441
vt 0.7944336 0.18127441
vt 0.7944336 0.2130127
vt 0.7944336 0.16235352
vt 0.8461914 0.16235352
vt 0.8461914 0.18127441
vt 0.7944336 0.18127441
vt 0.3190918 0.5126953
vt 0.21801758 0.5126953
vt 0.21801758 0.6621094
vt 0.3190918 0.5878906
vt 0.3190918 0.6621094
vt 0.21801758 0.6621094
vt 0.23413086 0.6777344
vt 0.30322266 0.6777344
vt 0.3190918 0.6621094
vt 0.33520508 0.92089844
vt 0.31933594 0.90527344
vt 0.25024414 0.90527344
vt 0.23425293 0.92089844
vt 0.32739258 0.40527344
vt 0.34350586 0.38916016
vt 0.34350586 0.32006836
vt 0.32739258 0.30395508
vt 0.32739258 0.30395508
vt 0.34350586 0.28808594
vt 0.34350586 0.21899414
vt 0.32739258 0.20300293
vt 0.34350586 0.38916016
vt 0.36547852 0.38916016
vt 0.36547852 0.32006836
vt 0.34350586 0.32006836
vt 0.34350586 0.28808594
vt 0.36547852 0.28808594
vt 0.36547852 0.21899414
vt 0.34350586 0.21899414
vt 0.14538574 0.99609375
vt 0.14538574 0.9267578
vt 0.076293945 0.9267578
vt 0.076293945 0.99609375
vt 0.23425293 0.9951172
vt 0.26904297 0.9951172
vt 0.26904297 0.94384766
vt 0.23425293 0.92089844
vt 0.33520508 0.92089844
vt 0.3005371 0.94384766
vt 0.33520508 0.9951172
vt 0.3005371 0.9951172
vt 0.9169922 0.123535156
vt 0.86572266 0.123535156
vt 0.86572266 0.15527344
vt 0.9169922 0.15527344
vt 0.9355469 0.123535156
vt 0.9169922 0.123535156
vt 0.9169922 0.15527344
vt 0.9355469 0.15527344
vt 0.9169922 0.17407227
vt 0.9169922 0.15527344
vt 0.86572266 0.15527344
vt 0.86572266 0.17407227
vt 0.8466797 0.15527344
vt 0.86572266 0.15527344
vt 0.86572266 0.123535156
vt 0.8466797 0.123535156
vt 0.86572266 0.10467529
vt 0.86572266 0.123535156
vt 0.9169922 0.123535156
vt 0.9169922 0.10467529
vt 0.4494629 0.09307861
vt 0.4494629 0.0041885376
vt 0.56884766 0.0041885376
vt 0.56884766 0.18029785
vt 0.4494629 0.18029785
vt 0.57666016 0.05203247
vt 0.6948242 0.05203247
vt 0.67578125 0.070739746
vt 0.59521484 0.070739746
vt 0.69433594 0.047729492
vt 0.57666016 0.047729492
vt 0.59521484 0.029022217
vt 0.67578125 0.029022217
vt 0.4494629 0.18029785
vt 0.56884766 0.18029785
vt 0.5498047 0.19921875
vt 0.46850586 0.19921875
vt 0.59521484 0.070739746
vt 0.67578125 0.070739746
vt 0.67578125 0.09631348
vt 0.59521484 0.09631348
vt 0.67578125 0.0034179688
vt 0.67578125 0.029022217
vt 0.59521484 0.029022217
vt 0.59521484 0.0034179688
vt 0.52978516 0.6879883
vt 0.52978516 0.78271484
vt 0.44604492 0.78271484
vt 0.44604492 0.6879883
vt 0.2454834 0.6879883
vt 0.2454834 0.78271484
vt 0.1616211 0.78271484
vt 0.1616211 0.6879883
vt 0.4428711 0.0041885376
vt 0.32373047 0.0041885376
vt 0.32373047 0.09307861
vt 0.4428711 0.18029785
vt 0.32373047 0.18029785
vt 0.5776367 0.10168457
vt 0.5961914 0.12042236
vt 0.6767578 0.12042236
vt 0.6953125 0.10168457
vt 0.83251953 0.0259552
vt 0.8125 0.0060272217
vt 0.7265625 0.0060272217
vt 0.70703125 0.0259552
vt 0.32373047 0.18029785
vt 0.3425293 0.19921875
vt 0.42407227 0.19921875
vt 0.4428711 0.18029785
vt 0.5961914 0.12042236
vt 0.5961914 0.1459961
vt 0.6767578 0.1459961
vt 0.6767578 0.12042236
vt 0.70703125 0.11785889
vt 0.75 0.11785889
vt 0.75 0.053985596
vt 0.70703125 0.0259552
vt 0.83251953 0.0259552
vt 0.7895508 0.053985596
vt 0.83251953 0.11785889
vt 0.7895508 0.11785889
vt 0.9995117 0.18566895
vt 0.93310547 0.18566895
vt 0.93310547 0.2265625
vt 0.9995117 0.2265625
vt 0.9995117 0.25097656
vt 0.9995117 0.2265625
vt 0.93310547 0.2265625
vt 0.93310547 0.25097656
vt 0.9086914 0.2265625
vt 0.93310547 0.2265625
vt 0.93310547 0.18566895
vt 0.9086914 0.18566895
vt 0.93310547 0.16125488
vt 0.93310547 0.18566895
vt 0.9995117 0.18566895
vt 0.9995117 0.16125488
vt 0.3293457 0.6303711
vt 0.4621582 0.6303711
vt 0.4621582 0.64697266
vt 0.3293457 0.64697266
vt 0.4621582 0.6767578
vt 0.3293457 0.6767578
vt 0.3293457 0.64697266
vt 0.4621582 0.64697266
vt 0.32641602 0.46069336
vt 0.32641602 0.44458008
vt 0.45825195 0.44458008
vt 0.45825195 0.46069336
vt 0.45825195 0.52685547
vt 0.32641602 0.52685547
vt 0.32641602 0.5078125
vt 0.45825195 0.5078125
vt 0.45825195 0.46069336
vt 0.45825195 0.47973633
vt 0.32641602 0.47973633
vt 0.32641602 0.46069336
vt 0.45825195 0.4970703
vt 0.32641602 0.4970703
vt 0.32641602 0.49023438
vt 0.45825195 0.49023438
vt 0.32641602 0.5078125
vt 0.32641602 0.4970703
vt 0.45825195 0.4970703
vt 0.45825195 0.5078125
vt 0.45825195 0.47973633
vt 0.45825195 0.49023438
vt 0.32641602 0.49023438
vt 0.32641602 0.47973633
vt 0.4873047 0.4284668
vt 0.3244629 0.43676758
vt 0.4873047 0.43676758
vt 0.3244629 0.4284668
vt 0.4873047 0.41870117
vt 0.3244629 0.41870117
vt 0.4873047 0.41015625
vt 0.3244629 0.41015625
vt 0.15405273 0.7578125
vt 0.003004074 0.7680664
vt 0.15405273 0.7680664
vt 0.003004074 0.7578125
vt 0.15405273 0.74609375
vt 0.003004074 0.74609375
vt 0.15405273 0.73583984
vt 0.003004074 0.73583984
vt 0.0034809113 0.71191406
vt 0.15686035 0.7207031
vt 0.0017681122 0.7207031
vt 0.15515137 0.71191406
vt 0.006072998 0.7011719
vt 0.15258789 0.7011719
vt 0.0069465637 0.69140625
vt 0.1517334 0.69140625
vt 0.33007812 0.59716797
vt 0.45507812 0.58740234
vt 0.33007812 0.58740234
vt 0.45507812 0.59716797
vt 0.33007812 0.609375
vt 0.45507812 0.609375
vt 0.33007812 0.6191406
vt 0.45507812 0.6191406
vt 0.5703125 0.5229492
vt 0.68408203 0.51416016
vt 0.5703125 0.51416016
vt 0.68408203 0.5229492
vt 0.5703125 0.5336914
vt 0.68408203 0.5336914
vt 0.5703125 0.54248047
vt 0.68408203 0.54248047
vt 0.45385742 0.5761719
vt 0.32885742 0.56640625
vt 0.32885742 0.5761719
vt 0.45385742 0.56640625
vt 0.32885742 0.5546875
vt 0.45385742 0.5546875
vt 0.32885742 0.5449219
vt 0.45385742 0.5449219
vt 0.7114258 0.54785156
vt 0.7114258 0.5283203
vt 0.69189453 0.5283203
vt 0.69189453 0.54785156
vt 0.8417969 0.54785156
vt 0.8417969 0.5283203
vt 0.7114258 0.5283203
vt 0.7114258 0.54785156
vt 0.8417969 0.5283203
vt 0.8417969 0.50878906
vt 0.7114258 0.50878906
vt 0.7114258 0.5283203
vt 0.5336914 0.86865234
vt 0.5336914 0.8881836
vt 0.55322266 0.8881836
vt 0.55322266 0.86865234
vt 0.68359375 0.90722656
vt 0.68359375 0.8881836
vt 0.55322266 0.8881836
vt 0.55322266 0.90722656
vt 0.68359375 0.8881836
vt 0.68359375 0.86865234
vt 0.55322266 0.86865234
vt 0.55322266 0.8881836
vt 0.84716797 0.5283203
vt 0.84716797 0.54785156
vt 0.8666992 0.54785156
vt 0.8666992 0.5283203
vt 0.9970703 0.54785156
vt 0.9970703 0.5283203
vt 0.8666992 0.5283203
vt 0.8666992 0.54785156
vt 0.9970703 0.5283203
vt 0.9970703 0.50878906
vt 0.8666992 0.50878906
vt 0.8666992 0.5283203
vt 0.70947266 0.8383789
vt 0.70947266 0.81884766
vt 0.6899414 0.81884766
vt 0.6899414 0.8383789
vt 0.83984375 0.8383789
vt 0.83984375 0.81884766
vt 0.70947266 0.81884766
vt 0.70947266 0.8383789
vt 0.83984375 0.85791016
vt 0.83984375 0.8383789
vt 0.70947266 0.8383789
vt 0.70947266 0.85791016
vt 0.6899414 0.8671875
vt 0.70947266 0.8671875
vt 0.70947266 0.88671875
vt 0.6899414 0.88671875
vt 0.83984375 0.90625
vt 0.70947266 0.90625
vt 0.70947266 0.88671875
vt 0.83984375 0.88671875
vt 0.83984375 0.88671875
vt 0.70947266 0.88671875
vt 0.70947266 0.8671875
vt 0.83984375 0.8671875
vt 0.5341797 0.7529297
vt 0.55371094 0.7529297
vt 0.55371094 0.77246094
vt 0.5341797 0.77246094
vt 0.68408203 0.77246094
vt 0.55371094 0.77246094
vt 0.55371094 0.7529297
vt 0.68408203 0.7529297
vt 0.68408203 0.7529297
vt 0.55371094 0.7529297
vt 0.55371094 0.73339844
vt 0.68408203 0.73339844
vt 0.70947266 0.97753906
vt 0.6899414 0.97753906
vt 0.6899414 0.9580078
vt 0.70947266 0.9580078
vt 0.83984375 0.97753906
vt 0.70947266 0.97753906
vt 0.70947266 0.9580078
vt 0.83984375 0.9580078
vt 0.83984375 0.9970703
vt 0.70947266 0.9970703
vt 0.70947266 0.97753906
vt 0.83984375 0.97753906
vt 0.7089844 0.6411133
vt 0.6894531 0.6411133
vt 0.6894531 0.62158203
vt 0.7089844 0.62158203
vt 0.83935547 0.6411133
vt 0.7089844 0.6411133
vt 0.7089844 0.62158203
vt 0.83935547 0.62158203
vt 0.83935547 0.62158203
vt 0.7089844 0.62158203
vt 0.7089844 0.6020508
vt 0.83935547 0.6020508
vt 0.70947266 0.7758789
vt 0.70947266 0.79541016
vt 0.6899414 0.79541016
vt 0.6899414 0.7758789
vt 0.83984375 0.8149414
vt 0.70947266 0.8149414
vt 0.70947266 0.79541016
vt 0.83984375 0.79541016
vt 0.83984375 0.79541016
vt 0.70947266 0.79541016
vt 0.70947266 0.7758789
vt 0.83984375 0.7758789
vt 0.70996094 0.57470703
vt 0.70996094 0.5942383
vt 0.6904297 0.5942383
vt 0.6904297 0.57470703
vt 0.84033203 0.57470703
vt 0.70996094 0.57470703
vt 0.70996094 0.5551758
vt 0.84033203 0.5551758
vt 0.84033203 0.5942383
vt 0.70996094 0.5942383
vt 0.70996094 0.57470703
vt 0.84033203 0.57470703
vt 0.84765625 0.7963867
vt 0.84765625 0.77685547
vt 0.8671875 0.77685547
vt 0.8671875 0.7963867
vt 0.9975586 0.81591797
vt 0.8671875 0.81591797
vt 0.8671875 0.7963867
vt 0.9975586 0.7963867
vt 0.9975586 0.7963867
vt 0.8671875 0.7963867
vt 0.8671875 0.77685547
vt 0.9975586 0.77685547
vt 0.84765625 0.59277344
vt 0.84765625 0.5732422
vt 0.8671875 0.5732422
vt 0.8671875 0.59277344
vt 0.9975586 0.59277344
vt 0.8671875 0.59277344
vt 0.8671875 0.5732422
vt 0.9975586 0.5732422
vt 0.9975586 0.5732422
vt 0.8671875 0.5732422
vt 0.8671875 0.55371094
vt 0.9975586 0.55371094
vt 0.70947266 0.6645508
vt 0.6899414 0.6645508
vt 0.6899414 0.68408203
vt 0.70947266 0.68408203
vt 0.83984375 0.6645508
vt 0.83984375 0.6455078
vt 0.70947266 0.6455078
vt 0.70947266 0.6645508
vt 0.83984375 0.68408203
vt 0.83984375 0.6645508
vt 0.70947266 0.6645508
vt 0.70947266 0.68408203
vt 0.6899414 0.7080078
vt 0.70947266 0.7080078
vt 0.70947266 0.68847656
vt 0.6899414 0.68847656
vt 0.83984375 0.72753906
vt 0.83984375 0.7080078
vt 0.70947266 0.7080078
vt 0.70947266 0.72753906
vt 0.83984375 0.7080078
vt 0.83984375 0.68847656
vt 0.70947266 0.68847656
vt 0.70947266 0.7080078
vt 0.6899414 0.7714844
vt 0.70947266 0.7714844
vt 0.70947266 0.7519531
vt 0.6899414 0.7519531
vt 0.83984375 0.7714844
vt 0.83984375 0.7519531
vt 0.70947266 0.7519531
vt 0.70947266 0.7714844
vt 0.83984375 0.7519531
vt 0.83984375 0.7324219
vt 0.70947266 0.7324219
vt 0.70947266 0.7519531
vt 0.70947266 0.9135742
vt 0.6899414 0.9135742
vt 0.6899414 0.93310547
vt 0.70947266 0.93310547
vt 0.83984375 0.9526367
vt 0.83984375 0.93310547
vt 0.70947266 0.93310547
vt 0.70947266 0.9526367
vt 0.83984375 0.93310547
vt 0.83984375 0.9135742
vt 0.70947266 0.9135742
vt 0.70947266 0.93310547
vt 0.8671875 0.88671875
vt 0.8671875 0.90625
vt 0.84765625 0.90625
vt 0.84765625 0.88671875
vt 0.9975586 0.88671875
vt 0.8671875 0.88671875
vt 0.8671875 0.8671875
vt 0.9975586 0.8671875
vt 0.9975586 0.90625
vt 0.8671875 0.90625
vt 0.8671875 0.88671875
vt 0.9975586 0.88671875
vt 0.5336914 0.7084961
vt 0.5336914 0.68896484
vt 0.55322266 0.68896484
vt 0.55322266 0.7084961
vt 0.68359375 0.72802734
vt 0.55322266 0.72802734
vt 0.55322266 0.7084961
vt 0.68359375 0.7084961
vt 0.68359375 0.7084961
vt 0.55322266 0.7084961
vt 0.55322266 0.68896484
vt 0.68359375 0.68896484
vt 0.5336914 0.8154297
vt 0.5336914 0.79589844
vt 0.55322266 0.79589844
vt 0.55322266 0.8154297
vt 0.68359375 0.8154297
vt 0.55322266 0.8154297
vt 0.55322266 0.79589844
vt 0.68359375 0.79589844
vt 0.68359375 0.79589844
vt 0.55322266 0.79589844
vt 0.55322266 0.7763672
vt 0.68359375 0.7763672
vt 0.8671875 0.9580078
vt 0.8671875 0.97753906
vt 0.84765625 0.97753906
vt 0.84765625 0.9580078
vt 0.9975586 0.9970703
vt 0.8671875 0.9970703
vt 0.8671875 0.97753906
vt 0.9975586 0.97753906
vt 0.9975586 0.97753906
vt 0.8671875 0.97753906
vt 0.8671875 0.9580078
vt 0.9975586 0.9580078
vt 0.5522461 0.64404297
vt 0.53271484 0.64404297
vt 0.53271484 0.6635742
vt 0.5522461 0.6635742
vt 0.6826172 0.6826172
vt 0.6826172 0.6635742
vt 0.5522461 0.6635742
vt 0.5522461 0.6826172
vt 0.6826172 0.6635742
vt 0.6826172 0.64404297
vt 0.5522461 0.64404297
vt 0.5522461 0.6635742
vt 0.8671875 0.6176758
vt 0.84765625 0.6176758
vt 0.84765625 0.63671875
vt 0.8671875 0.63671875
vt 0.9975586 0.6176758
vt 0.9975586 0.59814453
vt 0.8671875 0.59814453
vt 0.8671875 0.6176758
vt 0.9975586 0.63671875
vt 0.9975586 0.6176758
vt 0.8671875 0.6176758
vt 0.8671875 0.63671875
vt 0.84765625 0.9316406
vt 0.8671875 0.9316406
vt 0.8671875 0.91259766
vt 0.84765625 0.91259766
vt 0.9975586 0.9511719
vt 0.9975586 0.9316406
vt 0.8671875 0.9316406
vt 0.8671875 0.9511719
vt 0.9975586 0.9316406
vt 0.9975586 0.91259766
vt 0.8671875 0.91259766
vt 0.8671875 0.9316406
vt 0.5336914 0.6386719
vt 0.55322266 0.6386719
vt 0.55322266 0.6191406
vt 0.5336914 0.6191406
vt 0.68359375 0.6386719
vt 0.68359375 0.6191406
vt 0.55322266 0.6191406
vt 0.55322266 0.6386719
vt 0.68359375 0.6191406
vt 0.68359375 0.5996094
vt 0.55322266 0.5996094
vt 0.55322266 0.6191406
vt 0.5336914 0.9145508
vt 0.5336914 0.93408203
vt 0.55322266 0.93408203
vt 0.55322266 0.9145508
vt 0.68359375 0.953125
vt 0.68359375 0.93408203
vt 0.55322266 0.93408203
vt 0.55322266 0.953125
vt 0.68359375 0.93408203
vt 0.68359375 0.9145508
vt 0.55322266 0.9145508
vt 0.55322266 0.93408203
vt 0.84765625 0.83984375
vt 0.84765625 0.859375
vt 0.8671875 0.859375
vt 0.8671875 0.83984375
vt 0.9975586 0.859375
vt 0.9975586 0.83984375
vt 0.8671875 0.83984375
vt 0.8671875 0.859375
vt 0.9975586 0.83984375
vt 0.9975586 0.8203125
vt 0.8671875 0.8203125
vt 0.8671875 0.83984375
vt 0.55322266 0.8408203
vt 0.55322266 0.82128906
vt 0.5336914 0.82128906
vt 0.5336914 0.8408203
vt 0.68359375 0.8408203
vt 0.68359375 0.82128906
vt 0.55322266 0.82128906
vt 0.55322266 0.8408203
vt 0.68359375 0.86035156
vt 0.68359375 0.8408203
vt 0.55322266 0.8408203
vt 0.55322266 0.86035156
vt 0.55322266 0.9975586
vt 0.55322266 0.97802734
vt 0.5336914 0.97802734
vt 0.5336914 0.9975586
vt 0.68359375 0.9975586
vt 0.68359375 0.97802734
vt 0.55322266 0.97802734
vt 0.55322266 0.9975586
vt 0.68359375 0.97802734
vt 0.68359375 0.9584961
vt 0.55322266 0.9584961
vt 0.55322266 0.97802734
vt 0.55322266 0.5932617
vt 0.5336914 0.5932617
vt 0.5336914 0.57373047
vt 0.55322266 0.57373047
vt 0.68359375 0.5932617
vt 0.55322266 0.5932617
vt 0.55322266 0.57373047
vt 0.68359375 0.57373047
vt 0.68359375 0.57373047
vt 0.55322266 0.57373047
vt 0.55322266 0.5541992
vt 0.68359375 0.5541992
vt 0.84765625 0.73339844
vt 0.8671875 0.73339844
vt 0.8671875 0.7529297
vt 0.84765625 0.7529297
vt 0.9975586 0.77246094
vt 0.8671875 0.77246094
vt 0.8671875 0.7529297
vt 0.9975586 0.7529297
vt 0.9975586 0.7529297
vt 0.8671875 0.7529297
vt 0.8671875 0.73339844
vt 0.9975586 0.73339844
vt 0.84765625 0.66259766
vt 0.8671875 0.66259766
vt 0.8671875 0.6821289
vt 0.84765625 0.6821289
vt 0.9975586 0.6821289
vt 0.8671875 0.6821289
vt 0.8671875 0.66259766
vt 0.9975586 0.66259766
vt 0.9975586 0.66259766
vt 0.8671875 0.66259766
vt 0.8671875 0.6430664
vt 0.9975586 0.6430664
vt 0.8671875 0.70703125
vt 0.84765625 0.70703125
vt 0.84765625 0.6879883
vt 0.8671875 0.6879883
vt 0.9975586 0.70703125
vt 0.8671875 0.70703125
vt 0.8671875 0.6879883
vt 0.9975586 0.6879883
vt 0.9975586 0.7265625
vt 0.8671875 0.7265625
vt 0.8671875 0.70703125
vt 0.9975586 0.70703125
vt 0.8413086 0.40283203
vt 0.8183594 0.40283203
vt 0.8183594 0.4260254
vt 0.8413086 0.4260254
vt 0.9951172 0.4489746
vt 0.9951172 0.4260254
vt 0.8413086 0.4260254
vt 0.8413086 0.4489746
vt 0.9951172 0.4260254
vt 0.9951172 0.40283203
vt 0.8413086 0.40283203
vt 0.8413086 0.4260254
vt 0.65283203 0.32006836
vt 0.6298828 0.32006836
vt 0.6298828 0.34301758
vt 0.65283203 0.34301758
vt 0.8066406 0.32006836
vt 0.8066406 0.296875
vt 0.65283203 0.296875
vt 0.65283203 0.32006836
vt 0.8066406 0.34301758
vt 0.8066406 0.32006836
vt 0.65283203 0.32006836
vt 0.65283203 0.34301758
vt 0.81689453 0.37304688
vt 0.83984375 0.37304688
vt 0.83984375 0.34985352
vt 0.81689453 0.34985352
vt 0.99365234 0.3959961
vt 0.99365234 0.37304688
vt 0.83984375 0.37304688
vt 0.83984375 0.3959961
vt 0.99365234 0.37304688
vt 0.99365234 0.34985352
vt 0.83984375 0.34985352
vt 0.83984375 0.37304688
vt 0.6298828 0.39672852
vt 0.65283203 0.39672852
vt 0.65283203 0.3737793
vt 0.6298828 0.3737793
vt 0.8066406 0.39672852
vt 0.8066406 0.3737793
vt 0.65283203 0.3737793
vt 0.65283203 0.39672852
vt 0.8066406 0.3737793
vt 0.8066406 0.35058594
vt 0.65283203 0.35058594
vt 0.65283203 0.3737793
vt 0.81640625 0.29711914
vt 0.83935547 0.29711914
vt 0.83935547 0.32006836
vt 0.81640625 0.32006836
vt 0.99316406 0.34326172
vt 0.8388672 0.34326172
vt 0.83935547 0.32006836
vt 0.99316406 0.32006836
vt 0.99316406 0.32006836
vt 0.83935547 0.32006836
vt 0.83935547 0.29711914
vt 0.99316406 0.29711914
vt 0.63134766 0.47924805
vt 0.6542969 0.47924805
vt 0.6542969 0.5024414
vt 0.63134766 0.5024414
vt 0.80859375 0.5024414
vt 0.6542969 0.5024414
vt 0.6542969 0.47924805
vt 0.80859375 0.47924805
vt 0.80859375 0.47924805
vt 0.6542969 0.47924805
vt 0.6542969 0.45629883
vt 0.80859375 0.45629883
vt 0.84277344 0.47827148
vt 0.8198242 0.47827148
vt 0.8198242 0.45507812
vt 0.84277344 0.45532227
vt 0.99658203 0.47827148
vt 0.84277344 0.47827148
vt 0.84277344 0.45532227
vt 0.99658203 0.45532227
vt 0.99658203 0.50146484
vt 0.84277344 0.50146484
vt 0.84277344 0.47827148
vt 0.99658203 0.47827148
vt 0.6533203 0.4501953
vt 0.6303711 0.4501953
vt 0.6303711 0.42700195
vt 0.6533203 0.42700195
vt 0.8071289 0.4501953
vt 0.6533203 0.4501953
vt 0.6533203 0.42700195
vt 0.8071289 0.42700195
vt 0.8071289 0.42700195
vt 0.6533203 0.42700195
vt 0.6533203 0.40405273
vt 0.8071289 0.40405273
vt 0.48583984 0.5859375
vt 0.4963379 0.57128906
vt 0.49658203 0.5834961
vt 0.48583984 0.56884766
vt 0.48095703 0.5888672
vt 0.46264648 0.56884766
vt 0.4633789 0.5859375
vt 0.4868164 0.5654297
vt 0.49975586 0.56933594
vt 0.4963379 0.57128906
vt 0.48583984 0.56884766
vt 0.46264648 0.56884766
vt 0.4597168 0.56591797
vt 0.45996094 0.5883789
vt 0.4597168 0.56591797
vt 0.46264648 0.56884766
vt 0.4633789 0.5859375
vt 0.48095703 0.59228516
vt 0.45996094 0.5883789
vt 0.4633789 0.5859375
vt 0.48095703 0.5888672
vt 0.48754883 0.58935547
vt 0.48583984 0.5859375
vt 0.49658203 0.5834961
vt 0.49975586 0.5854492
vt 0.49975586 0.56933594
vt 0.49975586 0.5854492
vt 0.49658203 0.5834961
vt 0.4963379 0.57128906
vt 0.46191406 0.8105469
vt 0.45751953 0.7988281
vt 0.45263672 0.80615234
vt 0.46484375 0.79833984
vt 0.46557617 0.81396484
vt 0.4807129 0.80029297
vt 0.48242188 0.81347656
vt 0.46411133 0.7871094
vt 0.45263672 0.7885742
vt 0.45751953 0.7988281
vt 0.46484375 0.79833984
vt 0.4807129 0.80029297
vt 0.48657227 0.7910156
vt 0.4951172 0.80810547
vt 0.48657227 0.7910156
vt 0.4807129 0.80029297
vt 0.48242188 0.81347656
vt 0.45263672 0.7885742
vt 0.44384766 0.7973633
vt 0.45263672 0.80615234
vt 0.45751953 0.7988281
vt 0.515625 0.9008789
vt 0.52685547 0.9160156
vt 0.52685547 0.9038086
vt 0.515625 0.91845703
vt 0.5107422 0.89746094
vt 0.49145508 0.91845703
vt 0.49243164 0.9003906
vt 0.51660156 0.921875
vt 0.53027344 0.91845703
vt 0.52685547 0.9160156
vt 0.515625 0.91845703
vt 0.49145508 0.91845703
vt 0.48828125 0.9213867
vt 0.48876953 0.8979492
vt 0.48828125 0.9213867
vt 0.49145508 0.91845703
vt 0.49243164 0.9003906
vt 0.5107422 0.89404297
vt 0.48876953 0.8979492
vt 0.49243164 0.9003906
vt 0.5107422 0.89746094
vt 0.5175781 0.89746094
vt 0.515625 0.9008789
vt 0.52685547 0.9038086
vt 0.53027344 0.9013672
vt 0.53027344 0.91845703
vt 0.53027344 0.9013672
vt 0.52685547 0.9038086
vt 0.52685547 0.9160156
vt 0.6376953 0.16516113
vt 0.6459961 0.18029785
vt 0.64697266 0.16760254
vt 0.63671875 0.18041992
vt 0.63378906 0.16247559
vt 0.6176758 0.17614746
vt 0.62060547 0.16455078
vt 0.6347656 0.1895752
vt 0.6464844 0.19067383
vt 0.6459961 0.18029785
vt 0.63671875 0.18041992
vt 0.6176758 0.17614746
vt 0.61035156 0.18139648
vt 0.61279297 0.15820312
vt 0.61035156 0.18139648
vt 0.6176758 0.17614746
vt 0.62060547 0.16455078
vt 0.6333008 0.1538086
vt 0.61279297 0.15820312
vt 0.62060547 0.16455078
vt 0.63378906 0.16247559
vt 0.63964844 0.15527344
vt 0.6376953 0.16516113
vt 0.64697266 0.16760254
vt 0.64990234 0.15783691
vt 0.52685547 0.6069336
vt 0.5205078 0.6040039
vt 0.5151367 0.6113281
vt 0.52734375 0.6142578
vt 0.5185547 0.5942383
vt 0.5205078 0.6040039
vt 0.52685547 0.6069336
vt 0.5332031 0.59765625
vt 0.5332031 0.59765625
vt 0.52685547 0.6069336
vt 0.52734375 0.6142578
vt 0.5395508 0.61035156
vt 0.5185547 0.5942383
vt 0.5078125 0.6010742
vt 0.5151367 0.6113281
vt 0.5205078 0.6040039
vt 0.7470703 0.13647461
vt 0.74853516 0.12548828
vt 0.734375 0.12548828
vt 0.7363281 0.13537598
vt 0.74121094 0.1381836
vt 0.74072266 0.14465332
vt 0.7519531 0.14257812
vt 0.7470703 0.13647461
vt 0.74121094 0.1381836
vt 0.7363281 0.13537598
vt 0.7314453 0.14099121
vt 0.7314453 0.14099121
vt 0.7363281 0.13537598
vt 0.734375 0.12548828
vt 0.7265625 0.12646484
vt 0.75634766 0.1274414
vt 0.74853516 0.12548828
vt 0.7470703 0.13647461
vt 0.7519531 0.14257812
vt 0.47070312 0.8378906
vt 0.46313477 0.8378906
vt 0.46533203 0.8535156
vt 0.47875977 0.85302734
vt 0.47558594 0.8413086
vt 0.47875977 0.8251953
vt 0.46923828 0.8208008
vt 0.46313477 0.8378906
vt 0.47070312 0.8378906
vt 0.47558594 0.8413086
vt 0.48657227 0.8310547
vt 0.48657227 0.8310547
vt 0.47558594 0.8413086
vt 0.47875977 0.85302734
vt 0.49487305 0.84716797
vt 0.4831543 0.9472656
vt 0.4711914 0.9433594
vt 0.46679688 0.9550781
vt 0.48168945 0.9584961
vt 0.46142578 0.9370117
vt 0.4711914 0.9433594
vt 0.4831543 0.9472656
vt 0.48950195 0.93847656
vt 0.48950195 0.93847656
vt 0.4831543 0.9472656
vt 0.48168945 0.9584961
vt 0.49145508 0.9638672
vt 0.45947266 0.9638672
vt 0.49145508 0.9638672
vt 0.48168945 0.9584961
vt 0.46679688 0.9550781
vt 0.46142578 0.9370117
vt 0.45947266 0.9638672
vt 0.46679688 0.9550781
vt 0.4711914 0.9433594
vt 0.96972656 0.13439941
vt 0.9902344 0.14868164
vt 0.9736328 0.14929199
vt 0.99316406 0.13415527
vt 0.96533203 0.12805176
vt 0.9926758 0.10205078
vt 0.96875 0.10357666
vt 0.9975586 0.1352539
vt 0.99316406 0.15332031
vt 0.9902344 0.14868164
vt 0.99316406 0.13415527
vt 0.9926758 0.10205078
vt 0.99658203 0.09802246
vt 0.96533203 0.09899902
vt 0.99658203 0.09802246
vt 0.9926758 0.10205078
vt 0.96875 0.10357666
vt 0.9609375 0.12792969
vt 0.96533203 0.09899902
vt 0.96875 0.10357666
vt 0.96533203 0.12805176
vt 0.96533203 0.13671875
vt 0.96972656 0.13439941
vt 0.9736328 0.14929199
vt 0.9707031 0.15368652
vt 0.99316406 0.15332031
vt 0.9707031 0.15368652
vt 0.9736328 0.14929199
vt 0.9902344 0.14868164
vt 0.20202637 0.81152344
vt 0.21862793 0.82958984
vt 0.21484375 0.81396484
vt 0.20239258 0.8339844
vt 0.1965332 0.80810547
vt 0.16748047 0.8310547
vt 0.17565918 0.81103516
vt 0.16699219 0.7988281
vt 0.15356445 0.82470703
vt 0.16748047 0.8310547
vt 0.17565918 0.81103516
vt 0.19689941 0.7944336
vt 0.16699219 0.7988281
vt 0.17565918 0.81103516
vt 0.1965332 0.80810547
vt 0.20654297 0.7973633
vt 0.20202637 0.81152344
vt 0.21484375 0.81396484
vt 0.22290039 0.8027344
vt 0.23413086 0.8232422
vt 0.22290039 0.8027344
vt 0.21484375 0.81396484
vt 0.21862793 0.82958984
vt 0.5048828 0.9892578
vt 0.5185547 0.99121094
vt 0.5209961 0.9770508
vt 0.50683594 0.97509766
vt 0.5283203 0.9975586
vt 0.5185547 0.99121094
vt 0.5048828 0.9892578
vt 0.4987793 0.99853516
vt 0.4987793 0.99853516
vt 0.5048828 0.9892578
vt 0.50683594 0.97509766
vt 0.49780273 0.9692383
vt 0.52734375 0.9682617
vt 0.49780273 0.9692383
vt 0.50683594 0.97509766
vt 0.5209961 0.9770508
vt 0.5283203 0.9975586
vt 0.52734375 0.9682617
vt 0.5209961 0.9770508
vt 0.5185547 0.99121094
vt 0.68603516 0.17285156
vt 0.67285156 0.16601562
vt 0.66503906 0.1784668
vt 0.6821289 0.18554688
vt 0.65966797 0.15698242
vt 0.67285156 0.16601562
vt 0.68603516 0.17285156
vt 0.6948242 0.16088867
vt 0.6948242 0.16088867
vt 0.68603516 0.17285156
vt 0.6821289 0.18554688
vt 0.6953125 0.1928711
vt 0.65527344 0.19067383
vt 0.6953125 0.1928711
vt 0.6821289 0.18554688
vt 0.66503906 0.1784668
vt 0.65966797 0.15698242
vt 0.65527344 0.19067383
vt 0.66503906 0.1784668
vt 0.67285156 0.16601562
vt 0.51953125 0.88916016
vt 0.5180664 0.88134766
vt 0.51123047 0.8803711
vt 0.5078125 0.8876953
vt 0.5214844 0.87109375
vt 0.5180664 0.88134766
vt 0.51953125 0.88916016
vt 0.53027344 0.8823242
vt 0.50683594 0.8720703
vt 0.49902344 0.88134766
vt 0.5078125 0.8876953
vt 0.51123047 0.8803711
vt 0.5214844 0.87109375
vt 0.50683594 0.8720703
vt 0.51123047 0.8803711
vt 0.5180664 0.88134766
vt 0.48632812 0.59814453
vt 0.48388672 0.61035156
vt 0.47436523 0.61035156
vt 0.4711914 0.5961914
vt 0.4873047 0.62158203
vt 0.48388672 0.61035156
vt 0.48632812 0.59814453
vt 0.49902344 0.6040039
vt 0.4675293 0.61865234
vt 0.45947266 0.5991211
vt 0.4711914 0.5961914
vt 0.47436523 0.61035156
vt 0.4873047 0.62158203
vt 0.4675293 0.61865234
vt 0.47436523 0.61035156
vt 0.48388672 0.61035156
vt 0.5175781 0.8125
vt 0.50878906 0.81103516
vt 0.5053711 0.82128906
vt 0.51904297 0.82177734
vt 0.5048828 0.8046875
vt 0.50878906 0.81103516
vt 0.5175781 0.8125
vt 0.52197266 0.80566406
vt 0.52197266 0.80566406
vt 0.5175781 0.8125
vt 0.51904297 0.82177734
vt 0.52734375 0.8208008
vt 0.5048828 0.8046875
vt 0.4975586 0.8178711
vt 0.5053711 0.82128906
vt 0.50878906 0.81103516
vt 0.48242188 0.9819336
vt 0.47143555 0.9770508
vt 0.4658203 0.98779297
vt 0.47998047 0.9921875
vt 0.45996094 0.9707031
vt 0.47143555 0.9770508
vt 0.48242188 0.9819336
vt 0.48901367 0.9716797
vt 0.48901367 0.9716797
vt 0.48242188 0.9819336
vt 0.47998047 0.9921875
vt 0.49121094 0.9975586
vt 0.4584961 0.9980469
vt 0.49121094 0.9975586
vt 0.47998047 0.9921875
vt 0.4658203 0.98779297
vt 0.45996094 0.9707031
vt 0.4584961 0.9980469
vt 0.4658203 0.98779297
vt 0.47143555 0.9770508
vt 0.49487305 0.4633789
vt 0.5073242 0.47973633
vt 0.5073242 0.46655273
vt 0.4958496 0.48339844
vt 0.4892578 0.46020508
vt 0.46899414 0.48413086
vt 0.46923828 0.4645996
vt 0.49731445 0.48876953
vt 0.5126953 0.4831543
vt 0.5073242 0.47973633
vt 0.4958496 0.48339844
vt 0.46899414 0.48413086
vt 0.4645996 0.4885254
vt 0.4638672 0.4609375
vt 0.4645996 0.4885254
vt 0.46899414 0.48413086
vt 0.46923828 0.4645996
vt 0.48876953 0.45483398
vt 0.4638672 0.4609375
vt 0.46923828 0.4645996
vt 0.4892578 0.46020508
vt 0.49731445 0.4580078
vt 0.49487305 0.4633789
vt 0.5073242 0.46655273
vt 0.51220703 0.46289062
vt 0.5126953 0.4831543
vt 0.51220703 0.46289062
vt 0.5073242 0.46655273
vt 0.5073242 0.47973633
vt 0.4831543 0.65478516
vt 0.48388672 0.64746094
vt 0.4802246 0.6464844
vt 0.4790039 0.6567383
vt 0.4736328 0.6567383
vt 0.47436523 0.64501953
vt 0.47021484 0.65478516
vt 0.47070312 0.6459961
vt 0.48046875 0.66064453
vt 0.48706055 0.6582031
vt 0.4831543 0.65478516
vt 0.4790039 0.6567383
vt 0.4736328 0.6567383
vt 0.47192383 0.66064453
vt 0.47021484 0.65478516
vt 0.46655273 0.65722656
vt 0.46655273 0.65722656
vt 0.47021484 0.65478516
vt 0.47070312 0.6459961
vt 0.46728516 0.6430664
vt 0.47338867 0.6411133
vt 0.46728516 0.6430664
vt 0.47070312 0.6459961
vt 0.47436523 0.64501953
vt 0.48168945 0.6425781
vt 0.4802246 0.6464844
vt 0.48388672 0.64746094
vt 0.48754883 0.64501953
vt 0.48706055 0.6582031
vt 0.48754883 0.64501953
vt 0.48388672 0.64746094
vt 0.4831543 0.65478516
vt 0.57421875 0.21899414
vt 0.5751953 0.20922852
vt 0.5698242 0.20788574
vt 0.56884766 0.22155762
vt 0.56103516 0.22143555
vt 0.5620117 0.20605469
vt 0.55615234 0.21911621
vt 0.5566406 0.2076416
vt 0.5708008 0.22680664
vt 0.5800781 0.22290039
vt 0.57421875 0.21899414
vt 0.56884766 0.22155762
vt 0.56103516 0.22143555
vt 0.55908203 0.22668457
vt 0.55615234 0.21911621
vt 0.55126953 0.22253418
vt 0.55126953 0.22253418
vt 0.55615234 0.21911621
vt 0.5566406 0.2076416
vt 0.5517578 0.20397949
vt 0.5600586 0.20117188
vt 0.5517578 0.20397949
vt 0.5566406 0.2076416
vt 0.5620117 0.20605469
vt 0.5722656 0.20300293
vt 0.5698242 0.20788574
vt 0.5751953 0.20922852
vt 0.5800781 0.2055664
vt 0.5800781 0.22290039
vt 0.5800781 0.2055664
vt 0.5751953 0.20922852
vt 0.57421875 0.21899414
vt 0.52246094 0.4116211
vt 0.5131836 0.41455078
vt 0.5131836 0.42285156
vt 0.52246094 0.42626953
vt 0.5004883 0.41137695
vt 0.5131836 0.41455078
vt 0.52246094 0.4116211
vt 0.5126953 0.39892578
vt 0.5029297 0.42919922
vt 0.5151367 0.43798828
vt 0.52246094 0.42626953
vt 0.5131836 0.42285156
vt 0.5004883 0.41137695
vt 0.5029297 0.42919922
vt 0.5131836 0.42285156
vt 0.5131836 0.41455078
vt 0.5073242 0.5644531
vt 0.5288086 0.56933594
vt 0.5292969 0.5551758
vt 0.5131836 0.5498047
vt 0.49414062 0.55322266
vt 0.5073242 0.5644531
vt 0.5131836 0.5498047
vt 0.5073242 0.5371094
vt 0.5390625 0.5419922
vt 0.5073242 0.5371094
vt 0.5131836 0.5498047
vt 0.5292969 0.5551758
vt 0.54785156 0.5644531
vt 0.5390625 0.5419922
vt 0.5292969 0.5551758
vt 0.5288086 0.56933594
vt 0.60791016 0.20141602
vt 0.6171875 0.21203613
vt 0.6166992 0.20300293
vt 0.609375 0.21472168
vt 0.6040039 0.19934082
vt 0.5913086 0.21618652
vt 0.5908203 0.20275879
vt 0.61035156 0.21765137
vt 0.62060547 0.21386719
vt 0.6171875 0.21203613
vt 0.609375 0.21472168
vt 0.5913086 0.21618652
vt 0.5888672 0.21887207
vt 0.58740234 0.20092773
vt 0.5888672 0.21887207
vt 0.5913086 0.21618652
vt 0.5908203 0.20275879
vt 0.6040039 0.19641113
vt 0.58740234 0.20092773
vt 0.5908203 0.20275879
vt 0.6040039 0.19934082
vt 0.609375 0.19836426
vt 0.60791016 0.20141602
vt 0.6166992 0.20300293
vt 0.6191406 0.2006836
vt 0.62060547 0.21386719
vt 0.6191406 0.2006836
vt 0.6166992 0.20300293
vt 0.6171875 0.21203613
vt 0.48046875 0.90966797
vt 0.47827148 0.9003906
vt 0.46313477 0.9013672
vt 0.4609375 0.91308594
vt 0.4790039 0.9267578
vt 0.46362305 0.92871094
vt 0.48461914 0.9086914
vt 0.48120117 0.8964844
vt 0.47827148 0.9003906
vt 0.48046875 0.90966797
vt 0.4790039 0.9267578
vt 0.48266602 0.9291992
vt 0.48266602 0.9291992
vt 0.4790039 0.9267578
vt 0.46362305 0.92871094
vt 0.46044922 0.9326172
vt 0.4567871 0.9135742
vt 0.46044922 0.9326172
vt 0.46362305 0.92871094
vt 0.4609375 0.91308594
vt 0.46313477 0.9013672
vt 0.45996094 0.8984375
vt 0.45996094 0.8984375
vt 0.46313477 0.9013672
vt 0.47827148 0.9003906
vt 0.48120117 0.8964844
vt 0.9682617 0.26293945
vt 0.95703125 0.26538086
vt 0.9580078 0.28344727
vt 0.97216797 0.2866211
vt 0.98876953 0.26513672
vt 0.99072266 0.2836914
vt 0.96728516 0.25805664
vt 0.9526367 0.26171875
vt 0.95703125 0.26538086
vt 0.9682617 0.26293945
vt 0.98876953 0.26513672
vt 0.9921875 0.26098633
vt 0.9921875 0.26098633
vt 0.98876953 0.26513672
vt 0.99072266 0.2836914
vt 0.9951172 0.28759766
vt 0.97216797 0.2915039
vt 0.9951172 0.28759766
vt 0.99072266 0.2836914
vt 0.97216797 0.2866211
vt 0.9580078 0.28344727
vt 0.95410156 0.28735352
vt 0.95410156 0.28735352
vt 0.9580078 0.28344727
vt 0.95703125 0.26538086
vt 0.9526367 0.26171875
vt 0.5859375 0.18139648
vt 0.5996094 0.1809082
vt 0.5996094 0.1739502
vt 0.58203125 0.17456055
vt 0.5810547 0.16479492
vt 0.6015625 0.16345215
vt 0.5830078 0.15820312
vt 0.5991211 0.15686035
vt 0.57714844 0.17675781
vt 0.58251953 0.18688965
vt 0.5859375 0.18139648
vt 0.58203125 0.17456055
vt 0.5810547 0.16479492
vt 0.5756836 0.16333008
vt 0.5830078 0.15820312
vt 0.57958984 0.15405273
vt 0.6020508 0.15246582
vt 0.57958984 0.15405273
vt 0.5830078 0.15820312
vt 0.5991211 0.15686035
vt 0.60546875 0.1616211
vt 0.6020508 0.15246582
vt 0.5991211 0.15686035
vt 0.6015625 0.16345215
vt 0.6044922 0.1751709
vt 0.5996094 0.1739502
vt 0.5996094 0.1809082
vt 0.6035156 0.18493652
vt 0.58251953 0.18688965
vt 0.6035156 0.18493652
vt 0.5996094 0.1809082
vt 0.5859375 0.18139648
vt 0.4716797 0.52246094
vt 0.48388672 0.50341797
vt 0.47045898 0.5083008
vt 0.48461914 0.5253906
vt 0.48950195 0.49951172
vt 0.5136719 0.5234375
vt 0.51171875 0.5024414
vt 0.48364258 0.53125
vt 0.4716797 0.52246094
vt 0.46606445 0.52685547
vt 0.48461914 0.5253906
vt 0.5136719 0.5234375
vt 0.5185547 0.5283203
vt 0.5136719 0.5234375
vt 0.5185547 0.5283203
vt 0.51708984 0.49804688
vt 0.51171875 0.5024414
vt 0.48950195 0.49389648
vt 0.51171875 0.5024414
vt 0.51708984 0.49804688
vt 0.48950195 0.49951172
vt 0.4807129 0.49804688
vt 0.48388672 0.50341797
vt 0.47045898 0.5083008
vt 0.4650879 0.5048828
vt 0.47045898 0.5083008
vt 0.4650879 0.5048828
vt 0.46606445 0.52685547
vt 0.4716797 0.52246094
vt 0.5131836 0.8671875
vt 0.51123047 0.85839844
vt 0.50439453 0.8588867
vt 0.5024414 0.86621094
vt 0.515625 0.8540039
vt 0.50146484 0.85302734
vt 0.50439453 0.8588867
vt 0.51123047 0.85839844
vt 0.50146484 0.85302734
vt 0.4958496 0.8647461
vt 0.5024414 0.86621094
vt 0.50439453 0.8588867
vt 0.5131836 0.8671875
vt 0.51953125 0.86572266
vt 0.515625 0.8540039
vt 0.51123047 0.85839844
vt 0.83984375 0.092285156
vt 0.8515625 0.08666992
vt 0.8496094 0.07647705
vt 0.84033203 0.07208252
vt 0.86083984 0.092163086
vt 0.8598633 0.07122803
vt 0.8496094 0.07647705
vt 0.8515625 0.08666992
vt 0.8598633 0.07122803
vt 0.84716797 0.06072998
vt 0.84033203 0.07208252
vt 0.8496094 0.07647705
vt 0.83984375 0.092285156
vt 0.84765625 0.10253906
vt 0.86083984 0.092163086
vt 0.8515625 0.08666992
vt 0.5102539 0.66064453
vt 0.5209961 0.66552734
vt 0.52001953 0.66015625
vt 0.5078125 0.6660156
vt 0.50683594 0.67333984
vt 0.5229492 0.67333984
vt 0.5083008 0.67871094
vt 0.52197266 0.67871094
vt 0.5024414 0.66308594
vt 0.5102539 0.66064453
vt 0.50683594 0.65478516
vt 0.5078125 0.6660156
vt 0.50683594 0.67333984
vt 0.50097656 0.6738281
vt 0.5083008 0.67871094
vt 0.5024414 0.68066406
vt 0.5283203 0.67333984
vt 0.52197266 0.67871094
vt 0.52734375 0.6801758
vt 0.5229492 0.67333984
vt 0.5258789 0.6635742
vt 0.5209961 0.66552734
vt 0.52001953 0.66015625
vt 0.5239258 0.6557617
vt 0.52001953 0.66015625
vt 0.5239258 0.6557617
vt 0.50683594 0.65478516
vt 0.5102539 0.66064453
vt 0.48486328 0.87109375
vt 0.46777344 0.8642578
vt 0.48217773 0.8623047
vt 0.4663086 0.87597656
vt 0.484375 0.8876953
vt 0.46972656 0.890625
vt 0.4885254 0.8701172
vt 0.48217773 0.8623047
vt 0.48486328 0.8588867
vt 0.48486328 0.87109375
vt 0.484375 0.8876953
vt 0.48779297 0.8901367
vt 0.48779297 0.8901367
vt 0.46679688 0.89404297
vt 0.46972656 0.890625
vt 0.484375 0.8876953
vt 0.4621582 0.87646484
vt 0.46972656 0.890625
vt 0.46679688 0.89404297
vt 0.4663086 0.87597656
vt 0.46777344 0.8642578
vt 0.4645996 0.8618164
vt 0.4645996 0.8618164
vt 0.48486328 0.8588867
vt 0.48217773 0.8623047
vt 0.46777344 0.8642578
vt 0.54052734 0.85009766
vt 0.5336914 0.8510742
vt 0.5332031 0.8598633
vt 0.5439453 0.8574219
vt 0.52978516 0.8457031
vt 0.5258789 0.8588867
vt 0.5332031 0.8598633
vt 0.5336914 0.8510742
vt 0.5439453 0.8574219
vt 0.5498047 0.85498047
vt 0.5439453 0.84472656
vt 0.54052734 0.85009766
vt 0.54052734 0.85009766
vt 0.5439453 0.84472656
vt 0.52978516 0.8457031
vt 0.5336914 0.8510742
vt 0.48461914 0.67333984
vt 0.47729492 0.6743164
vt 0.47607422 0.68359375
vt 0.48779297 0.6845703
vt 0.4741211 0.66552734
vt 0.4658203 0.6796875
vt 0.47607422 0.68359375
vt 0.47729492 0.6743164
vt 0.48779297 0.6845703
vt 0.49658203 0.6816406
vt 0.4897461 0.6669922
vt 0.48461914 0.67333984
vt 0.48461914 0.67333984
vt 0.4897461 0.6669922
vt 0.4741211 0.66552734
vt 0.47729492 0.6743164
vt 0.69140625 0.14135742
vt 0.69628906 0.13012695
vt 0.69091797 0.13098145
vt 0.6972656 0.1439209
vt 0.70458984 0.1439209
vt 0.70410156 0.12805176
vt 0.70947266 0.14160156
vt 0.70947266 0.1295166
vt 0.6958008 0.14770508
vt 0.69140625 0.14135742
vt 0.6875 0.14440918
vt 0.6972656 0.1439209
vt 0.70458984 0.1439209
vt 0.7060547 0.14758301
vt 0.70947266 0.14160156
vt 0.7128906 0.14416504
vt 0.70947266 0.14160156
vt 0.7128906 0.14416504
vt 0.71240234 0.12683105
vt 0.70947266 0.1295166
vt 0.7050781 0.124694824
vt 0.70947266 0.1295166
vt 0.71240234 0.12683105
vt 0.70410156 0.12805176
vt 0.6948242 0.12670898
vt 0.69628906 0.13012695
vt 0.69091797 0.13098145
vt 0.6875 0.12817383
vt 0.69091797 0.13098145
vt 0.6875 0.12817383
vt 0.6875 0.14440918
vt 0.69140625 0.14135742
vt 0.5229492 0.9511719
vt 0.5239258 0.93847656
vt 0.5175781 0.9370117
vt 0.51660156 0.95458984
vt 0.5073242 0.95458984
vt 0.5078125 0.9350586
vt 0.50146484 0.95166016
vt 0.50146484 0.9375
vt 0.51904297 0.9609375
vt 0.53027344 0.9555664
vt 0.5229492 0.9511719
vt 0.51660156 0.95458984
vt 0.5073242 0.95458984
vt 0.5048828 0.9614258
vt 0.50146484 0.95166016
vt 0.49560547 0.95654297
vt 0.49560547 0.95654297
vt 0.50146484 0.95166016
vt 0.50146484 0.9375
vt 0.49560547 0.93310547
vt 0.5053711 0.92871094
vt 0.49560547 0.93310547
vt 0.50146484 0.9375
vt 0.5078125 0.9350586
vt 0.51953125 0.93066406
vt 0.5175781 0.9370117
vt 0.5239258 0.93847656
vt 0.5292969 0.93359375
vt 0.53027344 0.9555664
vt 0.5292969 0.93359375
vt 0.5239258 0.93847656
vt 0.5229492 0.9511719
vt 0.80566406 0.13879395
vt 0.79052734 0.13720703
vt 0.78466797 0.15600586
vt 0.8095703 0.1550293
vt 0.7817383 0.12524414
vt 0.79052734 0.13720703
vt 0.80566406 0.13879395
vt 0.8125 0.12463379
vt 0.8125 0.12463379
vt 0.80566406 0.13879395
vt 0.8095703 0.1550293
vt 0.8261719 0.14978027
vt 0.7817383 0.12524414
vt 0.76953125 0.14978027
vt 0.78466797 0.15600586
vt 0.79052734 0.13720703
vt 0.48095703 0.54345703
vt 0.47216797 0.5449219
vt 0.46801758 0.53466797
vt 0.48510742 0.5361328
vt 0.46704102 0.5527344
vt 0.47216797 0.5449219
vt 0.48095703 0.54345703
vt 0.48486328 0.5527344
vt 0.48486328 0.5527344
vt 0.48095703 0.54345703
vt 0.48510742 0.5361328
vt 0.49438477 0.54248047
vt 0.46704102 0.5527344
vt 0.45874023 0.54052734
vt 0.46801758 0.53466797
vt 0.47216797 0.5449219
vt 0.5541992 0.53515625
vt 0.5415039 0.5361328
vt 0.5493164 0.54248047
vt 0.55126953 0.5283203
vt 0.5371094 0.5341797
vt 0.54296875 0.51464844
vt 0.53027344 0.5185547
vt 0.56152344 0.5239258
vt 0.5541992 0.53515625
vt 0.5649414 0.53515625
vt 0.55126953 0.5283203
vt 0.54296875 0.51464844
vt 0.5488281 0.5053711
vt 0.54296875 0.51464844
vt 0.5488281 0.5053711
vt 0.52978516 0.5048828
vt 0.53027344 0.5185547
vt 0.5493164 0.54248047
vt 0.56103516 0.546875
vt 0.5649414 0.53515625
vt 0.5541992 0.53515625
vt 0.5175781 0.8413086
vt 0.52001953 0.83154297
vt 0.50683594 0.8300781
vt 0.51220703 0.84375
vt 0.50634766 0.8413086
vt 0.51220703 0.8486328
vt 0.50634766 0.8413086
vt 0.50146484 0.84521484
vt 0.51220703 0.84375
vt 0.5175781 0.8413086
vt 0.5209961 0.8457031
vt 0.5209961 0.8457031
vt 0.5253906 0.83154297
vt 0.52001953 0.83154297
vt 0.5175781 0.8413086
vt 0.50146484 0.82958984
vt 0.50146484 0.84521484
vt 0.50634766 0.8413086
vt 0.50683594 0.8300781
vt 0.5004883 0.6352539
vt 0.4963379 0.6455078
vt 0.5126953 0.6484375
vt 0.5053711 0.6333008
vt 0.5102539 0.6357422
vt 0.50683594 0.62060547
vt 0.5102539 0.6357422
vt 0.51904297 0.62353516
vt 0.5053711 0.6333008
vt 0.5004883 0.6352539
vt 0.4963379 0.62158203
vt 0.4963379 0.62158203
vt 0.48217773 0.63427734
vt 0.4963379 0.6455078
vt 0.5004883 0.6352539
vt 0.5126953 0.6484375
vt 0.52783203 0.63964844
vt 0.51904297 0.62353516
vt 0.5102539 0.6357422
vt 0.75146484 0.16552734
vt 0.7270508 0.1595459
vt 0.72021484 0.17077637
vt 0.7402344 0.1776123
vt 0.7685547 0.17163086
vt 0.75683594 0.1550293
vt 0.75146484 0.16552734
vt 0.7402344 0.1776123
vt 0.7553711 0.21166992
vt 0.74853516 0.20471191
vt 0.7192383 0.20336914
vt 0.7158203 0.21166992
vt 0.703125 0.19421387
vt 0.7158203 0.21166992
vt 0.7192383 0.20336914
vt 0.7182617 0.18786621
vt 0.75683594 0.1550293
vt 0.72021484 0.15246582
vt 0.7270508 0.1595459
vt 0.75146484 0.16552734
vt 0.74853516 0.20471191
vt 0.73828125 0.18737793
vt 0.7182617 0.18786621
vt 0.7192383 0.20336914
vt 0.7055664 0.1665039
vt 0.703125 0.19421387
vt 0.7182617 0.18786621
vt 0.72021484 0.17077637
vt 0.7685547 0.17163086
vt 0.7402344 0.1776123
vt 0.73828125 0.18737793
vt 0.7675781 0.19873047
vt 0.7055664 0.1665039
vt 0.72021484 0.17077637
vt 0.7270508 0.1595459
vt 0.72021484 0.15246582
vt 0.90185547 0.04385376
vt 0.9038086 0.0026721954
vt 0.87109375 0.007659912
vt 0.8808594 0.03729248
vt 0.9375 0.10266113
vt 0.9970703 0.07458496
vt 0.9760742 0.036987305
vt 0.921875 0.062805176
vt 0.84033203 0.024093628
vt 0.86035156 0.050933838
vt 0.8808594 0.03729248
vt 0.87109375 0.007659912
vt 0.953125 0.004283905
vt 0.9038086 0.0026721954
vt 0.921875 0.062805176
vt 0.9760742 0.036987305
vt 0.8725586 0.06732178
vt 0.8911133 0.09240723
vt 0.921875 0.062805176
vt 0.90185547 0.04385376
vt 0.8725586 0.06732178
vt 0.90185547 0.04385376
vt 0.8808594 0.03729248
vt 0.86035156 0.050933838
vt 0.76904297 0.09240723
vt 0.7709961 0.10101318
vt 0.76123047 0.1060791
vt 0.7607422 0.08892822
vt 0.7792969 0.105407715
vt 0.7709961 0.10101318
vt 0.76904297 0.09240723
vt 0.77783203 0.087646484
vt 0.77783203 0.087646484
vt 0.76904297 0.09240723
vt 0.7607422 0.08892822
vt 0.76660156 0.07910156
vt 0.7792969 0.105407715
vt 0.7680664 0.11462402
vt 0.76123047 0.1060791
vt 0.7709961 0.10101318
vt 0.9628906 0.21044922
vt 0.96728516 0.21569824
vt 0.9609375 0.21398926
vt 0.96728516 0.21154785
vt 0.9736328 0.21398926
vt 0.95947266 0.20715332
vt 0.9560547 0.20922852
vt 0.9716797 0.21044922
vt 0.9785156 0.20922852
vt 0.96728516 0.20275879
vt 0.9584961 0.20275879
vt 0.97509766 0.20715332
vt 0.95410156 0.20275879
vt 0.98046875 0.20275879
vt 0.95947266 0.19824219
vt 0.9560547 0.19616699
vt 0.9760742 0.20275879
vt 0.9785156 0.19616699
vt 0.9628906 0.19506836
vt 0.9609375 0.19140625
vt 0.97509766 0.19824219
vt 0.9736328 0.19140625
vt 0.96728516 0.19384766
vt 0.96728516 0.18969727
vt 0.9716797 0.19506836
vt 0.88671875 0.20935059
vt 0.88671875 0.20544434
vt 0.8828125 0.2043457
vt 0.8808594 0.20776367
vt 0.8930664 0.20776367
vt 0.8798828 0.20129395
vt 0.87646484 0.20324707
vt 0.8911133 0.2043457
vt 0.89746094 0.20324707
vt 0.88671875 0.19714355
vt 0.87841797 0.19714355
vt 0.89404297 0.20129395
vt 0.8745117 0.19714355
vt 0.8989258 0.19714355
vt 0.8798828 0.19311523
vt 0.87646484 0.19104004
vt 0.89501953 0.19714355
vt 0.89746094 0.19104004
vt 0.8828125 0.19006348
vt 0.8808594 0.18664551
vt 0.89404297 0.19311523
vt 0.8930664 0.18664551
vt 0.88671875 0.18896484
vt 0.88671875 0.18493652
vt 0.8911133 0.19006348
vt 0.9628906 0.21044922
vt 0.96728516 0.21569824
vt 0.9609375 0.21398926
vt 0.96728516 0.21154785
vt 0.9736328 0.21398926
vt 0.95947266 0.20715332
vt 0.9560547 0.20922852
vt 0.9716797 0.21044922
vt 0.9785156 0.20922852
vt 0.96728516 0.20275879
vt 0.9584961 0.20275879
vt 0.97509766 0.20715332
vt 0.95410156 0.20275879
vt 0.98046875 0.20275879
vt 0.95947266 0.19824219
vt 0.9560547 0.19616699
vt 0.9760742 0.20275879
vt 0.9785156 0.19616699
vt 0.9628906 0.19506836
vt 0.9609375 0.19140625
vt 0.97509766 0.19824219
vt 0.9736328 0.19140625
vt 0.96728516 0.19384766
vt 0.96728516 0.18969727
vt 0.9716797 0.19506836
vt 0.88671875 0.20935059
vt 0.88671875 0.20544434
vt 0.8828125 0.2043457
vt 0.8808594 0.20776367
vt 0.8930664 0.20776367
vt 0.8798828 0.20129395
vt 0.87646484 0.20324707
vt 0.8911133 0.2043457
vt 0.89746094 0.20324707
vt 0.88671875 0.19714355
vt 0.87841797 0.19714355
vt 0.89404297 0.20129395
vt 0.8745117 0.19714355
vt 0.8989258 0.19714355
vt 0.8798828 0.19311523
vt 0.87646484 0.19104004
vt 0.89501953 0.19714355
vt 0.89746094 0.19104004
vt 0.8828125 0.19006348
vt 0.8808594 0.18664551
vt 0.89404297 0.19311523
vt 0.8930664 0.18664551
vt 0.88671875 0.18896484
vt 0.88671875 0.18493652
vt 0.8911133 0.19006348
vt 0.9628906 0.21044922
vt 0.96728516 0.21569824
vt 0.9609375 0.21398926
vt 0.96728516 0.21154785
vt 0.9736328 0.21398926
vt 0.95947266 0.20715332
vt 0.9560547 0.20922852
vt 0.9716797 0.21044922
vt 0.9785156 0.20922852
vt 0.96728516 0.20275879
vt 0.9584961 0.20275879
vt 0.97509766 0.20715332
vt 0.95410156 0.20275879
vt 0.98046875 0.20275879
vt 0.95947266 0.19824219
vt 0.9560547 0.19616699
vt 0.9760742 0.20275879
vt 0.9785156 0.19616699
vt 0.9628906 0.19506836
vt 0.9609375 0.19140625
vt 0.97509766 0.19824219
vt 0.9736328 0.19140625
vt 0.96728516 0.19384766
vt 0.96728516 0.18969727
vt 0.9716797 0.19506836
vt 0.88671875 0.20935059
vt 0.88671875 0.20544434
vt 0.8828125 0.2043457
vt 0.8808594 0.20776367
vt 0.8930664 0.20776367
vt 0.8798828 0.20129395
vt 0.87646484 0.20324707
vt 0.8911133 0.2043457
vt 0.89746094 0.20324707
vt 0.88671875 0.19714355
vt 0.87841797 0.19714355
vt 0.89404297 0.20129395
vt 0.8745117 0.19714355
vt 0.8989258 0.19714355
vt 0.8798828 0.19311523
vt 0.87646484 0.19104004
vt 0.89501953 0.19714355
vt 0.89746094 0.19104004
vt 0.8828125 0.19006348
vt 0.8808594 0.18664551
vt 0.89404297 0.19311523
vt 0.8930664 0.18664551
vt 0.88671875 0.18896484
vt 0.88671875 0.18493652
vt 0.8911133 0.19006348
vt 0.9628906 0.21044922
vt 0.96728516 0.21569824
vt 0.9609375 0.21398926
vt 0.96728516 0.21154785
vt 0.9736328 0.21398926
vt 0.95947266 0.20715332
vt 0.9560547 0.20922852
vt 0.9716797 0.21044922
vt 0.9785156 0.20922852
vt 0.96728516 0.20275879
vt 0.9584961 0.20275879
vt 0.97509766 0.20715332
vt 0.95410156 0.20275879
vt 0.98046875 0.20275879
vt 0.95947266 0.19824219
vt 0.9560547 0.19616699
vt 0.9760742 0.20275879
vt 0.9785156 0.19616699
vt 0.9628906 0.19506836
vt 0.9609375 0.19140625
vt 0.97509766 0.19824219
vt 0.9736328 0.19140625
vt 0.96728516 0.19384766
vt 0.96728516 0.18969727
vt 0.9716797 0.19506836
vt 0.88671875 0.20935059
vt 0.88671875 0.20544434
vt 0.8828125 0.2043457
vt 0.8808594 0.20776367
vt 0.8930664 0.20776367
vt 0.8798828 0.20129395
vt 0.87646484 0.20324707
vt 0.8911133 0.2043457
vt 0.89746094 0.20324707
vt 0.88671875 0.19714355
vt 0.87841797 0.19714355
vt 0.89404297 0.20129395
vt 0.8745117 0.19714355
vt 0.8989258 0.19714355
vt 0.8798828 0.19311523
vt 0.87646484 0.19104004
vt 0.89501953 0.19714355
vt 0.89746094 0.19104004
vt 0.8828125 0.19006348
vt 0.8808594 0.18664551
vt 0.89404297 0.19311523
vt 0.8930664 0.18664551
vt 0.88671875 0.18896484
vt 0.88671875 0.18493652
vt 0.8911133 0.19006348
vt 0.9628906 0.21044922
vt 0.9609375 0.21398926
vt 0.96728516 0.21569824
vt 0.96728516 0.21154785
vt 0.9736328 0.21398926
vt 0.95947266 0.20715332
vt 0.9560547 0.20922852
vt 0.9716797 0.21044922
vt 0.9785156 0.20922852
vt 0.96728516 0.20275879
vt 0.9584961 0.20275879
vt 0.97509766 0.20715332
vt 0.95410156 0.20275879
vt 0.98046875 0.20275879
vt 0.95947266 0.19824219
vt 0.9560547 0.19616699
vt 0.9760742 0.20275879
vt 0.9785156 0.19616699
vt 0.9628906 0.19506836
vt 0.9609375 0.19140625
vt 0.97509766 0.19824219
vt 0.9736328 0.19140625
vt 0.96728516 0.19384766
vt 0.96728516 0.18969727
vt 0.9716797 0.19506836
vt 0.88671875 0.20935059
vt 0.8808594 0.20776367
vt 0.8828125 0.2043457
vt 0.88671875 0.20544434
vt 0.8930664 0.20776367
vt 0.8798828 0.20129395
vt 0.87646484 0.20324707
vt 0.8911133 0.2043457
vt 0.89746094 0.20324707
vt 0.88671875 0.19714355
vt 0.87841797 0.19714355
vt 0.89404297 0.20129395
vt 0.8745117 0.19714355
vt 0.8989258 0.19714355
vt 0.8798828 0.19311523
vt 0.87646484 0.19104004
vt 0.89501953 0.19714355
vt 0.89746094 0.19104004
vt 0.8828125 0.19006348
vt 0.8808594 0.18664551
vt 0.89404297 0.19311523
vt 0.8930664 0.18664551
vt 0.88671875 0.18896484
vt 0.88671875 0.18493652
vt 0.8911133 0.19006348
vt 0.9628906 0.21044922
vt 0.9609375 0.21398926
vt 0.96728516 0.21569824
vt 0.96728516 0.21154785
vt 0.9736328 0.21398926
vt 0.95947266 0.20715332
vt 0.9560547 0.20922852
vt 0.9716797 0.21044922
vt 0.9785156 0.20922852
vt 0.96728516 0.20275879
vt 0.9584961 0.20275879
vt 0.97509766 0.20715332
vt 0.95410156 0.20275879
vt 0.98046875 0.20275879
vt 0.95947266 0.19824219
vt 0.9560547 0.19616699
vt 0.9760742 0.20275879
vt 0.9785156 0.19616699
vt 0.9628906 0.19506836
vt 0.9609375 0.19140625
vt 0.97509766 0.19824219
vt 0.9736328 0.19140625
vt 0.96728516 0.19384766
vt 0.96728516 0.18969727
vt 0.9716797 0.19506836
vt 0.88671875 0.20935059
vt 0.8808594 0.20776367
vt 0.8828125 0.2043457
vt 0.88671875 0.20544434
vt 0.8930664 0.20776367
vt 0.8798828 0.20129395
vt 0.87646484 0.20324707
vt 0.8911133 0.2043457
vt 0.89746094 0.20324707
vt 0.88671875 0.19714355
vt 0.87841797 0.19714355
vt 0.89404297 0.20129395
vt 0.8745117 0.19714355
vt 0.8989258 0.19714355
vt 0.8798828 0.19311523
vt 0.87646484 0.19104004
vt 0.89501953 0.19714355
vt 0.89746094 0.19104004
vt 0.8828125 0.19006348
vt 0.8808594 0.18664551
vt 0.89404297 0.19311523
vt 0.8930664 0.18664551
vt 0.88671875 0.18896484
vt 0.88671875 0.18493652
vt 0.8911133 0.19006348
vt 0.9628906 0.21044922
vt 0.9609375 0.21398926
vt 0.96728516 0.21569824
vt 0.96728516 0.21154785
vt 0.9736328 0.21398926
vt 0.95947266 0.20715332
vt 0.9560547 0.20922852
vt 0.9716797 0.21044922
vt 0.9785156 0.20922852
vt 0.96728516 0.20275879
vt 0.9584961 0.20275879
vt 0.97509766 0.20715332
vt 0.95410156 0.20275879
vt 0.98046875 0.20275879
vt 0.95947266 0.19824219
vt 0.9560547 0.19616699
vt 0.9760742 0.20275879
vt 0.9785156 0.19616699
vt 0.9628906 0.19506836
vt 0.9609375 0.19140625
vt 0.97509766 0.19824219
vt 0.9736328 0.19140625
vt 0.96728516 0.19384766
vt 0.96728516 0.18969727
vt 0.9716797 0.19506836
vt 0.88671875 0.20935059
vt 0.8808594 0.20776367
vt 0.8828125 0.2043457
vt 0.88671875 0.20544434
vt 0.8930664 0.20776367
vt 0.8798828 0.20129395
vt 0.87646484 0.20324707
vt 0.8911133 0.2043457
vt 0.89746094 0.20324707
vt 0.88671875 0.19714355
vt 0.87841797 0.19714355
vt 0.89404297 0.20129395
vt 0.8745117 0.19714355
vt 0.8989258 0.19714355
vt 0.8798828 0.19311523
vt 0.87646484 0.19104004
vt 0.89501953 0.19714355
vt 0.89746094 0.19104004
vt 0.8828125 0.19006348
vt 0.8808594 0.18664551
vt 0.89404297 0.19311523
vt 0.8930664 0.18664551
vt 0.88671875 0.18896484
vt 0.88671875 0.18493652
vt 0.8911133 0.19006348
vt 0.9628906 0.21044922
vt 0.9609375 0.21398926
vt 0.96728516 0.21569824
vt 0.96728516 0.21154785
vt 0.9736328 0.21398926
vt 0.95947266 0.20715332
vt 0.9560547 0.20922852
vt 0.9716797 0.21044922
vt 0.9785156 0.20922852
vt 0.96728516 0.20275879
vt 0.9584961 0.20275879
vt 0.97509766 0.20715332
vt 0.95410156 0.20275879
vt 0.98046875 0.20275879
vt 0.95947266 0.19824219
vt 0.9560547 0.19616699
vt 0.9760742 0.20275879
vt 0.9785156 0.19616699
vt 0.9628906 0.19506836
vt 0.9609375 0.19140625
vt 0.97509766 0.19824219
vt 0.9736328 0.19140625
vt 0.96728516 0.19384766
vt 0.96728516 0.18969727
vt 0.9716797 0.19506836
vt 0.88671875 0.20935059
vt 0.8808594 0.20776367
vt 0.8828125 0.2043457
vt 0.88671875 0.20544434
vt 0.8930664 0.20776367
vt 0.8798828 0.20129395
vt 0.87646484 0.20324707
vt 0.8911133 0.2043457
vt 0.89746094 0.20324707
vt 0.88671875 0.19714355
vt 0.87841797 0.19714355
vt 0.89404297 0.20129395
vt 0.8745117 0.19714355
vt 0.8989258 0.19714355
vt 0.8798828 0.19311523
vt 0.87646484 0.19104004
vt 0.89501953 0.19714355
vt 0.89746094 0.19104004
vt 0.8828125 0.19006348
vt 0.8808594 0.18664551
vt 0.89404297 0.19311523
vt 0.8930664 0.18664551
vt 0.88671875 0.18896484
vt 0.88671875 0.18493652
vt 0.8911133 0.19006348
vt 0.88671875 0.21154785
vt 0.88671875 0.20935059
vt 0.8808594 0.20776367
vt 0.8798828 0.20959473
vt 0.89404297 0.20959473
vt 0.87646484 0.20324707
vt 0.8930664 0.20776367
vt 0.8745117 0.2043457
vt 0.89941406 0.2043457
vt 0.8745117 0.19714355
vt 0.89746094 0.20324707
vt 0.8725586 0.19714355
vt 0.9013672 0.19714355
vt 0.87646484 0.19104004
vt 0.8989258 0.19714355
vt 0.8745117 0.1899414
vt 0.89941406 0.1899414
vt 0.8808594 0.18664551
vt 0.89746094 0.19104004
vt 0.8798828 0.18457031
vt 0.89404297 0.18457031
vt 0.88671875 0.18493652
vt 0.8930664 0.18664551
vt 0.88671875 0.18261719
vt 0.88671875 0.21154785
vt 0.88671875 0.20935059
vt 0.8808594 0.20776367
vt 0.8798828 0.20959473
vt 0.89404297 0.20959473
vt 0.87646484 0.20324707
vt 0.8930664 0.20776367
vt 0.8745117 0.2043457
vt 0.89941406 0.2043457
vt 0.8745117 0.19714355
vt 0.89746094 0.20324707
vt 0.8725586 0.19714355
vt 0.9013672 0.19714355
vt 0.87646484 0.19104004
vt 0.8989258 0.19714355
vt 0.8745117 0.1899414
vt 0.89941406 0.1899414
vt 0.8808594 0.18664551
vt 0.89746094 0.19104004
vt 0.8798828 0.18457031
vt 0.89404297 0.18457031
vt 0.88671875 0.18493652
vt 0.8930664 0.18664551
vt 0.88671875 0.18261719
vt 0.88671875 0.21154785
vt 0.88671875 0.20935059
vt 0.8808594 0.20776367
vt 0.8798828 0.20959473
vt 0.89404297 0.20959473
vt 0.87646484 0.20324707
vt 0.8930664 0.20776367
vt 0.8745117 0.2043457
vt 0.89941406 0.2043457
vt 0.8745117 0.19714355
vt 0.89746094 0.20324707
vt 0.8725586 0.19714355
vt 0.9013672 0.19714355
vt 0.87646484 0.19104004
vt 0.8989258 0.19714355
vt 0.8745117 0.1899414
vt 0.89941406 0.1899414
vt 0.8808594 0.18664551
vt 0.89746094 0.19104004
vt 0.8798828 0.18457031
vt 0.89404297 0.18457031
vt 0.88671875 0.18493652
vt 0.8930664 0.18664551
vt 0.88671875 0.18261719
vt 0.88671875 0.21154785
vt 0.88671875 0.20935059
vt 0.8808594 0.20776367
vt 0.8798828 0.20959473
vt 0.89404297 0.20959473
vt 0.87646484 0.20324707
vt 0.8930664 0.20776367
vt 0.8745117 0.2043457
vt 0.89941406 0.2043457
vt 0.8745117 0.19714355
vt 0.89746094 0.20324707
vt 0.8725586 0.19714355
vt 0.9013672 0.19714355
vt 0.87646484 0.19104004
vt 0.8989258 0.19714355
vt 0.8745117 0.1899414
vt 0.89941406 0.1899414
vt 0.8808594 0.18664551
vt 0.89746094 0.19104004
vt 0.8798828 0.18457031
vt 0.89404297 0.18457031
vt 0.88671875 0.18493652
vt 0.8930664 0.18664551
vt 0.88671875 0.18261719
vt 0.88671875 0.21154785
vt 0.8798828 0.20959473
vt 0.8808594 0.20776367
vt 0.88671875 0.20935059
vt 0.87646484 0.20324707
vt 0.89404297 0.20959473
vt 0.8745117 0.2043457
vt 0.8930664 0.20776367
vt 0.8745117 0.19714355
vt 0.89941406 0.2043457
vt 0.8725586 0.19714355
vt 0.89746094 0.20324707
vt 0.87646484 0.19104004
vt 0.9013672 0.19714355
vt 0.8745117 0.1899414
vt 0.8989258 0.19714355
vt 0.8808594 0.18664551
vt 0.89941406 0.1899414
vt 0.8798828 0.18457031
vt 0.89746094 0.19104004
vt 0.88671875 0.18493652
vt 0.89404297 0.18457031
vt 0.88671875 0.18261719
vt 0.8930664 0.18664551
vt 0.88671875 0.21154785
vt 0.8798828 0.20959473
vt 0.8808594 0.20776367
vt 0.88671875 0.20935059
vt 0.87646484 0.20324707
vt 0.89404297 0.20959473
vt 0.8745117 0.2043457
vt 0.8930664 0.20776367
vt 0.8745117 0.19714355
vt 0.89941406 0.2043457
vt 0.8725586 0.19714355
vt 0.89746094 0.20324707
vt 0.87646484 0.19104004
vt 0.9013672 0.19714355
vt 0.8745117 0.1899414
vt 0.8989258 0.19714355
vt 0.8808594 0.18664551
vt 0.89941406 0.1899414
vt 0.8798828 0.18457031
vt 0.89746094 0.19104004
vt 0.88671875 0.18493652
vt 0.89404297 0.18457031
vt 0.88671875 0.18261719
vt 0.8930664 0.18664551
vt 0.88671875 0.21154785
vt 0.8798828 0.20959473
vt 0.8808594 0.20776367
vt 0.88671875 0.20935059
vt 0.87646484 0.20324707
vt 0.89404297 0.20959473
vt 0.8745117 0.2043457
vt 0.8930664 0.20776367
vt 0.8745117 0.19714355
vt 0.89941406 0.2043457
vt 0.8725586 0.19714355
vt 0.89746094 0.20324707
vt 0.87646484 0.19104004
vt 0.9013672 0.19714355
vt 0.8745117 0.1899414
vt 0.8989258 0.19714355
vt 0.8808594 0.18664551
vt 0.89941406 0.1899414
vt 0.8798828 0.18457031
vt 0.89746094 0.19104004
vt 0.88671875 0.18493652
vt 0.89404297 0.18457031
vt 0.88671875 0.18261719
vt 0.8930664 0.18664551
vt 0.88671875 0.21154785
vt 0.8798828 0.20959473
vt 0.8808594 0.20776367
vt 0.88671875 0.20935059
vt 0.87646484 0.20324707
vt 0.89404297 0.20959473
vt 0.8745117 0.2043457
vt 0.8930664 0.20776367
vt 0.8745117 0.19714355
vt 0.89941406 0.2043457
vt 0.8725586 0.19714355
vt 0.89746094 0.20324707
vt 0.87646484 0.19104004
vt 0.9013672 0.19714355
vt 0.8745117 0.1899414
vt 0.8989258 0.19714355
vt 0.8808594 0.18664551
vt 0.89941406 0.1899414
vt 0.8798828 0.18457031
vt 0.89746094 0.19104004
vt 0.88671875 0.18493652
vt 0.89404297 0.18457031
vt 0.88671875 0.18261719
vt 0.8930664 0.18664551
vn 0.5307617 0.5151367 -0.67285156
vn 0.5307617 0.5151367 -0.67285156
vn 0.5307617 0.5151367 -0.67285156
vn -0.13879395 0.93408203 0.32836914
vn -0.13879395 0.93408203 0.32836914
vn -0.13879395 0.93408203 0.32836914
vn -0.37548828 0.8925781 0.25
vn -0.37548828 0.8925781 0.25
vn -0.37548828 0.8925781 0.25
vn 0.46728516 0.42163086 -0.77685547
vn 0.46728516 0.42163086 -0.77685547
vn 0.46728516 0.42163086 -0.77685547
vn 0.09197998 0.9707031 0.22277832
vn 0.09197998 0.9707031 0.22277832
vn 0.09197998 0.9707031 0.22277832
vn -0 0 1
vn -0 0 1
vn -0 0 1
vn -0 0 1
vn -0 0 1
vn -0 1 0
vn -0 1 0
vn -0 1 0
vn -0 1 0
vn -0 1 0
vn -0 1 0
vn -0 1 0
vn -0 1 0
vn -0 1 0
vn -0 1 0
vn -0 1 0
vn -0 1 0
vn -0 1 0
vn -0 1 0
vn -0 1 0
vn -0 1 0
vn -0 0 1
vn -0 0 1
vn -0 0 1
vn -0 0 1
vn -1 0 0
vn -1 0 0
vn -1 0 0
vn -1 0 0
vn -0 1 0
vn -0 1 0
vn -0 1 0
vn -0 1 0
vn -1 0 0
vn -1 0 0
vn -1 0 0
vn -1 0 0
vn -1 0 0
vn -1 0 0
vn -1 0 0
vn -1 0 0
vn -1 0 0
vn -1 0 0
vn -1 0 0
vn -1 0 0
vn -0 1 0
vn -0 1 0
vn -0 1 0
vn -0 1 0
vn -0 0 1
vn -0 0 1
vn -0 0 1
vn -0 0 1
vn -0 -1 0
vn -0 -1 0
vn -0 -1 0
vn -0 -1 0
vn -0 0 -1
vn -0 0 -1
vn -0 0 -1
vn -0 0 -1
vn -0 0 1
vn -0 0 1
vn -0 0 1
vn -0 0 1
vn -0 0 1
vn -0 1 0
vn -0 1 0
vn -0 1 0
vn -0 1 0
vn -0 1 0
vn -0 1 0
vn -0 1 0
vn -0 1 0
vn -0 1 0
vn -0 1 0
vn -0 1 0
vn -0 1 0
vn -0 1 0
vn -0 1 0
vn -0 1 0
vn -0 1 0
vn -0 0 1
vn -0 0 1
vn -0 0 1
vn -0 0 1
vn -1 0 0
vn -1 0 0
vn -1 0 0
vn -1 0 0
vn -0 1 0
vn -0 1 0
vn -0 1 0
vn -0 1 0
vn -1 0 0
vn -1 0 0
vn -1 0 0
vn -1 0 0
vn -1 0 0
vn -1 0 0
vn -1 0 0
vn -1 0 0
vn -1 0 0
vn -1 0 0
vn -1 0 0
vn -1 0 0
vn -0 1 0
vn -0 1 0
vn -0 1 0
vn -0 1 0
vn -0 0 -1
vn -0 0 -1
vn -0 0 -1
vn -0 0 -1
vn -0 -1 0
vn -0 -1 0
vn -0 -1 0
vn -0 -1 0
vn -0 0 1
vn -0 0 1
vn -0 0 1
vn -0 0 1
vn -1 0 0
vn -1 0 0
vn -1 0 0
vn -1 0 0
vn -1 0 0
vn -0 0 1
vn -0 0 1
vn -0 0 1
vn -0 0 1
vn -0 1 0
vn -0 1 0
vn -0 1 0
vn -0 1 0
vn -0 1 0
vn -0 1 0
vn -0 1 0
vn -0 1 0
vn -0 1 0
vn -0 1 0
vn -0 1 0
vn -0 1 0
vn -0 1 0
vn -0 1 0
vn -0 1 0
vn -0 1 0
vn -1 0 0
vn -1 0 0
vn -1 0 0
vn -1 0 0
vn -0 0 1
vn -0 0 1
vn -0 0 1
vn -0 0 1
vn -0 1 0
vn -0 1 0
vn -0 1 0
vn -0 1 0
vn -1 0 0
vn -1 0 0
vn -1 0 0
vn -1 0 0
vn -1 0 0
vn -0 0 1
vn -0 0 1
vn -0 0 1
vn -0 0 1
vn -0 1 0
vn -0 1 0
vn -0 1 0
vn -0 1 0
vn -0 1 0
vn -0 1 0
vn -0 1 0
vn -0 1 0
vn -0 1 0
vn -0 1 0
vn -0 1 0
vn -0 1 0
vn -0 1 0
vn -0 1 0
vn -0 1 0
vn -0 1 0
vn -0 0 1
vn -0 0 1
vn -0 0 1
vn -0 0 1
vn -1 0 0
vn -1 0 0
vn -1 0 0
vn -1 0 0
vn -0 1 0
vn -0 1 0
vn -0 1 0
vn -0 1 0
vn -0 0 1
vn -0 0 1
vn -0 0 1
vn -0 0 1
vn -0 0 1
vn -1 0 0
vn -1 0 0
vn -1 0 0
vn -1 0 0
vn -0 1 0
vn -0 1 0
vn -0 1 0
vn -0 1 0
vn -0 1 0
vn -0 1 0
vn -0 1 0
vn -0 1 0
vn -0 1 0
vn -0 1 0
vn -0 1 0
vn -0 1 0
vn -0 1 0
vn -0 1 0
vn -0 1 0
vn -0 1 0
vn -1 0 0
vn -1 0 0
vn -1 0 0
vn -1 0 0
vn -0 0 1
vn -0 0 1
vn -0 0 1
vn -0 0 1
vn -0 1 0
vn -0 1 0
vn -0 1 0
vn -0 1 0
vn -0 0 1
vn -0 0 1
vn -0 0 1
vn -0 0 1
vn -0 0 1
vn -1 0 0
vn -1 0 0
vn -1 0 0
vn -1 0 0
vn -0 1 0
vn -0 1 0
vn -0 1 0
vn -0 1 0
vn -0 1 0
vn -0 1 0
vn -0 1 0
vn -0 1 0
vn -0 1 0
vn -0 1 0
vn -0 1 0
vn -0 1 0
vn -0 1 0
vn -0 1 0
vn -0 1 0
vn -0 1 0
vn -0 0 1
vn -0 0 1
vn -0 0 1
vn -0 0 1
vn -1 0 0
vn -1 0 0
vn -1 0 0
vn -1 0 0
vn -0 1 0
vn -0 1 0
vn -0 1 0
vn -0 1 0
vn -1 0 0
vn -1 0 0
vn -1 0 0
vn -1 0 0
vn -1 0 0
vn -0 1 0
vn -0 1 0
vn -0 1 0
vn -0 1 0
vn -0 1 0
vn -0 1 0
vn -0 1 0
vn -0 1 0
vn -0 1 0
vn -0 1 0
vn -0 1 0
vn -0 1 0
vn -0 1 0
vn -0 1 0
vn -0 1 0
vn -0 1 0
vn -1 0 0
vn -1 0 0
vn -1 0 0
vn -1 0 0
vn -0 0 1
vn -0 0 1
vn -0 0 1
vn -0 0 1
vn -0 1 0
vn -0 1 0
vn -0 1 0
vn -0 1 0
vn -0 0 1
vn -0 0 1
vn -0 0 1
vn -0 0 1
vn -0 0 1
vn -0 0 1
vn -0 0 1
vn -0 0 1
vn -0 0 1
vn -0 0 1
vn -0 0 1
vn -0 0 1
vn -0 1 0
vn -0 1 0
vn -0 1 0
vn -0 1 0
vn 1 0 0
vn 1 0 0
vn 1 0 0
vn 1 0 0
vn -0 -1 0
vn -0 -1 0
vn -0 -1 0
vn -0 -1 0
vn -1 0 0
vn -1 0 0
vn -1 0 0
vn -1 0 0
vn -1 0 0
vn -1 0 0
vn -1 0 0
vn -1 0 0
vn -1 0 0
vn -0 1 0
vn -0 1 0
vn -0 1 0
vn -0 1 0
vn -0 1 0
vn -0 1 0
vn -0 1 0
vn -0 1 0
vn -0 1 0
vn -0 1 0
vn -0 1 0
vn -0 1 0
vn -0 1 0
vn -0 1 0
vn -0 1 0
vn -0 1 0
vn -1 0 0
vn -1 0 0
vn -1 0 0
vn -1 0 0
vn -0 0 1
vn -0 0 1
vn -0 0 1
vn -0 0 1
vn -0 1 0
vn -0 1 0
vn -0 1 0
vn -0 1 0
vn -0 0 1
vn -0 0 1
vn -0 0 1
vn -0 0 1
vn -0 0 1
vn -0 0 1
vn -0 0 1
vn -0 0 1
vn -0 0 1
vn -0 0 1
vn -0 0 1
vn -0 0 1
vn -0 1 0
vn -0 1 0
vn -0 1 0
vn -0 1 0
vn -1 0 0
vn -1 0 0
vn -1 0 0
vn -1 0 0
vn -0 -1 0
vn -0 -1 0
vn -0 -1 0
vn -0 -1 0
vn 1 0 0
vn 1 0 0
vn 1 0 0
vn 1 0 0
vn -0 0 1
vn -0 0 1
vn -0 0 1
vn -0 0 1
vn -0 0 1
vn -0 1 0
vn -0 1 0
vn -0 1 0
vn -0 1 0
vn -0 1 0
vn -0 1 0
vn -0 1 0
vn -0 1 0
vn -0 1 0
vn -0 1 0
vn -0 1 0
vn -0 1 0
vn -0 0 1
vn -0 0 1
vn -0 0 1
vn -0 0 1
vn -1 0 0
vn -1 0 0
vn -1 0 0
vn -1 0 0
vn -0 1 0
vn -0 1 0
vn -0 1 0
vn -0 1 0
vn -0 1 0
vn -0 1 0
vn -0 1 0
vn -0 1 0
vn -0 0 1
vn -0 0 1
vn -0 0 1
vn -0 0 1
vn -0 0 1
vn -0 1 0
vn -0 1 0
vn -0 1 0
vn -0 1 0
vn -0 1 0
vn -0 1 0
vn -0 1 0
vn -0 1 0
vn -0 1 0
vn -0 1 0
vn -0 1 0
vn -0 1 0
vn -0 0 1
vn -0 0 1
vn -0 0 1
vn -0 0 1
vn -1 0 0
vn -1 0 0
vn -1 0 0
vn -1 0 0
vn -1 0 0
vn -1 0 0
vn -1 0 0
vn -1 0 0
vn -1 0 0
vn -1 0 0
vn -1 0 0
vn -1 0 0
vn -0 0 -1
vn -0 0 -1
vn -0 0 -1
vn -0 0 -1
vn -0 -1 0
vn -0 -1 0
vn -0 -1 0
vn -0 -1 0
vn -0 0 1
vn -0 0 1
vn -0 0 1
vn -0 0 1
vn -0 1 0
vn -0 1 0
vn -0 1 0
vn -0 1 0
vn -0 0 1
vn -0 0 1
vn -0 0 1
vn -0 0 1
vn -0 1 0
vn -0 1 0
vn -0 1 0
vn -0 1 0
vn -0 0 1
vn -0 0 1
vn -0 0 1
vn -0 0 1
vn -0 0 1
vn -0 0 1
vn -0 0 1
vn -0 0 1
vn -0 0 1
vn -0 0 1
vn -0 0 1
vn -0 0 1
vn -0 0.98291016 0.18408203
vn -0 0.98291016 0.18408203
vn -0 0.98291016 0.18408203
vn -0 0.98291016 0.18408203
vn -0 -0.98291016 0.18408203
vn -0 -0.98291016 0.18408203
vn -0 -0.98291016 0.18408203
vn -0 -0.98291016 0.18408203
vn -0 -0.5 0.86621094
vn -0 -0.86621094 0.5
vn -0 -0.86621094 0.5
vn -0 -0.5 0.86621094
vn -0 0.5 0.86621094
vn -0 0.5 0.86621094
vn -0 0.86621094 0.5
vn -0 0.86621094 0.5
vn -0 -0.5 0.86621094
vn -0 -0.86621094 0.5
vn -0 -0.86621094 0.5
vn -0 -0.5 0.86621094
vn -0 0.5 0.86621094
vn -0 0.5 0.86621094
vn -0 0.86621094 0.5
vn -0 0.86621094 0.5
vn -0 -0.5 0.86621094
vn -0 -0.86621094 0.5
vn -0 -0.86621094 0.5
vn -0 -0.5 0.86621094
vn -0 0.5 0.86621094
vn -0 0.5 0.86621094
vn -0 0.86621094 0.5
vn -0 0.86621094 0.5
vn -0.5 0 0.86621094
vn -0.86621094 0 0.5
vn -0.86621094 0 0.5
vn -0.5 0 0.86621094
vn 0.5 0 0.86621094
vn 0.5 0 0.86621094
vn 0.86621094 0 0.5
vn 0.86621094 0 0.5
vn -0.5 0 0.86621094
vn -0.86621094 0 0.5
vn -0.86621094 0 0.5
vn -0.5 0 0.86621094
vn 0.5 0 0.86621094
vn 0.5 0 0.86621094
vn 0.86621094 0 0.5
vn 0.86621094 0 0.5
vn 0.86621094 0 0.5
vn 0.5 0 0.86621094
vn 0.86621094 0 0.5
vn 0.5 0 0.86621094
vn -0.5 0 0.86621094
vn -0.5 0 0.86621094
vn -0.86621094 0 0.5
vn -0.86621094 0 0.5
vn -0 1 0
vn -0 1 0
vn -0 1 0
vn -0 1 0
vn -0 0 1
vn -0 0 1
vn -0 0 1
vn -0 0 1
vn -1 0 0
vn -1 0 0
vn -1 0 0
vn -1 0 0
vn -0 1 0
vn -0 1 0
vn -0 1 0
vn -0 1 0
vn -0 0 1
vn -0 0 1
vn -0 0 1
vn -0 0 1
vn -1 0 0
vn -1 0 0
vn -1 0 0
vn -1 0 0
vn -0 1 0
vn -0 1 0
vn -0 1 0
vn -0 1 0
vn -0 0 1
vn -0 0 1
vn -0 0 1
vn -0 0 1
vn -1 0 0
vn -1 0 0
vn -1 0 0
vn -1 0 0
vn -0 1 0
vn -0 1 0
vn -0 1 0
vn -0 1 0
vn -1 0 0
vn -1 0 0
vn -1 0 0
vn -1 0 0
vn -0 0 1
vn -0 0 1
vn -0 0 1
vn -0 0 1
vn -0 1 0
vn -0 1 0
vn -0 1 0
vn -0 1 0
vn -1 0 0
vn -1 0 0
vn -1 0 0
vn -1 0 0
vn -0 0 1
vn -0 0 1
vn -0 0 1
vn -0 0 1
vn -0 1 0
vn -0 1 0
vn -0 1 0
vn -0 1 0
vn -1 0 0
vn -1 0 0
vn -1 0 0
vn -1 0 0
vn -0 0 1
vn -0 0 1
vn -0 0 1
vn -0 0 1
vn -0 1 0
vn -0 1 0
vn -0 1 0
vn -0 1 0
vn -0 0 1
vn -0 0 1
vn -0 0 1
vn -0 0 1
vn -1 0 0
vn -1 0 0
vn -1 0 0
vn -1 0 0
vn -0 1 0
vn -0 1 0
vn -0 1 0
vn -0 1 0
vn -1 0 0
vn -1 0 0
vn -1 0 0
vn -1 0 0
vn -0 0 1
vn -0 0 1
vn -0 0 1
vn -0 0 1
vn -0 1 0
vn -0 1 0
vn -0 1 0
vn -0 1 0
vn -1 0 0
vn -1 0 0
vn -1 0 0
vn -1 0 0
vn -0 0 1
vn -0 0 1
vn -0 0 1
vn -0 0 1
vn -0 1 0
vn -0 1 0
vn -0 1 0
vn -0 1 0
vn -0 0 1
vn -0 0 1
vn -0 0 1
vn -0 0 1
vn -1 0 0
vn -1 0 0
vn -1 0 0
vn -1 0 0
vn -0 1 0
vn -0 1 0
vn -0 1 0
vn -0 1 0
vn -1 0 0
vn -1 0 0
vn -1 0 0
vn -1 0 0
vn -0 0 1
vn -0 0 1
vn -0 0 1
vn -0 0 1
vn -0 1 0
vn -0 1 0
vn -0 1 0
vn -0 1 0
vn -1 0 0
vn -1 0 0
vn -1 0 0
vn -1 0 0
vn -0 0 1
vn -0 0 1
vn -0 0 1
vn -0 0 1
vn -0 1 0
vn -0 1 0
vn -0 1 0
vn -0 1 0
vn -1 0 0
vn -1 0 0
vn -1 0 0
vn -1 0 0
vn -0 0 1
vn -0 0 1
vn -0 0 1
vn -0 0 1
vn -0 1 0
vn -0 1 0
vn -0 1 0
vn -0 1 0
vn -0 0 1
vn -0 0 1
vn -0 0 1
vn -0 0 1
vn -1 0 0
vn -1 0 0
vn -1 0 0
vn -1 0 0
vn -0 1 0
vn -0 1 0
vn -0 1 0
vn -0 1 0
vn -0 0 1
vn -0 0 1
vn -0 0 1
vn -0 0 1
vn -1 0 0
vn -1 0 0
vn -1 0 0
vn -1 0 0
vn -0 1 0
vn -0 1 0
vn -0 1 0
vn -0 1 0
vn -0 0 1
vn -0 0 1
vn -0 0 1
vn -0 0 1
vn -1 0 0
vn -1 0 0
vn -1 0 0
vn -1 0 0
vn -0 1 0
vn -0 1 0
vn -0 1 0
vn -0 1 0
vn -0 0 1
vn -0 0 1
vn -0 0 1
vn -0 0 1
vn -1 0 0
vn -1 0 0
vn -1 0 0
vn -1 0 0
vn -0 1 0
vn -0 1 0
vn -0 1 0
vn -0 1 0
vn -1 0 0
vn -1 0 0
vn -1 0 0
vn -1 0 0
vn -0 0 1
vn -0 0 1
vn -0 0 1
vn -0 0 1
vn -0 1 0
vn -0 1 0
vn -0 1 0
vn -0 1 0
vn -1 0 0
vn -1 0 0
vn -1 0 0
vn -1 0 0
vn -0 0 1
vn -0 0 1
vn -0 0 1
vn -0 0 1
vn -0 1 0
vn -0 1 0
vn -0 1 0
vn -0 1 0
vn -1 0 0
vn -1 0 0
vn -1 0 0
vn -1 0 0
vn -0 0 1
vn -0 0 1
vn -0 0 1
vn -0 0 1
vn -0 1 0
vn -0 1 0
vn -0 1 0
vn -0 1 0
vn -0 0 1
vn -0 0 1
vn -0 0 1
vn -0 0 1
vn -1 0 0
vn -1 0 0
vn -1 0 0
vn -1 0 0
vn -0 1 0
vn -0 1 0
vn -0 1 0
vn -0 1 0
vn -1 0 0
vn -1 0 0
vn -1 0 0
vn -1 0 0
vn -0 0 1
vn -0 0 1
vn -0 0 1
vn -0 0 1
vn -0 1 0
vn -0 1 0
vn -0 1 0
vn -0 1 0
vn -0 0 1
vn -0 0 1
vn -0 0 1
vn -0 0 1
vn -1 0 0
vn -1 0 0
vn -1 0 0
vn -1 0 0
vn -0 1 0
vn -0 1 0
vn -0 1 0
vn -0 1 0
vn -0 0 1
vn -0 0 1
vn -0 0 1
vn -0 0 1
vn -1 0 0
vn -1 0 0
vn -1 0 0
vn -1 0 0
vn -0 1 0
vn -0 1 0
vn -0 1 0
vn -0 1 0
vn -0 0 1
vn -0 0 1
vn -0 0 1
vn -0 0 1
vn -1 0 0
vn -1 0 0
vn -1 0 0
vn -1 0 0
vn -0 1 0
vn -0 1 0
vn -0 1 0
vn -0 1 0
vn -0 0 1
vn -0 0 1
vn -0 0 1
vn -0 0 1
vn -1 0 0
vn -1 0 0
vn -1 0 0
vn -1 0 0
vn -0 1 0
vn -0 1 0
vn -0 1 0
vn -0 1 0
vn -1 0 0
vn -1 0 0
vn -1 0 0
vn -1 0 0
vn -0 0 1
vn -0 0 1
vn -0 0 1
vn -0 0 1
vn -0 1 0
vn -0 1 0
vn -0 1 0
vn -0 1 0
vn -0 0 1
vn -0 0 1
vn -0 0 1
vn -0 0 1
vn -1 0 0
vn -1 0 0
vn -1 0 0
vn -1 0 0
vn -0 1 0
vn -0 1 0
vn -0 1 0
vn -0 1 0
vn -1 0 0
vn -1 0 0
vn -1 0 0
vn -1 0 0
vn -0 0 1
vn -0 0 1
vn -0 0 1
vn -0 0 1
vn -0 1 0
vn -0 1 0
vn -0 1 0
vn -0 1 0
vn -1 0 0
vn -1 0 0
vn -1 0 0
vn -1 0 0
vn -0 0 1
vn -0 0 1
vn -0 0 1
vn -0 0 1
vn -0 1 0
vn -0 1 0
vn -0 1 0
vn -0 1 0
vn -1 0 0
vn -1 0 0
vn -1 0 0
vn -1 0 0
vn -0 0 1
vn -0 0 1
vn -0 0 1
vn -0 0 1
vn -0 1 0
vn -0 1 0
vn -0 1 0
vn -0 1 0
vn -0 0 1
vn -0 0 1
vn -0 0 1
vn -0 0 1
vn -1 0 0
vn -1 0 0
vn -1 0 0
vn -1 0 0
vn -0 1 0
vn -0 1 0
vn -0 1 0
vn -0 1 0
vn -0 0 1
vn -0 0 1
vn -0 0 1
vn -0 0 1
vn -1 0 0
vn -1 0 0
vn -1 0 0
vn -1 0 0
vn -0 1 0
vn -0 1 0
vn -0 1 0
vn -0 1 0
vn -1 0 0
vn -1 0 0
vn -1 0 0
vn -1 0 0
vn -0 0 1
vn -0 0 1
vn -0 0 1
vn -0 0 1
vn -0 1 0
vn -0 1 0
vn -0 1 0
vn -0 1 0
vn -0 0 1
vn -0 0 1
vn -0 0 1
vn -0 0 1
vn -1 0 0
vn -1 0 0
vn -1 0 0
vn -1 0 0
vn -0 1 0
vn -0 1 0
vn -0 1 0
vn -0 1 0
vn -0 0 1
vn -0 0 1
vn -0 0 1
vn -0 0 1
vn -1 0 0
vn -1 0 0
vn -1 0 0
vn -1 0 0
vn -0 1 0
vn -0 1 0
vn -0 1 0
vn -0 1 0
vn -1 0 0
vn -1 0 0
vn -1 0 0
vn -1 0 0
vn -0 0 1
vn -0 0 1
vn -0 0 1
vn -0 0 1
vn -0 1 0
vn -0 1 0
vn -0 1 0
vn -0 1 0
vn -1 0 0
vn -1 0 0
vn -1 0 0
vn -1 0 0
vn -0 0 1
vn -0 0 1
vn -0 0 1
vn -0 0 1
vn -0 1 0
vn -0 1 0
vn -0 1 0
vn -0 1 0
vn -0 0 1
vn -0 0 1
vn -0 0 1
vn -0 0 1
vn -1 0 0
vn -1 0 0
vn -1 0 0
vn -1 0 0
vn -0 1 0
vn -0 1 0
vn -0 1 0
vn -0 1 0
vn -1 0 0
vn -1 0 0
vn -1 0 0
vn -1 0 0
vn -0 0 1
vn -0 0 1
vn -0 0 1
vn -0 0 1
vn -0 1 0
vn -0 1 0
vn -0 1 0
vn -0 1 0
vn -0 1 0
vn -0 1 0
vn -0 1 0
vn 0.013908386 0.39013672 0.92041016
vn -0.028320312 0.38842773 0.92089844
vn -0.028320312 0.38842773 0.92089844
vn 0.022644043 0.39038086 0.92041016
vn 0.064941406 0.39135742 0.91796875
vn 0.064941406 0.39135742 0.91796875
vn 0.8496094 0.515625 -0.11102295
vn 0.8496094 0.515625 -0.11102295
vn 0.8496094 0.515625 -0.11102295
vn 0.8496094 0.515625 -0.11102295
vn -0.28979492 0.40039062 -0.8691406
vn -0 0.37939453 -0.92529297
vn -0 0.37939453 -0.92529297
vn -0.3395996 0.40063477 -0.8510742
vn -0.40478516 0.42749023 -0.80810547
vn -0.42285156 0.4243164 -0.80078125
vn -0.21313477 0.45214844 -0.86621094
vn -0.21313477 0.45214844 -0.86621094
vn -0.85302734 0.51708984 0.06756592
vn -0.85302734 0.51708984 0.06756592
vn -0.85302734 0.51708984 0.06756592
vn -0.85302734 0.51708984 0.06756592
vn -0 1 0
vn -0 1 0
vn -0 1 0
vn -0 1 0
vn -0 1 0
vn -0 1 0
vn -0 1 0
vn -0.4038086 0.093322754 0.91015625
vn -0.44848633 0.09283447 0.88916016
vn -0.44848633 0.09283447 0.88916016
vn -0.40185547 0.093322754 0.9111328
vn -0.35595703 0.09362793 0.9296875
vn -0.35595703 0.09362793 0.9296875
vn 0.9453125 0.13183594 0.29907227
vn 0.9453125 0.13183594 0.29907227
vn 0.9453125 0.13183594 0.29907227
vn 0.9453125 0.13183594 0.29907227
vn -0.92871094 0.13244629 -0.3466797
vn -0.92871094 0.13244629 -0.3466797
vn -0.92871094 0.13244629 -0.3466797
vn -0.92871094 0.13244629 -0.3466797
vn -0 1 0
vn -0 1 0
vn -0 1 0
vn -0 1 0
vn -0 1 0
vn -0 1 0
vn -0 1 0
vn 0.013694763 0.39892578 0.9169922
vn -0.02835083 0.3972168 0.91748047
vn -0.02835083 0.3972168 0.91748047
vn 0.022583008 0.39916992 0.9165039
vn 0.064697266 0.40014648 0.9140625
vn 0.064697266 0.40014648 0.9140625
vn 0.84375 0.5253906 -0.11029053
vn 0.84375 0.5253906 -0.11029053
vn 0.84375 0.5253906 -0.11029053
vn 0.84375 0.5253906 -0.11029053
vn -0.28808594 0.4091797 -0.86572266
vn -0 0.38793945 -0.921875
vn -0 0.38793945 -0.921875
vn -0.33862305 0.4091797 -0.84716797
vn -0.40283203 0.43676758 -0.8041992
vn -0.42114258 0.43310547 -0.796875
vn -0.21203613 0.46142578 -0.8613281
vn -0.21203613 0.46142578 -0.8613281
vn -0.84716797 0.52685547 0.06707764
vn -0.84716797 0.52685547 0.06707764
vn -0.84716797 0.52685547 0.06707764
vn -0.84716797 0.52685547 0.06707764
vn -0 1 0
vn -0 1 0
vn -0 1 0
vn -0 1 0
vn -0 1 0
vn -0 1 0
vn -0 1 0
vn -0.51171875 0.12420654 -0.85009766
vn -0.46923828 0.12359619 -0.8745117
vn -0.46923828 0.12359619 -0.8745117
vn -0.51416016 0.12426758 -0.8486328
vn -0.55566406 0.124572754 -0.8222656
vn -0.55566406 0.124572754 -0.8222656
vn -0.7817383 0.17492676 0.5986328
vn -0.7817383 0.17492676 0.5986328
vn -0.7817383 0.17492676 0.5986328
vn -0.7817383 0.17492676 0.5986328
vn 0.7553711 0.12817383 0.6425781
vn 0.4963379 0.12036133 0.8598633
vn 0.4963379 0.12036133 0.8598633
vn 0.76708984 0.12817383 0.62841797
vn 0.82910156 0.13830566 0.5415039
vn 0.8330078 0.13793945 0.5361328
vn 0.6845703 0.14831543 0.7133789
vn 0.6845703 0.14831543 0.7133789
vn 0.04269409 0.99853516 -0.03668213
vn 0.04269409 0.99853516 -0.03668213
vn 0.04269409 0.99853516 -0.03668213
vn 0.04269409 0.99853516 -0.03668213
vn 0.0022220612 0.11773682 0.99316406
vn 0.0022220612 0.11773682 0.99316406
vn 0.0022220612 0.11773682 0.99316406
vn 0.0022220612 0.11773682 0.99316406
vn 0.9921875 0.123168945 -0.001996994
vn 0.9921875 0.123168945 -0.001996994
vn 0.9921875 0.123168945 -0.001996994
vn 0.9921875 0.123168945 -0.001996994
vn -0.9926758 0.118774414 -0.0019264221
vn -0.9926758 0.118774414 -0.0019264221
vn -0.9926758 0.118774414 -0.0019264221
vn -0.9926758 0.118774414 -0.0019264221
vn 0.045318604 0.99902344 -0.0015478134
vn 0.045318604 0.99902344 -0.0015478134
vn 0.045318604 0.99902344 -0.0015478134
vn 0.045318604 0.99902344 -0.0015478134
vn 0.045318604 0.99902344 -0.0015478134
vn -0.52783203 0.22924805 0.8178711
vn -0.7363281 0.21557617 0.6411133
vn -0.7363281 0.21557617 0.6411133
vn -0.53027344 0.22912598 0.81640625
vn -0.2770996 0.22558594 0.93408203
vn -0.2770996 0.22558594 0.93408203
vn 0.7651367 0.2154541 0.6064453
vn 0.7651367 0.2154541 0.6064453
vn 0.7651367 0.2154541 0.6064453
vn 0.7651367 0.2154541 0.6064453
vn -0.64404297 0.19641113 -0.7392578
vn -0.64404297 0.19641113 -0.7392578
vn -0.64404297 0.19641113 -0.7392578
vn -0.64404297 0.19641113 -0.7392578
vn 0.020401001 0.99902344 0.038116455
vn 0.020401001 0.99902344 0.038116455
vn 0.020401001 0.99902344 0.038116455
vn 0.020401001 0.99902344 0.038116455
vn 0.020401001 0.99902344 0.038116455
vn -0.9921875 0.11401367 -0.049957275
vn -0.9394531 0.10784912 -0.32470703
vn -0.9394531 0.10784912 -0.32470703
vn -0.9921875 0.11401367 -0.054504395
vn -0.9667969 0.11126709 0.22973633
vn -0.9667969 0.11126709 0.22973633
vn -0.12548828 0.103637695 0.9868164
vn -0.12548828 0.103637695 0.9868164
vn -0.12548828 0.103637695 0.9868164
vn -0.12548828 0.103637695 0.9868164
vn 0.01260376 0.99902344 -0.037597656
vn 0.01260376 0.99902344 -0.037597656
vn 0.01260376 0.99902344 -0.037597656
vn 0.01260376 0.99902344 -0.037597656
vn 0.515625 0.12261963 0.84814453
vn 0.515625 0.12261963 0.84814453
vn 0.515625 0.12261963 0.84814453
vn 0.515625 0.12261963 0.84814453
vn 0.9370117 0.19116211 -0.2919922
vn 0.9370117 0.19116211 -0.2919922
vn 0.9370117 0.19116211 -0.2919922
vn 0.9370117 0.19116211 -0.2919922
vn -0.4387207 0.15222168 -0.8857422
vn -0.4387207 0.15222168 -0.8857422
vn -0.4387207 0.15222168 -0.8857422
vn -0.4387207 0.15222168 -0.8857422
vn -0.8383789 0.20263672 0.5058594
vn -0.8383789 0.20263672 0.5058594
vn -0.8383789 0.20263672 0.5058594
vn -0.8383789 0.20263672 0.5058594
vn -0 1 0
vn -0 1 0
vn -0 1 0
vn -0 1 0
vn -0 1 0
vn -0 1 0
vn -0 1 0
vn -0.8613281 0.41015625 -0.29907227
vn -0.84765625 0.40844727 -0.33862305
vn -0.84765625 0.40844727 -0.33862305
vn -0.8642578 0.41064453 -0.29052734
vn -0.87646484 0.41137695 -0.25048828
vn -0.87646484 0.41137695 -0.25048828
vn -0.18310547 0.53808594 0.8227539
vn -0.18310547 0.53808594 0.8227539
vn -0.18310547 0.53808594 0.8227539
vn -0.18310547 0.53808594 0.8227539
vn 0.9067383 0.42114258 0.026138306
vn 0.8613281 0.3996582 0.31347656
vn 0.8613281 0.3996582 0.31347656
vn 0.9067383 0.42114258 -0.029144287
vn 0.8876953 0.4489746 -0.10272217
vn 0.88671875 0.4453125 -0.12286377
vn 0.8754883 0.4741211 0.0947876
vn 0.8754883 0.4741211 0.0947876
vn 0.22460938 0.54052734 -0.81103516
vn 0.22460938 0.54052734 -0.81103516
vn 0.22460938 0.54052734 -0.81103516
vn 0.22460938 0.54052734 -0.81103516
vn -0 1 0
vn -0 1 0
vn -0 1 0
vn -0 1 0
vn -0 1 0
vn -0 1 0
vn -0 1 0
vn -0.29516602 0.17504883 -0.9394531
vn -0.29516602 0.17504883 -0.9394531
vn -0.29516602 0.17504883 -0.9394531
vn -0.29516602 0.17504883 -0.9394531
vn -0.8623047 0.12817383 0.49023438
vn -0.97753906 0.12042236 0.17236328
vn -0.97753906 0.12042236 0.17236328
vn -0.85302734 0.12817383 0.5058594
vn -0.79248047 0.1381836 0.59375
vn -0.7885742 0.13781738 0.5996094
vn -0.90478516 0.14819336 0.3996582
vn -0.90478516 0.14819336 0.3996582
vn 0.24682617 0.17590332 0.953125
vn 0.24682617 0.17590332 0.953125
vn 0.24682617 0.17590332 0.953125
vn 0.24682617 0.17590332 0.953125
vn 0.019882202 0.99853516 0.052642822
vn 0.019882202 0.99853516 0.052642822
vn 0.019882202 0.99853516 0.052642822
vn 0.019882202 0.99853516 0.052642822
vn -0.92089844 0.20605469 -0.33081055
vn -0.92089844 0.20605469 -0.33081055
vn -0.92089844 0.20605469 -0.33081055
vn -0.92089844 0.20605469 -0.33081055
vn -0.33007812 0.2211914 0.91748047
vn -0.33007812 0.2211914 0.91748047
vn -0.33007812 0.2211914 0.91748047
vn -0.33007812 0.2211914 0.91748047
vn 0.91552734 0.21813965 0.33764648
vn 0.91552734 0.21813965 0.33764648
vn 0.91552734 0.21813965 0.33764648
vn 0.91552734 0.21813965 0.33764648
vn 0.33764648 0.20678711 -0.91845703
vn 0.33764648 0.20678711 -0.91845703
vn 0.33764648 0.20678711 -0.91845703
vn 0.33764648 0.20678711 -0.91845703
vn 0.031234741 0.99902344 0.024230957
vn 0.031234741 0.99902344 0.024230957
vn 0.031234741 0.99902344 0.024230957
vn 0.031234741 0.99902344 0.024230957
vn -0.97509766 0.107177734 0.19458008
vn -0.97509766 0.107177734 0.19458008
vn -0.97509766 0.107177734 0.19458008
vn -0.97509766 0.107177734 0.19458008
vn -0.046722412 0.16589355 0.9848633
vn -0.046722412 0.16589355 0.9848633
vn -0.046722412 0.16589355 0.9848633
vn -0.046722412 0.16589355 0.9848633
vn 0.98535156 0.13232422 -0.109680176
vn 0.98535156 0.13232422 -0.109680176
vn 0.98535156 0.13232422 -0.109680176
vn 0.98535156 0.13232422 -0.109680176
vn -0.19042969 0.17736816 -0.96533203
vn -0.19042969 0.17736816 -0.96533203
vn -0.19042969 0.17736816 -0.96533203
vn -0.19042969 0.17736816 -0.96533203
vn 0.04269409 0.99853516 -0.03668213
vn 0.04269409 0.99853516 -0.03668213
vn 0.04269409 0.99853516 -0.03668213
vn 0.04269409 0.99853516 -0.03668213
vn 0.0022220612 0.11773682 0.99316406
vn 0.0022220612 0.11773682 0.99316406
vn 0.0022220612 0.11773682 0.99316406
vn 0.0022220612 0.11773682 0.99316406
vn 0.0022945404 0.12164307 -0.9926758
vn 0.0022945404 0.12164307 -0.9926758
vn 0.0022945404 0.12164307 -0.9926758
vn 0.0022945404 0.12164307 -0.9926758
vn -0.99316406 0.11853027 -0.0019216537
vn -0.99316406 0.11853027 -0.0019216537
vn -0.99316406 0.11853027 -0.0019216537
vn -0.99316406 0.11853027 -0.0019216537
vn 0.01209259 0.99902344 -0.03765869
vn 0.01209259 0.99902344 -0.03765869
vn 0.01209259 0.99902344 -0.03765869
vn 0.01209259 0.99902344 -0.03765869
vn 0.5161133 0.10699463 0.8496094
vn 0.5161133 0.10699463 0.8496094
vn 0.5161133 0.10699463 0.8496094
vn 0.5161133 0.10699463 0.8496094
vn -0.4399414 0.13232422 -0.8881836
vn -0.4399414 0.13232422 -0.8881836
vn -0.4399414 0.13232422 -0.8881836
vn -0.4399414 0.13232422 -0.8881836
vn -0.84228516 0.1772461 0.50927734
vn -0.84228516 0.1772461 0.50927734
vn -0.84228516 0.1772461 0.50927734
vn -0.84228516 0.1772461 0.50927734
vn 0.054595947 0.99853516 0.01373291
vn 0.054595947 0.99853516 0.01373291
vn 0.054595947 0.99853516 0.01373291
vn 0.054595947 0.99853516 0.01373291
vn -0.80029297 0.2006836 0.5649414
vn -0.80029297 0.2006836 0.5649414
vn -0.80029297 0.2006836 0.5649414
vn -0.80029297 0.2006836 0.5649414
vn 0.5629883 0.21533203 0.79785156
vn 0.5629883 0.21533203 0.79785156
vn 0.5629883 0.21533203 0.79785156
vn 0.5629883 0.21533203 0.79785156
vn -0.55908203 0.20166016 -0.8041992
vn -0.55908203 0.20166016 -0.8041992
vn -0.55908203 0.20166016 -0.8041992
vn -0.55908203 0.20166016 -0.8041992
vn 0.026550293 0.99902344 0.029296875
vn 0.026550293 0.99902344 0.029296875
vn 0.026550293 0.99902344 0.029296875
vn 0.026550293 0.99902344 0.029296875
vn -0.9941406 0.107055664 0.02178955
vn -0.9941406 0.107055664 0.02178955
vn -0.9941406 0.107055664 0.02178955
vn -0.9941406 0.107055664 0.02178955
vn -0.21691895 0.16625977 0.96191406
vn -0.21691895 0.16625977 0.96191406
vn -0.21691895 0.16625977 0.96191406
vn -0.21691895 0.16625977 0.96191406
vn 0.9892578 0.13256836 0.06286621
vn 0.9892578 0.13256836 0.06286621
vn 0.9892578 0.13256836 0.06286621
vn 0.9892578 0.13256836 0.06286621
vn -0.019744873 0.17712402 -0.9838867
vn -0.019744873 0.17712402 -0.9838867
vn -0.019744873 0.17712402 -0.9838867
vn -0.019744873 0.17712402 -0.9838867
vn -0 1 0
vn -0 1 0
vn -0 1 0
vn -0 1 0
vn -0 1 0
vn -0 1 0
vn -0 1 0
vn -0.7241211 0.2854004 0.6279297
vn -0.7529297 0.2841797 0.5932617
vn -0.7529297 0.2841797 0.5932617
vn -0.71972656 0.28564453 0.6328125
vn -0.68847656 0.2861328 0.6660156
vn -0.68847656 0.2861328 0.6660156
vn 0.67822266 0.38964844 0.6230469
vn 0.67822266 0.38964844 0.6230469
vn 0.67822266 0.38964844 0.6230469
vn 0.67822266 0.38964844 0.6230469
vn 0.49316406 0.29418945 -0.81884766
vn 0.73583984 0.2775879 -0.6176758
vn 0.73583984 0.2775879 -0.6176758
vn 0.4584961 0.29418945 -0.8383789
vn 0.37597656 0.31567383 -0.87109375
vn 0.3623047 0.3137207 -0.8779297
vn 0.55615234 0.33569336 -0.7602539
vn 0.55615234 0.33569336 -0.7602539
vn -0.64501953 0.39160156 -0.65625
vn -0.64501953 0.39160156 -0.65625
vn -0.64501953 0.39160156 -0.65625
vn -0.64501953 0.39160156 -0.65625
vn 0.022659302 0.99853516 -0.052978516
vn 0.022659302 0.99853516 -0.052978516
vn 0.01727295 0.99853516 -0.04699707
vn 0.01663208 0.99902344 -0.046295166
vn 0.013305664 0.99902344 -0.042297363
vn 0.013412476 0.99902344 -0.042388916
vn 0.014411926 0.99902344 -0.043151855
vn 0.014411926 0.99902344 -0.043151855
vn 0.15026855 0.35009766 0.9248047
vn 0.005657196 0.3642578 0.93115234
vn 0.005657196 0.3642578 0.93115234
vn 0.16015625 0.34887695 0.92333984
vn 0.45141602 0.3635254 0.8149414
vn 0.4699707 0.36767578 0.8022461
vn 0.6020508 0.39331055 0.6948242
vn 0.6020508 0.39331055 0.6948242
vn 0.8652344 0.3618164 -0.3466797
vn 0.8652344 0.3618164 -0.3466797
vn 0.8652344 0.3618164 -0.3466797
vn 0.8652344 0.3618164 -0.3466797
vn -0.31860352 0.38867188 -0.8642578
vn -0.13415527 0.40844727 -0.90283203
vn -0.13415527 0.40844727 -0.90283203
vn -0.36450195 0.38134766 -0.8496094
vn -0.41015625 0.34326172 -0.84472656
vn -0.42260742 0.34375 -0.8383789
vn -0.29516602 0.33642578 -0.89404297
vn -0.29516602 0.33642578 -0.89404297
vn -0.8779297 0.32617188 0.35107422
vn -0.8779297 0.32617188 0.35107422
vn -0.8779297 0.32617188 0.35107422
vn -0.8779297 0.32617188 0.35107422
vn -0.044952393 0.99853516 -0.035491943
vn -0.044952393 0.99853516 -0.035491943
vn -0.04067993 0.99853516 -0.028823853
vn -0.040161133 0.99902344 -0.028015137
vn -0.037353516 0.99902344 -0.02394104
vn -0.03744507 0.99902344 -0.02407837
vn -0.038085938 0.99902344 -0.025390625
vn -0.038085938 0.99902344 -0.025390625
vn 0.9321289 0.34985352 0.09423828
vn 0.9008789 0.3642578 0.2355957
vn 0.9008789 0.3642578 0.2355957
vn 0.93359375 0.3486328 0.084228516
vn 0.9042969 0.3630371 -0.22521973
vn 0.89697266 0.36743164 -0.24658203
vn 0.82714844 0.39282227 -0.40185547
vn 0.82714844 0.39282227 -0.40185547
vn -0.110961914 0.3618164 -0.92578125
vn -0.110961914 0.3618164 -0.92578125
vn -0.110961914 0.3618164 -0.92578125
vn -0.110961914 0.3618164 -0.92578125
vn -0.91748047 0.38916016 0.08392334
vn -0.9067383 0.4086914 -0.10443115
vn -0.9067383 0.4086914 -0.10443115
vn -0.9145508 0.38183594 0.13208008
vn -0.9223633 0.34350586 0.1776123
vn -0.9194336 0.34399414 0.19116211
vn -0.9404297 0.33642578 0.053710938
vn -0.9404297 0.33642578 0.053710938
vn 0.11212158 0.32617188 0.93847656
vn 0.11212158 0.32617188 0.93847656
vn 0.11212158 0.32617188 0.93847656
vn 0.11212158 0.32617188 0.93847656
vn -0.024383545 0.99853516 -0.050720215
vn -0.024383545 0.99853516 -0.050720215
vn -0.024383545 0.99853516 -0.050720215
vn -0.024383545 0.99853516 -0.050720215
vn 0.95996094 0.11785889 0.2548828
vn 0.95996094 0.11785889 0.2548828
vn 0.95996094 0.11785889 0.2548828
vn 0.95996094 0.11785889 0.2548828
vn -0.9580078 0.12176514 -0.2590332
vn -0.9580078 0.12176514 -0.2590332
vn -0.9580078 0.12176514 -0.2590332
vn -0.9580078 0.12176514 -0.2590332
vn -0.2590332 0.118652344 0.9584961
vn -0.2590332 0.118652344 0.9584961
vn -0.2590332 0.118652344 0.9584961
vn -0.2590332 0.118652344 0.9584961
vn -0.033233643 0.99902344 -0.02142334
vn -0.033233643 0.99902344 -0.02142334
vn -0.033233643 0.99902344 -0.02142334
vn -0.033233643 0.99902344 -0.02142334
vn -0.03930664 0.16589355 -0.98535156
vn -0.03930664 0.16589355 -0.98535156
vn -0.03930664 0.16589355 -0.98535156
vn -0.03930664 0.16589355 -0.98535156
vn -0.9716797 0.13244629 0.19543457
vn -0.9716797 0.13244629 0.19543457
vn -0.9716797 0.13244629 0.19543457
vn -0.9716797 0.13244629 0.19543457
vn 0.27368164 0.17736816 0.9453125
vn 0.27368164 0.17736816 0.9453125
vn 0.27368164 0.17736816 0.9453125
vn 0.27368164 0.17736816 0.9453125
vn -0 1 0
vn -0 1 0
vn -0 1 0
vn -0 1 0
vn -0 1 0
vn -0 1 0
vn -0 1 0
vn -0.76123047 0.3425293 0.55078125
vn -0.7861328 0.3408203 0.5151367
vn -0.7861328 0.3408203 0.5151367
vn -0.75634766 0.34277344 0.5571289
vn -0.7294922 0.34350586 0.5917969
vn -0.7294922 0.34350586 0.5917969
vn 0.5996094 0.45898438 0.6557617
vn 0.5996094 0.45898438 0.6557617
vn 0.5996094 0.45898438 0.6557617
vn 0.5996094 0.45898438 0.6557617
vn 0.5546875 0.3515625 -0.75390625
vn 0.77246094 0.33251953 -0.5410156
vn 0.77246094 0.33251953 -0.5410156
vn 0.5161133 0.35180664 -0.78125
vn 0.4404297 0.37646484 -0.8149414
vn 0.42529297 0.3737793 -0.82421875
vn 0.6035156 0.39941406 -0.6899414
vn 0.6035156 0.39941406 -0.6899414
vn -0.5649414 0.4609375 -0.6845703
vn -0.5649414 0.4609375 -0.6845703
vn -0.5649414 0.4609375 -0.6845703
vn -0.5649414 0.4609375 -0.6845703
vn -0 1 0
vn -0 1 0
vn -0 1 0
vn -0 1 0
vn -0 1 0
vn -0 1 0
vn -0.7788086 0.6254883 0.048950195
vn -0.7729492 0.63427734 -0.022369385
vn -0.7729492 0.63427734 -0.022369385
vn -0.7792969 0.62353516 0.0635376
vn -0.78027344 0.61083984 0.13513184
vn -0.78027344 0.61083984 0.13513184
vn -0.0395813 0.45947266 0.88720703
vn -0.0395813 0.45947266 0.88720703
vn -0.0395813 0.45947266 0.88720703
vn -0.0395813 0.45947266 0.88720703
vn 0.7709961 0.62939453 -0.09851074
vn 0.7739258 0.6333008 0
vn 0.7739258 0.6333008 0
vn 0.77001953 0.62841797 -0.109680176
vn 0.75878906 0.6171875 -0.2076416
vn 0.75878906 0.6171875 -0.2076416
vn -0.015144348 0.46313477 -0.88623047
vn -0.015144348 0.46313477 -0.88623047
vn -0.015144348 0.46313477 -0.88623047
vn -0.015144348 0.46313477 -0.88623047
vn -0 1 0
vn -0 1 0
vn -0 1 0
vn -0 1 0
vn -0 1 0
vn -0 1 0
vn -0.5649414 0.62597656 0.53808594
vn -0.60595703 0.6347656 0.4794922
vn -0.60595703 0.6347656 0.4794922
vn -0.55615234 0.62353516 0.5493164
vn -0.5107422 0.61083984 0.60498047
vn -0.5107422 0.61083984 0.60498047
vn 0.54003906 0.4597168 0.7050781
vn 0.54003906 0.4597168 0.7050781
vn 0.54003906 0.4597168 0.7050781
vn 0.54003906 0.4597168 0.7050781
vn 0.52734375 0.62939453 -0.5708008
vn 0.59277344 0.63378906 -0.49731445
vn 0.59277344 0.63378906 -0.49731445
vn 0.51953125 0.62841797 -0.57910156
vn 0.4477539 0.6171875 -0.64697266
vn 0.4477539 0.6171875 -0.64697266
vn -0.5810547 0.46313477 -0.6689453
vn -0.5810547 0.46313477 -0.6689453
vn -0.5810547 0.46313477 -0.6689453
vn -0.5810547 0.46313477 -0.6689453
vn 0.05441284 0.99853516 0.017715454
vn 0.05441284 0.99853516 0.017715454
vn 0.048187256 0.99853516 0.013053894
vn 0.047454834 0.99902344 0.012504578
vn 0.04333496 0.99902344 0.009597778
vn 0.043426514 0.99902344 0.009689331
vn 0.044281006 0.99902344 0.010536194
vn 0.044281006 0.99902344 0.010536194
vn -0.83935547 0.5004883 0.21289062
vn -0.8540039 0.5136719 0.08227539
vn -0.8540039 0.5136719 0.08227539
vn -0.8364258 0.49853516 0.22729492
vn -0.7080078 0.5239258 0.47314453
vn -0.6879883 0.5317383 0.49365234
vn -0.57177734 0.5654297 0.5942383
vn -0.57177734 0.5654297 0.5942383
vn 0.38183594 0.5444336 0.74658203
vn 0.38183594 0.5444336 0.74658203
vn 0.38183594 0.5444336 0.74658203
vn 0.38183594 0.5444336 0.74658203
vn 0.73828125 0.58447266 -0.33666992
vn 0.7714844 0.61035156 -0.18115234
vn 0.7714844 0.61035156 -0.18115234
vn 0.71972656 0.5698242 -0.3972168
vn 0.7397461 0.5136719 -0.4345703
vn 0.7285156 0.515625 -0.45117188
vn 0.796875 0.49951172 -0.33984375
vn 0.796875 0.49951172 -0.33984375
vn -0.3942871 0.47338867 -0.78759766
vn -0.3942871 0.47338867 -0.78759766
vn -0.3942871 0.47338867 -0.78759766
vn -0.3942871 0.47338867 -0.78759766
vn -0 1 0
vn -0 1 0
vn -0 1 0
vn -0 1 0
vn -0 1 0
vn -0 1 0
vn -0 1 0
vn -0.94628906 0.2854004 0.15100098
vn -0.93847656 0.2841797 0.19580078
vn -0.93847656 0.2841797 0.19580078
vn -0.9472656 0.28564453 0.14440918
vn -0.953125 0.28637695 0.0993042
vn -0.953125 0.28637695 0.0993042
vn -0.04107666 0.3894043 -0.92041016
vn -0.04107666 0.3894043 -0.92041016
vn -0.04107666 0.3894043 -0.92041016
vn -0.04107666 0.3894043 -0.92041016
vn 0.94433594 0.29418945 0.1484375
vn 0.94628906 0.27734375 -0.16674805
vn 0.94628906 0.27734375 -0.16674805
vn 0.9370117 0.29418945 0.18774414
vn 0.9091797 0.31591797 0.27197266
vn 0.90527344 0.31396484 0.2866211
vn 0.9399414 0.3359375 0.06298828
vn 0.9399414 0.3359375 0.06298828
vn 0.08795166 0.390625 0.9165039
vn 0.08795166 0.390625 0.9165039
vn 0.08795166 0.390625 0.9165039
vn 0.08795166 0.390625 0.9165039
vn 0.02456665 0.99853516 -0.050628662
vn 0.02456665 0.99853516 -0.050628662
vn 0.02456665 0.99853516 -0.050628662
vn 0.02456665 0.99853516 -0.050628662
vn -0.9472656 0.20056152 0.24987793
vn -0.9472656 0.20056152 0.24987793
vn -0.9472656 0.20056152 0.24987793
vn -0.9472656 0.20056152 0.24987793
vn -0.24938965 0.2154541 -0.94433594
vn -0.24938965 0.2154541 -0.94433594
vn -0.24938965 0.2154541 -0.94433594
vn -0.24938965 0.2154541 -0.94433594
vn 0.2565918 0.20166016 0.9453125
vn 0.2565918 0.20166016 0.9453125
vn 0.2565918 0.20166016 0.9453125
vn 0.2565918 0.20166016 0.9453125
vn -0.005367279 0.99902344 -0.039154053
vn -0.005367279 0.99902344 -0.039154053
vn -0.005367279 0.99902344 -0.039154053
vn -0.005367279 0.99902344 -0.039154053
vn -0.6557617 0.107055664 0.7475586
vn -0.6557617 0.107055664 0.7475586
vn -0.6557617 0.107055664 0.7475586
vn -0.6557617 0.107055664 0.7475586
vn -0.87646484 0.16589355 -0.4519043
vn -0.87646484 0.16589355 -0.4519043
vn -0.87646484 0.16589355 -0.4519043
vn -0.87646484 0.16589355 -0.4519043
vn 0.74121094 0.17712402 0.64746094
vn 0.74121094 0.17712402 0.64746094
vn 0.74121094 0.17712402 0.64746094
vn 0.74121094 0.17712402 0.64746094
vn 0.055114746 0.99853516 0.016708374
vn 0.04711914 0.99853516 0.016983032
vn 0.055114746 0.99853516 0.016708374
vn 0.046173096 0.99902344 0.01701355
vn 0.04095459 0.99902344 0.016998291
vn 0.04107666 0.99902344 0.016967773
vn 0.04232788 0.99902344 0.016708374
vn 0.04232788 0.99902344 0.016708374
vn -0.6118164 0.35009766 -0.70947266
vn -0.70947266 0.36401367 -0.60302734
vn -0.70947266 0.36401367 -0.60302734
vn -0.6044922 0.3486328 -0.7163086
vn -0.33422852 0.3635254 -0.8696289
vn -0.3125 0.36767578 -0.87597656
vn -0.14562988 0.39331055 -0.90771484
vn -0.14562988 0.39331055 -0.90771484
vn 0.4572754 0.38916016 0.7998047
vn 0.60498047 0.40893555 0.68310547
vn 0.60498047 0.40893555 0.68310547
vn 0.41625977 0.38183594 0.8251953
vn 0.38378906 0.34326172 0.8574219
vn 0.3708496 0.34375 0.86279297
vn 0.49536133 0.33618164 0.80078125
vn 0.49536133 0.33618164 0.80078125
vn -0.8330078 0.32592773 0.44677734
vn -0.8330078 0.32592773 0.44677734
vn -0.8330078 0.32592773 0.44677734
vn -0.8330078 0.32592773 0.44677734
vn -0 1 0
vn -0 1 0
vn -0 1 0
vn -0 1 0
vn -0 1 0
vn -0 1 0
vn -0.53808594 0.62597656 0.5649414
vn -0.4794922 0.63427734 0.6064453
vn -0.4794922 0.63427734 0.6064453
vn -0.5493164 0.62353516 0.55615234
vn -0.60498047 0.61083984 0.5107422
vn -0.60498047 0.61083984 0.5107422
vn -0.7050781 0.4597168 -0.54003906
vn -0.7050781 0.4597168 -0.54003906
vn -0.7050781 0.4597168 -0.54003906
vn -0.7050781 0.4597168 -0.54003906
vn 0.5708008 0.62939453 -0.52734375
vn 0.49731445 0.63378906 -0.59277344
vn 0.49731445 0.63378906 -0.59277344
vn 0.57910156 0.62841797 -0.51953125
vn 0.64697266 0.6171875 -0.4477539
vn 0.64697266 0.6171875 -0.4477539
vn 0.6689453 0.46289062 0.58154297
vn 0.6689453 0.46289062 0.58154297
vn 0.6689453 0.46289062 0.58154297
vn 0.6689453 0.46289062 0.58154297
vn 0.055786133 0.99853516 -0.008926392
vn 0.055786133 0.99853516 -0.008926392
vn 0.055786133 0.99853516 -0.008926392
vn 0.055786133 0.99853516 -0.008926392
vn -0.7480469 0.19995117 -0.6328125
vn -0.7480469 0.19995117 -0.6328125
vn -0.7480469 0.19995117 -0.6328125
vn -0.7480469 0.19995117 -0.6328125
vn 0.75146484 0.21154785 0.625
vn 0.75146484 0.21154785 0.625
vn 0.75146484 0.21154785 0.625
vn 0.75146484 0.21154785 0.625
vn -0.6269531 0.20080566 0.7524414
vn -0.6269531 0.20080566 0.7524414
vn -0.6269531 0.20080566 0.7524414
vn -0.6269531 0.20080566 0.7524414
vn 0.036621094 0.99902344 0.014945984
vn 0.036621094 0.99902344 0.014945984
vn 0.036621094 0.99902344 0.014945984
vn 0.036621094 0.99902344 0.014945984
vn -0.3190918 0.1071167 -0.94189453
vn -0.3190918 0.1071167 -0.94189453
vn -0.3190918 0.1071167 -0.94189453
vn -0.3190918 0.1071167 -0.94189453
vn 0.39746094 0.13244629 0.9082031
vn 0.39746094 0.13244629 0.9082031
vn 0.39746094 0.13244629 0.9082031
vn 0.39746094 0.13244629 0.9082031
vn -0.93115234 0.17736816 0.3178711
vn -0.93115234 0.17736816 0.3178711
vn -0.93115234 0.17736816 0.3178711
vn -0.93115234 0.17736816 0.3178711
vn 0.021408081 0.99853516 -0.05307007
vn 0.020980835 0.99853516 -0.045318604
vn 0.021408081 0.99853516 -0.05307007
vn 0.0209198 0.99902344 -0.04437256
vn 0.020492554 0.99902344 -0.039367676
vn 0.020492554 0.99902344 -0.039489746
vn 0.020401001 0.99902344 -0.04071045
vn 0.020401001 0.99902344 -0.04071045
vn -0.70214844 0.50097656 0.5058594
vn -0.6118164 0.5136719 0.6010742
vn -0.6118164 0.5136719 0.6010742
vn -0.71191406 0.4987793 0.4946289
vn -0.8173828 0.52441406 0.23840332
vn -0.8203125 0.53222656 0.20959473
vn -0.8227539 0.56591797 0.056121826
vn -0.8227539 0.56591797 0.056121826
vn -0.32641602 0.5444336 -0.77246094
vn -0.32641602 0.5444336 -0.77246094
vn -0.32641602 0.5444336 -0.77246094
vn -0.32641602 0.5444336 -0.77246094
vn 0.7324219 0.58447266 -0.34936523
vn 0.63427734 0.61035156 -0.47460938
vn 0.63427734 0.61035156 -0.47460938
vn 0.76660156 0.5698242 -0.29614258
vn 0.80859375 0.5136719 -0.28735352
vn 0.81396484 0.515625 -0.2680664
vn 0.77246094 0.49951172 -0.39208984
vn 0.77246094 0.49951172 -0.39208984
vn 0.34985352 0.47314453 0.80859375
vn 0.34985352 0.47314453 0.80859375
vn 0.34985352 0.47314453 0.80859375
vn 0.34985352 0.47314453 0.80859375
vn 0.05114746 0.99853516 -0.025741577
vn 0.05114746 0.99853516 -0.025741577
vn 0.043304443 0.99853516 -0.024673462
vn 0.0423584 0.99902344 -0.024551392
vn 0.037475586 0.99902344 -0.023742676
vn 0.037628174 0.99902344 -0.023757935
vn 0.0390625 0.99902344 -0.023788452
vn 0.0390625 0.99902344 -0.023788452
vn -0.47924805 0.35009766 0.8046875
vn -0.5942383 0.3642578 0.71728516
vn -0.5942383 0.3642578 0.71728516
vn -0.47094727 0.3486328 0.8105469
vn -0.17810059 0.3635254 0.9145508
vn -0.15563965 0.36767578 0.9169922
vn 0.014587402 0.3930664 0.9194336
vn 0.014587402 0.3930664 0.9194336
vn 0.8857422 0.36132812 0.29052734
vn 0.8857422 0.36132812 0.29052734
vn 0.8857422 0.36132812 0.29052734
vn 0.8857422 0.36132812 0.29052734
vn 0.31152344 0.38891602 -0.8671875
vn 0.47753906 0.40893555 -0.77783203
vn 0.47753906 0.40893555 -0.77783203
vn 0.2668457 0.3815918 -0.8847656
vn 0.2290039 0.34301758 -0.9111328
vn 0.21533203 0.34350586 -0.9140625
vn 0.3486328 0.33618164 -0.875
vn 0.3486328 0.33618164 -0.875
vn -0.8979492 0.32592773 -0.29492188
vn -0.8979492 0.32592773 -0.29492188
vn -0.8979492 0.32592773 -0.29492188
vn -0.8979492 0.32592773 -0.29492188
vn 0.05630493 0.99853516 -0.00066804886
vn 0.05630493 0.99853516 -0.00066804886
vn 0.05630493 0.99853516 -0.00066804886
vn 0.05630493 0.99853516 -0.00066804886
vn -0.6303711 0.17700195 0.7558594
vn -0.6303711 0.17700195 0.7558594
vn -0.6303711 0.17700195 0.7558594
vn -0.6303711 0.17700195 0.7558594
vn 0.75439453 0.18835449 0.62890625
vn 0.75439453 0.18835449 0.62890625
vn 0.75439453 0.18835449 0.62890625
vn 0.75439453 0.18835449 0.62890625
vn -0.7519531 0.17785645 -0.6347656
vn -0.7519531 0.17785645 -0.6347656
vn -0.7519531 0.17785645 -0.6347656
vn -0.7519531 0.17785645 -0.6347656
vn 0.033477783 0.99902344 -0.021057129
vn 0.033477783 0.99902344 -0.021057129
vn 0.033477783 0.99902344 -0.021057129
vn 0.033477783 0.99902344 -0.021057129
vn -0.1508789 0.107177734 0.98291016
vn -0.1508789 0.107177734 0.98291016
vn -0.1508789 0.107177734 0.98291016
vn -0.1508789 0.107177734 0.98291016
vn 0.90966797 0.1661377 0.38134766
vn 0.90966797 0.1661377 0.38134766
vn 0.90966797 0.1661377 0.38134766
vn 0.90966797 0.1661377 0.38134766
vn -0.97216797 0.1772461 -0.1517334
vn -0.97216797 0.1772461 -0.1517334
vn -0.97216797 0.1772461 -0.1517334
vn -0.97216797 0.1772461 -0.1517334
vn -0 1 0
vn -0 1 0
vn -0 1 0
vn -0 1 0
vn -0 1 0
vn -0 1 0
vn -0 1 0
vn -0.94189453 0.093444824 0.32299805
vn -0.9248047 0.09295654 0.36938477
vn -0.9248047 0.09295654 0.36938477
vn -0.9423828 0.093444824 0.32080078
vn -0.95703125 0.09375 0.27368164
vn -0.95703125 0.09375 0.27368164
vn -0.21557617 0.13171387 -0.96777344
vn -0.21557617 0.13171387 -0.96777344
vn -0.21557617 0.13171387 -0.96777344
vn -0.21557617 0.13171387 -0.96777344
vn 0.2644043 0.13244629 0.9550781
vn 0.2644043 0.13244629 0.9550781
vn 0.2644043 0.13244629 0.9550781
vn 0.2644043 0.13244629 0.9550781
vn 0.005493164 0.99902344 -0.045013428
vn 0.005493164 0.99902344 -0.045013428
vn 0.005493164 0.99902344 -0.045013428
vn 0.005493164 0.99902344 -0.045013428
vn 0.005493164 0.99902344 -0.045013428
vn -0.8383789 0.31884766 0.44213867
vn -0.6879883 0.29858398 0.6616211
vn -0.6879883 0.29858398 0.6616211
vn -0.83740234 0.31884766 0.44360352
vn -0.9296875 0.3161621 0.18811035
vn -0.9296875 0.3161621 0.18811035
vn -0.52246094 0.30859375 -0.7949219
vn -0.52246094 0.30859375 -0.7949219
vn -0.52246094 0.30859375 -0.7949219
vn -0.52246094 0.30859375 -0.7949219
vn 0.66796875 0.27441406 0.69140625
vn 0.66796875 0.27441406 0.69140625
vn 0.66796875 0.27441406 0.69140625
vn 0.66796875 0.27441406 0.69140625
vn -0.0013885498 0.99902344 -0.04321289
vn -0.0013885498 0.99902344 -0.04321289
vn -0.0013885498 0.99902344 -0.04321289
vn -0.0013885498 0.99902344 -0.04321289
vn -0.0013885498 0.99902344 -0.04321289
vn -0.83447266 0.11395264 0.5390625
vn -0.65185547 0.107788086 0.7504883
vn -0.65185547 0.107788086 0.7504883
vn -0.83203125 0.1138916 0.54296875
vn -0.95214844 0.11114502 0.28466797
vn -0.95214844 0.11114502 0.28466797
vn -0.6020508 0.10357666 -0.7919922
vn -0.6020508 0.10357666 -0.7919922
vn -0.6020508 0.10357666 -0.7919922
vn -0.6020508 0.10357666 -0.7919922
vn 0.7182617 0.09844971 0.68896484
vn 0.7182617 0.09844971 0.68896484
vn 0.7182617 0.09844971 0.68896484
vn 0.7182617 0.09844971 0.68896484
vn 0.39819336 0.6425781 0.65478516
vn 0.39819336 0.6425781 0.65478516
vn 0.39819336 0.6425781 0.65478516
vn 0.39819336 0.6425781 0.65478516
vn 0.7705078 0.47998047 -0.4194336
vn 0.7705078 0.47998047 -0.4194336
vn 0.7705078 0.47998047 -0.4194336
vn 0.7705078 0.47998047 -0.4194336
vn -0.6220703 0.36132812 -0.6948242
vn -0.6220703 0.36132812 -0.6948242
vn -0.6220703 0.36132812 -0.6948242
vn -0.6220703 0.36132812 -0.6948242
vn -0.8847656 0.4333496 0.17053223
vn -0.8847656 0.4333496 0.17053223
vn -0.8847656 0.4333496 0.17053223
vn -0.8847656 0.4333496 0.17053223
vn 0.6303711 0.32592773 0.70458984
vn 0.6303711 0.32592773 0.70458984
vn 0.6303711 0.32592773 0.70458984
vn 0.6303711 0.32592773 0.70458984
vn -0.58447266 0.65722656 -0.47558594
vn -0.58447266 0.65722656 -0.47558594
vn -0.58447266 0.65722656 -0.47558594
vn -0.58447266 0.65722656 -0.47558594
vn -0.6689453 0.2878418 0.6855469
vn -0.6689453 0.2878418 0.6855469
vn -0.6689453 0.2878418 0.6855469
vn -0.6689453 0.2878418 0.6855469
vn 0.69677734 0.51416016 -0.5
vn 0.69677734 0.51416016 -0.5
vn 0.69677734 0.51416016 -0.5
vn 0.69677734 0.51416016 -0.5
vn -0.40234375 0.26171875 0.8774414
vn -0.40234375 0.26171875 0.8774414
vn -0.40234375 0.26171875 0.8774414
vn -0.40234375 0.26171875 0.8774414
vn 0.30786133 0.8496094 0.4284668
vn 0.30786133 0.8496094 0.4284668
vn 0.30786133 0.8496094 0.4284668
vn 0.30786133 0.8496094 0.4284668
vn -0.94921875 0.18139648 0.25634766
vn -0.94921875 0.18139648 0.25634766
vn -0.94921875 0.18139648 0.25634766
vn -0.94921875 0.18139648 0.25634766
vn 0.5566406 0.29492188 0.77685547
vn 0.5566406 0.29492188 0.77685547
vn 0.5566406 0.29492188 0.77685547
vn 0.5566406 0.29492188 0.77685547
vn -0 1 0
vn -0 1 0
vn -0 1 0
vn -0 1 0
vn -0.14233398 0.11254883 0.98339844
vn -0.14233398 0.11254883 0.98339844
vn -0.14233398 0.11254883 0.98339844
vn -0.14233398 0.11254883 0.98339844
vn -0.515625 0.1595459 0.8417969
vn -0.515625 0.1595459 0.8417969
vn -0.515625 0.1595459 0.8417969
vn -0.515625 0.1595459 0.8417969
vn 0.021438599 0.99902344 -0.033233643
vn 0.021438599 0.99902344 -0.033233643
vn 0.021438599 0.99902344 -0.033233643
vn 0.021438599 0.99902344 -0.033233643
vn 0.27856445 0.107177734 0.95458984
vn 0.27856445 0.107177734 0.95458984
vn 0.27856445 0.107177734 0.95458984
vn 0.27856445 0.107177734 0.95458984
vn 0.98535156 0.1661377 -0.03881836
vn 0.98535156 0.1661377 -0.03881836
vn 0.98535156 0.1661377 -0.03881836
vn 0.98535156 0.1661377 -0.03881836
vn -0.9453125 0.1772461 0.2734375
vn -0.9453125 0.1772461 0.2734375
vn -0.9453125 0.1772461 0.2734375
vn -0.9453125 0.1772461 0.2734375
vn 0.29174805 -0.8120117 0.5053711
vn -0 -0.6225586 0.78222656
vn 0.39111328 -0.6225586 0.6777344
vn -0 -0.8120117 0.5834961
vn -0.39111328 -0.6225586 0.6777344
vn 0.5053711 -0.8120117 0.29174805
vn 0.6777344 -0.6225586 0.39111328
vn -0.29174805 -0.8120117 0.5053711
vn -0.6777344 -0.6225586 0.39111328
vn -0 -1 0
vn 0.5834961 -0.8120117 0
vn -0.5053711 -0.8120117 0.29174805
vn 0.78222656 -0.6225586 0
vn -0.78222656 -0.6225586 0
vn 0.5053711 -0.8120117 -0.29174805
vn 0.6777344 -0.6225586 -0.39111328
vn -0.5834961 -0.8120117 0
vn -0.6777344 -0.6225586 -0.39111328
vn 0.29174805 -0.8120117 -0.5053711
vn 0.39111328 -0.6225586 -0.6777344
vn -0.5053711 -0.8120117 -0.29174805
vn -0.39111328 -0.6225586 -0.6777344
vn -0 -0.8120117 -0.5834961
vn -0 -0.6225586 -0.78222656
vn -0.29174805 -0.8120117 -0.5053711
vn -0 0.6147461 -0.7885742
vn -0 0.8105469 -0.5859375
vn -0.29296875 0.8105469 -0.5073242
vn -0.3942871 0.6147461 -0.68310547
vn 0.3942871 0.6147461 -0.68310547
vn -0.5073242 0.8105469 -0.29296875
vn -0.68310547 0.6147461 -0.3942871
vn 0.29296875 0.8105469 -0.5073242
vn 0.68310547 0.6147461 -0.3942871
vn -0 1 0
vn -0.5859375 0.8105469 0
vn 0.5073242 0.8105469 -0.29296875
vn -0.7885742 0.6147461 0
vn 0.7885742 0.6147461 0
vn -0.5073242 0.8105469 0.29296875
vn -0.68310547 0.6147461 0.3942871
vn 0.5859375 0.8105469 0
vn 0.68310547 0.6147461 0.3942871
vn -0.29296875 0.8105469 0.5073242
vn -0.3942871 0.6147461 0.68310547
vn 0.5073242 0.8105469 0.29296875
vn 0.3942871 0.6147461 0.68310547
vn -0 0.8105469 0.5859375
vn -0 0.6147461 0.7885742
vn 0.29296875 0.8105469 0.5073242
vn 0.29174805 -0.8120117 0.5053711
vn -0 -0.6225586 0.78222656
vn 0.39111328 -0.6225586 0.6777344
vn -0 -0.8120117 0.5834961
vn -0.39111328 -0.6225586 0.6777344
vn 0.5053711 -0.8120117 0.29174805
vn 0.6777344 -0.6225586 0.39111328
vn -0.29174805 -0.8120117 0.5053711
vn -0.6777344 -0.6225586 0.39111328
vn -0 -1 0
vn 0.5834961 -0.8120117 0
vn -0.5053711 -0.8120117 0.29174805
vn 0.78222656 -0.6225586 0
vn -0.78222656 -0.6225586 0
vn 0.5053711 -0.8120117 -0.29174805
vn 0.6777344 -0.6225586 -0.39111328
vn -0.5834961 -0.8120117 0
vn -0.6777344 -0.6225586 -0.39111328
vn 0.29174805 -0.8120117 -0.5053711
vn 0.39111328 -0.6225586 -0.6777344
vn -0.5053711 -0.8120117 -0.29174805
vn -0.39111328 -0.6225586 -0.6777344
vn -0 -0.8120117 -0.5834961
vn -0 -0.6225586 -0.78222656
vn -0.29174805 -0.8120117 -0.5053711
vn -0 0.6147461 -0.7885742
vn -0 0.8105469 -0.5859375
vn -0.29296875 0.8105469 -0.5073242
vn -0.3942871 0.6147461 -0.68310547
vn 0.3942871 0.6147461 -0.68310547
vn -0.5073242 0.8105469 -0.29296875
vn -0.68310547 0.6147461 -0.3942871
vn 0.29296875 0.8105469 -0.5073242
vn 0.68310547 0.6147461 -0.3942871
vn -0 1 0
vn -0.5859375 0.8105469 0
vn 0.5073242 0.8105469 -0.29296875
vn -0.7885742 0.6147461 0
vn 0.7885742 0.6147461 0
vn -0.5073242 0.8105469 0.29296875
vn -0.68310547 0.6147461 0.3942871
vn 0.5859375 0.8105469 0
vn 0.68310547 0.6147461 0.3942871
vn -0.29296875 0.8105469 0.5073242
vn -0.3942871 0.6147461 0.68310547
vn 0.5073242 0.8105469 0.29296875
vn 0.3942871 0.6147461 0.68310547
vn -0 0.8105469 0.5859375
vn -0 0.6147461 0.7885742
vn 0.29296875 0.8105469 0.5073242
vn 0.29174805 -0.8120117 0.5053711
vn -0 -0.6225586 0.78222656
vn 0.39111328 -0.6225586 0.6777344
vn -0 -0.8120117 0.5834961
vn -0.39111328 -0.6225586 0.6777344
vn 0.5053711 -0.8120117 0.29174805
vn 0.6777344 -0.6225586 0.39111328
vn -0.29174805 -0.8120117 0.5053711
vn -0.6777344 -0.6225586 0.39111328
vn -0 -1 0
vn 0.5834961 -0.8120117 0
vn -0.5053711 -0.8120117 0.29174805
vn 0.78222656 -0.6225586 0
vn -0.78222656 -0.6225586 0
vn 0.5053711 -0.8120117 -0.29174805
vn 0.6777344 -0.6225586 -0.39111328
vn -0.5834961 -0.8120117 0
vn -0.6777344 -0.6225586 -0.39111328
vn 0.29174805 -0.8120117 -0.5053711
vn 0.39111328 -0.6225586 -0.6777344
vn -0.5053711 -0.8120117 -0.29174805
vn -0.39111328 -0.6225586 -0.6777344
vn -0 -0.8120117 -0.5834961
vn -0 -0.6225586 -0.78222656
vn -0.29174805 -0.8120117 -0.5053711
vn -0 0.6147461 -0.7885742
vn -0 0.8105469 -0.5859375
vn -0.29296875 0.8105469 -0.5073242
vn -0.3942871 0.6147461 -0.68310547
vn 0.3942871 0.6147461 -0.68310547
vn -0.5073242 0.8105469 -0.29296875
vn -0.68310547 0.6147461 -0.3942871
vn 0.29296875 0.8105469 -0.5073242
vn 0.68310547 0.6147461 -0.3942871
vn -0 1 0
vn -0.5859375 0.8105469 0
vn 0.5073242 0.8105469 -0.29296875
vn -0.7885742 0.6147461 0
vn 0.7885742 0.6147461 0
vn -0.5073242 0.8105469 0.29296875
vn -0.68310547 0.6147461 0.3942871
vn 0.5859375 0.8105469 0
vn 0.68310547 0.6147461 0.3942871
vn -0.29296875 0.8105469 0.5073242
vn -0.3942871 0.6147461 0.68310547
vn 0.5073242 0.8105469 0.29296875
vn 0.3942871 0.6147461 0.68310547
vn -0 0.8105469 0.5859375
vn -0 0.6147461 0.7885742
vn 0.29296875 0.8105469 0.5073242
vn 0.29174805 -0.8120117 0.5053711
vn -0 -0.6225586 0.78222656
vn 0.39111328 -0.6225586 0.6777344
vn -0 -0.8120117 0.5834961
vn -0.39111328 -0.6225586 0.6777344
vn 0.5053711 -0.8120117 0.29174805
vn 0.6777344 -0.6225586 0.39111328
vn -0.29174805 -0.8120117 0.5053711
vn -0.6777344 -0.6225586 0.39111328
vn -0 -1 0
vn 0.5834961 -0.8120117 0
vn -0.5053711 -0.8120117 0.29174805
vn 0.78222656 -0.6225586 0
vn -0.78222656 -0.6225586 0
vn 0.5053711 -0.8120117 -0.29174805
vn 0.6777344 -0.6225586 -0.39111328
vn -0.5834961 -0.8120117 0
vn -0.6777344 -0.6225586 -0.39111328
vn 0.29174805 -0.8120117 -0.5053711
vn 0.39111328 -0.6225586 -0.6777344
vn -0.5053711 -0.8120117 -0.29174805
vn -0.39111328 -0.6225586 -0.6777344
vn -0 -0.8120117 -0.5834961
vn -0 -0.6225586 -0.78222656
vn -0.29174805 -0.8120117 -0.5053711
vn -0 0.6147461 -0.7885742
vn -0 0.8105469 -0.5859375
vn -0.29296875 0.8105469 -0.5073242
vn -0.3942871 0.6147461 -0.68310547
vn 0.3942871 0.6147461 -0.68310547
vn -0.5073242 0.8105469 -0.29296875
vn -0.68310547 0.6147461 -0.3942871
vn 0.29296875 0.8105469 -0.5073242
vn 0.68310547 0.6147461 -0.3942871
vn -0 1 0
vn -0.5859375 0.8105469 0
vn 0.5073242 0.8105469 -0.29296875
vn -0.7885742 0.6147461 0
vn 0.7885742 0.6147461 0
vn -0.5073242 0.8105469 0.29296875
vn -0.68310547 0.6147461 0.3942871
vn 0.5859375 0.8105469 0
vn 0.68310547 0.6147461 0.3942871
vn -0.29296875 0.8105469 0.5073242
vn -0.3942871 0.6147461 0.68310547
vn 0.5073242 0.8105469 0.29296875
vn 0.3942871 0.6147461 0.68310547
vn -0 0.8105469 0.5859375
vn -0 0.6147461 0.7885742
vn 0.29296875 0.8105469 0.5073242
vn -0.29174805 -0.8120117 0.5053711
vn -0.39111328 -0.6225586 0.6777344
vn -0 -0.6225586 0.78222656
vn -0 -0.8120117 0.5834961
vn 0.39111328 -0.6225586 0.6777344
vn -0.5053711 -0.8120117 0.29174805
vn -0.6777344 -0.6225586 0.39111328
vn 0.29174805 -0.8120117 0.5053711
vn 0.6777344 -0.6225586 0.39111328
vn -0 -1 0
vn -0.5834961 -0.8120117 0
vn 0.5053711 -0.8120117 0.29174805
vn -0.78222656 -0.6225586 0
vn 0.78222656 -0.6225586 0
vn -0.5053711 -0.8120117 -0.29174805
vn -0.6777344 -0.6225586 -0.39111328
vn 0.5834961 -0.8120117 0
vn 0.6777344 -0.6225586 -0.39111328
vn -0.29174805 -0.8120117 -0.5053711
vn -0.39111328 -0.6225586 -0.6777344
vn 0.5053711 -0.8120117 -0.29174805
vn 0.39111328 -0.6225586 -0.6777344
vn -0 -0.8120117 -0.5834961
vn -0 -0.6225586 -0.78222656
vn 0.29174805 -0.8120117 -0.5053711
vn -0 0.6147461 -0.7885742
vn 0.3942871 0.6147461 -0.68310547
vn 0.29296875 0.8105469 -0.5073242
vn -0 0.8105469 -0.5859375
vn -0.3942871 0.6147461 -0.68310547
vn 0.5073242 0.8105469 -0.29296875
vn 0.68310547 0.6147461 -0.3942871
vn -0.29296875 0.8105469 -0.5073242
vn -0.68310547 0.6147461 -0.3942871
vn -0 1 0
vn 0.5859375 0.8105469 0
vn -0.5073242 0.8105469 -0.29296875
vn 0.7885742 0.6147461 0
vn -0.7885742 0.6147461 0
vn 0.5073242 0.8105469 0.29296875
vn 0.68310547 0.6147461 0.3942871
vn -0.5859375 0.8105469 0
vn -0.68310547 0.6147461 0.3942871
vn 0.29296875 0.8105469 0.5073242
vn 0.3942871 0.6147461 0.68310547
vn -0.5073242 0.8105469 0.29296875
vn -0.3942871 0.6147461 0.68310547
vn -0 0.8105469 0.5859375
vn -0 0.6147461 0.7885742
vn -0.29296875 0.8105469 0.5073242
vn -0.29174805 -0.8120117 0.5053711
vn -0.39111328 -0.6225586 0.6777344
vn -0 -0.6225586 0.78222656
vn -0 -0.8120117 0.5834961
vn 0.39111328 -0.6225586 0.6777344
vn -0.5053711 -0.8120117 0.29174805
vn -0.6777344 -0.6225586 0.39111328
vn 0.29174805 -0.8120117 0.5053711
vn 0.6777344 -0.6225586 0.39111328
vn -0 -1 0
vn -0.5834961 -0.8120117 0
vn 0.5053711 -0.8120117 0.29174805
vn -0.78222656 -0.6225586 0
vn 0.78222656 -0.6225586 0
vn -0.5053711 -0.8120117 -0.29174805
vn -0.6777344 -0.6225586 -0.39111328
vn 0.5834961 -0.8120117 0
vn 0.6777344 -0.6225586 -0.39111328
vn -0.29174805 -0.8120117 -0.5053711
vn -0.39111328 -0.6225586 -0.6777344
vn 0.5053711 -0.8120117 -0.29174805
vn 0.39111328 -0.6225586 -0.6777344
vn -0 -0.8120117 -0.5834961
vn -0 -0.6225586 -0.78222656
vn 0.29174805 -0.8120117 -0.5053711
vn -0 0.6147461 -0.7885742
vn 0.3942871 0.6147461 -0.68310547
vn 0.29296875 0.8105469 -0.5073242
vn -0 0.8105469 -0.5859375
vn -0.3942871 0.6147461 -0.68310547
vn 0.5073242 0.8105469 -0.29296875
vn 0.68310547 0.6147461 -0.3942871
vn -0.29296875 0.8105469 -0.5073242
vn -0.68310547 0.6147461 -0.3942871
vn -0 1 0
vn 0.5859375 0.8105469 0
vn -0.5073242 0.8105469 -0.29296875
vn 0.7885742 0.6147461 0
vn -0.7885742 0.6147461 0
vn 0.5073242 0.8105469 0.29296875
vn 0.68310547 0.6147461 0.3942871
vn -0.5859375 0.8105469 0
vn -0.68310547 0.6147461 0.3942871
vn 0.29296875 0.8105469 0.5073242
vn 0.3942871 0.6147461 0.68310547
vn -0.5073242 0.8105469 0.29296875
vn -0.3942871 0.6147461 0.68310547
vn -0 0.8105469 0.5859375
vn -0 0.6147461 0.7885742
vn -0.29296875 0.8105469 0.5073242
vn -0.29174805 -0.8120117 0.5053711
vn -0.39111328 -0.6225586 0.6777344
vn -0 -0.6225586 0.78222656
vn -0 -0.8120117 0.5834961
vn 0.39111328 -0.6225586 0.6777344
vn -0.5053711 -0.8120117 0.29174805
vn -0.6777344 -0.6225586 0.39111328
vn 0.29174805 -0.8120117 0.5053711
vn 0.6777344 -0.6225586 0.39111328
vn -0 -1 0
vn -0.5834961 -0.8120117 0
vn 0.5053711 -0.8120117 0.29174805
vn -0.78222656 -0.6225586 0
vn 0.78222656 -0.6225586 0
vn -0.5053711 -0.8120117 -0.29174805
vn -0.6777344 -0.6225586 -0.39111328
vn 0.5834961 -0.8120117 0
vn 0.6777344 -0.6225586 -0.39111328
vn -0.29174805 -0.8120117 -0.5053711
vn -0.39111328 -0.6225586 -0.6777344
vn 0.5053711 -0.8120117 -0.29174805
vn 0.39111328 -0.6225586 -0.6777344
vn -0 -0.8120117 -0.5834961
vn -0 -0.6225586 -0.78222656
vn 0.29174805 -0.8120117 -0.5053711
vn -0 0.6147461 -0.7885742
vn 0.3942871 0.6147461 -0.68310547
vn 0.29296875 0.8105469 -0.5073242
vn -0 0.8105469 -0.5859375
vn -0.3942871 0.6147461 -0.68310547
vn 0.5073242 0.8105469 -0.29296875
vn 0.68310547 0.6147461 -0.3942871
vn -0.29296875 0.8105469 -0.5073242
vn -0.68310547 0.6147461 -0.3942871
vn -0 1 0
vn 0.5859375 0.8105469 0
vn -0.5073242 0.8105469 -0.29296875
vn 0.7885742 0.6147461 0
vn -0.7885742 0.6147461 0
vn 0.5073242 0.8105469 0.29296875
vn 0.68310547 0.6147461 0.3942871
vn -0.5859375 0.8105469 0
vn -0.68310547 0.6147461 0.3942871
vn 0.29296875 0.8105469 0.5073242
vn 0.3942871 0.6147461 0.68310547
vn -0.5073242 0.8105469 0.29296875
vn -0.3942871 0.6147461 0.68310547
vn -0 0.8105469 0.5859375
vn -0 0.6147461 0.7885742
vn -0.29296875 0.8105469 0.5073242
vn -0.29174805 -0.8120117 0.5053711
vn -0.39111328 -0.6225586 0.6777344
vn -0 -0.6225586 0.78222656
vn -0 -0.8120117 0.5834961
vn 0.39111328 -0.6225586 0.6777344
vn -0.5053711 -0.8120117 0.29174805
vn -0.6777344 -0.6225586 0.39111328
vn 0.29174805 -0.8120117 0.5053711
vn 0.6777344 -0.6225586 0.39111328
vn -0 -1 0
vn -0.5834961 -0.8120117 0
vn 0.5053711 -0.8120117 0.29174805
vn -0.78222656 -0.6225586 0
vn 0.78222656 -0.6225586 0
vn -0.5053711 -0.8120117 -0.29174805
vn -0.6777344 -0.6225586 -0.39111328
vn 0.5834961 -0.8120117 0
vn 0.6777344 -0.6225586 -0.39111328
vn -0.29174805 -0.8120117 -0.5053711
vn -0.39111328 -0.6225586 -0.6777344
vn 0.5053711 -0.8120117 -0.29174805
vn 0.39111328 -0.6225586 -0.6777344
vn -0 -0.8120117 -0.5834961
vn -0 -0.6225586 -0.78222656
vn 0.29174805 -0.8120117 -0.5053711
vn -0 0.6147461 -0.7885742
vn 0.3942871 0.6147461 -0.68310547
vn 0.29296875 0.8105469 -0.5073242
vn -0 0.8105469 -0.5859375
vn -0.3942871 0.6147461 -0.68310547
vn 0.5073242 0.8105469 -0.29296875
vn 0.68310547 0.6147461 -0.3942871
vn -0.29296875 0.8105469 -0.5073242
vn -0.68310547 0.6147461 -0.3942871
vn -0 1 0
vn 0.5859375 0.8105469 0
vn -0.5073242 0.8105469 -0.29296875
vn 0.7885742 0.6147461 0
vn -0.7885742 0.6147461 0
vn 0.5073242 0.8105469 0.29296875
vn 0.68310547 0.6147461 0.3942871
vn -0.5859375 0.8105469 0
vn -0.68310547 0.6147461 0.3942871
vn 0.29296875 0.8105469 0.5073242
vn 0.3942871 0.6147461 0.68310547
vn -0.5073242 0.8105469 0.29296875
vn -0.3942871 0.6147461 0.68310547
vn -0 0.8105469 0.5859375
vn -0 0.6147461 0.7885742
vn -0.29296875 0.8105469 0.5073242
vn -0 0.78222656 0.6225586
vn -0 0.78222656 0.6225586
vn 0.3112793 0.78222656 0.5390625
vn 0.3112793 0.78222656 0.5390625
vn -0.3112793 0.78222656 0.5390625
vn 0.5390625 0.78222656 0.3112793
vn -0.3112793 0.78222656 0.5390625
vn 0.5390625 0.78222656 0.3112793
vn -0.5390625 0.78222656 0.3112793
vn 0.6225586 0.78222656 0
vn -0.5390625 0.78222656 0.3112793
vn 0.6225586 0.78222656 0
vn -0.6225586 0.78222656 0
vn 0.5390625 0.78222656 -0.3112793
vn -0.6225586 0.78222656 0
vn 0.5390625 0.78222656 -0.3112793
vn -0.5390625 0.78222656 -0.3112793
vn 0.3112793 0.78222656 -0.5390625
vn -0.5390625 0.78222656 -0.3112793
vn 0.3112793 0.78222656 -0.5390625
vn -0.3112793 0.78222656 -0.5390625
vn -0 0.78222656 -0.6225586
vn -0.3112793 0.78222656 -0.5390625
vn -0 0.78222656 -0.6225586
vn -0 0.78222656 0.6225586
vn -0 0.78222656 0.6225586
vn 0.3112793 0.78222656 0.5390625
vn 0.3112793 0.78222656 0.5390625
vn -0.3112793 0.78222656 0.5390625
vn 0.5390625 0.78222656 0.3112793
vn -0.3112793 0.78222656 0.5390625
vn 0.5390625 0.78222656 0.3112793
vn -0.5390625 0.78222656 0.3112793
vn 0.6225586 0.78222656 0
vn -0.5390625 0.78222656 0.3112793
vn 0.6225586 0.78222656 0
vn -0.6225586 0.78222656 0
vn 0.5390625 0.78222656 -0.3112793
vn -0.6225586 0.78222656 0
vn 0.5390625 0.78222656 -0.3112793
vn -0.5390625 0.78222656 -0.3112793
vn 0.3112793 0.78222656 -0.5390625
vn -0.5390625 0.78222656 -0.3112793
vn 0.3112793 0.78222656 -0.5390625
vn -0.3112793 0.78222656 -0.5390625
vn -0 0.78222656 -0.6225586
vn -0.3112793 0.78222656 -0.5390625
vn -0 0.78222656 -0.6225586
vn -0 0.78222656 0.6225586
vn -0 0.78222656 0.6225586
vn 0.3112793 0.78222656 0.5395508
vn 0.3112793 0.78222656 0.5390625
vn -0.3112793 0.78222656 0.5390625
vn 0.5390625 0.78222656 0.3112793
vn -0.3112793 0.78222656 0.5395508
vn 0.5390625 0.78222656 0.3112793
vn -0.5390625 0.78222656 0.3112793
vn 0.6225586 0.78222656 0
vn -0.5395508 0.78222656 0.3112793
vn 0.6225586 0.78222656 0
vn -0.6225586 0.78222656 0
vn 0.5390625 0.78222656 -0.3112793
vn -0.6225586 0.78222656 0
vn 0.5390625 0.78222656 -0.3112793
vn -0.5390625 0.78222656 -0.3112793
vn 0.3112793 0.78222656 -0.5390625
vn -0.5390625 0.78222656 -0.3112793
vn 0.3112793 0.78222656 -0.5390625
vn -0.3112793 0.78222656 -0.5390625
vn -0 0.78222656 -0.6225586
vn -0.3112793 0.78222656 -0.5390625
vn -0 0.78222656 -0.6225586
vn -0 0.78222656 0.6225586
vn -0 0.78222656 0.6225586
vn 0.3112793 0.78222656 0.5390625
vn 0.3112793 0.78222656 0.5390625
vn -0.3112793 0.78222656 0.5390625
vn 0.5390625 0.78222656 0.3112793
vn -0.3112793 0.78222656 0.5390625
vn 0.5390625 0.78222656 0.3112793
vn -0.5390625 0.78222656 0.3112793
vn 0.6225586 0.78222656 0
vn -0.5390625 0.78222656 0.3112793
vn 0.6225586 0.78222656 0
vn -0.6225586 0.78222656 0
vn 0.5390625 0.78222656 -0.3112793
vn -0.6225586 0.78222656 0
vn 0.5390625 0.78222656 -0.3112793
vn -0.5390625 0.78222656 -0.3112793
vn 0.3112793 0.78222656 -0.5390625
vn -0.5390625 0.78222656 -0.3112793
vn 0.3112793 0.78222656 -0.5390625
vn -0.3112793 0.78222656 -0.5390625
vn -0 0.78222656 -0.6225586
vn -0.3112793 0.78222656 -0.5390625
vn -0 0.78222656 -0.6225586
vn -0 0.78222656 0.6225586
vn -0.3112793 0.78222656 0.5390625
vn -0.3112793 0.78222656 0.5390625
vn -0 0.78222656 0.6225586
vn -0.5390625 0.78222656 0.3112793
vn 0.3112793 0.78222656 0.5390625
vn -0.5390625 0.78222656 0.3112793
vn 0.3112793 0.78222656 0.5390625
vn -0.6225586 0.78222656 0
vn 0.5390625 0.78222656 0.3112793
vn -0.6225586 0.78222656 0
vn 0.5390625 0.78222656 0.3112793
vn -0.5390625 0.78222656 -0.3112793
vn 0.6225586 0.78222656 0
vn -0.5390625 0.78222656 -0.3112793
vn 0.6225586 0.78222656 0
vn -0.3112793 0.78222656 -0.5390625
vn 0.5390625 0.78222656 -0.3112793
vn -0.3112793 0.78222656 -0.5390625
vn 0.5390625 0.78222656 -0.3112793
vn -0 0.78222656 -0.6225586
vn 0.3112793 0.78222656 -0.5390625
vn -0 0.78222656 -0.6225586
vn 0.3112793 0.78222656 -0.5390625
vn -0 0.78222656 0.6225586
vn -0.3112793 0.78222656 0.5390625
vn -0.3112793 0.78222656 0.5390625
vn -0 0.78222656 0.6225586
vn -0.5390625 0.78222656 0.3112793
vn 0.3112793 0.78222656 0.5390625
vn -0.5390625 0.78222656 0.3112793
vn 0.3112793 0.78222656 0.5390625
vn -0.6225586 0.78222656 0
vn 0.5390625 0.78222656 0.3112793
vn -0.6225586 0.78222656 0
vn 0.5390625 0.78222656 0.3112793
vn -0.5390625 0.78222656 -0.3112793
vn 0.6225586 0.78222656 0
vn -0.5390625 0.78222656 -0.3112793
vn 0.6225586 0.78222656 0
vn -0.3112793 0.78222656 -0.5390625
vn 0.5390625 0.78222656 -0.3112793
vn -0.3112793 0.78222656 -0.5390625
vn 0.5390625 0.78222656 -0.3112793
vn -0 0.78222656 -0.6225586
vn 0.3112793 0.78222656 -0.5390625
vn -0 0.78222656 -0.6225586
vn 0.3112793 0.78222656 -0.5390625
vn -0 0.78222656 0.6225586
vn -0.3112793 0.78222656 0.5390625
vn -0.3112793 0.78222656 0.5395508
vn -0 0.78222656 0.6225586
vn -0.5390625 0.78222656 0.3112793
vn 0.3112793 0.78222656 0.5390625
vn -0.5390625 0.78222656 0.3112793
vn 0.3112793 0.78222656 0.5395508
vn -0.6225586 0.78222656 0
vn 0.5390625 0.78222656 0.3112793
vn -0.6225586 0.78222656 0
vn 0.5390625 0.78222656 0.3112793
vn -0.5390625 0.78222656 -0.3112793
vn 0.6225586 0.78222656 0
vn -0.5390625 0.78222656 -0.3112793
vn 0.6225586 0.78222656 0
vn -0.3112793 0.78222656 -0.5390625
vn 0.5390625 0.78222656 -0.3112793
vn -0.3112793 0.78222656 -0.5390625
vn 0.5390625 0.78222656 -0.3112793
vn -0 0.78222656 -0.6225586
vn 0.3112793 0.78222656 -0.5390625
vn -0 0.78222656 -0.6225586
vn 0.3112793 0.78222656 -0.5390625
vn -0 0.78222656 0.6225586
vn -0.3112793 0.78222656 0.5390625
vn -0.3112793 0.78222656 0.5390625
vn -0 0.78222656 0.6225586
vn -0.5390625 0.78222656 0.3112793
vn 0.3112793 0.78222656 0.5390625
vn -0.5390625 0.78222656 0.3112793
vn 0.3112793 0.78222656 0.5390625
vn -0.6225586 0.78222656 0
vn 0.5390625 0.78222656 0.3112793
vn -0.6225586 0.78222656 0
vn 0.5390625 0.78222656 0.3112793
vn -0.5390625 0.78222656 -0.3112793
vn 0.6225586 0.78222656 0
vn -0.5390625 0.78222656 -0.3112793
vn 0.6225586 0.78222656 0
vn -0.3112793 0.78222656 -0.5390625
vn 0.5390625 0.78222656 -0.3112793
vn -0.3112793 0.78222656 -0.5390625
vn 0.5390625 0.78222656 -0.3112793
vn -0 0.78222656 -0.6225586
vn 0.3112793 0.78222656 -0.5390625
vn -0 0.78222656 -0.6225586
vn 0.3112793 0.78222656 -0.5390625
g GuardTower_1_4_0
f 3/3/3 2/2/2 1/1/1
f 6/6/6 5/5/5 4/4/4
f 9/9/9 8/8/8 7/7/7
f 12/12/12 11/11/11 10/10/10
f 15/15/15 14/14/14 13/13/13
f 18/18/18 17/17/17 16/16/16
f 19/19/19 18/18/18 16/16/16
f 16/16/16 20/20/20 19/19/19
f 23/23/23 22/22/22 21/21/21
f 24/24/24 23/23/23 21/21/21
f 27/27/27 26/26/26 25/25/25
f 28/28/28 27/27/27 25/25/25
f 31/31/31 30/30/30 29/29/29
f 32/32/32 31/31/31 29/29/29
f 35/35/35 34/34/34 33/33/33
f 36/36/36 35/35/35 33/33/33
f 39/39/39 38/38/38 37/37/37
f 40/40/40 39/39/39 37/37/37
f 43/43/43 42/42/42 41/41/41
f 44/44/44 43/43/43 41/41/41
f 47/47/47 46/46/46 45/45/45
f 48/48/48 47/47/47 45/45/45
f 51/51/51 50/50/50 49/49/49
f 50/50/50 52/52/52 49/49/49
f 53/53/53 52/52/52 50/50/50
f 54/54/54 53/53/53 50/50/50
f 55/55/55 53/53/53 54/54/54
f 56/56/56 55/55/55 54/54/54
f 59/59/59 58/58/58 57/57/57
f 60/60/60 59/59/59 57/57/57
f 63/63/63 62/62/62 61/61/61
f 64/64/64 63/63/63 61/61/61
f 67/67/67 66/66/66 65/65/65
f 68/68/68 67/67/67 65/65/65
f 71/71/71 70/70/70 69/69/69
f 72/72/72 71/71/71 69/69/69
f 75/75/75 74/74/74 73/73/73
f 76/76/76 75/75/75 73/73/73
f 79/79/79 78/78/78 77/77/77
f 80/80/80 79/79/79 77/77/77
f 81/81/81 79/79/79 80/80/80
f 84/84/84 83/83/83 82/82/82
f 85/85/85 84/84/84 82/82/82
f 88/88/88 87/87/87 86/86/86
f 89/89/89 88/88/88 86/86/86
f 92/92/92 91/91/91 90/90/90
f 93/93/93 92/92/92 90/90/90
f 96/96/96 95/95/95 94/94/94
f 97/97/97 96/96/96 94/94/94
f 100/100/100 99/99/99 98/98/98
f 101/101/101 100/100/100 98/98/98
f 104/104/104 103/103/103 102/102/102
f 105/105/105 104/104/104 102/102/102
f 108/108/108 107/107/107 106/106/106
f 109/109/109 108/108/108 106/106/106
f 112/112/112 111/111/111 110/110/110
f 113/113/113 112/112/112 110/110/110
f 112/112/112 113/113/113 114/114/114
f 115/115/115 112/112/112 114/114/114
f 115/115/115 114/114/114 116/116/116
f 117/117/117 115/115/115 116/116/116
f 120/120/120 119/119/119 118/118/118
f 121/121/121 120/120/120 118/118/118
f 124/124/124 123/123/123 122/122/122
f 125/125/125 124/124/124 122/122/122
f 128/128/128 127/127/127 126/126/126
f 129/129/129 128/128/128 126/126/126
f 132/132/132 131/131/131 130/130/130
f 133/133/133 132/132/132 130/130/130
f 136/136/136 135/135/135 134/134/134
f 137/137/137 136/136/136 134/134/134
f 140/140/140 139/139/139 138/138/138
f 141/141/141 140/140/140 138/138/138
f 142/142/142 140/140/140 141/141/141
f 145/145/145 144/144/144 143/143/143
f 146/146/146 145/145/145 143/143/143
f 149/149/149 148/148/148 147/147/147
f 150/150/150 149/149/149 147/147/147
f 153/153/153 152/152/152 151/151/151
f 154/154/154 153/153/153 151/151/151
f 157/157/157 156/156/156 155/155/155
f 158/158/158 157/157/157 155/155/155
f 161/161/161 160/160/160 159/159/159
f 162/162/162 161/161/161 159/159/159
f 165/165/165 164/164/164 163/163/163
f 166/166/166 165/165/165 163/163/163
f 169/169/169 168/168/168 167/167/167
f 170/170/170 169/169/169 167/167/167
f 173/173/173 172/172/172 171/171/171
f 174/174/174 173/173/173 171/171/171
f 177/177/177 176/176/176 175/175/175
f 178/178/178 177/177/177 175/175/175
f 175/175/175 179/179/179 178/178/178
f 182/182/182 181/181/181 180/180/180
f 183/183/183 182/182/182 180/180/180
f 186/186/186 185/185/185 184/184/184
f 187/187/187 186/186/186 184/184/184
f 190/190/190 189/189/189 188/188/188
f 191/191/191 190/190/190 188/188/188
f 194/194/194 193/193/193 192/192/192
f 195/195/195 194/194/194 192/192/192
f 198/198/198 197/197/197 196/196/196
f 199/199/199 198/198/198 196/196/196
f 202/202/202 201/201/201 200/200/200
f 203/203/203 202/202/202 200/200/200
f 206/206/206 205/205/205 204/204/204
f 207/207/207 206/206/206 204/204/204
f 210/210/210 209/209/209 208/208/208
f 211/211/211 210/210/210 208/208/208
f 214/214/214 213/213/213 212/212/212
f 215/215/215 214/214/214 212/212/212
f 216/216/216 214/214/214 215/215/215
f 219/219/219 218/218/218 217/217/217
f 220/220/220 219/219/219 217/217/217
f 223/223/223 222/222/222 221/221/221
f 224/224/224 223/223/223 221/221/221
f 227/227/227 226/226/226 225/225/225
f 228/228/228 227/227/227 225/225/225
f 231/231/231 230/230/230 229/229/229
f 232/232/232 231/231/231 229/229/229
f 235/235/235 234/234/234 233/233/233
f 236/236/236 235/235/235 233/233/233
f 239/239/239 238/238/238 237/237/237
f 240/240/240 239/239/239 237/237/237
f 243/243/243 242/242/242 241/241/241
f 244/244/244 243/243/243 241/241/241
f 247/247/247 246/246/246 245/245/245
f 248/248/248 247/247/247 245/245/245
f 251/251/251 250/250/250 249/249/249
f 252/252/252 251/251/251 249/249/249
f 249/249/249 253/253/253 252/252/252
f 256/256/256 255/255/255 254/254/254
f 257/257/257 256/256/256 254/254/254
f 260/260/260 259/259/259 258/258/258
f 261/261/261 260/260/260 258/258/258
f 264/264/264 263/263/263 262/262/262
f 265/265/265 264/264/264 262/262/262
f 268/268/268 267/267/267 266/266/266
f 269/269/269 268/268/268 266/266/266
f 272/272/272 271/271/271 270/270/270
f 273/273/273 272/272/272 270/270/270
f 276/276/276 275/275/275 274/274/274
f 277/277/277 276/276/276 274/274/274
f 280/280/280 279/279/279 278/278/278
f 281/281/281 280/280/280 278/278/278
f 284/284/284 283/283/283 282/282/282
f 285/285/285 284/284/284 282/282/282
f 288/288/288 287/287/287 286/286/286
f 289/289/289 288/288/288 286/286/286
f 286/286/286 290/290/290 289/289/289
f 293/293/293 292/292/292 291/291/291
f 294/294/294 293/293/293 291/291/291
f 297/297/297 296/296/296 295/295/295
f 298/298/298 297/297/297 295/295/295
f 301/301/301 300/300/300 299/299/299
f 302/302/302 301/301/301 299/299/299
f 305/305/305 304/304/304 303/303/303
f 306/306/306 305/305/305 303/303/303
f 309/309/309 308/308/308 307/307/307
f 310/310/310 309/309/309 307/307/307
f 313/313/313 312/312/312 311/311/311
f 314/314/314 313/313/313 311/311/311
f 317/317/317 316/316/316 315/315/315
f 318/318/318 317/317/317 315/315/315
f 321/321/321 320/320/320 319/319/319
f 320/320/320 322/322/322 319/319/319
f 323/323/323 322/322/322 320/320/320
f 324/324/324 323/323/323 320/320/320
f 325/325/325 323/323/323 324/324/324
f 326/326/326 325/325/325 324/324/324
f 329/329/329 328/328/328 327/327/327
f 330/330/330 329/329/329 327/327/327
f 333/333/333 332/332/332 331/331/331
f 334/334/334 333/333/333 331/331/331
f 337/337/337 336/336/336 335/335/335
f 338/338/338 337/337/337 335/335/335
f 341/341/341 340/340/340 339/339/339
f 342/342/342 341/341/341 339/339/339
f 345/345/345 344/344/344 343/343/343
f 346/346/346 345/345/345 343/343/343
f 349/349/349 348/348/348 347/347/347
f 350/350/350 349/349/349 347/347/347
f 351/351/351 349/349/349 350/350/350
f 354/354/354 353/353/353 352/352/352
f 355/355/355 354/354/354 352/352/352
f 358/358/358 357/357/357 356/356/356
f 359/359/359 358/358/358 356/356/356
f 362/362/362 361/361/361 360/360/360
f 363/363/363 362/362/362 360/360/360
f 366/366/366 365/365/365 364/364/364
f 367/367/367 366/366/366 364/364/364
f 370/370/370 369/369/369 368/368/368
f 371/371/371 370/370/370 368/368/368
f 374/374/374 373/373/373 372/372/372
f 375/375/375 374/374/374 372/372/372
f 378/378/378 377/377/377 376/376/376
f 379/379/379 378/378/378 376/376/376
f 382/382/382 381/381/381 380/380/380
f 383/383/383 382/382/382 380/380/380
f 382/382/382 383/383/383 384/384/384
f 385/385/385 382/382/382 384/384/384
f 385/385/385 384/384/384 386/386/386
f 387/387/387 385/385/385 386/386/386
f 390/390/390 389/389/389 388/388/388
f 391/391/391 390/390/390 388/388/388
f 394/394/394 393/393/393 392/392/392
f 395/395/395 394/394/394 392/392/392
f 398/398/398 397/397/397 396/396/396
f 399/399/399 398/398/398 396/396/396
f 402/402/402 401/401/401 400/400/400
f 403/403/403 402/402/402 400/400/400
f 406/406/406 405/405/405 404/404/404
f 407/407/407 406/406/406 404/404/404
f 410/410/410 409/409/409 408/408/408
f 411/411/411 410/410/410 408/408/408
f 408/408/408 412/412/412 411/411/411
f 415/415/415 414/414/414 413/413/413
f 416/416/416 415/415/415 413/413/413
f 419/419/419 418/418/418 417/417/417
f 420/420/420 419/419/419 417/417/417
f 423/423/423 422/422/422 421/421/421
f 424/424/424 423/423/423 421/421/421
f 427/427/427 426/426/426 425/425/425
f 428/428/428 427/427/427 425/425/425
f 431/431/431 430/430/430 429/429/429
f 432/432/432 431/431/431 429/429/429
f 435/435/435 434/434/434 433/433/433
f 436/436/436 435/435/435 433/433/433
f 435/435/435 436/436/436 437/437/437
f 438/438/438 435/435/435 437/437/437
f 439/439/439 438/438/438 437/437/437
f 440/440/440 439/439/439 437/437/437
f 443/443/443 442/442/442 441/441/441
f 444/444/444 443/443/443 441/441/441
f 445/445/445 443/443/443 444/444/444
f 448/448/448 447/447/447 446/446/446
f 449/449/449 448/448/448 446/446/446
f 452/452/452 451/451/451 450/450/450
f 453/453/453 452/452/452 450/450/450
f 456/456/456 455/455/455 454/454/454
f 457/457/457 456/456/456 454/454/454
f 460/460/460 459/459/459 458/458/458
f 461/461/461 460/460/460 458/458/458
f 464/464/464 463/463/463 462/462/462
f 465/465/465 464/464/464 462/462/462
f 464/464/464 465/465/465 466/466/466
f 467/467/467 464/464/464 466/466/466
f 467/467/467 466/466/466 468/468/468
f 469/469/469 467/467/467 468/468/468
f 472/472/472 471/471/471 470/470/470
f 473/473/473 472/472/472 470/470/470
f 476/476/476 475/475/475 474/474/474
f 477/477/477 476/476/476 474/474/474
f 480/480/480 479/479/479 478/478/478
f 481/481/481 480/480/480 478/478/478
f 484/484/484 483/483/483 482/482/482
f 485/485/485 484/484/484 482/482/482
f 488/488/488 487/487/487 486/486/486
f 489/489/489 488/488/488 486/486/486
f 492/492/492 491/491/491 490/490/490
f 493/493/493 492/492/492 490/490/490
f 496/496/496 495/495/495 494/494/494
f 497/497/497 496/496/496 494/494/494
f 500/500/500 499/499/499 498/498/498
f 501/501/501 500/500/500 498/498/498
f 504/504/504 503/503/503 502/502/502
f 505/505/505 504/504/504 502/502/502
f 508/508/508 507/507/507 506/506/506
f 509/509/509 508/508/508 506/506/506
f 512/512/512 511/511/511 510/510/510
f 513/513/513 512/512/512 510/510/510
f 516/516/516 515/515/515 514/514/514
f 517/517/517 516/516/516 514/514/514
f 520/520/520 519/519/519 518/518/518
f 519/519/519 521/521/521 518/518/518
f 518/518/518 521/521/521 522/522/522
f 521/521/521 523/523/523 522/522/522
f 522/522/522 523/523/523 524/524/524
f 523/523/523 525/525/525 524/524/524
f 528/528/528 527/527/527 526/526/526
f 527/527/527 529/529/529 526/526/526
f 526/526/526 529/529/529 530/530/530
f 529/529/529 531/531/531 530/530/530
f 530/530/530 531/531/531 532/532/532
f 531/531/531 533/533/533 532/532/532
f 536/536/536 535/535/535 534/534/534
f 535/535/535 537/537/537 534/534/534
f 534/534/534 537/537/537 538/538/538
f 537/537/537 539/539/539 538/538/538
f 538/538/538 539/539/539 540/540/540
f 539/539/539 541/541/541 540/540/540
f 544/544/544 543/543/543 542/542/542
f 543/543/543 545/545/545 542/542/542
f 542/542/542 545/545/545 546/546/546
f 545/545/545 547/547/547 546/546/546
f 546/546/546 547/547/547 548/548/548
f 547/547/547 549/549/549 548/548/548
f 552/552/552 551/551/551 550/550/550
f 551/551/551 553/553/553 550/550/550
f 550/550/550 553/553/553 554/554/554
f 553/553/553 555/555/555 554/554/554
f 554/554/554 555/555/555 556/556/556
f 555/555/555 557/557/557 556/556/556
f 560/560/560 559/559/559 558/558/558
f 559/559/559 561/561/561 558/558/558
f 559/559/559 562/562/562 561/561/561
f 562/562/562 563/563/563 561/561/561
f 562/562/562 564/564/564 563/563/563
f 564/564/564 565/565/565 563/563/563
f 568/568/568 567/567/567 566/566/566
f 569/569/569 568/568/568 566/566/566
f 572/572/572 571/571/571 570/570/570
f 573/573/573 572/572/572 570/570/570
f 576/576/576 575/575/575 574/574/574
f 577/577/577 576/576/576 574/574/574
f 580/580/580 579/579/579 578/578/578
f 581/581/581 580/580/580 578/578/578
f 584/584/584 583/583/583 582/582/582
f 585/585/585 584/584/584 582/582/582
f 588/588/588 587/587/587 586/586/586
f 589/589/589 588/588/588 586/586/586
f 592/592/592 591/591/591 590/590/590
f 593/593/593 592/592/592 590/590/590
f 596/596/596 595/595/595 594/594/594
f 597/597/597 596/596/596 594/594/594
f 600/600/600 599/599/599 598/598/598
f 601/601/601 600/600/600 598/598/598
f 604/604/604 603/603/603 602/602/602
f 605/605/605 604/604/604 602/602/602
f 608/608/608 607/607/607 606/606/606
f 609/609/609 608/608/608 606/606/606
f 612/612/612 611/611/611 610/610/610
f 613/613/613 612/612/612 610/610/610
f 616/616/616 615/615/615 614/614/614
f 617/617/617 616/616/616 614/614/614
f 620/620/620 619/619/619 618/618/618
f 621/621/621 620/620/620 618/618/618
f 624/624/624 623/623/623 622/622/622
f 625/625/625 624/624/624 622/622/622
f 628/628/628 627/627/627 626/626/626
f 629/629/629 628/628/628 626/626/626
f 632/632/632 631/631/631 630/630/630
f 633/633/633 632/632/632 630/630/630
f 636/636/636 635/635/635 634/634/634
f 637/637/637 636/636/636 634/634/634
f 640/640/640 639/639/639 638/638/638
f 641/641/641 640/640/640 638/638/638
f 644/644/644 643/643/643 642/642/642
f 645/645/645 644/644/644 642/642/642
f 648/648/648 647/647/647 646/646/646
f 649/649/649 648/648/648 646/646/646
f 652/652/652 651/651/651 650/650/650
f 653/653/653 652/652/652 650/650/650
f 656/656/656 655/655/655 654/654/654
f 657/657/657 656/656/656 654/654/654
f 660/660/660 659/659/659 658/658/658
f 661/661/661 660/660/660 658/658/658
f 664/664/664 663/663/663 662/662/662
f 665/665/665 664/664/664 662/662/662
f 668/668/668 667/667/667 666/666/666
f 669/669/669 668/668/668 666/666/666
f 672/672/672 671/671/671 670/670/670
f 673/673/673 672/672/672 670/670/670
f 676/676/676 675/675/675 674/674/674
f 677/677/677 676/676/676 674/674/674
f 680/680/680 679/679/679 678/678/678
f 681/681/681 680/680/680 678/678/678
f 684/684/684 683/683/683 682/682/682
f 685/685/685 684/684/684 682/682/682
f 688/688/688 687/687/687 686/686/686
f 689/689/689 688/688/688 686/686/686
f 692/692/692 691/691/691 690/690/690
f 693/693/693 692/692/692 690/690/690
f 696/696/696 695/695/695 694/694/694
f 697/697/697 696/696/696 694/694/694
f 700/700/700 699/699/699 698/698/698
f 701/701/701 700/700/700 698/698/698
f 704/704/704 703/703/703 702/702/702
f 705/705/705 704/704/704 702/702/702
f 708/708/708 707/707/707 706/706/706
f 709/709/709 708/708/708 706/706/706
f 712/712/712 711/711/711 710/710/710
f 713/713/713 712/712/712 710/710/710
f 716/716/716 715/715/715 714/714/714
f 717/717/717 716/716/716 714/714/714
f 720/720/720 719/719/719 718/718/718
f 721/721/721 720/720/720 718/718/718
f 724/724/724 723/723/723 722/722/722
f 725/725/725 724/724/724 722/722/722
f 728/728/728 727/727/727 726/726/726
f 729/729/729 728/728/728 726/726/726
f 732/732/732 731/731/731 730/730/730
f 733/733/733 732/732/732 730/730/730
f 736/736/736 735/735/735 734/734/734
f 737/737/737 736/736/736 734/734/734
f 740/740/740 739/739/739 738/738/738
f 741/741/741 740/740/740 738/738/738
f 744/744/744 743/743/743 742/742/742
f 745/745/745 744/744/744 742/742/742
f 748/748/748 747/747/747 746/746/746
f 749/749/749 748/748/748 746/746/746
f 752/752/752 751/751/751 750/750/750
f 753/753/753 752/752/752 750/750/750
f 756/756/756 755/755/755 754/754/754
f 757/757/757 756/756/756 754/754/754
f 760/760/760 759/759/759 758/758/758
f 761/761/761 760/760/760 758/758/758
f 764/764/764 763/763/763 762/762/762
f 765/765/765 764/764/764 762/762/762
f 768/768/768 767/767/767 766/766/766
f 769/769/769 768/768/768 766/766/766
f 772/772/772 771/771/771 770/770/770
f 773/773/773 772/772/772 770/770/770
f 776/776/776 775/775/775 774/774/774
f 777/777/777 776/776/776 774/774/774
f 780/780/780 779/779/779 778/778/778
f 781/781/781 780/780/780 778/778/778
f 784/784/784 783/783/783 782/782/782
f 785/785/785 784/784/784 782/782/782
f 788/788/788 787/787/787 786/786/786
f 789/789/789 788/788/788 786/786/786
f 792/792/792 791/791/791 790/790/790
f 793/793/793 792/792/792 790/790/790
f 796/796/796 795/795/795 794/794/794
f 797/797/797 796/796/796 794/794/794
f 800/800/800 799/799/799 798/798/798
f 801/801/801 800/800/800 798/798/798
f 804/804/804 803/803/803 802/802/802
f 805/805/805 804/804/804 802/802/802
f 808/808/808 807/807/807 806/806/806
f 809/809/809 808/808/808 806/806/806
f 812/812/812 811/811/811 810/810/810
f 813/813/813 812/812/812 810/810/810
f 816/816/816 815/815/815 814/814/814
f 817/817/817 816/816/816 814/814/814
f 820/820/820 819/819/819 818/818/818
f 821/821/821 820/820/820 818/818/818
f 824/824/824 823/823/823 822/822/822
f 825/825/825 824/824/824 822/822/822
f 828/828/828 827/827/827 826/826/826
f 829/829/829 828/828/828 826/826/826
f 832/832/832 831/831/831 830/830/830
f 833/833/833 832/832/832 830/830/830
f 836/836/836 835/835/835 834/834/834
f 837/837/837 836/836/836 834/834/834
f 840/840/840 839/839/839 838/838/838
f 841/841/841 840/840/840 838/838/838
f 844/844/844 843/843/843 842/842/842
f 845/845/845 844/844/844 842/842/842
f 848/848/848 847/847/847 846/846/846
f 849/849/849 848/848/848 846/846/846
f 852/852/852 851/851/851 850/850/850
f 853/853/853 852/852/852 850/850/850
f 856/856/856 855/855/855 854/854/854
f 857/857/857 856/856/856 854/854/854
f 860/860/860 859/859/859 858/858/858
f 861/861/861 860/860/860 858/858/858
f 864/864/864 863/863/863 862/862/862
f 865/865/865 864/864/864 862/862/862
f 868/868/868 867/867/867 866/866/866
f 869/869/869 868/868/868 866/866/866
f 872/872/872 871/871/871 870/870/870
f 873/873/873 872/872/872 870/870/870
f 876/876/876 875/875/875 874/874/874
f 877/877/877 876/876/876 874/874/874
f 880/880/880 879/879/879 878/878/878
f 881/881/881 880/880/880 878/878/878
f 884/884/884 883/883/883 882/882/882
f 885/885/885 884/884/884 882/882/882
f 888/888/888 887/887/887 886/886/886
f 889/889/889 888/888/888 886/886/886
f 892/892/892 891/891/891 890/890/890
f 893/893/893 892/892/892 890/890/890
f 896/896/896 895/895/895 894/894/894
f 897/897/897 896/896/896 894/894/894
f 900/900/900 899/899/899 898/898/898
f 901/901/901 900/900/900 898/898/898
f 904/904/904 903/903/903 902/902/902
f 905/905/905 904/904/904 902/902/902
f 908/908/908 907/907/907 906/906/906
f 909/909/909 908/908/908 906/906/906
f 912/912/912 911/911/911 910/910/910
f 913/913/913 912/912/912 910/910/910
f 916/916/916 915/915/915 914/914/914
f 917/917/917 916/916/916 914/914/914
f 920/920/920 919/919/919 918/918/918
f 921/921/921 920/920/920 918/918/918
f 924/924/924 923/923/923 922/922/922
f 925/925/925 924/924/924 922/922/922
f 928/928/928 927/927/927 926/926/926
f 929/929/929 928/928/928 926/926/926
f 932/932/932 931/931/931 930/930/930
f 933/933/933 932/932/932 930/930/930
f 936/936/936 935/935/935 934/934/934
f 937/937/937 936/936/936 934/934/934
f 940/940/940 939/939/939 938/938/938
f 941/941/941 940/940/940 938/938/938
f 944/944/944 943/943/943 942/942/942
f 945/945/945 944/944/944 942/942/942
f 948/948/948 947/947/947 946/946/946
f 949/949/949 948/948/948 946/946/946
f 952/952/952 951/951/951 950/950/950
f 953/953/953 952/952/952 950/950/950
f 956/956/956 955/955/955 954/954/954
f 957/957/957 956/956/956 954/954/954
f 960/960/960 959/959/959 958/958/958
f 961/961/961 960/960/960 958/958/958
f 964/964/964 963/963/963 962/962/962
f 965/965/965 964/964/964 962/962/962
f 968/968/968 967/967/967 966/966/966
f 969/969/969 968/968/968 966/966/966
f 972/972/972 971/971/971 970/970/970
f 973/973/973 972/972/972 970/970/970
f 976/976/976 975/975/975 974/974/974
f 977/977/977 976/976/976 974/974/974
f 980/980/980 979/979/979 978/978/978
f 981/981/981 980/980/980 978/978/978
f 984/984/984 983/983/983 982/982/982
f 985/985/985 984/984/984 982/982/982
f 988/988/988 987/987/987 986/986/986
f 989/989/989 988/988/988 986/986/986
f 992/992/992 991/991/991 990/990/990
f 993/993/993 992/992/992 990/990/990
f 996/996/996 995/995/995 994/994/994
f 997/997/997 996/996/996 994/994/994
f 1000/1000/1000 999/999/999 998/998/998
f 1001/1001/1001 1000/1000/1000 998/998/998
f 1004/1004/1004 1003/1003/1003 1002/1002/1002
f 1005/1005/1005 1004/1004/1004 1002/1002/1002
f 1008/1008/1008 1007/1007/1007 1006/1006/1006
f 1009/1009/1009 1008/1008/1008 1006/1006/1006
f 1012/1012/1012 1011/1011/1011 1010/1010/1010
f 1013/1013/1013 1012/1012/1012 1010/1010/1010
f 1016/1016/1016 1015/1015/1015 1014/1014/1014
f 1017/1017/1017 1016/1016/1016 1014/1014/1014
f 1020/1020/1020 1019/1019/1019 1018/1018/1018
f 1021/1021/1021 1020/1020/1020 1018/1018/1018
f 1024/1024/1024 1023/1023/1023 1022/1022/1022
f 1025/1025/1025 1024/1024/1024 1022/1022/1022
f 1028/1028/1028 1027/1027/1027 1026/1026/1026
f 1029/1029/1029 1028/1028/1028 1026/1026/1026
f 1032/1032/1032 1031/1031/1031 1030/1030/1030
f 1033/1033/1033 1032/1032/1032 1030/1030/1030
f 1036/1036/1036 1035/1035/1035 1034/1034/1034
f 1037/1037/1037 1036/1036/1036 1034/1034/1034
f 1040/1040/1040 1039/1039/1039 1038/1038/1038
f 1041/1041/1041 1040/1040/1040 1038/1038/1038
f 1044/1044/1044 1043/1043/1043 1042/1042/1042
f 1045/1045/1045 1044/1044/1044 1042/1042/1042
f 1048/1048/1048 1047/1047/1047 1046/1046/1046
f 1047/1047/1047 1049/1049/1049 1046/1046/1046
f 1050/1050/1050 1046/1046/1046 1049/1049/1049
f 1050/1050/1050 1049/1049/1049 1051/1051/1051
f 1052/1052/1052 1050/1050/1050 1051/1051/1051
f 1055/1055/1055 1054/1054/1054 1053/1053/1053
f 1056/1056/1056 1055/1055/1055 1053/1053/1053
f 1057/1057/1057 1056/1056/1056 1053/1053/1053
f 1058/1058/1058 1057/1057/1057 1053/1053/1053
f 1061/1061/1061 1060/1060/1060 1059/1059/1059
f 1062/1062/1062 1061/1061/1061 1059/1059/1059
f 1065/1065/1065 1064/1064/1064 1063/1063/1063
f 1066/1066/1066 1065/1065/1065 1063/1063/1063
f 1066/1066/1066 1063/1063/1063 1067/1067/1067
f 1068/1068/1068 1066/1066/1066 1067/1067/1067
f 1069/1069/1069 1068/1068/1068 1067/1067/1067
f 1070/1070/1070 1069/1069/1069 1067/1067/1067
f 1073/1073/1073 1072/1072/1072 1071/1071/1071
f 1074/1074/1074 1073/1073/1073 1071/1071/1071
f 1077/1077/1077 1076/1076/1076 1075/1075/1075
f 1076/1076/1076 1078/1078/1078 1075/1075/1075
f 1079/1079/1079 1075/1075/1075 1078/1078/1078
f 1079/1079/1079 1078/1078/1078 1080/1080/1080
f 1081/1081/1081 1079/1079/1079 1080/1080/1080
f 1084/1084/1084 1083/1083/1083 1082/1082/1082
f 1085/1085/1085 1084/1084/1084 1082/1082/1082
f 1086/1086/1086 1085/1085/1085 1082/1082/1082
f 1087/1087/1087 1086/1086/1086 1082/1082/1082
f 1090/1090/1090 1089/1089/1089 1088/1088/1088
f 1091/1091/1091 1090/1090/1090 1088/1088/1088
f 1094/1094/1094 1093/1093/1093 1092/1092/1092
f 1095/1095/1095 1094/1094/1094 1092/1092/1092
f 1098/1098/1098 1097/1097/1097 1096/1096/1096
f 1097/1097/1097 1099/1099/1099 1096/1096/1096
f 1100/1100/1100 1096/1096/1096 1099/1099/1099
f 1100/1100/1100 1099/1099/1099 1101/1101/1101
f 1102/1102/1102 1100/1100/1100 1101/1101/1101
f 1105/1105/1105 1104/1104/1104 1103/1103/1103
f 1106/1106/1106 1105/1105/1105 1103/1103/1103
f 1107/1107/1107 1106/1106/1106 1103/1103/1103
f 1108/1108/1108 1107/1107/1107 1103/1103/1103
f 1111/1111/1111 1110/1110/1110 1109/1109/1109
f 1112/1112/1112 1111/1111/1111 1109/1109/1109
f 1115/1115/1115 1114/1114/1114 1113/1113/1113
f 1116/1116/1116 1115/1115/1115 1113/1113/1113
f 1116/1116/1116 1113/1113/1113 1117/1117/1117
f 1118/1118/1118 1116/1116/1116 1117/1117/1117
f 1119/1119/1119 1118/1118/1118 1117/1117/1117
f 1120/1120/1120 1119/1119/1119 1117/1117/1117
f 1123/1123/1123 1122/1122/1122 1121/1121/1121
f 1124/1124/1124 1123/1123/1123 1121/1121/1121
f 1127/1127/1127 1126/1126/1126 1125/1125/1125
f 1126/1126/1126 1128/1128/1128 1125/1125/1125
f 1129/1129/1129 1125/1125/1125 1128/1128/1128
f 1129/1129/1129 1128/1128/1128 1130/1130/1130
f 1131/1131/1131 1129/1129/1129 1130/1130/1130
f 1134/1134/1134 1133/1133/1133 1132/1132/1132
f 1135/1135/1135 1134/1134/1134 1132/1132/1132
f 1136/1136/1136 1135/1135/1135 1132/1132/1132
f 1137/1137/1137 1136/1136/1136 1132/1132/1132
f 1140/1140/1140 1139/1139/1139 1138/1138/1138
f 1141/1141/1141 1140/1140/1140 1138/1138/1138
f 1144/1144/1144 1143/1143/1143 1142/1142/1142
f 1145/1145/1145 1144/1144/1144 1142/1142/1142
f 1145/1145/1145 1142/1142/1142 1146/1146/1146
f 1147/1147/1147 1145/1145/1145 1146/1146/1146
f 1148/1148/1148 1147/1147/1147 1146/1146/1146
f 1149/1149/1149 1148/1148/1148 1146/1146/1146
f 1152/1152/1152 1151/1151/1151 1150/1150/1150
f 1153/1153/1153 1152/1152/1152 1150/1150/1150
f 1156/1156/1156 1155/1155/1155 1154/1154/1154
f 1157/1157/1157 1156/1156/1156 1154/1154/1154
f 1160/1160/1160 1159/1159/1159 1158/1158/1158
f 1161/1161/1161 1160/1160/1160 1158/1158/1158
f 1164/1164/1164 1163/1163/1163 1162/1162/1162
f 1165/1165/1165 1164/1164/1164 1162/1162/1162
f 1168/1168/1168 1167/1167/1167 1166/1166/1166
f 1166/1166/1166 1169/1169/1169 1168/1168/1168
f 1166/1166/1166 1170/1170/1170 1169/1169/1169
f 1173/1173/1173 1172/1172/1172 1171/1171/1171
f 1174/1174/1174 1173/1173/1173 1171/1171/1171
f 1175/1175/1175 1174/1174/1174 1171/1171/1171
f 1176/1176/1176 1175/1175/1175 1171/1171/1171
f 1179/1179/1179 1178/1178/1178 1177/1177/1177
f 1180/1180/1180 1179/1179/1179 1177/1177/1177
f 1183/1183/1183 1182/1182/1182 1181/1181/1181
f 1184/1184/1184 1183/1183/1183 1181/1181/1181
f 1187/1187/1187 1186/1186/1186 1185/1185/1185
f 1185/1185/1185 1188/1188/1188 1187/1187/1187
f 1185/1185/1185 1189/1189/1189 1188/1188/1188
f 1192/1192/1192 1191/1191/1191 1190/1190/1190
f 1193/1193/1193 1192/1192/1192 1190/1190/1190
f 1194/1194/1194 1193/1193/1193 1190/1190/1190
f 1195/1195/1195 1194/1194/1194 1190/1190/1190
f 1198/1198/1198 1197/1197/1197 1196/1196/1196
f 1199/1199/1199 1198/1198/1198 1196/1196/1196
f 1202/1202/1202 1201/1201/1201 1200/1200/1200
f 1203/1203/1203 1202/1202/1202 1200/1200/1200
f 1206/1206/1206 1205/1205/1205 1204/1204/1204
f 1207/1207/1207 1206/1206/1206 1204/1204/1204
f 1210/1210/1210 1209/1209/1209 1208/1208/1208
f 1211/1211/1211 1210/1210/1210 1208/1208/1208
f 1214/1214/1214 1213/1213/1213 1212/1212/1212
f 1215/1215/1215 1214/1214/1214 1212/1212/1212
f 1218/1218/1218 1217/1217/1217 1216/1216/1216
f 1219/1219/1219 1218/1218/1218 1216/1216/1216
f 1222/1222/1222 1221/1221/1221 1220/1220/1220
f 1221/1221/1221 1223/1223/1223 1220/1220/1220
f 1224/1224/1224 1220/1220/1220 1223/1223/1223
f 1224/1224/1224 1223/1223/1223 1225/1225/1225
f 1226/1226/1226 1224/1224/1224 1225/1225/1225
f 1229/1229/1229 1228/1228/1228 1227/1227/1227
f 1230/1230/1230 1229/1229/1229 1227/1227/1227
f 1231/1231/1231 1230/1230/1230 1227/1227/1227
f 1232/1232/1232 1231/1231/1231 1227/1227/1227
f 1235/1235/1235 1234/1234/1234 1233/1233/1233
f 1236/1236/1236 1235/1235/1235 1233/1233/1233
f 1239/1239/1239 1238/1238/1238 1237/1237/1237
f 1240/1240/1240 1239/1239/1239 1237/1237/1237
f 1240/1240/1240 1237/1237/1237 1241/1241/1241
f 1242/1242/1242 1240/1240/1240 1241/1241/1241
f 1243/1243/1243 1242/1242/1242 1241/1241/1241
f 1244/1244/1244 1243/1243/1243 1241/1241/1241
f 1247/1247/1247 1246/1246/1246 1245/1245/1245
f 1248/1248/1248 1247/1247/1247 1245/1245/1245
f 1251/1251/1251 1250/1250/1250 1249/1249/1249
f 1250/1250/1250 1252/1252/1252 1249/1249/1249
f 1253/1253/1253 1249/1249/1249 1252/1252/1252
f 1253/1253/1253 1252/1252/1252 1254/1254/1254
f 1255/1255/1255 1253/1253/1253 1254/1254/1254
f 1258/1258/1258 1257/1257/1257 1256/1256/1256
f 1259/1259/1259 1258/1258/1258 1256/1256/1256
f 1262/1262/1262 1261/1261/1261 1260/1260/1260
f 1263/1263/1263 1262/1262/1262 1260/1260/1260
f 1263/1263/1263 1260/1260/1260 1264/1264/1264
f 1265/1265/1265 1263/1263/1263 1264/1264/1264
f 1266/1266/1266 1265/1265/1265 1264/1264/1264
f 1267/1267/1267 1266/1266/1266 1264/1264/1264
f 1270/1270/1270 1269/1269/1269 1268/1268/1268
f 1271/1271/1271 1270/1270/1270 1268/1268/1268
f 1274/1274/1274 1273/1273/1273 1272/1272/1272
f 1275/1275/1275 1274/1274/1274 1272/1272/1272
f 1278/1278/1278 1277/1277/1277 1276/1276/1276
f 1279/1279/1279 1278/1278/1278 1276/1276/1276
f 1282/1282/1282 1281/1281/1281 1280/1280/1280
f 1283/1283/1283 1282/1282/1282 1280/1280/1280
f 1286/1286/1286 1285/1285/1285 1284/1284/1284
f 1287/1287/1287 1286/1286/1286 1284/1284/1284
f 1290/1290/1290 1289/1289/1289 1288/1288/1288
f 1291/1291/1291 1290/1290/1290 1288/1288/1288
f 1294/1294/1294 1293/1293/1293 1292/1292/1292
f 1295/1295/1295 1294/1294/1294 1292/1292/1292
f 1298/1298/1298 1297/1297/1297 1296/1296/1296
f 1299/1299/1299 1298/1298/1298 1296/1296/1296
f 1302/1302/1302 1301/1301/1301 1300/1300/1300
f 1303/1303/1303 1302/1302/1302 1300/1300/1300
f 1306/1306/1306 1305/1305/1305 1304/1304/1304
f 1307/1307/1307 1306/1306/1306 1304/1304/1304
f 1310/1310/1310 1309/1309/1309 1308/1308/1308
f 1311/1311/1311 1310/1310/1310 1308/1308/1308
f 1314/1314/1314 1313/1313/1313 1312/1312/1312
f 1315/1315/1315 1314/1314/1314 1312/1312/1312
f 1318/1318/1318 1317/1317/1317 1316/1316/1316
f 1319/1319/1319 1318/1318/1318 1316/1316/1316
f 1322/1322/1322 1321/1321/1321 1320/1320/1320
f 1323/1323/1323 1322/1322/1322 1320/1320/1320
f 1326/1326/1326 1325/1325/1325 1324/1324/1324
f 1327/1327/1327 1326/1326/1326 1324/1324/1324
f 1330/1330/1330 1329/1329/1329 1328/1328/1328
f 1331/1331/1331 1330/1330/1330 1328/1328/1328
f 1334/1334/1334 1333/1333/1333 1332/1332/1332
f 1335/1335/1335 1334/1334/1334 1332/1332/1332
f 1338/1338/1338 1337/1337/1337 1336/1336/1336
f 1339/1339/1339 1338/1338/1338 1336/1336/1336
f 1342/1342/1342 1341/1341/1341 1340/1340/1340
f 1343/1343/1343 1342/1342/1342 1340/1340/1340
f 1346/1346/1346 1345/1345/1345 1344/1344/1344
f 1347/1347/1347 1346/1346/1346 1344/1344/1344
f 1350/1350/1350 1349/1349/1349 1348/1348/1348
f 1351/1351/1351 1350/1350/1350 1348/1348/1348
f 1354/1354/1354 1353/1353/1353 1352/1352/1352
f 1355/1355/1355 1354/1354/1354 1352/1352/1352
f 1358/1358/1358 1357/1357/1357 1356/1356/1356
f 1359/1359/1359 1358/1358/1358 1356/1356/1356
f 1362/1362/1362 1361/1361/1361 1360/1360/1360
f 1363/1363/1363 1362/1362/1362 1360/1360/1360
f 1366/1366/1366 1365/1365/1365 1364/1364/1364
f 1367/1367/1367 1366/1366/1366 1364/1364/1364
f 1370/1370/1370 1369/1369/1369 1368/1368/1368
f 1371/1371/1371 1370/1370/1370 1368/1368/1368
f 1374/1374/1374 1373/1373/1373 1372/1372/1372
f 1375/1375/1375 1374/1374/1374 1372/1372/1372
f 1378/1378/1378 1377/1377/1377 1376/1376/1376
f 1379/1379/1379 1378/1378/1378 1376/1376/1376
f 1382/1382/1382 1381/1381/1381 1380/1380/1380
f 1381/1381/1381 1383/1383/1383 1380/1380/1380
f 1384/1384/1384 1380/1380/1380 1383/1383/1383
f 1384/1384/1384 1383/1383/1383 1385/1385/1385
f 1386/1386/1386 1384/1384/1384 1385/1385/1385
f 1389/1389/1389 1388/1388/1388 1387/1387/1387
f 1390/1390/1390 1389/1389/1389 1387/1387/1387
f 1391/1391/1391 1390/1390/1390 1387/1387/1387
f 1392/1392/1392 1391/1391/1391 1387/1387/1387
f 1395/1395/1395 1394/1394/1394 1393/1393/1393
f 1396/1396/1396 1395/1395/1395 1393/1393/1393
f 1399/1399/1399 1398/1398/1398 1397/1397/1397
f 1400/1400/1400 1399/1399/1399 1397/1397/1397
f 1400/1400/1400 1397/1397/1397 1401/1401/1401
f 1402/1402/1402 1400/1400/1400 1401/1401/1401
f 1403/1403/1403 1402/1402/1402 1401/1401/1401
f 1404/1404/1404 1403/1403/1403 1401/1401/1401
f 1407/1407/1407 1406/1406/1406 1405/1405/1405
f 1408/1408/1408 1407/1407/1407 1405/1405/1405
f 1411/1411/1411 1410/1410/1410 1409/1409/1409
f 1412/1412/1412 1411/1411/1411 1409/1409/1409
f 1411/1411/1411 1412/1412/1412 1413/1413/1413
f 1414/1414/1414 1411/1411/1411 1413/1413/1413
f 1414/1414/1414 1413/1413/1413 1415/1415/1415
f 1416/1416/1416 1414/1414/1414 1415/1415/1415
f 1419/1419/1419 1418/1418/1418 1417/1417/1417
f 1420/1420/1420 1419/1419/1419 1417/1417/1417
f 1421/1421/1421 1420/1420/1420 1417/1417/1417
f 1422/1422/1422 1421/1421/1421 1417/1417/1417
f 1423/1423/1423 1421/1421/1421 1422/1422/1422
f 1424/1424/1424 1423/1423/1423 1422/1422/1422
f 1427/1427/1427 1426/1426/1426 1425/1425/1425
f 1428/1428/1428 1427/1427/1427 1425/1425/1425
f 1431/1431/1431 1430/1430/1430 1429/1429/1429
f 1432/1432/1432 1431/1431/1431 1429/1429/1429
f 1432/1432/1432 1429/1429/1429 1433/1433/1433
f 1434/1434/1434 1432/1432/1432 1433/1433/1433
f 1435/1435/1435 1434/1434/1434 1433/1433/1433
f 1436/1436/1436 1435/1435/1435 1433/1433/1433
f 1439/1439/1439 1438/1438/1438 1437/1437/1437
f 1440/1440/1440 1439/1439/1439 1437/1437/1437
f 1443/1443/1443 1442/1442/1442 1441/1441/1441
f 1444/1444/1444 1443/1443/1443 1441/1441/1441
f 1443/1443/1443 1444/1444/1444 1445/1445/1445
f 1446/1446/1446 1443/1443/1443 1445/1445/1445
f 1446/1446/1446 1445/1445/1445 1447/1447/1447
f 1448/1448/1448 1446/1446/1446 1447/1447/1447
f 1451/1451/1451 1450/1450/1450 1449/1449/1449
f 1452/1452/1452 1451/1451/1451 1449/1449/1449
f 1453/1453/1453 1452/1452/1452 1449/1449/1449
f 1454/1454/1454 1453/1453/1453 1449/1449/1449
f 1455/1455/1455 1453/1453/1453 1454/1454/1454
f 1456/1456/1456 1455/1455/1455 1454/1454/1454
f 1459/1459/1459 1458/1458/1458 1457/1457/1457
f 1460/1460/1460 1459/1459/1459 1457/1457/1457
f 1463/1463/1463 1462/1462/1462 1461/1461/1461
f 1464/1464/1464 1463/1463/1463 1461/1461/1461
f 1464/1464/1464 1461/1461/1461 1465/1465/1465
f 1466/1466/1466 1464/1464/1464 1465/1465/1465
f 1467/1467/1467 1466/1466/1466 1465/1465/1465
f 1468/1468/1468 1467/1467/1467 1465/1465/1465
f 1471/1471/1471 1470/1470/1470 1469/1469/1469
f 1472/1472/1472 1471/1471/1471 1469/1469/1469
f 1475/1475/1475 1474/1474/1474 1473/1473/1473
f 1476/1476/1476 1475/1475/1475 1473/1473/1473
f 1479/1479/1479 1478/1478/1478 1477/1477/1477
f 1480/1480/1480 1479/1479/1479 1477/1477/1477
f 1483/1483/1483 1482/1482/1482 1481/1481/1481
f 1484/1484/1484 1483/1483/1483 1481/1481/1481
f 1487/1487/1487 1486/1486/1486 1485/1485/1485
f 1488/1488/1488 1487/1487/1487 1485/1485/1485
f 1491/1491/1491 1490/1490/1490 1489/1489/1489
f 1492/1492/1492 1491/1491/1491 1489/1489/1489
f 1495/1495/1495 1494/1494/1494 1493/1493/1493
f 1496/1496/1496 1495/1495/1495 1493/1493/1493
f 1499/1499/1499 1498/1498/1498 1497/1497/1497
f 1500/1500/1500 1499/1499/1499 1497/1497/1497
f 1503/1503/1503 1502/1502/1502 1501/1501/1501
f 1504/1504/1504 1503/1503/1503 1501/1501/1501
f 1507/1507/1507 1506/1506/1506 1505/1505/1505
f 1506/1506/1506 1508/1508/1508 1505/1505/1505
f 1509/1509/1509 1505/1505/1505 1508/1508/1508
f 1509/1509/1509 1508/1508/1508 1510/1510/1510
f 1511/1511/1511 1509/1509/1509 1510/1510/1510
f 1514/1514/1514 1513/1513/1513 1512/1512/1512
f 1515/1515/1515 1514/1514/1514 1512/1512/1512
f 1516/1516/1516 1515/1515/1515 1512/1512/1512
f 1517/1517/1517 1516/1516/1516 1512/1512/1512
f 1520/1520/1520 1519/1519/1519 1518/1518/1518
f 1521/1521/1521 1520/1520/1520 1518/1518/1518
f 1524/1524/1524 1523/1523/1523 1522/1522/1522
f 1525/1525/1525 1524/1524/1524 1522/1522/1522
f 1525/1525/1525 1522/1522/1522 1526/1526/1526
f 1527/1527/1527 1525/1525/1525 1526/1526/1526
f 1528/1528/1528 1527/1527/1527 1526/1526/1526
f 1529/1529/1529 1528/1528/1528 1526/1526/1526
f 1532/1532/1532 1531/1531/1531 1530/1530/1530
f 1533/1533/1533 1532/1532/1532 1530/1530/1530
f 1536/1536/1536 1535/1535/1535 1534/1534/1534
f 1537/1537/1537 1536/1536/1536 1534/1534/1534
f 1537/1537/1537 1534/1534/1534 1538/1538/1538
f 1539/1539/1539 1537/1537/1537 1538/1538/1538
f 1542/1542/1542 1541/1541/1541 1540/1540/1540
f 1543/1543/1543 1542/1542/1542 1540/1540/1540
f 1544/1544/1544 1543/1543/1543 1540/1540/1540
f 1545/1545/1545 1544/1544/1544 1540/1540/1540
f 1548/1548/1548 1547/1547/1547 1546/1546/1546
f 1549/1549/1549 1548/1548/1548 1546/1546/1546
f 1552/1552/1552 1551/1551/1551 1550/1550/1550
f 1553/1553/1553 1552/1552/1552 1550/1550/1550
f 1554/1554/1554 1553/1553/1553 1550/1550/1550
f 1555/1555/1555 1554/1554/1554 1550/1550/1550
f 1558/1558/1558 1557/1557/1557 1556/1556/1556
f 1559/1559/1559 1558/1558/1558 1556/1556/1556
f 1562/1562/1562 1561/1561/1561 1560/1560/1560
f 1563/1563/1563 1562/1562/1562 1560/1560/1560
f 1563/1563/1563 1560/1560/1560 1564/1564/1564
f 1565/1565/1565 1563/1563/1563 1564/1564/1564
f 1568/1568/1568 1567/1567/1567 1566/1566/1566
f 1569/1569/1569 1568/1568/1568 1566/1566/1566
f 1570/1570/1570 1569/1569/1569 1566/1566/1566
f 1571/1571/1571 1570/1570/1570 1566/1566/1566
f 1574/1574/1574 1573/1573/1573 1572/1572/1572
f 1575/1575/1575 1574/1574/1574 1572/1572/1572
f 1578/1578/1578 1577/1577/1577 1576/1576/1576
f 1579/1579/1579 1578/1578/1578 1576/1576/1576
f 1580/1580/1580 1579/1579/1579 1576/1576/1576
f 1581/1581/1581 1580/1580/1580 1576/1576/1576
f 1584/1584/1584 1583/1583/1583 1582/1582/1582
f 1585/1585/1585 1584/1584/1584 1582/1582/1582
f 1588/1588/1588 1587/1587/1587 1586/1586/1586
f 1589/1589/1589 1588/1588/1588 1586/1586/1586
f 1588/1588/1588 1589/1589/1589 1590/1590/1590
f 1591/1591/1591 1588/1588/1588 1590/1590/1590
f 1591/1591/1591 1590/1590/1590 1592/1592/1592
f 1593/1593/1593 1591/1591/1591 1592/1592/1592
f 1596/1596/1596 1595/1595/1595 1594/1594/1594
f 1597/1597/1597 1596/1596/1596 1594/1594/1594
f 1598/1598/1598 1597/1597/1597 1594/1594/1594
f 1599/1599/1599 1598/1598/1598 1594/1594/1594
f 1600/1600/1600 1598/1598/1598 1599/1599/1599
f 1601/1601/1601 1600/1600/1600 1599/1599/1599
f 1604/1604/1604 1603/1603/1603 1602/1602/1602
f 1605/1605/1605 1604/1604/1604 1602/1602/1602
f 1608/1608/1608 1607/1607/1607 1606/1606/1606
f 1609/1609/1609 1608/1608/1608 1606/1606/1606
f 1609/1609/1609 1606/1606/1606 1610/1610/1610
f 1611/1611/1611 1609/1609/1609 1610/1610/1610
f 1612/1612/1612 1611/1611/1611 1610/1610/1610
f 1613/1613/1613 1612/1612/1612 1610/1610/1610
f 1616/1616/1616 1615/1615/1615 1614/1614/1614
f 1617/1617/1617 1616/1616/1616 1614/1614/1614
f 1620/1620/1620 1619/1619/1619 1618/1618/1618
f 1619/1619/1619 1621/1621/1621 1618/1618/1618
f 1619/1619/1619 1622/1622/1622 1621/1621/1621
f 1621/1621/1621 1622/1622/1622 1623/1623/1623
f 1622/1622/1622 1624/1624/1624 1623/1623/1623
f 1627/1627/1627 1626/1626/1626 1625/1625/1625
f 1626/1626/1626 1628/1628/1628 1625/1625/1625
f 1628/1628/1628 1629/1629/1629 1625/1625/1625
f 1629/1629/1629 1630/1630/1630 1625/1625/1625
f 1633/1633/1633 1632/1632/1632 1631/1631/1631
f 1634/1634/1634 1633/1633/1633 1631/1631/1631
f 1637/1637/1637 1636/1636/1636 1635/1635/1635
f 1636/1636/1636 1638/1638/1638 1635/1635/1635
f 1639/1639/1639 1635/1635/1635 1638/1638/1638
f 1640/1640/1640 1639/1639/1639 1638/1638/1638
f 1640/1640/1640 1641/1641/1641 1639/1639/1639
f 1641/1641/1641 1642/1642/1642 1639/1639/1639
f 1645/1645/1645 1644/1644/1644 1643/1643/1643
f 1646/1646/1646 1645/1645/1645 1643/1643/1643
f 1649/1649/1649 1648/1648/1648 1647/1647/1647
f 1650/1650/1650 1649/1649/1649 1647/1647/1647
f 1653/1653/1653 1652/1652/1652 1651/1651/1651
f 1654/1654/1654 1653/1653/1653 1651/1651/1651
f 1657/1657/1657 1656/1656/1656 1655/1655/1655
f 1658/1658/1658 1657/1657/1657 1655/1655/1655
f 1661/1661/1661 1660/1660/1660 1659/1659/1659
f 1662/1662/1662 1661/1661/1661 1659/1659/1659
f 1665/1665/1665 1664/1664/1664 1663/1663/1663
f 1666/1666/1666 1665/1665/1665 1663/1663/1663
f 1669/1669/1669 1668/1668/1668 1667/1667/1667
f 1670/1670/1670 1669/1669/1669 1667/1667/1667
f 1673/1673/1673 1672/1672/1672 1671/1671/1671
f 1674/1674/1674 1673/1673/1673 1671/1671/1671
f 1677/1677/1677 1676/1676/1676 1675/1675/1675
f 1678/1678/1678 1677/1677/1677 1675/1675/1675
f 1681/1681/1681 1680/1680/1680 1679/1679/1679
f 1680/1680/1680 1682/1682/1682 1679/1679/1679
f 1683/1683/1683 1682/1682/1682 1680/1680/1680
f 1684/1684/1684 1683/1683/1683 1680/1680/1680
f 1685/1685/1685 1683/1683/1683 1684/1684/1684
f 1686/1686/1686 1685/1685/1685 1684/1684/1684
f 1689/1689/1689 1688/1688/1688 1687/1687/1687
f 1688/1688/1688 1690/1690/1690 1687/1687/1687
f 1690/1690/1690 1691/1691/1691 1687/1687/1687
f 1691/1691/1691 1692/1692/1692 1687/1687/1687
f 1691/1691/1691 1693/1693/1693 1692/1692/1692
f 1693/1693/1693 1694/1694/1694 1692/1692/1692
f 1697/1697/1697 1696/1696/1696 1695/1695/1695
f 1696/1696/1696 1698/1698/1698 1695/1695/1695
f 1695/1695/1695 1698/1698/1698 1699/1699/1699
f 1698/1698/1698 1700/1700/1700 1699/1699/1699
f 1700/1700/1700 1701/1701/1701 1699/1699/1699
f 1701/1701/1701 1702/1702/1702 1699/1699/1699
f 1705/1705/1705 1704/1704/1704 1703/1703/1703
f 1706/1706/1706 1705/1705/1705 1703/1703/1703
f 1709/1709/1709 1708/1708/1708 1707/1707/1707
f 1708/1708/1708 1710/1710/1710 1707/1707/1707
f 1707/1707/1707 1710/1710/1710 1711/1711/1711
f 1710/1710/1710 1712/1712/1712 1711/1711/1711
f 1715/1715/1715 1714/1714/1714 1713/1713/1713
f 1714/1714/1714 1716/1716/1716 1713/1713/1713
f 1716/1716/1716 1717/1717/1717 1713/1713/1713
f 1717/1717/1717 1718/1718/1718 1713/1713/1713
f 1721/1721/1721 1720/1720/1720 1719/1719/1719
f 1722/1722/1722 1721/1721/1721 1719/1719/1719
f 1725/1725/1725 1724/1724/1724 1723/1723/1723
f 1724/1724/1724 1726/1726/1726 1723/1723/1723
f 1726/1726/1726 1727/1727/1727 1723/1723/1723
f 1727/1727/1727 1728/1728/1728 1723/1723/1723
f 1731/1731/1731 1730/1730/1730 1729/1729/1729
f 1732/1732/1732 1731/1731/1731 1729/1729/1729
f 1735/1735/1735 1734/1734/1734 1733/1733/1733
f 1736/1736/1736 1735/1735/1735 1733/1733/1733
f 1739/1739/1739 1738/1738/1738 1737/1737/1737
f 1740/1740/1740 1739/1739/1739 1737/1737/1737
f 1743/1743/1743 1742/1742/1742 1741/1741/1741
f 1744/1744/1744 1743/1743/1743 1741/1741/1741
f 1747/1747/1747 1746/1746/1746 1745/1745/1745
f 1748/1748/1748 1747/1747/1747 1745/1745/1745
f 1751/1751/1751 1750/1750/1750 1749/1749/1749
f 1752/1752/1752 1751/1751/1751 1749/1749/1749
f 1755/1755/1755 1754/1754/1754 1753/1753/1753
f 1756/1756/1756 1755/1755/1755 1753/1753/1753
f 1759/1759/1759 1758/1758/1758 1757/1757/1757
f 1760/1760/1760 1759/1759/1759 1757/1757/1757
f 1763/1763/1763 1762/1762/1762 1761/1761/1761
f 1764/1764/1764 1763/1763/1763 1761/1761/1761
f 1767/1767/1767 1766/1766/1766 1765/1765/1765
f 1766/1766/1766 1768/1768/1768 1765/1765/1765
f 1769/1769/1769 1768/1768/1768 1766/1766/1766
f 1770/1770/1770 1769/1769/1769 1766/1766/1766
f 1771/1771/1771 1769/1769/1769 1770/1770/1770
f 1772/1772/1772 1771/1771/1771 1770/1770/1770
f 1775/1775/1775 1774/1774/1774 1773/1773/1773
f 1774/1774/1774 1776/1776/1776 1773/1773/1773
f 1776/1776/1776 1777/1777/1777 1773/1773/1773
f 1777/1777/1777 1778/1778/1778 1773/1773/1773
f 1777/1777/1777 1779/1779/1779 1778/1778/1778
f 1779/1779/1779 1780/1780/1780 1778/1778/1778
f 1783/1783/1783 1782/1782/1782 1781/1781/1781
f 1784/1784/1784 1783/1783/1783 1781/1781/1781
f 1787/1787/1787 1786/1786/1786 1785/1785/1785
f 1786/1786/1786 1788/1788/1788 1785/1785/1785
f 1785/1785/1785 1788/1788/1788 1789/1789/1789
f 1788/1788/1788 1790/1790/1790 1789/1789/1789
f 1790/1790/1790 1791/1791/1791 1789/1789/1789
f 1791/1791/1791 1792/1792/1792 1789/1789/1789
f 1795/1795/1795 1794/1794/1794 1793/1793/1793
f 1796/1796/1796 1795/1795/1795 1793/1793/1793
f 1799/1799/1799 1798/1798/1798 1797/1797/1797
f 1800/1800/1800 1799/1799/1799 1797/1797/1797
f 1799/1799/1799 1800/1800/1800 1801/1801/1801
f 1802/1802/1802 1799/1799/1799 1801/1801/1801
f 1802/1802/1802 1801/1801/1801 1803/1803/1803
f 1804/1804/1804 1802/1802/1802 1803/1803/1803
f 1807/1807/1807 1806/1806/1806 1805/1805/1805
f 1808/1808/1808 1807/1807/1807 1805/1805/1805
f 1809/1809/1809 1808/1808/1808 1805/1805/1805
f 1810/1810/1810 1809/1809/1809 1805/1805/1805
f 1811/1811/1811 1809/1809/1809 1810/1810/1810
f 1812/1812/1812 1811/1811/1811 1810/1810/1810
f 1815/1815/1815 1814/1814/1814 1813/1813/1813
f 1816/1816/1816 1815/1815/1815 1813/1813/1813
f 1819/1819/1819 1818/1818/1818 1817/1817/1817
f 1820/1820/1820 1819/1819/1819 1817/1817/1817
f 1820/1820/1820 1817/1817/1817 1821/1821/1821
f 1822/1822/1822 1820/1820/1820 1821/1821/1821
f 1823/1823/1823 1822/1822/1822 1821/1821/1821
f 1824/1824/1824 1823/1823/1823 1821/1821/1821
f 1827/1827/1827 1826/1826/1826 1825/1825/1825
f 1828/1828/1828 1827/1827/1827 1825/1825/1825
f 1831/1831/1831 1830/1830/1830 1829/1829/1829
f 1832/1832/1832 1831/1831/1831 1829/1829/1829
f 1835/1835/1835 1834/1834/1834 1833/1833/1833
f 1836/1836/1836 1835/1835/1835 1833/1833/1833
f 1839/1839/1839 1838/1838/1838 1837/1837/1837
f 1840/1840/1840 1839/1839/1839 1837/1837/1837
f 1843/1843/1843 1842/1842/1842 1841/1841/1841
f 1844/1844/1844 1843/1843/1843 1841/1841/1841
f 1847/1847/1847 1846/1846/1846 1845/1845/1845
f 1848/1848/1848 1847/1847/1847 1845/1845/1845
f 1851/1851/1851 1850/1850/1850 1849/1849/1849
f 1852/1852/1852 1851/1851/1851 1849/1849/1849
f 1855/1855/1855 1854/1854/1854 1853/1853/1853
f 1856/1856/1856 1855/1855/1855 1853/1853/1853
f 1859/1859/1859 1858/1858/1858 1857/1857/1857
f 1860/1860/1860 1859/1859/1859 1857/1857/1857
f 1863/1863/1863 1862/1862/1862 1861/1861/1861
f 1862/1862/1862 1864/1864/1864 1861/1861/1861
f 1862/1862/1862 1865/1865/1865 1864/1864/1864
f 1864/1864/1864 1865/1865/1865 1866/1866/1866
f 1865/1865/1865 1867/1867/1867 1866/1866/1866
f 1870/1870/1870 1869/1869/1869 1868/1868/1868
f 1869/1869/1869 1871/1871/1871 1868/1868/1868
f 1871/1871/1871 1872/1872/1872 1868/1868/1868
f 1872/1872/1872 1873/1873/1873 1868/1868/1868
f 1876/1876/1876 1875/1875/1875 1874/1874/1874
f 1877/1877/1877 1876/1876/1876 1874/1874/1874
f 1880/1880/1880 1879/1879/1879 1878/1878/1878
f 1881/1881/1881 1880/1880/1880 1878/1878/1878
f 1884/1884/1884 1883/1883/1883 1882/1882/1882
f 1882/1882/1882 1885/1885/1885 1884/1884/1884
f 1885/1885/1885 1886/1886/1886 1884/1884/1884
f 1889/1889/1889 1888/1888/1888 1887/1887/1887
f 1888/1888/1888 1890/1890/1890 1887/1887/1887
f 1890/1890/1890 1891/1891/1891 1887/1887/1887
f 1891/1891/1891 1892/1892/1892 1887/1887/1887
f 1895/1895/1895 1894/1894/1894 1893/1893/1893
f 1896/1896/1896 1895/1895/1895 1893/1893/1893
f 1899/1899/1899 1898/1898/1898 1897/1897/1897
f 1900/1900/1900 1899/1899/1899 1897/1897/1897
f 1903/1903/1903 1902/1902/1902 1901/1901/1901
f 1901/1901/1901 1904/1904/1904 1903/1903/1903
f 1904/1904/1904 1905/1905/1905 1903/1903/1903
f 1908/1908/1908 1907/1907/1907 1906/1906/1906
f 1907/1907/1907 1909/1909/1909 1906/1906/1906
f 1909/1909/1909 1910/1910/1910 1906/1906/1906
f 1910/1910/1910 1911/1911/1911 1906/1906/1906
f 1914/1914/1914 1913/1913/1913 1912/1912/1912
f 1915/1915/1915 1914/1914/1914 1912/1912/1912
f 1918/1918/1918 1917/1917/1917 1916/1916/1916
f 1919/1919/1919 1918/1918/1918 1916/1916/1916
f 1922/1922/1922 1921/1921/1921 1920/1920/1920
f 1923/1923/1923 1922/1922/1922 1920/1920/1920
f 1926/1926/1926 1925/1925/1925 1924/1924/1924
f 1927/1927/1927 1926/1926/1926 1924/1924/1924
f 1930/1930/1930 1929/1929/1929 1928/1928/1928
f 1931/1931/1931 1930/1930/1930 1928/1928/1928
f 1934/1934/1934 1933/1933/1933 1932/1932/1932
f 1935/1935/1935 1934/1934/1934 1932/1932/1932
f 1938/1938/1938 1937/1937/1937 1936/1936/1936
f 1939/1939/1939 1938/1938/1938 1936/1936/1936
f 1942/1942/1942 1941/1941/1941 1940/1940/1940
f 1943/1943/1943 1942/1942/1942 1940/1940/1940
f 1946/1946/1946 1945/1945/1945 1944/1944/1944
f 1947/1947/1947 1946/1946/1946 1944/1944/1944
f 1950/1950/1950 1949/1949/1949 1948/1948/1948
f 1951/1951/1951 1950/1950/1950 1948/1948/1948
f 1954/1954/1954 1953/1953/1953 1952/1952/1952
f 1955/1955/1955 1954/1954/1954 1952/1952/1952
f 1958/1958/1958 1957/1957/1957 1956/1956/1956
f 1959/1959/1959 1958/1958/1958 1956/1956/1956
f 1962/1962/1962 1961/1961/1961 1960/1960/1960
f 1963/1963/1963 1962/1962/1962 1960/1960/1960
f 1966/1966/1966 1965/1965/1965 1964/1964/1964
f 1967/1967/1967 1966/1966/1966 1964/1964/1964
f 1970/1970/1970 1969/1969/1969 1968/1968/1968
f 1971/1971/1971 1970/1970/1970 1968/1968/1968
f 1974/1974/1974 1973/1973/1973 1972/1972/1972
f 1975/1975/1975 1974/1974/1974 1972/1972/1972
f 1978/1978/1978 1977/1977/1977 1976/1976/1976
f 1979/1979/1979 1978/1978/1978 1976/1976/1976
f 1982/1982/1982 1981/1981/1981 1980/1980/1980
f 1983/1983/1983 1982/1982/1982 1980/1980/1980
f 1986/1986/1986 1985/1985/1985 1984/1984/1984
f 1987/1987/1987 1986/1986/1986 1984/1984/1984
f 1990/1990/1990 1989/1989/1989 1988/1988/1988
f 1991/1991/1991 1990/1990/1990 1988/1988/1988
f 1994/1994/1994 1993/1993/1993 1992/1992/1992
f 1995/1995/1995 1994/1994/1994 1992/1992/1992
f 1998/1998/1998 1997/1997/1997 1996/1996/1996
f 1997/1997/1997 1999/1999/1999 1996/1996/1996
f 1997/1997/1997 2000/2000/2000 1999/1999/1999
f 1998/1998/1998 1996/1996/1996 2001/2001/2001
f 2002/2002/2002 1998/1998/1998 2001/2001/2001
f 2000/2000/2000 2003/2003/2003 1999/1999/1999
f 2000/2000/2000 2004/2004/2004 2003/2003/2003
f 1996/1996/1996 1999/1999/1999 2005/2005/2005
f 2001/2001/2001 1996/1996/1996 2005/2005/2005
f 1999/1999/1999 2003/2003/2003 2005/2005/2005
f 2006/2006/2006 2001/2001/2001 2005/2005/2005
f 2002/2002/2002 2001/2001/2001 2006/2006/2006
f 2003/2003/2003 2007/2007/2007 2005/2005/2005
f 2004/2004/2004 2007/2007/2007 2003/2003/2003
f 2008/2008/2008 2002/2002/2002 2006/2006/2006
f 2004/2004/2004 2009/2009/2009 2007/2007/2007
f 2008/2008/2008 2006/2006/2006 2010/2010/2010
f 2010/2010/2010 2006/2006/2006 2005/2005/2005
f 2011/2011/2011 2008/2008/2008 2010/2010/2010
f 2009/2009/2009 2012/2012/2012 2007/2007/2007
f 2007/2007/2007 2012/2012/2012 2005/2005/2005
f 2009/2009/2009 2013/2013/2013 2012/2012/2012
f 2011/2011/2011 2010/2010/2010 2014/2014/2014
f 2014/2014/2014 2010/2010/2010 2005/2005/2005
f 2015/2015/2015 2011/2011/2011 2014/2014/2014
f 2013/2013/2013 2016/2016/2016 2012/2012/2012
f 2012/2012/2012 2016/2016/2016 2005/2005/2005
f 2013/2013/2013 2017/2017/2017 2016/2016/2016
f 2015/2015/2015 2014/2014/2014 2018/2018/2018
f 2018/2018/2018 2014/2014/2014 2005/2005/2005
f 2019/2019/2019 2015/2015/2015 2018/2018/2018
f 2017/2017/2017 2020/2020/2020 2016/2016/2016
f 2016/2016/2016 2020/2020/2020 2005/2005/2005
f 2020/2020/2020 2018/2018/2018 2005/2005/2005
f 2019/2019/2019 2018/2018/2018 2020/2020/2020
f 2017/2017/2017 2019/2019/2019 2020/2020/2020
f 2023/2023/2023 2022/2022/2022 2021/2021/2021
f 2024/2024/2024 2023/2023/2023 2021/2021/2021
f 2021/2021/2021 2022/2022/2022 2025/2025/2025
f 2026/2026/2026 2023/2023/2023 2024/2024/2024
f 2027/2027/2027 2026/2026/2026 2024/2024/2024
f 2022/2022/2022 2028/2028/2028 2025/2025/2025
f 2025/2025/2025 2028/2028/2028 2029/2029/2029
f 2023/2023/2023 2030/2030/2030 2022/2022/2022
f 2026/2026/2026 2030/2030/2030 2023/2023/2023
f 2022/2022/2022 2030/2030/2030 2028/2028/2028
f 2031/2031/2031 2030/2030/2030 2026/2026/2026
f 2031/2031/2031 2026/2026/2026 2027/2027/2027
f 2028/2028/2028 2030/2030/2030 2032/2032/2032
f 2028/2028/2028 2032/2032/2032 2029/2029/2029
f 2033/2033/2033 2031/2031/2031 2027/2027/2027
f 2029/2029/2029 2032/2032/2032 2034/2034/2034
f 2035/2035/2035 2031/2031/2031 2033/2033/2033
f 2035/2035/2035 2030/2030/2030 2031/2031/2031
f 2036/2036/2036 2035/2035/2035 2033/2033/2033
f 2032/2032/2032 2037/2037/2037 2034/2034/2034
f 2032/2032/2032 2030/2030/2030 2037/2037/2037
f 2034/2034/2034 2037/2037/2037 2038/2038/2038
f 2039/2039/2039 2035/2035/2035 2036/2036/2036
f 2039/2039/2039 2030/2030/2030 2035/2035/2035
f 2040/2040/2040 2039/2039/2039 2036/2036/2036
f 2037/2037/2037 2041/2041/2041 2038/2038/2038
f 2037/2037/2037 2030/2030/2030 2041/2041/2041
f 2038/2038/2038 2041/2041/2041 2042/2042/2042
f 2043/2043/2043 2039/2039/2039 2040/2040/2040
f 2043/2043/2043 2030/2030/2030 2039/2039/2039
f 2044/2044/2044 2043/2043/2043 2040/2040/2040
f 2042/2042/2042 2045/2045/2045 2044/2044/2044
f 2041/2041/2041 2045/2045/2045 2042/2042/2042
f 2041/2041/2041 2030/2030/2030 2045/2045/2045
f 2045/2045/2045 2043/2043/2043 2044/2044/2044
f 2045/2045/2045 2030/2030/2030 2043/2043/2043
f 2048/2048/2048 2047/2047/2047 2046/2046/2046
f 2047/2047/2047 2049/2049/2049 2046/2046/2046
f 2047/2047/2047 2050/2050/2050 2049/2049/2049
f 2048/2048/2048 2046/2046/2046 2051/2051/2051
f 2052/2052/2052 2048/2048/2048 2051/2051/2051
f 2050/2050/2050 2053/2053/2053 2049/2049/2049
f 2050/2050/2050 2054/2054/2054 2053/2053/2053
f 2046/2046/2046 2049/2049/2049 2055/2055/2055
f 2051/2051/2051 2046/2046/2046 2055/2055/2055
f 2049/2049/2049 2053/2053/2053 2055/2055/2055
f 2056/2056/2056 2051/2051/2051 2055/2055/2055
f 2052/2052/2052 2051/2051/2051 2056/2056/2056
f 2053/2053/2053 2057/2057/2057 2055/2055/2055
f 2054/2054/2054 2057/2057/2057 2053/2053/2053
f 2058/2058/2058 2052/2052/2052 2056/2056/2056
f 2054/2054/2054 2059/2059/2059 2057/2057/2057
f 2058/2058/2058 2056/2056/2056 2060/2060/2060
f 2060/2060/2060 2056/2056/2056 2055/2055/2055
f 2061/2061/2061 2058/2058/2058 2060/2060/2060
f 2059/2059/2059 2062/2062/2062 2057/2057/2057
f 2057/2057/2057 2062/2062/2062 2055/2055/2055
f 2059/2059/2059 2063/2063/2063 2062/2062/2062
f 2061/2061/2061 2060/2060/2060 2064/2064/2064
f 2064/2064/2064 2060/2060/2060 2055/2055/2055
f 2065/2065/2065 2061/2061/2061 2064/2064/2064
f 2063/2063/2063 2066/2066/2066 2062/2062/2062
f 2062/2062/2062 2066/2066/2066 2055/2055/2055
f 2063/2063/2063 2067/2067/2067 2066/2066/2066
f 2065/2065/2065 2064/2064/2064 2068/2068/2068
f 2068/2068/2068 2064/2064/2064 2055/2055/2055
f 2069/2069/2069 2065/2065/2065 2068/2068/2068
f 2067/2067/2067 2070/2070/2070 2066/2066/2066
f 2066/2066/2066 2070/2070/2070 2055/2055/2055
f 2070/2070/2070 2068/2068/2068 2055/2055/2055
f 2069/2069/2069 2068/2068/2068 2070/2070/2070
f 2067/2067/2067 2069/2069/2069 2070/2070/2070
f 2073/2073/2073 2072/2072/2072 2071/2071/2071
f 2074/2074/2074 2073/2073/2073 2071/2071/2071
f 2071/2071/2071 2072/2072/2072 2075/2075/2075
f 2076/2076/2076 2073/2073/2073 2074/2074/2074
f 2077/2077/2077 2076/2076/2076 2074/2074/2074
f 2072/2072/2072 2078/2078/2078 2075/2075/2075
f 2075/2075/2075 2078/2078/2078 2079/2079/2079
f 2073/2073/2073 2080/2080/2080 2072/2072/2072
f 2076/2076/2076 2080/2080/2080 2073/2073/2073
f 2072/2072/2072 2080/2080/2080 2078/2078/2078
f 2081/2081/2081 2080/2080/2080 2076/2076/2076
f 2081/2081/2081 2076/2076/2076 2077/2077/2077
f 2078/2078/2078 2080/2080/2080 2082/2082/2082
f 2078/2078/2078 2082/2082/2082 2079/2079/2079
f 2083/2083/2083 2081/2081/2081 2077/2077/2077
f 2079/2079/2079 2082/2082/2082 2084/2084/2084
f 2085/2085/2085 2081/2081/2081 2083/2083/2083
f 2085/2085/2085 2080/2080/2080 2081/2081/2081
f 2086/2086/2086 2085/2085/2085 2083/2083/2083
f 2082/2082/2082 2087/2087/2087 2084/2084/2084
f 2082/2082/2082 2080/2080/2080 2087/2087/2087
f 2084/2084/2084 2087/2087/2087 2088/2088/2088
f 2089/2089/2089 2085/2085/2085 2086/2086/2086
f 2089/2089/2089 2080/2080/2080 2085/2085/2085
f 2090/2090/2090 2089/2089/2089 2086/2086/2086
f 2087/2087/2087 2091/2091/2091 2088/2088/2088
f 2087/2087/2087 2080/2080/2080 2091/2091/2091
f 2088/2088/2088 2091/2091/2091 2092/2092/2092
f 2093/2093/2093 2089/2089/2089 2090/2090/2090
f 2093/2093/2093 2080/2080/2080 2089/2089/2089
f 2094/2094/2094 2093/2093/2093 2090/2090/2090
f 2092/2092/2092 2095/2095/2095 2094/2094/2094
f 2091/2091/2091 2095/2095/2095 2092/2092/2092
f 2091/2091/2091 2080/2080/2080 2095/2095/2095
f 2095/2095/2095 2093/2093/2093 2094/2094/2094
f 2095/2095/2095 2080/2080/2080 2093/2093/2093
f 2098/2098/2098 2097/2097/2097 2096/2096/2096
f 2097/2097/2097 2099/2099/2099 2096/2096/2096
f 2097/2097/2097 2100/2100/2100 2099/2099/2099
f 2098/2098/2098 2096/2096/2096 2101/2101/2101
f 2102/2102/2102 2098/2098/2098 2101/2101/2101
f 2100/2100/2100 2103/2103/2103 2099/2099/2099
f 2100/2100/2100 2104/2104/2104 2103/2103/2103
f 2096/2096/2096 2099/2099/2099 2105/2105/2105
f 2101/2101/2101 2096/2096/2096 2105/2105/2105
f 2099/2099/2099 2103/2103/2103 2105/2105/2105
f 2106/2106/2106 2101/2101/2101 2105/2105/2105
f 2102/2102/2102 2101/2101/2101 2106/2106/2106
f 2103/2103/2103 2107/2107/2107 2105/2105/2105
f 2104/2104/2104 2107/2107/2107 2103/2103/2103
f 2108/2108/2108 2102/2102/2102 2106/2106/2106
f 2104/2104/2104 2109/2109/2109 2107/2107/2107
f 2108/2108/2108 2106/2106/2106 2110/2110/2110
f 2110/2110/2110 2106/2106/2106 2105/2105/2105
f 2111/2111/2111 2108/2108/2108 2110/2110/2110
f 2109/2109/2109 2112/2112/2112 2107/2107/2107
f 2107/2107/2107 2112/2112/2112 2105/2105/2105
f 2109/2109/2109 2113/2113/2113 2112/2112/2112
f 2111/2111/2111 2110/2110/2110 2114/2114/2114
f 2114/2114/2114 2110/2110/2110 2105/2105/2105
f 2115/2115/2115 2111/2111/2111 2114/2114/2114
f 2113/2113/2113 2116/2116/2116 2112/2112/2112
f 2112/2112/2112 2116/2116/2116 2105/2105/2105
f 2113/2113/2113 2117/2117/2117 2116/2116/2116
f 2115/2115/2115 2114/2114/2114 2118/2118/2118
f 2118/2118/2118 2114/2114/2114 2105/2105/2105
f 2119/2119/2119 2115/2115/2115 2118/2118/2118
f 2117/2117/2117 2120/2120/2120 2116/2116/2116
f 2116/2116/2116 2120/2120/2120 2105/2105/2105
f 2120/2120/2120 2118/2118/2118 2105/2105/2105
f 2119/2119/2119 2118/2118/2118 2120/2120/2120
f 2117/2117/2117 2119/2119/2119 2120/2120/2120
f 2123/2123/2123 2122/2122/2122 2121/2121/2121
f 2124/2124/2124 2123/2123/2123 2121/2121/2121
f 2121/2121/2121 2122/2122/2122 2125/2125/2125
f 2126/2126/2126 2123/2123/2123 2124/2124/2124
f 2127/2127/2127 2126/2126/2126 2124/2124/2124
f 2122/2122/2122 2128/2128/2128 2125/2125/2125
f 2125/2125/2125 2128/2128/2128 2129/2129/2129
f 2123/2123/2123 2130/2130/2130 2122/2122/2122
f 2126/2126/2126 2130/2130/2130 2123/2123/2123
f 2122/2122/2122 2130/2130/2130 2128/2128/2128
f 2131/2131/2131 2130/2130/2130 2126/2126/2126
f 2131/2131/2131 2126/2126/2126 2127/2127/2127
f 2128/2128/2128 2130/2130/2130 2132/2132/2132
f 2128/2128/2128 2132/2132/2132 2129/2129/2129
f 2133/2133/2133 2131/2131/2131 2127/2127/2127
f 2129/2129/2129 2132/2132/2132 2134/2134/2134
f 2135/2135/2135 2131/2131/2131 2133/2133/2133
f 2135/2135/2135 2130/2130/2130 2131/2131/2131
f 2136/2136/2136 2135/2135/2135 2133/2133/2133
f 2132/2132/2132 2137/2137/2137 2134/2134/2134
f 2132/2132/2132 2130/2130/2130 2137/2137/2137
f 2134/2134/2134 2137/2137/2137 2138/2138/2138
f 2139/2139/2139 2135/2135/2135 2136/2136/2136
f 2139/2139/2139 2130/2130/2130 2135/2135/2135
f 2140/2140/2140 2139/2139/2139 2136/2136/2136
f 2137/2137/2137 2141/2141/2141 2138/2138/2138
f 2137/2137/2137 2130/2130/2130 2141/2141/2141
f 2138/2138/2138 2141/2141/2141 2142/2142/2142
f 2143/2143/2143 2139/2139/2139 2140/2140/2140
f 2143/2143/2143 2130/2130/2130 2139/2139/2139
f 2144/2144/2144 2143/2143/2143 2140/2140/2140
f 2142/2142/2142 2145/2145/2145 2144/2144/2144
f 2141/2141/2141 2145/2145/2145 2142/2142/2142
f 2141/2141/2141 2130/2130/2130 2145/2145/2145
f 2145/2145/2145 2143/2143/2143 2144/2144/2144
f 2145/2145/2145 2130/2130/2130 2143/2143/2143
f 2148/2148/2148 2147/2147/2147 2146/2146/2146
f 2147/2147/2147 2149/2149/2149 2146/2146/2146
f 2147/2147/2147 2150/2150/2150 2149/2149/2149
f 2148/2148/2148 2146/2146/2146 2151/2151/2151
f 2152/2152/2152 2148/2148/2148 2151/2151/2151
f 2150/2150/2150 2153/2153/2153 2149/2149/2149
f 2150/2150/2150 2154/2154/2154 2153/2153/2153
f 2146/2146/2146 2149/2149/2149 2155/2155/2155
f 2151/2151/2151 2146/2146/2146 2155/2155/2155
f 2149/2149/2149 2153/2153/2153 2155/2155/2155
f 2156/2156/2156 2151/2151/2151 2155/2155/2155
f 2152/2152/2152 2151/2151/2151 2156/2156/2156
f 2153/2153/2153 2157/2157/2157 2155/2155/2155
f 2154/2154/2154 2157/2157/2157 2153/2153/2153
f 2158/2158/2158 2152/2152/2152 2156/2156/2156
f 2154/2154/2154 2159/2159/2159 2157/2157/2157
f 2158/2158/2158 2156/2156/2156 2160/2160/2160
f 2160/2160/2160 2156/2156/2156 2155/2155/2155
f 2161/2161/2161 2158/2158/2158 2160/2160/2160
f 2159/2159/2159 2162/2162/2162 2157/2157/2157
f 2157/2157/2157 2162/2162/2162 2155/2155/2155
f 2159/2159/2159 2163/2163/2163 2162/2162/2162
f 2161/2161/2161 2160/2160/2160 2164/2164/2164
f 2164/2164/2164 2160/2160/2160 2155/2155/2155
f 2165/2165/2165 2161/2161/2161 2164/2164/2164
f 2163/2163/2163 2166/2166/2166 2162/2162/2162
f 2162/2162/2162 2166/2166/2166 2155/2155/2155
f 2163/2163/2163 2167/2167/2167 2166/2166/2166
f 2165/2165/2165 2164/2164/2164 2168/2168/2168
f 2168/2168/2168 2164/2164/2164 2155/2155/2155
f 2169/2169/2169 2165/2165/2165 2168/2168/2168
f 2167/2167/2167 2170/2170/2170 2166/2166/2166
f 2166/2166/2166 2170/2170/2170 2155/2155/2155
f 2170/2170/2170 2168/2168/2168 2155/2155/2155
f 2169/2169/2169 2168/2168/2168 2170/2170/2170
f 2167/2167/2167 2169/2169/2169 2170/2170/2170
f 2173/2173/2173 2172/2172/2172 2171/2171/2171
f 2174/2174/2174 2173/2173/2173 2171/2171/2171
f 2171/2171/2171 2172/2172/2172 2175/2175/2175
f 2176/2176/2176 2173/2173/2173 2174/2174/2174
f 2177/2177/2177 2176/2176/2176 2174/2174/2174
f 2172/2172/2172 2178/2178/2178 2175/2175/2175
f 2175/2175/2175 2178/2178/2178 2179/2179/2179
f 2173/2173/2173 2180/2180/2180 2172/2172/2172
f 2176/2176/2176 2180/2180/2180 2173/2173/2173
f 2172/2172/2172 2180/2180/2180 2178/2178/2178
f 2181/2181/2181 2180/2180/2180 2176/2176/2176
f 2181/2181/2181 2176/2176/2176 2177/2177/2177
f 2178/2178/2178 2180/2180/2180 2182/2182/2182
f 2178/2178/2178 2182/2182/2182 2179/2179/2179
f 2183/2183/2183 2181/2181/2181 2177/2177/2177
f 2179/2179/2179 2182/2182/2182 2184/2184/2184
f 2185/2185/2185 2181/2181/2181 2183/2183/2183
f 2185/2185/2185 2180/2180/2180 2181/2181/2181
f 2186/2186/2186 2185/2185/2185 2183/2183/2183
f 2182/2182/2182 2187/2187/2187 2184/2184/2184
f 2182/2182/2182 2180/2180/2180 2187/2187/2187
f 2184/2184/2184 2187/2187/2187 2188/2188/2188
f 2189/2189/2189 2185/2185/2185 2186/2186/2186
f 2189/2189/2189 2180/2180/2180 2185/2185/2185
f 2190/2190/2190 2189/2189/2189 2186/2186/2186
f 2187/2187/2187 2191/2191/2191 2188/2188/2188
f 2187/2187/2187 2180/2180/2180 2191/2191/2191
f 2188/2188/2188 2191/2191/2191 2192/2192/2192
f 2193/2193/2193 2189/2189/2189 2190/2190/2190
f 2193/2193/2193 2180/2180/2180 2189/2189/2189
f 2194/2194/2194 2193/2193/2193 2190/2190/2190
f 2192/2192/2192 2195/2195/2195 2194/2194/2194
f 2191/2191/2191 2195/2195/2195 2192/2192/2192
f 2191/2191/2191 2180/2180/2180 2195/2195/2195
f 2195/2195/2195 2193/2193/2193 2194/2194/2194
f 2195/2195/2195 2180/2180/2180 2193/2193/2193
f 2198/2198/2198 2197/2197/2197 2196/2196/2196
f 2199/2199/2199 2198/2198/2198 2196/2196/2196
f 2200/2200/2200 2198/2198/2198 2199/2199/2199
f 2196/2196/2196 2197/2197/2197 2201/2201/2201
f 2197/2197/2197 2202/2202/2202 2201/2201/2201
f 2203/2203/2203 2200/2200/2200 2199/2199/2199
f 2204/2204/2204 2200/2200/2200 2203/2203/2203
f 2199/2199/2199 2196/2196/2196 2205/2205/2205
f 2196/2196/2196 2201/2201/2201 2205/2205/2205
f 2203/2203/2203 2199/2199/2199 2205/2205/2205
f 2201/2201/2201 2206/2206/2206 2205/2205/2205
f 2201/2201/2201 2202/2202/2202 2206/2206/2206
f 2207/2207/2207 2203/2203/2203 2205/2205/2205
f 2207/2207/2207 2204/2204/2204 2203/2203/2203
f 2202/2202/2202 2208/2208/2208 2206/2206/2206
f 2209/2209/2209 2204/2204/2204 2207/2207/2207
f 2206/2206/2206 2208/2208/2208 2210/2210/2210
f 2206/2206/2206 2210/2210/2210 2205/2205/2205
f 2208/2208/2208 2211/2211/2211 2210/2210/2210
f 2212/2212/2212 2209/2209/2209 2207/2207/2207
f 2212/2212/2212 2207/2207/2207 2205/2205/2205
f 2213/2213/2213 2209/2209/2209 2212/2212/2212
f 2210/2210/2210 2211/2211/2211 2214/2214/2214
f 2210/2210/2210 2214/2214/2214 2205/2205/2205
f 2211/2211/2211 2215/2215/2215 2214/2214/2214
f 2216/2216/2216 2213/2213/2213 2212/2212/2212
f 2216/2216/2216 2212/2212/2212 2205/2205/2205
f 2217/2217/2217 2213/2213/2213 2216/2216/2216
f 2214/2214/2214 2215/2215/2215 2218/2218/2218
f 2214/2214/2214 2218/2218/2218 2205/2205/2205
f 2215/2215/2215 2219/2219/2219 2218/2218/2218
f 2220/2220/2220 2217/2217/2217 2216/2216/2216
f 2220/2220/2220 2216/2216/2216 2205/2205/2205
f 2218/2218/2218 2220/2220/2220 2205/2205/2205
f 2219/2219/2219 2217/2217/2217 2220/2220/2220
f 2218/2218/2218 2219/2219/2219 2220/2220/2220
f 2223/2223/2223 2222/2222/2222 2221/2221/2221
f 2224/2224/2224 2223/2223/2223 2221/2221/2221
f 2224/2224/2224 2221/2221/2221 2225/2225/2225
f 2223/2223/2223 2226/2226/2226 2222/2222/2222
f 2226/2226/2226 2227/2227/2227 2222/2222/2222
f 2228/2228/2228 2224/2224/2224 2225/2225/2225
f 2228/2228/2228 2225/2225/2225 2229/2229/2229
f 2230/2230/2230 2223/2223/2223 2224/2224/2224
f 2230/2230/2230 2226/2226/2226 2223/2223/2223
f 2230/2230/2230 2224/2224/2224 2228/2228/2228
f 2230/2230/2230 2231/2231/2231 2226/2226/2226
f 2226/2226/2226 2231/2231/2231 2227/2227/2227
f 2230/2230/2230 2228/2228/2228 2232/2232/2232
f 2232/2232/2232 2228/2228/2228 2229/2229/2229
f 2231/2231/2231 2233/2233/2233 2227/2227/2227
f 2232/2232/2232 2229/2229/2229 2234/2234/2234
f 2231/2231/2231 2235/2235/2235 2233/2233/2233
f 2230/2230/2230 2235/2235/2235 2231/2231/2231
f 2235/2235/2235 2236/2236/2236 2233/2233/2233
f 2237/2237/2237 2232/2232/2232 2234/2234/2234
f 2230/2230/2230 2232/2232/2232 2237/2237/2237
f 2237/2237/2237 2234/2234/2234 2238/2238/2238
f 2235/2235/2235 2239/2239/2239 2236/2236/2236
f 2230/2230/2230 2239/2239/2239 2235/2235/2235
f 2239/2239/2239 2240/2240/2240 2236/2236/2236
f 2241/2241/2241 2237/2237/2237 2238/2238/2238
f 2230/2230/2230 2237/2237/2237 2241/2241/2241
f 2241/2241/2241 2238/2238/2238 2242/2242/2242
f 2239/2239/2239 2243/2243/2243 2240/2240/2240
f 2230/2230/2230 2243/2243/2243 2239/2239/2239
f 2243/2243/2243 2244/2244/2244 2240/2240/2240
f 2245/2245/2245 2242/2242/2242 2244/2244/2244
f 2245/2245/2245 2241/2241/2241 2242/2242/2242
f 2230/2230/2230 2241/2241/2241 2245/2245/2245
f 2243/2243/2243 2245/2245/2245 2244/2244/2244
f 2230/2230/2230 2245/2245/2245 2243/2243/2243
f 2248/2248/2248 2247/2247/2247 2246/2246/2246
f 2249/2249/2249 2248/2248/2248 2246/2246/2246
f 2250/2250/2250 2248/2248/2248 2249/2249/2249
f 2246/2246/2246 2247/2247/2247 2251/2251/2251
f 2247/2247/2247 2252/2252/2252 2251/2251/2251
f 2253/2253/2253 2250/2250/2250 2249/2249/2249
f 2254/2254/2254 2250/2250/2250 2253/2253/2253
f 2249/2249/2249 2246/2246/2246 2255/2255/2255
f 2246/2246/2246 2251/2251/2251 2255/2255/2255
f 2253/2253/2253 2249/2249/2249 2255/2255/2255
f 2251/2251/2251 2256/2256/2256 2255/2255/2255
f 2251/2251/2251 2252/2252/2252 2256/2256/2256
f 2257/2257/2257 2253/2253/2253 2255/2255/2255
f 2257/2257/2257 2254/2254/2254 2253/2253/2253
f 2252/2252/2252 2258/2258/2258 2256/2256/2256
f 2259/2259/2259 2254/2254/2254 2257/2257/2257
f 2256/2256/2256 2258/2258/2258 2260/2260/2260
f 2256/2256/2256 2260/2260/2260 2255/2255/2255
f 2258/2258/2258 2261/2261/2261 2260/2260/2260
f 2262/2262/2262 2259/2259/2259 2257/2257/2257
f 2262/2262/2262 2257/2257/2257 2255/2255/2255
f 2263/2263/2263 2259/2259/2259 2262/2262/2262
f 2260/2260/2260 2261/2261/2261 2264/2264/2264
f 2260/2260/2260 2264/2264/2264 2255/2255/2255
f 2261/2261/2261 2265/2265/2265 2264/2264/2264
f 2266/2266/2266 2263/2263/2263 2262/2262/2262
f 2266/2266/2266 2262/2262/2262 2255/2255/2255
f 2267/2267/2267 2263/2263/2263 2266/2266/2266
f 2264/2264/2264 2265/2265/2265 2268/2268/2268
f 2264/2264/2264 2268/2268/2268 2255/2255/2255
f 2265/2265/2265 2269/2269/2269 2268/2268/2268
f 2270/2270/2270 2267/2267/2267 2266/2266/2266
f 2270/2270/2270 2266/2266/2266 2255/2255/2255
f 2268/2268/2268 2270/2270/2270 2255/2255/2255
f 2269/2269/2269 2267/2267/2267 2270/2270/2270
f 2268/2268/2268 2269/2269/2269 2270/2270/2270
f 2273/2273/2273 2272/2272/2272 2271/2271/2271
f 2274/2274/2274 2273/2273/2273 2271/2271/2271
f 2274/2274/2274 2271/2271/2271 2275/2275/2275
f 2273/2273/2273 2276/2276/2276 2272/2272/2272
f 2276/2276/2276 2277/2277/2277 2272/2272/2272
f 2278/2278/2278 2274/2274/2274 2275/2275/2275
f 2278/2278/2278 2275/2275/2275 2279/2279/2279
f 2280/2280/2280 2273/2273/2273 2274/2274/2274
f 2280/2280/2280 2276/2276/2276 2273/2273/2273
f 2280/2280/2280 2274/2274/2274 2278/2278/2278
f 2280/2280/2280 2281/2281/2281 2276/2276/2276
f 2276/2276/2276 2281/2281/2281 2277/2277/2277
f 2280/2280/2280 2278/2278/2278 2282/2282/2282
f 2282/2282/2282 2278/2278/2278 2279/2279/2279
f 2281/2281/2281 2283/2283/2283 2277/2277/2277
f 2282/2282/2282 2279/2279/2279 2284/2284/2284
f 2281/2281/2281 2285/2285/2285 2283/2283/2283
f 2280/2280/2280 2285/2285/2285 2281/2281/2281
f 2285/2285/2285 2286/2286/2286 2283/2283/2283
f 2287/2287/2287 2282/2282/2282 2284/2284/2284
f 2280/2280/2280 2282/2282/2282 2287/2287/2287
f 2287/2287/2287 2284/2284/2284 2288/2288/2288
f 2285/2285/2285 2289/2289/2289 2286/2286/2286
f 2280/2280/2280 2289/2289/2289 2285/2285/2285
f 2289/2289/2289 2290/2290/2290 2286/2286/2286
f 2291/2291/2291 2287/2287/2287 2288/2288/2288
f 2280/2280/2280 2287/2287/2287 2291/2291/2291
f 2291/2291/2291 2288/2288/2288 2292/2292/2292
f 2289/2289/2289 2293/2293/2293 2290/2290/2290
f 2280/2280/2280 2293/2293/2293 2289/2289/2289
f 2293/2293/2293 2294/2294/2294 2290/2290/2290
f 2295/2295/2295 2292/2292/2292 2294/2294/2294
f 2295/2295/2295 2291/2291/2291 2292/2292/2292
f 2280/2280/2280 2291/2291/2291 2295/2295/2295
f 2293/2293/2293 2295/2295/2295 2294/2294/2294
f 2280/2280/2280 2295/2295/2295 2293/2293/2293
f 2298/2298/2298 2297/2297/2297 2296/2296/2296
f 2299/2299/2299 2298/2298/2298 2296/2296/2296
f 2300/2300/2300 2298/2298/2298 2299/2299/2299
f 2296/2296/2296 2297/2297/2297 2301/2301/2301
f 2297/2297/2297 2302/2302/2302 2301/2301/2301
f 2303/2303/2303 2300/2300/2300 2299/2299/2299
f 2304/2304/2304 2300/2300/2300 2303/2303/2303
f 2299/2299/2299 2296/2296/2296 2305/2305/2305
f 2296/2296/2296 2301/2301/2301 2305/2305/2305
f 2303/2303/2303 2299/2299/2299 2305/2305/2305
f 2301/2301/2301 2306/2306/2306 2305/2305/2305
f 2301/2301/2301 2302/2302/2302 2306/2306/2306
f 2307/2307/2307 2303/2303/2303 2305/2305/2305
f 2307/2307/2307 2304/2304/2304 2303/2303/2303
f 2302/2302/2302 2308/2308/2308 2306/2306/2306
f 2309/2309/2309 2304/2304/2304 2307/2307/2307
f 2306/2306/2306 2308/2308/2308 2310/2310/2310
f 2306/2306/2306 2310/2310/2310 2305/2305/2305
f 2308/2308/2308 2311/2311/2311 2310/2310/2310
f 2312/2312/2312 2309/2309/2309 2307/2307/2307
f 2312/2312/2312 2307/2307/2307 2305/2305/2305
f 2313/2313/2313 2309/2309/2309 2312/2312/2312
f 2310/2310/2310 2311/2311/2311 2314/2314/2314
f 2310/2310/2310 2314/2314/2314 2305/2305/2305
f 2311/2311/2311 2315/2315/2315 2314/2314/2314
f 2316/2316/2316 2313/2313/2313 2312/2312/2312
f 2316/2316/2316 2312/2312/2312 2305/2305/2305
f 2317/2317/2317 2313/2313/2313 2316/2316/2316
f 2314/2314/2314 2315/2315/2315 2318/2318/2318
f 2314/2314/2314 2318/2318/2318 2305/2305/2305
f 2315/2315/2315 2319/2319/2319 2318/2318/2318
f 2320/2320/2320 2317/2317/2317 2316/2316/2316
f 2320/2320/2320 2316/2316/2316 2305/2305/2305
f 2318/2318/2318 2320/2320/2320 2305/2305/2305
f 2319/2319/2319 2317/2317/2317 2320/2320/2320
f 2318/2318/2318 2319/2319/2319 2320/2320/2320
f 2323/2323/2323 2322/2322/2322 2321/2321/2321
f 2324/2324/2324 2323/2323/2323 2321/2321/2321
f 2324/2324/2324 2321/2321/2321 2325/2325/2325
f 2323/2323/2323 2326/2326/2326 2322/2322/2322
f 2326/2326/2326 2327/2327/2327 2322/2322/2322
f 2328/2328/2328 2324/2324/2324 2325/2325/2325
f 2328/2328/2328 2325/2325/2325 2329/2329/2329
f 2330/2330/2330 2323/2323/2323 2324/2324/2324
f 2330/2330/2330 2326/2326/2326 2323/2323/2323
f 2330/2330/2330 2324/2324/2324 2328/2328/2328
f 2330/2330/2330 2331/2331/2331 2326/2326/2326
f 2326/2326/2326 2331/2331/2331 2327/2327/2327
f 2330/2330/2330 2328/2328/2328 2332/2332/2332
f 2332/2332/2332 2328/2328/2328 2329/2329/2329
f 2331/2331/2331 2333/2333/2333 2327/2327/2327
f 2332/2332/2332 2329/2329/2329 2334/2334/2334
f 2331/2331/2331 2335/2335/2335 2333/2333/2333
f 2330/2330/2330 2335/2335/2335 2331/2331/2331
f 2335/2335/2335 2336/2336/2336 2333/2333/2333
f 2337/2337/2337 2332/2332/2332 2334/2334/2334
f 2330/2330/2330 2332/2332/2332 2337/2337/2337
f 2337/2337/2337 2334/2334/2334 2338/2338/2338
f 2335/2335/2335 2339/2339/2339 2336/2336/2336
f 2330/2330/2330 2339/2339/2339 2335/2335/2335
f 2339/2339/2339 2340/2340/2340 2336/2336/2336
f 2341/2341/2341 2337/2337/2337 2338/2338/2338
f 2330/2330/2330 2337/2337/2337 2341/2341/2341
f 2341/2341/2341 2338/2338/2338 2342/2342/2342
f 2339/2339/2339 2343/2343/2343 2340/2340/2340
f 2330/2330/2330 2343/2343/2343 2339/2339/2339
f 2343/2343/2343 2344/2344/2344 2340/2340/2340
f 2345/2345/2345 2342/2342/2342 2344/2344/2344
f 2345/2345/2345 2341/2341/2341 2342/2342/2342
f 2330/2330/2330 2341/2341/2341 2345/2345/2345
f 2343/2343/2343 2345/2345/2345 2344/2344/2344
f 2330/2330/2330 2345/2345/2345 2343/2343/2343
f 2348/2348/2348 2347/2347/2347 2346/2346/2346
f 2349/2349/2349 2348/2348/2348 2346/2346/2346
f 2350/2350/2350 2348/2348/2348 2349/2349/2349
f 2346/2346/2346 2347/2347/2347 2351/2351/2351
f 2347/2347/2347 2352/2352/2352 2351/2351/2351
f 2353/2353/2353 2350/2350/2350 2349/2349/2349
f 2354/2354/2354 2350/2350/2350 2353/2353/2353
f 2349/2349/2349 2346/2346/2346 2355/2355/2355
f 2346/2346/2346 2351/2351/2351 2355/2355/2355
f 2353/2353/2353 2349/2349/2349 2355/2355/2355
f 2351/2351/2351 2356/2356/2356 2355/2355/2355
f 2351/2351/2351 2352/2352/2352 2356/2356/2356
f 2357/2357/2357 2353/2353/2353 2355/2355/2355
f 2357/2357/2357 2354/2354/2354 2353/2353/2353
f 2352/2352/2352 2358/2358/2358 2356/2356/2356
f 2359/2359/2359 2354/2354/2354 2357/2357/2357
f 2356/2356/2356 2358/2358/2358 2360/2360/2360
f 2356/2356/2356 2360/2360/2360 2355/2355/2355
f 2358/2358/2358 2361/2361/2361 2360/2360/2360
f 2362/2362/2362 2359/2359/2359 2357/2357/2357
f 2362/2362/2362 2357/2357/2357 2355/2355/2355
f 2363/2363/2363 2359/2359/2359 2362/2362/2362
f 2360/2360/2360 2361/2361/2361 2364/2364/2364
f 2360/2360/2360 2364/2364/2364 2355/2355/2355
f 2361/2361/2361 2365/2365/2365 2364/2364/2364
f 2366/2366/2366 2363/2363/2363 2362/2362/2362
f 2366/2366/2366 2362/2362/2362 2355/2355/2355
f 2367/2367/2367 2363/2363/2363 2366/2366/2366
f 2364/2364/2364 2365/2365/2365 2368/2368/2368
f 2364/2364/2364 2368/2368/2368 2355/2355/2355
f 2365/2365/2365 2369/2369/2369 2368/2368/2368
f 2370/2370/2370 2367/2367/2367 2366/2366/2366
f 2370/2370/2370 2366/2366/2366 2355/2355/2355
f 2368/2368/2368 2370/2370/2370 2355/2355/2355
f 2369/2369/2369 2367/2367/2367 2370/2370/2370
f 2368/2368/2368 2369/2369/2369 2370/2370/2370
f 2373/2373/2373 2372/2372/2372 2371/2371/2371
f 2374/2374/2374 2373/2373/2373 2371/2371/2371
f 2374/2374/2374 2371/2371/2371 2375/2375/2375
f 2373/2373/2373 2376/2376/2376 2372/2372/2372
f 2376/2376/2376 2377/2377/2377 2372/2372/2372
f 2378/2378/2378 2374/2374/2374 2375/2375/2375
f 2378/2378/2378 2375/2375/2375 2379/2379/2379
f 2380/2380/2380 2373/2373/2373 2374/2374/2374
f 2380/2380/2380 2376/2376/2376 2373/2373/2373
f 2380/2380/2380 2374/2374/2374 2378/2378/2378
f 2380/2380/2380 2381/2381/2381 2376/2376/2376
f 2376/2376/2376 2381/2381/2381 2377/2377/2377
f 2380/2380/2380 2378/2378/2378 2382/2382/2382
f 2382/2382/2382 2378/2378/2378 2379/2379/2379
f 2381/2381/2381 2383/2383/2383 2377/2377/2377
f 2382/2382/2382 2379/2379/2379 2384/2384/2384
f 2381/2381/2381 2385/2385/2385 2383/2383/2383
f 2380/2380/2380 2385/2385/2385 2381/2381/2381
f 2385/2385/2385 2386/2386/2386 2383/2383/2383
f 2387/2387/2387 2382/2382/2382 2384/2384/2384
f 2380/2380/2380 2382/2382/2382 2387/2387/2387
f 2387/2387/2387 2384/2384/2384 2388/2388/2388
f 2385/2385/2385 2389/2389/2389 2386/2386/2386
f 2380/2380/2380 2389/2389/2389 2385/2385/2385
f 2389/2389/2389 2390/2390/2390 2386/2386/2386
f 2391/2391/2391 2387/2387/2387 2388/2388/2388
f 2380/2380/2380 2387/2387/2387 2391/2391/2391
f 2391/2391/2391 2388/2388/2388 2392/2392/2392
f 2389/2389/2389 2393/2393/2393 2390/2390/2390
f 2380/2380/2380 2393/2393/2393 2389/2389/2389
f 2393/2393/2393 2394/2394/2394 2390/2390/2390
f 2395/2395/2395 2392/2392/2392 2394/2394/2394
f 2395/2395/2395 2391/2391/2391 2392/2392/2392
f 2380/2380/2380 2391/2391/2391 2395/2395/2395
f 2393/2393/2393 2395/2395/2395 2394/2394/2394
f 2380/2380/2380 2395/2395/2395 2393/2393/2393
f 2398/2398/2398 2397/2397/2397 2396/2396/2396
f 2399/2399/2399 2398/2398/2398 2396/2396/2396
f 2396/2396/2396 2397/2397/2397 2400/2400/2400
f 2401/2401/2401 2398/2398/2398 2399/2399/2399
f 2397/2397/2397 2402/2402/2402 2400/2400/2400
f 2403/2403/2403 2401/2401/2401 2399/2399/2399
f 2400/2400/2400 2402/2402/2402 2404/2404/2404
f 2405/2405/2405 2401/2401/2401 2403/2403/2403
f 2402/2402/2402 2406/2406/2406 2404/2404/2404
f 2407/2407/2407 2405/2405/2405 2403/2403/2403
f 2404/2404/2404 2406/2406/2406 2408/2408/2408
f 2409/2409/2409 2405/2405/2405 2407/2407/2407
f 2406/2406/2406 2410/2410/2410 2408/2408/2408
f 2411/2411/2411 2409/2409/2409 2407/2407/2407
f 2408/2408/2408 2410/2410/2410 2412/2412/2412
f 2413/2413/2413 2409/2409/2409 2411/2411/2411
f 2410/2410/2410 2414/2414/2414 2412/2412/2412
f 2415/2415/2415 2413/2413/2413 2411/2411/2411
f 2412/2412/2412 2414/2414/2414 2416/2416/2416
f 2417/2417/2417 2413/2413/2413 2415/2415/2415
f 2414/2414/2414 2418/2418/2418 2416/2416/2416
f 2419/2419/2419 2417/2417/2417 2415/2415/2415
f 2416/2416/2416 2418/2418/2418 2419/2419/2419
f 2418/2418/2418 2417/2417/2417 2419/2419/2419
f 2422/2422/2422 2421/2421/2421 2420/2420/2420
f 2423/2423/2423 2422/2422/2422 2420/2420/2420
f 2420/2420/2420 2421/2421/2421 2424/2424/2424
f 2425/2425/2425 2422/2422/2422 2423/2423/2423
f 2421/2421/2421 2426/2426/2426 2424/2424/2424
f 2427/2427/2427 2425/2425/2425 2423/2423/2423
f 2424/2424/2424 2426/2426/2426 2428/2428/2428
f 2429/2429/2429 2425/2425/2425 2427/2427/2427
f 2426/2426/2426 2430/2430/2430 2428/2428/2428
f 2431/2431/2431 2429/2429/2429 2427/2427/2427
f 2428/2428/2428 2430/2430/2430 2432/2432/2432
f 2433/2433/2433 2429/2429/2429 2431/2431/2431
f 2430/2430/2430 2434/2434/2434 2432/2432/2432
f 2435/2435/2435 2433/2433/2433 2431/2431/2431
f 2432/2432/2432 2434/2434/2434 2436/2436/2436
f 2437/2437/2437 2433/2433/2433 2435/2435/2435
f 2434/2434/2434 2438/2438/2438 2436/2436/2436
f 2439/2439/2439 2437/2437/2437 2435/2435/2435
f 2436/2436/2436 2438/2438/2438 2440/2440/2440
f 2441/2441/2441 2437/2437/2437 2439/2439/2439
f 2438/2438/2438 2442/2442/2442 2440/2440/2440
f 2443/2443/2443 2441/2441/2441 2439/2439/2439
f 2440/2440/2440 2442/2442/2442 2443/2443/2443
f 2442/2442/2442 2441/2441/2441 2443/2443/2443
f 2446/2446/2446 2445/2445/2445 2444/2444/2444
f 2447/2447/2447 2446/2446/2446 2444/2444/2444
f 2444/2444/2444 2445/2445/2445 2448/2448/2448
f 2449/2449/2449 2446/2446/2446 2447/2447/2447
f 2445/2445/2445 2450/2450/2450 2448/2448/2448
f 2451/2451/2451 2449/2449/2449 2447/2447/2447
f 2448/2448/2448 2450/2450/2450 2452/2452/2452
f 2453/2453/2453 2449/2449/2449 2451/2451/2451
f 2450/2450/2450 2454/2454/2454 2452/2452/2452
f 2455/2455/2455 2453/2453/2453 2451/2451/2451
f 2452/2452/2452 2454/2454/2454 2456/2456/2456
f 2457/2457/2457 2453/2453/2453 2455/2455/2455
f 2454/2454/2454 2458/2458/2458 2456/2456/2456
f 2459/2459/2459 2457/2457/2457 2455/2455/2455
f 2456/2456/2456 2458/2458/2458 2460/2460/2460
f 2461/2461/2461 2457/2457/2457 2459/2459/2459
f 2458/2458/2458 2462/2462/2462 2460/2460/2460
f 2463/2463/2463 2461/2461/2461 2459/2459/2459
f 2460/2460/2460 2462/2462/2462 2464/2464/2464
f 2465/2465/2465 2461/2461/2461 2463/2463/2463
f 2462/2462/2462 2466/2466/2466 2464/2464/2464
f 2467/2467/2467 2465/2465/2465 2463/2463/2463
f 2464/2464/2464 2466/2466/2466 2467/2467/2467
f 2466/2466/2466 2465/2465/2465 2467/2467/2467
f 2470/2470/2470 2469/2469/2469 2468/2468/2468
f 2471/2471/2471 2470/2470/2470 2468/2468/2468
f 2468/2468/2468 2469/2469/2469 2472/2472/2472
f 2473/2473/2473 2470/2470/2470 2471/2471/2471
f 2469/2469/2469 2474/2474/2474 2472/2472/2472
f 2475/2475/2475 2473/2473/2473 2471/2471/2471
f 2472/2472/2472 2474/2474/2474 2476/2476/2476
f 2477/2477/2477 2473/2473/2473 2475/2475/2475
f 2474/2474/2474 2478/2478/2478 2476/2476/2476
f 2479/2479/2479 2477/2477/2477 2475/2475/2475
f 2476/2476/2476 2478/2478/2478 2480/2480/2480
f 2481/2481/2481 2477/2477/2477 2479/2479/2479
f 2478/2478/2478 2482/2482/2482 2480/2480/2480
f 2483/2483/2483 2481/2481/2481 2479/2479/2479
f 2480/2480/2480 2482/2482/2482 2484/2484/2484
f 2485/2485/2485 2481/2481/2481 2483/2483/2483
f 2482/2482/2482 2486/2486/2486 2484/2484/2484
f 2487/2487/2487 2485/2485/2485 2483/2483/2483
f 2484/2484/2484 2486/2486/2486 2488/2488/2488
f 2489/2489/2489 2485/2485/2485 2487/2487/2487
f 2486/2486/2486 2490/2490/2490 2488/2488/2488
f 2491/2491/2491 2489/2489/2489 2487/2487/2487
f 2488/2488/2488 2490/2490/2490 2491/2491/2491
f 2490/2490/2490 2489/2489/2489 2491/2491/2491
f 2494/2494/2494 2493/2493/2493 2492/2492/2492
f 2495/2495/2495 2494/2494/2494 2492/2492/2492
f 2494/2494/2494 2496/2496/2496 2493/2493/2493
f 2495/2495/2495 2492/2492/2492 2497/2497/2497
f 2496/2496/2496 2498/2498/2498 2493/2493/2493
f 2499/2499/2499 2495/2495/2495 2497/2497/2497
f 2496/2496/2496 2500/2500/2500 2498/2498/2498
f 2499/2499/2499 2497/2497/2497 2501/2501/2501
f 2500/2500/2500 2502/2502/2502 2498/2498/2498
f 2503/2503/2503 2499/2499/2499 2501/2501/2501
f 2500/2500/2500 2504/2504/2504 2502/2502/2502
f 2503/2503/2503 2501/2501/2501 2505/2505/2505
f 2504/2504/2504 2506/2506/2506 2502/2502/2502
f 2507/2507/2507 2503/2503/2503 2505/2505/2505
f 2504/2504/2504 2508/2508/2508 2506/2506/2506
f 2507/2507/2507 2505/2505/2505 2509/2509/2509
f 2508/2508/2508 2510/2510/2510 2506/2506/2506
f 2511/2511/2511 2507/2507/2507 2509/2509/2509
f 2508/2508/2508 2512/2512/2512 2510/2510/2510
f 2511/2511/2511 2509/2509/2509 2513/2513/2513
f 2512/2512/2512 2514/2514/2514 2510/2510/2510
f 2515/2515/2515 2511/2511/2511 2513/2513/2513
f 2515/2515/2515 2513/2513/2513 2514/2514/2514
f 2512/2512/2512 2515/2515/2515 2514/2514/2514
f 2518/2518/2518 2517/2517/2517 2516/2516/2516
f 2519/2519/2519 2518/2518/2518 2516/2516/2516
f 2518/2518/2518 2520/2520/2520 2517/2517/2517
f 2519/2519/2519 2516/2516/2516 2521/2521/2521
f 2520/2520/2520 2522/2522/2522 2517/2517/2517
f 2523/2523/2523 2519/2519/2519 2521/2521/2521
f 2520/2520/2520 2524/2524/2524 2522/2522/2522
f 2523/2523/2523 2521/2521/2521 2525/2525/2525
f 2524/2524/2524 2526/2526/2526 2522/2522/2522
f 2527/2527/2527 2523/2523/2523 2525/2525/2525
f 2524/2524/2524 2528/2528/2528 2526/2526/2526
f 2527/2527/2527 2525/2525/2525 2529/2529/2529
f 2528/2528/2528 2530/2530/2530 2526/2526/2526
f 2531/2531/2531 2527/2527/2527 2529/2529/2529
f 2528/2528/2528 2532/2532/2532 2530/2530/2530
f 2531/2531/2531 2529/2529/2529 2533/2533/2533
f 2532/2532/2532 2534/2534/2534 2530/2530/2530
f 2535/2535/2535 2531/2531/2531 2533/2533/2533
f 2532/2532/2532 2536/2536/2536 2534/2534/2534
f 2535/2535/2535 2533/2533/2533 2537/2537/2537
f 2536/2536/2536 2538/2538/2538 2534/2534/2534
f 2539/2539/2539 2535/2535/2535 2537/2537/2537
f 2539/2539/2539 2537/2537/2537 2538/2538/2538
f 2536/2536/2536 2539/2539/2539 2538/2538/2538
f 2542/2542/2542 2541/2541/2541 2540/2540/2540
f 2543/2543/2543 2542/2542/2542 2540/2540/2540
f 2542/2542/2542 2544/2544/2544 2541/2541/2541
f 2543/2543/2543 2540/2540/2540 2545/2545/2545
f 2544/2544/2544 2546/2546/2546 2541/2541/2541
f 2547/2547/2547 2543/2543/2543 2545/2545/2545
f 2544/2544/2544 2548/2548/2548 2546/2546/2546
f 2547/2547/2547 2545/2545/2545 2549/2549/2549
f 2548/2548/2548 2550/2550/2550 2546/2546/2546
f 2551/2551/2551 2547/2547/2547 2549/2549/2549
f 2548/2548/2548 2552/2552/2552 2550/2550/2550
f 2551/2551/2551 2549/2549/2549 2553/2553/2553
f 2552/2552/2552 2554/2554/2554 2550/2550/2550
f 2555/2555/2555 2551/2551/2551 2553/2553/2553
f 2552/2552/2552 2556/2556/2556 2554/2554/2554
f 2555/2555/2555 2553/2553/2553 2557/2557/2557
f 2556/2556/2556 2558/2558/2558 2554/2554/2554
f 2559/2559/2559 2555/2555/2555 2557/2557/2557
f 2556/2556/2556 2560/2560/2560 2558/2558/2558
f 2559/2559/2559 2557/2557/2557 2561/2561/2561
f 2560/2560/2560 2562/2562/2562 2558/2558/2558
f 2563/2563/2563 2559/2559/2559 2561/2561/2561
f 2563/2563/2563 2561/2561/2561 2562/2562/2562
f 2560/2560/2560 2563/2563/2563 2562/2562/2562
f 2566/2566/2566 2565/2565/2565 2564/2564/2564
f 2567/2567/2567 2566/2566/2566 2564/2564/2564
f 2566/2566/2566 2568/2568/2568 2565/2565/2565
f 2567/2567/2567 2564/2564/2564 2569/2569/2569
f 2568/2568/2568 2570/2570/2570 2565/2565/2565
f 2571/2571/2571 2567/2567/2567 2569/2569/2569
f 2568/2568/2568 2572/2572/2572 2570/2570/2570
f 2571/2571/2571 2569/2569/2569 2573/2573/2573
f 2572/2572/2572 2574/2574/2574 2570/2570/2570
f 2575/2575/2575 2571/2571/2571 2573/2573/2573
f 2572/2572/2572 2576/2576/2576 2574/2574/2574
f 2575/2575/2575 2573/2573/2573 2577/2577/2577
f 2576/2576/2576 2578/2578/2578 2574/2574/2574
f 2579/2579/2579 2575/2575/2575 2577/2577/2577
f 2576/2576/2576 2580/2580/2580 2578/2578/2578
f 2579/2579/2579 2577/2577/2577 2581/2581/2581
f 2580/2580/2580 2582/2582/2582 2578/2578/2578
f 2583/2583/2583 2579/2579/2579 2581/2581/2581
f 2580/2580/2580 2584/2584/2584 2582/2582/2582
f 2583/2583/2583 2581/2581/2581 2585/2585/2585
f 2584/2584/2584 2586/2586/2586 2582/2582/2582
f 2587/2587/2587 2583/2583/2583 2585/2585/2585
f 2587/2587/2587 2585/2585/2585 2586/2586/2586
f 2584/2584/2584 2587/2587/2587 2586/2586/2586
