g GuardTower_1_1
v 0.4104001 0.3462298 -2.1696093
v 0.3928601 0.3478998 -2.1576793
v 0.39832014 0.3454398 -2.2051895
v 0.41194013 0.22028977 -2.1018693
v 0.4028601 0.2257598 -2.1319792
v 0.42085013 0.20039977 -2.1616397
v 0.39358014 0.22912978 -2.1141794
v 0.4028601 0.2257598 -2.1319792
v 0.41194013 0.22028977 -2.1018693
v 0.26576015 0.22293977 -2.3004396
v 0.26958013 0.19345976 -2.3069396
v 0.33945012 0.21184973 -2.3264093
v 0.33945012 0.21184973 -2.3264093
v 0.34281015 0.2236898 -2.3020396
v 0.26576015 0.22293977 -2.3004396
v 0.26469013 0.2036898 -2.3185594
v 0.26958013 0.19345976 -2.3069396
v 0.26576015 0.22293977 -2.3004396
v 0.26958013 0.19345976 -2.3069396
v 0.26469013 0.2036898 -2.3185594
v 0.26868016 0.10188976 -2.3185594
v 0.21581016 0.22748975 -2.2509594
v 0.22044018 0.23166974 -2.2992895
v 0.2222402 0.31036973 -2.2893398
v 0.21872015 0.22923976 -2.1213796
v 0.21303014 0.22375979 -2.1730897
v 0.21761017 0.31293976 -2.1225395
v 0.40038007 0.30594975 -2.2206595
v 0.39832014 0.3454398 -2.2051895
v 0.39078012 0.4046298 -2.2235994
v 0.38168013 0.4000598 -2.2275293
v 0.3825701 0.3176198 -2.2908194
v 0.3840301 0.41097972 -2.2953296
v 0.39078012 0.4046298 -2.2235994
v 0.38168013 0.4000598 -2.2275293
v 0.40038007 0.30594975 -2.2206595
v 0.3928601 0.3478998 -2.1576793
v 0.38935012 0.3205998 -2.1388595
v 0.3915601 0.40700978 -2.1649091
v 0.3497801 0.4114097 -2.1575391
v 0.3915601 0.40700978 -2.1649091
v 0.37759012 0.40571973 -2.1206095
v 0.39832014 0.3454398 -2.2051895
v 0.40038007 0.30594975 -2.2206595
v 0.40473005 0.20061974 -2.2281196
v 0.21389018 0.20254974 -2.3169594
v 0.22044018 0.23166974 -2.2992895
v 0.19478017 0.20655978 -2.2861297
v 0.22044018 0.23166974 -2.2992895
v 0.26576015 0.22293977 -2.3004396
v 0.2222402 0.31036973 -2.2893398
v 0.35258016 0.4100097 -2.2176893
v 0.34491014 0.39907977 -2.2201793
v 0.3536001 0.4042898 -2.2269397
v 0.26110017 0.39750978 -2.2497594
v 0.29118016 0.39609978 -2.2481894
v 0.25847018 0.4016398 -2.1619594
v 0.25847018 0.4016398 -2.1619594
v 0.34491014 0.39907977 -2.2201793
v 0.3421101 0.40267977 -2.1653993
v 0.34491014 0.39907977 -2.2201793
v 0.29118016 0.39609978 -2.2481894
v 0.34996018 0.40073976 -2.2468793
v -0.4103997 0.3462298 -2.1696098
v -0.39831975 0.3454398 -2.2051897
v -0.39285976 0.3478998 -2.1576796
v -0.41193983 0.22028977 -2.1018696
v -0.4208497 0.20039977 -2.16164
v -0.4028598 0.2257598 -2.1319797
v -0.39357975 0.22912978 -2.1141796
v -0.41193983 0.22028977 -2.1018696
v -0.4028598 0.2257598 -2.1319797
v -0.26575977 0.22293977 -2.3004396
v -0.33944973 0.21184973 -2.32641
v -0.26957974 0.19345976 -2.3069398
v -0.33944973 0.21184973 -2.32641
v -0.26575977 0.22293977 -2.3004396
v -0.34280977 0.2236898 -2.3020399
v -0.26468977 0.2036898 -2.3185596
v -0.26575977 0.22293977 -2.3004396
v -0.26957974 0.19345976 -2.3069398
v -0.26957974 0.19345976 -2.3069398
v -0.26867974 0.10188976 -2.3185596
v -0.26468977 0.2036898 -2.3185596
v -0.21580972 0.22748975 -2.2509594
v -0.22223978 0.31036973 -2.2893398
v -0.22043979 0.23166974 -2.2992895
v -0.21871977 0.22923976 -2.1213796
v -0.21760975 0.31293976 -2.1225395
v -0.2130298 0.22375979 -2.1730897
v -0.20768978 0.2042798 -2.10202
v -0.21871977 0.22923976 -2.1213796
v -0.19753978 0.20381977 -2.1200597
v -0.4003797 0.30594975 -2.22066
v -0.39077976 0.4046298 -2.2236001
v -0.39831975 0.3454398 -2.2051897
v -0.38167974 0.4000598 -2.2275295
v -0.38256976 0.3176198 -2.29082
v -0.38402978 0.41097972 -2.2953298
v -0.39077976 0.4046298 -2.2236001
v -0.4003797 0.30594975 -2.22066
v -0.38167974 0.4000598 -2.2275295
v -0.39285976 0.3478998 -2.1576796
v -0.39155975 0.40700978 -2.1649096
v -0.38934976 0.3205998 -2.1388595
v -0.34977978 0.4114097 -2.1575396
v -0.37758973 0.40571973 -2.12061
v -0.39155975 0.40700978 -2.1649096
v -0.39831975 0.3454398 -2.2051897
v -0.40472972 0.20061974 -2.2281196
v -0.4003797 0.30594975 -2.22066
v -0.21388973 0.20254974 -2.3169594
v -0.19477975 0.20655978 -2.2861297
v -0.22043979 0.23166974 -2.2992895
v -0.22043979 0.23166974 -2.2992895
v -0.22223978 0.31036973 -2.2893398
v -0.26575977 0.22293977 -2.3004396
v -0.3525797 0.4100097 -2.2176898
v -0.35359973 0.4042898 -2.22694
v -0.34490976 0.39907977 -2.2201796
v -0.26109976 0.39750978 -2.2497597
v -0.2584698 0.4016398 -2.1619596
v -0.29117972 0.39609978 -2.2481897
v -0.2584698 0.4016398 -2.1619596
v -0.34210974 0.40267977 -2.1653996
v -0.34490976 0.39907977 -2.2201796
v -0.34490976 0.39907977 -2.2201796
v -0.29117972 0.39609978 -2.2481897
v -0.3499597 0.40073976 -2.2468796
v 0.23654015 0.2540698 -2.2667997
v 0.18229015 0.30419976 -2.2416294
v 0.16018015 0.2540698 -2.2667997
v -0.23653974 0.2540698 -2.2667997
v -0.16017976 0.2540698 -2.2667997
v -0.18228976 0.30419976 -2.2416294
v 1.3024684 0.28768975 -2.3028805
v 1.2849284 0.28962976 -2.2909508
v 1.2903886 0.28676975 -2.3499308
v 1.2856485 0.15189977 -2.2474508
v 1.2949286 0.14997979 -2.2652504
v 1.3040085 0.14164977 -2.2351408
v 1.1578287 0.14471975 -2.433701
v 1.1616484 0.110539764 -2.4402108
v 1.2315184 0.13186975 -2.4596808
v 1.2315184 0.13186975 -2.4596808
v 1.2348785 0.14559975 -2.4353106
v 1.1578287 0.14471975 -2.433701
v 1.1515185 0.12239978 -2.4518309
v 1.1616484 0.110539764 -2.4402108
v 1.1578287 0.14471975 -2.433701
v 1.1616484 0.110539764 -2.4402108
v 1.1515185 0.12239978 -2.4518309
v 1.1607485 -2.1434502E-07 -2.4518209
v 1.1078787 0.14998975 -2.384221
v 1.1125084 0.15484977 -2.432561
v 1.1121887 0.24999973 -2.428031
v 1.1107885 0.15201977 -2.254651
v 1.1050987 0.14566977 -2.3063607
v 1.1096784 0.24908976 -2.255811
v 1.0997586 0.12307979 -2.235291
v 1.0896083 0.12254979 -2.2533307
v 1.1107885 0.15201977 -2.254651
v 1.2828484 0.35540974 -2.3540406
v 1.2443686 0.37605974 -2.3555405
v 1.2723684 0.34699976 -2.3608007
v 1.2849284 0.28962976 -2.2909508
v 1.2814183 0.25796974 -2.272131
v 1.2836285 0.35816976 -2.2981806
v 1.2387986 0.3745697 -2.2939405
v 1.2836285 0.35816976 -2.2981806
v 1.2696586 0.35666972 -2.2538807
v 1.2903886 0.28676975 -2.3499308
v 1.2818285 0.2631898 -2.3580506
v 1.2938285 0.12469976 -2.3606806
v 1.1059585 0.12107977 -2.4502308
v 1.1125084 0.15484977 -2.432561
v 1.0868486 0.12572975 -2.419401
v 1.1125084 0.15484977 -2.432561
v 1.1578287 0.14471975 -2.433701
v 1.1121887 0.24999973 -2.428031
v 1.2590284 0.24665973 -2.4311306
v 1.1578287 0.14471975 -2.433701
v 1.2348785 0.14559975 -2.4353106
v 1.1488886 0.3691897 -2.3875608
v 1.1863685 0.37338972 -2.386781
v 1.1459684 0.37751973 -2.2901306
v 1.1459684 0.37751973 -2.2901306
v 1.2443686 0.37605974 -2.3555405
v 1.2387986 0.3745697 -2.2939405
v 1.2938285 0.12469976 -2.3606806
v 1.2740387 0.14614975 -2.4303105
v 1.3069286 0.118849784 -2.3613908
v -1.0909674 0.28768975 -2.3028808
v -1.1085074 0.28962976 -2.2909505
v -1.1030475 0.28676975 -2.3499312
v -1.1077874 0.15189977 -2.2474506
v -1.0985076 0.14997979 -2.2652507
v -1.0894277 0.14164977 -2.2351413
v -1.2356074 0.14471975 -2.433701
v -1.2317874 0.110539764 -2.4402108
v -1.1619174 0.13186975 -2.459681
v -1.1619174 0.13186975 -2.459681
v -1.1585574 0.14559975 -2.4353108
v -1.2356074 0.14471975 -2.433701
v -1.2419174 0.12239978 -2.451831
v -1.2317874 0.110539764 -2.4402108
v -1.2356074 0.14471975 -2.433701
v -1.2317874 0.110539764 -2.4402108
v -1.2419174 0.12239978 -2.451831
v -1.2326875 -2.1434502E-07 -2.4518209
v -1.2855575 0.14998975 -2.3842208
v -1.2809274 0.15484977 -2.4325607
v -1.2812474 0.24999973 -2.4280307
v -1.2826474 0.15201977 -2.2546508
v -1.2883375 0.14566977 -2.3063607
v -1.2837574 0.24908976 -2.2558112
v -1.1105876 0.35540974 -2.3540406
v -1.1490676 0.37605974 -2.3555408
v -1.1210675 0.34699976 -2.3608012
v -1.1085074 0.28962976 -2.2909505
v -1.1120175 0.25796974 -2.2721307
v -1.1098077 0.35816976 -2.298181
v -1.1546376 0.3745697 -2.293941
v -1.1098077 0.35816976 -2.298181
v -1.1237776 0.35666972 -2.253881
v -1.1030475 0.28676975 -2.3499312
v -1.1116073 0.2631898 -2.3580508
v -1.0996076 0.12469976 -2.360681
v -1.2874776 0.12107977 -2.450231
v -1.2809274 0.15484977 -2.4325607
v -1.3065875 0.12572975 -2.4194007
v -1.2809274 0.15484977 -2.4325607
v -1.2356074 0.14471975 -2.433701
v -1.2812474 0.24999973 -2.4280307
v -1.1344075 0.24665973 -2.431131
v -1.2356074 0.14471975 -2.433701
v -1.1585574 0.14559975 -2.4353108
v -1.2445476 0.3691897 -2.387561
v -1.2070676 0.37338972 -2.3867812
v -1.2474678 0.37751973 -2.290131
v -1.2474678 0.37751973 -2.290131
v -1.1490676 0.37605974 -2.3555408
v -1.1546376 0.3745697 -2.293941
v -1.0996076 0.12469976 -2.360681
v -1.1193974 0.14614975 -2.4303107
v -1.0865076 0.118849784 -2.3613906
v 2.4746978 0.28768983 -1.1978996
v 2.4610696 0.28962985 -1.1859696
v 2.4665298 0.28676984 -1.2449496
v 2.4617896 0.15189987 -1.1424696
v 2.4710698 0.14997989 -1.1602695
v 2.4801497 0.14164987 -1.1301596
v 2.3339698 0.14471984 -1.3287196
v 2.3377895 0.11053986 -1.3352296
v 2.4076595 0.13186984 -1.3546996
v 2.4076595 0.13186984 -1.3546996
v 2.4110198 0.14559984 -1.3303297
v 2.3339698 0.14471984 -1.3287196
v 2.3276596 0.122399874 -1.3468497
v 2.3377895 0.11053986 -1.3352296
v 2.3339698 0.14471984 -1.3287196
v 2.3377895 0.11053986 -1.3352296
v 2.3276596 0.122399874 -1.3468497
v 2.3368897 -1.1774449E-07 -1.3468397
v 2.28402 0.14998984 -1.2792399
v 2.28865 0.15484987 -1.3275797
v 2.2883296 0.24999984 -1.3230498
v 2.2869296 0.15201987 -1.1496699
v 2.28124 0.14566986 -1.2013795
v 2.2858195 0.24908987 -1.1508296
v 2.2758996 0.12307988 -1.1303098
v 2.2657495 0.12254988 -1.1483495
v 2.2869296 0.15201987 -1.1496699
v 2.4589896 0.35540983 -1.2490594
v 2.4205098 0.37605983 -1.2505596
v 2.4485097 0.34699985 -1.2558196
v 2.4610696 0.28962985 -1.1859696
v 2.4575593 0.25796983 -1.1671497
v 2.4597697 0.35816985 -1.1931996
v 2.4149396 0.37456977 -1.1889596
v 2.4597697 0.35816985 -1.1931996
v 2.4457994 0.35666978 -1.1488996
v 2.4665298 0.28676984 -1.2449496
v 2.4579697 0.26318988 -1.2530696
v 2.4699695 0.12469985 -1.2556996
v 2.2820995 0.12107987 -1.3452499
v 2.28865 0.15484987 -1.3275797
v 2.2629898 0.12572984 -1.3144196
v 2.28865 0.15484987 -1.3275797
v 2.3339698 0.14471984 -1.3287196
v 2.2883296 0.24999984 -1.3230498
v 2.4351697 0.24665983 -1.3261497
v 2.3339698 0.14471984 -1.3287196
v 2.4110198 0.14559984 -1.3303297
v 2.3250299 0.36918983 -1.2825797
v 2.3625095 0.37338984 -1.2817996
v 2.3221097 0.37751982 -1.1851497
v 2.3221097 0.37751982 -1.1851497
v 2.4205098 0.37605983 -1.2505596
v 2.4149396 0.37456977 -1.1889596
v 2.4699695 0.12469985 -1.2556996
v 2.4501796 0.14614986 -1.3253295
v 2.48307 0.11884989 -1.2564098
v 1.3024682 0.2876901 2.3028808
v 1.2903882 0.28677014 2.3499312
v 1.2849282 0.28963012 2.2909508
v 1.2856482 0.15190017 2.2474506
v 1.3040082 0.14165017 2.2351413
v 1.2949283 0.14998019 2.2652507
v 1.1078782 0.14999017 2.3842206
v 1.1121881 0.25000015 2.4280305
v 1.112508 0.1548502 2.4325604
v 1.1107882 0.15202017 2.2546506
v 1.1096781 0.24909016 2.2558112
v 1.1050985 0.14567018 2.3063607
v 1.0997584 0.12308018 2.235291
v 1.1107882 0.15202017 2.2546506
v 1.0896081 0.122550175 2.2533307
v 1.0997584 0.12308018 2.235291
v 1.1549081 0.14192016 2.2238307
v 1.1107882 0.15202017 2.2546506
v 1.2828481 0.35541013 2.3540409
v 1.2723682 0.34700015 2.3608012
v 1.2443681 0.37606013 2.3555408
v 1.2849282 0.28963012 2.2909508
v 1.2836282 0.35817015 2.298181
v 1.2814181 0.25797012 2.272131
v 1.2387984 0.37457007 2.293941
v 1.2696583 0.35667008 2.253881
v 1.2836282 0.35817015 2.298181
v 1.2903882 0.28677014 2.3499312
v 1.2938281 0.12470018 2.360681
v 1.2818282 0.26319018 2.3580508
v 1.2723682 0.34700015 2.3608012
v 1.2903882 0.28677014 2.3499312
v 1.2828481 0.35541013 2.3540409
v 1.1488881 0.36919016 2.3875604
v 1.1459682 0.3775201 2.290131
v 1.1863681 0.37339014 2.3867812
v 1.1459682 0.3775201 2.290131
v 1.2387984 0.37457007 2.293941
v 1.2443681 0.37606013 2.3555408
v 1.2938281 0.12470018 2.360681
v 1.3069282 0.11885021 2.361391
v 1.2740381 0.14615019 2.4303107
v -1.0909677 0.2876901 2.302881
v -1.1030478 0.28677014 2.349931
v -1.1085076 0.28963012 2.2909508
v -1.1077876 0.15190017 2.2474508
v -1.089428 0.14165017 2.235141
v -1.0985079 0.14998019 2.265251
v -1.161918 0.13187018 2.459681
v -1.2356077 0.14472017 2.4337008
v -1.1585579 0.14560017 2.4353108
v -1.2855577 0.14999017 2.3842206
v -1.2812477 0.25000015 2.4280305
v -1.280928 0.1548502 2.4325604
v -1.2826476 0.15202017 2.2546506
v -1.2837577 0.24909016 2.2558107
v -1.2883377 0.14567018 2.3063607
v -1.2936778 0.12308018 2.2352908
v -1.2826476 0.15202017 2.2546506
v -1.3038278 0.122550175 2.2533305
v -1.2936778 0.12308018 2.2352908
v -1.2385278 0.14192016 2.2238305
v -1.2826476 0.15202017 2.2546506
v -1.1105881 0.35541013 2.354041
v -1.121068 0.34700015 2.360801
v -1.1490679 0.37606013 2.355541
v -1.1085076 0.28963012 2.2909508
v -1.109808 0.35817015 2.2981808
v -1.1120178 0.25797012 2.272131
v -1.1546378 0.37457007 2.2939408
v -1.1237779 0.35667008 2.2538807
v -1.109808 0.35817015 2.2981808
v -1.1030478 0.28677014 2.349931
v -1.099608 0.12470018 2.3606808
v -1.1116079 0.26319018 2.358051
v -1.121068 0.34700015 2.360801
v -1.1030478 0.28677014 2.349931
v -1.1105881 0.35541013 2.354041
v -1.287478 0.1210802 2.4502306
v -1.3065878 0.12573019 2.4194005
v -1.280928 0.1548502 2.4325604
v -1.2445478 0.36919016 2.3875604
v -1.247468 0.3775201 2.2901309
v -1.207068 0.37339014 2.386781
v -1.247468 0.3775201 2.2901309
v -1.1546378 0.37457007 2.2939408
v -1.1490679 0.37606013 2.355541
v -1.099608 0.12470018 2.3606808
v -1.0865078 0.11885021 2.361391
v -1.1193978 0.14615019 2.430311
v -2.4786096 0.28768983 -1.1978999
v -2.4665296 0.28676984 -1.2449499
v -2.4610696 0.28962985 -1.18597
v -2.3339694 0.14471984 -1.3287201
v -2.4076595 0.13186984 -1.3547001
v -2.3377895 0.11053986 -1.3352299
v -2.4076595 0.13186984 -1.3547001
v -2.3339694 0.14471984 -1.3287201
v -2.4110196 0.14559984 -1.3303299
v -2.3276596 0.122399874 -1.3468499
v -2.3339694 0.14471984 -1.3287201
v -2.3377895 0.11053986 -1.3352299
v -2.3377895 0.11053986 -1.3352299
v -2.3368895 -1.1774449E-07 -1.3468399
v -2.3276596 0.122399874 -1.3468499
v -2.2840195 0.14998984 -1.2792401
v -2.2883294 0.24999984 -1.32305
v -2.2886496 0.15484987 -1.32758
v -2.2869298 0.15201987 -1.1496701
v -2.2858198 0.24908987 -1.1508298
v -2.2812397 0.14566986 -1.2013798
v -2.2759 0.12307988 -1.13031
v -2.2869298 0.15201987 -1.1496701
v -2.2657495 0.12254988 -1.1483498
v -2.2759 0.12307988 -1.13031
v -2.3310494 0.14191987 -1.1188501
v -2.2869298 0.15201987 -1.1496701
v -2.4589894 0.35540983 -1.24906
v -2.4485095 0.34699985 -1.2558199
v -2.4205093 0.37605983 -1.2505599
v -2.4610696 0.28962985 -1.18597
v -2.45977 0.35816985 -1.1932001
v -2.4575596 0.25796983 -1.16715
v -2.4149399 0.37456977 -1.1889601
v -2.4457998 0.35666978 -1.1489
v -2.45977 0.35816985 -1.1932001
v -2.4665296 0.28676984 -1.2449499
v -2.4699693 0.12469985 -1.2557001
v -2.4579697 0.26318988 -1.2530699
v -2.2820992 0.12107987 -1.3452501
v -2.2629893 0.12572984 -1.3144199
v -2.2886496 0.15484987 -1.32758
v -2.2886496 0.15484987 -1.32758
v -2.2883294 0.24999984 -1.32305
v -2.3339694 0.14471984 -1.3287201
v -2.4351695 0.24665983 -1.32615
v -2.3339694 0.14471984 -1.3287201
v -2.4110196 0.14559984 -1.3303299
v -2.3250294 0.36918983 -1.2825799
v -2.3221097 0.37751982 -1.1851499
v -2.3625093 0.37338984 -1.2817999
v -2.3221097 0.37751982 -1.1851499
v -2.4149399 0.37456977 -1.1889601
v -2.4205093 0.37605983 -1.2505599
v -2.4699693 0.12469985 -1.2557001
v -2.4830694 0.11884989 -1.2564101
v -2.4501793 0.14614986 -1.3253299
v -2.4786096 0.28769004 1.143612
v -2.4610696 0.28963006 1.1316819
v -2.4665294 0.28677005 1.1906619
v -2.4617896 0.15190007 1.088182
v -2.4710693 0.14998008 1.1059821
v -2.4801497 0.14165005 1.075872
v -2.28402 0.14999007 1.224952
v -2.2886498 0.15485011 1.2732921
v -2.2883296 0.25000003 1.2687621
v -2.2869296 0.15202007 1.095382
v -2.28124 0.14567007 1.1470921
v -2.2858195 0.24909006 1.0965421
v -2.2758994 0.123080075 1.0760219
v -2.2657495 0.12255007 1.0940621
v -2.2869296 0.15202007 1.095382
v -2.2758994 0.123080075 1.0760219
v -2.2869296 0.15202007 1.095382
v -2.3310494 0.14192006 1.0645621
v -2.4589896 0.35541004 1.194772
v -2.4205093 0.37606004 1.196272
v -2.4485097 0.34700006 1.2015319
v -2.4610696 0.28963006 1.1316819
v -2.4575593 0.25797004 1.112862
v -2.4597697 0.35817006 1.138912
v -2.4149394 0.37457 1.1346719
v -2.4597697 0.35817006 1.138912
v -2.4457994 0.35667002 1.0946122
v -2.4665294 0.28677005 1.1906619
v -2.4579694 0.2631901 1.1987821
v -2.4699693 0.12470007 1.201412
v -2.4485097 0.34700006 1.2015319
v -2.4665294 0.28677005 1.1906619
v -2.4589896 0.35541004 1.194772
v -2.2820995 0.12108011 1.290962
v -2.2886498 0.15485011 1.2732921
v -2.2629895 0.12573008 1.2601321
v -2.3250299 0.36919004 1.2282922
v -2.3625095 0.37339005 1.2275119
v -2.3221097 0.37752002 1.130862
v -2.3221097 0.37752002 1.130862
v -2.4205093 0.37606004 1.196272
v -2.4149394 0.37457 1.1346719
v -2.4699693 0.12470007 1.201412
v -2.4501796 0.1461501 1.271042
v -2.48307 0.1188501 1.2021221
v 2.4740555 0.28769004 1.2169886
v 2.4610693 0.28963006 1.2289184
v 2.4665298 0.28677005 1.1699384
v 2.4617894 0.1519001 1.2724185
v 2.4710693 0.14998011 1.2546183
v 2.4801495 0.14165008 1.2847284
v 2.3339696 0.14472005 1.0861683
v 2.3377895 0.11054007 1.0796585
v 2.4076595 0.13187006 1.0601883
v 2.4076595 0.13187006 1.0601883
v 2.41102 0.14560005 1.0845585
v 2.3339696 0.14472005 1.0861683
v 2.3276596 0.12240008 1.0680385
v 2.3377895 0.11054007 1.0796585
v 2.3339696 0.14472005 1.0861683
v 2.3377895 0.11054007 1.0796585
v 2.3276596 0.12240008 1.0680385
v 2.3368897 9.337176E-08 1.0680485
v 2.2840195 0.14999005 1.1356483
v 2.2886496 0.15485008 1.0873084
v 2.2883298 0.25000003 1.0918384
v 2.2869294 0.15202008 1.2652183
v 2.2812397 0.14567009 1.2135084
v 2.2858193 0.24909008 1.2640582
v 2.4589899 0.35541004 1.1658283
v 2.4205093 0.37606004 1.1643286
v 2.4485097 0.34700006 1.1590685
v 2.4610693 0.28963006 1.2289184
v 2.4575596 0.25797004 1.2477384
v 2.45977 0.35817006 1.2216883
v 2.4149396 0.37457 1.2259283
v 2.45977 0.35817006 1.2216883
v 2.4457994 0.35667002 1.2659883
v 2.4665298 0.28677005 1.1699384
v 2.4579697 0.2631901 1.1618185
v 2.4699697 0.12470007 1.1591883
v 2.2820997 0.12108008 1.0696383
v 2.2886496 0.15485008 1.0873084
v 2.2629895 0.12573007 1.1004682
v 2.2886496 0.15485008 1.0873084
v 2.3339696 0.14472005 1.0861683
v 2.2883298 0.25000003 1.0918384
v 2.4351697 0.24666002 1.0887384
v 2.3339696 0.14472005 1.0861683
v 2.41102 0.14560005 1.0845585
v 2.3250294 0.36919004 1.1323085
v 2.3625097 0.37339005 1.1330885
v 2.3221095 0.37752002 1.2297382
v 2.3221095 0.37752002 1.2297382
v 2.4205093 0.37606004 1.1643286
v 2.4149396 0.37457 1.2259283
v 2.4699697 0.12470007 1.1591883
v 2.4501798 0.14615007 1.0895586
v 2.4830697 0.1188501 1.1584783
v 0.42085013 0.20039977 -2.1616397
v 0.4028601 0.2257598 -2.1319792
v 0.4003901 0.31700975 -2.1366096
v 0.4104001 0.3462298 -2.1696093
v 0.4003901 0.31700975 -2.1366096
v 0.38935012 0.3205998 -2.1388595
v 0.3928601 0.3478998 -2.1576793
v 0.4104001 0.3462298 -2.1696093
v 0.39358014 0.22912978 -2.1141794
v 0.3892301 0.31799975 -2.1143196
v 0.4003901 0.31700975 -2.1366096
v 0.4028601 0.2257598 -2.1319792
v 0.42085013 0.20039977 -2.1616397
v 0.42559013 0.1003398 -2.1648796
v 0.42465013 0.101179816 -2.0933993
v 0.41194013 0.22028977 -2.1018693
v 0.42085013 0.20039977 -2.1616397
v 0.40473005 0.20061974 -2.2281196
v 0.39993012 0.1111198 -2.2269094
v 0.42559013 0.1003398 -2.1648796
v 0.40038007 0.30594975 -2.2206595
v 0.3825701 0.3176198 -2.2908194
v 0.3819701 0.22416978 -2.2970393
v 0.40473005 0.20061974 -2.2281196
v 0.39832014 0.3454398 -2.2051895
v 0.42085013 0.20039977 -2.1616397
v 0.4104001 0.3462298 -2.1696093
v 0.39993012 0.1111198 -2.2269094
v 0.40473005 0.20061974 -2.2281196
v 0.41915008 0.20359974 -2.2453191
v 0.41909012 0.09676979 -2.2360194
v 0.3819701 0.22416978 -2.2970393
v 0.40412015 0.20061974 -2.3128092
v 0.41915008 0.20359974 -2.2453191
v 0.40473005 0.20061974 -2.2281196
v 0.41915008 0.20359974 -2.2453191
v 0.40412015 0.20061974 -2.3128092
v 0.42249012 0.09665978 -2.3071992
v 0.41909012 0.09676979 -2.2360194
v 0.40412015 0.20061974 -2.3128092
v 0.33945012 0.21184973 -2.3264093
v 0.34104013 0.10586978 -2.3364694
v 0.42249012 0.09665978 -2.3071992
v 0.3819701 0.22416978 -2.2970393
v 0.34281015 0.2236898 -2.3020396
v 0.33945012 0.21184973 -2.3264093
v 0.40412015 0.20061974 -2.3128092
v 0.26958013 0.19345976 -2.3069396
v 0.26868016 0.10188976 -2.3185594
v 0.34104013 0.10586978 -2.3364694
v 0.33945012 0.21184973 -2.3264093
v 0.26469013 0.2036898 -2.3185594
v 0.26576015 0.22293977 -2.3004396
v 0.22044018 0.23166974 -2.2992895
v 0.21389018 0.20254974 -2.3169594
v 0.26868016 0.10188976 -2.3185594
v 0.26469013 0.2036898 -2.3185594
v 0.21389018 0.20254974 -2.3169594
v 0.20280017 0.09793977 -2.3193195
v 0.21389018 0.20254974 -2.3169594
v 0.19478017 0.20655978 -2.2861297
v 0.18485017 0.1096898 -2.2884996
v 0.20280017 0.09793977 -2.3193195
v 0.3768701 0.3108498 -2.2978594
v 0.34281015 0.2236898 -2.3020396
v 0.3819701 0.22416978 -2.2970393
v 0.3825701 0.3176198 -2.2908194
v 0.22582014 0.32495975 -2.2856898
v 0.3825701 0.3176198 -2.2908194
v 0.3840301 0.41097972 -2.2953296
v 0.22430018 0.4092897 -2.28524
v 0.22582014 0.32495975 -2.2856898
v 0.2222402 0.31036973 -2.2893398
v 0.3768701 0.3108498 -2.2978594
v 0.3825701 0.3176198 -2.2908194
v 0.22436015 0.32317975 -2.1240995
v 0.22582014 0.32495975 -2.2856898
v 0.22430018 0.4092897 -2.28524
v 0.22870015 0.4090998 -2.1209896
v 0.2880002 0.40654978 -2.2581995
v 0.25399017 0.40529975 -2.2572896
v 0.22430018 0.4092897 -2.28524
v 0.3840301 0.41097972 -2.2953296
v 0.35905015 0.40911978 -2.2538893
v 0.29112017 0.40071973 -2.2526596
v 0.3840301 0.41097972 -2.2953296
v 0.22430018 0.4092897 -2.28524
v 0.25399017 0.40529975 -2.2572896
v 0.25088012 0.4101798 -2.1534793
v 0.22870015 0.4090998 -2.1209896
v 0.22582014 0.32495975 -2.2856898
v 0.22436015 0.32317975 -2.1240995
v 0.21761017 0.31293976 -2.1225395
v 0.2222402 0.31036973 -2.2893398
v 0.21303014 0.22375979 -2.1730897
v 0.21581016 0.22748975 -2.2509594
v 0.2222402 0.31036973 -2.2893398
v 0.21761017 0.31293976 -2.1225395
v 0.22870015 0.4090998 -2.1209896
v 0.25088012 0.4101798 -2.1534793
v 0.3497801 0.4114097 -2.1575391
v 0.37759012 0.40571973 -2.1206095
v 0.17703016 0.105359785 -2.24458
v 0.18485017 0.1096898 -2.2884996
v 0.19478017 0.20655978 -2.2861297
v 0.18803015 0.22042978 -2.2443597
v 0.19329016 0.20093979 -2.1665494
v 0.19409014 0.1006298 -2.1719997
v 0.17703016 0.105359785 -2.24458
v 0.18803015 0.22042978 -2.2443597
v 0.18803015 0.22042978 -2.2443597
v 0.21581016 0.22748975 -2.2509594
v 0.21303014 0.22375979 -2.1730897
v 0.19329016 0.20093979 -2.1665494
v 0.3892301 0.31799975 -2.1143196
v 0.37892017 0.3220898 -2.1213694
v 0.38935012 0.3205998 -2.1388595
v 0.4003901 0.31700975 -2.1366096
v 0.39832014 0.3454398 -2.2051895
v 0.3928601 0.3478998 -2.1576793
v 0.3915601 0.40700978 -2.1649091
v 0.39078012 0.4046298 -2.2235994
v 0.35258016 0.4100097 -2.2176893
v 0.3536001 0.4042898 -2.2269397
v 0.38168013 0.4000598 -2.2275293
v 0.39078012 0.4046298 -2.2235994
v 0.38168013 0.4000598 -2.2275293
v 0.3536001 0.4042898 -2.2269397
v 0.35905015 0.40911978 -2.2538893
v 0.3840301 0.41097972 -2.2953296
v 0.38935012 0.3205998 -2.1388595
v 0.37892017 0.3220898 -2.1213694
v 0.37759012 0.40571973 -2.1206095
v 0.3915601 0.40700978 -2.1649091
v 0.3915601 0.40700978 -2.1649091
v 0.3497801 0.4114097 -2.1575391
v 0.35258016 0.4100097 -2.2176893
v 0.39078012 0.4046298 -2.2235994
v 0.19478017 0.20655978 -2.2861297
v 0.22044018 0.23166974 -2.2992895
v 0.21581016 0.22748975 -2.2509594
v 0.18803015 0.22042978 -2.2443597
v 0.3768701 0.3108498 -2.2978594
v 0.2222402 0.31036973 -2.2893398
v 0.26576015 0.22293977 -2.3004396
v 0.34281015 0.2236898 -2.3020396
v 0.2880002 0.40654978 -2.2581995
v 0.26110017 0.39750978 -2.2497594
v 0.25399017 0.40529975 -2.2572896
v 0.29118016 0.39609978 -2.2481894
v 0.29112017 0.40071973 -2.2526596
v 0.25399017 0.40529975 -2.2572896
v 0.26110017 0.39750978 -2.2497594
v 0.25847018 0.4016398 -2.1619594
v 0.25088012 0.4101798 -2.1534793
v 0.3497801 0.4114097 -2.1575391
v 0.25088012 0.4101798 -2.1534793
v 0.25847018 0.4016398 -2.1619594
v 0.3421101 0.40267977 -2.1653993
v 0.3536001 0.4042898 -2.2269397
v 0.34491014 0.39907977 -2.2201793
v 0.34996018 0.40073976 -2.2468793
v 0.35905015 0.40911978 -2.2538893
v 0.29112017 0.40071973 -2.2526596
v 0.35905015 0.40911978 -2.2538893
v 0.34996018 0.40073976 -2.2468793
v 0.29118016 0.39609978 -2.2481894
v 0.35258016 0.4100097 -2.2176893
v 0.3497801 0.4114097 -2.1575391
v 0.3421101 0.40267977 -2.1653993
v 0.34491014 0.39907977 -2.2201793
v -0.4208497 0.20039977 -2.16164
v -0.4103997 0.3462298 -2.1696098
v -0.4003898 0.31700975 -2.1366098
v -0.4028598 0.2257598 -2.1319797
v -0.4003898 0.31700975 -2.1366098
v -0.4103997 0.3462298 -2.1696098
v -0.39285976 0.3478998 -2.1576796
v -0.38934976 0.3205998 -2.1388595
v -0.39357975 0.22912978 -2.1141796
v -0.4028598 0.2257598 -2.1319797
v -0.4003898 0.31700975 -2.1366098
v -0.3892297 0.31799975 -2.1143196
v -0.4208497 0.20039977 -2.16164
v -0.41193983 0.22028977 -2.1018696
v -0.42464983 0.101179816 -2.0933998
v -0.42558977 0.1003398 -2.1648796
v -0.4208497 0.20039977 -2.16164
v -0.42558977 0.1003398 -2.1648796
v -0.39992973 0.1111198 -2.2269096
v -0.40472972 0.20061974 -2.2281196
v -0.4003797 0.30594975 -2.22066
v -0.38196975 0.22416978 -2.2970397
v -0.38256976 0.3176198 -2.29082
v -0.40472972 0.20061974 -2.2281196
v -0.39831975 0.3454398 -2.2051897
v -0.4208497 0.20039977 -2.16164
v -0.4103997 0.3462298 -2.1696098
v -0.39992973 0.1111198 -2.2269096
v -0.4190897 0.09676979 -2.2360198
v -0.41914976 0.20359974 -2.2453196
v -0.40472972 0.20061974 -2.2281196
v -0.38196975 0.22416978 -2.2970397
v -0.40472972 0.20061974 -2.2281196
v -0.41914976 0.20359974 -2.2453196
v -0.4041198 0.20061974 -2.3128097
v -0.41914976 0.20359974 -2.2453196
v -0.4190897 0.09676979 -2.2360198
v -0.4224897 0.09665978 -2.3071997
v -0.4041198 0.20061974 -2.3128097
v -0.4041198 0.20061974 -2.3128097
v -0.4224897 0.09665978 -2.3071997
v -0.34103975 0.10586978 -2.3364697
v -0.33944973 0.21184973 -2.32641
v -0.38196975 0.22416978 -2.2970397
v -0.4041198 0.20061974 -2.3128097
v -0.33944973 0.21184973 -2.32641
v -0.34280977 0.2236898 -2.3020399
v -0.26957974 0.19345976 -2.3069398
v -0.33944973 0.21184973 -2.32641
v -0.34103975 0.10586978 -2.3364697
v -0.26867974 0.10188976 -2.3185596
v -0.26468977 0.2036898 -2.3185596
v -0.21388973 0.20254974 -2.3169594
v -0.22043979 0.23166974 -2.2992895
v -0.26575977 0.22293977 -2.3004396
v -0.26867974 0.10188976 -2.3185596
v -0.20279981 0.09793977 -2.3193195
v -0.21388973 0.20254974 -2.3169594
v -0.26468977 0.2036898 -2.3185596
v -0.21388973 0.20254974 -2.3169594
v -0.20279981 0.09793977 -2.3193195
v -0.18484975 0.1096898 -2.2884996
v -0.19477975 0.20655978 -2.2861297
v -0.37686974 0.3108498 -2.29786
v -0.38256976 0.3176198 -2.29082
v -0.38196975 0.22416978 -2.2970397
v -0.34280977 0.2236898 -2.3020399
v -0.22581972 0.32495975 -2.2856898
v -0.22429979 0.4092897 -2.28524
v -0.38402978 0.41097972 -2.2953298
v -0.38256976 0.3176198 -2.29082
v -0.22581972 0.32495975 -2.2856898
v -0.38256976 0.3176198 -2.29082
v -0.37686974 0.3108498 -2.29786
v -0.22223978 0.31036973 -2.2893398
v -0.22435974 0.32317975 -2.1240995
v -0.22869971 0.4090998 -2.1209896
v -0.22429979 0.4092897 -2.28524
v -0.22581972 0.32495975 -2.2856898
v -0.28799972 0.40654978 -2.2581997
v -0.38402978 0.41097972 -2.2953298
v -0.22429979 0.4092897 -2.28524
v -0.25398976 0.40529975 -2.2572896
v -0.3590497 0.40911978 -2.2538898
v -0.38402978 0.41097972 -2.2953298
v -0.29111975 0.40071973 -2.2526596
v -0.22429979 0.4092897 -2.28524
v -0.22869971 0.4090998 -2.1209896
v -0.2508798 0.4101798 -2.1534796
v -0.25398976 0.40529975 -2.2572896
v -0.22581972 0.32495975 -2.2856898
v -0.22223978 0.31036973 -2.2893398
v -0.21760975 0.31293976 -2.1225395
v -0.22435974 0.32317975 -2.1240995
v -0.2130298 0.22375979 -2.1730897
v -0.21760975 0.31293976 -2.1225395
v -0.22223978 0.31036973 -2.2893398
v -0.21580972 0.22748975 -2.2509594
v -0.22869971 0.4090998 -2.1209896
v -0.37758973 0.40571973 -2.12061
v -0.34977978 0.4114097 -2.1575396
v -0.2508798 0.4101798 -2.1534796
v -0.17702977 0.105359785 -2.24458
v -0.18802977 0.22042978 -2.2443597
v -0.19477975 0.20655978 -2.2861297
v -0.18484975 0.1096898 -2.2884996
v -0.19753978 0.20381977 -2.1200597
v -0.21871977 0.22923976 -2.1213796
v -0.2130298 0.22375979 -2.1730897
v -0.19328976 0.20093979 -2.1665494
v -0.19753978 0.20381977 -2.1200597
v -0.19279978 0.0975098 -2.1087093
v -0.20662977 0.10556978 -2.0915198
v -0.20768978 0.2042798 -2.10202
v -0.19408977 0.1006298 -2.1719997
v -0.19279978 0.0975098 -2.1087093
v -0.19753978 0.20381977 -2.1200597
v -0.19328976 0.20093979 -2.1665494
v -0.19328976 0.20093979 -2.1665494
v -0.18802977 0.22042978 -2.2443597
v -0.17702977 0.105359785 -2.24458
v -0.19408977 0.1006298 -2.1719997
v -0.18802977 0.22042978 -2.2443597
v -0.19328976 0.20093979 -2.1665494
v -0.2130298 0.22375979 -2.1730897
v -0.21580972 0.22748975 -2.2509594
v -0.3892297 0.31799975 -2.1143196
v -0.4003898 0.31700975 -2.1366098
v -0.38934976 0.3205998 -2.1388595
v -0.37891972 0.3220898 -2.12137
v -0.39831975 0.3454398 -2.2051897
v -0.39077976 0.4046298 -2.2236001
v -0.39155975 0.40700978 -2.1649096
v -0.39285976 0.3478998 -2.1576796
v -0.3525797 0.4100097 -2.2176898
v -0.39077976 0.4046298 -2.2236001
v -0.38167974 0.4000598 -2.2275295
v -0.35359973 0.4042898 -2.22694
v -0.38167974 0.4000598 -2.2275295
v -0.38402978 0.41097972 -2.2953298
v -0.3590497 0.40911978 -2.2538898
v -0.35359973 0.4042898 -2.22694
v -0.38934976 0.3205998 -2.1388595
v -0.39155975 0.40700978 -2.1649096
v -0.37758973 0.40571973 -2.12061
v -0.37891972 0.3220898 -2.12137
v -0.39155975 0.40700978 -2.1649096
v -0.39077976 0.4046298 -2.2236001
v -0.3525797 0.4100097 -2.2176898
v -0.34977978 0.4114097 -2.1575396
v -0.19477975 0.20655978 -2.2861297
v -0.18802977 0.22042978 -2.2443597
v -0.21580972 0.22748975 -2.2509594
v -0.22043979 0.23166974 -2.2992895
v -0.37686974 0.3108498 -2.29786
v -0.34280977 0.2236898 -2.3020399
v -0.26575977 0.22293977 -2.3004396
v -0.22223978 0.31036973 -2.2893398
v -0.28799972 0.40654978 -2.2581997
v -0.25398976 0.40529975 -2.2572896
v -0.26109976 0.39750978 -2.2497597
v -0.29117972 0.39609978 -2.2481897
v -0.29111975 0.40071973 -2.2526596
v -0.25398976 0.40529975 -2.2572896
v -0.2508798 0.4101798 -2.1534796
v -0.2584698 0.4016398 -2.1619596
v -0.26109976 0.39750978 -2.2497597
v -0.34977978 0.4114097 -2.1575396
v -0.34210974 0.40267977 -2.1653996
v -0.2584698 0.4016398 -2.1619596
v -0.2508798 0.4101798 -2.1534796
v -0.35359973 0.4042898 -2.22694
v -0.3590497 0.40911978 -2.2538898
v -0.3499597 0.40073976 -2.2468796
v -0.34490976 0.39907977 -2.2201796
v -0.29111975 0.40071973 -2.2526596
v -0.29117972 0.39609978 -2.2481897
v -0.3499597 0.40073976 -2.2468796
v -0.3590497 0.40911978 -2.2538898
v -0.3525797 0.4100097 -2.2176898
v -0.34490976 0.39907977 -2.2201796
v -0.34210974 0.40267977 -2.1653996
v -0.34977978 0.4114097 -2.1575396
v 0.20421019 0.36591974 -2.23546
v 0.24772015 0.36591974 -2.2350097
v 0.2477201 0.36591974 -2.1723692
v 0.20360011 0.36591974 -2.16207
v 0.19299017 0.36591974 -2.2401597
v 0.19299015 0.36591974 -2.1480796
v 0.14908016 0.36591974 -2.2397995
v 0.13093016 0.36591974 -2.1512897
v 0.12329017 0.36591974 -2.23484
v 0.084150165 0.36591974 -2.1476896
v 0.20628014 0.35268974 -2.2448394
v 0.25147018 0.35268974 -2.2442796
v 0.24772015 0.36591974 -2.2350097
v 0.20421019 0.36591974 -2.23546
v 0.06763018 0.34737974 -2.2453194
v 0.078360185 0.36170974 -2.2358494
v 0.073440164 0.36170974 -2.1592996
v 0.062510185 0.34737974 -2.1504095
v 0.073440164 0.36170974 -2.1592996
v 0.084150165 0.36591974 -2.1476896
v 0.080860175 0.35268974 -2.13601
v 0.062510185 0.34737974 -2.1504095
v 0.2514701 0.35268974 -2.1666095
v 0.2477201 0.36591974 -2.1723692
v 0.24772015 0.36591974 -2.2350097
v 0.25147018 0.35268974 -2.2442796
v 0.19462016 0.35268974 -2.2506695
v 0.19462016 0.28642976 -2.2506695
v 0.20628014 0.28642976 -2.2448394
v 0.20628014 0.35268974 -2.2448394
v 0.121510185 0.35268974 -2.2440698
v 0.121510185 0.28642976 -2.2440698
v 0.14830017 0.28642976 -2.2502193
v 0.14830017 0.35268974 -2.2502193
v 0.078360185 0.36170974 -2.2358494
v 0.12329017 0.36591974 -2.23484
v 0.084150165 0.36591974 -2.1476896
v 0.073440164 0.36170974 -2.1592996
v 0.070370175 0.29626977 -2.2453194
v 0.121510185 0.28642976 -2.2440698
v 0.121510185 0.35268974 -2.2440698
v 0.06763018 0.34737974 -2.2453194
v 0.14830017 0.35268974 -2.2502193
v 0.14830017 0.28642976 -2.2502193
v 0.19462016 0.28642976 -2.2506695
v 0.19462016 0.35268974 -2.2506695
v 0.20628014 0.28642976 -2.2448394
v 0.25147018 0.28642976 -2.2442796
v 0.25147018 0.35268974 -2.2442796
v 0.20628014 0.35268974 -2.2448394
v 0.19299017 0.36591974 -2.2401597
v 0.19462016 0.35268974 -2.2506695
v 0.20628014 0.35268974 -2.2448394
v 0.20421019 0.36591974 -2.23546
v 0.2477201 0.36591974 -2.1723692
v 0.2514701 0.35268974 -2.1666095
v 0.20565014 0.35268974 -2.1538494
v 0.20360011 0.36591974 -2.16207
v 0.19299015 0.36591974 -2.1480796
v 0.19462015 0.35268974 -2.1364896
v 0.12944016 0.35268974 -2.1404798
v 0.13093016 0.36591974 -2.1512897
v 0.14908016 0.36591974 -2.2397995
v 0.12329017 0.36591974 -2.23484
v 0.121510185 0.35268974 -2.2440698
v 0.14830017 0.35268974 -2.2502193
v 0.084150165 0.36591974 -2.1476896
v 0.13093016 0.36591974 -2.1512897
v 0.12944016 0.35268974 -2.1404798
v 0.080860175 0.35268974 -2.13601
v 0.078360185 0.36170974 -2.2358494
v 0.06763018 0.34737974 -2.2453194
v 0.121510185 0.35268974 -2.2440698
v 0.12329017 0.36591974 -2.23484
v 0.19299017 0.36591974 -2.2401597
v 0.14908016 0.36591974 -2.2397995
v 0.14830017 0.35268974 -2.2502193
v 0.19462016 0.35268974 -2.2506695
v 0.19299015 0.36591974 -2.1480796
v 0.20360011 0.36591974 -2.16207
v 0.20565014 0.35268974 -2.1538494
v 0.19462015 0.35268974 -2.1364896
v 0.035360187 0.35350972 -2.1544998
v 0.061940197 0.35350972 -2.2503498
v 0.057120178 0.35350972 -2.1653595
v 0.034840193 0.35350972 -2.2676694
v -0.037779793 0.35350972 -2.2558799
v 0.035360187 0.35350972 -2.1544998
v -0.040719803 0.35350972 -2.1492195
v 0.03627019 0.34333974 -2.2753198
v 0.071160175 0.34333974 -2.2574794
v 0.061940197 0.35350972 -2.2503498
v 0.034840193 0.35350972 -2.2676694
v -0.076039806 0.33924973 -2.1540496
v -0.0711698 0.33924973 -2.24559
v -0.068339795 0.34621978 -2.2382998
v -0.07305981 0.34621978 -2.1608894
v -0.07305981 0.34621978 -2.1608894
v -0.040719803 0.35350972 -2.1492195
v -0.041849803 0.34333974 -2.1408994
v -0.076039806 0.33924973 -2.1540496
v 0.06634017 0.34333974 -2.16094
v 0.057120178 0.35350972 -2.1653595
v 0.061940197 0.35350972 -2.2503498
v 0.071160175 0.34333974 -2.2574794
v -0.068339795 0.34621978 -2.2382998
v -0.037779793 0.35350972 -2.2558799
v -0.040719803 0.35350972 -2.1492195
v -0.07305981 0.34621978 -2.1608894
v -0.0711698 0.29992974 -2.24559
v -0.0383798 0.29235974 -2.26389
v -0.0383798 0.34333974 -2.26389
v -0.0711698 0.33924973 -2.24559
v -0.0383798 0.34333974 -2.26389
v -0.0383798 0.29235974 -2.26389
v 0.03627019 0.29235974 -2.2753198
v 0.03627019 0.34333974 -2.2753198
v 0.03627019 0.29235974 -2.2753198
v 0.071160175 0.29235974 -2.2574794
v 0.071160175 0.34333974 -2.2574794
v 0.03627019 0.34333974 -2.2753198
v -0.076039806 0.29992974 -2.1540496
v -0.0711698 0.29992974 -2.24559
v -0.0711698 0.33924973 -2.24559
v -0.076039806 0.33924973 -2.1540496
v 0.071160175 0.29235974 -2.2574794
v 0.06634017 0.29235974 -2.16094
v 0.06634017 0.34333974 -2.16094
v 0.071160175 0.34333974 -2.2574794
v 0.057120178 0.35350972 -2.1653595
v 0.06634017 0.34333974 -2.16094
v 0.03677018 0.34333974 -2.14688
v 0.035360187 0.35350972 -2.1544998
v -0.040719803 0.35350972 -2.1492195
v 0.035360187 0.35350972 -2.1544998
v 0.03677018 0.34333974 -2.14688
v -0.041849803 0.34333974 -2.1408994
v -0.0711698 0.33924973 -2.24559
v -0.0383798 0.34333974 -2.26389
v -0.037779793 0.35350972 -2.2558799
v -0.068339795 0.34621978 -2.2382998
v 0.034840193 0.35350972 -2.2676694
v -0.037779793 0.35350972 -2.2558799
v -0.0383798 0.34333974 -2.26389
v 0.03627019 0.34333974 -2.2753198
v -0.11847979 0.36965972 -2.1557693
v -0.0829598 0.36965972 -2.2420194
v -0.0829598 0.36965972 -2.1562195
v -0.12388979 0.36965972 -2.2419393
v -0.1287498 0.36965972 -2.1510694
v -0.1689598 0.36965972 -2.15143
v -0.18557978 0.36965972 -2.25366
v -0.19256979 0.36965972 -2.15639
v -0.22841972 0.36965972 -2.2435493
v -0.0829598 0.36965972 -2.1562195
v -0.075199805 0.3564298 -2.1469495
v -0.11657977 0.3564298 -2.1464
v -0.11847979 0.36965972 -2.1557693
v -0.2376598 0.36017972 -2.15538
v -0.24102978 0.35111973 -2.14591
v -0.24571973 0.35111973 -2.2408297
v -0.24216978 0.36017972 -2.2319295
v -0.22841972 0.36965972 -2.2435493
v -0.24216978 0.36017972 -2.2319295
v -0.24571973 0.35111973 -2.2408297
v -0.23142976 0.3564298 -2.25522
v -0.07519979 0.3564298 -2.2477796
v -0.075199805 0.3564298 -2.1469495
v -0.0829598 0.36965972 -2.1562195
v -0.0829598 0.36965972 -2.2420194
v -0.12220979 0.29016975 -2.25185
v -0.07519979 0.29016975 -2.2518098
v -0.07519979 0.3564298 -2.2477796
v -0.12220979 0.3564298 -2.25185
v -0.18693976 0.29016975 -2.2644699
v -0.12220979 0.29016975 -2.25185
v -0.12220979 0.3564298 -2.25185
v -0.18693976 0.3564298 -2.2644699
v -0.23142976 0.29016975 -2.25522
v -0.18693976 0.29016975 -2.2644699
v -0.18693976 0.3564298 -2.2644699
v -0.23142976 0.3564298 -2.25522
v -0.2376598 0.36017972 -2.15538
v -0.24216978 0.36017972 -2.2319295
v -0.22841972 0.36965972 -2.2435493
v -0.19256979 0.36965972 -2.15639
v -0.24571973 0.30000973 -2.2408297
v -0.23142976 0.29016975 -2.25522
v -0.23142976 0.3564298 -2.25522
v -0.24571973 0.35111973 -2.2408297
v -0.07519979 0.3564298 -2.2477796
v -0.07519979 0.29016975 -2.2518098
v -0.075199805 0.29016975 -2.1469495
v -0.075199805 0.3564298 -2.1469495
v -0.1287498 0.36965972 -2.1510694
v -0.11847979 0.36965972 -2.1557693
v -0.11657977 0.3564298 -2.1464
v -0.1272598 0.3564298 -2.1405694
v -0.0829598 0.36965972 -2.2420194
v -0.12388979 0.36965972 -2.2419393
v -0.12220979 0.3564298 -2.25185
v -0.07519979 0.3564298 -2.2477796
v -0.12220979 0.3564298 -2.25185
v -0.12388979 0.36965972 -2.2419393
v -0.18557978 0.36965972 -2.25366
v -0.18693976 0.3564298 -2.2644699
v -0.19419979 0.3564298 -2.1471593
v -0.19256979 0.36965972 -2.15639
v -0.1689598 0.36965972 -2.15143
v -0.16966978 0.3564298 -2.14101
v -0.18557978 0.36965972 -2.25366
v -0.22841972 0.36965972 -2.2435493
v -0.23142976 0.3564298 -2.25522
v -0.18693976 0.3564298 -2.2644699
v -0.2376598 0.36017972 -2.15538
v -0.19256979 0.36965972 -2.15639
v -0.19419979 0.3564298 -2.1471593
v -0.24102978 0.35111973 -2.14591
v -0.16966978 0.3564298 -2.14101
v -0.1689598 0.36965972 -2.15143
v -0.1287498 0.36965972 -2.1510694
v -0.1272598 0.3564298 -2.1405694
v 0.14552015 -1.9493267E-07 -2.2297695
v 0.15547018 -1.9342639E-07 -2.2125394
v 0.15547018 0.28454974 -2.2125394
v 0.14552015 0.28454974 -2.2297695
v 0.12563017 -1.9493267E-07 -2.2297695
v 0.14552015 -1.9493267E-07 -2.2297695
v 0.14552015 0.28454974 -2.2297695
v 0.12563017 0.28454974 -2.2297695
v 0.11568016 -1.9342639E-07 -2.2125394
v 0.12563017 -1.9493267E-07 -2.2297695
v 0.12563017 0.28454974 -2.2297695
v 0.11568016 0.28454974 -2.2125394
v 0.10946018 -1.9449034E-07 -2.22471
v 0.11648017 -1.9342639E-07 -2.2125394
v 0.11648017 0.28509974 -2.2125394
v 0.10946018 0.28509974 -2.22471
v 0.095410176 -1.9449034E-07 -2.22471
v 0.10946018 -1.9449034E-07 -2.22471
v 0.10946018 0.28509974 -2.22471
v 0.095410176 0.28509974 -2.22471
v 0.08839018 -1.9342639E-07 -2.2125394
v 0.095410176 -1.9449034E-07 -2.22471
v 0.095410176 0.28509974 -2.22471
v 0.08839018 0.28509974 -2.2125394
v 0.082600184 -1.9395353E-07 -2.2185695
v 0.08762017 -1.9319472E-07 -2.20989
v 0.08762017 0.2867098 -2.20989
v 0.082600184 0.2867098 -2.2185695
v 0.07258017 -1.9395353E-07 -2.2185695
v 0.082600184 -1.9395353E-07 -2.2185695
v 0.082600184 0.2867098 -2.2185695
v 0.07258017 0.2867098 -2.2185695
v 0.06757017 -1.9319472E-07 -2.20989
v 0.07258017 -1.9395353E-07 -2.2185695
v 0.07258017 0.2867098 -2.2185695
v 0.06757017 0.2867098 -2.20989
v 0.059090193 -1.9483304E-07 -2.2286298
v 0.06837018 -1.9342639E-07 -2.2125394
v 0.06837018 0.28727975 -2.2125394
v 0.059090193 0.28727975 -2.2286298
v 0.040510185 -1.9483304E-07 -2.2286298
v 0.059090193 -1.9483304E-07 -2.2286298
v 0.059090193 0.28727975 -2.2286298
v 0.040510185 0.28727975 -2.2286298
v 0.031220187 -1.9342639E-07 -2.2125394
v 0.040510185 -1.9483304E-07 -2.2286298
v 0.040510185 0.28727975 -2.2286298
v 0.031220187 0.28727975 -2.2125394
v 0.024660189 -1.9418087E-07 -2.22117
v 0.031170188 -1.9319472E-07 -2.20989
v 0.031170188 0.28774977 -2.20989
v 0.024660189 0.28774977 -2.22117
v 0.011620192 -1.9418087E-07 -2.22117
v 0.024660189 -1.9418087E-07 -2.22117
v 0.024660189 0.28774977 -2.22117
v 0.011620192 0.28774977 -2.22117
v 0.005110192 -1.9319472E-07 -2.20989
v 0.011620192 -1.9418087E-07 -2.22117
v 0.011620192 0.28774977 -2.22117
v 0.005110192 0.28774977 -2.20989
v -0.0061998046 -1.946363E-07 -2.2263794
v 0.0033201922 -1.9319472E-07 -2.20989
v 0.0033201922 0.2890098 -2.20989
v -0.0061998046 0.2890098 -2.2263794
v -0.025249803 -1.946363E-07 -2.2263794
v -0.0061998046 -1.946363E-07 -2.2263794
v -0.0061998046 0.2890098 -2.2263794
v -0.025249803 0.2890098 -2.2263794
v -0.034769803 -1.9319472E-07 -2.20989
v -0.025249803 -1.946363E-07 -2.2263794
v -0.025249803 0.2890098 -2.2263794
v -0.034769803 0.2890098 -2.20989
v -0.0437298 -1.9410128E-07 -2.2202594
v -0.037739802 -1.9319472E-07 -2.20989
v -0.037739802 0.28823975 -2.20989
v -0.0437298 0.28823975 -2.2202594
v -0.05570979 -1.9410128E-07 -2.2202594
v -0.0437298 -1.9410128E-07 -2.2202594
v -0.0437298 0.28823975 -2.2202594
v -0.05570979 0.28823975 -2.2202594
v -0.061709803 -1.9319472E-07 -2.20989
v -0.05570979 -1.9410128E-07 -2.2202594
v -0.05570979 0.28823975 -2.2202594
v -0.061709803 0.28823975 -2.20989
v -0.07429978 -1.952684E-07 -2.23361
v -0.06213979 -1.9342639E-07 -2.2125394
v -0.06213979 0.30052975 -2.2125394
v -0.07429978 0.30052975 -2.23361
v -0.098629795 -1.952684E-07 -2.23361
v -0.07429978 -1.952684E-07 -2.23361
v -0.07429978 0.30052975 -2.23361
v -0.098629795 0.30052975 -2.23361
v -0.1107898 -1.9342639E-07 -2.2125394
v -0.098629795 -1.952684E-07 -2.23361
v -0.098629795 0.30052975 -2.23361
v -0.1107898 0.30052975 -2.2125394
v -0.121559784 -1.9465556E-07 -2.2265995
v -0.11190979 -1.9319472E-07 -2.20989
v -0.11190979 0.29368973 -2.20989
v -0.121559784 0.29368973 -2.2265995
v -0.14086977 -1.9465556E-07 -2.2265995
v -0.121559784 -1.9465556E-07 -2.2265995
v -0.121559784 0.29368973 -2.2265995
v -0.14086977 0.29368973 -2.2265995
v -0.15051979 -1.9319472E-07 -2.20989
v -0.14086977 -1.9465556E-07 -2.2265995
v -0.14086977 0.29368973 -2.2265995
v -0.15051979 0.29368973 -2.20989
v 0.16018015 0.2540698 -2.2667997
v 0.18229015 0.30419976 -2.2416294
v 0.17866015 0.2861998 -2.1982799
v 0.15666015 0.2540698 -2.1731098
v 0.16962016 0.0745798 -2.2749593
v 0.22790018 0.0745798 -2.2749593
v 0.22790018 0.16340978 -2.2749593
v 0.15821016 0.16340978 -2.2749593
v 0.15098016 0.074579805 -2.1649494
v 0.16962016 0.0745798 -2.2749593
v 0.15821016 0.16340978 -2.2749593
v 0.15098016 0.1634098 -2.1649494
v 0.16018015 0.2540698 -2.2667997
v 0.15821016 0.16340978 -2.2749593
v 0.22790018 0.16340978 -2.2749593
v 0.23654015 0.2540698 -2.2667997
v 0.16018015 0.2540698 -2.2667997
v 0.15666015 0.2540698 -2.1731098
v 0.15098016 0.1634098 -2.1649494
v 0.15821016 0.16340978 -2.2749593
v 0.23654015 0.2540698 -2.2667997
v 0.23654012 0.2540698 -2.1731098
v 0.17866015 0.2861998 -2.1982799
v 0.18229015 0.30419976 -2.2416294
v -0.17865977 0.2861998 -2.1982799
v -0.18228976 0.30419976 -2.2416294
v -0.16017976 0.2540698 -2.2667997
v -0.1566598 0.2540698 -2.1731098
v -0.16961977 0.0745798 -2.2749593
v -0.15820977 0.16340978 -2.2749593
v -0.22789973 0.16340978 -2.2749593
v -0.22789973 0.0745798 -2.2749593
v -0.15097977 0.074579805 -2.1649494
v -0.15097977 0.1634098 -2.1649494
v -0.15820977 0.16340978 -2.2749593
v -0.16961977 0.0745798 -2.2749593
v -0.16017976 0.2540698 -2.2667997
v -0.23653974 0.2540698 -2.2667997
v -0.22789973 0.16340978 -2.2749593
v -0.15820977 0.16340978 -2.2749593
v -0.15097977 0.1634098 -2.1649494
v -0.1566598 0.2540698 -2.1731098
v -0.16017976 0.2540698 -2.2667997
v -0.15820977 0.16340978 -2.2749593
v -0.17865977 0.2861998 -2.1982799
v -0.23653977 0.2540698 -2.1731098
v -0.23653974 0.2540698 -2.2667997
v -0.18228976 0.30419976 -2.2416294
v 1.3230286 0.13469978 -2.2949107
v 1.3040085 0.14164977 -2.2351408
v 1.2949286 0.14997979 -2.2652504
v 1.3070884 0.14546978 -2.2954106
v 1.2723684 0.34699976 -2.3608007
v 1.2818285 0.2631898 -2.3580506
v 1.2903886 0.28676975 -2.3499308
v 1.2828484 0.35540974 -2.3540406
v 1.3070884 0.14546978 -2.2954106
v 1.2949286 0.14997979 -2.2652504
v 1.2924585 0.2537998 -2.2698805
v 1.3024684 0.28768975 -2.3028805
v 1.2924585 0.2537998 -2.2698805
v 1.2814183 0.25796974 -2.272131
v 1.2849284 0.28962976 -2.2909508
v 1.3024684 0.28768975 -2.3028805
v 1.2856485 0.15189977 -2.2474508
v 1.2812986 0.2549498 -2.2475908
v 1.2924585 0.2537998 -2.2698805
v 1.2949286 0.14997979 -2.2652504
v 1.3230286 0.13469978 -2.2949107
v 1.3361484 -2.0056629E-07 -2.2942107
v 1.3167186 -1.9466174E-07 -2.2266705
v 1.3040085 0.14164977 -2.2351408
v 1.3069286 0.118849784 -2.3613908
v 1.3076786 -2.054366E-07 -2.3499205
v 1.3361484 -2.0056629E-07 -2.2942107
v 1.3230286 0.13469978 -2.2949107
v 1.2818285 0.2631898 -2.3580506
v 1.2746385 0.25450972 -2.4240808
v 1.2740387 0.14614975 -2.4303105
v 1.2938285 0.12469976 -2.3606806
v 1.3070884 0.14546978 -2.2954106
v 1.2903886 0.28676975 -2.3499308
v 1.3024684 0.28768975 -2.3028805
v 1.3069286 0.118849784 -2.3613908
v 1.3187585 0.12229978 -2.3727608
v 1.3270785 -2.0713E-07 -2.3692906
v 1.3076786 -2.054366E-07 -2.3499205
v 1.2740387 0.14614975 -2.4303105
v 1.3102287 0.11883977 -2.4460804
v 1.3187585 0.12229978 -2.3727608
v 1.3069286 0.118849784 -2.3613908
v 1.3187585 0.12229978 -2.3727608
v 1.3102287 0.11883977 -2.4460804
v 1.3211784 -2.1335276E-07 -2.4404707
v 1.3270785 -2.0713E-07 -2.3692906
v 1.3102287 0.11883977 -2.4460804
v 1.2315184 0.13186975 -2.4596808
v 1.2331085 -2.1591075E-07 -2.4697306
v 1.3211784 -2.1335276E-07 -2.4404707
v 1.2740387 0.14614975 -2.4303105
v 1.2348785 0.14559975 -2.4353106
v 1.2315184 0.13186975 -2.4596808
v 1.3102287 0.11883977 -2.4460804
v 1.1616484 0.110539764 -2.4402108
v 1.1607485 -2.1434502E-07 -2.4518209
v 1.2331085 -2.1591075E-07 -2.4697306
v 1.2315184 0.13186975 -2.4596808
v 1.1515185 0.12239978 -2.4518309
v 1.1578287 0.14471975 -2.433701
v 1.1125084 0.15484977 -2.432561
v 1.1059585 0.12107977 -2.4502308
v 1.1607485 -2.1434502E-07 -2.4518209
v 1.1515185 0.12239978 -2.4518309
v 1.1059585 0.12107977 -2.4502308
v 1.0948687 -2.1441147E-07 -2.4525812
v 1.1059585 0.12107977 -2.4502308
v 1.0868486 0.12572975 -2.419401
v 1.0769186 -2.1171797E-07 -2.421771
v 1.0948687 -2.1441147E-07 -2.4525812
v 1.2590284 0.24665973 -2.4311306
v 1.2348785 0.14559975 -2.4353106
v 1.2740387 0.14614975 -2.4303105
v 1.2746385 0.25450972 -2.4240808
v 1.2723684 0.34699976 -2.3608007
v 1.2760986 0.36276972 -2.4286005
v 1.2746385 0.25450972 -2.4240808
v 1.2818285 0.2631898 -2.3580506
v 1.1178786 0.26302978 -2.418961
v 1.2746385 0.25450972 -2.4240808
v 1.2760986 0.36276972 -2.4286005
v 1.1163687 0.36080974 -2.418511
v 1.1178786 0.26302978 -2.418961
v 1.1121887 0.24999973 -2.428031
v 1.2590284 0.24665973 -2.4311306
v 1.2746385 0.25450972 -2.4240808
v 1.1164184 0.26095974 -2.257361
v 1.1178786 0.26302978 -2.418961
v 1.1163687 0.36080974 -2.418511
v 1.1207685 0.36058974 -2.254261
v 1.1863685 0.37338972 -2.386781
v 1.1488886 0.3691897 -2.3875608
v 1.1163687 0.36080974 -2.418511
v 1.2760986 0.36276972 -2.4286005
v 1.2474985 0.37636974 -2.3843708
v 1.1163687 0.36080974 -2.418511
v 1.1488886 0.3691897 -2.3875608
v 1.1459684 0.37751973 -2.2901306
v 1.1207685 0.36058974 -2.254261
v 1.1178786 0.26302978 -2.418961
v 1.1164184 0.26095974 -2.257361
v 1.1096784 0.24908976 -2.255811
v 1.1121887 0.24999973 -2.428031
v 1.1050987 0.14566977 -2.3063607
v 1.1078787 0.14998975 -2.384221
v 1.1121887 0.24999973 -2.428031
v 1.1096784 0.24908976 -2.255811
v 1.1207685 0.36058974 -2.254261
v 1.1459684 0.37751973 -2.2901306
v 1.2387986 0.3745697 -2.2939405
v 1.2696586 0.35666972 -2.2538807
v 1.0690985 -2.0787834E-07 -2.3778508
v 1.0769186 -2.1171797E-07 -2.421771
v 1.0868486 0.12572975 -2.419401
v 1.0800986 0.14180976 -2.3776207
v 1.0896083 0.12254979 -2.2533307
v 1.0853486 0.11920978 -2.299811
v 1.1050987 0.14566977 -2.3063607
v 1.1107885 0.15201977 -2.254651
v 1.0997586 0.12307979 -2.235291
v 1.0986986 -1.9449743E-07 -2.224791
v 1.0848684 -1.960002E-07 -2.2419808
v 1.0896083 0.12254979 -2.2533307
v 1.0861583 -2.015332E-07 -2.305271
v 1.0853486 0.11920978 -2.299811
v 1.0896083 0.12254979 -2.2533307
v 1.0848684 -1.960002E-07 -2.2419808
v 1.0853486 0.11920978 -2.299811
v 1.0861583 -2.015332E-07 -2.305271
v 1.0690985 -2.0787834E-07 -2.3778508
v 1.0800986 0.14180976 -2.3776207
v 1.0800986 0.14180976 -2.3776207
v 1.1078787 0.14998975 -2.384221
v 1.1050987 0.14566977 -2.3063607
v 1.0853486 0.11920978 -2.299811
v 1.2812986 0.2549498 -2.2475908
v 1.2709785 0.25969973 -2.2546408
v 1.2814183 0.25796974 -2.272131
v 1.2924585 0.2537998 -2.2698805
v 1.2903886 0.28676975 -2.3499308
v 1.2849284 0.28962976 -2.2909508
v 1.2836285 0.35816976 -2.2981806
v 1.2828484 0.35540974 -2.3540406
v 1.2723684 0.34699976 -2.3608007
v 1.2443686 0.37605974 -2.3555405
v 1.2474985 0.37636974 -2.3843708
v 1.2760986 0.36276972 -2.4286005
v 1.2814183 0.25796974 -2.272131
v 1.2709785 0.25969973 -2.2546408
v 1.2696586 0.35666972 -2.2538807
v 1.2836285 0.35816976 -2.2981806
v 1.2836285 0.35816976 -2.2981806
v 1.2387986 0.3745697 -2.2939405
v 1.2443686 0.37605974 -2.3555405
v 1.2828484 0.35540974 -2.3540406
v 1.0868486 0.12572975 -2.419401
v 1.1125084 0.15484977 -2.432561
v 1.1078787 0.14998975 -2.384221
v 1.0800986 0.14180976 -2.3776207
v 1.2443686 0.37605974 -2.3555405
v 1.1459684 0.37751973 -2.2901306
v 1.1863685 0.37338972 -2.386781
v 1.2474985 0.37636974 -2.3843708
v 1.3069286 0.118849784 -2.3613908
v 1.3230286 0.13469978 -2.2949107
v 1.3070884 0.14546978 -2.2954106
v 1.2938285 0.12469976 -2.3606806
v -1.0704076 0.13469978 -2.294911
v -1.0894277 0.14164977 -2.2351413
v -1.0985076 0.14997979 -2.2652507
v -1.0863475 0.14546978 -2.2954106
v -1.1210675 0.34699976 -2.3608012
v -1.1116073 0.2631898 -2.3580508
v -1.1030475 0.28676975 -2.3499312
v -1.1105876 0.35540974 -2.3540406
v -1.0863475 0.14546978 -2.2954106
v -1.0985076 0.14997979 -2.2652507
v -1.1009777 0.2537998 -2.2698808
v -1.0909674 0.28768975 -2.3028808
v -1.1009777 0.2537998 -2.2698808
v -1.1120175 0.25796974 -2.2721307
v -1.1085074 0.28962976 -2.2909505
v -1.0909674 0.28768975 -2.3028808
v -1.1077874 0.15189977 -2.2474506
v -1.1121376 0.2549498 -2.2475905
v -1.1009777 0.2537998 -2.2698808
v -1.0985076 0.14997979 -2.2652507
v -1.0704076 0.13469978 -2.294911
v -1.0572875 -2.0056632E-07 -2.294211
v -1.0767176 -1.9466177E-07 -2.2266707
v -1.0894277 0.14164977 -2.2351413
v -1.0865076 0.118849784 -2.3613906
v -1.0857575 -2.054366E-07 -2.3499207
v -1.0572875 -2.0056632E-07 -2.294211
v -1.0704076 0.13469978 -2.294911
v -1.1116073 0.2631898 -2.3580508
v -1.1187975 0.25450972 -2.4240806
v -1.1193974 0.14614975 -2.4303107
v -1.0996076 0.12469976 -2.360681
v -1.0863475 0.14546978 -2.2954106
v -1.1030475 0.28676975 -2.3499312
v -1.0909674 0.28768975 -2.3028808
v -1.0865076 0.118849784 -2.3613906
v -1.0746776 0.12229978 -2.3727605
v -1.0663574 -2.0713E-07 -2.3692908
v -1.0857575 -2.054366E-07 -2.3499207
v -1.1193974 0.14614975 -2.4303107
v -1.0832074 0.11883977 -2.4460807
v -1.0746776 0.12229978 -2.3727605
v -1.0865076 0.118849784 -2.3613906
v -1.0746776 0.12229978 -2.3727605
v -1.0832074 0.11883977 -2.4460807
v -1.0722575 -2.1335279E-07 -2.4404712
v -1.0663574 -2.0713E-07 -2.3692908
v -1.0832074 0.11883977 -2.4460807
v -1.1619174 0.13186975 -2.459681
v -1.1603274 -2.1591075E-07 -2.4697309
v -1.0722575 -2.1335279E-07 -2.4404712
v -1.1193974 0.14614975 -2.4303107
v -1.1585574 0.14559975 -2.4353108
v -1.1619174 0.13186975 -2.459681
v -1.0832074 0.11883977 -2.4460807
v -1.2317874 0.110539764 -2.4402108
v -1.2326875 -2.1434502E-07 -2.4518209
v -1.1603274 -2.1591075E-07 -2.4697309
v -1.1619174 0.13186975 -2.459681
v -1.2419174 0.12239978 -2.451831
v -1.2356074 0.14471975 -2.433701
v -1.2809274 0.15484977 -2.4325607
v -1.2874776 0.12107977 -2.450231
v -1.2326875 -2.1434502E-07 -2.4518209
v -1.2419174 0.12239978 -2.451831
v -1.2874776 0.12107977 -2.450231
v -1.2985675 -2.1441147E-07 -2.452581
v -1.2874776 0.12107977 -2.450231
v -1.3065875 0.12572975 -2.4194007
v -1.3165176 -2.1171795E-07 -2.4217708
v -1.2985675 -2.1441147E-07 -2.452581
v -1.1344075 0.24665973 -2.431131
v -1.1585574 0.14559975 -2.4353108
v -1.1193974 0.14614975 -2.4303107
v -1.1187975 0.25450972 -2.4240806
v -1.1210675 0.34699976 -2.3608012
v -1.1173375 0.36276972 -2.4286008
v -1.1187975 0.25450972 -2.4240806
v -1.1116073 0.2631898 -2.3580508
v -1.2755573 0.26302978 -2.418961
v -1.1187975 0.25450972 -2.4240806
v -1.1173375 0.36276972 -2.4286008
v -1.2770674 0.36080974 -2.418511
v -1.2755573 0.26302978 -2.418961
v -1.2812474 0.24999973 -2.4280307
v -1.1344075 0.24665973 -2.431131
v -1.1187975 0.25450972 -2.4240806
v -1.2770175 0.26095974 -2.257361
v -1.2755573 0.26302978 -2.418961
v -1.2770674 0.36080974 -2.418511
v -1.2726676 0.36058974 -2.2542608
v -1.2070676 0.37338972 -2.3867812
v -1.2445476 0.3691897 -2.387561
v -1.2770674 0.36080974 -2.418511
v -1.1173375 0.36276972 -2.4286008
v -1.1459374 0.37636974 -2.3843706
v -1.2770674 0.36080974 -2.418511
v -1.2445476 0.3691897 -2.387561
v -1.2474678 0.37751973 -2.290131
v -1.2726676 0.36058974 -2.2542608
v -1.2755573 0.26302978 -2.418961
v -1.2770175 0.26095974 -2.257361
v -1.2837574 0.24908976 -2.2558112
v -1.2812474 0.24999973 -2.4280307
v -1.2883375 0.14566977 -2.3063607
v -1.2855575 0.14998975 -2.3842208
v -1.2812474 0.24999973 -2.4280307
v -1.2837574 0.24908976 -2.2558112
v -1.2726676 0.36058974 -2.2542608
v -1.2474678 0.37751973 -2.290131
v -1.1546376 0.3745697 -2.293941
v -1.1237776 0.35666972 -2.253881
v -1.3243375 -2.0787834E-07 -2.377851
v -1.3165176 -2.1171795E-07 -2.4217708
v -1.3065875 0.12572975 -2.4194007
v -1.3133374 0.14180976 -2.3776212
v -1.3038275 0.12254979 -2.2533307
v -1.3080876 0.11920978 -2.299811
v -1.2883375 0.14566977 -2.3063607
v -1.2826474 0.15201977 -2.2546508
v -1.3072776 -2.0153317E-07 -2.3052707
v -1.3080876 0.11920978 -2.299811
v -1.3038275 0.12254979 -2.2533307
v -1.3085678 -1.960002E-07 -2.241981
v -1.3080876 0.11920978 -2.299811
v -1.3072776 -2.0153317E-07 -2.3052707
v -1.3243375 -2.0787834E-07 -2.377851
v -1.3133374 0.14180976 -2.3776212
v -1.3133374 0.14180976 -2.3776212
v -1.2855575 0.14998975 -2.3842208
v -1.2883375 0.14566977 -2.3063607
v -1.3080876 0.11920978 -2.299811
v -1.1121376 0.2549498 -2.2475905
v -1.1224574 0.25969973 -2.254641
v -1.1120175 0.25796974 -2.2721307
v -1.1009777 0.2537998 -2.2698808
v -1.1030475 0.28676975 -2.3499312
v -1.1085074 0.28962976 -2.2909505
v -1.1098077 0.35816976 -2.298181
v -1.1105876 0.35540974 -2.3540406
v -1.1210675 0.34699976 -2.3608012
v -1.1490676 0.37605974 -2.3555408
v -1.1459374 0.37636974 -2.3843706
v -1.1173375 0.36276972 -2.4286008
v -1.1120175 0.25796974 -2.2721307
v -1.1224574 0.25969973 -2.254641
v -1.1237776 0.35666972 -2.253881
v -1.1098077 0.35816976 -2.298181
v -1.1098077 0.35816976 -2.298181
v -1.1546376 0.3745697 -2.293941
v -1.1490676 0.37605974 -2.3555408
v -1.1105876 0.35540974 -2.3540406
v -1.3065875 0.12572975 -2.4194007
v -1.2809274 0.15484977 -2.4325607
v -1.2855575 0.14998975 -2.3842208
v -1.3133374 0.14180976 -2.3776212
v -1.1490676 0.37605974 -2.3555408
v -1.2474678 0.37751973 -2.290131
v -1.2070676 0.37338972 -2.3867812
v -1.1459374 0.37636974 -2.3843706
v -1.0865076 0.118849784 -2.3613906
v -1.0704076 0.13469978 -2.294911
v -1.0863475 0.14546978 -2.2954106
v -1.0996076 0.12469976 -2.360681
v 2.4991698 0.13469988 -1.1899295
v 2.4801497 0.14164987 -1.1301596
v 2.4710698 0.14997989 -1.1602695
v 2.48323 0.1454699 -1.1904294
v 2.4485097 0.34699985 -1.2558196
v 2.4579697 0.26318988 -1.2530696
v 2.4665298 0.28676984 -1.2449496
v 2.4589896 0.35540983 -1.2490594
v 2.48323 0.1454699 -1.1904294
v 2.4710698 0.14997989 -1.1602695
v 2.4685998 0.2537999 -1.1648996
v 2.4746978 0.28768983 -1.1978996
v 2.4685998 0.2537999 -1.1648996
v 2.4575593 0.25796983 -1.1671497
v 2.4610696 0.28962985 -1.1859696
v 2.4746978 0.28768983 -1.1978996
v 2.4617896 0.15189987 -1.1424696
v 2.45744 0.25494987 -1.1426097
v 2.4685998 0.2537999 -1.1648996
v 2.4710698 0.14997989 -1.1602695
v 2.4991698 0.13469988 -1.1899295
v 2.5122895 -1.0396577E-07 -1.1892295
v 2.4928594 -9.8061236E-08 -1.1216896
v 2.4801497 0.14164987 -1.1301596
v 2.48307 0.11884989 -1.2564098
v 2.4838195 -1.088361E-07 -1.2449396
v 2.5122895 -1.0396577E-07 -1.1892295
v 2.4991698 0.13469988 -1.1899295
v 2.4579697 0.26318988 -1.2530696
v 2.4507797 0.25450984 -1.3190997
v 2.4501796 0.14614986 -1.3253295
v 2.4699695 0.12469985 -1.2556996
v 2.48323 0.1454699 -1.1904294
v 2.4665298 0.28676984 -1.2449496
v 2.4746978 0.28768983 -1.1978996
v 2.48307 0.11884989 -1.2564098
v 2.4948997 0.12229989 -1.2677796
v 2.5032196 -1.10529484E-07 -1.2643096
v 2.4838195 -1.088361E-07 -1.2449396
v 2.4501796 0.14614986 -1.3253295
v 2.4863696 0.11883987 -1.3410995
v 2.4948997 0.12229989 -1.2677796
v 2.48307 0.11884989 -1.2564098
v 2.4948997 0.12229989 -1.2677796
v 2.4863696 0.11883987 -1.3410995
v 2.4973197 -1.1675224E-07 -1.3354896
v 2.5032196 -1.10529484E-07 -1.2643096
v 2.4863696 0.11883987 -1.3410995
v 2.4076595 0.13186984 -1.3546996
v 2.4092498 -1.1931023E-07 -1.3647497
v 2.4973197 -1.1675224E-07 -1.3354896
v 2.4501796 0.14614986 -1.3253295
v 2.4110198 0.14559984 -1.3303297
v 2.4076595 0.13186984 -1.3546996
v 2.4863696 0.11883987 -1.3410995
v 2.3377895 0.11053986 -1.3352296
v 2.3368897 -1.1774449E-07 -1.3468397
v 2.4092498 -1.1931023E-07 -1.3647497
v 2.4076595 0.13186984 -1.3546996
v 2.3276596 0.122399874 -1.3468497
v 2.3339698 0.14471984 -1.3287196
v 2.28865 0.15484987 -1.3275797
v 2.2820995 0.12107987 -1.3452499
v 2.3368897 -1.1774449E-07 -1.3468397
v 2.3276596 0.122399874 -1.3468497
v 2.2820995 0.12107987 -1.3452499
v 2.27101 -1.1781093E-07 -1.3475997
v 2.2820995 0.12107987 -1.3452499
v 2.2629898 0.12572984 -1.3144196
v 2.2530599 -1.15117444E-07 -1.3167899
v 2.27101 -1.1781093E-07 -1.3475997
v 2.4351697 0.24665983 -1.3261497
v 2.4110198 0.14559984 -1.3303297
v 2.4501796 0.14614986 -1.3253295
v 2.4507797 0.25450984 -1.3190997
v 2.4485097 0.34699985 -1.2558196
v 2.4522395 0.36276984 -1.3236196
v 2.4507797 0.25450984 -1.3190997
v 2.4579697 0.26318988 -1.2530696
v 2.2940197 0.26302987 -1.3139799
v 2.4507797 0.25450984 -1.3190997
v 2.4522395 0.36276984 -1.3236196
v 2.2925098 0.36080986 -1.3135297
v 2.2940197 0.26302987 -1.3139799
v 2.2883296 0.24999984 -1.3230498
v 2.4351697 0.24665983 -1.3261497
v 2.4507797 0.25450984 -1.3190997
v 2.29256 0.26095983 -1.1523798
v 2.2940197 0.26302987 -1.3139799
v 2.2925098 0.36080986 -1.3135297
v 2.2969098 0.36058983 -1.1492798
v 2.3625095 0.37338984 -1.2817996
v 2.3250299 0.36918983 -1.2825797
v 2.2925098 0.36080986 -1.3135297
v 2.4522395 0.36276984 -1.3236196
v 2.4236398 0.37636983 -1.2793896
v 2.2925098 0.36080986 -1.3135297
v 2.3250299 0.36918983 -1.2825797
v 2.3221097 0.37751982 -1.1851497
v 2.2969098 0.36058983 -1.1492798
v 2.2940197 0.26302987 -1.3139799
v 2.29256 0.26095983 -1.1523798
v 2.2858195 0.24908987 -1.1508296
v 2.2883296 0.24999984 -1.3230498
v 2.28124 0.14566986 -1.2013795
v 2.28402 0.14998984 -1.2792399
v 2.2883296 0.24999984 -1.3230498
v 2.2858195 0.24908987 -1.1508296
v 2.2969098 0.36058983 -1.1492798
v 2.3221097 0.37751982 -1.1851497
v 2.4149396 0.37456977 -1.1889596
v 2.4457994 0.35666978 -1.1488996
v 2.2452397 -1.1127783E-07 -1.2728698
v 2.2530599 -1.15117444E-07 -1.3167899
v 2.2629898 0.12572984 -1.3144196
v 2.2562397 0.14180987 -1.2726398
v 2.2657495 0.12254988 -1.1483495
v 2.2614896 0.11920987 -1.1948297
v 2.28124 0.14566986 -1.2013795
v 2.2869296 0.15201987 -1.1496699
v 2.2758996 0.12307988 -1.1303098
v 2.2748399 -9.78969E-08 -1.1198099
v 2.2610097 -9.93997E-08 -1.1369998
v 2.2657495 0.12254988 -1.1483495
v 2.2623 -1.04932674E-07 -1.2002896
v 2.2614896 0.11920987 -1.1948297
v 2.2657495 0.12254988 -1.1483495
v 2.2610097 -9.93997E-08 -1.1369998
v 2.2614896 0.11920987 -1.1948297
v 2.2623 -1.04932674E-07 -1.2002896
v 2.2452397 -1.1127783E-07 -1.2728698
v 2.2562397 0.14180987 -1.2726398
v 2.2562397 0.14180987 -1.2726398
v 2.28402 0.14998984 -1.2792399
v 2.28124 0.14566986 -1.2013795
v 2.2614896 0.11920987 -1.1948297
v 2.45744 0.25494987 -1.1426097
v 2.4471202 0.25969982 -1.1496596
v 2.4575593 0.25796983 -1.1671497
v 2.4685998 0.2537999 -1.1648996
v 2.4665298 0.28676984 -1.2449496
v 2.4610696 0.28962985 -1.1859696
v 2.4597697 0.35816985 -1.1931996
v 2.4589896 0.35540983 -1.2490594
v 2.4485097 0.34699985 -1.2558196
v 2.4205098 0.37605983 -1.2505596
v 2.4236398 0.37636983 -1.2793896
v 2.4522395 0.36276984 -1.3236196
v 2.4575593 0.25796983 -1.1671497
v 2.4471202 0.25969982 -1.1496596
v 2.4457994 0.35666978 -1.1488996
v 2.4597697 0.35816985 -1.1931996
v 2.4597697 0.35816985 -1.1931996
v 2.4149396 0.37456977 -1.1889596
v 2.4205098 0.37605983 -1.2505596
v 2.4589896 0.35540983 -1.2490594
v 2.2629898 0.12572984 -1.3144196
v 2.28865 0.15484987 -1.3275797
v 2.28402 0.14998984 -1.2792399
v 2.2562397 0.14180987 -1.2726398
v 2.4205098 0.37605983 -1.2505596
v 2.3221097 0.37751982 -1.1851497
v 2.3625095 0.37338984 -1.2817996
v 2.4236398 0.37636983 -1.2793896
v 2.48307 0.11884989 -1.2564098
v 2.4991698 0.13469988 -1.1899295
v 2.48323 0.1454699 -1.1904294
v 2.4699695 0.12469985 -1.2556996
v 1.3230283 0.13470018 2.294911
v 1.3070881 0.14547019 2.2954109
v 1.2949283 0.14998019 2.2652507
v 1.3040082 0.14165017 2.2351413
v 1.3070881 0.14547019 2.2954109
v 1.3024682 0.2876901 2.3028808
v 1.2924583 0.25380018 2.269881
v 1.2949283 0.14998019 2.2652507
v 1.2924583 0.25380018 2.269881
v 1.3024682 0.2876901 2.3028808
v 1.2849282 0.28963012 2.2909508
v 1.2814181 0.25797012 2.272131
v 1.2856482 0.15190017 2.2474506
v 1.2949283 0.14998019 2.2652507
v 1.2924583 0.25380018 2.269881
v 1.2812984 0.25495017 2.247591
v 1.3230283 0.13470018 2.294911
v 1.3040082 0.14165017 2.2351413
v 1.3167183 1.9466177E-07 2.2266707
v 1.3361481 2.0056632E-07 2.294211
v 1.1517981 1.9342127E-07 2.212481
v 1.3167183 1.9466177E-07 2.2266707
v 1.3040082 0.14165017 2.2351413
v 1.1549081 0.14192016 2.2238307
v 1.3069282 0.11885021 2.361391
v 1.3230283 0.13470018 2.294911
v 1.3361481 2.0056632E-07 2.294211
v 1.307678 2.0543663E-07 2.349921
v 1.2818282 0.26319018 2.3580508
v 1.2740381 0.14615019 2.4303107
v 1.2746379 0.25451013 2.4240813
v 1.2938281 0.12470018 2.360681
v 1.3070881 0.14547019 2.2954109
v 1.2903882 0.28677014 2.3499312
v 1.3024682 0.2876901 2.3028808
v 1.3069282 0.11885021 2.361391
v 1.307678 2.0543663E-07 2.349921
v 1.3270781 2.0713E-07 2.3692908
v 1.3187581 0.12230021 2.3727608
v 1.2740381 0.14615019 2.4303107
v 1.3069282 0.11885021 2.361391
v 1.3187581 0.12230021 2.3727608
v 1.3102281 0.118840195 2.4460807
v 1.3187581 0.12230021 2.3727608
v 1.3270781 2.0713E-07 2.3692908
v 1.3211782 2.1335279E-07 2.4404712
v 1.3102281 0.118840195 2.4460807
v 1.2740381 0.14615019 2.4303107
v 1.3102281 0.118840195 2.4460807
v 1.231518 0.13187018 2.459681
v 1.2348783 0.14560017 2.4353108
v 1.2723682 0.34700015 2.3608012
v 1.2818282 0.26319018 2.3580508
v 1.2746379 0.25451013 2.4240813
v 1.276098 0.36277014 2.4286008
v 1.1164181 0.26096013 2.257361
v 1.1207683 0.36059013 2.2542605
v 1.116368 0.3608102 2.418511
v 1.1178782 0.2630302 2.418961
v 1.1863681 0.37339014 2.3867812
v 1.116368 0.3608102 2.418511
v 1.1488881 0.36919016 2.3875604
v 1.276098 0.36277014 2.4286008
v 1.2474983 0.3763701 2.3843708
v 1.116368 0.3608102 2.418511
v 1.1207683 0.36059013 2.2542605
v 1.1459682 0.3775201 2.290131
v 1.1488881 0.36919016 2.3875604
v 1.1178782 0.2630302 2.418961
v 1.1121881 0.25000015 2.4280305
v 1.1096781 0.24909016 2.2558112
v 1.1164181 0.26096013 2.257361
v 1.1050985 0.14567018 2.3063607
v 1.1096781 0.24909016 2.2558112
v 1.1121881 0.25000015 2.4280305
v 1.1078782 0.14999017 2.3842206
v 1.1207683 0.36059013 2.2542605
v 1.1164181 0.26096013 2.257361
v 1.2709782 0.25970012 2.254641
v 1.2696583 0.35667008 2.253881
v 1.1207683 0.36059013 2.2542605
v 1.2696583 0.35667008 2.253881
v 1.2387984 0.37457007 2.293941
v 1.1459682 0.3775201 2.290131
v 1.1096781 0.24909016 2.2558112
v 1.2812984 0.25495017 2.247591
v 1.2709782 0.25970012 2.254641
v 1.1164181 0.26096013 2.257361
v 1.1107882 0.15202017 2.2546506
v 1.2856482 0.15190017 2.2474506
v 1.2812984 0.25495017 2.247591
v 1.1096781 0.24909016 2.2558112
v 1.0690982 2.0787834E-07 2.377851
v 1.0800983 0.1418102 2.3776212
v 1.086848 0.12573019 2.4194007
v 1.0769181 2.1171795E-07 2.4217706
v 1.0896081 0.122550175 2.2533307
v 1.1107882 0.15202017 2.2546506
v 1.1050985 0.14567018 2.3063607
v 1.0853484 0.11921017 2.299811
v 1.0997584 0.12308018 2.235291
v 1.0896081 0.122550175 2.2533307
v 1.0848682 1.9600023E-07 2.241981
v 1.0986984 1.9449743E-07 2.224791
v 1.086158 2.0153317E-07 2.3052707
v 1.0848682 1.9600023E-07 2.241981
v 1.0896081 0.122550175 2.2533307
v 1.0853484 0.11921017 2.299811
v 1.1517981 1.9342127E-07 2.212481
v 1.1549081 0.14192016 2.2238307
v 1.0997584 0.12308018 2.235291
v 1.0986984 1.9449743E-07 2.224791
v 1.0853484 0.11921017 2.299811
v 1.0800983 0.1418102 2.3776212
v 1.0690982 2.0787834E-07 2.377851
v 1.086158 2.0153317E-07 2.3052707
v 1.0800983 0.1418102 2.3776212
v 1.0853484 0.11921017 2.299811
v 1.1050985 0.14567018 2.3063607
v 1.1078782 0.14999017 2.3842206
v 1.2812984 0.25495017 2.247591
v 1.2924583 0.25380018 2.269881
v 1.2814181 0.25797012 2.272131
v 1.2709782 0.25970012 2.254641
v 1.2903882 0.28677014 2.3499312
v 1.2828481 0.35541013 2.3540409
v 1.2836282 0.35817015 2.298181
v 1.2849282 0.28963012 2.2909508
v 1.2723682 0.34700015 2.3608012
v 1.276098 0.36277014 2.4286008
v 1.2474983 0.3763701 2.3843708
v 1.2443681 0.37606013 2.3555408
v 1.2814181 0.25797012 2.272131
v 1.2836282 0.35817015 2.298181
v 1.2696583 0.35667008 2.253881
v 1.2709782 0.25970012 2.254641
v 1.2836282 0.35817015 2.298181
v 1.2828481 0.35541013 2.3540409
v 1.2443681 0.37606013 2.3555408
v 1.2387984 0.37457007 2.293941
v 1.2856482 0.15190017 2.2474506
v 1.1107882 0.15202017 2.2546506
v 1.1549081 0.14192016 2.2238307
v 1.3040082 0.14165017 2.2351413
v 1.086848 0.12573019 2.4194007
v 1.0800983 0.1418102 2.3776212
v 1.1078782 0.14999017 2.3842206
v 1.112508 0.1548502 2.4325604
v 1.2443681 0.37606013 2.3555408
v 1.2474983 0.3763701 2.3843708
v 1.1863681 0.37339014 2.3867812
v 1.1459682 0.3775201 2.290131
v 1.3069282 0.11885021 2.361391
v 1.2938281 0.12470018 2.360681
v 1.3070881 0.14547019 2.2954109
v 1.3230283 0.13470018 2.294911
v -1.0704079 0.13470018 2.294911
v -1.0863477 0.14547019 2.295411
v -1.0985079 0.14998019 2.265251
v -1.089428 0.14165017 2.235141
v -1.0863477 0.14547019 2.295411
v -1.0909677 0.2876901 2.302881
v -1.1009779 0.25380018 2.2698812
v -1.0985079 0.14998019 2.265251
v -1.1009779 0.25380018 2.2698812
v -1.0909677 0.2876901 2.302881
v -1.1085076 0.28963012 2.2909508
v -1.1120178 0.25797012 2.272131
v -1.1077876 0.15190017 2.2474508
v -1.0985079 0.14998019 2.265251
v -1.1009779 0.25380018 2.2698812
v -1.1121378 0.25495017 2.247591
v -1.0704079 0.13470018 2.294911
v -1.089428 0.14165017 2.235141
v -1.0767179 1.9466178E-07 2.226671
v -1.0572877 2.0056632E-07 2.294211
v -1.2416377 1.9342124E-07 2.2124808
v -1.0767179 1.9466178E-07 2.226671
v -1.089428 0.14165017 2.235141
v -1.2385278 0.14192016 2.2238305
v -1.0865078 0.11885021 2.361391
v -1.0704079 0.13470018 2.294911
v -1.0572877 2.0056632E-07 2.294211
v -1.0857579 2.0543666E-07 2.3499212
v -1.1116079 0.26319018 2.358051
v -1.1193978 0.14615019 2.430311
v -1.1187979 0.25451013 2.424081
v -1.099608 0.12470018 2.3606808
v -1.0863477 0.14547019 2.295411
v -1.1030478 0.28677014 2.349931
v -1.0909677 0.2876901 2.302881
v -1.0865078 0.11885021 2.361391
v -1.0857579 2.0543666E-07 2.3499212
v -1.066358 2.0713001E-07 2.369291
v -1.074678 0.12230021 2.3727608
v -1.1193978 0.14615019 2.430311
v -1.0865078 0.11885021 2.361391
v -1.074678 0.12230021 2.3727608
v -1.0832077 0.118840195 2.446081
v -1.074678 0.12230021 2.3727608
v -1.066358 2.0713001E-07 2.369291
v -1.072258 2.1335276E-07 2.440471
v -1.0832077 0.118840195 2.446081
v -1.1193978 0.14615019 2.430311
v -1.0832077 0.118840195 2.446081
v -1.161918 0.13187018 2.459681
v -1.1585579 0.14560017 2.4353108
v -1.287478 0.1210802 2.4502306
v -1.2985678 2.1441141E-07 2.4525805
v -1.3165178 2.1171795E-07 2.4217706
v -1.3065878 0.12573019 2.4194005
v -1.121068 0.34700015 2.360801
v -1.1116079 0.26319018 2.358051
v -1.1187979 0.25451013 2.424081
v -1.1173378 0.36277014 2.4286008
v -1.2770177 0.26096013 2.2573607
v -1.2726679 0.36059013 2.2542603
v -1.2770678 0.3608102 2.4185107
v -1.2755579 0.2630302 2.4189608
v -1.207068 0.37339014 2.386781
v -1.2770678 0.3608102 2.4185107
v -1.2445478 0.36919016 2.3875604
v -1.1173378 0.36277014 2.4286008
v -1.1459379 0.3763701 2.3843708
v -1.2770678 0.3608102 2.4185107
v -1.2726679 0.36059013 2.2542603
v -1.247468 0.3775201 2.2901309
v -1.2445478 0.36919016 2.3875604
v -1.2755579 0.2630302 2.4189608
v -1.2812477 0.25000015 2.4280305
v -1.2837577 0.24909016 2.2558107
v -1.2770177 0.26096013 2.2573607
v -1.2883377 0.14567018 2.3063607
v -1.2837577 0.24909016 2.2558107
v -1.2812477 0.25000015 2.4280305
v -1.2855577 0.14999017 2.3842206
v -1.2726679 0.36059013 2.2542603
v -1.2770177 0.26096013 2.2573607
v -1.1224576 0.25970012 2.254641
v -1.1237779 0.35667008 2.2538807
v -1.2726679 0.36059013 2.2542603
v -1.1237779 0.35667008 2.2538807
v -1.1546378 0.37457007 2.2939408
v -1.247468 0.3775201 2.2901309
v -1.2837577 0.24909016 2.2558107
v -1.1121378 0.25495017 2.247591
v -1.1224576 0.25970012 2.254641
v -1.2770177 0.26096013 2.2573607
v -1.2826476 0.15202017 2.2546506
v -1.1077876 0.15190017 2.2474508
v -1.1121378 0.25495017 2.247591
v -1.2837577 0.24909016 2.2558107
v -1.324338 2.0787832E-07 2.3778505
v -1.3133378 0.1418102 2.377621
v -1.3065878 0.12573019 2.4194005
v -1.3165178 2.1171795E-07 2.4217706
v -1.3038278 0.122550175 2.2533305
v -1.2826476 0.15202017 2.2546506
v -1.2883377 0.14567018 2.3063607
v -1.3080878 0.11921017 2.2998106
v -1.2936778 0.12308018 2.2352908
v -1.3038278 0.122550175 2.2533305
v -1.308568 1.960002E-07 2.2419806
v -1.2947378 1.9449743E-07 2.2247908
v -1.3072778 2.0153318E-07 2.3052704
v -1.308568 1.960002E-07 2.2419806
v -1.3038278 0.122550175 2.2533305
v -1.3080878 0.11921017 2.2998106
v -1.2416377 1.9342124E-07 2.2124808
v -1.2385278 0.14192016 2.2238305
v -1.2936778 0.12308018 2.2352908
v -1.2947378 1.9449743E-07 2.2247908
v -1.3080878 0.11921017 2.2998106
v -1.3133378 0.1418102 2.377621
v -1.324338 2.0787832E-07 2.3778505
v -1.3072778 2.0153318E-07 2.3052704
v -1.3133378 0.1418102 2.377621
v -1.3080878 0.11921017 2.2998106
v -1.2883377 0.14567018 2.3063607
v -1.2855577 0.14999017 2.3842206
v -1.1121378 0.25495017 2.247591
v -1.1009779 0.25380018 2.2698812
v -1.1120178 0.25797012 2.272131
v -1.1224576 0.25970012 2.254641
v -1.1030478 0.28677014 2.349931
v -1.1105881 0.35541013 2.354041
v -1.109808 0.35817015 2.2981808
v -1.1085076 0.28963012 2.2909508
v -1.121068 0.34700015 2.360801
v -1.1173378 0.36277014 2.4286008
v -1.1459379 0.3763701 2.3843708
v -1.1490679 0.37606013 2.355541
v -1.1120178 0.25797012 2.272131
v -1.109808 0.35817015 2.2981808
v -1.1237779 0.35667008 2.2538807
v -1.1224576 0.25970012 2.254641
v -1.109808 0.35817015 2.2981808
v -1.1105881 0.35541013 2.354041
v -1.1490679 0.37606013 2.355541
v -1.1546378 0.37457007 2.2939408
v -1.1077876 0.15190017 2.2474508
v -1.2826476 0.15202017 2.2546506
v -1.2385278 0.14192016 2.2238305
v -1.089428 0.14165017 2.235141
v -1.3065878 0.12573019 2.4194005
v -1.3133378 0.1418102 2.377621
v -1.2855577 0.14999017 2.3842206
v -1.280928 0.1548502 2.4325604
v -1.1490679 0.37606013 2.355541
v -1.1459379 0.3763701 2.3843708
v -1.207068 0.37339014 2.386781
v -1.247468 0.3775201 2.2901309
v -1.0865078 0.11885021 2.361391
v -1.099608 0.12470018 2.3606808
v -1.0863477 0.14547019 2.295411
v -1.0704079 0.13470018 2.294911
v -2.4991696 0.13469988 -1.18993
v -2.4832296 0.1454699 -1.19043
v -2.4710693 0.14997989 -1.1602701
v -2.48015 0.14164987 -1.13016
v -2.4485095 0.34699985 -1.2558199
v -2.4589894 0.35540983 -1.24906
v -2.4665296 0.28676984 -1.2449499
v -2.4579697 0.26318988 -1.2530699
v -2.4832296 0.1454699 -1.19043
v -2.4786096 0.28768983 -1.1978999
v -2.4685998 0.2537999 -1.1649
v -2.4710693 0.14997989 -1.1602701
v -2.4685998 0.2537999 -1.1649
v -2.4786096 0.28768983 -1.1978999
v -2.4610696 0.28962985 -1.18597
v -2.4575596 0.25796983 -1.16715
v -2.4991696 0.13469988 -1.18993
v -2.48015 0.14164987 -1.13016
v -2.4928598 -9.806125E-08 -1.1216899
v -2.5122895 -1.0396578E-07 -1.18923
v -2.4830694 0.11884989 -1.2564101
v -2.4991696 0.13469988 -1.18993
v -2.5122895 -1.0396578E-07 -1.18923
v -2.4838192 -1.08836105E-07 -1.2449399
v -2.4579697 0.26318988 -1.2530699
v -2.4501793 0.14614986 -1.3253299
v -2.4507792 0.25450984 -1.3190999
v -2.4699693 0.12469985 -1.2557001
v -2.4832296 0.1454699 -1.19043
v -2.4665296 0.28676984 -1.2449499
v -2.4786096 0.28768983 -1.1978999
v -2.4830694 0.11884989 -1.2564101
v -2.4838192 -1.08836105E-07 -1.2449399
v -2.5032196 -1.10529484E-07 -1.2643099
v -2.4948995 0.12229989 -1.26778
v -2.4501793 0.14614986 -1.3253299
v -2.4830694 0.11884989 -1.2564101
v -2.4948995 0.12229989 -1.26778
v -2.4863694 0.11883987 -1.3411001
v -2.4948995 0.12229989 -1.26778
v -2.5032196 -1.10529484E-07 -1.2643099
v -2.4973195 -1.1675226E-07 -1.3354902
v -2.4863694 0.11883987 -1.3411001
v -2.4863694 0.11883987 -1.3411001
v -2.4973195 -1.1675226E-07 -1.3354902
v -2.4092495 -1.1931024E-07 -1.3647499
v -2.4076595 0.13186984 -1.3547001
v -2.4501793 0.14614986 -1.3253299
v -2.4863694 0.11883987 -1.3411001
v -2.4076595 0.13186984 -1.3547001
v -2.4110196 0.14559984 -1.3303299
v -2.3377895 0.11053986 -1.3352299
v -2.4076595 0.13186984 -1.3547001
v -2.4092495 -1.1931024E-07 -1.3647499
v -2.3368895 -1.1774449E-07 -1.3468399
v -2.3276596 0.122399874 -1.3468499
v -2.2820992 0.12107987 -1.3452501
v -2.2886496 0.15484987 -1.32758
v -2.3339694 0.14471984 -1.3287201
v -2.3368895 -1.1774449E-07 -1.3468399
v -2.2710094 -1.1781094E-07 -1.3476
v -2.2820992 0.12107987 -1.3452501
v -2.3276596 0.122399874 -1.3468499
v -2.2820992 0.12107987 -1.3452501
v -2.2710094 -1.1781094E-07 -1.3476
v -2.2530594 -1.1511745E-07 -1.3167901
v -2.2629893 0.12572984 -1.3144199
v -2.4351695 0.24665983 -1.32615
v -2.4507792 0.25450984 -1.3190999
v -2.4501793 0.14614986 -1.3253299
v -2.4110196 0.14559984 -1.3303299
v -2.4485095 0.34699985 -1.2558199
v -2.4579697 0.26318988 -1.2530699
v -2.4507792 0.25450984 -1.3190999
v -2.4522393 0.36276984 -1.32362
v -2.2940197 0.26302987 -1.3139801
v -2.2925093 0.36080986 -1.31353
v -2.4522393 0.36276984 -1.32362
v -2.4507792 0.25450984 -1.3190999
v -2.2940197 0.26302987 -1.3139801
v -2.4507792 0.25450984 -1.3190999
v -2.4351695 0.24665983 -1.32615
v -2.2883294 0.24999984 -1.32305
v -2.2925596 0.26095983 -1.15238
v -2.2969098 0.36058983 -1.1492801
v -2.2925093 0.36080986 -1.31353
v -2.2940197 0.26302987 -1.3139801
v -2.3625093 0.37338984 -1.2817999
v -2.2925093 0.36080986 -1.31353
v -2.3250294 0.36918983 -1.2825799
v -2.4522393 0.36276984 -1.32362
v -2.4236395 0.37636983 -1.2793899
v -2.2925093 0.36080986 -1.31353
v -2.2969098 0.36058983 -1.1492801
v -2.3221097 0.37751982 -1.1851499
v -2.3250294 0.36918983 -1.2825799
v -2.2940197 0.26302987 -1.3139801
v -2.2883294 0.24999984 -1.32305
v -2.2858198 0.24908987 -1.1508298
v -2.2925596 0.26095983 -1.15238
v -2.2812397 0.14566986 -1.2013798
v -2.2858198 0.24908987 -1.1508298
v -2.2883294 0.24999984 -1.32305
v -2.2840195 0.14998984 -1.2792401
v -2.2969098 0.36058983 -1.1492801
v -2.4457998 0.35666978 -1.1489
v -2.4149399 0.37456977 -1.1889601
v -2.3221097 0.37751982 -1.1851499
v -2.2452395 -1.11277835E-07 -1.2728701
v -2.2562394 0.14180987 -1.27264
v -2.2629893 0.12572984 -1.3144199
v -2.2530594 -1.1511745E-07 -1.3167901
v -2.2657495 0.12254988 -1.1483498
v -2.2869298 0.15201987 -1.1496701
v -2.2812397 0.14566986 -1.2013798
v -2.2614899 0.11920987 -1.19483
v -2.2759 0.12307988 -1.13031
v -2.2657495 0.12254988 -1.1483498
v -2.2610097 -9.939971E-08 -1.1370001
v -2.2748394 -9.789691E-08 -1.1198101
v -2.2622995 -1.0493268E-07 -1.2002898
v -2.2610097 -9.939971E-08 -1.1370001
v -2.2657495 0.12254988 -1.1483498
v -2.2614899 0.11920987 -1.19483
v -2.3279397 -9.6820735E-08 -1.1075001
v -2.3310494 0.14191987 -1.1188501
v -2.2759 0.12307988 -1.13031
v -2.2748394 -9.789691E-08 -1.1198101
v -2.2614899 0.11920987 -1.19483
v -2.2562394 0.14180987 -1.27264
v -2.2452395 -1.11277835E-07 -1.2728701
v -2.2622995 -1.0493268E-07 -1.2002898
v -2.2562394 0.14180987 -1.27264
v -2.2614899 0.11920987 -1.19483
v -2.2812397 0.14566986 -1.2013798
v -2.2840195 0.14998984 -1.2792401
v -2.4665296 0.28676984 -1.2449499
v -2.4589894 0.35540983 -1.24906
v -2.45977 0.35816985 -1.1932001
v -2.4610696 0.28962985 -1.18597
v -2.4485095 0.34699985 -1.2558199
v -2.4522393 0.36276984 -1.32362
v -2.4236395 0.37636983 -1.2793899
v -2.4205093 0.37605983 -1.2505599
v -2.4575596 0.25796983 -1.16715
v -2.45977 0.35816985 -1.1932001
v -2.4457998 0.35666978 -1.1489
v -2.4471197 0.25969982 -1.1496601
v -2.45977 0.35816985 -1.1932001
v -2.4589894 0.35540983 -1.24906
v -2.4205093 0.37605983 -1.2505599
v -2.4149399 0.37456977 -1.1889601
v -2.2629893 0.12572984 -1.3144199
v -2.2562394 0.14180987 -1.27264
v -2.2840195 0.14998984 -1.2792401
v -2.2886496 0.15484987 -1.32758
v -2.4205093 0.37605983 -1.2505599
v -2.4236395 0.37636983 -1.2793899
v -2.3625093 0.37338984 -1.2817999
v -2.3221097 0.37751982 -1.1851499
v -2.4830694 0.11884989 -1.2564101
v -2.4699693 0.12469985 -1.2557001
v -2.4832296 0.1454699 -1.19043
v -2.4991696 0.13469988 -1.18993
v -2.4991698 0.13470007 1.1356418
v -2.4801497 0.14165005 1.075872
v -2.4710693 0.14998008 1.1059821
v -2.4832294 0.14547008 1.136142
v -2.4832294 0.14547008 1.136142
v -2.4710693 0.14998008 1.1059821
v -2.4685998 0.2538001 1.1106122
v -2.4786096 0.28769004 1.143612
v -2.4685998 0.2538001 1.1106122
v -2.4575593 0.25797004 1.112862
v -2.4610696 0.28963006 1.1316819
v -2.4786096 0.28769004 1.143612
v -2.4617896 0.15190007 1.088182
v -2.4574394 0.25495008 1.088322
v -2.4685998 0.2538001 1.1106122
v -2.4710693 0.14998008 1.1059821
v -2.4991698 0.13470007 1.1356418
v -2.5122895 9.921979E-08 1.1349418
v -2.4928594 9.3315265E-08 1.067402
v -2.4801497 0.14165005 1.075872
v -2.3279395 9.207473E-08 1.0532119
v -2.3310494 0.14192006 1.0645621
v -2.4801497 0.14165005 1.075872
v -2.4928594 9.3315265E-08 1.067402
v -2.48307 0.1188501 1.2021221
v -2.4838195 1.04090134E-07 1.1906521
v -2.5122895 9.921979E-08 1.1349418
v -2.4991698 0.13470007 1.1356418
v -2.4579694 0.2631901 1.1987821
v -2.4507794 0.25451005 1.264812
v -2.4501796 0.1461501 1.271042
v -2.4699693 0.12470007 1.201412
v -2.4832294 0.14547008 1.136142
v -2.4665294 0.28677005 1.1906619
v -2.4786096 0.28769004 1.143612
v -2.48307 0.1188501 1.2021221
v -2.4948993 0.122300096 1.2134919
v -2.5032194 1.0578351E-07 1.2100221
v -2.4838195 1.04090134E-07 1.1906521
v -2.4501796 0.1461501 1.271042
v -2.4863696 0.118840106 1.2868121
v -2.4948993 0.122300096 1.2134919
v -2.48307 0.1188501 1.2021221
v -2.4948993 0.122300096 1.2134919
v -2.4863696 0.118840106 1.2868121
v -2.4973197 1.1200625E-07 1.2812018
v -2.5032194 1.0578351E-07 1.2100221
v -2.3276596 0.12240011 1.292562
v -2.3339696 0.14472008 1.274432
v -2.2886498 0.15485011 1.2732921
v -2.2820995 0.12108011 1.290962
v -2.2820995 0.12108011 1.290962
v -2.2629895 0.12573008 1.2601321
v -2.2530599 1.1037144E-07 1.262502
v -2.27101 1.1306497E-07 1.2933123
v -2.4485097 0.34700006 1.2015319
v -2.4522395 0.36277005 1.2693322
v -2.4507794 0.25451005 1.264812
v -2.4579694 0.2631901 1.1987821
v -2.2925594 0.26096004 1.0980918
v -2.2940197 0.26303008 1.259692
v -2.2925096 0.36081007 1.2592418
v -2.2969098 0.36059004 1.0949922
v -2.3625095 0.37339005 1.2275119
v -2.3250299 0.36919004 1.2282922
v -2.2925096 0.36081007 1.2592418
v -2.4522395 0.36277005 1.2693322
v -2.4236398 0.37637004 1.2251018
v -2.2925096 0.36081007 1.2592418
v -2.3250299 0.36919004 1.2282922
v -2.3221097 0.37752002 1.130862
v -2.2969098 0.36059004 1.0949922
v -2.2940197 0.26303008 1.259692
v -2.2925594 0.26096004 1.0980918
v -2.2858195 0.24909006 1.0965421
v -2.2883296 0.25000003 1.2687621
v -2.28124 0.14567007 1.1470921
v -2.28402 0.14999007 1.224952
v -2.2883296 0.25000003 1.2687621
v -2.2858195 0.24909006 1.0965421
v -2.2969098 0.36059004 1.0949922
v -2.4457994 0.35667002 1.0946122
v -2.4471195 0.25970003 1.095372
v -2.2925594 0.26096004 1.0980918
v -2.2969098 0.36059004 1.0949922
v -2.3221097 0.37752002 1.130862
v -2.4149394 0.37457 1.1346719
v -2.4457994 0.35667002 1.0946122
v -2.2858195 0.24909006 1.0965421
v -2.2925594 0.26096004 1.0980918
v -2.4471195 0.25970003 1.095372
v -2.4574394 0.25495008 1.088322
v -2.2869296 0.15202007 1.095382
v -2.2858195 0.24909006 1.0965421
v -2.4574394 0.25495008 1.088322
v -2.4617896 0.15190007 1.088182
v -2.2452397 1.0653184E-07 1.2185819
v -2.2530599 1.1037144E-07 1.262502
v -2.2629895 0.12573008 1.2601321
v -2.2562394 0.14181009 1.2183521
v -2.2657495 0.12255007 1.0940621
v -2.2614894 0.11921007 1.1405423
v -2.28124 0.14567007 1.1470921
v -2.2869296 0.15202007 1.095382
v -2.2758994 0.123080075 1.0760219
v -2.2748394 9.3150916E-08 1.065522
v -2.2610097 9.46537E-08 1.0827119
v -2.2657495 0.12255007 1.0940621
v -2.2622993 1.00186696E-07 1.146002
v -2.2614894 0.11921007 1.1405423
v -2.2657495 0.12255007 1.0940621
v -2.2610097 9.46537E-08 1.0827119
v -2.3279395 9.207473E-08 1.0532119
v -2.2748394 9.3150916E-08 1.065522
v -2.2758994 0.123080075 1.0760219
v -2.3310494 0.14192006 1.0645621
v -2.2614894 0.11921007 1.1405423
v -2.2622993 1.00186696E-07 1.146002
v -2.2452397 1.0653184E-07 1.2185819
v -2.2562394 0.14181009 1.2183521
v -2.2562394 0.14181009 1.2183521
v -2.28402 0.14999007 1.224952
v -2.28124 0.14567007 1.1470921
v -2.2614894 0.11921007 1.1405423
v -2.4574394 0.25495008 1.088322
v -2.4471195 0.25970003 1.095372
v -2.4575593 0.25797004 1.112862
v -2.4685998 0.2538001 1.1106122
v -2.4665294 0.28677005 1.1906619
v -2.4610696 0.28963006 1.1316819
v -2.4597697 0.35817006 1.138912
v -2.4589896 0.35541004 1.194772
v -2.4485097 0.34700006 1.2015319
v -2.4205093 0.37606004 1.196272
v -2.4236398 0.37637004 1.2251018
v -2.4522395 0.36277005 1.2693322
v -2.4575593 0.25797004 1.112862
v -2.4471195 0.25970003 1.095372
v -2.4457994 0.35667002 1.0946122
v -2.4597697 0.35817006 1.138912
v -2.4597697 0.35817006 1.138912
v -2.4149394 0.37457 1.1346719
v -2.4205093 0.37606004 1.196272
v -2.4589896 0.35541004 1.194772
v -2.4617896 0.15190007 1.088182
v -2.4801497 0.14165005 1.075872
v -2.3310494 0.14192006 1.0645621
v -2.2869296 0.15202007 1.095382
v -2.2629895 0.12573008 1.2601321
v -2.2886498 0.15485011 1.2732921
v -2.28402 0.14999007 1.224952
v -2.2562394 0.14181009 1.2183521
v -2.4205093 0.37606004 1.196272
v -2.3221097 0.37752002 1.130862
v -2.3625095 0.37339005 1.2275119
v -2.4236398 0.37637004 1.2251018
v -2.48307 0.1188501 1.2021221
v -2.4991698 0.13470007 1.1356418
v -2.4832294 0.14547008 1.136142
v -2.4699693 0.12470007 1.201412
v 2.4991693 0.13470009 1.2249584
v 2.4801495 0.14165008 1.2847284
v 2.4710693 0.14998011 1.2546183
v 2.4832296 0.1454701 1.2244583
v 2.4485097 0.34700006 1.1590685
v 2.4579697 0.2631901 1.1618185
v 2.4665298 0.28677005 1.1699384
v 2.4589899 0.35541004 1.1658283
v 2.4832296 0.1454701 1.2244583
v 2.4710693 0.14998011 1.2546183
v 2.4685996 0.2538001 1.2499886
v 2.4740555 0.28769004 1.2169886
v 2.4685996 0.2538001 1.2499886
v 2.4575596 0.25797004 1.2477384
v 2.4610693 0.28963006 1.2289184
v 2.4740555 0.28769004 1.2169886
v 2.4617894 0.1519001 1.2724185
v 2.4574394 0.25495008 1.2722783
v 2.4685996 0.2538001 1.2499886
v 2.4710693 0.14998011 1.2546183
v 2.4991693 0.13470009 1.2249584
v 2.5122893 1.07150456E-07 1.2256584
v 2.4928594 1.1305501E-07 1.2931986
v 2.4801495 0.14165008 1.2847284
v 2.4830697 0.1188501 1.1584783
v 2.4838197 1.02280154E-07 1.1699486
v 2.5122893 1.07150456E-07 1.2256584
v 2.4991693 0.13470009 1.2249584
v 2.4579697 0.2631901 1.1618185
v 2.4507794 0.25451005 1.0957885
v 2.4501798 0.14615007 1.0895586
v 2.4699697 0.12470007 1.1591883
v 2.4832296 0.1454701 1.2244583
v 2.4665298 0.28677005 1.1699384
v 2.4740555 0.28769004 1.2169886
v 2.4830697 0.1188501 1.1584783
v 2.4948997 0.122300096 1.1471084
v 2.5032196 1.00586774E-07 1.1505785
v 2.4838197 1.02280154E-07 1.1699486
v 2.4501798 0.14615007 1.0895586
v 2.4863698 0.118840076 1.0737883
v 2.4948997 0.122300096 1.1471084
v 2.4830697 0.1188501 1.1584783
v 2.4948997 0.122300096 1.1471084
v 2.4863698 0.118840076 1.0737883
v 2.49732 9.4364E-08 1.0793983
v 2.5032196 1.00586774E-07 1.1505785
v 2.4863698 0.118840076 1.0737883
v 2.4076595 0.13187006 1.0601883
v 2.40925 9.1806015E-08 1.0501385
v 2.49732 9.4364E-08 1.0793983
v 2.4501798 0.14615007 1.0895586
v 2.41102 0.14560005 1.0845585
v 2.4076595 0.13187006 1.0601883
v 2.4863698 0.118840076 1.0737883
v 2.3377895 0.11054007 1.0796585
v 2.3368897 9.337176E-08 1.0680485
v 2.40925 9.1806015E-08 1.0501385
v 2.4076595 0.13187006 1.0601883
v 2.3276596 0.12240008 1.0680385
v 2.3339696 0.14472005 1.0861683
v 2.2886496 0.15485008 1.0873084
v 2.2820997 0.12108008 1.0696383
v 2.4351697 0.24666002 1.0887384
v 2.41102 0.14560005 1.0845585
v 2.4501798 0.14615007 1.0895586
v 2.4507794 0.25451005 1.0957885
v 2.4485097 0.34700006 1.1590685
v 2.4522398 0.36277005 1.0912685
v 2.4507794 0.25451005 1.0957885
v 2.4579697 0.2631901 1.1618185
v 2.2940197 0.26303008 1.1009083
v 2.4507794 0.25451005 1.0957885
v 2.4522398 0.36277005 1.0912685
v 2.2925096 0.36081007 1.1013584
v 2.2940197 0.26303008 1.1009083
v 2.2883298 0.25000003 1.0918384
v 2.4351697 0.24666002 1.0887384
v 2.4507794 0.25451005 1.0957885
v 2.2925596 0.26096004 1.2625084
v 2.2940197 0.26303008 1.1009083
v 2.2925096 0.36081007 1.1013584
v 2.2969096 0.36059004 1.2656083
v 2.3625097 0.37339005 1.1330885
v 2.3250294 0.36919004 1.1323085
v 2.2925096 0.36081007 1.1013584
v 2.4522398 0.36277005 1.0912685
v 2.4236398 0.37637004 1.1354985
v 2.2925096 0.36081007 1.1013584
v 2.3250294 0.36919004 1.1323085
v 2.3221095 0.37752002 1.2297382
v 2.2969096 0.36059004 1.2656083
v 2.2940197 0.26303008 1.1009083
v 2.2925596 0.26096004 1.2625084
v 2.2858193 0.24909008 1.2640582
v 2.2883298 0.25000003 1.0918384
v 2.2812397 0.14567009 1.2135084
v 2.2840195 0.14999005 1.1356483
v 2.2883298 0.25000003 1.0918384
v 2.2858193 0.24909008 1.2640582
v 2.2969096 0.36059004 1.2656083
v 2.3221095 0.37752002 1.2297382
v 2.4149396 0.37457 1.2259283
v 2.4457994 0.35667002 1.2659883
v 2.2452397 9.9838424E-08 1.1420183
v 2.2530594 9.599881E-08 1.0980983
v 2.2629895 0.12573007 1.1004682
v 2.25624 0.14181007 1.1422482
v 2.2657492 0.12255009 1.2665384
v 2.2614899 0.11921007 1.2200584
v 2.2812397 0.14567009 1.2135084
v 2.2869294 0.15202008 1.2652183
v 2.2622995 1.0618355E-07 1.2145982
v 2.2614899 0.11921007 1.2200584
v 2.2657492 0.12255009 1.2665384
v 2.2610095 1.11716545E-07 1.2778883
v 2.2614899 0.11921007 1.2200584
v 2.2622995 1.0618355E-07 1.2145982
v 2.2452397 9.9838424E-08 1.1420183
v 2.25624 0.14181007 1.1422482
v 2.25624 0.14181007 1.1422482
v 2.2840195 0.14999005 1.1356483
v 2.2812397 0.14567009 1.2135084
v 2.2614899 0.11921007 1.2200584
v 2.4574394 0.25495008 1.2722783
v 2.4471197 0.25970003 1.2652283
v 2.4575596 0.25797004 1.2477384
v 2.4685996 0.2538001 1.2499886
v 2.4665298 0.28677005 1.1699384
v 2.4610693 0.28963006 1.2289184
v 2.45977 0.35817006 1.2216883
v 2.4589899 0.35541004 1.1658283
v 2.4485097 0.34700006 1.1590685
v 2.4205093 0.37606004 1.1643286
v 2.4236398 0.37637004 1.1354985
v 2.4522398 0.36277005 1.0912685
v 2.4575596 0.25797004 1.2477384
v 2.4471197 0.25970003 1.2652283
v 2.4457994 0.35667002 1.2659883
v 2.45977 0.35817006 1.2216883
v 2.45977 0.35817006 1.2216883
v 2.4149396 0.37457 1.2259283
v 2.4205093 0.37606004 1.1643286
v 2.4589899 0.35541004 1.1658283
v 2.2629895 0.12573007 1.1004682
v 2.2886496 0.15485008 1.0873084
v 2.2840195 0.14999005 1.1356483
v 2.25624 0.14181007 1.1422482
v 2.4205093 0.37606004 1.1643286
v 2.3221095 0.37752002 1.2297382
v 2.3625097 0.37339005 1.1330885
v 2.4236398 0.37637004 1.1354985
v 2.4830697 0.1188501 1.1584783
v 2.4991693 0.13470009 1.2249584
v 2.4832296 0.1454701 1.2244583
v 2.4699697 0.12470007 1.1591883
v 1.1818409 0.38242638 2.3110504
v 1.1984088 0.40174943 2.2912326
v 1.1741517 0.40174943 2.297732
v 1.1984088 0.38242638 2.306611
v 1.2226661 0.40174943 2.2977324
v 1.1697122 0.38242638 2.323179
v 1.1563941 0.40174943 2.3154898
v 1.2149769 0.38242638 2.3110504
v 1.2404236 0.40174943 2.3154898
v 1.1984088 0.3734585 2.339747
v 1.1652728 0.38242638 2.339747
v 1.2271055 0.38242638 2.323179
v 1.1498944 0.40174943 2.339747
v 1.2469233 0.40174943 2.339747
v 1.1697122 0.38242638 2.356315
v 1.1563941 0.40174943 2.3640041
v 1.2315449 0.38242638 2.339747
v 1.2404236 0.40174943 2.3640041
v 1.1818409 0.38242644 2.3684435
v 1.1741517 0.40174937 2.3817618
v 1.2271054 0.38242638 2.356315
v 1.222666 0.40174937 2.3817618
v 1.1984088 0.38242638 2.3728828
v 1.1984088 0.40174937 2.3882613
v 1.2149768 0.38242644 2.3684435
v 1.1984088 0.40558517 2.2960522
v 1.1984088 0.38742912 2.3102045
v 1.1836376 0.38742912 2.3141625
v 1.1765615 0.40558517 2.301906
v 1.2202563 0.40558517 2.301906
v 1.1728244 0.38742912 2.3249757
v 1.160568 0.40558517 2.3178995
v 1.2131801 0.38742912 2.3141625
v 1.2362497 0.40558517 2.3178995
v 1.1984088 0.37961817 2.339747
v 1.1688665 0.38742912 2.339747
v 1.2239933 0.38742912 2.3249757
v 1.154714 0.40558517 2.339747
v 1.2421037 0.40558517 2.339747
v 1.1728244 0.38742912 2.3545182
v 1.160568 0.40558517 2.3615944
v 1.2279512 0.38742912 2.339747
v 1.2362497 0.40558517 2.3615944
v 1.1836376 0.38742912 2.3653314
v 1.1765614 0.4055851 2.3775878
v 1.2239933 0.38742912 2.3545182
v 1.2202562 0.4055851 2.3775878
v 1.1984088 0.38742918 2.3692894
v 1.1984088 0.4055851 2.3834417
v 1.21318 0.38742912 2.3653314
v 1.1807792 0.38242698 -2.3674474
v 1.1973472 0.40175015 -2.3872652
v 1.17309 0.40175015 -2.3807654
v 1.1973472 0.38242698 -2.3718867
v 1.2216045 0.40175015 -2.3807654
v 1.1686505 0.38242704 -2.355319
v 1.1553324 0.4017501 -2.3630085
v 1.2139152 0.38242698 -2.3674474
v 1.2393619 0.4017501 -2.3630075
v 1.1973472 0.37345916 -2.3387508
v 1.1642112 0.38242704 -2.3387508
v 1.2260438 0.38242704 -2.355319
v 1.1488327 0.4017501 -2.3387508
v 1.2458616 0.4017501 -2.3387508
v 1.1686505 0.38242704 -2.3221827
v 1.1553324 0.4017501 -2.3144932
v 1.2304832 0.38242704 -2.3387508
v 1.2393619 0.4017501 -2.3144932
v 1.1807792 0.38242704 -2.3100543
v 1.17309 0.4017501 -2.2967362
v 1.2260437 0.38242704 -2.3221827
v 1.2216043 0.4017501 -2.2967362
v 1.1973472 0.38242704 -2.305615
v 1.1973472 0.4017501 -2.2902365
v 1.2139151 0.38242704 -2.3100543
v 1.1973472 0.40558594 -2.3824453
v 1.1973472 0.38742977 -2.3682933
v 1.182576 0.38742977 -2.364335
v 1.1754998 0.40558594 -2.3765917
v 1.2191947 0.40558594 -2.3765917
v 1.1717627 0.38742977 -2.3535218
v 1.1595063 0.40558589 -2.360598
v 1.2121184 0.38742977 -2.364335
v 1.235188 0.40558589 -2.360598
v 1.1973472 0.37961882 -2.3387508
v 1.1678048 0.38742977 -2.3387508
v 1.2229316 0.38742977 -2.3535218
v 1.1536523 0.40558589 -2.3387508
v 1.241042 0.40558583 -2.3387508
v 1.1717627 0.38742977 -2.3239799
v 1.1595063 0.40558589 -2.3169036
v 1.2268895 0.38742977 -2.3387508
v 1.235188 0.40558589 -2.3169036
v 1.182576 0.38742977 -2.3131666
v 1.1754998 0.40558583 -2.30091
v 1.2229316 0.38742977 -2.3239794
v 1.2191945 0.40558589 -2.30091
v 1.1973472 0.38742977 -2.3092084
v 1.1973472 0.40558583 -2.2950563
v 1.2121183 0.38742977 -2.3131666
v 2.3541863 0.38242686 -1.2621233
v 2.3707542 0.40174997 -1.2819412
v 2.346497 0.40174997 -1.2754414
v 2.3707542 0.38242686 -1.2665627
v 2.3950117 0.40174997 -1.2754414
v 2.3420577 0.3824268 -1.249995
v 2.3287396 0.40174997 -1.2576845
v 2.3873224 0.38242692 -1.2621233
v 2.412769 0.40174997 -1.257684
v 2.3707542 0.37345898 -1.2334268
v 2.3376184 0.3824268 -1.2334268
v 2.399451 0.3824268 -1.249995
v 2.3222399 0.4017499 -1.2334268
v 2.4192686 0.4017499 -1.2334268
v 2.3420577 0.3824268 -1.2168586
v 2.3287396 0.4017499 -1.2091696
v 2.4038901 0.3824268 -1.2334268
v 2.412769 0.4017499 -1.2091696
v 2.3541863 0.3824268 -1.2047303
v 2.346497 0.4017499 -1.1914122
v 2.399451 0.3824268 -1.2168586
v 2.3950114 0.4017499 -1.1914122
v 2.3707542 0.3824268 -1.2002909
v 2.3707542 0.4017499 -1.1849124
v 2.3873224 0.3824268 -1.2047303
v 2.3707542 0.4055857 -1.2771218
v 2.3707542 0.38742965 -1.2629693
v 2.3559833 0.38742965 -1.2590115
v 2.348907 0.4055857 -1.2712681
v 2.392602 0.4055857 -1.2712681
v 2.34517 0.3874296 -1.2481978
v 2.3329136 0.4055857 -1.255274
v 2.3855257 0.38742965 -1.2590115
v 2.408595 0.4055857 -1.255274
v 2.3707542 0.37961864 -1.2334268
v 2.341212 0.3874296 -1.2334268
v 2.396339 0.3874296 -1.2481978
v 2.3270595 0.40558565 -1.2334268
v 2.4144492 0.40558565 -1.2334268
v 2.34517 0.3874296 -1.2186558
v 2.3329134 0.40558565 -1.2115796
v 2.4002967 0.3874296 -1.2334268
v 2.408595 0.40558565 -1.2115796
v 2.3559833 0.3874296 -1.2078426
v 2.348907 0.40558565 -1.195586
v 2.396339 0.3874296 -1.2186553
v 2.3926017 0.40558565 -1.195586
v 2.3707542 0.3874296 -1.2038844
v 2.3707542 0.40558565 -1.1897323
v 2.3855257 0.3874296 -1.2078426
v 2.3576953 0.3824265 1.1518857
v 2.3742633 0.4017496 1.1320679
v 2.350006 0.4017496 1.1385677
v 2.3742633 0.3824265 1.1474464
v 2.3985207 0.4017496 1.1385677
v 2.3455667 0.38242656 1.1640143
v 2.3322487 0.4017496 1.1563252
v 2.3908315 0.3824265 1.1518857
v 2.4162781 0.4017496 1.1563252
v 2.3742633 0.37345868 1.1805824
v 2.3411274 0.38242656 1.1805824
v 2.40296 0.38242656 1.1640145
v 2.325749 0.40174967 1.1805824
v 2.4227777 0.4017496 1.1805824
v 2.3455667 0.38242656 1.1971505
v 2.3322487 0.40174967 1.2048396
v 2.4073992 0.38242656 1.1805824
v 2.4162781 0.40174967 1.2048397
v 2.3576953 0.38242656 1.2092791
v 2.350006 0.4017496 1.2225971
v 2.40296 0.38242656 1.1971505
v 2.3985205 0.4017496 1.2225971
v 2.3742633 0.38242656 1.2137183
v 2.3742633 0.4017496 1.2290969
v 2.3908315 0.38242656 1.2092791
v 2.3742633 0.40558535 1.1368876
v 2.3742633 0.38742924 1.1510401
v 2.3594923 0.38742924 1.154998
v 2.352416 0.40558535 1.1427417
v 2.396111 0.40558535 1.1427417
v 2.348679 0.3874293 1.1658112
v 2.3364227 0.40558535 1.158735
v 2.3890347 0.38742924 1.154998
v 2.4121041 0.40558535 1.158735
v 2.3742633 0.3796184 1.1805824
v 2.344721 0.3874293 1.1805824
v 2.399848 0.3874293 1.1658112
v 2.3305686 0.4055854 1.1805824
v 2.4179583 0.4055854 1.1805824
v 2.348679 0.3874293 1.1953535
v 2.3364224 0.4055854 1.2024298
v 2.4038057 0.3874293 1.1805824
v 2.4121041 0.4055854 1.2024299
v 2.3594923 0.3874293 1.2061667
v 2.352416 0.4055854 1.2184231
v 2.399848 0.3874293 1.1953535
v 2.3961108 0.4055854 1.2184232
v 2.3742633 0.3874293 1.2101247
v 2.3742633 0.4055854 1.2242773
v 2.3890347 0.3874293 1.2061667
v -1.1818409 0.38242638 2.3110504
v -1.1741517 0.40174943 2.297732
v -1.1984088 0.40174943 2.2912326
v -1.1984088 0.38242638 2.306611
v -1.2226661 0.40174943 2.2977324
v -1.1697122 0.38242638 2.323179
v -1.1563941 0.40174943 2.3154898
v -1.2149769 0.38242638 2.3110504
v -1.2404236 0.40174943 2.3154898
v -1.1984088 0.3734585 2.339747
v -1.1652728 0.38242638 2.339747
v -1.2271055 0.38242638 2.323179
v -1.1498944 0.40174943 2.339747
v -1.2469233 0.40174943 2.339747
v -1.1697122 0.38242638 2.356315
v -1.1563941 0.40174943 2.3640041
v -1.2315449 0.38242638 2.339747
v -1.2404236 0.40174943 2.3640041
v -1.1818409 0.38242644 2.3684435
v -1.1741517 0.40174937 2.3817618
v -1.2271054 0.38242638 2.356315
v -1.222666 0.40174937 2.3817618
v -1.1984088 0.38242638 2.3728828
v -1.1984088 0.40174937 2.3882613
v -1.2149768 0.38242644 2.3684435
v -1.1984088 0.40558517 2.2960522
v -1.1765615 0.40558517 2.301906
v -1.1836376 0.38742912 2.3141625
v -1.1984088 0.38742912 2.3102045
v -1.2202563 0.40558517 2.301906
v -1.1728244 0.38742912 2.3249757
v -1.160568 0.40558517 2.3178995
v -1.2131801 0.38742912 2.3141625
v -1.2362497 0.40558517 2.3178995
v -1.1984088 0.37961817 2.339747
v -1.1688665 0.38742912 2.339747
v -1.2239933 0.38742912 2.3249757
v -1.154714 0.40558517 2.339747
v -1.2421037 0.40558517 2.339747
v -1.1728244 0.38742912 2.3545182
v -1.160568 0.40558517 2.3615944
v -1.2279512 0.38742912 2.339747
v -1.2362497 0.40558517 2.3615944
v -1.1836376 0.38742912 2.3653314
v -1.1765614 0.4055851 2.3775878
v -1.2239933 0.38742912 2.3545182
v -1.2202562 0.4055851 2.3775878
v -1.1984088 0.38742918 2.3692894
v -1.1984088 0.4055851 2.3834417
v -1.21318 0.38742912 2.3653314
v -1.1807792 0.38242698 -2.3674474
v -1.17309 0.40175015 -2.3807654
v -1.1973472 0.40175015 -2.3872652
v -1.1973472 0.38242698 -2.3718867
v -1.2216045 0.40175015 -2.3807654
v -1.1686505 0.38242704 -2.355319
v -1.1553324 0.4017501 -2.3630085
v -1.2139152 0.38242698 -2.3674474
v -1.2393619 0.4017501 -2.3630075
v -1.1973472 0.37345916 -2.3387508
v -1.1642112 0.38242704 -2.3387508
v -1.2260438 0.38242704 -2.355319
v -1.1488327 0.4017501 -2.3387508
v -1.2458616 0.4017501 -2.3387508
v -1.1686505 0.38242704 -2.3221827
v -1.1553324 0.4017501 -2.3144932
v -1.2304832 0.38242704 -2.3387508
v -1.2393619 0.4017501 -2.3144932
v -1.1807792 0.38242704 -2.3100543
v -1.17309 0.4017501 -2.2967362
v -1.2260437 0.38242704 -2.3221827
v -1.2216043 0.4017501 -2.2967362
v -1.1973472 0.38242704 -2.305615
v -1.1973472 0.4017501 -2.2902365
v -1.2139151 0.38242704 -2.3100543
v -1.1973472 0.40558594 -2.3824453
v -1.1754998 0.40558594 -2.3765917
v -1.182576 0.38742977 -2.364335
v -1.1973472 0.38742977 -2.3682933
v -1.2191947 0.40558594 -2.3765917
v -1.1717627 0.38742977 -2.3535218
v -1.1595063 0.40558589 -2.360598
v -1.2121184 0.38742977 -2.364335
v -1.235188 0.40558589 -2.360598
v -1.1973472 0.37961882 -2.3387508
v -1.1678048 0.38742977 -2.3387508
v -1.2229316 0.38742977 -2.3535218
v -1.1536523 0.40558589 -2.3387508
v -1.241042 0.40558583 -2.3387508
v -1.1717627 0.38742977 -2.3239799
v -1.1595063 0.40558589 -2.3169036
v -1.2268895 0.38742977 -2.3387508
v -1.235188 0.40558589 -2.3169036
v -1.182576 0.38742977 -2.3131666
v -1.1754998 0.40558583 -2.30091
v -1.2229316 0.38742977 -2.3239794
v -1.2191945 0.40558589 -2.30091
v -1.1973472 0.38742977 -2.3092084
v -1.1973472 0.40558583 -2.2950563
v -1.2121183 0.38742977 -2.3131666
v -2.3541863 0.38242686 -1.2621233
v -2.346497 0.40174997 -1.2754414
v -2.3707542 0.40174997 -1.2819412
v -2.3707542 0.38242686 -1.2665627
v -2.3950117 0.40174997 -1.2754414
v -2.3420577 0.3824268 -1.249995
v -2.3287396 0.40174997 -1.2576845
v -2.3873224 0.38242692 -1.2621233
v -2.412769 0.40174997 -1.257684
v -2.3707542 0.37345898 -1.2334268
v -2.3376184 0.3824268 -1.2334268
v -2.399451 0.3824268 -1.249995
v -2.3222399 0.4017499 -1.2334268
v -2.4192686 0.4017499 -1.2334268
v -2.3420577 0.3824268 -1.2168586
v -2.3287396 0.4017499 -1.2091696
v -2.4038901 0.3824268 -1.2334268
v -2.412769 0.4017499 -1.2091696
v -2.3541863 0.3824268 -1.2047303
v -2.346497 0.4017499 -1.1914122
v -2.399451 0.3824268 -1.2168586
v -2.3950114 0.4017499 -1.1914122
v -2.3707542 0.3824268 -1.2002909
v -2.3707542 0.4017499 -1.1849124
v -2.3873224 0.3824268 -1.2047303
v -2.3707542 0.4055857 -1.2771218
v -2.348907 0.4055857 -1.2712681
v -2.3559833 0.38742965 -1.2590115
v -2.3707542 0.38742965 -1.2629693
v -2.392602 0.4055857 -1.2712681
v -2.34517 0.3874296 -1.2481978
v -2.3329136 0.4055857 -1.255274
v -2.3855257 0.38742965 -1.2590115
v -2.408595 0.4055857 -1.255274
v -2.3707542 0.37961864 -1.2334268
v -2.341212 0.3874296 -1.2334268
v -2.396339 0.3874296 -1.2481978
v -2.3270595 0.40558565 -1.2334268
v -2.4144492 0.40558565 -1.2334268
v -2.34517 0.3874296 -1.2186558
v -2.3329134 0.40558565 -1.2115796
v -2.4002967 0.3874296 -1.2334268
v -2.408595 0.40558565 -1.2115796
v -2.3559833 0.3874296 -1.2078426
v -2.348907 0.40558565 -1.195586
v -2.396339 0.3874296 -1.2186553
v -2.3926017 0.40558565 -1.195586
v -2.3707542 0.3874296 -1.2038844
v -2.3707542 0.40558565 -1.1897323
v -2.3855257 0.3874296 -1.2078426
v -2.3576953 0.3824265 1.1518857
v -2.350006 0.4017496 1.1385677
v -2.3742633 0.4017496 1.1320679
v -2.3742633 0.3824265 1.1474464
v -2.3985207 0.4017496 1.1385677
v -2.3455667 0.38242656 1.1640143
v -2.3322487 0.4017496 1.1563252
v -2.3908315 0.3824265 1.1518857
v -2.4162781 0.4017496 1.1563252
v -2.3742633 0.37345868 1.1805824
v -2.3411274 0.38242656 1.1805824
v -2.40296 0.38242656 1.1640145
v -2.325749 0.40174967 1.1805824
v -2.4227777 0.4017496 1.1805824
v -2.3455667 0.38242656 1.1971505
v -2.3322487 0.40174967 1.2048396
v -2.4073992 0.38242656 1.1805824
v -2.4162781 0.40174967 1.2048397
v -2.3576953 0.38242656 1.2092791
v -2.350006 0.4017496 1.2225971
v -2.40296 0.38242656 1.1971505
v -2.3985205 0.4017496 1.2225971
v -2.3742633 0.38242656 1.2137183
v -2.3742633 0.4017496 1.2290969
v -2.3908315 0.38242656 1.2092791
v -2.3742633 0.40558535 1.1368876
v -2.352416 0.40558535 1.1427417
v -2.3594923 0.38742924 1.154998
v -2.3742633 0.38742924 1.1510401
v -2.396111 0.40558535 1.1427417
v -2.348679 0.3874293 1.1658112
v -2.3364227 0.40558535 1.158735
v -2.3890347 0.38742924 1.154998
v -2.4121041 0.40558535 1.158735
v -2.3742633 0.3796184 1.1805824
v -2.344721 0.3874293 1.1805824
v -2.399848 0.3874293 1.1658112
v -2.3305686 0.4055854 1.1805824
v -2.4179583 0.4055854 1.1805824
v -2.348679 0.3874293 1.1953535
v -2.3364224 0.4055854 1.2024298
v -2.4038057 0.3874293 1.1805824
v -2.4121041 0.4055854 1.2024299
v -2.3594923 0.3874293 1.2061667
v -2.352416 0.4055854 1.2184231
v -2.399848 0.3874293 1.1953535
v -2.3961108 0.4055854 1.2184232
v -2.3742633 0.3874293 1.2101247
v -2.3742633 0.4055854 1.2242773
v -2.3890347 0.3874293 1.2061667
v 1.1984088 0.40174943 2.2912326
v 1.1984088 0.40558517 2.2960522
v 1.1765615 0.40558517 2.301906
v 1.1741517 0.40174943 2.297732
v 1.2226661 0.40174943 2.2977324
v 1.160568 0.40558517 2.3178995
v 1.2202563 0.40558517 2.301906
v 1.1563941 0.40174943 2.3154898
v 1.2404236 0.40174943 2.3154898
v 1.154714 0.40558517 2.339747
v 1.2362497 0.40558517 2.3178995
v 1.1498944 0.40174943 2.339747
v 1.2469233 0.40174943 2.339747
v 1.160568 0.40558517 2.3615944
v 1.2421037 0.40558517 2.339747
v 1.1563941 0.40174943 2.3640041
v 1.2404236 0.40174943 2.3640041
v 1.1765614 0.4055851 2.3775878
v 1.2362497 0.40558517 2.3615944
v 1.1741517 0.40174937 2.3817618
v 1.222666 0.40174937 2.3817618
v 1.1984088 0.4055851 2.3834417
v 1.2202562 0.4055851 2.3775878
v 1.1984088 0.40174937 2.3882613
v 1.1973472 0.40175015 -2.3872652
v 1.1973472 0.40558594 -2.3824453
v 1.1754998 0.40558594 -2.3765917
v 1.17309 0.40175015 -2.3807654
v 1.2216045 0.40175015 -2.3807654
v 1.1595063 0.40558589 -2.360598
v 1.2191947 0.40558594 -2.3765917
v 1.1553324 0.4017501 -2.3630085
v 1.2393619 0.4017501 -2.3630075
v 1.1536523 0.40558589 -2.3387508
v 1.235188 0.40558589 -2.360598
v 1.1488327 0.4017501 -2.3387508
v 1.2458616 0.4017501 -2.3387508
v 1.1595063 0.40558589 -2.3169036
v 1.241042 0.40558583 -2.3387508
v 1.1553324 0.4017501 -2.3144932
v 1.2393619 0.4017501 -2.3144932
v 1.1754998 0.40558583 -2.30091
v 1.235188 0.40558589 -2.3169036
v 1.17309 0.4017501 -2.2967362
v 1.2216043 0.4017501 -2.2967362
v 1.1973472 0.40558583 -2.2950563
v 1.2191945 0.40558589 -2.30091
v 1.1973472 0.4017501 -2.2902365
v 2.3707542 0.40174997 -1.2819412
v 2.3707542 0.4055857 -1.2771218
v 2.348907 0.4055857 -1.2712681
v 2.346497 0.40174997 -1.2754414
v 2.3950117 0.40174997 -1.2754414
v 2.3329136 0.4055857 -1.255274
v 2.392602 0.4055857 -1.2712681
v 2.3287396 0.40174997 -1.2576845
v 2.412769 0.40174997 -1.257684
v 2.3270595 0.40558565 -1.2334268
v 2.408595 0.4055857 -1.255274
v 2.3222399 0.4017499 -1.2334268
v 2.4192686 0.4017499 -1.2334268
v 2.3329134 0.40558565 -1.2115796
v 2.4144492 0.40558565 -1.2334268
v 2.3287396 0.4017499 -1.2091696
v 2.412769 0.4017499 -1.2091696
v 2.348907 0.40558565 -1.195586
v 2.408595 0.40558565 -1.2115796
v 2.346497 0.4017499 -1.1914122
v 2.3950114 0.4017499 -1.1914122
v 2.3707542 0.40558565 -1.1897323
v 2.3926017 0.40558565 -1.195586
v 2.3707542 0.4017499 -1.1849124
v 2.3742633 0.4017496 1.1320679
v 2.3742633 0.40558535 1.1368876
v 2.352416 0.40558535 1.1427417
v 2.350006 0.4017496 1.1385677
v 2.3985207 0.4017496 1.1385677
v 2.3364227 0.40558535 1.158735
v 2.396111 0.40558535 1.1427417
v 2.3322487 0.4017496 1.1563252
v 2.4162781 0.4017496 1.1563252
v 2.3305686 0.4055854 1.1805824
v 2.4121041 0.40558535 1.158735
v 2.325749 0.40174967 1.1805824
v 2.4227777 0.4017496 1.1805824
v 2.3364224 0.4055854 1.2024298
v 2.4179583 0.4055854 1.1805824
v 2.3322487 0.40174967 1.2048396
v 2.4162781 0.40174967 1.2048397
v 2.352416 0.4055854 1.2184231
v 2.4121041 0.4055854 1.2024299
v 2.350006 0.4017496 1.2225971
v 2.3985205 0.4017496 1.2225971
v 2.3742633 0.4055854 1.2242773
v 2.3961108 0.4055854 1.2184232
v 2.3742633 0.4017496 1.2290969
v -1.1984088 0.40174943 2.2912326
v -1.1741517 0.40174943 2.297732
v -1.1765615 0.40558517 2.301906
v -1.1984088 0.40558517 2.2960522
v -1.160568 0.40558517 2.3178995
v -1.2226661 0.40174943 2.2977324
v -1.1563941 0.40174943 2.3154898
v -1.2202563 0.40558517 2.301906
v -1.154714 0.40558517 2.339747
v -1.2404236 0.40174943 2.3154898
v -1.1498944 0.40174943 2.339747
v -1.2362497 0.40558517 2.3178995
v -1.160568 0.40558517 2.3615944
v -1.2469233 0.40174943 2.339747
v -1.1563941 0.40174943 2.3640041
v -1.2421037 0.40558517 2.339747
v -1.1765614 0.4055851 2.3775878
v -1.2404236 0.40174943 2.3640041
v -1.1741517 0.40174937 2.3817618
v -1.2362497 0.40558517 2.3615944
v -1.1984088 0.4055851 2.3834417
v -1.222666 0.40174937 2.3817618
v -1.1984088 0.40174937 2.3882613
v -1.2202562 0.4055851 2.3775878
v -1.1973472 0.40175015 -2.3872652
v -1.17309 0.40175015 -2.3807654
v -1.1754998 0.40558594 -2.3765917
v -1.1973472 0.40558594 -2.3824453
v -1.1595063 0.40558589 -2.360598
v -1.2216045 0.40175015 -2.3807654
v -1.1553324 0.4017501 -2.3630085
v -1.2191947 0.40558594 -2.3765917
v -1.1536523 0.40558589 -2.3387508
v -1.2393619 0.4017501 -2.3630075
v -1.1488327 0.4017501 -2.3387508
v -1.235188 0.40558589 -2.360598
v -1.1595063 0.40558589 -2.3169036
v -1.2458616 0.4017501 -2.3387508
v -1.1553324 0.4017501 -2.3144932
v -1.241042 0.40558583 -2.3387508
v -1.1754998 0.40558583 -2.30091
v -1.2393619 0.4017501 -2.3144932
v -1.17309 0.4017501 -2.2967362
v -1.235188 0.40558589 -2.3169036
v -1.1973472 0.40558583 -2.2950563
v -1.2216043 0.4017501 -2.2967362
v -1.1973472 0.4017501 -2.2902365
v -1.2191945 0.40558589 -2.30091
v -2.3707542 0.40174997 -1.2819412
v -2.346497 0.40174997 -1.2754414
v -2.348907 0.4055857 -1.2712681
v -2.3707542 0.4055857 -1.2771218
v -2.3329136 0.4055857 -1.255274
v -2.3950117 0.40174997 -1.2754414
v -2.3287396 0.40174997 -1.2576845
v -2.392602 0.4055857 -1.2712681
v -2.3270595 0.40558565 -1.2334268
v -2.412769 0.40174997 -1.257684
v -2.3222399 0.4017499 -1.2334268
v -2.408595 0.4055857 -1.255274
v -2.3329134 0.40558565 -1.2115796
v -2.4192686 0.4017499 -1.2334268
v -2.3287396 0.4017499 -1.2091696
v -2.4144492 0.40558565 -1.2334268
v -2.348907 0.40558565 -1.195586
v -2.412769 0.4017499 -1.2091696
v -2.346497 0.4017499 -1.1914122
v -2.408595 0.40558565 -1.2115796
v -2.3707542 0.40558565 -1.1897323
v -2.3950114 0.4017499 -1.1914122
v -2.3707542 0.4017499 -1.1849124
v -2.3926017 0.40558565 -1.195586
v -2.3742633 0.4017496 1.1320679
v -2.350006 0.4017496 1.1385677
v -2.352416 0.40558535 1.1427417
v -2.3742633 0.40558535 1.1368876
v -2.3364227 0.40558535 1.158735
v -2.3985207 0.4017496 1.1385677
v -2.3322487 0.4017496 1.1563252
v -2.396111 0.40558535 1.1427417
v -2.3305686 0.4055854 1.1805824
v -2.4162781 0.4017496 1.1563252
v -2.325749 0.40174967 1.1805824
v -2.4121041 0.40558535 1.158735
v -2.3364224 0.4055854 1.2024298
v -2.4227777 0.4017496 1.1805824
v -2.3322487 0.40174967 1.2048396
v -2.4179583 0.4055854 1.1805824
v -2.352416 0.4055854 1.2184231
v -2.4162781 0.40174967 1.2048397
v -2.350006 0.4017496 1.2225971
v -2.4121041 0.4055854 1.2024299
v -2.3742633 0.4055854 1.2242773
v -2.3985205 0.4017496 1.2225971
v -2.3742633 0.4017496 1.2290969
v -2.3961108 0.4055854 1.2184232
vt 0.75390625 0.6669922
vt 0.74658203 0.67333984
vt 0.7729492 0.6665039
vt 0.71435547 0.60839844
vt 0.7241211 0.6142578
vt 0.74072266 0.59716797
vt 0.71240234 0.61816406
vt 0.7241211 0.6142578
vt 0.71435547 0.60839844
vt 0.8803711 0.60302734
vt 0.8779297 0.58691406
vt 0.8432617 0.5908203
vt 0.8432617 0.5908203
vt 0.83935547 0.60302734
vt 0.8803711 0.60302734
vt 0.8833008 0.5913086
vt 0.8779297 0.58691406
vt 0.8803711 0.60302734
vt 0.8779297 0.58691406
vt 0.8833008 0.5913086
vt 0.88378906 0.54052734
vt 0.9301758 0.6152344
vt 0.90527344 0.6088867
vt 0.9003906 0.64941406
vt 0.99365234 0.6328125
vt 0.9692383 0.6225586
vt 0.9814453 0.67089844
vt 0.7788086 0.6459961
vt 0.7729492 0.6665039
vt 0.7836914 0.6953125
vt 0.78808594 0.6953125
vt 0.8173828 0.64941406
vt 0.8203125 0.69628906
vt 0.7836914 0.6953125
vt 0.78808594 0.6953125
vt 0.7788086 0.6459961
vt 0.74658203 0.67333984
vt 0.73339844 0.66308594
vt 0.75634766 0.69921875
vt 0.75390625 0.7192383
vt 0.75634766 0.69921875
vt 0.7348633 0.70654297
vt 0.7729492 0.6665039
vt 0.7788086 0.6459961
vt 0.7753906 0.59277344
vt 0.90625 0.59033203
vt 0.90527344 0.6088867
vt 0.9213867 0.59472656
vt 0.90527344 0.6088867
vt 0.8803711 0.60302734
vt 0.9003906 0.64941406
vt 0.7836914 0.7128906
vt 0.78564453 0.7182617
vt 0.7890625 0.71240234
vt 0.8041992 0.7578125
vt 0.80126953 0.74365234
vt 0.76171875 0.76416016
vt 0.76171875 0.76416016
vt 0.78564453 0.7182617
vt 0.7597656 0.72314453
vt 0.78564453 0.7182617
vt 0.80126953 0.74365234
vt 0.79785156 0.71484375
vt 0.6699219 0.34301758
vt 0.6513672 0.34399414
vt 0.6767578 0.3359375
vt 0.71191406 0.39941406
vt 0.68603516 0.41186523
vt 0.70166016 0.3942871
vt 0.7138672 0.38964844
vt 0.71191406 0.39941406
vt 0.70166016 0.3942871
vt 0.5463867 0.41186523
vt 0.5839844 0.42260742
vt 0.5498047 0.42797852
vt 0.5839844 0.42260742
vt 0.5463867 0.41186523
vt 0.58740234 0.4104004
vt 0.54345703 0.42407227
vt 0.5463867 0.41186523
vt 0.5498047 0.42797852
vt 0.5498047 0.42797852
vt 0.54589844 0.47460938
vt 0.54345703 0.42407227
vt 0.49609375 0.40161133
vt 0.52441406 0.36669922
vt 0.5214844 0.40722656
vt 0.4321289 0.38720703
vt 0.4423828 0.34838867
vt 0.4567871 0.3959961
vt 0.4189453 0.39868164
vt 0.4321289 0.38720703
vt 0.42822266 0.4025879
vt 0.6459961 0.3647461
vt 0.63916016 0.31567383
vt 0.6513672 0.34399414
vt 0.6347656 0.31567383
vt 0.6074219 0.3630371
vt 0.60253906 0.3161621
vt 0.63916016 0.31567383
vt 0.6459961 0.3647461
vt 0.6347656 0.31567383
vt 0.6767578 0.3359375
vt 0.6665039 0.31054688
vt 0.6904297 0.34570312
vt 0.66748047 0.2902832
vt 0.6875 0.30249023
vt 0.6665039 0.31054688
vt 0.6513672 0.34399414
vt 0.6513672 0.4177246
vt 0.6459961 0.3647461
vt 0.5209961 0.4255371
vt 0.5058594 0.421875
vt 0.5214844 0.40722656
vt 0.5214844 0.40722656
vt 0.52441406 0.36669922
vt 0.5463867 0.41186523
vt 0.6381836 0.29833984
vt 0.6333008 0.29882812
vt 0.63623047 0.2927246
vt 0.61621094 0.25390625
vt 0.6582031 0.24609375
vt 0.6191406 0.2680664
vt 0.6582031 0.24609375
vt 0.6621094 0.2866211
vt 0.63623047 0.2927246
vt 0.63623047 0.2927246
vt 0.6191406 0.2680664
vt 0.62402344 0.296875
vt 0.7348633 0.8911133
vt 0.69873047 0.87060547
vt 0.69873047 0.8979492
vt 0.40771484 0.29858398
vt 0.37280273 0.28833008
vt 0.36987305 0.3154297
vt 0.27807617 0.3395996
vt 0.28515625 0.3322754
vt 0.25390625 0.34106445
vt 0.32348633 0.3959961
vt 0.3112793 0.3996582
vt 0.32177734 0.40625
vt 0.1550293 0.41870117
vt 0.15759277 0.43725586
vt 0.19250488 0.4296875
vt 0.19250488 0.4296875
vt 0.19616699 0.4169922
vt 0.1550293 0.41870117
vt 0.15039062 0.43188477
vt 0.15759277 0.43725586
vt 0.1550293 0.41870117
vt 0.15759277 0.43725586
vt 0.15039062 0.43188477
vt 0.15283203 0.49316406
vt 0.104003906 0.40820312
vt 0.12988281 0.41259766
vt 0.13378906 0.36499023
vt 0.03942871 0.3955078
vt 0.06427002 0.40405273
vt 0.050079346 0.34960938
vt 0.02607727 0.40893555
vt 0.035583496 0.41259766
vt 0.03942871 0.3955078
vt 0.24853516 0.30786133
vt 0.24316406 0.28759766
vt 0.24243164 0.31030273
vt 0.28515625 0.3322754
vt 0.29907227 0.34448242
vt 0.27392578 0.3022461
vt 0.27270508 0.28027344
vt 0.27392578 0.3022461
vt 0.29516602 0.2944336
vt 0.25390625 0.34106445
vt 0.2487793 0.35327148
vt 0.26049805 0.42163086
vt 0.12976074 0.4333496
vt 0.12988281 0.41259766
vt 0.11419678 0.42944336
vt 0.12988281 0.41259766
vt 0.1550293 0.41870117
vt 0.13378906 0.36499023
vt 0.20690918 0.36669922
vt 0.1550293 0.41870117
vt 0.19616699 0.4169922
vt 0.2208252 0.24182129
vt 0.22424316 0.2602539
vt 0.2685547 0.23486328
vt 0.2685547 0.23486328
vt 0.24316406 0.28759766
vt 0.27270508 0.28027344
vt 0.26049805 0.42163086
vt 0.21862793 0.41748047
vt 0.26367188 0.4284668
vt 0.42333984 0.6503906
vt 0.41577148 0.65722656
vt 0.44726562 0.64941406
vt 0.37939453 0.59277344
vt 0.39160156 0.58935547
vt 0.38134766 0.58251953
vt 0.54833984 0.5751953
vt 0.5463867 0.55615234
vt 0.51123047 0.5629883
vt 0.51123047 0.5629883
vt 0.5073242 0.5756836
vt 0.54833984 0.5751953
vt 0.55371094 0.5620117
vt 0.5463867 0.55615234
vt 0.54833984 0.5751953
vt 0.5463867 0.55615234
vt 0.55371094 0.5620117
vt 0.5527344 0.5004883
vt 0.5991211 0.58691406
vt 0.5732422 0.58154297
vt 0.5683594 0.62939453
vt 0.6635742 0.6015625
vt 0.6386719 0.59228516
vt 0.6513672 0.64697266
vt 0.45166016 0.68310547
vt 0.45654297 0.703125
vt 0.45776367 0.68066406
vt 0.41577148 0.65722656
vt 0.40234375 0.64453125
vt 0.4260254 0.6879883
vt 0.4267578 0.70996094
vt 0.4260254 0.6879883
vt 0.40478516 0.6948242
vt 0.44726562 0.64941406
vt 0.45263672 0.6376953
vt 0.44311523 0.56884766
vt 0.57421875 0.56103516
vt 0.5732422 0.58154297
vt 0.58984375 0.5654297
vt 0.5732422 0.58154297
vt 0.54833984 0.5751953
vt 0.5683594 0.62939453
vt 0.4951172 0.6254883
vt 0.54833984 0.5751953
vt 0.5073242 0.5756836
vt 0.47753906 0.75
vt 0.47460938 0.73095703
vt 0.42944336 0.7553711
vt 0.42944336 0.7553711
vt 0.45654297 0.703125
vt 0.4267578 0.70996094
vt 0.44311523 0.56884766
vt 0.48486328 0.57421875
vt 0.44018555 0.5620117
vt 0.06604004 0.6635742
vt 0.058654785 0.67089844
vt 0.090148926 0.66308594
vt 0.02230835 0.60595703
vt 0.034484863 0.60253906
vt 0.02420044 0.5957031
vt 0.19140625 0.5883789
vt 0.18945312 0.5698242
vt 0.1541748 0.5761719
vt 0.1541748 0.5761719
vt 0.15014648 0.5888672
vt 0.19140625 0.5883789
vt 0.19641113 0.5751953
vt 0.18945312 0.5698242
vt 0.19140625 0.5883789
vt 0.18945312 0.5698242
vt 0.19641113 0.5751953
vt 0.19580078 0.51416016
vt 0.24206543 0.60058594
vt 0.2163086 0.59521484
vt 0.2109375 0.6425781
vt 0.30615234 0.6152344
vt 0.28149414 0.60595703
vt 0.29418945 0.66064453
vt 0.31982422 0.6020508
vt 0.31054688 0.59814453
vt 0.30615234 0.6152344
vt 0.09448242 0.69628906
vt 0.0993042 0.7167969
vt 0.10064697 0.69433594
vt 0.058654785 0.67089844
vt 0.04510498 0.6582031
vt 0.068847656 0.7011719
vt 0.06958008 0.72314453
vt 0.068847656 0.7011719
vt 0.04751587 0.7084961
vt 0.090148926 0.66308594
vt 0.095581055 0.6508789
vt 0.08605957 0.58203125
vt 0.21704102 0.57470703
vt 0.2163086 0.59521484
vt 0.23254395 0.57910156
vt 0.2163086 0.59521484
vt 0.19140625 0.5883789
vt 0.2109375 0.6425781
vt 0.13793945 0.6386719
vt 0.19140625 0.5883789
vt 0.15014648 0.5888672
vt 0.12011719 0.7631836
vt 0.11730957 0.7446289
vt 0.072143555 0.7685547
vt 0.072143555 0.7685547
vt 0.0993042 0.7167969
vt 0.06958008 0.72314453
vt 0.08605957 0.58203125
vt 0.12780762 0.58740234
vt 0.08306885 0.5751953
vt 0.8886719 0.84521484
vt 0.9121094 0.84033203
vt 0.8798828 0.84033203
vt 0.859375 0.9116211
vt 0.86328125 0.92089844
vt 0.8720703 0.9116211
vt 0.7729492 0.42138672
vt 0.7597656 0.47216797
vt 0.7470703 0.4260254
vt 0.8383789 0.41137695
vt 0.84375 0.4580078
vt 0.8120117 0.4116211
vt 0.8461914 0.39404297
vt 0.8383789 0.41137695
vt 0.8359375 0.39379883
vt 0.7631836 0.91503906
vt 0.7915039 0.9135742
vt 0.7714844 0.8964844
vt 0.9091797 0.8071289
vt 0.91552734 0.80810547
vt 0.9091797 0.7861328
vt 0.8798828 0.84033203
vt 0.8828125 0.80810547
vt 0.8696289 0.85546875
vt 0.87841797 0.7866211
vt 0.86035156 0.80615234
vt 0.8828125 0.80810547
vt 0.9121094 0.84033203
vt 0.9267578 0.9199219
vt 0.92041016 0.8510742
vt 0.91552734 0.80810547
vt 0.9121094 0.84033203
vt 0.9091797 0.8071289
vt 0.9189453 0.7363281
vt 0.87060547 0.7416992
vt 0.92041016 0.7548828
vt 0.87060547 0.7416992
vt 0.87841797 0.7866211
vt 0.9091797 0.7861328
vt 0.9267578 0.9199219
vt 0.92529297 0.9272461
vt 0.9658203 0.90527344
vt 0.5488281 0.8305664
vt 0.5727539 0.8261719
vt 0.54003906 0.8251953
vt 0.5185547 0.8959961
vt 0.52246094 0.9057617
vt 0.53125 0.89697266
vt 0.33374023 0.76220703
vt 0.36743164 0.7421875
vt 0.3269043 0.7504883
vt 0.32104492 0.8769531
vt 0.29711914 0.9238281
vt 0.29492188 0.8754883
vt 0.3869629 0.88134766
vt 0.38232422 0.9277344
vt 0.36132812 0.87597656
vt 0.39868164 0.86572266
vt 0.3869629 0.88134766
vt 0.38867188 0.86376953
vt 0.42211914 0.8984375
vt 0.45092773 0.89746094
vt 0.4309082 0.8798828
vt 0.5698242 0.79248047
vt 0.5761719 0.79345703
vt 0.5703125 0.7714844
vt 0.54003906 0.8251953
vt 0.5439453 0.79345703
vt 0.52978516 0.84033203
vt 0.5395508 0.7714844
vt 0.5214844 0.7910156
vt 0.5439453 0.79345703
vt 0.5727539 0.8261719
vt 0.5859375 0.9057617
vt 0.5805664 0.8364258
vt 0.5761719 0.79345703
vt 0.5727539 0.8261719
vt 0.5698242 0.79248047
vt 0.29223633 0.85498047
vt 0.3083496 0.8569336
vt 0.29492188 0.8754883
vt 0.5805664 0.7216797
vt 0.53271484 0.7265625
vt 0.58203125 0.74072266
vt 0.53271484 0.7265625
vt 0.5395508 0.7714844
vt 0.5703125 0.7714844
vt 0.5859375 0.9057617
vt 0.58447266 0.91308594
vt 0.6254883 0.89160156
vt 0.07324219 0.16381836
vt 0.09729004 0.16247559
vt 0.06604004 0.17114258
vt 0.19616699 0.0848999
vt 0.1586914 0.07385254
vt 0.19372559 0.066345215
vt 0.1586914 0.07385254
vt 0.19616699 0.0848999
vt 0.1550293 0.08660889
vt 0.20080566 0.0715332
vt 0.19616699 0.0848999
vt 0.19372559 0.066345215
vt 0.19372559 0.066345215
vt 0.19836426 0.010322571
vt 0.20080566 0.0715332
vt 0.24719238 0.095336914
vt 0.21740723 0.1385498
vt 0.22131348 0.09088135
vt 0.31176758 0.10839844
vt 0.3010254 0.1538086
vt 0.28686523 0.09954834
vt 0.32104492 0.092041016
vt 0.31176758 0.10839844
vt 0.31567383 0.09094238
vt 0.32104492 0.092041016
vt 0.33764648 0.10858154
vt 0.31176758 0.10839844
vt 0.10266113 0.19580078
vt 0.10876465 0.1932373
vt 0.10809326 0.21594238
vt 0.06604004 0.17114258
vt 0.07720947 0.20129395
vt 0.052124023 0.15893555
vt 0.078552246 0.22338867
vt 0.05606079 0.20898438
vt 0.07720947 0.20129395
vt 0.09729004 0.16247559
vt 0.09069824 0.081848145
vt 0.10235596 0.15026855
vt 0.22143555 0.0703125
vt 0.23706055 0.074157715
vt 0.22131348 0.09088135
vt 0.22131348 0.09088135
vt 0.21740723 0.1385498
vt 0.19616699 0.0848999
vt 0.14428711 0.13684082
vt 0.19616699 0.0848999
vt 0.1550293 0.08660889
vt 0.1303711 0.26171875
vt 0.08251953 0.26879883
vt 0.12695312 0.24328613
vt 0.08251953 0.26879883
vt 0.078552246 0.22338867
vt 0.10809326 0.21594238
vt 0.09069824 0.081848145
vt 0.08758545 0.07507324
vt 0.13256836 0.085998535
vt 0.1920166 0.84277344
vt 0.18322754 0.8378906
vt 0.21557617 0.8378906
vt 0.16308594 0.9091797
vt 0.17578125 0.90966797
vt 0.1673584 0.91845703
vt 0.9135742 0.4248047
vt 0.88720703 0.4272461
vt 0.8959961 0.47436523
vt 0.9794922 0.42041016
vt 0.953125 0.41845703
vt 0.98095703 0.46728516
vt 0.98876953 0.4038086
vt 0.9785156 0.4025879
vt 0.9794922 0.42041016
vt 0.06689453 0.9135742
vt 0.07513428 0.89501953
vt 0.09552002 0.9121094
vt 0.21203613 0.8041992
vt 0.21179199 0.7832031
vt 0.21850586 0.8051758
vt 0.18322754 0.8378906
vt 0.17297363 0.85302734
vt 0.18603516 0.80566406
vt 0.18139648 0.7841797
vt 0.18603516 0.80566406
vt 0.16357422 0.80371094
vt 0.21557617 0.8378906
vt 0.22375488 0.84814453
vt 0.23071289 0.9169922
vt 0.21850586 0.8051758
vt 0.21557617 0.8378906
vt 0.21203613 0.8041992
vt 0.88183594 0.40722656
vt 0.88720703 0.4272461
vt 0.8979492 0.40698242
vt 0.2211914 0.73339844
vt 0.22277832 0.7519531
vt 0.17321777 0.7392578
vt 0.17321777 0.7392578
vt 0.21179199 0.7832031
vt 0.18139648 0.7841797
vt 0.23071289 0.9169922
vt 0.27001953 0.90234375
vt 0.22949219 0.9248047
vt 0.45825195 0.16381836
vt 0.45092773 0.17089844
vt 0.48242188 0.16308594
vt 0.41430664 0.10656738
vt 0.42651367 0.103149414
vt 0.41601562 0.09625244
vt 0.5830078 0.088012695
vt 0.5810547 0.06939697
vt 0.54589844 0.07598877
vt 0.54589844 0.07598877
vt 0.5419922 0.08868408
vt 0.5830078 0.088012695
vt 0.5878906 0.07476807
vt 0.5810547 0.06939697
vt 0.5830078 0.088012695
vt 0.5810547 0.06939697
vt 0.5878906 0.07476807
vt 0.58691406 0.013557434
vt 0.63378906 0.099609375
vt 0.60791016 0.09454346
vt 0.60302734 0.14208984
vt 0.6977539 0.11401367
vt 0.67333984 0.10479736
vt 0.68603516 0.15930176
vt 0.48706055 0.19641113
vt 0.49194336 0.2166748
vt 0.49316406 0.1940918
vt 0.45092773 0.17089844
vt 0.4375 0.15844727
vt 0.46142578 0.20129395
vt 0.4621582 0.22338867
vt 0.46142578 0.20129395
vt 0.44018555 0.2084961
vt 0.48242188 0.16308594
vt 0.48779297 0.15100098
vt 0.4777832 0.08239746
vt 0.60839844 0.07397461
vt 0.60791016 0.09454346
vt 0.62402344 0.078186035
vt 0.60791016 0.09454346
vt 0.5830078 0.088012695
vt 0.60302734 0.14208984
vt 0.52978516 0.1385498
vt 0.5830078 0.088012695
vt 0.5419922 0.08868408
vt 0.5131836 0.26293945
vt 0.5102539 0.24438477
vt 0.4650879 0.26879883
vt 0.4650879 0.26879883
vt 0.49194336 0.2166748
vt 0.4621582 0.22338867
vt 0.4777832 0.08239746
vt 0.51953125 0.087524414
vt 0.47485352 0.07550049
vt 0.74072266 0.59716797
vt 0.7241211 0.6142578
vt 0.73535156 0.65722656
vt 0.75390625 0.6669922
vt 0.73535156 0.65722656
vt 0.73339844 0.66308594
vt 0.74658203 0.67333984
vt 0.75390625 0.6669922
vt 0.71240234 0.61816406
vt 0.72509766 0.66064453
vt 0.73535156 0.65722656
vt 0.7241211 0.6142578
vt 0.74072266 0.59716797
vt 0.73339844 0.546875
vt 0.69970703 0.5517578
vt 0.71435547 0.60839844
vt 0.74072266 0.59716797
vt 0.7753906 0.59277344
vt 0.76464844 0.54785156
vt 0.73339844 0.546875
vt 0.7788086 0.6459961
vt 0.8173828 0.64941406
vt 0.81689453 0.6010742
vt 0.7753906 0.59277344
vt 0.7729492 0.6665039
vt 0.74072266 0.59716797
vt 0.75390625 0.6669922
vt 0.76464844 0.54785156
vt 0.7753906 0.59277344
vt 0.78466797 0.5878906
vt 0.7729492 0.53808594
vt 0.81689453 0.6010742
vt 0.8149414 0.5834961
vt 0.78466797 0.5878906
vt 0.7753906 0.59277344
vt 0.78466797 0.5878906
vt 0.8149414 0.5834961
vt 0.8066406 0.5317383
vt 0.7729492 0.53808594
vt 0.8149414 0.5834961
vt 0.8432617 0.5908203
vt 0.84814453 0.53759766
vt 0.8066406 0.5317383
vt 0.81689453 0.6010742
vt 0.83935547 0.60302734
vt 0.8432617 0.5908203
vt 0.8149414 0.5834961
vt 0.8779297 0.58691406
vt 0.88378906 0.54052734
vt 0.84814453 0.53759766
vt 0.8432617 0.5908203
vt 0.8833008 0.5913086
vt 0.8803711 0.60302734
vt 0.90527344 0.6088867
vt 0.90625 0.59033203
vt 0.88378906 0.54052734
vt 0.8833008 0.5913086
vt 0.90625 0.59033203
vt 0.9160156 0.5395508
vt 0.90625 0.59033203
vt 0.9213867 0.59472656
vt 0.9326172 0.54785156
vt 0.9160156 0.5395508
vt 0.82128906 0.64501953
vt 0.83935547 0.60302734
vt 0.81689453 0.6010742
vt 0.8173828 0.64941406
vt 0.89941406 0.6567383
vt 0.8173828 0.64941406
vt 0.8203125 0.69628906
vt 0.89453125 0.6977539
vt 0.89941406 0.6567383
vt 0.9003906 0.64941406
vt 0.82128906 0.64501953
vt 0.8173828 0.64941406
vt 0.9794922 0.67626953
vt 0.89941406 0.6567383
vt 0.89453125 0.6977539
vt 0.9711914 0.7182617
vt 0.80810547 0.7446289
vt 0.80908203 0.76220703
vt 0.8251953 0.7753906
vt 0.8203125 0.69628906
vt 0.8017578 0.7089844
vt 0.8041992 0.74365234
vt 0.8203125 0.69628906
vt 0.8251953 0.7753906
vt 0.80908203 0.76220703
vt 0.75683594 0.76953125
vt 0.7416992 0.78222656
vt 0.89941406 0.6567383
vt 0.9794922 0.67626953
vt 0.9814453 0.67089844
vt 0.9003906 0.64941406
vt 0.9692383 0.6225586
vt 0.9301758 0.6152344
vt 0.9003906 0.64941406
vt 0.9814453 0.67089844
vt 0.7416992 0.78222656
vt 0.75683594 0.76953125
vt 0.75390625 0.7192383
vt 0.7348633 0.70654297
vt 0.9550781 0.55078125
vt 0.9326172 0.54785156
vt 0.9213867 0.59472656
vt 0.93847656 0.6044922
vt 0.9765625 0.6088867
vt 0.99072266 0.5605469
vt 0.9550781 0.55078125
vt 0.93847656 0.6044922
vt 0.93847656 0.6044922
vt 0.9301758 0.6152344
vt 0.9692383 0.6225586
vt 0.9765625 0.6088867
vt 0.72509766 0.66064453
vt 0.72265625 0.6660156
vt 0.73339844 0.66308594
vt 0.73535156 0.65722656
vt 0.7729492 0.6665039
vt 0.74658203 0.67333984
vt 0.75634766 0.69921875
vt 0.7836914 0.6953125
vt 0.7836914 0.7128906
vt 0.7890625 0.71240234
vt 0.78808594 0.6953125
vt 0.7836914 0.6953125
vt 0.78808594 0.6953125
vt 0.7890625 0.71240234
vt 0.8017578 0.7089844
vt 0.8203125 0.69628906
vt 0.73339844 0.66308594
vt 0.72265625 0.6660156
vt 0.7348633 0.70654297
vt 0.75634766 0.69921875
vt 0.75634766 0.69921875
vt 0.75390625 0.7192383
vt 0.7836914 0.7128906
vt 0.7836914 0.6953125
vt 0.9213867 0.59472656
vt 0.90527344 0.6088867
vt 0.9301758 0.6152344
vt 0.93847656 0.6044922
vt 0.82128906 0.64501953
vt 0.9003906 0.64941406
vt 0.8803711 0.60302734
vt 0.83935547 0.60302734
vt 0.80810547 0.7446289
vt 0.8041992 0.7578125
vt 0.80908203 0.76220703
vt 0.80126953 0.74365234
vt 0.8041992 0.74365234
vt 0.80908203 0.76220703
vt 0.8041992 0.7578125
vt 0.76171875 0.76416016
vt 0.75683594 0.76953125
vt 0.75390625 0.7192383
vt 0.75683594 0.76953125
vt 0.76171875 0.76416016
vt 0.7597656 0.72314453
vt 0.7890625 0.71240234
vt 0.78564453 0.7182617
vt 0.79785156 0.71484375
vt 0.8017578 0.7089844
vt 0.8041992 0.74365234
vt 0.8017578 0.7089844
vt 0.79785156 0.71484375
vt 0.80126953 0.74365234
vt 0.7836914 0.7128906
vt 0.75390625 0.7192383
vt 0.7597656 0.72314453
vt 0.78564453 0.7182617
vt 0.68603516 0.41186523
vt 0.6699219 0.34301758
vt 0.68896484 0.35180664
vt 0.70166016 0.3942871
vt 0.68896484 0.35180664
vt 0.6699219 0.34301758
vt 0.6767578 0.3359375
vt 0.6904297 0.34570312
vt 0.7138672 0.38964844
vt 0.70166016 0.3942871
vt 0.68896484 0.35180664
vt 0.69921875 0.3479004
vt 0.68603516 0.41186523
vt 0.71191406 0.39941406
vt 0.7290039 0.45581055
vt 0.6958008 0.46166992
vt 0.68603516 0.41186523
vt 0.6958008 0.46166992
vt 0.6640625 0.46240234
vt 0.6513672 0.4177246
vt 0.6459961 0.3647461
vt 0.6098633 0.4111328
vt 0.6074219 0.3630371
vt 0.6513672 0.4177246
vt 0.6513672 0.34399414
vt 0.68603516 0.41186523
vt 0.6699219 0.34301758
vt 0.6640625 0.46240234
vt 0.65625 0.4724121
vt 0.6425781 0.42285156
vt 0.6513672 0.4177246
vt 0.6098633 0.4111328
vt 0.6513672 0.4177246
vt 0.6425781 0.42285156
vt 0.6123047 0.42895508
vt 0.6425781 0.42285156
vt 0.65625 0.4724121
vt 0.6230469 0.47973633
vt 0.6123047 0.42895508
vt 0.6123047 0.42895508
vt 0.6230469 0.47973633
vt 0.58154297 0.47607422
vt 0.5839844 0.42260742
vt 0.6098633 0.4111328
vt 0.6123047 0.42895508
vt 0.5839844 0.42260742
vt 0.58740234 0.4104004
vt 0.5498047 0.42797852
vt 0.5839844 0.42260742
vt 0.58154297 0.47607422
vt 0.54589844 0.47460938
vt 0.54345703 0.42407227
vt 0.5209961 0.4255371
vt 0.5214844 0.40722656
vt 0.5463867 0.41186523
vt 0.54589844 0.47460938
vt 0.5136719 0.4765625
vt 0.5209961 0.4255371
vt 0.54345703 0.42407227
vt 0.5209961 0.4255371
vt 0.5136719 0.4765625
vt 0.49658203 0.46923828
vt 0.5058594 0.421875
vt 0.6040039 0.36767578
vt 0.6074219 0.3630371
vt 0.6098633 0.4111328
vt 0.58740234 0.4104004
vt 0.5253906 0.35913086
vt 0.5283203 0.31811523
vt 0.60253906 0.3161621
vt 0.6074219 0.3630371
vt 0.5253906 0.35913086
vt 0.6074219 0.3630371
vt 0.6040039 0.36767578
vt 0.52441406 0.36669922
vt 0.44433594 0.34277344
vt 0.45092773 0.30078125
vt 0.5283203 0.31811523
vt 0.5253906 0.35913086
vt 0.6123047 0.26733398
vt 0.60253906 0.3161621
vt 0.5942383 0.23754883
vt 0.61083984 0.25
vt 0.6201172 0.30297852
vt 0.60253906 0.3161621
vt 0.61621094 0.26831055
vt 0.5942383 0.23754883
vt 0.6777344 0.22692871
vt 0.66308594 0.24035645
vt 0.61083984 0.25
vt 0.5253906 0.35913086
vt 0.52441406 0.36669922
vt 0.4423828 0.34838867
vt 0.44433594 0.34277344
vt 0.4567871 0.3959961
vt 0.4423828 0.34838867
vt 0.52441406 0.36669922
vt 0.49609375 0.40161133
vt 0.6777344 0.22692871
vt 0.6875 0.30249023
vt 0.66748047 0.2902832
vt 0.66308594 0.24035645
vt 0.4741211 0.46728516
vt 0.48828125 0.4128418
vt 0.5058594 0.421875
vt 0.49658203 0.46923828
vt 0.42822266 0.4025879
vt 0.4321289 0.38720703
vt 0.4567871 0.3959961
vt 0.44970703 0.4104004
vt 0.42822266 0.4025879
vt 0.40722656 0.45117188
vt 0.39819336 0.44360352
vt 0.4189453 0.39868164
vt 0.43798828 0.45898438
vt 0.40722656 0.45117188
vt 0.42822266 0.4025879
vt 0.44970703 0.4104004
vt 0.44970703 0.4104004
vt 0.48828125 0.4128418
vt 0.4741211 0.46728516
vt 0.43798828 0.45898438
vt 0.48828125 0.4128418
vt 0.44970703 0.4104004
vt 0.4567871 0.3959961
vt 0.49609375 0.40161133
vt 0.69921875 0.3479004
vt 0.68896484 0.35180664
vt 0.6904297 0.34570312
vt 0.70166016 0.34228516
vt 0.6513672 0.34399414
vt 0.63916016 0.31567383
vt 0.6665039 0.31054688
vt 0.6767578 0.3359375
vt 0.6381836 0.29833984
vt 0.63916016 0.31567383
vt 0.6347656 0.31567383
vt 0.6333008 0.29882812
vt 0.6347656 0.31567383
vt 0.60253906 0.3161621
vt 0.6201172 0.30297852
vt 0.6333008 0.29882812
vt 0.6904297 0.34570312
vt 0.6665039 0.31054688
vt 0.6875 0.30249023
vt 0.70166016 0.34228516
vt 0.6665039 0.31054688
vt 0.63916016 0.31567383
vt 0.6381836 0.29833984
vt 0.66748047 0.2902832
vt 0.5058594 0.421875
vt 0.48828125 0.4128418
vt 0.49609375 0.40161133
vt 0.5214844 0.40722656
vt 0.6040039 0.36767578
vt 0.58740234 0.4104004
vt 0.5463867 0.41186523
vt 0.52441406 0.36669922
vt 0.6123047 0.26733398
vt 0.61083984 0.25
vt 0.61621094 0.25390625
vt 0.6191406 0.2680664
vt 0.61621094 0.26831055
vt 0.61083984 0.25
vt 0.66308594 0.24035645
vt 0.6582031 0.24609375
vt 0.61621094 0.25390625
vt 0.66748047 0.2902832
vt 0.6621094 0.2866211
vt 0.6582031 0.24609375
vt 0.66308594 0.24035645
vt 0.6333008 0.29882812
vt 0.6201172 0.30297852
vt 0.62402344 0.296875
vt 0.63623047 0.2927246
vt 0.61621094 0.26831055
vt 0.6191406 0.2680664
vt 0.62402344 0.296875
vt 0.6201172 0.30297852
vt 0.6381836 0.29833984
vt 0.63623047 0.2927246
vt 0.6621094 0.2866211
vt 0.66748047 0.2902832
vt 0.90478516 0.054840088
vt 0.88134766 0.05444336
vt 0.87939453 0.090270996
vt 0.90478516 0.09875488
vt 0.9116211 0.052764893
vt 0.9111328 0.10675049
vt 0.93652344 0.052764893
vt 0.9482422 0.10467529
vt 0.9511719 0.05456543
vt 0.97558594 0.105041504
vt 0.90283203 0.04458618
vt 0.875 0.046936035
vt 0.88134766 0.05444336
vt 0.90478516 0.054840088
vt 0.98583984 0.044708252
vt 0.9770508 0.053344727
vt 0.9824219 0.09820557
vt 0.99316406 0.10345459
vt 0.9824219 0.09820557
vt 0.97558594 0.105041504
vt 0.97998047 0.11419678
vt 0.99316406 0.10345459
vt 0.8725586 0.09539795
vt 0.87939453 0.090270996
vt 0.88134766 0.05444336
vt 0.875 0.046936035
vt 0.91015625 0.043426514
vt 0.90966797 0.004924774
vt 0.9013672 0.0054473877
vt 0.90283203 0.04458618
vt 0.953125 0.045043945
vt 0.95458984 0.0061035156
vt 0.9379883 0.005039215
vt 0.9370117 0.043273926
vt 0.9770508 0.053344727
vt 0.9511719 0.05456543
vt 0.97558594 0.105041504
vt 0.9824219 0.09820557
vt 0.98535156 0.013969421
vt 0.95458984 0.0061035156
vt 0.953125 0.045043945
vt 0.98583984 0.044708252
vt 0.9370117 0.043273926
vt 0.9379883 0.005039215
vt 0.90966797 0.004924774
vt 0.91015625 0.043426514
vt 0.9013672 0.0054473877
vt 0.8745117 0.006996155
vt 0.875 0.046936035
vt 0.90283203 0.04458618
vt 0.9116211 0.052764893
vt 0.91015625 0.043426514
vt 0.90283203 0.04458618
vt 0.90478516 0.054840088
vt 0.87939453 0.090270996
vt 0.8725586 0.09539795
vt 0.9003906 0.107421875
vt 0.90478516 0.09875488
vt 0.9111328 0.10675049
vt 0.91015625 0.117004395
vt 0.94921875 0.11480713
vt 0.9482422 0.10467529
vt 0.93652344 0.052764893
vt 0.9511719 0.05456543
vt 0.953125 0.045043945
vt 0.9370117 0.043273926
vt 0.97558594 0.105041504
vt 0.9482422 0.10467529
vt 0.94921875 0.11480713
vt 0.97998047 0.11419678
vt 0.9770508 0.053344727
vt 0.98583984 0.044708252
vt 0.953125 0.045043945
vt 0.9511719 0.05456543
vt 0.9116211 0.052764893
vt 0.93652344 0.052764893
vt 0.9370117 0.043273926
vt 0.91015625 0.043426514
vt 0.9111328 0.10675049
vt 0.90478516 0.09875488
vt 0.9003906 0.107421875
vt 0.91015625 0.117004395
vt 0.63183594 0.765625
vt 0.68115234 0.7504883
vt 0.6381836 0.7524414
vt 0.68896484 0.76171875
vt 0.69189453 0.79589844
vt 0.63183594 0.765625
vt 0.63671875 0.8095703
vt 0.6948242 0.75927734
vt 0.68603516 0.7451172
vt 0.68115234 0.7504883
vt 0.68896484 0.76171875
vt 0.64697266 0.83154297
vt 0.6928711 0.81347656
vt 0.6875 0.8120117
vt 0.64941406 0.8261719
vt 0.64941406 0.8261719
vt 0.63671875 0.8095703
vt 0.6298828 0.8120117
vt 0.64697266 0.83154297
vt 0.6352539 0.7441406
vt 0.6381836 0.7524414
vt 0.68115234 0.7504883
vt 0.68603516 0.7451172
vt 0.6875 0.8120117
vt 0.69189453 0.79589844
vt 0.63671875 0.8095703
vt 0.64941406 0.8261719
vt 0.70751953 0.82421875
vt 0.72314453 0.7998047
vt 0.6982422 0.79589844
vt 0.6928711 0.81347656
vt 0.6982422 0.79589844
vt 0.72314453 0.7998047
vt 0.7192383 0.7475586
vt 0.6948242 0.75927734
vt 0.7192383 0.7475586
vt 0.6977539 0.7246094
vt 0.68603516 0.7451172
vt 0.6948242 0.75927734
vt 0.6582031 0.8515625
vt 0.70751953 0.82421875
vt 0.6928711 0.81347656
vt 0.64697266 0.83154297
vt 0.6977539 0.7246094
vt 0.64160156 0.7163086
vt 0.6352539 0.7441406
vt 0.68603516 0.7451172
vt 0.6381836 0.7524414
vt 0.6352539 0.7441406
vt 0.625 0.7651367
vt 0.63183594 0.765625
vt 0.63671875 0.8095703
vt 0.63183594 0.765625
vt 0.625 0.7651367
vt 0.6298828 0.8120117
vt 0.6928711 0.81347656
vt 0.6982422 0.79589844
vt 0.69189453 0.79589844
vt 0.6875 0.8120117
vt 0.68896484 0.76171875
vt 0.69189453 0.79589844
vt 0.6982422 0.79589844
vt 0.6948242 0.75927734
vt 0.78564453 0.11053467
vt 0.7680664 0.06756592
vt 0.7651367 0.10974121
vt 0.7861328 0.06390381
vt 0.7919922 0.11260986
vt 0.8144531 0.108947754
vt 0.8149414 0.053497314
vt 0.82714844 0.10333252
vt 0.8364258 0.052612305
vt 0.7651367 0.10974121
vt 0.75634766 0.11437988
vt 0.7841797 0.11999512
vt 0.78564453 0.11053467
vt 0.8520508 0.09710693
vt 0.85791016 0.10217285
vt 0.8491211 0.04598999
vt 0.8457031 0.054016113
vt 0.8364258 0.052612305
vt 0.8457031 0.054016113
vt 0.8491211 0.04598999
vt 0.83740234 0.04458618
vt 0.76220703 0.06311035
vt 0.75634766 0.11437988
vt 0.7651367 0.10974121
vt 0.7680664 0.06756592
vt 0.7651367 0.024414062
vt 0.73876953 0.04336548
vt 0.76220703 0.06311035
vt 0.78222656 0.055267334
vt 0.8046875 0.010673523
vt 0.7651367 0.024414062
vt 0.78222656 0.055267334
vt 0.81396484 0.044769287
vt 0.83251953 0.008277893
vt 0.8046875 0.010673523
vt 0.81396484 0.044769287
vt 0.83740234 0.04458618
vt 0.8520508 0.09710693
vt 0.8457031 0.054016113
vt 0.8364258 0.052612305
vt 0.82714844 0.10333252
vt 0.84472656 0.014152527
vt 0.83251953 0.008277893
vt 0.83740234 0.04458618
vt 0.8491211 0.04598999
vt 0.76220703 0.06311035
vt 0.73876953 0.04336548
vt 0.7182617 0.10369873
vt 0.75634766 0.11437988
vt 0.7919922 0.11260986
vt 0.78564453 0.11053467
vt 0.7841797 0.11999512
vt 0.7915039 0.12182617
vt 0.7680664 0.06756592
vt 0.7861328 0.06390381
vt 0.78222656 0.055267334
vt 0.76220703 0.06311035
vt 0.78222656 0.055267334
vt 0.7861328 0.06390381
vt 0.8149414 0.053497314
vt 0.81396484 0.044769287
vt 0.8310547 0.11114502
vt 0.82714844 0.10333252
vt 0.8144531 0.108947754
vt 0.81689453 0.11785889
vt 0.8149414 0.053497314
vt 0.8364258 0.052612305
vt 0.83740234 0.04458618
vt 0.81396484 0.044769287
vt 0.8520508 0.09710693
vt 0.82714844 0.10333252
vt 0.8310547 0.11114502
vt 0.85791016 0.10217285
vt 0.81689453 0.11785889
vt 0.8144531 0.108947754
vt 0.7919922 0.11260986
vt 0.7915039 0.12182617
vt 0.72802734 0.13879395
vt 0.7182617 0.13879395
vt 0.7182617 0.32470703
vt 0.72802734 0.32470703
vt 0.73779297 0.13879395
vt 0.72802734 0.13879395
vt 0.72802734 0.32470703
vt 0.73779297 0.32470703
vt 0.7475586 0.13879395
vt 0.73779297 0.13879395
vt 0.73779297 0.32470703
vt 0.7475586 0.32470703
vt 0.7626953 0.13757324
vt 0.7558594 0.13757324
vt 0.7558594 0.32373047
vt 0.7626953 0.32373047
vt 0.76953125 0.13757324
vt 0.7626953 0.13757324
vt 0.7626953 0.32373047
vt 0.76953125 0.32373047
vt 0.7763672 0.13757324
vt 0.76953125 0.13757324
vt 0.76953125 0.32373047
vt 0.7763672 0.32373047
vt 0.7885742 0.13598633
vt 0.7836914 0.13598633
vt 0.7836914 0.3232422
vt 0.7885742 0.3232422
vt 0.79345703 0.13598633
vt 0.7885742 0.13598633
vt 0.7885742 0.3232422
vt 0.79345703 0.3232422
vt 0.79833984 0.13598633
vt 0.79345703 0.13598633
vt 0.79345703 0.3232422
vt 0.79833984 0.3232422
vt 0.8154297 0.13720703
vt 0.80615234 0.13720703
vt 0.80615234 0.32470703
vt 0.8154297 0.32470703
vt 0.82421875 0.13720703
vt 0.8154297 0.13720703
vt 0.8154297 0.32470703
vt 0.82421875 0.32470703
vt 0.8334961 0.13720703
vt 0.82421875 0.13720703
vt 0.82421875 0.32470703
vt 0.8334961 0.32470703
vt 0.8491211 0.13439941
vt 0.84277344 0.13439941
vt 0.84277344 0.32226562
vt 0.8491211 0.32226562
vt 0.85546875 0.13439941
vt 0.8491211 0.13439941
vt 0.8491211 0.32226562
vt 0.85546875 0.32226562
vt 0.8618164 0.13439941
vt 0.85546875 0.13439941
vt 0.85546875 0.32226562
vt 0.8618164 0.32226562
vt 0.87939453 0.13269043
vt 0.8701172 0.13269043
vt 0.8701172 0.3215332
vt 0.87939453 0.3215332
vt 0.8886719 0.13269043
vt 0.87939453 0.13269043
vt 0.87939453 0.3215332
vt 0.8886719 0.3215332
vt 0.8979492 0.13269043
vt 0.8886719 0.13269043
vt 0.8886719 0.3215332
vt 0.8979492 0.3215332
vt 0.9116211 0.1328125
vt 0.9057617 0.1328125
vt 0.9057617 0.32104492
vt 0.9116211 0.32104492
vt 0.91748047 0.1328125
vt 0.9116211 0.1328125
vt 0.9116211 0.32104492
vt 0.91748047 0.32104492
vt 0.92333984 0.1328125
vt 0.91748047 0.1328125
vt 0.91748047 0.32104492
vt 0.92333984 0.32104492
vt 0.9399414 0.12792969
vt 0.9277344 0.12792969
vt 0.9277344 0.32421875
vt 0.9399414 0.32421875
vt 0.95166016 0.12792969
vt 0.9399414 0.12792969
vt 0.9399414 0.32421875
vt 0.95166016 0.32421875
vt 0.9638672 0.12792969
vt 0.95166016 0.12792969
vt 0.95166016 0.32421875
vt 0.9638672 0.32421875
vt 0.9785156 0.13293457
vt 0.9692383 0.13293457
vt 0.9692383 0.32470703
vt 0.9785156 0.32470703
vt 0.98828125 0.13293457
vt 0.9785156 0.13293457
vt 0.9785156 0.32470703
vt 0.98828125 0.32470703
vt 0.9975586 0.13293457
vt 0.98828125 0.13293457
vt 0.98828125 0.32470703
vt 0.9975586 0.32470703
vt 0.69873047 0.8979492
vt 0.69873047 0.87060547
vt 0.67285156 0.87402344
vt 0.65527344 0.89208984
vt 0.703125 0.9838867
vt 0.73291016 0.9848633
vt 0.7348633 0.93896484
vt 0.70166016 0.94091797
vt 0.64697266 0.98291016
vt 0.703125 0.9838867
vt 0.70166016 0.94091797
vt 0.6464844 0.93847656
vt 0.69873047 0.8979492
vt 0.70166016 0.94091797
vt 0.7348633 0.93896484
vt 0.7348633 0.8911133
vt 0.69873047 0.8979492
vt 0.65527344 0.89208984
vt 0.6464844 0.93847656
vt 0.70166016 0.94091797
vt 0.7348633 0.8911133
vt 0.74365234 0.84472656
vt 0.7084961 0.85009766
vt 0.69873047 0.87060547
vt 0.34423828 0.30981445
vt 0.36987305 0.3154297
vt 0.37280273 0.28833008
vt 0.32885742 0.29003906
vt 0.38598633 0.203125
vt 0.3798828 0.24609375
vt 0.41308594 0.2512207
vt 0.41577148 0.20544434
vt 0.32983398 0.19848633
vt 0.3251953 0.24267578
vt 0.3798828 0.24609375
vt 0.38598633 0.203125
vt 0.37280273 0.28833008
vt 0.40771484 0.29858398
vt 0.41308594 0.2512207
vt 0.3798828 0.24609375
vt 0.3251953 0.24267578
vt 0.32885742 0.29003906
vt 0.37280273 0.28833008
vt 0.3798828 0.24609375
vt 0.37768555 0.3371582
vt 0.41210938 0.34570312
vt 0.40771484 0.29858398
vt 0.36987305 0.3154297
vt 0.29516602 0.41601562
vt 0.32177734 0.40625
vt 0.3112793 0.3996582
vt 0.2939453 0.40625
vt 0.24243164 0.31030273
vt 0.2487793 0.35327148
vt 0.25390625 0.34106445
vt 0.24853516 0.30786133
vt 0.2939453 0.40625
vt 0.3112793 0.3996582
vt 0.29711914 0.35083008
vt 0.27807617 0.3395996
vt 0.29711914 0.35083008
vt 0.29907227 0.34448242
vt 0.28515625 0.3322754
vt 0.27807617 0.3395996
vt 0.32348633 0.3959961
vt 0.30737305 0.34692383
vt 0.29711914 0.35083008
vt 0.3112793 0.3996582
vt 0.29516602 0.41601562
vt 0.31103516 0.48168945
vt 0.34399414 0.4736328
vt 0.32177734 0.40625
vt 0.26367188 0.4284668
vt 0.28149414 0.4868164
vt 0.31103516 0.48168945
vt 0.29516602 0.41601562
vt 0.2487793 0.35327148
vt 0.21496582 0.36157227
vt 0.21862793 0.41748047
vt 0.26049805 0.42163086
vt 0.2939453 0.40625
vt 0.25390625 0.34106445
vt 0.27807617 0.3395996
vt 0.26367188 0.4284668
vt 0.25708008 0.43188477
vt 0.26879883 0.49047852
vt 0.28149414 0.4868164
vt 0.21862793 0.41748047
vt 0.22595215 0.43920898
vt 0.25708008 0.43188477
vt 0.26367188 0.4284668
vt 0.25708008 0.43188477
vt 0.22595215 0.43920898
vt 0.23449707 0.49658203
vt 0.26879883 0.49047852
vt 0.22595215 0.43920898
vt 0.19250488 0.4296875
vt 0.1887207 0.49682617
vt 0.23449707 0.49658203
vt 0.21862793 0.41748047
vt 0.19616699 0.4169922
vt 0.19250488 0.4296875
vt 0.22595215 0.43920898
vt 0.15759277 0.43725586
vt 0.15283203 0.49316406
vt 0.1887207 0.49682617
vt 0.19250488 0.4296875
vt 0.15039062 0.43188477
vt 0.1550293 0.41870117
vt 0.12988281 0.41259766
vt 0.12976074 0.4333496
vt 0.15283203 0.49316406
vt 0.15039062 0.43188477
vt 0.12976074 0.4333496
vt 0.1204834 0.49243164
vt 0.12976074 0.4333496
vt 0.11419678 0.42944336
vt 0.10284424 0.49072266
vt 0.1204834 0.49243164
vt 0.20690918 0.36669922
vt 0.19616699 0.4169922
vt 0.21862793 0.41748047
vt 0.21496582 0.36157227
vt 0.24243164 0.31030273
vt 0.2097168 0.30664062
vt 0.21496582 0.36157227
vt 0.2487793 0.35327148
vt 0.13317871 0.35717773
vt 0.21496582 0.36157227
vt 0.2097168 0.30664062
vt 0.13586426 0.3095703
vt 0.13317871 0.35717773
vt 0.13378906 0.36499023
vt 0.20690918 0.36669922
vt 0.21496582 0.36157227
vt 0.05203247 0.34350586
vt 0.13317871 0.35717773
vt 0.13586426 0.3095703
vt 0.058013916 0.29467773
vt 0.22424316 0.2602539
vt 0.2208252 0.24182129
vt 0.20288086 0.22741699
vt 0.2097168 0.30664062
vt 0.22961426 0.29077148
vt 0.20288086 0.22741699
vt 0.2208252 0.24182129
vt 0.2685547 0.23486328
vt 0.28588867 0.21826172
vt 0.13317871 0.35717773
vt 0.05203247 0.34350586
vt 0.050079346 0.34960938
vt 0.13378906 0.36499023
vt 0.06427002 0.40405273
vt 0.104003906 0.40820312
vt 0.13378906 0.36499023
vt 0.050079346 0.34960938
vt 0.28588867 0.21826172
vt 0.2685547 0.23486328
vt 0.27270508 0.28027344
vt 0.29516602 0.2944336
vt 0.08081055 0.48706055
vt 0.10284424 0.49072266
vt 0.11419678 0.42944336
vt 0.09631348 0.41967773
vt 0.035583496 0.41259766
vt 0.05734253 0.41992188
vt 0.06427002 0.40405273
vt 0.03942871 0.3955078
vt 0.02607727 0.40893555
vt 0.003835678 0.4663086
vt 0.014297485 0.46972656
vt 0.035583496 0.41259766
vt 0.044830322 0.4777832
vt 0.05734253 0.41992188
vt 0.035583496 0.41259766
vt 0.014297485 0.46972656
vt 0.05734253 0.41992188
vt 0.044830322 0.4777832
vt 0.08081055 0.48706055
vt 0.09631348 0.41967773
vt 0.09631348 0.41967773
vt 0.104003906 0.40820312
vt 0.06427002 0.40405273
vt 0.05734253 0.41992188
vt 0.30737305 0.34692383
vt 0.30981445 0.3413086
vt 0.29907227 0.34448242
vt 0.29711914 0.35083008
vt 0.25390625 0.34106445
vt 0.28515625 0.3322754
vt 0.27392578 0.3022461
vt 0.24853516 0.30786133
vt 0.24243164 0.31030273
vt 0.24316406 0.28759766
vt 0.22961426 0.29077148
vt 0.2097168 0.30664062
vt 0.29907227 0.34448242
vt 0.30981445 0.3413086
vt 0.29516602 0.2944336
vt 0.27392578 0.3022461
vt 0.27392578 0.3022461
vt 0.27270508 0.28027344
vt 0.24316406 0.28759766
vt 0.24853516 0.30786133
vt 0.11419678 0.42944336
vt 0.12988281 0.41259766
vt 0.104003906 0.40820312
vt 0.09631348 0.41967773
vt 0.24316406 0.28759766
vt 0.2685547 0.23486328
vt 0.22424316 0.2602539
vt 0.22961426 0.29077148
vt 0.26367188 0.4284668
vt 0.29516602 0.41601562
vt 0.2939453 0.40625
vt 0.26049805 0.42163086
vt 0.40820312 0.5732422
vt 0.38134766 0.58251953
vt 0.39160156 0.58935547
vt 0.4091797 0.5830078
vt 0.45776367 0.68066406
vt 0.45263672 0.6376953
vt 0.44726562 0.64941406
vt 0.45166016 0.68310547
vt 0.4091797 0.5830078
vt 0.39160156 0.58935547
vt 0.40454102 0.6386719
vt 0.42333984 0.6503906
vt 0.40454102 0.6386719
vt 0.40234375 0.64453125
vt 0.41577148 0.65722656
vt 0.42333984 0.6503906
vt 0.37939453 0.59277344
vt 0.39404297 0.64208984
vt 0.40454102 0.6386719
vt 0.39160156 0.58935547
vt 0.40820312 0.5732422
vt 0.39453125 0.5073242
vt 0.36132812 0.51416016
vt 0.38134766 0.58251953
vt 0.44018555 0.5620117
vt 0.42407227 0.5029297
vt 0.39453125 0.5073242
vt 0.40820312 0.5732422
vt 0.45263672 0.6376953
vt 0.4868164 0.6303711
vt 0.48486328 0.57421875
vt 0.44311523 0.56884766
vt 0.4091797 0.5830078
vt 0.44726562 0.64941406
vt 0.42333984 0.6503906
vt 0.44018555 0.5620117
vt 0.44677734 0.55859375
vt 0.43701172 0.49975586
vt 0.42407227 0.5029297
vt 0.48486328 0.57421875
vt 0.47827148 0.5522461
vt 0.44677734 0.55859375
vt 0.44018555 0.5620117
vt 0.44677734 0.55859375
vt 0.47827148 0.5522461
vt 0.47143555 0.4946289
vt 0.43701172 0.49975586
vt 0.47827148 0.5522461
vt 0.51123047 0.5629883
vt 0.51708984 0.4958496
vt 0.47143555 0.4946289
vt 0.48486328 0.57421875
vt 0.5073242 0.5756836
vt 0.51123047 0.5629883
vt 0.47827148 0.5522461
vt 0.5463867 0.55615234
vt 0.5527344 0.5004883
vt 0.51708984 0.4958496
vt 0.51123047 0.5629883
vt 0.55371094 0.5620117
vt 0.54833984 0.5751953
vt 0.5732422 0.58154297
vt 0.57421875 0.56103516
vt 0.5527344 0.5004883
vt 0.55371094 0.5620117
vt 0.57421875 0.56103516
vt 0.58496094 0.5019531
vt 0.57421875 0.56103516
vt 0.58984375 0.5654297
vt 0.60253906 0.50439453
vt 0.58496094 0.5019531
vt 0.4951172 0.6254883
vt 0.5073242 0.5756836
vt 0.48486328 0.57421875
vt 0.4868164 0.6303711
vt 0.45776367 0.68066406
vt 0.49047852 0.6850586
vt 0.4868164 0.6303711
vt 0.45263672 0.6376953
vt 0.5683594 0.63720703
vt 0.4868164 0.6303711
vt 0.49047852 0.6850586
vt 0.5644531 0.6845703
vt 0.5683594 0.63720703
vt 0.5683594 0.62939453
vt 0.4951172 0.6254883
vt 0.4868164 0.6303711
vt 0.64941406 0.6533203
vt 0.5683594 0.63720703
vt 0.5644531 0.6845703
vt 0.64160156 0.70166016
vt 0.47460938 0.73095703
vt 0.47753906 0.75
vt 0.49487305 0.76464844
vt 0.49047852 0.6850586
vt 0.47021484 0.7006836
vt 0.49487305 0.76464844
vt 0.47753906 0.75
vt 0.42944336 0.7553711
vt 0.4116211 0.7714844
vt 0.5683594 0.63720703
vt 0.64941406 0.6533203
vt 0.6513672 0.64697266
vt 0.5683594 0.62939453
vt 0.6386719 0.59228516
vt 0.5991211 0.58691406
vt 0.5683594 0.62939453
vt 0.6513672 0.64697266
vt 0.4116211 0.7714844
vt 0.42944336 0.7553711
vt 0.4267578 0.70996094
vt 0.40478516 0.6948242
vt 0.6245117 0.50878906
vt 0.60253906 0.50439453
vt 0.58984375 0.5654297
vt 0.6074219 0.5756836
vt 0.66748047 0.58447266
vt 0.6459961 0.57666016
vt 0.6386719 0.59228516
vt 0.6635742 0.6015625
vt 0.66015625 0.51904297
vt 0.6459961 0.57666016
vt 0.66748047 0.58447266
vt 0.6904297 0.5283203
vt 0.6459961 0.57666016
vt 0.66015625 0.51904297
vt 0.6245117 0.50878906
vt 0.6074219 0.5756836
vt 0.6074219 0.5756836
vt 0.5991211 0.58691406
vt 0.6386719 0.59228516
vt 0.6459961 0.57666016
vt 0.39404297 0.64208984
vt 0.39135742 0.6479492
vt 0.40234375 0.64453125
vt 0.40454102 0.6386719
vt 0.44726562 0.64941406
vt 0.41577148 0.65722656
vt 0.4260254 0.6879883
vt 0.45166016 0.68310547
vt 0.45776367 0.68066406
vt 0.45654297 0.703125
vt 0.47021484 0.7006836
vt 0.49047852 0.6850586
vt 0.40234375 0.64453125
vt 0.39135742 0.6479492
vt 0.40478516 0.6948242
vt 0.4260254 0.6879883
vt 0.4260254 0.6879883
vt 0.4267578 0.70996094
vt 0.45654297 0.703125
vt 0.45166016 0.68310547
vt 0.58984375 0.5654297
vt 0.5732422 0.58154297
vt 0.5991211 0.58691406
vt 0.6074219 0.5756836
vt 0.45654297 0.703125
vt 0.42944336 0.7553711
vt 0.47460938 0.73095703
vt 0.47021484 0.7006836
vt 0.44018555 0.5620117
vt 0.40820312 0.5732422
vt 0.4091797 0.5830078
vt 0.44311523 0.56884766
vt 0.05114746 0.58691406
vt 0.02420044 0.5957031
vt 0.034484863 0.60253906
vt 0.05203247 0.5966797
vt 0.10064697 0.69433594
vt 0.095581055 0.6508789
vt 0.090148926 0.66308594
vt 0.09448242 0.69628906
vt 0.05203247 0.5966797
vt 0.034484863 0.60253906
vt 0.04727173 0.65185547
vt 0.06604004 0.6635742
vt 0.04727173 0.65185547
vt 0.04510498 0.6582031
vt 0.058654785 0.67089844
vt 0.06604004 0.6635742
vt 0.02230835 0.60595703
vt 0.036895752 0.65527344
vt 0.04727173 0.65185547
vt 0.034484863 0.60253906
vt 0.05114746 0.58691406
vt 0.03741455 0.5205078
vt 0.004219055 0.52783203
vt 0.02420044 0.5957031
vt 0.08306885 0.5751953
vt 0.06707764 0.51660156
vt 0.03741455 0.5205078
vt 0.05114746 0.58691406
vt 0.095581055 0.6508789
vt 0.12976074 0.6435547
vt 0.12780762 0.58740234
vt 0.08605957 0.58203125
vt 0.05203247 0.5966797
vt 0.090148926 0.66308594
vt 0.06604004 0.6635742
vt 0.08306885 0.5751953
vt 0.089660645 0.5722656
vt 0.07989502 0.5131836
vt 0.06707764 0.51660156
vt 0.12780762 0.58740234
vt 0.121154785 0.56591797
vt 0.089660645 0.5722656
vt 0.08306885 0.5751953
vt 0.089660645 0.5722656
vt 0.121154785 0.56591797
vt 0.11431885 0.5083008
vt 0.07989502 0.5131836
vt 0.121154785 0.56591797
vt 0.1541748 0.5761719
vt 0.16003418 0.50927734
vt 0.11431885 0.5083008
vt 0.12780762 0.58740234
vt 0.15014648 0.5888672
vt 0.1541748 0.5761719
vt 0.121154785 0.56591797
vt 0.18945312 0.5698242
vt 0.19580078 0.51416016
vt 0.16003418 0.50927734
vt 0.1541748 0.5761719
vt 0.19641113 0.5751953
vt 0.19140625 0.5883789
vt 0.2163086 0.59521484
vt 0.21704102 0.57470703
vt 0.19580078 0.51416016
vt 0.19641113 0.5751953
vt 0.21704102 0.57470703
vt 0.22814941 0.515625
vt 0.21704102 0.57470703
vt 0.23254395 0.57910156
vt 0.24572754 0.5180664
vt 0.22814941 0.515625
vt 0.13793945 0.6386719
vt 0.15014648 0.5888672
vt 0.12780762 0.58740234
vt 0.12976074 0.6435547
vt 0.10064697 0.69433594
vt 0.13330078 0.69873047
vt 0.12976074 0.6435547
vt 0.095581055 0.6508789
vt 0.21130371 0.6503906
vt 0.12976074 0.6435547
vt 0.13330078 0.69873047
vt 0.20715332 0.6982422
vt 0.21130371 0.6503906
vt 0.2109375 0.6425781
vt 0.13793945 0.6386719
vt 0.12976074 0.6435547
vt 0.2919922 0.6669922
vt 0.21130371 0.6503906
vt 0.20715332 0.6982422
vt 0.28442383 0.71533203
vt 0.11730957 0.7446289
vt 0.12011719 0.7631836
vt 0.13769531 0.7783203
vt 0.13330078 0.69873047
vt 0.112854004 0.71435547
vt 0.13769531 0.7783203
vt 0.12011719 0.7631836
vt 0.072143555 0.7685547
vt 0.05432129 0.78466797
vt 0.21130371 0.6503906
vt 0.2919922 0.6669922
vt 0.29418945 0.66064453
vt 0.2109375 0.6425781
vt 0.28149414 0.60595703
vt 0.24206543 0.60058594
vt 0.2109375 0.6425781
vt 0.29418945 0.66064453
vt 0.05432129 0.78466797
vt 0.072143555 0.7685547
vt 0.06958008 0.72314453
vt 0.04751587 0.7084961
vt 0.26757812 0.52246094
vt 0.24572754 0.5180664
vt 0.23254395 0.57910156
vt 0.25 0.58935547
vt 0.31054688 0.59814453
vt 0.2890625 0.59033203
vt 0.28149414 0.60595703
vt 0.30615234 0.6152344
vt 0.31982422 0.6020508
vt 0.34399414 0.54541016
vt 0.3334961 0.5419922
vt 0.31054688 0.59814453
vt 0.30322266 0.53271484
vt 0.2890625 0.59033203
vt 0.31054688 0.59814453
vt 0.3334961 0.5419922
vt 0.2890625 0.59033203
vt 0.30322266 0.53271484
vt 0.26757812 0.52246094
vt 0.25 0.58935547
vt 0.25 0.58935547
vt 0.24206543 0.60058594
vt 0.28149414 0.60595703
vt 0.2890625 0.59033203
vt 0.036895752 0.65527344
vt 0.03414917 0.6611328
vt 0.04510498 0.6582031
vt 0.04727173 0.65185547
vt 0.090148926 0.66308594
vt 0.058654785 0.67089844
vt 0.068847656 0.7011719
vt 0.09448242 0.69628906
vt 0.10064697 0.69433594
vt 0.0993042 0.7167969
vt 0.112854004 0.71435547
vt 0.13330078 0.69873047
vt 0.04510498 0.6582031
vt 0.03414917 0.6611328
vt 0.04751587 0.7084961
vt 0.068847656 0.7011719
vt 0.068847656 0.7011719
vt 0.06958008 0.72314453
vt 0.0993042 0.7167969
vt 0.09448242 0.69628906
vt 0.23254395 0.57910156
vt 0.2163086 0.59521484
vt 0.24206543 0.60058594
vt 0.25 0.58935547
vt 0.0993042 0.7167969
vt 0.072143555 0.7685547
vt 0.11730957 0.7446289
vt 0.112854004 0.71435547
vt 0.08306885 0.5751953
vt 0.05114746 0.58691406
vt 0.05203247 0.5966797
vt 0.08605957 0.58203125
vt 0.89160156 0.92333984
vt 0.8901367 0.9135742
vt 0.8720703 0.9116211
vt 0.86328125 0.92089844
vt 0.8901367 0.9135742
vt 0.8886719 0.84521484
vt 0.8730469 0.86083984
vt 0.8720703 0.9116211
vt 0.8730469 0.86083984
vt 0.8886719 0.84521484
vt 0.8798828 0.84033203
vt 0.8696289 0.85546875
vt 0.859375 0.9116211
vt 0.8720703 0.9116211
vt 0.8730469 0.86083984
vt 0.8623047 0.8598633
vt 0.89160156 0.92333984
vt 0.86328125 0.92089844
vt 0.859375 0.9916992
vt 0.8930664 0.99121094
vt 0.7788086 0.9819336
vt 0.859375 0.9916992
vt 0.86328125 0.92089844
vt 0.7915039 0.9135742
vt 0.92529297 0.9272461
vt 0.89160156 0.92333984
vt 0.8930664 0.99121094
vt 0.92333984 0.98828125
vt 0.92041016 0.8510742
vt 0.9658203 0.90527344
vt 0.9550781 0.85009766
vt 0.9267578 0.9199219
vt 0.8901367 0.9135742
vt 0.9121094 0.84033203
vt 0.8886719 0.84521484
vt 0.92529297 0.9272461
vt 0.92333984 0.98828125
vt 0.93652344 0.98876953
vt 0.9326172 0.9291992
vt 0.9658203 0.90527344
vt 0.92529297 0.9272461
vt 0.9326172 0.9291992
vt 0.96435547 0.92822266
vt 0.9326172 0.9291992
vt 0.93652344 0.98876953
vt 0.9711914 0.98583984
vt 0.96435547 0.92822266
vt 0.9658203 0.90527344
vt 0.96435547 0.92822266
vt 0.9941406 0.91015625
vt 0.9873047 0.8989258
vt 0.91552734 0.80810547
vt 0.92041016 0.8510742
vt 0.9550781 0.85009766
vt 0.94628906 0.79589844
vt 0.8442383 0.4645996
vt 0.85498047 0.5126953
vt 0.77685547 0.52490234
vt 0.7631836 0.47924805
vt 0.92041016 0.7548828
vt 0.9326172 0.71777344
vt 0.9189453 0.7363281
vt 0.94628906 0.79589844
vt 0.92285156 0.78564453
vt 0.9326172 0.71777344
vt 0.8496094 0.72998047
vt 0.87060547 0.7416992
vt 0.9189453 0.7363281
vt 0.7631836 0.47924805
vt 0.7597656 0.47216797
vt 0.84375 0.4580078
vt 0.8442383 0.4645996
vt 0.8120117 0.4116211
vt 0.84375 0.4580078
vt 0.7597656 0.47216797
vt 0.7729492 0.42138672
vt 0.7890625 0.79589844
vt 0.7817383 0.8442383
vt 0.85839844 0.85498047
vt 0.86035156 0.80615234
vt 0.8496094 0.72998047
vt 0.86035156 0.80615234
vt 0.87841797 0.7866211
vt 0.87060547 0.7416992
vt 0.77783203 0.8496094
vt 0.8623047 0.8598633
vt 0.85839844 0.85498047
vt 0.7817383 0.8442383
vt 0.7714844 0.8964844
vt 0.859375 0.9116211
vt 0.8623047 0.8598633
vt 0.77783203 0.8496094
vt 0.7680664 0.33911133
vt 0.7763672 0.40795898
vt 0.75634766 0.40478516
vt 0.74609375 0.34326172
vt 0.8359375 0.39379883
vt 0.8383789 0.41137695
vt 0.8120117 0.4116211
vt 0.8129883 0.39453125
vt 0.8461914 0.39404297
vt 0.8359375 0.39379883
vt 0.83691406 0.3330078
vt 0.84765625 0.33251953
vt 0.8051758 0.33569336
vt 0.83691406 0.3330078
vt 0.8359375 0.39379883
vt 0.8129883 0.39453125
vt 0.7788086 0.9819336
vt 0.7915039 0.9135742
vt 0.7631836 0.91503906
vt 0.7519531 0.9765625
vt 0.8129883 0.39453125
vt 0.7763672 0.40795898
vt 0.7680664 0.33911133
vt 0.8051758 0.33569336
vt 0.7763672 0.40795898
vt 0.8129883 0.39453125
vt 0.8120117 0.4116211
vt 0.7729492 0.42138672
vt 0.8623047 0.8598633
vt 0.8730469 0.86083984
vt 0.8696289 0.85546875
vt 0.85839844 0.85498047
vt 0.9121094 0.84033203
vt 0.9091797 0.8071289
vt 0.8828125 0.80810547
vt 0.8798828 0.84033203
vt 0.91552734 0.80810547
vt 0.94628906 0.79589844
vt 0.92285156 0.78564453
vt 0.9091797 0.7861328
vt 0.8696289 0.85546875
vt 0.8828125 0.80810547
vt 0.86035156 0.80615234
vt 0.85839844 0.85498047
vt 0.8828125 0.80810547
vt 0.9091797 0.8071289
vt 0.9091797 0.7861328
vt 0.87841797 0.7866211
vt 0.859375 0.9116211
vt 0.7714844 0.8964844
vt 0.7915039 0.9135742
vt 0.86328125 0.92089844
vt 0.75634766 0.40478516
vt 0.7763672 0.40795898
vt 0.7729492 0.42138672
vt 0.7470703 0.4260254
vt 0.9091797 0.7861328
vt 0.92285156 0.78564453
vt 0.92041016 0.7548828
vt 0.87060547 0.7416992
vt 0.92529297 0.9272461
vt 0.9267578 0.9199219
vt 0.8901367 0.9135742
vt 0.89160156 0.92333984
vt 0.55078125 0.9086914
vt 0.5493164 0.8989258
vt 0.53125 0.89697266
vt 0.52246094 0.9057617
vt 0.5493164 0.8989258
vt 0.5488281 0.8305664
vt 0.5332031 0.8461914
vt 0.53125 0.89697266
vt 0.5332031 0.8461914
vt 0.5488281 0.8305664
vt 0.54003906 0.8251953
vt 0.52978516 0.84033203
vt 0.5185547 0.8959961
vt 0.53125 0.89697266
vt 0.5332031 0.8461914
vt 0.52246094 0.84472656
vt 0.55078125 0.9086914
vt 0.52246094 0.9057617
vt 0.5175781 0.9765625
vt 0.55126953 0.9760742
vt 0.43676758 0.96533203
vt 0.5175781 0.9765625
vt 0.52246094 0.9057617
vt 0.45092773 0.89746094
vt 0.58447266 0.91308594
vt 0.55078125 0.9086914
vt 0.55126953 0.9760742
vt 0.5810547 0.9741211
vt 0.5805664 0.8364258
vt 0.6254883 0.89160156
vt 0.6152344 0.8364258
vt 0.5859375 0.9057617
vt 0.5493164 0.8989258
vt 0.5727539 0.8261719
vt 0.5488281 0.8305664
vt 0.58447266 0.91308594
vt 0.5810547 0.9741211
vt 0.5942383 0.9746094
vt 0.5913086 0.91503906
vt 0.6254883 0.89160156
vt 0.58447266 0.91308594
vt 0.5913086 0.91503906
vt 0.62353516 0.9145508
vt 0.5913086 0.91503906
vt 0.5942383 0.9746094
vt 0.62939453 0.97216797
vt 0.62353516 0.9145508
vt 0.30541992 0.75634766
vt 0.3034668 0.7792969
vt 0.33374023 0.76220703
vt 0.3269043 0.7504883
vt 0.29223633 0.85498047
vt 0.2939453 0.7949219
vt 0.31152344 0.7944336
vt 0.3083496 0.8569336
vt 0.5761719 0.79345703
vt 0.5805664 0.8364258
vt 0.6152344 0.8364258
vt 0.6074219 0.78222656
vt 0.38134766 0.9345703
vt 0.3815918 0.9838867
vt 0.3022461 0.9790039
vt 0.29882812 0.93115234
vt 0.58203125 0.74072266
vt 0.59472656 0.7036133
vt 0.5805664 0.7216797
vt 0.6074219 0.78222656
vt 0.5839844 0.7714844
vt 0.59472656 0.7036133
vt 0.51171875 0.71484375
vt 0.53271484 0.7265625
vt 0.5805664 0.7216797
vt 0.29882812 0.93115234
vt 0.29711914 0.9238281
vt 0.38232422 0.9277344
vt 0.38134766 0.9345703
vt 0.36132812 0.87597656
vt 0.38232422 0.9277344
vt 0.29711914 0.9238281
vt 0.32104492 0.8769531
vt 0.44995117 0.77978516
vt 0.44213867 0.8276367
vt 0.5185547 0.83984375
vt 0.5214844 0.7910156
vt 0.51171875 0.71484375
vt 0.5214844 0.7910156
vt 0.5395508 0.7714844
vt 0.53271484 0.7265625
vt 0.43798828 0.8330078
vt 0.52246094 0.84472656
vt 0.5185547 0.83984375
vt 0.44213867 0.8276367
vt 0.4309082 0.8798828
vt 0.5185547 0.8959961
vt 0.52246094 0.84472656
vt 0.43798828 0.8330078
vt 0.33398438 0.79541016
vt 0.32739258 0.8642578
vt 0.3083496 0.8569336
vt 0.31152344 0.7944336
vt 0.38867188 0.86376953
vt 0.3869629 0.88134766
vt 0.36132812 0.87597656
vt 0.36621094 0.859375
vt 0.39868164 0.86572266
vt 0.38867188 0.86376953
vt 0.40234375 0.8041992
vt 0.41333008 0.80615234
vt 0.37109375 0.7998047
vt 0.40234375 0.8041992
vt 0.38867188 0.86376953
vt 0.36621094 0.859375
vt 0.43676758 0.96533203
vt 0.45092773 0.89746094
vt 0.42211914 0.8984375
vt 0.41015625 0.95947266
vt 0.36621094 0.859375
vt 0.32739258 0.8642578
vt 0.33398438 0.79541016
vt 0.37109375 0.7998047
vt 0.32739258 0.8642578
vt 0.36621094 0.859375
vt 0.36132812 0.87597656
vt 0.32104492 0.8769531
vt 0.52246094 0.84472656
vt 0.5332031 0.8461914
vt 0.52978516 0.84033203
vt 0.5185547 0.83984375
vt 0.5727539 0.8261719
vt 0.5698242 0.79248047
vt 0.5439453 0.79345703
vt 0.54003906 0.8251953
vt 0.5761719 0.79345703
vt 0.6074219 0.78222656
vt 0.5839844 0.7714844
vt 0.5703125 0.7714844
vt 0.52978516 0.84033203
vt 0.5439453 0.79345703
vt 0.5214844 0.7910156
vt 0.5185547 0.83984375
vt 0.5439453 0.79345703
vt 0.5698242 0.79248047
vt 0.5703125 0.7714844
vt 0.5395508 0.7714844
vt 0.5185547 0.8959961
vt 0.4309082 0.8798828
vt 0.45092773 0.89746094
vt 0.52246094 0.9057617
vt 0.3083496 0.8569336
vt 0.32739258 0.8642578
vt 0.32104492 0.8769531
vt 0.29492188 0.8754883
vt 0.5703125 0.7714844
vt 0.5839844 0.7714844
vt 0.58203125 0.74072266
vt 0.53271484 0.7265625
vt 0.58447266 0.91308594
vt 0.5859375 0.9057617
vt 0.5493164 0.8989258
vt 0.55078125 0.9086914
vt 0.05596924 0.087524414
vt 0.057159424 0.09729004
vt 0.03982544 0.10394287
vt 0.029312134 0.097229004
vt 0.10876465 0.1932373
vt 0.10266113 0.19580078
vt 0.09729004 0.16247559
vt 0.10235596 0.15026855
vt 0.057159424 0.09729004
vt 0.07324219 0.16381836
vt 0.054107666 0.15270996
vt 0.03982544 0.10394287
vt 0.054107666 0.15270996
vt 0.07324219 0.16381836
vt 0.06604004 0.17114258
vt 0.052124023 0.15893555
vt 0.05596924 0.087524414
vt 0.029312134 0.097229004
vt 0.007247925 0.029876709
vt 0.040222168 0.021865845
vt 0.08758545 0.07507324
vt 0.05596924 0.087524414
vt 0.040222168 0.021865845
vt 0.06976318 0.016723633
vt 0.10235596 0.15026855
vt 0.13256836 0.085998535
vt 0.13623047 0.14208984
vt 0.09069824 0.081848145
vt 0.057159424 0.09729004
vt 0.09729004 0.16247559
vt 0.07324219 0.16381836
vt 0.08758545 0.07507324
vt 0.06976318 0.016723633
vt 0.082458496 0.01309967
vt 0.09399414 0.07165527
vt 0.13256836 0.085998535
vt 0.08758545 0.07507324
vt 0.09399414 0.07165527
vt 0.12524414 0.064331055
vt 0.09399414 0.07165527
vt 0.082458496 0.01309967
vt 0.11669922 0.006881714
vt 0.12524414 0.064331055
vt 0.12524414 0.064331055
vt 0.11669922 0.006881714
vt 0.16247559 0.006793976
vt 0.1586914 0.07385254
vt 0.13256836 0.085998535
vt 0.12524414 0.064331055
vt 0.1586914 0.07385254
vt 0.1550293 0.08660889
vt 0.19372559 0.066345215
vt 0.1586914 0.07385254
vt 0.16247559 0.006793976
vt 0.19836426 0.010322571
vt 0.20080566 0.0715332
vt 0.22143555 0.0703125
vt 0.22131348 0.09088135
vt 0.19616699 0.0848999
vt 0.19836426 0.010322571
vt 0.23071289 0.011009216
vt 0.22143555 0.0703125
vt 0.20080566 0.0715332
vt 0.22143555 0.0703125
vt 0.23071289 0.011009216
vt 0.24841309 0.012763977
vt 0.23706055 0.074157715
vt 0.14428711 0.13684082
vt 0.13623047 0.14208984
vt 0.13256836 0.085998535
vt 0.1550293 0.08660889
vt 0.10876465 0.1932373
vt 0.10235596 0.15026855
vt 0.13623047 0.14208984
vt 0.14147949 0.19689941
vt 0.21813965 0.1463623
vt 0.21533203 0.1940918
vt 0.14147949 0.19689941
vt 0.13623047 0.14208984
vt 0.21813965 0.1463623
vt 0.13623047 0.14208984
vt 0.14428711 0.13684082
vt 0.21740723 0.1385498
vt 0.29907227 0.16003418
vt 0.2932129 0.2088623
vt 0.21533203 0.1940918
vt 0.21813965 0.1463623
vt 0.12695312 0.24328613
vt 0.14831543 0.27612305
vt 0.1303711 0.26171875
vt 0.14147949 0.19689941
vt 0.12158203 0.21289062
vt 0.14831543 0.27612305
vt 0.06524658 0.2854004
vt 0.08251953 0.26879883
vt 0.1303711 0.26171875
vt 0.21813965 0.1463623
vt 0.21740723 0.1385498
vt 0.3010254 0.1538086
vt 0.29907227 0.16003418
vt 0.28686523 0.09954834
vt 0.3010254 0.1538086
vt 0.21740723 0.1385498
vt 0.24719238 0.095336914
vt 0.06524658 0.2854004
vt 0.05606079 0.20898438
vt 0.078552246 0.22338867
vt 0.08251953 0.26879883
vt 0.2705078 0.016433716
vt 0.2548828 0.083862305
vt 0.23706055 0.074157715
vt 0.24841309 0.012763977
vt 0.31567383 0.09094238
vt 0.31176758 0.10839844
vt 0.28686523 0.09954834
vt 0.2939453 0.0836792
vt 0.32104492 0.092041016
vt 0.31567383 0.09094238
vt 0.33691406 0.03390503
vt 0.3474121 0.03704834
vt 0.30639648 0.025741577
vt 0.33691406 0.03390503
vt 0.31567383 0.09094238
vt 0.2939453 0.0836792
vt 0.3708496 0.049438477
vt 0.33764648 0.10858154
vt 0.32104492 0.092041016
vt 0.3474121 0.03704834
vt 0.2939453 0.0836792
vt 0.2548828 0.083862305
vt 0.2705078 0.016433716
vt 0.30639648 0.025741577
vt 0.2548828 0.083862305
vt 0.2939453 0.0836792
vt 0.28686523 0.09954834
vt 0.24719238 0.095336914
vt 0.09729004 0.16247559
vt 0.10266113 0.19580078
vt 0.07720947 0.20129395
vt 0.06604004 0.17114258
vt 0.10876465 0.1932373
vt 0.14147949 0.19689941
vt 0.12158203 0.21289062
vt 0.10809326 0.21594238
vt 0.052124023 0.15893555
vt 0.07720947 0.20129395
vt 0.05606079 0.20898438
vt 0.041259766 0.16235352
vt 0.07720947 0.20129395
vt 0.10266113 0.19580078
vt 0.10809326 0.21594238
vt 0.078552246 0.22338867
vt 0.23706055 0.074157715
vt 0.2548828 0.083862305
vt 0.24719238 0.095336914
vt 0.22131348 0.09088135
vt 0.10809326 0.21594238
vt 0.12158203 0.21289062
vt 0.12695312 0.24328613
vt 0.08251953 0.26879883
vt 0.08758545 0.07507324
vt 0.09069824 0.081848145
vt 0.057159424 0.09729004
vt 0.05596924 0.087524414
vt 0.19567871 0.92089844
vt 0.1673584 0.91845703
vt 0.17578125 0.90966797
vt 0.19421387 0.9111328
vt 0.19421387 0.9111328
vt 0.17578125 0.90966797
vt 0.17663574 0.8588867
vt 0.1920166 0.84277344
vt 0.17663574 0.8588867
vt 0.17297363 0.85302734
vt 0.18322754 0.8378906
vt 0.1920166 0.84277344
vt 0.16308594 0.9091797
vt 0.16564941 0.8574219
vt 0.17663574 0.8588867
vt 0.17578125 0.90966797
vt 0.19567871 0.92089844
vt 0.19787598 0.98828125
vt 0.1640625 0.9892578
vt 0.1673584 0.91845703
vt 0.08306885 0.98046875
vt 0.09552002 0.9121094
vt 0.1673584 0.91845703
vt 0.1640625 0.9892578
vt 0.22949219 0.9248047
vt 0.2277832 0.98535156
vt 0.19787598 0.98828125
vt 0.19567871 0.92089844
vt 0.22375488 0.84814453
vt 0.25854492 0.84716797
vt 0.27001953 0.90234375
vt 0.23071289 0.9169922
vt 0.19421387 0.9111328
vt 0.21557617 0.8378906
vt 0.1920166 0.84277344
vt 0.22949219 0.9248047
vt 0.23657227 0.92626953
vt 0.2409668 0.98583984
vt 0.2277832 0.98535156
vt 0.27001953 0.90234375
vt 0.2685547 0.9248047
vt 0.23657227 0.92626953
vt 0.22949219 0.9248047
vt 0.23657227 0.92626953
vt 0.2685547 0.9248047
vt 0.27563477 0.9824219
vt 0.2409668 0.98583984
vt 0.8623047 0.41381836
vt 0.8613281 0.42797852
vt 0.88720703 0.4272461
vt 0.88183594 0.40722656
vt 0.88183594 0.40722656
vt 0.8979492 0.40698242
vt 0.8930664 0.34448242
vt 0.8754883 0.3474121
vt 0.21850586 0.8051758
vt 0.24914551 0.79296875
vt 0.25854492 0.84716797
vt 0.22375488 0.84814453
vt 0.98095703 0.47387695
vt 0.8984375 0.48168945
vt 0.9086914 0.5288086
vt 0.98779297 0.52246094
vt 0.22277832 0.7519531
vt 0.2211914 0.73339844
vt 0.23474121 0.71435547
vt 0.24914551 0.79296875
vt 0.22570801 0.78271484
vt 0.23474121 0.71435547
vt 0.2211914 0.73339844
vt 0.17321777 0.7392578
vt 0.15209961 0.72802734
vt 0.8984375 0.48168945
vt 0.98095703 0.47387695
vt 0.98095703 0.46728516
vt 0.8959961 0.47436523
vt 0.953125 0.41845703
vt 0.9135742 0.4248047
vt 0.8959961 0.47436523
vt 0.98095703 0.46728516
vt 0.091918945 0.7944336
vt 0.16357422 0.80371094
vt 0.1616211 0.85253906
vt 0.08502197 0.84228516
vt 0.15209961 0.72802734
vt 0.17321777 0.7392578
vt 0.18139648 0.7841797
vt 0.16357422 0.80371094
vt 0.08111572 0.84765625
vt 0.08502197 0.84228516
vt 0.1616211 0.85253906
vt 0.16564941 0.8574219
vt 0.07513428 0.89501953
vt 0.08111572 0.84765625
vt 0.16564941 0.8574219
vt 0.16308594 0.9091797
vt 0.91552734 0.34228516
vt 0.8930664 0.34448242
vt 0.8979492 0.40698242
vt 0.91796875 0.4116211
vt 0.9785156 0.4025879
vt 0.9555664 0.4013672
vt 0.953125 0.41845703
vt 0.9794922 0.42041016
vt 0.98876953 0.4038086
vt 0.9951172 0.3425293
vt 0.984375 0.34179688
vt 0.9785156 0.4025879
vt 0.9526367 0.34204102
vt 0.9555664 0.4013672
vt 0.9785156 0.4025879
vt 0.984375 0.34179688
vt 0.08306885 0.98046875
vt 0.056427002 0.97509766
vt 0.06689453 0.9135742
vt 0.09552002 0.9121094
vt 0.9555664 0.4013672
vt 0.9526367 0.34204102
vt 0.91552734 0.34228516
vt 0.91796875 0.4116211
vt 0.91796875 0.4116211
vt 0.9135742 0.4248047
vt 0.953125 0.41845703
vt 0.9555664 0.4013672
vt 0.16564941 0.8574219
vt 0.1616211 0.85253906
vt 0.17297363 0.85302734
vt 0.17663574 0.8588867
vt 0.21557617 0.8378906
vt 0.18322754 0.8378906
vt 0.18603516 0.80566406
vt 0.21203613 0.8041992
vt 0.21850586 0.8051758
vt 0.21179199 0.7832031
vt 0.22570801 0.78271484
vt 0.24914551 0.79296875
vt 0.17297363 0.85302734
vt 0.1616211 0.85253906
vt 0.16357422 0.80371094
vt 0.18603516 0.80566406
vt 0.18603516 0.80566406
vt 0.18139648 0.7841797
vt 0.21179199 0.7832031
vt 0.21203613 0.8041992
vt 0.16308594 0.9091797
vt 0.1673584 0.91845703
vt 0.09552002 0.9121094
vt 0.07513428 0.89501953
vt 0.8979492 0.40698242
vt 0.88720703 0.4272461
vt 0.9135742 0.4248047
vt 0.91796875 0.4116211
vt 0.21179199 0.7832031
vt 0.17321777 0.7392578
vt 0.22277832 0.7519531
vt 0.22570801 0.78271484
vt 0.22949219 0.9248047
vt 0.19567871 0.92089844
vt 0.19421387 0.9111328
vt 0.23071289 0.9169922
vt 0.4428711 0.0871582
vt 0.41601562 0.09625244
vt 0.42651367 0.103149414
vt 0.44384766 0.09692383
vt 0.49316406 0.1940918
vt 0.48779297 0.15100098
vt 0.48242188 0.16308594
vt 0.48706055 0.19641113
vt 0.44384766 0.09692383
vt 0.42651367 0.103149414
vt 0.43945312 0.15222168
vt 0.45825195 0.16381836
vt 0.43945312 0.15222168
vt 0.4375 0.15844727
vt 0.45092773 0.17089844
vt 0.45825195 0.16381836
vt 0.41430664 0.10656738
vt 0.42919922 0.15588379
vt 0.43945312 0.15222168
vt 0.42651367 0.103149414
vt 0.4428711 0.0871582
vt 0.42871094 0.021255493
vt 0.39575195 0.028442383
vt 0.41601562 0.09625244
vt 0.47485352 0.07550049
vt 0.4584961 0.016830444
vt 0.42871094 0.021255493
vt 0.4428711 0.0871582
vt 0.48779297 0.15100098
vt 0.52197266 0.14355469
vt 0.51953125 0.087524414
vt 0.4777832 0.08239746
vt 0.44384766 0.09692383
vt 0.48242188 0.16308594
vt 0.45825195 0.16381836
vt 0.47485352 0.07550049
vt 0.48120117 0.072265625
vt 0.4711914 0.013519287
vt 0.4584961 0.016830444
vt 0.51953125 0.087524414
vt 0.5126953 0.06573486
vt 0.48120117 0.072265625
vt 0.47485352 0.07550049
vt 0.48120117 0.072265625
vt 0.5126953 0.06573486
vt 0.5053711 0.008140564
vt 0.4711914 0.013519287
vt 0.5126953 0.06573486
vt 0.54589844 0.07598877
vt 0.55126953 0.009162903
vt 0.5053711 0.008140564
vt 0.51953125 0.087524414
vt 0.5419922 0.08868408
vt 0.54589844 0.07598877
vt 0.5126953 0.06573486
vt 0.5810547 0.06939697
vt 0.58691406 0.013557434
vt 0.55126953 0.009162903
vt 0.54589844 0.07598877
vt 0.5878906 0.07476807
vt 0.5830078 0.088012695
vt 0.60791016 0.09454346
vt 0.60839844 0.07397461
vt 0.52978516 0.1385498
vt 0.5419922 0.08868408
vt 0.51953125 0.087524414
vt 0.52197266 0.14355469
vt 0.49316406 0.1940918
vt 0.5258789 0.19848633
vt 0.52197266 0.14355469
vt 0.48779297 0.15100098
vt 0.6035156 0.14990234
vt 0.52197266 0.14355469
vt 0.5258789 0.19848633
vt 0.5996094 0.19750977
vt 0.6035156 0.14990234
vt 0.60302734 0.14208984
vt 0.52978516 0.1385498
vt 0.52197266 0.14355469
vt 0.68408203 0.16552734
vt 0.6035156 0.14990234
vt 0.5996094 0.19750977
vt 0.6767578 0.21411133
vt 0.5102539 0.24438477
vt 0.5131836 0.26293945
vt 0.5307617 0.27783203
vt 0.5258789 0.19848633
vt 0.5053711 0.21398926
vt 0.5307617 0.27783203
vt 0.5131836 0.26293945
vt 0.4650879 0.26879883
vt 0.44726562 0.2849121
vt 0.6035156 0.14990234
vt 0.68408203 0.16552734
vt 0.68603516 0.15930176
vt 0.60302734 0.14208984
vt 0.67333984 0.10479736
vt 0.63378906 0.099609375
vt 0.60302734 0.14208984
vt 0.68603516 0.15930176
vt 0.44726562 0.2849121
vt 0.4650879 0.26879883
vt 0.4621582 0.22338867
vt 0.44018555 0.2084961
vt 0.6586914 0.021408081
vt 0.63671875 0.017211914
vt 0.62402344 0.078186035
vt 0.64160156 0.088378906
vt 0.70214844 0.09692383
vt 0.68066406 0.08917236
vt 0.67333984 0.10479736
vt 0.6977539 0.11401367
vt 0.69433594 0.031585693
vt 0.68066406 0.08917236
vt 0.70214844 0.09692383
vt 0.7246094 0.04046631
vt 0.68066406 0.08917236
vt 0.69433594 0.031585693
vt 0.6586914 0.021408081
vt 0.64160156 0.088378906
vt 0.64160156 0.088378906
vt 0.63378906 0.099609375
vt 0.67333984 0.10479736
vt 0.68066406 0.08917236
vt 0.42919922 0.15588379
vt 0.42651367 0.16149902
vt 0.4375 0.15844727
vt 0.43945312 0.15222168
vt 0.48242188 0.16308594
vt 0.45092773 0.17089844
vt 0.46142578 0.20129395
vt 0.48706055 0.19641113
vt 0.49316406 0.1940918
vt 0.49194336 0.2166748
vt 0.5053711 0.21398926
vt 0.5258789 0.19848633
vt 0.4375 0.15844727
vt 0.42651367 0.16149902
vt 0.44018555 0.2084961
vt 0.46142578 0.20129395
vt 0.46142578 0.20129395
vt 0.4621582 0.22338867
vt 0.49194336 0.2166748
vt 0.48706055 0.19641113
vt 0.62402344 0.078186035
vt 0.60791016 0.09454346
vt 0.63378906 0.099609375
vt 0.64160156 0.088378906
vt 0.49194336 0.2166748
vt 0.4650879 0.26879883
vt 0.5102539 0.24438477
vt 0.5053711 0.21398926
vt 0.47485352 0.07550049
vt 0.4428711 0.0871582
vt 0.44384766 0.09692383
vt 0.4777832 0.08239746
vt 0.48486328 0.24304199
vt 0.48706055 0.24560547
vt 0.48388672 0.24475098
vt 0.48706055 0.24365234
vt 0.48999023 0.24475098
vt 0.48339844 0.24157715
vt 0.48168945 0.24255371
vt 0.4892578 0.24304199
vt 0.49243164 0.24255371
vt 0.48706055 0.23950195
vt 0.48291016 0.23950195
vt 0.49072266 0.24157715
vt 0.48095703 0.23950195
vt 0.49316406 0.23950195
vt 0.48339844 0.23730469
vt 0.48168945 0.2364502
vt 0.49121094 0.23950195
vt 0.49243164 0.2364502
vt 0.48486328 0.23583984
vt 0.48388672 0.23413086
vt 0.49072266 0.23730469
vt 0.48999023 0.23413086
vt 0.48706055 0.23522949
vt 0.48706055 0.23327637
vt 0.4892578 0.23583984
vt 0.48706055 0.24560547
vt 0.48706055 0.24353027
vt 0.48486328 0.24304199
vt 0.48388672 0.24475098
vt 0.48999023 0.24475098
vt 0.48339844 0.24157715
vt 0.48168945 0.24255371
vt 0.48901367 0.24304199
vt 0.49243164 0.24255371
vt 0.48706055 0.23950195
vt 0.48291016 0.23950195
vt 0.49072266 0.24157715
vt 0.48095703 0.23950195
vt 0.49316406 0.23950195
vt 0.48339844 0.23742676
vt 0.48168945 0.23632812
vt 0.49121094 0.23950195
vt 0.49243164 0.23632812
vt 0.48486328 0.23583984
vt 0.48388672 0.23413086
vt 0.49072266 0.23742676
vt 0.48999023 0.23413086
vt 0.48706055 0.23535156
vt 0.48706055 0.23327637
vt 0.48901367 0.23583984
vt 0.48486328 0.24304199
vt 0.48706055 0.24560547
vt 0.48388672 0.24475098
vt 0.48706055 0.24365234
vt 0.48999023 0.24475098
vt 0.48339844 0.24157715
vt 0.48168945 0.24255371
vt 0.4892578 0.24304199
vt 0.49243164 0.24255371
vt 0.48706055 0.23950195
vt 0.48291016 0.23950195
vt 0.49072266 0.24157715
vt 0.48095703 0.23950195
vt 0.49316406 0.23950195
vt 0.48339844 0.23730469
vt 0.48168945 0.2364502
vt 0.49121094 0.23950195
vt 0.49243164 0.2364502
vt 0.48486328 0.23583984
vt 0.48388672 0.23413086
vt 0.49072266 0.23730469
vt 0.48999023 0.23413086
vt 0.48706055 0.23522949
vt 0.48706055 0.23327637
vt 0.4892578 0.23583984
vt 0.48706055 0.24560547
vt 0.48706055 0.24353027
vt 0.48486328 0.24304199
vt 0.48388672 0.24475098
vt 0.48999023 0.24475098
vt 0.48339844 0.24157715
vt 0.48168945 0.24255371
vt 0.48901367 0.24304199
vt 0.49243164 0.24255371
vt 0.48706055 0.23950195
vt 0.48291016 0.23950195
vt 0.49072266 0.24157715
vt 0.48095703 0.23950195
vt 0.49316406 0.23950195
vt 0.48339844 0.23742676
vt 0.48168945 0.23632812
vt 0.49121094 0.23950195
vt 0.49243164 0.23632812
vt 0.48486328 0.23583984
vt 0.48388672 0.23413086
vt 0.49072266 0.23742676
vt 0.48999023 0.23413086
vt 0.48706055 0.23535156
vt 0.48706055 0.23327637
vt 0.48901367 0.23583984
vt 0.48486328 0.24304199
vt 0.48706055 0.24560547
vt 0.48388672 0.24475098
vt 0.48706055 0.24365234
vt 0.48999023 0.24475098
vt 0.48339844 0.24157715
vt 0.48168945 0.24255371
vt 0.4892578 0.24304199
vt 0.49243164 0.24255371
vt 0.48706055 0.23950195
vt 0.48291016 0.23950195
vt 0.49072266 0.24157715
vt 0.48095703 0.23950195
vt 0.49316406 0.23950195
vt 0.48339844 0.23730469
vt 0.48168945 0.2364502
vt 0.49121094 0.23950195
vt 0.49243164 0.2364502
vt 0.48486328 0.23583984
vt 0.48388672 0.23413086
vt 0.49072266 0.23730469
vt 0.48999023 0.23413086
vt 0.48706055 0.23522949
vt 0.48706055 0.23327637
vt 0.4892578 0.23583984
vt 0.48706055 0.24560547
vt 0.48706055 0.24353027
vt 0.48486328 0.24304199
vt 0.48388672 0.24475098
vt 0.48999023 0.24475098
vt 0.48339844 0.24157715
vt 0.48168945 0.24255371
vt 0.48901367 0.24304199
vt 0.49243164 0.24255371
vt 0.48706055 0.23950195
vt 0.48291016 0.23950195
vt 0.49072266 0.24157715
vt 0.48095703 0.23950195
vt 0.49316406 0.23950195
vt 0.48339844 0.23742676
vt 0.48168945 0.23632812
vt 0.49121094 0.23950195
vt 0.49243164 0.23632812
vt 0.48486328 0.23583984
vt 0.48388672 0.23413086
vt 0.49072266 0.23742676
vt 0.48999023 0.23413086
vt 0.48706055 0.23535156
vt 0.48706055 0.23327637
vt 0.48901367 0.23583984
vt 0.48486328 0.24304199
vt 0.48706055 0.24560547
vt 0.48388672 0.24475098
vt 0.48706055 0.24365234
vt 0.48999023 0.24475098
vt 0.48339844 0.24157715
vt 0.48168945 0.24255371
vt 0.4892578 0.24304199
vt 0.49243164 0.24255371
vt 0.48706055 0.23950195
vt 0.48291016 0.23950195
vt 0.49072266 0.24157715
vt 0.48095703 0.23950195
vt 0.49316406 0.23950195
vt 0.48339844 0.23730469
vt 0.48168945 0.2364502
vt 0.49121094 0.23950195
vt 0.49243164 0.2364502
vt 0.48486328 0.23583984
vt 0.48388672 0.23413086
vt 0.49072266 0.23730469
vt 0.48999023 0.23413086
vt 0.48706055 0.23522949
vt 0.48706055 0.23327637
vt 0.4892578 0.23583984
vt 0.48706055 0.24560547
vt 0.48706055 0.24353027
vt 0.48486328 0.24304199
vt 0.48388672 0.24475098
vt 0.48999023 0.24475098
vt 0.48339844 0.24157715
vt 0.48168945 0.24255371
vt 0.48901367 0.24304199
vt 0.49243164 0.24255371
vt 0.48706055 0.23950195
vt 0.48291016 0.23950195
vt 0.49072266 0.24157715
vt 0.48095703 0.23950195
vt 0.49316406 0.23950195
vt 0.48339844 0.23742676
vt 0.48168945 0.23632812
vt 0.49121094 0.23950195
vt 0.49243164 0.23632812
vt 0.48486328 0.23583984
vt 0.48388672 0.23413086
vt 0.49072266 0.23742676
vt 0.48999023 0.23413086
vt 0.48706055 0.23535156
vt 0.48706055 0.23327637
vt 0.48901367 0.23583984
vt 0.48486328 0.24304199
vt 0.48388672 0.24475098
vt 0.48706055 0.24560547
vt 0.48706055 0.24365234
vt 0.48999023 0.24475098
vt 0.48339844 0.24157715
vt 0.48168945 0.24255371
vt 0.4892578 0.24304199
vt 0.49243164 0.24255371
vt 0.48706055 0.23950195
vt 0.48291016 0.23950195
vt 0.49072266 0.24157715
vt 0.48095703 0.23950195
vt 0.49316406 0.23950195
vt 0.48339844 0.23730469
vt 0.48168945 0.2364502
vt 0.49121094 0.23950195
vt 0.49243164 0.2364502
vt 0.48486328 0.23583984
vt 0.48388672 0.23413086
vt 0.49072266 0.23730469
vt 0.48999023 0.23413086
vt 0.48706055 0.23522949
vt 0.48706055 0.23327637
vt 0.4892578 0.23583984
vt 0.48706055 0.24560547
vt 0.48388672 0.24475098
vt 0.48486328 0.24304199
vt 0.48706055 0.24353027
vt 0.48999023 0.24475098
vt 0.48339844 0.24157715
vt 0.48168945 0.24255371
vt 0.48901367 0.24304199
vt 0.49243164 0.24255371
vt 0.48706055 0.23950195
vt 0.48291016 0.23950195
vt 0.49072266 0.24157715
vt 0.48095703 0.23950195
vt 0.49316406 0.23950195
vt 0.48339844 0.23742676
vt 0.48168945 0.23632812
vt 0.49121094 0.23950195
vt 0.49243164 0.23632812
vt 0.48486328 0.23583984
vt 0.48388672 0.23413086
vt 0.49072266 0.23742676
vt 0.48999023 0.23413086
vt 0.48706055 0.23535156
vt 0.48706055 0.23327637
vt 0.48901367 0.23583984
vt 0.48486328 0.24304199
vt 0.48388672 0.24475098
vt 0.48706055 0.24560547
vt 0.48706055 0.24365234
vt 0.48999023 0.24475098
vt 0.48339844 0.24157715
vt 0.48168945 0.24255371
vt 0.4892578 0.24304199
vt 0.49243164 0.24255371
vt 0.48706055 0.23950195
vt 0.48291016 0.23950195
vt 0.49072266 0.24157715
vt 0.48095703 0.23950195
vt 0.49316406 0.23950195
vt 0.48339844 0.23730469
vt 0.48168945 0.2364502
vt 0.49121094 0.23950195
vt 0.49243164 0.2364502
vt 0.48486328 0.23583984
vt 0.48388672 0.23413086
vt 0.49072266 0.23730469
vt 0.48999023 0.23413086
vt 0.48706055 0.23522949
vt 0.48706055 0.23327637
vt 0.4892578 0.23583984
vt 0.48706055 0.24560547
vt 0.48388672 0.24475098
vt 0.48486328 0.24304199
vt 0.48706055 0.24353027
vt 0.48999023 0.24475098
vt 0.48339844 0.24157715
vt 0.48168945 0.24255371
vt 0.48901367 0.24304199
vt 0.49243164 0.24255371
vt 0.48706055 0.23950195
vt 0.48291016 0.23950195
vt 0.49072266 0.24157715
vt 0.48095703 0.23950195
vt 0.49316406 0.23950195
vt 0.48339844 0.23742676
vt 0.48168945 0.23632812
vt 0.49121094 0.23950195
vt 0.49243164 0.23632812
vt 0.48486328 0.23583984
vt 0.48388672 0.23413086
vt 0.49072266 0.23742676
vt 0.48999023 0.23413086
vt 0.48706055 0.23535156
vt 0.48706055 0.23327637
vt 0.48901367 0.23583984
vt 0.48486328 0.24304199
vt 0.48388672 0.24475098
vt 0.48706055 0.24560547
vt 0.48706055 0.24365234
vt 0.48999023 0.24475098
vt 0.48339844 0.24157715
vt 0.48168945 0.24255371
vt 0.4892578 0.24304199
vt 0.49243164 0.24255371
vt 0.48706055 0.23950195
vt 0.48291016 0.23950195
vt 0.49072266 0.24157715
vt 0.48095703 0.23950195
vt 0.49316406 0.23950195
vt 0.48339844 0.23730469
vt 0.48168945 0.2364502
vt 0.49121094 0.23950195
vt 0.49243164 0.2364502
vt 0.48486328 0.23583984
vt 0.48388672 0.23413086
vt 0.49072266 0.23730469
vt 0.48999023 0.23413086
vt 0.48706055 0.23522949
vt 0.48706055 0.23327637
vt 0.4892578 0.23583984
vt 0.48706055 0.24560547
vt 0.48388672 0.24475098
vt 0.48486328 0.24304199
vt 0.48706055 0.24353027
vt 0.48999023 0.24475098
vt 0.48339844 0.24157715
vt 0.48168945 0.24255371
vt 0.48901367 0.24304199
vt 0.49243164 0.24255371
vt 0.48706055 0.23950195
vt 0.48291016 0.23950195
vt 0.49072266 0.24157715
vt 0.48095703 0.23950195
vt 0.49316406 0.23950195
vt 0.48339844 0.23742676
vt 0.48168945 0.23632812
vt 0.49121094 0.23950195
vt 0.49243164 0.23632812
vt 0.48486328 0.23583984
vt 0.48388672 0.23413086
vt 0.49072266 0.23742676
vt 0.48999023 0.23413086
vt 0.48706055 0.23535156
vt 0.48706055 0.23327637
vt 0.48901367 0.23583984
vt 0.48486328 0.24304199
vt 0.48388672 0.24475098
vt 0.48706055 0.24560547
vt 0.48706055 0.24365234
vt 0.48999023 0.24475098
vt 0.48339844 0.24157715
vt 0.48168945 0.24255371
vt 0.4892578 0.24304199
vt 0.49243164 0.24255371
vt 0.48706055 0.23950195
vt 0.48291016 0.23950195
vt 0.49072266 0.24157715
vt 0.48095703 0.23950195
vt 0.49316406 0.23950195
vt 0.48339844 0.23730469
vt 0.48168945 0.2364502
vt 0.49121094 0.23950195
vt 0.49243164 0.2364502
vt 0.48486328 0.23583984
vt 0.48388672 0.23413086
vt 0.49072266 0.23730469
vt 0.48999023 0.23413086
vt 0.48706055 0.23522949
vt 0.48706055 0.23327637
vt 0.4892578 0.23583984
vt 0.48706055 0.24560547
vt 0.48388672 0.24475098
vt 0.48486328 0.24304199
vt 0.48706055 0.24353027
vt 0.48999023 0.24475098
vt 0.48339844 0.24157715
vt 0.48168945 0.24255371
vt 0.48901367 0.24304199
vt 0.49243164 0.24255371
vt 0.48706055 0.23950195
vt 0.48291016 0.23950195
vt 0.49072266 0.24157715
vt 0.48095703 0.23950195
vt 0.49316406 0.23950195
vt 0.48339844 0.23742676
vt 0.48168945 0.23632812
vt 0.49121094 0.23950195
vt 0.49243164 0.23632812
vt 0.48486328 0.23583984
vt 0.48388672 0.23413086
vt 0.49072266 0.23742676
vt 0.48999023 0.23413086
vt 0.48706055 0.23535156
vt 0.48706055 0.23327637
vt 0.48901367 0.23583984
vt 0.48706055 0.24621582
vt 0.48706055 0.24560547
vt 0.48388672 0.24475098
vt 0.48364258 0.24536133
vt 0.49047852 0.24536133
vt 0.48168945 0.24255371
vt 0.48999023 0.24475098
vt 0.48120117 0.24279785
vt 0.49291992 0.24279785
vt 0.48095703 0.23950195
vt 0.49243164 0.24255371
vt 0.4802246 0.23950195
vt 0.49389648 0.23950195
vt 0.48168945 0.23632812
vt 0.49316406 0.23950195
vt 0.48120117 0.23608398
vt 0.49291992 0.23608398
vt 0.48388672 0.23413086
vt 0.49243164 0.23632812
vt 0.48364258 0.23352051
vt 0.49047852 0.23352051
vt 0.48706055 0.23327637
vt 0.48999023 0.23413086
vt 0.48706055 0.23266602
vt 0.48706055 0.24621582
vt 0.48706055 0.24560547
vt 0.48388672 0.24475098
vt 0.48364258 0.24536133
vt 0.49047852 0.24536133
vt 0.48168945 0.24255371
vt 0.48999023 0.24475098
vt 0.48120117 0.24279785
vt 0.49291992 0.24279785
vt 0.48095703 0.23950195
vt 0.49243164 0.24255371
vt 0.4802246 0.23950195
vt 0.49389648 0.23950195
vt 0.48168945 0.23632812
vt 0.49316406 0.23950195
vt 0.48120117 0.23608398
vt 0.49291992 0.23608398
vt 0.48388672 0.23413086
vt 0.49243164 0.23632812
vt 0.48364258 0.23352051
vt 0.49047852 0.23352051
vt 0.48706055 0.23327637
vt 0.48999023 0.23413086
vt 0.48706055 0.23266602
vt 0.48706055 0.24621582
vt 0.48706055 0.24560547
vt 0.48388672 0.24475098
vt 0.48364258 0.24536133
vt 0.49047852 0.24536133
vt 0.48168945 0.24255371
vt 0.48999023 0.24475098
vt 0.48120117 0.24279785
vt 0.49291992 0.24279785
vt 0.48095703 0.23950195
vt 0.49243164 0.24255371
vt 0.4802246 0.23950195
vt 0.49389648 0.23950195
vt 0.48168945 0.23632812
vt 0.49316406 0.23950195
vt 0.48120117 0.23608398
vt 0.49291992 0.23608398
vt 0.48388672 0.23413086
vt 0.49243164 0.23632812
vt 0.48364258 0.23352051
vt 0.49047852 0.23352051
vt 0.48706055 0.23327637
vt 0.48999023 0.23413086
vt 0.48706055 0.23266602
vt 0.48706055 0.24621582
vt 0.48706055 0.24560547
vt 0.48388672 0.24475098
vt 0.48364258 0.24536133
vt 0.49047852 0.24536133
vt 0.48168945 0.24255371
vt 0.48999023 0.24475098
vt 0.48120117 0.24279785
vt 0.49291992 0.24279785
vt 0.48095703 0.23950195
vt 0.49243164 0.24255371
vt 0.4802246 0.23950195
vt 0.49389648 0.23950195
vt 0.48168945 0.23632812
vt 0.49316406 0.23950195
vt 0.48120117 0.23608398
vt 0.49291992 0.23608398
vt 0.48388672 0.23413086
vt 0.49243164 0.23632812
vt 0.48364258 0.23352051
vt 0.49047852 0.23352051
vt 0.48706055 0.23327637
vt 0.48999023 0.23413086
vt 0.48706055 0.23266602
vt 0.48706055 0.24621582
vt 0.48364258 0.24536133
vt 0.48388672 0.24475098
vt 0.48706055 0.24560547
vt 0.48168945 0.24255371
vt 0.49047852 0.24536133
vt 0.48120117 0.24279785
vt 0.48999023 0.24475098
vt 0.48095703 0.23950195
vt 0.49291992 0.24279785
vt 0.4802246 0.23950195
vt 0.49243164 0.24255371
vt 0.48168945 0.23632812
vt 0.49389648 0.23950195
vt 0.48120117 0.23608398
vt 0.49316406 0.23950195
vt 0.48388672 0.23413086
vt 0.49291992 0.23608398
vt 0.48364258 0.23352051
vt 0.49243164 0.23632812
vt 0.48706055 0.23327637
vt 0.49047852 0.23352051
vt 0.48706055 0.23266602
vt 0.48999023 0.23413086
vt 0.48706055 0.24621582
vt 0.48364258 0.24536133
vt 0.48388672 0.24475098
vt 0.48706055 0.24560547
vt 0.48168945 0.24255371
vt 0.49047852 0.24536133
vt 0.48120117 0.24279785
vt 0.48999023 0.24475098
vt 0.48095703 0.23950195
vt 0.49291992 0.24279785
vt 0.4802246 0.23950195
vt 0.49243164 0.24255371
vt 0.48168945 0.23632812
vt 0.49389648 0.23950195
vt 0.48120117 0.23608398
vt 0.49316406 0.23950195
vt 0.48388672 0.23413086
vt 0.49291992 0.23608398
vt 0.48364258 0.23352051
vt 0.49243164 0.23632812
vt 0.48706055 0.23327637
vt 0.49047852 0.23352051
vt 0.48706055 0.23266602
vt 0.48999023 0.23413086
vt 0.48706055 0.24621582
vt 0.48364258 0.24536133
vt 0.48388672 0.24475098
vt 0.48706055 0.24560547
vt 0.48168945 0.24255371
vt 0.49047852 0.24536133
vt 0.48120117 0.24279785
vt 0.48999023 0.24475098
vt 0.48095703 0.23950195
vt 0.49291992 0.24279785
vt 0.4802246 0.23950195
vt 0.49243164 0.24255371
vt 0.48168945 0.23632812
vt 0.49389648 0.23950195
vt 0.48120117 0.23608398
vt 0.49316406 0.23950195
vt 0.48388672 0.23413086
vt 0.49291992 0.23608398
vt 0.48364258 0.23352051
vt 0.49243164 0.23632812
vt 0.48706055 0.23327637
vt 0.49047852 0.23352051
vt 0.48706055 0.23266602
vt 0.48999023 0.23413086
vt 0.48706055 0.24621582
vt 0.48364258 0.24536133
vt 0.48388672 0.24475098
vt 0.48706055 0.24560547
vt 0.48168945 0.24255371
vt 0.49047852 0.24536133
vt 0.48120117 0.24279785
vt 0.48999023 0.24475098
vt 0.48095703 0.23950195
vt 0.49291992 0.24279785
vt 0.4802246 0.23950195
vt 0.49243164 0.24255371
vt 0.48168945 0.23632812
vt 0.49389648 0.23950195
vt 0.48120117 0.23608398
vt 0.49316406 0.23950195
vt 0.48388672 0.23413086
vt 0.49291992 0.23608398
vt 0.48364258 0.23352051
vt 0.49243164 0.23632812
vt 0.48706055 0.23327637
vt 0.49047852 0.23352051
vt 0.48706055 0.23266602
vt 0.48999023 0.23413086
vn 0.06488037 0.9970703 -0.044158936
vn 0.06488037 0.9970703 -0.044158936
vn 0.06488037 0.9970703 -0.044158936
vn 0.7480469 0.65527344 -0.10650635
vn 0.7480469 0.65527344 -0.10650635
vn 0.7480469 0.65527344 -0.10650635
vn 0.41064453 0.91064453 0.041625977
vn 0.41064453 0.91064453 0.041625977
vn 0.41064453 0.91064453 0.041625977
vn -0.30517578 0.16711426 -0.9375
vn -0.30517578 0.16711426 -0.9375
vn -0.30517578 0.16711426 -0.9375
vn -0.017791748 0.9003906 -0.4350586
vn -0.017791748 0.9003906 -0.4350586
vn -0.017791748 0.9003906 -0.4350586
vn 0.953125 0.17749023 -0.24487305
vn 0.953125 0.17749023 -0.24487305
vn 0.953125 0.17749023 -0.24487305
vn 0.9321289 0.03652954 -0.36010742
vn 0.9321289 0.03652954 -0.36010742
vn 0.9321289 0.03652954 -0.36010742
vn -0.9951172 0.034423828 -0.09234619
vn -0.9951172 0.034423828 -0.09234619
vn -0.9951172 0.034423828 -0.09234619
vn -0.99365234 -0.011650085 0.1105957
vn -0.99365234 -0.011650085 0.1105957
vn -0.99365234 -0.011650085 0.1105957
vn 0.9902344 0.09313965 -0.10595703
vn 0.9902344 0.09313965 -0.10595703
vn 0.9902344 0.09313965 -0.10595703
vn 0.9916992 0.08526611 -0.09716797
vn 0.9916992 0.08526611 -0.09716797
vn 0.9916992 0.08526611 -0.09716797
vn 0.3918457 0.010719299 -0.9199219
vn 0.3918457 0.010719299 -0.9199219
vn 0.3918457 0.010719299 -0.9199219
vn 0.96533203 0.052581787 0.25634766
vn 0.96533203 0.052581787 0.25634766
vn 0.96533203 0.052581787 0.25634766
vn 0.11590576 0.99121094 0.06542969
vn 0.11590576 0.99121094 0.06542969
vn 0.11590576 0.99121094 0.06542969
vn 0.99853516 0.038848877 0.033813477
vn 0.99853516 0.038848877 0.033813477
vn 0.99853516 0.038848877 0.033813477
vn -0.7211914 0.47070312 -0.5083008
vn -0.7211914 0.47070312 -0.5083008
vn -0.7211914 0.47070312 -0.5083008
vn -0.0010118484 0.12548828 -0.9921875
vn -0.0010118484 0.12548828 -0.9921875
vn -0.0010118484 0.12548828 -0.9921875
vn -0.6875 0.58154297 -0.43530273
vn -0.6875 0.58154297 -0.43530273
vn -0.6875 0.58154297 -0.43530273
vn 0.0491333 0.9975586 -0.04547119
vn 0.0491333 0.9975586 -0.04547119
vn 0.0491333 0.9975586 -0.04547119
vn -0.031921387 0.99853516 -0.04498291
vn -0.015136719 0.9975586 -0.066345215
vn -0.015136719 0.9975586 -0.066345215
vn -0.031921387 0.99853516 -0.04498291
vn -0.031921387 0.99853516 -0.04498291
vn -0.031921387 0.99853516 -0.04498291
vn -0.06488037 0.9970703 -0.044158936
vn -0.06488037 0.9970703 -0.044158936
vn -0.06488037 0.9970703 -0.044158936
vn -0.7480469 0.65527344 -0.10650635
vn -0.7480469 0.65527344 -0.10650635
vn -0.7480469 0.65527344 -0.10650635
vn -0.41064453 0.91064453 0.041625977
vn -0.41064453 0.91064453 0.041625977
vn -0.41064453 0.91064453 0.041625977
vn 0.30517578 0.16711426 -0.9375
vn 0.30517578 0.16711426 -0.9375
vn 0.30517578 0.16711426 -0.9375
vn 0.017791748 0.9003906 -0.4350586
vn 0.017791748 0.9003906 -0.4350586
vn 0.017791748 0.9003906 -0.4350586
vn -0.953125 0.17749023 -0.24487305
vn -0.953125 0.17749023 -0.24487305
vn -0.953125 0.17749023 -0.24487305
vn -0.9321289 0.03652954 -0.36010742
vn -0.9321289 0.03652954 -0.36010742
vn -0.9321289 0.03652954 -0.36010742
vn 0.9951172 0.034423828 -0.09234619
vn 0.9951172 0.034423828 -0.09234619
vn 0.9951172 0.034423828 -0.09234619
vn 0.99365234 -0.011650085 0.1105957
vn 0.99365234 -0.011650085 0.1105957
vn 0.99365234 -0.011650085 0.1105957
vn 0.7011719 0.6040039 0.3791504
vn 0.7011719 0.6040039 0.3791504
vn 0.7011719 0.6040039 0.3791504
vn -0.9902344 0.09313965 -0.10595703
vn -0.9902344 0.09313965 -0.10595703
vn -0.9902344 0.09313965 -0.10595703
vn -0.9916992 0.08526611 -0.09716797
vn -0.9916992 0.08526611 -0.09716797
vn -0.9916992 0.08526611 -0.09716797
vn -0.3918457 0.01071167 -0.9199219
vn -0.3918457 0.01071167 -0.9199219
vn -0.3918457 0.01071167 -0.9199219
vn -0.96533203 0.052581787 0.25634766
vn -0.96533203 0.052581787 0.25634766
vn -0.96533203 0.052581787 0.25634766
vn -0.11590576 0.99121094 0.06542969
vn -0.11590576 0.99121094 0.06542969
vn -0.11590576 0.99121094 0.06542969
vn -0.99853516 0.038848877 0.033813477
vn -0.99853516 0.038848877 0.033813477
vn -0.99853516 0.038848877 0.033813477
vn 0.7211914 0.47070312 -0.5083008
vn 0.7211914 0.47070312 -0.5083008
vn 0.7211914 0.47070312 -0.5083008
vn 0.0010118484 0.12548828 -0.9921875
vn 0.0010118484 0.12548828 -0.9921875
vn 0.0010118484 0.12548828 -0.9921875
vn 0.6875 0.58154297 -0.43530273
vn 0.6875 0.58154297 -0.43530273
vn 0.6875 0.58154297 -0.43530273
vn -0.0491333 0.9975586 -0.04547119
vn -0.0491333 0.9975586 -0.04547119
vn -0.0491333 0.9975586 -0.04547119
vn 0.031921387 0.99853516 -0.04498291
vn 0.015136719 0.9975586 -0.066345215
vn 0.015136719 0.9975586 -0.066345215
vn 0.031921387 0.99853516 -0.04498291
vn 0.031921387 0.99853516 -0.04498291
vn 0.031921387 0.99853516 -0.04498291
vn -0 0.44873047 -0.8935547
vn -0 0.44873047 -0.8935547
vn -0 0.44873047 -0.8935547
vn -0 0.44873047 -0.8935547
vn -0 0.44873047 -0.8935547
vn -0 0.44873047 -0.8935547
vn 0.08251953 0.99560547 -0.040649414
vn 0.08251953 0.99560547 -0.040649414
vn 0.08251953 0.99560547 -0.040649414
vn 0.42016602 0.89941406 0.12207031
vn 0.42016602 0.89941406 0.12207031
vn 0.42016602 0.89941406 0.12207031
vn -0.30639648 0.14489746 -0.94091797
vn -0.30639648 0.14489746 -0.94091797
vn -0.30639648 0.14489746 -0.94091797
vn -0.02017212 0.8720703 -0.4885254
vn -0.02017212 0.8720703 -0.4885254
vn -0.02017212 0.8720703 -0.4885254
vn 0.8286133 0.19274902 -0.5258789
vn 0.8286133 0.19274902 -0.5258789
vn 0.8286133 0.19274902 -0.5258789
vn 0.78125 0.05886841 -0.62109375
vn 0.78125 0.05886841 -0.62109375
vn 0.78125 0.05886841 -0.62109375
vn -0.99560547 0.0011882782 -0.095214844
vn -0.99560547 0.0011882782 -0.095214844
vn -0.99560547 0.0011882782 -0.095214844
vn -0.99365234 -0.010040283 0.1105957
vn -0.99365234 -0.010040283 0.1105957
vn -0.99365234 -0.010040283 0.1105957
vn -0.7363281 0.546875 0.39819336
vn -0.7363281 0.546875 0.39819336
vn -0.7363281 0.546875 0.39819336
vn 0.24865723 0.39941406 -0.8823242
vn 0.24865723 0.39941406 -0.8823242
vn 0.24865723 0.39941406 -0.8823242
vn 0.96533203 0.04534912 0.25634766
vn 0.96533203 0.04534912 0.25634766
vn 0.96533203 0.04534912 0.25634766
vn 0.35180664 0.92529297 0.14233398
vn 0.35180664 0.92529297 0.14233398
vn 0.35180664 0.92529297 0.14233398
vn 0.58496094 0.06604004 -0.80859375
vn 0.58496094 0.06604004 -0.80859375
vn 0.58496094 0.06604004 -0.80859375
vn -0.7426758 0.41796875 -0.5234375
vn -0.7426758 0.41796875 -0.5234375
vn -0.7426758 0.41796875 -0.5234375
vn -0.014511108 0.04751587 -0.99853516
vn -0.014511108 0.04751587 -0.99853516
vn -0.020507812 0.045532227 -0.99853516
vn -0.020507812 0.045532227 -0.99853516
vn -0.020507812 0.045532227 -0.99853516
vn -0.020507812 0.045532227 -0.99853516
vn -0.10913086 0.9902344 -0.08795166
vn -0.10913086 0.9902344 -0.08795166
vn -0.10913086 0.9902344 -0.08795166
vn 0.03286743 0.99902344 0.027145386
vn 0.03286743 0.99902344 0.027145386
vn 0.03286743 0.99902344 0.027145386
vn 0.40966797 0.8979492 0.16015625
vn 0.40966797 0.8979492 0.16015625
vn 0.40966797 0.8979492 0.16015625
vn 0.082458496 0.99560547 -0.040649414
vn 0.082458496 0.99560547 -0.040649414
vn 0.082458496 0.99560547 -0.040649414
vn 0.42016602 0.89941406 0.12207031
vn 0.42016602 0.89941406 0.12207031
vn 0.42016602 0.89941406 0.12207031
vn -0.30639648 0.14489746 -0.94091797
vn -0.30639648 0.14489746 -0.94091797
vn -0.30639648 0.14489746 -0.94091797
vn -0.02017212 0.8720703 -0.4885254
vn -0.02017212 0.8720703 -0.4885254
vn -0.02017212 0.8720703 -0.4885254
vn 0.8286133 0.19274902 -0.5253906
vn 0.8286133 0.19274902 -0.5253906
vn 0.8286133 0.19274902 -0.5253906
vn 0.78125 0.05886841 -0.62109375
vn 0.78125 0.05886841 -0.62109375
vn 0.78125 0.05886841 -0.62109375
vn -0.99560547 0.0011863708 -0.095214844
vn -0.99560547 0.0011863708 -0.095214844
vn -0.99560547 0.0011863708 -0.095214844
vn -0.99365234 -0.010040283 0.1105957
vn -0.99365234 -0.010040283 0.1105957
vn -0.99365234 -0.010040283 0.1105957
vn 0.2487793 0.39941406 -0.8823242
vn 0.2487793 0.39941406 -0.8823242
vn 0.2487793 0.39941406 -0.8823242
vn 0.96533203 0.04537964 0.25634766
vn 0.96533203 0.04537964 0.25634766
vn 0.96533203 0.04537964 0.25634766
vn 0.35180664 0.92529297 0.14233398
vn 0.35180664 0.92529297 0.14233398
vn 0.35180664 0.92529297 0.14233398
vn 0.58496094 0.06604004 -0.80859375
vn 0.58496094 0.06604004 -0.80859375
vn 0.58496094 0.06604004 -0.80859375
vn -0.7426758 0.41796875 -0.5234375
vn -0.7426758 0.41796875 -0.5234375
vn -0.7426758 0.41796875 -0.5234375
vn -0.014511108 0.04751587 -0.99853516
vn -0.014511108 0.04751587 -0.99853516
vn -0.020507812 0.045532227 -0.99853516
vn -0.020507812 0.045532227 -0.99853516
vn -0.020507812 0.045532227 -0.99853516
vn -0.020507812 0.045532227 -0.99853516
vn -0.10913086 0.9902344 -0.08795166
vn -0.10913086 0.9902344 -0.08795166
vn -0.10913086 0.9902344 -0.08795166
vn 0.03286743 0.99902344 0.027145386
vn 0.03286743 0.99902344 0.027145386
vn 0.03286743 0.99902344 0.027145386
vn 0.40966797 0.8979492 0.16015625
vn 0.40966797 0.8979492 0.16015625
vn 0.40966797 0.8979492 0.16015625
vn 0.10797119 0.99365234 -0.03817749
vn 0.10797119 0.99365234 -0.03817749
vn 0.10797119 0.99365234 -0.03817749
vn 0.42016602 0.89941406 0.12207031
vn 0.42016602 0.89941406 0.12207031
vn 0.42016602 0.89941406 0.12207031
vn -0.30639648 0.14489746 -0.94091797
vn -0.30639648 0.14489746 -0.94091797
vn -0.30639648 0.14489746 -0.94091797
vn -0.02017212 0.8720703 -0.4885254
vn -0.02017212 0.8720703 -0.4885254
vn -0.02017212 0.8720703 -0.4885254
vn 0.8286133 0.19274902 -0.5258789
vn 0.8286133 0.19274902 -0.5258789
vn 0.8286133 0.19274902 -0.5258789
vn 0.78125 0.05886841 -0.62109375
vn 0.78125 0.05886841 -0.62109375
vn 0.78125 0.05886841 -0.62109375
vn -0.99560547 0.0011816025 -0.095214844
vn -0.99560547 0.0011816025 -0.095214844
vn -0.99560547 0.0011816025 -0.095214844
vn -0.99365234 -0.010040283 0.1105957
vn -0.99365234 -0.010040283 0.1105957
vn -0.99365234 -0.010040283 0.1105957
vn -0.7363281 0.546875 0.39819336
vn -0.7363281 0.546875 0.39819336
vn -0.7363281 0.546875 0.39819336
vn 0.24865723 0.39941406 -0.8823242
vn 0.24865723 0.39941406 -0.8823242
vn 0.24865723 0.39941406 -0.8823242
vn 0.96533203 0.04534912 0.25634766
vn 0.96533203 0.04534912 0.25634766
vn 0.96533203 0.04534912 0.25634766
vn 0.35180664 0.92529297 0.14233398
vn 0.35180664 0.92529297 0.14233398
vn 0.35180664 0.92529297 0.14233398
vn 0.58496094 0.06604004 -0.80859375
vn 0.58496094 0.06604004 -0.80859375
vn 0.58496094 0.06604004 -0.80859375
vn -0.7426758 0.41796875 -0.5234375
vn -0.7426758 0.41796875 -0.5234375
vn -0.7426758 0.41796875 -0.5234375
vn -0.014503479 0.04751587 -0.99853516
vn -0.014503479 0.04751587 -0.99853516
vn -0.020507812 0.045532227 -0.99853516
vn -0.020507812 0.045532227 -0.99853516
vn -0.020507812 0.045532227 -0.99853516
vn -0.020507812 0.045532227 -0.99853516
vn -0.10913086 0.9902344 -0.08795166
vn -0.10913086 0.9902344 -0.08795166
vn -0.10913086 0.9902344 -0.08795166
vn 0.03286743 0.99902344 0.027145386
vn 0.03286743 0.99902344 0.027145386
vn 0.03286743 0.99902344 0.027145386
vn 0.40966797 0.8979492 0.16015625
vn 0.40966797 0.8979492 0.16015625
vn 0.40966797 0.8979492 0.16015625
vn 0.082458496 0.99560547 0.040649414
vn 0.082458496 0.99560547 0.040649414
vn 0.082458496 0.99560547 0.040649414
vn 0.42016602 0.89941406 -0.12207031
vn 0.42016602 0.89941406 -0.12207031
vn 0.42016602 0.89941406 -0.12207031
vn -0.99560547 0.0011863708 0.095214844
vn -0.99560547 0.0011863708 0.095214844
vn -0.99560547 0.0011863708 0.095214844
vn -0.99365234 -0.010040283 -0.1105957
vn -0.99365234 -0.010040283 -0.1105957
vn -0.99365234 -0.010040283 -0.1105957
vn -0.7363281 0.546875 -0.39819336
vn -0.7363281 0.546875 -0.39819336
vn -0.7363281 0.546875 -0.39819336
vn -0.35546875 0.609375 -0.7084961
vn -0.35546875 0.609375 -0.7084961
vn -0.35546875 0.609375 -0.7084961
vn 0.2487793 0.39941406 0.8823242
vn 0.2487793 0.39941406 0.8823242
vn 0.2487793 0.39941406 0.8823242
vn 0.96533203 0.04534912 -0.25634766
vn 0.96533203 0.04534912 -0.25634766
vn 0.96533203 0.04534912 -0.25634766
vn 0.35180664 0.92529297 -0.14233398
vn 0.35180664 0.92529297 -0.14233398
vn 0.35180664 0.92529297 -0.14233398
vn 0.58496094 0.06604004 0.80859375
vn 0.58496094 0.06604004 0.80859375
vn 0.58496094 0.028778076 0.8105469
vn 0.58496094 0.028778076 0.8105469
vn 0.58496094 0.028778076 0.8105469
vn 0.58496094 0.028778076 0.8105469
vn -0.10913086 0.9902344 0.08795166
vn -0.10913086 0.9902344 0.08795166
vn -0.10913086 0.9902344 0.08795166
vn 0.03286743 0.99902344 -0.027145386
vn 0.03286743 0.99902344 -0.027145386
vn 0.03286743 0.99902344 -0.027145386
vn 0.40966797 0.8979492 -0.16015625
vn 0.40966797 0.8979492 -0.16015625
vn 0.40966797 0.8979492 -0.16015625
vn 0.082458496 0.99560547 0.040649414
vn 0.082458496 0.99560547 0.040649414
vn 0.082458496 0.99560547 0.040649414
vn 0.42016602 0.89941406 -0.12207031
vn 0.42016602 0.89941406 -0.12207031
vn 0.42016602 0.89941406 -0.12207031
vn -0.02017212 0.8720703 0.4885254
vn -0.02017212 0.8720703 0.4885254
vn -0.02017212 0.8720703 0.4885254
vn -0.99560547 0.0011882782 0.095214844
vn -0.99560547 0.0011882782 0.095214844
vn -0.99560547 0.0011882782 0.095214844
vn -0.99365234 -0.010040283 -0.1105957
vn -0.99365234 -0.010040283 -0.1105957
vn -0.99365234 -0.010040283 -0.1105957
vn -0.7363281 0.546875 -0.39819336
vn -0.7363281 0.546875 -0.39819336
vn -0.7363281 0.546875 -0.39819336
vn -0.35546875 0.609375 -0.7084961
vn -0.35546875 0.609375 -0.7084961
vn -0.35546875 0.609375 -0.7084961
vn 0.24865723 0.39941406 0.8823242
vn 0.24865723 0.39941406 0.8823242
vn 0.24865723 0.39941406 0.8823242
vn 0.96533203 0.04534912 -0.25634766
vn 0.96533203 0.04534912 -0.25634766
vn 0.96533203 0.04534912 -0.25634766
vn 0.35180664 0.92529297 -0.14233398
vn 0.35180664 0.92529297 -0.14233398
vn 0.35180664 0.92529297 -0.14233398
vn 0.58496094 0.06604004 0.80859375
vn 0.58496094 0.06604004 0.80859375
vn 0.58496094 0.028778076 0.8105469
vn 0.58496094 0.028778076 0.8105469
vn 0.58496094 0.028778076 0.8105469
vn 0.58496094 0.028778076 0.8105469
vn -0.7426758 0.41796875 0.5234375
vn -0.7426758 0.41796875 0.5234375
vn -0.7426758 0.41796875 0.5234375
vn -0.10913086 0.9902344 0.08795166
vn -0.10913086 0.9902344 0.08795166
vn -0.10913086 0.9902344 0.08795166
vn 0.03286743 0.99902344 -0.027145386
vn 0.03286743 0.99902344 -0.027145386
vn 0.03286743 0.99902344 -0.027145386
vn 0.40966797 0.8979492 -0.16015625
vn 0.40966797 0.8979492 -0.16015625
vn 0.40966797 0.8979492 -0.16015625
vn -0.082458496 0.99560547 -0.040649414
vn -0.082458496 0.99560547 -0.040649414
vn -0.082458496 0.99560547 -0.040649414
vn 0.30639648 0.14489746 -0.94091797
vn 0.30639648 0.14489746 -0.94091797
vn 0.30639648 0.14489746 -0.94091797
vn 0.02017212 0.8720703 -0.4885254
vn 0.02017212 0.8720703 -0.4885254
vn 0.02017212 0.8720703 -0.4885254
vn -0.8286133 0.19274902 -0.5258789
vn -0.8286133 0.19274902 -0.5258789
vn -0.8286133 0.19274902 -0.5258789
vn -0.78125 0.05886841 -0.62109375
vn -0.78125 0.05886841 -0.62109375
vn -0.78125 0.05886841 -0.62109375
vn 0.99560547 0.0011835098 -0.095214844
vn 0.99560547 0.0011835098 -0.095214844
vn 0.99560547 0.0011835098 -0.095214844
vn 0.99365234 -0.010040283 0.1105957
vn 0.99365234 -0.010040283 0.1105957
vn 0.99365234 -0.010040283 0.1105957
vn 0.7363281 0.546875 0.39819336
vn 0.7363281 0.546875 0.39819336
vn 0.7363281 0.546875 0.39819336
vn 0.35546875 0.609375 0.7084961
vn 0.35546875 0.609375 0.7084961
vn 0.35546875 0.609375 0.7084961
vn -0.24865723 0.39941406 -0.8823242
vn -0.24865723 0.39941406 -0.8823242
vn -0.24865723 0.39941406 -0.8823242
vn -0.96533203 0.04534912 0.25634766
vn -0.96533203 0.04534912 0.25634766
vn -0.96533203 0.04534912 0.25634766
vn -0.35180664 0.92529297 0.14233398
vn -0.35180664 0.92529297 0.14233398
vn -0.35180664 0.92529297 0.14233398
vn -0.58496094 0.06604004 -0.80859375
vn -0.58496094 0.06604004 -0.80859375
vn -0.58496094 0.06604004 -0.80859375
vn 0.7426758 0.41796875 -0.5234375
vn 0.7426758 0.41796875 -0.5234375
vn 0.7426758 0.41796875 -0.5234375
vn 0.014511108 0.04751587 -0.99853516
vn 0.020507812 0.045532227 -0.99853516
vn 0.014511108 0.04751587 -0.99853516
vn 0.020507812 0.045532227 -0.99853516
vn 0.020507812 0.045532227 -0.99853516
vn 0.020507812 0.045532227 -0.99853516
vn 0.10913086 0.9902344 -0.08795166
vn 0.10913086 0.9902344 -0.08795166
vn 0.10913086 0.9902344 -0.08795166
vn -0.03286743 0.99902344 0.027145386
vn -0.03286743 0.99902344 0.027145386
vn -0.03286743 0.99902344 0.027145386
vn -0.40966797 0.8979492 0.16015625
vn -0.40966797 0.8979492 0.16015625
vn -0.40966797 0.8979492 0.16015625
vn -0.082458496 0.99560547 0.040649414
vn -0.082458496 0.99560547 0.040649414
vn -0.082458496 0.99560547 0.040649414
vn -0.42016602 0.89941406 -0.12207031
vn -0.42016602 0.89941406 -0.12207031
vn -0.42016602 0.89941406 -0.12207031
vn 0.99560547 0.0011835098 0.095214844
vn 0.99560547 0.0011835098 0.095214844
vn 0.99560547 0.0011835098 0.095214844
vn 0.99365234 -0.010040283 -0.1105957
vn 0.99365234 -0.010040283 -0.1105957
vn 0.99365234 -0.010040283 -0.1105957
vn 0.7363281 0.546875 -0.39819336
vn 0.7363281 0.546875 -0.39819336
vn 0.7363281 0.546875 -0.39819336
vn 0.35546875 0.609375 -0.7084961
vn 0.35546875 0.609375 -0.7084961
vn 0.35546875 0.609375 -0.7084961
vn -0.24865723 0.39941406 0.8823242
vn -0.24865723 0.39941406 0.8823242
vn -0.24865723 0.39941406 0.8823242
vn -0.96533203 0.04534912 -0.25634766
vn -0.96533203 0.04534912 -0.25634766
vn -0.96533203 0.04534912 -0.25634766
vn -0.35180664 0.92529297 -0.14233398
vn -0.35180664 0.92529297 -0.14233398
vn -0.35180664 0.92529297 -0.14233398
vn -0.58496094 0.06604004 0.80859375
vn -0.58496094 0.028762817 0.8105469
vn -0.58496094 0.06604004 0.80859375
vn -0.58496094 0.028762817 0.8105469
vn -0.58496094 0.028762817 0.8105469
vn -0.58496094 0.028762817 0.8105469
vn 0.7426758 0.41796875 0.5234375
vn 0.7426758 0.41796875 0.5234375
vn 0.7426758 0.41796875 0.5234375
vn 0.10913086 0.9902344 0.08795166
vn 0.10913086 0.9902344 0.08795166
vn 0.10913086 0.9902344 0.08795166
vn -0.03286743 0.99902344 -0.027145386
vn -0.03286743 0.99902344 -0.027145386
vn -0.03286743 0.99902344 -0.027145386
vn -0.40966797 0.8979492 -0.16015625
vn -0.40966797 0.8979492 -0.16015625
vn -0.40966797 0.8979492 -0.16015625
vn 0.11376953 0.9926758 -0.037597656
vn 0.11376953 0.9926758 -0.037597656
vn 0.11376953 0.9926758 -0.037597656
vn 0.42016602 0.89941406 0.12207031
vn 0.42016602 0.89941406 0.12207031
vn 0.42016602 0.89941406 0.12207031
vn -0.30639648 0.14489746 -0.94091797
vn -0.30639648 0.14489746 -0.94091797
vn -0.30639648 0.14489746 -0.94091797
vn -0.02017212 0.8720703 -0.4885254
vn -0.02017212 0.8720703 -0.4885254
vn -0.02017212 0.8720703 -0.4885254
vn 0.8286133 0.19274902 -0.5258789
vn 0.8286133 0.19274902 -0.5258789
vn 0.8286133 0.19274902 -0.5258789
vn 0.78125 0.05886841 -0.62109375
vn 0.78125 0.05886841 -0.62109375
vn 0.78125 0.05886841 -0.62109375
vn -0.99560547 0.0011882782 -0.095214844
vn -0.99560547 0.0011882782 -0.095214844
vn -0.99560547 0.0011882782 -0.095214844
vn -0.99365234 -0.010040283 0.1105957
vn -0.99365234 -0.010040283 0.1105957
vn -0.99365234 -0.010040283 0.1105957
vn 0.24865723 0.39941406 -0.8823242
vn 0.24865723 0.39941406 -0.8823242
vn 0.24865723 0.39941406 -0.8823242
vn 0.96533203 0.04534912 0.25634766
vn 0.96533203 0.04534912 0.25634766
vn 0.96533203 0.04534912 0.25634766
vn 0.35180664 0.92529297 0.14233398
vn 0.35180664 0.92529297 0.14233398
vn 0.35180664 0.92529297 0.14233398
vn 0.58496094 0.06604004 -0.80859375
vn 0.58496094 0.06604004 -0.80859375
vn 0.58496094 0.06604004 -0.80859375
vn -0.7426758 0.41796875 -0.5234375
vn -0.7426758 0.41796875 -0.5234375
vn -0.7426758 0.41796875 -0.5234375
vn -0.014511108 0.04751587 -0.99853516
vn -0.014511108 0.04751587 -0.99853516
vn -0.020507812 0.045532227 -0.99853516
vn -0.020507812 0.045532227 -0.99853516
vn -0.020507812 0.045532227 -0.99853516
vn -0.020507812 0.045532227 -0.99853516
vn -0.10913086 0.9902344 -0.08795166
vn -0.10913086 0.9902344 -0.08795166
vn -0.10913086 0.9902344 -0.08795166
vn 0.03286743 0.99902344 0.027145386
vn 0.03286743 0.99902344 0.027145386
vn 0.03286743 0.99902344 0.027145386
vn 0.40966797 0.8979492 0.16015625
vn 0.40966797 0.8979492 0.16015625
vn 0.40966797 0.8979492 0.16015625
vn 0.9091797 0.0713501 0.41064453
vn 0.9091797 0.0713501 0.41064453
vn 0.9091797 0.0713501 0.41064453
vn 0.9091797 0.0713501 0.41064453
vn 0.35473633 0.58447266 0.72998047
vn 0.35473633 0.58447266 0.72998047
vn 0.35473633 0.58447266 0.72998047
vn 0.35473633 0.58447266 0.72998047
vn 0.89208984 0.045684814 0.44970703
vn 0.89208984 0.045684814 0.44970703
vn 0.89208984 0.045684814 0.44970703
vn 0.89208984 0.045684814 0.44970703
vn 0.9946289 0.08068848 0.061920166
vn 0.9946289 0.08068848 0.061920166
vn 0.9946289 0.08068848 0.061920166
vn 0.9946289 0.08068848 0.061920166
vn 0.9511719 0.0030078888 -0.3088379
vn 0.9511719 0.0030078888 -0.3088379
vn 0.9511719 0.0030078888 -0.3088379
vn 0.9511719 0.0030078888 -0.3088379
vn 0.96191406 0.0368042 -0.27124023
vn 0.96191406 0.0368042 -0.27124023
vn 0.96191406 0.0368042 -0.27124023
vn 0.96191406 0.0368042 -0.27124023
vn 0.9614258 0.06945801 -0.26611328
vn 0.9614258 0.06945801 -0.26611328
vn 0.9614258 0.06945801 -0.26611328
vn 0.6220703 0.026489258 0.78271484
vn 0.6220703 0.026489258 0.78271484
vn 0.6220703 0.026489258 0.78271484
vn 0.6220703 0.026489258 0.78271484
vn 0.48779297 0.8730469 -0.0035133362
vn 0.48779297 0.8730469 -0.0035133362
vn 0.48779297 0.8730469 -0.0035133362
vn 0.48779297 0.8730469 -0.0035133362
vn 0.99316406 0.08026123 -0.08508301
vn 0.99316406 0.08026123 -0.08508301
vn 0.99316406 0.08026123 -0.08508301
vn 0.99316406 0.08026123 -0.08508301
vn 0.28735352 0.047607422 -0.95654297
vn 0.28735352 0.047607422 -0.95654297
vn 0.28735352 0.047607422 -0.95654297
vn 0.28735352 0.047607422 -0.95654297
vn 0.18786621 0.7788086 -0.5986328
vn 0.18786621 0.7788086 -0.5986328
vn 0.18786621 0.7788086 -0.5986328
vn 0.18786621 0.7788086 -0.5986328
vn -0.2680664 0.10418701 -0.95751953
vn -0.2680664 0.10418701 -0.95751953
vn -0.2680664 0.10418701 -0.95751953
vn -0.2680664 0.10418701 -0.95751953
vn 0.023712158 0.59228516 -0.80566406
vn 0.023712158 0.59228516 -0.80566406
vn 0.023712158 0.59228516 -0.80566406
vn 0.023712158 0.59228516 -0.80566406
vn -0.007709503 0.011695862 -1
vn -0.007709503 0.011695862 -1
vn -0.007709503 0.011695862 -1
vn -0.007709503 0.011695862 -1
vn -0.8413086 0.10021973 -0.53125
vn -0.8413086 0.10021973 -0.53125
vn -0.8413086 0.10021973 -0.53125
vn -0.8413086 0.10021973 -0.53125
vn 0.25830078 0.0060577393 -0.9658203
vn 0.25830078 0.0060577393 -0.9658203
vn 0.25830078 0.0060577393 -0.9658203
vn 0.25830078 0.0060577393 -0.9658203
vn -0.048431396 -0.022827148 -0.99853516
vn -0.048431396 -0.022827148 -0.99853516
vn -0.048431396 -0.022827148 -0.99853516
vn -0.048431396 -0.022827148 -0.99853516
vn -0.028884888 0.4572754 -0.8886719
vn -0.028884888 0.4572754 -0.8886719
vn -0.028884888 0.4572754 -0.8886719
vn -0.028884888 0.4572754 -0.8886719
vn -1 0.01637268 0.009117126
vn -1 0.01637268 0.009117126
vn -1 0.01637268 0.009117126
vn -1 0.01637268 0.009117126
vn -0.0082473755 0.9926758 0.12005615
vn -0.0082473755 0.9926758 0.12005615
vn -0.0082473755 0.9926758 0.12005615
vn -0.0082473755 0.9926758 0.12005615
vn -0.04434204 0.98876953 0.14123535
vn -0.04434204 0.98876953 0.14123535
vn -0.04434204 0.98876953 0.14123535
vn 0.05444336 0.99853516 -0.017730713
vn 0.05444336 0.99853516 -0.017730713
vn 0.05444336 0.99853516 -0.017730713
vn 0.05444336 0.99853516 -0.017730713
vn -0.9223633 0.3852539 -0.018035889
vn -0.9223633 0.3852539 -0.018035889
vn -0.9223633 0.3852539 -0.018035889
vn -0.9223633 0.3852539 -0.018035889
vn -0.9975586 0.06591797 -0.029891968
vn -0.9975586 0.06591797 -0.029891968
vn -0.9975586 0.06591797 -0.029891968
vn -0.9975586 0.06591797 -0.029891968
vn 0.010063171 0.9951172 0.09625244
vn 0.010063171 0.9951172 0.09625244
vn 0.010063171 0.9951172 0.09625244
vn 0.010063171 0.9951172 0.09625244
vn -0.9790039 0.09887695 -0.17749023
vn -0.9790039 0.09887695 -0.17749023
vn -0.9790039 0.09887695 -0.17749023
vn -0.9790039 0.09887695 -0.17749023
vn -0.9873047 0.04272461 0.15344238
vn -0.9873047 0.04272461 0.15344238
vn -0.9873047 0.04272461 0.15344238
vn -0.9873047 0.04272461 0.15344238
vn -0.5004883 0.85498047 0.13549805
vn -0.5004883 0.85498047 0.13549805
vn -0.5004883 0.85498047 0.13549805
vn -0.5004883 0.85498047 0.13549805
vn 0.29711914 0.94921875 0.10205078
vn 0.29711914 0.94921875 0.10205078
vn 0.29711914 0.94921875 0.10205078
vn 0.29711914 0.94921875 0.10205078
vn 0.99560547 0.08306885 0.040100098
vn 0.99560547 0.08306885 0.040100098
vn 0.99560547 0.08306885 0.040100098
vn 0.99560547 0.08306885 0.040100098
vn 0.049835205 0.77197266 -0.6333008
vn 0.049835205 0.77197266 -0.6333008
vn 0.049835205 0.77197266 -0.6333008
vn 0.049835205 0.77197266 -0.6333008
vn 0.18249512 0.96728516 0.17578125
vn 0.18249512 0.96728516 0.17578125
vn 0.18249512 0.96728516 0.17578125
vn 0.18249512 0.96728516 0.17578125
vn 0.9291992 0.049743652 0.36669922
vn 0.9291992 0.049743652 0.36669922
vn 0.9291992 0.049743652 0.36669922
vn 0.9291992 0.049743652 0.36669922
vn 0.11645508 0.9926758 -0.02960205
vn 0.11645508 0.9926758 -0.02960205
vn 0.11645508 0.9926758 -0.02960205
vn 0.11645508 0.9926758 -0.02960205
vn -0.55126953 0.81933594 -0.15771484
vn -0.55126953 0.81933594 -0.15771484
vn -0.55126953 0.81933594 -0.15771484
vn -0.55126953 0.81933594 -0.15771484
vn -0.043945312 0.0847168 -0.99560547
vn -0.043945312 0.0847168 -0.99560547
vn -0.043914795 0.0847168 -0.99560547
vn -0.043945312 0.0847168 -0.99560547
vn -0.0057144165 0.69140625 0.72216797
vn -0.0057144165 0.69140625 0.72216797
vn -0.0057144165 0.69140625 0.72216797
vn -0.0057144165 0.69140625 0.72216797
vn 0.023849487 0.6953125 0.7182617
vn 0.74316406 0.6694336 -0.009216309
vn 0.74316406 0.6694336 -0.009216309
vn 0.74316406 0.6694336 -0.009216309
vn 0.74316406 0.6694336 -0.009216309
vn -0.038360596 0.6870117 -0.72558594
vn -0.038360596 0.6870117 -0.72558594
vn -0.038360596 0.6870117 -0.72558594
vn -0.038360596 0.6870117 -0.72558594
vn -0.6201172 0.7841797 -0.02645874
vn -0.6201172 0.7841797 -0.02645874
vn -0.6201172 0.7841797 -0.02645874
vn -0.6201172 0.7841797 -0.02645874
vn -0.07122803 0.6875 0.72265625
vn -0.07122803 0.6875 0.72265625
vn -0.07122803 0.6875 0.72265625
vn -0.07122803 0.6875 0.72265625
vn -0.77001953 0.6347656 -0.06512451
vn -0.77001953 0.6347656 -0.06512451
vn -0.77001953 0.6347656 -0.06512451
vn -0.77001953 0.6347656 -0.06512451
vn -0.9091797 0.0713501 0.41064453
vn -0.9091797 0.0713501 0.41064453
vn -0.9091797 0.0713501 0.41064453
vn -0.9091797 0.0713501 0.41064453
vn -0.35473633 0.58447266 0.72998047
vn -0.35473633 0.58447266 0.72998047
vn -0.35473633 0.58447266 0.72998047
vn -0.35473633 0.58447266 0.72998047
vn -0.89208984 0.045684814 0.44970703
vn -0.89208984 0.045684814 0.44970703
vn -0.89208984 0.045684814 0.44970703
vn -0.89208984 0.045684814 0.44970703
vn -0.9946289 0.08068848 0.061920166
vn -0.9946289 0.08068848 0.061920166
vn -0.9946289 0.08068848 0.061920166
vn -0.9946289 0.08068848 0.061920166
vn -0.9511719 0.0030078888 -0.3088379
vn -0.9511719 0.0030078888 -0.3088379
vn -0.9511719 0.0030078888 -0.3088379
vn -0.9511719 0.0030078888 -0.3088379
vn -0.96191406 0.0368042 -0.27124023
vn -0.96191406 0.0368042 -0.27124023
vn -0.96191406 0.0368042 -0.27124023
vn -0.96191406 0.0368042 -0.27124023
vn -0.9614258 0.06945801 -0.26611328
vn -0.9614258 0.06945801 -0.26611328
vn -0.9614258 0.06945801 -0.26611328
vn -0.6220703 0.026489258 0.78271484
vn -0.6220703 0.026489258 0.78271484
vn -0.6220703 0.026489258 0.78271484
vn -0.6220703 0.026489258 0.78271484
vn -0.48779297 0.8730469 -0.0035133362
vn -0.48779297 0.8730469 -0.0035133362
vn -0.48779297 0.8730469 -0.0035133362
vn -0.48779297 0.8730469 -0.0035133362
vn -0.99316406 0.08026123 -0.08508301
vn -0.99316406 0.08026123 -0.08508301
vn -0.99316406 0.08026123 -0.08508301
vn -0.99316406 0.08026123 -0.08508301
vn -0.28735352 0.047607422 -0.95654297
vn -0.28735352 0.047607422 -0.95654297
vn -0.28735352 0.047607422 -0.95654297
vn -0.28735352 0.047607422 -0.95654297
vn -0.18786621 0.7788086 -0.5986328
vn -0.18786621 0.7788086 -0.5986328
vn -0.18786621 0.7788086 -0.5986328
vn -0.18786621 0.7788086 -0.5986328
vn 0.2680664 0.10418701 -0.95751953
vn 0.2680664 0.10418701 -0.95751953
vn 0.2680664 0.10418701 -0.95751953
vn 0.2680664 0.10418701 -0.95751953
vn -0.023712158 0.59228516 -0.80566406
vn -0.023712158 0.59228516 -0.80566406
vn -0.023712158 0.59228516 -0.80566406
vn -0.023712158 0.59228516 -0.80566406
vn 0.007713318 0.011695862 -1
vn 0.007713318 0.011695862 -1
vn 0.007713318 0.011695862 -1
vn 0.007713318 0.011695862 -1
vn 0.8413086 0.10021973 -0.53125
vn 0.8413086 0.10021973 -0.53125
vn 0.8413086 0.10021973 -0.53125
vn 0.8413086 0.10021973 -0.53125
vn -0.25830078 0.0060577393 -0.9658203
vn -0.25830078 0.0060577393 -0.9658203
vn -0.25830078 0.0060577393 -0.9658203
vn -0.25830078 0.0060577393 -0.9658203
vn 0.048431396 -0.022827148 -0.99853516
vn 0.048431396 -0.022827148 -0.99853516
vn 0.048431396 -0.022827148 -0.99853516
vn 0.048431396 -0.022827148 -0.99853516
vn 0.028884888 0.4572754 -0.8886719
vn 0.028884888 0.4572754 -0.8886719
vn 0.028884888 0.4572754 -0.8886719
vn 0.028884888 0.4572754 -0.8886719
vn 1 0.01637268 0.009117126
vn 1 0.01637268 0.009117126
vn 1 0.01637268 0.009117126
vn 1 0.01637268 0.009117126
vn 0.0082473755 0.9926758 0.12005615
vn 0.0082473755 0.9926758 0.12005615
vn 0.0082473755 0.9926758 0.12005615
vn 0.0082473755 0.9926758 0.12005615
vn 0.04434204 0.98876953 0.14123535
vn 0.04434204 0.98876953 0.14123535
vn 0.04434204 0.98876953 0.14123535
vn -0.05444336 0.99853516 -0.017730713
vn -0.05444336 0.99853516 -0.017730713
vn -0.05444336 0.99853516 -0.017730713
vn -0.05444336 0.99853516 -0.017730713
vn 0.9223633 0.3852539 -0.018035889
vn 0.9223633 0.3852539 -0.018035889
vn 0.9223633 0.3852539 -0.018035889
vn 0.9223633 0.3852539 -0.018035889
vn 0.9975586 0.06591797 -0.029891968
vn 0.9975586 0.06591797 -0.029891968
vn 0.9975586 0.06591797 -0.029891968
vn 0.9975586 0.06591797 -0.029891968
vn -0.010063171 0.9951172 0.09625244
vn -0.010063171 0.9951172 0.09625244
vn -0.010063171 0.9951172 0.09625244
vn -0.010063171 0.9951172 0.09625244
vn 0.9790039 0.09887695 -0.17749023
vn 0.9790039 0.09887695 -0.17749023
vn 0.9790039 0.09887695 -0.17749023
vn 0.9790039 0.09887695 -0.17749023
vn 0.7607422 0.6489258 0.021759033
vn 0.7607422 0.6489258 0.021759033
vn 0.7607422 0.6489258 0.021759033
vn 0.7607422 0.6489258 0.021759033
vn 0.8330078 0.08190918 0.5473633
vn 0.8330078 0.08190918 0.5473633
vn 0.8330078 0.08190918 0.5473633
vn 0.8330078 0.08190918 0.5473633
vn 0.9995117 0.019836426 0.026992798
vn 0.9995117 0.019836426 0.026992798
vn 0.9995117 0.019836426 0.026992798
vn 0.9995117 0.019836426 0.026992798
vn 0.9873047 0.04272461 0.15344238
vn 0.9873047 0.04272461 0.15344238
vn 0.9873047 0.04272461 0.15344238
vn 0.9873047 0.04272461 0.15344238
vn 0.5004883 0.85498047 0.13549805
vn 0.5004883 0.85498047 0.13549805
vn 0.5004883 0.85498047 0.13549805
vn 0.5004883 0.85498047 0.13549805
vn -0.29711914 0.94921875 0.10205078
vn -0.29711914 0.94921875 0.10205078
vn -0.29711914 0.94921875 0.10205078
vn -0.29711914 0.94921875 0.10205078
vn -0.99560547 0.08306885 0.040100098
vn -0.99560547 0.08306885 0.040100098
vn -0.99560547 0.08306885 0.040100098
vn -0.99560547 0.08306885 0.040100098
vn -0.049835205 0.77197266 -0.6333008
vn -0.049835205 0.77197266 -0.6333008
vn -0.049835205 0.77197266 -0.6333008
vn -0.049835205 0.77197266 -0.6333008
vn -0.18249512 0.96728516 0.17578125
vn -0.18249512 0.96728516 0.17578125
vn -0.18249512 0.96728516 0.17578125
vn -0.18249512 0.96728516 0.17578125
vn -0.9291992 0.049743652 0.36669922
vn -0.9291992 0.049743652 0.36669922
vn -0.9291992 0.049743652 0.36669922
vn -0.9291992 0.049743652 0.36669922
vn -0.11645508 0.9926758 -0.02960205
vn -0.11645508 0.9926758 -0.02960205
vn -0.11645508 0.9926758 -0.02960205
vn -0.11645508 0.9926758 -0.02960205
vn 0.55126953 0.81933594 -0.15771484
vn 0.55126953 0.81933594 -0.15771484
vn 0.55126953 0.81933594 -0.15771484
vn 0.55126953 0.81933594 -0.15771484
vn 0.043945312 0.0847168 -0.99560547
vn 0.043945312 0.0847168 -0.99560547
vn 0.043945312 0.0847168 -0.99560547
vn 0.043945312 0.0847168 -0.99560547
vn 0.0057144165 0.69140625 0.72216797
vn 0.0057144165 0.69140625 0.72216797
vn 0.0057144165 0.69140625 0.72216797
vn 0.0057144165 0.69140625 0.72216797
vn -0.023712158 0.6953125 0.7182617
vn -0.74316406 0.6694336 -0.009216309
vn -0.74316406 0.6694336 -0.009216309
vn -0.74316406 0.6694336 -0.009216309
vn -0.74316406 0.6694336 -0.009216309
vn 0.038360596 0.6870117 -0.72558594
vn 0.038360596 0.6870117 -0.72558594
vn 0.038360596 0.6870117 -0.72558594
vn 0.038360596 0.6870117 -0.72558594
vn 0.6201172 0.7841797 -0.02645874
vn 0.6201172 0.7841797 -0.02645874
vn 0.6201172 0.7841797 -0.02645874
vn 0.6201172 0.7841797 -0.02645874
vn 0.07122803 0.6875 0.72265625
vn 0.07122803 0.6875 0.72265625
vn 0.07122803 0.6875 0.72265625
vn 0.07122803 0.6875 0.72265625
vn 0.77001953 0.6347656 -0.06512451
vn 0.77001953 0.6347656 -0.06512451
vn 0.77001953 0.6347656 -0.06512451
vn 0.77001953 0.6347656 -0.06512451
vn -0 1 0
vn -0 1 0
vn -0 1 0
vn -0 1 0
vn -0 1 0
vn -0 1 0
vn -0 1 0
vn -0 1 0
vn -0 1 0
vn -0 1 0
vn 0.009300232 0.5776367 -0.81640625
vn 0.009300232 0.5776367 -0.81640625
vn 0.009300232 0.5776367 -0.81640625
vn 0.009300232 0.5776367 -0.81640625
vn -0.7963867 0.60302734 -0.04663086
vn -0.7963867 0.60302734 -0.04663086
vn -0.7963867 0.60302734 -0.04663086
vn -0.7963867 0.60302734 -0.04663086
vn -0.61376953 0.6503906 0.44750977
vn -0.61376953 0.6503906 0.44750977
vn -0.61376953 0.6503906 0.44750977
vn -0.61376953 0.6503906 0.44750977
vn 0.96191406 0.27270508 0
vn 0.96191406 0.27270508 0
vn 0.96191406 0.27270508 0
vn 0.96191406 0.27270508 0
vn 0.44726562 0 -0.89453125
vn 0.44726562 0 -0.89453125
vn 0.44726562 0 -0.89453125
vn 0.44726562 0 -0.89453125
vn -0.22375488 0 -0.9746094
vn -0.22375488 0 -0.9746094
vn -0.22375488 0 -0.9746094
vn -0.22375488 0 -0.9746094
vn -0.14111328 0.9892578 -0.037963867
vn -0.14111328 0.9892578 -0.037963867
vn -0.14111328 0.9892578 -0.037963867
vn -0.14111328 0.9892578 -0.037963867
vn 0.02381897 0.0005559921 -0.9995117
vn 0.02381897 0.0005559921 -0.9995117
vn 0.02381897 0.0005559921 -0.9995117
vn 0.02381897 0.0005559921 -0.9995117
vn -0.009719849 0 -1
vn -0.009719849 0 -1
vn -0.009719849 0 -1
vn -0.009719849 0 -1
vn 0.012390137 0 -1
vn 0.012390137 0 -1
vn 0.012390137 0 -1
vn 0.012390137 0 -1
vn 0.3359375 0.5957031 -0.72998047
vn 0.3359375 0.5957031 -0.72998047
vn 0.3359375 0.5957031 -0.72998047
vn 0.3359375 0.5957031 -0.72998047
vn 0.21606445 0.49267578 0.84277344
vn 0.21606445 0.49267578 0.84277344
vn 0.21606445 0.49267578 0.84277344
vn 0.21606445 0.49267578 0.84277344
vn -0.043151855 0.6455078 0.7626953
vn -0.043151855 0.6455078 0.7626953
vn -0.043151855 0.6455078 0.7626953
vn -0.043151855 0.6455078 0.7626953
vn -0.16564941 0.59814453 -0.7841797
vn -0.16564941 0.59814453 -0.7841797
vn -0.16564941 0.59814453 -0.7841797
vn -0.16564941 0.59814453 -0.7841797
vn 0.064819336 0.63964844 0.7661133
vn 0.064819336 0.63964844 0.7661133
vn 0.064819336 0.63964844 0.7661133
vn 0.064819336 0.63964844 0.7661133
vn -0.03640747 0.5722656 -0.81933594
vn -0.03640747 0.5722656 -0.81933594
vn -0.03640747 0.5722656 -0.81933594
vn -0.03640747 0.5722656 -0.81933594
vn -0.007045746 0.6201172 -0.7841797
vn -0.007045746 0.6201172 -0.7841797
vn -0.007045746 0.6201172 -0.7841797
vn -0.007045746 0.6201172 -0.7841797
vn 0.7241211 0.47509766 0.5
vn 0.7241211 0.47509766 0.5
vn 0.7241211 0.47509766 0.5
vn 0.7241211 0.47509766 0.5
vn -0 1 0
vn -0 1 0
vn -0 1 0
vn -0 1 0
vn -0 1 0
vn -0 1 0
vn -0 1 0
vn 0.3684082 0.66503906 -0.64941406
vn 0.3684082 0.66503906 -0.64941406
vn 0.3684082 0.66503906 -0.64941406
vn 0.3684082 0.66503906 -0.64941406
vn -0.9213867 0.38549805 -0.05227661
vn -0.9213867 0.38549805 -0.05227661
vn -0.9213867 0.38549805 -0.05227661
vn -0.9213867 0.38549805 -0.05227661
vn -0.3581543 0.66503906 0.65527344
vn -0.3581543 0.66503906 0.65527344
vn -0.3581543 0.66503906 0.65527344
vn -0.3581543 0.66503906 0.65527344
vn 0.7426758 0.66845703 0.03945923
vn 0.7426758 0.66845703 0.03945923
vn 0.7426758 0.66845703 0.03945923
vn 0.7426758 0.66845703 0.03945923
vn -0.22668457 0.9741211 -0.009429932
vn -0.22668457 0.9741211 -0.009429932
vn -0.22668457 0.9741211 -0.009429932
vn -0.22668457 0.9741211 -0.009429932
vn -0.4873047 0 -0.8730469
vn -0.4873047 0 -0.8730469
vn -0.4873047 0 -0.8730469
vn -0.4873047 0 -0.8730469
vn -0.15136719 0 -0.98828125
vn -0.15136719 0 -0.98828125
vn -0.15136719 0 -0.98828125
vn -0.15136719 0 -0.98828125
vn 0.45532227 0 -0.8901367
vn 0.45532227 0 -0.8901367
vn 0.45532227 0 -0.8901367
vn 0.45532227 0 -0.8901367
vn -0.99853516 0 -0.053131104
vn -0.99853516 0 -0.053131104
vn -0.99853516 0 -0.053131104
vn -0.99853516 0 -0.053131104
vn 0.99853516 0 0.049865723
vn 0.99853516 0 0.049865723
vn 0.99853516 0 0.049865723
vn 0.99853516 0 0.049865723
vn 0.34765625 0.60546875 0.7158203
vn 0.34765625 0.60546875 0.7158203
vn 0.34765625 0.60546875 0.7158203
vn 0.34765625 0.60546875 0.7158203
vn 0.057159424 0.61621094 0.78564453
vn 0.057159424 0.61621094 0.78564453
vn 0.057159424 0.61621094 0.78564453
vn 0.057159424 0.61621094 0.78564453
vn -0.46240234 0.6401367 -0.61328125
vn -0.46240234 0.6401367 -0.61328125
vn -0.46240234 0.6401367 -0.61328125
vn -0.46240234 0.6401367 -0.61328125
vn -0.12432861 0.6020508 -0.7885742
vn -0.12432861 0.6020508 -0.7885742
vn -0.12432861 0.6020508 -0.7885742
vn -0.12432861 0.6020508 -0.7885742
vn -0 1 0
vn -0 1 0
vn -0 1 0
vn -0 1 0
vn -0 1 0
vn -0 1 0
vn -0 1 0
vn -0 1 0
vn -0 1 0
vn 0.010604858 0.5786133 0.8154297
vn 0.010604858 0.5786133 0.8154297
vn 0.010604858 0.5786133 0.8154297
vn 0.010604858 0.5786133 0.8154297
vn -0.9326172 0.35766602 0.05001831
vn -0.9326172 0.35766602 0.05001831
vn -0.9326172 0.35766602 0.05001831
vn -0.9326172 0.35766602 0.05001831
vn -0.6948242 0.58740234 -0.41503906
vn -0.6948242 0.58740234 -0.41503906
vn -0.6948242 0.58740234 -0.41503906
vn -0.6948242 0.58740234 -0.41503906
vn 0.86279297 0.5058594 0
vn 0.86279297 0.5058594 0
vn 0.86279297 0.5058594 0
vn 0.86279297 0.5058594 0
vn 0.043670654 0.03036499 -0.99853516
vn 0.043670654 0.03036499 -0.99853516
vn 0.043670654 0.03036499 -0.99853516
vn 0.043670654 0.03036499 -0.99853516
vn 0.19140625 0 -0.9814453
vn 0.19140625 0 -0.9814453
vn 0.19140625 0 -0.9814453
vn 0.19140625 0 -0.9814453
vn -0.20361328 0 -0.9790039
vn -0.20361328 0 -0.9790039
vn -0.20361328 0 -0.9790039
vn -0.20361328 0 -0.9790039
vn -0.2919922 0.9536133 0.07196045
vn -0.2919922 0.9536133 0.07196045
vn -0.2919922 0.9536133 0.07196045
vn -0.2919922 0.9536133 0.07196045
vn -0.70947266 0 -0.70458984
vn -0.70947266 0 -0.70458984
vn -0.70947266 0 -0.70458984
vn -0.70947266 0 -0.70458984
vn 1 0 0
vn 1 0 0
vn 1 0 0
vn 1 0 0
vn 0.3630371 0.5888672 0.72216797
vn 0.3630371 0.5888672 0.72216797
vn 0.3630371 0.5888672 0.72216797
vn 0.3630371 0.5888672 0.72216797
vn 0.038726807 0.51953125 -0.8535156
vn 0.038726807 0.51953125 -0.8535156
vn 0.038726807 0.51953125 -0.8535156
vn 0.038726807 0.51953125 -0.8535156
vn 0.1496582 0.61083984 -0.77734375
vn 0.1496582 0.61083984 -0.77734375
vn 0.1496582 0.61083984 -0.77734375
vn 0.1496582 0.61083984 -0.77734375
vn -0.18041992 0.5966797 0.7817383
vn -0.18041992 0.5966797 0.7817383
vn -0.18041992 0.5966797 0.7817383
vn -0.18041992 0.5966797 0.7817383
vn -0.16369629 0.6542969 -0.73828125
vn -0.16369629 0.6542969 -0.73828125
vn -0.16369629 0.6542969 -0.73828125
vn -0.16369629 0.6542969 -0.73828125
vn -0.08630371 0.65185547 0.75341797
vn -0.08630371 0.65185547 0.75341797
vn -0.08630371 0.65185547 0.75341797
vn -0.08630371 0.65185547 0.75341797
vn -0.0076065063 0.6201172 0.78466797
vn -0.0076065063 0.6201172 0.78466797
vn -0.0076065063 0.6201172 0.78466797
vn -0.0076065063 0.6201172 0.78466797
vn 0.86621094 0 -0.5
vn 0.86621094 0 -0.5
vn 0.86621094 0 -0.5
vn 0.86621094 0 -0.5
vn -0 0 -1
vn -0 0 -1
vn -0 0 -1
vn -0 0 -1
vn -0.86621094 0 -0.5
vn -0.86621094 0 -0.5
vn -0.86621094 0 -0.5
vn -0.86621094 0 -0.5
vn 0.86621094 0 -0.49975586
vn 0.86621094 0 -0.49975586
vn 0.86621094 0 -0.49975586
vn 0.86621094 0 -0.49975586
vn -0 0 -1
vn -0 0 -1
vn -0 0 -1
vn -0 0 -1
vn -0.86621094 0 -0.49975586
vn -0.86621094 0 -0.49975586
vn -0.86621094 0 -0.49975586
vn -0.86621094 0 -0.49975586
vn 0.86572266 0 -0.5004883
vn 0.86572266 0 -0.5004883
vn 0.86572266 0 -0.5004883
vn 0.86572266 0 -0.5004883
vn -0 0 -1
vn -0 0 -1
vn -0 0 -1
vn -0 0 -1
vn -0.86621094 0 -0.5
vn -0.86621094 0 -0.5
vn -0.86621094 0 -0.5
vn -0.86621094 0 -0.5
vn 0.86621094 0 -0.49951172
vn 0.86621094 0 -0.49951172
vn 0.86621094 0 -0.49951172
vn 0.86621094 0 -0.49951172
vn -0 0 -1
vn -0 0 -1
vn -0 0 -1
vn -0 0 -1
vn -0.86621094 0 -0.5
vn -0.86621094 0 -0.5
vn -0.86621094 0 -0.5
vn -0.86621094 0 -0.5
vn 0.86621094 0 -0.49975586
vn 0.86621094 0 -0.49975586
vn 0.86621094 0 -0.49975586
vn 0.86621094 0 -0.49975586
vn -0 0 -1
vn -0 0 -1
vn -0 0 -1
vn -0 0 -1
vn -0.86621094 0 -0.49975586
vn -0.86621094 0 -0.49975586
vn -0.86621094 0 -0.49975586
vn -0.86621094 0 -0.49975586
vn 0.86621094 0 -0.5
vn 0.86621094 0 -0.5
vn 0.86621094 0 -0.5
vn 0.86621094 0 -0.5
vn -0 0 -1
vn -0 0 -1
vn -0 0 -1
vn -0 0 -1
vn -0.86621094 0 -0.5
vn -0.86621094 0 -0.5
vn -0.86621094 0 -0.5
vn -0.86621094 0 -0.5
vn 0.86572266 0 -0.5
vn 0.86572266 0 -0.5
vn 0.86572266 0 -0.5
vn 0.86572266 0 -0.5
vn -0 0 -1
vn -0 0 -1
vn -0 0 -1
vn -0 0 -1
vn -0.86572266 0 -0.50097656
vn -0.86572266 0 -0.50097656
vn -0.86572266 0 -0.50097656
vn -0.86572266 0 -0.50097656
vn 0.86621094 0 -0.49975586
vn 0.86621094 0 -0.49975586
vn 0.86621094 0 -0.49975586
vn 0.86621094 0 -0.49975586
vn -0 0 -1
vn -0 0 -1
vn -0 0 -1
vn -0 0 -1
vn -0.86621094 0 -0.49975586
vn -0.86621094 0 -0.49975586
vn -0.86621094 0 -0.49975586
vn -0.86621094 0 -0.49975586
vn 0.86572266 0 -0.5
vn 0.86572266 0 -0.5
vn 0.86572266 0 -0.5
vn 0.86572266 0 -0.5
vn -0 0 -1
vn -0 0 -1
vn -0 0 -1
vn -0 0 -1
vn -0.86572266 0 -0.5
vn -0.86572266 0 -0.5
vn -0.86572266 0 -0.5
vn -0.86572266 0 -0.5
vn -0.88134766 0.4724121 0.016082764
vn -0.88134766 0.4724121 0.016082764
vn -0.88134766 0.4724121 0.016082764
vn -0.88134766 0.4724121 0.016082764
vn -0 0 -1
vn -0 0 -1
vn -0 0 -1
vn -0 0 -1
vn -0.99121094 -0.06365967 -0.11651611
vn -0.99121094 -0.06365967 -0.11651611
vn -0.99121094 -0.06365967 -0.11651611
vn -0.99121094 -0.06365967 -0.11651611
vn -0 0.089660645 -0.99609375
vn -0 0.089660645 -0.99609375
vn -0 0.089660645 -0.99609375
vn -0 0.089660645 -0.99609375
vn -0.9975586 0.04208374 -0.052642822
vn -0.9975586 0.04208374 -0.052642822
vn -0.9975586 0.04208374 -0.052642822
vn -0.9975586 0.04208374 -0.052642822
vn 0.58740234 0.80029297 0.120666504
vn 0.58740234 0.80029297 0.120666504
vn 0.58740234 0.80029297 0.120666504
vn 0.58740234 0.80029297 0.120666504
vn 0.88134766 0.4724121 0.016082764
vn 0.88134766 0.4724121 0.016082764
vn 0.88134766 0.4724121 0.016082764
vn 0.88134766 0.4724121 0.016082764
vn -0 0 -1
vn -0 0 -1
vn -0 0 -1
vn -0 0 -1
vn 0.99121094 -0.06365967 -0.11651611
vn 0.99121094 -0.06365967 -0.11651611
vn 0.99121094 -0.06365967 -0.11651611
vn 0.99121094 -0.06365967 -0.11651611
vn -0 0.089660645 -0.99609375
vn -0 0.089660645 -0.99609375
vn -0 0.089660645 -0.99609375
vn -0 0.089660645 -0.99609375
vn 0.9975586 0.04208374 -0.052642822
vn 0.9975586 0.04208374 -0.052642822
vn 0.9975586 0.04208374 -0.052642822
vn 0.9975586 0.04208374 -0.052642822
vn -0.58740234 0.80029297 0.120666504
vn -0.58740234 0.80029297 0.120666504
vn -0.58740234 0.80029297 0.120666504
vn -0.58740234 0.80029297 0.120666504
vn 0.54052734 0.83740234 0.08068848
vn 0.54052734 0.83740234 0.08068848
vn 0.54052734 0.83740234 0.08068848
vn 0.54052734 0.83740234 0.08068848
vn 0.58496094 0.028778076 -0.8105469
vn 0.58496094 0.028778076 -0.8105469
vn 0.58496094 0.028778076 -0.8105469
vn 0.58496094 0.028778076 -0.8105469
vn 0.93603516 0.044128418 0.3491211
vn 0.93603516 0.044128418 0.3491211
vn 0.93603516 0.044128418 0.3491211
vn 0.93603516 0.044128418 0.3491211
vn 0.37158203 0.52734375 0.76416016
vn 0.37158203 0.52734375 0.76416016
vn 0.37158203 0.52734375 0.76416016
vn 0.37158203 0.52734375 0.76416016
vn 0.89160156 0.039794922 0.45141602
vn 0.89160156 0.039794922 0.45141602
vn 0.89160156 0.039794922 0.45141602
vn 0.89160156 0.039794922 0.45141602
vn 0.95410156 0.09857178 0.28271484
vn 0.95410156 0.09857178 0.28271484
vn 0.95410156 0.09857178 0.28271484
vn 0.95410156 0.09857178 0.28271484
vn 0.9375 0.03463745 -0.34643555
vn 0.9375 0.03463745 -0.34643555
vn 0.9375 0.03463745 -0.34643555
vn 0.9375 0.03463745 -0.34643555
vn 0.98046875 0.052093506 -0.19006348
vn 0.98046875 0.052093506 -0.19006348
vn 0.98046875 0.052093506 -0.19006348
vn 0.98046875 0.052093506 -0.19006348
vn 0.9741211 0.02822876 -0.22521973
vn 0.9741211 0.02822876 -0.22521973
vn 0.9741211 0.02822876 -0.22521973
vn 0.6958008 0.07043457 0.71484375
vn 0.6958008 0.07043457 0.71484375
vn 0.6958008 0.07043457 0.71484375
vn 0.6958008 0.07043457 0.71484375
vn 0.45288086 0.89160156 0.017547607
vn 0.45288086 0.89160156 0.017547607
vn 0.45288086 0.89160156 0.017547607
vn 0.45288086 0.89160156 0.017547607
vn 0.9921875 0.07550049 -0.10089111
vn 0.9921875 0.07550049 -0.10089111
vn 0.9921875 0.07550049 -0.10089111
vn 0.9921875 0.07550049 -0.10089111
vn 0.25097656 0.029693604 -0.96777344
vn 0.25097656 0.029693604 -0.96777344
vn 0.25097656 0.029693604 -0.96777344
vn 0.25097656 0.029693604 -0.96777344
vn 0.17932129 0.7573242 -0.6279297
vn 0.17932129 0.7573242 -0.6279297
vn 0.17932129 0.7573242 -0.6279297
vn 0.17932129 0.7573242 -0.6279297
vn -0.26513672 0.08508301 -0.9604492
vn -0.26513672 0.08508301 -0.9604492
vn -0.26513672 0.08508301 -0.9604492
vn -0.26513672 0.08508301 -0.9604492
vn 0.026229858 0.5336914 -0.84521484
vn 0.026229858 0.5336914 -0.84521484
vn 0.026229858 0.5336914 -0.84521484
vn 0.026229858 0.5336914 -0.84521484
vn -0.007648468 0.009666443 -1
vn -0.007648468 0.009666443 -1
vn -0.007648468 0.009666443 -1
vn -0.007648468 0.009666443 -1
vn -0.8515625 0.08239746 -0.5180664
vn -0.8515625 0.08239746 -0.5180664
vn -0.8515625 0.08239746 -0.5180664
vn -0.8515625 0.08239746 -0.5180664
vn 0.21130371 0.023590088 -0.9770508
vn 0.21130371 0.023590088 -0.9770508
vn 0.21130371 0.023590088 -0.9770508
vn 0.21130371 0.023590088 -0.9770508
vn 0.99902344 0.04071045 -0.023666382
vn 0.99902344 0.04071045 -0.023666382
vn 0.99902344 0.04071045 -0.023666382
vn 0.99902344 0.04071045 -0.023666382
vn -0.04840088 -0.019729614 -0.99853516
vn -0.04840088 -0.019729614 -0.99853516
vn -0.04840088 -0.019729614 -0.99853516
vn -0.04840088 -0.019729614 -0.99853516
vn 0.0023517609 0.609375 -0.79248047
vn 0.0023517609 0.609375 -0.79248047
vn 0.0023517609 0.609375 -0.79248047
vn 0.0023517609 0.609375 -0.79248047
vn -1 0.014221191 0.009117126
vn -1 0.014221191 0.009117126
vn -1 0.014221191 0.009117126
vn -1 0.014221191 0.009117126
vn -0.04333496 0.9580078 -0.2841797
vn -0.04333496 0.9580078 -0.2841797
vn -0.04333496 0.9580078 -0.2841797
vn -0.04333496 0.9580078 -0.2841797
vn -0.03390503 0.94873047 -0.3137207
vn -0.4033203 0.9145508 -0.026062012
vn -0.4033203 0.9145508 -0.026062012
vn -0.4033203 0.9145508 -0.026062012
vn -0.4033203 0.9145508 -0.026062012
vn -0.89404297 0.4482422 -0.006629944
vn -0.89404297 0.4482422 -0.006629944
vn -0.89404297 0.4482422 -0.006629944
vn -0.89404297 0.4482422 -0.006629944
vn -0.99902344 0.044311523 -0.020202637
vn -0.99902344 0.044311523 -0.020202637
vn -0.99902344 0.044311523 -0.020202637
vn -0.99902344 0.044311523 -0.020202637
vn 0.03173828 0.9091797 0.41479492
vn 0.03173828 0.9091797 0.41479492
vn 0.03173828 0.9091797 0.41479492
vn 0.03173828 0.9091797 0.41479492
vn -0.98046875 0.078430176 -0.18139648
vn -0.98046875 0.078430176 -0.18139648
vn -0.98046875 0.078430176 -0.18139648
vn -0.98046875 0.078430176 -0.18139648
vn -0.8051758 0.59228516 0.023117065
vn -0.8051758 0.59228516 0.023117065
vn -0.8051758 0.59228516 0.023117065
vn -0.8051758 0.59228516 0.023117065
vn -0.8251953 0.06933594 0.5605469
vn -0.8251953 0.06933594 0.5605469
vn -0.8251953 0.06933594 0.5605469
vn -0.8251953 0.06933594 0.5605469
vn -0.9995117 0.01689148 0.026535034
vn -0.9995117 0.01689148 0.026535034
vn -0.9995117 0.01689148 0.026535034
vn -0.9995117 0.01689148 0.026535034
vn -0.98779297 0.035247803 0.15185547
vn -0.98779297 0.035247803 0.15185547
vn -0.98779297 0.035247803 0.15185547
vn -0.98779297 0.035247803 0.15185547
vn -0.5546875 0.8183594 0.15026855
vn -0.5546875 0.8183594 0.15026855
vn -0.5546875 0.8183594 0.15026855
vn -0.5546875 0.8183594 0.15026855
vn 0.33911133 0.93359375 0.11651611
vn 0.33911133 0.93359375 0.11651611
vn 0.33911133 0.93359375 0.11651611
vn 0.33911133 0.93359375 0.11651611
vn 0.9970703 0.06732178 0.037322998
vn 0.9970703 0.06732178 0.037322998
vn 0.9970703 0.06732178 0.037322998
vn 0.9970703 0.06732178 0.037322998
vn 0.6821289 0.71191406 0.16687012
vn 0.6821289 0.71191406 0.16687012
vn 0.6821289 0.71191406 0.16687012
vn 0.6821289 0.71191406 0.16687012
vn 0.9291992 0.042877197 0.36694336
vn 0.9291992 0.042877197 0.36694336
vn 0.9291992 0.042877197 0.36694336
vn 0.9291992 0.042877197 0.36694336
vn 0.40649414 0.9135742 0.0066986084
vn 0.40649414 0.9135742 0.0066986084
vn 0.40649414 0.9135742 0.0066986084
vn 0.40649414 0.9135742 0.0066986084
vn -0.60595703 0.7763672 -0.17321777
vn -0.60595703 0.7763672 -0.17321777
vn -0.60595703 0.7763672 -0.17321777
vn -0.60595703 0.7763672 -0.17321777
vn -0.02494812 0.99902344 -0.0390625
vn -0.02494812 0.99902344 -0.0390625
vn -0.02494812 0.99902344 -0.0390625
vn -0.02494812 0.99902344 -0.0390625
vn 0.46679688 0.8198242 -0.3317871
vn 0.46679688 0.8198242 -0.3317871
vn 0.46679688 0.8198242 -0.3317871
vn 0.46679688 0.8198242 -0.3317871
vn 0.54052734 0.83740234 0.08068848
vn 0.54052734 0.83740234 0.08068848
vn 0.54052734 0.83740234 0.08068848
vn 0.54052734 0.83740234 0.08068848
vn 0.58496094 0.028778076 -0.8105469
vn 0.58496094 0.028778076 -0.8105469
vn 0.58496094 0.028778076 -0.8105469
vn 0.58496094 0.028778076 -0.8105469
vn 0.93603516 0.044128418 0.3491211
vn 0.93603516 0.044128418 0.3491211
vn 0.93603516 0.044128418 0.3491211
vn 0.93603516 0.044128418 0.3491211
vn 0.37158203 0.52734375 0.76416016
vn 0.37158203 0.52734375 0.76416016
vn 0.37158203 0.52734375 0.76416016
vn 0.37158203 0.52734375 0.76416016
vn 0.89160156 0.039794922 0.45141602
vn 0.89160156 0.039794922 0.45141602
vn 0.89160156 0.039794922 0.45141602
vn 0.89160156 0.039794922 0.45141602
vn 0.95410156 0.09857178 0.28271484
vn 0.95410156 0.09857178 0.28271484
vn 0.95410156 0.09857178 0.28271484
vn 0.95410156 0.09857178 0.28271484
vn 0.9375 0.03466797 -0.34643555
vn 0.9375 0.03466797 -0.34643555
vn 0.9375 0.03466797 -0.34643555
vn 0.9375 0.03466797 -0.34643555
vn 0.98046875 0.052093506 -0.19006348
vn 0.98046875 0.052093506 -0.19006348
vn 0.98046875 0.052093506 -0.19006348
vn 0.98046875 0.052093506 -0.19006348
vn 0.9741211 0.02822876 -0.22521973
vn 0.9741211 0.02822876 -0.22521973
vn 0.9741211 0.02822876 -0.22521973
vn 0.6958008 0.07043457 0.71484375
vn 0.6958008 0.07043457 0.71484375
vn 0.6958008 0.07043457 0.71484375
vn 0.6958008 0.07043457 0.71484375
vn 0.45288086 0.89160156 0.017547607
vn 0.45288086 0.89160156 0.017547607
vn 0.45288086 0.89160156 0.017547607
vn 0.45288086 0.89160156 0.017547607
vn 0.9921875 0.07550049 -0.10089111
vn 0.9921875 0.07550049 -0.10089111
vn 0.9921875 0.07550049 -0.10089111
vn 0.9921875 0.07550049 -0.10089111
vn 0.25097656 0.029693604 -0.96777344
vn 0.25097656 0.029693604 -0.96777344
vn 0.25097656 0.029693604 -0.96777344
vn 0.25097656 0.029693604 -0.96777344
vn 0.17932129 0.7573242 -0.6279297
vn 0.17932129 0.7573242 -0.6279297
vn 0.17932129 0.7573242 -0.6279297
vn 0.17932129 0.7573242 -0.6279297
vn -0.26513672 0.08508301 -0.9604492
vn -0.26513672 0.08508301 -0.9604492
vn -0.26513672 0.08508301 -0.9604492
vn -0.26513672 0.08508301 -0.9604492
vn 0.026229858 0.5336914 -0.84521484
vn 0.026229858 0.5336914 -0.84521484
vn 0.026229858 0.5336914 -0.84521484
vn 0.026229858 0.5336914 -0.84521484
vn -0.0076522827 0.009666443 -1
vn -0.0076522827 0.009666443 -1
vn -0.0076522827 0.009666443 -1
vn -0.0076522827 0.009666443 -1
vn -0.8515625 0.08239746 -0.5180664
vn -0.8515625 0.08239746 -0.5180664
vn -0.8515625 0.08239746 -0.5180664
vn -0.8515625 0.08239746 -0.5180664
vn 0.21142578 0.023590088 -0.9770508
vn 0.21142578 0.023590088 -0.9770508
vn 0.21142578 0.023590088 -0.9770508
vn 0.21142578 0.023590088 -0.9770508
vn 0.99902344 0.04071045 -0.023666382
vn 0.99902344 0.04071045 -0.023666382
vn 0.99902344 0.04071045 -0.023666382
vn 0.99902344 0.04071045 -0.023666382
vn -0.04840088 -0.019744873 -0.99853516
vn -0.04840088 -0.019744873 -0.99853516
vn -0.04840088 -0.019744873 -0.99853516
vn -0.04840088 -0.019744873 -0.99853516
vn 0.0023517609 0.609375 -0.79248047
vn 0.0023517609 0.609375 -0.79248047
vn 0.0023517609 0.609375 -0.79248047
vn 0.0023517609 0.609375 -0.79248047
vn -1 0.014221191 0.009117126
vn -1 0.014221191 0.009117126
vn -1 0.014221191 0.009117126
vn -1 0.014221191 0.009117126
vn -0.04333496 0.9580078 -0.2841797
vn -0.04333496 0.9580078 -0.2841797
vn -0.04333496 0.9580078 -0.2841797
vn -0.04333496 0.9580078 -0.2841797
vn -0.03387451 0.94873047 -0.3137207
vn -0.4033203 0.9145508 -0.026062012
vn -0.4033203 0.9145508 -0.026062012
vn -0.4033203 0.9145508 -0.026062012
vn -0.4033203 0.9145508 -0.026062012
vn -0.89404297 0.4482422 -0.006629944
vn -0.89404297 0.4482422 -0.006629944
vn -0.89404297 0.4482422 -0.006629944
vn -0.89404297 0.4482422 -0.006629944
vn -0.99902344 0.044311523 -0.020202637
vn -0.99902344 0.044311523 -0.020202637
vn -0.99902344 0.044311523 -0.020202637
vn -0.99902344 0.044311523 -0.020202637
vn 0.03173828 0.9091797 0.41479492
vn 0.03173828 0.9091797 0.41479492
vn 0.03173828 0.9091797 0.41479492
vn 0.03173828 0.9091797 0.41479492
vn -0.98046875 0.078430176 -0.18139648
vn -0.98046875 0.078430176 -0.18139648
vn -0.98046875 0.078430176 -0.18139648
vn -0.98046875 0.078430176 -0.18139648
vn -0.8051758 0.59228516 0.023117065
vn -0.8051758 0.59228516 0.023117065
vn -0.8051758 0.59228516 0.023117065
vn -0.8051758 0.59228516 0.023117065
vn -0.9995117 0.01689148 0.026535034
vn -0.9995117 0.01689148 0.026535034
vn -0.9995117 0.01689148 0.026535034
vn -0.9995117 0.01689148 0.026535034
vn -0.98779297 0.035247803 0.15185547
vn -0.98779297 0.035247803 0.15185547
vn -0.98779297 0.035247803 0.15185547
vn -0.98779297 0.035247803 0.15185547
vn -0.5546875 0.8183594 0.15026855
vn -0.5546875 0.8183594 0.15026855
vn -0.5546875 0.8183594 0.15026855
vn -0.5546875 0.8183594 0.15026855
vn 0.33911133 0.93359375 0.11651611
vn 0.33911133 0.93359375 0.11651611
vn 0.33911133 0.93359375 0.11651611
vn 0.33911133 0.93359375 0.11651611
vn 0.9970703 0.06732178 0.037322998
vn 0.9970703 0.06732178 0.037322998
vn 0.9970703 0.06732178 0.037322998
vn 0.9970703 0.06732178 0.037322998
vn 0.6821289 0.71191406 0.16687012
vn 0.6821289 0.71191406 0.16687012
vn 0.6821289 0.71191406 0.16687012
vn 0.6821289 0.71191406 0.16687012
vn 0.9291992 0.042877197 0.36694336
vn 0.9291992 0.042877197 0.36694336
vn 0.9291992 0.042877197 0.36694336
vn 0.9291992 0.042877197 0.36694336
vn 0.40649414 0.9135742 0.0066986084
vn 0.40649414 0.9135742 0.0066986084
vn 0.40649414 0.9135742 0.0066986084
vn 0.40649414 0.9135742 0.0066986084
vn -0.60595703 0.7763672 -0.17321777
vn -0.60595703 0.7763672 -0.17321777
vn -0.60595703 0.7763672 -0.17321777
vn -0.60595703 0.7763672 -0.17321777
vn -0.02494812 0.99902344 -0.0390625
vn -0.02494812 0.99902344 -0.0390625
vn -0.02494812 0.99902344 -0.0390625
vn -0.02494812 0.99902344 -0.0390625
vn 0.46679688 0.8198242 -0.3317871
vn 0.46679688 0.8198242 -0.3317871
vn 0.46679688 0.8198242 -0.3317871
vn 0.46679688 0.8198242 -0.3317871
vn 0.54052734 0.83740234 0.08068848
vn 0.54052734 0.83740234 0.08068848
vn 0.54052734 0.83740234 0.08068848
vn 0.54052734 0.83740234 0.08068848
vn 0.58496094 0.028778076 -0.8105469
vn 0.58496094 0.028778076 -0.8105469
vn 0.58496094 0.028778076 -0.8105469
vn 0.58496094 0.028778076 -0.8105469
vn 0.95166016 0.057403564 0.3017578
vn 0.95166016 0.057403564 0.3017578
vn 0.95166016 0.057403564 0.3017578
vn 0.95166016 0.057403564 0.3017578
vn 0.42041016 0.5239258 0.74072266
vn 0.42041016 0.5239258 0.74072266
vn 0.42041016 0.5239258 0.74072266
vn 0.42041016 0.5239258 0.74072266
vn 0.89160156 0.039794922 0.45141602
vn 0.89160156 0.039794922 0.45141602
vn 0.89160156 0.039794922 0.45141602
vn 0.89160156 0.039794922 0.45141602
vn 0.95410156 0.09857178 0.28271484
vn 0.95410156 0.09857178 0.28271484
vn 0.95410156 0.09857178 0.28271484
vn 0.95410156 0.09857178 0.28271484
vn 0.9375 0.03463745 -0.34643555
vn 0.9375 0.03463745 -0.34643555
vn 0.9375 0.03463745 -0.34643555
vn 0.9375 0.03463745 -0.34643555
vn 0.98046875 0.052093506 -0.19006348
vn 0.98046875 0.052093506 -0.19006348
vn 0.98046875 0.052093506 -0.19006348
vn 0.98046875 0.052093506 -0.19006348
vn 0.97998047 0.040649414 -0.19482422
vn 0.97998047 0.040649414 -0.19482422
vn 0.97998047 0.040649414 -0.19482422
vn 0.6958008 0.07043457 0.71484375
vn 0.6958008 0.07043457 0.71484375
vn 0.6958008 0.07043457 0.71484375
vn 0.6958008 0.07043457 0.71484375
vn 0.45288086 0.89160156 0.017532349
vn 0.45288086 0.89160156 0.017532349
vn 0.45288086 0.89160156 0.017532349
vn 0.45288086 0.89160156 0.017532349
vn 0.9921875 0.07550049 -0.10089111
vn 0.9921875 0.07550049 -0.10089111
vn 0.9921875 0.07550049 -0.10089111
vn 0.9921875 0.07550049 -0.10089111
vn 0.25097656 0.029693604 -0.96777344
vn 0.25097656 0.029693604 -0.96777344
vn 0.25097656 0.029693604 -0.96777344
vn 0.25097656 0.029693604 -0.96777344
vn 0.17932129 0.7573242 -0.6279297
vn 0.17932129 0.7573242 -0.6279297
vn 0.17932129 0.7573242 -0.6279297
vn 0.17932129 0.7573242 -0.6279297
vn -0.26513672 0.08508301 -0.9604492
vn -0.26513672 0.08508301 -0.9604492
vn -0.26513672 0.08508301 -0.9604492
vn -0.26513672 0.08508301 -0.9604492
vn 0.026245117 0.5336914 -0.84521484
vn 0.026245117 0.5336914 -0.84521484
vn 0.026245117 0.5336914 -0.84521484
vn 0.026245117 0.5336914 -0.84521484
vn -0.007648468 0.009666443 -1
vn -0.007648468 0.009666443 -1
vn -0.007648468 0.009666443 -1
vn -0.007648468 0.009666443 -1
vn -0.8515625 0.08239746 -0.5180664
vn -0.8515625 0.08239746 -0.5180664
vn -0.8515625 0.08239746 -0.5180664
vn -0.8515625 0.08239746 -0.5180664
vn 0.21130371 0.023590088 -0.9770508
vn 0.21130371 0.023590088 -0.9770508
vn 0.21130371 0.023590088 -0.9770508
vn 0.21130371 0.023590088 -0.9770508
vn 0.99902344 0.04071045 -0.023666382
vn 0.99902344 0.04071045 -0.023666382
vn 0.99902344 0.04071045 -0.023666382
vn 0.99902344 0.04071045 -0.023666382
vn -0.04840088 -0.019744873 -0.99853516
vn -0.04840088 -0.019744873 -0.99853516
vn -0.04840088 -0.019744873 -0.99853516
vn -0.04840088 -0.019744873 -0.99853516
vn 0.0023517609 0.609375 -0.79248047
vn 0.0023517609 0.609375 -0.79248047
vn 0.0023517609 0.609375 -0.79248047
vn 0.0023517609 0.609375 -0.79248047
vn -1 0.014221191 0.009124756
vn -1 0.014221191 0.009124756
vn -1 0.014221191 0.009124756
vn -1 0.014221191 0.009124756
vn -0.04333496 0.9580078 -0.2841797
vn -0.04333496 0.9580078 -0.2841797
vn -0.04333496 0.9580078 -0.2841797
vn -0.04333496 0.9580078 -0.2841797
vn -0.03390503 0.94873047 -0.3137207
vn -0.4033203 0.9145508 -0.026062012
vn -0.4033203 0.9145508 -0.026062012
vn -0.4033203 0.9145508 -0.026062012
vn -0.4033203 0.9145508 -0.026062012
vn -0.89404297 0.4482422 -0.006629944
vn -0.89404297 0.4482422 -0.006629944
vn -0.89404297 0.4482422 -0.006629944
vn -0.89404297 0.4482422 -0.006629944
vn -0.99902344 0.044311523 -0.020202637
vn -0.99902344 0.044311523 -0.020202637
vn -0.99902344 0.044311523 -0.020202637
vn -0.99902344 0.044311523 -0.020202637
vn 0.03173828 0.9091797 0.41479492
vn 0.03173828 0.9091797 0.41479492
vn 0.03173828 0.9091797 0.41479492
vn 0.03173828 0.9091797 0.41479492
vn -0.98046875 0.078430176 -0.18139648
vn -0.98046875 0.078430176 -0.18139648
vn -0.98046875 0.078430176 -0.18139648
vn -0.98046875 0.078430176 -0.18139648
vn -0.8051758 0.59228516 0.023117065
vn -0.8051758 0.59228516 0.023117065
vn -0.8051758 0.59228516 0.023117065
vn -0.8051758 0.59228516 0.023117065
vn -0.8251953 0.06933594 0.5605469
vn -0.8251953 0.06933594 0.5605469
vn -0.8251953 0.06933594 0.5605469
vn -0.8251953 0.06933594 0.5605469
vn -0.9995117 0.01689148 0.026519775
vn -0.9995117 0.01689148 0.026519775
vn -0.9995117 0.01689148 0.026519775
vn -0.9995117 0.01689148 0.026519775
vn -0.98779297 0.035247803 0.15185547
vn -0.98779297 0.035247803 0.15185547
vn -0.98779297 0.035247803 0.15185547
vn -0.98779297 0.035247803 0.15185547
vn -0.5546875 0.8183594 0.15026855
vn -0.5546875 0.8183594 0.15026855
vn -0.5546875 0.8183594 0.15026855
vn -0.5546875 0.8183594 0.15026855
vn 0.33911133 0.93359375 0.11651611
vn 0.33911133 0.93359375 0.11651611
vn 0.33911133 0.93359375 0.11651611
vn 0.33911133 0.93359375 0.11651611
vn 0.9970703 0.06732178 0.037322998
vn 0.9970703 0.06732178 0.037322998
vn 0.9970703 0.06732178 0.037322998
vn 0.9970703 0.06732178 0.037322998
vn 0.6821289 0.71191406 0.16687012
vn 0.6821289 0.71191406 0.16687012
vn 0.6821289 0.71191406 0.16687012
vn 0.6821289 0.71191406 0.16687012
vn 0.9291992 0.042877197 0.36694336
vn 0.9291992 0.042877197 0.36694336
vn 0.9291992 0.042877197 0.36694336
vn 0.9291992 0.042877197 0.36694336
vn 0.40649414 0.9135742 0.0066986084
vn 0.40649414 0.9135742 0.0066986084
vn 0.40649414 0.9135742 0.0066986084
vn 0.40649414 0.9135742 0.0066986084
vn -0.60595703 0.7763672 -0.17321777
vn -0.60595703 0.7763672 -0.17321777
vn -0.60595703 0.7763672 -0.17321777
vn -0.60595703 0.7763672 -0.17321777
vn -0.02494812 0.99902344 -0.0390625
vn -0.02494812 0.99902344 -0.0390625
vn -0.02494812 0.99902344 -0.0390625
vn -0.02494812 0.99902344 -0.0390625
vn 0.46679688 0.8198242 -0.3317871
vn 0.46679688 0.8198242 -0.3317871
vn 0.46679688 0.8198242 -0.3317871
vn 0.46679688 0.8198242 -0.3317871
vn 0.54052734 0.83740234 -0.08068848
vn 0.54052734 0.83740234 -0.08068848
vn 0.54052734 0.83740234 -0.08068848
vn 0.54052734 0.83740234 -0.08068848
vn 0.93603516 0.044128418 -0.3491211
vn 0.93603516 0.044128418 -0.3491211
vn 0.93603516 0.044128418 -0.3491211
vn 0.93603516 0.044128418 -0.3491211
vn 0.37158203 0.52734375 -0.76416016
vn 0.37158203 0.52734375 -0.76416016
vn 0.37158203 0.52734375 -0.76416016
vn 0.37158203 0.52734375 -0.76416016
vn 0.89160156 0.039794922 -0.45141602
vn 0.89160156 0.039794922 -0.45141602
vn 0.89160156 0.039794922 -0.45141602
vn 0.89160156 0.039794922 -0.45141602
vn 0.95410156 0.09857178 -0.28271484
vn 0.95410156 0.09857178 -0.28271484
vn 0.95410156 0.09857178 -0.28271484
vn 0.95410156 0.09857178 -0.28271484
vn 0.08081055 0.07220459 -0.9941406
vn 0.08081055 0.07220459 -0.9941406
vn 0.08081055 0.07220459 -0.9941406
vn 0.08081055 0.07220459 -0.9941406
vn 0.9375 0.03463745 0.34643555
vn 0.9375 0.03463745 0.34643555
vn 0.9375 0.03463745 0.34643555
vn 0.9375 0.03463745 0.34643555
vn 0.98046875 0.052093506 0.19006348
vn 0.98046875 0.052093506 0.19006348
vn 0.98046875 0.052093506 0.19006348
vn 0.98046875 0.052093506 0.19006348
vn 0.9741211 0.02822876 0.22521973
vn 0.9741211 0.02822876 0.22521973
vn 0.9741211 0.02822876 0.22521973
vn 0.6958008 0.07043457 -0.71484375
vn 0.6958008 0.07043457 -0.71484375
vn 0.6958008 0.07043457 -0.71484375
vn 0.6958008 0.07043457 -0.71484375
vn 0.45288086 0.89160156 -0.017532349
vn 0.45288086 0.89160156 -0.017532349
vn 0.45288086 0.89160156 -0.017532349
vn 0.45288086 0.89160156 -0.017532349
vn 0.9921875 0.07550049 0.10089111
vn 0.9921875 0.07550049 0.10089111
vn 0.9921875 0.07550049 0.10089111
vn 0.9921875 0.07550049 0.10089111
vn 0.17932129 0.7573242 0.6279297
vn 0.17932129 0.7573242 0.6279297
vn 0.17932129 0.7573242 0.6279297
vn 0.17932129 0.7573242 0.6279297
vn 0.99902344 0.04071045 0.023666382
vn 0.99902344 0.04071045 0.023666382
vn 0.99902344 0.04071045 0.023666382
vn 0.99902344 0.04071045 0.023666382
vn -1 0.014221191 -0.009124756
vn -1 0.014221191 -0.009124756
vn -1 0.014221191 -0.009124756
vn -1 0.014221191 -0.009124756
vn -0.04333496 0.9580078 0.2841797
vn -0.04333496 0.9580078 0.2841797
vn -0.04333496 0.9580078 0.2841797
vn -0.04333496 0.9580078 0.2841797
vn -0.03387451 0.94873047 0.3137207
vn -0.4033203 0.9145508 0.026062012
vn -0.4033203 0.9145508 0.026062012
vn -0.4033203 0.9145508 0.026062012
vn -0.4033203 0.9145508 0.026062012
vn -0.89404297 0.4482422 0.006629944
vn -0.89404297 0.4482422 0.006629944
vn -0.89404297 0.4482422 0.006629944
vn -0.89404297 0.4482422 0.006629944
vn -0.99902344 0.044311523 0.020202637
vn -0.99902344 0.044311523 0.020202637
vn -0.99902344 0.044311523 0.020202637
vn -0.99902344 0.044311523 0.020202637
vn -0.010543823 -0.019470215 -0.9995117
vn -0.010543823 -0.019470215 -0.9995117
vn -0.010543823 -0.019470215 -0.9995117
vn -0.010543823 -0.019470215 -0.9995117
vn 0.03173828 0.9091797 -0.41479492
vn 0.03173828 0.9091797 -0.41479492
vn 0.03173828 0.9091797 -0.41479492
vn 0.03173828 0.9091797 -0.41479492
vn -0.036254883 0.453125 -0.890625
vn -0.036254883 0.453125 -0.890625
vn -0.036254883 0.453125 -0.890625
vn -0.036254883 0.453125 -0.890625
vn -0.044555664 0.005279541 -0.99902344
vn -0.044555664 0.005279541 -0.99902344
vn -0.044555664 0.005279541 -0.99902344
vn -0.044555664 0.005279541 -0.99902344
vn -0.98046875 0.078430176 0.18139648
vn -0.98046875 0.078430176 0.18139648
vn -0.98046875 0.078430176 0.18139648
vn -0.98046875 0.078430176 0.18139648
vn -0.8051758 0.59228516 -0.023117065
vn -0.8051758 0.59228516 -0.023117065
vn -0.8051758 0.59228516 -0.023117065
vn -0.8051758 0.59228516 -0.023117065
vn -0.8251953 0.06933594 -0.5605469
vn -0.8251953 0.06933594 -0.5605469
vn -0.8251953 0.06933594 -0.5605469
vn -0.8251953 0.06933594 -0.5605469
vn -0.9995117 0.01689148 -0.026535034
vn -0.9995117 0.01689148 -0.026535034
vn -0.9995117 0.01689148 -0.026535034
vn -0.9995117 0.01689148 -0.026535034
vn -0.22753906 0.08355713 -0.97021484
vn -0.22753906 0.08355713 -0.97021484
vn -0.22753906 0.08355713 -0.97021484
vn -0.22753906 0.08355713 -0.97021484
vn -0.98779297 0.035247803 -0.15185547
vn -0.98779297 0.035247803 -0.15185547
vn -0.98779297 0.035247803 -0.15185547
vn -0.98779297 0.035247803 -0.15185547
vn -0.5546875 0.8183594 -0.15026855
vn -0.5546875 0.8183594 -0.15026855
vn -0.5546875 0.8183594 -0.15026855
vn -0.5546875 0.8183594 -0.15026855
vn 0.33911133 0.93359375 -0.11651611
vn 0.33911133 0.93359375 -0.11651611
vn 0.33911133 0.93359375 -0.11651611
vn 0.33911133 0.93359375 -0.11651611
vn 0.9970703 0.06732178 -0.037322998
vn 0.9970703 0.06732178 -0.037322998
vn 0.9970703 0.06732178 -0.037322998
vn 0.9970703 0.06732178 -0.037322998
vn 0.6821289 0.71191406 -0.16687012
vn 0.6821289 0.71191406 -0.16687012
vn 0.6821289 0.71191406 -0.16687012
vn 0.6821289 0.71191406 -0.16687012
vn 0.9291992 0.042877197 -0.36694336
vn 0.9291992 0.042877197 -0.36694336
vn 0.9291992 0.042877197 -0.36694336
vn 0.9291992 0.042877197 -0.36694336
vn 0.40649414 0.9135742 -0.0066986084
vn 0.40649414 0.9135742 -0.0066986084
vn 0.40649414 0.9135742 -0.0066986084
vn 0.40649414 0.9135742 -0.0066986084
vn 0.006412506 0.90771484 -0.41918945
vn 0.006412506 0.90771484 -0.41918945
vn 0.006412506 0.90771484 -0.41918945
vn 0.006412506 0.90771484 -0.41918945
vn -0.60595703 0.7763672 0.17321777
vn -0.60595703 0.7763672 0.17321777
vn -0.60595703 0.7763672 0.17321777
vn -0.60595703 0.7763672 0.17321777
vn -0.02494812 0.99902344 0.0390625
vn -0.02494812 0.99902344 0.0390625
vn -0.02494812 0.99902344 0.0390625
vn -0.02494812 0.99902344 0.0390625
vn 0.46679688 0.8198242 0.3317871
vn 0.46679688 0.8198242 0.3317871
vn 0.46679688 0.8198242 0.3317871
vn 0.46679688 0.8198242 0.3317871
vn 0.54052734 0.83740234 -0.08068848
vn 0.54052734 0.83740234 -0.08068848
vn 0.54052734 0.83740234 -0.08068848
vn 0.54052734 0.83740234 -0.08068848
vn 0.93603516 0.044128418 -0.3491211
vn 0.93603516 0.044128418 -0.3491211
vn 0.93603516 0.044128418 -0.3491211
vn 0.93603516 0.044128418 -0.3491211
vn 0.37158203 0.52734375 -0.76416016
vn 0.37158203 0.52734375 -0.76416016
vn 0.37158203 0.52734375 -0.76416016
vn 0.37158203 0.52734375 -0.76416016
vn 0.89160156 0.039794922 -0.45141602
vn 0.89160156 0.039794922 -0.45141602
vn 0.89160156 0.039794922 -0.45141602
vn 0.89160156 0.039794922 -0.45141602
vn 0.95410156 0.09857178 -0.28271484
vn 0.95410156 0.09857178 -0.28271484
vn 0.95410156 0.09857178 -0.28271484
vn 0.95410156 0.09857178 -0.28271484
vn 0.08081055 0.07220459 -0.9941406
vn 0.08081055 0.07220459 -0.9941406
vn 0.08081055 0.07220459 -0.9941406
vn 0.08081055 0.07220459 -0.9941406
vn 0.9375 0.03466797 0.34643555
vn 0.9375 0.03466797 0.34643555
vn 0.9375 0.03466797 0.34643555
vn 0.9375 0.03466797 0.34643555
vn 0.98046875 0.052093506 0.19006348
vn 0.98046875 0.052093506 0.19006348
vn 0.98046875 0.052093506 0.19006348
vn 0.98046875 0.052093506 0.19006348
vn 0.9741211 0.02822876 0.22521973
vn 0.9741211 0.02822876 0.22521973
vn 0.9741211 0.02822876 0.22521973
vn 0.6958008 0.07043457 -0.71484375
vn 0.6958008 0.07043457 -0.71484375
vn 0.6958008 0.07043457 -0.71484375
vn 0.6958008 0.07043457 -0.71484375
vn 0.45288086 0.89160156 -0.017547607
vn 0.45288086 0.89160156 -0.017547607
vn 0.45288086 0.89160156 -0.017547607
vn 0.45288086 0.89160156 -0.017547607
vn 0.9921875 0.07550049 0.10089111
vn 0.9921875 0.07550049 0.10089111
vn 0.9921875 0.07550049 0.10089111
vn 0.9921875 0.07550049 0.10089111
vn 0.17932129 0.7573242 0.6279297
vn 0.17932129 0.7573242 0.6279297
vn 0.17932129 0.7573242 0.6279297
vn 0.17932129 0.7573242 0.6279297
vn -0.8515625 0.08239746 0.5180664
vn -0.8515625 0.08239746 0.5180664
vn -0.8515625 0.08239746 0.5180664
vn -0.8515625 0.08239746 0.5180664
vn 0.99902344 0.04071045 0.023666382
vn 0.99902344 0.04071045 0.023666382
vn 0.99902344 0.04071045 0.023666382
vn 0.99902344 0.04071045 0.023666382
vn -1 0.014221191 -0.009124756
vn -1 0.014221191 -0.009124756
vn -1 0.014221191 -0.009124756
vn -1 0.014221191 -0.009124756
vn -0.04333496 0.9580078 0.2841797
vn -0.04333496 0.9580078 0.2841797
vn -0.04333496 0.9580078 0.2841797
vn -0.04333496 0.9580078 0.2841797
vn -0.03390503 0.94873047 0.3137207
vn -0.4033203 0.9145508 0.026062012
vn -0.4033203 0.9145508 0.026062012
vn -0.4033203 0.9145508 0.026062012
vn -0.4033203 0.9145508 0.026062012
vn -0.89404297 0.4482422 0.006629944
vn -0.89404297 0.4482422 0.006629944
vn -0.89404297 0.4482422 0.006629944
vn -0.89404297 0.4482422 0.006629944
vn -0.99902344 0.044311523 0.020202637
vn -0.99902344 0.044311523 0.020202637
vn -0.99902344 0.044311523 0.020202637
vn -0.99902344 0.044311523 0.020202637
vn -0.010543823 -0.019470215 -0.9995117
vn -0.010543823 -0.019470215 -0.9995117
vn -0.010543823 -0.019470215 -0.9995117
vn -0.010543823 -0.019470215 -0.9995117
vn 0.03173828 0.9091797 -0.41479492
vn 0.03173828 0.9091797 -0.41479492
vn 0.03173828 0.9091797 -0.41479492
vn 0.03173828 0.9091797 -0.41479492
vn -0.036254883 0.453125 -0.890625
vn -0.036254883 0.453125 -0.890625
vn -0.036254883 0.453125 -0.890625
vn -0.036254883 0.453125 -0.890625
vn -0.044555664 0.0052757263 -0.99902344
vn -0.044555664 0.0052757263 -0.99902344
vn -0.044555664 0.0052757263 -0.99902344
vn -0.044555664 0.0052757263 -0.99902344
vn -0.98046875 0.078430176 0.18139648
vn -0.98046875 0.078430176 0.18139648
vn -0.98046875 0.078430176 0.18139648
vn -0.98046875 0.078430176 0.18139648
vn -0.8051758 0.59228516 -0.023117065
vn -0.8051758 0.59228516 -0.023117065
vn -0.8051758 0.59228516 -0.023117065
vn -0.8051758 0.59228516 -0.023117065
vn -0.8251953 0.06933594 -0.5605469
vn -0.8251953 0.06933594 -0.5605469
vn -0.8251953 0.06933594 -0.5605469
vn -0.8251953 0.06933594 -0.5605469
vn -0.9995117 0.01689148 -0.026535034
vn -0.9995117 0.01689148 -0.026535034
vn -0.9995117 0.01689148 -0.026535034
vn -0.9995117 0.01689148 -0.026535034
vn -0.22753906 0.08355713 -0.97021484
vn -0.22753906 0.08355713 -0.97021484
vn -0.22753906 0.08355713 -0.97021484
vn -0.22753906 0.08355713 -0.97021484
vn -0.98779297 0.035247803 -0.15185547
vn -0.98779297 0.035247803 -0.15185547
vn -0.98779297 0.035247803 -0.15185547
vn -0.98779297 0.035247803 -0.15185547
vn -0.5546875 0.8183594 -0.15026855
vn -0.5546875 0.8183594 -0.15026855
vn -0.5546875 0.8183594 -0.15026855
vn -0.5546875 0.8183594 -0.15026855
vn 0.33911133 0.93359375 -0.11651611
vn 0.33911133 0.93359375 -0.11651611
vn 0.33911133 0.93359375 -0.11651611
vn 0.33911133 0.93359375 -0.11651611
vn 0.9970703 0.06732178 -0.037322998
vn 0.9970703 0.06732178 -0.037322998
vn 0.9970703 0.06732178 -0.037322998
vn 0.9970703 0.06732178 -0.037322998
vn 0.6821289 0.71191406 -0.16687012
vn 0.6821289 0.71191406 -0.16687012
vn 0.6821289 0.71191406 -0.16687012
vn 0.6821289 0.71191406 -0.16687012
vn 0.9291992 0.042877197 -0.36694336
vn 0.9291992 0.042877197 -0.36694336
vn 0.9291992 0.042877197 -0.36694336
vn 0.9291992 0.042877197 -0.36694336
vn 0.40649414 0.9135742 -0.0066986084
vn 0.40649414 0.9135742 -0.0066986084
vn 0.40649414 0.9135742 -0.0066986084
vn 0.40649414 0.9135742 -0.0066986084
vn 0.006412506 0.90771484 -0.41918945
vn 0.006412506 0.90771484 -0.41918945
vn 0.006412506 0.90771484 -0.41918945
vn 0.006412506 0.90771484 -0.41918945
vn -0.60595703 0.7763672 0.17321777
vn -0.60595703 0.7763672 0.17321777
vn -0.60595703 0.7763672 0.17321777
vn -0.60595703 0.7763672 0.17321777
vn -0.02494812 0.99902344 0.0390625
vn -0.02494812 0.99902344 0.0390625
vn -0.02494812 0.99902344 0.0390625
vn -0.02494812 0.99902344 0.0390625
vn 0.46679688 0.8198242 0.3317871
vn 0.46679688 0.8198242 0.3317871
vn 0.46679688 0.8198242 0.3317871
vn 0.46679688 0.8198242 0.3317871
vn -0.54052734 0.83740234 0.08068848
vn -0.54052734 0.83740234 0.08068848
vn -0.54052734 0.83740234 0.08068848
vn -0.54052734 0.83740234 0.08068848
vn -0.58496094 0.028778076 -0.8105469
vn -0.58496094 0.028778076 -0.8105469
vn -0.58496094 0.028778076 -0.8105469
vn -0.58496094 0.028778076 -0.8105469
vn -0.93603516 0.044128418 0.3491211
vn -0.93603516 0.044128418 0.3491211
vn -0.93603516 0.044128418 0.3491211
vn -0.93603516 0.044128418 0.3491211
vn -0.37158203 0.52734375 0.76416016
vn -0.37158203 0.52734375 0.76416016
vn -0.37158203 0.52734375 0.76416016
vn -0.37158203 0.52734375 0.76416016
vn -0.95410156 0.09857178 0.28271484
vn -0.95410156 0.09857178 0.28271484
vn -0.95410156 0.09857178 0.28271484
vn -0.95410156 0.09857178 0.28271484
vn -0.9375 0.03463745 -0.34643555
vn -0.9375 0.03463745 -0.34643555
vn -0.9375 0.03463745 -0.34643555
vn -0.9375 0.03463745 -0.34643555
vn -0.98046875 0.052093506 -0.19006348
vn -0.98046875 0.052093506 -0.19006348
vn -0.98046875 0.052093506 -0.19006348
vn -0.98046875 0.052093506 -0.19006348
vn -0.9741211 0.02822876 -0.22521973
vn -0.9741211 0.02822876 -0.22521973
vn -0.9741211 0.02822876 -0.22521973
vn -0.6958008 0.07043457 0.71484375
vn -0.6958008 0.07043457 0.71484375
vn -0.6958008 0.07043457 0.71484375
vn -0.6958008 0.07043457 0.71484375
vn -0.45288086 0.89160156 0.017532349
vn -0.45288086 0.89160156 0.017532349
vn -0.45288086 0.89160156 0.017532349
vn -0.45288086 0.89160156 0.017532349
vn -0.9921875 0.07550049 -0.10089111
vn -0.9921875 0.07550049 -0.10089111
vn -0.9921875 0.07550049 -0.10089111
vn -0.9921875 0.07550049 -0.10089111
vn -0.25097656 0.029693604 -0.96777344
vn -0.25097656 0.029693604 -0.96777344
vn -0.25097656 0.029693604 -0.96777344
vn -0.25097656 0.029693604 -0.96777344
vn -0.17932129 0.7573242 -0.6279297
vn -0.17932129 0.7573242 -0.6279297
vn -0.17932129 0.7573242 -0.6279297
vn -0.17932129 0.7573242 -0.6279297
vn 0.26513672 0.08508301 -0.9604492
vn 0.26513672 0.08508301 -0.9604492
vn 0.26513672 0.08508301 -0.9604492
vn 0.26513672 0.08508301 -0.9604492
vn -0.026229858 0.5336914 -0.84521484
vn -0.026229858 0.5336914 -0.84521484
vn -0.026229858 0.5336914 -0.84521484
vn -0.026229858 0.5336914 -0.84521484
vn 0.007648468 0.009666443 -1
vn 0.007648468 0.009666443 -1
vn 0.007648468 0.009666443 -1
vn 0.007648468 0.009666443 -1
vn 0.8515625 0.08239746 -0.5180664
vn 0.8515625 0.08239746 -0.5180664
vn 0.8515625 0.08239746 -0.5180664
vn 0.8515625 0.08239746 -0.5180664
vn -0.21130371 0.023590088 -0.9770508
vn -0.21130371 0.023590088 -0.9770508
vn -0.21130371 0.023590088 -0.9770508
vn -0.21130371 0.023590088 -0.9770508
vn -0.99902344 0.04071045 -0.023666382
vn -0.99902344 0.04071045 -0.023666382
vn -0.99902344 0.04071045 -0.023666382
vn -0.99902344 0.04071045 -0.023666382
vn 0.04840088 -0.019744873 -0.99853516
vn 0.04840088 -0.019744873 -0.99853516
vn 0.04840088 -0.019744873 -0.99853516
vn 0.04840088 -0.019744873 -0.99853516
vn -0.0023517609 0.609375 -0.79248047
vn -0.0023517609 0.609375 -0.79248047
vn -0.0023517609 0.609375 -0.79248047
vn -0.0023517609 0.609375 -0.79248047
vn 1 0.014221191 0.009124756
vn 1 0.014221191 0.009124756
vn 1 0.014221191 0.009124756
vn 1 0.014221191 0.009124756
vn 0.04333496 0.9580078 -0.2841797
vn 0.04333496 0.9580078 -0.2841797
vn 0.04333496 0.9580078 -0.2841797
vn 0.04333496 0.9580078 -0.2841797
vn 0.03390503 0.94873047 -0.3137207
vn 0.4033203 0.9145508 -0.026062012
vn 0.4033203 0.9145508 -0.026062012
vn 0.4033203 0.9145508 -0.026062012
vn 0.4033203 0.9145508 -0.026062012
vn 0.89404297 0.4482422 -0.006629944
vn 0.89404297 0.4482422 -0.006629944
vn 0.89404297 0.4482422 -0.006629944
vn 0.89404297 0.4482422 -0.006629944
vn 0.99902344 0.044311523 -0.020202637
vn 0.99902344 0.044311523 -0.020202637
vn 0.99902344 0.044311523 -0.020202637
vn 0.99902344 0.044311523 -0.020202637
vn -0.03173828 0.9091797 0.41479492
vn -0.03173828 0.9091797 0.41479492
vn -0.03173828 0.9091797 0.41479492
vn -0.03173828 0.9091797 0.41479492
vn 0.98046875 0.078430176 -0.18139648
vn 0.98046875 0.078430176 -0.18139648
vn 0.98046875 0.078430176 -0.18139648
vn 0.98046875 0.078430176 -0.18139648
vn 0.8051758 0.59228516 0.023117065
vn 0.8051758 0.59228516 0.023117065
vn 0.8051758 0.59228516 0.023117065
vn 0.8051758 0.59228516 0.023117065
vn 0.8251953 0.06933594 0.5605469
vn 0.8251953 0.06933594 0.5605469
vn 0.8251953 0.06933594 0.5605469
vn 0.8251953 0.06933594 0.5605469
vn 0.9995117 0.01689148 0.026519775
vn 0.9995117 0.01689148 0.026519775
vn 0.9995117 0.01689148 0.026519775
vn 0.9995117 0.01689148 0.026519775
vn 0.22753906 0.08355713 0.97021484
vn 0.22753906 0.08355713 0.97021484
vn 0.22753906 0.08355713 0.97021484
vn 0.22753906 0.08355713 0.97021484
vn 0.98779297 0.035247803 0.15185547
vn 0.98779297 0.035247803 0.15185547
vn 0.98779297 0.035247803 0.15185547
vn 0.98779297 0.035247803 0.15185547
vn 0.5546875 0.8183594 0.15026855
vn 0.5546875 0.8183594 0.15026855
vn 0.5546875 0.8183594 0.15026855
vn 0.5546875 0.8183594 0.15026855
vn -0.9970703 0.06732178 0.037322998
vn -0.9970703 0.06732178 0.037322998
vn -0.9970703 0.06732178 0.037322998
vn -0.9970703 0.06732178 0.037322998
vn -0.6821289 0.71191406 0.16687012
vn -0.6821289 0.71191406 0.16687012
vn -0.6821289 0.71191406 0.16687012
vn -0.6821289 0.71191406 0.16687012
vn -0.9291992 0.042877197 0.36694336
vn -0.9291992 0.042877197 0.36694336
vn -0.9291992 0.042877197 0.36694336
vn -0.9291992 0.042877197 0.36694336
vn -0.40649414 0.9135742 0.0066947937
vn -0.40649414 0.9135742 0.0066947937
vn -0.40649414 0.9135742 0.0066947937
vn -0.40649414 0.9135742 0.0066947937
vn 0.60595703 0.7763672 -0.17321777
vn 0.60595703 0.7763672 -0.17321777
vn 0.60595703 0.7763672 -0.17321777
vn 0.60595703 0.7763672 -0.17321777
vn 0.02494812 0.99902344 -0.0390625
vn 0.02494812 0.99902344 -0.0390625
vn 0.02494812 0.99902344 -0.0390625
vn 0.02494812 0.99902344 -0.0390625
vn -0.46679688 0.8198242 -0.3317871
vn -0.46679688 0.8198242 -0.3317871
vn -0.46679688 0.8198242 -0.3317871
vn -0.46679688 0.8198242 -0.3317871
vn -0.54052734 0.83740234 -0.08068848
vn -0.54052734 0.83740234 -0.08068848
vn -0.54052734 0.83740234 -0.08068848
vn -0.54052734 0.83740234 -0.08068848
vn -0.93603516 0.044128418 -0.3491211
vn -0.93603516 0.044128418 -0.3491211
vn -0.93603516 0.044128418 -0.3491211
vn -0.93603516 0.044128418 -0.3491211
vn -0.37158203 0.52734375 -0.76416016
vn -0.37158203 0.52734375 -0.76416016
vn -0.37158203 0.52734375 -0.76416016
vn -0.37158203 0.52734375 -0.76416016
vn -0.89160156 0.039794922 -0.45141602
vn -0.89160156 0.039794922 -0.45141602
vn -0.89160156 0.039794922 -0.45141602
vn -0.89160156 0.039794922 -0.45141602
vn -0.95410156 0.09857178 -0.28271484
vn -0.95410156 0.09857178 -0.28271484
vn -0.95410156 0.09857178 -0.28271484
vn -0.95410156 0.09857178 -0.28271484
vn -0.08081055 0.07220459 -0.9941406
vn -0.08081055 0.07220459 -0.9941406
vn -0.08081055 0.07220459 -0.9941406
vn -0.08081055 0.07220459 -0.9941406
vn -0.9375 0.03463745 0.34643555
vn -0.9375 0.03463745 0.34643555
vn -0.9375 0.03463745 0.34643555
vn -0.9375 0.03463745 0.34643555
vn -0.98046875 0.052093506 0.19006348
vn -0.98046875 0.052093506 0.19006348
vn -0.98046875 0.052093506 0.19006348
vn -0.98046875 0.052093506 0.19006348
vn -0.9741211 0.02822876 0.22521973
vn -0.9741211 0.02822876 0.22521973
vn -0.9741211 0.02822876 0.22521973
vn -0.6958008 0.07043457 -0.71484375
vn -0.6958008 0.07043457 -0.71484375
vn -0.6958008 0.07043457 -0.71484375
vn -0.6958008 0.07043457 -0.71484375
vn -0.45288086 0.89160156 -0.017532349
vn -0.45288086 0.89160156 -0.017532349
vn -0.45288086 0.89160156 -0.017532349
vn -0.45288086 0.89160156 -0.017532349
vn -0.9921875 0.07550049 0.10089111
vn -0.9921875 0.07550049 0.10089111
vn -0.9921875 0.07550049 0.10089111
vn -0.9921875 0.07550049 0.10089111
vn -0.026229858 0.5336914 0.84521484
vn -0.026229858 0.5336914 0.84521484
vn -0.026229858 0.5336914 0.84521484
vn -0.026229858 0.5336914 0.84521484
vn 0.8515625 0.08239746 0.5180664
vn 0.8515625 0.08239746 0.5180664
vn 0.8515625 0.08239746 0.5180664
vn 0.8515625 0.08239746 0.5180664
vn -0.99902344 0.04071045 0.023666382
vn -0.99902344 0.04071045 0.023666382
vn -0.99902344 0.04071045 0.023666382
vn -0.99902344 0.04071045 0.023666382
vn 1 0.014221191 -0.009124756
vn 1 0.014221191 -0.009124756
vn 1 0.014221191 -0.009124756
vn 1 0.014221191 -0.009124756
vn 0.04333496 0.9580078 0.2841797
vn 0.04333496 0.9580078 0.2841797
vn 0.04333496 0.9580078 0.2841797
vn 0.04333496 0.9580078 0.2841797
vn 0.03390503 0.94873047 0.3137207
vn 0.4033203 0.9145508 0.026062012
vn 0.4033203 0.9145508 0.026062012
vn 0.4033203 0.9145508 0.026062012
vn 0.4033203 0.9145508 0.026062012
vn 0.89404297 0.4482422 0.006629944
vn 0.89404297 0.4482422 0.006629944
vn 0.89404297 0.4482422 0.006629944
vn 0.89404297 0.4482422 0.006629944
vn 0.99902344 0.044311523 0.020202637
vn 0.99902344 0.044311523 0.020202637
vn 0.99902344 0.044311523 0.020202637
vn 0.99902344 0.044311523 0.020202637
vn 0.010543823 -0.019470215 -0.9995117
vn 0.010543823 -0.019470215 -0.9995117
vn 0.010543823 -0.019470215 -0.9995117
vn 0.010543823 -0.019470215 -0.9995117
vn -0.03173828 0.9091797 -0.41479492
vn -0.03173828 0.9091797 -0.41479492
vn -0.03173828 0.9091797 -0.41479492
vn -0.03173828 0.9091797 -0.41479492
vn 0.036254883 0.453125 -0.890625
vn 0.036254883 0.453125 -0.890625
vn 0.036254883 0.453125 -0.890625
vn 0.036254883 0.453125 -0.890625
vn 0.044555664 0.0052757263 -0.99902344
vn 0.044555664 0.0052757263 -0.99902344
vn 0.044555664 0.0052757263 -0.99902344
vn 0.044555664 0.0052757263 -0.99902344
vn 0.98046875 0.078430176 0.18139648
vn 0.98046875 0.078430176 0.18139648
vn 0.98046875 0.078430176 0.18139648
vn 0.98046875 0.078430176 0.18139648
vn 0.8051758 0.59228516 -0.023117065
vn 0.8051758 0.59228516 -0.023117065
vn 0.8051758 0.59228516 -0.023117065
vn 0.8051758 0.59228516 -0.023117065
vn 0.8251953 0.06933594 -0.5605469
vn 0.8251953 0.06933594 -0.5605469
vn 0.8251953 0.06933594 -0.5605469
vn 0.8251953 0.06933594 -0.5605469
vn 0.9995117 0.01689148 -0.026535034
vn 0.9995117 0.01689148 -0.026535034
vn 0.9995117 0.01689148 -0.026535034
vn 0.9995117 0.01689148 -0.026535034
vn 0.22753906 0.08355713 -0.97021484
vn 0.22753906 0.08355713 -0.97021484
vn 0.22753906 0.08355713 -0.97021484
vn 0.22753906 0.08355713 -0.97021484
vn 0.98779297 0.035247803 -0.15185547
vn 0.98779297 0.035247803 -0.15185547
vn 0.98779297 0.035247803 -0.15185547
vn 0.98779297 0.035247803 -0.15185547
vn 0.5546875 0.8183594 -0.15026855
vn 0.5546875 0.8183594 -0.15026855
vn 0.5546875 0.8183594 -0.15026855
vn 0.5546875 0.8183594 -0.15026855
vn -0.33911133 0.93359375 -0.11651611
vn -0.33911133 0.93359375 -0.11651611
vn -0.33911133 0.93359375 -0.11651611
vn -0.33911133 0.93359375 -0.11651611
vn -0.9970703 0.06732178 -0.037322998
vn -0.9970703 0.06732178 -0.037322998
vn -0.9970703 0.06732178 -0.037322998
vn -0.9970703 0.06732178 -0.037322998
vn -0.6821289 0.71191406 -0.16687012
vn -0.6821289 0.71191406 -0.16687012
vn -0.6821289 0.71191406 -0.16687012
vn -0.6821289 0.71191406 -0.16687012
vn -0.9291992 0.042877197 -0.36694336
vn -0.9291992 0.042877197 -0.36694336
vn -0.9291992 0.042877197 -0.36694336
vn -0.9291992 0.042877197 -0.36694336
vn -0.40649414 0.9135742 -0.0066986084
vn -0.40649414 0.9135742 -0.0066986084
vn -0.40649414 0.9135742 -0.0066986084
vn -0.40649414 0.9135742 -0.0066986084
vn -0.0064086914 0.90771484 -0.41918945
vn -0.0064086914 0.90771484 -0.41918945
vn -0.0064086914 0.90771484 -0.41918945
vn -0.0064086914 0.90771484 -0.41918945
vn 0.60595703 0.7763672 0.17321777
vn 0.60595703 0.7763672 0.17321777
vn 0.60595703 0.7763672 0.17321777
vn 0.60595703 0.7763672 0.17321777
vn 0.02494812 0.99902344 0.0390625
vn 0.02494812 0.99902344 0.0390625
vn 0.02494812 0.99902344 0.0390625
vn 0.02494812 0.99902344 0.0390625
vn -0.46679688 0.8198242 0.3317871
vn -0.46679688 0.8198242 0.3317871
vn -0.46679688 0.8198242 0.3317871
vn -0.46679688 0.8198242 0.3317871
vn 0.54052734 0.83740234 0.08068848
vn 0.54052734 0.83740234 0.08068848
vn 0.54052734 0.83740234 0.08068848
vn 0.54052734 0.83740234 0.08068848
vn 0.58496094 0.028762817 -0.8105469
vn 0.58496094 0.028762817 -0.8105469
vn 0.58496094 0.028762817 -0.8105469
vn 0.58496094 0.028762817 -0.8105469
vn 0.95410156 0.05960083 0.29370117
vn 0.95410156 0.05960083 0.29370117
vn 0.95410156 0.05960083 0.29370117
vn 0.95410156 0.05960083 0.29370117
vn 0.4296875 0.5229492 0.73583984
vn 0.4296875 0.5229492 0.73583984
vn 0.4296875 0.5229492 0.73583984
vn 0.4296875 0.5229492 0.73583984
vn 0.89160156 0.039794922 0.45141602
vn 0.89160156 0.039794922 0.45141602
vn 0.89160156 0.039794922 0.45141602
vn 0.89160156 0.039794922 0.45141602
vn 0.95410156 0.09857178 0.28271484
vn 0.95410156 0.09857178 0.28271484
vn 0.95410156 0.09857178 0.28271484
vn 0.95410156 0.09857178 0.28271484
vn 0.9375 0.03463745 -0.34643555
vn 0.9375 0.03463745 -0.34643555
vn 0.9375 0.03463745 -0.34643555
vn 0.9375 0.03463745 -0.34643555
vn 0.98046875 0.052093506 -0.19006348
vn 0.98046875 0.052093506 -0.19006348
vn 0.98046875 0.052093506 -0.19006348
vn 0.98046875 0.052093506 -0.19006348
vn 0.98095703 0.04269409 -0.18981934
vn 0.98095703 0.04269409 -0.18981934
vn 0.98095703 0.04269409 -0.18981934
vn 0.6958008 0.07043457 0.71484375
vn 0.6958008 0.07043457 0.71484375
vn 0.6958008 0.07043457 0.71484375
vn 0.6958008 0.07043457 0.71484375
vn 0.45288086 0.89160156 0.017547607
vn 0.45288086 0.89160156 0.017547607
vn 0.45288086 0.89160156 0.017547607
vn 0.45288086 0.89160156 0.017547607
vn 0.9921875 0.07550049 -0.10089111
vn 0.9921875 0.07550049 -0.10089111
vn 0.9921875 0.07550049 -0.10089111
vn 0.9921875 0.07550049 -0.10089111
vn 0.25097656 0.029693604 -0.96777344
vn 0.25097656 0.029693604 -0.96777344
vn 0.25097656 0.029693604 -0.96777344
vn 0.25097656 0.029693604 -0.96777344
vn 0.17932129 0.7573242 -0.6279297
vn 0.17932129 0.7573242 -0.6279297
vn 0.17932129 0.7573242 -0.6279297
vn 0.17932129 0.7573242 -0.6279297
vn -0.26513672 0.08508301 -0.9604492
vn -0.26513672 0.08508301 -0.9604492
vn -0.26513672 0.08508301 -0.9604492
vn -0.26513672 0.08508301 -0.9604492
vn 0.026229858 0.5336914 -0.84521484
vn 0.026229858 0.5336914 -0.84521484
vn 0.026229858 0.5336914 -0.84521484
vn 0.026229858 0.5336914 -0.84521484
vn 0.21130371 0.023590088 -0.9770508
vn 0.21130371 0.023590088 -0.9770508
vn 0.21130371 0.023590088 -0.9770508
vn 0.21130371 0.023590088 -0.9770508
vn 0.99902344 0.04071045 -0.023666382
vn 0.99902344 0.04071045 -0.023666382
vn 0.99902344 0.04071045 -0.023666382
vn 0.99902344 0.04071045 -0.023666382
vn -0.04840088 -0.019729614 -0.99853516
vn -0.04840088 -0.019729614 -0.99853516
vn -0.04840088 -0.019729614 -0.99853516
vn -0.04840088 -0.019729614 -0.99853516
vn 0.0023517609 0.609375 -0.79248047
vn 0.0023517609 0.609375 -0.79248047
vn 0.0023517609 0.609375 -0.79248047
vn 0.0023517609 0.609375 -0.79248047
vn -1 0.014221191 0.009124756
vn -1 0.014221191 0.009124756
vn -1 0.014221191 0.009124756
vn -1 0.014221191 0.009124756
vn -0.04333496 0.9580078 -0.2841797
vn -0.04333496 0.9580078 -0.2841797
vn -0.04333496 0.9580078 -0.2841797
vn -0.04333496 0.9580078 -0.2841797
vn -0.03390503 0.94873047 -0.3137207
vn -0.4033203 0.9145508 -0.026062012
vn -0.4033203 0.9145508 -0.026062012
vn -0.4033203 0.9145508 -0.026062012
vn -0.4033203 0.9145508 -0.026062012
vn -0.89404297 0.4482422 -0.006629944
vn -0.89404297 0.4482422 -0.006629944
vn -0.89404297 0.4482422 -0.006629944
vn -0.89404297 0.4482422 -0.006629944
vn -0.99902344 0.044311523 -0.020202637
vn -0.99902344 0.044311523 -0.020202637
vn -0.99902344 0.044311523 -0.020202637
vn -0.99902344 0.044311523 -0.020202637
vn 0.03173828 0.9091797 0.41479492
vn 0.03173828 0.9091797 0.41479492
vn 0.03173828 0.9091797 0.41479492
vn 0.03173828 0.9091797 0.41479492
vn -0.98046875 0.078430176 -0.18139648
vn -0.98046875 0.078430176 -0.18139648
vn -0.98046875 0.078430176 -0.18139648
vn -0.98046875 0.078430176 -0.18139648
vn -0.8051758 0.59228516 0.023117065
vn -0.8051758 0.59228516 0.023117065
vn -0.8051758 0.59228516 0.023117065
vn -0.8051758 0.59228516 0.023117065
vn -0.9995117 0.01689148 0.026519775
vn -0.9995117 0.01689148 0.026519775
vn -0.9995117 0.01689148 0.026519775
vn -0.9995117 0.01689148 0.026519775
vn -0.98779297 0.035247803 0.15185547
vn -0.98779297 0.035247803 0.15185547
vn -0.98779297 0.035247803 0.15185547
vn -0.98779297 0.035247803 0.15185547
vn -0.5546875 0.8183594 0.15026855
vn -0.5546875 0.8183594 0.15026855
vn -0.5546875 0.8183594 0.15026855
vn -0.5546875 0.8183594 0.15026855
vn 0.33911133 0.93359375 0.11651611
vn 0.33911133 0.93359375 0.11651611
vn 0.33911133 0.93359375 0.11651611
vn 0.33911133 0.93359375 0.11651611
vn 0.9970703 0.06732178 0.037353516
vn 0.9970703 0.06732178 0.037353516
vn 0.9970703 0.06732178 0.037353516
vn 0.9970703 0.06732178 0.037353516
vn 0.6821289 0.71191406 0.16687012
vn 0.6821289 0.71191406 0.16687012
vn 0.6821289 0.71191406 0.16687012
vn 0.6821289 0.71191406 0.16687012
vn 0.9291992 0.042877197 0.36694336
vn 0.9291992 0.042877197 0.36694336
vn 0.9291992 0.042877197 0.36694336
vn 0.9291992 0.042877197 0.36694336
vn 0.40649414 0.9135742 0.0066986084
vn 0.40649414 0.9135742 0.0066986084
vn 0.40649414 0.9135742 0.0066986084
vn 0.40649414 0.9135742 0.0066986084
vn -0.60595703 0.7763672 -0.17321777
vn -0.60595703 0.7763672 -0.17321777
vn -0.60595703 0.7763672 -0.17321777
vn -0.60595703 0.7763672 -0.17321777
vn -0.02494812 0.99902344 -0.0390625
vn -0.02494812 0.99902344 -0.0390625
vn -0.02494812 0.99902344 -0.0390625
vn -0.02494812 0.99902344 -0.0390625
vn 0.46679688 0.8198242 -0.3317871
vn 0.46679688 0.8198242 -0.3317871
vn 0.46679688 0.8198242 -0.3317871
vn 0.46679688 0.8198242 -0.3317871
vn -0.29174805 -0.8120117 -0.5053711
vn -0 -0.6225586 -0.78222656
vn -0.39111328 -0.6225586 -0.6777344
vn -0 -0.8120117 -0.5834961
vn 0.39111328 -0.6225586 -0.6777344
vn -0.5053711 -0.8120117 -0.29174805
vn -0.6777344 -0.6225586 -0.39111328
vn 0.29174805 -0.8120117 -0.5053711
vn 0.6777344 -0.6225586 -0.39111328
vn -0 -1 0
vn -0.5834961 -0.8120117 0
vn 0.5053711 -0.8120117 -0.29174805
vn -0.78222656 -0.6225586 0
vn 0.78222656 -0.6225586 0
vn -0.5053711 -0.8120117 0.29174805
vn -0.6777344 -0.6225586 0.39111328
vn 0.5834961 -0.8120117 0
vn 0.6777344 -0.6225586 0.39111328
vn -0.29174805 -0.8120117 0.5053711
vn -0.39111328 -0.6225586 0.6777344
vn 0.5053711 -0.8120117 0.29174805
vn 0.39111328 -0.6225586 0.6777344
vn -0 -0.8120117 0.5834961
vn -0 -0.6225586 0.78222656
vn 0.29174805 -0.8120117 0.5053711
vn -0 0.6147461 0.7885742
vn -0 0.8105469 0.5859375
vn 0.29296875 0.8105469 0.5073242
vn 0.3942871 0.6147461 0.68310547
vn -0.3942871 0.6147461 0.68310547
vn 0.5073242 0.8105469 0.29296875
vn 0.68310547 0.6147461 0.3942871
vn -0.29296875 0.8105469 0.5073242
vn -0.68310547 0.6147461 0.3942871
vn -0 1 0
vn 0.5859375 0.8105469 0
vn -0.5073242 0.8105469 0.29296875
vn 0.7885742 0.6147461 0
vn -0.7885742 0.6147461 0
vn 0.5073242 0.8105469 -0.29296875
vn 0.68310547 0.6147461 -0.3942871
vn -0.5859375 0.8105469 0
vn -0.68310547 0.6147461 -0.3942871
vn 0.29296875 0.8105469 -0.5073242
vn 0.3942871 0.6147461 -0.68310547
vn -0.5073242 0.8105469 -0.29296875
vn -0.3942871 0.6147461 -0.68310547
vn -0 0.8105469 -0.5859375
vn -0 0.6147461 -0.7885742
vn -0.29296875 0.8105469 -0.5073242
vn -0.29174805 -0.8120117 -0.5053711
vn -0 -0.6225586 -0.78222656
vn -0.39111328 -0.6225586 -0.6777344
vn -0 -0.8120117 -0.5834961
vn 0.39111328 -0.6225586 -0.6777344
vn -0.5053711 -0.8120117 -0.29174805
vn -0.6777344 -0.6225586 -0.39111328
vn 0.29174805 -0.8120117 -0.5053711
vn 0.6777344 -0.6225586 -0.39111328
vn -0 -1 0
vn -0.5834961 -0.8120117 0
vn 0.5053711 -0.8120117 -0.29174805
vn -0.78222656 -0.6225586 0
vn 0.78222656 -0.6225586 0
vn -0.5053711 -0.8120117 0.29174805
vn -0.6777344 -0.6225586 0.39111328
vn 0.5834961 -0.8120117 0
vn 0.6777344 -0.6225586 0.39111328
vn -0.29174805 -0.8120117 0.5053711
vn -0.39111328 -0.6225586 0.6777344
vn 0.5053711 -0.8120117 0.29174805
vn 0.39111328 -0.6225586 0.6777344
vn -0 -0.8120117 0.5834961
vn -0 -0.6225586 0.78222656
vn 0.29174805 -0.8120117 0.5053711
vn -0 0.6147461 0.7885742
vn -0 0.8105469 0.5859375
vn 0.29296875 0.8105469 0.5073242
vn 0.3942871 0.6147461 0.68310547
vn -0.3942871 0.6147461 0.68310547
vn 0.5073242 0.8105469 0.29296875
vn 0.68310547 0.6147461 0.3942871
vn -0.29296875 0.8105469 0.5073242
vn -0.68310547 0.6147461 0.3942871
vn -0 1 0
vn 0.5859375 0.8105469 0
vn -0.5073242 0.8105469 0.29296875
vn 0.7885742 0.6147461 0
vn -0.7885742 0.6147461 0
vn 0.5073242 0.8105469 -0.29296875
vn 0.68310547 0.6147461 -0.3942871
vn -0.5859375 0.8105469 0
vn -0.68310547 0.6147461 -0.3942871
vn 0.29296875 0.8105469 -0.5073242
vn 0.3942871 0.6147461 -0.68310547
vn -0.5073242 0.8105469 -0.29296875
vn -0.3942871 0.6147461 -0.68310547
vn -0 0.8105469 -0.5859375
vn -0 0.6147461 -0.7885742
vn -0.29296875 0.8105469 -0.5073242
vn -0.29174805 -0.8120117 -0.5053711
vn -0 -0.6225586 -0.78222656
vn -0.39111328 -0.6225586 -0.6777344
vn -0 -0.8120117 -0.5834961
vn 0.39111328 -0.6225586 -0.6777344
vn -0.5053711 -0.8120117 -0.29174805
vn -0.6777344 -0.6225586 -0.39111328
vn 0.29174805 -0.8120117 -0.5053711
vn 0.6777344 -0.6225586 -0.39111328
vn -0 -1 0
vn -0.5834961 -0.8120117 0
vn 0.5053711 -0.8120117 -0.29174805
vn -0.78222656 -0.6225586 0
vn 0.78222656 -0.6225586 0
vn -0.5053711 -0.8120117 0.29174805
vn -0.6777344 -0.6225586 0.39111328
vn 0.5834961 -0.8120117 0
vn 0.6777344 -0.6225586 0.39111328
vn -0.29174805 -0.8120117 0.5053711
vn -0.39111328 -0.6225586 0.6777344
vn 0.5053711 -0.8120117 0.29174805
vn 0.39111328 -0.6225586 0.6777344
vn -0 -0.8120117 0.5834961
vn -0 -0.6225586 0.78222656
vn 0.29174805 -0.8120117 0.5053711
vn -0 0.6147461 0.7885742
vn -0 0.8105469 0.5859375
vn 0.29296875 0.8105469 0.5073242
vn 0.3942871 0.6147461 0.68310547
vn -0.3942871 0.6147461 0.68310547
vn 0.5073242 0.8105469 0.29296875
vn 0.68310547 0.6147461 0.3942871
vn -0.29296875 0.8105469 0.5073242
vn -0.68310547 0.6147461 0.3942871
vn -0 1 0
vn 0.5859375 0.8105469 0
vn -0.5073242 0.8105469 0.29296875
vn 0.7885742 0.6147461 0
vn -0.7885742 0.6147461 0
vn 0.5073242 0.8105469 -0.29296875
vn 0.68310547 0.6147461 -0.3942871
vn -0.5859375 0.8105469 0
vn -0.68310547 0.6147461 -0.3942871
vn 0.29296875 0.8105469 -0.5073242
vn 0.3942871 0.6147461 -0.68310547
vn -0.5073242 0.8105469 -0.29296875
vn -0.3942871 0.6147461 -0.68310547
vn -0 0.8105469 -0.5859375
vn -0 0.6147461 -0.7885742
vn -0.29296875 0.8105469 -0.5073242
vn -0.29174805 -0.8120117 -0.5053711
vn -0 -0.6225586 -0.78222656
vn -0.39111328 -0.6225586 -0.6777344
vn -0 -0.8120117 -0.5834961
vn 0.39111328 -0.6225586 -0.6777344
vn -0.5053711 -0.8120117 -0.29174805
vn -0.6777344 -0.6225586 -0.39111328
vn 0.29174805 -0.8120117 -0.5053711
vn 0.6777344 -0.6225586 -0.39111328
vn -0 -1 0
vn -0.5834961 -0.8120117 0
vn 0.5053711 -0.8120117 -0.29174805
vn -0.78222656 -0.6225586 0
vn 0.78222656 -0.6225586 0
vn -0.5053711 -0.8120117 0.29174805
vn -0.6777344 -0.6225586 0.39111328
vn 0.5834961 -0.8120117 0
vn 0.6777344 -0.6225586 0.39111328
vn -0.29174805 -0.8120117 0.5053711
vn -0.39111328 -0.6225586 0.6777344
vn 0.5053711 -0.8120117 0.29174805
vn 0.39111328 -0.6225586 0.6777344
vn -0 -0.8120117 0.5834961
vn -0 -0.6225586 0.78222656
vn 0.29174805 -0.8120117 0.5053711
vn -0 0.6147461 0.7885742
vn -0 0.8105469 0.5859375
vn 0.29296875 0.8105469 0.5073242
vn 0.3942871 0.6147461 0.68310547
vn -0.3942871 0.6147461 0.68310547
vn 0.5073242 0.8105469 0.29296875
vn 0.68310547 0.6147461 0.3942871
vn -0.29296875 0.8105469 0.5073242
vn -0.68310547 0.6147461 0.3942871
vn -0 1 0
vn 0.5859375 0.8105469 0
vn -0.5073242 0.8105469 0.29296875
vn 0.7885742 0.6147461 0
vn -0.7885742 0.6147461 0
vn 0.5073242 0.8105469 -0.29296875
vn 0.68310547 0.6147461 -0.3942871
vn -0.5859375 0.8105469 0
vn -0.68310547 0.6147461 -0.3942871
vn 0.29296875 0.8105469 -0.5073242
vn 0.3942871 0.6147461 -0.68310547
vn -0.5073242 0.8105469 -0.29296875
vn -0.3942871 0.6147461 -0.68310547
vn -0 0.8105469 -0.5859375
vn -0 0.6147461 -0.7885742
vn -0.29296875 0.8105469 -0.5073242
vn 0.29174805 -0.8120117 -0.5053711
vn 0.39111328 -0.6225586 -0.6777344
vn -0 -0.6225586 -0.78222656
vn -0 -0.8120117 -0.5834961
vn -0.39111328 -0.6225586 -0.6777344
vn 0.5053711 -0.8120117 -0.29174805
vn 0.6777344 -0.6225586 -0.39111328
vn -0.29174805 -0.8120117 -0.5053711
vn -0.6777344 -0.6225586 -0.39111328
vn -0 -1 0
vn 0.5834961 -0.8120117 0
vn -0.5053711 -0.8120117 -0.29174805
vn 0.78222656 -0.6225586 0
vn -0.78222656 -0.6225586 0
vn 0.5053711 -0.8120117 0.29174805
vn 0.6777344 -0.6225586 0.39111328
vn -0.5834961 -0.8120117 0
vn -0.6777344 -0.6225586 0.39111328
vn 0.29174805 -0.8120117 0.5053711
vn 0.39111328 -0.6225586 0.6777344
vn -0.5053711 -0.8120117 0.29174805
vn -0.39111328 -0.6225586 0.6777344
vn -0 -0.8120117 0.5834961
vn -0 -0.6225586 0.78222656
vn -0.29174805 -0.8120117 0.5053711
vn -0 0.6147461 0.7885742
vn -0.3942871 0.6147461 0.68310547
vn -0.29296875 0.8105469 0.5073242
vn -0 0.8105469 0.5859375
vn 0.3942871 0.6147461 0.68310547
vn -0.5073242 0.8105469 0.29296875
vn -0.68310547 0.6147461 0.3942871
vn 0.29296875 0.8105469 0.5073242
vn 0.68310547 0.6147461 0.3942871
vn -0 1 0
vn -0.5859375 0.8105469 0
vn 0.5073242 0.8105469 0.29296875
vn -0.7885742 0.6147461 0
vn 0.7885742 0.6147461 0
vn -0.5073242 0.8105469 -0.29296875
vn -0.68310547 0.6147461 -0.3942871
vn 0.5859375 0.8105469 0
vn 0.68310547 0.6147461 -0.3942871
vn -0.29296875 0.8105469 -0.5073242
vn -0.3942871 0.6147461 -0.68310547
vn 0.5073242 0.8105469 -0.29296875
vn 0.3942871 0.6147461 -0.68310547
vn -0 0.8105469 -0.5859375
vn -0 0.6147461 -0.7885742
vn 0.29296875 0.8105469 -0.5073242
vn 0.29174805 -0.8120117 -0.5053711
vn 0.39111328 -0.6225586 -0.6777344
vn -0 -0.6225586 -0.78222656
vn -0 -0.8120117 -0.5834961
vn -0.39111328 -0.6225586 -0.6777344
vn 0.5053711 -0.8120117 -0.29174805
vn 0.6777344 -0.6225586 -0.39111328
vn -0.29174805 -0.8120117 -0.5053711
vn -0.6777344 -0.6225586 -0.39111328
vn -0 -1 0
vn 0.5834961 -0.8120117 0
vn -0.5053711 -0.8120117 -0.29174805
vn 0.78222656 -0.6225586 0
vn -0.78222656 -0.6225586 0
vn 0.5053711 -0.8120117 0.29174805
vn 0.6777344 -0.6225586 0.39111328
vn -0.5834961 -0.8120117 0
vn -0.6777344 -0.6225586 0.39111328
vn 0.29174805 -0.8120117 0.5053711
vn 0.39111328 -0.6225586 0.6777344
vn -0.5053711 -0.8120117 0.29174805
vn -0.39111328 -0.6225586 0.6777344
vn -0 -0.8120117 0.5834961
vn -0 -0.6225586 0.78222656
vn -0.29174805 -0.8120117 0.5053711
vn -0 0.6147461 0.7885742
vn -0.3942871 0.6147461 0.68310547
vn -0.29296875 0.8105469 0.5073242
vn -0 0.8105469 0.5859375
vn 0.3942871 0.6147461 0.68310547
vn -0.5073242 0.8105469 0.29296875
vn -0.68310547 0.6147461 0.3942871
vn 0.29296875 0.8105469 0.5073242
vn 0.68310547 0.6147461 0.3942871
vn -0 1 0
vn -0.5859375 0.8105469 0
vn 0.5073242 0.8105469 0.29296875
vn -0.7885742 0.6147461 0
vn 0.7885742 0.6147461 0
vn -0.5073242 0.8105469 -0.29296875
vn -0.68310547 0.6147461 -0.3942871
vn 0.5859375 0.8105469 0
vn 0.68310547 0.6147461 -0.3942871
vn -0.29296875 0.8105469 -0.5073242
vn -0.3942871 0.6147461 -0.68310547
vn 0.5073242 0.8105469 -0.29296875
vn 0.3942871 0.6147461 -0.68310547
vn -0 0.8105469 -0.5859375
vn -0 0.6147461 -0.7885742
vn 0.29296875 0.8105469 -0.5073242
vn 0.29174805 -0.8120117 -0.5053711
vn 0.39111328 -0.6225586 -0.6777344
vn -0 -0.6225586 -0.78222656
vn -0 -0.8120117 -0.5834961
vn -0.39111328 -0.6225586 -0.6777344
vn 0.5053711 -0.8120117 -0.29174805
vn 0.6777344 -0.6225586 -0.39111328
vn -0.29174805 -0.8120117 -0.5053711
vn -0.6777344 -0.6225586 -0.39111328
vn -0 -1 0
vn 0.5834961 -0.8120117 0
vn -0.5053711 -0.8120117 -0.29174805
vn 0.78222656 -0.6225586 0
vn -0.78222656 -0.6225586 0
vn 0.5053711 -0.8120117 0.29174805
vn 0.6777344 -0.6225586 0.39111328
vn -0.5834961 -0.8120117 0
vn -0.6777344 -0.6225586 0.39111328
vn 0.29174805 -0.8120117 0.5053711
vn 0.39111328 -0.6225586 0.6777344
vn -0.5053711 -0.8120117 0.29174805
vn -0.39111328 -0.6225586 0.6777344
vn -0 -0.8120117 0.5834961
vn -0 -0.6225586 0.78222656
vn -0.29174805 -0.8120117 0.5053711
vn -0 0.6147461 0.7885742
vn -0.3942871 0.6147461 0.68310547
vn -0.29296875 0.8105469 0.5073242
vn -0 0.8105469 0.5859375
vn 0.3942871 0.6147461 0.68310547
vn -0.5073242 0.8105469 0.29296875
vn -0.68310547 0.6147461 0.3942871
vn 0.29296875 0.8105469 0.5073242
vn 0.68310547 0.6147461 0.3942871
vn -0 1 0
vn -0.5859375 0.8105469 0
vn 0.5073242 0.8105469 0.29296875
vn -0.7885742 0.6147461 0
vn 0.7885742 0.6147461 0
vn -0.5073242 0.8105469 -0.29296875
vn -0.68310547 0.6147461 -0.3942871
vn 0.5859375 0.8105469 0
vn 0.68310547 0.6147461 -0.3942871
vn -0.29296875 0.8105469 -0.5073242
vn -0.3942871 0.6147461 -0.68310547
vn 0.5073242 0.8105469 -0.29296875
vn 0.3942871 0.6147461 -0.68310547
vn -0 0.8105469 -0.5859375
vn -0 0.6147461 -0.7885742
vn 0.29296875 0.8105469 -0.5073242
vn 0.29174805 -0.8120117 -0.5053711
vn 0.39111328 -0.6225586 -0.6777344
vn -0 -0.6225586 -0.78222656
vn -0 -0.8120117 -0.5834961
vn -0.39111328 -0.6225586 -0.6777344
vn 0.5053711 -0.8120117 -0.29174805
vn 0.6777344 -0.6225586 -0.39111328
vn -0.29174805 -0.8120117 -0.5053711
vn -0.6777344 -0.6225586 -0.39111328
vn -0 -1 0
vn 0.5834961 -0.8120117 0
vn -0.5053711 -0.8120117 -0.29174805
vn 0.78222656 -0.6225586 0
vn -0.78222656 -0.6225586 0
vn 0.5053711 -0.8120117 0.29174805
vn 0.6777344 -0.6225586 0.39111328
vn -0.5834961 -0.8120117 0
vn -0.6777344 -0.6225586 0.39111328
vn 0.29174805 -0.8120117 0.5053711
vn 0.39111328 -0.6225586 0.6777344
vn -0.5053711 -0.8120117 0.29174805
vn -0.39111328 -0.6225586 0.6777344
vn -0 -0.8120117 0.5834961
vn -0 -0.6225586 0.78222656
vn -0.29174805 -0.8120117 0.5053711
vn -0 0.6147461 0.7885742
vn -0.3942871 0.6147461 0.68310547
vn -0.29296875 0.8105469 0.5073242
vn -0 0.8105469 0.5859375
vn 0.3942871 0.6147461 0.68310547
vn -0.5073242 0.8105469 0.29296875
vn -0.68310547 0.6147461 0.3942871
vn 0.29296875 0.8105469 0.5073242
vn 0.68310547 0.6147461 0.3942871
vn -0 1 0
vn -0.5859375 0.8105469 0
vn 0.5073242 0.8105469 0.29296875
vn -0.7885742 0.6147461 0
vn 0.7885742 0.6147461 0
vn -0.5073242 0.8105469 -0.29296875
vn -0.68310547 0.6147461 -0.3942871
vn 0.5859375 0.8105469 0
vn 0.68310547 0.6147461 -0.3942871
vn -0.29296875 0.8105469 -0.5073242
vn -0.3942871 0.6147461 -0.68310547
vn 0.5073242 0.8105469 -0.29296875
vn 0.3942871 0.6147461 -0.68310547
vn -0 0.8105469 -0.5859375
vn -0 0.6147461 -0.7885742
vn 0.29296875 0.8105469 -0.5073242
vn -0 0.78222656 -0.6225586
vn -0 0.78222656 -0.6225586
vn -0.3112793 0.78222656 -0.5390625
vn -0.3112793 0.78222656 -0.5390625
vn 0.3112793 0.78222656 -0.5390625
vn -0.5390625 0.78222656 -0.3112793
vn 0.3112793 0.78222656 -0.5390625
vn -0.5390625 0.78222656 -0.3112793
vn 0.5390625 0.78222656 -0.3112793
vn -0.6225586 0.78222656 0
vn 0.5390625 0.78222656 -0.3112793
vn -0.6225586 0.78222656 0
vn 0.6225586 0.78222656 0
vn -0.5390625 0.78222656 0.3112793
vn 0.6225586 0.78222656 0
vn -0.5390625 0.78222656 0.3112793
vn 0.5390625 0.78222656 0.3112793
vn -0.3112793 0.78222656 0.5390625
vn 0.5390625 0.78222656 0.3112793
vn -0.3112793 0.78222656 0.5390625
vn 0.3112793 0.78222656 0.5390625
vn -0 0.78222656 0.6225586
vn 0.3112793 0.78222656 0.5390625
vn -0 0.78222656 0.6225586
vn -0 0.78222656 -0.6225586
vn -0 0.78222656 -0.6225586
vn -0.3112793 0.78222656 -0.5390625
vn -0.3112793 0.78222656 -0.5390625
vn 0.3112793 0.78222656 -0.5390625
vn -0.5390625 0.78222656 -0.3112793
vn 0.3112793 0.78222656 -0.5390625
vn -0.5390625 0.78222656 -0.3112793
vn 0.5390625 0.78222656 -0.3112793
vn -0.6225586 0.78222656 0
vn 0.5390625 0.78222656 -0.3112793
vn -0.6225586 0.78222656 0
vn 0.6225586 0.78222656 0
vn -0.5390625 0.78222656 0.3112793
vn 0.6225586 0.78222656 0
vn -0.5390625 0.78222656 0.3112793
vn 0.5390625 0.78222656 0.3112793
vn -0.3112793 0.78222656 0.5390625
vn 0.5390625 0.78222656 0.3112793
vn -0.3112793 0.78222656 0.5390625
vn 0.3112793 0.78222656 0.5390625
vn -0 0.78222656 0.6225586
vn 0.3112793 0.78222656 0.5390625
vn -0 0.78222656 0.6225586
vn -0 0.78222656 -0.6225586
vn -0 0.78222656 -0.6225586
vn -0.3112793 0.78222656 -0.5390625
vn -0.3112793 0.78222656 -0.5390625
vn 0.3112793 0.78222656 -0.5395508
vn -0.5390625 0.78222656 -0.3112793
vn 0.3112793 0.78222656 -0.5395508
vn -0.5390625 0.78222656 -0.3112793
vn 0.5390625 0.78222656 -0.3112793
vn -0.6225586 0.78222656 0
vn 0.5390625 0.78222656 -0.3112793
vn -0.6225586 0.78222656 0
vn 0.6225586 0.78222656 0
vn -0.5390625 0.78222656 0.3112793
vn 0.6225586 0.78222656 0
vn -0.5390625 0.78222656 0.3112793
vn 0.5390625 0.78222656 0.3112793
vn -0.3112793 0.78222656 0.5390625
vn 0.5390625 0.78222656 0.3112793
vn -0.3112793 0.78222656 0.5390625
vn 0.3112793 0.78222656 0.5390625
vn -0 0.78222656 0.6225586
vn 0.3112793 0.78222656 0.5390625
vn -0 0.78222656 0.6225586
vn -0 0.78222656 -0.6225586
vn -0 0.78222656 -0.6225586
vn -0.3112793 0.78222656 -0.5390625
vn -0.3112793 0.78222656 -0.5390625
vn 0.3112793 0.78222656 -0.5390625
vn -0.5390625 0.78222656 -0.3112793
vn 0.3112793 0.78222656 -0.5390625
vn -0.5390625 0.78222656 -0.3112793
vn 0.5390625 0.78222656 -0.3112793
vn -0.6225586 0.78222656 0
vn 0.5390625 0.78222656 -0.3112793
vn -0.6225586 0.78222656 0
vn 0.6225586 0.78222656 0
vn -0.5390625 0.78222656 0.3112793
vn 0.6225586 0.78222656 0
vn -0.5390625 0.78222656 0.3112793
vn 0.5390625 0.78222656 0.3112793
vn -0.3112793 0.78222656 0.5390625
vn 0.5390625 0.78222656 0.3112793
vn -0.3112793 0.78222656 0.5390625
vn 0.3112793 0.78222656 0.5390625
vn -0 0.78222656 0.6225586
vn 0.3112793 0.78222656 0.5390625
vn -0 0.78222656 0.6225586
vn -0 0.78222656 -0.6225586
vn 0.3112793 0.78222656 -0.5390625
vn 0.3112793 0.78222656 -0.5390625
vn -0 0.78222656 -0.6225586
vn 0.5390625 0.78222656 -0.3112793
vn -0.3112793 0.78222656 -0.5390625
vn 0.5390625 0.78222656 -0.3112793
vn -0.3112793 0.78222656 -0.5390625
vn 0.6225586 0.78222656 0
vn -0.5390625 0.78222656 -0.3112793
vn 0.6225586 0.78222656 0
vn -0.5390625 0.78222656 -0.3112793
vn 0.5390625 0.78222656 0.3112793
vn -0.6225586 0.78222656 0
vn 0.5390625 0.78222656 0.3112793
vn -0.6225586 0.78222656 0
vn 0.3112793 0.78222656 0.5390625
vn -0.5390625 0.78222656 0.3112793
vn 0.3112793 0.78222656 0.5390625
vn -0.5390625 0.78222656 0.3112793
vn -0 0.78222656 0.6225586
vn -0.3112793 0.78222656 0.5390625
vn -0 0.78222656 0.6225586
vn -0.3112793 0.78222656 0.5390625
vn -0 0.78222656 -0.6225586
vn 0.3112793 0.78222656 -0.5390625
vn 0.3112793 0.78222656 -0.5390625
vn -0 0.78222656 -0.6225586
vn 0.5390625 0.78222656 -0.3112793
vn -0.3112793 0.78222656 -0.5390625
vn 0.5390625 0.78222656 -0.3112793
vn -0.3112793 0.78222656 -0.5390625
vn 0.6225586 0.78222656 0
vn -0.5390625 0.78222656 -0.3112793
vn 0.6225586 0.78222656 0
vn -0.5390625 0.78222656 -0.3112793
vn 0.5390625 0.78222656 0.3112793
vn -0.6225586 0.78222656 0
vn 0.5390625 0.78222656 0.3112793
vn -0.6225586 0.78222656 0
vn 0.3112793 0.78222656 0.5390625
vn -0.5390625 0.78222656 0.3112793
vn 0.3112793 0.78222656 0.5390625
vn -0.5390625 0.78222656 0.3112793
vn -0 0.78222656 0.6225586
vn -0.3112793 0.78222656 0.5390625
vn -0 0.78222656 0.6225586
vn -0.3112793 0.78222656 0.5390625
vn -0 0.78222656 -0.6225586
vn 0.3112793 0.78222656 -0.5390625
vn 0.3112793 0.78222656 -0.5390625
vn -0 0.78222656 -0.6225586
vn 0.5390625 0.78222656 -0.3112793
vn -0.3112793 0.78222656 -0.5395508
vn 0.5390625 0.78222656 -0.3112793
vn -0.3112793 0.78222656 -0.5395508
vn 0.6225586 0.78222656 0
vn -0.5390625 0.78222656 -0.3112793
vn 0.6225586 0.78222656 0
vn -0.5390625 0.78222656 -0.3112793
vn 0.5390625 0.78222656 0.3112793
vn -0.6225586 0.78222656 0
vn 0.5390625 0.78222656 0.3112793
vn -0.6225586 0.78222656 0
vn 0.3112793 0.78222656 0.5390625
vn -0.5390625 0.78222656 0.3112793
vn 0.3112793 0.78222656 0.5390625
vn -0.5390625 0.78222656 0.3112793
vn -0 0.78222656 0.6225586
vn -0.3112793 0.78222656 0.5390625
vn -0 0.78222656 0.6225586
vn -0.3112793 0.78222656 0.5390625
vn -0 0.78222656 -0.6225586
vn 0.3112793 0.78222656 -0.5390625
vn 0.3112793 0.78222656 -0.5390625
vn -0 0.78222656 -0.6225586
vn 0.5390625 0.78222656 -0.3112793
vn -0.3112793 0.78222656 -0.5390625
vn 0.5390625 0.78222656 -0.3112793
vn -0.3112793 0.78222656 -0.5390625
vn 0.6225586 0.78222656 0
vn -0.5390625 0.78222656 -0.3112793
vn 0.6225586 0.78222656 0
vn -0.5390625 0.78222656 -0.3112793
vn 0.5390625 0.78222656 0.3112793
vn -0.6225586 0.78222656 0
vn 0.5390625 0.78222656 0.3112793
vn -0.6225586 0.78222656 0
vn 0.3112793 0.78222656 0.5390625
vn -0.5390625 0.78222656 0.3112793
vn 0.3112793 0.78222656 0.5390625
vn -0.5390625 0.78222656 0.3112793
vn -0 0.78222656 0.6225586
vn -0.3112793 0.78222656 0.5390625
vn -0 0.78222656 0.6225586
vn -0.3112793 0.78222656 0.5390625
g GuardTower_1_1_0
f 3/3/3 2/2/2 1/1/1
f 6/6/6 5/5/5 4/4/4
f 9/9/9 8/8/8 7/7/7
f 12/12/12 11/11/11 10/10/10
f 15/15/15 14/14/14 13/13/13
f 18/18/18 17/17/17 16/16/16
f 21/21/21 20/20/20 19/19/19
f 24/24/24 23/23/23 22/22/22
f 27/27/27 26/26/26 25/25/25
f 30/30/30 29/29/29 28/28/28
f 28/28/28 32/32/32 31/31/31
f 32/32/32 33/33/33 31/31/31
f 36/36/36 35/35/35 34/34/34
f 39/39/39 38/38/38 37/37/37
f 42/42/42 41/41/41 40/40/40
f 45/45/45 44/44/44 43/43/43
f 48/48/48 47/47/47 46/46/46
f 51/51/51 50/50/50 49/49/49
f 54/54/54 53/53/53 52/52/52
f 57/57/57 56/56/56 55/55/55
f 60/60/60 59/59/59 58/58/58
f 62/62/62 58/58/58 61/61/61
f 63/63/63 62/62/62 61/61/61
f 66/66/66 65/65/65 64/64/64
f 69/69/69 68/68/68 67/67/67
f 72/72/72 71/71/71 70/70/70
f 75/75/75 74/74/74 73/73/73
f 78/78/78 77/77/77 76/76/76
f 81/81/81 80/80/80 79/79/79
f 84/84/84 83/83/83 82/82/82
f 87/87/87 86/86/86 85/85/85
f 90/90/90 89/89/89 88/88/88
f 93/93/93 92/92/92 91/91/91
f 96/96/96 95/95/95 94/94/94
f 98/98/98 94/94/94 97/97/97
f 99/99/99 98/98/98 97/97/97
f 102/102/102 101/101/101 100/100/100
f 105/105/105 104/104/104 103/103/103
f 108/108/108 107/107/107 106/106/106
f 111/111/111 110/110/110 109/109/109
f 114/114/114 113/113/113 112/112/112
f 117/117/117 116/116/116 115/115/115
f 120/120/120 119/119/119 118/118/118
f 123/123/123 122/122/122 121/121/121
f 126/126/126 125/125/125 124/124/124
f 124/124/124 128/128/128 127/127/127
f 128/128/128 129/129/129 127/127/127
f 132/132/132 131/131/131 130/130/130
f 135/135/135 134/134/134 133/133/133
f 138/138/138 137/137/137 136/136/136
f 141/141/141 140/140/140 139/139/139
f 144/144/144 143/143/143 142/142/142
f 147/147/147 146/146/146 145/145/145
f 150/150/150 149/149/149 148/148/148
f 153/153/153 152/152/152 151/151/151
f 156/156/156 155/155/155 154/154/154
f 159/159/159 158/158/158 157/157/157
f 162/162/162 161/161/161 160/160/160
f 165/165/165 164/164/164 163/163/163
f 168/168/168 167/167/167 166/166/166
f 171/171/171 170/170/170 169/169/169
f 174/174/174 173/173/173 172/172/172
f 177/177/177 176/176/176 175/175/175
f 180/180/180 179/179/179 178/178/178
f 182/182/182 180/180/180 181/181/181
f 183/183/183 182/182/182 181/181/181
f 186/186/186 185/185/185 184/184/184
f 189/189/189 188/188/188 187/187/187
f 192/192/192 191/191/191 190/190/190
f 195/195/195 194/194/194 193/193/193
f 198/198/198 197/197/197 196/196/196
f 201/201/201 200/200/200 199/199/199
f 204/204/204 203/203/203 202/202/202
f 207/207/207 206/206/206 205/205/205
f 210/210/210 209/209/209 208/208/208
f 213/213/213 212/212/212 211/211/211
f 216/216/216 215/215/215 214/214/214
f 219/219/219 218/218/218 217/217/217
f 222/222/222 221/221/221 220/220/220
f 225/225/225 224/224/224 223/223/223
f 228/228/228 227/227/227 226/226/226
f 231/231/231 230/230/230 229/229/229
f 234/234/234 233/233/233 232/232/232
f 236/236/236 234/234/234 235/235/235
f 237/237/237 236/236/236 235/235/235
f 240/240/240 239/239/239 238/238/238
f 243/243/243 242/242/242 241/241/241
f 246/246/246 245/245/245 244/244/244
f 249/249/249 248/248/248 247/247/247
f 252/252/252 251/251/251 250/250/250
f 255/255/255 254/254/254 253/253/253
f 258/258/258 257/257/257 256/256/256
f 261/261/261 260/260/260 259/259/259
f 264/264/264 263/263/263 262/262/262
f 267/267/267 266/266/266 265/265/265
f 270/270/270 269/269/269 268/268/268
f 273/273/273 272/272/272 271/271/271
f 276/276/276 275/275/275 274/274/274
f 279/279/279 278/278/278 277/277/277
f 282/282/282 281/281/281 280/280/280
f 285/285/285 284/284/284 283/283/283
f 288/288/288 287/287/287 286/286/286
f 291/291/291 290/290/290 289/289/289
f 293/293/293 291/291/291 292/292/292
f 294/294/294 293/293/293 292/292/292
f 297/297/297 296/296/296 295/295/295
f 300/300/300 299/299/299 298/298/298
f 303/303/303 302/302/302 301/301/301
f 306/306/306 305/305/305 304/304/304
f 309/309/309 308/308/308 307/307/307
f 312/312/312 311/311/311 310/310/310
f 315/315/315 314/314/314 313/313/313
f 318/318/318 317/317/317 316/316/316
f 321/321/321 320/320/320 319/319/319
f 324/324/324 323/323/323 322/322/322
f 327/327/327 326/326/326 325/325/325
f 330/330/330 329/329/329 328/328/328
f 333/333/333 332/332/332 331/331/331
f 333/333/333 335/335/335 334/334/334
f 335/335/335 336/336/336 334/334/334
f 339/339/339 338/338/338 337/337/337
f 342/342/342 341/341/341 340/340/340
f 345/345/345 344/344/344 343/343/343
f 348/348/348 347/347/347 346/346/346
f 351/351/351 350/350/350 349/349/349
f 354/354/354 353/353/353 352/352/352
f 357/357/357 356/356/356 355/355/355
f 360/360/360 359/359/359 358/358/358
f 363/363/363 362/362/362 361/361/361
f 366/366/366 365/365/365 364/364/364
f 369/369/369 368/368/368 367/367/367
f 372/372/372 371/371/371 370/370/370
f 375/375/375 374/374/374 373/373/373
f 378/378/378 377/377/377 376/376/376
f 378/378/378 380/380/380 379/379/379
f 380/380/380 381/381/381 379/379/379
f 384/384/384 383/383/383 382/382/382
f 387/387/387 386/386/386 385/385/385
f 390/390/390 389/389/389 388/388/388
f 393/393/393 392/392/392 391/391/391
f 396/396/396 395/395/395 394/394/394
f 399/399/399 398/398/398 397/397/397
f 402/402/402 401/401/401 400/400/400
f 405/405/405 404/404/404 403/403/403
f 408/408/408 407/407/407 406/406/406
f 411/411/411 410/410/410 409/409/409
f 414/414/414 413/413/413 412/412/412
f 417/417/417 416/416/416 415/415/415
f 420/420/420 419/419/419 418/418/418
f 423/423/423 422/422/422 421/421/421
f 426/426/426 425/425/425 424/424/424
f 429/429/429 428/428/428 427/427/427
f 432/432/432 431/431/431 430/430/430
f 435/435/435 434/434/434 433/433/433
f 438/438/438 437/437/437 436/436/436
f 437/437/437 440/440/440 439/439/439
f 440/440/440 441/441/441 439/439/439
f 444/444/444 443/443/443 442/442/442
f 447/447/447 446/446/446 445/445/445
f 450/450/450 449/449/449 448/448/448
f 453/453/453 452/452/452 451/451/451
f 456/456/456 455/455/455 454/454/454
f 459/459/459 458/458/458 457/457/457
f 462/462/462 461/461/461 460/460/460
f 465/465/465 464/464/464 463/463/463
f 468/468/468 467/467/467 466/466/466
f 471/471/471 470/470/470 469/469/469
f 474/474/474 473/473/473 472/472/472
f 477/477/477 476/476/476 475/475/475
f 480/480/480 479/479/479 478/478/478
f 482/482/482 479/479/479 481/481/481
f 483/483/483 482/482/482 481/481/481
f 486/486/486 485/485/485 484/484/484
f 489/489/489 488/488/488 487/487/487
f 492/492/492 491/491/491 490/490/490
f 495/495/495 494/494/494 493/493/493
f 498/498/498 497/497/497 496/496/496
f 501/501/501 500/500/500 499/499/499
f 504/504/504 503/503/503 502/502/502
f 507/507/507 506/506/506 505/505/505
f 510/510/510 509/509/509 508/508/508
f 513/513/513 512/512/512 511/511/511
f 516/516/516 515/515/515 514/514/514
f 519/519/519 518/518/518 517/517/517
f 522/522/522 521/521/521 520/520/520
f 525/525/525 524/524/524 523/523/523
f 528/528/528 527/527/527 526/526/526
f 531/531/531 530/530/530 529/529/529
f 534/534/534 533/533/533 532/532/532
f 537/537/537 536/536/536 535/535/535
f 539/539/539 537/537/537 538/538/538
f 540/540/540 539/539/539 538/538/538
f 543/543/543 542/542/542 541/541/541
f 546/546/546 545/545/545 544/544/544
f 549/549/549 548/548/548 547/547/547
f 552/552/552 551/551/551 550/550/550
f 553/553/553 552/552/552 550/550/550
f 556/556/556 555/555/555 554/554/554
f 557/557/557 556/556/556 554/554/554
f 560/560/560 559/559/559 558/558/558
f 561/561/561 560/560/560 558/558/558
f 564/564/564 563/563/563 562/562/562
f 565/565/565 564/564/564 562/562/562
f 568/568/568 567/567/567 566/566/566
f 569/569/569 568/568/568 566/566/566
f 572/572/572 571/571/571 570/570/570
f 573/573/573 572/572/572 570/570/570
f 575/575/575 573/573/573 574/574/574
f 576/576/576 575/575/575 574/574/574
f 579/579/579 578/578/578 577/577/577
f 580/580/580 579/579/579 577/577/577
f 583/583/583 582/582/582 581/581/581
f 584/584/584 583/583/583 581/581/581
f 587/587/587 586/586/586 585/585/585
f 588/588/588 587/587/587 585/585/585
f 591/591/591 590/590/590 589/589/589
f 592/592/592 591/591/591 589/589/589
f 595/595/595 594/594/594 593/593/593
f 596/596/596 595/595/595 593/593/593
f 599/599/599 598/598/598 597/597/597
f 600/600/600 599/599/599 597/597/597
f 603/603/603 602/602/602 601/601/601
f 604/604/604 603/603/603 601/601/601
f 607/607/607 606/606/606 605/605/605
f 608/608/608 607/607/607 605/605/605
f 611/611/611 610/610/610 609/609/609
f 612/612/612 611/611/611 609/609/609
f 615/615/615 614/614/614 613/613/613
f 616/616/616 615/615/615 613/613/613
f 619/619/619 618/618/618 617/617/617
f 620/620/620 619/619/619 617/617/617
f 623/623/623 622/622/622 621/621/621
f 624/624/624 623/623/623 621/621/621
f 627/627/627 626/626/626 625/625/625
f 628/628/628 627/627/627 625/625/625
f 631/631/631 630/630/630 629/629/629
f 632/632/632 631/631/631 629/629/629
f 629/629/629 634/634/634 633/633/633
f 635/635/635 629/629/629 633/633/633
f 638/638/638 637/637/637 636/636/636
f 639/639/639 638/638/638 636/636/636
f 642/642/642 641/641/641 640/640/640
f 643/643/643 642/642/642 640/640/640
f 646/646/646 645/645/645 644/644/644
f 647/647/647 646/646/646 644/644/644
f 650/650/650 649/649/649 648/648/648
f 651/651/651 650/650/650 648/648/648
f 654/654/654 653/653/653 652/652/652
f 655/655/655 654/654/654 652/652/652
f 658/658/658 657/657/657 656/656/656
f 659/659/659 658/658/658 656/656/656
f 662/662/662 661/661/661 660/660/660
f 663/663/663 662/662/662 660/660/660
f 666/666/666 665/665/665 664/664/664
f 667/667/667 666/666/666 664/664/664
f 670/670/670 669/669/669 668/668/668
f 671/671/671 670/670/670 668/668/668
f 674/674/674 673/673/673 672/672/672
f 675/675/675 674/674/674 672/672/672
f 678/678/678 677/677/677 676/676/676
f 679/679/679 678/678/678 676/676/676
f 682/682/682 681/681/681 680/680/680
f 683/683/683 682/682/682 680/680/680
f 686/686/686 685/685/685 684/684/684
f 687/687/687 686/686/686 684/684/684
f 690/690/690 689/689/689 688/688/688
f 691/691/691 690/690/690 688/688/688
f 694/694/694 693/693/693 692/692/692
f 695/695/695 694/694/694 692/692/692
f 698/698/698 697/697/697 696/696/696
f 697/697/697 699/699/699 696/696/696
f 696/696/696 699/699/699 700/700/700
f 703/703/703 702/702/702 701/701/701
f 704/704/704 703/703/703 701/701/701
f 707/707/707 706/706/706 705/705/705
f 708/708/708 707/707/707 705/705/705
f 711/711/711 710/710/710 709/709/709
f 712/712/712 711/711/711 709/709/709
f 715/715/715 714/714/714 713/713/713
f 716/716/716 715/715/715 713/713/713
f 719/719/719 718/718/718 717/717/717
f 720/720/720 719/719/719 717/717/717
f 723/723/723 722/722/722 721/721/721
f 724/724/724 723/723/723 721/721/721
f 727/727/727 726/726/726 725/725/725
f 728/728/728 727/727/727 725/725/725
f 731/731/731 730/730/730 729/729/729
f 732/732/732 731/731/731 729/729/729
f 735/735/735 734/734/734 733/733/733
f 736/736/736 735/735/735 733/733/733
f 739/739/739 738/738/738 737/737/737
f 740/740/740 739/739/739 737/737/737
f 743/743/743 742/742/742 741/741/741
f 742/742/742 744/744/744 741/741/741
f 744/744/744 746/746/746 745/745/745
f 746/746/746 747/747/747 745/745/745
f 750/750/750 749/749/749 748/748/748
f 751/751/751 750/750/750 748/748/748
f 754/754/754 753/753/753 752/752/752
f 755/755/755 754/754/754 752/752/752
f 758/758/758 757/757/757 756/756/756
f 759/759/759 758/758/758 756/756/756
f 762/762/762 761/761/761 760/760/760
f 763/763/763 762/762/762 760/760/760
f 766/766/766 765/765/765 764/764/764
f 767/767/767 766/766/766 764/764/764
f 770/770/770 769/769/769 768/768/768
f 771/771/771 770/770/770 768/768/768
f 774/774/774 773/773/773 772/772/772
f 775/775/775 774/774/774 772/772/772
f 778/778/778 777/777/777 776/776/776
f 779/779/779 778/778/778 776/776/776
f 782/782/782 781/781/781 780/780/780
f 783/783/783 782/782/782 780/780/780
f 786/786/786 785/785/785 784/784/784
f 787/787/787 786/786/786 784/784/784
f 790/790/790 789/789/789 788/788/788
f 791/791/791 790/790/790 788/788/788
f 794/794/794 793/793/793 792/792/792
f 795/795/795 794/794/794 792/792/792
f 798/798/798 797/797/797 796/796/796
f 799/799/799 798/798/798 796/796/796
f 802/802/802 801/801/801 800/800/800
f 803/803/803 802/802/802 800/800/800
f 800/800/800 805/805/805 804/804/804
f 806/806/806 800/800/800 804/804/804
f 809/809/809 808/808/808 807/807/807
f 810/810/810 809/809/809 807/807/807
f 813/813/813 812/812/812 811/811/811
f 814/814/814 813/813/813 811/811/811
f 817/817/817 816/816/816 815/815/815
f 818/818/818 817/817/817 815/815/815
f 821/821/821 820/820/820 819/819/819
f 822/822/822 821/821/821 819/819/819
f 825/825/825 824/824/824 823/823/823
f 826/826/826 825/825/825 823/823/823
f 829/829/829 828/828/828 827/827/827
f 830/830/830 829/829/829 827/827/827
f 833/833/833 832/832/832 831/831/831
f 834/834/834 833/833/833 831/831/831
f 837/837/837 836/836/836 835/835/835
f 838/838/838 837/837/837 835/835/835
f 841/841/841 840/840/840 839/839/839
f 842/842/842 841/841/841 839/839/839
f 845/845/845 844/844/844 843/843/843
f 846/846/846 845/845/845 843/843/843
f 849/849/849 848/848/848 847/847/847
f 850/850/850 849/849/849 847/847/847
f 853/853/853 852/852/852 851/851/851
f 854/854/854 853/853/853 851/851/851
f 857/857/857 856/856/856 855/855/855
f 858/858/858 857/857/857 855/855/855
f 861/861/861 860/860/860 859/859/859
f 862/862/862 861/861/861 859/859/859
f 865/865/865 864/864/864 863/863/863
f 866/866/866 865/865/865 863/863/863
f 869/869/869 868/868/868 867/867/867
f 870/870/870 869/869/869 867/867/867
f 873/873/873 872/872/872 871/871/871
f 874/874/874 873/873/873 871/871/871
f 877/877/877 876/876/876 875/875/875
f 878/878/878 877/877/877 875/875/875
f 881/881/881 880/880/880 879/879/879
f 882/882/882 881/881/881 879/879/879
f 882/882/882 879/879/879 883/883/883
f 886/886/886 885/885/885 884/884/884
f 887/887/887 886/886/886 884/884/884
f 890/890/890 889/889/889 888/888/888
f 891/891/891 890/890/890 888/888/888
f 894/894/894 893/893/893 892/892/892
f 895/895/895 894/894/894 892/892/892
f 898/898/898 897/897/897 896/896/896
f 899/899/899 898/898/898 896/896/896
f 902/902/902 901/901/901 900/900/900
f 903/903/903 902/902/902 900/900/900
f 906/906/906 905/905/905 904/904/904
f 907/907/907 906/906/906 904/904/904
f 907/907/907 904/904/904 908/908/908
f 909/909/909 907/907/907 908/908/908
f 909/909/909 908/908/908 910/910/910
f 911/911/911 909/909/909 910/910/910
f 911/911/911 910/910/910 912/912/912
f 913/913/913 911/911/911 912/912/912
f 916/916/916 915/915/915 914/914/914
f 917/917/917 916/916/916 914/914/914
f 920/920/920 919/919/919 918/918/918
f 921/921/921 920/920/920 918/918/918
f 924/924/924 923/923/923 922/922/922
f 925/925/925 924/924/924 922/922/922
f 928/928/928 927/927/927 926/926/926
f 929/929/929 928/928/928 926/926/926
f 932/932/932 931/931/931 930/930/930
f 933/933/933 932/932/932 930/930/930
f 936/936/936 935/935/935 934/934/934
f 937/937/937 936/936/936 934/934/934
f 940/940/940 939/939/939 938/938/938
f 941/941/941 940/940/940 938/938/938
f 944/944/944 943/943/943 942/942/942
f 945/945/945 944/944/944 942/942/942
f 948/948/948 947/947/947 946/946/946
f 949/949/949 948/948/948 946/946/946
f 952/952/952 951/951/951 950/950/950
f 953/953/953 952/952/952 950/950/950
f 956/956/956 955/955/955 954/954/954
f 957/957/957 956/956/956 954/954/954
f 960/960/960 959/959/959 958/958/958
f 961/961/961 960/960/960 958/958/958
f 964/964/964 963/963/963 962/962/962
f 965/965/965 964/964/964 962/962/962
f 968/968/968 967/967/967 966/966/966
f 969/969/969 968/968/968 966/966/966
f 972/972/972 971/971/971 970/970/970
f 973/973/973 972/972/972 970/970/970
f 976/976/976 975/975/975 974/974/974
f 977/977/977 976/976/976 974/974/974
f 980/980/980 979/979/979 978/978/978
f 981/981/981 980/980/980 978/978/978
f 984/984/984 983/983/983 982/982/982
f 985/985/985 984/984/984 982/982/982
f 988/988/988 987/987/987 986/986/986
f 987/987/987 989/989/989 986/986/986
f 991/991/991 989/989/989 990/990/990
f 992/992/992 991/991/991 990/990/990
f 995/995/995 994/994/994 993/993/993
f 996/996/996 995/995/995 993/993/993
f 999/999/999 998/998/998 997/997/997
f 1000/1000/1000 999/999/999 997/997/997
f 1003/1003/1003 1002/1002/1002 1001/1001/1001
f 1004/1004/1004 1003/1003/1003 1001/1001/1001
f 1007/1007/1007 1006/1006/1006 1005/1005/1005
f 1008/1008/1008 1007/1007/1007 1005/1005/1005
f 1011/1011/1011 1010/1010/1010 1009/1009/1009
f 1012/1012/1012 1011/1011/1011 1009/1009/1009
f 1015/1015/1015 1014/1014/1014 1013/1013/1013
f 1016/1016/1016 1015/1015/1015 1013/1013/1013
f 1019/1019/1019 1018/1018/1018 1017/1017/1017
f 1020/1020/1020 1019/1019/1019 1017/1017/1017
f 1023/1023/1023 1022/1022/1022 1021/1021/1021
f 1024/1024/1024 1023/1023/1023 1021/1021/1021
f 1027/1027/1027 1026/1026/1026 1025/1025/1025
f 1028/1028/1028 1027/1027/1027 1025/1025/1025
f 1031/1031/1031 1030/1030/1030 1029/1029/1029
f 1032/1032/1032 1031/1031/1031 1029/1029/1029
f 1035/1035/1035 1034/1034/1034 1033/1033/1033
f 1036/1036/1036 1035/1035/1035 1033/1033/1033
f 1039/1039/1039 1038/1038/1038 1037/1037/1037
f 1040/1040/1040 1039/1039/1039 1037/1037/1037
f 1043/1043/1043 1042/1042/1042 1041/1041/1041
f 1044/1044/1044 1043/1043/1043 1041/1041/1041
f 1047/1047/1047 1046/1046/1046 1045/1045/1045
f 1048/1048/1048 1047/1047/1047 1045/1045/1045
f 1051/1051/1051 1050/1050/1050 1049/1049/1049
f 1050/1050/1050 1052/1052/1052 1049/1049/1049
f 1052/1052/1052 1053/1053/1053 1049/1049/1049
f 1053/1053/1053 1052/1052/1052 1054/1054/1054
f 1052/1052/1052 1055/1055/1055 1054/1054/1054
f 1054/1054/1054 1055/1055/1055 1056/1056/1056
f 1055/1055/1055 1057/1057/1057 1056/1056/1056
f 1060/1060/1060 1059/1059/1059 1058/1058/1058
f 1061/1061/1061 1060/1060/1060 1058/1058/1058
f 1064/1064/1064 1063/1063/1063 1062/1062/1062
f 1065/1065/1065 1064/1064/1064 1062/1062/1062
f 1068/1068/1068 1067/1067/1067 1066/1066/1066
f 1069/1069/1069 1068/1068/1068 1066/1066/1066
f 1072/1072/1072 1071/1071/1071 1070/1070/1070
f 1073/1073/1073 1072/1072/1072 1070/1070/1070
f 1076/1076/1076 1075/1075/1075 1074/1074/1074
f 1077/1077/1077 1076/1076/1076 1074/1074/1074
f 1080/1080/1080 1079/1079/1079 1078/1078/1078
f 1081/1081/1081 1080/1080/1080 1078/1078/1078
f 1084/1084/1084 1083/1083/1083 1082/1082/1082
f 1085/1085/1085 1084/1084/1084 1082/1082/1082
f 1088/1088/1088 1087/1087/1087 1086/1086/1086
f 1089/1089/1089 1088/1088/1088 1086/1086/1086
f 1092/1092/1092 1091/1091/1091 1090/1090/1090
f 1093/1093/1093 1092/1092/1092 1090/1090/1090
f 1096/1096/1096 1095/1095/1095 1094/1094/1094
f 1097/1097/1097 1096/1096/1096 1094/1094/1094
f 1100/1100/1100 1099/1099/1099 1098/1098/1098
f 1101/1101/1101 1100/1100/1100 1098/1098/1098
f 1104/1104/1104 1103/1103/1103 1102/1102/1102
f 1105/1105/1105 1104/1104/1104 1102/1102/1102
f 1108/1108/1108 1107/1107/1107 1106/1106/1106
f 1109/1109/1109 1108/1108/1108 1106/1106/1106
f 1112/1112/1112 1111/1111/1111 1110/1110/1110
f 1113/1113/1113 1112/1112/1112 1110/1110/1110
f 1116/1116/1116 1115/1115/1115 1114/1114/1114
f 1117/1117/1117 1116/1116/1116 1114/1114/1114
f 1120/1120/1120 1119/1119/1119 1118/1118/1118
f 1121/1121/1121 1120/1120/1120 1118/1118/1118
f 1124/1124/1124 1123/1123/1123 1122/1122/1122
f 1125/1125/1125 1124/1124/1124 1122/1122/1122
f 1128/1128/1128 1127/1127/1127 1126/1126/1126
f 1129/1129/1129 1128/1128/1128 1126/1126/1126
f 1132/1132/1132 1131/1131/1131 1130/1130/1130
f 1133/1133/1133 1132/1132/1132 1130/1130/1130
f 1136/1136/1136 1135/1135/1135 1134/1134/1134
f 1137/1137/1137 1136/1136/1136 1134/1134/1134
f 1140/1140/1140 1139/1139/1139 1138/1138/1138
f 1141/1141/1141 1140/1140/1140 1138/1138/1138
f 1144/1144/1144 1143/1143/1143 1142/1142/1142
f 1145/1145/1145 1144/1144/1144 1142/1142/1142
f 1148/1148/1148 1147/1147/1147 1146/1146/1146
f 1149/1149/1149 1148/1148/1148 1146/1146/1146
f 1152/1152/1152 1151/1151/1151 1150/1150/1150
f 1153/1153/1153 1152/1152/1152 1150/1150/1150
f 1156/1156/1156 1155/1155/1155 1154/1154/1154
f 1157/1157/1157 1156/1156/1156 1154/1154/1154
f 1160/1160/1160 1159/1159/1159 1158/1158/1158
f 1161/1161/1161 1160/1160/1160 1158/1158/1158
f 1164/1164/1164 1163/1163/1163 1162/1162/1162
f 1165/1165/1165 1164/1164/1164 1162/1162/1162
f 1168/1168/1168 1167/1167/1167 1166/1166/1166
f 1169/1169/1169 1168/1168/1168 1166/1166/1166
f 1172/1172/1172 1171/1171/1171 1170/1170/1170
f 1173/1173/1173 1172/1172/1172 1170/1170/1170
f 1176/1176/1176 1175/1175/1175 1174/1174/1174
f 1177/1177/1177 1176/1176/1176 1174/1174/1174
f 1180/1180/1180 1179/1179/1179 1178/1178/1178
f 1181/1181/1181 1180/1180/1180 1178/1178/1178
f 1184/1184/1184 1183/1183/1183 1182/1182/1182
f 1185/1185/1185 1184/1184/1184 1182/1182/1182
f 1188/1188/1188 1187/1187/1187 1186/1186/1186
f 1189/1189/1189 1188/1188/1188 1186/1186/1186
f 1192/1192/1192 1191/1191/1191 1190/1190/1190
f 1193/1193/1193 1192/1192/1192 1190/1190/1190
f 1196/1196/1196 1195/1195/1195 1194/1194/1194
f 1197/1197/1197 1196/1196/1196 1194/1194/1194
f 1200/1200/1200 1199/1199/1199 1198/1198/1198
f 1201/1201/1201 1200/1200/1200 1198/1198/1198
f 1204/1204/1204 1203/1203/1203 1202/1202/1202
f 1205/1205/1205 1204/1204/1204 1202/1202/1202
f 1208/1208/1208 1207/1207/1207 1206/1206/1206
f 1209/1209/1209 1208/1208/1208 1206/1206/1206
f 1212/1212/1212 1211/1211/1211 1210/1210/1210
f 1213/1213/1213 1212/1212/1212 1210/1210/1210
f 1216/1216/1216 1215/1215/1215 1214/1214/1214
f 1217/1217/1217 1216/1216/1216 1214/1214/1214
f 1220/1220/1220 1219/1219/1219 1218/1218/1218
f 1221/1221/1221 1220/1220/1220 1218/1218/1218
f 1224/1224/1224 1223/1223/1223 1222/1222/1222
f 1225/1225/1225 1224/1224/1224 1222/1222/1222
f 1228/1228/1228 1227/1227/1227 1226/1226/1226
f 1229/1229/1229 1228/1228/1228 1226/1226/1226
f 1232/1232/1232 1231/1231/1231 1230/1230/1230
f 1233/1233/1233 1232/1232/1232 1230/1230/1230
f 1236/1236/1236 1235/1235/1235 1234/1234/1234
f 1237/1237/1237 1236/1236/1236 1234/1234/1234
f 1240/1240/1240 1239/1239/1239 1238/1238/1238
f 1241/1241/1241 1240/1240/1240 1238/1238/1238
f 1244/1244/1244 1243/1243/1243 1242/1242/1242
f 1245/1245/1245 1244/1244/1244 1242/1242/1242
f 1248/1248/1248 1247/1247/1247 1246/1246/1246
f 1249/1249/1249 1248/1248/1248 1246/1246/1246
f 1252/1252/1252 1251/1251/1251 1250/1250/1250
f 1253/1253/1253 1252/1252/1252 1250/1250/1250
f 1256/1256/1256 1255/1255/1255 1254/1254/1254
f 1257/1257/1257 1256/1256/1256 1254/1254/1254
f 1260/1260/1260 1259/1259/1259 1258/1258/1258
f 1261/1261/1261 1260/1260/1260 1258/1258/1258
f 1264/1264/1264 1263/1263/1263 1262/1262/1262
f 1265/1265/1265 1264/1264/1264 1262/1262/1262
f 1268/1268/1268 1267/1267/1267 1266/1266/1266
f 1269/1269/1269 1268/1268/1268 1266/1266/1266
f 1272/1272/1272 1271/1271/1271 1270/1270/1270
f 1273/1273/1273 1272/1272/1272 1270/1270/1270
f 1276/1276/1276 1275/1275/1275 1274/1274/1274
f 1277/1277/1277 1276/1276/1276 1274/1274/1274
f 1280/1280/1280 1279/1279/1279 1278/1278/1278
f 1281/1281/1281 1280/1280/1280 1278/1278/1278
f 1284/1284/1284 1283/1283/1283 1282/1282/1282
f 1285/1285/1285 1284/1284/1284 1282/1282/1282
f 1288/1288/1288 1287/1287/1287 1286/1286/1286
f 1289/1289/1289 1288/1288/1288 1286/1286/1286
f 1292/1292/1292 1291/1291/1291 1290/1290/1290
f 1293/1293/1293 1292/1292/1292 1290/1290/1290
f 1296/1296/1296 1295/1295/1295 1294/1294/1294
f 1297/1297/1297 1296/1296/1296 1294/1294/1294
f 1300/1300/1300 1299/1299/1299 1298/1298/1298
f 1301/1301/1301 1300/1300/1300 1298/1298/1298
f 1304/1304/1304 1303/1303/1303 1302/1302/1302
f 1305/1305/1305 1304/1304/1304 1302/1302/1302
f 1308/1308/1308 1307/1307/1307 1306/1306/1306
f 1309/1309/1309 1308/1308/1308 1306/1306/1306
f 1312/1312/1312 1311/1311/1311 1310/1310/1310
f 1313/1313/1313 1312/1312/1312 1310/1310/1310
f 1313/1313/1313 1315/1315/1315 1314/1314/1314
f 1315/1315/1315 1316/1316/1316 1314/1314/1314
f 1319/1319/1319 1318/1318/1318 1317/1317/1317
f 1320/1320/1320 1319/1319/1319 1317/1317/1317
f 1323/1323/1323 1322/1322/1322 1321/1321/1321
f 1324/1324/1324 1323/1323/1323 1321/1321/1321
f 1327/1327/1327 1326/1326/1326 1325/1325/1325
f 1328/1328/1328 1327/1327/1327 1325/1325/1325
f 1331/1331/1331 1330/1330/1330 1329/1329/1329
f 1332/1332/1332 1331/1331/1331 1329/1329/1329
f 1335/1335/1335 1334/1334/1334 1333/1333/1333
f 1336/1336/1336 1335/1335/1335 1333/1333/1333
f 1339/1339/1339 1338/1338/1338 1337/1337/1337
f 1340/1340/1340 1339/1339/1339 1337/1337/1337
f 1343/1343/1343 1342/1342/1342 1341/1341/1341
f 1344/1344/1344 1343/1343/1343 1341/1341/1341
f 1347/1347/1347 1346/1346/1346 1345/1345/1345
f 1348/1348/1348 1347/1347/1347 1345/1345/1345
f 1351/1351/1351 1350/1350/1350 1349/1349/1349
f 1352/1352/1352 1351/1351/1351 1349/1349/1349
f 1355/1355/1355 1354/1354/1354 1353/1353/1353
f 1356/1356/1356 1355/1355/1355 1353/1353/1353
f 1359/1359/1359 1358/1358/1358 1357/1357/1357
f 1360/1360/1360 1359/1359/1359 1357/1357/1357
f 1363/1363/1363 1362/1362/1362 1361/1361/1361
f 1364/1364/1364 1363/1363/1363 1361/1361/1361
f 1367/1367/1367 1366/1366/1366 1365/1365/1365
f 1368/1368/1368 1367/1367/1367 1365/1365/1365
f 1371/1371/1371 1370/1370/1370 1369/1369/1369
f 1372/1372/1372 1371/1371/1371 1369/1369/1369
f 1375/1375/1375 1374/1374/1374 1373/1373/1373
f 1376/1376/1376 1375/1375/1375 1373/1373/1373
f 1373/1373/1373 1377/1377/1377 1376/1376/1376
f 1380/1380/1380 1379/1379/1379 1378/1378/1378
f 1381/1381/1381 1380/1380/1380 1378/1378/1378
f 1384/1384/1384 1383/1383/1383 1382/1382/1382
f 1385/1385/1385 1384/1384/1384 1382/1382/1382
f 1388/1388/1388 1387/1387/1387 1386/1386/1386
f 1389/1389/1389 1388/1388/1388 1386/1386/1386
f 1392/1392/1392 1391/1391/1391 1390/1390/1390
f 1393/1393/1393 1392/1392/1392 1390/1390/1390
f 1396/1396/1396 1395/1395/1395 1394/1394/1394
f 1397/1397/1397 1396/1396/1396 1394/1394/1394
f 1400/1400/1400 1399/1399/1399 1398/1398/1398
f 1401/1401/1401 1400/1400/1400 1398/1398/1398
f 1404/1404/1404 1403/1403/1403 1402/1402/1402
f 1405/1405/1405 1404/1404/1404 1402/1402/1402
f 1408/1408/1408 1407/1407/1407 1406/1406/1406
f 1409/1409/1409 1408/1408/1408 1406/1406/1406
f 1412/1412/1412 1411/1411/1411 1410/1410/1410
f 1413/1413/1413 1412/1412/1412 1410/1410/1410
f 1416/1416/1416 1415/1415/1415 1414/1414/1414
f 1417/1417/1417 1416/1416/1416 1414/1414/1414
f 1420/1420/1420 1419/1419/1419 1418/1418/1418
f 1421/1421/1421 1420/1420/1420 1418/1418/1418
f 1424/1424/1424 1423/1423/1423 1422/1422/1422
f 1425/1425/1425 1424/1424/1424 1422/1422/1422
f 1428/1428/1428 1427/1427/1427 1426/1426/1426
f 1429/1429/1429 1428/1428/1428 1426/1426/1426
f 1432/1432/1432 1431/1431/1431 1430/1430/1430
f 1433/1433/1433 1432/1432/1432 1430/1430/1430
f 1436/1436/1436 1435/1435/1435 1434/1434/1434
f 1437/1437/1437 1436/1436/1436 1434/1434/1434
f 1440/1440/1440 1439/1439/1439 1438/1438/1438
f 1441/1441/1441 1440/1440/1440 1438/1438/1438
f 1444/1444/1444 1443/1443/1443 1442/1442/1442
f 1445/1445/1445 1444/1444/1444 1442/1442/1442
f 1448/1448/1448 1447/1447/1447 1446/1446/1446
f 1449/1449/1449 1448/1448/1448 1446/1446/1446
f 1452/1452/1452 1451/1451/1451 1450/1450/1450
f 1453/1453/1453 1452/1452/1452 1450/1450/1450
f 1456/1456/1456 1455/1455/1455 1454/1454/1454
f 1457/1457/1457 1456/1456/1456 1454/1454/1454
f 1460/1460/1460 1459/1459/1459 1458/1458/1458
f 1461/1461/1461 1460/1460/1460 1458/1458/1458
f 1464/1464/1464 1463/1463/1463 1462/1462/1462
f 1465/1465/1465 1464/1464/1464 1462/1462/1462
f 1468/1468/1468 1467/1467/1467 1466/1466/1466
f 1469/1469/1469 1468/1468/1468 1466/1466/1466
f 1472/1472/1472 1471/1471/1471 1470/1470/1470
f 1473/1473/1473 1472/1472/1472 1470/1470/1470
f 1476/1476/1476 1475/1475/1475 1474/1474/1474
f 1477/1477/1477 1476/1476/1476 1474/1474/1474
f 1480/1480/1480 1479/1479/1479 1478/1478/1478
f 1481/1481/1481 1480/1480/1480 1478/1478/1478
f 1481/1481/1481 1483/1483/1483 1482/1482/1482
f 1483/1483/1483 1484/1484/1484 1482/1482/1482
f 1487/1487/1487 1486/1486/1486 1485/1485/1485
f 1488/1488/1488 1487/1487/1487 1485/1485/1485
f 1491/1491/1491 1490/1490/1490 1489/1489/1489
f 1492/1492/1492 1491/1491/1491 1489/1489/1489
f 1495/1495/1495 1494/1494/1494 1493/1493/1493
f 1496/1496/1496 1495/1495/1495 1493/1493/1493
f 1499/1499/1499 1498/1498/1498 1497/1497/1497
f 1500/1500/1500 1499/1499/1499 1497/1497/1497
f 1503/1503/1503 1502/1502/1502 1501/1501/1501
f 1504/1504/1504 1503/1503/1503 1501/1501/1501
f 1507/1507/1507 1506/1506/1506 1505/1505/1505
f 1508/1508/1508 1507/1507/1507 1505/1505/1505
f 1511/1511/1511 1510/1510/1510 1509/1509/1509
f 1512/1512/1512 1511/1511/1511 1509/1509/1509
f 1515/1515/1515 1514/1514/1514 1513/1513/1513
f 1516/1516/1516 1515/1515/1515 1513/1513/1513
f 1519/1519/1519 1518/1518/1518 1517/1517/1517
f 1520/1520/1520 1519/1519/1519 1517/1517/1517
f 1523/1523/1523 1522/1522/1522 1521/1521/1521
f 1524/1524/1524 1523/1523/1523 1521/1521/1521
f 1527/1527/1527 1526/1526/1526 1525/1525/1525
f 1528/1528/1528 1527/1527/1527 1525/1525/1525
f 1531/1531/1531 1530/1530/1530 1529/1529/1529
f 1532/1532/1532 1531/1531/1531 1529/1529/1529
f 1535/1535/1535 1534/1534/1534 1533/1533/1533
f 1536/1536/1536 1535/1535/1535 1533/1533/1533
f 1539/1539/1539 1538/1538/1538 1537/1537/1537
f 1540/1540/1540 1539/1539/1539 1537/1537/1537
f 1543/1543/1543 1542/1542/1542 1541/1541/1541
f 1544/1544/1544 1543/1543/1543 1541/1541/1541
f 1541/1541/1541 1545/1545/1545 1544/1544/1544
f 1548/1548/1548 1547/1547/1547 1546/1546/1546
f 1549/1549/1549 1548/1548/1548 1546/1546/1546
f 1552/1552/1552 1551/1551/1551 1550/1550/1550
f 1553/1553/1553 1552/1552/1552 1550/1550/1550
f 1556/1556/1556 1555/1555/1555 1554/1554/1554
f 1557/1557/1557 1556/1556/1556 1554/1554/1554
f 1560/1560/1560 1559/1559/1559 1558/1558/1558
f 1561/1561/1561 1560/1560/1560 1558/1558/1558
f 1564/1564/1564 1563/1563/1563 1562/1562/1562
f 1565/1565/1565 1564/1564/1564 1562/1562/1562
f 1568/1568/1568 1567/1567/1567 1566/1566/1566
f 1569/1569/1569 1568/1568/1568 1566/1566/1566
f 1572/1572/1572 1571/1571/1571 1570/1570/1570
f 1573/1573/1573 1572/1572/1572 1570/1570/1570
f 1576/1576/1576 1575/1575/1575 1574/1574/1574
f 1577/1577/1577 1576/1576/1576 1574/1574/1574
f 1580/1580/1580 1579/1579/1579 1578/1578/1578
f 1581/1581/1581 1580/1580/1580 1578/1578/1578
f 1584/1584/1584 1583/1583/1583 1582/1582/1582
f 1585/1585/1585 1584/1584/1584 1582/1582/1582
f 1588/1588/1588 1587/1587/1587 1586/1586/1586
f 1589/1589/1589 1588/1588/1588 1586/1586/1586
f 1592/1592/1592 1591/1591/1591 1590/1590/1590
f 1593/1593/1593 1592/1592/1592 1590/1590/1590
f 1596/1596/1596 1595/1595/1595 1594/1594/1594
f 1597/1597/1597 1596/1596/1596 1594/1594/1594
f 1600/1600/1600 1599/1599/1599 1598/1598/1598
f 1601/1601/1601 1600/1600/1600 1598/1598/1598
f 1604/1604/1604 1603/1603/1603 1602/1602/1602
f 1605/1605/1605 1604/1604/1604 1602/1602/1602
f 1608/1608/1608 1607/1607/1607 1606/1606/1606
f 1609/1609/1609 1608/1608/1608 1606/1606/1606
f 1612/1612/1612 1611/1611/1611 1610/1610/1610
f 1613/1613/1613 1612/1612/1612 1610/1610/1610
f 1616/1616/1616 1615/1615/1615 1614/1614/1614
f 1617/1617/1617 1616/1616/1616 1614/1614/1614
f 1620/1620/1620 1619/1619/1619 1618/1618/1618
f 1621/1621/1621 1620/1620/1620 1618/1618/1618
f 1624/1624/1624 1623/1623/1623 1622/1622/1622
f 1625/1625/1625 1624/1624/1624 1622/1622/1622
f 1628/1628/1628 1627/1627/1627 1626/1626/1626
f 1629/1629/1629 1628/1628/1628 1626/1626/1626
f 1632/1632/1632 1631/1631/1631 1630/1630/1630
f 1633/1633/1633 1632/1632/1632 1630/1630/1630
f 1636/1636/1636 1635/1635/1635 1634/1634/1634
f 1637/1637/1637 1636/1636/1636 1634/1634/1634
f 1640/1640/1640 1639/1639/1639 1638/1638/1638
f 1641/1641/1641 1640/1640/1640 1638/1638/1638
f 1644/1644/1644 1643/1643/1643 1642/1642/1642
f 1645/1645/1645 1644/1644/1644 1642/1642/1642
f 1645/1645/1645 1647/1647/1647 1646/1646/1646
f 1647/1647/1647 1648/1648/1648 1646/1646/1646
f 1651/1651/1651 1650/1650/1650 1649/1649/1649
f 1652/1652/1652 1651/1651/1651 1649/1649/1649
f 1655/1655/1655 1654/1654/1654 1653/1653/1653
f 1656/1656/1656 1655/1655/1655 1653/1653/1653
f 1659/1659/1659 1658/1658/1658 1657/1657/1657
f 1660/1660/1660 1659/1659/1659 1657/1657/1657
f 1663/1663/1663 1662/1662/1662 1661/1661/1661
f 1664/1664/1664 1663/1663/1663 1661/1661/1661
f 1667/1667/1667 1666/1666/1666 1665/1665/1665
f 1668/1668/1668 1667/1667/1667 1665/1665/1665
f 1671/1671/1671 1670/1670/1670 1669/1669/1669
f 1672/1672/1672 1671/1671/1671 1669/1669/1669
f 1675/1675/1675 1674/1674/1674 1673/1673/1673
f 1676/1676/1676 1675/1675/1675 1673/1673/1673
f 1679/1679/1679 1678/1678/1678 1677/1677/1677
f 1680/1680/1680 1679/1679/1679 1677/1677/1677
f 1683/1683/1683 1682/1682/1682 1681/1681/1681
f 1684/1684/1684 1683/1683/1683 1681/1681/1681
f 1687/1687/1687 1686/1686/1686 1685/1685/1685
f 1688/1688/1688 1687/1687/1687 1685/1685/1685
f 1691/1691/1691 1690/1690/1690 1689/1689/1689
f 1692/1692/1692 1691/1691/1691 1689/1689/1689
f 1695/1695/1695 1694/1694/1694 1693/1693/1693
f 1696/1696/1696 1695/1695/1695 1693/1693/1693
f 1699/1699/1699 1698/1698/1698 1697/1697/1697
f 1700/1700/1700 1699/1699/1699 1697/1697/1697
f 1703/1703/1703 1702/1702/1702 1701/1701/1701
f 1704/1704/1704 1703/1703/1703 1701/1701/1701
f 1707/1707/1707 1706/1706/1706 1705/1705/1705
f 1708/1708/1708 1707/1707/1707 1705/1705/1705
f 1705/1705/1705 1709/1709/1709 1708/1708/1708
f 1712/1712/1712 1711/1711/1711 1710/1710/1710
f 1713/1713/1713 1712/1712/1712 1710/1710/1710
f 1716/1716/1716 1715/1715/1715 1714/1714/1714
f 1717/1717/1717 1716/1716/1716 1714/1714/1714
f 1720/1720/1720 1719/1719/1719 1718/1718/1718
f 1721/1721/1721 1720/1720/1720 1718/1718/1718
f 1724/1724/1724 1723/1723/1723 1722/1722/1722
f 1725/1725/1725 1724/1724/1724 1722/1722/1722
f 1728/1728/1728 1727/1727/1727 1726/1726/1726
f 1729/1729/1729 1728/1728/1728 1726/1726/1726
f 1732/1732/1732 1731/1731/1731 1730/1730/1730
f 1733/1733/1733 1732/1732/1732 1730/1730/1730
f 1736/1736/1736 1735/1735/1735 1734/1734/1734
f 1737/1737/1737 1736/1736/1736 1734/1734/1734
f 1740/1740/1740 1739/1739/1739 1738/1738/1738
f 1741/1741/1741 1740/1740/1740 1738/1738/1738
f 1744/1744/1744 1743/1743/1743 1742/1742/1742
f 1745/1745/1745 1744/1744/1744 1742/1742/1742
f 1748/1748/1748 1747/1747/1747 1746/1746/1746
f 1749/1749/1749 1748/1748/1748 1746/1746/1746
f 1752/1752/1752 1751/1751/1751 1750/1750/1750
f 1753/1753/1753 1752/1752/1752 1750/1750/1750
f 1756/1756/1756 1755/1755/1755 1754/1754/1754
f 1757/1757/1757 1756/1756/1756 1754/1754/1754
f 1760/1760/1760 1759/1759/1759 1758/1758/1758
f 1761/1761/1761 1760/1760/1760 1758/1758/1758
f 1764/1764/1764 1763/1763/1763 1762/1762/1762
f 1765/1765/1765 1764/1764/1764 1762/1762/1762
f 1768/1768/1768 1767/1767/1767 1766/1766/1766
f 1769/1769/1769 1768/1768/1768 1766/1766/1766
f 1772/1772/1772 1771/1771/1771 1770/1770/1770
f 1773/1773/1773 1772/1772/1772 1770/1770/1770
f 1776/1776/1776 1775/1775/1775 1774/1774/1774
f 1777/1777/1777 1776/1776/1776 1774/1774/1774
f 1780/1780/1780 1779/1779/1779 1778/1778/1778
f 1781/1781/1781 1780/1780/1780 1778/1778/1778
f 1784/1784/1784 1783/1783/1783 1782/1782/1782
f 1785/1785/1785 1784/1784/1784 1782/1782/1782
f 1788/1788/1788 1787/1787/1787 1786/1786/1786
f 1789/1789/1789 1788/1788/1788 1786/1786/1786
f 1792/1792/1792 1791/1791/1791 1790/1790/1790
f 1793/1793/1793 1792/1792/1792 1790/1790/1790
f 1796/1796/1796 1795/1795/1795 1794/1794/1794
f 1797/1797/1797 1796/1796/1796 1794/1794/1794
f 1800/1800/1800 1799/1799/1799 1798/1798/1798
f 1801/1801/1801 1800/1800/1800 1798/1798/1798
f 1804/1804/1804 1803/1803/1803 1802/1802/1802
f 1805/1805/1805 1804/1804/1804 1802/1802/1802
f 1808/1808/1808 1807/1807/1807 1806/1806/1806
f 1809/1809/1809 1808/1808/1808 1806/1806/1806
f 1812/1812/1812 1811/1811/1811 1810/1810/1810
f 1811/1811/1811 1813/1813/1813 1810/1810/1810
f 1815/1815/1815 1813/1813/1813 1814/1814/1814
f 1816/1816/1816 1815/1815/1815 1814/1814/1814
f 1819/1819/1819 1818/1818/1818 1817/1817/1817
f 1820/1820/1820 1819/1819/1819 1817/1817/1817
f 1823/1823/1823 1822/1822/1822 1821/1821/1821
f 1824/1824/1824 1823/1823/1823 1821/1821/1821
f 1827/1827/1827 1826/1826/1826 1825/1825/1825
f 1828/1828/1828 1827/1827/1827 1825/1825/1825
f 1831/1831/1831 1830/1830/1830 1829/1829/1829
f 1832/1832/1832 1831/1831/1831 1829/1829/1829
f 1835/1835/1835 1834/1834/1834 1833/1833/1833
f 1836/1836/1836 1835/1835/1835 1833/1833/1833
f 1839/1839/1839 1838/1838/1838 1837/1837/1837
f 1840/1840/1840 1839/1839/1839 1837/1837/1837
f 1843/1843/1843 1842/1842/1842 1841/1841/1841
f 1842/1842/1842 1844/1844/1844 1841/1841/1841
f 1845/1845/1845 1841/1841/1841 1844/1844/1844
f 1848/1848/1848 1847/1847/1847 1846/1846/1846
f 1849/1849/1849 1848/1848/1848 1846/1846/1846
f 1852/1852/1852 1851/1851/1851 1850/1850/1850
f 1853/1853/1853 1852/1852/1852 1850/1850/1850
f 1856/1856/1856 1855/1855/1855 1854/1854/1854
f 1857/1857/1857 1856/1856/1856 1854/1854/1854
f 1860/1860/1860 1859/1859/1859 1858/1858/1858
f 1861/1861/1861 1860/1860/1860 1858/1858/1858
f 1864/1864/1864 1863/1863/1863 1862/1862/1862
f 1865/1865/1865 1864/1864/1864 1862/1862/1862
f 1868/1868/1868 1867/1867/1867 1866/1866/1866
f 1869/1869/1869 1868/1868/1868 1866/1866/1866
f 1872/1872/1872 1871/1871/1871 1870/1870/1870
f 1873/1873/1873 1872/1872/1872 1870/1870/1870
f 1876/1876/1876 1875/1875/1875 1874/1874/1874
f 1877/1877/1877 1876/1876/1876 1874/1874/1874
f 1880/1880/1880 1879/1879/1879 1878/1878/1878
f 1881/1881/1881 1880/1880/1880 1878/1878/1878
f 1884/1884/1884 1883/1883/1883 1882/1882/1882
f 1885/1885/1885 1884/1884/1884 1882/1882/1882
f 1888/1888/1888 1887/1887/1887 1886/1886/1886
f 1889/1889/1889 1888/1888/1888 1886/1886/1886
f 1892/1892/1892 1891/1891/1891 1890/1890/1890
f 1893/1893/1893 1892/1892/1892 1890/1890/1890
f 1896/1896/1896 1895/1895/1895 1894/1894/1894
f 1897/1897/1897 1896/1896/1896 1894/1894/1894
f 1900/1900/1900 1899/1899/1899 1898/1898/1898
f 1901/1901/1901 1900/1900/1900 1898/1898/1898
f 1904/1904/1904 1903/1903/1903 1902/1902/1902
f 1905/1905/1905 1904/1904/1904 1902/1902/1902
f 1908/1908/1908 1907/1907/1907 1906/1906/1906
f 1909/1909/1909 1908/1908/1908 1906/1906/1906
f 1912/1912/1912 1911/1911/1911 1910/1910/1910
f 1913/1913/1913 1912/1912/1912 1910/1910/1910
f 1916/1916/1916 1915/1915/1915 1914/1914/1914
f 1917/1917/1917 1916/1916/1916 1914/1914/1914
f 1920/1920/1920 1919/1919/1919 1918/1918/1918
f 1921/1921/1921 1920/1920/1920 1918/1918/1918
f 1924/1924/1924 1923/1923/1923 1922/1922/1922
f 1925/1925/1925 1924/1924/1924 1922/1922/1922
f 1928/1928/1928 1927/1927/1927 1926/1926/1926
f 1929/1929/1929 1928/1928/1928 1926/1926/1926
f 1932/1932/1932 1931/1931/1931 1930/1930/1930
f 1933/1933/1933 1932/1932/1932 1930/1930/1930
f 1936/1936/1936 1935/1935/1935 1934/1934/1934
f 1937/1937/1937 1936/1936/1936 1934/1934/1934
f 1940/1940/1940 1939/1939/1939 1938/1938/1938
f 1941/1941/1941 1940/1940/1940 1938/1938/1938
f 1944/1944/1944 1943/1943/1943 1942/1942/1942
f 1945/1945/1945 1944/1944/1944 1942/1942/1942
f 1948/1948/1948 1947/1947/1947 1946/1946/1946
f 1949/1949/1949 1948/1948/1948 1946/1946/1946
f 1952/1952/1952 1951/1951/1951 1950/1950/1950
f 1953/1953/1953 1952/1952/1952 1950/1950/1950
f 1956/1956/1956 1955/1955/1955 1954/1954/1954
f 1957/1957/1957 1956/1956/1956 1954/1954/1954
f 1960/1960/1960 1959/1959/1959 1958/1958/1958
f 1961/1961/1961 1960/1960/1960 1958/1958/1958
f 1964/1964/1964 1963/1963/1963 1962/1962/1962
f 1965/1965/1965 1964/1964/1964 1962/1962/1962
f 1968/1968/1968 1967/1967/1967 1966/1966/1966
f 1967/1967/1967 1969/1969/1969 1966/1966/1966
f 1971/1971/1971 1969/1969/1969 1970/1970/1970
f 1972/1972/1972 1971/1971/1971 1970/1970/1970
f 1975/1975/1975 1974/1974/1974 1973/1973/1973
f 1976/1976/1976 1975/1975/1975 1973/1973/1973
f 1979/1979/1979 1978/1978/1978 1977/1977/1977
f 1980/1980/1980 1979/1979/1979 1977/1977/1977
f 1983/1983/1983 1982/1982/1982 1981/1981/1981
f 1984/1984/1984 1983/1983/1983 1981/1981/1981
f 1987/1987/1987 1986/1986/1986 1985/1985/1985
f 1988/1988/1988 1987/1987/1987 1985/1985/1985
f 1991/1991/1991 1990/1990/1990 1989/1989/1989
f 1992/1992/1992 1991/1991/1991 1989/1989/1989
f 1995/1995/1995 1994/1994/1994 1993/1993/1993
f 1996/1996/1996 1995/1995/1995 1993/1993/1993
f 1999/1999/1999 1998/1998/1998 1997/1997/1997
f 2000/2000/2000 1999/1999/1999 1997/1997/1997
f 2003/2003/2003 2002/2002/2002 2001/2001/2001
f 2002/2002/2002 2004/2004/2004 2001/2001/2001
f 2005/2005/2005 2001/2001/2001 2004/2004/2004
f 2008/2008/2008 2007/2007/2007 2006/2006/2006
f 2009/2009/2009 2008/2008/2008 2006/2006/2006
f 2012/2012/2012 2011/2011/2011 2010/2010/2010
f 2013/2013/2013 2012/2012/2012 2010/2010/2010
f 2016/2016/2016 2015/2015/2015 2014/2014/2014
f 2017/2017/2017 2016/2016/2016 2014/2014/2014
f 2020/2020/2020 2019/2019/2019 2018/2018/2018
f 2021/2021/2021 2020/2020/2020 2018/2018/2018
f 2024/2024/2024 2023/2023/2023 2022/2022/2022
f 2025/2025/2025 2024/2024/2024 2022/2022/2022
f 2028/2028/2028 2027/2027/2027 2026/2026/2026
f 2029/2029/2029 2028/2028/2028 2026/2026/2026
f 2032/2032/2032 2031/2031/2031 2030/2030/2030
f 2033/2033/2033 2032/2032/2032 2030/2030/2030
f 2036/2036/2036 2035/2035/2035 2034/2034/2034
f 2037/2037/2037 2036/2036/2036 2034/2034/2034
f 2040/2040/2040 2039/2039/2039 2038/2038/2038
f 2041/2041/2041 2040/2040/2040 2038/2038/2038
f 2044/2044/2044 2043/2043/2043 2042/2042/2042
f 2045/2045/2045 2044/2044/2044 2042/2042/2042
f 2048/2048/2048 2047/2047/2047 2046/2046/2046
f 2049/2049/2049 2048/2048/2048 2046/2046/2046
f 2052/2052/2052 2051/2051/2051 2050/2050/2050
f 2053/2053/2053 2052/2052/2052 2050/2050/2050
f 2056/2056/2056 2055/2055/2055 2054/2054/2054
f 2057/2057/2057 2056/2056/2056 2054/2054/2054
f 2060/2060/2060 2059/2059/2059 2058/2058/2058
f 2061/2061/2061 2060/2060/2060 2058/2058/2058
f 2064/2064/2064 2063/2063/2063 2062/2062/2062
f 2065/2065/2065 2064/2064/2064 2062/2062/2062
f 2068/2068/2068 2067/2067/2067 2066/2066/2066
f 2069/2069/2069 2068/2068/2068 2066/2066/2066
f 2072/2072/2072 2071/2071/2071 2070/2070/2070
f 2073/2073/2073 2072/2072/2072 2070/2070/2070
f 2076/2076/2076 2075/2075/2075 2074/2074/2074
f 2077/2077/2077 2076/2076/2076 2074/2074/2074
f 2080/2080/2080 2079/2079/2079 2078/2078/2078
f 2081/2081/2081 2080/2080/2080 2078/2078/2078
f 2084/2084/2084 2083/2083/2083 2082/2082/2082
f 2085/2085/2085 2084/2084/2084 2082/2082/2082
f 2088/2088/2088 2087/2087/2087 2086/2086/2086
f 2089/2089/2089 2088/2088/2088 2086/2086/2086
f 2092/2092/2092 2091/2091/2091 2090/2090/2090
f 2093/2093/2093 2092/2092/2092 2090/2090/2090
f 2096/2096/2096 2095/2095/2095 2094/2094/2094
f 2097/2097/2097 2096/2096/2096 2094/2094/2094
f 2100/2100/2100 2099/2099/2099 2098/2098/2098
f 2101/2101/2101 2100/2100/2100 2098/2098/2098
f 2104/2104/2104 2103/2103/2103 2102/2102/2102
f 2105/2105/2105 2104/2104/2104 2102/2102/2102
f 2108/2108/2108 2107/2107/2107 2106/2106/2106
f 2109/2109/2109 2108/2108/2108 2106/2106/2106
f 2112/2112/2112 2111/2111/2111 2110/2110/2110
f 2113/2113/2113 2112/2112/2112 2110/2110/2110
f 2116/2116/2116 2115/2115/2115 2114/2114/2114
f 2117/2117/2117 2116/2116/2116 2114/2114/2114
f 2120/2120/2120 2119/2119/2119 2118/2118/2118
f 2121/2121/2121 2120/2120/2120 2118/2118/2118
f 2124/2124/2124 2123/2123/2123 2122/2122/2122
f 2123/2123/2123 2125/2125/2125 2122/2122/2122
f 2127/2127/2127 2125/2125/2125 2126/2126/2126
f 2128/2128/2128 2127/2127/2127 2126/2126/2126
f 2131/2131/2131 2130/2130/2130 2129/2129/2129
f 2132/2132/2132 2131/2131/2131 2129/2129/2129
f 2135/2135/2135 2134/2134/2134 2133/2133/2133
f 2136/2136/2136 2135/2135/2135 2133/2133/2133
f 2139/2139/2139 2138/2138/2138 2137/2137/2137
f 2140/2140/2140 2139/2139/2139 2137/2137/2137
f 2143/2143/2143 2142/2142/2142 2141/2141/2141
f 2144/2144/2144 2143/2143/2143 2141/2141/2141
f 2147/2147/2147 2146/2146/2146 2145/2145/2145
f 2148/2148/2148 2147/2147/2147 2145/2145/2145
f 2151/2151/2151 2150/2150/2150 2149/2149/2149
f 2152/2152/2152 2151/2151/2151 2149/2149/2149
f 2155/2155/2155 2154/2154/2154 2153/2153/2153
f 2156/2156/2156 2155/2155/2155 2153/2153/2153
f 2159/2159/2159 2158/2158/2158 2157/2157/2157
f 2160/2160/2160 2159/2159/2159 2157/2157/2157
f 2163/2163/2163 2162/2162/2162 2161/2161/2161
f 2164/2164/2164 2163/2163/2163 2161/2161/2161
f 2167/2167/2167 2166/2166/2166 2165/2165/2165
f 2168/2168/2168 2167/2167/2167 2165/2165/2165
f 2171/2171/2171 2170/2170/2170 2169/2169/2169
f 2172/2172/2172 2171/2171/2171 2169/2169/2169
f 2175/2175/2175 2174/2174/2174 2173/2173/2173
f 2176/2176/2176 2175/2175/2175 2173/2173/2173
f 2179/2179/2179 2178/2178/2178 2177/2177/2177
f 2180/2180/2180 2179/2179/2179 2177/2177/2177
f 2183/2183/2183 2182/2182/2182 2181/2181/2181
f 2184/2184/2184 2183/2183/2183 2181/2181/2181
f 2187/2187/2187 2186/2186/2186 2185/2185/2185
f 2186/2186/2186 2188/2188/2188 2185/2185/2185
f 2189/2189/2189 2185/2185/2185 2188/2188/2188
f 2192/2192/2192 2191/2191/2191 2190/2190/2190
f 2193/2193/2193 2192/2192/2192 2190/2190/2190
f 2196/2196/2196 2195/2195/2195 2194/2194/2194
f 2197/2197/2197 2196/2196/2196 2194/2194/2194
f 2200/2200/2200 2199/2199/2199 2198/2198/2198
f 2201/2201/2201 2200/2200/2200 2198/2198/2198
f 2204/2204/2204 2203/2203/2203 2202/2202/2202
f 2205/2205/2205 2204/2204/2204 2202/2202/2202
f 2208/2208/2208 2207/2207/2207 2206/2206/2206
f 2209/2209/2209 2208/2208/2208 2206/2206/2206
f 2212/2212/2212 2211/2211/2211 2210/2210/2210
f 2213/2213/2213 2212/2212/2212 2210/2210/2210
f 2216/2216/2216 2215/2215/2215 2214/2214/2214
f 2217/2217/2217 2216/2216/2216 2214/2214/2214
f 2220/2220/2220 2219/2219/2219 2218/2218/2218
f 2221/2221/2221 2220/2220/2220 2218/2218/2218
f 2224/2224/2224 2223/2223/2223 2222/2222/2222
f 2225/2225/2225 2224/2224/2224 2222/2222/2222
f 2228/2228/2228 2227/2227/2227 2226/2226/2226
f 2229/2229/2229 2228/2228/2228 2226/2226/2226
f 2232/2232/2232 2231/2231/2231 2230/2230/2230
f 2233/2233/2233 2232/2232/2232 2230/2230/2230
f 2236/2236/2236 2235/2235/2235 2234/2234/2234
f 2237/2237/2237 2236/2236/2236 2234/2234/2234
f 2240/2240/2240 2239/2239/2239 2238/2238/2238
f 2241/2241/2241 2240/2240/2240 2238/2238/2238
f 2244/2244/2244 2243/2243/2243 2242/2242/2242
f 2245/2245/2245 2244/2244/2244 2242/2242/2242
f 2248/2248/2248 2247/2247/2247 2246/2246/2246
f 2249/2249/2249 2248/2248/2248 2246/2246/2246
f 2252/2252/2252 2251/2251/2251 2250/2250/2250
f 2253/2253/2253 2252/2252/2252 2250/2250/2250
f 2256/2256/2256 2255/2255/2255 2254/2254/2254
f 2257/2257/2257 2256/2256/2256 2254/2254/2254
f 2260/2260/2260 2259/2259/2259 2258/2258/2258
f 2261/2261/2261 2260/2260/2260 2258/2258/2258
f 2264/2264/2264 2263/2263/2263 2262/2262/2262
f 2265/2265/2265 2264/2264/2264 2262/2262/2262
f 2268/2268/2268 2267/2267/2267 2266/2266/2266
f 2269/2269/2269 2268/2268/2268 2266/2266/2266
f 2272/2272/2272 2271/2271/2271 2270/2270/2270
f 2273/2273/2273 2272/2272/2272 2270/2270/2270
f 2276/2276/2276 2275/2275/2275 2274/2274/2274
f 2277/2277/2277 2276/2276/2276 2274/2274/2274
f 2280/2280/2280 2279/2279/2279 2278/2278/2278
f 2281/2281/2281 2280/2280/2280 2278/2278/2278
f 2284/2284/2284 2283/2283/2283 2282/2282/2282
f 2285/2285/2285 2284/2284/2284 2282/2282/2282
f 2288/2288/2288 2287/2287/2287 2286/2286/2286
f 2289/2289/2289 2288/2288/2288 2286/2286/2286
f 2292/2292/2292 2291/2291/2291 2290/2290/2290
f 2293/2293/2293 2292/2292/2292 2290/2290/2290
f 2293/2293/2293 2295/2295/2295 2294/2294/2294
f 2295/2295/2295 2296/2296/2296 2294/2294/2294
f 2299/2299/2299 2298/2298/2298 2297/2297/2297
f 2300/2300/2300 2299/2299/2299 2297/2297/2297
f 2303/2303/2303 2302/2302/2302 2301/2301/2301
f 2304/2304/2304 2303/2303/2303 2301/2301/2301
f 2307/2307/2307 2306/2306/2306 2305/2305/2305
f 2308/2308/2308 2307/2307/2307 2305/2305/2305
f 2311/2311/2311 2310/2310/2310 2309/2309/2309
f 2312/2312/2312 2311/2311/2311 2309/2309/2309
f 2315/2315/2315 2314/2314/2314 2313/2313/2313
f 2316/2316/2316 2315/2315/2315 2313/2313/2313
f 2319/2319/2319 2318/2318/2318 2317/2317/2317
f 2320/2320/2320 2319/2319/2319 2317/2317/2317
f 2323/2323/2323 2322/2322/2322 2321/2321/2321
f 2324/2324/2324 2323/2323/2323 2321/2321/2321
f 2327/2327/2327 2326/2326/2326 2325/2325/2325
f 2328/2328/2328 2327/2327/2327 2325/2325/2325
f 2325/2325/2325 2329/2329/2329 2328/2328/2328
f 2332/2332/2332 2331/2331/2331 2330/2330/2330
f 2333/2333/2333 2332/2332/2332 2330/2330/2330
f 2336/2336/2336 2335/2335/2335 2334/2334/2334
f 2337/2337/2337 2336/2336/2336 2334/2334/2334
f 2340/2340/2340 2339/2339/2339 2338/2338/2338
f 2341/2341/2341 2340/2340/2340 2338/2338/2338
f 2344/2344/2344 2343/2343/2343 2342/2342/2342
f 2345/2345/2345 2344/2344/2344 2342/2342/2342
f 2348/2348/2348 2347/2347/2347 2346/2346/2346
f 2349/2349/2349 2348/2348/2348 2346/2346/2346
f 2352/2352/2352 2351/2351/2351 2350/2350/2350
f 2353/2353/2353 2352/2352/2352 2350/2350/2350
f 2356/2356/2356 2355/2355/2355 2354/2354/2354
f 2357/2357/2357 2356/2356/2356 2354/2354/2354
f 2360/2360/2360 2359/2359/2359 2358/2358/2358
f 2361/2361/2361 2360/2360/2360 2358/2358/2358
f 2364/2364/2364 2363/2363/2363 2362/2362/2362
f 2365/2365/2365 2364/2364/2364 2362/2362/2362
f 2368/2368/2368 2367/2367/2367 2366/2366/2366
f 2369/2369/2369 2368/2368/2368 2366/2366/2366
f 2372/2372/2372 2371/2371/2371 2370/2370/2370
f 2373/2373/2373 2372/2372/2372 2370/2370/2370
f 2376/2376/2376 2375/2375/2375 2374/2374/2374
f 2377/2377/2377 2376/2376/2376 2374/2374/2374
f 2380/2380/2380 2379/2379/2379 2378/2378/2378
f 2381/2381/2381 2380/2380/2380 2378/2378/2378
f 2384/2384/2384 2383/2383/2383 2382/2382/2382
f 2385/2385/2385 2384/2384/2384 2382/2382/2382
f 2388/2388/2388 2387/2387/2387 2386/2386/2386
f 2389/2389/2389 2388/2388/2388 2386/2386/2386
f 2392/2392/2392 2391/2391/2391 2390/2390/2390
f 2393/2393/2393 2392/2392/2392 2390/2390/2390
f 2396/2396/2396 2395/2395/2395 2394/2394/2394
f 2397/2397/2397 2396/2396/2396 2394/2394/2394
f 2400/2400/2400 2399/2399/2399 2398/2398/2398
f 2401/2401/2401 2400/2400/2400 2398/2398/2398
f 2404/2404/2404 2403/2403/2403 2402/2402/2402
f 2405/2405/2405 2404/2404/2404 2402/2402/2402
f 2408/2408/2408 2407/2407/2407 2406/2406/2406
f 2409/2409/2409 2408/2408/2408 2406/2406/2406
f 2412/2412/2412 2411/2411/2411 2410/2410/2410
f 2413/2413/2413 2412/2412/2412 2410/2410/2410
f 2416/2416/2416 2415/2415/2415 2414/2414/2414
f 2417/2417/2417 2416/2416/2416 2414/2414/2414
f 2420/2420/2420 2419/2419/2419 2418/2418/2418
f 2421/2421/2421 2420/2420/2420 2418/2418/2418
f 2424/2424/2424 2423/2423/2423 2422/2422/2422
f 2425/2425/2425 2424/2424/2424 2422/2422/2422
f 2428/2428/2428 2427/2427/2427 2426/2426/2426
f 2429/2429/2429 2428/2428/2428 2426/2426/2426
f 2432/2432/2432 2431/2431/2431 2430/2430/2430
f 2433/2433/2433 2432/2432/2432 2430/2430/2430
f 2436/2436/2436 2435/2435/2435 2434/2434/2434
f 2437/2437/2437 2436/2436/2436 2434/2434/2434
f 2440/2440/2440 2439/2439/2439 2438/2438/2438
f 2441/2441/2441 2440/2440/2440 2438/2438/2438
f 2444/2444/2444 2443/2443/2443 2442/2442/2442
f 2445/2445/2445 2444/2444/2444 2442/2442/2442
f 2448/2448/2448 2447/2447/2447 2446/2446/2446
f 2449/2449/2449 2448/2448/2448 2446/2446/2446
f 2452/2452/2452 2451/2451/2451 2450/2450/2450
f 2453/2453/2453 2452/2452/2452 2450/2450/2450
f 2453/2453/2453 2455/2455/2455 2454/2454/2454
f 2455/2455/2455 2456/2456/2456 2454/2454/2454
f 2459/2459/2459 2458/2458/2458 2457/2457/2457
f 2460/2460/2460 2459/2459/2459 2457/2457/2457
f 2463/2463/2463 2462/2462/2462 2461/2461/2461
f 2464/2464/2464 2463/2463/2463 2461/2461/2461
f 2467/2467/2467 2466/2466/2466 2465/2465/2465
f 2468/2468/2468 2467/2467/2467 2465/2465/2465
f 2471/2471/2471 2470/2470/2470 2469/2469/2469
f 2472/2472/2472 2471/2471/2471 2469/2469/2469
f 2475/2475/2475 2474/2474/2474 2473/2473/2473
f 2476/2476/2476 2475/2475/2475 2473/2473/2473
f 2479/2479/2479 2478/2478/2478 2477/2477/2477
f 2480/2480/2480 2479/2479/2479 2477/2477/2477
f 2483/2483/2483 2482/2482/2482 2481/2481/2481
f 2484/2484/2484 2483/2483/2483 2481/2481/2481
f 2487/2487/2487 2486/2486/2486 2485/2485/2485
f 2488/2488/2488 2487/2487/2487 2485/2485/2485
f 2491/2491/2491 2490/2490/2490 2489/2489/2489
f 2492/2492/2492 2491/2491/2491 2489/2489/2489
f 2495/2495/2495 2494/2494/2494 2493/2493/2493
f 2496/2496/2496 2495/2495/2495 2493/2493/2493
f 2499/2499/2499 2498/2498/2498 2497/2497/2497
f 2500/2500/2500 2499/2499/2499 2497/2497/2497
f 2503/2503/2503 2502/2502/2502 2501/2501/2501
f 2504/2504/2504 2503/2503/2503 2501/2501/2501
f 2507/2507/2507 2506/2506/2506 2505/2505/2505
f 2508/2508/2508 2507/2507/2507 2505/2505/2505
f 2505/2505/2505 2509/2509/2509 2508/2508/2508
f 2512/2512/2512 2511/2511/2511 2510/2510/2510
f 2513/2513/2513 2512/2512/2512 2510/2510/2510
f 2516/2516/2516 2515/2515/2515 2514/2514/2514
f 2517/2517/2517 2516/2516/2516 2514/2514/2514
f 2520/2520/2520 2519/2519/2519 2518/2518/2518
f 2521/2521/2521 2520/2520/2520 2518/2518/2518
f 2524/2524/2524 2523/2523/2523 2522/2522/2522
f 2525/2525/2525 2524/2524/2524 2522/2522/2522
f 2528/2528/2528 2527/2527/2527 2526/2526/2526
f 2529/2529/2529 2528/2528/2528 2526/2526/2526
f 2532/2532/2532 2531/2531/2531 2530/2530/2530
f 2533/2533/2533 2532/2532/2532 2530/2530/2530
f 2536/2536/2536 2535/2535/2535 2534/2534/2534
f 2537/2537/2537 2536/2536/2536 2534/2534/2534
f 2540/2540/2540 2539/2539/2539 2538/2538/2538
f 2541/2541/2541 2540/2540/2540 2538/2538/2538
f 2544/2544/2544 2543/2543/2543 2542/2542/2542
f 2545/2545/2545 2544/2544/2544 2542/2542/2542
f 2548/2548/2548 2547/2547/2547 2546/2546/2546
f 2549/2549/2549 2548/2548/2548 2546/2546/2546
f 2552/2552/2552 2551/2551/2551 2550/2550/2550
f 2553/2553/2553 2552/2552/2552 2550/2550/2550
f 2556/2556/2556 2555/2555/2555 2554/2554/2554
f 2557/2557/2557 2556/2556/2556 2554/2554/2554
f 2560/2560/2560 2559/2559/2559 2558/2558/2558
f 2561/2561/2561 2560/2560/2560 2558/2558/2558
f 2564/2564/2564 2563/2563/2563 2562/2562/2562
f 2565/2565/2565 2564/2564/2564 2562/2562/2562
f 2568/2568/2568 2567/2567/2567 2566/2566/2566
f 2569/2569/2569 2568/2568/2568 2566/2566/2566
f 2572/2572/2572 2571/2571/2571 2570/2570/2570
f 2573/2573/2573 2572/2572/2572 2570/2570/2570
f 2576/2576/2576 2575/2575/2575 2574/2574/2574
f 2577/2577/2577 2576/2576/2576 2574/2574/2574
f 2580/2580/2580 2579/2579/2579 2578/2578/2578
f 2579/2579/2579 2581/2581/2581 2578/2578/2578
f 2579/2579/2579 2582/2582/2582 2581/2581/2581
f 2580/2580/2580 2578/2578/2578 2583/2583/2583
f 2584/2584/2584 2580/2580/2580 2583/2583/2583
f 2582/2582/2582 2585/2585/2585 2581/2581/2581
f 2582/2582/2582 2586/2586/2586 2585/2585/2585
f 2578/2578/2578 2581/2581/2581 2587/2587/2587
f 2583/2583/2583 2578/2578/2578 2587/2587/2587
f 2581/2581/2581 2585/2585/2585 2587/2587/2587
f 2588/2588/2588 2583/2583/2583 2587/2587/2587
f 2584/2584/2584 2583/2583/2583 2588/2588/2588
f 2585/2585/2585 2589/2589/2589 2587/2587/2587
f 2586/2586/2586 2589/2589/2589 2585/2585/2585
f 2590/2590/2590 2584/2584/2584 2588/2588/2588
f 2586/2586/2586 2591/2591/2591 2589/2589/2589
f 2590/2590/2590 2588/2588/2588 2592/2592/2592
f 2592/2592/2592 2588/2588/2588 2587/2587/2587
f 2593/2593/2593 2590/2590/2590 2592/2592/2592
f 2591/2591/2591 2594/2594/2594 2589/2589/2589
f 2589/2589/2589 2594/2594/2594 2587/2587/2587
f 2591/2591/2591 2595/2595/2595 2594/2594/2594
f 2593/2593/2593 2592/2592/2592 2596/2596/2596
f 2596/2596/2596 2592/2592/2592 2587/2587/2587
f 2597/2597/2597 2593/2593/2593 2596/2596/2596
f 2595/2595/2595 2598/2598/2598 2594/2594/2594
f 2594/2594/2594 2598/2598/2598 2587/2587/2587
f 2595/2595/2595 2599/2599/2599 2598/2598/2598
f 2597/2597/2597 2596/2596/2596 2600/2600/2600
f 2600/2600/2600 2596/2596/2596 2587/2587/2587
f 2601/2601/2601 2597/2597/2597 2600/2600/2600
f 2599/2599/2599 2602/2602/2602 2598/2598/2598
f 2598/2598/2598 2602/2602/2602 2587/2587/2587
f 2602/2602/2602 2600/2600/2600 2587/2587/2587
f 2601/2601/2601 2600/2600/2600 2602/2602/2602
f 2599/2599/2599 2601/2601/2601 2602/2602/2602
f 2605/2605/2605 2604/2604/2604 2603/2603/2603
f 2606/2606/2606 2605/2605/2605 2603/2603/2603
f 2603/2603/2603 2604/2604/2604 2607/2607/2607
f 2608/2608/2608 2605/2605/2605 2606/2606/2606
f 2609/2609/2609 2608/2608/2608 2606/2606/2606
f 2604/2604/2604 2610/2610/2610 2607/2607/2607
f 2607/2607/2607 2610/2610/2610 2611/2611/2611
f 2605/2605/2605 2612/2612/2612 2604/2604/2604
f 2608/2608/2608 2612/2612/2612 2605/2605/2605
f 2604/2604/2604 2612/2612/2612 2610/2610/2610
f 2613/2613/2613 2612/2612/2612 2608/2608/2608
f 2613/2613/2613 2608/2608/2608 2609/2609/2609
f 2610/2610/2610 2612/2612/2612 2614/2614/2614
f 2610/2610/2610 2614/2614/2614 2611/2611/2611
f 2615/2615/2615 2613/2613/2613 2609/2609/2609
f 2611/2611/2611 2614/2614/2614 2616/2616/2616
f 2617/2617/2617 2613/2613/2613 2615/2615/2615
f 2617/2617/2617 2612/2612/2612 2613/2613/2613
f 2618/2618/2618 2617/2617/2617 2615/2615/2615
f 2614/2614/2614 2619/2619/2619 2616/2616/2616
f 2614/2614/2614 2612/2612/2612 2619/2619/2619
f 2616/2616/2616 2619/2619/2619 2620/2620/2620
f 2621/2621/2621 2617/2617/2617 2618/2618/2618
f 2621/2621/2621 2612/2612/2612 2617/2617/2617
f 2622/2622/2622 2621/2621/2621 2618/2618/2618
f 2619/2619/2619 2623/2623/2623 2620/2620/2620
f 2619/2619/2619 2612/2612/2612 2623/2623/2623
f 2620/2620/2620 2623/2623/2623 2624/2624/2624
f 2625/2625/2625 2621/2621/2621 2622/2622/2622
f 2625/2625/2625 2612/2612/2612 2621/2621/2621
f 2626/2626/2626 2625/2625/2625 2622/2622/2622
f 2624/2624/2624 2627/2627/2627 2626/2626/2626
f 2623/2623/2623 2627/2627/2627 2624/2624/2624
f 2623/2623/2623 2612/2612/2612 2627/2627/2627
f 2627/2627/2627 2625/2625/2625 2626/2626/2626
f 2627/2627/2627 2612/2612/2612 2625/2625/2625
f 2630/2630/2630 2629/2629/2629 2628/2628/2628
f 2629/2629/2629 2631/2631/2631 2628/2628/2628
f 2629/2629/2629 2632/2632/2632 2631/2631/2631
f 2630/2630/2630 2628/2628/2628 2633/2633/2633
f 2634/2634/2634 2630/2630/2630 2633/2633/2633
f 2632/2632/2632 2635/2635/2635 2631/2631/2631
f 2632/2632/2632 2636/2636/2636 2635/2635/2635
f 2628/2628/2628 2631/2631/2631 2637/2637/2637
f 2633/2633/2633 2628/2628/2628 2637/2637/2637
f 2631/2631/2631 2635/2635/2635 2637/2637/2637
f 2638/2638/2638 2633/2633/2633 2637/2637/2637
f 2634/2634/2634 2633/2633/2633 2638/2638/2638
f 2635/2635/2635 2639/2639/2639 2637/2637/2637
f 2636/2636/2636 2639/2639/2639 2635/2635/2635
f 2640/2640/2640 2634/2634/2634 2638/2638/2638
f 2636/2636/2636 2641/2641/2641 2639/2639/2639
f 2640/2640/2640 2638/2638/2638 2642/2642/2642
f 2642/2642/2642 2638/2638/2638 2637/2637/2637
f 2643/2643/2643 2640/2640/2640 2642/2642/2642
f 2641/2641/2641 2644/2644/2644 2639/2639/2639
f 2639/2639/2639 2644/2644/2644 2637/2637/2637
f 2641/2641/2641 2645/2645/2645 2644/2644/2644
f 2643/2643/2643 2642/2642/2642 2646/2646/2646
f 2646/2646/2646 2642/2642/2642 2637/2637/2637
f 2647/2647/2647 2643/2643/2643 2646/2646/2646
f 2645/2645/2645 2648/2648/2648 2644/2644/2644
f 2644/2644/2644 2648/2648/2648 2637/2637/2637
f 2645/2645/2645 2649/2649/2649 2648/2648/2648
f 2647/2647/2647 2646/2646/2646 2650/2650/2650
f 2650/2650/2650 2646/2646/2646 2637/2637/2637
f 2651/2651/2651 2647/2647/2647 2650/2650/2650
f 2649/2649/2649 2652/2652/2652 2648/2648/2648
f 2648/2648/2648 2652/2652/2652 2637/2637/2637
f 2652/2652/2652 2650/2650/2650 2637/2637/2637
f 2651/2651/2651 2650/2650/2650 2652/2652/2652
f 2649/2649/2649 2651/2651/2651 2652/2652/2652
f 2655/2655/2655 2654/2654/2654 2653/2653/2653
f 2656/2656/2656 2655/2655/2655 2653/2653/2653
f 2653/2653/2653 2654/2654/2654 2657/2657/2657
f 2658/2658/2658 2655/2655/2655 2656/2656/2656
f 2659/2659/2659 2658/2658/2658 2656/2656/2656
f 2654/2654/2654 2660/2660/2660 2657/2657/2657
f 2657/2657/2657 2660/2660/2660 2661/2661/2661
f 2655/2655/2655 2662/2662/2662 2654/2654/2654
f 2658/2658/2658 2662/2662/2662 2655/2655/2655
f 2654/2654/2654 2662/2662/2662 2660/2660/2660
f 2663/2663/2663 2662/2662/2662 2658/2658/2658
f 2663/2663/2663 2658/2658/2658 2659/2659/2659
f 2660/2660/2660 2662/2662/2662 2664/2664/2664
f 2660/2660/2660 2664/2664/2664 2661/2661/2661
f 2665/2665/2665 2663/2663/2663 2659/2659/2659
f 2661/2661/2661 2664/2664/2664 2666/2666/2666
f 2667/2667/2667 2663/2663/2663 2665/2665/2665
f 2667/2667/2667 2662/2662/2662 2663/2663/2663
f 2668/2668/2668 2667/2667/2667 2665/2665/2665
f 2664/2664/2664 2669/2669/2669 2666/2666/2666
f 2664/2664/2664 2662/2662/2662 2669/2669/2669
f 2666/2666/2666 2669/2669/2669 2670/2670/2670
f 2671/2671/2671 2667/2667/2667 2668/2668/2668
f 2671/2671/2671 2662/2662/2662 2667/2667/2667
f 2672/2672/2672 2671/2671/2671 2668/2668/2668
f 2669/2669/2669 2673/2673/2673 2670/2670/2670
f 2669/2669/2669 2662/2662/2662 2673/2673/2673
f 2670/2670/2670 2673/2673/2673 2674/2674/2674
f 2675/2675/2675 2671/2671/2671 2672/2672/2672
f 2675/2675/2675 2662/2662/2662 2671/2671/2671
f 2676/2676/2676 2675/2675/2675 2672/2672/2672
f 2674/2674/2674 2677/2677/2677 2676/2676/2676
f 2673/2673/2673 2677/2677/2677 2674/2674/2674
f 2673/2673/2673 2662/2662/2662 2677/2677/2677
f 2677/2677/2677 2675/2675/2675 2676/2676/2676
f 2677/2677/2677 2662/2662/2662 2675/2675/2675
f 2680/2680/2680 2679/2679/2679 2678/2678/2678
f 2679/2679/2679 2681/2681/2681 2678/2678/2678
f 2679/2679/2679 2682/2682/2682 2681/2681/2681
f 2680/2680/2680 2678/2678/2678 2683/2683/2683
f 2684/2684/2684 2680/2680/2680 2683/2683/2683
f 2682/2682/2682 2685/2685/2685 2681/2681/2681
f 2682/2682/2682 2686/2686/2686 2685/2685/2685
f 2678/2678/2678 2681/2681/2681 2687/2687/2687
f 2683/2683/2683 2678/2678/2678 2687/2687/2687
f 2681/2681/2681 2685/2685/2685 2687/2687/2687
f 2688/2688/2688 2683/2683/2683 2687/2687/2687
f 2684/2684/2684 2683/2683/2683 2688/2688/2688
f 2685/2685/2685 2689/2689/2689 2687/2687/2687
f 2686/2686/2686 2689/2689/2689 2685/2685/2685
f 2690/2690/2690 2684/2684/2684 2688/2688/2688
f 2686/2686/2686 2691/2691/2691 2689/2689/2689
f 2690/2690/2690 2688/2688/2688 2692/2692/2692
f 2692/2692/2692 2688/2688/2688 2687/2687/2687
f 2693/2693/2693 2690/2690/2690 2692/2692/2692
f 2691/2691/2691 2694/2694/2694 2689/2689/2689
f 2689/2689/2689 2694/2694/2694 2687/2687/2687
f 2691/2691/2691 2695/2695/2695 2694/2694/2694
f 2693/2693/2693 2692/2692/2692 2696/2696/2696
f 2696/2696/2696 2692/2692/2692 2687/2687/2687
f 2697/2697/2697 2693/2693/2693 2696/2696/2696
f 2695/2695/2695 2698/2698/2698 2694/2694/2694
f 2694/2694/2694 2698/2698/2698 2687/2687/2687
f 2695/2695/2695 2699/2699/2699 2698/2698/2698
f 2697/2697/2697 2696/2696/2696 2700/2700/2700
f 2700/2700/2700 2696/2696/2696 2687/2687/2687
f 2701/2701/2701 2697/2697/2697 2700/2700/2700
f 2699/2699/2699 2702/2702/2702 2698/2698/2698
f 2698/2698/2698 2702/2702/2702 2687/2687/2687
f 2702/2702/2702 2700/2700/2700 2687/2687/2687
f 2701/2701/2701 2700/2700/2700 2702/2702/2702
f 2699/2699/2699 2701/2701/2701 2702/2702/2702
f 2705/2705/2705 2704/2704/2704 2703/2703/2703
f 2706/2706/2706 2705/2705/2705 2703/2703/2703
f 2703/2703/2703 2704/2704/2704 2707/2707/2707
f 2708/2708/2708 2705/2705/2705 2706/2706/2706
f 2709/2709/2709 2708/2708/2708 2706/2706/2706
f 2704/2704/2704 2710/2710/2710 2707/2707/2707
f 2707/2707/2707 2710/2710/2710 2711/2711/2711
f 2705/2705/2705 2712/2712/2712 2704/2704/2704
f 2708/2708/2708 2712/2712/2712 2705/2705/2705
f 2704/2704/2704 2712/2712/2712 2710/2710/2710
f 2713/2713/2713 2712/2712/2712 2708/2708/2708
f 2713/2713/2713 2708/2708/2708 2709/2709/2709
f 2710/2710/2710 2712/2712/2712 2714/2714/2714
f 2710/2710/2710 2714/2714/2714 2711/2711/2711
f 2715/2715/2715 2713/2713/2713 2709/2709/2709
f 2711/2711/2711 2714/2714/2714 2716/2716/2716
f 2717/2717/2717 2713/2713/2713 2715/2715/2715
f 2717/2717/2717 2712/2712/2712 2713/2713/2713
f 2718/2718/2718 2717/2717/2717 2715/2715/2715
f 2714/2714/2714 2719/2719/2719 2716/2716/2716
f 2714/2714/2714 2712/2712/2712 2719/2719/2719
f 2716/2716/2716 2719/2719/2719 2720/2720/2720
f 2721/2721/2721 2717/2717/2717 2718/2718/2718
f 2721/2721/2721 2712/2712/2712 2717/2717/2717
f 2722/2722/2722 2721/2721/2721 2718/2718/2718
f 2719/2719/2719 2723/2723/2723 2720/2720/2720
f 2719/2719/2719 2712/2712/2712 2723/2723/2723
f 2720/2720/2720 2723/2723/2723 2724/2724/2724
f 2725/2725/2725 2721/2721/2721 2722/2722/2722
f 2725/2725/2725 2712/2712/2712 2721/2721/2721
f 2726/2726/2726 2725/2725/2725 2722/2722/2722
f 2724/2724/2724 2727/2727/2727 2726/2726/2726
f 2723/2723/2723 2727/2727/2727 2724/2724/2724
f 2723/2723/2723 2712/2712/2712 2727/2727/2727
f 2727/2727/2727 2725/2725/2725 2726/2726/2726
f 2727/2727/2727 2712/2712/2712 2725/2725/2725
f 2730/2730/2730 2729/2729/2729 2728/2728/2728
f 2729/2729/2729 2731/2731/2731 2728/2728/2728
f 2729/2729/2729 2732/2732/2732 2731/2731/2731
f 2730/2730/2730 2728/2728/2728 2733/2733/2733
f 2734/2734/2734 2730/2730/2730 2733/2733/2733
f 2732/2732/2732 2735/2735/2735 2731/2731/2731
f 2732/2732/2732 2736/2736/2736 2735/2735/2735
f 2728/2728/2728 2731/2731/2731 2737/2737/2737
f 2733/2733/2733 2728/2728/2728 2737/2737/2737
f 2731/2731/2731 2735/2735/2735 2737/2737/2737
f 2738/2738/2738 2733/2733/2733 2737/2737/2737
f 2734/2734/2734 2733/2733/2733 2738/2738/2738
f 2735/2735/2735 2739/2739/2739 2737/2737/2737
f 2736/2736/2736 2739/2739/2739 2735/2735/2735
f 2740/2740/2740 2734/2734/2734 2738/2738/2738
f 2736/2736/2736 2741/2741/2741 2739/2739/2739
f 2740/2740/2740 2738/2738/2738 2742/2742/2742
f 2742/2742/2742 2738/2738/2738 2737/2737/2737
f 2743/2743/2743 2740/2740/2740 2742/2742/2742
f 2741/2741/2741 2744/2744/2744 2739/2739/2739
f 2739/2739/2739 2744/2744/2744 2737/2737/2737
f 2741/2741/2741 2745/2745/2745 2744/2744/2744
f 2743/2743/2743 2742/2742/2742 2746/2746/2746
f 2746/2746/2746 2742/2742/2742 2737/2737/2737
f 2747/2747/2747 2743/2743/2743 2746/2746/2746
f 2745/2745/2745 2748/2748/2748 2744/2744/2744
f 2744/2744/2744 2748/2748/2748 2737/2737/2737
f 2745/2745/2745 2749/2749/2749 2748/2748/2748
f 2747/2747/2747 2746/2746/2746 2750/2750/2750
f 2750/2750/2750 2746/2746/2746 2737/2737/2737
f 2751/2751/2751 2747/2747/2747 2750/2750/2750
f 2749/2749/2749 2752/2752/2752 2748/2748/2748
f 2748/2748/2748 2752/2752/2752 2737/2737/2737
f 2752/2752/2752 2750/2750/2750 2737/2737/2737
f 2751/2751/2751 2750/2750/2750 2752/2752/2752
f 2749/2749/2749 2751/2751/2751 2752/2752/2752
f 2755/2755/2755 2754/2754/2754 2753/2753/2753
f 2756/2756/2756 2755/2755/2755 2753/2753/2753
f 2753/2753/2753 2754/2754/2754 2757/2757/2757
f 2758/2758/2758 2755/2755/2755 2756/2756/2756
f 2759/2759/2759 2758/2758/2758 2756/2756/2756
f 2754/2754/2754 2760/2760/2760 2757/2757/2757
f 2757/2757/2757 2760/2760/2760 2761/2761/2761
f 2755/2755/2755 2762/2762/2762 2754/2754/2754
f 2758/2758/2758 2762/2762/2762 2755/2755/2755
f 2754/2754/2754 2762/2762/2762 2760/2760/2760
f 2763/2763/2763 2762/2762/2762 2758/2758/2758
f 2763/2763/2763 2758/2758/2758 2759/2759/2759
f 2760/2760/2760 2762/2762/2762 2764/2764/2764
f 2760/2760/2760 2764/2764/2764 2761/2761/2761
f 2765/2765/2765 2763/2763/2763 2759/2759/2759
f 2761/2761/2761 2764/2764/2764 2766/2766/2766
f 2767/2767/2767 2763/2763/2763 2765/2765/2765
f 2767/2767/2767 2762/2762/2762 2763/2763/2763
f 2768/2768/2768 2767/2767/2767 2765/2765/2765
f 2764/2764/2764 2769/2769/2769 2766/2766/2766
f 2764/2764/2764 2762/2762/2762 2769/2769/2769
f 2766/2766/2766 2769/2769/2769 2770/2770/2770
f 2771/2771/2771 2767/2767/2767 2768/2768/2768
f 2771/2771/2771 2762/2762/2762 2767/2767/2767
f 2772/2772/2772 2771/2771/2771 2768/2768/2768
f 2769/2769/2769 2773/2773/2773 2770/2770/2770
f 2769/2769/2769 2762/2762/2762 2773/2773/2773
f 2770/2770/2770 2773/2773/2773 2774/2774/2774
f 2775/2775/2775 2771/2771/2771 2772/2772/2772
f 2775/2775/2775 2762/2762/2762 2771/2771/2771
f 2776/2776/2776 2775/2775/2775 2772/2772/2772
f 2774/2774/2774 2777/2777/2777 2776/2776/2776
f 2773/2773/2773 2777/2777/2777 2774/2774/2774
f 2773/2773/2773 2762/2762/2762 2777/2777/2777
f 2777/2777/2777 2775/2775/2775 2776/2776/2776
f 2777/2777/2777 2762/2762/2762 2775/2775/2775
f 2780/2780/2780 2779/2779/2779 2778/2778/2778
f 2781/2781/2781 2780/2780/2780 2778/2778/2778
f 2782/2782/2782 2780/2780/2780 2781/2781/2781
f 2778/2778/2778 2779/2779/2779 2783/2783/2783
f 2779/2779/2779 2784/2784/2784 2783/2783/2783
f 2785/2785/2785 2782/2782/2782 2781/2781/2781
f 2786/2786/2786 2782/2782/2782 2785/2785/2785
f 2781/2781/2781 2778/2778/2778 2787/2787/2787
f 2778/2778/2778 2783/2783/2783 2787/2787/2787
f 2785/2785/2785 2781/2781/2781 2787/2787/2787
f 2783/2783/2783 2788/2788/2788 2787/2787/2787
f 2783/2783/2783 2784/2784/2784 2788/2788/2788
f 2789/2789/2789 2785/2785/2785 2787/2787/2787
f 2789/2789/2789 2786/2786/2786 2785/2785/2785
f 2784/2784/2784 2790/2790/2790 2788/2788/2788
f 2791/2791/2791 2786/2786/2786 2789/2789/2789
f 2788/2788/2788 2790/2790/2790 2792/2792/2792
f 2788/2788/2788 2792/2792/2792 2787/2787/2787
f 2790/2790/2790 2793/2793/2793 2792/2792/2792
f 2794/2794/2794 2791/2791/2791 2789/2789/2789
f 2794/2794/2794 2789/2789/2789 2787/2787/2787
f 2795/2795/2795 2791/2791/2791 2794/2794/2794
f 2792/2792/2792 2793/2793/2793 2796/2796/2796
f 2792/2792/2792 2796/2796/2796 2787/2787/2787
f 2793/2793/2793 2797/2797/2797 2796/2796/2796
f 2798/2798/2798 2795/2795/2795 2794/2794/2794
f 2798/2798/2798 2794/2794/2794 2787/2787/2787
f 2799/2799/2799 2795/2795/2795 2798/2798/2798
f 2796/2796/2796 2797/2797/2797 2800/2800/2800
f 2796/2796/2796 2800/2800/2800 2787/2787/2787
f 2797/2797/2797 2801/2801/2801 2800/2800/2800
f 2802/2802/2802 2799/2799/2799 2798/2798/2798
f 2802/2802/2802 2798/2798/2798 2787/2787/2787
f 2800/2800/2800 2802/2802/2802 2787/2787/2787
f 2801/2801/2801 2799/2799/2799 2802/2802/2802
f 2800/2800/2800 2801/2801/2801 2802/2802/2802
f 2805/2805/2805 2804/2804/2804 2803/2803/2803
f 2806/2806/2806 2805/2805/2805 2803/2803/2803
f 2806/2806/2806 2803/2803/2803 2807/2807/2807
f 2805/2805/2805 2808/2808/2808 2804/2804/2804
f 2808/2808/2808 2809/2809/2809 2804/2804/2804
f 2810/2810/2810 2806/2806/2806 2807/2807/2807
f 2810/2810/2810 2807/2807/2807 2811/2811/2811
f 2812/2812/2812 2805/2805/2805 2806/2806/2806
f 2812/2812/2812 2808/2808/2808 2805/2805/2805
f 2812/2812/2812 2806/2806/2806 2810/2810/2810
f 2812/2812/2812 2813/2813/2813 2808/2808/2808
f 2808/2808/2808 2813/2813/2813 2809/2809/2809
f 2812/2812/2812 2810/2810/2810 2814/2814/2814
f 2814/2814/2814 2810/2810/2810 2811/2811/2811
f 2813/2813/2813 2815/2815/2815 2809/2809/2809
f 2814/2814/2814 2811/2811/2811 2816/2816/2816
f 2813/2813/2813 2817/2817/2817 2815/2815/2815
f 2812/2812/2812 2817/2817/2817 2813/2813/2813
f 2817/2817/2817 2818/2818/2818 2815/2815/2815
f 2819/2819/2819 2814/2814/2814 2816/2816/2816
f 2812/2812/2812 2814/2814/2814 2819/2819/2819
f 2819/2819/2819 2816/2816/2816 2820/2820/2820
f 2817/2817/2817 2821/2821/2821 2818/2818/2818
f 2812/2812/2812 2821/2821/2821 2817/2817/2817
f 2821/2821/2821 2822/2822/2822 2818/2818/2818
f 2823/2823/2823 2819/2819/2819 2820/2820/2820
f 2812/2812/2812 2819/2819/2819 2823/2823/2823
f 2823/2823/2823 2820/2820/2820 2824/2824/2824
f 2821/2821/2821 2825/2825/2825 2822/2822/2822
f 2812/2812/2812 2825/2825/2825 2821/2821/2821
f 2825/2825/2825 2826/2826/2826 2822/2822/2822
f 2827/2827/2827 2824/2824/2824 2826/2826/2826
f 2827/2827/2827 2823/2823/2823 2824/2824/2824
f 2812/2812/2812 2823/2823/2823 2827/2827/2827
f 2825/2825/2825 2827/2827/2827 2826/2826/2826
f 2812/2812/2812 2827/2827/2827 2825/2825/2825
f 2830/2830/2830 2829/2829/2829 2828/2828/2828
f 2831/2831/2831 2830/2830/2830 2828/2828/2828
f 2832/2832/2832 2830/2830/2830 2831/2831/2831
f 2828/2828/2828 2829/2829/2829 2833/2833/2833
f 2829/2829/2829 2834/2834/2834 2833/2833/2833
f 2835/2835/2835 2832/2832/2832 2831/2831/2831
f 2836/2836/2836 2832/2832/2832 2835/2835/2835
f 2831/2831/2831 2828/2828/2828 2837/2837/2837
f 2828/2828/2828 2833/2833/2833 2837/2837/2837
f 2835/2835/2835 2831/2831/2831 2837/2837/2837
f 2833/2833/2833 2838/2838/2838 2837/2837/2837
f 2833/2833/2833 2834/2834/2834 2838/2838/2838
f 2839/2839/2839 2835/2835/2835 2837/2837/2837
f 2839/2839/2839 2836/2836/2836 2835/2835/2835
f 2834/2834/2834 2840/2840/2840 2838/2838/2838
f 2841/2841/2841 2836/2836/2836 2839/2839/2839
f 2838/2838/2838 2840/2840/2840 2842/2842/2842
f 2838/2838/2838 2842/2842/2842 2837/2837/2837
f 2840/2840/2840 2843/2843/2843 2842/2842/2842
f 2844/2844/2844 2841/2841/2841 2839/2839/2839
f 2844/2844/2844 2839/2839/2839 2837/2837/2837
f 2845/2845/2845 2841/2841/2841 2844/2844/2844
f 2842/2842/2842 2843/2843/2843 2846/2846/2846
f 2842/2842/2842 2846/2846/2846 2837/2837/2837
f 2843/2843/2843 2847/2847/2847 2846/2846/2846
f 2848/2848/2848 2845/2845/2845 2844/2844/2844
f 2848/2848/2848 2844/2844/2844 2837/2837/2837
f 2849/2849/2849 2845/2845/2845 2848/2848/2848
f 2846/2846/2846 2847/2847/2847 2850/2850/2850
f 2846/2846/2846 2850/2850/2850 2837/2837/2837
f 2847/2847/2847 2851/2851/2851 2850/2850/2850
f 2852/2852/2852 2849/2849/2849 2848/2848/2848
f 2852/2852/2852 2848/2848/2848 2837/2837/2837
f 2850/2850/2850 2852/2852/2852 2837/2837/2837
f 2851/2851/2851 2849/2849/2849 2852/2852/2852
f 2850/2850/2850 2851/2851/2851 2852/2852/2852
f 2855/2855/2855 2854/2854/2854 2853/2853/2853
f 2856/2856/2856 2855/2855/2855 2853/2853/2853
f 2856/2856/2856 2853/2853/2853 2857/2857/2857
f 2855/2855/2855 2858/2858/2858 2854/2854/2854
f 2858/2858/2858 2859/2859/2859 2854/2854/2854
f 2860/2860/2860 2856/2856/2856 2857/2857/2857
f 2860/2860/2860 2857/2857/2857 2861/2861/2861
f 2862/2862/2862 2855/2855/2855 2856/2856/2856
f 2862/2862/2862 2858/2858/2858 2855/2855/2855
f 2862/2862/2862 2856/2856/2856 2860/2860/2860
f 2862/2862/2862 2863/2863/2863 2858/2858/2858
f 2858/2858/2858 2863/2863/2863 2859/2859/2859
f 2862/2862/2862 2860/2860/2860 2864/2864/2864
f 2864/2864/2864 2860/2860/2860 2861/2861/2861
f 2863/2863/2863 2865/2865/2865 2859/2859/2859
f 2864/2864/2864 2861/2861/2861 2866/2866/2866
f 2863/2863/2863 2867/2867/2867 2865/2865/2865
f 2862/2862/2862 2867/2867/2867 2863/2863/2863
f 2867/2867/2867 2868/2868/2868 2865/2865/2865
f 2869/2869/2869 2864/2864/2864 2866/2866/2866
f 2862/2862/2862 2864/2864/2864 2869/2869/2869
f 2869/2869/2869 2866/2866/2866 2870/2870/2870
f 2867/2867/2867 2871/2871/2871 2868/2868/2868
f 2862/2862/2862 2871/2871/2871 2867/2867/2867
f 2871/2871/2871 2872/2872/2872 2868/2868/2868
f 2873/2873/2873 2869/2869/2869 2870/2870/2870
f 2862/2862/2862 2869/2869/2869 2873/2873/2873
f 2873/2873/2873 2870/2870/2870 2874/2874/2874
f 2871/2871/2871 2875/2875/2875 2872/2872/2872
f 2862/2862/2862 2875/2875/2875 2871/2871/2871
f 2875/2875/2875 2876/2876/2876 2872/2872/2872
f 2877/2877/2877 2874/2874/2874 2876/2876/2876
f 2877/2877/2877 2873/2873/2873 2874/2874/2874
f 2862/2862/2862 2873/2873/2873 2877/2877/2877
f 2875/2875/2875 2877/2877/2877 2876/2876/2876
f 2862/2862/2862 2877/2877/2877 2875/2875/2875
f 2880/2880/2880 2879/2879/2879 2878/2878/2878
f 2881/2881/2881 2880/2880/2880 2878/2878/2878
f 2882/2882/2882 2880/2880/2880 2881/2881/2881
f 2878/2878/2878 2879/2879/2879 2883/2883/2883
f 2879/2879/2879 2884/2884/2884 2883/2883/2883
f 2885/2885/2885 2882/2882/2882 2881/2881/2881
f 2886/2886/2886 2882/2882/2882 2885/2885/2885
f 2881/2881/2881 2878/2878/2878 2887/2887/2887
f 2878/2878/2878 2883/2883/2883 2887/2887/2887
f 2885/2885/2885 2881/2881/2881 2887/2887/2887
f 2883/2883/2883 2888/2888/2888 2887/2887/2887
f 2883/2883/2883 2884/2884/2884 2888/2888/2888
f 2889/2889/2889 2885/2885/2885 2887/2887/2887
f 2889/2889/2889 2886/2886/2886 2885/2885/2885
f 2884/2884/2884 2890/2890/2890 2888/2888/2888
f 2891/2891/2891 2886/2886/2886 2889/2889/2889
f 2888/2888/2888 2890/2890/2890 2892/2892/2892
f 2888/2888/2888 2892/2892/2892 2887/2887/2887
f 2890/2890/2890 2893/2893/2893 2892/2892/2892
f 2894/2894/2894 2891/2891/2891 2889/2889/2889
f 2894/2894/2894 2889/2889/2889 2887/2887/2887
f 2895/2895/2895 2891/2891/2891 2894/2894/2894
f 2892/2892/2892 2893/2893/2893 2896/2896/2896
f 2892/2892/2892 2896/2896/2896 2887/2887/2887
f 2893/2893/2893 2897/2897/2897 2896/2896/2896
f 2898/2898/2898 2895/2895/2895 2894/2894/2894
f 2898/2898/2898 2894/2894/2894 2887/2887/2887
f 2899/2899/2899 2895/2895/2895 2898/2898/2898
f 2896/2896/2896 2897/2897/2897 2900/2900/2900
f 2896/2896/2896 2900/2900/2900 2887/2887/2887
f 2897/2897/2897 2901/2901/2901 2900/2900/2900
f 2902/2902/2902 2899/2899/2899 2898/2898/2898
f 2902/2902/2902 2898/2898/2898 2887/2887/2887
f 2900/2900/2900 2902/2902/2902 2887/2887/2887
f 2901/2901/2901 2899/2899/2899 2902/2902/2902
f 2900/2900/2900 2901/2901/2901 2902/2902/2902
f 2905/2905/2905 2904/2904/2904 2903/2903/2903
f 2906/2906/2906 2905/2905/2905 2903/2903/2903
f 2906/2906/2906 2903/2903/2903 2907/2907/2907
f 2905/2905/2905 2908/2908/2908 2904/2904/2904
f 2908/2908/2908 2909/2909/2909 2904/2904/2904
f 2910/2910/2910 2906/2906/2906 2907/2907/2907
f 2910/2910/2910 2907/2907/2907 2911/2911/2911
f 2912/2912/2912 2905/2905/2905 2906/2906/2906
f 2912/2912/2912 2908/2908/2908 2905/2905/2905
f 2912/2912/2912 2906/2906/2906 2910/2910/2910
f 2912/2912/2912 2913/2913/2913 2908/2908/2908
f 2908/2908/2908 2913/2913/2913 2909/2909/2909
f 2912/2912/2912 2910/2910/2910 2914/2914/2914
f 2914/2914/2914 2910/2910/2910 2911/2911/2911
f 2913/2913/2913 2915/2915/2915 2909/2909/2909
f 2914/2914/2914 2911/2911/2911 2916/2916/2916
f 2913/2913/2913 2917/2917/2917 2915/2915/2915
f 2912/2912/2912 2917/2917/2917 2913/2913/2913
f 2917/2917/2917 2918/2918/2918 2915/2915/2915
f 2919/2919/2919 2914/2914/2914 2916/2916/2916
f 2912/2912/2912 2914/2914/2914 2919/2919/2919
f 2919/2919/2919 2916/2916/2916 2920/2920/2920
f 2917/2917/2917 2921/2921/2921 2918/2918/2918
f 2912/2912/2912 2921/2921/2921 2917/2917/2917
f 2921/2921/2921 2922/2922/2922 2918/2918/2918
f 2923/2923/2923 2919/2919/2919 2920/2920/2920
f 2912/2912/2912 2919/2919/2919 2923/2923/2923
f 2923/2923/2923 2920/2920/2920 2924/2924/2924
f 2921/2921/2921 2925/2925/2925 2922/2922/2922
f 2912/2912/2912 2925/2925/2925 2921/2921/2921
f 2925/2925/2925 2926/2926/2926 2922/2922/2922
f 2927/2927/2927 2924/2924/2924 2926/2926/2926
f 2927/2927/2927 2923/2923/2923 2924/2924/2924
f 2912/2912/2912 2923/2923/2923 2927/2927/2927
f 2925/2925/2925 2927/2927/2927 2926/2926/2926
f 2912/2912/2912 2927/2927/2927 2925/2925/2925
f 2930/2930/2930 2929/2929/2929 2928/2928/2928
f 2931/2931/2931 2930/2930/2930 2928/2928/2928
f 2932/2932/2932 2930/2930/2930 2931/2931/2931
f 2928/2928/2928 2929/2929/2929 2933/2933/2933
f 2929/2929/2929 2934/2934/2934 2933/2933/2933
f 2935/2935/2935 2932/2932/2932 2931/2931/2931
f 2936/2936/2936 2932/2932/2932 2935/2935/2935
f 2931/2931/2931 2928/2928/2928 2937/2937/2937
f 2928/2928/2928 2933/2933/2933 2937/2937/2937
f 2935/2935/2935 2931/2931/2931 2937/2937/2937
f 2933/2933/2933 2938/2938/2938 2937/2937/2937
f 2933/2933/2933 2934/2934/2934 2938/2938/2938
f 2939/2939/2939 2935/2935/2935 2937/2937/2937
f 2939/2939/2939 2936/2936/2936 2935/2935/2935
f 2934/2934/2934 2940/2940/2940 2938/2938/2938
f 2941/2941/2941 2936/2936/2936 2939/2939/2939
f 2938/2938/2938 2940/2940/2940 2942/2942/2942
f 2938/2938/2938 2942/2942/2942 2937/2937/2937
f 2940/2940/2940 2943/2943/2943 2942/2942/2942
f 2944/2944/2944 2941/2941/2941 2939/2939/2939
f 2944/2944/2944 2939/2939/2939 2937/2937/2937
f 2945/2945/2945 2941/2941/2941 2944/2944/2944
f 2942/2942/2942 2943/2943/2943 2946/2946/2946
f 2942/2942/2942 2946/2946/2946 2937/2937/2937
f 2943/2943/2943 2947/2947/2947 2946/2946/2946
f 2948/2948/2948 2945/2945/2945 2944/2944/2944
f 2948/2948/2948 2944/2944/2944 2937/2937/2937
f 2949/2949/2949 2945/2945/2945 2948/2948/2948
f 2946/2946/2946 2947/2947/2947 2950/2950/2950
f 2946/2946/2946 2950/2950/2950 2937/2937/2937
f 2947/2947/2947 2951/2951/2951 2950/2950/2950
f 2952/2952/2952 2949/2949/2949 2948/2948/2948
f 2952/2952/2952 2948/2948/2948 2937/2937/2937
f 2950/2950/2950 2952/2952/2952 2937/2937/2937
f 2951/2951/2951 2949/2949/2949 2952/2952/2952
f 2950/2950/2950 2951/2951/2951 2952/2952/2952
f 2955/2955/2955 2954/2954/2954 2953/2953/2953
f 2956/2956/2956 2955/2955/2955 2953/2953/2953
f 2956/2956/2956 2953/2953/2953 2957/2957/2957
f 2955/2955/2955 2958/2958/2958 2954/2954/2954
f 2958/2958/2958 2959/2959/2959 2954/2954/2954
f 2960/2960/2960 2956/2956/2956 2957/2957/2957
f 2960/2960/2960 2957/2957/2957 2961/2961/2961
f 2962/2962/2962 2955/2955/2955 2956/2956/2956
f 2962/2962/2962 2958/2958/2958 2955/2955/2955
f 2962/2962/2962 2956/2956/2956 2960/2960/2960
f 2962/2962/2962 2963/2963/2963 2958/2958/2958
f 2958/2958/2958 2963/2963/2963 2959/2959/2959
f 2962/2962/2962 2960/2960/2960 2964/2964/2964
f 2964/2964/2964 2960/2960/2960 2961/2961/2961
f 2963/2963/2963 2965/2965/2965 2959/2959/2959
f 2964/2964/2964 2961/2961/2961 2966/2966/2966
f 2963/2963/2963 2967/2967/2967 2965/2965/2965
f 2962/2962/2962 2967/2967/2967 2963/2963/2963
f 2967/2967/2967 2968/2968/2968 2965/2965/2965
f 2969/2969/2969 2964/2964/2964 2966/2966/2966
f 2962/2962/2962 2964/2964/2964 2969/2969/2969
f 2969/2969/2969 2966/2966/2966 2970/2970/2970
f 2967/2967/2967 2971/2971/2971 2968/2968/2968
f 2962/2962/2962 2971/2971/2971 2967/2967/2967
f 2971/2971/2971 2972/2972/2972 2968/2968/2968
f 2973/2973/2973 2969/2969/2969 2970/2970/2970
f 2962/2962/2962 2969/2969/2969 2973/2973/2973
f 2973/2973/2973 2970/2970/2970 2974/2974/2974
f 2971/2971/2971 2975/2975/2975 2972/2972/2972
f 2962/2962/2962 2975/2975/2975 2971/2971/2971
f 2975/2975/2975 2976/2976/2976 2972/2972/2972
f 2977/2977/2977 2974/2974/2974 2976/2976/2976
f 2977/2977/2977 2973/2973/2973 2974/2974/2974
f 2962/2962/2962 2973/2973/2973 2977/2977/2977
f 2975/2975/2975 2977/2977/2977 2976/2976/2976
f 2962/2962/2962 2977/2977/2977 2975/2975/2975
f 2980/2980/2980 2979/2979/2979 2978/2978/2978
f 2981/2981/2981 2980/2980/2980 2978/2978/2978
f 2978/2978/2978 2979/2979/2979 2982/2982/2982
f 2983/2983/2983 2980/2980/2980 2981/2981/2981
f 2979/2979/2979 2984/2984/2984 2982/2982/2982
f 2985/2985/2985 2983/2983/2983 2981/2981/2981
f 2982/2982/2982 2984/2984/2984 2986/2986/2986
f 2987/2987/2987 2983/2983/2983 2985/2985/2985
f 2984/2984/2984 2988/2988/2988 2986/2986/2986
f 2989/2989/2989 2987/2987/2987 2985/2985/2985
f 2986/2986/2986 2988/2988/2988 2990/2990/2990
f 2991/2991/2991 2987/2987/2987 2989/2989/2989
f 2988/2988/2988 2992/2992/2992 2990/2990/2990
f 2993/2993/2993 2991/2991/2991 2989/2989/2989
f 2990/2990/2990 2992/2992/2992 2994/2994/2994
f 2995/2995/2995 2991/2991/2991 2993/2993/2993
f 2992/2992/2992 2996/2996/2996 2994/2994/2994
f 2997/2997/2997 2995/2995/2995 2993/2993/2993
f 2994/2994/2994 2996/2996/2996 2998/2998/2998
f 2999/2999/2999 2995/2995/2995 2997/2997/2997
f 2996/2996/2996 3000/3000/3000 2998/2998/2998
f 3001/3001/3001 2999/2999/2999 2997/2997/2997
f 2998/2998/2998 3000/3000/3000 3001/3001/3001
f 3000/3000/3000 2999/2999/2999 3001/3001/3001
f 3004/3004/3004 3003/3003/3003 3002/3002/3002
f 3005/3005/3005 3004/3004/3004 3002/3002/3002
f 3002/3002/3002 3003/3003/3003 3006/3006/3006
f 3007/3007/3007 3004/3004/3004 3005/3005/3005
f 3003/3003/3003 3008/3008/3008 3006/3006/3006
f 3009/3009/3009 3007/3007/3007 3005/3005/3005
f 3006/3006/3006 3008/3008/3008 3010/3010/3010
f 3011/3011/3011 3007/3007/3007 3009/3009/3009
f 3008/3008/3008 3012/3012/3012 3010/3010/3010
f 3013/3013/3013 3011/3011/3011 3009/3009/3009
f 3010/3010/3010 3012/3012/3012 3014/3014/3014
f 3015/3015/3015 3011/3011/3011 3013/3013/3013
f 3012/3012/3012 3016/3016/3016 3014/3014/3014
f 3017/3017/3017 3015/3015/3015 3013/3013/3013
f 3014/3014/3014 3016/3016/3016 3018/3018/3018
f 3019/3019/3019 3015/3015/3015 3017/3017/3017
f 3016/3016/3016 3020/3020/3020 3018/3018/3018
f 3021/3021/3021 3019/3019/3019 3017/3017/3017
f 3018/3018/3018 3020/3020/3020 3022/3022/3022
f 3023/3023/3023 3019/3019/3019 3021/3021/3021
f 3020/3020/3020 3024/3024/3024 3022/3022/3022
f 3025/3025/3025 3023/3023/3023 3021/3021/3021
f 3022/3022/3022 3024/3024/3024 3025/3025/3025
f 3024/3024/3024 3023/3023/3023 3025/3025/3025
f 3028/3028/3028 3027/3027/3027 3026/3026/3026
f 3029/3029/3029 3028/3028/3028 3026/3026/3026
f 3026/3026/3026 3027/3027/3027 3030/3030/3030
f 3031/3031/3031 3028/3028/3028 3029/3029/3029
f 3027/3027/3027 3032/3032/3032 3030/3030/3030
f 3033/3033/3033 3031/3031/3031 3029/3029/3029
f 3030/3030/3030 3032/3032/3032 3034/3034/3034
f 3035/3035/3035 3031/3031/3031 3033/3033/3033
f 3032/3032/3032 3036/3036/3036 3034/3034/3034
f 3037/3037/3037 3035/3035/3035 3033/3033/3033
f 3034/3034/3034 3036/3036/3036 3038/3038/3038
f 3039/3039/3039 3035/3035/3035 3037/3037/3037
f 3036/3036/3036 3040/3040/3040 3038/3038/3038
f 3041/3041/3041 3039/3039/3039 3037/3037/3037
f 3038/3038/3038 3040/3040/3040 3042/3042/3042
f 3043/3043/3043 3039/3039/3039 3041/3041/3041
f 3040/3040/3040 3044/3044/3044 3042/3042/3042
f 3045/3045/3045 3043/3043/3043 3041/3041/3041
f 3042/3042/3042 3044/3044/3044 3046/3046/3046
f 3047/3047/3047 3043/3043/3043 3045/3045/3045
f 3044/3044/3044 3048/3048/3048 3046/3046/3046
f 3049/3049/3049 3047/3047/3047 3045/3045/3045
f 3046/3046/3046 3048/3048/3048 3049/3049/3049
f 3048/3048/3048 3047/3047/3047 3049/3049/3049
f 3052/3052/3052 3051/3051/3051 3050/3050/3050
f 3053/3053/3053 3052/3052/3052 3050/3050/3050
f 3050/3050/3050 3051/3051/3051 3054/3054/3054
f 3055/3055/3055 3052/3052/3052 3053/3053/3053
f 3051/3051/3051 3056/3056/3056 3054/3054/3054
f 3057/3057/3057 3055/3055/3055 3053/3053/3053
f 3054/3054/3054 3056/3056/3056 3058/3058/3058
f 3059/3059/3059 3055/3055/3055 3057/3057/3057
f 3056/3056/3056 3060/3060/3060 3058/3058/3058
f 3061/3061/3061 3059/3059/3059 3057/3057/3057
f 3058/3058/3058 3060/3060/3060 3062/3062/3062
f 3063/3063/3063 3059/3059/3059 3061/3061/3061
f 3060/3060/3060 3064/3064/3064 3062/3062/3062
f 3065/3065/3065 3063/3063/3063 3061/3061/3061
f 3062/3062/3062 3064/3064/3064 3066/3066/3066
f 3067/3067/3067 3063/3063/3063 3065/3065/3065
f 3064/3064/3064 3068/3068/3068 3066/3066/3066
f 3069/3069/3069 3067/3067/3067 3065/3065/3065
f 3066/3066/3066 3068/3068/3068 3070/3070/3070
f 3071/3071/3071 3067/3067/3067 3069/3069/3069
f 3068/3068/3068 3072/3072/3072 3070/3070/3070
f 3073/3073/3073 3071/3071/3071 3069/3069/3069
f 3070/3070/3070 3072/3072/3072 3073/3073/3073
f 3072/3072/3072 3071/3071/3071 3073/3073/3073
f 3076/3076/3076 3075/3075/3075 3074/3074/3074
f 3077/3077/3077 3076/3076/3076 3074/3074/3074
f 3076/3076/3076 3078/3078/3078 3075/3075/3075
f 3077/3077/3077 3074/3074/3074 3079/3079/3079
f 3078/3078/3078 3080/3080/3080 3075/3075/3075
f 3081/3081/3081 3077/3077/3077 3079/3079/3079
f 3078/3078/3078 3082/3082/3082 3080/3080/3080
f 3081/3081/3081 3079/3079/3079 3083/3083/3083
f 3082/3082/3082 3084/3084/3084 3080/3080/3080
f 3085/3085/3085 3081/3081/3081 3083/3083/3083
f 3082/3082/3082 3086/3086/3086 3084/3084/3084
f 3085/3085/3085 3083/3083/3083 3087/3087/3087
f 3086/3086/3086 3088/3088/3088 3084/3084/3084
f 3089/3089/3089 3085/3085/3085 3087/3087/3087
f 3086/3086/3086 3090/3090/3090 3088/3088/3088
f 3089/3089/3089 3087/3087/3087 3091/3091/3091
f 3090/3090/3090 3092/3092/3092 3088/3088/3088
f 3093/3093/3093 3089/3089/3089 3091/3091/3091
f 3090/3090/3090 3094/3094/3094 3092/3092/3092
f 3093/3093/3093 3091/3091/3091 3095/3095/3095
f 3094/3094/3094 3096/3096/3096 3092/3092/3092
f 3097/3097/3097 3093/3093/3093 3095/3095/3095
f 3097/3097/3097 3095/3095/3095 3096/3096/3096
f 3094/3094/3094 3097/3097/3097 3096/3096/3096
f 3100/3100/3100 3099/3099/3099 3098/3098/3098
f 3101/3101/3101 3100/3100/3100 3098/3098/3098
f 3100/3100/3100 3102/3102/3102 3099/3099/3099
f 3101/3101/3101 3098/3098/3098 3103/3103/3103
f 3102/3102/3102 3104/3104/3104 3099/3099/3099
f 3105/3105/3105 3101/3101/3101 3103/3103/3103
f 3102/3102/3102 3106/3106/3106 3104/3104/3104
f 3105/3105/3105 3103/3103/3103 3107/3107/3107
f 3106/3106/3106 3108/3108/3108 3104/3104/3104
f 3109/3109/3109 3105/3105/3105 3107/3107/3107
f 3106/3106/3106 3110/3110/3110 3108/3108/3108
f 3109/3109/3109 3107/3107/3107 3111/3111/3111
f 3110/3110/3110 3112/3112/3112 3108/3108/3108
f 3113/3113/3113 3109/3109/3109 3111/3111/3111
f 3110/3110/3110 3114/3114/3114 3112/3112/3112
f 3113/3113/3113 3111/3111/3111 3115/3115/3115
f 3114/3114/3114 3116/3116/3116 3112/3112/3112
f 3117/3117/3117 3113/3113/3113 3115/3115/3115
f 3114/3114/3114 3118/3118/3118 3116/3116/3116
f 3117/3117/3117 3115/3115/3115 3119/3119/3119
f 3118/3118/3118 3120/3120/3120 3116/3116/3116
f 3121/3121/3121 3117/3117/3117 3119/3119/3119
f 3121/3121/3121 3119/3119/3119 3120/3120/3120
f 3118/3118/3118 3121/3121/3121 3120/3120/3120
f 3124/3124/3124 3123/3123/3123 3122/3122/3122
f 3125/3125/3125 3124/3124/3124 3122/3122/3122
f 3124/3124/3124 3126/3126/3126 3123/3123/3123
f 3125/3125/3125 3122/3122/3122 3127/3127/3127
f 3126/3126/3126 3128/3128/3128 3123/3123/3123
f 3129/3129/3129 3125/3125/3125 3127/3127/3127
f 3126/3126/3126 3130/3130/3130 3128/3128/3128
f 3129/3129/3129 3127/3127/3127 3131/3131/3131
f 3130/3130/3130 3132/3132/3132 3128/3128/3128
f 3133/3133/3133 3129/3129/3129 3131/3131/3131
f 3130/3130/3130 3134/3134/3134 3132/3132/3132
f 3133/3133/3133 3131/3131/3131 3135/3135/3135
f 3134/3134/3134 3136/3136/3136 3132/3132/3132
f 3137/3137/3137 3133/3133/3133 3135/3135/3135
f 3134/3134/3134 3138/3138/3138 3136/3136/3136
f 3137/3137/3137 3135/3135/3135 3139/3139/3139
f 3138/3138/3138 3140/3140/3140 3136/3136/3136
f 3141/3141/3141 3137/3137/3137 3139/3139/3139
f 3138/3138/3138 3142/3142/3142 3140/3140/3140
f 3141/3141/3141 3139/3139/3139 3143/3143/3143
f 3142/3142/3142 3144/3144/3144 3140/3140/3140
f 3145/3145/3145 3141/3141/3141 3143/3143/3143
f 3145/3145/3145 3143/3143/3143 3144/3144/3144
f 3142/3142/3142 3145/3145/3145 3144/3144/3144
f 3148/3148/3148 3147/3147/3147 3146/3146/3146
f 3149/3149/3149 3148/3148/3148 3146/3146/3146
f 3148/3148/3148 3150/3150/3150 3147/3147/3147
f 3149/3149/3149 3146/3146/3146 3151/3151/3151
f 3150/3150/3150 3152/3152/3152 3147/3147/3147
f 3153/3153/3153 3149/3149/3149 3151/3151/3151
f 3150/3150/3150 3154/3154/3154 3152/3152/3152
f 3153/3153/3153 3151/3151/3151 3155/3155/3155
f 3154/3154/3154 3156/3156/3156 3152/3152/3152
f 3157/3157/3157 3153/3153/3153 3155/3155/3155
f 3154/3154/3154 3158/3158/3158 3156/3156/3156
f 3157/3157/3157 3155/3155/3155 3159/3159/3159
f 3158/3158/3158 3160/3160/3160 3156/3156/3156
f 3161/3161/3161 3157/3157/3157 3159/3159/3159
f 3158/3158/3158 3162/3162/3162 3160/3160/3160
f 3161/3161/3161 3159/3159/3159 3163/3163/3163
f 3162/3162/3162 3164/3164/3164 3160/3160/3160
f 3165/3165/3165 3161/3161/3161 3163/3163/3163
f 3162/3162/3162 3166/3166/3166 3164/3164/3164
f 3165/3165/3165 3163/3163/3163 3167/3167/3167
f 3166/3166/3166 3168/3168/3168 3164/3164/3164
f 3169/3169/3169 3165/3165/3165 3167/3167/3167
f 3169/3169/3169 3167/3167/3167 3168/3168/3168
f 3166/3166/3166 3169/3169/3169 3168/3168/3168
