g GuardTower_1_5
v 0.3335715 0.61893773 -3.4850936
v 0.7308562 0.24876422 -3.4850938
v 0.7308558 0.61893773 -3.4850936
v -0.3335725 0.6189379 -3.4850936
v -0.7308568 0.6189379 -3.4850936
v -0.73085713 0.24876437 -3.4850938
v 2.1024337 0.054644108 3.5516567
v 2.083052 0.05464408 3.6129384
v 2.061331 0.05464408 3.6200976
v 3.7496223 0.040891647 1.4393985
v 3.71055 0.040891677 1.3883736
v 3.7171433 0.04089169 1.3664726
v 0.82641065 0.040891074 -3.6424787
v 0.8877308 0.040891085 -3.661745
v 0.9060461 0.040891077 -3.6480572
v 3.8252861 0.014061036 -1.2943864
v 3.7778594 0.014061015 -1.2510083
v 3.7554832 0.014061017 -1.2556735
v -1.4294149 0.01189818 -3.8158863
v -1.4825221 0.011898171 -3.8006687
v -1.4738462 0.011898178 -3.8139071
v -1.7455695 0.09661321 3.125156
v -1.7293934 0.14527589 3.1006763
v -1.7244346 0.11441494 3.1282043
v -1.7293934 0.14527589 3.1006763
v -1.747036 0.14007095 3.0784106
v -1.7177737 0.12794387 3.0562694
v -1.7293934 0.14527589 3.1006763
v -1.7177737 0.12794387 3.0562694
v -1.6997082 0.1270785 3.0803108
v -1.7455695 0.09661321 3.125156
v -1.7244346 0.11441494 3.1282043
v -1.7252014 0.09661321 3.1374025
v -1.8378469 0.09759483 3.0620387
v -1.76075 0.088752344 2.9916782
v -1.6911091 0.09759487 3.0014403
v 0.3335715 1.1026859E-06 -3.4850938
v 0.7308562 1.1026859E-06 -3.4850938
v 0.7308562 0.24876422 -3.4850938
v 0.3335715 0.61893773 -3.4850936
v 0.33357078 0.61893773 -3.0878084
v 0.39656478 0.6189375 -3.1508033
v 0.66786 0.6189375 -3.1508033
v 0.7308559 0.61893773 -3.0878084
v 0.7308559 0.61893773 -3.0878084
v 0.66786 0.6189375 -3.1508033
v 0.6678599 0.61893755 -3.4220989
v 0.7308558 0.61893773 -3.4850936
v 0.7308558 0.61893773 -3.4850936
v 0.6678599 0.61893755 -3.4220989
v 0.39656436 0.61893755 -3.4220989
v 0.3335715 0.61893773 -3.4850936
v 0.39656478 0.6189375 -3.1508033
v 0.39656478 0.5421593 -3.1508033
v 0.66786 0.5421593 -3.1508033
v 0.66786 0.6189375 -3.1508033
v 0.7308562 0.24876422 -3.4850938
v 0.7308562 0.24876407 -3.3486745
v 0.7308562 0.49773526 -3.3486745
v 0.7308558 0.61893773 -3.4850936
v 0.7308559 0.61893773 -3.0878084
v 0.7308558 0.61893773 -3.4850936
v 0.7308562 0.49773523 -3.224221
v 0.73085624 0.24876408 -3.0878084
v 0.7308559 0.61893773 -3.0878084
v 0.7308562 0.24876404 -3.224221
v 0.65662104 0.24876404 -3.224221
v 0.65662104 0.49773523 -3.224221
v 0.65662104 0.49773526 -3.3486745
v 0.65662104 0.24876407 -3.3486745
v 0.7308562 0.49773523 -3.224221
v 0.65662104 0.49773523 -3.224221
v 0.65662104 0.24876404 -3.224221
v 0.7308562 0.24876404 -3.224221
v 0.39656478 0.5421593 -3.1508033
v 0.6678599 0.5421595 -3.4220989
v 0.66786 0.5421593 -3.1508033
v 0.39656436 0.5421595 -3.4220989
v -0.39656526 0.54215926 -3.150803
v -0.3965655 0.5421594 -3.4220989
v 0.297673 0.6943185 -3.0519102
v 0.29767296 0.69431853 -3.1508024
v 0.39656517 0.6943186 -3.1508024
v 0.3965648 0.6943185 -3.0519102
v 0.3965652 1.2218952E-06 -3.051911
v 0.3965648 0.6943185 -3.0519102
v 0.39656517 0.6943186 -3.1508024
v 0.39656553 1.2516975E-06 -3.1508029
v 0.39656553 1.2516975E-06 -3.1508029
v 0.39656517 0.6943186 -3.1508024
v 0.29767296 0.69431853 -3.1508024
v 0.29767334 1.1920929E-06 -3.1508029
v 0.2976729 0.6943187 -3.5209906
v 0.3965651 0.6943187 -3.5209906
v 0.39656475 0.69431865 -3.4220984
v 0.29767293 0.69431865 -3.4220984
v 0.39656514 1.3411045E-06 -3.4220989
v 0.39656475 0.69431865 -3.4220984
v 0.3965651 0.6943187 -3.5209906
v 0.39656547 1.4305115E-06 -3.520991
v 0.39656547 1.4305115E-06 -3.520991
v 0.3965651 0.6943187 -3.5209906
v 0.2976729 0.6943187 -3.5209906
v 0.29767329 1.3411045E-06 -3.520991
v 0.76675403 0.6943187 -3.5209906
v 0.76675403 0.69431865 -3.422098
v 0.6678614 0.69431865 -3.422098
v 0.6678614 0.6943187 -3.5209906
v 0.7667544 1.4305115E-06 -3.520991
v 0.76675403 0.6943187 -3.5209906
v 0.6678614 0.6943187 -3.5209906
v 0.6678614 1.3411045E-06 -3.520991
v 0.76675403 1.3411045E-06 -3.4220989
v 0.76675403 0.69431865 -3.422098
v 0.76675403 0.6943187 -3.5209906
v 0.7667544 1.4305115E-06 -3.520991
v 0.7667541 0.6943185 -3.05191
v 0.66786146 0.6943185 -3.05191
v 0.66786146 0.69431853 -3.1508021
v 0.7667541 0.6943186 -3.1508021
v 0.7667541 1.2218952E-06 -3.0519104
v 0.7667541 0.6943185 -3.05191
v 0.7667541 0.6943186 -3.1508021
v 0.7667541 1.2814999E-06 -3.1508024
v 0.7667541 1.2814999E-06 -3.1508024
v 0.7667541 0.6943186 -3.1508021
v 0.66786146 0.69431853 -3.1508021
v 0.66786146 1.1920929E-06 -3.1508024
v -0.73085713 0.24876437 -3.4850938
v -0.73085713 1.3113022E-06 -3.4850938
v -0.3335725 1.3113022E-06 -3.4850938
v -0.3335725 0.6189379 -3.4850936
v -0.33357167 0.6189378 -3.0878084
v -0.7308567 0.6189378 -3.0878084
v -0.6678608 0.6189376 -3.1508033
v -0.39656568 0.61893755 -3.1508033
v -0.7308567 0.6189378 -3.0878084
v -0.7308568 0.6189379 -3.4850936
v -0.66786087 0.6189378 -3.4220989
v -0.6678608 0.6189376 -3.1508033
v -0.7308568 0.6189379 -3.4850936
v -0.3335725 0.6189379 -3.4850936
v -0.39656532 0.6189378 -3.4220989
v -0.66786087 0.6189378 -3.4220989
v -0.39656568 0.61893755 -3.1508033
v -0.6678608 0.6189376 -3.1508033
v -0.6678608 0.5421595 -3.1508033
v -0.39656568 0.5421595 -3.1508033
v -0.66786087 0.5421597 -3.4220989
v -0.39656532 0.5421597 -3.4220989
v -0.39656568 0.5421595 -3.1508033
v -0.6678608 0.5421595 -3.1508033
v -0.29767382 0.6943186 -3.0519102
v -0.39656565 0.6943186 -3.0519102
v -0.39656606 0.6943187 -3.1508024
v -0.29767385 0.6943186 -3.1508024
v -0.39656642 1.3709068E-06 -3.1508029
v -0.29767424 1.3113022E-06 -3.1508029
v -0.29767385 0.6943186 -3.1508024
v -0.39656606 0.6943187 -3.1508024
v -0.2976739 0.69431883 -3.5209906
v -0.29767388 0.6943188 -3.4220984
v -0.3965657 0.6943188 -3.4220984
v -0.39656612 0.69431883 -3.5209906
v -0.39656648 1.5795231E-06 -3.520991
v -0.2976743 1.4901161E-06 -3.520991
v -0.2976739 0.69431883 -3.5209906
v -0.39656612 0.69431883 -3.5209906
v -0.766755 0.69431883 -3.5209906
v -0.66786236 0.69431883 -3.5209906
v -0.66786236 0.6943188 -3.422098
v -0.766755 0.6943188 -3.422098
v -0.76675534 1.5795231E-06 -3.520991
v -0.66786236 1.4901161E-06 -3.520991
v -0.66786236 0.69431883 -3.5209906
v -0.766755 0.69431883 -3.5209906
v -0.7667549 0.6943186 -3.05191
v -0.7667549 0.6943187 -3.1508021
v -0.6678623 0.6943186 -3.1508021
v -0.6678623 0.6943186 -3.05191
v -0.7667549 1.3709068E-06 -3.1508024
v -0.6678623 1.3113022E-06 -3.1508024
v -0.6678623 0.6943186 -3.1508021
v -0.7667549 0.6943187 -3.1508021
v -0.6678608 0.5421595 -3.1508033
v -0.6678608 0.6189376 -3.1508033
v -0.66786087 0.6189378 -3.4220989
v -0.66786087 0.5421597 -3.4220989
v -0.29767424 1.3113022E-06 -3.1508029
v -0.29767382 1.2814999E-06 -3.051911
v -0.29767382 0.6943186 -3.0519102
v -0.29767385 0.6943186 -3.1508024
v -0.2976743 1.4901161E-06 -3.520991
v -0.29767427 1.4603138E-06 -3.4220989
v -0.29767388 0.6943188 -3.4220984
v -0.2976739 0.69431883 -3.5209906
v -0.66786236 1.4901161E-06 -3.520991
v -0.66786236 1.4603138E-06 -3.4220989
v -0.66786236 0.6943188 -3.422098
v -0.66786236 0.69431883 -3.5209906
v -0.6678623 1.3113022E-06 -3.1508024
v -0.66786194 1.2814999E-06 -3.0519104
v -0.6678623 0.6943186 -3.05191
v -0.6678623 0.6943186 -3.1508021
v -0.57542217 0.7047959 -3.4850936
v -0.49104452 0.704796 -3.4850936
v -0.4910445 0.704796 -3.422099
v -0.57542217 0.7047959 -3.4221008
v -0.4910445 0.6189378 -3.422099
v -0.4910445 0.704796 -3.422099
v -0.49104452 0.704796 -3.4850936
v -0.49104452 0.6189378 -3.4850936
v -0.49104452 0.6189378 -3.4850936
v -0.49104452 0.704796 -3.4850936
v -0.57542217 0.7047959 -3.4850936
v -0.575422 0.6189377 -3.4850936
v -0.7308556 0.7047959 -3.24324
v -0.73085636 0.7047959 -3.327619
v -0.66786164 0.70479584 -3.327619
v -0.66786164 0.70479584 -3.24324
v -0.66786045 0.6189375 -3.24324
v -0.66786164 0.70479584 -3.24324
v -0.66786164 0.70479584 -3.327619
v -0.667862 0.6189375 -3.327619
v -0.667862 0.6189375 -3.327619
v -0.66786164 0.70479584 -3.327619
v -0.73085636 0.7047959 -3.327619
v -0.73085636 0.6189377 -3.327619
v -0.4890032 0.70479584 -3.0878074
v -0.57338107 0.70479584 -3.0878074
v -0.57338107 0.70479584 -3.1508017
v -0.4890032 0.70479584 -3.1508002
v -0.4890032 0.61893755 -3.0878074
v -0.4890032 0.70479584 -3.0878074
v -0.4890032 0.70479584 -3.1508002
v -0.4890032 0.61893755 -3.1508017
v -0.4890032 0.61893755 -3.1508017
v -0.4890032 0.70479584 -3.1508002
v -0.57338107 0.70479584 -3.1508017
v -0.57338107 0.61893755 -3.1508017
v 0.5754212 0.7047959 -3.4850936
v 0.5754212 0.7047959 -3.4221008
v 0.49104354 0.704796 -3.422099
v 0.4910435 0.704796 -3.4850936
v 0.57542104 0.6189377 -3.4850936
v 0.5754212 0.6189377 -3.422099
v 0.5754212 0.7047959 -3.4221008
v 0.5754212 0.7047959 -3.4850936
v 0.4910435 0.6189378 -3.4850936
v 0.57542104 0.6189377 -3.4850936
v 0.5754212 0.7047959 -3.4850936
v 0.4910435 0.704796 -3.4850936
v 0.73085463 0.7047959 -3.24324
v 0.6678607 0.70479584 -3.24324
v 0.6678607 0.70479584 -3.327619
v 0.7308554 0.7047959 -3.327619
v 0.66786104 0.6189375 -3.327619
v 0.7308554 0.6189377 -3.327619
v 0.7308554 0.7047959 -3.327619
v 0.6678607 0.70479584 -3.327619
v 0.7308554 0.6189377 -3.327619
v 0.73085463 0.6189377 -3.24324
v 0.73085463 0.7047959 -3.24324
v 0.7308554 0.7047959 -3.327619
v 0.48900232 0.70479584 -3.0878074
v 0.48900232 0.70479584 -3.1508002
v 0.57338023 0.70479584 -3.1508017
v 0.57338023 0.70479584 -3.0878074
v 0.48900232 0.61893755 -3.1508017
v 0.57338023 0.61893755 -3.1508017
v 0.57338023 0.70479584 -3.1508017
v 0.48900232 0.70479584 -3.1508002
v 0.57338023 0.61893755 -3.1508017
v 0.57338023 0.61893755 -3.0878074
v 0.57338023 0.70479584 -3.0878074
v 0.57338023 0.70479584 -3.1508017
v -0.2082614 0.67824686 -3.4793005
v -0.12388373 0.67824703 -3.4793005
v -0.12388392 0.67824703 -3.4220984
v -0.2082616 0.678247 -3.4220998
v -0.12388392 0.5950798 -3.4220984
v -0.12388392 0.67824703 -3.4220984
v -0.12388373 0.67824703 -3.4793005
v -0.12388373 0.5950798 -3.4793005
v -0.12388373 0.5950798 -3.4793005
v -0.12388373 0.67824703 -3.4793005
v -0.2082614 0.67824686 -3.4793005
v -0.2082614 0.5950796 -3.4793005
v 0.04320877 0.678247 -3.479303
v 0.043208584 0.678247 -3.4221015
v -0.041169077 0.67824715 -3.4221008
v -0.0411689 0.67824715 -3.479303
v 0.04320877 0.5950796 -3.479303
v 0.043208584 0.5950796 -3.4221008
v 0.043208584 0.678247 -3.4221015
v 0.04320877 0.678247 -3.479303
v -0.0411689 0.5950798 -3.479303
v 0.04320877 0.5950796 -3.479303
v 0.04320877 0.678247 -3.479303
v -0.0411689 0.67824715 -3.479303
v 0.20826118 0.678247 -3.4793012
v 0.20826098 0.67824703 -3.4221008
v 0.123883136 0.67824703 -3.422099
v 0.12388332 0.67824703 -3.4793012
v 0.20826118 0.5950797 -3.4793012
v 0.20826098 0.5950797 -3.422099
v 0.20826098 0.67824703 -3.4221008
v 0.20826118 0.678247 -3.4793012
v 0.12388332 0.5950798 -3.4793012
v 0.20826118 0.5950797 -3.4793012
v 0.20826118 0.678247 -3.4793012
v 0.12388332 0.67824703 -3.4793012
v -0.20826115 0.6782468 -3.0936027
v -0.20826116 0.67824686 -3.1508033
v -0.12388331 0.678247 -3.1508048
v -0.1238833 0.678247 -3.0936027
v -0.20826116 0.5950795 -3.1508048
v -0.12388331 0.5950797 -3.1508048
v -0.12388331 0.678247 -3.1508048
v -0.20826116 0.67824686 -3.1508033
v -0.12388331 0.5950797 -3.1508048
v -0.1238833 0.5950797 -3.0936027
v -0.1238833 0.678247 -3.0936027
v -0.12388331 0.678247 -3.1508048
v 0.04320921 0.67824686 -3.093601
v -0.041168645 0.67824703 -3.093601
v -0.041168656 0.67824703 -3.1508033
v 0.0432092 0.67824686 -3.1508017
v 0.04320921 0.5950795 -3.093601
v 0.04320921 0.67824686 -3.093601
v 0.0432092 0.67824686 -3.1508017
v 0.0432092 0.5950795 -3.1508033
v 0.0432092 0.5950795 -3.1508033
v 0.0432092 0.67824686 -3.1508017
v -0.041168656 0.67824703 -3.1508033
v -0.041168656 0.5950797 -3.1508033
v 0.20826162 0.67824686 -3.093602
v 0.123883754 0.678247 -3.093602
v 0.12388375 0.678247 -3.150804
v 0.20826161 0.678247 -3.1508033
v 0.20826162 0.5950796 -3.093602
v 0.20826162 0.67824686 -3.093602
v 0.20826161 0.678247 -3.1508033
v 0.20826161 0.5950796 -3.150804
v 0.20826161 0.5950796 -3.150804
v 0.20826161 0.678247 -3.1508033
v 0.12388375 0.678247 -3.150804
v 0.12388375 0.5950797 -3.150804
v 0.29767296 0.5950796 -3.0936007
v -0.29767364 0.5950796 -3.0936007
v -0.2976729 0.59507954 -3.150803
v 0.29767334 0.59507954 -3.150803
v -0.2976729 0.5421594 -3.1508029
v 0.29767334 0.5421594 -3.1508029
v 0.29767334 0.59507954 -3.150803
v -0.2976729 0.59507954 -3.150803
v 0.29767329 0.59507996 -3.4793012
v 0.29767293 0.5950797 -3.422099
v -0.29767367 0.5950797 -3.422099
v -0.29767296 0.59507996 -3.4793012
v -0.29767296 0.43309015 -3.4793012
v 0.29767329 0.43309015 -3.4793012
v 0.29767329 0.4958487 -3.4793012
v -0.29767296 0.4958487 -3.4793012
v -0.29767296 0.59507996 -3.4793012
v -0.29767296 0.5323175 -3.4793012
v 0.29767329 0.5323175 -3.4793012
v 0.29767329 0.59507996 -3.4793012
v -0.29767293 0.5027873 -3.4422648
v 0.2976733 0.5027873 -3.4422648
v 0.2976733 0.525382 -3.4422648
v -0.29767293 0.525382 -3.4422648
v 0.29767329 0.4958487 -3.4793012
v 0.2976733 0.5027873 -3.4422648
v -0.29767293 0.5027873 -3.4422648
v -0.29767296 0.4958487 -3.4793012
v -0.29767296 0.5323175 -3.4793012
v -0.29767293 0.525382 -3.4422648
v 0.2976733 0.525382 -3.4422648
v 0.29767329 0.5323175 -3.4793012
v 0.29767177 0.19547126 -3.454274
v -0.29767445 0.1954713 -3.454274
v -0.29767445 0.17860368 -3.425058
v 0.29767177 0.17860359 -3.425059
v 0.29767177 0.22920641 -3.454274
v -0.29767445 0.22920646 -3.4542742
v -0.29767445 0.1954713 -3.454274
v 0.29767177 0.19547126 -3.454274
v 0.29767177 0.24607399 -3.425059
v -0.29767445 0.24607402 -3.4250581
v -0.29767445 0.22920646 -3.4542742
v 0.29767177 0.22920641 -3.454274
v 0.29767177 0.06734575 -3.454274
v -0.29767445 0.06734579 -3.4542742
v -0.29767445 0.050478153 -3.4250581
v 0.29767177 0.050478127 -3.4250581
v 0.29767177 0.10108082 -3.454274
v -0.29767445 0.10108086 -3.454274
v -0.29767445 0.06734579 -3.4542742
v 0.29767177 0.06734575 -3.454274
v 0.29767177 0.11794833 -3.4250581
v -0.29767445 0.1179484 -3.4250581
v -0.29767445 0.10108086 -3.454274
v 0.29767177 0.10108082 -3.454274
v 0.29767177 0.3268107 -3.4542742
v -0.29767445 0.3268107 -3.454274
v -0.29767445 0.30994314 -3.425059
v 0.29767177 0.30994314 -3.4250593
v 0.29767177 0.36054587 -3.4542742
v -0.29767445 0.36054587 -3.4542742
v -0.29767445 0.3268107 -3.454274
v 0.29767177 0.3268107 -3.4542742
v 0.29767177 0.3774134 -3.4250586
v -0.29767445 0.37741342 -3.4250586
v -0.29767445 0.36054587 -3.4542742
v 0.29767177 0.36054587 -3.4542742
v 0.18100841 0.42980453 -3.4429922
v 0.18100841 1.5497208E-06 -3.4429927
v 0.19787623 1.4901161E-06 -3.4137778
v 0.197877 0.42980438 -3.4137774
v 0.14727429 0.42980453 -3.4429922
v 0.14727429 1.5497208E-06 -3.4429927
v 0.18100841 1.5497208E-06 -3.4429927
v 0.18100841 0.42980453 -3.4429922
v 0.13040607 0.42980438 -3.4137774
v 0.13040607 1.5348196E-06 -3.4137778
v 0.14727429 1.5497208E-06 -3.4429927
v 0.14727429 0.42980453 -3.4429922
v 0.01686772 0.42980453 -3.4429922
v 0.016867338 1.5944242E-06 -3.4429927
v 0.03373555 1.5944242E-06 -3.4137778
v 0.03373555 0.42980447 -3.4137774
v -0.016866792 0.42980453 -3.4429922
v -0.016867554 1.5944242E-06 -3.4429927
v 0.016867338 1.5944242E-06 -3.4429927
v 0.01686772 0.42980453 -3.4429922
v -0.03373385 0.42980447 -3.4137774
v -0.033734996 1.5944242E-06 -3.4137778
v -0.016867554 1.5944242E-06 -3.4429927
v -0.016866792 0.42980453 -3.4429922
v -0.20189333 1.5348196E-06 -3.413778
v -0.18502608 1.5497208E-06 -3.442993
v -0.18502608 0.42980453 -3.4429927
v -0.20189333 0.4298043 -3.4137778
v -0.18502608 1.5497208E-06 -3.442993
v -0.15129061 1.5497208E-06 -3.4429927
v -0.15129061 0.42980453 -3.4429922
v -0.18502608 0.42980453 -3.4429927
v -0.15129061 1.5497208E-06 -3.4429927
v -0.13442355 1.5348196E-06 -3.4137778
v -0.13442355 0.4298043 -3.4137774
v -0.15129061 0.42980453 -3.4429922
v -1.5431726 -1.4603138E-06 -3.5500703
v -1.5431726 -1.4603138E-06 -3.4750798
v -1.5431725 0.3686944 -3.4750786
v -1.5431726 0.30277032 -3.550069
v -1.5431727 0.30277032 -3.7572682
v -1.5431726 0.36869437 -3.832257
v -1.5431727 -1.4603138E-06 -3.7572658
v -1.5431726 -1.4603138E-06 -3.8322563
v -1.5562344 0.28862116 -3.558167
v -1.5562344 -1.4603138E-06 -3.5581665
v -1.5431726 -1.4603138E-06 -3.5500703
v -1.5431726 0.30277032 -3.550069
v -1.8175391 0.2886207 -3.818455
v -1.817539 -1.5795231E-06 -3.8184555
v -1.6259853 -1.4901161E-06 -3.818456
v -1.6259853 0.28862083 -3.818455
v -1.8282592 0.30276996 -3.8322566
v -1.8175391 0.2886207 -3.818455
v -1.6259853 0.28862083 -3.818455
v -1.615265 0.30277008 -3.8322575
v -1.5562344 0.28862116 -3.558167
v -1.5562344 0.28862113 -3.7491696
v -1.5562344 -1.4603138E-06 -3.7491696
v -1.5562344 -1.4603138E-06 -3.5581665
v -1.5431727 0.30277032 -3.7572682
v -1.5562344 0.28862113 -3.7491696
v -1.5562344 0.28862116 -3.558167
v -1.5431726 0.30277032 -3.550069
v -1.6259853 -1.4901161E-06 -3.818456
v -1.615266 -1.4901161E-06 -3.8322575
v -1.615265 0.30277008 -3.8322575
v -1.6259853 0.28862083 -3.818455
v -1.5562344 0.28862113 -3.7491696
v -1.5431727 0.30277032 -3.7572682
v -1.5431727 -1.4603138E-06 -3.7572658
v -1.5562344 -1.4603138E-06 -3.7491696
v -1.817539 -1.5795231E-06 -3.8184555
v -1.8175391 0.2886207 -3.818455
v -1.8282592 0.30276996 -3.8322566
v -1.8282583 -1.5795231E-06 -3.832257
v -1.5431726 0.36869437 -3.832257
v -1.615266 -1.4901161E-06 -3.8322575
v -1.5431726 -1.4603138E-06 -3.8322563
v -1.615265 0.30277008 -3.8322575
v -1.8282592 0.30276996 -3.8322566
v -1.9003518 0.3686942 -3.8322563
v -1.8282583 -1.5795231E-06 -3.832257
v -1.9003516 -1.6093254E-06 -3.8322558
v -1.8454019 0.36869425 -3.7773068
v -1.5981234 0.36869437 -3.7773068
v -1.5981237 0.5953295 -3.7773075
v -1.8454022 0.59532946 -3.777307
v -1.5981237 0.5953295 -3.7773075
v -1.5981237 0.5953295 -3.5300288
v -1.6373327 0.5953295 -3.5692387
v -1.6373329 0.5953295 -3.7380981
v -1.5981237 0.5953295 -3.5300288
v -1.8454021 0.5953294 -3.5300288
v -1.8061928 0.5953294 -3.5692382
v -1.6373327 0.5953295 -3.5692387
v -1.8454021 0.5953294 -3.5300288
v -1.8454022 0.59532946 -3.777307
v -1.8061928 0.5953294 -3.7380981
v -1.8061928 0.5953294 -3.5692382
v -1.8454022 0.59532946 -3.777307
v -1.5981237 0.5953295 -3.7773075
v -1.6373329 0.5953295 -3.7380981
v -1.8061928 0.5953294 -3.7380981
v -1.6373327 0.5652423 -3.5692387
v -1.6373327 0.5953295 -3.5692387
v -1.8061928 0.5953294 -3.5692382
v -1.8061928 0.5652422 -3.5692382
v -1.6373327 0.5652423 -3.5692387
v -1.8061928 0.5652422 -3.5692382
v -1.8061928 0.5652422 -3.7380981
v -1.6373329 0.56524223 -3.7380981
v -1.5757802 0.6216192 -3.7996507
v -1.57578 0.6216192 -3.7380989
v -1.6373326 0.6216192 -3.7380989
v -1.6373323 0.6216192 -3.799651
v -1.6373324 0.3686943 -3.799651
v -1.5757798 0.3686943 -3.7996507
v -1.5757802 0.6216192 -3.7996507
v -1.6373323 0.6216192 -3.799651
v -1.8677447 0.62161916 -3.7996507
v -1.8061926 0.62161916 -3.7996507
v -1.8061925 0.62161916 -3.7380981
v -1.8677448 0.62161916 -3.7380981
v -1.8677449 0.36869425 -3.7996507
v -1.8061926 0.36869425 -3.7996507
v -1.8061926 0.62161916 -3.7996507
v -1.8677447 0.62161916 -3.7996507
v -1.8677448 0.6216192 -3.507686
v -1.8677448 0.6216192 -3.5692382
v -1.8061924 0.6216192 -3.5692382
v -1.8061925 0.6216192 -3.507686
v -1.867745 0.3686943 -3.5692382
v -1.8061924 0.3686943 -3.569238
v -1.8061924 0.6216192 -3.5692382
v -1.8677448 0.6216192 -3.5692382
v -1.5757798 0.6216193 -3.507686
v -1.6373323 0.6216193 -3.507686
v -1.637332 0.6216193 -3.5692387
v -1.5757797 0.6216193 -3.5692382
v -1.6373322 0.36869437 -3.5692387
v -1.5757794 0.36869437 -3.5692382
v -1.5757797 0.6216193 -3.5692382
v -1.637332 0.6216193 -3.5692387
v -1.5981234 0.36869437 -3.7773068
v -1.5981236 0.36869434 -3.5300288
v -1.5981237 0.5953295 -3.7773075
v -1.5981237 0.5953295 -3.5300288
v -1.8061928 0.5953294 -3.5692382
v -1.8061928 0.5953294 -3.7380981
v -1.8061928 0.5652422 -3.7380981
v -1.8061928 0.5652422 -3.5692382
v -1.5757798 0.3686943 -3.7996507
v -1.5757798 0.36869428 -3.7380986
v -1.57578 0.6216192 -3.7380989
v -1.5757802 0.6216192 -3.7996507
v -1.8061926 0.36869425 -3.7996507
v -1.8061925 0.3686942 -3.7380977
v -1.8061925 0.62161916 -3.7380981
v -1.8061926 0.62161916 -3.7996507
v -1.8061924 0.3686943 -3.569238
v -1.8061925 0.36869428 -3.5076852
v -1.8061925 0.6216192 -3.507686
v -1.8061924 0.6216192 -3.5692382
v -1.5757794 0.36869437 -3.5692382
v -1.5757797 0.36869434 -3.507686
v -1.5757798 0.6216193 -3.507686
v -1.5757797 0.6216193 -3.5692382
v -1.5431725 0.3686944 -3.4750786
v -1.9003516 0.36869422 -3.4750798
v -1.8454019 0.36869437 -3.5300288
v -1.5981236 0.36869434 -3.5300288
v -1.9003516 0.36869422 -3.4750798
v -1.9003518 0.3686942 -3.8322563
v -1.8454019 0.36869425 -3.7773068
v -1.8454019 0.36869437 -3.5300288
v -1.9003518 0.3686942 -3.8322563
v -1.5431726 0.36869437 -3.832257
v -1.5981234 0.36869437 -3.7773068
v -1.8454019 0.36869425 -3.7773068
v -1.5431726 0.36869437 -3.832257
v -1.5431725 0.3686944 -3.4750786
v -1.5981236 0.36869434 -3.5300288
v -1.5981234 0.36869437 -3.7773068
v -1.7530645 0.6336663 -3.777307
v -1.69046 0.6336663 -3.777307
v -1.6904598 0.6336663 -3.7380974
v -1.7530644 0.6336663 -3.7380974
v -1.6904598 0.5953293 -3.7380974
v -1.6904598 0.6336663 -3.7380974
v -1.69046 0.6336663 -3.777307
v -1.69046 0.5953293 -3.777307
v -1.69046 0.5953293 -3.777307
v -1.69046 0.6336663 -3.777307
v -1.7530645 0.6336663 -3.777307
v -1.7530645 0.5953293 -3.777307
v -1.5981224 0.63366634 -3.6849694
v -1.5981224 0.63366634 -3.6223648
v -1.6373322 0.63366634 -3.6223648
v -1.6373322 0.63366634 -3.6849694
v -1.5981224 0.5953294 -3.6849694
v -1.5981224 0.63366634 -3.6849694
v -1.6373322 0.63366634 -3.6849694
v -1.6373322 0.5953294 -3.6849694
v -1.5981224 0.5953294 -3.6223648
v -1.5981224 0.63366634 -3.6223648
v -1.5981224 0.63366634 -3.6849694
v -1.5981224 0.5953294 -3.6849694
v -1.6904604 0.63366634 -3.5300279
v -1.7530649 0.63366634 -3.5300279
v -1.7530649 0.63366634 -3.5692375
v -1.6904604 0.63366634 -3.5692375
v -1.6904604 0.59532934 -3.5300279
v -1.6904604 0.63366634 -3.5300279
v -1.6904604 0.63366634 -3.5692375
v -1.6904602 0.59532934 -3.5692375
v -1.6904602 0.59532934 -3.5692375
v -1.6904604 0.63366634 -3.5692375
v -1.7530649 0.63366634 -3.5692375
v -1.7530648 0.59532934 -3.5692375
v -1.8454024 0.63366616 -3.6223655
v -1.8454024 0.63366616 -3.6849704
v -1.8061925 0.6336662 -3.6849704
v -1.8061925 0.6336662 -3.6223655
v -1.8061925 0.5953292 -3.6223655
v -1.8061925 0.6336662 -3.6223655
v -1.8061925 0.6336662 -3.6849704
v -1.8061925 0.5953292 -3.6849704
v -1.8061925 0.5953292 -3.6849704
v -1.8061925 0.6336662 -3.6849704
v -1.8454024 0.63366616 -3.6849704
v -1.8454021 0.5953292 -3.6849704
v 1.9003525 -1.1920929E-07 -3.5500708
v 1.9003525 -1.1920929E-07 -3.4750798
v 1.9003525 0.3686957 -3.4750798
v 1.9003525 0.30277163 -3.550069
v 1.9003524 0.30277163 -3.7572675
v 1.9003524 0.36869562 -3.8322563
v 1.9003524 -1.1920929E-07 -3.7572656
v 1.9003524 -1.1920929E-07 -3.832256
v 1.887291 0.28862247 -3.5581677
v 1.9003525 0.30277163 -3.550069
v 1.9003524 0.30277163 -3.7572675
v 1.887291 0.28862244 -3.7491689
v 1.887291 0.28862247 -3.5581677
v 1.887291 -1.1920929E-07 -3.558167
v 1.9003525 -1.1920929E-07 -3.5500708
v 1.9003525 0.30277163 -3.550069
v 1.8175398 0.28862214 -3.8184552
v 1.625986 0.28862208 -3.8184552
v 1.625986 -2.3841858E-07 -3.818456
v 1.8175398 -1.4901161E-07 -3.8184555
v 1.82826 0.3027714 -3.8322568
v 1.6152655 0.30277133 -3.8322575
v 1.625986 0.28862208 -3.8184552
v 1.8175398 0.28862214 -3.8184552
v 1.625986 -2.3841858E-07 -3.818456
v 1.625986 0.28862208 -3.8184552
v 1.6152655 0.30277133 -3.8322575
v 1.6152667 -2.3841858E-07 -3.8322575
v 1.887291 0.28862247 -3.5581677
v 1.887291 0.28862244 -3.7491689
v 1.887291 -1.1920929E-07 -3.7491693
v 1.887291 -1.1920929E-07 -3.558167
v 1.8175398 -1.4901161E-07 -3.8184555
v 1.8282591 -1.4901161E-07 -3.832257
v 1.82826 0.3027714 -3.8322568
v 1.8175398 0.28862214 -3.8184552
v 1.887291 0.28862244 -3.7491689
v 1.9003524 0.30277163 -3.7572675
v 1.9003524 -1.1920929E-07 -3.7572656
v 1.887291 -1.1920929E-07 -3.7491693
v 1.6152667 -2.3841858E-07 -3.8322575
v 1.5431731 0.36869556 -3.832257
v 1.5431734 -2.682209E-07 -3.8322563
v 1.6152655 0.30277133 -3.8322575
v 1.82826 0.3027714 -3.8322568
v 1.9003524 0.36869562 -3.8322563
v 1.8282591 -1.4901161E-07 -3.832257
v 1.9003524 -1.1920929E-07 -3.832256
v 1.8454027 0.36869568 -3.7773068
v 1.8454028 0.3686958 -3.530029
v 1.8454024 0.5953309 -3.7773073
v 1.8454025 0.59533083 -3.530029
v 1.8454027 0.36869568 -3.7773068
v 1.8454024 0.5953309 -3.7773073
v 1.5981238 0.5953308 -3.7773075
v 1.5981241 0.36869562 -3.7773068
v 1.5981238 0.5953308 -3.7773075
v 1.6373336 0.5953307 -3.7380981
v 1.6373333 0.59533083 -3.5692387
v 1.5981239 0.59533083 -3.530029
v 1.5981239 0.59533083 -3.530029
v 1.6373333 0.59533083 -3.5692387
v 1.8061931 0.59533083 -3.5692384
v 1.8454025 0.59533083 -3.530029
v 1.8454025 0.59533083 -3.530029
v 1.8061931 0.59533083 -3.5692384
v 1.8061931 0.59533083 -3.7380981
v 1.8454024 0.5953309 -3.7773073
v 1.8454024 0.5953309 -3.7773073
v 1.8061931 0.59533083 -3.7380981
v 1.6373336 0.5953307 -3.7380981
v 1.5981238 0.5953308 -3.7773075
v 1.6373336 0.5953307 -3.7380981
v 1.6373336 0.5652435 -3.7380981
v 1.6373333 0.5652436 -3.5692387
v 1.6373333 0.59533083 -3.5692387
v 1.8061931 0.59533083 -3.5692384
v 1.6373333 0.59533083 -3.5692387
v 1.6373333 0.5652436 -3.5692387
v 1.8061931 0.5652436 -3.5692384
v 1.8061931 0.5652436 -3.7380981
v 1.8061931 0.5652436 -3.5692384
v 1.6373333 0.5652436 -3.5692387
v 1.6373336 0.5652435 -3.7380981
v 1.5757804 0.6216204 -3.7996507
v 1.6373328 0.6216205 -3.7996511
v 1.6373333 0.6216204 -3.738099
v 1.5757805 0.6216204 -3.738099
v 1.6373336 0.3686956 -3.738099
v 1.6373333 0.6216204 -3.738099
v 1.6373328 0.6216205 -3.7996511
v 1.6373332 0.36869562 -3.7996511
v 1.6373332 0.36869562 -3.7996511
v 1.6373328 0.6216205 -3.7996511
v 1.5757804 0.6216204 -3.7996507
v 1.5757807 0.3686955 -3.7996507
v 1.867745 0.6216206 -3.7996507
v 1.8677455 0.6216206 -3.7380981
v 1.8061931 0.6216206 -3.7380981
v 1.806193 0.6216206 -3.7996507
v 1.8677454 0.36869568 -3.7996507
v 1.867745 0.6216206 -3.7996507
v 1.806193 0.6216206 -3.7996507
v 1.8061934 0.36869562 -3.7996507
v 1.867746 0.36869568 -3.7380981
v 1.8677455 0.6216206 -3.7380981
v 1.867745 0.6216206 -3.7996507
v 1.8677454 0.36869568 -3.7996507
v 1.8677452 0.62162066 -3.507686
v 1.8061928 0.62162066 -3.507686
v 1.8061928 0.62162066 -3.5692384
v 1.8677452 0.62162066 -3.5692384
v 1.867746 0.36869574 -3.5076857
v 1.8677452 0.62162066 -3.507686
v 1.8677452 0.62162066 -3.5692384
v 1.867746 0.36869574 -3.5692384
v 1.867746 0.36869574 -3.5692384
v 1.8677452 0.62162066 -3.5692384
v 1.8061928 0.62162066 -3.5692384
v 1.8061935 0.36869568 -3.569238
v 1.5757805 0.6216205 -3.507686
v 1.5757805 0.6216205 -3.5692384
v 1.6373326 0.62162054 -3.5692387
v 1.6373329 0.6216205 -3.507686
v 1.6373333 0.36869565 -3.507686
v 1.6373329 0.6216205 -3.507686
v 1.6373326 0.62162054 -3.5692387
v 1.6373333 0.36869568 -3.5692387
v 1.6373333 0.36869568 -3.5692387
v 1.6373326 0.62162054 -3.5692387
v 1.5757805 0.6216205 -3.5692384
v 1.5757805 0.36869556 -3.5692384
v 1.5431732 0.3686956 -3.4750786
v 1.5981243 0.3686956 -3.530029
v 1.8454028 0.3686958 -3.530029
v 1.9003525 0.3686957 -3.4750798
v 1.9003525 0.3686957 -3.4750798
v 1.8454028 0.3686958 -3.530029
v 1.8454027 0.36869568 -3.7773068
v 1.9003524 0.36869562 -3.8322563
v 1.9003524 0.36869562 -3.8322563
v 1.8454027 0.36869568 -3.7773068
v 1.5981241 0.36869562 -3.7773068
v 1.5431731 0.36869556 -3.832257
v 1.5431731 0.36869556 -3.832257
v 1.5981241 0.36869562 -3.7773068
v 1.5981243 0.3686956 -3.530029
v 1.5431732 0.3686956 -3.4750786
v 1.753065 0.6336676 -3.7773073
v 1.7530651 0.6336676 -3.7380974
v 1.6904602 0.6336676 -3.7380974
v 1.6904601 0.6336676 -3.7773073
v 1.753065 0.59533066 -3.7773073
v 1.7530651 0.59533066 -3.7380974
v 1.7530651 0.6336676 -3.7380974
v 1.753065 0.6336676 -3.7773073
v 1.6904601 0.59533066 -3.7773073
v 1.753065 0.59533066 -3.7773073
v 1.753065 0.6336676 -3.7773073
v 1.6904601 0.6336676 -3.7773073
v 1.5981228 0.6336676 -3.6849694
v 1.6373329 0.6336676 -3.6849694
v 1.6373329 0.6336676 -3.622365
v 1.5981228 0.6336676 -3.622365
v 1.5981228 0.59533066 -3.6849694
v 1.6373329 0.59533066 -3.6849694
v 1.6373329 0.6336676 -3.6849694
v 1.5981228 0.6336676 -3.6849694
v 1.6373329 0.59533066 -3.6849694
v 1.6373329 0.59533066 -3.622365
v 1.6373329 0.6336676 -3.622365
v 1.6373329 0.6336676 -3.6849694
v 1.5981228 0.59533066 -3.622365
v 1.5981228 0.59533066 -3.6849694
v 1.5981228 0.6336676 -3.6849694
v 1.5981228 0.6336676 -3.622365
v 1.6904606 0.63366765 -3.5300279
v 1.6904606 0.63366765 -3.5692377
v 1.7530655 0.63366765 -3.5692377
v 1.7530655 0.63366765 -3.5300279
v 1.6904606 0.5953307 -3.5692377
v 1.7530655 0.5953307 -3.5692377
v 1.7530655 0.63366765 -3.5692377
v 1.6904606 0.63366765 -3.5692377
v 1.7530655 0.5953307 -3.5692377
v 1.7530655 0.5953307 -3.5300279
v 1.7530655 0.63366765 -3.5300279
v 1.7530655 0.63366765 -3.5692377
v 1.8454025 0.6336676 -3.6223657
v 1.8061931 0.63366765 -3.6223657
v 1.8061931 0.63366765 -3.6849706
v 1.8454025 0.6336676 -3.6849706
v 1.8061931 0.59533066 -3.6849706
v 1.8454025 0.59533066 -3.6849706
v 1.8454025 0.6336676 -3.6849706
v 1.8061931 0.63366765 -3.6849706
v 1.8454025 0.59533066 -3.6849706
v 1.8454025 0.59533066 -3.6223657
v 1.8454025 0.6336676 -3.6223657
v 1.8454025 0.6336676 -3.6849706
v 3.4750786 0.36869463 1.5431726
v 3.4750795 -1.2516975E-06 1.5431726
v 3.5500703 -1.2516975E-06 1.5431726
v 3.5500696 0.30277056 1.5431726
v 3.7572687 0.30277053 1.5431725
v 3.832257 0.36869457 1.5431725
v 3.7572663 -1.2516975E-06 1.5431725
v 3.8322563 -1.2516975E-06 1.5431725
v 3.5581675 0.2886214 1.5562334
v 3.5500696 0.30277056 1.5431726
v 3.5500703 -1.2516975E-06 1.5431726
v 3.5581665 -1.2516975E-06 1.5562334
v 3.8184555 0.28862095 1.8175385
v 3.8184555 0.28862104 1.625985
v 3.8184564 -1.2814999E-06 1.625985
v 3.8184555 -1.3709068E-06 1.8175385
v 3.832257 0.3027702 1.8282585
v 3.832258 0.3027703 1.615265
v 3.8184555 0.28862104 1.625985
v 3.8184555 0.28862095 1.8175385
v 3.74917 -1.2516975E-06 1.5562334
v 3.74917 0.28862134 1.5562334
v 3.5581675 0.2886214 1.5562334
v 3.5581665 -1.2516975E-06 1.5562334
v 3.7572687 0.30277053 1.5431725
v 3.5500696 0.30277056 1.5431726
v 3.5581675 0.2886214 1.5562334
v 3.74917 0.28862134 1.5562334
v 3.8184564 -1.2814999E-06 1.625985
v 3.8184555 0.28862104 1.625985
v 3.832258 0.3027703 1.615265
v 3.832258 -1.2814999E-06 1.6152657
v 3.74917 0.28862134 1.5562334
v 3.74917 -1.2516975E-06 1.5562334
v 3.7572663 -1.2516975E-06 1.5431725
v 3.7572687 0.30277053 1.5431725
v 3.8184555 -1.3709068E-06 1.8175385
v 3.832257 -1.3709068E-06 1.8282578
v 3.832257 0.3027702 1.8282585
v 3.8184555 0.28862095 1.8175385
v 3.832258 -1.2814999E-06 1.6152657
v 3.832257 0.36869457 1.5431725
v 3.8322563 -1.2516975E-06 1.5431725
v 3.832258 0.3027703 1.615265
v 3.832257 0.3027702 1.8282585
v 3.8322563 0.36869442 1.900351
v 3.832257 -1.3709068E-06 1.8282578
v 3.8322563 -1.4007092E-06 1.900351
v 3.7773073 0.36869448 1.845401
v 3.7773073 0.5953297 1.8454018
v 3.777308 0.59532976 1.5981232
v 3.7773073 0.36869463 1.5981232
v 3.777308 0.59532976 1.5981232
v 3.7380981 0.5953297 1.6373323
v 3.5692384 0.59532976 1.6373323
v 3.5300293 0.59532976 1.5981233
v 3.5300293 0.59532976 1.5981233
v 3.5692384 0.59532976 1.6373323
v 3.5692384 0.59532964 1.806193
v 3.5300293 0.5953296 1.8454019
v 3.5300293 0.5953296 1.8454019
v 3.5692384 0.59532964 1.806193
v 3.7380981 0.59532964 1.806193
v 3.7773073 0.5953297 1.8454018
v 3.7773073 0.5953297 1.8454018
v 3.7380981 0.59532964 1.806193
v 3.7380981 0.5953297 1.6373323
v 3.777308 0.59532976 1.5981232
v 3.5692384 0.59532964 1.806193
v 3.5692384 0.59532976 1.6373323
v 3.5692384 0.5652426 1.6373323
v 3.5692384 0.56524247 1.806193
v 3.7380981 0.56524247 1.806193
v 3.5692384 0.56524247 1.806193
v 3.5692384 0.5652426 1.6373323
v 3.7380981 0.56524247 1.6373323
v 3.7996507 0.62161946 1.5757791
v 3.7996514 0.62161946 1.6373315
v 3.738099 0.62161946 1.6373316
v 3.738099 0.62161946 1.5757792
v 3.7996514 0.36869457 1.6373315
v 3.7996514 0.62161946 1.6373315
v 3.7996507 0.62161946 1.5757791
v 3.7996507 0.36869454 1.5757791
v 3.7996507 0.6216194 1.8677444
v 3.7380981 0.62161946 1.8677446
v 3.7380981 0.62161946 1.8061922
v 3.7996507 0.62161946 1.806192
v 3.7996507 0.36869448 1.8677444
v 3.7996507 0.6216194 1.8677444
v 3.7996507 0.62161946 1.806192
v 3.7996507 0.36869448 1.806192
v 3.507686 0.6216194 1.8677446
v 3.507686 0.62161946 1.8061922
v 3.5692384 0.62161946 1.8061922
v 3.5692384 0.62161946 1.8677446
v 3.5692384 0.36869448 1.8677446
v 3.5692384 0.62161946 1.8677446
v 3.5692384 0.62161946 1.8061922
v 3.5692377 0.36869448 1.8061922
v 3.507686 0.62161946 1.5757792
v 3.5692384 0.62161946 1.5757792
v 3.5692384 0.6216195 1.6373316
v 3.507686 0.62161946 1.6373316
v 3.5692384 0.36869457 1.6373316
v 3.5692384 0.6216195 1.6373316
v 3.5692384 0.62161946 1.5757792
v 3.5692384 0.36869454 1.5757784
v 3.7773073 0.36869463 1.5981232
v 3.777308 0.59532976 1.5981232
v 3.5300286 0.36869457 1.5981233
v 3.5300293 0.59532976 1.5981233
v 3.5692384 0.59532964 1.806193
v 3.5692384 0.56524247 1.806193
v 3.7380981 0.56524247 1.806193
v 3.7380981 0.59532964 1.806193
v 3.7996507 0.36869454 1.5757791
v 3.7996507 0.62161946 1.5757791
v 3.738099 0.62161946 1.5757792
v 3.738099 0.36869454 1.5757792
v 3.7996507 0.36869448 1.806192
v 3.7996507 0.62161946 1.806192
v 3.7380981 0.62161946 1.8061922
v 3.7380981 0.36869442 1.8061922
v 3.5692377 0.36869448 1.8061922
v 3.5692384 0.62161946 1.8061922
v 3.507686 0.62161946 1.8061922
v 3.5076852 0.36869445 1.8061922
v 3.5692384 0.36869454 1.5757784
v 3.5692384 0.62161946 1.5757792
v 3.507686 0.62161946 1.5757792
v 3.507686 0.36869454 1.5757792
v 3.4750786 0.36869463 1.5431726
v 3.5300286 0.36869457 1.5981233
v 3.5300286 0.3686946 1.8454012
v 3.4750795 0.36869445 1.9003512
v 3.4750795 0.36869445 1.9003512
v 3.5300286 0.3686946 1.8454012
v 3.7773073 0.36869448 1.845401
v 3.8322563 0.36869442 1.900351
v 3.8322563 0.36869442 1.900351
v 3.7773073 0.36869448 1.845401
v 3.7773073 0.36869463 1.5981232
v 3.832257 0.36869457 1.5431725
v 3.832257 0.36869457 1.5431725
v 3.7773073 0.36869463 1.5981232
v 3.5300286 0.36869457 1.5981233
v 3.4750786 0.36869463 1.5431726
v 3.7773073 0.63366646 1.7530633
v 3.7380974 0.6336665 1.7530634
v 3.7380974 0.6336665 1.6904596
v 3.7773073 0.6336665 1.6904595
v 3.7380974 0.5953296 1.6904596
v 3.7773073 0.5953296 1.6904595
v 3.7773073 0.6336665 1.6904595
v 3.7380974 0.6336665 1.6904596
v 3.7773073 0.5953296 1.6904595
v 3.7773073 0.5953295 1.7530633
v 3.7773073 0.63366646 1.7530633
v 3.7773073 0.6336665 1.6904595
v 3.6849694 0.63366663 1.5981226
v 3.6849694 0.63366663 1.6373316
v 3.622365 0.6336666 1.6373316
v 3.622365 0.63366663 1.5981226
v 3.6849694 0.5953297 1.5981226
v 3.6849694 0.5953297 1.6373316
v 3.6849694 0.63366663 1.6373316
v 3.6849694 0.63366663 1.5981226
v 3.622365 0.5953297 1.5981226
v 3.6849694 0.5953297 1.5981226
v 3.6849694 0.63366663 1.5981226
v 3.622365 0.63366663 1.5981226
v 3.5300279 0.6336665 1.6904604
v 3.5692377 0.6336665 1.6904604
v 3.5692377 0.6336665 1.7530642
v 3.5300279 0.6336665 1.7530642
v 3.5300279 0.5953296 1.6904604
v 3.5692377 0.5953296 1.6904604
v 3.5692377 0.6336665 1.6904604
v 3.5300279 0.6336665 1.6904604
v 3.5692377 0.5953296 1.6904604
v 3.5692377 0.5953296 1.7530642
v 3.5692377 0.6336665 1.7530642
v 3.5692377 0.6336665 1.6904604
v 3.6223657 0.6336664 1.8454019
v 3.6223657 0.6336665 1.8061922
v 3.6849701 0.6336665 1.8061922
v 3.6849701 0.6336664 1.8454019
v 3.6223657 0.5953295 1.8061922
v 3.6849701 0.5953295 1.8061922
v 3.6849701 0.6336665 1.8061922
v 3.6223657 0.6336665 1.8061922
v 3.6849701 0.5953295 1.8061922
v 3.6849701 0.5953295 1.8454019
v 3.6849701 0.6336664 1.8454019
v 3.6849701 0.6336665 1.8061922
v 3.475079 0.3686958 -1.9003521
v 3.4750798 -5.9604645E-08 -1.9003521
v 3.5500705 -5.9604645E-08 -1.9003521
v 3.550069 0.3027717 -1.9003521
v 3.7572675 0.3027717 -1.9003522
v 3.8322558 0.3686957 -1.9003522
v 3.757265 -5.9604645E-08 -1.9003522
v 3.8322558 -5.9604645E-08 -1.9003522
v 3.7572675 0.3027717 -1.9003522
v 3.550069 0.3027717 -1.9003521
v 3.5581677 0.28862253 -1.8872906
v 3.7491689 0.2886225 -1.8872906
v 3.5581677 0.28862253 -1.8872906
v 3.550069 0.3027717 -1.9003521
v 3.5500705 -5.9604645E-08 -1.9003521
v 3.558167 -5.9604645E-08 -1.8872906
v 3.818455 0.28862223 -1.8175397
v 3.818455 -8.940697E-08 -1.8175397
v 3.818456 -1.7881393E-07 -1.6259862
v 3.818455 0.28862214 -1.6259862
v 3.8322566 0.30277145 -1.8282597
v 3.818455 0.28862223 -1.8175397
v 3.818455 0.28862214 -1.6259862
v 3.8322575 0.30277142 -1.6152654
v 3.818456 -1.7881393E-07 -1.6259862
v 3.8322575 -1.7881393E-07 -1.6152669
v 3.8322575 0.30277142 -1.6152654
v 3.818455 0.28862214 -1.6259862
v 3.7491689 -5.9604645E-08 -1.8872906
v 3.7491689 0.2886225 -1.8872906
v 3.5581677 0.28862253 -1.8872906
v 3.558167 -5.9604645E-08 -1.8872906
v 3.818455 -8.940697E-08 -1.8175397
v 3.818455 0.28862223 -1.8175397
v 3.8322566 0.30277145 -1.8282597
v 3.8322566 -8.940697E-08 -1.828259
v 3.7491689 0.2886225 -1.8872906
v 3.7491689 -5.9604645E-08 -1.8872906
v 3.757265 -5.9604645E-08 -1.9003522
v 3.7572675 0.3027717 -1.9003522
v 3.8322566 0.36869565 -1.543173
v 3.8322575 -1.7881393E-07 -1.6152669
v 3.8322558 -2.0861626E-07 -1.5431737
v 3.8322575 0.30277142 -1.6152654
v 3.8322566 0.30277145 -1.8282597
v 3.8322558 0.3686957 -1.9003522
v 3.8322566 -8.940697E-08 -1.828259
v 3.8322558 -5.9604645E-08 -1.9003522
v 3.7773068 0.36869577 -1.8454022
v 3.7773068 0.59533095 -1.8454022
v 3.530028 0.36869588 -1.8454021
v 3.5300288 0.59533083 -1.8454021
v 3.7773068 0.36869577 -1.8454022
v 3.7773068 0.3686957 -1.5981244
v 3.7773075 0.5953309 -1.5981237
v 3.7773068 0.59533095 -1.8454022
v 3.7773075 0.5953309 -1.5981237
v 3.5300288 0.5953309 -1.5981236
v 3.569238 0.59533095 -1.6373333
v 3.7380977 0.59533083 -1.6373333
v 3.5300288 0.5953309 -1.5981236
v 3.5300288 0.59533083 -1.8454021
v 3.569238 0.59533095 -1.8061931
v 3.569238 0.59533095 -1.6373333
v 3.5300288 0.59533083 -1.8454021
v 3.7773068 0.59533095 -1.8454022
v 3.7380977 0.59533095 -1.8061931
v 3.569238 0.59533095 -1.8061931
v 3.7773068 0.59533095 -1.8454022
v 3.7773075 0.5953309 -1.5981237
v 3.7380977 0.59533083 -1.6373333
v 3.7380977 0.59533095 -1.8061931
v 3.7380977 0.59533083 -1.6373333
v 3.569238 0.59533095 -1.6373333
v 3.569238 0.5652437 -1.6373333
v 3.7380977 0.5652436 -1.6373333
v 3.569238 0.5652437 -1.6373333
v 3.569238 0.59533095 -1.6373333
v 3.569238 0.59533095 -1.8061931
v 3.569238 0.5652437 -1.8061931
v 3.569238 0.5652437 -1.6373333
v 3.569238 0.5652437 -1.8061931
v 3.7380977 0.5652437 -1.8061931
v 3.7380977 0.5652436 -1.6373333
v 3.7996502 0.62162054 -1.575781
v 3.7380986 0.6216206 -1.5757809
v 3.7380986 0.6216206 -1.6373333
v 3.799651 0.62162066 -1.6373334
v 3.7380986 0.36869574 -1.6373333
v 3.799651 0.36869574 -1.6373334
v 3.799651 0.62162066 -1.6373334
v 3.7380986 0.6216206 -1.6373333
v 3.799651 0.36869574 -1.6373334
v 3.7996502 0.36869568 -1.575781
v 3.7996502 0.62162054 -1.575781
v 3.799651 0.62162066 -1.6373334
v 3.7996502 0.6216208 -1.8677456
v 3.7996502 0.6216207 -1.8061932
v 3.7380977 0.6216208 -1.8061931
v 3.7380977 0.6216208 -1.8677455
v 3.7996502 0.36869583 -1.8677456
v 3.7996502 0.36869577 -1.8061932
v 3.7996502 0.6216207 -1.8061932
v 3.7996502 0.6216208 -1.8677456
v 3.7380977 0.3686958 -1.8677455
v 3.7996502 0.36869583 -1.8677456
v 3.7996502 0.6216208 -1.8677456
v 3.7380977 0.6216208 -1.8677455
v 3.5076854 0.6216208 -1.8677455
v 3.569238 0.6216208 -1.8677455
v 3.569238 0.6216208 -1.8061931
v 3.5076854 0.6216207 -1.8061931
v 3.5076854 0.3686958 -1.8677455
v 3.569238 0.36869583 -1.8677455
v 3.569238 0.6216208 -1.8677455
v 3.5076854 0.6216208 -1.8677455
v 3.569238 0.36869583 -1.8677455
v 3.5692372 0.3686958 -1.8061931
v 3.569238 0.6216208 -1.8061931
v 3.569238 0.6216208 -1.8677455
v 3.5076854 0.6216206 -1.5757809
v 3.5076854 0.6216206 -1.6373333
v 3.569238 0.6216207 -1.6373326
v 3.569238 0.6216206 -1.5757809
v 3.5076854 0.3686957 -1.6373333
v 3.569238 0.36869574 -1.6373333
v 3.569238 0.6216207 -1.6373326
v 3.5076854 0.6216206 -1.6373333
v 3.569238 0.36869574 -1.6373333
v 3.569238 0.36869565 -1.5757809
v 3.569238 0.6216206 -1.5757809
v 3.569238 0.6216207 -1.6373326
v 3.475078 0.36869568 -1.5431728
v 3.475079 0.3686958 -1.9003521
v 3.530028 0.36869588 -1.8454021
v 3.530028 0.36869568 -1.5981243
v 3.475079 0.3686958 -1.9003521
v 3.8322558 0.3686957 -1.9003522
v 3.7773068 0.36869577 -1.8454022
v 3.530028 0.36869588 -1.8454021
v 3.8322558 0.3686957 -1.9003522
v 3.8322566 0.36869565 -1.543173
v 3.7773068 0.3686957 -1.5981244
v 3.7773068 0.36869577 -1.8454022
v 3.8322566 0.36869565 -1.543173
v 3.475078 0.36869568 -1.5431728
v 3.530028 0.36869568 -1.5981243
v 3.7773068 0.3686957 -1.5981244
v 3.7773068 0.6336677 -1.7530652
v 3.7773068 0.63366765 -1.69046
v 3.738097 0.6336677 -1.6904598
v 3.738097 0.6336677 -1.7530651
v 3.7773068 0.59533083 -1.7530652
v 3.7773068 0.6336677 -1.7530652
v 3.738097 0.6336677 -1.7530651
v 3.738097 0.59533083 -1.7530651
v 3.7773068 0.5953308 -1.69046
v 3.7773068 0.63366765 -1.69046
v 3.7773068 0.6336677 -1.7530652
v 3.7773068 0.59533083 -1.7530652
v 3.684969 0.6336677 -1.5981228
v 3.6223645 0.63366777 -1.5981228
v 3.6223645 0.63366777 -1.6373333
v 3.684969 0.6336678 -1.6373333
v 3.684969 0.59533083 -1.5981228
v 3.684969 0.6336677 -1.5981228
v 3.684969 0.6336678 -1.6373333
v 3.684969 0.59533083 -1.6373333
v 3.684969 0.59533083 -1.6373333
v 3.684969 0.6336678 -1.6373333
v 3.6223645 0.63366777 -1.6373333
v 3.6223645 0.59533083 -1.6373333
v 3.5300274 0.6336677 -1.6904606
v 3.5300274 0.63366777 -1.7530651
v 3.5692372 0.63366777 -1.7530651
v 3.5692372 0.63366777 -1.6904606
v 3.5692372 0.59533083 -1.6904606
v 3.5692372 0.63366777 -1.6904606
v 3.5692372 0.63366777 -1.7530651
v 3.5692372 0.59533083 -1.7530651
v 3.5692372 0.59533083 -1.7530651
v 3.5692372 0.63366777 -1.7530651
v 3.5300274 0.63366777 -1.7530651
v 3.5300274 0.59533083 -1.7530651
v 3.6223652 0.63366777 -1.8454021
v 3.6849697 0.6336677 -1.8454021
v 3.6849697 0.6336678 -1.8061931
v 3.6223652 0.63366777 -1.8061931
v 3.6849697 0.59533083 -1.8061931
v 3.6849697 0.6336678 -1.8061931
v 3.6849697 0.6336677 -1.8454021
v 3.6849697 0.59533083 -1.8454021
v 3.6849697 0.59533083 -1.8454021
v 3.6849697 0.6336677 -1.8454021
v 3.6223652 0.63366777 -1.8454021
v 3.6223652 0.59533083 -1.8454021
v -3.5500705 -1.2516975E-06 1.5431736
v -3.47508 -1.2516975E-06 1.5431736
v -3.475079 0.3686946 1.5431736
v -3.5500698 0.30277053 1.5431736
v -3.757269 0.3027705 1.5431737
v -3.8322577 0.36869457 1.5431737
v -3.7572665 -1.2516975E-06 1.5431737
v -3.8322566 -1.2516975E-06 1.5431737
v -3.5581677 0.28862134 1.5562351
v -3.558167 -1.2516975E-06 1.5562351
v -3.5500705 -1.2516975E-06 1.5431736
v -3.5500698 0.30277053 1.5431736
v -3.5581677 0.28862134 1.5562351
v -3.7491703 0.28862134 1.5562351
v -3.7491698 -1.2516975E-06 1.5562351
v -3.558167 -1.2516975E-06 1.5562351
v -3.757269 0.3027705 1.5431737
v -3.7491703 0.28862134 1.5562351
v -3.5581677 0.28862134 1.5562351
v -3.5500698 0.30277053 1.5431736
v -3.7491703 0.28862134 1.5562351
v -3.757269 0.3027705 1.5431737
v -3.7572665 -1.2516975E-06 1.5431737
v -3.7491698 -1.2516975E-06 1.5562351
v -3.777308 0.59532976 1.5981252
v -3.5300298 0.59532976 1.5981251
v -3.5692387 0.59532976 1.6373333
v -3.7380986 0.5953297 1.6373333
v -3.5300298 0.59532976 1.5981251
v -3.5300298 0.59532964 1.8454028
v -3.5692387 0.59532964 1.806194
v -3.5692387 0.59532976 1.6373333
v -3.5300298 0.59532964 1.8454028
v -3.7773075 0.5953297 1.845403
v -3.7380986 0.59532964 1.806194
v -3.5692387 0.59532964 1.806194
v -3.7773075 0.5953297 1.845403
v -3.777308 0.59532976 1.5981252
v -3.7380986 0.5953297 1.6373333
v -3.7380986 0.59532964 1.806194
v -3.5692387 0.5652426 1.6373333
v -3.5692387 0.56524247 1.806194
v -3.7380986 0.56524247 1.806194
v -3.7380986 0.56524247 1.6373333
v -3.799651 0.62161946 1.575781
v -3.7380993 0.62161946 1.5757809
v -3.7380993 0.62161946 1.6373333
v -3.7996514 0.62161946 1.6373334
v -3.799651 0.62161946 1.8677465
v -3.799651 0.62161946 1.8061941
v -3.7380986 0.62161946 1.806194
v -3.7380986 0.6216194 1.8677464
v -3.5076861 0.6216194 1.8677464
v -3.5692387 0.62161946 1.8677464
v -3.5692387 0.62161946 1.806194
v -3.5076861 0.62161946 1.806194
v -3.5076861 0.62161946 1.5757802
v -3.5076861 0.62161946 1.6373333
v -3.5692387 0.6216195 1.6373326
v -3.5692387 0.62161946 1.5757802
v -3.5300298 0.36869463 1.6830304
v -3.5300298 0.36869457 1.760493
v -3.5762348 0.3686946 1.760493
v -3.5762348 0.36869463 1.6830304
v -3.7773075 0.3686946 1.5981244
v -3.5300298 0.36869454 1.5981251
v -3.777308 0.59532976 1.5981252
v -3.5300298 0.59532976 1.5981251
v -3.5692387 0.59532964 1.806194
v -3.7380986 0.59532964 1.806194
v -3.7380986 0.56524247 1.806194
v -3.5692387 0.56524247 1.806194
v -3.7380986 0.59532964 1.806194
v -3.7380986 0.5953297 1.6373333
v -3.7380986 0.56524247 1.6373333
v -3.7380986 0.56524247 1.806194
v -3.7996514 0.36869454 1.5757803
v -3.7380993 0.36869454 1.5757809
v -3.7380993 0.62161946 1.5757809
v -3.799651 0.62161946 1.575781
v -3.7380993 0.36869454 1.5757809
v -3.7380996 0.36869454 1.6373333
v -3.7380993 0.62161946 1.6373333
v -3.7380993 0.62161946 1.5757809
v -3.7996516 0.36869445 1.8061941
v -3.7380986 0.36869442 1.806194
v -3.7380986 0.62161946 1.806194
v -3.799651 0.62161946 1.8061941
v -3.7380986 0.36869442 1.806194
v -3.7380993 0.36869442 1.8677464
v -3.7380986 0.6216194 1.8677464
v -3.7380986 0.62161946 1.806194
v -3.5692387 0.36869448 1.806194
v -3.507686 0.36869445 1.806194
v -3.5076861 0.62161946 1.806194
v -3.5692387 0.62161946 1.806194
v -3.507686 0.36869445 1.806194
v -3.5076861 0.36869445 1.8677464
v -3.5076861 0.6216194 1.8677464
v -3.5076861 0.62161946 1.806194
v -3.5076866 0.3686945 1.5757802
v -3.5076866 0.36869454 1.6373333
v -3.5076861 0.62161946 1.6373333
v -3.5076861 0.62161946 1.5757802
v -3.5692387 0.36869454 1.5757802
v -3.5076866 0.3686945 1.5757802
v -3.5076861 0.62161946 1.5757802
v -3.5692387 0.62161946 1.5757802
v -3.5300298 0.36869457 1.8454028
v -3.5300288 0.50810874 1.760493
v -3.5300298 0.36869457 1.760493
v -3.5300298 0.59532964 1.8454028
v -3.5300298 0.59532976 1.5981251
v -3.5300288 0.5081088 1.6830304
v -3.5300298 0.36869454 1.5981251
v -3.5300298 0.36869463 1.6830304
v -3.576234 0.50810874 1.760493
v -3.576234 0.50810874 1.6830304
v -3.5762348 0.36869463 1.6830304
v -3.5762348 0.3686946 1.760493
v -3.5300298 0.36869457 1.760493
v -3.5300288 0.50810874 1.760493
v -3.576234 0.50810874 1.760493
v -3.5762348 0.3686946 1.760493
v -3.5300288 0.50810874 1.760493
v -3.5300288 0.5081088 1.6830304
v -3.576234 0.50810874 1.6830304
v -3.576234 0.50810874 1.760493
v -3.5300288 0.5081088 1.6830304
v -3.5300298 0.36869463 1.6830304
v -3.5762348 0.36869463 1.6830304
v -3.576234 0.50810874 1.6830304
v -3.475079 0.3686946 1.5431736
v -3.4750805 0.36869445 1.9003528
v -3.5300298 0.36869457 1.8454028
v -3.5300298 0.36869454 1.5981251
v -3.4750805 0.36869445 1.9003528
v -3.8322575 0.3686944 1.900353
v -3.7773075 0.36869445 1.845403
v -3.5300298 0.36869457 1.8454028
v -3.8322575 0.3686944 1.900353
v -3.8322577 0.36869457 1.5431737
v -3.7773075 0.3686946 1.5981244
v -3.7773075 0.36869445 1.845403
v -3.8322577 0.36869457 1.5431737
v -3.475079 0.3686946 1.5431736
v -3.5300298 0.36869454 1.5981251
v -3.7773075 0.3686946 1.5981244
v -3.7773075 0.6336665 1.7530652
v -3.7773075 0.6336665 1.6904615
v -3.7380977 0.6336665 1.6904614
v -3.7380977 0.6336665 1.7530651
v -3.7380977 0.5953295 1.7530651
v -3.7380977 0.6336665 1.7530651
v -3.7380977 0.6336665 1.6904614
v -3.7380977 0.5953295 1.6904614
v -3.7380977 0.5953295 1.6904614
v -3.7380977 0.6336665 1.6904614
v -3.7773075 0.6336665 1.6904615
v -3.7773075 0.5953296 1.6904615
v -3.6849697 0.63366663 1.5981236
v -3.6223652 0.6336666 1.5981236
v -3.6223652 0.6336666 1.6373326
v -3.6849697 0.6336666 1.6373326
v -3.6223652 0.59532964 1.6373326
v -3.6223652 0.6336666 1.6373326
v -3.6223652 0.6336666 1.5981236
v -3.6223652 0.59532964 1.5981236
v -3.6223652 0.59532964 1.5981236
v -3.6223652 0.6336666 1.5981236
v -3.6849697 0.63366663 1.5981236
v -3.6849697 0.5953297 1.5981236
v -3.530028 0.6336665 1.6904614
v -3.530028 0.63366646 1.7530658
v -3.569238 0.6336665 1.7530658
v -3.569238 0.6336665 1.6904614
v -3.530028 0.5953296 1.6904614
v -3.530028 0.6336665 1.6904614
v -3.569238 0.6336665 1.6904614
v -3.569238 0.5953296 1.6904614
v -3.530028 0.5953295 1.7530658
v -3.530028 0.63366646 1.7530658
v -3.530028 0.6336665 1.6904614
v -3.530028 0.5953296 1.6904614
v -3.622366 0.63366634 1.8454028
v -3.6849709 0.6336664 1.8454028
v -3.6849709 0.63366646 1.806194
v -3.622366 0.63366646 1.806194
v -3.622366 0.5953294 1.8454028
v -3.622366 0.63366634 1.8454028
v -3.622366 0.63366646 1.806194
v -3.622366 0.5953295 1.806194
v -3.622366 0.5953295 1.806194
v -3.622366 0.63366646 1.806194
v -3.6849709 0.63366646 1.806194
v -3.6849709 0.5953295 1.806194
v -3.5500715 -5.9604645E-08 -1.9003503
v -3.475081 -5.9604645E-08 -1.9003503
v -3.475081 0.3686958 -1.9003503
v -3.5500703 0.3027717 -1.9003503
v -3.7572687 0.3027717 -1.9003502
v -3.8322575 0.36869574 -1.9003502
v -3.7572663 -5.9604645E-08 -1.9003502
v -3.832257 -5.9604645E-08 -1.9003502
v -3.558169 0.28862253 -1.8872888
v -3.5500703 0.3027717 -1.9003503
v -3.7572687 0.3027717 -1.9003502
v -3.74917 0.2886225 -1.8872888
v -3.558169 0.28862253 -1.8872888
v -3.5581682 -5.9604645E-08 -1.8872888
v -3.5500715 -5.9604645E-08 -1.9003503
v -3.5500703 0.3027717 -1.9003503
v -3.558169 0.28862253 -1.8872888
v -3.74917 0.2886225 -1.8872888
v -3.74917 -5.9604645E-08 -1.8872888
v -3.5581682 -5.9604645E-08 -1.8872888
v -3.74917 0.2886225 -1.8872888
v -3.7572687 0.3027717 -1.9003502
v -3.7572663 -5.9604645E-08 -1.9003502
v -3.74917 -5.9604645E-08 -1.8872888
v -3.777308 0.36869577 -1.8454003
v -3.5300303 0.36869588 -1.8454005
v -3.777308 0.59533095 -1.8454003
v -3.5300303 0.59533095 -1.8454005
v -3.7773087 0.5953309 -1.5981218
v -3.738099 0.59533083 -1.6373316
v -3.5692396 0.59533095 -1.6373316
v -3.5300303 0.5953309 -1.5981219
v -3.5300303 0.5953309 -1.5981219
v -3.5692396 0.59533095 -1.6373316
v -3.5692391 0.59533095 -1.8061914
v -3.5300303 0.59533095 -1.8454005
v -3.5300303 0.59533095 -1.8454005
v -3.5692391 0.59533095 -1.8061914
v -3.738099 0.59533083 -1.8061914
v -3.777308 0.59533095 -1.8454003
v -3.777308 0.59533095 -1.8454003
v -3.738099 0.59533083 -1.8061914
v -3.738099 0.59533083 -1.6373316
v -3.7773087 0.5953309 -1.5981218
v -3.738099 0.59533083 -1.6373316
v -3.738099 0.5652436 -1.6373316
v -3.5692396 0.5652437 -1.6373316
v -3.5692396 0.59533095 -1.6373316
v -3.738099 0.5652437 -1.8061914
v -3.5692391 0.5652437 -1.8061914
v -3.5692396 0.5652437 -1.6373316
v -3.738099 0.5652436 -1.6373316
v -3.7996514 0.6216206 -1.5757791
v -3.799652 0.62162066 -1.6373315
v -3.7380998 0.6216206 -1.6373316
v -3.7380998 0.62162054 -1.5757792
v -3.7381005 0.3686957 -1.6373316
v -3.7380998 0.6216206 -1.6373316
v -3.799652 0.62162066 -1.6373315
v -3.799652 0.3686957 -1.6373315
v -3.7996514 0.6216208 -1.8677437
v -3.738099 0.6216207 -1.8677438
v -3.738099 0.6216207 -1.8061914
v -3.7996514 0.6216207 -1.8061913
v -3.7380993 0.3686958 -1.8677438
v -3.738099 0.6216207 -1.8677438
v -3.7996514 0.6216208 -1.8677437
v -3.7996519 0.36869583 -1.8677437
v -3.5076866 0.6216208 -1.8677438
v -3.5076866 0.6216207 -1.8061914
v -3.5692391 0.6216208 -1.8061914
v -3.5692391 0.6216208 -1.8677438
v -3.5076866 0.3686958 -1.8677438
v -3.5076866 0.6216208 -1.8677438
v -3.5692391 0.6216208 -1.8677438
v -3.5692391 0.3686958 -1.8677438
v -3.5076866 0.6216206 -1.5757792
v -3.5692391 0.6216206 -1.5757792
v -3.5692396 0.6216207 -1.6373308
v -3.5076866 0.6216206 -1.6373316
v -3.507687 0.3686957 -1.6373316
v -3.5076866 0.6216206 -1.6373316
v -3.5692396 0.6216207 -1.6373308
v -3.5692399 0.36869574 -1.6373316
v -3.5300305 0.36869577 -1.6830286
v -3.5762353 0.36869577 -1.6830286
v -3.5762353 0.36869583 -1.7604907
v -3.5300305 0.3686958 -1.7604907
v -3.738099 0.59533083 -1.8061914
v -3.738099 0.5652437 -1.8061914
v -3.738099 0.5652436 -1.6373316
v -3.738099 0.59533083 -1.6373316
v -3.7380998 0.36869562 -1.5757792
v -3.7380998 0.62162054 -1.5757792
v -3.7380998 0.6216206 -1.6373316
v -3.7381005 0.3686957 -1.6373316
v -3.738099 0.3686957 -1.8061914
v -3.738099 0.6216207 -1.8061914
v -3.738099 0.6216207 -1.8677438
v -3.7380993 0.3686958 -1.8677438
v -3.5076864 0.36869574 -1.8061914
v -3.5076866 0.6216207 -1.8061914
v -3.5076866 0.6216208 -1.8677438
v -3.5076866 0.3686958 -1.8677438
v -3.507687 0.36869562 -1.5757792
v -3.5076866 0.6216206 -1.5757792
v -3.5076866 0.6216206 -1.6373316
v -3.507687 0.3686957 -1.6373316
v -3.5300303 0.36869588 -1.8454005
v -3.5300305 0.3686958 -1.7604907
v -3.5300298 0.5081099 -1.7604907
v -3.5300303 0.59533095 -1.8454005
v -3.5300303 0.5953309 -1.5981219
v -3.5300298 0.50811 -1.6830279
v -3.5300303 0.36869568 -1.5981226
v -3.5300305 0.36869577 -1.6830286
v -3.5762353 0.36869577 -1.6830286
v -3.5762348 0.5081099 -1.6830279
v -3.5762348 0.5081099 -1.7604907
v -3.5762353 0.36869583 -1.7604907
v -3.5300305 0.3686958 -1.7604907
v -3.5762353 0.36869583 -1.7604907
v -3.5762348 0.5081099 -1.7604907
v -3.5300298 0.5081099 -1.7604907
v -3.5300298 0.5081099 -1.7604907
v -3.5762348 0.5081099 -1.7604907
v -3.5762348 0.5081099 -1.6830279
v -3.5300298 0.50811 -1.6830279
v -3.5300298 0.50811 -1.6830279
v -3.5762348 0.5081099 -1.6830279
v -3.5762353 0.36869577 -1.6830286
v -3.5300305 0.36869577 -1.6830286
v -3.4750798 0.36869568 -1.5431712
v -3.5300303 0.36869568 -1.5981226
v -3.5300303 0.36869588 -1.8454005
v -3.475081 0.3686958 -1.9003503
v -3.475081 0.3686958 -1.9003503
v -3.5300303 0.36869588 -1.8454005
v -3.777308 0.36869577 -1.8454003
v -3.8322575 0.36869574 -1.9003502
v -3.8322575 0.36869574 -1.9003502
v -3.777308 0.36869577 -1.8454003
v -3.777308 0.3686957 -1.5981225
v -3.8322587 0.36869565 -1.543171
v -3.8322587 0.36869565 -1.543171
v -3.777308 0.3686957 -1.5981225
v -3.5300303 0.36869568 -1.5981226
v -3.4750798 0.36869568 -1.5431712
v -3.777308 0.63366777 -1.7530633
v -3.7380981 0.63366777 -1.7530634
v -3.7380981 0.63366765 -1.690458
v -3.777308 0.63366765 -1.6904579
v -3.777308 0.59533083 -1.7530633
v -3.7380981 0.59533083 -1.7530634
v -3.7380981 0.63366777 -1.7530634
v -3.777308 0.63366777 -1.7530633
v -3.7380981 0.59533083 -1.7530634
v -3.7380981 0.5953308 -1.690458
v -3.7380981 0.63366765 -1.690458
v -3.7380981 0.63366777 -1.7530634
v -3.6849701 0.6336677 -1.598121
v -3.6849701 0.6336677 -1.6373316
v -3.6223657 0.6336677 -1.6373316
v -3.6223657 0.6336677 -1.598121
v -3.6849701 0.59533083 -1.6373316
v -3.6223657 0.59533083 -1.6373316
v -3.6223657 0.6336677 -1.6373316
v -3.6849701 0.6336677 -1.6373316
v -3.6223657 0.59533083 -1.6373316
v -3.6223657 0.59533083 -1.598121
v -3.6223657 0.6336677 -1.598121
v -3.6223657 0.6336677 -1.6373316
v -3.5300286 0.6336677 -1.6904589
v -3.5692384 0.6336677 -1.6904589
v -3.5692384 0.6336677 -1.7530634
v -3.5300286 0.6336677 -1.7530634
v -3.5692384 0.59533083 -1.7530634
v -3.5300286 0.59533083 -1.7530634
v -3.5300286 0.6336677 -1.7530634
v -3.5692384 0.6336677 -1.7530634
v -3.5300286 0.59533083 -1.7530634
v -3.5300286 0.59533083 -1.6904589
v -3.5300286 0.6336677 -1.6904589
v -3.5300286 0.6336677 -1.7530634
v -3.6223664 0.63366765 -1.8454005
v -3.6223664 0.6336677 -1.8061914
v -3.6849713 0.6336678 -1.8061914
v -3.6849709 0.6336677 -1.8454005
v -3.6223664 0.5953308 -1.8454005
v -3.6223664 0.5953308 -1.8061914
v -3.6223664 0.6336677 -1.8061914
v -3.6223664 0.63366765 -1.8454005
v -3.6849709 0.59533083 -1.8454005
v -3.6223664 0.5953308 -1.8454005
v -3.6223664 0.63366765 -1.8454005
v -3.6849709 0.6336677 -1.8454005
v -1.5431722 0.3686947 3.4750779
v -1.5431722 -1.1622906E-06 3.4750795
v -1.5431725 -1.1622906E-06 3.5500689
v -1.5431724 0.3027706 3.5500689
v -1.5431724 0.3027706 3.757268
v -1.5431722 0.3686947 3.8322556
v -1.5431725 -1.1622906E-06 3.7572663
v -1.5431722 -1.1324883E-06 3.8322556
v -1.5562342 0.28862146 3.5581665
v -1.5431724 0.3027706 3.5500689
v -1.5431725 -1.1622906E-06 3.5500689
v -1.5562341 -1.1622906E-06 3.5581665
v -1.5562341 -1.1622906E-06 3.74917
v -1.5562342 0.28862143 3.74917
v -1.5562342 0.28862146 3.5581665
v -1.5562341 -1.1622906E-06 3.5581665
v -1.5431724 0.3027706 3.757268
v -1.5431724 0.3027706 3.5500689
v -1.5562342 0.28862146 3.5581665
v -1.5562342 0.28862143 3.74917
v -1.5562342 0.28862143 3.74917
v -1.5562341 -1.1622906E-06 3.74917
v -1.5431725 -1.1622906E-06 3.7572663
v -1.5431724 0.3027706 3.757268
v -1.5981233 0.5953299 3.7773073
v -1.6373327 0.5953299 3.7380981
v -1.6373326 0.5953299 3.5692384
v -1.5981234 0.5953299 3.5300293
v -1.5981234 0.5953299 3.5300293
v -1.6373326 0.5953299 3.5692384
v -1.8061925 0.59532976 3.5692384
v -1.8454019 0.59532976 3.5300293
v -1.8454019 0.59532976 3.5300293
v -1.8061925 0.59532976 3.5692384
v -1.8061925 0.59532976 3.7380981
v -1.8454018 0.5953298 3.7773073
v -1.8454018 0.5953298 3.7773073
v -1.8061925 0.59532976 3.7380981
v -1.6373327 0.5953299 3.7380981
v -1.5981233 0.5953299 3.7773073
v -1.8061925 0.5652425 3.7380981
v -1.8061925 0.5652425 3.5692384
v -1.6373326 0.56524265 3.5692384
v -1.6373327 0.5652426 3.7380981
v -1.5757798 0.6216196 3.7996507
v -1.6373321 0.6216196 3.799652
v -1.6373323 0.6216196 3.7380998
v -1.5757799 0.6216196 3.7380998
v -1.8677443 0.6216195 3.7996507
v -1.8677446 0.6216195 3.7380981
v -1.8061924 0.6216195 3.7380981
v -1.8061923 0.6216195 3.7996507
v -1.8677446 0.62161946 3.507686
v -1.8061922 0.62161946 3.507686
v -1.8061922 0.62161946 3.5692384
v -1.8677446 0.62161946 3.5692384
v -1.5757796 0.6216195 3.507686
v -1.5757797 0.6216195 3.5692384
v -1.6373317 0.6216195 3.5692384
v -1.6373322 0.6216195 3.507686
v -1.6830292 0.36869472 3.5300293
v -1.6830292 0.36869472 3.5762346
v -1.7604917 0.36869466 3.5762346
v -1.7604917 0.36869466 3.5300293
v -1.5981231 0.36869466 3.7773073
v -1.5981233 0.5953299 3.7773073
v -1.5981233 0.36869463 3.5300279
v -1.5981234 0.5953299 3.5300293
v -1.8061925 0.59532976 3.5692384
v -1.8061925 0.5652425 3.5692384
v -1.8061925 0.5652425 3.7380981
v -1.8061925 0.59532976 3.7380981
v -1.8061925 0.59532976 3.7380981
v -1.8061925 0.5652425 3.7380981
v -1.6373327 0.5652426 3.7380981
v -1.6373327 0.5953299 3.7380981
v -1.5757794 0.36869466 3.7996507
v -1.5757798 0.6216196 3.7996507
v -1.5757799 0.6216196 3.7380998
v -1.5757797 0.36869466 3.7380998
v -1.5757797 0.36869466 3.7380998
v -1.5757799 0.6216196 3.7380998
v -1.6373323 0.6216196 3.7380998
v -1.6373323 0.36869466 3.7380998
v -1.8061923 0.3686946 3.7996507
v -1.8061923 0.6216195 3.7996507
v -1.8061924 0.6216195 3.7380981
v -1.8061924 0.36869454 3.7380981
v -1.8061924 0.36869454 3.7380981
v -1.8061924 0.6216195 3.7380981
v -1.8677446 0.6216195 3.7380981
v -1.8677446 0.3686946 3.7380981
v -1.8061922 0.36869454 3.5692384
v -1.8061922 0.62161946 3.5692384
v -1.8061922 0.62161946 3.507686
v -1.8061924 0.36869454 3.507686
v -1.8061924 0.36869454 3.507686
v -1.8061922 0.62161946 3.507686
v -1.8677446 0.62161946 3.507686
v -1.8677446 0.36869454 3.507686
v -1.5757796 0.3686946 3.507686
v -1.5757796 0.6216195 3.507686
v -1.6373322 0.6216195 3.507686
v -1.6373322 0.3686946 3.507686
v -1.5757792 0.3686946 3.5692384
v -1.5757797 0.6216195 3.5692384
v -1.5757796 0.6216195 3.507686
v -1.5757796 0.3686946 3.507686
v -1.8454018 0.36869466 3.5300279
v -1.7604917 0.36869466 3.5300293
v -1.7604917 0.5081089 3.5300279
v -1.8454019 0.59532976 3.5300293
v -1.5981234 0.5953299 3.5300293
v -1.6830292 0.5081089 3.5300279
v -1.5981233 0.36869463 3.5300279
v -1.6830292 0.36869472 3.5300293
v -1.6830292 0.36869472 3.5762346
v -1.6830292 0.5081089 3.5762346
v -1.7604917 0.5081089 3.5762346
v -1.7604917 0.36869466 3.5762346
v -1.7604917 0.36869466 3.5300293
v -1.7604917 0.36869466 3.5762346
v -1.7604917 0.5081089 3.5762346
v -1.7604917 0.5081089 3.5300279
v -1.7604917 0.5081089 3.5300279
v -1.7604917 0.5081089 3.5762346
v -1.6830292 0.5081089 3.5762346
v -1.6830292 0.5081089 3.5300279
v -1.6830292 0.5081089 3.5300279
v -1.6830292 0.5081089 3.5762346
v -1.6830292 0.36869472 3.5762346
v -1.6830292 0.36869472 3.5300293
v -1.5431722 0.3686947 3.4750779
v -1.5981233 0.36869463 3.5300279
v -1.8454018 0.36869466 3.5300279
v -1.9003515 0.3686945 3.4750795
v -1.9003515 0.3686945 3.4750795
v -1.8454018 0.36869466 3.5300279
v -1.8454014 0.36869454 3.7773073
v -1.9003514 0.3686945 3.8322556
v -1.9003514 0.3686945 3.8322556
v -1.8454014 0.36869454 3.7773073
v -1.5981231 0.36869466 3.7773073
v -1.5431722 0.3686947 3.8322556
v -1.5431722 0.3686947 3.8322556
v -1.5981231 0.36869466 3.7773073
v -1.5981233 0.36869463 3.5300279
v -1.5431722 0.3686947 3.4750779
v -1.753064 0.63366663 3.7773073
v -1.7530642 0.63366663 3.7380981
v -1.6904596 0.63366663 3.7380981
v -1.6904595 0.63366663 3.7773073
v -1.7530642 0.59532964 3.7380981
v -1.6904596 0.59532964 3.7380981
v -1.6904596 0.63366663 3.7380981
v -1.7530642 0.63366663 3.7380981
v -1.6904596 0.59532964 3.7380981
v -1.6904595 0.59532964 3.7773073
v -1.6904595 0.63366663 3.7773073
v -1.6904596 0.63366663 3.7380981
v -1.5981222 0.6336667 3.6849701
v -1.637332 0.6336667 3.6849701
v -1.637332 0.6336667 3.622365
v -1.5981222 0.6336667 3.622365
v -1.637332 0.59532976 3.622365
v -1.5981222 0.59532976 3.622365
v -1.5981222 0.6336667 3.622365
v -1.637332 0.6336667 3.622365
v -1.5981222 0.59532976 3.622365
v -1.5981222 0.59532976 3.6849701
v -1.5981222 0.6336667 3.6849701
v -1.5981222 0.6336667 3.622365
v -1.6904602 0.6336666 3.5300264
v -1.6904602 0.6336666 3.5692384
v -1.7530645 0.6336666 3.5692384
v -1.7530645 0.6336666 3.5300264
v -1.69046 0.5953296 3.5300264
v -1.69046 0.5953296 3.5692384
v -1.6904602 0.6336666 3.5692384
v -1.6904602 0.6336666 3.5300264
v -1.7530645 0.5953296 3.5300264
v -1.69046 0.5953296 3.5300264
v -1.6904602 0.6336666 3.5300264
v -1.7530645 0.6336666 3.5300264
v -1.8454021 0.6336665 3.6223664
v -1.8061924 0.6336666 3.6223664
v -1.8061924 0.6336666 3.6849718
v -1.8454021 0.6336665 3.6849718
v -1.8454019 0.5953296 3.6223664
v -1.8061924 0.5953296 3.6223664
v -1.8061924 0.6336666 3.6223664
v -1.8454021 0.6336665 3.6223664
v -1.8061924 0.5953296 3.6223664
v -1.8061924 0.5953296 3.6849718
v -1.8061924 0.6336666 3.6849718
v -1.8061924 0.6336666 3.6223664
v 1.9003519 0.368696 3.475079
v 1.9003519 1.7881393E-07 3.4750805
v 1.9003519 1.7881393E-07 3.5500698
v 1.9003519 0.30277193 3.5500684
v 1.900352 0.30277193 3.7572675
v 1.900352 0.36869597 3.8322551
v 1.900352 1.7881393E-07 3.7572644
v 1.900352 2.0861626E-07 3.8322551
v 1.900352 0.30277193 3.7572675
v 1.9003519 0.30277193 3.5500684
v 1.88729 0.28862277 3.558166
v 1.88729 0.28862274 3.749168
v 1.88729 0.28862277 3.558166
v 1.9003519 0.30277193 3.5500684
v 1.9003519 1.7881393E-07 3.5500698
v 1.88729 1.7881393E-07 3.558166
v 1.88729 1.7881393E-07 3.749168
v 1.88729 0.28862274 3.749168
v 1.88729 0.28862277 3.558166
v 1.88729 1.7881393E-07 3.558166
v 1.88729 0.28862274 3.749168
v 1.88729 1.7881393E-07 3.749168
v 1.900352 1.7881393E-07 3.7572644
v 1.900352 0.30277193 3.7572675
v 1.845402 0.36869597 3.7773068
v 1.8454016 0.59533125 3.7773068
v 1.8454019 0.3686961 3.5300274
v 1.8454015 0.5953312 3.5300288
v 1.5981234 0.59533113 3.7773068
v 1.5981233 0.5953311 3.5300288
v 1.6373323 0.5953311 3.569238
v 1.6373332 0.5953311 3.7380977
v 1.5981233 0.5953311 3.5300288
v 1.8454015 0.5953312 3.5300288
v 1.8061922 0.5953312 3.569238
v 1.6373323 0.5953311 3.569238
v 1.8454015 0.5953312 3.5300288
v 1.8454016 0.59533125 3.7773068
v 1.8061922 0.5953312 3.7380977
v 1.8061922 0.5953312 3.569238
v 1.8454016 0.59533125 3.7773068
v 1.5981234 0.59533113 3.7773068
v 1.6373332 0.5953311 3.7380977
v 1.8061922 0.5953312 3.7380977
v 1.6373332 0.5953311 3.7380977
v 1.6373323 0.5953311 3.569238
v 1.6373323 0.56524384 3.569238
v 1.6373332 0.56524384 3.7380977
v 1.6373323 0.56524384 3.569238
v 1.8061922 0.56524396 3.569238
v 1.8061922 0.56524396 3.7380977
v 1.6373332 0.56524384 3.7380977
v 1.57578 0.6216208 3.7996502
v 1.5757799 0.6216208 3.7380993
v 1.6373323 0.6216208 3.7380993
v 1.6373324 0.62162083 3.7996516
v 1.6373327 0.36869597 3.7380993
v 1.6373328 0.36869597 3.7996516
v 1.6373324 0.62162083 3.7996516
v 1.6373323 0.6216208 3.7380993
v 1.8677447 0.62162095 3.7996502
v 1.8061923 0.62162095 3.7996502
v 1.8061922 0.62162095 3.7380977
v 1.8677446 0.62162095 3.7380977
v 1.867745 0.36869603 3.7380977
v 1.8677452 0.3686961 3.7996502
v 1.8677447 0.62162095 3.7996502
v 1.8677446 0.62162095 3.7380977
v 1.8677446 0.6216209 3.5076854
v 1.8677446 0.6216209 3.569238
v 1.8061922 0.6216209 3.569238
v 1.8061922 0.6216209 3.5076854
v 1.867745 0.36869597 3.5076854
v 1.867745 0.36869603 3.569238
v 1.8677446 0.6216209 3.569238
v 1.8677446 0.6216209 3.5076854
v 1.5757799 0.6216207 3.5076854
v 1.6373323 0.6216207 3.5076854
v 1.6373316 0.6216208 3.569238
v 1.5757799 0.6216207 3.569238
v 1.6373327 0.3686959 3.5076854
v 1.6373327 0.3686959 3.569238
v 1.6373316 0.6216208 3.569238
v 1.6373323 0.6216207 3.5076854
v 1.6830298 0.36869603 3.5300288
v 1.7604917 0.36869606 3.5300288
v 1.7604917 0.36869606 3.576234
v 1.6830298 0.36869603 3.576234
v 1.8061922 0.5953312 3.7380977
v 1.6373332 0.5953311 3.7380977
v 1.6373332 0.56524384 3.7380977
v 1.8061922 0.56524396 3.7380977
v 1.5757803 0.36869586 3.7380993
v 1.6373327 0.36869597 3.7380993
v 1.6373323 0.6216208 3.7380993
v 1.5757799 0.6216208 3.7380993
v 1.8061925 0.36869597 3.7380977
v 1.867745 0.36869603 3.7380977
v 1.8677446 0.62162095 3.7380977
v 1.8061922 0.62162095 3.7380977
v 1.8061925 0.3686959 3.5076854
v 1.867745 0.36869597 3.5076854
v 1.8677446 0.6216209 3.5076854
v 1.8061922 0.6216209 3.5076854
v 1.5757803 0.3686958 3.5076854
v 1.6373327 0.3686959 3.5076854
v 1.6373323 0.6216207 3.5076854
v 1.5757799 0.6216207 3.5076854
v 1.8454019 0.3686961 3.5300274
v 1.7604914 0.5081102 3.5300274
v 1.7604917 0.36869606 3.5300288
v 1.8454015 0.5953312 3.5300288
v 1.5981233 0.5953311 3.5300288
v 1.6830294 0.5081102 3.5300274
v 1.5981238 0.36869588 3.5300274
v 1.6830298 0.36869603 3.5300288
v 1.7604914 0.5081102 3.576234
v 1.6830294 0.5081102 3.576234
v 1.6830298 0.36869603 3.576234
v 1.7604917 0.36869606 3.576234
v 1.7604917 0.36869606 3.5300288
v 1.7604914 0.5081102 3.5300274
v 1.7604914 0.5081102 3.576234
v 1.7604917 0.36869606 3.576234
v 1.7604914 0.5081102 3.5300274
v 1.6830294 0.5081102 3.5300274
v 1.6830294 0.5081102 3.576234
v 1.7604914 0.5081102 3.576234
v 1.6830294 0.5081102 3.5300274
v 1.6830298 0.36869603 3.5300288
v 1.6830298 0.36869603 3.576234
v 1.6830294 0.5081102 3.576234
v 1.5431722 0.36869588 3.4750774
v 1.9003519 0.368696 3.475079
v 1.8454019 0.3686961 3.5300274
v 1.5981238 0.36869588 3.5300274
v 1.9003519 0.368696 3.475079
v 1.900352 0.36869597 3.8322551
v 1.845402 0.36869597 3.7773068
v 1.8454019 0.3686961 3.5300274
v 1.900352 0.36869597 3.8322551
v 1.5431724 0.36869588 3.8322551
v 1.5981239 0.3686959 3.7773068
v 1.845402 0.36869597 3.7773068
v 1.5431724 0.36869588 3.8322551
v 1.5431722 0.36869588 3.4750774
v 1.5981238 0.36869588 3.5300274
v 1.5981239 0.3686959 3.7773068
v 1.7530643 0.63366795 3.7773068
v 1.6904597 0.63366795 3.7773068
v 1.6904596 0.63366795 3.7380977
v 1.7530642 0.63366795 3.7380977
v 1.7530643 0.595331 3.7773068
v 1.7530643 0.63366795 3.7773068
v 1.7530642 0.63366795 3.7380977
v 1.7530642 0.595331 3.7380977
v 1.7530642 0.595331 3.7380977
v 1.7530642 0.63366795 3.7380977
v 1.6904596 0.63366795 3.7380977
v 1.6904596 0.595331 3.7380977
v 1.5981219 0.63366795 3.6849697
v 1.5981219 0.63366795 3.6223645
v 1.6373323 0.63366795 3.6223645
v 1.6373323 0.63366795 3.6849697
v 1.6373323 0.595331 3.6849697
v 1.6373323 0.63366795 3.6849697
v 1.6373323 0.63366795 3.6223645
v 1.6373323 0.595331 3.6223645
v 1.6373323 0.595331 3.6223645
v 1.6373323 0.63366795 3.6223645
v 1.5981219 0.63366795 3.6223645
v 1.5981219 0.595331 3.6223645
v 1.6904596 0.6336679 3.530026
v 1.7530649 0.6336679 3.530026
v 1.7530649 0.6336679 3.569238
v 1.6904596 0.6336679 3.569238
v 1.7530649 0.59533095 3.569238
v 1.7530649 0.6336679 3.569238
v 1.7530649 0.6336679 3.530026
v 1.7530649 0.59533095 3.530026
v 1.7530649 0.59533095 3.530026
v 1.7530649 0.6336679 3.530026
v 1.6904596 0.6336679 3.530026
v 1.6904596 0.59533095 3.530026
v 1.8454015 0.63366795 3.622366
v 1.8454015 0.63366795 3.6849713
v 1.8061922 0.633668 3.6849713
v 1.8061922 0.633668 3.622366
v 1.8454015 0.595331 3.622366
v 1.8454015 0.63366795 3.622366
v 1.8061922 0.633668 3.622366
v 1.8061922 0.595331 3.622366
v 1.8454015 0.595331 3.6849713
v 1.8454015 0.63366795 3.6849713
v 1.8454015 0.63366795 3.622366
v 1.8454015 0.595331 3.622366
v 0.26098502 -1.4901161E-07 -3.4220996
v 0.26098722 -1.4901161E-07 -3.5592089
v 0.26098815 0.13664265 -3.5592089
v 0.26098725 0.13664532 -3.4220996
v 0.396563 -1.4901161E-07 -3.5276747
v 0.6678614 -1.4901161E-07 -3.5276747
v 0.6678614 0.11393554 -3.5276747
v 0.396563 0.11393554 -3.5276747
v 0.26098815 0.13664265 -3.5592089
v 0.396563 0.13664532 -3.5592089
v 0.39656302 0.13665135 -3.4220996
v 0.26098725 0.13664532 -3.4220996
v 0.26098722 -1.4901161E-07 -3.5592089
v 0.396563 -1.4901161E-07 -3.5592089
v 0.396563 0.13664532 -3.5592089
v 0.26098815 0.13664265 -3.5592089
v 0.39656302 0.11393553 -3.4220996
v 0.39656302 0.13665135 -3.4220996
v 0.396563 0.13664532 -3.5592089
v 0.396563 0.11393554 -3.5276747
v 0.396563 0.11393554 -3.5276747
v 0.396563 0.13664532 -3.5592089
v 0.396563 -1.4901161E-07 -3.5592089
v 0.396563 -1.4901161E-07 -3.5276747
v 0.8034363 0.13664265 -3.559209
v 0.8034371 -1.4901161E-07 -3.559209
v 0.8034395 -1.4901161E-07 -3.4220998
v 0.8034372 0.13664532 -3.4220998
v 0.39656302 0.11393553 -3.4220996
v 0.396563 0.11393554 -3.5276747
v 0.6678614 0.11393554 -3.5276747
v 0.6678614 0.11393553 -3.4220996
v 0.6678614 0.13665135 -3.4220996
v 0.66786134 0.13664532 -3.5592089
v 0.8034363 0.13664265 -3.559209
v 0.8034372 0.13664532 -3.4220998
v 0.66786134 0.13664532 -3.5592089
v 0.66786134 -1.4901161E-07 -3.5592089
v 0.8034371 -1.4901161E-07 -3.559209
v 0.8034363 0.13664265 -3.559209
v -0.26098913 0.13664265 -3.5592089
v -0.26098824 -1.4901161E-07 -3.5592089
v -0.26098597 -1.4901161E-07 -3.4220996
v -0.2609882 0.13664532 -3.4220996
v -0.39656398 -1.4901161E-07 -3.5276747
v -0.39656398 0.11393554 -3.5276747
v -0.66786236 0.11393554 -3.5276747
v -0.66786236 -1.4901161E-07 -3.5276747
v -0.39656395 0.13665135 -3.4220996
v -0.39656398 0.13664532 -3.5592089
v -0.26098913 0.13664265 -3.5592089
v -0.2609882 0.13664532 -3.4220996
v -0.39656398 0.13664532 -3.5592089
v -0.39656398 -1.4901161E-07 -3.5592089
v -0.26098824 -1.4901161E-07 -3.5592089
v -0.26098913 0.13664265 -3.5592089
v -0.80344033 -1.4901161E-07 -3.4220994
v -0.8034382 -1.4901161E-07 -3.5592086
v -0.80343735 0.13664265 -3.5592086
v -0.8034381 0.13664532 -3.4220994
v -0.66786236 0.11393554 -3.5276747
v -0.39656398 0.11393554 -3.5276747
v -0.39656395 0.11393553 -3.4220996
v -0.66786236 0.11393553 -3.4220996
v -0.80343735 0.13664265 -3.5592086
v -0.6678624 0.13664532 -3.5592089
v -0.66786236 0.13665135 -3.4220996
v -0.8034381 0.13664532 -3.4220994
v -0.8034382 -1.4901161E-07 -3.5592086
v -0.6678624 -1.4901161E-07 -3.5592089
v -0.6678624 0.13664532 -3.5592089
v -0.80343735 0.13664265 -3.5592086
v -0.66786236 0.11393553 -3.4220996
v -0.66786236 0.13665135 -3.4220996
v -0.6678624 0.13664532 -3.5592089
v -0.66786236 0.11393554 -3.5276747
v -0.66786236 0.11393554 -3.5276747
v -0.6678624 0.13664532 -3.5592089
v -0.6678624 -1.4901161E-07 -3.5592089
v -0.66786236 -1.4901161E-07 -3.5276747
v 2.083052 0.05464408 3.6129384
v 2.1433825 0.054644093 3.5724149
v 2.1256843 0.05464408 3.6209073
v 2.1024337 0.054644108 3.5516567
v 2.0154343 0.05464413 3.51869
v 2.061331 0.05464408 3.6200976
v 1.9939697 0.054644093 3.588673
v 2.106187 -1.3411045E-06 3.5479436
v 2.1521094 -1.3560057E-06 3.571014
v 2.1433825 0.054644093 3.5724149
v 2.1024337 0.054644108 3.5516567
v 1.9852306 -1.359731E-06 3.5900738
v 2.0108845 -1.3187528E-06 3.5110943
v 2.0154343 0.05464413 3.51869
v 1.9939697 0.054644093 3.588673
v 2.1521094 -1.3560057E-06 3.571014
v 2.1302345 -1.3820827E-06 3.628503
v 2.1256843 0.05464408 3.6209073
v 2.1433825 0.054644093 3.5724149
v 2.106187 -1.3411045E-06 3.5479436
v 2.1024337 0.054644108 3.5516567
v 2.0154343 0.05464413 3.51869
v 2.0108845 -1.3187528E-06 3.5110943
v 3.71055 0.040891677 1.3883736
v 3.7496223 0.040891647 1.4393985
v 3.7091362 0.04089164 1.4610296
v 3.6795633 0.04089166 1.4187187
v 3.750509 -7.8231096E-07 1.4446037
v 3.7052674 -7.972121E-07 1.4689858
v 3.7091362 0.04089164 1.4610296
v 3.7496223 0.040891647 1.4393985
v 3.7853785 -7.18981E-07 1.3213594
v 3.83535 -7.50646E-07 1.3876665
v 3.8265321 0.040891677 1.387037
v 3.7815094 0.040891707 1.3293154
v 3.714663 -7.4133277E-07 1.3621798
v 3.7853785 -7.18981E-07 1.3213594
v 3.7815094 0.040891707 1.3293154
v 3.7171433 0.04089169 1.3664726
v 3.8265321 0.040891677 1.387037
v 3.7496223 0.040891647 1.4393985
v 3.7171433 0.04089169 1.3664726
v 3.7815094 0.040891707 1.3293154
v 3.750509 -7.8231096E-07 1.4446037
v 3.7496223 0.040891647 1.4393985
v 3.8265321 0.040891677 1.387037
v 3.83535 -7.50646E-07 1.3876665
v 3.704895 -7.50646E-07 1.3859059
v 3.714663 -7.4133277E-07 1.3621798
v 3.7171433 0.04089169 1.3664726
v 3.71055 0.040891677 1.3883736
v 3.704895 -7.50646E-07 1.3859059
v 3.71055 0.040891677 1.3883736
v 3.6795633 0.04089166 1.4187187
v 3.6707323 -7.6927245E-07 1.4180889
v 3.7415485 0.044652283 1.2479733
v 3.7824726 0.046402458 1.2479732
v 3.7824726 0.044912413 1.2885236
v 3.7415485 0.043162238 1.2885237
v 3.7879345 -6.4074993E-07 1.2425752
v 3.7824726 0.046402458 1.2479732
v 3.7415485 0.044652283 1.2479733
v 3.7360997 -6.4074993E-07 1.2425753
v 3.7360997 -6.4074993E-07 1.2425753
v 3.7415485 0.044652283 1.2479733
v 3.7415485 0.043162238 1.2885237
v 3.7360997 -6.686896E-07 1.2939217
v 3.7879345 -6.4074993E-07 1.2425752
v 3.7879345 -6.686896E-07 1.2939216
v 3.7824726 0.044912413 1.2885236
v 3.7824726 0.046402458 1.2479732
v 2.2909234 0.032021973 3.6016872
v 2.3260498 0.0340205 3.5584126
v 2.3584125 0.03519122 3.566959
v 2.3836422 0.036361925 3.597471
v 2.3381312 0.034363404 3.635065
v 2.3625636 -1.3504177E-06 3.561034
v 2.3937705 -1.3671815E-06 3.595736
v 2.3836422 0.036361925 3.597471
v 2.3584125 0.03519122 3.566959
v 2.3242118 -1.3411045E-06 3.5483105
v 2.3260498 0.0340205 3.5584126
v 2.2909234 0.032021973 3.6016872
v 2.2807949 -1.3709068E-06 3.6034222
v 2.3399558 -1.3932586E-06 3.645181
v 2.3381312 0.034363404 3.635065
v 2.3836422 0.036361925 3.597471
v 2.3937705 -1.3671815E-06 3.595736
v 2.3625636 -1.3504177E-06 3.561034
v 2.3584125 0.03519122 3.566959
v 2.3260498 0.0340205 3.5584126
v 2.3242118 -1.3411045E-06 3.5483105
v 2.2854817 0.039980605 3.4088597
v 2.288451 0.03866801 3.3766255
v 2.3254027 0.039791416 3.3815477
v 2.330325 0.040441807 3.3996317
v 2.3225873 0.041092195 3.420402
v 2.3343608 -1.2628734E-06 3.3999789
v 2.3262634 -1.2777746E-06 3.4248226
v 2.3225873 0.041092195 3.420402
v 2.330325 0.040441807 3.3996317
v 2.3297977 -1.2535602E-06 3.3778212
v 2.3254027 0.039791416 3.3815477
v 2.288451 0.03866801 3.3766255
v 2.284775 -1.2498349E-06 3.372204
v 2.3343608 -1.2628734E-06 3.3999789
v 2.330325 0.040441807 3.3996317
v 2.3254027 0.039791416 3.3815477
v 2.3297977 -1.2535602E-06 3.3778212
v 3.8035214 0.020327356 1.1718314
v 3.8279157 0.021249754 1.1571666
v 3.8425558 0.02046926 1.1811497
v 3.8105009 0.019546855 1.1965985
v 3.8302808 -5.941838E-07 1.152617
v 3.8279157 0.021249754 1.1571666
v 3.8035214 0.020327356 1.1718314
v 3.798792 -6.06291E-07 1.1718059
v 3.798792 -6.06291E-07 1.1718059
v 3.8035214 0.020327356 1.1718314
v 3.8105009 0.019546855 1.1965985
v 3.808611 -6.2119216E-07 1.2014827
v 3.8477476 -6.109476E-07 1.1815095
v 3.808611 -6.2119216E-07 1.2014827
v 3.8105009 0.019546855 1.1965985
v 3.8425558 0.02046926 1.1811497
v 3.8302808 -5.941838E-07 1.152617
v 3.8477476 -6.109476E-07 1.1815095
v 3.8425558 0.02046926 1.1811497
v 3.8279157 0.021249754 1.1571666
v -1.4080787 0.016200077 3.8272843
v -1.3430955 0.016200038 3.907832
v -1.4141062 0.016200047 3.8887455
v -1.3187397 0.01620007 3.84718
v -1.4209311 0.016200095 3.7973633
v -1.2827778 0.016200136 3.719656
v -1.3847256 0.016200148 3.6978962
v -1.3130072 -8.130446E-07 3.8520386
v -1.3400366 -8.4843487E-07 3.9200552
v -1.3430955 0.016200038 3.907832
v -1.3187397 0.01620007 3.84718
v -1.3877972 -7.2736293E-07 3.6856737
v -1.2725731 -7.4040145E-07 3.712266
v -1.2827778 0.016200136 3.719656
v -1.3847256 0.016200148 3.6978962
v -1.4275632 -7.8510493E-07 3.7949471
v -1.3877972 -7.2736293E-07 3.6856737
v -1.3847256 0.016200148 3.6978962
v -1.4209311 0.016200095 3.7973633
v -1.3400366 -8.4843487E-07 3.9200552
v -1.4243113 -8.363277E-07 3.896136
v -1.4141062 0.016200047 3.8887455
v -1.3430955 0.016200038 3.907832
v -1.3130072 -8.130446E-07 3.8520386
v -1.3187397 0.01620007 3.84718
v -1.2827778 0.016200136 3.719656
v -1.2725731 -7.4040145E-07 3.712266
v -1.4164973 -8.009374E-07 3.829765
v -1.4275632 -7.8510493E-07 3.7949471
v -1.4209311 0.016200095 3.7973633
v -1.4080787 0.016200077 3.8272843
v -1.4164973 -8.009374E-07 3.829765
v -1.4080787 0.016200077 3.8272843
v -1.4141062 0.016200047 3.8887455
v -1.4243113 -8.363277E-07 3.896136
v 0.8877308 0.040891085 -3.661745
v 0.82641065 0.040891074 -3.6424787
v 0.8199201 0.040891096 -3.6879137
v 0.86980134 0.04089111 -3.7012422
v 0.9251064 -1.4044344E-06 -3.5685112
v 0.84570277 -1.417473E-06 -3.5442193
v 0.8493014 0.04089103 -3.5523045
v 0.91894984 0.04089104 -3.5748608
v 0.91093004 -1.3634562E-06 -3.648918
v 0.9251064 -1.4044344E-06 -3.5685112
v 0.91894984 0.04089104 -3.5748608
v 0.9060461 0.040891077 -3.6480572
v 0.81376344 -1.3392419E-06 -3.6942754
v 0.8734131 -1.3336539E-06 -3.709313
v 0.86980134 0.04089111 -3.7012422
v 0.8199201 0.040891096 -3.6879137
v 0.8493014 0.04089103 -3.5523045
v 0.82641065 0.040891074 -3.6424787
v 0.9060461 0.040891077 -3.6480572
v 0.91894984 0.04089104 -3.5748608
v 0.89197236 -1.3522804E-06 -3.6662188
v 0.91093004 -1.3634562E-06 -3.648918
v 0.9060461 0.040891077 -3.6480572
v 0.8877308 0.040891085 -3.661745
v 0.89197236 -1.3522804E-06 -3.6662188
v 0.8877308 0.040891085 -3.661745
v 0.86980134 0.04089111 -3.7012422
v 0.8734131 -1.3336539E-06 -3.709313
v 1.0479847 0.024773087 -3.7239752
v 1.0339882 0.02652324 -3.6855068
v 0.99589306 0.025033236 -3.699375
v 1.0098895 0.023283089 -3.737843
v 1.0372012 -1.2740493E-06 -3.6785412
v 1.0339882 0.02652324 -3.6855068
v 1.0479847 0.024773087 -3.7239752
v 1.0549252 -1.2479722E-06 -3.7272527
v 1.0549252 -1.2479722E-06 -3.7272527
v 1.0479847 0.024773087 -3.7239752
v 1.0098895 0.023283089 -3.737843
v 1.0066766 -1.2395903E-06 -3.7448094
v 0.9889522 -1.264736E-06 -3.696098
v 1.0066766 -1.2395903E-06 -3.7448094
v 1.0098895 0.023283089 -3.737843
v 0.99589306 0.025033236 -3.699375
v 1.0372012 -1.2740493E-06 -3.6785412
v 0.9889522 -1.264736E-06 -3.696098
v 0.99589306 0.025033236 -3.699375
v 1.0339882 0.02652324 -3.6855068
v 3.7424133 0.018294428 -1.0580562
v 3.761474 0.019003954 -1.0694956
v 3.7729125 0.01838902 -1.0507689
v 3.747876 0.017679486 -1.0387129
v 3.7633119 4.4796616E-07 -1.0730554
v 3.761474 0.019003954 -1.0694956
v 3.7424133 0.018294428 -1.0580562
v 3.7387245 4.3958426E-07 -1.0580692
v 3.7769608 4.367903E-07 -1.0504861
v 3.7463982 4.293397E-07 -1.0348958
v 3.747876 0.017679486 -1.0387129
v 3.7729125 0.01838902 -1.0507689
v 3.7633119 4.4796616E-07 -1.0730554
v 3.7769608 4.367903E-07 -1.0504861
v 3.7729125 0.01838902 -1.0507689
v 3.761474 0.019003954 -1.0694956
v 3.6925788 0.021073464 -1.1621413
v 3.7090812 0.019169541 -1.1223625
v 3.688221 0.018495489 -1.1154221
v 3.668634 0.020399418 -1.1628357
v 3.6688652 4.991889E-07 -1.1702385
v 3.6967552 5.001202E-07 -1.1709841
v 3.6925788 0.021073464 -1.1621413
v 3.668634 0.020399418 -1.1628357
v 3.6154106 4.8521906E-07 -1.1429656
v 3.6242929 0.018838443 -1.1388782
v 3.642067 0.016946346 -1.0940993
v 3.6378899 4.5634806E-07 -1.085257
v 3.6625152 4.5727938E-07 -1.0894727
v 3.6378899 4.5634806E-07 -1.085257
v 3.642067 0.016946346 -1.0940993
v 3.6629663 0.017584918 -1.0969399
v 3.6967552 5.001202E-07 -1.1709841
v 3.7179496 4.749745E-07 -1.1182755
v 3.7090812 0.019169541 -1.1223625
v 3.6925788 0.021073464 -1.1621413
v 3.6242929 0.018838443 -1.1388782
v 3.6401145 0.019477021 -1.1533375
v 3.6629663 0.017584918 -1.0969399
v 3.642067 0.016946346 -1.0940993
v 3.6401145 0.019477021 -1.1533375
v 3.688221 0.018495489 -1.1154221
v 3.668634 0.020399418 -1.1628357
v 3.634973 4.954636E-07 -1.158787
v 3.6401145 0.019477021 -1.1533375
v 3.6242929 0.018838443 -1.1388782
v 3.6154106 4.8521906E-07 -1.1429656
v 3.6931565 4.6938658E-07 -1.1098956
v 3.6625152 4.5727938E-07 -1.0894727
v 3.6629663 0.017584918 -1.0969399
v 3.688221 0.018495489 -1.1154221
v 3.6688652 4.991889E-07 -1.1702385
v 3.668634 0.020399418 -1.1628357
v 3.6401145 0.019477021 -1.1533375
v 3.634973 4.954636E-07 -1.158787
v 3.6931565 4.6938658E-07 -1.1098956
v 3.688221 0.018495489 -1.1154221
v 3.7090812 0.019169541 -1.1223625
v 3.7179496 4.749745E-07 -1.1182755
v -1.5533416 0.044651486 3.1020737
v -1.5427511 0.046401676 3.0625384
v -1.5035889 0.044911664 3.0730388
v -1.5141798 0.043161474 3.1125739
v -1.5465558 -1.4267862E-06 3.0558684
v -1.5427511 0.046401676 3.0625384
v -1.5533416 0.044651486 3.1020737
v -1.559974 -1.4528632E-06 3.105942
v -1.4969572 -1.4342368E-06 3.0691707
v -1.5103753 -1.4603138E-06 3.1192317
v -1.5141798 0.043161474 3.1125739
v -1.5035889 0.044911664 3.0730388
v -1.5465558 -1.4267862E-06 3.0558684
v -1.4969572 -1.4342368E-06 3.0691707
v -1.5035889 0.044911664 3.0730388
v -1.5427511 0.046401676 3.0625384
v -1.6304766 0.018292591 3.0072486
v -1.6365945 0.01900213 2.9858744
v -1.6155546 0.01838721 2.9796798
v -1.610375 0.017677665 3.006979
v -1.6314533 -1.3969839E-06 3.0107958
v -1.6304766 0.018292591 3.0072486
v -1.610375 0.017677665 3.006979
v -1.6070721 -1.3969839E-06 3.0093951
v -1.6142308 -1.38022E-06 2.975837
v -1.6070721 -1.3969839E-06 3.0093951
v -1.610375 0.017677665 3.006979
v -1.6155546 0.01838721 2.9796798
v -1.6395506 -1.383014E-06 2.9831753
v -1.6142308 -1.38022E-06 2.975837
v -1.6155546 0.01838721 2.9796798
v -1.6365945 0.01900213 2.9858744
v 3.7778594 0.014061015 -1.2510083
v 3.8503745 0.014061017 -1.2559437
v 3.8108008 0.014060998 -1.2227836
v 3.8252861 0.014061036 -1.2943864
v 3.7664344 0.014061075 -1.366438
v 3.7554832 0.014061017 -1.2556735
v 3.71285 0.014061049 -1.3165572
v 3.8304007 5.653128E-07 -1.2957357
v 3.8586388 5.4296106E-07 -1.2527821
v 3.8503745 0.014061017 -1.2559437
v 3.8252861 0.014061036 -1.2943864
v 3.704586 5.783513E-07 -1.3197187
v 3.7662926 6.072223E-07 -1.3752809
v 3.7664344 0.014061075 -1.366438
v 3.71285 0.014061049 -1.3165572
v 3.7514215 5.4296106E-07 -1.2528336
v 3.704586 5.783513E-07 -1.3197187
v 3.71285 0.014061049 -1.3165572
v 3.7554832 0.014061017 -1.2556735
v 3.8586388 5.4296106E-07 -1.2527821
v 3.810942 5.234033E-07 -1.2139416
v 3.8108008 0.014060998 -1.2227836
v 3.8503745 0.014061017 -1.2559437
v 3.8304007 5.653128E-07 -1.2957357
v 3.8252861 0.014061036 -1.2943864
v 3.7664344 0.014061075 -1.366438
v 3.7662926 6.072223E-07 -1.3752809
v 3.7759063 5.410984E-07 -1.2451605
v 3.7514215 5.4296106E-07 -1.2528336
v 3.7554832 0.014061017 -1.2556735
v 3.7778594 0.014061015 -1.2510083
v 3.7759063 5.410984E-07 -1.2451605
v 3.7778594 0.014061015 -1.2510083
v 3.8108008 0.014060998 -1.2227836
v 3.810942 5.234033E-07 -1.2139416
v -1.4359568 0.011898195 -3.8469775
v -1.4294149 0.01189818 -3.8158863
v -1.4738462 0.011898178 -3.8139071
v -1.4715457 0.0118981935 -3.8438277
v -1.4262528 1.7690472E-06 -3.8177245
v -1.4294149 0.01189818 -3.8158863
v -1.4359568 0.011898195 -3.8469775
v -1.4334632 1.787208E-06 -3.8525555
v -1.4229625 0.011898147 -3.7518291
v -1.4187082 1.7331913E-06 -3.7474332
v -1.4760952 1.730863E-06 -3.7444255
v -1.4735892 0.011898146 -3.7500167
v -1.485902 1.7601997E-06 -3.8000774
v -1.4825221 0.011898171 -3.8006687
v -1.4735892 0.011898146 -3.7500167
v -1.4760952 1.730863E-06 -3.7444255
v -1.4715457 0.0118981935 -3.8438277
v -1.4758004 1.7848797E-06 -3.8482242
v -1.4334632 1.787208E-06 -3.8525555
v -1.4359568 0.011898195 -3.8469775
v -1.4229625 0.011898147 -3.7518291
v -1.4735892 0.011898146 -3.7500167
v -1.4825221 0.011898171 -3.8006687
v -1.4294149 0.01189818 -3.8158863
v -1.4262528 1.7690472E-06 -3.8177245
v -1.4187082 1.7331913E-06 -3.7474332
v -1.4229625 0.011898147 -3.7518291
v -1.4294149 0.01189818 -3.8158863
v -1.4825221 0.011898171 -3.8006687
v -1.485902 1.7601997E-06 -3.8000774
v -1.4776763 1.7685816E-06 -3.81581
v -1.4738462 0.011898178 -3.8139071
v -1.4776763 1.7685816E-06 -3.81581
v -1.4758004 1.7848797E-06 -3.8482242
v -1.4715457 0.0118981935 -3.8438277
v -1.4738462 0.011898178 -3.8139071
v -1.3523597 0.025757564 -3.73577
v -1.3131975 0.027259402 -3.7462585
v -1.3026068 0.025509216 -3.706736
v -1.3417692 0.024019195 -3.6962352
v -1.3093936 1.7248094E-06 -3.7529285
v -1.2959751 1.6968697E-06 -3.7028546
v -1.3026068 0.025509216 -3.706736
v -1.3131975 0.027259402 -3.7462585
v -1.2959751 1.6968697E-06 -3.7028546
v -1.3455737 1.6894192E-06 -3.689565
v -1.3417692 0.024019195 -3.6962352
v -1.3026068 0.025509216 -3.706736
v -1.3523597 0.025757564 -3.73577
v -1.3589916 1.7173588E-06 -3.7396388
v -1.3093936 1.7248094E-06 -3.7529285
v -1.3131975 0.027259402 -3.7462585
v -1.287839 0.018390365 -3.8457363
v -1.2733283 0.019005295 -3.8621883
v -1.2565429 0.01829576 -3.8476126
v -1.2652698 0.017680824 -3.8295033
v -1.2745241 1.7825514E-06 -3.8660052
v -1.2529056 1.7732382E-06 -3.8469958
v -1.2565429 0.01829576 -3.8476126
v -1.2733283 0.019005295 -3.8621883
v -1.2529056 1.7732382E-06 -3.8469958
v -1.2644861 1.7620623E-06 -3.825494
v -1.2652698 0.017680824 -3.8295033
v -1.2565429 0.01829576 -3.8476126
v -1.287839 0.018390365 -3.8457363
v -1.2918749 1.7723069E-06 -3.8461611
v -1.2745241 1.7825514E-06 -3.8660052
v -1.2733283 0.019005295 -3.8621883
v 2.0329874 0.021074727 -3.8050594
v 1.9943905 0.018496789 -3.8317668
v 2.013117 0.019170852 -3.8432827
v 2.0181165 0.02040067 -3.7862816
v 1.9925145 0.019478269 -3.7705374
v 1.9640069 0.017586224 -3.8242867
v 1.9712682 0.0188397 -3.7677095
v 1.9483906 0.016947648 -3.8101106
v 2.0239394 1.7462298E-06 -3.7816935
v 2.0181165 0.02040067 -3.7862816
v 2.0329874 0.021074727 -3.8050594
v 2.0424337 1.7574057E-06 -3.8025787
v 1.9579915 1.7713755E-06 -3.828759
v 1.9640069 0.017586224 -3.8242867
v 1.9483906 0.016947648 -3.8101106
v 1.9389313 1.7629936E-06 -3.8126037
v 2.013117 0.019170852 -3.8432827
v 2.0156882 1.7825514E-06 -3.8527036
v 2.0424337 1.7574057E-06 -3.8025787
v 2.0329874 0.021074727 -3.8050594
v 1.9933751 1.7378479E-06 -3.7630951
v 1.9686848 1.735054E-06 -3.7582757
v 1.9712682 0.0188397 -3.7677095
v 1.9925145 0.019478269 -3.7705374
v 1.9933362 1.7769635E-06 -3.839094
v 1.9943905 0.018496789 -3.8317668
v 1.9640069 0.017586224 -3.8242867
v 1.9579915 1.7713755E-06 -3.828759
v 2.0239394 1.7462298E-06 -3.7816935
v 1.9933751 1.7378479E-06 -3.7630951
v 1.9925145 0.019478269 -3.7705374
v 2.0181165 0.02040067 -3.7862816
v 1.9933362 1.7769635E-06 -3.839094
v 2.0156882 1.7825514E-06 -3.8527036
v 2.013117 0.019170852 -3.8432827
v 1.9943905 0.018496789 -3.8317668
v 3.8196545 0.025861394 -2.088157
v 3.8507063 0.027363209 -2.0621047
v 3.8243968 0.025613023 -2.030744
v 3.793345 0.024111208 -2.0568092
v 3.8583539 -9.0524554E-07 -2.0628111
v 3.8250396 -9.23872E-07 -2.0230973
v 3.8243968 0.025613023 -2.030744
v 3.8507063 0.027363209 -2.0621047
v 3.793345 0.024111208 -2.0568092
v 3.7856975 -9.071082E-07 -2.0561028
v 3.819012 -8.8848174E-07 -2.095817
v 3.8196545 0.025861394 -2.088157
v 3.8196545 0.025861394 -2.088157
v 3.819012 -8.8848174E-07 -2.095817
v 3.8583539 -9.0524554E-07 -2.0628111
v 3.8507063 0.027363209 -2.0621047
v 2.1396775 0.018390346 -3.8005905
v 2.1466696 0.019005258 -3.7797952
v 2.1256545 0.01829573 -3.7725594
v 2.1143448 0.017680813 -3.7891648
v 2.1505766 1.7462298E-06 -3.7789216
v 2.1233037 1.7415732E-06 -3.7697186
v 2.1256545 0.01829573 -3.7725594
v 2.1466696 0.019005258 -3.7797952
v 2.1143448 0.017680813 -3.7891648
v 2.1104765 1.7518178E-06 -3.7904892
v 2.1420681 1.7601997E-06 -3.8038812
v 2.1396775 0.018390346 -3.8005905
v 2.1396775 0.018390346 -3.8005905
v 2.1420681 1.7601997E-06 -3.8038812
v 2.1505766 1.7462298E-06 -3.7789216
v 2.1466696 0.019005258 -3.7797952
v -3.143536 0.023817454 1.7412062
v -3.1021118 0.025815977 1.6991392
v -3.073913 0.024645243 1.7269394
v -3.0682325 0.023474507 1.7599194
v -3.1143863 0.021475988 1.7911384
v -3.0676541 9.862706E-07 1.7233282
v -3.073913 0.024645243 1.7269394
v -3.1021118 0.025815977 1.6991392
v -3.0995028 1.0039657E-06 1.6892042
v -3.05831 9.667128E-07 1.762631
v -3.1170082 9.4622374E-07 1.801074
v -3.1143863 0.021475988 1.7911384
v -3.0682325 0.023474507 1.7599194
v -3.153458 9.797513E-07 1.7385069
v -3.0995028 1.0039657E-06 1.6892042
v -3.1021118 0.025815977 1.6991392
v -3.143536 0.023817454 1.7412062
v -3.0676541 9.862706E-07 1.7233282
v -3.05831 9.667128E-07 1.762631
v -3.0682325 0.023474507 1.7599194
v -3.073913 0.024645243 1.7269394
v -3.098055 0.039982878 1.6080698
v -3.071694 0.041094482 1.5795116
v -3.0546129 0.040444076 1.5936362
v -3.0498316 0.03979366 1.6117586
v -3.0793672 0.03867024 1.634495
v -3.0512972 1.0058284E-06 1.5913229
v -3.0546129 0.040444076 1.5936362
v -3.071694 0.041094482 1.5795116
v -3.0707173 1.0114163E-06 1.5738432
v -3.0441637 9.927899E-07 1.6127872
v -3.0803437 9.797513E-07 1.6401632
v -3.0793672 0.03867024 1.634495
v -3.0498316 0.03979366 1.6117586
v -3.098055 0.039982878 1.6080698
v -3.1037228 9.965152E-07 1.6070416
v -3.0707173 1.0114163E-06 1.5738432
v -3.071694 0.041094482 1.5795116
v -3.0512972 1.0058284E-06 1.5913229
v -3.0441637 9.927899E-07 1.6127872
v -3.0498316 0.03979366 1.6117586
v -3.0546129 0.040444076 1.5936362
v -1.7671763 0.11651656 3.0750906
v -1.737189 0.11473287 3.0475674
v -1.7177737 0.12794387 3.0562694
v -1.747036 0.14007095 3.0784106
v -1.7666956 0.09661323 3.098751
v -1.7763697 0.09661325 3.0742378
v -1.7671763 0.11651656 3.0750906
v -1.747036 0.14007095 3.0784106
v -1.7252014 0.09661321 3.1374025
v -1.7244346 0.11441494 3.1282043
v -1.6904306 0.11261358 3.0979457
v -1.6812273 0.09661323 3.0987818
v -1.6874584 0.09661325 3.0727046
v -1.6812273 0.09661323 3.0987818
v -1.6904306 0.11261358 3.0979457
v -1.6997082 0.1270785 3.0803108
v -1.7763697 0.09661325 3.0742378
v -1.7364218 0.096613266 3.0383682
v -1.737189 0.11473287 3.0475674
v -1.7671763 0.11651656 3.0750906
v -1.7244346 0.11441494 3.1282043
v -1.7293934 0.14527589 3.1006763
v -1.6997082 0.1270785 3.0803108
v -1.6904306 0.11261358 3.0979457
v -1.7155035 0.09661326 3.0521026
v -1.6874584 0.09661325 3.0727046
v -1.6997082 0.1270785 3.0803108
v -1.7177737 0.12794387 3.0562694
v -1.7666956 0.09661323 3.098751
v -1.747036 0.14007095 3.0784106
v -1.7293934 0.14527589 3.1006763
v -1.7455695 0.09661321 3.125156
v -1.7155035 0.09661326 3.0521026
v -1.7177737 0.12794387 3.0562694
v -1.737189 0.11473287 3.0475674
v -1.7364218 0.096613266 3.0383682
v -1.76075 0.088752344 2.9916782
v -1.8378469 0.09759483 3.0620387
v -1.8806694 0.05803317 3.0169094
v -1.8069793 0.058033194 2.9614356
v -1.6769936 -1.553446E-06 2.9936373
v -1.6306298 -1.6391277E-06 3.1564288
v -1.6535652 0.0975948 3.1495154
v -1.6911091 0.09759487 3.0014403
v -1.8966274 -1.5608966E-06 3.0036077
v -1.8103538 -1.5310943E-06 2.9444995
v -1.8069793 0.058033194 2.9614356
v -1.8806694 0.05803317 3.0169094
v -1.7548383 0.09759478 3.1563556
v -1.8378469 0.09759483 3.0620387
v -1.6911091 0.09759487 3.0014403
v -1.6535652 0.0975948 3.1495154
v -1.7576456 -1.5459955E-06 2.9806426
v -1.6769936 -1.553446E-06 2.9936373
v -1.6911091 0.09759487 3.0014403
v -1.76075 0.088752344 2.9916782
v -1.7576456 -1.5459955E-06 2.9806426
v -1.76075 0.088752344 2.9916782
v -1.8069793 0.058033194 2.9614356
v -1.8103538 -1.5310943E-06 2.9444995
v -1.7232482 0.11516903 3.0217228
v -1.7018802 0.11587857 3.015602
v -1.6956934 0.115263626 3.0366554
v -1.7229979 0.1145541 3.0418148
v -1.699189 0.09687507 3.0126452
v -1.7018802 0.11587857 3.015602
v -1.7232482 0.11516903 3.0217228
v -1.7268093 0.096875064 3.0207453
v -1.7268093 0.096875064 3.0207453
v -1.7232482 0.11516903 3.0217228
v -1.7229979 0.1145541 3.0418148
v -1.7254114 0.09687505 3.045124
v -1.699189 0.09687507 3.0126452
v -1.6918482 0.09687506 3.037968
v -1.6956934 0.115263626 3.0366554
v -1.7018802 0.11587857 3.015602
v 1.7067628 0.5742108 3.626947
v 1.7233307 0.5742108 3.6225076
v 1.7233307 0.5935339 3.607129
v 1.6990736 0.5935339 3.6136286
v 1.747588 0.5935339 3.6136289
v 1.6946341 0.5742108 3.6390755
v 1.681316 0.5935339 3.6313863
v 1.7398988 0.5742108 3.626947
v 1.7653455 0.5935339 3.6313863
v 1.7233307 0.56524295 3.6556435
v 1.6901947 0.5742108 3.6556435
v 1.7520274 0.5742108 3.6390755
v 1.6748163 0.5935339 3.6556435
v 1.7718452 0.5935339 3.6556435
v 1.6946341 0.5742108 3.6722114
v 1.681316 0.5935339 3.6799006
v 1.7564667 0.5742108 3.6556435
v 1.7653455 0.5935339 3.6799006
v 1.7067628 0.5742108 3.68434
v 1.6990736 0.5935339 3.6976583
v 1.7520273 0.5742108 3.6722114
v 1.7475879 0.5935339 3.6976583
v 1.7233307 0.5742108 3.6887794
v 1.7233307 0.5935339 3.7041578
v 1.7398987 0.5742108 3.68434
v 1.7233307 0.5973696 3.6119487
v 1.7233307 0.57921356 3.626101
v 1.7085595 0.57921356 3.630059
v 1.7014834 0.5973696 3.6178026
v 1.7451782 0.5973696 3.6178026
v 1.6977463 0.57921356 3.6408722
v 1.6854899 0.5973696 3.633796
v 1.738102 0.57921356 3.630059
v 1.7611716 0.5973696 3.633796
v 1.7233307 0.5714026 3.6556435
v 1.6937884 0.57921356 3.6556435
v 1.7489152 0.57921356 3.6408722
v 1.6796359 0.5973696 3.6556435
v 1.7670256 0.5973696 3.6556435
v 1.6977463 0.57921356 3.6704147
v 1.6854899 0.5973696 3.677491
v 1.7528731 0.57921356 3.6556435
v 1.7611716 0.5973696 3.677491
v 1.7085595 0.57921356 3.681228
v 1.7014832 0.5973696 3.6934843
v 1.7489152 0.57921356 3.6704147
v 1.7451781 0.5973696 3.6934843
v 1.7233307 0.57921356 3.685186
v 1.7233307 0.5973696 3.6993382
v 1.7381018 0.57921356 3.681228
v -1.7355895 0.57421046 -3.682253
v -1.7190216 0.57421046 -3.6866922
v -1.7190216 0.5935335 -3.7020707
v -1.7432787 0.5935335 -3.695571
v -1.6947644 0.5935335 -3.695571
v -1.7477183 0.57421046 -3.6701245
v -1.7610364 0.5935335 -3.677814
v -1.7024536 0.57421046 -3.682253
v -1.677007 0.5935335 -3.677813
v -1.7190216 0.5652426 -3.6535563
v -1.7521577 0.57421046 -3.6535563
v -1.690325 0.57421046 -3.6701245
v -1.7675359 0.5935335 -3.6535563
v -1.6705072 0.5935335 -3.6535563
v -1.7477183 0.57421046 -3.6369882
v -1.7610364 0.5935335 -3.6292987
v -1.6858854 0.57421046 -3.6535563
v -1.677007 0.5935335 -3.6292987
v -1.7355895 0.57421046 -3.6248598
v -1.7432787 0.5935335 -3.6115417
v -1.690325 0.57421046 -3.6369882
v -1.6947644 0.5935335 -3.6115417
v -1.7190216 0.57421046 -3.6204205
v -1.7190216 0.5935335 -3.605042
v -1.7024536 0.57421046 -3.6248598
v -1.7190216 0.5973693 -3.6972508
v -1.7190216 0.5792132 -3.6830988
v -1.7337928 0.5792132 -3.6791406
v -1.740869 0.5973693 -3.6913972
v -1.6971743 0.5973693 -3.6913972
v -1.744606 0.5792132 -3.6683273
v -1.7568624 0.5973693 -3.6754036
v -1.7042503 0.5792132 -3.6791406
v -1.681181 0.5973693 -3.6754036
v -1.7190216 0.57140225 -3.6535563
v -1.748564 0.5792132 -3.6535563
v -1.6934371 0.5792132 -3.6683273
v -1.7627163 0.5973693 -3.6535563
v -1.6753268 0.59736925 -3.6535563
v -1.744606 0.5792132 -3.6387854
v -1.7568624 0.5973693 -3.631709
v -1.6894794 0.5792132 -3.6535563
v -1.681181 0.5973693 -3.631709
v -1.7337928 0.5792132 -3.6279721
v -1.740869 0.59736925 -3.6157155
v -1.6934371 0.5792132 -3.638785
v -1.6971743 0.5973693 -3.6157155
v -1.7190216 0.5792132 -3.624014
v -1.7190216 0.59736925 -3.6098619
v -1.7042503 0.5792132 -3.6279721
v 1.7067628 0.57421046 -3.682253
v 1.7233307 0.57421046 -3.6866922
v 1.7233307 0.5935335 -3.7020707
v 1.6990736 0.5935335 -3.695571
v 1.747588 0.5935335 -3.695571
v 1.6946341 0.57421046 -3.6701245
v 1.681316 0.5935335 -3.677814
v 1.7398988 0.57421046 -3.682253
v 1.7653455 0.5935335 -3.677813
v 1.7233307 0.5652426 -3.6535563
v 1.6901947 0.57421046 -3.6535563
v 1.7520274 0.57421046 -3.6701245
v 1.6748163 0.5935335 -3.6535563
v 1.7718452 0.5935335 -3.6535563
v 1.6946341 0.57421046 -3.6369882
v 1.681316 0.5935335 -3.6292987
v 1.7564667 0.57421046 -3.6535563
v 1.7653455 0.5935335 -3.6292987
v 1.7067628 0.57421046 -3.6248598
v 1.6990736 0.5935335 -3.6115417
v 1.7520273 0.57421046 -3.6369882
v 1.7475879 0.5935335 -3.6115417
v 1.7233307 0.57421046 -3.6204205
v 1.7233307 0.5935335 -3.605042
v 1.7398987 0.57421046 -3.6248598
v 1.7233307 0.5973693 -3.6972508
v 1.7233307 0.5792132 -3.6830988
v 1.7085595 0.5792132 -3.6791406
v 1.7014834 0.5973693 -3.6913972
v 1.7451782 0.5973693 -3.6913972
v 1.6977463 0.5792132 -3.6683273
v 1.6854899 0.5973693 -3.6754036
v 1.738102 0.5792132 -3.6791406
v 1.7611716 0.5973693 -3.6754036
v 1.7233307 0.57140225 -3.6535563
v 1.6937884 0.5792132 -3.6535563
v 1.7489152 0.5792132 -3.6683273
v 1.6796359 0.5973693 -3.6535563
v 1.7670256 0.59736925 -3.6535563
v 1.6977463 0.5792132 -3.6387854
v 1.6854899 0.5973693 -3.631709
v 1.7528731 0.5792132 -3.6535563
v 1.7611716 0.5973693 -3.631709
v 1.7085595 0.5792132 -3.6279721
v 1.7014834 0.59736925 -3.6157155
v 1.7489152 0.5792132 -3.638785
v 1.7451781 0.5973693 -3.6157155
v 1.7233307 0.5792132 -3.624014
v 1.7233307 0.59736925 -3.6098619
v 1.7381018 0.5792132 -3.6279721
v -1.7355895 0.5742108 3.626947
v -1.7190216 0.5742108 3.6225076
v -1.7190216 0.5935339 3.607129
v -1.7432787 0.5935339 3.6136286
v -1.6947644 0.5935339 3.6136289
v -1.7477183 0.5742108 3.6390755
v -1.7610364 0.5935339 3.6313863
v -1.7024536 0.5742108 3.626947
v -1.677007 0.5935339 3.6313863
v -1.7190216 0.56524295 3.6556435
v -1.7521577 0.5742108 3.6556435
v -1.690325 0.5742108 3.6390755
v -1.7675359 0.5935339 3.6556435
v -1.6705072 0.5935339 3.6556435
v -1.7477183 0.5742108 3.6722114
v -1.7610364 0.5935339 3.6799006
v -1.6858854 0.5742108 3.6556435
v -1.677007 0.5935339 3.6799006
v -1.7355895 0.5742108 3.68434
v -1.7432787 0.5935339 3.6976583
v -1.690325 0.5742108 3.6722114
v -1.6947644 0.5935339 3.6976583
v -1.7190216 0.5742108 3.6887794
v -1.7190216 0.5935339 3.7041578
v -1.7024536 0.5742108 3.68434
v -1.7190216 0.5973696 3.6119487
v -1.7190216 0.57921356 3.626101
v -1.7337928 0.57921356 3.630059
v -1.740869 0.5973696 3.6178026
v -1.6971743 0.5973696 3.6178026
v -1.744606 0.57921356 3.6408722
v -1.7568624 0.5973696 3.633796
v -1.7042503 0.57921356 3.630059
v -1.681181 0.5973696 3.633796
v -1.7190216 0.5714026 3.6556435
v -1.748564 0.57921356 3.6556435
v -1.6934371 0.57921356 3.6408722
v -1.7627163 0.5973696 3.6556435
v -1.6753268 0.5973696 3.6556435
v -1.744606 0.57921356 3.6704147
v -1.7568624 0.5973696 3.677491
v -1.6894794 0.57921356 3.6556435
v -1.681181 0.5973696 3.677491
v -1.7337928 0.57921356 3.681228
v -1.740869 0.5973696 3.6934843
v -1.6934371 0.57921356 3.6704147
v -1.6971743 0.5973696 3.6934843
v -1.7190216 0.57921356 3.685186
v -1.7190216 0.5973696 3.6993382
v -1.7042503 0.57921356 3.681228
v -3.6703765 0.5742105 -1.7501879
v -3.6538084 0.5742105 -1.7546272
v -3.6538084 0.59353364 -1.7700057
v -3.6780655 0.59353364 -1.7635059
v -3.6295507 0.59353364 -1.7635059
v -3.682505 0.5742105 -1.7380595
v -3.695823 0.59353364 -1.745749
v -3.6372402 0.5742106 -1.7501879
v -3.6117933 0.59353364 -1.7457485
v -3.6538084 0.5652427 -1.7214913
v -3.6869438 0.5742105 -1.7214913
v -3.6251113 0.5742105 -1.7380595
v -3.7023227 0.59353364 -1.7214913
v -3.605294 0.59353364 -1.7214913
v -3.682505 0.5742105 -1.7049232
v -3.695823 0.59353364 -1.6972342
v -3.6206725 0.5742105 -1.7214913
v -3.6117933 0.59353364 -1.6972342
v -3.6703765 0.5742105 -1.6927948
v -3.6780655 0.59353364 -1.6794767
v -3.6251113 0.5742105 -1.7049232
v -3.6295507 0.59353364 -1.6794767
v -3.6538084 0.5742105 -1.6883554
v -3.6538084 0.59353364 -1.672977
v -3.6372402 0.5742105 -1.6927948
v -3.6538084 0.5973694 -1.7651863
v -3.6538084 0.5792133 -1.7510338
v -3.6685789 0.5792133 -1.747076
v -3.6756556 0.5973694 -1.7593327
v -3.6319606 0.5973694 -1.7593327
v -3.6793926 0.5792133 -1.7362623
v -3.6916492 0.5973694 -1.7433386
v -3.639037 0.5792133 -1.747076
v -3.615967 0.5973694 -1.7433386
v -3.6538084 0.5714024 -1.7214913
v -3.6833503 0.5792133 -1.7214913
v -3.6282237 0.5792133 -1.7362623
v -3.6975029 0.5973694 -1.7214913
v -3.6101134 0.5973694 -1.7214913
v -3.6793926 0.5792133 -1.7067204
v -3.6916492 0.5973694 -1.6996441
v -3.624266 0.5792133 -1.7214913
v -3.615967 0.5973694 -1.6996441
v -3.6685798 0.5792133 -1.6959071
v -3.6756556 0.5973694 -1.6836505
v -3.6282237 0.5792133 -1.7067199
v -3.6319606 0.5973694 -1.6836505
v -3.6538084 0.5792133 -1.6919489
v -3.6538084 0.5973694 -1.6777968
v -3.6390374 0.5792133 -1.6959071
v -3.6703765 0.5742107 1.6938976
v -3.6538084 0.5742107 1.6894583
v -3.6538084 0.5935338 1.6740798
v -3.6780655 0.5935338 1.6805795
v -3.6295507 0.5935338 1.6805795
v -3.682505 0.5742107 1.7060262
v -3.695823 0.5935338 1.6983371
v -3.6372402 0.5742107 1.6938976
v -3.6117933 0.5935338 1.6983371
v -3.6538084 0.5652428 1.7225943
v -3.6869438 0.5742107 1.7225943
v -3.6251113 0.5742107 1.7060263
v -3.7023227 0.5935338 1.7225943
v -3.605294 0.59353375 1.7225943
v -3.682505 0.5742107 1.7391623
v -3.695823 0.5935338 1.7468514
v -3.6206725 0.5742107 1.7225943
v -3.6117933 0.5935338 1.7468516
v -3.6703765 0.5742107 1.7512909
v -3.6780655 0.59353375 1.764609
v -3.6251113 0.5742107 1.7391623
v -3.6295507 0.59353375 1.764609
v -3.6538084 0.5742107 1.7557302
v -3.6538084 0.59353375 1.7711087
v -3.6372402 0.5742107 1.7512909
v -3.6538084 0.59736955 1.6788994
v -3.6538084 0.57921344 1.6930519
v -3.6685789 0.57921344 1.6970098
v -3.6756556 0.59736955 1.6847535
v -3.6319606 0.59736955 1.6847535
v -3.6793926 0.57921344 1.707823
v -3.6916492 0.59736955 1.7007469
v -3.639037 0.57921344 1.6970098
v -3.615967 0.59736955 1.7007469
v -3.6538084 0.57140255 1.7225943
v -3.6833503 0.57921344 1.7225943
v -3.6282237 0.57921344 1.707823
v -3.6975029 0.59736955 1.7225943
v -3.6101134 0.59736955 1.7225943
v -3.6793926 0.57921344 1.7373654
v -3.6916492 0.59736955 1.7444416
v -3.624266 0.57921344 1.7225943
v -3.615967 0.59736955 1.7444417
v -3.6685798 0.57921344 1.7481786
v -3.6756556 0.59736955 1.760435
v -3.6282237 0.57921344 1.7373654
v -3.6319606 0.59736955 1.7604351
v -3.6538084 0.57921344 1.7521366
v -3.6538084 0.59736955 1.7662891
v -3.6390374 0.57921344 1.7481786
v 3.6380265 0.5742105 -1.7501879
v 3.6545944 0.5742105 -1.7546272
v 3.6545944 0.59353364 -1.7700057
v 3.6303372 0.59353364 -1.7635059
v 3.6788518 0.59353364 -1.7635059
v 3.625898 0.5742105 -1.7380595
v 3.6125798 0.59353364 -1.745749
v 3.6711626 0.5742106 -1.7501879
v 3.6966093 0.59353364 -1.7457485
v 3.6545944 0.5652427 -1.7214913
v 3.6214585 0.5742105 -1.7214913
v 3.6832912 0.5742105 -1.7380595
v 3.60608 0.59353364 -1.7214913
v 3.7031088 0.59353364 -1.7214913
v 3.625898 0.5742105 -1.7049232
v 3.6125798 0.59353364 -1.6972342
v 3.6877303 0.5742105 -1.7214913
v 3.6966093 0.59353364 -1.6972342
v 3.6380265 0.5742105 -1.6927948
v 3.6303372 0.59353364 -1.6794767
v 3.6832912 0.5742105 -1.7049232
v 3.6788516 0.59353364 -1.6794767
v 3.6545944 0.5742105 -1.6883554
v 3.6545944 0.59353364 -1.672977
v 3.6711626 0.5742105 -1.6927948
v 3.6545944 0.5973694 -1.7651863
v 3.6545944 0.5792133 -1.7510338
v 3.6398234 0.5792133 -1.747076
v 3.6327472 0.5973694 -1.7593327
v 3.6764421 0.5973694 -1.7593327
v 3.6290102 0.5792133 -1.7362623
v 3.6167538 0.5973694 -1.7433386
v 3.669366 0.5792133 -1.747076
v 3.6924353 0.5973694 -1.7433386
v 3.6545944 0.5714024 -1.7214913
v 3.6250522 0.5792133 -1.7214913
v 3.680179 0.5792133 -1.7362623
v 3.6108997 0.5973694 -1.7214913
v 3.6982894 0.5973694 -1.7214913
v 3.6290102 0.5792133 -1.7067204
v 3.6167536 0.5973694 -1.6996441
v 3.6841369 0.5792133 -1.7214913
v 3.6924353 0.5973694 -1.6996441
v 3.6398234 0.5792133 -1.6959071
v 3.6327472 0.5973694 -1.6836505
v 3.680179 0.5792133 -1.7067199
v 3.676442 0.5973694 -1.6836505
v 3.6545944 0.5792133 -1.6919489
v 3.6545944 0.5973694 -1.6777968
v 3.669366 0.5792133 -1.6959071
v 3.6380265 0.5742107 1.6938976
v 3.6545944 0.5742107 1.6894583
v 3.6545944 0.5935338 1.6740798
v 3.6303372 0.5935338 1.6805795
v 3.6788518 0.5935338 1.6805795
v 3.625898 0.5742107 1.7060262
v 3.6125798 0.5935338 1.6983371
v 3.6711626 0.5742107 1.6938976
v 3.6966093 0.5935338 1.6983371
v 3.6545944 0.5652428 1.7225943
v 3.6214585 0.5742107 1.7225943
v 3.6832912 0.5742107 1.7060263
v 3.60608 0.5935338 1.7225943
v 3.7031088 0.59353375 1.7225943
v 3.625898 0.5742107 1.7391623
v 3.6125798 0.5935338 1.7468514
v 3.6877303 0.5742107 1.7225943
v 3.6966093 0.5935338 1.7468516
v 3.6380265 0.5742107 1.7512909
v 3.6303372 0.59353375 1.764609
v 3.6832912 0.5742107 1.7391623
v 3.6788516 0.59353375 1.764609
v 3.6545944 0.5742107 1.7557302
v 3.6545944 0.59353375 1.7711087
v 3.6711626 0.5742107 1.7512909
v 3.6545944 0.59736955 1.6788994
v 3.6545944 0.57921344 1.6930519
v 3.6398234 0.57921344 1.6970098
v 3.6327472 0.59736955 1.6847535
v 3.6764421 0.59736955 1.6847535
v 3.6290102 0.57921344 1.707823
v 3.6167538 0.59736955 1.7007469
v 3.669366 0.57921344 1.6970098
v 3.6924353 0.59736955 1.7007469
v 3.6545944 0.57140255 1.7225943
v 3.6250522 0.57921344 1.7225943
v 3.680179 0.57921344 1.707823
v 3.6108997 0.59736955 1.7225943
v 3.6982894 0.59736955 1.7225943
v 3.6290102 0.57921344 1.7373654
v 3.6167536 0.59736955 1.7444416
v 3.6841369 0.57921344 1.7225943
v 3.6924353 0.59736955 1.7444417
v 3.6398234 0.57921344 1.7481786
v 3.6327472 0.59736955 1.760435
v 3.680179 0.57921344 1.7373654
v 3.676442 0.59736955 1.7604351
v 3.6545944 0.57921344 1.7521366
v 3.6545944 0.59736955 1.7662891
v 3.669366 0.57921344 1.7481786
v 1.7233307 0.5935339 3.607129
v 1.7233307 0.5973696 3.6119487
v 1.7014834 0.5973696 3.6178026
v 1.6990736 0.5935339 3.6136286
v 1.747588 0.5935339 3.6136289
v 1.6854899 0.5973696 3.633796
v 1.7451782 0.5973696 3.6178026
v 1.681316 0.5935339 3.6313863
v 1.7653455 0.5935339 3.6313863
v 1.6796359 0.5973696 3.6556435
v 1.7611716 0.5973696 3.633796
v 1.6748163 0.5935339 3.6556435
v 1.7718452 0.5935339 3.6556435
v 1.6854899 0.5973696 3.677491
v 1.7670256 0.5973696 3.6556435
v 1.681316 0.5935339 3.6799006
v 1.7653455 0.5935339 3.6799006
v 1.7014832 0.5973696 3.6934843
v 1.7611716 0.5973696 3.677491
v 1.6990736 0.5935339 3.6976583
v 1.7475879 0.5935339 3.6976583
v 1.7233307 0.5973696 3.6993382
v 1.7451781 0.5973696 3.6934843
v 1.7233307 0.5935339 3.7041578
v -1.7190216 0.5935335 -3.7020707
v -1.7190216 0.5973693 -3.6972508
v -1.740869 0.5973693 -3.6913972
v -1.7432787 0.5935335 -3.695571
v -1.6947644 0.5935335 -3.695571
v -1.7568624 0.5973693 -3.6754036
v -1.6971743 0.5973693 -3.6913972
v -1.7610364 0.5935335 -3.677814
v -1.677007 0.5935335 -3.677813
v -1.7627163 0.5973693 -3.6535563
v -1.681181 0.5973693 -3.6754036
v -1.7675359 0.5935335 -3.6535563
v -1.6705072 0.5935335 -3.6535563
v -1.7568624 0.5973693 -3.631709
v -1.6753268 0.59736925 -3.6535563
v -1.7610364 0.5935335 -3.6292987
v -1.677007 0.5935335 -3.6292987
v -1.740869 0.59736925 -3.6157155
v -1.681181 0.5973693 -3.631709
v -1.7432787 0.5935335 -3.6115417
v -1.6947644 0.5935335 -3.6115417
v -1.7190216 0.59736925 -3.6098619
v -1.6971743 0.5973693 -3.6157155
v -1.7190216 0.5935335 -3.605042
v 1.7233307 0.5935335 -3.7020707
v 1.7233307 0.5973693 -3.6972508
v 1.7014834 0.5973693 -3.6913972
v 1.6990736 0.5935335 -3.695571
v 1.747588 0.5935335 -3.695571
v 1.6854899 0.5973693 -3.6754036
v 1.7451782 0.5973693 -3.6913972
v 1.681316 0.5935335 -3.677814
v 1.7653455 0.5935335 -3.677813
v 1.6796359 0.5973693 -3.6535563
v 1.7611716 0.5973693 -3.6754036
v 1.6748163 0.5935335 -3.6535563
v 1.7718452 0.5935335 -3.6535563
v 1.6854899 0.5973693 -3.631709
v 1.7670256 0.59736925 -3.6535563
v 1.681316 0.5935335 -3.6292987
v 1.7653455 0.5935335 -3.6292987
v 1.7014834 0.59736925 -3.6157155
v 1.7611716 0.5973693 -3.631709
v 1.6990736 0.5935335 -3.6115417
v 1.7475879 0.5935335 -3.6115417
v 1.7233307 0.59736925 -3.6098619
v 1.7451781 0.5973693 -3.6157155
v 1.7233307 0.5935335 -3.605042
v -1.7190216 0.5935339 3.607129
v -1.7190216 0.5973696 3.6119487
v -1.740869 0.5973696 3.6178026
v -1.7432787 0.5935339 3.6136286
v -1.6947644 0.5935339 3.6136289
v -1.7568624 0.5973696 3.633796
v -1.6971743 0.5973696 3.6178026
v -1.7610364 0.5935339 3.6313863
v -1.677007 0.5935339 3.6313863
v -1.7627163 0.5973696 3.6556435
v -1.681181 0.5973696 3.633796
v -1.7675359 0.5935339 3.6556435
v -1.6705072 0.5935339 3.6556435
v -1.7568624 0.5973696 3.677491
v -1.6753268 0.5973696 3.6556435
v -1.7610364 0.5935339 3.6799006
v -1.677007 0.5935339 3.6799006
v -1.740869 0.5973696 3.6934843
v -1.681181 0.5973696 3.677491
v -1.7432787 0.5935339 3.6976583
v -1.6947644 0.5935339 3.6976583
v -1.7190216 0.5973696 3.6993382
v -1.6971743 0.5973696 3.6934843
v -1.7190216 0.5935339 3.7041578
v -3.6538084 0.59353364 -1.7700057
v -3.6538084 0.5973694 -1.7651863
v -3.6756556 0.5973694 -1.7593327
v -3.6780655 0.59353364 -1.7635059
v -3.6295507 0.59353364 -1.7635059
v -3.6916492 0.5973694 -1.7433386
v -3.6319606 0.5973694 -1.7593327
v -3.695823 0.59353364 -1.745749
v -3.6117933 0.59353364 -1.7457485
v -3.6975029 0.5973694 -1.7214913
v -3.615967 0.5973694 -1.7433386
v -3.7023227 0.59353364 -1.7214913
v -3.605294 0.59353364 -1.7214913
v -3.6916492 0.5973694 -1.6996441
v -3.6101134 0.5973694 -1.7214913
v -3.695823 0.59353364 -1.6972342
v -3.6117933 0.59353364 -1.6972342
v -3.6756556 0.5973694 -1.6836505
v -3.615967 0.5973694 -1.6996441
v -3.6780655 0.59353364 -1.6794767
v -3.6295507 0.59353364 -1.6794767
v -3.6538084 0.5973694 -1.6777968
v -3.6319606 0.5973694 -1.6836505
v -3.6538084 0.59353364 -1.672977
v -3.6538084 0.5935338 1.6740798
v -3.6538084 0.59736955 1.6788994
v -3.6756556 0.59736955 1.6847535
v -3.6780655 0.5935338 1.6805795
v -3.6295507 0.5935338 1.6805795
v -3.6916492 0.59736955 1.7007469
v -3.6319606 0.59736955 1.6847535
v -3.695823 0.5935338 1.6983371
v -3.6117933 0.5935338 1.6983371
v -3.6975029 0.59736955 1.7225943
v -3.615967 0.59736955 1.7007469
v -3.7023227 0.5935338 1.7225943
v -3.605294 0.59353375 1.7225943
v -3.6916492 0.59736955 1.7444416
v -3.6101134 0.59736955 1.7225943
v -3.695823 0.5935338 1.7468514
v -3.6117933 0.5935338 1.7468516
v -3.6756556 0.59736955 1.760435
v -3.615967 0.59736955 1.7444417
v -3.6780655 0.59353375 1.764609
v -3.6295507 0.59353375 1.764609
v -3.6538084 0.59736955 1.7662891
v -3.6319606 0.59736955 1.7604351
v -3.6538084 0.59353375 1.7711087
v 3.6545944 0.59353364 -1.7700057
v 3.6545944 0.5973694 -1.7651863
v 3.6327472 0.5973694 -1.7593327
v 3.6303372 0.59353364 -1.7635059
v 3.6788518 0.59353364 -1.7635059
v 3.6167538 0.5973694 -1.7433386
v 3.6764421 0.5973694 -1.7593327
v 3.6125798 0.59353364 -1.745749
v 3.6966093 0.59353364 -1.7457485
v 3.6108997 0.5973694 -1.7214913
v 3.6924353 0.5973694 -1.7433386
v 3.60608 0.59353364 -1.7214913
v 3.7031088 0.59353364 -1.7214913
v 3.6167536 0.5973694 -1.6996441
v 3.6982894 0.5973694 -1.7214913
v 3.6125798 0.59353364 -1.6972342
v 3.6966093 0.59353364 -1.6972342
v 3.6327472 0.5973694 -1.6836505
v 3.6924353 0.5973694 -1.6996441
v 3.6303372 0.59353364 -1.6794767
v 3.6788516 0.59353364 -1.6794767
v 3.6545944 0.5973694 -1.6777968
v 3.676442 0.5973694 -1.6836505
v 3.6545944 0.59353364 -1.672977
v 3.6545944 0.5935338 1.6740798
v 3.6545944 0.59736955 1.6788994
v 3.6327472 0.59736955 1.6847535
v 3.6303372 0.5935338 1.6805795
v 3.6788518 0.5935338 1.6805795
v 3.6167538 0.59736955 1.7007469
v 3.6764421 0.59736955 1.6847535
v 3.6125798 0.5935338 1.6983371
v 3.6966093 0.5935338 1.6983371
v 3.6108997 0.59736955 1.7225943
v 3.6924353 0.59736955 1.7007469
v 3.60608 0.5935338 1.7225943
v 3.7031088 0.59353375 1.7225943
v 3.6167536 0.59736955 1.7444416
v 3.6982894 0.59736955 1.7225943
v 3.6125798 0.5935338 1.7468514
v 3.6966093 0.5935338 1.7468516
v 3.6327472 0.59736955 1.760435
v 3.6924353 0.59736955 1.7444417
v 3.6303372 0.59353375 1.764609
v 3.6788516 0.59353375 1.764609
v 3.6545944 0.59736955 1.7662891
v 3.676442 0.59736955 1.7604351
v 3.6545944 0.59353375 1.7711087
vt 0.24145508 0.1730957
vt 0.12695312 0.089416504
vt 0.12695312 0.1730957
vt 0.11828613 0.17382812
vt 0.003780365 0.17382812
vt 0.003780365 0.090148926
vt 0.81933594 0.011581421
vt 0.81689453 0.021209717
vt 0.8198242 0.023773193
vt 0.6538086 0.21655273
vt 0.65478516 0.2010498
vt 0.6508789 0.19836426
vt 0.6972656 0.36108398
vt 0.69677734 0.3466797
vt 0.6933594 0.34448242
vt 0.96875 0.048309326
vt 0.96728516 0.033966064
vt 0.9633789 0.031799316
vt 0.84716797 0.33984375
vt 0.8510742 0.31933594
vt 0.8466797 0.32250977
vt 0.7114258 0.17370605
vt 0.69189453 0.1661377
vt 0.6982422 0.17773438
vt 0.69189453 0.1661377
vt 0.6928711 0.1595459
vt 0.6796875 0.15490723
vt 0.69189453 0.1661377
vt 0.6796875 0.15490723
vt 0.67822266 0.1665039
vt 0.7114258 0.17370605
vt 0.6982422 0.17773438
vt 0.703125 0.18249512
vt 0.35595703 0.0028018951
vt 0.35473633 0.029037476
vt 0.36743164 0.041107178
vt 0.24145508 0.004169464
vt 0.12695312 0.004169464
vt 0.12695312 0.089416504
vt 0.24145508 0.1730957
vt 0.5004883 0.4892578
vt 0.5175781 0.50634766
vt 0.5917969 0.50634766
vt 0.6088867 0.4892578
vt 0.2824707 0.22424316
vt 0.26293945 0.20458984
vt 0.17822266 0.20458984
vt 0.15856934 0.22424316
vt 0.12695312 0.1730957
vt 0.1451416 0.19128418
vt 0.2232666 0.19128418
vt 0.24145508 0.1730957
vt 0.5175781 0.50634766
vt 0.5175781 0.52978516
vt 0.5917969 0.52978516
vt 0.5917969 0.50634766
vt 0.15856934 0.3149414
vt 0.20117188 0.3149414
vt 0.20117188 0.25195312
vt 0.15856934 0.22424316
vt 0.2824707 0.22424316
vt 0.15856934 0.22424316
vt 0.23999023 0.25195312
vt 0.2824707 0.3149414
vt 0.2824707 0.22424316
vt 0.23999023 0.3149414
vt 0.7705078 0.5341797
vt 0.70751953 0.5341797
vt 0.70751953 0.5727539
vt 0.7705078 0.5727539
vt 0.70751953 0.5107422
vt 0.70751953 0.5341797
vt 0.7705078 0.5341797
vt 0.7705078 0.5107422
vt 0.9243164 0.47143555
vt 0.9941406 0.39331055
vt 0.9941406 0.47192383
vt 0.9243164 0.39404297
vt 0.70166016 0.47070312
vt 0.70166016 0.39453125
vt 0.7783203 0.94091797
vt 0.8066406 0.94091797
vt 0.8066406 0.9692383
vt 0.7783203 0.9692383
vt 0.9970703 0.9975586
vt 0.8066406 0.9975586
vt 0.8066406 0.9692383
vt 0.9970703 0.9692383
vt 0.9970703 0.9692383
vt 0.8066406 0.9692383
vt 0.8066406 0.94091797
vt 0.99658203 0.94091797
vt 0.77978516 0.57666016
vt 0.80810547 0.57666016
vt 0.80810547 0.60546875
vt 0.77978516 0.60546875
vt 0.99853516 0.60546875
vt 0.80810547 0.60546875
vt 0.80810547 0.57666016
vt 0.99853516 0.57666016
vt 0.99853516 0.57666016
vt 0.80810547 0.57666016
vt 0.80810547 0.54833984
vt 0.99853516 0.54833984
vt 0.80859375 0.51123047
vt 0.78027344 0.51123047
vt 0.78027344 0.48266602
vt 0.80859375 0.48291016
vt 0.99902344 0.51123047
vt 0.80859375 0.51123047
vt 0.80859375 0.48291016
vt 0.99853516 0.48291016
vt 0.99902344 0.5395508
vt 0.80859375 0.5395508
vt 0.80859375 0.51123047
vt 0.99902344 0.51123047
vt 0.80908203 0.73583984
vt 0.7807617 0.73583984
vt 0.7807617 0.70751953
vt 0.80908203 0.70751953
vt 0.9995117 0.73583984
vt 0.80908203 0.73583984
vt 0.80908203 0.70751953
vt 0.9995117 0.70751953
vt 0.9995117 0.70751953
vt 0.80908203 0.70751953
vt 0.80908203 0.67871094
vt 0.9995117 0.67871094
vt 0.003780365 0.090148926
vt 0.003780365 0.0048675537
vt 0.11828613 0.0048675537
vt 0.11828613 0.17382812
vt 0.5097656 0.43969727
vt 0.6176758 0.43969727
vt 0.60058594 0.4567871
vt 0.52685547 0.4567871
vt 0.5073242 0.4321289
vt 0.6191406 0.4321289
vt 0.60058594 0.41455078
vt 0.5253906 0.41455078
vt 0.003780365 0.17382812
vt 0.11828613 0.17382812
vt 0.100097656 0.1920166
vt 0.021942139 0.1920166
vt 0.52685547 0.4567871
vt 0.60058594 0.4567871
vt 0.60058594 0.48046875
vt 0.52685547 0.48046875
vt 0.6254883 0.4711914
vt 0.6977539 0.4711914
vt 0.6977539 0.39013672
vt 0.6254883 0.39013672
vt 0.77978516 0.6430664
vt 0.77978516 0.6713867
vt 0.80810547 0.671875
vt 0.80810547 0.6435547
vt 0.9980469 0.671875
vt 0.9980469 0.6435547
vt 0.80810547 0.6435547
vt 0.80810547 0.671875
vt 0.8071289 0.7739258
vt 0.8071289 0.7451172
vt 0.7788086 0.7451172
vt 0.7788086 0.7739258
vt 0.9975586 0.8022461
vt 0.9975586 0.7739258
vt 0.8071289 0.7739258
vt 0.8076172 0.8022461
vt 0.8066406 0.93310547
vt 0.8066406 0.90478516
vt 0.7783203 0.90478516
vt 0.7783203 0.93310547
vt 0.9970703 0.93310547
vt 0.9970703 0.90478516
vt 0.8066406 0.90478516
vt 0.8066406 0.93310547
vt 0.7783203 0.8105469
vt 0.7783203 0.83935547
vt 0.8066406 0.83935547
vt 0.8066406 0.8105469
vt 0.99658203 0.8676758
vt 0.99658203 0.83935547
vt 0.8066406 0.83935547
vt 0.8066406 0.8676758
vt 0.5258789 0.39086914
vt 0.5253906 0.41455078
vt 0.60058594 0.41455078
vt 0.60009766 0.39086914
vt 0.9980469 0.6435547
vt 0.9980469 0.6147461
vt 0.80810547 0.6147461
vt 0.80810547 0.6435547
vt 0.9975586 0.7739258
vt 0.9975586 0.7451172
vt 0.8071289 0.7451172
vt 0.8071289 0.7739258
vt 0.9970703 0.90478516
vt 0.9970703 0.87646484
vt 0.8066406 0.87646484
vt 0.8066406 0.90478516
vt 0.99658203 0.83935547
vt 0.99658203 0.8105469
vt 0.8066406 0.8105469
vt 0.8066406 0.83935547
vt 0.3347168 0.47680664
vt 0.35839844 0.47680664
vt 0.35839844 0.45922852
vt 0.3347168 0.45922852
vt 0.38256836 0.45922852
vt 0.35839844 0.45922852
vt 0.35839844 0.47680664
vt 0.38256836 0.47680664
vt 0.35839844 0.50097656
vt 0.35839844 0.47680664
vt 0.3347168 0.47680664
vt 0.3347168 0.50097656
vt 0.22058105 0.52734375
vt 0.2442627 0.52734375
vt 0.2442627 0.5097656
vt 0.22058105 0.5097656
vt 0.22058105 0.48535156
vt 0.22058105 0.5097656
vt 0.2442627 0.5097656
vt 0.2442627 0.48535156
vt 0.26831055 0.5097656
vt 0.2442627 0.5097656
vt 0.2442627 0.52734375
vt 0.26831055 0.52734375
vt 0.32885742 0.48046875
vt 0.32885742 0.45654297
vt 0.3112793 0.45654297
vt 0.3112793 0.48046875
vt 0.32885742 0.50439453
vt 0.32885742 0.48046875
vt 0.3112793 0.48046875
vt 0.3112793 0.50439453
vt 0.28710938 0.48046875
vt 0.3112793 0.48046875
vt 0.3112793 0.45654297
vt 0.28710938 0.45654297
vt 0.25146484 0.47998047
vt 0.25146484 0.4621582
vt 0.27514648 0.4621582
vt 0.27514648 0.47998047
vt 0.22729492 0.47998047
vt 0.22729492 0.4621582
vt 0.25146484 0.4621582
vt 0.25146484 0.47998047
vt 0.27514648 0.50390625
vt 0.25146484 0.50390625
vt 0.25146484 0.47998047
vt 0.27514648 0.47998047
vt 0.15734863 0.4794922
vt 0.15734863 0.46191406
vt 0.18115234 0.46191406
vt 0.18115234 0.4794922
vt 0.2052002 0.46191406
vt 0.2052002 0.4794922
vt 0.18115234 0.4794922
vt 0.18115234 0.46191406
vt 0.18115234 0.50341797
vt 0.15734863 0.50341797
vt 0.15734863 0.4794922
vt 0.18115234 0.4794922
vt 0.28222656 0.52734375
vt 0.28222656 0.5097656
vt 0.3059082 0.5097656
vt 0.3059082 0.52734375
vt 0.28222656 0.4855957
vt 0.3059082 0.4855957
vt 0.3059082 0.5097656
vt 0.28222656 0.5097656
vt 0.33007812 0.5097656
vt 0.33007812 0.52734375
vt 0.3059082 0.52734375
vt 0.3059082 0.5097656
vt 0.15466309 0.54833984
vt 0.17834473 0.54833984
vt 0.17834473 0.53222656
vt 0.15466309 0.53222656
vt 0.20166016 0.53222656
vt 0.17834473 0.53222656
vt 0.17834473 0.54833984
vt 0.20166016 0.54833984
vt 0.17834473 0.57177734
vt 0.17834473 0.54833984
vt 0.15466309 0.54833984
vt 0.15454102 0.57177734
vt 0.3630371 0.5107422
vt 0.3630371 0.52685547
vt 0.38671875 0.52685547
vt 0.38671875 0.5107422
vt 0.3395996 0.5107422
vt 0.3395996 0.52685547
vt 0.3630371 0.52685547
vt 0.3630371 0.5107422
vt 0.38671875 0.4873047
vt 0.3630371 0.4873047
vt 0.3630371 0.5107422
vt 0.38671875 0.5107422
vt 0.23620605 0.5493164
vt 0.23620605 0.5332031
vt 0.21252441 0.5332031
vt 0.21252441 0.5493164
vt 0.25952148 0.5493164
vt 0.25952148 0.5332031
vt 0.23620605 0.5332031
vt 0.23620605 0.5493164
vt 0.21252441 0.5722656
vt 0.23620605 0.5722656
vt 0.23620605 0.5493164
vt 0.21252441 0.5493164
vt 0.21105957 0.5253906
vt 0.21105957 0.50927734
vt 0.18737793 0.50927734
vt 0.18737793 0.5253906
vt 0.21105957 0.48608398
vt 0.18737793 0.48608398
vt 0.18737793 0.50927734
vt 0.21105957 0.50927734
vt 0.16394043 0.50927734
vt 0.16394043 0.5253906
vt 0.18737793 0.5253906
vt 0.18737793 0.50927734
vt 0.18408203 0.59375
vt 0.20776367 0.59375
vt 0.20776367 0.5776367
vt 0.18408203 0.5776367
vt 0.16064453 0.59375
vt 0.18408203 0.59375
vt 0.18408203 0.5776367
vt 0.16064453 0.5776367
vt 0.18408203 0.5541992
vt 0.18408203 0.5776367
vt 0.20776367 0.5776367
vt 0.20776367 0.5541992
vt 0.24084473 0.5957031
vt 0.26464844 0.5957031
vt 0.26464844 0.57958984
vt 0.24084473 0.57958984
vt 0.2175293 0.5957031
vt 0.24084473 0.5957031
vt 0.24084473 0.57958984
vt 0.2175293 0.57958984
vt 0.24084473 0.55615234
vt 0.24084473 0.57958984
vt 0.26464844 0.57958984
vt 0.26464844 0.55615234
vt 0.28930664 0.18273926
vt 0.4111328 0.18273926
vt 0.4111328 0.19799805
vt 0.28930664 0.19799805
vt 0.4111328 0.22521973
vt 0.28930664 0.22521973
vt 0.28930664 0.19799805
vt 0.4111328 0.19799805
vt 0.0025081635 0.9248047
vt 0.0025081635 0.9067383
vt 0.14807129 0.9067383
vt 0.14807129 0.9248047
vt 0.14807129 0.9975586
vt 0.0025081635 0.9975586
vt 0.0025081635 0.9765625
vt 0.14807129 0.9765625
vt 0.14807129 0.9248047
vt 0.14807129 0.9458008
vt 0.0025081635 0.9458008
vt 0.0025081635 0.9248047
vt 0.14807129 0.96484375
vt 0.0025081635 0.96484375
vt 0.0025081635 0.95751953
vt 0.14807129 0.95751953
vt 0.0025081635 0.9765625
vt 0.0025081635 0.96484375
vt 0.14807129 0.96484375
vt 0.14807129 0.9765625
vt 0.14807129 0.9458008
vt 0.14807129 0.95751953
vt 0.0025081635 0.95751953
vt 0.0025081635 0.9458008
vt 0.32641602 0.69921875
vt 0.15539551 0.69921875
vt 0.15539551 0.7080078
vt 0.32641602 0.7080078
vt 0.32641602 0.68896484
vt 0.15539551 0.68896484
vt 0.15539551 0.69921875
vt 0.32641602 0.69921875
vt 0.32641602 0.6801758
vt 0.15539551 0.6801758
vt 0.15539551 0.68896484
vt 0.32641602 0.68896484
vt 0.32104492 0.6245117
vt 0.16064453 0.6245117
vt 0.16064453 0.6347656
vt 0.32104492 0.6347656
vt 0.32104492 0.61279297
vt 0.16064453 0.61279297
vt 0.16064453 0.6245117
vt 0.32104492 0.6245117
vt 0.32104492 0.60253906
vt 0.16064453 0.60253906
vt 0.16064453 0.61279297
vt 0.32104492 0.61279297
vt 0.16223145 0.66308594
vt 0.32104492 0.66308594
vt 0.32299805 0.671875
vt 0.16040039 0.671875
vt 0.16491699 0.6513672
vt 0.31835938 0.6513672
vt 0.32104492 0.66308594
vt 0.16223145 0.66308594
vt 0.16577148 0.64160156
vt 0.3173828 0.64160156
vt 0.31835938 0.6513672
vt 0.16491699 0.6513672
vt 0.0025310516 0.88378906
vt 0.13378906 0.88378906
vt 0.13378906 0.8745117
vt 0.0025310516 0.8745117
vt 0.0025310516 0.89501953
vt 0.13378906 0.89501953
vt 0.13378906 0.88378906
vt 0.0025310516 0.88378906
vt 0.0025310516 0.9042969
vt 0.13378906 0.9042969
vt 0.13378906 0.89501953
vt 0.0025310516 0.89501953
vt 0.002117157 0.85009766
vt 0.13330078 0.85009766
vt 0.13330078 0.8413086
vt 0.002117157 0.8413086
vt 0.002117157 0.8613281
vt 0.13330078 0.8613281
vt 0.13330078 0.85009766
vt 0.002117157 0.85009766
vt 0.002117157 0.87060547
vt 0.13330078 0.87060547
vt 0.13330078 0.8613281
vt 0.002117157 0.8613281
vt 0.13354492 0.83691406
vt 0.13354492 0.8276367
vt 0.002313614 0.8276367
vt 0.002313614 0.83691406
vt 0.13354492 0.8276367
vt 0.13354492 0.81640625
vt 0.002313614 0.81640625
vt 0.002313614 0.8276367
vt 0.13354492 0.81640625
vt 0.13354492 0.8076172
vt 0.002313614 0.8076172
vt 0.002313614 0.81640625
vt 0.6411133 0.06793213
vt 0.66308594 0.06793213
vt 0.66308594 0.16430664
vt 0.6411133 0.14709473
vt 0.57958984 0.14709473
vt 0.5576172 0.16430664
vt 0.57958984 0.06793213
vt 0.5576172 0.06793213
vt 0.49780273 0.71484375
vt 0.42089844 0.71484375
vt 0.42089844 0.7104492
vt 0.50146484 0.7104492
vt 0.4099121 0.7729492
vt 0.3330078 0.7729492
vt 0.3330078 0.71533203
vt 0.4099121 0.71533203
vt 0.4140625 0.7763672
vt 0.4099121 0.7729492
vt 0.4099121 0.71533203
vt 0.4140625 0.71240234
vt 0.49780273 0.71484375
vt 0.49780273 0.77246094
vt 0.42089844 0.77246094
vt 0.42089844 0.71484375
vt 0.50146484 0.77490234
vt 0.49780273 0.77246094
vt 0.49780273 0.71484375
vt 0.50146484 0.71240234
vt 0.3330078 0.71533203
vt 0.3330078 0.70996094
vt 0.41357422 0.70996094
vt 0.4099121 0.71533203
vt 0.49780273 0.77246094
vt 0.50146484 0.77685547
vt 0.42089844 0.77685547
vt 0.42089844 0.77246094
vt 0.3330078 0.7729492
vt 0.4099121 0.7729492
vt 0.41357422 0.7783203
vt 0.3330078 0.7783203
vt 0.515625 0.032318115
vt 0.5366211 0.12866211
vt 0.515625 0.12866211
vt 0.5366211 0.04953003
vt 0.5996094 0.04953003
vt 0.62060547 0.032318115
vt 0.5996094 0.12866211
vt 0.62060547 0.12866211
vt 0.14807129 0.3466797
vt 0.07519531 0.3466797
vt 0.07519531 0.28759766
vt 0.14807129 0.28759766
vt 0.07519531 0.28759766
vt 0.002363205 0.28759766
vt 0.013916016 0.2758789
vt 0.06365967 0.2758789
vt 0.35620117 0.55908203
vt 0.42895508 0.55908203
vt 0.41748047 0.5703125
vt 0.36767578 0.5703125
vt 0.42895508 0.55908203
vt 0.5019531 0.55908203
vt 0.49047852 0.5703125
vt 0.44067383 0.5703125
vt 0.14807129 0.28759766
vt 0.07519531 0.28759766
vt 0.08673096 0.2758789
vt 0.13647461 0.2758789
vt 0.36767578 0.578125
vt 0.36767578 0.5703125
vt 0.41748047 0.5703125
vt 0.41748047 0.578125
vt 0.32763672 0.875
vt 0.32763672 0.9223633
vt 0.2800293 0.9223633
vt 0.2800293 0.875
vt 0.6635742 0.7246094
vt 0.6640625 0.70654297
vt 0.6821289 0.70654297
vt 0.6821289 0.7246094
vt 0.59765625 0.7426758
vt 0.59716797 0.7246094
vt 0.6635742 0.7246094
vt 0.6635742 0.7426758
vt 0.6635742 0.78564453
vt 0.6635742 0.7675781
vt 0.6816406 0.7675781
vt 0.6816406 0.78564453
vt 0.5966797 0.78564453
vt 0.5966797 0.7675781
vt 0.6635742 0.7675781
vt 0.6635742 0.78564453
vt 0.6816406 0.7915039
vt 0.6816406 0.8095703
vt 0.6635742 0.8095703
vt 0.6635742 0.7915039
vt 0.59716797 0.8276367
vt 0.59716797 0.8095703
vt 0.6635742 0.8095703
vt 0.6635742 0.8276367
vt 0.57421875 0.8354492
vt 0.59228516 0.8354492
vt 0.59228516 0.8535156
vt 0.57421875 0.8535156
vt 0.5073242 0.87158203
vt 0.5073242 0.8535156
vt 0.57421875 0.8535156
vt 0.57421875 0.87158203
vt 0.07519531 0.3466797
vt 0.002363205 0.3466797
vt 0.07519531 0.28759766
vt 0.002363205 0.28759766
vt 0.44067383 0.5703125
vt 0.49047852 0.5703125
vt 0.49047852 0.578125
vt 0.44067383 0.578125
vt 0.59716797 0.7246094
vt 0.59716797 0.70654297
vt 0.6640625 0.70654297
vt 0.6635742 0.7246094
vt 0.5966797 0.7675781
vt 0.5966797 0.74902344
vt 0.6635742 0.74902344
vt 0.6635742 0.7675781
vt 0.59716797 0.8095703
vt 0.59716797 0.7915039
vt 0.6635742 0.7915039
vt 0.6635742 0.8095703
vt 0.5073242 0.8535156
vt 0.5073242 0.8354492
vt 0.57421875 0.8354492
vt 0.57421875 0.8535156
vt 0.46289062 0.20397949
vt 0.46289062 0.30444336
vt 0.44750977 0.28881836
vt 0.44750977 0.21936035
vt 0.26904297 0.58154297
vt 0.36450195 0.58154297
vt 0.34985352 0.5966797
vt 0.2836914 0.5966797
vt 0.62060547 0.032318115
vt 0.515625 0.032318115
vt 0.5317383 0.016098022
vt 0.6044922 0.016098022
vt 0.5576172 0.16430664
vt 0.66308594 0.16430664
vt 0.64697266 0.18054199
vt 0.57373047 0.18054199
vt 0.3486328 0.3515625
vt 0.36914062 0.3515625
vt 0.36914062 0.33984375
vt 0.3486328 0.33984375
vt 0.37890625 0.33984375
vt 0.36914062 0.33984375
vt 0.36914062 0.3515625
vt 0.37890625 0.3515625
vt 0.36914062 0.36132812
vt 0.36914062 0.3515625
vt 0.3486328 0.3515625
vt 0.3486328 0.36132812
vt 0.4362793 0.37841797
vt 0.41748047 0.37841797
vt 0.41748047 0.39135742
vt 0.4362793 0.39135742
vt 0.44628906 0.37841797
vt 0.4362793 0.37841797
vt 0.4362793 0.39135742
vt 0.44628906 0.39135742
vt 0.41748047 0.3684082
vt 0.41748047 0.37841797
vt 0.4362793 0.37841797
vt 0.4362793 0.3684082
vt 0.38330078 0.36938477
vt 0.36279297 0.36938477
vt 0.36279297 0.38110352
vt 0.38330078 0.38110352
vt 0.3930664 0.36938477
vt 0.38330078 0.36938477
vt 0.38330078 0.38110352
vt 0.3930664 0.38110352
vt 0.38330078 0.39111328
vt 0.38330078 0.38110352
vt 0.36279297 0.38110352
vt 0.36279297 0.39111328
vt 0.38427734 0.45141602
vt 0.40307617 0.45141602
vt 0.40307617 0.43847656
vt 0.38427734 0.43847656
vt 0.38427734 0.42871094
vt 0.38427734 0.43847656
vt 0.40307617 0.43847656
vt 0.40307617 0.42871094
vt 0.41308594 0.43847656
vt 0.40307617 0.43847656
vt 0.40307617 0.45141602
vt 0.41308594 0.45141602
vt 0.9189453 0.30004883
vt 0.9404297 0.30004883
vt 0.9404297 0.20446777
vt 0.9189453 0.22155762
vt 0.85791016 0.22155762
vt 0.8359375 0.20446777
vt 0.85791016 0.30004883
vt 0.8359375 0.30004883
vt 0.3244629 0.9921875
vt 0.32836914 0.9946289
vt 0.32836914 0.9321289
vt 0.3244629 0.9345703
vt 0.3244629 0.9921875
vt 0.2475586 0.9921875
vt 0.2475586 0.99658203
vt 0.32836914 0.99658203
vt 0.40942383 0.7001953
vt 0.40942383 0.6425781
vt 0.33251953 0.6425781
vt 0.33251953 0.7001953
vt 0.41357422 0.7036133
vt 0.41357422 0.63964844
vt 0.40942383 0.6425781
vt 0.40942383 0.7001953
vt 0.33251953 0.6425781
vt 0.40942383 0.6425781
vt 0.41308594 0.6376953
vt 0.33251953 0.6376953
vt 0.3244629 0.9921875
vt 0.3244629 0.9345703
vt 0.2475586 0.9345703
vt 0.2475586 0.9921875
vt 0.33251953 0.7001953
vt 0.33251953 0.7055664
vt 0.41308594 0.7055664
vt 0.40942383 0.7001953
vt 0.3244629 0.9345703
vt 0.32836914 0.9301758
vt 0.2475586 0.9301758
vt 0.2475586 0.9345703
vt 0.96484375 0.05859375
vt 0.9863281 0.1550293
vt 0.9863281 0.05859375
vt 0.96484375 0.13769531
vt 0.90234375 0.13769531
vt 0.8808594 0.1550293
vt 0.90234375 0.05859375
vt 0.8808594 0.05859375
vt 0.07647705 0.26904297
vt 0.14929199 0.26904297
vt 0.07647705 0.20983887
vt 0.14929199 0.20983887
vt 0.07647705 0.26904297
vt 0.07647705 0.20983887
vt 0.0036449432 0.20983887
vt 0.0036449432 0.26904297
vt 0.36254883 0.2524414
vt 0.35083008 0.2409668
vt 0.30126953 0.2409668
vt 0.28955078 0.2524414
vt 0.43530273 0.55322266
vt 0.42382812 0.5415039
vt 0.37402344 0.5415039
vt 0.36254883 0.55322266
vt 0.14929199 0.20983887
vt 0.13781738 0.19824219
vt 0.088012695 0.19824219
vt 0.07647705 0.20983887
vt 0.07647705 0.20983887
vt 0.064941406 0.19824219
vt 0.015197754 0.19824219
vt 0.0036449432 0.20983887
vt 0.35083008 0.2409668
vt 0.35083008 0.23303223
vt 0.30126953 0.23303223
vt 0.30126953 0.2409668
vt 0.37402344 0.5415039
vt 0.42382812 0.5415039
vt 0.42382812 0.5336914
vt 0.37402344 0.5336914
vt 0.27929688 0.76171875
vt 0.3269043 0.76171875
vt 0.3269043 0.71435547
vt 0.27929688 0.71435547
vt 0.68359375 0.9790039
vt 0.66552734 0.9790039
vt 0.66552734 0.9970703
vt 0.68359375 0.9970703
vt 0.5991211 0.9970703
vt 0.66552734 0.9970703
vt 0.66552734 0.9790039
vt 0.5991211 0.9790039
vt 0.5991211 0.9790039
vt 0.66552734 0.9790039
vt 0.66552734 0.9604492
vt 0.5991211 0.9604492
vt 0.75390625 0.8515625
vt 0.77246094 0.8515625
vt 0.77246094 0.8330078
vt 0.75390625 0.8330078
vt 0.6875 0.8515625
vt 0.75390625 0.8515625
vt 0.75390625 0.8330078
vt 0.6875 0.8330078
vt 0.6875 0.8696289
vt 0.75390625 0.8696289
vt 0.75390625 0.8515625
vt 0.6875 0.8515625
vt 0.6645508 0.7011719
vt 0.6826172 0.7011719
vt 0.6826172 0.68310547
vt 0.6645508 0.68310547
vt 0.59814453 0.7011719
vt 0.6645508 0.7011719
vt 0.6645508 0.68310547
vt 0.59814453 0.68310547
vt 0.59814453 0.68310547
vt 0.6645508 0.68310547
vt 0.6645508 0.6645508
vt 0.59814453 0.6645508
vt 0.59228516 0.7495117
vt 0.57421875 0.7495117
vt 0.57421875 0.7675781
vt 0.59228516 0.7675781
vt 0.5073242 0.78564453
vt 0.57421875 0.78564453
vt 0.57421875 0.7675781
vt 0.5073242 0.7675781
vt 0.5073242 0.7675781
vt 0.57421875 0.7675781
vt 0.57421875 0.7495117
vt 0.5073242 0.7495117
vt 0.33325195 0.17272949
vt 0.34936523 0.15673828
vt 0.34936523 0.08441162
vt 0.33325195 0.06829834
vt 0.9404297 0.20446777
vt 0.9248047 0.18835449
vt 0.8520508 0.18835449
vt 0.8359375 0.20446777
vt 0.8808594 0.1550293
vt 0.89697266 0.17114258
vt 0.97021484 0.17114258
vt 0.9863281 0.1550293
vt 0.69628906 0.5292969
vt 0.68115234 0.5136719
vt 0.6113281 0.5136719
vt 0.5961914 0.5292969
vt 0.3059082 0.43701172
vt 0.3059082 0.42529297
vt 0.32641602 0.42529297
vt 0.32641602 0.43701172
vt 0.29614258 0.43701172
vt 0.29614258 0.42529297
vt 0.3059082 0.42529297
vt 0.3059082 0.43701172
vt 0.32641602 0.44677734
vt 0.3059082 0.44677734
vt 0.3059082 0.43701172
vt 0.32641602 0.43701172
vt 0.25854492 0.43359375
vt 0.25854492 0.4465332
vt 0.23950195 0.4465332
vt 0.23950195 0.43359375
vt 0.2685547 0.43359375
vt 0.2685547 0.4465332
vt 0.25854492 0.4465332
vt 0.25854492 0.43359375
vt 0.25854492 0.4567871
vt 0.23950195 0.4567871
vt 0.23950195 0.4465332
vt 0.25854492 0.4465332
vt 0.23950195 0.42358398
vt 0.25854492 0.42358398
vt 0.25854492 0.43359375
vt 0.23950195 0.43359375
vt 0.34692383 0.39575195
vt 0.34692383 0.4074707
vt 0.32641602 0.4074707
vt 0.32641602 0.39575195
vt 0.34692383 0.41723633
vt 0.32641602 0.41723633
vt 0.32641602 0.4074707
vt 0.34692383 0.4074707
vt 0.31640625 0.4074707
vt 0.31640625 0.39575195
vt 0.32641602 0.39575195
vt 0.32641602 0.4074707
vt 0.24682617 0.37939453
vt 0.24682617 0.36645508
vt 0.265625 0.36645508
vt 0.265625 0.37939453
vt 0.27563477 0.36645508
vt 0.27563477 0.37939453
vt 0.265625 0.37939453
vt 0.265625 0.36645508
vt 0.265625 0.3894043
vt 0.24682617 0.3894043
vt 0.24682617 0.37939453
vt 0.265625 0.37939453
vt 0.67285156 0.20690918
vt 0.67285156 0.30322266
vt 0.6953125 0.30322266
vt 0.6953125 0.2241211
vt 0.75634766 0.2241211
vt 0.7783203 0.20690918
vt 0.75634766 0.30322266
vt 0.7783203 0.30322266
vt 0.40966797 0.9355469
vt 0.41333008 0.93115234
vt 0.33276367 0.93115234
vt 0.33276367 0.9355469
vt 0.49804688 0.8457031
vt 0.49804688 0.78808594
vt 0.42114258 0.78808594
vt 0.42114258 0.8457031
vt 0.5019531 0.8491211
vt 0.5019531 0.78466797
vt 0.49804688 0.78808594
vt 0.49804688 0.8457031
vt 0.33276367 0.99316406
vt 0.40966797 0.99316406
vt 0.40966797 0.9355469
vt 0.33276367 0.9355469
vt 0.41357422 0.99560547
vt 0.41357422 0.93310547
vt 0.40966797 0.9355469
vt 0.40966797 0.99316406
vt 0.42114258 0.78808594
vt 0.49804688 0.78808594
vt 0.5019531 0.78271484
vt 0.42114258 0.78271484
vt 0.40966797 0.99316406
vt 0.33276367 0.99316406
vt 0.33276367 0.9975586
vt 0.41333008 0.9975586
vt 0.42114258 0.8457031
vt 0.42114258 0.8510742
vt 0.5019531 0.8510742
vt 0.49804688 0.8457031
vt 0.53466797 0.3059082
vt 0.5131836 0.20959473
vt 0.5131836 0.3059082
vt 0.53466797 0.22680664
vt 0.59716797 0.22680664
vt 0.61865234 0.20959473
vt 0.59716797 0.3059082
vt 0.61865234 0.3059082
vt 0.14807129 0.4230957
vt 0.14807129 0.36401367
vt 0.07519531 0.36401367
vt 0.07519531 0.4230957
vt 0.07519531 0.36401367
vt 0.06365967 0.35229492
vt 0.013916016 0.35229492
vt 0.002363205 0.36401367
vt 0.3569336 0.6118164
vt 0.3684082 0.6230469
vt 0.4182129 0.6230469
vt 0.4296875 0.6118164
vt 0.4296875 0.6118164
vt 0.44140625 0.6230469
vt 0.4909668 0.6230469
vt 0.5024414 0.6118164
vt 0.14807129 0.36401367
vt 0.13647461 0.35229492
vt 0.08673096 0.35229492
vt 0.07519531 0.36401367
vt 0.4182129 0.6230469
vt 0.3684082 0.6230469
vt 0.3684082 0.63134766
vt 0.4182129 0.63134766
vt 0.22631836 0.8149414
vt 0.27392578 0.8149414
vt 0.27392578 0.7675781
vt 0.22631836 0.7675781
vt 0.75439453 0.89453125
vt 0.77246094 0.89453125
vt 0.7729492 0.87646484
vt 0.75439453 0.87646484
vt 0.68847656 0.91259766
vt 0.75439453 0.91259766
vt 0.75439453 0.89453125
vt 0.6879883 0.89453125
vt 0.57177734 0.5761719
vt 0.59033203 0.5761719
vt 0.59033203 0.5576172
vt 0.57177734 0.5576172
vt 0.5053711 0.5761719
vt 0.57177734 0.5761719
vt 0.57177734 0.5576172
vt 0.5053711 0.5576172
vt 0.7739258 0.62353516
vt 0.7553711 0.6230469
vt 0.7553711 0.64160156
vt 0.7734375 0.64160156
vt 0.68896484 0.65966797
vt 0.7553711 0.65966797
vt 0.7553711 0.64160156
vt 0.68896484 0.64160156
vt 0.7548828 0.9604492
vt 0.7548828 0.9790039
vt 0.7734375 0.9790039
vt 0.7734375 0.9604492
vt 0.68847656 0.9970703
vt 0.7548828 0.9970703
vt 0.7548828 0.9790039
vt 0.68847656 0.9790039
vt 0.07519531 0.4230957
vt 0.07519531 0.36401367
vt 0.002363205 0.4230957
vt 0.002363205 0.36401367
vt 0.44140625 0.6230469
vt 0.44140625 0.63134766
vt 0.4909668 0.63134766
vt 0.4909668 0.6230469
vt 0.6879883 0.89453125
vt 0.75439453 0.89453125
vt 0.75439453 0.87646484
vt 0.6879883 0.87646484
vt 0.5053711 0.5576172
vt 0.57177734 0.5576172
vt 0.57177734 0.5395508
vt 0.5053711 0.5395508
vt 0.68896484 0.64160156
vt 0.7553711 0.64160156
vt 0.7553711 0.6230469
vt 0.68896484 0.6230469
vt 0.68847656 0.9790039
vt 0.7548828 0.9790039
vt 0.7548828 0.9604492
vt 0.68847656 0.9604492
vt 0.48632812 0.20593262
vt 0.47070312 0.22131348
vt 0.47070312 0.29077148
vt 0.48632812 0.30639648
vt 0.2668457 0.5366211
vt 0.28222656 0.5522461
vt 0.35180664 0.5522461
vt 0.3671875 0.5366211
vt 0.61865234 0.20959473
vt 0.60253906 0.19335938
vt 0.52978516 0.19335938
vt 0.5131836 0.20959473
vt 0.7783203 0.20690918
vt 0.76220703 0.19067383
vt 0.68896484 0.19067383
vt 0.67285156 0.20690918
vt 0.32885742 0.4321289
vt 0.32885742 0.42016602
vt 0.3491211 0.42016602
vt 0.3491211 0.4321289
vt 0.35913086 0.42016602
vt 0.35913086 0.4321289
vt 0.3491211 0.4321289
vt 0.3491211 0.42016602
vt 0.3491211 0.44189453
vt 0.32885742 0.44189453
vt 0.32885742 0.4321289
vt 0.3491211 0.4321289
vt 0.4506836 0.3725586
vt 0.4506836 0.35961914
vt 0.46972656 0.35961914
vt 0.46972656 0.3725586
vt 0.44091797 0.3725586
vt 0.44091797 0.35961914
vt 0.4506836 0.35961914
vt 0.4506836 0.3725586
vt 0.46972656 0.38232422
vt 0.4506836 0.38232422
vt 0.4506836 0.3725586
vt 0.46972656 0.3725586
vt 0.3701172 0.3959961
vt 0.3701172 0.40771484
vt 0.34985352 0.40771484
vt 0.34985352 0.3959961
vt 0.38012695 0.3959961
vt 0.38012695 0.40771484
vt 0.3701172 0.40771484
vt 0.3701172 0.3959961
vt 0.3701172 0.41748047
vt 0.34985352 0.41748047
vt 0.34985352 0.40771484
vt 0.3701172 0.40771484
vt 0.27368164 0.45336914
vt 0.27368164 0.4404297
vt 0.29248047 0.4404297
vt 0.29248047 0.45336914
vt 0.27368164 0.43066406
vt 0.29248047 0.43066406
vt 0.29248047 0.4404297
vt 0.27368164 0.4404297
vt 0.30249023 0.4404297
vt 0.30249023 0.45336914
vt 0.29248047 0.45336914
vt 0.29248047 0.4404297
vt 0.7807617 0.024978638
vt 0.7807617 0.12060547
vt 0.75878906 0.12060547
vt 0.75878906 0.04208374
vt 0.6982422 0.04208374
vt 0.67626953 0.024978638
vt 0.6982422 0.12060547
vt 0.67626953 0.12060547
vt 0.50146484 0.640625
vt 0.50146484 0.703125
vt 0.4975586 0.7006836
vt 0.4975586 0.6430664
vt 0.4975586 0.7006836
vt 0.50146484 0.7050781
vt 0.4206543 0.7050781
vt 0.4206543 0.7006836
vt 0.4987793 0.9199219
vt 0.421875 0.9199219
vt 0.421875 0.8623047
vt 0.4987793 0.8623047
vt 0.5029297 0.92333984
vt 0.4987793 0.9199219
vt 0.4987793 0.8623047
vt 0.5029297 0.859375
vt 0.421875 0.8623047
vt 0.421875 0.8574219
vt 0.5024414 0.8574219
vt 0.4987793 0.8623047
vt 0.4206543 0.6430664
vt 0.4975586 0.6430664
vt 0.4975586 0.7006836
vt 0.4206543 0.7006836
vt 0.421875 0.9199219
vt 0.4987793 0.9199219
vt 0.5024414 0.92529297
vt 0.421875 0.92529297
vt 0.4975586 0.6430664
vt 0.4206543 0.6430664
vt 0.4206543 0.6386719
vt 0.50146484 0.6386719
vt 0.82128906 0.16223145
vt 0.80029297 0.06591797
vt 0.82128906 0.06591797
vt 0.80029297 0.14501953
vt 0.7373047 0.14501953
vt 0.7163086 0.16223145
vt 0.7373047 0.06591797
vt 0.7163086 0.06591797
vt 0.07476807 0.7270508
vt 0.07476807 0.66796875
vt 0.14758301 0.7270508
vt 0.14758301 0.66796875
vt 0.07476807 0.7270508
vt 0.0019054413 0.7270508
vt 0.0019054413 0.66796875
vt 0.07476807 0.66796875
vt 0.42919922 0.5336914
vt 0.5019531 0.5336914
vt 0.49047852 0.54541016
vt 0.44067383 0.54541016
vt 0.43969727 0.2524414
vt 0.36694336 0.2524414
vt 0.37841797 0.2409668
vt 0.42822266 0.2409668
vt 0.14758301 0.66796875
vt 0.07476807 0.66796875
vt 0.08630371 0.65625
vt 0.13598633 0.65625
vt 0.07476807 0.66796875
vt 0.0019054413 0.66796875
vt 0.013458252 0.65625
vt 0.06317139 0.65625
vt 0.44067383 0.54541016
vt 0.49047852 0.54541016
vt 0.49047852 0.55322266
vt 0.44067383 0.55322266
vt 0.42822266 0.2331543
vt 0.42822266 0.2409668
vt 0.37841797 0.2409668
vt 0.37841797 0.2331543
vt 0.27441406 0.8203125
vt 0.27441406 0.86816406
vt 0.22692871 0.86816406
vt 0.22692871 0.8203125
vt 0.59277344 0.68359375
vt 0.59277344 0.70166016
vt 0.57470703 0.70166016
vt 0.57470703 0.68359375
vt 0.5083008 0.70166016
vt 0.5083008 0.68359375
vt 0.57470703 0.68359375
vt 0.57470703 0.70166016
vt 0.5083008 0.68359375
vt 0.5083008 0.66503906
vt 0.57470703 0.66503906
vt 0.57470703 0.68359375
vt 0.75683594 0.5991211
vt 0.75683594 0.5810547
vt 0.7753906 0.5810547
vt 0.7753906 0.5991211
vt 0.6904297 0.5991211
vt 0.6904297 0.5810547
vt 0.75683594 0.5810547
vt 0.75683594 0.5991211
vt 0.6904297 0.6176758
vt 0.6904297 0.5991211
vt 0.75683594 0.5991211
vt 0.75683594 0.6176758
vt 0.7529297 0.82714844
vt 0.7529297 0.80908203
vt 0.7714844 0.80908203
vt 0.7714844 0.82714844
vt 0.68652344 0.82714844
vt 0.68652344 0.80908203
vt 0.7529297 0.80908203
vt 0.7529297 0.82714844
vt 0.68652344 0.80908203
vt 0.68652344 0.79052734
vt 0.7529297 0.79052734
vt 0.7529297 0.80908203
vt 0.5917969 0.7060547
vt 0.5917969 0.7246094
vt 0.57373047 0.7246094
vt 0.57373047 0.7060547
vt 0.5073242 0.7426758
vt 0.5073242 0.7246094
vt 0.57373047 0.7246094
vt 0.57373047 0.7426758
vt 0.5073242 0.7246094
vt 0.5073242 0.7060547
vt 0.57373047 0.7060547
vt 0.57373047 0.7246094
vt 0.54785156 0.3293457
vt 0.44335938 0.3293457
vt 0.45947266 0.31323242
vt 0.5317383 0.31323242
vt 0.7807617 0.024978638
vt 0.67626953 0.024978638
vt 0.6923828 0.008911133
vt 0.76464844 0.008911133
vt 0.7163086 0.16223145
vt 0.82128906 0.16223145
vt 0.8051758 0.1784668
vt 0.7324219 0.1784668
vt 0.8276367 0.38720703
vt 0.7270508 0.38720703
vt 0.7426758 0.37158203
vt 0.8120117 0.37158203
vt 0.47314453 0.38476562
vt 0.49365234 0.38476562
vt 0.49365234 0.39648438
vt 0.47314453 0.39648438
vt 0.46313477 0.38476562
vt 0.47314453 0.38476562
vt 0.47314453 0.39648438
vt 0.46313477 0.39648438
vt 0.49365234 0.37475586
vt 0.49365234 0.38476562
vt 0.47314453 0.38476562
vt 0.47314453 0.37475586
vt 0.46020508 0.43017578
vt 0.44140625 0.43017578
vt 0.44140625 0.44311523
vt 0.46020508 0.44311523
vt 0.47021484 0.43017578
vt 0.46020508 0.43017578
vt 0.46020508 0.44311523
vt 0.47021484 0.44311523
vt 0.46020508 0.453125
vt 0.46020508 0.44311523
vt 0.44140625 0.44311523
vt 0.44140625 0.453125
vt 0.36010742 0.36669922
vt 0.3395996 0.36669922
vt 0.3395996 0.37841797
vt 0.36010742 0.37841797
vt 0.36010742 0.38842773
vt 0.36010742 0.37841797
vt 0.3395996 0.37841797
vt 0.3395996 0.38842773
vt 0.32983398 0.37841797
vt 0.3395996 0.37841797
vt 0.3395996 0.36669922
vt 0.32983398 0.36669922
vt 0.41748047 0.40698242
vt 0.4362793 0.40698242
vt 0.4362793 0.39404297
vt 0.41748047 0.39404297
vt 0.44604492 0.39404297
vt 0.4362793 0.39404297
vt 0.4362793 0.40698242
vt 0.44604492 0.40698242
vt 0.4362793 0.4169922
vt 0.4362793 0.40698242
vt 0.41748047 0.40698242
vt 0.41748047 0.4169922
vt 0.6411133 0.24255371
vt 0.66308594 0.24255371
vt 0.66308594 0.3388672
vt 0.6411133 0.32177734
vt 0.57958984 0.32177734
vt 0.5576172 0.3388672
vt 0.57958984 0.24255371
vt 0.5576172 0.24255371
vt 0.4099121 0.78808594
vt 0.3330078 0.78808594
vt 0.3330078 0.7836914
vt 0.41357422 0.7836914
vt 0.4099121 0.78808594
vt 0.4099121 0.8457031
vt 0.3330078 0.8457031
vt 0.3330078 0.78808594
vt 0.41381836 0.84814453
vt 0.4099121 0.8457031
vt 0.4099121 0.78808594
vt 0.41381836 0.78564453
vt 0.4099121 0.8457031
vt 0.41357422 0.85009766
vt 0.3330078 0.85009766
vt 0.3330078 0.8457031
vt 0.14782715 0.51708984
vt 0.07501221 0.51708984
vt 0.08654785 0.5053711
vt 0.13623047 0.5053711
vt 0.07501221 0.51708984
vt 0.0022239685 0.51708984
vt 0.013763428 0.5053711
vt 0.06347656 0.5053711
vt 0.43920898 0.30908203
vt 0.36645508 0.30908203
vt 0.3779297 0.29760742
vt 0.42749023 0.29760742
vt 0.36645508 0.30908203
vt 0.29345703 0.30908203
vt 0.30517578 0.29760742
vt 0.35473633 0.29760742
vt 0.27416992 0.875
vt 0.27416992 0.9223633
vt 0.22680664 0.9223633
vt 0.22680664 0.875
vt 0.6826172 0.64208984
vt 0.6645508 0.64208984
vt 0.6645508 0.62353516
vt 0.6826172 0.62353516
vt 0.7714844 0.70654297
vt 0.7714844 0.72509766
vt 0.75341797 0.7246094
vt 0.75341797 0.70654297
vt 0.57421875 0.62353516
vt 0.59228516 0.62353516
vt 0.59228516 0.64208984
vt 0.57421875 0.64208984
vt 0.6645508 0.8515625
vt 0.6826172 0.8515625
vt 0.6826172 0.8701172
vt 0.6645508 0.8701172
vt 0.46875 0.0017614365
vt 0.4934082 0.0017614365
vt 0.4934082 0.01651001
vt 0.46875 0.01651001
vt 0.14782715 0.5761719
vt 0.07501221 0.5761719
vt 0.14782715 0.51708984
vt 0.07501221 0.51708984
vt 0.42749023 0.29760742
vt 0.3779297 0.29760742
vt 0.3779297 0.28979492
vt 0.42749023 0.28979492
vt 0.35473633 0.29760742
vt 0.30517578 0.29760742
vt 0.30517578 0.28979492
vt 0.35473633 0.28979492
vt 0.59814453 0.66015625
vt 0.59814453 0.64208984
vt 0.6645508 0.64208984
vt 0.6645508 0.66015625
vt 0.59814453 0.64208984
vt 0.59814453 0.62353516
vt 0.6645508 0.62353516
vt 0.6645508 0.64208984
vt 0.6870117 0.74316406
vt 0.6870117 0.7246094
vt 0.75341797 0.7246094
vt 0.7529297 0.74316406
vt 0.6870117 0.7246094
vt 0.6870117 0.70654297
vt 0.75341797 0.70654297
vt 0.75341797 0.7246094
vt 0.5078125 0.66015625
vt 0.5078125 0.64208984
vt 0.57421875 0.64208984
vt 0.57421875 0.66015625
vt 0.5078125 0.64208984
vt 0.5078125 0.62353516
vt 0.57421875 0.62353516
vt 0.57421875 0.64208984
vt 0.59814453 0.8515625
vt 0.59814453 0.8334961
vt 0.6645508 0.8334961
vt 0.6645508 0.8515625
vt 0.59814453 0.8701172
vt 0.59814453 0.8515625
vt 0.6645508 0.8515625
vt 0.6645508 0.8701172
vt 0.0022239685 0.5761719
vt 0.02720642 0.54003906
vt 0.02720642 0.5761719
vt 0.0022239685 0.51708984
vt 0.07501221 0.51708984
vt 0.05001831 0.54003906
vt 0.07501221 0.5761719
vt 0.05001831 0.5761719
vt 0.4934082 0.05596924
vt 0.46875 0.05596924
vt 0.46875 0.01651001
vt 0.4934082 0.01651001
vt 0.5083008 0.01651001
vt 0.5083008 0.05596924
vt 0.4934082 0.05596924
vt 0.4934082 0.01651001
vt 0.4934082 0.070739746
vt 0.46875 0.070739746
vt 0.46875 0.05596924
vt 0.4934082 0.05596924
vt 0.45410156 0.05596924
vt 0.45410156 0.01651001
vt 0.46875 0.01651001
vt 0.46875 0.05596924
vt 0.8120117 0.35717773
vt 0.9121094 0.35717773
vt 0.89697266 0.3725586
vt 0.82714844 0.3725586
vt 0.37231445 0.07305908
vt 0.37231445 0.17346191
vt 0.3569336 0.15808105
vt 0.3569336 0.08850098
vt 0.49365234 0.48217773
vt 0.39331055 0.48217773
vt 0.4086914 0.46655273
vt 0.47827148 0.46655273
vt 0.5576172 0.3388672
vt 0.66308594 0.3388672
vt 0.64697266 0.3552246
vt 0.57373047 0.3552246
vt 0.30517578 0.39233398
vt 0.3256836 0.39233398
vt 0.3256836 0.38061523
vt 0.30517578 0.38061523
vt 0.30517578 0.3708496
vt 0.30517578 0.38061523
vt 0.3256836 0.38061523
vt 0.3256836 0.3708496
vt 0.33544922 0.38061523
vt 0.3256836 0.38061523
vt 0.3256836 0.39233398
vt 0.33544922 0.39233398
vt 0.47192383 0.4111328
vt 0.453125 0.4111328
vt 0.453125 0.42382812
vt 0.47192383 0.42382812
vt 0.44311523 0.42382812
vt 0.453125 0.42382812
vt 0.453125 0.4111328
vt 0.44311523 0.4111328
vt 0.453125 0.40112305
vt 0.453125 0.4111328
vt 0.47192383 0.4111328
vt 0.47192383 0.40112305
vt 0.31079102 0.4099121
vt 0.2902832 0.4099121
vt 0.2902832 0.42163086
vt 0.31079102 0.42163086
vt 0.32055664 0.4099121
vt 0.31079102 0.4099121
vt 0.31079102 0.42163086
vt 0.32055664 0.42163086
vt 0.2902832 0.40014648
vt 0.2902832 0.4099121
vt 0.31079102 0.4099121
vt 0.31079102 0.40014648
vt 0.36157227 0.4506836
vt 0.3803711 0.4506836
vt 0.3803711 0.43798828
vt 0.36157227 0.43798828
vt 0.3515625 0.4506836
vt 0.36157227 0.4506836
vt 0.36157227 0.43798828
vt 0.3515625 0.43798828
vt 0.36157227 0.42797852
vt 0.36157227 0.43798828
vt 0.3803711 0.43798828
vt 0.3803711 0.42797852
vt 0.9199219 0.12915039
vt 0.94189453 0.12915039
vt 0.94189453 0.0335083
vt 0.9199219 0.050628662
vt 0.859375 0.050628662
vt 0.83740234 0.0335083
vt 0.859375 0.12915039
vt 0.83740234 0.12915039
vt 0.23461914 0.99121094
vt 0.23852539 0.99365234
vt 0.23852539 0.9316406
vt 0.23461914 0.93408203
vt 0.23461914 0.99121094
vt 0.15771484 0.99121094
vt 0.15771484 0.99609375
vt 0.23840332 0.99609375
vt 0.23461914 0.99121094
vt 0.23461914 0.93408203
vt 0.15771484 0.93408203
vt 0.15771484 0.99121094
vt 0.23461914 0.93408203
vt 0.23840332 0.9291992
vt 0.15771484 0.9291992
vt 0.15771484 0.93408203
vt 0.003604889 0.50097656
vt 0.07635498 0.50097656
vt 0.003604889 0.44189453
vt 0.07635498 0.44189453
vt 0.42919922 0.6069336
vt 0.4177246 0.5957031
vt 0.36816406 0.5957031
vt 0.3564453 0.6069336
vt 0.14916992 0.44189453
vt 0.13757324 0.43041992
vt 0.087890625 0.43041992
vt 0.07635498 0.44189453
vt 0.07635498 0.44189453
vt 0.064819336 0.43041992
vt 0.015144348 0.43041992
vt 0.003604889 0.44189453
vt 0.5019531 0.6069336
vt 0.49047852 0.5957031
vt 0.44091797 0.5957031
vt 0.42919922 0.6069336
vt 0.4177246 0.5957031
vt 0.4177246 0.5878906
vt 0.36816406 0.5878906
vt 0.36816406 0.5957031
vt 0.27954102 0.8144531
vt 0.3269043 0.8144531
vt 0.3269043 0.76708984
vt 0.27954102 0.76708984
vt 0.59228516 0.8769531
vt 0.57421875 0.8769531
vt 0.57421875 0.8955078
vt 0.59228516 0.8955078
vt 0.5073242 0.8955078
vt 0.57421875 0.8955078
vt 0.57421875 0.8769531
vt 0.5073242 0.8769531
vt 0.75390625 0.66503906
vt 0.75390625 0.68359375
vt 0.77197266 0.68359375
vt 0.77197266 0.66503906
vt 0.6875 0.68359375
vt 0.75390625 0.68359375
vt 0.75390625 0.66503906
vt 0.6875 0.66503906
vt 0.6645508 0.89404297
vt 0.68310547 0.89404297
vt 0.68310547 0.87597656
vt 0.6645508 0.87597656
vt 0.59814453 0.89404297
vt 0.6645508 0.89404297
vt 0.6645508 0.87597656
vt 0.59814453 0.87597656
vt 0.5917969 0.9379883
vt 0.59228516 0.9199219
vt 0.57373047 0.9194336
vt 0.57373047 0.9379883
vt 0.5073242 0.9379883
vt 0.57373047 0.9379883
vt 0.57373047 0.9194336
vt 0.5073242 0.9194336
vt 0.41870117 0.121398926
vt 0.41870117 0.1361084
vt 0.44335938 0.1361084
vt 0.44335938 0.121398926
vt 0.49047852 0.5957031
vt 0.49047852 0.5878906
vt 0.44091797 0.5878906
vt 0.44091797 0.5957031
vt 0.5073242 0.9135742
vt 0.57421875 0.9135742
vt 0.57421875 0.8955078
vt 0.5073242 0.8955078
vt 0.6875 0.70166016
vt 0.75390625 0.70166016
vt 0.75390625 0.68359375
vt 0.6875 0.68359375
vt 0.59814453 0.91259766
vt 0.6645508 0.91259766
vt 0.6645508 0.89404297
vt 0.59814453 0.89404297
vt 0.5073242 0.9560547
vt 0.57373047 0.9560547
vt 0.57373047 0.9379883
vt 0.5073242 0.9379883
vt 0.07635498 0.50097656
vt 0.101379395 0.50097656
vt 0.101379395 0.46484375
vt 0.07635498 0.44189453
vt 0.14916992 0.44189453
vt 0.12414551 0.46484375
vt 0.14916992 0.50097656
vt 0.12414551 0.50097656
vt 0.41870117 0.1361084
vt 0.41870117 0.17553711
vt 0.44335938 0.17553711
vt 0.44335938 0.1361084
vt 0.4580078 0.1361084
vt 0.44335938 0.1361084
vt 0.44335938 0.17553711
vt 0.4580078 0.17553711
vt 0.44335938 0.19030762
vt 0.44335938 0.17553711
vt 0.41870117 0.17553711
vt 0.41870117 0.19030762
vt 0.4038086 0.17553711
vt 0.41870117 0.17553711
vt 0.41870117 0.1361084
vt 0.4038086 0.1361084
vt 0.71972656 0.5
vt 0.7036133 0.48413086
vt 0.63134766 0.48413086
vt 0.6152344 0.5
vt 0.94189453 0.0335083
vt 0.92578125 0.017440796
vt 0.8535156 0.017440796
vt 0.83740234 0.0335083
vt 0.60009766 0.38452148
vt 0.58447266 0.36914062
vt 0.5151367 0.36914062
vt 0.49951172 0.38452148
vt 0.7138672 0.38378906
vt 0.6982422 0.3684082
vt 0.62890625 0.3684082
vt 0.61328125 0.38378906
vt 0.28173828 0.39501953
vt 0.28173828 0.38330078
vt 0.3022461 0.38330078
vt 0.3022461 0.39501953
vt 0.27197266 0.39501953
vt 0.27197266 0.38330078
vt 0.28173828 0.38330078
vt 0.28173828 0.39501953
vt 0.28173828 0.37353516
vt 0.3022461 0.37353516
vt 0.3022461 0.38330078
vt 0.28173828 0.38330078
vt 0.2841797 0.40283203
vt 0.2841797 0.41552734
vt 0.26538086 0.41552734
vt 0.26538086 0.40283203
vt 0.2841797 0.4255371
vt 0.26538086 0.4255371
vt 0.26538086 0.41552734
vt 0.2841797 0.41552734
vt 0.25561523 0.41552734
vt 0.25561523 0.40283203
vt 0.26538086 0.40283203
vt 0.26538086 0.41552734
vt 0.40356445 0.3540039
vt 0.40356445 0.3659668
vt 0.38305664 0.3659668
vt 0.38305664 0.3540039
vt 0.37329102 0.3659668
vt 0.37329102 0.3540039
vt 0.38305664 0.3540039
vt 0.38305664 0.3659668
vt 0.38305664 0.34423828
vt 0.40356445 0.34423828
vt 0.40356445 0.3540039
vt 0.38305664 0.3540039
vt 0.42822266 0.35375977
vt 0.42822266 0.3408203
vt 0.40942383 0.3408203
vt 0.40942383 0.35375977
vt 0.43798828 0.35375977
vt 0.43798828 0.3408203
vt 0.42822266 0.3408203
vt 0.42822266 0.35375977
vt 0.40942383 0.3635254
vt 0.42822266 0.3635254
vt 0.42822266 0.35375977
vt 0.40942383 0.35375977
vt 0.8227539 0.33618164
vt 0.8227539 0.2397461
vt 0.80029297 0.2397461
vt 0.80029297 0.31884766
vt 0.7392578 0.31884766
vt 0.71728516 0.33618164
vt 0.7392578 0.2397461
vt 0.71728516 0.2397461
vt 0.40966797 0.8618164
vt 0.41333008 0.8569336
vt 0.33276367 0.8569336
vt 0.33276367 0.8618164
vt 0.33276367 0.9189453
vt 0.40966797 0.9189453
vt 0.40966797 0.8618164
vt 0.33276367 0.8618164
vt 0.41357422 0.9213867
vt 0.41357422 0.859375
vt 0.40966797 0.8618164
vt 0.40966797 0.9189453
vt 0.40966797 0.9189453
vt 0.33276367 0.9189453
vt 0.33276367 0.9238281
vt 0.41333008 0.9238281
vt 0.14672852 0.7426758
vt 0.13513184 0.73095703
vt 0.08544922 0.73095703
vt 0.073913574 0.7426758
vt 0.073913574 0.7426758
vt 0.062408447 0.73095703
vt 0.012702942 0.73095703
vt 0.001162529 0.7426758
vt 0.2944336 0.3154297
vt 0.30615234 0.3269043
vt 0.3557129 0.3269043
vt 0.36743164 0.3154297
vt 0.36743164 0.3154297
vt 0.37890625 0.3269043
vt 0.4284668 0.3269043
vt 0.44018555 0.3154297
vt 0.22583008 0.76171875
vt 0.2734375 0.76171875
vt 0.2734375 0.71435547
vt 0.22583008 0.71435547
vt 0.59228516 0.8105469
vt 0.59228516 0.79248047
vt 0.57421875 0.79248047
vt 0.57421875 0.8105469
vt 0.68310547 0.5395508
vt 0.66503906 0.5395508
vt 0.6645508 0.5576172
vt 0.68310547 0.55810547
vt 0.75341797 0.91796875
vt 0.75341797 0.93603516
vt 0.7714844 0.93603516
vt 0.7714844 0.91796875
vt 0.7529297 0.76708984
vt 0.7529297 0.78515625
vt 0.7709961 0.78515625
vt 0.7709961 0.76708984
vt 0.4819336 0.12524414
vt 0.4819336 0.14001465
vt 0.50683594 0.14001465
vt 0.50683594 0.12524414
vt 0.14672852 0.8017578
vt 0.14672852 0.7426758
vt 0.073913574 0.8017578
vt 0.073913574 0.7426758
vt 0.30615234 0.3269043
vt 0.30615234 0.3347168
vt 0.3557129 0.3347168
vt 0.3557129 0.3269043
vt 0.37890625 0.3269043
vt 0.37890625 0.3347168
vt 0.4284668 0.3347168
vt 0.4284668 0.3269043
vt 0.5073242 0.82910156
vt 0.57421875 0.82910156
vt 0.57421875 0.8105469
vt 0.5073242 0.8105469
vt 0.5073242 0.8105469
vt 0.57421875 0.8105469
vt 0.57421875 0.79248047
vt 0.5073242 0.79248047
vt 0.5986328 0.5761719
vt 0.6645508 0.5761719
vt 0.6645508 0.5576172
vt 0.59814453 0.5576172
vt 0.59814453 0.5576172
vt 0.6645508 0.5576172
vt 0.66503906 0.5395508
vt 0.59814453 0.5395508
vt 0.6870117 0.95410156
vt 0.75341797 0.95410156
vt 0.75341797 0.93603516
vt 0.6870117 0.93603516
vt 0.6870117 0.93603516
vt 0.75341797 0.93603516
vt 0.75341797 0.91796875
vt 0.6870117 0.91796875
vt 0.68652344 0.76708984
vt 0.7529297 0.76708984
vt 0.7529297 0.74853516
vt 0.68652344 0.74853516
vt 0.68652344 0.78515625
vt 0.7529297 0.78515625
vt 0.7529297 0.76708984
vt 0.68652344 0.76708984
vt 0.001162529 0.8017578
vt 0.026153564 0.8017578
vt 0.026153564 0.7651367
vt 0.001162529 0.7426758
vt 0.073913574 0.7426758
vt 0.048950195 0.7651367
vt 0.073913574 0.8017578
vt 0.048950195 0.8017578
vt 0.4819336 0.14001465
vt 0.4819336 0.17944336
vt 0.50683594 0.17944336
vt 0.50683594 0.14001465
vt 0.5214844 0.14001465
vt 0.50683594 0.14001465
vt 0.50683594 0.17944336
vt 0.5214844 0.17944336
vt 0.50683594 0.19421387
vt 0.50683594 0.17944336
vt 0.4819336 0.17944336
vt 0.4819336 0.19421387
vt 0.46728516 0.17944336
vt 0.4819336 0.17944336
vt 0.4819336 0.14001465
vt 0.46728516 0.14001465
vt 0.50683594 0.20361328
vt 0.49169922 0.21911621
vt 0.49169922 0.28857422
vt 0.50683594 0.30395508
vt 0.3630371 0.57421875
vt 0.34838867 0.55859375
vt 0.2824707 0.55859375
vt 0.26782227 0.57421875
vt 0.9951172 0.3869629
vt 0.9794922 0.37158203
vt 0.91015625 0.37158203
vt 0.89453125 0.3869629
vt 0.71728516 0.33618164
vt 0.73339844 0.35229492
vt 0.8066406 0.35229492
vt 0.8227539 0.33618164
vt 0.47558594 0.42749023
vt 0.47558594 0.41577148
vt 0.4958496 0.41577148
vt 0.4958496 0.42749023
vt 0.47558594 0.40576172
vt 0.4958496 0.40576172
vt 0.4958496 0.41577148
vt 0.47558594 0.41577148
vt 0.5058594 0.41577148
vt 0.5058594 0.42749023
vt 0.4958496 0.42749023
vt 0.4958496 0.41577148
vt 0.49731445 0.4477539
vt 0.49731445 0.46069336
vt 0.47827148 0.46069336
vt 0.47827148 0.4477539
vt 0.46850586 0.46069336
vt 0.46850586 0.4477539
vt 0.47827148 0.4477539
vt 0.47827148 0.46069336
vt 0.47827148 0.43798828
vt 0.49731445 0.43798828
vt 0.49731445 0.4477539
vt 0.47827148 0.4477539
vt 0.31054688 0.35498047
vt 0.31054688 0.36669922
vt 0.29003906 0.36669922
vt 0.29003906 0.35498047
vt 0.3203125 0.35498047
vt 0.3203125 0.36669922
vt 0.31054688 0.36669922
vt 0.31054688 0.35498047
vt 0.29003906 0.34521484
vt 0.31054688 0.34521484
vt 0.31054688 0.35498047
vt 0.29003906 0.35498047
vt 0.39575195 0.3972168
vt 0.39575195 0.38427734
vt 0.41479492 0.38427734
vt 0.41479492 0.3972168
vt 0.38598633 0.3972168
vt 0.38598633 0.38427734
vt 0.39575195 0.38427734
vt 0.39575195 0.3972168
vt 0.39575195 0.37451172
vt 0.41479492 0.37451172
vt 0.41479492 0.38427734
vt 0.39575195 0.38427734
vt 0.8798828 0.3330078
vt 0.8798828 0.23718262
vt 0.90185547 0.23718262
vt 0.90185547 0.31591797
vt 0.9628906 0.31591797
vt 0.9848633 0.3330078
vt 0.9628906 0.23718262
vt 0.9848633 0.23718262
vt 0.5024414 0.93310547
vt 0.5024414 0.9951172
vt 0.4987793 0.9926758
vt 0.4987793 0.9355469
vt 0.4987793 0.9926758
vt 0.5024414 0.9975586
vt 0.421875 0.9975586
vt 0.421875 0.9926758
vt 0.421875 0.9355469
vt 0.4987793 0.9355469
vt 0.4987793 0.9926758
vt 0.421875 0.9926758
vt 0.4987793 0.9355469
vt 0.421875 0.9355469
vt 0.421875 0.93066406
vt 0.5024414 0.93066406
vt 0.0032482147 0.65185547
vt 0.0031929016 0.59277344
vt 0.075927734 0.65185547
vt 0.07598877 0.59277344
vt 0.36547852 0.25708008
vt 0.43823242 0.25708008
vt 0.4267578 0.2685547
vt 0.37695312 0.2685547
vt 0.14868164 0.59277344
vt 0.07598877 0.59277344
vt 0.087524414 0.5810547
vt 0.13720703 0.5810547
vt 0.07598877 0.59277344
vt 0.0031929016 0.59277344
vt 0.014732361 0.5810547
vt 0.064453125 0.5810547
vt 0.2927246 0.25708008
vt 0.36547852 0.25708008
vt 0.3540039 0.2685547
vt 0.30419922 0.2685547
vt 0.37695312 0.2685547
vt 0.4267578 0.2685547
vt 0.4267578 0.2763672
vt 0.37695312 0.2763672
vt 0.3269043 0.82128906
vt 0.3269043 0.86865234
vt 0.27954102 0.86865234
vt 0.27954102 0.82128906
vt 0.59228516 0.58203125
vt 0.59228516 0.60009766
vt 0.57421875 0.60009766
vt 0.57421875 0.58203125
vt 0.5073242 0.60009766
vt 0.5073242 0.58203125
vt 0.57421875 0.58203125
vt 0.57421875 0.60009766
vt 0.57470703 0.9609375
vt 0.5932617 0.9609375
vt 0.5932617 0.9790039
vt 0.57470703 0.9790039
vt 0.5083008 0.9790039
vt 0.5083008 0.9609375
vt 0.57470703 0.9609375
vt 0.57470703 0.9790039
vt 0.6665039 0.5991211
vt 0.6665039 0.5810547
vt 0.6850586 0.5810547
vt 0.6850586 0.5991211
vt 0.60009766 0.5991211
vt 0.60009766 0.5810547
vt 0.6665039 0.5810547
vt 0.6665039 0.5991211
vt 0.6821289 0.93652344
vt 0.6640625 0.93652344
vt 0.6640625 0.91845703
vt 0.6821289 0.91845703
vt 0.59765625 0.93652344
vt 0.59765625 0.91845703
vt 0.6640625 0.91845703
vt 0.6640625 0.93652344
vt 0.41967773 0.046661377
vt 0.44458008 0.046661377
vt 0.44458008 0.061431885
vt 0.41967773 0.061431885
vt 0.30419922 0.2685547
vt 0.3540039 0.2685547
vt 0.3540039 0.2763672
vt 0.30419922 0.2763672
vt 0.5073242 0.61816406
vt 0.5073242 0.60009766
vt 0.57421875 0.60009766
vt 0.57421875 0.61816406
vt 0.5083008 0.9970703
vt 0.5083008 0.9790039
vt 0.57470703 0.9790039
vt 0.57470703 0.9970703
vt 0.60009766 0.6176758
vt 0.60009766 0.5991211
vt 0.6665039 0.5991211
vt 0.6665039 0.6176758
vt 0.59765625 0.95458984
vt 0.59765625 0.93652344
vt 0.6640625 0.93652344
vt 0.6635742 0.95458984
vt 0.075927734 0.65185547
vt 0.10095215 0.61572266
vt 0.10095215 0.65185547
vt 0.07598877 0.59277344
vt 0.14868164 0.59277344
vt 0.12371826 0.61572266
vt 0.14868164 0.65185547
vt 0.12371826 0.65185547
vt 0.44458008 0.10089111
vt 0.41967773 0.10089111
vt 0.41967773 0.061431885
vt 0.44458008 0.061431885
vt 0.45922852 0.061431885
vt 0.45922852 0.10089111
vt 0.44458008 0.10089111
vt 0.44458008 0.061431885
vt 0.44458008 0.115600586
vt 0.41967773 0.115600586
vt 0.41967773 0.10089111
vt 0.44458008 0.10089111
vt 0.4050293 0.10089111
vt 0.4050293 0.061431885
vt 0.41967773 0.061431885
vt 0.41967773 0.10089111
vt 0.55322266 0.35253906
vt 0.44873047 0.35253906
vt 0.46484375 0.33642578
vt 0.5371094 0.33642578
vt 0.8798828 0.3330078
vt 0.9848633 0.3330078
vt 0.96875 0.34936523
vt 0.8959961 0.34936523
vt 0.5029297 0.5263672
vt 0.40234375 0.5263672
vt 0.4177246 0.5107422
vt 0.4873047 0.5107422
vt 0.5004883 0.5048828
vt 0.39990234 0.5048828
vt 0.41552734 0.4892578
vt 0.48486328 0.4892578
vt 0.3828125 0.421875
vt 0.40307617 0.421875
vt 0.40307617 0.41015625
vt 0.3828125 0.41015625
vt 0.37280273 0.421875
vt 0.3828125 0.421875
vt 0.3828125 0.41015625
vt 0.37280273 0.41015625
vt 0.3828125 0.40014648
vt 0.3828125 0.41015625
vt 0.40307617 0.41015625
vt 0.40307617 0.40014648
vt 0.3449707 0.33935547
vt 0.32617188 0.33935547
vt 0.32617188 0.35229492
vt 0.3449707 0.35229492
vt 0.3449707 0.3623047
vt 0.3449707 0.35229492
vt 0.32617188 0.35229492
vt 0.32617188 0.3623047
vt 0.3161621 0.35229492
vt 0.32617188 0.35229492
vt 0.32617188 0.33935547
vt 0.3161621 0.33935547
vt 0.28588867 0.34692383
vt 0.26538086 0.34692383
vt 0.26538086 0.35864258
vt 0.28588867 0.35864258
vt 0.25561523 0.35864258
vt 0.26538086 0.35864258
vt 0.26538086 0.34692383
vt 0.25561523 0.34692383
vt 0.26538086 0.33691406
vt 0.26538086 0.34692383
vt 0.28588867 0.34692383
vt 0.28588867 0.33691406
vt 0.41625977 0.4333496
vt 0.4350586 0.4333496
vt 0.4350586 0.42041016
vt 0.41625977 0.42041016
vt 0.40649414 0.4333496
vt 0.41625977 0.4333496
vt 0.41625977 0.42041016
vt 0.40649414 0.42041016
vt 0.4350586 0.44335938
vt 0.4350586 0.4333496
vt 0.41625977 0.4333496
vt 0.41625977 0.44335938
vt 0.24731445 0.17626953
vt 0.24731445 0.13513184
vt 0.28588867 0.13513184
vt 0.28588867 0.17626953
vt 0.24731445 0.08496094
vt 0.24731445 0.0034885406
vt 0.27954102 0.0034885406
vt 0.27954102 0.08496094
vt 0.28588867 0.13513184
vt 0.28588867 0.09442139
vt 0.32714844 0.09442139
vt 0.32714844 0.13513184
vt 0.24731445 0.13513184
vt 0.24731445 0.09442139
vt 0.28588867 0.09442139
vt 0.28588867 0.13513184
vt 0.32714844 0.088012695
vt 0.32714844 0.09442139
vt 0.28588867 0.09442139
vt 0.29541016 0.088012695
vt 0.27954102 0.08496094
vt 0.28588867 0.09442139
vt 0.24731445 0.09442139
vt 0.24731445 0.08496094
vt 0.19543457 0.4165039
vt 0.19543457 0.45336914
vt 0.23474121 0.45336914
vt 0.23474121 0.4165039
vt 0.3112793 0.08496094
vt 0.27954102 0.08496094
vt 0.27954102 0.0034885406
vt 0.3112793 0.0034885406
vt 0.15649414 0.37719727
vt 0.15649414 0.4165039
vt 0.19543457 0.4165039
vt 0.19543457 0.37719727
vt 0.15649414 0.4165039
vt 0.15649414 0.45336914
vt 0.19543457 0.45336914
vt 0.19543457 0.4165039
vt 0.203125 0.37036133
vt 0.23999023 0.37036133
vt 0.23999023 0.4099121
vt 0.203125 0.4099121
vt 0.22131348 0.72265625
vt 0.18811035 0.72265625
vt 0.18811035 0.8066406
vt 0.22131348 0.8066406
vt 0.16381836 0.33154297
vt 0.203125 0.33154297
vt 0.203125 0.37036133
vt 0.16381836 0.37036133
vt 0.203125 0.33154297
vt 0.23999023 0.33154297
vt 0.23999023 0.37036133
vt 0.203125 0.37036133
vt 0.22131348 0.9008789
vt 0.22131348 0.85839844
vt 0.18139648 0.85839844
vt 0.18139648 0.9008789
vt 0.18811035 0.8066406
vt 0.18811035 0.72265625
vt 0.15539551 0.72265625
vt 0.15539551 0.8066406
vt 0.18139648 0.85839844
vt 0.18139648 0.81640625
vt 0.13891602 0.81640625
vt 0.13891602 0.85839844
vt 0.22131348 0.85839844
vt 0.22131348 0.81640625
vt 0.18139648 0.81640625
vt 0.18139648 0.85839844
vt 0.13891602 0.8100586
vt 0.13891602 0.81640625
vt 0.18139648 0.81640625
vt 0.17163086 0.8100586
vt 0.18811035 0.8066406
vt 0.18139648 0.81640625
vt 0.22131348 0.81640625
vt 0.22131348 0.8066406
vt 0.81689453 0.021209717
vt 0.81347656 0.011886597
vt 0.8095703 0.017623901
vt 0.81933594 0.011581421
vt 0.83154297 0.013046265
vt 0.8198242 0.023773193
vt 0.8330078 0.023529053
vt 0.81884766 0.0027751923
vt 0.8095703 0.003900528
vt 0.81347656 0.011886597
vt 0.81933594 0.011581421
vt 0.8432617 0.019317627
vt 0.8364258 0.0056152344
vt 0.83154297 0.013046265
vt 0.8330078 0.023529053
vt 0.8095703 0.003900528
vt 0.8027344 0.01083374
vt 0.8095703 0.017623901
vt 0.81347656 0.011886597
vt 0.81884766 0.0027751923
vt 0.81933594 0.011581421
vt 0.83154297 0.013046265
vt 0.8364258 0.0056152344
vt 0.65478516 0.2010498
vt 0.6538086 0.21655273
vt 0.6635742 0.21643066
vt 0.6640625 0.20349121
vt 0.65185547 0.22595215
vt 0.6635742 0.22705078
vt 0.6635742 0.21643066
vt 0.6538086 0.21655273
vt 0.62939453 0.19384766
vt 0.6269531 0.2175293
vt 0.63427734 0.21228027
vt 0.6376953 0.20043945
vt 0.6503906 0.18945312
vt 0.62939453 0.19384766
vt 0.6376953 0.20043945
vt 0.6508789 0.19836426
vt 0.63427734 0.21228027
vt 0.6538086 0.21655273
vt 0.6508789 0.19836426
vt 0.6376953 0.20043945
vt 0.65185547 0.22595215
vt 0.6538086 0.21655273
vt 0.63427734 0.21228027
vt 0.6269531 0.2175293
vt 0.6567383 0.19104004
vt 0.6503906 0.18945312
vt 0.6508789 0.19836426
vt 0.65478516 0.2010498
vt 0.6567383 0.19104004
vt 0.65478516 0.2010498
vt 0.6640625 0.20349121
vt 0.66748047 0.19348145
vt 0.9501953 0.015899658
vt 0.9433594 0.012619019
vt 0.9370117 0.020721436
vt 0.9501953 0.024124146
vt 0.94091797 0.0020370483
vt 0.9433594 0.012619019
vt 0.9501953 0.015899658
vt 0.95703125 0.0060272217
vt 0.95703125 0.0060272217
vt 0.9501953 0.015899658
vt 0.9501953 0.024124146
vt 0.9638672 0.019958496
vt 0.94091797 0.0020370483
vt 0.9291992 0.009788513
vt 0.9370117 0.020721436
vt 0.9433594 0.012619019
vt 0.9746094 0.003047943
vt 0.9765625 0.013435364
vt 0.9814453 0.016418457
vt 0.98779297 0.014709473
vt 0.9892578 0.002986908
vt 0.98095703 0.023345947
vt 0.99316406 0.021087646
vt 0.98779297 0.014709473
vt 0.9814453 0.016418457
vt 0.9711914 0.01939392
vt 0.9765625 0.013435364
vt 0.9746094 0.003047943
vt 0.9663086 0.004108429
vt 0.9975586 0.0050811768
vt 0.9892578 0.002986908
vt 0.98779297 0.014709473
vt 0.99316406 0.021087646
vt 0.98095703 0.023345947
vt 0.9814453 0.016418457
vt 0.9765625 0.013435364
vt 0.9711914 0.01939392
vt 0.81152344 0.061706543
vt 0.8222656 0.061340332
vt 0.8198242 0.05215454
vt 0.81591797 0.049438477
vt 0.8100586 0.049194336
vt 0.8222656 0.039520264
vt 0.8149414 0.03604126
vt 0.8100586 0.049194336
vt 0.81591797 0.049438477
vt 0.8286133 0.043945312
vt 0.8198242 0.05215454
vt 0.8222656 0.061340332
vt 0.83496094 0.056793213
vt 0.8222656 0.039520264
vt 0.81591797 0.049438477
vt 0.8198242 0.05215454
vt 0.8286133 0.043945312
vt 0.4958496 0.09313965
vt 0.48168945 0.08868408
vt 0.4765625 0.101989746
vt 0.49414062 0.10614014
vt 0.47045898 0.08111572
vt 0.48168945 0.08868408
vt 0.4958496 0.09313965
vt 0.50341797 0.08300781
vt 0.50341797 0.08300781
vt 0.4958496 0.09313965
vt 0.49414062 0.10614014
vt 0.5053711 0.11230469
vt 0.46826172 0.11248779
vt 0.5053711 0.11230469
vt 0.49414062 0.10614014
vt 0.4765625 0.101989746
vt 0.47045898 0.08111572
vt 0.46826172 0.11248779
vt 0.4765625 0.101989746
vt 0.48168945 0.08868408
vt 0.96533203 0.21203613
vt 0.984375 0.22546387
vt 0.96875 0.22595215
vt 0.9868164 0.21179199
vt 0.9609375 0.20605469
vt 0.9863281 0.18164062
vt 0.96435547 0.18310547
vt 0.99121094 0.21276855
vt 0.9873047 0.22973633
vt 0.984375 0.22546387
vt 0.9868164 0.21179199
vt 0.9609375 0.17883301
vt 0.9902344 0.17785645
vt 0.9863281 0.18164062
vt 0.96435547 0.18310547
vt 0.95703125 0.20593262
vt 0.9609375 0.17883301
vt 0.96435547 0.18310547
vt 0.9609375 0.20605469
vt 0.9873047 0.22973633
vt 0.9658203 0.23010254
vt 0.96875 0.22595215
vt 0.984375 0.22546387
vt 0.99121094 0.21276855
vt 0.9868164 0.21179199
vt 0.9863281 0.18164062
vt 0.9902344 0.17785645
vt 0.9609375 0.2142334
vt 0.95703125 0.20593262
vt 0.9609375 0.20605469
vt 0.96533203 0.21203613
vt 0.9609375 0.2142334
vt 0.96533203 0.21203613
vt 0.96875 0.22595215
vt 0.9658203 0.23010254
vt 0.69677734 0.3466797
vt 0.6972656 0.36108398
vt 0.70751953 0.35839844
vt 0.7050781 0.34838867
vt 0.6748047 0.33862305
vt 0.6660156 0.35498047
vt 0.6748047 0.35913086
vt 0.6801758 0.34643555
vt 0.69384766 0.3359375
vt 0.6748047 0.33862305
vt 0.6801758 0.34643555
vt 0.6933594 0.34448242
vt 0.71728516 0.35424805
vt 0.7104492 0.34106445
vt 0.7050781 0.34838867
vt 0.70751953 0.35839844
vt 0.6748047 0.35913086
vt 0.6972656 0.36108398
vt 0.6933594 0.34448242
vt 0.6801758 0.34643555
vt 0.69970703 0.33764648
vt 0.69384766 0.3359375
vt 0.6933594 0.34448242
vt 0.69677734 0.3466797
vt 0.69970703 0.33764648
vt 0.69677734 0.3466797
vt 0.7050781 0.34838867
vt 0.7104492 0.34106445
vt 0.84228516 0.15979004
vt 0.8569336 0.1619873
vt 0.8598633 0.14697266
vt 0.8442383 0.14465332
vt 0.8671875 0.16906738
vt 0.8569336 0.1619873
vt 0.84228516 0.15979004
vt 0.8354492 0.1697998
vt 0.8354492 0.1697998
vt 0.84228516 0.15979004
vt 0.8442383 0.14465332
vt 0.83447266 0.1381836
vt 0.8666992 0.1373291
vt 0.83447266 0.1381836
vt 0.8442383 0.14465332
vt 0.8598633 0.14697266
vt 0.8671875 0.16906738
vt 0.8666992 0.1373291
vt 0.8598633 0.14697266
vt 0.8569336 0.1619873
vt 0.7529297 0.4777832
vt 0.7519531 0.49169922
vt 0.74121094 0.4934082
vt 0.73535156 0.4777832
vt 0.7578125 0.50390625
vt 0.7519531 0.49169922
vt 0.7529297 0.4777832
vt 0.7680664 0.48242188
vt 0.7348633 0.50390625
vt 0.72265625 0.48291016
vt 0.73535156 0.4777832
vt 0.74121094 0.4934082
vt 0.7578125 0.50390625
vt 0.7348633 0.50390625
vt 0.74121094 0.4934082
vt 0.7519531 0.49169922
vt 0.4387207 0.027145386
vt 0.44018555 0.014480591
vt 0.4338379 0.012710571
vt 0.43188477 0.030227661
vt 0.43432617 0.03704834
vt 0.44555664 0.032348633
vt 0.4387207 0.027145386
vt 0.43188477 0.030227661
vt 0.41064453 0.031082153
vt 0.41674805 0.026748657
vt 0.41748047 0.012008667
vt 0.41186523 0.0072135925
vt 0.42211914 0.0036907196
vt 0.41186523 0.0072135925
vt 0.41748047 0.012008667
vt 0.42407227 0.010131836
vt 0.44555664 0.032348633
vt 0.44604492 0.009941101
vt 0.44018555 0.014480591
vt 0.4387207 0.027145386
vt 0.41674805 0.026748657
vt 0.42260742 0.029953003
vt 0.42407227 0.010131836
vt 0.41748047 0.012008667
vt 0.42260742 0.029953003
vt 0.4338379 0.012710571
vt 0.43188477 0.030227661
vt 0.41992188 0.036621094
vt 0.42260742 0.029953003
vt 0.41674805 0.026748657
vt 0.41064453 0.031082153
vt 0.4362793 0.0063934326
vt 0.42211914 0.0036907196
vt 0.42407227 0.010131836
vt 0.4338379 0.012710571
vt 0.43432617 0.03704834
vt 0.43188477 0.030227661
vt 0.42260742 0.029953003
vt 0.41992188 0.036621094
vt 0.4362793 0.0063934326
vt 0.4338379 0.012710571
vt 0.44018555 0.014480591
vt 0.44604492 0.009941101
vt 0.64697266 0.039123535
vt 0.63916016 0.04135132
vt 0.63916016 0.047912598
vt 0.6464844 0.050750732
vt 0.62939453 0.03881836
vt 0.63916016 0.04135132
vt 0.64697266 0.039123535
vt 0.63916016 0.029052734
vt 0.63134766 0.052947998
vt 0.6411133 0.05999756
vt 0.6464844 0.050750732
vt 0.63916016 0.047912598
vt 0.62939453 0.03881836
vt 0.63134766 0.052947998
vt 0.63916016 0.047912598
vt 0.63916016 0.04135132
vt 0.7993164 0.2286377
vt 0.8129883 0.23181152
vt 0.81347656 0.22253418
vt 0.80322266 0.21911621
vt 0.7910156 0.22155762
vt 0.7993164 0.2286377
vt 0.80322266 0.21911621
vt 0.7993164 0.21105957
vt 0.81933594 0.2142334
vt 0.7993164 0.21105957
vt 0.80322266 0.21911621
vt 0.81347656 0.22253418
vt 0.8251953 0.2286377
vt 0.81933594 0.2142334
vt 0.81347656 0.22253418
vt 0.8129883 0.23181152
vt 0.96728516 0.033966064
vt 0.9770508 0.045440674
vt 0.9765625 0.03564453
vt 0.96875 0.048309326
vt 0.94921875 0.049804688
vt 0.9633789 0.031799316
vt 0.94873047 0.035491943
vt 0.96972656 0.051483154
vt 0.98046875 0.047332764
vt 0.9770508 0.045440674
vt 0.96875 0.048309326
vt 0.9453125 0.033447266
vt 0.94677734 0.05279541
vt 0.94921875 0.049804688
vt 0.94873047 0.035491943
vt 0.9628906 0.028579712
vt 0.9453125 0.033447266
vt 0.94873047 0.035491943
vt 0.9633789 0.031799316
vt 0.98046875 0.047332764
vt 0.9794922 0.033172607
vt 0.9765625 0.03564453
vt 0.9770508 0.045440674
vt 0.96972656 0.051483154
vt 0.96875 0.048309326
vt 0.94921875 0.049804688
vt 0.94677734 0.05279541
vt 0.96875 0.030654907
vt 0.9628906 0.028579712
vt 0.9633789 0.031799316
vt 0.96728516 0.033966064
vt 0.96875 0.030654907
vt 0.96728516 0.033966064
vt 0.9765625 0.03564453
vt 0.9794922 0.033172607
vt 0.83691406 0.33764648
vt 0.84716797 0.33984375
vt 0.8466797 0.32250977
vt 0.8359375 0.32617188
vt 0.8461914 0.34472656
vt 0.84716797 0.33984375
vt 0.83691406 0.33764648
vt 0.83251953 0.34106445
vt 0.87060547 0.3383789
vt 0.8745117 0.34204102
vt 0.8730469 0.31811523
vt 0.86865234 0.3215332
vt 0.8510742 0.31469727
vt 0.8510742 0.31933594
vt 0.86865234 0.3215332
vt 0.8730469 0.31811523
vt 0.8359375 0.32617188
vt 0.83154297 0.32348633
vt 0.83251953 0.34106445
vt 0.83691406 0.33764648
vt 0.87060547 0.3383789
vt 0.86865234 0.3215332
vt 0.8510742 0.31933594
vt 0.84716797 0.33984375
vt 0.8461914 0.34472656
vt 0.8745117 0.34204102
vt 0.87060547 0.3383789
vt 0.84716797 0.33984375
vt 0.8510742 0.31933594
vt 0.8510742 0.31469727
vt 0.84375 0.31811523
vt 0.8466797 0.32250977
vt 0.84375 0.31811523
vt 0.83154297 0.32348633
vt 0.8359375 0.32617188
vt 0.8466797 0.32250977
vt 0.83447266 0.19506836
vt 0.83203125 0.18310547
vt 0.82177734 0.18359375
vt 0.81933594 0.19384766
vt 0.83740234 0.17675781
vt 0.8183594 0.17565918
vt 0.82177734 0.18359375
vt 0.83203125 0.18310547
vt 0.8183594 0.17565918
vt 0.8100586 0.19140625
vt 0.81933594 0.19384766
vt 0.82177734 0.18359375
vt 0.83447266 0.19506836
vt 0.8432617 0.1928711
vt 0.83740234 0.17675781
vt 0.83203125 0.18310547
vt 0.65185547 0.031051636
vt 0.66064453 0.026641846
vt 0.6591797 0.018539429
vt 0.65185547 0.015098572
vt 0.66845703 0.030975342
vt 0.66748047 0.014389038
vt 0.6591797 0.018539429
vt 0.66064453 0.026641846
vt 0.66748047 0.014389038
vt 0.65722656 0.0061035156
vt 0.65185547 0.015098572
vt 0.6591797 0.018539429
vt 0.65185547 0.031051636
vt 0.65771484 0.03918457
vt 0.66845703 0.030975342
vt 0.66064453 0.026641846
vt 0.15185547 0.87158203
vt 0.16662598 0.87841797
vt 0.1652832 0.87109375
vt 0.14794922 0.87890625
vt 0.14697266 0.88964844
vt 0.16931152 0.88916016
vt 0.14916992 0.89697266
vt 0.16821289 0.8964844
vt 0.14074707 0.875
vt 0.14794922 0.87890625
vt 0.15185547 0.87158203
vt 0.14697266 0.86376953
vt 0.17675781 0.88964844
vt 0.16931152 0.88916016
vt 0.16821289 0.8964844
vt 0.17578125 0.89941406
vt 0.1652832 0.87109375
vt 0.1706543 0.8652344
vt 0.14697266 0.86376953
vt 0.15185547 0.87158203
vt 0.13879395 0.8901367
vt 0.14074707 0.89990234
vt 0.14916992 0.89697266
vt 0.14697266 0.88964844
vt 0.17370605 0.8754883
vt 0.16662598 0.87841797
vt 0.16931152 0.88916016
vt 0.17675781 0.88964844
vt 0.14074707 0.875
vt 0.13879395 0.8901367
vt 0.14697266 0.88964844
vt 0.14794922 0.87890625
vt 0.17370605 0.8754883
vt 0.1706543 0.8652344
vt 0.1652832 0.87109375
vt 0.16662598 0.87841797
vt 0.40039062 0.115722656
vt 0.39038086 0.117370605
vt 0.38989258 0.12963867
vt 0.4050293 0.12634277
vt 0.38500977 0.109558105
vt 0.37939453 0.12854004
vt 0.38989258 0.12963867
vt 0.39038086 0.117370605
vt 0.4050293 0.12634277
vt 0.41357422 0.123168945
vt 0.40478516 0.1083374
vt 0.40039062 0.115722656
vt 0.40039062 0.115722656
vt 0.40478516 0.1083374
vt 0.38500977 0.109558105
vt 0.39038086 0.117370605
vt 0.7998047 0.028793335
vt 0.7939453 0.029220581
vt 0.79296875 0.03665161
vt 0.8022461 0.037384033
vt 0.7915039 0.02243042
vt 0.78466797 0.033447266
vt 0.79296875 0.03665161
vt 0.7939453 0.029220581
vt 0.8022461 0.037384033
vt 0.80908203 0.035186768
vt 0.80371094 0.023422241
vt 0.7998047 0.028793335
vt 0.7998047 0.028793335
vt 0.80371094 0.023422241
vt 0.7915039 0.02243042
vt 0.7939453 0.029220581
vt 0.7915039 0.046203613
vt 0.7910156 0.055114746
vt 0.79589844 0.056884766
vt 0.7998047 0.055114746
vt 0.8017578 0.04724121
vt 0.79541016 0.06072998
vt 0.79589844 0.056884766
vt 0.7910156 0.055114746
vt 0.7871094 0.05810547
vt 0.8027344 0.058410645
vt 0.80615234 0.04736328
vt 0.8017578 0.04724121
vt 0.7998047 0.055114746
vt 0.7871094 0.04586792
vt 0.7871094 0.05810547
vt 0.7910156 0.055114746
vt 0.7915039 0.046203613
vt 0.79541016 0.06072998
vt 0.8027344 0.058410645
vt 0.7998047 0.055114746
vt 0.79589844 0.056884766
vt 0.79589844 0.20385742
vt 0.7944336 0.1940918
vt 0.79052734 0.19238281
vt 0.7871094 0.19396973
vt 0.7836914 0.20166016
vt 0.7919922 0.18273926
vt 0.79052734 0.19238281
vt 0.7944336 0.1940918
vt 0.80078125 0.18518066
vt 0.7841797 0.18347168
vt 0.7734375 0.19311523
vt 0.7836914 0.20166016
vt 0.7871094 0.19396973
vt 0.79589844 0.20385742
vt 0.8076172 0.19702148
vt 0.80078125 0.18518066
vt 0.7944336 0.1940918
vt 0.7919922 0.18273926
vt 0.7841797 0.18347168
vt 0.7871094 0.19396973
vt 0.79052734 0.19238281
vt 0.7006836 0.15136719
vt 0.68408203 0.14733887
vt 0.6796875 0.15490723
vt 0.6928711 0.1595459
vt 0.71191406 0.15551758
vt 0.70410156 0.14428711
vt 0.7006836 0.15136719
vt 0.6928711 0.1595459
vt 0.703125 0.18249512
vt 0.6982422 0.17773438
vt 0.67871094 0.17687988
vt 0.67626953 0.18249512
vt 0.66796875 0.17077637
vt 0.67626953 0.18249512
vt 0.67871094 0.17687988
vt 0.67822266 0.1665039
vt 0.70410156 0.14428711
vt 0.6796875 0.14257812
vt 0.68408203 0.14733887
vt 0.7006836 0.15136719
vt 0.6982422 0.17773438
vt 0.69189453 0.1661377
vt 0.67822266 0.1665039
vt 0.67871094 0.17687988
vt 0.6694336 0.15209961
vt 0.66796875 0.17077637
vt 0.67822266 0.1665039
vt 0.6796875 0.15490723
vt 0.71191406 0.15551758
vt 0.6928711 0.1595459
vt 0.69189453 0.1661377
vt 0.7114258 0.17370605
vt 0.6694336 0.15209961
vt 0.6796875 0.15490723
vt 0.68408203 0.14733887
vt 0.6796875 0.14257812
vt 0.35473633 0.029037476
vt 0.35595703 0.0028018951
vt 0.33520508 0.0059814453
vt 0.3413086 0.024871826
vt 0.3774414 0.06652832
vt 0.4152832 0.048614502
vt 0.4020996 0.024673462
vt 0.36743164 0.041107178
vt 0.3154297 0.016448975
vt 0.328125 0.03353882
vt 0.3413086 0.024871826
vt 0.33520508 0.0059814453
vt 0.38745117 0.003829956
vt 0.35595703 0.0028018951
vt 0.36743164 0.041107178
vt 0.4020996 0.024673462
vt 0.3359375 0.044006348
vt 0.34814453 0.05996704
vt 0.36743164 0.041107178
vt 0.35473633 0.029037476
vt 0.3359375 0.044006348
vt 0.35473633 0.029037476
vt 0.3413086 0.024871826
vt 0.328125 0.03353882
vt 0.99072266 0.037200928
vt 0.9916992 0.0440979
vt 0.9838867 0.047607422
vt 0.984375 0.034057617
vt 0.9980469 0.04800415
vt 0.9916992 0.0440979
vt 0.99072266 0.037200928
vt 0.9980469 0.03387451
vt 0.9980469 0.03387451
vt 0.99072266 0.037200928
vt 0.984375 0.034057617
vt 0.9892578 0.026565552
vt 0.9980469 0.04800415
vt 0.98876953 0.0546875
vt 0.9838867 0.047607422
vt 0.9916992 0.0440979
vt 0.21691895 0.30908203
vt 0.22070312 0.3100586
vt 0.22070312 0.3137207
vt 0.21508789 0.31225586
vt 0.22631836 0.31225586
vt 0.21411133 0.30639648
vt 0.21105957 0.30810547
vt 0.2244873 0.30908203
vt 0.23034668 0.30810547
vt 0.22070312 0.30249023
vt 0.21313477 0.30249023
vt 0.22729492 0.30639648
vt 0.20959473 0.30249023
vt 0.2319336 0.30249023
vt 0.21411133 0.29882812
vt 0.21105957 0.296875
vt 0.22839355 0.30249023
vt 0.23034668 0.296875
vt 0.21691895 0.29589844
vt 0.21508789 0.29296875
vt 0.22729492 0.29882812
vt 0.22631836 0.29296875
vt 0.22070312 0.29492188
vt 0.22070312 0.29125977
vt 0.2244873 0.29589844
vt 0.22070312 0.28198242
vt 0.22070312 0.27856445
vt 0.21691895 0.27734375
vt 0.21508789 0.28051758
vt 0.22631836 0.28051758
vt 0.2142334 0.2746582
vt 0.21105957 0.2763672
vt 0.2244873 0.27734375
vt 0.23034668 0.2763672
vt 0.22070312 0.2709961
vt 0.21313477 0.2709961
vt 0.22729492 0.2746582
vt 0.20959473 0.2709961
vt 0.2319336 0.2709961
vt 0.2142334 0.26708984
vt 0.21105957 0.26538086
vt 0.22827148 0.2709961
vt 0.23034668 0.26538086
vt 0.21691895 0.2644043
vt 0.21508789 0.26123047
vt 0.22729492 0.26708984
vt 0.22631836 0.26123047
vt 0.22070312 0.26342773
vt 0.22070312 0.25976562
vt 0.2244873 0.2644043
vt 0.21691895 0.30908203
vt 0.22070312 0.3100586
vt 0.22070312 0.3137207
vt 0.21508789 0.31225586
vt 0.22631836 0.31225586
vt 0.21411133 0.30639648
vt 0.21105957 0.30810547
vt 0.2244873 0.30908203
vt 0.23034668 0.30810547
vt 0.22070312 0.30249023
vt 0.21313477 0.30249023
vt 0.22729492 0.30639648
vt 0.20959473 0.30249023
vt 0.2319336 0.30249023
vt 0.21411133 0.29882812
vt 0.21105957 0.296875
vt 0.22839355 0.30249023
vt 0.23034668 0.296875
vt 0.21691895 0.29589844
vt 0.21508789 0.29296875
vt 0.22729492 0.29882812
vt 0.22631836 0.29296875
vt 0.22070312 0.29492188
vt 0.22070312 0.29125977
vt 0.2244873 0.29589844
vt 0.22070312 0.28198242
vt 0.22070312 0.27856445
vt 0.21691895 0.27734375
vt 0.21508789 0.28051758
vt 0.22631836 0.28051758
vt 0.2142334 0.2746582
vt 0.21105957 0.2763672
vt 0.2244873 0.27734375
vt 0.23034668 0.2763672
vt 0.22070312 0.2709961
vt 0.21313477 0.2709961
vt 0.22729492 0.2746582
vt 0.20959473 0.2709961
vt 0.2319336 0.2709961
vt 0.2142334 0.26708984
vt 0.21105957 0.26538086
vt 0.22827148 0.2709961
vt 0.23034668 0.26538086
vt 0.21691895 0.2644043
vt 0.21508789 0.26123047
vt 0.22729492 0.26708984
vt 0.22631836 0.26123047
vt 0.22070312 0.26342773
vt 0.22070312 0.25976562
vt 0.2244873 0.2644043
vt 0.21691895 0.30908203
vt 0.22070312 0.3100586
vt 0.22070312 0.3137207
vt 0.21508789 0.31225586
vt 0.22631836 0.31225586
vt 0.21411133 0.30639648
vt 0.21105957 0.30810547
vt 0.2244873 0.30908203
vt 0.23034668 0.30810547
vt 0.22070312 0.30249023
vt 0.21313477 0.30249023
vt 0.22729492 0.30639648
vt 0.20959473 0.30249023
vt 0.2319336 0.30249023
vt 0.21411133 0.29882812
vt 0.21105957 0.296875
vt 0.22839355 0.30249023
vt 0.23034668 0.296875
vt 0.21691895 0.29589844
vt 0.21508789 0.29296875
vt 0.22729492 0.29882812
vt 0.22631836 0.29296875
vt 0.22070312 0.29492188
vt 0.22070312 0.29125977
vt 0.2244873 0.29589844
vt 0.22070312 0.28198242
vt 0.22070312 0.27856445
vt 0.21691895 0.27734375
vt 0.21508789 0.28051758
vt 0.22631836 0.28051758
vt 0.2142334 0.2746582
vt 0.21105957 0.2763672
vt 0.2244873 0.27734375
vt 0.23034668 0.2763672
vt 0.22070312 0.2709961
vt 0.21313477 0.2709961
vt 0.22729492 0.2746582
vt 0.20959473 0.2709961
vt 0.2319336 0.2709961
vt 0.2142334 0.26708984
vt 0.21105957 0.26538086
vt 0.22827148 0.2709961
vt 0.23034668 0.26538086
vt 0.21691895 0.2644043
vt 0.21508789 0.26123047
vt 0.22729492 0.26708984
vt 0.22631836 0.26123047
vt 0.22070312 0.26342773
vt 0.22070312 0.25976562
vt 0.2244873 0.2644043
vt 0.21691895 0.30908203
vt 0.22070312 0.3100586
vt 0.22070312 0.3137207
vt 0.21508789 0.31225586
vt 0.22631836 0.31225586
vt 0.21411133 0.30639648
vt 0.21105957 0.30810547
vt 0.2244873 0.30908203
vt 0.23034668 0.30810547
vt 0.22070312 0.30249023
vt 0.21313477 0.30249023
vt 0.22729492 0.30639648
vt 0.20959473 0.30249023
vt 0.2319336 0.30249023
vt 0.21411133 0.29882812
vt 0.21105957 0.296875
vt 0.22839355 0.30249023
vt 0.23034668 0.296875
vt 0.21691895 0.29589844
vt 0.21508789 0.29296875
vt 0.22729492 0.29882812
vt 0.22631836 0.29296875
vt 0.22070312 0.29492188
vt 0.22070312 0.29125977
vt 0.2244873 0.29589844
vt 0.22070312 0.28198242
vt 0.22070312 0.27856445
vt 0.21691895 0.27734375
vt 0.21508789 0.28051758
vt 0.22631836 0.28051758
vt 0.2142334 0.2746582
vt 0.21105957 0.2763672
vt 0.2244873 0.27734375
vt 0.23034668 0.2763672
vt 0.22070312 0.2709961
vt 0.21313477 0.2709961
vt 0.22729492 0.2746582
vt 0.20959473 0.2709961
vt 0.2319336 0.2709961
vt 0.2142334 0.26708984
vt 0.21105957 0.26538086
vt 0.22827148 0.2709961
vt 0.23034668 0.26538086
vt 0.21691895 0.2644043
vt 0.21508789 0.26123047
vt 0.22729492 0.26708984
vt 0.22631836 0.26123047
vt 0.22070312 0.26342773
vt 0.22070312 0.25976562
vt 0.2244873 0.2644043
vt 0.21691895 0.30908203
vt 0.22070312 0.3100586
vt 0.22070312 0.3137207
vt 0.21508789 0.31225586
vt 0.22631836 0.31225586
vt 0.21411133 0.30639648
vt 0.21105957 0.30810547
vt 0.2244873 0.30908203
vt 0.23034668 0.30810547
vt 0.22070312 0.30249023
vt 0.21313477 0.30249023
vt 0.22729492 0.30639648
vt 0.20959473 0.30249023
vt 0.2319336 0.30249023
vt 0.21411133 0.29882812
vt 0.21105957 0.296875
vt 0.22839355 0.30249023
vt 0.23034668 0.296875
vt 0.21691895 0.29589844
vt 0.21508789 0.29296875
vt 0.22729492 0.29882812
vt 0.22631836 0.29296875
vt 0.22070312 0.29492188
vt 0.22070312 0.29125977
vt 0.2244873 0.29589844
vt 0.22070312 0.28198242
vt 0.22070312 0.27856445
vt 0.21691895 0.27734375
vt 0.21508789 0.28051758
vt 0.22631836 0.28051758
vt 0.2142334 0.2746582
vt 0.21105957 0.2763672
vt 0.2244873 0.27734375
vt 0.23034668 0.2763672
vt 0.22070312 0.2709961
vt 0.21313477 0.2709961
vt 0.22729492 0.2746582
vt 0.20959473 0.2709961
vt 0.2319336 0.2709961
vt 0.2142334 0.26708984
vt 0.21105957 0.26538086
vt 0.22827148 0.2709961
vt 0.23034668 0.26538086
vt 0.21691895 0.2644043
vt 0.21508789 0.26123047
vt 0.22729492 0.26708984
vt 0.22631836 0.26123047
vt 0.22070312 0.26342773
vt 0.22070312 0.25976562
vt 0.2244873 0.2644043
vt 0.21691895 0.30908203
vt 0.22070312 0.3100586
vt 0.22070312 0.3137207
vt 0.21508789 0.31225586
vt 0.22631836 0.31225586
vt 0.21411133 0.30639648
vt 0.21105957 0.30810547
vt 0.2244873 0.30908203
vt 0.23034668 0.30810547
vt 0.22070312 0.30249023
vt 0.21313477 0.30249023
vt 0.22729492 0.30639648
vt 0.20959473 0.30249023
vt 0.2319336 0.30249023
vt 0.21411133 0.29882812
vt 0.21105957 0.296875
vt 0.22839355 0.30249023
vt 0.23034668 0.296875
vt 0.21691895 0.29589844
vt 0.21508789 0.29296875
vt 0.22729492 0.29882812
vt 0.22631836 0.29296875
vt 0.22070312 0.29492188
vt 0.22070312 0.29125977
vt 0.2244873 0.29589844
vt 0.22070312 0.28198242
vt 0.22070312 0.27856445
vt 0.21691895 0.27734375
vt 0.21508789 0.28051758
vt 0.22631836 0.28051758
vt 0.2142334 0.2746582
vt 0.21105957 0.2763672
vt 0.2244873 0.27734375
vt 0.23034668 0.2763672
vt 0.22070312 0.2709961
vt 0.21313477 0.2709961
vt 0.22729492 0.2746582
vt 0.20959473 0.2709961
vt 0.2319336 0.2709961
vt 0.2142334 0.26708984
vt 0.21105957 0.26538086
vt 0.22827148 0.2709961
vt 0.23034668 0.26538086
vt 0.21691895 0.2644043
vt 0.21508789 0.26123047
vt 0.22729492 0.26708984
vt 0.22631836 0.26123047
vt 0.22070312 0.26342773
vt 0.22070312 0.25976562
vt 0.2244873 0.2644043
vt 0.21691895 0.30908203
vt 0.22070312 0.3100586
vt 0.22070312 0.3137207
vt 0.21508789 0.31225586
vt 0.22631836 0.31225586
vt 0.21411133 0.30639648
vt 0.21105957 0.30810547
vt 0.2244873 0.30908203
vt 0.23034668 0.30810547
vt 0.22070312 0.30249023
vt 0.21313477 0.30249023
vt 0.22729492 0.30639648
vt 0.20959473 0.30249023
vt 0.2319336 0.30249023
vt 0.21411133 0.29882812
vt 0.21105957 0.296875
vt 0.22839355 0.30249023
vt 0.23034668 0.296875
vt 0.21691895 0.29589844
vt 0.21508789 0.29296875
vt 0.22729492 0.29882812
vt 0.22631836 0.29296875
vt 0.22070312 0.29492188
vt 0.22070312 0.29125977
vt 0.2244873 0.29589844
vt 0.22070312 0.28198242
vt 0.22070312 0.27856445
vt 0.21691895 0.27734375
vt 0.21508789 0.28051758
vt 0.22631836 0.28051758
vt 0.2142334 0.2746582
vt 0.21105957 0.2763672
vt 0.2244873 0.27734375
vt 0.23034668 0.2763672
vt 0.22070312 0.2709961
vt 0.21313477 0.2709961
vt 0.22729492 0.2746582
vt 0.20959473 0.2709961
vt 0.2319336 0.2709961
vt 0.2142334 0.26708984
vt 0.21105957 0.26538086
vt 0.22827148 0.2709961
vt 0.23034668 0.26538086
vt 0.21691895 0.2644043
vt 0.21508789 0.26123047
vt 0.22729492 0.26708984
vt 0.22631836 0.26123047
vt 0.22070312 0.26342773
vt 0.22070312 0.25976562
vt 0.2244873 0.2644043
vt 0.21691895 0.30908203
vt 0.22070312 0.3100586
vt 0.22070312 0.3137207
vt 0.21508789 0.31225586
vt 0.22631836 0.31225586
vt 0.21411133 0.30639648
vt 0.21105957 0.30810547
vt 0.2244873 0.30908203
vt 0.23034668 0.30810547
vt 0.22070312 0.30249023
vt 0.21313477 0.30249023
vt 0.22729492 0.30639648
vt 0.20959473 0.30249023
vt 0.2319336 0.30249023
vt 0.21411133 0.29882812
vt 0.21105957 0.296875
vt 0.22839355 0.30249023
vt 0.23034668 0.296875
vt 0.21691895 0.29589844
vt 0.21508789 0.29296875
vt 0.22729492 0.29882812
vt 0.22631836 0.29296875
vt 0.22070312 0.29492188
vt 0.22070312 0.29125977
vt 0.2244873 0.29589844
vt 0.22070312 0.28198242
vt 0.22070312 0.27856445
vt 0.21691895 0.27734375
vt 0.21508789 0.28051758
vt 0.22631836 0.28051758
vt 0.2142334 0.2746582
vt 0.21105957 0.2763672
vt 0.2244873 0.27734375
vt 0.23034668 0.2763672
vt 0.22070312 0.2709961
vt 0.21313477 0.2709961
vt 0.22729492 0.2746582
vt 0.20959473 0.2709961
vt 0.2319336 0.2709961
vt 0.2142334 0.26708984
vt 0.21105957 0.26538086
vt 0.22827148 0.2709961
vt 0.23034668 0.26538086
vt 0.21691895 0.2644043
vt 0.21508789 0.26123047
vt 0.22729492 0.26708984
vt 0.22631836 0.26123047
vt 0.22070312 0.26342773
vt 0.22070312 0.25976562
vt 0.2244873 0.2644043
vt 0.22070312 0.28320312
vt 0.22070312 0.28198242
vt 0.21508789 0.28051758
vt 0.21447754 0.28173828
vt 0.22692871 0.28173828
vt 0.21105957 0.2763672
vt 0.22631836 0.28051758
vt 0.20996094 0.2770996
vt 0.23144531 0.2770996
vt 0.20959473 0.2709961
vt 0.23034668 0.2763672
vt 0.20825195 0.2709961
vt 0.2331543 0.2709961
vt 0.21105957 0.26538086
vt 0.2319336 0.2709961
vt 0.20996094 0.26464844
vt 0.23144531 0.26464844
vt 0.21508789 0.26123047
vt 0.23034668 0.26538086
vt 0.21447754 0.2602539
vt 0.22692871 0.2602539
vt 0.22070312 0.25976562
vt 0.22631836 0.26123047
vt 0.22070312 0.25854492
vt 0.22070312 0.28320312
vt 0.22070312 0.28198242
vt 0.21508789 0.28051758
vt 0.21447754 0.28173828
vt 0.22692871 0.28173828
vt 0.21105957 0.2763672
vt 0.22631836 0.28051758
vt 0.20996094 0.2770996
vt 0.23144531 0.2770996
vt 0.20959473 0.2709961
vt 0.23034668 0.2763672
vt 0.20825195 0.2709961
vt 0.2331543 0.2709961
vt 0.21105957 0.26538086
vt 0.2319336 0.2709961
vt 0.20996094 0.26464844
vt 0.23144531 0.26464844
vt 0.21508789 0.26123047
vt 0.23034668 0.26538086
vt 0.21447754 0.2602539
vt 0.22692871 0.2602539
vt 0.22070312 0.25976562
vt 0.22631836 0.26123047
vt 0.22070312 0.25854492
vt 0.22070312 0.28320312
vt 0.22070312 0.28198242
vt 0.21508789 0.28051758
vt 0.21447754 0.28173828
vt 0.22692871 0.28173828
vt 0.21105957 0.2763672
vt 0.22631836 0.28051758
vt 0.20996094 0.2770996
vt 0.23144531 0.2770996
vt 0.20959473 0.2709961
vt 0.23034668 0.2763672
vt 0.20825195 0.2709961
vt 0.2331543 0.2709961
vt 0.21105957 0.26538086
vt 0.2319336 0.2709961
vt 0.20996094 0.26464844
vt 0.23144531 0.26464844
vt 0.21508789 0.26123047
vt 0.23034668 0.26538086
vt 0.21447754 0.2602539
vt 0.22692871 0.2602539
vt 0.22070312 0.25976562
vt 0.22631836 0.26123047
vt 0.22070312 0.25854492
vt 0.22070312 0.28320312
vt 0.22070312 0.28198242
vt 0.21508789 0.28051758
vt 0.21447754 0.28173828
vt 0.22692871 0.28173828
vt 0.21105957 0.2763672
vt 0.22631836 0.28051758
vt 0.20996094 0.2770996
vt 0.23144531 0.2770996
vt 0.20959473 0.2709961
vt 0.23034668 0.2763672
vt 0.20825195 0.2709961
vt 0.2331543 0.2709961
vt 0.21105957 0.26538086
vt 0.2319336 0.2709961
vt 0.20996094 0.26464844
vt 0.23144531 0.26464844
vt 0.21508789 0.26123047
vt 0.23034668 0.26538086
vt 0.21447754 0.2602539
vt 0.22692871 0.2602539
vt 0.22070312 0.25976562
vt 0.22631836 0.26123047
vt 0.22070312 0.25854492
vt 0.22070312 0.28320312
vt 0.22070312 0.28198242
vt 0.21508789 0.28051758
vt 0.21447754 0.28173828
vt 0.22692871 0.28173828
vt 0.21105957 0.2763672
vt 0.22631836 0.28051758
vt 0.20996094 0.2770996
vt 0.23144531 0.2770996
vt 0.20959473 0.2709961
vt 0.23034668 0.2763672
vt 0.20825195 0.2709961
vt 0.2331543 0.2709961
vt 0.21105957 0.26538086
vt 0.2319336 0.2709961
vt 0.20996094 0.26464844
vt 0.23144531 0.26464844
vt 0.21508789 0.26123047
vt 0.23034668 0.26538086
vt 0.21447754 0.2602539
vt 0.22692871 0.2602539
vt 0.22070312 0.25976562
vt 0.22631836 0.26123047
vt 0.22070312 0.25854492
vt 0.22070312 0.28320312
vt 0.22070312 0.28198242
vt 0.21508789 0.28051758
vt 0.21447754 0.28173828
vt 0.22692871 0.28173828
vt 0.21105957 0.2763672
vt 0.22631836 0.28051758
vt 0.20996094 0.2770996
vt 0.23144531 0.2770996
vt 0.20959473 0.2709961
vt 0.23034668 0.2763672
vt 0.20825195 0.2709961
vt 0.2331543 0.2709961
vt 0.21105957 0.26538086
vt 0.2319336 0.2709961
vt 0.20996094 0.26464844
vt 0.23144531 0.26464844
vt 0.21508789 0.26123047
vt 0.23034668 0.26538086
vt 0.21447754 0.2602539
vt 0.22692871 0.2602539
vt 0.22070312 0.25976562
vt 0.22631836 0.26123047
vt 0.22070312 0.25854492
vt 0.22070312 0.28320312
vt 0.22070312 0.28198242
vt 0.21508789 0.28051758
vt 0.21447754 0.28173828
vt 0.22692871 0.28173828
vt 0.21105957 0.2763672
vt 0.22631836 0.28051758
vt 0.20996094 0.2770996
vt 0.23144531 0.2770996
vt 0.20959473 0.2709961
vt 0.23034668 0.2763672
vt 0.20825195 0.2709961
vt 0.2331543 0.2709961
vt 0.21105957 0.26538086
vt 0.2319336 0.2709961
vt 0.20996094 0.26464844
vt 0.23144531 0.26464844
vt 0.21508789 0.26123047
vt 0.23034668 0.26538086
vt 0.21447754 0.2602539
vt 0.22692871 0.2602539
vt 0.22070312 0.25976562
vt 0.22631836 0.26123047
vt 0.22070312 0.25854492
vt 0.22070312 0.28320312
vt 0.22070312 0.28198242
vt 0.21508789 0.28051758
vt 0.21447754 0.28173828
vt 0.22692871 0.28173828
vt 0.21105957 0.2763672
vt 0.22631836 0.28051758
vt 0.20996094 0.2770996
vt 0.23144531 0.2770996
vt 0.20959473 0.2709961
vt 0.23034668 0.2763672
vt 0.20825195 0.2709961
vt 0.2331543 0.2709961
vt 0.21105957 0.26538086
vt 0.2319336 0.2709961
vt 0.20996094 0.26464844
vt 0.23144531 0.26464844
vt 0.21508789 0.26123047
vt 0.23034668 0.26538086
vt 0.21447754 0.2602539
vt 0.22692871 0.2602539
vt 0.22070312 0.25976562
vt 0.22631836 0.26123047
vt 0.22070312 0.25854492
vn -0 0 -1
vn -0 0 -1
vn -0 0 -1
vn -0 0 -1
vn -0 0 -1
vn -0 0 -1
vn -0 1 0
vn -0 1 0
vn -0 1 0
vn -0 1 0
vn -0 1 0
vn -0 1 0
vn -0 1 0
vn -0 1 0
vn -0 1 0
vn -0 1 0
vn -0 1 0
vn -0 1 0
vn -0 1 0
vn -0 1 0
vn -0 1 0
vn -0.5307617 0.5151367 0.67285156
vn -0.5307617 0.5151367 0.67285156
vn -0.5307617 0.5151367 0.67285156
vn 0.13879395 0.93408203 -0.32836914
vn 0.13879395 0.93408203 -0.32836914
vn 0.13879395 0.93408203 -0.32836914
vn 0.37548828 0.8925781 -0.25
vn 0.37548828 0.8925781 -0.25
vn 0.37548828 0.8925781 -0.25
vn -0.46728516 0.42163086 0.77734375
vn -0.46728516 0.42163086 0.77734375
vn -0.46728516 0.42163086 0.77734375
vn -0.09197998 0.9707031 -0.22277832
vn -0.09197998 0.9707031 -0.22277832
vn -0.09197998 0.9707031 -0.22277832
vn -0 0 -1
vn -0 0 -1
vn -0 0 -1
vn -0 0 -1
vn -0 1 0
vn -0 1 0
vn -0 1 0
vn -0 1 0
vn -0 1 0
vn -0 1 0
vn -0 1 0
vn -0 1 0
vn -0 1 0
vn -0 1 0
vn -0 1 0
vn -0 1 0
vn -0 0 -1
vn -0 0 -1
vn -0 0 -1
vn -0 0 -1
vn 1 0 0
vn 1 0 0
vn 1 0 0
vn 1 0 0
vn 1 0 0
vn 1 0 0
vn 1 0 0
vn 1 0 0
vn 1 0 0
vn 1 0 0
vn 1 0 0
vn 1 0 0
vn 1 0 0
vn 1 0 0
vn -0 0 -1
vn -0 0 -1
vn -0 0 -1
vn -0 0 -1
vn -0 1 0
vn -0 1 0
vn -0 1 0
vn -0 1 0
vn -0 1 0
vn -0 1 0
vn -0 1 0
vn -0 1 0
vn -0 1 0
vn -0 1 0
vn 1 0 0
vn 1 0 0
vn 1 0 0
vn 1 0 0
vn -0 0 -1
vn -0 0 -1
vn -0 0 -1
vn -0 0 -1
vn -0 1 0
vn -0 1 0
vn -0 1 0
vn -0 1 0
vn 1 0 0
vn 1 0 0
vn 1 0 0
vn 1 0 0
vn -0 0 -1
vn -0 0 -1
vn -0 0 -1
vn -0 0 -1
vn -0 1 0
vn -0 1 0
vn -0 1 0
vn -0 1 0
vn -0 0 -1
vn -0 0 -1
vn -0 0 -1
vn -0 0 -1
vn 1 0 0
vn 1 0 0
vn 1 0 0
vn 1 0 0
vn -0 1 0
vn -0 1 0
vn -0 1 0
vn -0 1 0
vn 1 0 0
vn 1 0 0
vn 1 0 0
vn 1 0 0
vn -0 0 -1
vn -0 0 -1
vn -0 0 -1
vn -0 0 -1
vn -0 0 -1
vn -0 0 -1
vn -0 0 -1
vn -0 0 -1
vn -0 1 0
vn -0 1 0
vn -0 1 0
vn -0 1 0
vn -0 1 0
vn -0 1 0
vn -0 1 0
vn -0 1 0
vn -0 1 0
vn -0 1 0
vn -0 1 0
vn -0 1 0
vn -0 0 -1
vn -0 0 -1
vn -0 0 -1
vn -0 0 -1
vn -0 1 0
vn -0 1 0
vn -0 1 0
vn -0 1 0
vn -0 1 0
vn -0 1 0
vn -0 1 0
vn -0 1 0
vn -0 0 -1
vn -0 0 -1
vn -0 0 -1
vn -0 0 -1
vn -0 1 0
vn -0 1 0
vn -0 1 0
vn -0 1 0
vn -0 0 -1
vn -0 0 -1
vn -0 0 -1
vn -0 0 -1
vn -0 1 0
vn -0 1 0
vn -0 1 0
vn -0 1 0
vn -0 0 -1
vn -0 0 -1
vn -0 0 -1
vn -0 0 -1
vn -0 1 0
vn -0 1 0
vn -0 1 0
vn -0 1 0
vn -0 0 -1
vn -0 0 -1
vn -0 0 -1
vn -0 0 -1
vn 1 0 0
vn 1 0 0
vn 1 0 0
vn 1 0 0
vn 1 0 0
vn 1 0 0
vn 1 0 0
vn 1 0 0
vn 1 0 0
vn 1 0 0
vn 1 0 0
vn 1 0 0
vn 1 0 0
vn 1 0 0
vn 1 0 0
vn 1 0 0
vn 1 0 0
vn 1 0 0
vn 1 0 0
vn 1 0 0
vn -0 1 0
vn -0 1 0
vn -0 1 0
vn -0 1 0
vn 1 0 0
vn 1 0 0
vn 1 0 0
vn 1 0 0
vn -0 0 -1
vn -0 0 -1
vn -0 0 -1
vn -0 0 -1
vn -0 1 0
vn -0 1 0
vn -0 1 0
vn -0 1 0
vn 1 0 0
vn 1 0 0
vn 1 0 0
vn 1 0 0
vn -0 0 -1
vn -0 0 -1
vn -0 0 -1
vn -0 0 -1
vn -0 1 0
vn -0 1 0
vn -0 1 0
vn -0 1 0
vn 1 0 0
vn 1 0 0
vn 1 0 0
vn 1 0 0
vn -0 0 -1
vn -0 0 -1
vn -0 0 -1
vn -0 0 -1
vn -0 1 0
vn -0 1 0
vn -0 1 0
vn -0 1 0
vn 1 0 0
vn 1 0 0
vn 1 0 0
vn 1 0 0
vn -0 0 -1
vn -0 0 -1
vn -0 0 -1
vn -0 0 -1
vn -0 1 0
vn -0 1 0
vn -0 1 0
vn -0 1 0
vn -0 0 -1
vn -0 0 -1
vn -0 0 -1
vn -0 0 -1
vn 1 0 0
vn 1 0 0
vn 1 0 0
vn 1 0 0
vn -0 1 0
vn -0 1 0
vn -0 1 0
vn -0 1 0
vn -0 0 -1
vn -0 0 -1
vn -0 0 -1
vn -0 0 -1
vn 1 0 0
vn 1 0 0
vn 1 0 0
vn 1 0 0
vn -0 1 0
vn -0 1 0
vn -0 1 0
vn -0 1 0
vn 1 0 0
vn 1 0 0
vn 1 0 0
vn 1 0 0
vn -0 0 -1
vn -0 0 -1
vn -0 0 -1
vn -0 0 -1
vn -0 1 0
vn -0 1 0
vn -0 1 0
vn -0 1 0
vn 1 0 0
vn 1 0 0
vn 1 0 0
vn 1 0 0
vn -0 0 -1
vn -0 0 -1
vn -0 0 -1
vn -0 0 -1
vn -0 1 0
vn -0 1 0
vn -0 1 0
vn -0 1 0
vn 1 0 0
vn 1 0 0
vn 1 0 0
vn 1 0 0
vn -0 0 -1
vn -0 0 -1
vn -0 0 -1
vn -0 0 -1
vn -0 1 0
vn -0 1 0
vn -0 1 0
vn -0 1 0
vn -0 0 -1
vn -0 0 -1
vn -0 0 -1
vn -0 0 -1
vn 1 0 0
vn 1 0 0
vn 1 0 0
vn 1 0 0
vn -0 1 0
vn -0 1 0
vn -0 1 0
vn -0 1 0
vn 1 0 0
vn 1 0 0
vn 1 0 0
vn 1 0 0
vn -0 1.001358E-05 -1
vn -0 1.001358E-05 -1
vn -0 1.001358E-05 -1
vn -0 1.001358E-05 -1
vn -0 1 0
vn -0 1 0
vn -0 1 0
vn -0 1 0
vn 1 0 0
vn 1 0 0
vn 1 0 0
vn 1 0 0
vn -0 0 -1
vn -0 0 -1
vn -0 0 -1
vn -0 0 -1
vn -0 1 0
vn -0 1 0
vn -0 1 0
vn -0 1 0
vn -0 0 -1
vn -0 0 -1
vn -0 0 -1
vn -0 0 -1
vn -0 1 0
vn -0 1 0
vn -0 1 0
vn -0 1 0
vn -0 0 -1
vn -0 0 -1
vn -0 0 -1
vn -0 0 -1
vn -0 0 -1
vn -0 0 -1
vn -0 0 -1
vn -0 0 -1
vn -0 0 -1
vn -0 0 -1
vn -0 0 -1
vn -0 0 -1
vn -0 0.98291016 -0.18408203
vn -0 0.98291016 -0.18408203
vn -0 0.98291016 -0.18408203
vn -0 0.98291016 -0.18408203
vn -0 -0.98291016 -0.18408203
vn -0 -0.98291016 -0.18408203
vn -0 -0.98291016 -0.18408203
vn -0 -0.98291016 -0.18408203
vn -0 -0.86621094 -0.5
vn -0 -0.86621094 -0.5
vn -0 -0.86621094 -0.5
vn -0 -0.86621094 -0.5
vn -0 0 -1
vn -0 0 -1
vn -0 0 -1
vn -0 0 -1
vn -0 0.86621094 -0.5
vn -0 0.86621094 -0.5
vn -0 0.86621094 -0.5
vn -0 0.86621094 -0.5
vn -0 -0.86621094 -0.5
vn -0 -0.86621094 -0.5
vn -0 -0.86621094 -0.5
vn -0 -0.86621094 -0.5
vn -0 0 -1
vn -0 0 -1
vn -0 0 -1
vn -0 0 -1
vn -0 0.86621094 -0.5
vn -0 0.86621094 -0.5
vn -0 0.86621094 -0.5
vn -0 0.86621094 -0.5
vn -0 -0.86621094 -0.5
vn -0 -0.86621094 -0.5
vn -0 -0.86621094 -0.5
vn -0 -0.86621094 -0.5
vn -0 0 -1
vn -0 0 -1
vn -0 0 -1
vn -0 0 -1
vn -0 0.86621094 -0.5
vn -0 0.86621094 -0.5
vn -0 0.86621094 -0.5
vn -0 0.86621094 -0.5
vn 0.86621094 0 -0.5
vn 0.86621094 0 -0.5
vn 0.86621094 0 -0.5
vn 0.86621094 0 -0.5
vn -0 0 -1
vn -0 0 -1
vn -0 0 -1
vn -0 0 -1
vn -0.86621094 0 -0.5
vn -0.86621094 0 -0.5
vn -0.86621094 0 -0.5
vn -0.86621094 0 -0.5
vn 0.86621094 0 -0.5
vn 0.86621094 0 -0.5
vn 0.86621094 0 -0.5
vn 0.86621094 0 -0.5
vn -0 0 -1
vn -0 0 -1
vn -0 0 -1
vn -0 0 -1
vn -0.86621094 0 -0.5
vn -0.86621094 0 -0.5
vn -0.86621094 0 -0.5
vn -0.86621094 0 -0.5
vn -0.86621094 0 -0.5
vn -0.86621094 0 -0.5
vn -0.86621094 0 -0.5
vn -0.86621094 0 -0.5
vn 1.0609627E-05 0 -1
vn 1.0609627E-05 0 -1
vn 1.0609627E-05 0 -1
vn 1.0609627E-05 0 -1
vn 0.86621094 0 -0.5
vn 0.86621094 0 -0.5
vn 0.86621094 0 -0.5
vn 0.86621094 0 -0.5
vn 1 0 0
vn 1 0 0
vn 1 0 0
vn 1 0 0
vn 1 0 0
vn 1 0 0
vn 1 0 0
vn 1 0 0
vn 0.52685547 0 -0.85009766
vn 0.52685547 0 -0.85009766
vn 0.52685547 0 -0.85009766
vn 0.52685547 0 -0.85009766
vn -0 0 -1
vn -0 0 -1
vn -0 0 -1
vn -0 0 -1
vn -0 -0.6982422 -0.7158203
vn -0 -0.6982422 -0.7158203
vn -0 -0.6982422 -0.7158203
vn -0 -0.6982422 -0.7158203
vn 1 0 0
vn 1 0 0
vn 1 0 0
vn 1 0 0
vn 0.7348633 -0.67822266 0
vn 0.7348633 -0.67822266 0
vn 0.7348633 -0.67822266 0
vn 0.7348633 -0.67822266 0
vn -0.7895508 0 -0.61328125
vn -0.7895508 0 -0.61328125
vn -0.7895508 0 -0.61328125
vn -0.7895508 0 -0.61328125
vn 0.52685547 0 0.85009766
vn 0.52685547 0 0.85009766
vn 0.52685547 0 0.85009766
vn 0.52685547 0 0.85009766
vn 0.7895508 0 -0.61328125
vn 0.7895508 0 -0.61328125
vn 0.7895508 0 -0.61328125
vn 0.7895508 0 -0.61328125
vn -0 0 -1
vn 1.2040138E-05 0 -1
vn 1.2040138E-05 0 -1
vn -0 0 -1
vn -0 0 -1
vn -0 0 -1
vn -0 0 -1
vn -0 0 -1
vn -0 0 -1
vn -0 0 -1
vn -0 0 -1
vn -0 0 -1
vn -0 1 0
vn -0 1 0
vn -0 1 0
vn -0 1 0
vn -0 1 0
vn -0 1 0
vn -0 1 0
vn -0 1 0
vn -0 1 0
vn -0 1 0
vn -0 1 0
vn -0 1 0
vn -0 1 0
vn -0 1 0
vn -0 1 0
vn -0 1 0
vn -0 0 -1
vn -0 0 -1
vn -0 0 -1
vn -0 0 -1
vn -0 1 0
vn -0 1 0
vn -0 1 0
vn -0 1 0
vn -0 1 0
vn -0 1 0
vn -0 1 0
vn -0 1 0
vn -0 0 -1
vn -0 0 -1
vn -0 0 -1
vn -0 0 -1
vn -0 1 0
vn -0 1 0
vn -0 1 0
vn -0 1 0
vn -0 0 -1
vn -0 0 -1
vn -0 0 -1
vn -0 0 -1
vn -0 1 0
vn -0 1 0
vn -0 1 0
vn -0 1 0
vn -0 0 -1
vn -0 0 -1
vn -0 0 -1
vn -0 0 -1
vn -0 1 0
vn -0 1 0
vn -0 1 0
vn -0 1 0
vn -0 0 -1
vn -0 0 -1
vn -0 0 -1
vn -0 0 -1
vn 1 0 0
vn 1 0 0
vn 1 0 0
vn 1 0 0
vn 1 0 0
vn 1 0 0
vn 1 0 0
vn 1 0 0
vn 1 0 0
vn 1 0 0
vn 1 0 0
vn 1 0 0
vn 1 0 0
vn 1 0 0
vn 1 0 0
vn 1 0 0
vn 1 0 0
vn 1 0 0
vn 1 0 0
vn 1 0 0
vn 1 0 0
vn 1 0 0
vn 1 0 0
vn 1 0 0
vn -0 1 0
vn -0 1 0
vn -0 1 0
vn -0 1 0
vn -0 1 0
vn -0 1 0
vn -0 1 0
vn -0 1 0
vn -0 1 0
vn -0 1 0
vn -0 1 0
vn -0 1 0
vn -0 1 0
vn -0 1 0
vn -0 1 0
vn -0 1 0
vn -0 1 0
vn -0 1 0
vn -0 1 0
vn -0 1 0
vn 1 0 0
vn 1 0 0
vn 1 0 0
vn 1 0 0
vn -0 0 -1
vn -0 0 -1
vn -0 0 -1
vn -0 0 -1
vn -0 1 0
vn -0 1 0
vn -0 1 0
vn -0 1 0
vn -0 0 -1
vn -0 0 -1
vn -0 0 -1
vn -0 0 -1
vn 1 0 0
vn 1 0 0
vn 1 0 0
vn 1 0 0
vn -0 1 0
vn -0 1 0
vn -0 1 0
vn -0 1 0
vn 1 0 0
vn 1 0 0
vn 1 0 0
vn 1 0 0
vn -0 0 -1
vn -0 0 -1
vn -0 0 -1
vn -0 0 -1
vn -0 1 0
vn -0 1 0
vn -0 1 0
vn -0 1 0
vn 1 0 0
vn 1 0 0
vn 1 0 0
vn 1 0 0
vn -0 0 -1
vn -0 0 -1
vn -0 0 -1
vn -0 0 -1
vn 1 0 0
vn 1 0 0
vn 1 0 0
vn 1 0 0
vn 1 0 0
vn 1 0 0
vn 1 0 0
vn 1 0 0
vn 0.7348633 -0.67822266 0
vn 0.7348633 -0.67822266 0
vn 0.7348633 -0.67822266 0
vn 0.7348633 -0.67822266 0
vn 0.52685547 0 -0.85009766
vn 0.52685547 0 -0.85009766
vn 0.52685547 0 -0.85009766
vn 0.52685547 0 -0.85009766
vn -0 0 -1
vn -0 0 -1
vn -0 0 -1
vn -0 0 -1
vn -0 -0.6982422 -0.7158203
vn -0 -0.6982422 -0.7158203
vn -0 -0.6982422 -0.7158203
vn -0 -0.6982422 -0.7158203
vn 0.7895508 0 -0.61328125
vn 0.7895508 0 -0.61328125
vn 0.7895508 0 -0.61328125
vn 0.7895508 0 -0.61328125
vn 1 0 0
vn 1 0 0
vn 1 0 0
vn 1 0 0
vn -0.7895508 0 -0.61328125
vn -0.7895508 0 -0.61328125
vn -0.7895508 0 -0.61328125
vn -0.7895508 0 -0.61328125
vn 0.52685547 0 0.85009766
vn 0.52685547 0 0.85009766
vn 0.52685547 0 0.85009766
vn 0.52685547 0 0.85009766
vn -1.2040138E-05 0 -1
vn -0 0 -1
vn -1.2040138E-05 0 -1
vn -0 0 -1
vn -0 0 -1
vn -0 0 -1
vn -0 0 -1
vn -0 0 -1
vn 1 0 0
vn 1 0 0
vn 1 0 0
vn 1 0 0
vn -0 0 -1
vn -0 0 -1
vn -0 0 -1
vn -0 0 -1
vn -0 1 0
vn -0 1 0
vn -0 1 0
vn -0 1 0
vn -0 1 0
vn -0 1 0
vn -0 1 0
vn -0 1 0
vn -0 1 0
vn -0 1 0
vn -0 1 0
vn -0 1 0
vn -0 1 0
vn -0 1 0
vn -0 1 0
vn -0 1 0
vn 1 0 0
vn 1 0 0
vn 1 0 0
vn 1 0 0
vn -0 0 -1
vn -0 0 -1
vn -0 0 -1
vn -0 0 -1
vn -0 1 0
vn -0 1 0
vn -0 1 0
vn -0 1 0
vn -0 1 0
vn -0 1 0
vn -0 1 0
vn -0 1 0
vn 1 0 0
vn 1 0 0
vn 1 0 0
vn 1 0 0
vn -0 0 -1
vn -0 0 -1
vn -0 0 -1
vn -0 0 -1
vn -0 1 0
vn -0 1 0
vn -0 1 0
vn -0 1 0
vn -0 0 -1
vn -0 0 -1
vn -0 0 -1
vn -0 0 -1
vn 1 0 0
vn 1 0 0
vn 1 0 0
vn 1 0 0
vn -0 1 0
vn -0 1 0
vn -0 1 0
vn -0 1 0
vn 1 0 0
vn 1 0 0
vn 1 0 0
vn 1 0 0
vn -0 0 -1
vn -0 0 -1
vn -0 0 -1
vn -0 0 -1
vn -0 1 0
vn -0 1 0
vn -0 1 0
vn -0 1 0
vn 1 0 0
vn 1 0 0
vn 1 0 0
vn 1 0 0
vn -0 0 -1
vn -0 0 -1
vn -0 0 -1
vn -0 0 -1
vn -0 1 0
vn -0 1 0
vn -0 1 0
vn -0 1 0
vn -0 1 0
vn -0 1 0
vn -0 1 0
vn -0 1 0
vn -0 1 0
vn -0 1 0
vn -0 1 0
vn -0 1 0
vn -0 1 0
vn -0 1 0
vn -0 1 0
vn -0 1 0
vn -0 1 0
vn -0 1 0
vn -0 1 0
vn -0 1 0
vn 1 0 0
vn 1 0 0
vn 1 0 0
vn 1 0 0
vn -0 0 -1
vn -0 0 -1
vn -0 0 -1
vn -0 0 -1
vn -0 1 0
vn -0 1 0
vn -0 1 0
vn -0 1 0
vn -0 0 -1
vn -0 0 -1
vn -0 0 -1
vn -0 0 -1
vn 1 0 0
vn 1 0 0
vn 1 0 0
vn 1 0 0
vn -1 0 0
vn -1 0 0
vn -1 0 0
vn -1 0 0
vn -0 1 0
vn -0 1 0
vn -0 1 0
vn -0 1 0
vn -0 0 -1
vn -0 0 -1
vn -0 0 -1
vn -0 0 -1
vn 1 0 0
vn 1 0 0
vn 1 0 0
vn 1 0 0
vn -0 1 0
vn -0 1 0
vn -0 1 0
vn -0 1 0
vn -0 0 -1
vn -0 0 -1
vn -0 0 -1
vn -0 0 -1
vn 1 0 0
vn 1 0 0
vn 1 0 0
vn 1 0 0
vn -0 0 -1
vn -0 0 -1
vn -0 0 -1
vn -0 0 -1
vn -0 0 -1
vn -0 0 -1
vn -0 0 -1
vn -0 0 -1
vn 0.85009766 0 -0.52685547
vn 0.85009766 0 -0.52685547
vn 0.85009766 0 -0.52685547
vn 0.85009766 0 -0.52685547
vn 1 0 0
vn 1 0 0
vn 1 0 0
vn 1 0 0
vn 0.7158203 -0.6982422 0
vn 0.7158203 -0.6982422 0
vn 0.7158203 -0.6982422 0
vn 0.7158203 -0.6982422 0
vn -0 0 -1
vn -0 0 -1
vn -0 0 -1
vn -0 0 -1
vn -0 -0.67822266 -0.7348633
vn -0 -0.67822266 -0.7348633
vn -0 -0.67822266 -0.7348633
vn -0 -0.67822266 -0.7348633
vn 0.61328125 0 0.7895508
vn 0.61328125 0 0.7895508
vn 0.61328125 0 0.7895508
vn 0.61328125 0 0.7895508
vn -0.85009766 0 -0.52685547
vn -0.85009766 0 -0.52685547
vn -0.85009766 0 -0.52685547
vn -0.85009766 0 -0.52685547
vn 0.61328125 0 -0.7895508
vn 0.61328125 0 -0.7895508
vn 0.61328125 0 -0.7895508
vn 0.61328125 0 -0.7895508
vn 1 0 -1.8656254E-05
vn 1 1.2636185E-05 0
vn 1 0 -1.8656254E-05
vn 1 1.2636185E-05 0
vn 1 1.2636185E-05 0
vn 1 1.2636185E-05 0
vn 1 0 0
vn 1 0 0
vn 1 0 0
vn 1 0 0
vn 1 0 0
vn 1 0 0
vn -0 1 0
vn -0 1 0
vn -0 1 0
vn -0 1 0
vn -0 1 0
vn -0 1 0
vn -0 1 0
vn -0 1 0
vn -0 1 0
vn -0 1 0
vn -0 1 0
vn -0 1 0
vn -0 1 0
vn -0 1 0
vn -0 1 0
vn -0 1 0
vn 1 0 0
vn 1 0 0
vn 1 0 0
vn 1 0 0
vn -0 1 0
vn -0 1 0
vn -0 1 0
vn -0 1 0
vn -0 1 0
vn -0 1 0
vn -0 1 0
vn -0 1 0
vn 1 0 -1.1622906E-05
vn 1 0 -1.1622906E-05
vn 1 0 -1.1622906E-05
vn 1 0 -1.1622906E-05
vn -0 1 0
vn -0 1 0
vn -0 1 0
vn -0 1 0
vn 1 0 0
vn 1 0 0
vn 1 0 0
vn 1 0 0
vn -0 1 0
vn -0 1 0
vn -0 1 0
vn -0 1 0
vn 1 0 0
vn 1 0 0
vn 1 0 0
vn 1 0 0
vn -0 1 0
vn -0 1 0
vn -0 1 0
vn -0 1 0
vn 1 0 0
vn 1 0 0
vn 1 0 0
vn 1 0 0
vn -0 0 -1
vn -0 0 -1
vn -0 0 -1
vn -0 0 -1
vn -0 0 -1
vn -0 0 -1
vn -0 0 -1
vn -0 0 -1
vn -0 0 -1
vn -0 0 -1
vn -0 0 -1
vn -0 0 -1
vn -0 0 -1
vn -0 0 -1
vn -0 0 -1
vn -0 0 -1
vn -0 0 -1
vn -0 0 -1
vn -0 0 -1
vn -0 0 -1
vn -0 0 -1
vn -0 0 -1
vn -0 0 -1
vn -0 0 -1
vn -0 1 0
vn -0 1 0
vn -0 1 0
vn -0 1 0
vn -0 1 0
vn -0 1 0
vn -0 1 0
vn -0 1 0
vn -0 1 0
vn -0 1 0
vn -0 1 0
vn -0 1 0
vn -0 1 0
vn -0 1 0
vn -0 1 0
vn -0 1 0
vn -0 1 0
vn -0 1 0
vn -0 1 0
vn -0 1 0
vn -0 0 -1
vn -0 0 -1
vn -0 0 -1
vn -0 0 -1
vn 1 0 0
vn 1 0 0
vn 1 0 0
vn 1 0 0
vn -0 1 0
vn -0 1 0
vn -0 1 0
vn -0 1 0
vn 1 0 0
vn 1 0 0
vn 1 0 0
vn 1 0 0
vn -0 0 -1
vn -0 0 -1
vn -0 0 -1
vn -0 0 -1
vn -0 1 0
vn -0 1 0
vn -0 1 0
vn -0 1 0
vn -0 0 -1
vn -0 0 -1
vn -0 0 -1
vn -0 0 -1
vn 1 0 0
vn 1 0 0
vn 1 0 0
vn 1 0 0
vn -0 1 0
vn -0 1 0
vn -0 1 0
vn -0 1 0
vn -0 0 -1
vn -0 0 -1
vn -0 0 -1
vn -0 0 -1
vn 1 0 0
vn 1 0 0
vn 1 0 0
vn 1 0 0
vn -0 0 -1
vn -0 0 -1
vn -0 0 -1
vn -0 0 -1
vn -0 0 -1
vn -0 0 -1
vn -0 0 -1
vn -0 0 -1
vn -0 -0.67822266 -0.7348633
vn -0 -0.67822266 -0.7348633
vn -0 -0.67822266 -0.7348633
vn -0 -0.67822266 -0.7348633
vn 0.85009766 0 -0.52685547
vn 0.85009766 0 -0.52685547
vn 0.85009766 0 -0.52685547
vn 0.85009766 0 -0.52685547
vn 1 0 0
vn 1 0 0
vn 1 0 0
vn 1 0 0
vn 0.7158203 -0.6982422 0
vn 0.7158203 -0.6982422 0
vn 0.7158203 -0.6982422 0
vn 0.7158203 -0.6982422 0
vn 0.61328125 0 -0.7895508
vn 0.61328125 0 -0.7895508
vn 0.61328125 0 -0.7895508
vn 0.61328125 0 -0.7895508
vn -0 0 -1
vn -0 0 -1
vn -0 0 -1
vn -0 0 -1
vn 0.61328125 0 0.7895508
vn 0.61328125 0 0.7895508
vn 0.61328125 0 0.7895508
vn 0.61328125 0 0.7895508
vn -0.85009766 0 -0.52685547
vn -0.85009766 0 -0.52685547
vn -0.85009766 0 -0.52685547
vn -0.85009766 0 -0.52685547
vn 1 1.2636185E-05 0
vn 1 0 1.8656254E-05
vn 1 0 1.8656254E-05
vn 1 1.2636185E-05 0
vn 1 1.2636185E-05 0
vn 1 1.2636185E-05 0
vn 1 0 0
vn 1 0 0
vn -0 0 -1
vn -0 0 -1
vn -0 0 -1
vn -0 0 -1
vn 1 0 0
vn 1 0 0
vn 1 0 0
vn 1 0 0
vn -0 1 0
vn -0 1 0
vn -0 1 0
vn -0 1 0
vn -0 1 0
vn -0 1 0
vn -0 1 0
vn -0 1 0
vn -0 1 0
vn -0 1 0
vn -0 1 0
vn -0 1 0
vn -0 1 0
vn -0 1 0
vn -0 1 0
vn -0 1 0
vn -0 0 -1
vn -0 0 -1
vn -0 0 -1
vn -0 0 -1
vn 1 0 0
vn 1 0 0
vn 1 0 0
vn 1 0 0
vn -0 1 0
vn -0 1 0
vn -0 1 0
vn -0 1 0
vn -0 1 0
vn -0 1 0
vn -0 1 0
vn -0 1 0
vn -0 0 -1
vn -0 0 -1
vn -0 0 -1
vn -0 0 -1
vn 1 0 1.1622906E-05
vn 1 0 1.1622906E-05
vn 1 0 1.1622906E-05
vn 1 0 1.1622906E-05
vn -0 1 0
vn -0 1 0
vn -0 1 0
vn -0 1 0
vn 1 0 0
vn 1 0 0
vn 1 0 0
vn 1 0 0
vn -0 0 -1
vn -0 0 -1
vn -0 0 -1
vn -0 0 -1
vn -0 1 0
vn -0 1 0
vn -0 1 0
vn -0 1 0
vn -0 0 -1
vn -0 0 -1
vn -0 0 -1
vn -0 0 -1
vn 1 0 0
vn 1 0 0
vn 1 0 0
vn 1 0 0
vn -0 1 0
vn -0 1 0
vn -0 1 0
vn -0 1 0
vn -0 0 -1
vn -0 0 -1
vn -0 0 -1
vn -0 0 -1
vn 1 0 0
vn 1 0 0
vn 1 0 0
vn 1 0 0
vn -0 1 0
vn -0 1 0
vn -0 1 0
vn -0 1 0
vn -0 1 0
vn -0 1 0
vn -0 1 0
vn -0 1 0
vn -0 1 0
vn -0 1 0
vn -0 1 0
vn -0 1 0
vn -0 1 0
vn -0 1 0
vn -0 1 0
vn -0 1 0
vn -0 1 0
vn -0 1 0
vn -0 1 0
vn -0 1 0
vn -0 0 -1
vn -0 0 -1
vn -0 0 -1
vn -0 0 -1
vn 1 0 0
vn 1 0 0
vn 1 0 0
vn 1 0 0
vn -0 1 0
vn -0 1 0
vn -0 1 0
vn -0 1 0
vn 1 0 0
vn 1 0 0
vn 1 0 0
vn 1 0 0
vn -0 0 -1
vn -0 0 -1
vn -0 0 -1
vn -0 0 -1
vn -0 1 0
vn -0 1 0
vn -0 1 0
vn -0 1 0
vn 1 0 0
vn 1 0 0
vn 1 0 0
vn 1 0 0
vn -0 0 -1
vn -0 0 -1
vn -0 0 -1
vn -0 0 -1
vn -0 1 0
vn -0 1 0
vn -0 1 0
vn -0 1 0
vn 1 0 0
vn 1 0 0
vn 1 0 0
vn 1 0 0
vn -0 0 -1
vn -0 0 -1
vn -0 0 -1
vn -0 0 -1
vn -0 0 -1
vn -0 0 -1
vn -0 0 -1
vn -0 0 -1
vn -0 0 -1
vn -0 0 -1
vn -0 0 -1
vn -0 0 -1
vn -0.85009766 0 -0.52685547
vn -0.85009766 0 -0.52685547
vn -0.85009766 0 -0.52685547
vn -0.85009766 0 -0.52685547
vn -0 0 -1
vn -0 0 -1
vn -0 0 -1
vn -0 0 -1
vn -0 -0.67822266 -0.7348633
vn -0 -0.67822266 -0.7348633
vn -0 -0.67822266 -0.7348633
vn -0 -0.67822266 -0.7348633
vn 0.85009766 0 -0.52685547
vn 0.85009766 0 -0.52685547
vn 0.85009766 0 -0.52685547
vn 0.85009766 0 -0.52685547
vn -0 1 0
vn -0 1 0
vn -0 1 0
vn -0 1 0
vn -0 1 0
vn -0 1 0
vn -0 1 0
vn -0 1 0
vn -0 1 0
vn -0 1 0
vn -0 1 0
vn -0 1 0
vn -0 1 0
vn -0 1 0
vn -0 1 0
vn -0 1 0
vn -0 1 0
vn -0 1 0
vn -0 1 0
vn -0 1 0
vn -0 1 0
vn -0 1 0
vn -0 1 0
vn -0 1 0
vn -0 1 0
vn -0 1 0
vn -0 1 0
vn -0 1 0
vn -0 1 0
vn -0 1 0
vn -0 1 0
vn -0 1 0
vn -0 1 0
vn -0 1 0
vn -0 1 0
vn -0 1 0
vn -0 1 0
vn -0 1 0
vn -0 1 0
vn -0 1 0
vn -0 0 -1
vn -0 0 -1
vn -0 0 -1
vn -0 0 -1
vn -0 0 -1
vn -0 0 -1
vn -0 0 -1
vn -0 0 -1
vn 1 0 0
vn 1 0 0
vn 1 0 0
vn 1 0 0
vn -0 0 -1
vn -0 0 -1
vn -0 0 -1
vn -0 0 -1
vn 1 0 0
vn 1 0 0
vn 1 0 0
vn 1 0 0
vn -0 0 -1
vn -0 0 -1
vn -0 0 -1
vn -0 0 -1
vn 1 0 0
vn 1 0 0
vn 1 0 0
vn 1 0 0
vn -0 0 -1
vn -0 0 -1
vn -0 0 -1
vn -0 0 -1
vn 1 0 0
vn 1 0 0
vn 1 0 0
vn 1 0 0
vn 1 0 0
vn 1 0 0
vn 1 0 0
vn 1 0 0
vn -0 0 -1
vn -0 0 -1
vn -0 0 -1
vn -0 0 -1
vn 1 0 0
vn 1 0 0
vn 1 0 0
vn 1 0 0
vn 1 0 0
vn 1 0 0
vn 1 0 0
vn 1 0 0
vn 1 0 0
vn 1 0 0
vn 1 0 0
vn 1 0 0
vn -0 0 -1
vn -0 0 -1
vn -0 0 -1
vn -0 0 -1
vn -0 -1 0
vn -0 -1 0
vn -0 -1 0
vn -0 -1 0
vn -0 0 1
vn -0 0 1
vn -0 0 1
vn -0 0 1
vn -0 1 0
vn -0 1 0
vn -0 1 0
vn -0 1 0
vn -0 1 0
vn -0 1 0
vn -0 1 0
vn -0 1 0
vn -0 1 0
vn -0 1 0
vn -0 1 0
vn -0 1 0
vn -0 1 0
vn -0 1 0
vn -0 1 0
vn -0 1 0
vn -0 1 0
vn -0 1 0
vn -0 1 0
vn -0 1 0
vn 1 0 0
vn 1 0 0
vn 1 0 0
vn 1 0 0
vn -0 0 -1
vn -0 0 -1
vn -0 0 -1
vn -0 0 -1
vn -0 1 0
vn -0 1 0
vn -0 1 0
vn -0 1 0
vn 1 0 0
vn 1 0 0
vn 1 0 0
vn 1 0 0
vn -0 0 -1
vn -0 0 -1
vn -0 0 -1
vn -0 0 -1
vn -0 1 0
vn -0 1 0
vn -0 1 0
vn -0 1 0
vn -0 0 -1
vn -0 0 -1
vn -0 0 -1
vn -0 0 -1
vn 1 0 0
vn 1 0 0
vn 1 0 0
vn 1 0 0
vn -0 1 0
vn -0 1 0
vn -0 1 0
vn -0 1 0
vn 1 0 0
vn 1 0 0
vn 1 0 0
vn 1 0 0
vn -0 0 -1
vn -0 0 -1
vn -0 0 -1
vn -0 0 -1
vn -0 0 -1
vn -0 0 -1
vn -0 0 -1
vn -0 0 -1
vn -0 0 -1
vn -0 0 -1
vn -0 0 -1
vn -0 0 -1
vn -0 -0.67822266 -0.7348633
vn -0 -0.67822266 -0.7348633
vn -0 -0.67822266 -0.7348633
vn -0 -0.67822266 -0.7348633
vn -0.85009766 0 -0.52685547
vn -0.85009766 0 -0.52685547
vn -0.85009766 0 -0.52685547
vn -0.85009766 0 -0.52685547
vn -0 0 -1
vn -0 0 -1
vn -0 0 -1
vn -0 0 -1
vn 0.85009766 0 -0.52685547
vn 0.85009766 0 -0.52685547
vn 0.85009766 0 -0.52685547
vn 0.85009766 0 -0.52685547
vn -0 0 -1
vn -0 0 -1
vn -0 0 -1
vn -0 0 -1
vn -0 1 0
vn -0 1 0
vn -0 1 0
vn -0 1 0
vn -0 1 0
vn -0 1 0
vn -0 1 0
vn -0 1 0
vn -0 1 0
vn -0 1 0
vn -0 1 0
vn -0 1 0
vn -0 1 0
vn -0 1 0
vn -0 1 0
vn -0 1 0
vn -0 0 -1
vn -0 0 -1
vn -0 0 -1
vn -0 0 -1
vn -0 1 0
vn -0 1 0
vn -0 1 0
vn -0 1 0
vn -0 1 0
vn -0 1 0
vn -0 1 0
vn -0 1 0
vn -0 0 -1
vn -0 0 -1
vn -0 0 -1
vn -0 0 -1
vn -0 1 0
vn -0 1 0
vn -0 1 0
vn -0 1 0
vn -0 0 -1
vn -0 0 -1
vn -0 0 -1
vn -0 0 -1
vn -0 1 0
vn -0 1 0
vn -0 1 0
vn -0 1 0
vn -0 0 -1
vn -0 0 -1
vn -0 0 -1
vn -0 0 -1
vn -0 1 0
vn -0 1 0
vn -0 1 0
vn -0 1 0
vn -0 0 -1
vn -0 0 -1
vn -0 0 -1
vn -0 0 -1
vn -0 1 0
vn -0 1 0
vn -0 1 0
vn -0 1 0
vn 1 0 0
vn 1 0 0
vn 1 0 0
vn 1 0 0
vn 1 0 0
vn 1 0 0
vn 1 0 0
vn 1 0 0
vn 1 0 0
vn 1 0 0
vn 1 0 0
vn 1 0 0
vn 1 0 0
vn 1 0 0
vn 1 0 0
vn 1 0 0
vn 1 0 0
vn 1 0 0
vn 1 0 0
vn 1 0 0
vn 1 0 0
vn 1 0 0
vn 1 0 0
vn 1 0 0
vn 1 0 0
vn 1 0 0
vn 1 0 0
vn 1 0 0
vn 1 0 0
vn 1 0 0
vn 1 0 0
vn 1 0 0
vn -0 0 1
vn -0 0 1
vn -0 0 1
vn -0 0 1
vn -0 -1 0
vn -0 -1 0
vn -0 -1 0
vn -0 -1 0
vn -0 0 -1
vn -0 0 -1
vn -0 0 -1
vn -0 0 -1
vn -0 1 0
vn -0 1 0
vn -0 1 0
vn -0 1 0
vn -0 1 0
vn -0 1 0
vn -0 1 0
vn -0 1 0
vn -0 1 0
vn -0 1 0
vn -0 1 0
vn -0 1 0
vn -0 1 0
vn -0 1 0
vn -0 1 0
vn -0 1 0
vn -0 1 0
vn -0 1 0
vn -0 1 0
vn -0 1 0
vn -0 0 -1
vn -0 0 -1
vn -0 0 -1
vn -0 0 -1
vn 1 0 0
vn 1 0 0
vn 1 0 0
vn 1 0 0
vn -0 1 0
vn -0 1 0
vn -0 1 0
vn -0 1 0
vn -0 0 -1
vn -0 0 -1
vn -0 0 -1
vn -0 0 -1
vn 1 0 0
vn 1 0 0
vn 1 0 0
vn 1 0 0
vn -0 1 0
vn -0 1 0
vn -0 1 0
vn -0 1 0
vn -0 0 -1
vn -0 0 -1
vn -0 0 -1
vn -0 0 -1
vn 1 0 0
vn 1 0 0
vn 1 0 0
vn 1 0 0
vn -0 1 0
vn -0 1 0
vn -0 1 0
vn -0 1 0
vn 1 0 0
vn 1 0 0
vn 1 0 0
vn 1 0 0
vn -0 0 -1
vn -0 0 -1
vn -0 0 -1
vn -0 0 -1
vn 1 0 0
vn 1 0 0
vn 1 0 0
vn 1 0 0
vn 1 0 0
vn 1 0 0
vn 1 0 0
vn 1 0 0
vn 0.52685547 0 0.85009766
vn 0.52685547 0 0.85009766
vn 0.52685547 0 0.85009766
vn 0.52685547 0 0.85009766
vn 1 0 0
vn 1 0 0
vn 1 0 0
vn 1 0 0
vn 0.7348633 -0.67822266 0
vn 0.7348633 -0.67822266 0
vn 0.7348633 -0.67822266 0
vn 0.7348633 -0.67822266 0
vn 0.52685547 0 -0.85009766
vn 0.52685547 0 -0.85009766
vn 0.52685547 0 -0.85009766
vn 0.52685547 0 -0.85009766
vn -0 1 0
vn -0 1 0
vn -0 1 0
vn -0 1 0
vn -0 1 0
vn -0 1 0
vn -0 1 0
vn -0 1 0
vn -0 1 0
vn -0 1 0
vn -0 1 0
vn -0 1 0
vn -0 1 0
vn -0 1 0
vn -0 1 0
vn -0 1 0
vn -0 1 0
vn -0 1 0
vn -0 1 0
vn -0 1 0
vn -0 1 0
vn -0 1 0
vn -0 1 0
vn -0 1 0
vn -0 1 0
vn -0 1 0
vn -0 1 0
vn -0 1 0
vn -0 1 0
vn -0 1 0
vn -0 1 0
vn -0 1 0
vn -0 1 0
vn -0 1 0
vn -0 1 0
vn -0 1 0
vn -0 1 0
vn -0 1 0
vn -0 1 0
vn -0 1 0
vn 1 0 0
vn 1 0 0
vn 1 0 0
vn 1 0 0
vn 1 0 0
vn 1 0 0
vn 1 0 0
vn 1 0 0
vn -0 0 -1
vn -0 0 -1
vn -0 0 -1
vn -0 0 -1
vn 1 0 0
vn 1 0 0
vn 1 0 0
vn 1 0 0
vn -0 0 -1
vn -0 0 -1
vn -0 0 -1
vn -0 0 -1
vn 1 0 0
vn 1 0 0
vn 1 0 0
vn 1 0 0
vn -0 0 -1
vn -0 0 -1
vn -0 0 -1
vn -0 0 -1
vn 1 0 0
vn 1 0 0
vn 1 0 0
vn 1 0 0
vn -0 0 -1
vn -0 0 -1
vn -0 0 -1
vn -0 0 -1
vn -0 0 -1
vn -0 0 -1
vn -0 0 -1
vn -0 0 -1
vn 1 0 0
vn 1 0 0
vn 1 0 0
vn 1 0 0
vn -0 0 -1
vn -0 0 -1
vn -0 0 -1
vn -0 0 -1
vn -0 0 -1
vn -0 0 -1
vn -0 0 -1
vn -0 0 -1
vn -0 0 -1
vn -0 0 -1
vn -0 0 -1
vn -0 0 -1
vn 1 0 0
vn 1 0 0
vn 1 0 0
vn 1 0 0
vn -0 -1 0
vn -0 -1 0
vn -0 -1 0
vn -0 -1 0
vn -1 0 0
vn -1 0 0
vn -1 0 0
vn -1 0 0
vn -0 1 0
vn -0 1 0
vn -0 1 0
vn -0 1 0
vn -0 1 0
vn -0 1 0
vn -0 1 0
vn -0 1 0
vn -0 1 0
vn -0 1 0
vn -0 1 0
vn -0 1 0
vn -0 1 0
vn -0 1 0
vn -0 1 0
vn -0 1 0
vn -0 1 0
vn -0 1 0
vn -0 1 0
vn -0 1 0
vn -0 0 -1
vn -0 0 -1
vn -0 0 -1
vn -0 0 -1
vn 1 0 0
vn 1 0 0
vn 1 0 0
vn 1 0 0
vn -0 1 0
vn -0 1 0
vn -0 1 0
vn -0 1 0
vn -0 0 -1
vn -0 0 -1
vn -0 0 -1
vn -0 0 -1
vn 1 0 0
vn 1 0 0
vn 1 0 0
vn 1 0 0
vn -0 1 0
vn -0 1 0
vn -0 1 0
vn -0 1 0
vn 1 0 0
vn 1 0 0
vn 1 0 0
vn 1 0 0
vn -0 0 -1
vn -0 0 -1
vn -0 0 -1
vn -0 0 -1
vn -0 1 0
vn -0 1 0
vn -0 1 0
vn -0 1 0
vn -0 0 -1
vn -0 0 -1
vn -0 0 -1
vn -0 0 -1
vn 1 0 0
vn 1 0 0
vn 1 0 0
vn 1 0 0
vn 1 0 0
vn 1 0 0
vn 1 0 0
vn 1 0 0
vn 1 0 0
vn 1 0 0
vn 1 0 0
vn 1 0 0
vn 0.7348633 -0.67822266 0
vn 0.7348633 -0.67822266 0
vn 0.7348633 -0.67822266 0
vn 0.7348633 -0.67822266 0
vn 0.52685547 0 0.85009766
vn 0.52685547 0 0.85009766
vn 0.52685547 0 0.85009766
vn 0.52685547 0 0.85009766
vn 1 0 0
vn 1 0 0
vn 1 0 0
vn 1 0 0
vn 0.52685547 0 -0.85009766
vn 0.52685547 0 -0.85009766
vn 0.52685547 0 -0.85009766
vn 0.52685547 0 -0.85009766
vn 1 0 0
vn 1 0 0
vn 1 0 0
vn 1 0 0
vn -0 1 0
vn -0 1 0
vn -0 1 0
vn -0 1 0
vn -0 1 0
vn -0 1 0
vn -0 1 0
vn -0 1 0
vn -0 1 0
vn -0 1 0
vn -0 1 0
vn -0 1 0
vn -0 1 0
vn -0 1 0
vn -0 1 0
vn -0 1 0
vn 1 0 0
vn 1 0 0
vn 1 0 0
vn 1 0 0
vn -0 1 0
vn -0 1 0
vn -0 1 0
vn -0 1 0
vn -0 1 0
vn -0 1 0
vn -0 1 0
vn -0 1 0
vn 1 0 0
vn 1 0 0
vn 1 0 0
vn 1 0 0
vn -0 1 0
vn -0 1 0
vn -0 1 0
vn -0 1 0
vn 1 0 0
vn 1 0 0
vn 1 0 0
vn 1 0 0
vn -0 1 0
vn -0 1 0
vn -0 1 0
vn -0 1 0
vn 1 0 0
vn 1 0 0
vn 1 0 0
vn 1 0 0
vn -0 1 0
vn -0 1 0
vn -0 1 0
vn -0 1 0
vn 1 0 0
vn 1 0 0
vn 1 0 0
vn 1 0 0
vn -0 1 0
vn -0 1 0
vn -0 1 0
vn -0 1 0
vn -0 0 -1
vn -0 0 -1
vn -0 0 -1
vn -0 0 -1
vn -0 0 -1
vn -0 0 -1
vn -0 0 -1
vn -0 0 -1
vn -0 0 -1
vn -0 0 -1
vn -0 0 -1
vn -0 0 -1
vn -0 0 -1
vn -0 0 -1
vn -0 0 -1
vn -0 0 -1
vn -0 0 -1
vn -0 0 -1
vn -0 0 -1
vn -0 0 -1
vn -0 0 -1
vn -0 0 -1
vn -0 0 -1
vn -0 0 -1
vn -0 0 -1
vn -0 0 -1
vn -0 0 -1
vn -0 0 -1
vn -0 0 -1
vn -0 0 -1
vn -0 0 -1
vn -0 0 -1
vn -1 0 0
vn -1 0 0
vn -1 0 0
vn -1 0 0
vn -0 -1 0
vn -0 -1 0
vn -0 -1 0
vn -0 -1 0
vn 1 0 0
vn 1 0 0
vn 1 0 0
vn 1 0 0
vn -0 1 0
vn -0 1 0
vn -0 1 0
vn -0 1 0
vn -0 1 0
vn -0 1 0
vn -0 1 0
vn -0 1 0
vn -0 1 0
vn -0 1 0
vn -0 1 0
vn -0 1 0
vn -0 1 0
vn -0 1 0
vn -0 1 0
vn -0 1 0
vn -0 1 0
vn -0 1 0
vn -0 1 0
vn -0 1 0
vn 1 0 0
vn 1 0 0
vn 1 0 0
vn 1 0 0
vn -0 0 -1
vn -0 0 -1
vn -0 0 -1
vn -0 0 -1
vn -0 1 0
vn -0 1 0
vn -0 1 0
vn -0 1 0
vn 1 0 0
vn 1 0 0
vn 1 0 0
vn 1 0 0
vn -0 0 -1
vn -0 0 -1
vn -0 0 -1
vn -0 0 -1
vn -0 1 0
vn -0 1 0
vn -0 1 0
vn -0 1 0
vn 1 0 0
vn 1 0 0
vn 1 0 0
vn 1 0 0
vn -0 0 -1
vn -0 0 -1
vn -0 0 -1
vn -0 0 -1
vn -0 1 0
vn -0 1 0
vn -0 1 0
vn -0 1 0
vn -0 0 -1
vn -0 0 -1
vn -0 0 -1
vn -0 0 -1
vn 1 0 0
vn 1 0 0
vn 1 0 0
vn 1 0 0
vn -1 1.1563301E-05 -1.13248825E-05
vn -1 1.1563301E-05 -1.13248825E-05
vn -1 1.1563301E-05 -1.13248825E-05
vn -1 1.1563301E-05 -1.13248825E-05
vn -0 0 -1
vn -0 0 -1
vn -0 0 -1
vn -0 0 -1
vn -3.20673E-05 1 -3.170967E-05
vn -3.20673E-05 1 -3.170967E-05
vn -3.20673E-05 1 -3.170967E-05
vn -3.20673E-05 1 -3.170967E-05
vn -0 0 -1
vn -0 0 -1
vn -0 0 -1
vn -0 0 -1
vn 1 0 0
vn 1 0 0
vn 1 0 0
vn 1 0 0
vn 1 0 0
vn 1 0 0
vn 1 0 0
vn 1 0 0
vn 1 1.1563301E-05 -1.1980534E-05
vn 1 1.1563301E-05 -1.1980534E-05
vn 1 1.1563301E-05 -1.1980534E-05
vn 1 1.1563301E-05 -1.1980534E-05
vn -0 1 0
vn -0 1 0
vn -0 1 0
vn -0 1 0
vn 3.20673E-05 1 -3.170967E-05
vn 3.20673E-05 1 -3.170967E-05
vn 3.20673E-05 1 -3.170967E-05
vn 3.20673E-05 1 -3.170967E-05
vn -0 0 -1
vn -0 0 -1
vn -0 0 -1
vn -0 0 -1
vn 1 1.1444092E-05 -1.1622906E-05
vn 1 1.1444092E-05 -1.1622906E-05
vn 1 1.1444092E-05 -1.1622906E-05
vn 1 1.1444092E-05 -1.1622906E-05
vn -0 0 -1
vn -0 0 -1
vn -0 0 -1
vn -0 0 -1
vn 3.20673E-05 1 -3.170967E-05
vn 3.20673E-05 1 -3.170967E-05
vn 3.20673E-05 1 -3.170967E-05
vn 3.20673E-05 1 -3.170967E-05
vn -0 0 -1
vn -0 0 -1
vn -0 0 -1
vn -0 0 -1
vn -1 1.1146069E-05 -1.0669231E-05
vn -1 1.1146069E-05 -1.0669231E-05
vn -1 1.1146069E-05 -1.0669231E-05
vn -1 1.1146069E-05 -1.0669231E-05
vn -0 1 0
vn -0 1 0
vn -0 1 0
vn -0 1 0
vn -3.20673E-05 1 -3.170967E-05
vn -3.20673E-05 1 -3.170967E-05
vn -3.20673E-05 1 -3.170967E-05
vn -3.20673E-05 1 -3.170967E-05
vn -0 0 -1
vn -0 0 -1
vn -0 0 -1
vn -0 0 -1
vn 1 0 0
vn 1 0 0
vn 1 0 0
vn 1 0 0
vn 1 0 0
vn 1 0 0
vn 1 0 0
vn 1 0 0
vn -0 1 0
vn -0 1 0
vn -0 1 0
vn -0 1 0
vn -0 1 0
vn -0 1 0
vn -0 1 0
vn 0.44848633 0.09283447 -0.88916016
vn 0.44848633 0.09283447 -0.88916016
vn 0.44848633 0.09283447 -0.88916016
vn 0.44848633 0.09283447 -0.88916016
vn -0.9453125 0.13183594 -0.29907227
vn -0.9453125 0.13183594 -0.29907227
vn -0.9453125 0.13183594 -0.29907227
vn -0.9453125 0.13183594 -0.29907227
vn 0.92871094 0.13244629 0.3466797
vn 0.92871094 0.13244629 0.3466797
vn 0.92871094 0.13244629 0.3466797
vn 0.92871094 0.13244629 0.3466797
vn 0.35595703 0.09362793 -0.9296875
vn 0.35595703 0.09362793 -0.9296875
vn 0.35595703 0.09362793 -0.9296875
vn 0.35595703 0.09362793 -0.9296875
vn -0 1 0
vn -0 1 0
vn -0 1 0
vn -0 1 0
vn 0.46923828 0.12359619 0.8745117
vn 0.46923828 0.12359619 0.8745117
vn 0.46923828 0.12359619 0.8745117
vn 0.46923828 0.12359619 0.8745117
vn 0.7817383 0.17492676 -0.5986328
vn 0.7817383 0.17492676 -0.5986328
vn 0.7817383 0.17492676 -0.5986328
vn 0.7817383 0.17492676 -0.5986328
vn -0.4963379 0.12036133 -0.8598633
vn -0.4963379 0.12036133 -0.8598633
vn -0.4963379 0.12036133 -0.8598633
vn -0.4963379 0.12036133 -0.8598633
vn -0 1 0
vn -0 1 0
vn -0 1 0
vn -0 1 0
vn 0.55566406 0.124572754 0.8222656
vn 0.55566406 0.124572754 0.8222656
vn 0.55566406 0.124572754 0.8222656
vn 0.55566406 0.124572754 0.8222656
vn -0.9345703 0.120666504 -0.33496094
vn -0.9345703 0.120666504 -0.33496094
vn -0.9345703 0.120666504 -0.33496094
vn -0.9345703 0.120666504 -0.33496094
vn -0.6845703 0.14831543 -0.7133789
vn -0.6845703 0.14831543 -0.7133789
vn -0.6845703 0.14831543 -0.7133789
vn -0.6845703 0.14831543 -0.7133789
vn -0.04269409 0.99853516 0.03668213
vn -0.04269409 0.99853516 0.03668213
vn -0.04269409 0.99853516 0.03668213
vn -0.04269409 0.99853516 0.03668213
vn -0.0022239685 0.11773682 -0.99316406
vn -0.0022239685 0.11773682 -0.99316406
vn -0.0022239685 0.11773682 -0.99316406
vn -0.0022239685 0.11773682 -0.99316406
vn -0.9921875 0.123168945 0.001996994
vn -0.9921875 0.123168945 0.001996994
vn -0.9921875 0.123168945 0.001996994
vn -0.9921875 0.123168945 0.001996994
vn 0.9926758 0.118774414 0.0019264221
vn 0.9926758 0.118774414 0.0019264221
vn 0.9926758 0.118774414 0.0019264221
vn 0.9926758 0.118774414 0.0019264221
vn -0.045318604 0.99902344 0.0015478134
vn -0.045318604 0.99902344 0.0015478134
vn -0.045318604 0.99902344 0.0015478134
vn -0.045318604 0.99902344 0.0015478134
vn -0.045318604 0.99902344 0.0015478134
vn 0.7363281 0.21557617 -0.6411133
vn 0.7363281 0.21557617 -0.6411133
vn 0.7363281 0.21557617 -0.6411133
vn 0.7363281 0.21557617 -0.6411133
vn -0.7651367 0.2154541 -0.6064453
vn -0.7651367 0.2154541 -0.6064453
vn -0.7651367 0.2154541 -0.6064453
vn -0.7651367 0.2154541 -0.6064453
vn 0.64404297 0.19641113 0.7392578
vn 0.64404297 0.19641113 0.7392578
vn 0.64404297 0.19641113 0.7392578
vn 0.64404297 0.19641113 0.7392578
vn 0.2770996 0.22558594 -0.93408203
vn 0.2770996 0.22558594 -0.93408203
vn 0.2770996 0.22558594 -0.93408203
vn 0.2770996 0.22558594 -0.93408203
vn -0.020401001 0.99902344 -0.038116455
vn -0.020401001 0.99902344 -0.038116455
vn -0.020401001 0.99902344 -0.038116455
vn -0.020401001 0.99902344 -0.038116455
vn -0.020401001 0.99902344 -0.038116455
vn 0.9394531 0.10784912 0.32470703
vn 0.9394531 0.10784912 0.32470703
vn 0.9394531 0.10784912 0.32470703
vn 0.9394531 0.10784912 0.32470703
vn 0.12548828 0.103637695 -0.9868164
vn 0.12548828 0.103637695 -0.9868164
vn 0.12548828 0.103637695 -0.9868164
vn 0.12548828 0.103637695 -0.9868164
vn 0.9667969 0.11126709 -0.22973633
vn 0.9667969 0.11126709 -0.22973633
vn 0.9667969 0.11126709 -0.22973633
vn 0.9667969 0.11126709 -0.22973633
vn -0.01260376 0.99902344 0.037597656
vn -0.01260376 0.99902344 0.037597656
vn -0.01260376 0.99902344 0.037597656
vn -0.01260376 0.99902344 0.037597656
vn -0.515625 0.12261963 -0.84814453
vn -0.515625 0.12261963 -0.84814453
vn -0.515625 0.12261963 -0.84814453
vn -0.515625 0.12261963 -0.84814453
vn -0.9370117 0.19116211 0.2919922
vn -0.9370117 0.19116211 0.2919922
vn -0.9370117 0.19116211 0.2919922
vn -0.9370117 0.19116211 0.2919922
vn 0.4387207 0.15222168 0.8857422
vn 0.4387207 0.15222168 0.8857422
vn 0.4387207 0.15222168 0.8857422
vn 0.4387207 0.15222168 0.8857422
vn 0.8383789 0.20263672 -0.5058594
vn 0.8383789 0.20263672 -0.5058594
vn 0.8383789 0.20263672 -0.5058594
vn 0.8383789 0.20263672 -0.5058594
vn -0 1 0
vn -0 1 0
vn -0 1 0
vn -0 1 0
vn -0 1 0
vn -0 1 0
vn -0 1 0
vn 0.84765625 0.40844727 0.33862305
vn 0.84765625 0.40844727 0.33862305
vn 0.84765625 0.40844727 0.33862305
vn 0.84765625 0.40844727 0.33862305
vn 0.18310547 0.53808594 -0.8227539
vn 0.18310547 0.53808594 -0.8227539
vn 0.18310547 0.53808594 -0.8227539
vn 0.18310547 0.53808594 -0.8227539
vn -0.8613281 0.3996582 -0.31347656
vn -0.8613281 0.3996582 -0.31347656
vn -0.8613281 0.3996582 -0.31347656
vn -0.8613281 0.3996582 -0.31347656
vn -0.22460938 0.54052734 0.81103516
vn -0.22460938 0.54052734 0.81103516
vn -0.22460938 0.54052734 0.81103516
vn -0.22460938 0.54052734 0.81103516
vn 0.87646484 0.41137695 0.25048828
vn 0.87646484 0.41137695 0.25048828
vn 0.87646484 0.41137695 0.25048828
vn 0.87646484 0.41137695 0.25048828
vn -0.8598633 0.39990234 0.31762695
vn -0.8598633 0.39990234 0.31762695
vn -0.8598633 0.39990234 0.31762695
vn -0.8598633 0.39990234 0.31762695
vn -0.8754883 0.4741211 -0.0947876
vn -0.8754883 0.4741211 -0.0947876
vn -0.8754883 0.4741211 -0.0947876
vn -0.8754883 0.4741211 -0.0947876
vn -0 1 0
vn -0 1 0
vn -0 1 0
vn -0 1 0
vn 0.29516602 0.17504883 0.9394531
vn 0.29516602 0.17504883 0.9394531
vn 0.29516602 0.17504883 0.9394531
vn 0.29516602 0.17504883 0.9394531
vn 0.97753906 0.12042236 -0.17236328
vn 0.97753906 0.12042236 -0.17236328
vn 0.97753906 0.12042236 -0.17236328
vn 0.97753906 0.12042236 -0.17236328
vn -0.24682617 0.17590332 -0.953125
vn -0.24682617 0.17590332 -0.953125
vn -0.24682617 0.17590332 -0.953125
vn -0.24682617 0.17590332 -0.953125
vn -0 1 0
vn -0 1 0
vn -0 1 0
vn -0 1 0
vn 0.6347656 0.12060547 -0.7631836
vn 0.6347656 0.12060547 -0.7631836
vn 0.6347656 0.12060547 -0.7631836
vn 0.6347656 0.12060547 -0.7631836
vn 0.90478516 0.14819336 -0.3996582
vn 0.90478516 0.14819336 -0.3996582
vn 0.90478516 0.14819336 -0.3996582
vn 0.90478516 0.14819336 -0.3996582
vn -0.019882202 0.99853516 -0.052642822
vn -0.019882202 0.99853516 -0.052642822
vn -0.019882202 0.99853516 -0.052642822
vn -0.019882202 0.99853516 -0.052642822
vn 0.92089844 0.20605469 0.33081055
vn 0.92089844 0.20605469 0.33081055
vn 0.92089844 0.20605469 0.33081055
vn 0.92089844 0.20605469 0.33081055
vn 0.33007812 0.2211914 -0.91748047
vn 0.33007812 0.2211914 -0.91748047
vn 0.33007812 0.2211914 -0.91748047
vn 0.33007812 0.2211914 -0.91748047
vn -0.91552734 0.21813965 -0.33764648
vn -0.91552734 0.21813965 -0.33764648
vn -0.91552734 0.21813965 -0.33764648
vn -0.91552734 0.21813965 -0.33764648
vn -0.33764648 0.20678711 0.91845703
vn -0.33764648 0.20678711 0.91845703
vn -0.33764648 0.20678711 0.91845703
vn -0.33764648 0.20678711 0.91845703
vn -0.01209259 0.99902344 0.03765869
vn -0.01209259 0.99902344 0.03765869
vn -0.01209259 0.99902344 0.03765869
vn -0.01209259 0.99902344 0.03765869
vn -0.5161133 0.10699463 -0.8496094
vn -0.5161133 0.10699463 -0.8496094
vn -0.5161133 0.10699463 -0.8496094
vn -0.5161133 0.10699463 -0.8496094
vn 0.4399414 0.13232422 0.8881836
vn 0.4399414 0.13232422 0.8881836
vn 0.4399414 0.13232422 0.8881836
vn 0.4399414 0.13232422 0.8881836
vn 0.84228516 0.1772461 -0.50927734
vn 0.84228516 0.1772461 -0.50927734
vn 0.84228516 0.1772461 -0.50927734
vn 0.84228516 0.1772461 -0.50927734
vn -0.022659302 0.99853516 0.052978516
vn -0.022659302 0.99853516 0.052978516
vn -0.022659302 0.99853516 0.052978516
vn -0.022659302 0.99853516 0.052978516
vn -0.005657196 0.3642578 -0.93115234
vn -0.005657196 0.3642578 -0.93115234
vn -0.005657196 0.3642578 -0.93115234
vn -0.005657196 0.3642578 -0.93115234
vn -0.8652344 0.3618164 0.3466797
vn -0.8652344 0.3618164 0.3466797
vn -0.8652344 0.3618164 0.3466797
vn -0.8652344 0.3618164 0.3466797
vn 0.13415527 0.40844727 0.90283203
vn 0.13415527 0.40844727 0.90283203
vn 0.13415527 0.40844727 0.90283203
vn 0.13415527 0.40844727 0.90283203
vn 0.8779297 0.32592773 -0.35107422
vn 0.8779297 0.32592773 -0.35107422
vn 0.8779297 0.32592773 -0.35107422
vn 0.8779297 0.32592773 -0.35107422
vn -0.014411926 0.99902344 0.043151855
vn -0.014411926 0.99902344 0.043151855
vn -0.014411926 0.99902344 0.043151855
vn -0.014411926 0.99902344 0.043151855
vn -0.0124053955 0.99902344 0.04159546
vn -0.0124053955 0.99902344 0.04159546
vn -0.0124053955 0.99902344 0.04159546
vn -0.6020508 0.39331055 -0.6948242
vn -0.6020508 0.39331055 -0.6948242
vn -0.6020508 0.39331055 -0.6948242
vn -0.6020508 0.39331055 -0.6948242
vn 0.53271484 0.34472656 0.7729492
vn 0.53271484 0.34472656 0.7729492
vn 0.53271484 0.34472656 0.7729492
vn 0.53271484 0.34472656 0.7729492
vn -0.30517578 0.32592773 -0.89453125
vn -0.30517578 0.32592773 -0.89453125
vn -0.30517578 0.32592773 -0.89453125
vn -0.30517578 0.32592773 -0.89453125
vn 0.29516602 0.33642578 0.89404297
vn 0.29516602 0.33642578 0.89404297
vn 0.29516602 0.33642578 0.89404297
vn 0.29516602 0.33642578 0.89404297
vn 0.024383545 0.99853516 0.050720215
vn 0.024383545 0.99853516 0.050720215
vn 0.024383545 0.99853516 0.050720215
vn 0.024383545 0.99853516 0.050720215
vn -0.95996094 0.11785889 -0.2548828
vn -0.95996094 0.11785889 -0.2548828
vn -0.95996094 0.11785889 -0.2548828
vn -0.95996094 0.11785889 -0.2548828
vn 0.9580078 0.12176514 0.2590332
vn 0.9580078 0.12176514 0.2590332
vn 0.9580078 0.12176514 0.2590332
vn 0.9580078 0.12176514 0.2590332
vn 0.2590332 0.118652344 -0.9584961
vn 0.2590332 0.118652344 -0.9584961
vn 0.2590332 0.118652344 -0.9584961
vn 0.2590332 0.118652344 -0.9584961
vn 0.033233643 0.99902344 0.02142334
vn 0.033233643 0.99902344 0.02142334
vn 0.033233643 0.99902344 0.02142334
vn 0.033233643 0.99902344 0.02142334
vn 0.03930664 0.16589355 0.98535156
vn 0.03930664 0.16589355 0.98535156
vn 0.03930664 0.16589355 0.98535156
vn 0.03930664 0.16589355 0.98535156
vn 0.9716797 0.13244629 -0.19543457
vn 0.9716797 0.13244629 -0.19543457
vn 0.9716797 0.13244629 -0.19543457
vn 0.9716797 0.13244629 -0.19543457
vn -0.27368164 0.17736816 -0.9453125
vn -0.27368164 0.17736816 -0.9453125
vn -0.27368164 0.17736816 -0.9453125
vn -0.27368164 0.17736816 -0.9453125
vn -0 1 0
vn -0 1 0
vn -0 1 0
vn -0 1 0
vn -0 1 0
vn -0 1 0
vn -0 1 0
vn 0.7861328 0.3408203 -0.5151367
vn 0.7861328 0.3408203 -0.5151367
vn 0.7861328 0.3408203 -0.5151367
vn 0.7861328 0.3408203 -0.5151367
vn -0.5996094 0.45898438 -0.6557617
vn -0.5996094 0.45898438 -0.6557617
vn -0.5996094 0.45898438 -0.6557617
vn -0.5996094 0.45898438 -0.6557617
vn -0.77246094 0.33251953 0.5410156
vn -0.77246094 0.33251953 0.5410156
vn -0.77246094 0.33251953 0.5410156
vn -0.77246094 0.33251953 0.5410156
vn 0.5649414 0.4609375 0.6845703
vn 0.5649414 0.4609375 0.6845703
vn 0.5649414 0.4609375 0.6845703
vn 0.5649414 0.4609375 0.6845703
vn 0.7294922 0.34350586 -0.5917969
vn 0.7294922 0.34350586 -0.5917969
vn 0.7294922 0.34350586 -0.5917969
vn 0.7294922 0.34350586 -0.5917969
vn -0.2401123 0.3330078 0.9116211
vn -0.2401123 0.3330078 0.9116211
vn -0.2401123 0.3330078 0.9116211
vn -0.2401123 0.3330078 0.9116211
vn -0.6035156 0.39941406 0.6899414
vn -0.6035156 0.39941406 0.6899414
vn -0.6035156 0.39941406 0.6899414
vn -0.6035156 0.39941406 0.6899414
vn -0 1 0
vn -0 1 0
vn -0 1 0
vn -0 1 0
vn 0.93847656 0.2841797 -0.19580078
vn 0.93847656 0.2841797 -0.19580078
vn 0.93847656 0.2841797 -0.19580078
vn 0.93847656 0.2841797 -0.19580078
vn 0.04107666 0.38916016 0.92041016
vn 0.04107666 0.38916016 0.92041016
vn 0.04107666 0.38916016 0.92041016
vn 0.04107666 0.38916016 0.92041016
vn -0.94628906 0.27734375 0.16674805
vn -0.94628906 0.27734375 0.16674805
vn -0.94628906 0.27734375 0.16674805
vn -0.94628906 0.27734375 0.16674805
vn -0.08795166 0.390625 -0.9165039
vn -0.08795166 0.390625 -0.9165039
vn -0.08795166 0.390625 -0.9165039
vn -0.08795166 0.390625 -0.9165039
vn -0 1 0
vn -0 1 0
vn -0 1 0
vn -0 1 0
vn 0.953125 0.28637695 -0.0993042
vn 0.953125 0.28637695 -0.0993042
vn 0.953125 0.28637695 -0.0993042
vn 0.953125 0.28637695 -0.0993042
vn -0.82958984 0.27807617 -0.48413086
vn -0.82958984 0.27807617 -0.48413086
vn -0.82958984 0.27807617 -0.48413086
vn -0.82958984 0.27807617 -0.48413086
vn -0.9399414 0.3359375 -0.06298828
vn -0.9399414 0.3359375 -0.06298828
vn -0.9399414 0.3359375 -0.06298828
vn -0.9399414 0.3359375 -0.06298828
vn -0.02456665 0.99853516 0.050628662
vn -0.02456665 0.99853516 0.050628662
vn -0.02456665 0.99853516 0.050628662
vn -0.02456665 0.99853516 0.050628662
vn 0.9472656 0.20056152 -0.24987793
vn 0.9472656 0.20056152 -0.24987793
vn 0.9472656 0.20056152 -0.24987793
vn 0.9472656 0.20056152 -0.24987793
vn 0.24938965 0.2154541 0.94433594
vn 0.24938965 0.2154541 0.94433594
vn 0.24938965 0.2154541 0.94433594
vn 0.24938965 0.2154541 0.94433594
vn -0.2565918 0.20166016 -0.9453125
vn -0.2565918 0.20166016 -0.9453125
vn -0.2565918 0.20166016 -0.9453125
vn -0.2565918 0.20166016 -0.9453125
vn 0.005367279 0.99902344 0.039154053
vn 0.005367279 0.99902344 0.039154053
vn 0.005367279 0.99902344 0.039154053
vn 0.005367279 0.99902344 0.039154053
vn 0.6557617 0.107055664 -0.7475586
vn 0.6557617 0.107055664 -0.7475586
vn 0.6557617 0.107055664 -0.7475586
vn 0.6557617 0.107055664 -0.7475586
vn 0.87646484 0.16589355 0.4519043
vn 0.87646484 0.16589355 0.4519043
vn 0.87646484 0.16589355 0.4519043
vn 0.87646484 0.16589355 0.4519043
vn -0.74121094 0.17712402 -0.64746094
vn -0.74121094 0.17712402 -0.64746094
vn -0.74121094 0.17712402 -0.64746094
vn -0.74121094 0.17712402 -0.64746094
vn -0.055114746 0.99853516 -0.016708374
vn -0.055114746 0.99853516 -0.016708374
vn -0.055114746 0.99853516 -0.016708374
vn -0.055114746 0.99853516 -0.016708374
vn -0.04232788 0.99902344 -0.016708374
vn -0.04232788 0.99902344 -0.016708374
vn -0.04232788 0.99902344 -0.016708374
vn -0.04232788 0.99902344 -0.016708374
vn 0.70947266 0.36401367 0.60302734
vn 0.70947266 0.36401367 0.60302734
vn 0.70947266 0.36401367 0.60302734
vn 0.70947266 0.36401367 0.60302734
vn -0.60498047 0.40893555 -0.68310547
vn -0.60498047 0.40893555 -0.68310547
vn -0.60498047 0.40893555 -0.68310547
vn -0.60498047 0.40893555 -0.68310547
vn 0.8330078 0.32592773 -0.44677734
vn 0.8330078 0.32592773 -0.44677734
vn 0.8330078 0.32592773 -0.44677734
vn 0.8330078 0.32592773 -0.44677734
vn 0.14562988 0.39331055 0.90771484
vn 0.14562988 0.39331055 0.90771484
vn 0.14562988 0.39331055 0.90771484
vn 0.14562988 0.39331055 0.90771484
vn -0.25 0.3449707 -0.90478516
vn -0.25 0.3449707 -0.90478516
vn -0.25 0.3449707 -0.90478516
vn -0.25 0.3449707 -0.90478516
vn 0.4892578 0.32592773 0.80908203
vn 0.4892578 0.32592773 0.80908203
vn 0.4892578 0.32592773 0.80908203
vn 0.4892578 0.32592773 0.80908203
vn -0.49536133 0.33618164 -0.80078125
vn -0.49536133 0.33618164 -0.80078125
vn -0.49536133 0.33618164 -0.80078125
vn -0.49536133 0.33618164 -0.80078125
vn -0.055786133 0.99853516 0.008926392
vn -0.055786133 0.99853516 0.008926392
vn -0.055786133 0.99853516 0.008926392
vn -0.055786133 0.99853516 0.008926392
vn 0.7480469 0.19995117 0.6328125
vn 0.7480469 0.19995117 0.6328125
vn 0.7480469 0.19995117 0.6328125
vn 0.7480469 0.19995117 0.6328125
vn -0.75146484 0.21166992 -0.625
vn -0.75146484 0.21166992 -0.625
vn -0.75146484 0.21166992 -0.625
vn -0.75146484 0.21166992 -0.625
vn 0.6269531 0.20080566 -0.7524414
vn 0.6269531 0.20080566 -0.7524414
vn 0.6269531 0.20080566 -0.7524414
vn 0.6269531 0.20080566 -0.7524414
vn -0.036621094 0.99902344 -0.0149383545
vn -0.036621094 0.99902344 -0.0149383545
vn -0.036621094 0.99902344 -0.0149383545
vn -0.036621094 0.99902344 -0.0149383545
vn 0.3190918 0.1071167 0.94189453
vn 0.3190918 0.1071167 0.94189453
vn 0.3190918 0.1071167 0.94189453
vn 0.3190918 0.1071167 0.94189453
vn -0.39746094 0.13244629 -0.9082031
vn -0.39746094 0.13244629 -0.9082031
vn -0.39746094 0.13244629 -0.9082031
vn -0.39746094 0.13244629 -0.9082031
vn 0.93115234 0.17736816 -0.3178711
vn 0.93115234 0.17736816 -0.3178711
vn 0.93115234 0.17736816 -0.3178711
vn 0.93115234 0.17736816 -0.3178711
vn -0.005493164 0.99902344 0.045013428
vn -0.005493164 0.99902344 0.045013428
vn -0.005493164 0.99902344 0.045013428
vn -0.005493164 0.99902344 0.045013428
vn -0.005493164 0.99902344 0.045013428
vn 0.6879883 0.29858398 -0.6616211
vn 0.6879883 0.29858398 -0.6616211
vn 0.6879883 0.29858398 -0.6616211
vn 0.6879883 0.29858398 -0.6616211
vn 0.52246094 0.30859375 0.7949219
vn 0.52246094 0.30859375 0.7949219
vn 0.52246094 0.30859375 0.7949219
vn 0.52246094 0.30859375 0.7949219
vn -0.66796875 0.27441406 -0.69140625
vn -0.66796875 0.27441406 -0.69140625
vn -0.66796875 0.27441406 -0.69140625
vn -0.66796875 0.27441406 -0.69140625
vn 0.9296875 0.3161621 -0.18811035
vn 0.9296875 0.3161621 -0.18811035
vn 0.9296875 0.3161621 -0.18811035
vn 0.9296875 0.3161621 -0.18811035
vn 0.0013885498 0.99902344 0.04321289
vn 0.0013885498 0.99902344 0.04321289
vn 0.0013885498 0.99902344 0.04321289
vn 0.0013885498 0.99902344 0.04321289
vn 0.0013885498 0.99902344 0.04321289
vn 0.65185547 0.107788086 -0.7504883
vn 0.65185547 0.107788086 -0.7504883
vn 0.65185547 0.107788086 -0.7504883
vn 0.65185547 0.107788086 -0.7504883
vn 0.6020508 0.10357666 0.7919922
vn 0.6020508 0.10357666 0.7919922
vn 0.6020508 0.10357666 0.7919922
vn 0.6020508 0.10357666 0.7919922
vn -0.7182617 0.09844971 -0.68896484
vn -0.7182617 0.09844971 -0.68896484
vn -0.7182617 0.09844971 -0.68896484
vn -0.7182617 0.09844971 -0.68896484
vn 0.95214844 0.11114502 -0.28466797
vn 0.95214844 0.11114502 -0.28466797
vn 0.95214844 0.11114502 -0.28466797
vn 0.95214844 0.11114502 -0.28466797
vn -0.39819336 0.6425781 -0.65478516
vn -0.39819336 0.6425781 -0.65478516
vn -0.39819336 0.6425781 -0.65478516
vn -0.39819336 0.6425781 -0.65478516
vn -0.7705078 0.47998047 0.4194336
vn -0.7705078 0.47998047 0.4194336
vn -0.7705078 0.47998047 0.4194336
vn -0.7705078 0.47998047 0.4194336
vn 0.6220703 0.36132812 0.6948242
vn 0.6220703 0.36132812 0.6948242
vn 0.6220703 0.36132812 0.6948242
vn 0.6220703 0.36132812 0.6948242
vn 0.8847656 0.4333496 -0.17053223
vn 0.8847656 0.4333496 -0.17053223
vn 0.8847656 0.4333496 -0.17053223
vn 0.8847656 0.4333496 -0.17053223
vn -0.6303711 0.32592773 -0.70458984
vn -0.6303711 0.32592773 -0.70458984
vn -0.6303711 0.32592773 -0.70458984
vn -0.6303711 0.32592773 -0.70458984
vn 0.58447266 0.65722656 0.47558594
vn 0.58447266 0.65722656 0.47558594
vn 0.58447266 0.65722656 0.47558594
vn 0.58447266 0.65722656 0.47558594
vn 0.6689453 0.2878418 -0.6855469
vn 0.6689453 0.2878418 -0.6855469
vn 0.6689453 0.2878418 -0.6855469
vn 0.6689453 0.2878418 -0.6855469
vn -0.69677734 0.51416016 0.5
vn -0.69677734 0.51416016 0.5
vn -0.69677734 0.51416016 0.5
vn -0.69677734 0.51416016 0.5
vn 0.40234375 0.26171875 -0.8774414
vn 0.40234375 0.26171875 -0.8774414
vn 0.40234375 0.26171875 -0.8774414
vn 0.40234375 0.26171875 -0.8774414
vn -0.30786133 0.8496094 -0.4284668
vn -0.30786133 0.8496094 -0.4284668
vn -0.30786133 0.8496094 -0.4284668
vn -0.30786133 0.8496094 -0.4284668
vn 0.94921875 0.18139648 -0.25634766
vn 0.94921875 0.18139648 -0.25634766
vn 0.94921875 0.18139648 -0.25634766
vn 0.94921875 0.18139648 -0.25634766
vn -0.5566406 0.29492188 -0.77685547
vn -0.5566406 0.29492188 -0.77685547
vn -0.5566406 0.29492188 -0.77685547
vn -0.5566406 0.29492188 -0.77685547
vn -0 1 0
vn -0 1 0
vn -0 1 0
vn -0 1 0
vn 0.14233398 0.11254883 -0.98339844
vn 0.14233398 0.11254883 -0.98339844
vn 0.14233398 0.11254883 -0.98339844
vn 0.14233398 0.11254883 -0.98339844
vn 0.515625 0.1595459 -0.8417969
vn 0.515625 0.1595459 -0.8417969
vn 0.515625 0.1595459 -0.8417969
vn 0.515625 0.1595459 -0.8417969
vn -0.021438599 0.99902344 0.033233643
vn -0.021438599 0.99902344 0.033233643
vn -0.021438599 0.99902344 0.033233643
vn -0.021438599 0.99902344 0.033233643
vn -0.27856445 0.107177734 -0.95458984
vn -0.27856445 0.107177734 -0.95458984
vn -0.27856445 0.107177734 -0.95458984
vn -0.27856445 0.107177734 -0.95458984
vn -0.98535156 0.1661377 0.03881836
vn -0.98535156 0.1661377 0.03881836
vn -0.98535156 0.1661377 0.03881836
vn -0.98535156 0.1661377 0.03881836
vn 0.9453125 0.1772461 -0.2734375
vn 0.9453125 0.1772461 -0.2734375
vn 0.9453125 0.1772461 -0.2734375
vn 0.9453125 0.1772461 -0.2734375
vn -0.29174805 -0.8120117 -0.5053711
vn -0 -0.8120117 -0.5834961
vn -0 -0.6225586 -0.78222656
vn -0.39111328 -0.6225586 -0.6777344
vn 0.39111328 -0.6225586 -0.6777344
vn -0.5053711 -0.8120117 -0.29174805
vn -0.6777344 -0.6225586 -0.39111328
vn 0.29174805 -0.8120117 -0.5053711
vn 0.6777344 -0.6225586 -0.39111328
vn -0 -1 0
vn -0.5834961 -0.8120117 0
vn 0.5053711 -0.8120117 -0.29174805
vn -0.78222656 -0.6225586 0
vn 0.78222656 -0.6225586 0
vn -0.5053711 -0.8120117 0.29174805
vn -0.6777344 -0.6225586 0.39111328
vn 0.5834961 -0.8120117 0
vn 0.6777344 -0.6225586 0.39111328
vn -0.29174805 -0.8120117 0.5053711
vn -0.39111328 -0.6225586 0.6777344
vn 0.5053711 -0.8120117 0.29174805
vn 0.39111328 -0.6225586 0.6777344
vn -0 -0.8120117 0.5834961
vn -0 -0.6225586 0.78222656
vn 0.29174805 -0.8120117 0.5053711
vn -0 0.6147461 0.7885742
vn -0 0.8105469 0.5859375
vn 0.29296875 0.8105469 0.5073242
vn 0.3942871 0.6147461 0.68310547
vn -0.3942871 0.6147461 0.68310547
vn 0.5073242 0.8105469 0.29296875
vn 0.68310547 0.6147461 0.3942871
vn -0.29296875 0.8105469 0.5073242
vn -0.68310547 0.6147461 0.3942871
vn -0 1 0
vn 0.5859375 0.8105469 0
vn -0.5073242 0.8105469 0.29296875
vn 0.7885742 0.6147461 0
vn -0.7885742 0.6147461 0
vn 0.5073242 0.8105469 -0.29296875
vn 0.68310547 0.6147461 -0.3942871
vn -0.5859375 0.8105469 0
vn -0.68310547 0.6147461 -0.3942871
vn 0.29296875 0.8105469 -0.5073242
vn 0.3942871 0.6147461 -0.68310547
vn -0.5073242 0.8105469 -0.29296875
vn -0.3942871 0.6147461 -0.68310547
vn -0 0.8105469 -0.5859375
vn -0 0.6147461 -0.7885742
vn -0.29296875 0.8105469 -0.5073242
vn -0.29174805 -0.8120117 -0.5053711
vn -0 -0.8120117 -0.5834961
vn -0 -0.6225586 -0.78222656
vn -0.39111328 -0.6225586 -0.6777344
vn 0.39111328 -0.6225586 -0.6777344
vn -0.5053711 -0.8120117 -0.29174805
vn -0.6777344 -0.6225586 -0.39111328
vn 0.29174805 -0.8120117 -0.5053711
vn 0.6777344 -0.6225586 -0.39111328
vn -0 -1 0
vn -0.5834961 -0.8120117 0
vn 0.5053711 -0.8120117 -0.29174805
vn -0.78222656 -0.6225586 0
vn 0.78222656 -0.6225586 0
vn -0.5053711 -0.8120117 0.29174805
vn -0.6777344 -0.6225586 0.39111328
vn 0.5834961 -0.8120117 0
vn 0.6777344 -0.6225586 0.39111328
vn -0.29174805 -0.8120117 0.5053711
vn -0.39111328 -0.6225586 0.6777344
vn 0.5053711 -0.8120117 0.29174805
vn 0.39111328 -0.6225586 0.6777344
vn -0 -0.8120117 0.5834961
vn -0 -0.6225586 0.78222656
vn 0.29174805 -0.8120117 0.5053711
vn -0 0.6147461 0.7885742
vn -0 0.8105469 0.5859375
vn 0.29296875 0.8105469 0.5073242
vn 0.3942871 0.6147461 0.68310547
vn -0.3942871 0.6147461 0.68310547
vn 0.5073242 0.8105469 0.29296875
vn 0.68310547 0.6147461 0.3942871
vn -0.29296875 0.8105469 0.5073242
vn -0.68310547 0.6147461 0.3942871
vn -0 1 0
vn 0.5859375 0.8105469 0
vn -0.5073242 0.8105469 0.29296875
vn 0.7885742 0.6147461 0
vn -0.7885742 0.6147461 0
vn 0.5073242 0.8105469 -0.29296875
vn 0.68310547 0.6147461 -0.3942871
vn -0.5859375 0.8105469 0
vn -0.68310547 0.6147461 -0.3942871
vn 0.29296875 0.8105469 -0.5073242
vn 0.3942871 0.6147461 -0.68310547
vn -0.5073242 0.8105469 -0.29296875
vn -0.3942871 0.6147461 -0.68310547
vn -0 0.8105469 -0.5859375
vn -0 0.6147461 -0.7885742
vn -0.29296875 0.8105469 -0.5073242
vn -0.29174805 -0.8120117 -0.5053711
vn -0 -0.8120117 -0.5834961
vn -0 -0.6225586 -0.78222656
vn -0.39111328 -0.6225586 -0.6777344
vn 0.39111328 -0.6225586 -0.6777344
vn -0.5053711 -0.8120117 -0.29174805
vn -0.6777344 -0.6225586 -0.39111328
vn 0.29174805 -0.8120117 -0.5053711
vn 0.6777344 -0.6225586 -0.39111328
vn -0 -1 0
vn -0.5834961 -0.8120117 0
vn 0.5053711 -0.8120117 -0.29174805
vn -0.78222656 -0.6225586 0
vn 0.78222656 -0.6225586 0
vn -0.5053711 -0.8120117 0.29174805
vn -0.6777344 -0.6225586 0.39111328
vn 0.5834961 -0.8120117 0
vn 0.6777344 -0.6225586 0.39111328
vn -0.29174805 -0.8120117 0.5053711
vn -0.39111328 -0.6225586 0.6777344
vn 0.5053711 -0.8120117 0.29174805
vn 0.39111328 -0.6225586 0.6777344
vn -0 -0.8120117 0.5834961
vn -0 -0.6225586 0.78222656
vn 0.29174805 -0.8120117 0.5053711
vn -0 0.6147461 0.7885742
vn -0 0.8105469 0.5859375
vn 0.29296875 0.8105469 0.5073242
vn 0.3942871 0.6147461 0.68310547
vn -0.3942871 0.6147461 0.68310547
vn 0.5073242 0.8105469 0.29296875
vn 0.68310547 0.6147461 0.3942871
vn -0.29296875 0.8105469 0.5073242
vn -0.68310547 0.6147461 0.3942871
vn -0 1 0
vn 0.5859375 0.8105469 0
vn -0.5073242 0.8105469 0.29296875
vn 0.7885742 0.6147461 0
vn -0.7885742 0.6147461 0
vn 0.5073242 0.8105469 -0.29296875
vn 0.68310547 0.6147461 -0.3942871
vn -0.5859375 0.8105469 0
vn -0.68310547 0.6147461 -0.3942871
vn 0.29296875 0.8105469 -0.5073242
vn 0.3942871 0.6147461 -0.68310547
vn -0.5073242 0.8105469 -0.29296875
vn -0.3942871 0.6147461 -0.68310547
vn -0 0.8105469 -0.5859375
vn -0 0.6147461 -0.7885742
vn -0.29296875 0.8105469 -0.5073242
vn -0.29174805 -0.8120117 -0.5053711
vn -0 -0.8120117 -0.5834961
vn -0 -0.6225586 -0.78222656
vn -0.39111328 -0.6225586 -0.6777344
vn 0.39111328 -0.6225586 -0.6777344
vn -0.5053711 -0.8120117 -0.29174805
vn -0.6777344 -0.6225586 -0.39111328
vn 0.29174805 -0.8120117 -0.5053711
vn 0.6777344 -0.6225586 -0.39111328
vn -0 -1 0
vn -0.5834961 -0.8120117 0
vn 0.5053711 -0.8120117 -0.29174805
vn -0.78222656 -0.6225586 0
vn 0.78222656 -0.6225586 0
vn -0.5053711 -0.8120117 0.29174805
vn -0.6777344 -0.6225586 0.39111328
vn 0.5834961 -0.8120117 0
vn 0.6777344 -0.6225586 0.39111328
vn -0.29174805 -0.8120117 0.5053711
vn -0.39111328 -0.6225586 0.6777344
vn 0.5053711 -0.8120117 0.29174805
vn 0.39111328 -0.6225586 0.6777344
vn -0 -0.8120117 0.5834961
vn -0 -0.6225586 0.78222656
vn 0.29174805 -0.8120117 0.5053711
vn -0 0.6147461 0.7885742
vn -0 0.8105469 0.5859375
vn 0.29296875 0.8105469 0.5073242
vn 0.3942871 0.6147461 0.68310547
vn -0.3942871 0.6147461 0.68310547
vn 0.5073242 0.8105469 0.29296875
vn 0.68310547 0.6147461 0.3942871
vn -0.29296875 0.8105469 0.5073242
vn -0.68310547 0.6147461 0.3942871
vn -0 1 0
vn 0.5859375 0.8105469 0
vn -0.5073242 0.8105469 0.29296875
vn 0.7885742 0.6147461 0
vn -0.7885742 0.6147461 0
vn 0.5073242 0.8105469 -0.29296875
vn 0.68310547 0.6147461 -0.3942871
vn -0.5859375 0.8105469 0
vn -0.68310547 0.6147461 -0.3942871
vn 0.29296875 0.8105469 -0.5073242
vn 0.3942871 0.6147461 -0.68310547
vn -0.5073242 0.8105469 -0.29296875
vn -0.3942871 0.6147461 -0.68310547
vn -0 0.8105469 -0.5859375
vn -0 0.6147461 -0.7885742
vn -0.29296875 0.8105469 -0.5073242
vn -0.29174805 -0.8120117 -0.5053711
vn -0 -0.8120117 -0.5834961
vn -0 -0.6225586 -0.78222656
vn -0.39111328 -0.6225586 -0.6777344
vn 0.39111328 -0.6225586 -0.6777344
vn -0.5053711 -0.8120117 -0.29174805
vn -0.6777344 -0.6225586 -0.39111328
vn 0.29174805 -0.8120117 -0.5053711
vn 0.6777344 -0.6225586 -0.39111328
vn -0 -1 0
vn -0.5834961 -0.8120117 0
vn 0.5053711 -0.8120117 -0.29174805
vn -0.78222656 -0.6225586 0
vn 0.78222656 -0.6225586 0
vn -0.5053711 -0.8120117 0.29174805
vn -0.6777344 -0.6225586 0.39111328
vn 0.5834961 -0.8120117 0
vn 0.6777344 -0.6225586 0.39111328
vn -0.29174805 -0.8120117 0.5053711
vn -0.39111328 -0.6225586 0.6777344
vn 0.5053711 -0.8120117 0.29174805
vn 0.39111328 -0.6225586 0.6777344
vn -0 -0.8120117 0.5834961
vn -0 -0.6225586 0.78222656
vn 0.29174805 -0.8120117 0.5053711
vn -0 0.6147461 0.7885742
vn -0 0.8105469 0.5859375
vn 0.29296875 0.8105469 0.5073242
vn 0.3942871 0.6147461 0.68310547
vn -0.3942871 0.6147461 0.68310547
vn 0.5073242 0.8105469 0.29296875
vn 0.68310547 0.6147461 0.3942871
vn -0.29296875 0.8105469 0.5073242
vn -0.68310547 0.6147461 0.3942871
vn -0 1 0
vn 0.5859375 0.8105469 0
vn -0.5073242 0.8105469 0.29296875
vn 0.7885742 0.6147461 0
vn -0.7885742 0.6147461 0
vn 0.5073242 0.8105469 -0.29296875
vn 0.68310547 0.6147461 -0.3942871
vn -0.5859375 0.8105469 0
vn -0.68310547 0.6147461 -0.3942871
vn 0.29296875 0.8105469 -0.5073242
vn 0.3942871 0.6147461 -0.68310547
vn -0.5073242 0.8105469 -0.29296875
vn -0.3942871 0.6147461 -0.68310547
vn -0 0.8105469 -0.5859375
vn -0 0.6147461 -0.7885742
vn -0.29296875 0.8105469 -0.5073242
vn -0.29174805 -0.8120117 -0.5053711
vn -0 -0.8120117 -0.5834961
vn -0 -0.6225586 -0.78222656
vn -0.39111328 -0.6225586 -0.6777344
vn 0.39111328 -0.6225586 -0.6777344
vn -0.5053711 -0.8120117 -0.29174805
vn -0.6777344 -0.6225586 -0.39111328
vn 0.29174805 -0.8120117 -0.5053711
vn 0.6777344 -0.6225586 -0.39111328
vn -0 -1 0
vn -0.5834961 -0.8120117 0
vn 0.5053711 -0.8120117 -0.29174805
vn -0.78222656 -0.6225586 0
vn 0.78222656 -0.6225586 0
vn -0.5053711 -0.8120117 0.29174805
vn -0.6777344 -0.6225586 0.39111328
vn 0.5834961 -0.8120117 0
vn 0.6777344 -0.6225586 0.39111328
vn -0.29174805 -0.8120117 0.5053711
vn -0.39111328 -0.6225586 0.6777344
vn 0.5053711 -0.8120117 0.29174805
vn 0.39111328 -0.6225586 0.6777344
vn -0 -0.8120117 0.5834961
vn -0 -0.6225586 0.78222656
vn 0.29174805 -0.8120117 0.5053711
vn -0 0.6147461 0.7885742
vn -0 0.8105469 0.5859375
vn 0.29296875 0.8105469 0.5073242
vn 0.3942871 0.6147461 0.68310547
vn -0.3942871 0.6147461 0.68310547
vn 0.5073242 0.8105469 0.29296875
vn 0.68310547 0.6147461 0.3942871
vn -0.29296875 0.8105469 0.5073242
vn -0.68310547 0.6147461 0.3942871
vn -0 1 0
vn 0.5859375 0.8105469 0
vn -0.5073242 0.8105469 0.29296875
vn 0.7885742 0.6147461 0
vn -0.7885742 0.6147461 0
vn 0.5073242 0.8105469 -0.29296875
vn 0.68310547 0.6147461 -0.3942871
vn -0.5859375 0.8105469 0
vn -0.68310547 0.6147461 -0.3942871
vn 0.29296875 0.8105469 -0.5073242
vn 0.3942871 0.6147461 -0.68310547
vn -0.5073242 0.8105469 -0.29296875
vn -0.3942871 0.6147461 -0.68310547
vn -0 0.8105469 -0.5859375
vn -0 0.6147461 -0.7885742
vn -0.29296875 0.8105469 -0.5073242
vn -0.29174805 -0.8120117 -0.5053711
vn -0 -0.8120117 -0.5834961
vn -0 -0.6225586 -0.78222656
vn -0.39111328 -0.6225586 -0.6777344
vn 0.39111328 -0.6225586 -0.6777344
vn -0.5053711 -0.8120117 -0.29174805
vn -0.6777344 -0.6225586 -0.39111328
vn 0.29174805 -0.8120117 -0.5053711
vn 0.6777344 -0.6225586 -0.39111328
vn -0 -1 0
vn -0.5834961 -0.8120117 0
vn 0.5053711 -0.8120117 -0.29174805
vn -0.78222656 -0.6225586 0
vn 0.78222656 -0.6225586 0
vn -0.5053711 -0.8120117 0.29174805
vn -0.6777344 -0.6225586 0.39111328
vn 0.5834961 -0.8120117 0
vn 0.6777344 -0.6225586 0.39111328
vn -0.29174805 -0.8120117 0.5053711
vn -0.39111328 -0.6225586 0.6777344
vn 0.5053711 -0.8120117 0.29174805
vn 0.39111328 -0.6225586 0.6777344
vn -0 -0.8120117 0.5834961
vn -0 -0.6225586 0.78222656
vn 0.29174805 -0.8120117 0.5053711
vn -0 0.6147461 0.7885742
vn -0 0.8105469 0.5859375
vn 0.29296875 0.8105469 0.5073242
vn 0.3942871 0.6147461 0.68310547
vn -0.3942871 0.6147461 0.68310547
vn 0.5073242 0.8105469 0.29296875
vn 0.68310547 0.6147461 0.3942871
vn -0.29296875 0.8105469 0.5073242
vn -0.68310547 0.6147461 0.3942871
vn -0 1 0
vn 0.5859375 0.8105469 0
vn -0.5073242 0.8105469 0.29296875
vn 0.7885742 0.6147461 0
vn -0.7885742 0.6147461 0
vn 0.5073242 0.8105469 -0.29296875
vn 0.68310547 0.6147461 -0.3942871
vn -0.5859375 0.8105469 0
vn -0.68310547 0.6147461 -0.3942871
vn 0.29296875 0.8105469 -0.5073242
vn 0.3942871 0.6147461 -0.68310547
vn -0.5073242 0.8105469 -0.29296875
vn -0.3942871 0.6147461 -0.68310547
vn -0 0.8105469 -0.5859375
vn -0 0.6147461 -0.7885742
vn -0.29296875 0.8105469 -0.5073242
vn -0.29174805 -0.8120117 -0.5053711
vn -0 -0.8120117 -0.5834961
vn -0 -0.6225586 -0.78222656
vn -0.39111328 -0.6225586 -0.6777344
vn 0.39111328 -0.6225586 -0.6777344
vn -0.5053711 -0.8120117 -0.29174805
vn -0.6777344 -0.6225586 -0.39111328
vn 0.29174805 -0.8120117 -0.5053711
vn 0.6777344 -0.6225586 -0.39111328
vn -0 -1 0
vn -0.5834961 -0.8120117 0
vn 0.5053711 -0.8120117 -0.29174805
vn -0.78222656 -0.6225586 0
vn 0.78222656 -0.6225586 0
vn -0.5053711 -0.8120117 0.29174805
vn -0.6777344 -0.6225586 0.39111328
vn 0.5834961 -0.8120117 0
vn 0.6777344 -0.6225586 0.39111328
vn -0.29174805 -0.8120117 0.5053711
vn -0.39111328 -0.6225586 0.6777344
vn 0.5053711 -0.8120117 0.29174805
vn 0.39111328 -0.6225586 0.6777344
vn -0 -0.8120117 0.5834961
vn -0 -0.6225586 0.78222656
vn 0.29174805 -0.8120117 0.5053711
vn -0 0.6147461 0.7885742
vn -0 0.8105469 0.5859375
vn 0.29296875 0.8105469 0.5073242
vn 0.3942871 0.6147461 0.68310547
vn -0.3942871 0.6147461 0.68310547
vn 0.5073242 0.8105469 0.29296875
vn 0.68310547 0.6147461 0.3942871
vn -0.29296875 0.8105469 0.5073242
vn -0.68310547 0.6147461 0.3942871
vn -0 1 0
vn 0.5859375 0.8105469 0
vn -0.5073242 0.8105469 0.29296875
vn 0.7885742 0.6147461 0
vn -0.7885742 0.6147461 0
vn 0.5073242 0.8105469 -0.29296875
vn 0.68310547 0.6147461 -0.3942871
vn -0.5859375 0.8105469 0
vn -0.68310547 0.6147461 -0.3942871
vn 0.29296875 0.8105469 -0.5073242
vn 0.3942871 0.6147461 -0.68310547
vn -0.5073242 0.8105469 -0.29296875
vn -0.3942871 0.6147461 -0.68310547
vn -0 0.8105469 -0.5859375
vn -0 0.6147461 -0.7885742
vn -0.29296875 0.8105469 -0.5073242
vn -0 0.78222656 -0.6225586
vn -0 0.78222656 -0.6225586
vn -0.3112793 0.78222656 -0.5390625
vn -0.3112793 0.78222656 -0.5390625
vn 0.3112793 0.78222656 -0.5390625
vn -0.5390625 0.78222656 -0.3112793
vn 0.3112793 0.78222656 -0.5390625
vn -0.5390625 0.78222656 -0.3112793
vn 0.5390625 0.78222656 -0.3112793
vn -0.6225586 0.78222656 0
vn 0.5390625 0.78222656 -0.3112793
vn -0.6225586 0.78222656 0
vn 0.6225586 0.78222656 0
vn -0.5390625 0.78222656 0.3112793
vn 0.6225586 0.78222656 0
vn -0.5390625 0.78222656 0.3112793
vn 0.5390625 0.78222656 0.3112793
vn -0.3112793 0.78222656 0.5390625
vn 0.5390625 0.78222656 0.3112793
vn -0.3112793 0.78222656 0.5390625
vn 0.3112793 0.78222656 0.5390625
vn -0 0.78222656 0.6225586
vn 0.3112793 0.78222656 0.5390625
vn -0 0.78222656 0.6225586
vn -0 0.78222656 -0.6225586
vn -0 0.78222656 -0.6225586
vn -0.3112793 0.78222656 -0.5390625
vn -0.3112793 0.78222656 -0.5390625
vn 0.3112793 0.78222656 -0.5390625
vn -0.5390625 0.78222656 -0.3112793
vn 0.3112793 0.78222656 -0.5390625
vn -0.5390625 0.78222656 -0.3112793
vn 0.5390625 0.78222656 -0.3112793
vn -0.6225586 0.78222656 0
vn 0.5390625 0.78222656 -0.3112793
vn -0.6225586 0.78222656 0
vn 0.6225586 0.78222656 0
vn -0.5390625 0.78222656 0.3112793
vn 0.6225586 0.78222656 0
vn -0.5390625 0.78222656 0.3112793
vn 0.5390625 0.78222656 0.3112793
vn -0.3112793 0.78222656 0.5390625
vn 0.5390625 0.78222656 0.3112793
vn -0.3112793 0.78222656 0.5390625
vn 0.3112793 0.78222656 0.5390625
vn -0 0.78222656 0.6225586
vn 0.3112793 0.78222656 0.5390625
vn -0 0.78222656 0.6225586
vn -0 0.78222656 -0.6225586
vn -0 0.78222656 -0.6225586
vn -0.3112793 0.78222656 -0.5390625
vn -0.3112793 0.78222656 -0.5390625
vn 0.3112793 0.78222656 -0.5390625
vn -0.5390625 0.78222656 -0.3112793
vn 0.3112793 0.78222656 -0.5390625
vn -0.5390625 0.78222656 -0.3112793
vn 0.5390625 0.78222656 -0.3112793
vn -0.6225586 0.78222656 0
vn 0.5390625 0.78222656 -0.3112793
vn -0.6225586 0.78222656 0
vn 0.6225586 0.78222656 0
vn -0.5390625 0.78222656 0.3112793
vn 0.6225586 0.78222656 0
vn -0.5390625 0.78222656 0.3112793
vn 0.5390625 0.78222656 0.3112793
vn -0.3112793 0.78222656 0.5390625
vn 0.5390625 0.78222656 0.3112793
vn -0.3112793 0.78222656 0.5390625
vn 0.3112793 0.78222656 0.5390625
vn -0 0.78222656 0.6225586
vn 0.3112793 0.78222656 0.5390625
vn -0 0.78222656 0.6225586
vn -0 0.78222656 -0.6225586
vn -0 0.78222656 -0.6225586
vn -0.3112793 0.78222656 -0.5390625
vn -0.3112793 0.78222656 -0.5390625
vn 0.3112793 0.78222656 -0.5390625
vn -0.5390625 0.78222656 -0.3112793
vn 0.3112793 0.78222656 -0.5390625
vn -0.5390625 0.78222656 -0.3112793
vn 0.5390625 0.78222656 -0.3112793
vn -0.6225586 0.78222656 0
vn 0.5390625 0.78222656 -0.3112793
vn -0.6225586 0.78222656 0
vn 0.6225586 0.78222656 0
vn -0.5390625 0.78222656 0.3112793
vn 0.6225586 0.78222656 0
vn -0.5390625 0.78222656 0.3112793
vn 0.5390625 0.78222656 0.3112793
vn -0.3112793 0.78222656 0.5390625
vn 0.5390625 0.78222656 0.3112793
vn -0.3112793 0.78222656 0.5390625
vn 0.3112793 0.78222656 0.5390625
vn -0 0.78222656 0.6225586
vn 0.3112793 0.78222656 0.5390625
vn -0 0.78222656 0.6225586
vn -0 0.78222656 -0.6225586
vn -0 0.78222656 -0.6225586
vn -0.3112793 0.78222656 -0.5395508
vn -0.3112793 0.78222656 -0.5390625
vn 0.3112793 0.78222656 -0.5395508
vn -0.5390625 0.78222656 -0.3112793
vn 0.3112793 0.78222656 -0.5395508
vn -0.5390625 0.78222656 -0.3112793
vn 0.5390625 0.78222656 -0.3112793
vn -0.6225586 0.78222656 0
vn 0.5395508 0.78222656 -0.3112793
vn -0.6225586 0.78222656 0
vn 0.6225586 0.78222656 0
vn -0.5390625 0.78222656 0.3112793
vn 0.6225586 0.78222656 0
vn -0.5390625 0.78222656 0.3112793
vn 0.5390625 0.78222656 0.3112793
vn -0.3112793 0.78222656 0.5390625
vn 0.5390625 0.78222656 0.3112793
vn -0.3112793 0.78222656 0.5390625
vn 0.3112793 0.78222656 0.5390625
vn -0 0.78222656 0.6225586
vn 0.3112793 0.78222656 0.5390625
vn -0 0.78222656 0.6225586
vn -0 0.78222656 -0.6225586
vn -0 0.78222656 -0.6225586
vn -0.3112793 0.78222656 -0.5390625
vn -0.3112793 0.78222656 -0.5390625
vn 0.3112793 0.78222656 -0.5390625
vn -0.5390625 0.78222656 -0.3112793
vn 0.3112793 0.78222656 -0.5390625
vn -0.5390625 0.78222656 -0.3112793
vn 0.5390625 0.78222656 -0.3112793
vn -0.6225586 0.78222656 0
vn 0.5390625 0.78222656 -0.3112793
vn -0.6225586 0.78222656 0
vn 0.6225586 0.78222656 0
vn -0.5390625 0.78222656 0.3112793
vn 0.6225586 0.78222656 0
vn -0.5390625 0.78222656 0.3112793
vn 0.5390625 0.78222656 0.3112793
vn -0.3112793 0.78222656 0.5390625
vn 0.5390625 0.78222656 0.3112793
vn -0.3112793 0.78222656 0.5390625
vn 0.3112793 0.78222656 0.5390625
vn -0 0.78222656 0.6225586
vn 0.3112793 0.78222656 0.5390625
vn -0 0.78222656 0.6225586
vn -0 0.78222656 -0.6225586
vn -0 0.78222656 -0.6225586
vn -0.3112793 0.78222656 -0.5390625
vn -0.3112793 0.78222656 -0.5390625
vn 0.3112793 0.78222656 -0.5395508
vn -0.5390625 0.78222656 -0.3112793
vn 0.3112793 0.78222656 -0.5395508
vn -0.5390625 0.78222656 -0.3112793
vn 0.5390625 0.78222656 -0.3112793
vn -0.6225586 0.78222656 0
vn 0.5390625 0.78222656 -0.3112793
vn -0.6225586 0.78222656 0
vn 0.6225586 0.78222656 0
vn -0.5390625 0.78222656 0.3112793
vn 0.6225586 0.78222656 0
vn -0.5390625 0.78222656 0.3112793
vn 0.5390625 0.78222656 0.3112793
vn -0.3112793 0.78222656 0.5390625
vn 0.5390625 0.78222656 0.3112793
vn -0.3112793 0.78222656 0.5390625
vn 0.3112793 0.78222656 0.5390625
vn -0 0.78222656 0.6225586
vn 0.3112793 0.78222656 0.5390625
vn -0 0.78222656 0.6225586
vn -0 0.78222656 -0.6225586
vn -0 0.78222656 -0.6225586
vn -0.3112793 0.78222656 -0.5390625
vn -0.3112793 0.78222656 -0.5390625
vn 0.3112793 0.78222656 -0.5390625
vn -0.5390625 0.78222656 -0.3112793
vn 0.3112793 0.78222656 -0.5390625
vn -0.5390625 0.78222656 -0.3112793
vn 0.5390625 0.78222656 -0.3112793
vn -0.6225586 0.78222656 0
vn 0.5390625 0.78222656 -0.3112793
vn -0.6225586 0.78222656 0
vn 0.6225586 0.78222656 0
vn -0.5390625 0.78222656 0.3112793
vn 0.6225586 0.78222656 0
vn -0.5390625 0.78222656 0.3112793
vn 0.5390625 0.78222656 0.3112793
vn -0.3112793 0.78222656 0.5390625
vn 0.5390625 0.78222656 0.3112793
vn -0.3112793 0.78222656 0.5390625
vn 0.3112793 0.78222656 0.5390625
vn -0 0.78222656 0.6225586
vn 0.3112793 0.78222656 0.5390625
vn -0 0.78222656 0.6225586
g GuardTower_1_5_0
f 3/3/3 2/2/2 1/1/1
f 6/6/6 5/5/5 4/4/4
f 9/9/9 8/8/8 7/7/7
f 12/12/12 11/11/11 10/10/10
f 15/15/15 14/14/14 13/13/13
f 18/18/18 17/17/17 16/16/16
f 21/21/21 20/20/20 19/19/19
f 24/24/24 23/23/23 22/22/22
f 27/27/27 26/26/26 25/25/25
f 30/30/30 29/29/29 28/28/28
f 33/33/33 32/32/32 31/31/31
f 36/36/36 35/35/35 34/34/34
f 39/39/39 38/38/38 37/37/37
f 40/40/40 39/39/39 37/37/37
f 43/43/43 42/42/42 41/41/41
f 44/44/44 43/43/43 41/41/41
f 47/47/47 46/46/46 45/45/45
f 48/48/48 47/47/47 45/45/45
f 51/51/51 50/50/50 49/49/49
f 52/52/52 51/51/51 49/49/49
f 55/55/55 54/54/54 53/53/53
f 56/56/56 55/55/55 53/53/53
f 59/59/59 58/58/58 57/57/57
f 60/60/60 59/59/59 57/57/57
f 59/59/59 62/62/62 61/61/61
f 63/63/63 59/59/59 61/61/61
f 63/63/63 65/65/65 64/64/64
f 66/66/66 63/63/63 64/64/64
f 69/69/69 68/68/68 67/67/67
f 70/70/70 69/69/69 67/67/67
f 73/73/73 72/72/72 71/71/71
f 74/74/74 73/73/73 71/71/71
f 77/77/77 76/76/76 75/75/75
f 76/76/76 78/78/78 75/75/75
f 79/79/79 75/75/75 78/78/78
f 80/80/80 79/79/79 78/78/78
f 83/83/83 82/82/82 81/81/81
f 84/84/84 83/83/83 81/81/81
f 87/87/87 86/86/86 85/85/85
f 88/88/88 87/87/87 85/85/85
f 91/91/91 90/90/90 89/89/89
f 92/92/92 91/91/91 89/89/89
f 95/95/95 94/94/94 93/93/93
f 96/96/96 95/95/95 93/93/93
f 99/99/99 98/98/98 97/97/97
f 100/100/100 99/99/99 97/97/97
f 103/103/103 102/102/102 101/101/101
f 104/104/104 103/103/103 101/101/101
f 107/107/107 106/106/106 105/105/105
f 108/108/108 107/107/107 105/105/105
f 111/111/111 110/110/110 109/109/109
f 112/112/112 111/111/111 109/109/109
f 115/115/115 114/114/114 113/113/113
f 116/116/116 115/115/115 113/113/113
f 119/119/119 118/118/118 117/117/117
f 120/120/120 119/119/119 117/117/117
f 123/123/123 122/122/122 121/121/121
f 124/124/124 123/123/123 121/121/121
f 127/127/127 126/126/126 125/125/125
f 128/128/128 127/127/127 125/125/125
f 131/131/131 130/130/130 129/129/129
f 132/132/132 131/131/131 129/129/129
f 135/135/135 134/134/134 133/133/133
f 136/136/136 135/135/135 133/133/133
f 139/139/139 138/138/138 137/137/137
f 140/140/140 139/139/139 137/137/137
f 143/143/143 142/142/142 141/141/141
f 144/144/144 143/143/143 141/141/141
f 147/147/147 146/146/146 145/145/145
f 148/148/148 147/147/147 145/145/145
f 151/151/151 150/150/150 149/149/149
f 152/152/152 151/151/151 149/149/149
f 155/155/155 154/154/154 153/153/153
f 156/156/156 155/155/155 153/153/153
f 159/159/159 158/158/158 157/157/157
f 160/160/160 159/159/159 157/157/157
f 163/163/163 162/162/162 161/161/161
f 164/164/164 163/163/163 161/161/161
f 167/167/167 166/166/166 165/165/165
f 168/168/168 167/167/167 165/165/165
f 171/171/171 170/170/170 169/169/169
f 172/172/172 171/171/171 169/169/169
f 175/175/175 174/174/174 173/173/173
f 176/176/176 175/175/175 173/173/173
f 179/179/179 178/178/178 177/177/177
f 180/180/180 179/179/179 177/177/177
f 183/183/183 182/182/182 181/181/181
f 184/184/184 183/183/183 181/181/181
f 187/187/187 186/186/186 185/185/185
f 188/188/188 187/187/187 185/185/185
f 191/191/191 190/190/190 189/189/189
f 192/192/192 191/191/191 189/189/189
f 195/195/195 194/194/194 193/193/193
f 196/196/196 195/195/195 193/193/193
f 199/199/199 198/198/198 197/197/197
f 200/200/200 199/199/199 197/197/197
f 203/203/203 202/202/202 201/201/201
f 204/204/204 203/203/203 201/201/201
f 207/207/207 206/206/206 205/205/205
f 208/208/208 207/207/207 205/205/205
f 211/211/211 210/210/210 209/209/209
f 212/212/212 211/211/211 209/209/209
f 215/215/215 214/214/214 213/213/213
f 216/216/216 215/215/215 213/213/213
f 219/219/219 218/218/218 217/217/217
f 220/220/220 219/219/219 217/217/217
f 223/223/223 222/222/222 221/221/221
f 224/224/224 223/223/223 221/221/221
f 227/227/227 226/226/226 225/225/225
f 228/228/228 227/227/227 225/225/225
f 231/231/231 230/230/230 229/229/229
f 232/232/232 231/231/231 229/229/229
f 235/235/235 234/234/234 233/233/233
f 236/236/236 235/235/235 233/233/233
f 239/239/239 238/238/238 237/237/237
f 240/240/240 239/239/239 237/237/237
f 243/243/243 242/242/242 241/241/241
f 244/244/244 243/243/243 241/241/241
f 247/247/247 246/246/246 245/245/245
f 248/248/248 247/247/247 245/245/245
f 251/251/251 250/250/250 249/249/249
f 252/252/252 251/251/251 249/249/249
f 255/255/255 254/254/254 253/253/253
f 256/256/256 255/255/255 253/253/253
f 259/259/259 258/258/258 257/257/257
f 260/260/260 259/259/259 257/257/257
f 263/263/263 262/262/262 261/261/261
f 264/264/264 263/263/263 261/261/261
f 267/267/267 266/266/266 265/265/265
f 268/268/268 267/267/267 265/265/265
f 271/271/271 270/270/270 269/269/269
f 272/272/272 271/271/271 269/269/269
f 275/275/275 274/274/274 273/273/273
f 276/276/276 275/275/275 273/273/273
f 279/279/279 278/278/278 277/277/277
f 280/280/280 279/279/279 277/277/277
f 283/283/283 282/282/282 281/281/281
f 284/284/284 283/283/283 281/281/281
f 287/287/287 286/286/286 285/285/285
f 288/288/288 287/287/287 285/285/285
f 291/291/291 290/290/290 289/289/289
f 292/292/292 291/291/291 289/289/289
f 295/295/295 294/294/294 293/293/293
f 296/296/296 295/295/295 293/293/293
f 299/299/299 298/298/298 297/297/297
f 300/300/300 299/299/299 297/297/297
f 303/303/303 302/302/302 301/301/301
f 304/304/304 303/303/303 301/301/301
f 307/307/307 306/306/306 305/305/305
f 308/308/308 307/307/307 305/305/305
f 311/311/311 310/310/310 309/309/309
f 312/312/312 311/311/311 309/309/309
f 315/315/315 314/314/314 313/313/313
f 316/316/316 315/315/315 313/313/313
f 319/319/319 318/318/318 317/317/317
f 320/320/320 319/319/319 317/317/317
f 323/323/323 322/322/322 321/321/321
f 324/324/324 323/323/323 321/321/321
f 327/327/327 326/326/326 325/325/325
f 328/328/328 327/327/327 325/325/325
f 331/331/331 330/330/330 329/329/329
f 332/332/332 331/331/331 329/329/329
f 335/335/335 334/334/334 333/333/333
f 336/336/336 335/335/335 333/333/333
f 339/339/339 338/338/338 337/337/337
f 340/340/340 339/339/339 337/337/337
f 343/343/343 342/342/342 341/341/341
f 344/344/344 343/343/343 341/341/341
f 347/347/347 346/346/346 345/345/345
f 348/348/348 347/347/347 345/345/345
f 351/351/351 350/350/350 349/349/349
f 352/352/352 351/351/351 349/349/349
f 355/355/355 354/354/354 353/353/353
f 356/356/356 355/355/355 353/353/353
f 359/359/359 358/358/358 357/357/357
f 360/360/360 359/359/359 357/357/357
f 363/363/363 362/362/362 361/361/361
f 364/364/364 363/363/363 361/361/361
f 367/367/367 366/366/366 365/365/365
f 368/368/368 367/367/367 365/365/365
f 371/371/371 370/370/370 369/369/369
f 372/372/372 371/371/371 369/369/369
f 375/375/375 374/374/374 373/373/373
f 376/376/376 375/375/375 373/373/373
f 379/379/379 378/378/378 377/377/377
f 380/380/380 379/379/379 377/377/377
f 383/383/383 382/382/382 381/381/381
f 384/384/384 383/383/383 381/381/381
f 387/387/387 386/386/386 385/385/385
f 388/388/388 387/387/387 385/385/385
f 391/391/391 390/390/390 389/389/389
f 392/392/392 391/391/391 389/389/389
f 395/395/395 394/394/394 393/393/393
f 396/396/396 395/395/395 393/393/393
f 399/399/399 398/398/398 397/397/397
f 400/400/400 399/399/399 397/397/397
f 403/403/403 402/402/402 401/401/401
f 404/404/404 403/403/403 401/401/401
f 407/407/407 406/406/406 405/405/405
f 408/408/408 407/407/407 405/405/405
f 411/411/411 410/410/410 409/409/409
f 412/412/412 411/411/411 409/409/409
f 415/415/415 414/414/414 413/413/413
f 416/416/416 415/415/415 413/413/413
f 419/419/419 418/418/418 417/417/417
f 420/420/420 419/419/419 417/417/417
f 423/423/423 422/422/422 421/421/421
f 424/424/424 423/423/423 421/421/421
f 427/427/427 426/426/426 425/425/425
f 428/428/428 427/427/427 425/425/425
f 431/431/431 430/430/430 429/429/429
f 432/432/432 431/431/431 429/429/429
f 435/435/435 434/434/434 433/433/433
f 436/436/436 435/435/435 433/433/433
f 439/439/439 438/438/438 437/437/437
f 440/440/440 439/439/439 437/437/437
f 443/443/443 442/442/442 441/441/441
f 444/444/444 443/443/443 441/441/441
f 447/447/447 446/446/446 445/445/445
f 448/448/448 447/447/447 445/445/445
f 451/451/451 450/450/450 449/449/449
f 452/452/452 451/451/451 449/449/449
f 455/455/455 454/454/454 453/453/453
f 456/456/456 455/455/455 453/453/453
f 455/455/455 456/456/456 457/457/457
f 458/458/458 455/455/455 457/457/457
f 457/457/457 459/459/459 458/458/458
f 459/459/459 460/460/460 458/458/458
f 463/463/463 462/462/462 461/461/461
f 464/464/464 463/463/463 461/461/461
f 467/467/467 466/466/466 465/465/465
f 468/468/468 467/467/467 465/465/465
f 471/471/471 470/470/470 469/469/469
f 472/472/472 471/471/471 469/469/469
f 475/475/475 474/474/474 473/473/473
f 476/476/476 475/475/475 473/473/473
f 479/479/479 478/478/478 477/477/477
f 480/480/480 479/479/479 477/477/477
f 483/483/483 482/482/482 481/481/481
f 484/484/484 483/483/483 481/481/481
f 487/487/487 486/486/486 485/485/485
f 488/488/488 487/487/487 485/485/485
f 491/491/491 490/490/490 489/489/489
f 492/492/492 491/491/491 489/489/489
f 495/495/495 494/494/494 493/493/493
f 494/494/494 496/496/496 493/493/493
f 496/496/496 497/497/497 493/493/493
f 497/497/497 498/498/498 493/493/493
f 497/497/497 499/499/499 498/498/498
f 499/499/499 500/500/500 498/498/498
f 503/503/503 502/502/502 501/501/501
f 504/504/504 503/503/503 501/501/501
f 507/507/507 506/506/506 505/505/505
f 508/508/508 507/507/507 505/505/505
f 511/511/511 510/510/510 509/509/509
f 512/512/512 511/511/511 509/509/509
f 515/515/515 514/514/514 513/513/513
f 516/516/516 515/515/515 513/513/513
f 519/519/519 518/518/518 517/517/517
f 520/520/520 519/519/519 517/517/517
f 523/523/523 522/522/522 521/521/521
f 524/524/524 523/523/523 521/521/521
f 527/527/527 526/526/526 525/525/525
f 528/528/528 527/527/527 525/525/525
f 531/531/531 530/530/530 529/529/529
f 532/532/532 531/531/531 529/529/529
f 535/535/535 534/534/534 533/533/533
f 536/536/536 535/535/535 533/533/533
f 539/539/539 538/538/538 537/537/537
f 540/540/540 539/539/539 537/537/537
f 543/543/543 542/542/542 541/541/541
f 544/544/544 543/543/543 541/541/541
f 547/547/547 546/546/546 545/545/545
f 548/548/548 547/547/547 545/545/545
f 551/551/551 550/550/550 549/549/549
f 552/552/552 551/551/551 549/549/549
f 555/555/555 554/554/554 553/553/553
f 556/556/556 555/555/555 553/553/553
f 559/559/559 558/558/558 557/557/557
f 560/560/560 559/559/559 557/557/557
f 563/563/563 562/562/562 561/561/561
f 563/563/563 564/564/564 562/562/562
f 567/567/567 566/566/566 565/565/565
f 568/568/568 567/567/567 565/565/565
f 571/571/571 570/570/570 569/569/569
f 572/572/572 571/571/571 569/569/569
f 575/575/575 574/574/574 573/573/573
f 576/576/576 575/575/575 573/573/573
f 579/579/579 578/578/578 577/577/577
f 580/580/580 579/579/579 577/577/577
f 583/583/583 582/582/582 581/581/581
f 584/584/584 583/583/583 581/581/581
f 587/587/587 586/586/586 585/585/585
f 588/588/588 587/587/587 585/585/585
f 591/591/591 590/590/590 589/589/589
f 592/592/592 591/591/591 589/589/589
f 595/595/595 594/594/594 593/593/593
f 596/596/596 595/595/595 593/593/593
f 599/599/599 598/598/598 597/597/597
f 600/600/600 599/599/599 597/597/597
f 603/603/603 602/602/602 601/601/601
f 604/604/604 603/603/603 601/601/601
f 607/607/607 606/606/606 605/605/605
f 608/608/608 607/607/607 605/605/605
f 611/611/611 610/610/610 609/609/609
f 612/612/612 611/611/611 609/609/609
f 615/615/615 614/614/614 613/613/613
f 616/616/616 615/615/615 613/613/613
f 619/619/619 618/618/618 617/617/617
f 620/620/620 619/619/619 617/617/617
f 623/623/623 622/622/622 621/621/621
f 624/624/624 623/623/623 621/621/621
f 627/627/627 626/626/626 625/625/625
f 628/628/628 627/627/627 625/625/625
f 631/631/631 630/630/630 629/629/629
f 632/632/632 631/631/631 629/629/629
f 635/635/635 634/634/634 633/633/633
f 636/636/636 635/635/635 633/633/633
f 639/639/639 638/638/638 637/637/637
f 640/640/640 639/639/639 637/637/637
f 643/643/643 642/642/642 641/641/641
f 644/644/644 643/643/643 641/641/641
f 647/647/647 646/646/646 645/645/645
f 648/648/648 647/647/647 645/645/645
f 651/651/651 650/650/650 649/649/649
f 652/652/652 651/651/651 649/649/649
f 652/652/652 653/653/653 651/651/651
f 653/653/653 654/654/654 651/651/651
f 653/653/653 655/655/655 654/654/654
f 655/655/655 656/656/656 654/654/654
f 659/659/659 658/658/658 657/657/657
f 660/660/660 659/659/659 657/657/657
f 663/663/663 662/662/662 661/661/661
f 664/664/664 663/663/663 661/661/661
f 667/667/667 666/666/666 665/665/665
f 668/668/668 667/667/667 665/665/665
f 671/671/671 670/670/670 669/669/669
f 672/672/672 671/671/671 669/669/669
f 675/675/675 674/674/674 673/673/673
f 676/676/676 675/675/675 673/673/673
f 679/679/679 678/678/678 677/677/677
f 680/680/680 679/679/679 677/677/677
f 683/683/683 682/682/682 681/681/681
f 684/684/684 683/683/683 681/681/681
f 687/687/687 686/686/686 685/685/685
f 688/688/688 687/687/687 685/685/685
f 691/691/691 690/690/690 689/689/689
f 690/690/690 692/692/692 689/689/689
f 692/692/692 690/690/690 693/693/693
f 690/690/690 694/694/694 693/693/693
f 695/695/695 693/693/693 694/694/694
f 696/696/696 695/695/695 694/694/694
f 699/699/699 698/698/698 697/697/697
f 700/700/700 698/698/698 699/699/699
f 703/703/703 702/702/702 701/701/701
f 704/704/704 703/703/703 701/701/701
f 707/707/707 706/706/706 705/705/705
f 708/708/708 707/707/707 705/705/705
f 711/711/711 710/710/710 709/709/709
f 712/712/712 711/711/711 709/709/709
f 715/715/715 714/714/714 713/713/713
f 716/716/716 715/715/715 713/713/713
f 719/719/719 718/718/718 717/717/717
f 720/720/720 719/719/719 717/717/717
f 723/723/723 722/722/722 721/721/721
f 724/724/724 723/723/723 721/721/721
f 727/727/727 726/726/726 725/725/725
f 728/728/728 727/727/727 725/725/725
f 731/731/731 730/730/730 729/729/729
f 732/732/732 731/731/731 729/729/729
f 735/735/735 734/734/734 733/733/733
f 736/736/736 735/735/735 733/733/733
f 739/739/739 738/738/738 737/737/737
f 740/740/740 739/739/739 737/737/737
f 743/743/743 742/742/742 741/741/741
f 744/744/744 743/743/743 741/741/741
f 747/747/747 746/746/746 745/745/745
f 748/748/748 747/747/747 745/745/745
f 751/751/751 750/750/750 749/749/749
f 752/752/752 751/751/751 749/749/749
f 755/755/755 754/754/754 753/753/753
f 756/756/756 755/755/755 753/753/753
f 759/759/759 758/758/758 757/757/757
f 760/760/760 759/759/759 757/757/757
f 763/763/763 762/762/762 761/761/761
f 764/764/764 763/763/763 761/761/761
f 767/767/767 766/766/766 765/765/765
f 768/768/768 767/767/767 765/765/765
f 771/771/771 770/770/770 769/769/769
f 772/772/772 771/771/771 769/769/769
f 775/775/775 774/774/774 773/773/773
f 776/776/776 775/775/775 773/773/773
f 779/779/779 778/778/778 777/777/777
f 780/780/780 779/779/779 777/777/777
f 783/783/783 782/782/782 781/781/781
f 784/784/784 783/783/783 781/781/781
f 787/787/787 786/786/786 785/785/785
f 788/788/788 787/787/787 785/785/785
f 791/791/791 790/790/790 789/789/789
f 792/792/792 791/791/791 789/789/789
f 795/795/795 794/794/794 793/793/793
f 796/796/796 795/795/795 793/793/793
f 799/799/799 798/798/798 797/797/797
f 800/800/800 799/799/799 797/797/797
f 803/803/803 802/802/802 801/801/801
f 804/804/804 803/803/803 801/801/801
f 807/807/807 806/806/806 805/805/805
f 808/808/808 807/807/807 805/805/805
f 811/811/811 810/810/810 809/809/809
f 812/812/812 811/811/811 809/809/809
f 815/815/815 814/814/814 813/813/813
f 816/816/816 815/815/815 813/813/813
f 819/819/819 818/818/818 817/817/817
f 820/820/820 819/819/819 817/817/817
f 823/823/823 822/822/822 821/821/821
f 824/824/824 823/823/823 821/821/821
f 827/827/827 826/826/826 825/825/825
f 828/828/828 827/827/827 825/825/825
f 831/831/831 830/830/830 829/829/829
f 832/832/832 831/831/831 829/829/829
f 835/835/835 834/834/834 833/833/833
f 836/836/836 835/835/835 833/833/833
f 839/839/839 838/838/838 837/837/837
f 840/840/840 839/839/839 837/837/837
f 843/843/843 842/842/842 841/841/841
f 844/844/844 843/843/843 841/841/841
f 847/847/847 846/846/846 845/845/845
f 848/848/848 847/847/847 845/845/845
f 851/851/851 850/850/850 849/849/849
f 852/852/852 851/851/851 849/849/849
f 852/852/852 849/849/849 853/853/853
f 849/849/849 854/854/854 853/853/853
f 853/853/853 854/854/854 855/855/855
f 854/854/854 856/856/856 855/855/855
f 859/859/859 858/858/858 857/857/857
f 860/860/860 859/859/859 857/857/857
f 863/863/863 862/862/862 861/861/861
f 864/864/864 863/863/863 861/861/861
f 867/867/867 866/866/866 865/865/865
f 868/868/868 867/867/867 865/865/865
f 871/871/871 870/870/870 869/869/869
f 872/872/872 871/871/871 869/869/869
f 875/875/875 874/874/874 873/873/873
f 876/876/876 875/875/875 873/873/873
f 879/879/879 878/878/878 877/877/877
f 880/880/880 879/879/879 877/877/877
f 883/883/883 882/882/882 881/881/881
f 884/884/884 883/883/883 881/881/881
f 887/887/887 886/886/886 885/885/885
f 888/888/888 887/887/887 885/885/885
f 891/891/891 890/890/890 889/889/889
f 890/890/890 892/892/892 889/889/889
f 892/892/892 890/890/890 893/893/893
f 890/890/890 894/894/894 893/893/893
f 895/895/895 893/893/893 894/894/894
f 896/896/896 895/895/895 894/894/894
f 899/899/899 898/898/898 897/897/897
f 900/900/900 899/899/899 897/897/897
f 903/903/903 902/902/902 901/901/901
f 904/904/904 903/903/903 901/901/901
f 907/907/907 906/906/906 905/905/905
f 908/908/908 907/907/907 905/905/905
f 911/911/911 910/910/910 909/909/909
f 912/912/912 911/911/911 909/909/909
f 915/915/915 914/914/914 913/913/913
f 916/916/916 915/915/915 913/913/913
f 919/919/919 918/918/918 917/917/917
f 920/920/920 919/919/919 917/917/917
f 923/923/923 922/922/922 921/921/921
f 924/924/924 923/923/923 921/921/921
f 927/927/927 926/926/926 925/925/925
f 928/928/928 927/927/927 925/925/925
f 931/931/931 930/930/930 929/929/929
f 932/932/932 931/931/931 929/929/929
f 935/935/935 934/934/934 933/933/933
f 936/936/936 935/935/935 933/933/933
f 939/939/939 938/938/938 937/937/937
f 940/940/940 939/939/939 937/937/937
f 943/943/943 942/942/942 941/941/941
f 944/944/944 943/943/943 941/941/941
f 947/947/947 946/946/946 945/945/945
f 948/948/948 947/947/947 945/945/945
f 951/951/951 950/950/950 949/949/949
f 952/952/952 951/951/951 949/949/949
f 955/955/955 954/954/954 953/953/953
f 956/956/956 955/955/955 953/953/953
f 959/959/959 958/958/958 957/957/957
f 960/960/960 958/958/958 959/959/959
f 963/963/963 962/962/962 961/961/961
f 964/964/964 963/963/963 961/961/961
f 967/967/967 966/966/966 965/965/965
f 968/968/968 967/967/967 965/965/965
f 971/971/971 970/970/970 969/969/969
f 972/972/972 971/971/971 969/969/969
f 975/975/975 974/974/974 973/973/973
f 976/976/976 975/975/975 973/973/973
f 979/979/979 978/978/978 977/977/977
f 980/980/980 979/979/979 977/977/977
f 983/983/983 982/982/982 981/981/981
f 984/984/984 983/983/983 981/981/981
f 987/987/987 986/986/986 985/985/985
f 988/988/988 987/987/987 985/985/985
f 991/991/991 990/990/990 989/989/989
f 992/992/992 991/991/991 989/989/989
f 995/995/995 994/994/994 993/993/993
f 996/996/996 995/995/995 993/993/993
f 999/999/999 998/998/998 997/997/997
f 1000/1000/1000 999/999/999 997/997/997
f 1003/1003/1003 1002/1002/1002 1001/1001/1001
f 1004/1004/1004 1003/1003/1003 1001/1001/1001
f 1007/1007/1007 1006/1006/1006 1005/1005/1005
f 1008/1008/1008 1007/1007/1007 1005/1005/1005
f 1011/1011/1011 1010/1010/1010 1009/1009/1009
f 1012/1012/1012 1011/1011/1011 1009/1009/1009
f 1015/1015/1015 1014/1014/1014 1013/1013/1013
f 1016/1016/1016 1015/1015/1015 1013/1013/1013
f 1019/1019/1019 1018/1018/1018 1017/1017/1017
f 1020/1020/1020 1019/1019/1019 1017/1017/1017
f 1023/1023/1023 1022/1022/1022 1021/1021/1021
f 1024/1024/1024 1023/1023/1023 1021/1021/1021
f 1027/1027/1027 1026/1026/1026 1025/1025/1025
f 1028/1028/1028 1027/1027/1027 1025/1025/1025
f 1031/1031/1031 1030/1030/1030 1029/1029/1029
f 1032/1032/1032 1031/1031/1031 1029/1029/1029
f 1035/1035/1035 1034/1034/1034 1033/1033/1033
f 1036/1036/1036 1035/1035/1035 1033/1033/1033
f 1039/1039/1039 1038/1038/1038 1037/1037/1037
f 1040/1040/1040 1039/1039/1039 1037/1037/1037
f 1043/1043/1043 1042/1042/1042 1041/1041/1041
f 1044/1044/1044 1043/1043/1043 1041/1041/1041
f 1047/1047/1047 1046/1046/1046 1045/1045/1045
f 1048/1048/1048 1047/1047/1047 1045/1045/1045
f 1048/1048/1048 1045/1045/1045 1049/1049/1049
f 1045/1045/1045 1050/1050/1050 1049/1049/1049
f 1049/1049/1049 1050/1050/1050 1051/1051/1051
f 1050/1050/1050 1052/1052/1052 1051/1051/1051
f 1055/1055/1055 1054/1054/1054 1053/1053/1053
f 1056/1056/1056 1055/1055/1055 1053/1053/1053
f 1059/1059/1059 1058/1058/1058 1057/1057/1057
f 1060/1060/1060 1059/1059/1059 1057/1057/1057
f 1063/1063/1063 1062/1062/1062 1061/1061/1061
f 1064/1064/1064 1063/1063/1063 1061/1061/1061
f 1067/1067/1067 1066/1066/1066 1065/1065/1065
f 1068/1068/1068 1067/1067/1067 1065/1065/1065
f 1071/1071/1071 1070/1070/1070 1069/1069/1069
f 1072/1072/1072 1071/1071/1071 1069/1069/1069
f 1075/1075/1075 1074/1074/1074 1073/1073/1073
f 1076/1076/1076 1075/1075/1075 1073/1073/1073
f 1079/1079/1079 1078/1078/1078 1077/1077/1077
f 1080/1080/1080 1079/1079/1079 1077/1077/1077
f 1083/1083/1083 1082/1082/1082 1081/1081/1081
f 1084/1084/1084 1083/1083/1083 1081/1081/1081
f 1087/1087/1087 1086/1086/1086 1085/1085/1085
f 1086/1086/1086 1088/1088/1088 1085/1085/1085
f 1088/1088/1088 1089/1089/1089 1085/1085/1085
f 1089/1089/1089 1090/1090/1090 1085/1085/1085
f 1089/1089/1089 1091/1091/1091 1090/1090/1090
f 1091/1091/1091 1092/1092/1092 1090/1090/1090
f 1095/1095/1095 1094/1094/1094 1093/1093/1093
f 1095/1095/1095 1096/1096/1096 1094/1094/1094
f 1099/1099/1099 1098/1098/1098 1097/1097/1097
f 1100/1100/1100 1099/1099/1099 1097/1097/1097
f 1103/1103/1103 1102/1102/1102 1101/1101/1101
f 1104/1104/1104 1103/1103/1103 1101/1101/1101
f 1107/1107/1107 1106/1106/1106 1105/1105/1105
f 1108/1108/1108 1107/1107/1107 1105/1105/1105
f 1111/1111/1111 1110/1110/1110 1109/1109/1109
f 1112/1112/1112 1111/1111/1111 1109/1109/1109
f 1115/1115/1115 1114/1114/1114 1113/1113/1113
f 1116/1116/1116 1115/1115/1115 1113/1113/1113
f 1119/1119/1119 1118/1118/1118 1117/1117/1117
f 1120/1120/1120 1119/1119/1119 1117/1117/1117
f 1123/1123/1123 1122/1122/1122 1121/1121/1121
f 1124/1124/1124 1123/1123/1123 1121/1121/1121
f 1127/1127/1127 1126/1126/1126 1125/1125/1125
f 1128/1128/1128 1127/1127/1127 1125/1125/1125
f 1131/1131/1131 1130/1130/1130 1129/1129/1129
f 1132/1132/1132 1131/1131/1131 1129/1129/1129
f 1135/1135/1135 1134/1134/1134 1133/1133/1133
f 1136/1136/1136 1135/1135/1135 1133/1133/1133
f 1139/1139/1139 1138/1138/1138 1137/1137/1137
f 1140/1140/1140 1139/1139/1139 1137/1137/1137
f 1143/1143/1143 1142/1142/1142 1141/1141/1141
f 1144/1144/1144 1143/1143/1143 1141/1141/1141
f 1147/1147/1147 1146/1146/1146 1145/1145/1145
f 1148/1148/1148 1147/1147/1147 1145/1145/1145
f 1151/1151/1151 1150/1150/1150 1149/1149/1149
f 1152/1152/1152 1151/1151/1151 1149/1149/1149
f 1155/1155/1155 1154/1154/1154 1153/1153/1153
f 1156/1156/1156 1155/1155/1155 1153/1153/1153
f 1159/1159/1159 1158/1158/1158 1157/1157/1157
f 1160/1160/1160 1159/1159/1159 1157/1157/1157
f 1163/1163/1163 1162/1162/1162 1161/1161/1161
f 1164/1164/1164 1163/1163/1163 1161/1161/1161
f 1167/1167/1167 1166/1166/1166 1165/1165/1165
f 1168/1168/1168 1167/1167/1167 1165/1165/1165
f 1171/1171/1171 1170/1170/1170 1169/1169/1169
f 1172/1172/1172 1171/1171/1171 1169/1169/1169
f 1175/1175/1175 1174/1174/1174 1173/1173/1173
f 1176/1176/1176 1175/1175/1175 1173/1173/1173
f 1179/1179/1179 1178/1178/1178 1177/1177/1177
f 1180/1180/1180 1179/1179/1179 1177/1177/1177
f 1183/1183/1183 1182/1182/1182 1181/1181/1181
f 1184/1184/1184 1183/1183/1183 1181/1181/1181
f 1187/1187/1187 1186/1186/1186 1185/1185/1185
f 1188/1188/1188 1187/1187/1187 1185/1185/1185
f 1191/1191/1191 1190/1190/1190 1189/1189/1189
f 1192/1192/1192 1191/1191/1191 1189/1189/1189
f 1195/1195/1195 1194/1194/1194 1193/1193/1193
f 1196/1196/1196 1195/1195/1195 1193/1193/1193
f 1199/1199/1199 1198/1198/1198 1197/1197/1197
f 1200/1200/1200 1199/1199/1199 1197/1197/1197
f 1203/1203/1203 1202/1202/1202 1201/1201/1201
f 1204/1204/1204 1203/1203/1203 1201/1201/1201
f 1207/1207/1207 1206/1206/1206 1205/1205/1205
f 1208/1208/1208 1207/1207/1207 1205/1205/1205
f 1211/1211/1211 1210/1210/1210 1209/1209/1209
f 1212/1212/1212 1211/1211/1211 1209/1209/1209
f 1215/1215/1215 1214/1214/1214 1213/1213/1213
f 1216/1216/1216 1215/1215/1215 1213/1213/1213
f 1219/1219/1219 1218/1218/1218 1217/1217/1217
f 1220/1220/1220 1219/1219/1219 1217/1217/1217
f 1223/1223/1223 1222/1222/1222 1221/1221/1221
f 1224/1224/1224 1223/1223/1223 1221/1221/1221
f 1227/1227/1227 1226/1226/1226 1225/1225/1225
f 1228/1228/1228 1227/1227/1227 1225/1225/1225
f 1231/1231/1231 1230/1230/1230 1229/1229/1229
f 1232/1232/1232 1231/1231/1231 1229/1229/1229
f 1235/1235/1235 1234/1234/1234 1233/1233/1233
f 1236/1236/1236 1235/1235/1235 1233/1233/1233
f 1239/1239/1239 1238/1238/1238 1237/1237/1237
f 1240/1240/1240 1239/1239/1239 1237/1237/1237
f 1243/1243/1243 1242/1242/1242 1241/1241/1241
f 1244/1244/1244 1243/1243/1243 1241/1241/1241
f 1243/1243/1243 1244/1244/1244 1245/1245/1245
f 1246/1246/1246 1243/1243/1243 1245/1245/1245
f 1245/1245/1245 1247/1247/1247 1246/1246/1246
f 1247/1247/1247 1248/1248/1248 1246/1246/1246
f 1251/1251/1251 1250/1250/1250 1249/1249/1249
f 1252/1252/1252 1251/1251/1251 1249/1249/1249
f 1255/1255/1255 1254/1254/1254 1253/1253/1253
f 1256/1256/1256 1255/1255/1255 1253/1253/1253
f 1259/1259/1259 1258/1258/1258 1257/1257/1257
f 1260/1260/1260 1259/1259/1259 1257/1257/1257
f 1263/1263/1263 1262/1262/1262 1261/1261/1261
f 1264/1264/1264 1263/1263/1263 1261/1261/1261
f 1267/1267/1267 1266/1266/1266 1265/1265/1265
f 1268/1268/1268 1267/1267/1267 1265/1265/1265
f 1271/1271/1271 1270/1270/1270 1269/1269/1269
f 1272/1272/1272 1271/1271/1271 1269/1269/1269
f 1275/1275/1275 1274/1274/1274 1273/1273/1273
f 1276/1276/1276 1275/1275/1275 1273/1273/1273
f 1279/1279/1279 1278/1278/1278 1277/1277/1277
f 1280/1280/1280 1279/1279/1279 1277/1277/1277
f 1283/1283/1283 1282/1282/1282 1281/1281/1281
f 1284/1284/1284 1283/1283/1283 1281/1281/1281
f 1287/1287/1287 1286/1286/1286 1285/1285/1285
f 1288/1288/1288 1287/1287/1287 1285/1285/1285
f 1291/1291/1291 1290/1290/1290 1289/1289/1289
f 1292/1292/1292 1291/1291/1291 1289/1289/1289
f 1295/1295/1295 1294/1294/1294 1293/1293/1293
f 1296/1296/1296 1295/1295/1295 1293/1293/1293
f 1299/1299/1299 1298/1298/1298 1297/1297/1297
f 1300/1300/1300 1299/1299/1299 1297/1297/1297
f 1303/1303/1303 1302/1302/1302 1301/1301/1301
f 1304/1304/1304 1303/1303/1303 1301/1301/1301
f 1307/1307/1307 1306/1306/1306 1305/1305/1305
f 1307/1307/1307 1308/1308/1308 1306/1306/1306
f 1311/1311/1311 1310/1310/1310 1309/1309/1309
f 1312/1312/1312 1311/1311/1311 1309/1309/1309
f 1315/1315/1315 1314/1314/1314 1313/1313/1313
f 1316/1316/1316 1315/1315/1315 1313/1313/1313
f 1319/1319/1319 1318/1318/1318 1317/1317/1317
f 1320/1320/1320 1319/1319/1319 1317/1317/1317
f 1323/1323/1323 1322/1322/1322 1321/1321/1321
f 1324/1324/1324 1323/1323/1323 1321/1321/1321
f 1327/1327/1327 1326/1326/1326 1325/1325/1325
f 1328/1328/1328 1327/1327/1327 1325/1325/1325
f 1331/1331/1331 1330/1330/1330 1329/1329/1329
f 1332/1332/1332 1331/1331/1331 1329/1329/1329
f 1335/1335/1335 1334/1334/1334 1333/1333/1333
f 1336/1336/1336 1335/1335/1335 1333/1333/1333
f 1339/1339/1339 1338/1338/1338 1337/1337/1337
f 1340/1340/1340 1339/1339/1339 1337/1337/1337
f 1343/1343/1343 1342/1342/1342 1341/1341/1341
f 1344/1344/1344 1343/1343/1343 1341/1341/1341
f 1347/1347/1347 1346/1346/1346 1345/1345/1345
f 1348/1348/1348 1347/1347/1347 1345/1345/1345
f 1351/1351/1351 1350/1350/1350 1349/1349/1349
f 1350/1350/1350 1352/1352/1352 1349/1349/1349
f 1353/1353/1353 1352/1352/1352 1350/1350/1350
f 1354/1354/1354 1353/1353/1353 1350/1350/1350
f 1355/1355/1355 1353/1353/1353 1354/1354/1354
f 1356/1356/1356 1355/1355/1355 1354/1354/1354
f 1359/1359/1359 1358/1358/1358 1357/1357/1357
f 1360/1360/1360 1359/1359/1359 1357/1357/1357
f 1363/1363/1363 1362/1362/1362 1361/1361/1361
f 1364/1364/1364 1363/1363/1363 1361/1361/1361
f 1367/1367/1367 1366/1366/1366 1365/1365/1365
f 1368/1368/1368 1367/1367/1367 1365/1365/1365
f 1371/1371/1371 1370/1370/1370 1369/1369/1369
f 1372/1372/1372 1371/1371/1371 1369/1369/1369
f 1375/1375/1375 1374/1374/1374 1373/1373/1373
f 1376/1376/1376 1375/1375/1375 1373/1373/1373
f 1379/1379/1379 1378/1378/1378 1377/1377/1377
f 1380/1380/1380 1379/1379/1379 1377/1377/1377
f 1383/1383/1383 1382/1382/1382 1381/1381/1381
f 1384/1384/1384 1383/1383/1383 1381/1381/1381
f 1387/1387/1387 1386/1386/1386 1385/1385/1385
f 1388/1388/1388 1387/1387/1387 1385/1385/1385
f 1391/1391/1391 1390/1390/1390 1389/1389/1389
f 1392/1392/1392 1391/1391/1391 1389/1389/1389
f 1395/1395/1395 1394/1394/1394 1393/1393/1393
f 1396/1396/1396 1395/1395/1395 1393/1393/1393
f 1399/1399/1399 1398/1398/1398 1397/1397/1397
f 1400/1400/1400 1399/1399/1399 1397/1397/1397
f 1403/1403/1403 1402/1402/1402 1401/1401/1401
f 1404/1404/1404 1403/1403/1403 1401/1401/1401
f 1407/1407/1407 1406/1406/1406 1405/1405/1405
f 1408/1408/1408 1407/1407/1407 1405/1405/1405
f 1411/1411/1411 1410/1410/1410 1409/1409/1409
f 1412/1412/1412 1411/1411/1411 1409/1409/1409
f 1415/1415/1415 1414/1414/1414 1413/1413/1413
f 1416/1416/1416 1415/1415/1415 1413/1413/1413
f 1419/1419/1419 1418/1418/1418 1417/1417/1417
f 1420/1420/1420 1419/1419/1419 1417/1417/1417
f 1423/1423/1423 1422/1422/1422 1421/1421/1421
f 1424/1424/1424 1423/1423/1423 1421/1421/1421
f 1427/1427/1427 1426/1426/1426 1425/1425/1425
f 1428/1428/1428 1427/1427/1427 1425/1425/1425
f 1431/1431/1431 1430/1430/1430 1429/1429/1429
f 1432/1432/1432 1431/1431/1431 1429/1429/1429
f 1435/1435/1435 1434/1434/1434 1433/1433/1433
f 1436/1436/1436 1435/1435/1435 1433/1433/1433
f 1439/1439/1439 1438/1438/1438 1437/1437/1437
f 1440/1440/1440 1439/1439/1439 1437/1437/1437
f 1440/1440/1440 1441/1441/1441 1439/1439/1439
f 1441/1441/1441 1442/1442/1442 1439/1439/1439
f 1441/1441/1441 1443/1443/1443 1442/1442/1442
f 1443/1443/1443 1444/1444/1444 1442/1442/1442
f 1447/1447/1447 1446/1446/1446 1445/1445/1445
f 1448/1448/1448 1447/1447/1447 1445/1445/1445
f 1451/1451/1451 1450/1450/1450 1449/1449/1449
f 1452/1452/1452 1451/1451/1451 1449/1449/1449
f 1455/1455/1455 1454/1454/1454 1453/1453/1453
f 1456/1456/1456 1455/1455/1455 1453/1453/1453
f 1459/1459/1459 1458/1458/1458 1457/1457/1457
f 1460/1460/1460 1459/1459/1459 1457/1457/1457
f 1463/1463/1463 1462/1462/1462 1461/1461/1461
f 1464/1464/1464 1462/1462/1462 1463/1463/1463
f 1467/1467/1467 1466/1466/1466 1465/1465/1465
f 1468/1468/1468 1467/1467/1467 1465/1465/1465
f 1471/1471/1471 1470/1470/1470 1469/1469/1469
f 1472/1472/1472 1471/1471/1471 1469/1469/1469
f 1475/1475/1475 1474/1474/1474 1473/1473/1473
f 1476/1476/1476 1475/1475/1475 1473/1473/1473
f 1479/1479/1479 1478/1478/1478 1477/1477/1477
f 1480/1480/1480 1479/1479/1479 1477/1477/1477
f 1483/1483/1483 1482/1482/1482 1481/1481/1481
f 1484/1484/1484 1483/1483/1483 1481/1481/1481
f 1487/1487/1487 1486/1486/1486 1485/1485/1485
f 1488/1488/1488 1487/1487/1487 1485/1485/1485
f 1491/1491/1491 1490/1490/1490 1489/1489/1489
f 1492/1492/1492 1491/1491/1491 1489/1489/1489
f 1495/1495/1495 1494/1494/1494 1493/1493/1493
f 1496/1496/1496 1495/1495/1495 1493/1493/1493
f 1499/1499/1499 1498/1498/1498 1497/1497/1497
f 1500/1500/1500 1499/1499/1499 1497/1497/1497
f 1503/1503/1503 1502/1502/1502 1501/1501/1501
f 1504/1504/1504 1503/1503/1503 1501/1501/1501
f 1507/1507/1507 1506/1506/1506 1505/1505/1505
f 1508/1508/1508 1507/1507/1507 1505/1505/1505
f 1511/1511/1511 1510/1510/1510 1509/1509/1509
f 1512/1512/1512 1511/1511/1511 1509/1509/1509
f 1515/1515/1515 1514/1514/1514 1513/1513/1513
f 1516/1516/1516 1515/1515/1515 1513/1513/1513
f 1519/1519/1519 1518/1518/1518 1517/1517/1517
f 1520/1520/1520 1519/1519/1519 1517/1517/1517
f 1523/1523/1523 1522/1522/1522 1521/1521/1521
f 1524/1524/1524 1523/1523/1523 1521/1521/1521
f 1527/1527/1527 1526/1526/1526 1525/1525/1525
f 1528/1528/1528 1527/1527/1527 1525/1525/1525
f 1531/1531/1531 1530/1530/1530 1529/1529/1529
f 1532/1532/1532 1531/1531/1531 1529/1529/1529
f 1535/1535/1535 1534/1534/1534 1533/1533/1533
f 1536/1536/1536 1535/1535/1535 1533/1533/1533
f 1539/1539/1539 1538/1538/1538 1537/1537/1537
f 1540/1540/1540 1539/1539/1539 1537/1537/1537
f 1543/1543/1543 1542/1542/1542 1541/1541/1541
f 1544/1544/1544 1543/1543/1543 1541/1541/1541
f 1547/1547/1547 1546/1546/1546 1545/1545/1545
f 1548/1548/1548 1547/1547/1547 1545/1545/1545
f 1547/1547/1547 1548/1548/1548 1549/1549/1549
f 1550/1550/1550 1547/1547/1547 1549/1549/1549
f 1550/1550/1550 1549/1549/1549 1551/1551/1551
f 1552/1552/1552 1550/1550/1550 1551/1551/1551
f 1555/1555/1555 1554/1554/1554 1553/1553/1553
f 1556/1556/1556 1555/1555/1555 1553/1553/1553
f 1559/1559/1559 1558/1558/1558 1557/1557/1557
f 1560/1560/1560 1559/1559/1559 1557/1557/1557
f 1563/1563/1563 1562/1562/1562 1561/1561/1561
f 1564/1564/1564 1563/1563/1563 1561/1561/1561
f 1567/1567/1567 1566/1566/1566 1565/1565/1565
f 1568/1568/1568 1567/1567/1567 1565/1565/1565
f 1571/1571/1571 1570/1570/1570 1569/1569/1569
f 1572/1572/1572 1571/1571/1571 1569/1569/1569
f 1575/1575/1575 1574/1574/1574 1573/1573/1573
f 1576/1576/1576 1575/1575/1575 1573/1573/1573
f 1579/1579/1579 1578/1578/1578 1577/1577/1577
f 1580/1580/1580 1579/1579/1579 1577/1577/1577
f 1583/1583/1583 1582/1582/1582 1581/1581/1581
f 1584/1584/1584 1583/1583/1583 1581/1581/1581
f 1587/1587/1587 1586/1586/1586 1585/1585/1585
f 1588/1588/1588 1587/1587/1587 1585/1585/1585
f 1591/1591/1591 1590/1590/1590 1589/1589/1589
f 1592/1592/1592 1591/1591/1591 1589/1589/1589
f 1595/1595/1595 1594/1594/1594 1593/1593/1593
f 1596/1596/1596 1595/1595/1595 1593/1593/1593
f 1599/1599/1599 1598/1598/1598 1597/1597/1597
f 1600/1600/1600 1599/1599/1599 1597/1597/1597
f 1603/1603/1603 1602/1602/1602 1601/1601/1601
f 1604/1604/1604 1603/1603/1603 1601/1601/1601
f 1607/1607/1607 1606/1606/1606 1605/1605/1605
f 1608/1608/1608 1607/1607/1607 1605/1605/1605
f 1611/1611/1611 1610/1610/1610 1609/1609/1609
f 1612/1612/1612 1611/1611/1611 1609/1609/1609
f 1615/1615/1615 1614/1614/1614 1613/1613/1613
f 1616/1616/1616 1615/1615/1615 1613/1613/1613
f 1619/1619/1619 1618/1618/1618 1617/1617/1617
f 1620/1620/1620 1619/1619/1619 1617/1617/1617
f 1623/1623/1623 1622/1622/1622 1621/1621/1621
f 1624/1624/1624 1623/1623/1623 1621/1621/1621
f 1627/1627/1627 1626/1626/1626 1625/1625/1625
f 1628/1628/1628 1627/1627/1627 1625/1625/1625
f 1631/1631/1631 1630/1630/1630 1629/1629/1629
f 1632/1632/1632 1631/1631/1631 1629/1629/1629
f 1635/1635/1635 1634/1634/1634 1633/1633/1633
f 1636/1636/1636 1635/1635/1635 1633/1633/1633
f 1636/1636/1636 1633/1633/1633 1637/1637/1637
f 1633/1633/1633 1638/1638/1638 1637/1637/1637
f 1637/1637/1637 1638/1638/1638 1639/1639/1639
f 1638/1638/1638 1640/1640/1640 1639/1639/1639
f 1643/1643/1643 1642/1642/1642 1641/1641/1641
f 1644/1644/1644 1643/1643/1643 1641/1641/1641
f 1647/1647/1647 1646/1646/1646 1645/1645/1645
f 1648/1648/1648 1647/1647/1647 1645/1645/1645
f 1651/1651/1651 1650/1650/1650 1649/1649/1649
f 1652/1652/1652 1651/1651/1651 1649/1649/1649
f 1655/1655/1655 1654/1654/1654 1653/1653/1653
f 1656/1656/1656 1655/1655/1655 1653/1653/1653
f 1659/1659/1659 1658/1658/1658 1657/1657/1657
f 1660/1660/1660 1659/1659/1659 1657/1657/1657
f 1663/1663/1663 1662/1662/1662 1661/1661/1661
f 1664/1664/1664 1663/1663/1663 1661/1661/1661
f 1667/1667/1667 1666/1666/1666 1665/1665/1665
f 1668/1668/1668 1667/1667/1667 1665/1665/1665
f 1671/1671/1671 1670/1670/1670 1669/1669/1669
f 1672/1672/1672 1671/1671/1671 1669/1669/1669
f 1675/1675/1675 1674/1674/1674 1673/1673/1673
f 1676/1676/1676 1675/1675/1675 1673/1673/1673
f 1679/1679/1679 1678/1678/1678 1677/1677/1677
f 1680/1680/1680 1679/1679/1679 1677/1677/1677
f 1683/1683/1683 1682/1682/1682 1681/1681/1681
f 1684/1684/1684 1683/1683/1683 1681/1681/1681
f 1687/1687/1687 1686/1686/1686 1685/1685/1685
f 1688/1688/1688 1687/1687/1687 1685/1685/1685
f 1691/1691/1691 1690/1690/1690 1689/1689/1689
f 1692/1692/1692 1691/1691/1691 1689/1689/1689
f 1695/1695/1695 1694/1694/1694 1693/1693/1693
f 1696/1696/1696 1695/1695/1695 1693/1693/1693
f 1699/1699/1699 1698/1698/1698 1697/1697/1697
f 1700/1700/1700 1698/1698/1698 1699/1699/1699
f 1703/1703/1703 1702/1702/1702 1701/1701/1701
f 1704/1704/1704 1703/1703/1703 1701/1701/1701
f 1707/1707/1707 1706/1706/1706 1705/1705/1705
f 1708/1708/1708 1707/1707/1707 1705/1705/1705
f 1711/1711/1711 1710/1710/1710 1709/1709/1709
f 1712/1712/1712 1711/1711/1711 1709/1709/1709
f 1715/1715/1715 1714/1714/1714 1713/1713/1713
f 1716/1716/1716 1715/1715/1715 1713/1713/1713
f 1719/1719/1719 1718/1718/1718 1717/1717/1717
f 1720/1720/1720 1719/1719/1719 1717/1717/1717
f 1723/1723/1723 1722/1722/1722 1721/1721/1721
f 1724/1724/1724 1723/1723/1723 1721/1721/1721
f 1727/1727/1727 1726/1726/1726 1725/1725/1725
f 1728/1728/1728 1727/1727/1727 1725/1725/1725
f 1731/1731/1731 1730/1730/1730 1729/1729/1729
f 1732/1732/1732 1731/1731/1731 1729/1729/1729
f 1735/1735/1735 1734/1734/1734 1733/1733/1733
f 1736/1736/1736 1735/1735/1735 1733/1733/1733
f 1739/1739/1739 1738/1738/1738 1737/1737/1737
f 1740/1740/1740 1739/1739/1739 1737/1737/1737
f 1743/1743/1743 1742/1742/1742 1741/1741/1741
f 1744/1744/1744 1743/1743/1743 1741/1741/1741
f 1743/1743/1743 1744/1744/1744 1745/1745/1745
f 1746/1746/1746 1743/1743/1743 1745/1745/1745
f 1746/1746/1746 1745/1745/1745 1747/1747/1747
f 1748/1748/1748 1746/1746/1746 1747/1747/1747
f 1751/1751/1751 1750/1750/1750 1749/1749/1749
f 1752/1752/1752 1751/1751/1751 1749/1749/1749
f 1755/1755/1755 1754/1754/1754 1753/1753/1753
f 1756/1756/1756 1755/1755/1755 1753/1753/1753
f 1759/1759/1759 1758/1758/1758 1757/1757/1757
f 1760/1760/1760 1759/1759/1759 1757/1757/1757
f 1763/1763/1763 1762/1762/1762 1761/1761/1761
f 1764/1764/1764 1763/1763/1763 1761/1761/1761
f 1767/1767/1767 1766/1766/1766 1765/1765/1765
f 1768/1768/1768 1767/1767/1767 1765/1765/1765
f 1771/1771/1771 1770/1770/1770 1769/1769/1769
f 1772/1772/1772 1771/1771/1771 1769/1769/1769
f 1775/1775/1775 1774/1774/1774 1773/1773/1773
f 1776/1776/1776 1775/1775/1775 1773/1773/1773
f 1779/1779/1779 1778/1778/1778 1777/1777/1777
f 1780/1780/1780 1779/1779/1779 1777/1777/1777
f 1783/1783/1783 1782/1782/1782 1781/1781/1781
f 1784/1784/1784 1783/1783/1783 1781/1781/1781
f 1787/1787/1787 1786/1786/1786 1785/1785/1785
f 1788/1788/1788 1787/1787/1787 1785/1785/1785
f 1791/1791/1791 1790/1790/1790 1789/1789/1789
f 1792/1792/1792 1791/1791/1791 1789/1789/1789
f 1795/1795/1795 1794/1794/1794 1793/1793/1793
f 1796/1796/1796 1795/1795/1795 1793/1793/1793
f 1799/1799/1799 1798/1798/1798 1797/1797/1797
f 1800/1800/1800 1799/1799/1799 1797/1797/1797
f 1803/1803/1803 1802/1802/1802 1801/1801/1801
f 1804/1804/1804 1803/1803/1803 1801/1801/1801
f 1807/1807/1807 1806/1806/1806 1805/1805/1805
f 1808/1808/1808 1807/1807/1807 1805/1805/1805
f 1811/1811/1811 1810/1810/1810 1809/1809/1809
f 1812/1812/1812 1811/1811/1811 1809/1809/1809
f 1815/1815/1815 1814/1814/1814 1813/1813/1813
f 1816/1816/1816 1815/1815/1815 1813/1813/1813
f 1819/1819/1819 1818/1818/1818 1817/1817/1817
f 1820/1820/1820 1819/1819/1819 1817/1817/1817
f 1823/1823/1823 1822/1822/1822 1821/1821/1821
f 1824/1824/1824 1823/1823/1823 1821/1821/1821
f 1827/1827/1827 1826/1826/1826 1825/1825/1825
f 1828/1828/1828 1827/1827/1827 1825/1825/1825
f 1831/1831/1831 1830/1830/1830 1829/1829/1829
f 1832/1832/1832 1831/1831/1831 1829/1829/1829
f 1832/1832/1832 1829/1829/1829 1833/1833/1833
f 1829/1829/1829 1834/1834/1834 1833/1833/1833
f 1833/1833/1833 1834/1834/1834 1835/1835/1835
f 1834/1834/1834 1836/1836/1836 1835/1835/1835
f 1839/1839/1839 1838/1838/1838 1837/1837/1837
f 1840/1840/1840 1839/1839/1839 1837/1837/1837
f 1843/1843/1843 1842/1842/1842 1841/1841/1841
f 1844/1844/1844 1843/1843/1843 1841/1841/1841
f 1847/1847/1847 1846/1846/1846 1845/1845/1845
f 1848/1848/1848 1847/1847/1847 1845/1845/1845
f 1851/1851/1851 1850/1850/1850 1849/1849/1849
f 1852/1852/1852 1851/1851/1851 1849/1849/1849
f 1855/1855/1855 1854/1854/1854 1853/1853/1853
f 1855/1855/1855 1856/1856/1856 1854/1854/1854
f 1859/1859/1859 1858/1858/1858 1857/1857/1857
f 1860/1860/1860 1859/1859/1859 1857/1857/1857
f 1863/1863/1863 1862/1862/1862 1861/1861/1861
f 1864/1864/1864 1863/1863/1863 1861/1861/1861
f 1867/1867/1867 1866/1866/1866 1865/1865/1865
f 1868/1868/1868 1867/1867/1867 1865/1865/1865
f 1871/1871/1871 1870/1870/1870 1869/1869/1869
f 1872/1872/1872 1871/1871/1871 1869/1869/1869
f 1875/1875/1875 1874/1874/1874 1873/1873/1873
f 1876/1876/1876 1875/1875/1875 1873/1873/1873
f 1879/1879/1879 1878/1878/1878 1877/1877/1877
f 1880/1880/1880 1879/1879/1879 1877/1877/1877
f 1883/1883/1883 1882/1882/1882 1881/1881/1881
f 1884/1884/1884 1883/1883/1883 1881/1881/1881
f 1887/1887/1887 1886/1886/1886 1885/1885/1885
f 1888/1888/1888 1887/1887/1887 1885/1885/1885
f 1891/1891/1891 1890/1890/1890 1889/1889/1889
f 1892/1892/1892 1891/1891/1891 1889/1889/1889
f 1895/1895/1895 1894/1894/1894 1893/1893/1893
f 1896/1896/1896 1895/1895/1895 1893/1893/1893
f 1899/1899/1899 1898/1898/1898 1897/1897/1897
f 1900/1900/1900 1899/1899/1899 1897/1897/1897
f 1903/1903/1903 1902/1902/1902 1901/1901/1901
f 1904/1904/1904 1903/1903/1903 1901/1901/1901
f 1907/1907/1907 1906/1906/1906 1905/1905/1905
f 1908/1908/1908 1907/1907/1907 1905/1905/1905
f 1911/1911/1911 1910/1910/1910 1909/1909/1909
f 1912/1912/1912 1911/1911/1911 1909/1909/1909
f 1915/1915/1915 1914/1914/1914 1913/1913/1913
f 1916/1916/1916 1915/1915/1915 1913/1913/1913
f 1919/1919/1919 1918/1918/1918 1917/1917/1917
f 1920/1920/1920 1919/1919/1919 1917/1917/1917
f 1923/1923/1923 1922/1922/1922 1921/1921/1921
f 1924/1924/1924 1923/1923/1923 1921/1921/1921
f 1927/1927/1927 1926/1926/1926 1925/1925/1925
f 1928/1928/1928 1927/1927/1927 1925/1925/1925
f 1931/1931/1931 1930/1930/1930 1929/1929/1929
f 1932/1932/1932 1931/1931/1931 1929/1929/1929
f 1935/1935/1935 1934/1934/1934 1933/1933/1933
f 1936/1936/1936 1935/1935/1935 1933/1933/1933
f 1939/1939/1939 1938/1938/1938 1937/1937/1937
f 1938/1938/1938 1940/1940/1940 1937/1937/1937
f 1941/1941/1941 1940/1940/1940 1938/1938/1938
f 1942/1942/1942 1941/1941/1941 1938/1938/1938
f 1943/1943/1943 1941/1941/1941 1942/1942/1942
f 1944/1944/1944 1943/1943/1943 1942/1942/1942
f 1947/1947/1947 1946/1946/1946 1945/1945/1945
f 1948/1948/1948 1947/1947/1947 1945/1945/1945
f 1951/1951/1951 1950/1950/1950 1949/1949/1949
f 1952/1952/1952 1951/1951/1951 1949/1949/1949
f 1955/1955/1955 1954/1954/1954 1953/1953/1953
f 1956/1956/1956 1955/1955/1955 1953/1953/1953
f 1959/1959/1959 1958/1958/1958 1957/1957/1957
f 1960/1960/1960 1959/1959/1959 1957/1957/1957
f 1963/1963/1963 1962/1962/1962 1961/1961/1961
f 1964/1964/1964 1963/1963/1963 1961/1961/1961
f 1967/1967/1967 1966/1966/1966 1965/1965/1965
f 1968/1968/1968 1967/1967/1967 1965/1965/1965
f 1971/1971/1971 1970/1970/1970 1969/1969/1969
f 1972/1972/1972 1971/1971/1971 1969/1969/1969
f 1975/1975/1975 1974/1974/1974 1973/1973/1973
f 1976/1976/1976 1975/1975/1975 1973/1973/1973
f 1979/1979/1979 1978/1978/1978 1977/1977/1977
f 1980/1980/1980 1979/1979/1979 1977/1977/1977
f 1983/1983/1983 1982/1982/1982 1981/1981/1981
f 1984/1984/1984 1983/1983/1983 1981/1981/1981
f 1987/1987/1987 1986/1986/1986 1985/1985/1985
f 1988/1988/1988 1987/1987/1987 1985/1985/1985
f 1991/1991/1991 1990/1990/1990 1989/1989/1989
f 1992/1992/1992 1991/1991/1991 1989/1989/1989
f 1995/1995/1995 1994/1994/1994 1993/1993/1993
f 1996/1996/1996 1995/1995/1995 1993/1993/1993
f 1999/1999/1999 1998/1998/1998 1997/1997/1997
f 2000/2000/2000 1999/1999/1999 1997/1997/1997
f 2003/2003/2003 2002/2002/2002 2001/2001/2001
f 2004/2004/2004 2003/2003/2003 2001/2001/2001
f 2007/2007/2007 2006/2006/2006 2005/2005/2005
f 2008/2008/2008 2007/2007/2007 2005/2005/2005
f 2011/2011/2011 2010/2010/2010 2009/2009/2009
f 2012/2012/2012 2011/2011/2011 2009/2009/2009
f 2015/2015/2015 2014/2014/2014 2013/2013/2013
f 2016/2016/2016 2015/2015/2015 2013/2013/2013
f 2019/2019/2019 2018/2018/2018 2017/2017/2017
f 2020/2020/2020 2019/2019/2019 2017/2017/2017
f 2023/2023/2023 2022/2022/2022 2021/2021/2021
f 2024/2024/2024 2023/2023/2023 2021/2021/2021
f 2027/2027/2027 2026/2026/2026 2025/2025/2025
f 2028/2028/2028 2027/2027/2027 2025/2025/2025
f 2031/2031/2031 2030/2030/2030 2029/2029/2029
f 2032/2032/2032 2031/2031/2031 2029/2029/2029
f 2035/2035/2035 2034/2034/2034 2033/2033/2033
f 2036/2036/2036 2035/2035/2035 2033/2033/2033
f 2039/2039/2039 2038/2038/2038 2037/2037/2037
f 2040/2040/2040 2039/2039/2039 2037/2037/2037
f 2043/2043/2043 2042/2042/2042 2041/2041/2041
f 2044/2044/2044 2043/2043/2043 2041/2041/2041
f 2047/2047/2047 2046/2046/2046 2045/2045/2045
f 2048/2048/2048 2047/2047/2047 2045/2045/2045
f 2051/2051/2051 2050/2050/2050 2049/2049/2049
f 2052/2052/2052 2051/2051/2051 2049/2049/2049
f 2055/2055/2055 2054/2054/2054 2053/2053/2053
f 2056/2056/2056 2055/2055/2055 2053/2053/2053
f 2059/2059/2059 2058/2058/2058 2057/2057/2057
f 2060/2060/2060 2059/2059/2059 2057/2057/2057
f 2063/2063/2063 2062/2062/2062 2061/2061/2061
f 2064/2064/2064 2063/2063/2063 2061/2061/2061
f 2067/2067/2067 2066/2066/2066 2065/2065/2065
f 2068/2068/2068 2067/2067/2067 2065/2065/2065
f 2071/2071/2071 2070/2070/2070 2069/2069/2069
f 2072/2072/2072 2071/2071/2071 2069/2069/2069
f 2075/2075/2075 2074/2074/2074 2073/2073/2073
f 2076/2076/2076 2075/2075/2075 2073/2073/2073
f 2079/2079/2079 2078/2078/2078 2077/2077/2077
f 2080/2080/2080 2079/2079/2079 2077/2077/2077
f 2083/2083/2083 2082/2082/2082 2081/2081/2081
f 2084/2084/2084 2083/2083/2083 2081/2081/2081
f 2087/2087/2087 2086/2086/2086 2085/2085/2085
f 2088/2088/2088 2087/2087/2087 2085/2085/2085
f 2091/2091/2091 2090/2090/2090 2089/2089/2089
f 2092/2092/2092 2091/2091/2091 2089/2089/2089
f 2095/2095/2095 2094/2094/2094 2093/2093/2093
f 2096/2096/2096 2095/2095/2095 2093/2093/2093
f 2099/2099/2099 2098/2098/2098 2097/2097/2097
f 2100/2100/2100 2099/2099/2099 2097/2097/2097
f 2103/2103/2103 2102/2102/2102 2101/2101/2101
f 2104/2104/2104 2103/2103/2103 2101/2101/2101
f 2107/2107/2107 2106/2106/2106 2105/2105/2105
f 2106/2106/2106 2108/2108/2108 2105/2105/2105
f 2110/2110/2110 2108/2108/2108 2109/2109/2109
f 2111/2111/2111 2110/2110/2110 2109/2109/2109
f 2114/2114/2114 2113/2113/2113 2112/2112/2112
f 2115/2115/2115 2114/2114/2114 2112/2112/2112
f 2118/2118/2118 2117/2117/2117 2116/2116/2116
f 2119/2119/2119 2118/2118/2118 2116/2116/2116
f 2122/2122/2122 2121/2121/2121 2120/2120/2120
f 2123/2123/2123 2122/2122/2122 2120/2120/2120
f 2126/2126/2126 2125/2125/2125 2124/2124/2124
f 2127/2127/2127 2126/2126/2126 2124/2124/2124
f 2130/2130/2130 2129/2129/2129 2128/2128/2128
f 2131/2131/2131 2130/2130/2130 2128/2128/2128
f 2134/2134/2134 2133/2133/2133 2132/2132/2132
f 2135/2135/2135 2134/2134/2134 2132/2132/2132
f 2138/2138/2138 2137/2137/2137 2136/2136/2136
f 2139/2139/2139 2138/2138/2138 2136/2136/2136
f 2142/2142/2142 2141/2141/2141 2140/2140/2140
f 2143/2143/2143 2142/2142/2142 2140/2140/2140
f 2146/2146/2146 2145/2145/2145 2144/2144/2144
f 2147/2147/2147 2146/2146/2146 2144/2144/2144
f 2150/2150/2150 2149/2149/2149 2148/2148/2148
f 2151/2151/2151 2150/2150/2150 2148/2148/2148
f 2154/2154/2154 2153/2153/2153 2152/2152/2152
f 2155/2155/2155 2154/2154/2154 2152/2152/2152
f 2158/2158/2158 2157/2157/2157 2156/2156/2156
f 2159/2159/2159 2158/2158/2158 2156/2156/2156
f 2162/2162/2162 2161/2161/2161 2160/2160/2160
f 2163/2163/2163 2162/2162/2162 2160/2160/2160
f 2166/2166/2166 2165/2165/2165 2164/2164/2164
f 2167/2167/2167 2166/2166/2166 2164/2164/2164
f 2170/2170/2170 2169/2169/2169 2168/2168/2168
f 2171/2171/2171 2170/2170/2170 2168/2168/2168
f 2174/2174/2174 2173/2173/2173 2172/2172/2172
f 2175/2175/2175 2174/2174/2174 2172/2172/2172
f 2178/2178/2178 2177/2177/2177 2176/2176/2176
f 2176/2176/2176 2179/2179/2179 2178/2178/2178
f 2176/2176/2176 2180/2180/2180 2179/2179/2179
f 2183/2183/2183 2182/2182/2182 2181/2181/2181
f 2184/2184/2184 2183/2183/2183 2181/2181/2181
f 2187/2187/2187 2186/2186/2186 2185/2185/2185
f 2188/2188/2188 2187/2187/2187 2185/2185/2185
f 2191/2191/2191 2190/2190/2190 2189/2189/2189
f 2192/2192/2192 2191/2191/2191 2189/2189/2189
f 2195/2195/2195 2194/2194/2194 2193/2193/2193
f 2196/2196/2196 2195/2195/2195 2193/2193/2193
f 2199/2199/2199 2198/2198/2198 2197/2197/2197
f 2197/2197/2197 2200/2200/2200 2199/2199/2199
f 2197/2197/2197 2201/2201/2201 2200/2200/2200
f 2204/2204/2204 2203/2203/2203 2202/2202/2202
f 2205/2205/2205 2204/2204/2204 2202/2202/2202
f 2208/2208/2208 2207/2207/2207 2206/2206/2206
f 2209/2209/2209 2208/2208/2208 2206/2206/2206
f 2212/2212/2212 2211/2211/2211 2210/2210/2210
f 2213/2213/2213 2212/2212/2212 2210/2210/2210
f 2216/2216/2216 2215/2215/2215 2214/2214/2214
f 2217/2217/2217 2216/2216/2216 2214/2214/2214
f 2220/2220/2220 2219/2219/2219 2218/2218/2218
f 2221/2221/2221 2220/2220/2220 2218/2218/2218
f 2224/2224/2224 2223/2223/2223 2222/2222/2222
f 2225/2225/2225 2224/2224/2224 2222/2222/2222
f 2228/2228/2228 2227/2227/2227 2226/2226/2226
f 2229/2229/2229 2228/2228/2228 2226/2226/2226
f 2232/2232/2232 2231/2231/2231 2230/2230/2230
f 2233/2233/2233 2232/2232/2232 2230/2230/2230
f 2236/2236/2236 2235/2235/2235 2234/2234/2234
f 2235/2235/2235 2237/2237/2237 2234/2234/2234
f 2238/2238/2238 2234/2234/2234 2237/2237/2237
f 2238/2238/2238 2237/2237/2237 2239/2239/2239
f 2240/2240/2240 2238/2238/2238 2239/2239/2239
f 2243/2243/2243 2242/2242/2242 2241/2241/2241
f 2244/2244/2244 2243/2243/2243 2241/2241/2241
f 2247/2247/2247 2246/2246/2246 2245/2245/2245
f 2248/2248/2248 2247/2247/2247 2245/2245/2245
f 2251/2251/2251 2250/2250/2250 2249/2249/2249
f 2252/2252/2252 2251/2251/2251 2249/2249/2249
f 2255/2255/2255 2254/2254/2254 2253/2253/2253
f 2256/2256/2256 2255/2255/2255 2253/2253/2253
f 2259/2259/2259 2258/2258/2258 2257/2257/2257
f 2260/2260/2260 2259/2259/2259 2257/2257/2257
f 2263/2263/2263 2262/2262/2262 2261/2261/2261
f 2264/2264/2264 2263/2263/2263 2261/2261/2261
f 2267/2267/2267 2266/2266/2266 2265/2265/2265
f 2268/2268/2268 2267/2267/2267 2265/2265/2265
f 2271/2271/2271 2270/2270/2270 2269/2269/2269
f 2272/2272/2272 2271/2271/2271 2269/2269/2269
f 2275/2275/2275 2274/2274/2274 2273/2273/2273
f 2276/2276/2276 2275/2275/2275 2273/2273/2273
f 2279/2279/2279 2278/2278/2278 2277/2277/2277
f 2280/2280/2280 2279/2279/2279 2277/2277/2277
f 2283/2283/2283 2282/2282/2282 2281/2281/2281
f 2284/2284/2284 2283/2283/2283 2281/2281/2281
f 2287/2287/2287 2286/2286/2286 2285/2285/2285
f 2288/2288/2288 2287/2287/2287 2285/2285/2285
f 2291/2291/2291 2290/2290/2290 2289/2289/2289
f 2292/2292/2292 2291/2291/2291 2289/2289/2289
f 2295/2295/2295 2294/2294/2294 2293/2293/2293
f 2296/2296/2296 2295/2295/2295 2293/2293/2293
f 2299/2299/2299 2298/2298/2298 2297/2297/2297
f 2300/2300/2300 2299/2299/2299 2297/2297/2297
f 2303/2303/2303 2302/2302/2302 2301/2301/2301
f 2304/2304/2304 2303/2303/2303 2301/2301/2301
f 2307/2307/2307 2306/2306/2306 2305/2305/2305
f 2308/2308/2308 2307/2307/2307 2305/2305/2305
f 2311/2311/2311 2310/2310/2310 2309/2309/2309
f 2312/2312/2312 2311/2311/2311 2309/2309/2309
f 2315/2315/2315 2314/2314/2314 2313/2313/2313
f 2316/2316/2316 2315/2315/2315 2313/2313/2313
f 2319/2319/2319 2318/2318/2318 2317/2317/2317
f 2320/2320/2320 2319/2319/2319 2317/2317/2317
f 2323/2323/2323 2322/2322/2322 2321/2321/2321
f 2324/2324/2324 2323/2323/2323 2321/2321/2321
f 2327/2327/2327 2326/2326/2326 2325/2325/2325
f 2328/2328/2328 2327/2327/2327 2325/2325/2325
f 2331/2331/2331 2330/2330/2330 2329/2329/2329
f 2332/2332/2332 2331/2331/2331 2329/2329/2329
f 2335/2335/2335 2334/2334/2334 2333/2333/2333
f 2336/2336/2336 2335/2335/2335 2333/2333/2333
f 2339/2339/2339 2338/2338/2338 2337/2337/2337
f 2340/2340/2340 2339/2339/2339 2337/2337/2337
f 2343/2343/2343 2342/2342/2342 2341/2341/2341
f 2344/2344/2344 2343/2343/2343 2341/2341/2341
f 2347/2347/2347 2346/2346/2346 2345/2345/2345
f 2348/2348/2348 2347/2347/2347 2345/2345/2345
f 2351/2351/2351 2350/2350/2350 2349/2349/2349
f 2352/2352/2352 2351/2351/2351 2349/2349/2349
f 2355/2355/2355 2354/2354/2354 2353/2353/2353
f 2356/2356/2356 2355/2355/2355 2353/2353/2353
f 2355/2355/2355 2358/2358/2358 2357/2357/2357
f 2358/2358/2358 2359/2359/2359 2357/2357/2357
f 2362/2362/2362 2361/2361/2361 2360/2360/2360
f 2363/2363/2363 2362/2362/2362 2360/2360/2360
f 2366/2366/2366 2365/2365/2365 2364/2364/2364
f 2367/2367/2367 2366/2366/2366 2364/2364/2364
f 2370/2370/2370 2369/2369/2369 2368/2368/2368
f 2371/2371/2371 2370/2370/2370 2368/2368/2368
f 2374/2374/2374 2373/2373/2373 2372/2372/2372
f 2375/2375/2375 2374/2374/2374 2372/2372/2372
f 2378/2378/2378 2377/2377/2377 2376/2376/2376
f 2379/2379/2379 2378/2378/2378 2376/2376/2376
f 2382/2382/2382 2381/2381/2381 2380/2380/2380
f 2383/2383/2383 2382/2382/2382 2380/2380/2380
f 2386/2386/2386 2385/2385/2385 2384/2384/2384
f 2387/2387/2387 2386/2386/2386 2384/2384/2384
f 2390/2390/2390 2389/2389/2389 2388/2388/2388
f 2391/2391/2391 2390/2390/2390 2388/2388/2388
f 2394/2394/2394 2393/2393/2393 2392/2392/2392
f 2395/2395/2395 2394/2394/2394 2392/2392/2392
f 2398/2398/2398 2397/2397/2397 2396/2396/2396
f 2399/2399/2399 2398/2398/2398 2396/2396/2396
f 2402/2402/2402 2401/2401/2401 2400/2400/2400
f 2403/2403/2403 2402/2402/2402 2400/2400/2400
f 2406/2406/2406 2405/2405/2405 2404/2404/2404
f 2407/2407/2407 2406/2406/2406 2404/2404/2404
f 2410/2410/2410 2409/2409/2409 2408/2408/2408
f 2409/2409/2409 2411/2411/2411 2408/2408/2408
f 2413/2413/2413 2411/2411/2411 2412/2412/2412
f 2414/2414/2414 2413/2413/2413 2412/2412/2412
f 2417/2417/2417 2416/2416/2416 2415/2415/2415
f 2418/2418/2418 2417/2417/2417 2415/2415/2415
f 2421/2421/2421 2420/2420/2420 2419/2419/2419
f 2422/2422/2422 2421/2421/2421 2419/2419/2419
f 2425/2425/2425 2424/2424/2424 2423/2423/2423
f 2426/2426/2426 2425/2425/2425 2423/2423/2423
f 2429/2429/2429 2428/2428/2428 2427/2427/2427
f 2430/2430/2430 2429/2429/2429 2427/2427/2427
f 2433/2433/2433 2432/2432/2432 2431/2431/2431
f 2434/2434/2434 2433/2433/2433 2431/2431/2431
f 2437/2437/2437 2436/2436/2436 2435/2435/2435
f 2438/2438/2438 2437/2437/2437 2435/2435/2435
f 2441/2441/2441 2440/2440/2440 2439/2439/2439
f 2442/2442/2442 2441/2441/2441 2439/2439/2439
f 2445/2445/2445 2444/2444/2444 2443/2443/2443
f 2446/2446/2446 2445/2445/2445 2443/2443/2443
f 2449/2449/2449 2448/2448/2448 2447/2447/2447
f 2450/2450/2450 2449/2449/2449 2447/2447/2447
f 2453/2453/2453 2452/2452/2452 2451/2451/2451
f 2454/2454/2454 2453/2453/2453 2451/2451/2451
f 2457/2457/2457 2456/2456/2456 2455/2455/2455
f 2458/2458/2458 2457/2457/2457 2455/2455/2455
f 2461/2461/2461 2460/2460/2460 2459/2459/2459
f 2462/2462/2462 2461/2461/2461 2459/2459/2459
f 2465/2465/2465 2464/2464/2464 2463/2463/2463
f 2466/2466/2466 2465/2465/2465 2463/2463/2463
f 2469/2469/2469 2468/2468/2468 2467/2467/2467
f 2470/2470/2470 2469/2469/2469 2467/2467/2467
f 2473/2473/2473 2472/2472/2472 2471/2471/2471
f 2474/2474/2474 2473/2473/2473 2471/2471/2471
f 2477/2477/2477 2476/2476/2476 2475/2475/2475
f 2478/2478/2478 2477/2477/2477 2475/2475/2475
f 2481/2481/2481 2480/2480/2480 2479/2479/2479
f 2482/2482/2482 2481/2481/2481 2479/2479/2479
f 2485/2485/2485 2484/2484/2484 2483/2483/2483
f 2486/2486/2486 2485/2485/2485 2483/2483/2483
f 2489/2489/2489 2488/2488/2488 2487/2487/2487
f 2490/2490/2490 2489/2489/2489 2487/2487/2487
f 2493/2493/2493 2492/2492/2492 2491/2491/2491
f 2494/2494/2494 2493/2493/2493 2491/2491/2491
f 2497/2497/2497 2496/2496/2496 2495/2495/2495
f 2498/2498/2498 2497/2497/2497 2495/2495/2495
f 2501/2501/2501 2500/2500/2500 2499/2499/2499
f 2502/2502/2502 2501/2501/2501 2499/2499/2499
f 2505/2505/2505 2504/2504/2504 2503/2503/2503
f 2506/2506/2506 2505/2505/2505 2503/2503/2503
f 2509/2509/2509 2508/2508/2508 2507/2507/2507
f 2510/2510/2510 2509/2509/2509 2507/2507/2507
f 2513/2513/2513 2512/2512/2512 2511/2511/2511
f 2512/2512/2512 2514/2514/2514 2511/2511/2511
f 2515/2515/2515 2514/2514/2514 2512/2512/2512
f 2516/2516/2516 2515/2515/2515 2512/2512/2512
f 2517/2517/2517 2515/2515/2515 2516/2516/2516
f 2518/2518/2518 2517/2517/2517 2516/2516/2516
f 2521/2521/2521 2520/2520/2520 2519/2519/2519
f 2522/2522/2522 2521/2521/2521 2519/2519/2519
f 2525/2525/2525 2524/2524/2524 2523/2523/2523
f 2526/2526/2526 2525/2525/2525 2523/2523/2523
f 2529/2529/2529 2528/2528/2528 2527/2527/2527
f 2530/2530/2530 2529/2529/2529 2527/2527/2527
f 2533/2533/2533 2532/2532/2532 2531/2531/2531
f 2534/2534/2534 2533/2533/2533 2531/2531/2531
f 2537/2537/2537 2536/2536/2536 2535/2535/2535
f 2538/2538/2538 2537/2537/2537 2535/2535/2535
f 2541/2541/2541 2540/2540/2540 2539/2539/2539
f 2542/2542/2542 2541/2541/2541 2539/2539/2539
f 2545/2545/2545 2544/2544/2544 2543/2543/2543
f 2546/2546/2546 2545/2545/2545 2543/2543/2543
f 2549/2549/2549 2548/2548/2548 2547/2547/2547
f 2550/2550/2550 2549/2549/2549 2547/2547/2547
f 2553/2553/2553 2552/2552/2552 2551/2551/2551
f 2554/2554/2554 2553/2553/2553 2551/2551/2551
f 2557/2557/2557 2556/2556/2556 2555/2555/2555
f 2558/2558/2558 2557/2557/2557 2555/2555/2555
f 2561/2561/2561 2560/2560/2560 2559/2559/2559
f 2562/2562/2562 2561/2561/2561 2559/2559/2559
f 2565/2565/2565 2564/2564/2564 2563/2563/2563
f 2566/2566/2566 2565/2565/2565 2563/2563/2563
f 2569/2569/2569 2568/2568/2568 2567/2567/2567
f 2570/2570/2570 2569/2569/2569 2567/2567/2567
f 2573/2573/2573 2572/2572/2572 2571/2571/2571
f 2574/2574/2574 2573/2573/2573 2571/2571/2571
f 2577/2577/2577 2576/2576/2576 2575/2575/2575
f 2578/2578/2578 2577/2577/2577 2575/2575/2575
f 2581/2581/2581 2580/2580/2580 2579/2579/2579
f 2579/2579/2579 2582/2582/2582 2581/2581/2581
f 2579/2579/2579 2583/2583/2583 2582/2582/2582
f 2586/2586/2586 2585/2585/2585 2584/2584/2584
f 2587/2587/2587 2586/2586/2586 2584/2584/2584
f 2590/2590/2590 2589/2589/2589 2588/2588/2588
f 2591/2591/2591 2590/2590/2590 2588/2588/2588
f 2594/2594/2594 2593/2593/2593 2592/2592/2592
f 2595/2595/2595 2594/2594/2594 2592/2592/2592
f 2598/2598/2598 2597/2597/2597 2596/2596/2596
f 2599/2599/2599 2598/2598/2598 2596/2596/2596
f 2602/2602/2602 2601/2601/2601 2600/2600/2600
f 2600/2600/2600 2603/2603/2603 2602/2602/2602
f 2600/2600/2600 2604/2604/2604 2603/2603/2603
f 2607/2607/2607 2606/2606/2606 2605/2605/2605
f 2608/2608/2608 2607/2607/2607 2605/2605/2605
f 2611/2611/2611 2610/2610/2610 2609/2609/2609
f 2612/2612/2612 2611/2611/2611 2609/2609/2609
f 2615/2615/2615 2614/2614/2614 2613/2613/2613
f 2616/2616/2616 2615/2615/2615 2613/2613/2613
f 2619/2619/2619 2618/2618/2618 2617/2617/2617
f 2620/2620/2620 2619/2619/2619 2617/2617/2617
f 2623/2623/2623 2622/2622/2622 2621/2621/2621
f 2624/2624/2624 2623/2623/2623 2621/2621/2621
f 2627/2627/2627 2626/2626/2626 2625/2625/2625
f 2628/2628/2628 2627/2627/2627 2625/2625/2625
f 2631/2631/2631 2630/2630/2630 2629/2629/2629
f 2632/2632/2632 2631/2631/2631 2629/2629/2629
f 2635/2635/2635 2634/2634/2634 2633/2633/2633
f 2636/2636/2636 2635/2635/2635 2633/2633/2633
f 2639/2639/2639 2638/2638/2638 2637/2637/2637
f 2640/2640/2640 2639/2639/2639 2637/2637/2637
f 2643/2643/2643 2642/2642/2642 2641/2641/2641
f 2644/2644/2644 2643/2643/2643 2641/2641/2641
f 2647/2647/2647 2646/2646/2646 2645/2645/2645
f 2648/2648/2648 2647/2647/2647 2645/2645/2645
f 2651/2651/2651 2650/2650/2650 2649/2649/2649
f 2652/2652/2652 2651/2651/2651 2649/2649/2649
f 2655/2655/2655 2654/2654/2654 2653/2653/2653
f 2656/2656/2656 2655/2655/2655 2653/2653/2653
f 2659/2659/2659 2658/2658/2658 2657/2657/2657
f 2660/2660/2660 2659/2659/2659 2657/2657/2657
f 2663/2663/2663 2662/2662/2662 2661/2661/2661
f 2664/2664/2664 2663/2663/2663 2661/2661/2661
f 2667/2667/2667 2666/2666/2666 2665/2665/2665
f 2668/2668/2668 2667/2667/2667 2665/2665/2665
f 2671/2671/2671 2670/2670/2670 2669/2669/2669
f 2672/2672/2672 2671/2671/2671 2669/2669/2669
f 2675/2675/2675 2674/2674/2674 2673/2673/2673
f 2676/2676/2676 2675/2675/2675 2673/2673/2673
f 2679/2679/2679 2678/2678/2678 2677/2677/2677
f 2680/2680/2680 2679/2679/2679 2677/2677/2677
f 2683/2683/2683 2682/2682/2682 2681/2681/2681
f 2684/2684/2684 2683/2683/2683 2681/2681/2681
f 2687/2687/2687 2686/2686/2686 2685/2685/2685
f 2688/2688/2688 2687/2687/2687 2685/2685/2685
f 2691/2691/2691 2690/2690/2690 2689/2689/2689
f 2692/2692/2692 2691/2691/2691 2689/2689/2689
f 2695/2695/2695 2694/2694/2694 2693/2693/2693
f 2696/2696/2696 2695/2695/2695 2693/2693/2693
f 2699/2699/2699 2698/2698/2698 2697/2697/2697
f 2700/2700/2700 2699/2699/2699 2697/2697/2697
f 2699/2699/2699 2701/2701/2701 2698/2698/2698
f 2700/2700/2700 2697/2697/2697 2702/2702/2702
f 2703/2703/2703 2700/2700/2700 2702/2702/2702
f 2701/2701/2701 2704/2704/2704 2698/2698/2698
f 2701/2701/2701 2705/2705/2705 2704/2704/2704
f 2697/2697/2697 2698/2698/2698 2706/2706/2706
f 2702/2702/2702 2697/2697/2697 2706/2706/2706
f 2698/2698/2698 2704/2704/2704 2706/2706/2706
f 2707/2707/2707 2702/2702/2702 2706/2706/2706
f 2703/2703/2703 2702/2702/2702 2707/2707/2707
f 2704/2704/2704 2708/2708/2708 2706/2706/2706
f 2705/2705/2705 2708/2708/2708 2704/2704/2704
f 2709/2709/2709 2703/2703/2703 2707/2707/2707
f 2705/2705/2705 2710/2710/2710 2708/2708/2708
f 2709/2709/2709 2707/2707/2707 2711/2711/2711
f 2711/2711/2711 2707/2707/2707 2706/2706/2706
f 2712/2712/2712 2709/2709/2709 2711/2711/2711
f 2710/2710/2710 2713/2713/2713 2708/2708/2708
f 2708/2708/2708 2713/2713/2713 2706/2706/2706
f 2710/2710/2710 2714/2714/2714 2713/2713/2713
f 2712/2712/2712 2711/2711/2711 2715/2715/2715
f 2715/2715/2715 2711/2711/2711 2706/2706/2706
f 2716/2716/2716 2712/2712/2712 2715/2715/2715
f 2714/2714/2714 2717/2717/2717 2713/2713/2713
f 2713/2713/2713 2717/2717/2717 2706/2706/2706
f 2714/2714/2714 2718/2718/2718 2717/2717/2717
f 2716/2716/2716 2715/2715/2715 2719/2719/2719
f 2719/2719/2719 2715/2715/2715 2706/2706/2706
f 2720/2720/2720 2716/2716/2716 2719/2719/2719
f 2718/2718/2718 2721/2721/2721 2717/2717/2717
f 2717/2717/2717 2721/2721/2721 2706/2706/2706
f 2721/2721/2721 2719/2719/2719 2706/2706/2706
f 2720/2720/2720 2719/2719/2719 2721/2721/2721
f 2718/2718/2718 2720/2720/2720 2721/2721/2721
f 2724/2724/2724 2723/2723/2723 2722/2722/2722
f 2725/2725/2725 2724/2724/2724 2722/2722/2722
f 2722/2722/2722 2723/2723/2723 2726/2726/2726
f 2727/2727/2727 2724/2724/2724 2725/2725/2725
f 2728/2728/2728 2727/2727/2727 2725/2725/2725
f 2723/2723/2723 2729/2729/2729 2726/2726/2726
f 2726/2726/2726 2729/2729/2729 2730/2730/2730
f 2724/2724/2724 2731/2731/2731 2723/2723/2723
f 2727/2727/2727 2731/2731/2731 2724/2724/2724
f 2723/2723/2723 2731/2731/2731 2729/2729/2729
f 2732/2732/2732 2731/2731/2731 2727/2727/2727
f 2732/2732/2732 2727/2727/2727 2728/2728/2728
f 2729/2729/2729 2731/2731/2731 2733/2733/2733
f 2729/2729/2729 2733/2733/2733 2730/2730/2730
f 2734/2734/2734 2732/2732/2732 2728/2728/2728
f 2730/2730/2730 2733/2733/2733 2735/2735/2735
f 2736/2736/2736 2732/2732/2732 2734/2734/2734
f 2736/2736/2736 2731/2731/2731 2732/2732/2732
f 2737/2737/2737 2736/2736/2736 2734/2734/2734
f 2733/2733/2733 2738/2738/2738 2735/2735/2735
f 2733/2733/2733 2731/2731/2731 2738/2738/2738
f 2735/2735/2735 2738/2738/2738 2739/2739/2739
f 2740/2740/2740 2736/2736/2736 2737/2737/2737
f 2740/2740/2740 2731/2731/2731 2736/2736/2736
f 2741/2741/2741 2740/2740/2740 2737/2737/2737
f 2738/2738/2738 2742/2742/2742 2739/2739/2739
f 2738/2738/2738 2731/2731/2731 2742/2742/2742
f 2739/2739/2739 2742/2742/2742 2743/2743/2743
f 2744/2744/2744 2740/2740/2740 2741/2741/2741
f 2744/2744/2744 2731/2731/2731 2740/2740/2740
f 2745/2745/2745 2744/2744/2744 2741/2741/2741
f 2743/2743/2743 2746/2746/2746 2745/2745/2745
f 2742/2742/2742 2746/2746/2746 2743/2743/2743
f 2742/2742/2742 2731/2731/2731 2746/2746/2746
f 2746/2746/2746 2744/2744/2744 2745/2745/2745
f 2746/2746/2746 2731/2731/2731 2744/2744/2744
f 2749/2749/2749 2748/2748/2748 2747/2747/2747
f 2750/2750/2750 2749/2749/2749 2747/2747/2747
f 2749/2749/2749 2751/2751/2751 2748/2748/2748
f 2750/2750/2750 2747/2747/2747 2752/2752/2752
f 2753/2753/2753 2750/2750/2750 2752/2752/2752
f 2751/2751/2751 2754/2754/2754 2748/2748/2748
f 2751/2751/2751 2755/2755/2755 2754/2754/2754
f 2747/2747/2747 2748/2748/2748 2756/2756/2756
f 2752/2752/2752 2747/2747/2747 2756/2756/2756
f 2748/2748/2748 2754/2754/2754 2756/2756/2756
f 2757/2757/2757 2752/2752/2752 2756/2756/2756
f 2753/2753/2753 2752/2752/2752 2757/2757/2757
f 2754/2754/2754 2758/2758/2758 2756/2756/2756
f 2755/2755/2755 2758/2758/2758 2754/2754/2754
f 2759/2759/2759 2753/2753/2753 2757/2757/2757
f 2755/2755/2755 2760/2760/2760 2758/2758/2758
f 2759/2759/2759 2757/2757/2757 2761/2761/2761
f 2761/2761/2761 2757/2757/2757 2756/2756/2756
f 2762/2762/2762 2759/2759/2759 2761/2761/2761
f 2760/2760/2760 2763/2763/2763 2758/2758/2758
f 2758/2758/2758 2763/2763/2763 2756/2756/2756
f 2760/2760/2760 2764/2764/2764 2763/2763/2763
f 2762/2762/2762 2761/2761/2761 2765/2765/2765
f 2765/2765/2765 2761/2761/2761 2756/2756/2756
f 2766/2766/2766 2762/2762/2762 2765/2765/2765
f 2764/2764/2764 2767/2767/2767 2763/2763/2763
f 2763/2763/2763 2767/2767/2767 2756/2756/2756
f 2764/2764/2764 2768/2768/2768 2767/2767/2767
f 2766/2766/2766 2765/2765/2765 2769/2769/2769
f 2769/2769/2769 2765/2765/2765 2756/2756/2756
f 2770/2770/2770 2766/2766/2766 2769/2769/2769
f 2768/2768/2768 2771/2771/2771 2767/2767/2767
f 2767/2767/2767 2771/2771/2771 2756/2756/2756
f 2771/2771/2771 2769/2769/2769 2756/2756/2756
f 2770/2770/2770 2769/2769/2769 2771/2771/2771
f 2768/2768/2768 2770/2770/2770 2771/2771/2771
f 2774/2774/2774 2773/2773/2773 2772/2772/2772
f 2775/2775/2775 2774/2774/2774 2772/2772/2772
f 2772/2772/2772 2773/2773/2773 2776/2776/2776
f 2777/2777/2777 2774/2774/2774 2775/2775/2775
f 2778/2778/2778 2777/2777/2777 2775/2775/2775
f 2773/2773/2773 2779/2779/2779 2776/2776/2776
f 2776/2776/2776 2779/2779/2779 2780/2780/2780
f 2774/2774/2774 2781/2781/2781 2773/2773/2773
f 2777/2777/2777 2781/2781/2781 2774/2774/2774
f 2773/2773/2773 2781/2781/2781 2779/2779/2779
f 2782/2782/2782 2781/2781/2781 2777/2777/2777
f 2782/2782/2782 2777/2777/2777 2778/2778/2778
f 2779/2779/2779 2781/2781/2781 2783/2783/2783
f 2779/2779/2779 2783/2783/2783 2780/2780/2780
f 2784/2784/2784 2782/2782/2782 2778/2778/2778
f 2780/2780/2780 2783/2783/2783 2785/2785/2785
f 2786/2786/2786 2782/2782/2782 2784/2784/2784
f 2786/2786/2786 2781/2781/2781 2782/2782/2782
f 2787/2787/2787 2786/2786/2786 2784/2784/2784
f 2783/2783/2783 2788/2788/2788 2785/2785/2785
f 2783/2783/2783 2781/2781/2781 2788/2788/2788
f 2785/2785/2785 2788/2788/2788 2789/2789/2789
f 2790/2790/2790 2786/2786/2786 2787/2787/2787
f 2790/2790/2790 2781/2781/2781 2786/2786/2786
f 2791/2791/2791 2790/2790/2790 2787/2787/2787
f 2788/2788/2788 2792/2792/2792 2789/2789/2789
f 2788/2788/2788 2781/2781/2781 2792/2792/2792
f 2789/2789/2789 2792/2792/2792 2793/2793/2793
f 2794/2794/2794 2790/2790/2790 2791/2791/2791
f 2794/2794/2794 2781/2781/2781 2790/2790/2790
f 2795/2795/2795 2794/2794/2794 2791/2791/2791
f 2793/2793/2793 2796/2796/2796 2795/2795/2795
f 2792/2792/2792 2796/2796/2796 2793/2793/2793
f 2792/2792/2792 2781/2781/2781 2796/2796/2796
f 2796/2796/2796 2794/2794/2794 2795/2795/2795
f 2796/2796/2796 2781/2781/2781 2794/2794/2794
f 2799/2799/2799 2798/2798/2798 2797/2797/2797
f 2800/2800/2800 2799/2799/2799 2797/2797/2797
f 2799/2799/2799 2801/2801/2801 2798/2798/2798
f 2800/2800/2800 2797/2797/2797 2802/2802/2802
f 2803/2803/2803 2800/2800/2800 2802/2802/2802
f 2801/2801/2801 2804/2804/2804 2798/2798/2798
f 2801/2801/2801 2805/2805/2805 2804/2804/2804
f 2797/2797/2797 2798/2798/2798 2806/2806/2806
f 2802/2802/2802 2797/2797/2797 2806/2806/2806
f 2798/2798/2798 2804/2804/2804 2806/2806/2806
f 2807/2807/2807 2802/2802/2802 2806/2806/2806
f 2803/2803/2803 2802/2802/2802 2807/2807/2807
f 2804/2804/2804 2808/2808/2808 2806/2806/2806
f 2805/2805/2805 2808/2808/2808 2804/2804/2804
f 2809/2809/2809 2803/2803/2803 2807/2807/2807
f 2805/2805/2805 2810/2810/2810 2808/2808/2808
f 2809/2809/2809 2807/2807/2807 2811/2811/2811
f 2811/2811/2811 2807/2807/2807 2806/2806/2806
f 2812/2812/2812 2809/2809/2809 2811/2811/2811
f 2810/2810/2810 2813/2813/2813 2808/2808/2808
f 2808/2808/2808 2813/2813/2813 2806/2806/2806
f 2810/2810/2810 2814/2814/2814 2813/2813/2813
f 2812/2812/2812 2811/2811/2811 2815/2815/2815
f 2815/2815/2815 2811/2811/2811 2806/2806/2806
f 2816/2816/2816 2812/2812/2812 2815/2815/2815
f 2814/2814/2814 2817/2817/2817 2813/2813/2813
f 2813/2813/2813 2817/2817/2817 2806/2806/2806
f 2814/2814/2814 2818/2818/2818 2817/2817/2817
f 2816/2816/2816 2815/2815/2815 2819/2819/2819
f 2819/2819/2819 2815/2815/2815 2806/2806/2806
f 2820/2820/2820 2816/2816/2816 2819/2819/2819
f 2818/2818/2818 2821/2821/2821 2817/2817/2817
f 2817/2817/2817 2821/2821/2821 2806/2806/2806
f 2821/2821/2821 2819/2819/2819 2806/2806/2806
f 2820/2820/2820 2819/2819/2819 2821/2821/2821
f 2818/2818/2818 2820/2820/2820 2821/2821/2821
f 2824/2824/2824 2823/2823/2823 2822/2822/2822
f 2825/2825/2825 2824/2824/2824 2822/2822/2822
f 2822/2822/2822 2823/2823/2823 2826/2826/2826
f 2827/2827/2827 2824/2824/2824 2825/2825/2825
f 2828/2828/2828 2827/2827/2827 2825/2825/2825
f 2823/2823/2823 2829/2829/2829 2826/2826/2826
f 2826/2826/2826 2829/2829/2829 2830/2830/2830
f 2824/2824/2824 2831/2831/2831 2823/2823/2823
f 2827/2827/2827 2831/2831/2831 2824/2824/2824
f 2823/2823/2823 2831/2831/2831 2829/2829/2829
f 2832/2832/2832 2831/2831/2831 2827/2827/2827
f 2832/2832/2832 2827/2827/2827 2828/2828/2828
f 2829/2829/2829 2831/2831/2831 2833/2833/2833
f 2829/2829/2829 2833/2833/2833 2830/2830/2830
f 2834/2834/2834 2832/2832/2832 2828/2828/2828
f 2830/2830/2830 2833/2833/2833 2835/2835/2835
f 2836/2836/2836 2832/2832/2832 2834/2834/2834
f 2836/2836/2836 2831/2831/2831 2832/2832/2832
f 2837/2837/2837 2836/2836/2836 2834/2834/2834
f 2833/2833/2833 2838/2838/2838 2835/2835/2835
f 2833/2833/2833 2831/2831/2831 2838/2838/2838
f 2835/2835/2835 2838/2838/2838 2839/2839/2839
f 2840/2840/2840 2836/2836/2836 2837/2837/2837
f 2840/2840/2840 2831/2831/2831 2836/2836/2836
f 2841/2841/2841 2840/2840/2840 2837/2837/2837
f 2838/2838/2838 2842/2842/2842 2839/2839/2839
f 2838/2838/2838 2831/2831/2831 2842/2842/2842
f 2839/2839/2839 2842/2842/2842 2843/2843/2843
f 2844/2844/2844 2840/2840/2840 2841/2841/2841
f 2844/2844/2844 2831/2831/2831 2840/2840/2840
f 2845/2845/2845 2844/2844/2844 2841/2841/2841
f 2843/2843/2843 2846/2846/2846 2845/2845/2845
f 2842/2842/2842 2846/2846/2846 2843/2843/2843
f 2842/2842/2842 2831/2831/2831 2846/2846/2846
f 2846/2846/2846 2844/2844/2844 2845/2845/2845
f 2846/2846/2846 2831/2831/2831 2844/2844/2844
f 2849/2849/2849 2848/2848/2848 2847/2847/2847
f 2850/2850/2850 2849/2849/2849 2847/2847/2847
f 2849/2849/2849 2851/2851/2851 2848/2848/2848
f 2850/2850/2850 2847/2847/2847 2852/2852/2852
f 2853/2853/2853 2850/2850/2850 2852/2852/2852
f 2851/2851/2851 2854/2854/2854 2848/2848/2848
f 2851/2851/2851 2855/2855/2855 2854/2854/2854
f 2847/2847/2847 2848/2848/2848 2856/2856/2856
f 2852/2852/2852 2847/2847/2847 2856/2856/2856
f 2848/2848/2848 2854/2854/2854 2856/2856/2856
f 2857/2857/2857 2852/2852/2852 2856/2856/2856
f 2853/2853/2853 2852/2852/2852 2857/2857/2857
f 2854/2854/2854 2858/2858/2858 2856/2856/2856
f 2855/2855/2855 2858/2858/2858 2854/2854/2854
f 2859/2859/2859 2853/2853/2853 2857/2857/2857
f 2855/2855/2855 2860/2860/2860 2858/2858/2858
f 2859/2859/2859 2857/2857/2857 2861/2861/2861
f 2861/2861/2861 2857/2857/2857 2856/2856/2856
f 2862/2862/2862 2859/2859/2859 2861/2861/2861
f 2860/2860/2860 2863/2863/2863 2858/2858/2858
f 2858/2858/2858 2863/2863/2863 2856/2856/2856
f 2860/2860/2860 2864/2864/2864 2863/2863/2863
f 2862/2862/2862 2861/2861/2861 2865/2865/2865
f 2865/2865/2865 2861/2861/2861 2856/2856/2856
f 2866/2866/2866 2862/2862/2862 2865/2865/2865
f 2864/2864/2864 2867/2867/2867 2863/2863/2863
f 2863/2863/2863 2867/2867/2867 2856/2856/2856
f 2864/2864/2864 2868/2868/2868 2867/2867/2867
f 2866/2866/2866 2865/2865/2865 2869/2869/2869
f 2869/2869/2869 2865/2865/2865 2856/2856/2856
f 2870/2870/2870 2866/2866/2866 2869/2869/2869
f 2868/2868/2868 2871/2871/2871 2867/2867/2867
f 2867/2867/2867 2871/2871/2871 2856/2856/2856
f 2871/2871/2871 2869/2869/2869 2856/2856/2856
f 2870/2870/2870 2869/2869/2869 2871/2871/2871
f 2868/2868/2868 2870/2870/2870 2871/2871/2871
f 2874/2874/2874 2873/2873/2873 2872/2872/2872
f 2875/2875/2875 2874/2874/2874 2872/2872/2872
f 2872/2872/2872 2873/2873/2873 2876/2876/2876
f 2877/2877/2877 2874/2874/2874 2875/2875/2875
f 2878/2878/2878 2877/2877/2877 2875/2875/2875
f 2873/2873/2873 2879/2879/2879 2876/2876/2876
f 2876/2876/2876 2879/2879/2879 2880/2880/2880
f 2874/2874/2874 2881/2881/2881 2873/2873/2873
f 2877/2877/2877 2881/2881/2881 2874/2874/2874
f 2873/2873/2873 2881/2881/2881 2879/2879/2879
f 2882/2882/2882 2881/2881/2881 2877/2877/2877
f 2882/2882/2882 2877/2877/2877 2878/2878/2878
f 2879/2879/2879 2881/2881/2881 2883/2883/2883
f 2879/2879/2879 2883/2883/2883 2880/2880/2880
f 2884/2884/2884 2882/2882/2882 2878/2878/2878
f 2880/2880/2880 2883/2883/2883 2885/2885/2885
f 2886/2886/2886 2882/2882/2882 2884/2884/2884
f 2886/2886/2886 2881/2881/2881 2882/2882/2882
f 2887/2887/2887 2886/2886/2886 2884/2884/2884
f 2883/2883/2883 2888/2888/2888 2885/2885/2885
f 2883/2883/2883 2881/2881/2881 2888/2888/2888
f 2885/2885/2885 2888/2888/2888 2889/2889/2889
f 2890/2890/2890 2886/2886/2886 2887/2887/2887
f 2890/2890/2890 2881/2881/2881 2886/2886/2886
f 2891/2891/2891 2890/2890/2890 2887/2887/2887
f 2888/2888/2888 2892/2892/2892 2889/2889/2889
f 2888/2888/2888 2881/2881/2881 2892/2892/2892
f 2889/2889/2889 2892/2892/2892 2893/2893/2893
f 2894/2894/2894 2890/2890/2890 2891/2891/2891
f 2894/2894/2894 2881/2881/2881 2890/2890/2890
f 2895/2895/2895 2894/2894/2894 2891/2891/2891
f 2893/2893/2893 2896/2896/2896 2895/2895/2895
f 2892/2892/2892 2896/2896/2896 2893/2893/2893
f 2892/2892/2892 2881/2881/2881 2896/2896/2896
f 2896/2896/2896 2894/2894/2894 2895/2895/2895
f 2896/2896/2896 2881/2881/2881 2894/2894/2894
f 2899/2899/2899 2898/2898/2898 2897/2897/2897
f 2900/2900/2900 2899/2899/2899 2897/2897/2897
f 2899/2899/2899 2901/2901/2901 2898/2898/2898
f 2900/2900/2900 2897/2897/2897 2902/2902/2902
f 2903/2903/2903 2900/2900/2900 2902/2902/2902
f 2901/2901/2901 2904/2904/2904 2898/2898/2898
f 2901/2901/2901 2905/2905/2905 2904/2904/2904
f 2897/2897/2897 2898/2898/2898 2906/2906/2906
f 2902/2902/2902 2897/2897/2897 2906/2906/2906
f 2898/2898/2898 2904/2904/2904 2906/2906/2906
f 2907/2907/2907 2902/2902/2902 2906/2906/2906
f 2903/2903/2903 2902/2902/2902 2907/2907/2907
f 2904/2904/2904 2908/2908/2908 2906/2906/2906
f 2905/2905/2905 2908/2908/2908 2904/2904/2904
f 2909/2909/2909 2903/2903/2903 2907/2907/2907
f 2905/2905/2905 2910/2910/2910 2908/2908/2908
f 2909/2909/2909 2907/2907/2907 2911/2911/2911
f 2911/2911/2911 2907/2907/2907 2906/2906/2906
f 2912/2912/2912 2909/2909/2909 2911/2911/2911
f 2910/2910/2910 2913/2913/2913 2908/2908/2908
f 2908/2908/2908 2913/2913/2913 2906/2906/2906
f 2910/2910/2910 2914/2914/2914 2913/2913/2913
f 2912/2912/2912 2911/2911/2911 2915/2915/2915
f 2915/2915/2915 2911/2911/2911 2906/2906/2906
f 2916/2916/2916 2912/2912/2912 2915/2915/2915
f 2914/2914/2914 2917/2917/2917 2913/2913/2913
f 2913/2913/2913 2917/2917/2917 2906/2906/2906
f 2914/2914/2914 2918/2918/2918 2917/2917/2917
f 2916/2916/2916 2915/2915/2915 2919/2919/2919
f 2919/2919/2919 2915/2915/2915 2906/2906/2906
f 2920/2920/2920 2916/2916/2916 2919/2919/2919
f 2918/2918/2918 2921/2921/2921 2917/2917/2917
f 2917/2917/2917 2921/2921/2921 2906/2906/2906
f 2921/2921/2921 2919/2919/2919 2906/2906/2906
f 2920/2920/2920 2919/2919/2919 2921/2921/2921
f 2918/2918/2918 2920/2920/2920 2921/2921/2921
f 2924/2924/2924 2923/2923/2923 2922/2922/2922
f 2925/2925/2925 2924/2924/2924 2922/2922/2922
f 2922/2922/2922 2923/2923/2923 2926/2926/2926
f 2927/2927/2927 2924/2924/2924 2925/2925/2925
f 2928/2928/2928 2927/2927/2927 2925/2925/2925
f 2923/2923/2923 2929/2929/2929 2926/2926/2926
f 2926/2926/2926 2929/2929/2929 2930/2930/2930
f 2924/2924/2924 2931/2931/2931 2923/2923/2923
f 2927/2927/2927 2931/2931/2931 2924/2924/2924
f 2923/2923/2923 2931/2931/2931 2929/2929/2929
f 2932/2932/2932 2931/2931/2931 2927/2927/2927
f 2932/2932/2932 2927/2927/2927 2928/2928/2928
f 2929/2929/2929 2931/2931/2931 2933/2933/2933
f 2929/2929/2929 2933/2933/2933 2930/2930/2930
f 2934/2934/2934 2932/2932/2932 2928/2928/2928
f 2930/2930/2930 2933/2933/2933 2935/2935/2935
f 2936/2936/2936 2932/2932/2932 2934/2934/2934
f 2936/2936/2936 2931/2931/2931 2932/2932/2932
f 2937/2937/2937 2936/2936/2936 2934/2934/2934
f 2933/2933/2933 2938/2938/2938 2935/2935/2935
f 2933/2933/2933 2931/2931/2931 2938/2938/2938
f 2935/2935/2935 2938/2938/2938 2939/2939/2939
f 2940/2940/2940 2936/2936/2936 2937/2937/2937
f 2940/2940/2940 2931/2931/2931 2936/2936/2936
f 2941/2941/2941 2940/2940/2940 2937/2937/2937
f 2938/2938/2938 2942/2942/2942 2939/2939/2939
f 2938/2938/2938 2931/2931/2931 2942/2942/2942
f 2939/2939/2939 2942/2942/2942 2943/2943/2943
f 2944/2944/2944 2940/2940/2940 2941/2941/2941
f 2944/2944/2944 2931/2931/2931 2940/2940/2940
f 2945/2945/2945 2944/2944/2944 2941/2941/2941
f 2943/2943/2943 2946/2946/2946 2945/2945/2945
f 2942/2942/2942 2946/2946/2946 2943/2943/2943
f 2942/2942/2942 2931/2931/2931 2946/2946/2946
f 2946/2946/2946 2944/2944/2944 2945/2945/2945
f 2946/2946/2946 2931/2931/2931 2944/2944/2944
f 2949/2949/2949 2948/2948/2948 2947/2947/2947
f 2950/2950/2950 2949/2949/2949 2947/2947/2947
f 2949/2949/2949 2951/2951/2951 2948/2948/2948
f 2950/2950/2950 2947/2947/2947 2952/2952/2952
f 2953/2953/2953 2950/2950/2950 2952/2952/2952
f 2951/2951/2951 2954/2954/2954 2948/2948/2948
f 2951/2951/2951 2955/2955/2955 2954/2954/2954
f 2947/2947/2947 2948/2948/2948 2956/2956/2956
f 2952/2952/2952 2947/2947/2947 2956/2956/2956
f 2948/2948/2948 2954/2954/2954 2956/2956/2956
f 2957/2957/2957 2952/2952/2952 2956/2956/2956
f 2953/2953/2953 2952/2952/2952 2957/2957/2957
f 2954/2954/2954 2958/2958/2958 2956/2956/2956
f 2955/2955/2955 2958/2958/2958 2954/2954/2954
f 2959/2959/2959 2953/2953/2953 2957/2957/2957
f 2955/2955/2955 2960/2960/2960 2958/2958/2958
f 2959/2959/2959 2957/2957/2957 2961/2961/2961
f 2961/2961/2961 2957/2957/2957 2956/2956/2956
f 2962/2962/2962 2959/2959/2959 2961/2961/2961
f 2960/2960/2960 2963/2963/2963 2958/2958/2958
f 2958/2958/2958 2963/2963/2963 2956/2956/2956
f 2960/2960/2960 2964/2964/2964 2963/2963/2963
f 2962/2962/2962 2961/2961/2961 2965/2965/2965
f 2965/2965/2965 2961/2961/2961 2956/2956/2956
f 2966/2966/2966 2962/2962/2962 2965/2965/2965
f 2964/2964/2964 2967/2967/2967 2963/2963/2963
f 2963/2963/2963 2967/2967/2967 2956/2956/2956
f 2964/2964/2964 2968/2968/2968 2967/2967/2967
f 2966/2966/2966 2965/2965/2965 2969/2969/2969
f 2969/2969/2969 2965/2965/2965 2956/2956/2956
f 2970/2970/2970 2966/2966/2966 2969/2969/2969
f 2968/2968/2968 2971/2971/2971 2967/2967/2967
f 2967/2967/2967 2971/2971/2971 2956/2956/2956
f 2971/2971/2971 2969/2969/2969 2956/2956/2956
f 2970/2970/2970 2969/2969/2969 2971/2971/2971
f 2968/2968/2968 2970/2970/2970 2971/2971/2971
f 2974/2974/2974 2973/2973/2973 2972/2972/2972
f 2975/2975/2975 2974/2974/2974 2972/2972/2972
f 2972/2972/2972 2973/2973/2973 2976/2976/2976
f 2977/2977/2977 2974/2974/2974 2975/2975/2975
f 2978/2978/2978 2977/2977/2977 2975/2975/2975
f 2973/2973/2973 2979/2979/2979 2976/2976/2976
f 2976/2976/2976 2979/2979/2979 2980/2980/2980
f 2974/2974/2974 2981/2981/2981 2973/2973/2973
f 2977/2977/2977 2981/2981/2981 2974/2974/2974
f 2973/2973/2973 2981/2981/2981 2979/2979/2979
f 2982/2982/2982 2981/2981/2981 2977/2977/2977
f 2982/2982/2982 2977/2977/2977 2978/2978/2978
f 2979/2979/2979 2981/2981/2981 2983/2983/2983
f 2979/2979/2979 2983/2983/2983 2980/2980/2980
f 2984/2984/2984 2982/2982/2982 2978/2978/2978
f 2980/2980/2980 2983/2983/2983 2985/2985/2985
f 2986/2986/2986 2982/2982/2982 2984/2984/2984
f 2986/2986/2986 2981/2981/2981 2982/2982/2982
f 2987/2987/2987 2986/2986/2986 2984/2984/2984
f 2983/2983/2983 2988/2988/2988 2985/2985/2985
f 2983/2983/2983 2981/2981/2981 2988/2988/2988
f 2985/2985/2985 2988/2988/2988 2989/2989/2989
f 2990/2990/2990 2986/2986/2986 2987/2987/2987
f 2990/2990/2990 2981/2981/2981 2986/2986/2986
f 2991/2991/2991 2990/2990/2990 2987/2987/2987
f 2988/2988/2988 2992/2992/2992 2989/2989/2989
f 2988/2988/2988 2981/2981/2981 2992/2992/2992
f 2989/2989/2989 2992/2992/2992 2993/2993/2993
f 2994/2994/2994 2990/2990/2990 2991/2991/2991
f 2994/2994/2994 2981/2981/2981 2990/2990/2990
f 2995/2995/2995 2994/2994/2994 2991/2991/2991
f 2993/2993/2993 2996/2996/2996 2995/2995/2995
f 2992/2992/2992 2996/2996/2996 2993/2993/2993
f 2992/2992/2992 2981/2981/2981 2996/2996/2996
f 2996/2996/2996 2994/2994/2994 2995/2995/2995
f 2996/2996/2996 2981/2981/2981 2994/2994/2994
f 2999/2999/2999 2998/2998/2998 2997/2997/2997
f 3000/3000/3000 2999/2999/2999 2997/2997/2997
f 2999/2999/2999 3001/3001/3001 2998/2998/2998
f 3000/3000/3000 2997/2997/2997 3002/3002/3002
f 3003/3003/3003 3000/3000/3000 3002/3002/3002
f 3001/3001/3001 3004/3004/3004 2998/2998/2998
f 3001/3001/3001 3005/3005/3005 3004/3004/3004
f 2997/2997/2997 2998/2998/2998 3006/3006/3006
f 3002/3002/3002 2997/2997/2997 3006/3006/3006
f 2998/2998/2998 3004/3004/3004 3006/3006/3006
f 3007/3007/3007 3002/3002/3002 3006/3006/3006
f 3003/3003/3003 3002/3002/3002 3007/3007/3007
f 3004/3004/3004 3008/3008/3008 3006/3006/3006
f 3005/3005/3005 3008/3008/3008 3004/3004/3004
f 3009/3009/3009 3003/3003/3003 3007/3007/3007
f 3005/3005/3005 3010/3010/3010 3008/3008/3008
f 3009/3009/3009 3007/3007/3007 3011/3011/3011
f 3011/3011/3011 3007/3007/3007 3006/3006/3006
f 3012/3012/3012 3009/3009/3009 3011/3011/3011
f 3010/3010/3010 3013/3013/3013 3008/3008/3008
f 3008/3008/3008 3013/3013/3013 3006/3006/3006
f 3010/3010/3010 3014/3014/3014 3013/3013/3013
f 3012/3012/3012 3011/3011/3011 3015/3015/3015
f 3015/3015/3015 3011/3011/3011 3006/3006/3006
f 3016/3016/3016 3012/3012/3012 3015/3015/3015
f 3014/3014/3014 3017/3017/3017 3013/3013/3013
f 3013/3013/3013 3017/3017/3017 3006/3006/3006
f 3014/3014/3014 3018/3018/3018 3017/3017/3017
f 3016/3016/3016 3015/3015/3015 3019/3019/3019
f 3019/3019/3019 3015/3015/3015 3006/3006/3006
f 3020/3020/3020 3016/3016/3016 3019/3019/3019
f 3018/3018/3018 3021/3021/3021 3017/3017/3017
f 3017/3017/3017 3021/3021/3021 3006/3006/3006
f 3021/3021/3021 3019/3019/3019 3006/3006/3006
f 3020/3020/3020 3019/3019/3019 3021/3021/3021
f 3018/3018/3018 3020/3020/3020 3021/3021/3021
f 3024/3024/3024 3023/3023/3023 3022/3022/3022
f 3025/3025/3025 3024/3024/3024 3022/3022/3022
f 3022/3022/3022 3023/3023/3023 3026/3026/3026
f 3027/3027/3027 3024/3024/3024 3025/3025/3025
f 3028/3028/3028 3027/3027/3027 3025/3025/3025
f 3023/3023/3023 3029/3029/3029 3026/3026/3026
f 3026/3026/3026 3029/3029/3029 3030/3030/3030
f 3024/3024/3024 3031/3031/3031 3023/3023/3023
f 3027/3027/3027 3031/3031/3031 3024/3024/3024
f 3023/3023/3023 3031/3031/3031 3029/3029/3029
f 3032/3032/3032 3031/3031/3031 3027/3027/3027
f 3032/3032/3032 3027/3027/3027 3028/3028/3028
f 3029/3029/3029 3031/3031/3031 3033/3033/3033
f 3029/3029/3029 3033/3033/3033 3030/3030/3030
f 3034/3034/3034 3032/3032/3032 3028/3028/3028
f 3030/3030/3030 3033/3033/3033 3035/3035/3035
f 3036/3036/3036 3032/3032/3032 3034/3034/3034
f 3036/3036/3036 3031/3031/3031 3032/3032/3032
f 3037/3037/3037 3036/3036/3036 3034/3034/3034
f 3033/3033/3033 3038/3038/3038 3035/3035/3035
f 3033/3033/3033 3031/3031/3031 3038/3038/3038
f 3035/3035/3035 3038/3038/3038 3039/3039/3039
f 3040/3040/3040 3036/3036/3036 3037/3037/3037
f 3040/3040/3040 3031/3031/3031 3036/3036/3036
f 3041/3041/3041 3040/3040/3040 3037/3037/3037
f 3038/3038/3038 3042/3042/3042 3039/3039/3039
f 3038/3038/3038 3031/3031/3031 3042/3042/3042
f 3039/3039/3039 3042/3042/3042 3043/3043/3043
f 3044/3044/3044 3040/3040/3040 3041/3041/3041
f 3044/3044/3044 3031/3031/3031 3040/3040/3040
f 3045/3045/3045 3044/3044/3044 3041/3041/3041
f 3043/3043/3043 3046/3046/3046 3045/3045/3045
f 3042/3042/3042 3046/3046/3046 3043/3043/3043
f 3042/3042/3042 3031/3031/3031 3046/3046/3046
f 3046/3046/3046 3044/3044/3044 3045/3045/3045
f 3046/3046/3046 3031/3031/3031 3044/3044/3044
f 3049/3049/3049 3048/3048/3048 3047/3047/3047
f 3050/3050/3050 3049/3049/3049 3047/3047/3047
f 3049/3049/3049 3051/3051/3051 3048/3048/3048
f 3050/3050/3050 3047/3047/3047 3052/3052/3052
f 3053/3053/3053 3050/3050/3050 3052/3052/3052
f 3051/3051/3051 3054/3054/3054 3048/3048/3048
f 3051/3051/3051 3055/3055/3055 3054/3054/3054
f 3047/3047/3047 3048/3048/3048 3056/3056/3056
f 3052/3052/3052 3047/3047/3047 3056/3056/3056
f 3048/3048/3048 3054/3054/3054 3056/3056/3056
f 3057/3057/3057 3052/3052/3052 3056/3056/3056
f 3053/3053/3053 3052/3052/3052 3057/3057/3057
f 3054/3054/3054 3058/3058/3058 3056/3056/3056
f 3055/3055/3055 3058/3058/3058 3054/3054/3054
f 3059/3059/3059 3053/3053/3053 3057/3057/3057
f 3055/3055/3055 3060/3060/3060 3058/3058/3058
f 3059/3059/3059 3057/3057/3057 3061/3061/3061
f 3061/3061/3061 3057/3057/3057 3056/3056/3056
f 3062/3062/3062 3059/3059/3059 3061/3061/3061
f 3060/3060/3060 3063/3063/3063 3058/3058/3058
f 3058/3058/3058 3063/3063/3063 3056/3056/3056
f 3060/3060/3060 3064/3064/3064 3063/3063/3063
f 3062/3062/3062 3061/3061/3061 3065/3065/3065
f 3065/3065/3065 3061/3061/3061 3056/3056/3056
f 3066/3066/3066 3062/3062/3062 3065/3065/3065
f 3064/3064/3064 3067/3067/3067 3063/3063/3063
f 3063/3063/3063 3067/3067/3067 3056/3056/3056
f 3064/3064/3064 3068/3068/3068 3067/3067/3067
f 3066/3066/3066 3065/3065/3065 3069/3069/3069
f 3069/3069/3069 3065/3065/3065 3056/3056/3056
f 3070/3070/3070 3066/3066/3066 3069/3069/3069
f 3068/3068/3068 3071/3071/3071 3067/3067/3067
f 3067/3067/3067 3071/3071/3071 3056/3056/3056
f 3071/3071/3071 3069/3069/3069 3056/3056/3056
f 3070/3070/3070 3069/3069/3069 3071/3071/3071
f 3068/3068/3068 3070/3070/3070 3071/3071/3071
f 3074/3074/3074 3073/3073/3073 3072/3072/3072
f 3075/3075/3075 3074/3074/3074 3072/3072/3072
f 3072/3072/3072 3073/3073/3073 3076/3076/3076
f 3077/3077/3077 3074/3074/3074 3075/3075/3075
f 3078/3078/3078 3077/3077/3077 3075/3075/3075
f 3073/3073/3073 3079/3079/3079 3076/3076/3076
f 3076/3076/3076 3079/3079/3079 3080/3080/3080
f 3074/3074/3074 3081/3081/3081 3073/3073/3073
f 3077/3077/3077 3081/3081/3081 3074/3074/3074
f 3073/3073/3073 3081/3081/3081 3079/3079/3079
f 3082/3082/3082 3081/3081/3081 3077/3077/3077
f 3082/3082/3082 3077/3077/3077 3078/3078/3078
f 3079/3079/3079 3081/3081/3081 3083/3083/3083
f 3079/3079/3079 3083/3083/3083 3080/3080/3080
f 3084/3084/3084 3082/3082/3082 3078/3078/3078
f 3080/3080/3080 3083/3083/3083 3085/3085/3085
f 3086/3086/3086 3082/3082/3082 3084/3084/3084
f 3086/3086/3086 3081/3081/3081 3082/3082/3082
f 3087/3087/3087 3086/3086/3086 3084/3084/3084
f 3083/3083/3083 3088/3088/3088 3085/3085/3085
f 3083/3083/3083 3081/3081/3081 3088/3088/3088
f 3085/3085/3085 3088/3088/3088 3089/3089/3089
f 3090/3090/3090 3086/3086/3086 3087/3087/3087
f 3090/3090/3090 3081/3081/3081 3086/3086/3086
f 3091/3091/3091 3090/3090/3090 3087/3087/3087
f 3088/3088/3088 3092/3092/3092 3089/3089/3089
f 3088/3088/3088 3081/3081/3081 3092/3092/3092
f 3089/3089/3089 3092/3092/3092 3093/3093/3093
f 3094/3094/3094 3090/3090/3090 3091/3091/3091
f 3094/3094/3094 3081/3081/3081 3090/3090/3090
f 3095/3095/3095 3094/3094/3094 3091/3091/3091
f 3093/3093/3093 3096/3096/3096 3095/3095/3095
f 3092/3092/3092 3096/3096/3096 3093/3093/3093
f 3092/3092/3092 3081/3081/3081 3096/3096/3096
f 3096/3096/3096 3094/3094/3094 3095/3095/3095
f 3096/3096/3096 3081/3081/3081 3094/3094/3094
f 3099/3099/3099 3098/3098/3098 3097/3097/3097
f 3100/3100/3100 3099/3099/3099 3097/3097/3097
f 3097/3097/3097 3098/3098/3098 3101/3101/3101
f 3102/3102/3102 3099/3099/3099 3100/3100/3100
f 3098/3098/3098 3103/3103/3103 3101/3101/3101
f 3104/3104/3104 3102/3102/3102 3100/3100/3100
f 3101/3101/3101 3103/3103/3103 3105/3105/3105
f 3106/3106/3106 3102/3102/3102 3104/3104/3104
f 3103/3103/3103 3107/3107/3107 3105/3105/3105
f 3108/3108/3108 3106/3106/3106 3104/3104/3104
f 3105/3105/3105 3107/3107/3107 3109/3109/3109
f 3110/3110/3110 3106/3106/3106 3108/3108/3108
f 3107/3107/3107 3111/3111/3111 3109/3109/3109
f 3112/3112/3112 3110/3110/3110 3108/3108/3108
f 3109/3109/3109 3111/3111/3111 3113/3113/3113
f 3114/3114/3114 3110/3110/3110 3112/3112/3112
f 3111/3111/3111 3115/3115/3115 3113/3113/3113
f 3116/3116/3116 3114/3114/3114 3112/3112/3112
f 3113/3113/3113 3115/3115/3115 3117/3117/3117
f 3118/3118/3118 3114/3114/3114 3116/3116/3116
f 3115/3115/3115 3119/3119/3119 3117/3117/3117
f 3120/3120/3120 3118/3118/3118 3116/3116/3116
f 3117/3117/3117 3119/3119/3119 3120/3120/3120
f 3119/3119/3119 3118/3118/3118 3120/3120/3120
f 3123/3123/3123 3122/3122/3122 3121/3121/3121
f 3124/3124/3124 3123/3123/3123 3121/3121/3121
f 3121/3121/3121 3122/3122/3122 3125/3125/3125
f 3126/3126/3126 3123/3123/3123 3124/3124/3124
f 3122/3122/3122 3127/3127/3127 3125/3125/3125
f 3128/3128/3128 3126/3126/3126 3124/3124/3124
f 3125/3125/3125 3127/3127/3127 3129/3129/3129
f 3130/3130/3130 3126/3126/3126 3128/3128/3128
f 3127/3127/3127 3131/3131/3131 3129/3129/3129
f 3132/3132/3132 3130/3130/3130 3128/3128/3128
f 3129/3129/3129 3131/3131/3131 3133/3133/3133
f 3134/3134/3134 3130/3130/3130 3132/3132/3132
f 3131/3131/3131 3135/3135/3135 3133/3133/3133
f 3136/3136/3136 3134/3134/3134 3132/3132/3132
f 3133/3133/3133 3135/3135/3135 3137/3137/3137
f 3138/3138/3138 3134/3134/3134 3136/3136/3136
f 3135/3135/3135 3139/3139/3139 3137/3137/3137
f 3140/3140/3140 3138/3138/3138 3136/3136/3136
f 3137/3137/3137 3139/3139/3139 3141/3141/3141
f 3142/3142/3142 3138/3138/3138 3140/3140/3140
f 3139/3139/3139 3143/3143/3143 3141/3141/3141
f 3144/3144/3144 3142/3142/3142 3140/3140/3140
f 3141/3141/3141 3143/3143/3143 3144/3144/3144
f 3143/3143/3143 3142/3142/3142 3144/3144/3144
f 3147/3147/3147 3146/3146/3146 3145/3145/3145
f 3148/3148/3148 3147/3147/3147 3145/3145/3145
f 3145/3145/3145 3146/3146/3146 3149/3149/3149
f 3150/3150/3150 3147/3147/3147 3148/3148/3148
f 3146/3146/3146 3151/3151/3151 3149/3149/3149
f 3152/3152/3152 3150/3150/3150 3148/3148/3148
f 3149/3149/3149 3151/3151/3151 3153/3153/3153
f 3154/3154/3154 3150/3150/3150 3152/3152/3152
f 3151/3151/3151 3155/3155/3155 3153/3153/3153
f 3156/3156/3156 3154/3154/3154 3152/3152/3152
f 3153/3153/3153 3155/3155/3155 3157/3157/3157
f 3158/3158/3158 3154/3154/3154 3156/3156/3156
f 3155/3155/3155 3159/3159/3159 3157/3157/3157
f 3160/3160/3160 3158/3158/3158 3156/3156/3156
f 3157/3157/3157 3159/3159/3159 3161/3161/3161
f 3162/3162/3162 3158/3158/3158 3160/3160/3160
f 3159/3159/3159 3163/3163/3163 3161/3161/3161
f 3164/3164/3164 3162/3162/3162 3160/3160/3160
f 3161/3161/3161 3163/3163/3163 3165/3165/3165
f 3166/3166/3166 3162/3162/3162 3164/3164/3164
f 3163/3163/3163 3167/3167/3167 3165/3165/3165
f 3168/3168/3168 3166/3166/3166 3164/3164/3164
f 3165/3165/3165 3167/3167/3167 3168/3168/3168
f 3167/3167/3167 3166/3166/3166 3168/3168/3168
f 3171/3171/3171 3170/3170/3170 3169/3169/3169
f 3172/3172/3172 3171/3171/3171 3169/3169/3169
f 3169/3169/3169 3170/3170/3170 3173/3173/3173
f 3174/3174/3174 3171/3171/3171 3172/3172/3172
f 3170/3170/3170 3175/3175/3175 3173/3173/3173
f 3176/3176/3176 3174/3174/3174 3172/3172/3172
f 3173/3173/3173 3175/3175/3175 3177/3177/3177
f 3178/3178/3178 3174/3174/3174 3176/3176/3176
f 3175/3175/3175 3179/3179/3179 3177/3177/3177
f 3180/3180/3180 3178/3178/3178 3176/3176/3176
f 3177/3177/3177 3179/3179/3179 3181/3181/3181
f 3182/3182/3182 3178/3178/3178 3180/3180/3180
f 3179/3179/3179 3183/3183/3183 3181/3181/3181
f 3184/3184/3184 3182/3182/3182 3180/3180/3180
f 3181/3181/3181 3183/3183/3183 3185/3185/3185
f 3186/3186/3186 3182/3182/3182 3184/3184/3184
f 3183/3183/3183 3187/3187/3187 3185/3185/3185
f 3188/3188/3188 3186/3186/3186 3184/3184/3184
f 3185/3185/3185 3187/3187/3187 3189/3189/3189
f 3190/3190/3190 3186/3186/3186 3188/3188/3188
f 3187/3187/3187 3191/3191/3191 3189/3189/3189
f 3192/3192/3192 3190/3190/3190 3188/3188/3188
f 3189/3189/3189 3191/3191/3191 3192/3192/3192
f 3191/3191/3191 3190/3190/3190 3192/3192/3192
f 3195/3195/3195 3194/3194/3194 3193/3193/3193
f 3196/3196/3196 3195/3195/3195 3193/3193/3193
f 3193/3193/3193 3194/3194/3194 3197/3197/3197
f 3198/3198/3198 3195/3195/3195 3196/3196/3196
f 3194/3194/3194 3199/3199/3199 3197/3197/3197
f 3200/3200/3200 3198/3198/3198 3196/3196/3196
f 3197/3197/3197 3199/3199/3199 3201/3201/3201
f 3202/3202/3202 3198/3198/3198 3200/3200/3200
f 3199/3199/3199 3203/3203/3203 3201/3201/3201
f 3204/3204/3204 3202/3202/3202 3200/3200/3200
f 3201/3201/3201 3203/3203/3203 3205/3205/3205
f 3206/3206/3206 3202/3202/3202 3204/3204/3204
f 3203/3203/3203 3207/3207/3207 3205/3205/3205
f 3208/3208/3208 3206/3206/3206 3204/3204/3204
f 3205/3205/3205 3207/3207/3207 3209/3209/3209
f 3210/3210/3210 3206/3206/3206 3208/3208/3208
f 3207/3207/3207 3211/3211/3211 3209/3209/3209
f 3212/3212/3212 3210/3210/3210 3208/3208/3208
f 3209/3209/3209 3211/3211/3211 3213/3213/3213
f 3214/3214/3214 3210/3210/3210 3212/3212/3212
f 3211/3211/3211 3215/3215/3215 3213/3213/3213
f 3216/3216/3216 3214/3214/3214 3212/3212/3212
f 3213/3213/3213 3215/3215/3215 3216/3216/3216
f 3215/3215/3215 3214/3214/3214 3216/3216/3216
f 3219/3219/3219 3218/3218/3218 3217/3217/3217
f 3220/3220/3220 3219/3219/3219 3217/3217/3217
f 3217/3217/3217 3218/3218/3218 3221/3221/3221
f 3222/3222/3222 3219/3219/3219 3220/3220/3220
f 3218/3218/3218 3223/3223/3223 3221/3221/3221
f 3224/3224/3224 3222/3222/3222 3220/3220/3220
f 3221/3221/3221 3223/3223/3223 3225/3225/3225
f 3226/3226/3226 3222/3222/3222 3224/3224/3224
f 3223/3223/3223 3227/3227/3227 3225/3225/3225
f 3228/3228/3228 3226/3226/3226 3224/3224/3224
f 3225/3225/3225 3227/3227/3227 3229/3229/3229
f 3230/3230/3230 3226/3226/3226 3228/3228/3228
f 3227/3227/3227 3231/3231/3231 3229/3229/3229
f 3232/3232/3232 3230/3230/3230 3228/3228/3228
f 3229/3229/3229 3231/3231/3231 3233/3233/3233
f 3234/3234/3234 3230/3230/3230 3232/3232/3232
f 3231/3231/3231 3235/3235/3235 3233/3233/3233
f 3236/3236/3236 3234/3234/3234 3232/3232/3232
f 3233/3233/3233 3235/3235/3235 3237/3237/3237
f 3238/3238/3238 3234/3234/3234 3236/3236/3236
f 3235/3235/3235 3239/3239/3239 3237/3237/3237
f 3240/3240/3240 3238/3238/3238 3236/3236/3236
f 3237/3237/3237 3239/3239/3239 3240/3240/3240
f 3239/3239/3239 3238/3238/3238 3240/3240/3240
f 3243/3243/3243 3242/3242/3242 3241/3241/3241
f 3244/3244/3244 3243/3243/3243 3241/3241/3241
f 3241/3241/3241 3242/3242/3242 3245/3245/3245
f 3246/3246/3246 3243/3243/3243 3244/3244/3244
f 3242/3242/3242 3247/3247/3247 3245/3245/3245
f 3248/3248/3248 3246/3246/3246 3244/3244/3244
f 3245/3245/3245 3247/3247/3247 3249/3249/3249
f 3250/3250/3250 3246/3246/3246 3248/3248/3248
f 3247/3247/3247 3251/3251/3251 3249/3249/3249
f 3252/3252/3252 3250/3250/3250 3248/3248/3248
f 3249/3249/3249 3251/3251/3251 3253/3253/3253
f 3254/3254/3254 3250/3250/3250 3252/3252/3252
f 3251/3251/3251 3255/3255/3255 3253/3253/3253
f 3256/3256/3256 3254/3254/3254 3252/3252/3252
f 3253/3253/3253 3255/3255/3255 3257/3257/3257
f 3258/3258/3258 3254/3254/3254 3256/3256/3256
f 3255/3255/3255 3259/3259/3259 3257/3257/3257
f 3260/3260/3260 3258/3258/3258 3256/3256/3256
f 3257/3257/3257 3259/3259/3259 3261/3261/3261
f 3262/3262/3262 3258/3258/3258 3260/3260/3260
f 3259/3259/3259 3263/3263/3263 3261/3261/3261
f 3264/3264/3264 3262/3262/3262 3260/3260/3260
f 3261/3261/3261 3263/3263/3263 3264/3264/3264
f 3263/3263/3263 3262/3262/3262 3264/3264/3264
f 3267/3267/3267 3266/3266/3266 3265/3265/3265
f 3268/3268/3268 3267/3267/3267 3265/3265/3265
f 3265/3265/3265 3266/3266/3266 3269/3269/3269
f 3270/3270/3270 3267/3267/3267 3268/3268/3268
f 3266/3266/3266 3271/3271/3271 3269/3269/3269
f 3272/3272/3272 3270/3270/3270 3268/3268/3268
f 3269/3269/3269 3271/3271/3271 3273/3273/3273
f 3274/3274/3274 3270/3270/3270 3272/3272/3272
f 3271/3271/3271 3275/3275/3275 3273/3273/3273
f 3276/3276/3276 3274/3274/3274 3272/3272/3272
f 3273/3273/3273 3275/3275/3275 3277/3277/3277
f 3278/3278/3278 3274/3274/3274 3276/3276/3276
f 3275/3275/3275 3279/3279/3279 3277/3277/3277
f 3280/3280/3280 3278/3278/3278 3276/3276/3276
f 3277/3277/3277 3279/3279/3279 3281/3281/3281
f 3282/3282/3282 3278/3278/3278 3280/3280/3280
f 3279/3279/3279 3283/3283/3283 3281/3281/3281
f 3284/3284/3284 3282/3282/3282 3280/3280/3280
f 3281/3281/3281 3283/3283/3283 3285/3285/3285
f 3286/3286/3286 3282/3282/3282 3284/3284/3284
f 3283/3283/3283 3287/3287/3287 3285/3285/3285
f 3288/3288/3288 3286/3286/3286 3284/3284/3284
f 3285/3285/3285 3287/3287/3287 3288/3288/3288
f 3287/3287/3287 3286/3286/3286 3288/3288/3288
